"Block","Tracked_x","Tracked_y","Mouse_x","Mouse_y"
0,974,558,960,541
0,995,581,960,541
0,1003,566,960,541
0,1012,537,960,541
0,975,559,960,541
0,981,570,960,541
0,964,562,960,541
0,946,576,960,541
0,975,607,960,541
0,993,624,960,541
0,1011,586,960,541
0,984,599,960,541
0,961,596,960,541
0,980,618,960,541
0,969,594,960,541
0,986,618,959,543
0,978,614,959,549
0,991,618,959,556
0,959,630,958,560
0,941,580,958,566
0,946,584,958,576
0,957,598,963,590
0,957,607,970,606
0,945,591,981,632
0,959,588,981,644
0,949,597,981,663
0,926,608,977,670
0,924,611,964,672
0,917,621,961,666
0,911,631,956,655
0,914,626,956,644
0,929,623,956,635
0,920,623,956,630
0,906,623,948,633
0,905,621,932,641
0,899,599,913,651
0,912,588,897,659
0,925,595,882,670
0,889,609,881,670
0,885,608,881,670
0,877,605,878,632
0,870,618,876,601
0,849,614,878,584
0,843,622,878,583
0,851,639,878,583
0,843,625,867,569
0,840,625,865,569
0,834,646,855,570
0,840,669,828,580
0,851,673,810,589
0,823,702,800,601
0,820,691,788,625
0,836,725,784,652
0,842,702,787,672
0,872,713,802,695
0,895,720,812,705
0,903,721,820,716
0,908,702,831,734
0,900,691,857,763
0,894,675,881,781
0,884,685,915,790
0,863,687,943,781
0,860,705,953,750
0,869,720,952,719
0,882,712,943,706
0,874,691,918,696
0,876,707,889,689
0,901,696,864,690
0,907,696,863,691
0,917,726,863,692
0,935,756,863,692
0,932,776,863,692
0,926,771,864,692
0,917,770,865,692
0,924,762,868,691
0,935,741,883,686
0,947,742,886,685
0,958,765,886,685
0,953,762,886,685
0,930,755,887,691
0,964,788,902,707
0,970,767,918,726
0,983,780,933,737
0,976,796,949,747
0,972,797,963,761
0,965,793,970,766
0,998,782,979,771
0,999,778,995,776
0,1007,740,1016,786
0,970,733,1022,789
0,963,744,1025,794
0,956,771,1029,803
0,962,787,1031,805
0,943,781,1032,806
0,935,769,1032,806
0,933,747,1027,789
0,940,723,1015,774
0,942,718,996,767
0,937,744,992,767
0,936,764,982,763
0,925,778,923,731
0,935,791,881,702
0,938,780,848,671
0,935,783,830,650
0,962,791,830,650
0,972,766,830,650
0,989,755,836,658
0,992,781,851,676
0,977,819,875,696
0,988,829,906,719
0,1004,819,933,734
0,1010,816,964,738
0,1026,820,997,736
0,1010,849,1003,735
0,1020,824,1003,735
0,1028,848,1003,735
0,990,838,1003,735
0,967,824,1011,765
0,954,800,1029,784
0,975,804,1030,787
0,989,815,1031,789
0,1013,823,1032,789
0,1044,808,1026,786
0,1068,825,1008,767
0,1074,814,998,759
0,1083,836,997,761
0,1082,849,995,765
0,1063,851,997,773
0,1066,842,1006,780
0,1041,843,1036,795
0,1042,850,1075,795
0,1038,854,1102,798
0,1075,828,1126,805
0,1088,794,1132,814
0,1105,782,1138,822
0,1131,761,1138,823
0,1139,774,1138,823
0,1135,778,1131,824
0,1113,787,1129,824
0,1116,801,1129,823
0,1105,814,1133,799
0,1129,810,1141,772
0,1129,798,1150,738
0,1135,780,1151,704
0,1161,786,1151,698
0,1145,759,1151,698
0,1155,766,1149,698
0,1162,779,1138,714
0,1156,797,1137,717
0,1164,806,1135,722
0,1179,800,1135,722
0,1193,770,1135,723
0,1188,757,1135,723
0,1173,783,1135,723
0,1196,803,1135,723
0,1194,834,1135,723
0,1208,834,1135,723
0,1224,850,1137,723
0,1241,863,1138,722
0,1230,848,1138,722
0,1233,834,1140,722
0,1237,823,1158,736
0,1240,835,1205,775
0,1229,870,1227,801
0,1225,879,1247,827
0,1216,884,1259,840
0,1217,872,1263,847
0,1215,881,1264,851
0,1229,861,1265,852
0,1212,853,1267,854
0,1207,836,1271,860
0,1208,833,1271,860
0,1236,797,1271,867
0,1212,821,1269,870
0,1215,814,1263,878
0,1237,813,1257,879
0,1264,831,1250,874
0,1213,817,1242,850
0,1227,809,1236,835
0,1198,814,1232,825
0,1161,812,1227,812
0,1184,803,1226,798
0,1210,839,1226,795
0,1220,806,1228,793
0,1221,833,1232,794
0,1244,837,1235,796
0,1244,811,1235,796
0,1244,817,1235,796
0,1262,813,1221,801
0,1277,844,1213,808
0,1272,866,1210,814
0,1280,855,1208,819
0,1305,814,1208,820
0,1326,810,1208,821
0,1349,799,1208,821
0,1361,816,1208,821
0,1373,828,1208,821
0,1366,823,1213,824
0,1393,836,1221,825
0,1389,803,1242,826
0,1401,808,1306,825
0,1380,848,1369,825
0,1387,858,1400,820
0,1381,832,1416,817
0,1382,841,1434,803
0,1393,831,1446,791
0,1386,813,1448,786
0,1377,799,1448,785
0,1385,785,1448,784
0,1366,785,1440,779
0,1359,796,1440,779
0,1360,795,1433,779
0,1359,800,1433,779
0,1401,799,1433,779
0,1386,791,1429,778
0,1365,789,1425,777
0,1374,802,1413,770
0,1329,808,1410,767
0,1344,810,1399,765
0,1340,789,1398,765
0,1329,778,1398,765
0,1345,759,1398,765
0,1350,752,1378,765
0,1350,767,1356,767
0,1382,757,1344,767
0,1359,774,1332,767
0,1345,775,1316,767
0,1369,763,1311,766
0,1368,735,1306,763
0,1355,744,1303,758
0,1342,723,1302,753
0,1324,724,1302,752
0,1326,740,1302,752
0,1317,725,1302,752
0,1332,741,1305,748
0,1333,725,1315,741
0,1332,725,1316,738
0,1312,731,1317,731
0,1318,728,1314,719
0,1316,714,1305,700
0,1326,726,1296,676
0,1312,724,1292,670
0,1312,740,1291,669
0,1319,706,1291,669
0,1304,696,1291,669
0,1329,693,1291,669
0,1327,674,1291,669
0,1328,664,1291,669
0,1330,655,1291,669
0,1351,679,1291,669
0,1360,690,1289,661
0,1358,689,1286,652
0,1392,685,1286,642
0,1381,677,1289,627
0,1383,667,1290,608
0,1407,660,1293,596
0,1378,666,1297,600
0,1395,655,1305,609
0,1383,638,1321,621
0,1407,652,1368,631
0,1397,679,1527,661
0,1381,689,1529,661
0,1380,700,1529,658
0,1347,707,1522,645
0,1346,712,1521,637
0,1337,730,1514,623
0,1334,731,1511,618
0,1321,724,1506,616
0,1327,721,1476,622
0,1301,719,1452,631
0,1280,722,1411,649
0,1283,718,1384,661
0,1296,732,1355,671
0,1314,713,1351,670
0,1321,731,1347,663
0,1320,733,1345,661
0,1327,709,1345,661
0,1311,686,1345,661
0,1338,671,1345,661
0,1326,683,1345,661
0,1352,687,1345,661
0,1350,690,1345,661
0,1345,704,1345,661
0,1353,681,1345,661
0,1339,702,1342,648
0,1344,716,1341,640
0,1335,725,1341,635
0,1319,718,1341,635
0,1303,714,1341,635
0,1315,690,1341,635
0,1321,679,1341,635
0,1315,675,1336,637
0,1317,649,1336,640
0,1328,676,1334,643
0,1307,667,1333,644
0,1299,673,1333,644
0,1301,691,1328,645
0,1281,685,1317,646
0,1275,685,1315,646
0,1298,660,1308,644
0,1326,658,1305,639
0,1339,613,1299,633
0,1340,615,1287,623
0,1357,587,1283,620
0,1346,570,1274,617
0,1313,562,1263,616
0,1304,561,1260,616
0,1314,520,1261,611
0,1316,523,1269,599
0,1300,533,1276,591
0,1281,551,1279,588
0,1293,563,1280,583
0,1264,585,1280,562
0,1269,584,1285,534
0,1254,612,1291,501
0,1275,599,1293,494
0,1258,592,1293,494
0,1247,594,1287,498
0,1245,623,1278,511
0,1244,643,1276,520
0,1254,647,1272,532
0,1251,623,1270,546
0,1267,623,1270,551
0,1305,617,1270,552
0,1295,608,1270,553
0,1282,629,1263,562
0,1292,607,1254,570
0,1281,632,1244,581
0,1289,630,1238,595
0,1304,618,1237,604
0,1311,613,1243,604
0,1293,633,1253,602
0,1315,604,1257,600
0,1311,608,1258,597
0,1314,613,1265,588
0,1312,603,1266,586
0,1309,585,1266,586
0,1311,579,1266,586
0,1314,570,1266,586
0,1282,576,1266,586
0,1273,580,1266,586
0,1304,568,1268,582
0,1303,553,1283,569
0,1321,556,1295,556
0,1317,545,1300,542
0,1328,549,1299,530
0,1354,562,1294,515
0,1362,579,1293,506
0,1379,594,1293,503
0,1377,621,1295,498
0,1337,675,1301,492
0,1353,663,1306,487
0,1351,676,1306,485
0,1335,673,1307,485
0,1322,676,1312,497
0,1360,665,1314,511
0,1370,689,1314,537
0,1372,685,1311,571
0,1353,679,1311,591
0,1339,706,1311,621
0,1345,717,1308,653
0,1341,712,1308,659
0,1340,693,1308,661
0,1345,701,1319,664
0,1364,728,1323,664
0,1355,690,1323,664
0,1351,702,1323,664
0,1333,704,1333,668
0,1319,703,1333,668
0,1302,730,1334,655
0,1303,718,1335,628
0,1308,727,1335,610
0,1324,709,1334,602
0,1319,724,1329,591
0,1324,710,1320,588
0,1356,730,1309,589
0,1330,721,1306,593
0,1355,733,1306,597
0,1332,766,1306,603
0,1358,793,1310,612
0,1364,784,1314,629
0,1362,786,1314,643
0,1362,784,1314,653
0,1390,779,1309,671
0,1386,774,1309,677
0,1397,802,1310,686
0,1384,805,1318,691
0,1405,802,1321,692
0,1408,816,1322,692
0,1367,839,1325,694
0,1402,833,1334,704
0,1408,819,1345,709
0,1402,849,1347,710
0,1405,862,1351,712
0,1382,844,1351,713
0,1380,886,1352,727
0,1369,873,1352,738
0,1365,879,1352,754
0,1364,896,1351,766
0,1355,896,1348,780
0,1377,914,1345,794
0,1347,922,1340,822
0,1350,924,1336,845
0,1339,925,1335,870
0,1360,898,1335,883
0,1356,920,1346,902
0,1347,915,1345,906
0,1329,898,1333,910
0,1354,900,1332,914
0,1371,891,1335,940
0,1352,902,1337,942
0,1363,916,1347,952
0,1376,887,1347,952
0,1380,876,1347,952
0,1377,903,1347,952
0,1395,895,1347,952
0,1396,889,1347,952
0,1382,889,1347,953
0,1373,885,1347,953
0,1373,916,1347,953
0,1378,906,1347,952
0,1391,944,1347,945
0,1403,969,1357,924
0,1408,977,1362,911
0,1420,956,1366,893
0,1445,949,1366,883
0,1409,958,1365,877
0,1412,959,1364,854
0,1403,974,1364,852
0,1392,996,1364,854
0,1410,986,1368,874
0,1392,1010,1384,903
0,1386,997,1387,905
0,1365,1003,1393,905
0,1367,996,1405,905
0,1357,1010,1414,905
0,1330,987,1449,915
0,1313,968,1455,918
0,1338,956,1455,918
0,1331,935,1455,924
0,1363,918,1446,933
0,1381,920,1439,934
0,1363,914,1428,934
0,1360,904,1399,919
0,1343,918,1367,906
0,1373,949,1332,894
0,1381,934,1336,889
0,1386,949,1342,882
0,1375,928,1344,875
0,1344,925,1344,875
0,1351,939,1344,875
0,1338,924,1344,875
0,1329,934,1344,875
0,1314,936,1348,878
0,1317,928,1349,879
0,1282,916,1349,879
0,1258,905,1325,860
0,1265,915,1307,833
0,1224,902,1296,815
0,1236,912,1290,806
0,1221,929,1288,803
0,1228,938,1286,800
0,1221,976,1285,798
0,1193,976,1277,796
0,1200,998,1265,796
0,1193,1017,1246,798
0,1190,999,1228,804
0,1213,998,1193,820
0,1235,994,1181,831
0,1226,990,1180,836
0,1188,992,1179,864
0,1191,1009,1181,897
0,1193,997,1181,959
0,1194,1027,1183,990
0,1193,943,1193,991
0,1188,940,1200,988
0,1181,952,1203,985
0,1182,930,1203,983
0,1225,926,1203,983
0,1215,932,1203,983
0,1247,905,1203,983
0,1219,892,1203,983
0,1239,859,1203,983
0,1251,838,1207,968
0,1261,856,1214,952
0,1260,863,1219,936
0,1244,838,1221,921
0,1246,825,1223,905
0,1222,817,1231,889
0,1224,816,1243,865
0,1266,826,1254,839
0,1276,828,1259,828
0,1276,845,1263,822
0,1236,863,1266,820
0,1221,843,1269,815
0,1211,835,1269,814
0,1227,817,1269,813
0,1251,830,1268,813
0,1256,843,1268,813
0,1250,811,1268,813
0,1253,816,1260,814
0,1242,801,1259,816
0,1264,784,1259,816
0,1293,790,1256,816
0,1283,782,1252,814
0,1271,769,1250,810
0,1305,775,1249,803
0,1300,778,1248,795
0,1291,765,1248,787
0,1288,766,1251,779
0,1285,732,1251,768
0,1279,729,1253,761
0,1292,735,1256,756
0,1312,735,1260,754
0,1321,731,1265,751
0,1342,716,1268,744
0,1312,715,1270,738
0,1334,733,1270,727
0,1340,752,1272,717
0,1358,779,1274,709
0,1345,767,1275,703
0,1367,775,1281,695
0,1378,762,1286,687
0,1403,779,1296,673
0,1400,770,1305,665
0,1387,759,1312,659
0,1393,763,1317,656
0,1370,781,1324,656
0,1412,759,1340,686
0,1436,783,1367,731
0,1424,791,1382,748
0,1453,770,1402,767
0,1385,793,1416,781
0,1384,788,1426,790
0,1353,792,1431,799
0,1353,782,1433,801
0,1371,771,1433,801
0,1351,766,1433,801
0,1369,761,1423,780
0,1372,765,1411,773
0,1372,790,1406,772
0,1391,805,1389,772
0,1374,815,1386,772
0,1365,787,1384,771
0,1349,795,1383,769
0,1369,791,1383,766
0,1362,803,1384,762
0,1348,817,1384,762
0,1346,811,1384,762
0,1332,796,1384,762
0,1320,815,1380,764
0,1305,846,1370,771
0,1293,868,1356,777
0,1304,846,1348,784
0,1301,822,1341,790
0,1283,791,1340,790
0,1262,803,1336,791
0,1272,843,1328,795
0,1281,841,1317,803
0,1271,838,1310,810
0,1287,841,1308,812
0,1272,830,1308,812
0,1283,819,1295,812
0,1282,800,1282,813
0,1267,806,1271,824
0,1273,827,1261,842
0,1283,828,1253,855
0,1263,801,1250,859
0,1252,776,1246,839
0,1272,786,1246,824
0,1254,775,1246,822
0,1256,774,1246,822
0,1285,785,1246,822
0,1263,782,1246,819
0,1256,795,1243,804
0,1265,792,1241,792
0,1246,771,1241,786
0,1235,789,1240,784
0,1203,780,1240,784
0,1197,786,1240,784
0,1183,787,1240,784
0,1176,763,1240,783
0,1168,756,1240,783
0,1147,752,1240,783
0,1124,742,1240,783
0,1134,724,1240,783
0,1151,715,1231,781
0,1151,722,1220,778
0,1127,730,1212,773
0,1131,739,1187,756
0,1140,750,1161,738
0,1144,767,1139,727
0,1159,760,1125,720
0,1147,764,1122,717
0,1136,767,1122,717
0,1129,776,1122,716
0,1118,764,1122,716
0,1098,770,1122,716
0,1093,802,1122,716
0,1117,814,1122,716
0,1134,817,1122,716
0,1154,787,1122,716
0,1156,802,1122,716
0,1144,784,1122,716
0,1130,779,1122,716
0,1129,774,1122,716
0,1112,781,1122,716
0,1121,789,1122,716
0,1136,795,1122,716
0,1138,795,1122,716
0,1115,778,1122,725
0,1103,782,1117,732
0,1137,766,1117,733
0,1127,762,1117,733
0,1125,738,1117,733
0,1101,735,1117,733
0,1109,751,1117,733
0,1092,750,1117,733
0,1097,724,1117,733
0,1081,692,1117,733
0,1088,694,1117,733
0,1095,689,1117,733
0,1094,672,1117,733
0,1117,675,1116,735
0,1109,664,1116,735
0,1124,654,1116,735
0,1128,648,1126,724
0,1109,643,1134,719
0,1117,696,1134,719
0,1124,697,1134,719
0,1141,685,1134,719
0,1155,688,1134,719
0,1161,685,1134,719
0,1157,670,1134,719
0,1185,645,1134,719
0,1210,627,1134,719
0,1217,601,1134,719
0,1235,601,1134,719
0,1250,578,1134,719
0,1254,581,1134,719
0,1253,550,1134,719
0,1239,536,1154,686
0,1205,539,1163,676
0,1206,517,1218,647
0,1221,515,1239,630
0,1232,494,1252,618
0,1236,483,1259,605
0,1243,457,1259,597
0,1260,456,1252,575
0,1261,483,1244,559
0,1265,498,1241,555
0,1273,487,1241,554
0,1277,477,1241,554
0,1269,490,1246,535
0,1254,466,1259,472
0,1211,442,1263,464
0,1201,462,1264,462
0,1239,451,1264,462
0,1225,461,1264,462
0,1225,451,1269,463
0,1213,437,1270,464
0,1198,444,1270,464
0,1213,472,1270,465
0,1225,455,1270,465
0,1201,446,1270,465
0,1203,476,1270,465
0,1217,467,1270,465
0,1213,465,1266,471
0,1229,506,1266,471
0,1237,518,1263,471
0,1256,543,1247,478
0,1236,543,1231,488
0,1227,552,1223,495
0,1230,533,1221,504
0,1211,556,1219,524
0,1200,571,1223,548
0,1216,583,1227,567
0,1226,590,1232,600
0,1215,596,1226,616
0,1231,575,1219,622
0,1249,566,1216,622
0,1240,574,1215,622
0,1246,568,1210,627
0,1246,531,1202,633
0,1267,516,1194,642
0,1246,505,1194,645
0,1275,506,1194,645
0,1284,511,1195,640
0,1262,522,1205,613
0,1245,538,1214,593
0,1223,522,1231,573
0,1220,524,1256,552
0,1223,503,1263,547
0,1240,499,1269,547
0,1218,492,1280,551
0,1199,507,1291,553
0,1216,477,1295,557
0,1220,455,1295,557
0,1198,465,1295,557
0,1205,447,1295,557
0,1222,436,1295,537
0,1229,423,1289,514
0,1230,398,1278,503
0,1260,381,1275,499
0,1258,377,1271,487
0,1253,398,1267,468
0,1245,426,1263,452
0,1225,413,1263,436
0,1249,412,1269,414
0,1229,424,1274,401
0,1203,422,1276,391
0,1182,416,1276,391
0,1193,419,1276,391
0,1206,425,1275,391
0,1201,424,1272,391
0,1183,449,1269,390
0,1202,442,1258,385
0,1175,457,1256,384
0,1150,445,1253,381
0,1139,462,1248,380
0,1128,446,1248,380
0,1124,467,1248,380
0,1111,453,1248,380
0,1135,435,1243,380
0,1148,427,1237,382
0,1162,439,1229,384
0,1142,432,1223,388
0,1123,441,1211,391
0,1138,452,1195,397
0,1140,479,1180,404
0,1141,465,1171,410
0,1151,450,1165,416
0,1156,434,1158,421
0,1146,424,1141,431
0,1140,438,1133,443
0,1152,446,1133,449
0,1118,447,1133,454
0,1121,434,1133,457
0,1093,449,1133,457
0,1073,456,1133,457
0,1082,447,1133,457
0,1063,445,1133,457
0,1068,448,1133,457
0,1088,425,1133,457
0,1078,405,1122,454
0,1052,374,1119,454
0,1064,371,1111,452
0,1050,415,1096,452
0,1055,420,1073,449
0,1067,414,1070,447
0,1070,411,1068,440
0,1062,400,1067,431
0,1054,389,1067,421
0,1058,378,1067,421
0,1046,396,1067,421
0,1055,410,1067,421
0,1042,430,1067,421
0,1032,402,1067,421
0,1053,401,1069,410
0,1059,421,1069,409
0,1075,427,1069,409
0,1078,465,1069,409
0,1073,449,1069,409
0,1061,438,1052,398
0,1039,432,1048,395
0,1025,435,1048,395
0,1027,418,1048,395
0,1042,401,1048,395
0,1035,395,1048,395
0,1039,387,1048,395
0,1032,383,1048,395
0,1024,390,1048,395
0,1016,404,1048,395
0,1035,397,1048,395
0,1027,391,1048,395
0,1027,406,1048,395
0,1017,431,1048,395
0,1003,438,1038,396
0,975,422,1037,398
0,987,434,1037,398
0,981,420,1037,398
0,972,432,1037,398
0,917,432,1023,405
0,914,423,1016,407
0,900,411,1007,408
0,888,413,998,408
0,901,434,977,407
0,911,438,969,406
0,939,427,954,406
0,971,424,938,406
0,934,444,908,398
0,937,411,883,395
0,917,413,843,391
0,892,404,834,391
0,923,380,840,391
0,940,372,852,394
0,934,363,858,395
0,928,336,859,395
0,916,341,859,395
0,928,332,859,395
0,896,327,863,389
0,911,309,871,377
0,916,308,873,373
0,901,303,877,369
0,914,288,882,357
0,907,296,883,350
0,912,299,884,343
0,913,274,884,342
0,922,276,886,336
0,932,304,886,336
0,946,288,886,336
0,956,297,886,336
0,943,272,886,336
0,941,295,886,336
0,926,287,890,335
0,932,287,895,331
0,927,299,900,328
0,930,318,902,327
0,950,310,903,327
0,945,294,907,327
0,934,292,911,323
0,915,265,912,322
0,924,274,912,322
0,943,241,913,321
0,953,230,915,321
0,964,242,915,321
0,984,231,915,321
0,979,229,915,321
0,1000,269,918,318
0,963,275,938,298
0,971,277,965,263
0,986,309,978,246
0,996,295,990,237
0,986,286,1010,225
0,977,290,1019,218
0,959,273,1019,218
0,937,274,1008,225
0,928,259,999,232
0,907,278,989,241
0,914,247,982,246
0,894,254,971,246
0,873,219,968,246
0,882,205,958,241
0,883,199,956,240
0,850,180,944,238
0,829,192,940,238
0,829,178,933,236
0,867,200,911,229
0,873,199,897,225
0,846,221,892,213
0,833,232,891,212
0,836,240,868,204
0,831,259,857,200
0,832,246,847,199
0,815,233,841,199
0,834,229,832,206
0,821,214,825,213
0,774,195,811,229
0,764,162,802,245
0,767,171,799,257
0,758,173,799,257
0,772,161,799,257
0,777,154,799,257
0,763,138,799,257
0,776,151,799,257
0,826,164,790,242
0,842,137,788,235
0,861,133,780,213
0,849,137,780,204
0,862,122,786,198
0,829,136,810,187
0,821,124,827,182
0,837,118,841,180
0,835,110,854,173
0,840,111,864,167
0,835,120,864,167
0,833,106,864,167
0,797,104,864,167
0,818,95,864,167
0,832,79,861,166
0,833,88,857,165
0,828,68,851,162
0,824,90,841,151
0,822,85,840,147
0,837,71,838,141
0,824,87,838,133
0,780,101,843,124
0,781,84,848,112
0,796,92,849,101
0,794,100,851,90
0,789,121,851,89
0,794,134,851,89
0,772,129,851,89
0,775,112,851,89
0,766,108,851,89
0,768,83,851,89
0,758,90,851,89
0,741,92,830,100
0,766,106,823,106
0,739,111,801,119
0,748,107,784,123
0,762,131,776,123
0,755,92,769,123
0,757,134,757,121
0,751,145,746,121
0,760,149,735,122
0,782,169,734,123
0,776,155,733,123
0,766,137,733,123
0,778,126,733,123
0,803,133,733,123
0,812,130,734,125
0,802,116,742,130
0,823,115,756,141
0,800,105,771,154
0,810,110,780,160
0,781,130,791,168
0,776,110,803,172
0,750,90,837,181
0,757,88,848,183
0,788,72,850,183
0,791,72,850,183
0,786,89,850,183
0,782,94,849,183
0,772,90,840,181
0,770,85,837,177
0,774,85,828,173
0,773,77,826,169
0,779,106,821,165
0,764,113,820,162
0,750,105,818,160
0,731,109,818,160
0,736,110,818,160
0,760,70,816,155
0,746,77,814,154
0,768,102,806,147
0,739,100,795,142
0,708,78,779,140
0,690,85,773,140
0,684,84,768,141
0,683,99,768,141
0,680,111,768,141
0,672,114,764,141
0,670,112,746,141
0,688,137,734,141
0,708,135,723,141
0,692,144,715,142
0,704,169,711,143
0,699,180,711,143
0,692,195,711,143
0,681,210,711,143
0,692,230,711,143
0,665,242,711,143
0,665,271,711,144
0,681,252,711,157
0,677,255,711,166
0,665,285,711,177
0,663,289,711,191
0,665,296,708,208
0,678,269,704,219
0,682,264,694,236
0,667,251,689,242
0,662,225,683,249
0,644,234,673,267
0,629,230,665,277
0,647,221,658,289
0,663,218,655,298
0,660,213,654,299
0,661,224,654,299
0,682,209,654,299
0,647,207,654,299
0,654,171,654,299
0,675,152,654,298
0,665,154,654,290
0,678,148,654,285
0,658,141,654,283
0,675,158,654,277
0,667,163,656,272
0,677,137,657,267
0,656,117,658,259
0,677,134,664,243
0,676,153,668,231
0,684,194,672,224
0,672,227,673,222
0,679,222,674,218
0,658,196,674,214
0,659,191,674,213
0,671,181,674,213
0,662,187,668,220
0,678,197,666,223
0,663,217,662,226
0,669,223,662,226
0,672,225,659,226
0,652,211,652,226
0,662,204,651,225
0,686,196,651,225
0,717,227,651,225
0,762,246,651,225
0,762,246,651,225
0,773,235,651,225
0,758,242,652,225
0,755,268,652,225
0,744,282,653,225
0,733,279,677,228
0,706,296,688,232
0,712,306,698,235
0,716,302,705,241
0,674,320,723,261
0,676,325,727,271
0,678,316,725,275
0,658,320,723,276
0,661,325,721,276
0,676,332,716,276
0,681,332,713,276
0,698,343,705,276
0,695,344,700,276
0,687,337,691,282
0,696,322,675,296
0,713,309,677,307
0,737,319,681,310
0,755,307,687,315
0,750,287,689,323
0,761,296,693,333
0,755,276,696,338
0,748,268,700,343
0,737,252,700,343
0,738,277,709,345
0,730,271,714,344
0,722,269,716,340
0,699,258,718,332
0,706,256,718,323
0,714,262,714,319
0,689,283,714,319
0,681,276,714,319
0,700,262,714,319
0,699,254,713,319
0,708,252,711,315
0,696,237,707,311
0,699,230,703,310
0,685,195,692,309
0,689,200,691,309
0,668,220,691,309
0,651,203,691,308
0,665,203,694,304
0,676,196,696,301
0,680,177,697,297
0,686,198,698,295
0,690,173,698,295
0,698,186,694,289
0,684,164,689,284
0,669,161,688,283
0,671,156,685,278
0,646,149,684,275
0,661,169,683,269
0,652,164,683,262
0,647,143,683,253
0,632,173,678,241
0,610,166,676,237
0,593,171,671,235
0,616,199,667,234
0,612,197,664,233
0,615,190,660,233
0,607,211,660,233
0,621,192,656,234
0,608,184,656,234
0,611,184,655,235
0,583,177,653,236
0,598,167,649,241
0,575,126,649,241
0,564,144,648,241
0,574,128,642,238
0,574,146,633,235
0,566,156,624,228
0,578,140,621,211
0,600,175,613,183
0,602,143,604,174
0,580,165,588,160
0,573,189,576,145
0,591,241,573,145
0,606,227,573,144
0,599,199,573,144
0,600,201,572,144
0,597,204,572,158
0,580,180,577,171
0,588,170,581,178
0,600,183,583,187
0,598,168,589,204
0,605,173,594,216
0,627,174,595,216
0,625,155,595,216
0,605,130,595,216
0,610,134,593,202
0,655,120,589,194
0,671,110,585,187
0,681,117,584,186
0,662,122,584,186
0,635,134,583,186
0,620,142,583,186
0,621,145,583,186
0,608,148,596,182
0,603,166,607,176
0,579,186,621,169
0,575,181,629,161
0,580,191,630,160
0,577,205,630,160
0,576,179,625,160
0,552,168,615,160
0,558,163,613,160
0,548,165,606,162
0,554,148,603,163
0,539,160,600,166
0,538,156,600,167
0,528,178,600,167
0,528,198,600,167
0,555,214,596,162
0,553,241,592,153
0,574,215,592,153
0,565,239,581,153
0,567,219,566,154
0,562,217,556,168
0,585,216,553,178
0,586,217,552,190
0,578,238,552,199
0,560,223,552,206
0,543,205,552,222
0,533,207,551,228
0,533,204,551,228
0,537,205,551,228
0,531,195,551,228
0,532,178,551,228
0,530,179,551,228
0,534,182,551,228
0,553,177,551,228
0,571,164,551,228
0,552,166,551,228
0,531,158,550,226
0,517,138,550,222
0,525,144,550,217
0,518,169,550,212
0,500,154,550,196
0,522,160,552,183
0,530,127,552,176
0,522,153,546,165
0,522,125,543,162
0,527,95,540,161
0,509,90,524,161
0,514,113,522,161
1,977,554,960,539
1,980,528,960,539
1,967,555,960,539
1,982,545,960,539
1,969,547,960,539
1,972,548,960,539
1,981,557,960,539
1,983,561,960,539
1,981,543,960,539
1,988,526,960,539
1,977,528,960,539
1,947,539,960,539
1,962,535,960,539
1,940,562,960,539
1,953,570,960,539
1,978,552,960,539
1,984,538,960,539
1,990,537,960,539
1,1032,553,960,539
1,1053,569,960,539
1,1067,568,960,539
1,1034,597,960,539
1,1029,584,960,539
1,1030,601,960,539
1,1064,590,963,539
1,1067,575,965,539
1,1065,573,971,551
1,1114,597,972,551
1,1103,574,972,551
1,1083,585,983,574
1,1083,584,1005,588
1,1063,555,1008,587
1,1052,590,1023,588
1,1073,605,1040,599
1,1087,609,1040,599
1,1121,599,1040,595
1,1107,594,1032,580
1,1105,590,1030,578
1,1111,590,1032,583
1,1082,604,1050,592
1,1087,622,1056,592
1,1091,616,1064,588
1,1077,587,1082,582
1,1079,588,1101,581
1,1060,596,1127,585
1,1081,570,1132,585
1,1069,562,1132,585
1,1057,572,1139,585
1,1048,596,1141,584
1,1037,574,1141,579
1,1026,580,1118,560
1,1013,592,1115,555
1,993,592,1109,537
1,1001,601,1106,537
1,1011,597,1083,551
1,1021,615,1075,563
1,1019,612,1070,574
1,1009,619,1052,614
1,997,625,1047,617
1,1009,633,1035,624
1,1010,568,1019,629
1,994,551,1017,641
1,999,506,1012,657
1,1020,466,999,656
1,1024,466,998,654
1,1029,477,996,639
1,1051,493,1010,614
1,1070,495,1018,582
1,1080,518,1037,553
1,1083,501,1051,537
1,1098,453,1062,532
1,1090,439,1062,532
1,1108,454,1062,532
1,1123,455,1115,552
1,1138,486,1126,555
1,1146,476,1122,533
1,1166,472,1114,497
1,1177,495,1104,468
1,1174,503,1109,450
1,1184,501,1114,433
1,1173,509,1116,432
1,1186,489,1126,434
1,1165,492,1139,431
1,1147,506,1141,429
1,1149,492,1141,429
1,1140,490,1141,438
1,1170,502,1154,447
1,1159,520,1158,448
1,1148,520,1141,459
1,1139,539,1140,462
1,1158,519,1135,475
1,1150,521,1135,497
1,1141,487,1137,518
1,1120,499,1135,529
1,1133,513,1135,530
1,1138,515,1135,530
1,1119,520,1128,531
1,1125,529,1128,531
1,1139,517,1116,522
1,1118,520,1101,511
1,1111,537,1096,507
1,1127,537,1102,499
1,1126,527,1105,497
1,1127,541,1107,497
1,1136,529,1107,497
1,1145,547,1107,497
1,1157,556,1110,497
1,1144,557,1110,502
1,1146,575,1114,509
1,1112,556,1123,512
1,1141,561,1137,516
1,1157,549,1142,522
1,1172,564,1147,532
1,1182,584,1145,539
1,1172,574,1140,541
1,1151,599,1138,541
1,1165,587,1128,542
1,1166,590,1113,544
1,1179,583,1124,541
1,1166,588,1127,541
1,1198,610,1127,543
1,1185,591,1125,549
1,1174,585,1126,560
1,1191,565,1135,573
1,1195,578,1143,582
1,1218,566,1146,588
1,1239,550,1148,597
1,1240,554,1183,613
1,1260,561,1187,614
1,1243,539,1197,613
1,1266,544,1212,603
1,1244,544,1230,592
1,1264,550,1236,585
1,1282,527,1238,568
1,1288,531,1252,542
1,1302,543,1274,515
1,1321,576,1282,507
1,1306,582,1283,501
1,1299,593,1275,497
1,1270,608,1273,493
1,1275,615,1277,481
1,1264,627,1282,478
1,1256,636,1287,491
1,1252,613,1282,523
1,1236,629,1257,542
1,1235,622,1251,546
1,1217,599,1246,558
1,1227,605,1249,576
1,1224,608,1254,587
1,1207,610,1268,599
1,1179,598,1269,599
1,1165,594,1269,599
1,1177,573,1251,587
1,1161,587,1250,583
1,1188,593,1246,577
1,1184,599,1142,535
1,1209,595,1112,531
1,1206,563,1112,531
1,1215,594,1111,528
1,1242,605,1108,526
1,1250,618,1094,524
1,1221,624,1091,531
1,1246,619,1091,533
1,1255,611,1095,538
1,1291,629,1101,541
1,1301,610,1106,543
1,1313,597,1117,548
1,1295,553,1120,549
1,1304,564,1126,554
1,1336,545,1128,554
1,1352,526,1152,570
1,1341,556,1194,586
1,1342,543,1254,588
1,1350,544,1260,575
1,1351,538,1265,562
1,1343,545,1270,537
1,1340,521,1276,517
1,1332,527,1286,506
1,1305,540,1291,504
1,1332,533,1307,505
1,1340,531,1313,505
1,1335,527,1327,505
1,1338,551,1328,505
1,1347,532,1327,507
1,1328,532,1327,507
1,1315,517,1322,512
1,1297,514,1322,512
1,1314,530,1328,515
1,1314,525,1331,515
1,1276,518,1340,519
1,1260,491,1349,520
1,1265,507,1372,521
1,1267,503,1374,519
1,1266,503,1374,516
1,1279,486,1367,511
1,1312,467,1355,506
1,1306,445,1323,503
1,1285,451,1307,499
1,1304,445,1270,497
1,1293,457,1259,496
1,1316,466,1241,486
1,1347,465,1236,463
1,1336,490,1236,439
1,1349,490,1238,422
1,1358,476,1241,410
1,1354,470,1244,398
1,1372,465,1252,395
1,1374,480,1277,414
1,1403,454,1308,466
1,1397,443,1314,490
1,1405,408,1319,498
1,1409,426,1325,504
1,1417,444,1337,512
1,1413,478,1337,512
1,1400,489,1342,482
1,1356,475,1346,461
1,1366,487,1348,455
1,1367,485,1356,455
1,1389,477,1359,455
1,1405,467,1370,459
1,1405,470,1371,460
1,1388,445,1371,460
1,1383,448,1371,460
1,1346,459,1366,460
1,1357,460,1370,432
1,1331,480,1387,410
1,1347,467,1387,409
1,1325,453,1387,408
1,1316,448,1382,402
1,1299,457,1377,398
1,1311,480,1372,396
1,1282,482,1365,388
1,1281,464,1360,386
1,1282,458,1359,385
1,1268,463,1357,385
1,1241,474,1353,387
1,1218,486,1348,392
1,1204,488,1342,397
1,1201,483,1336,403
1,1194,490,1332,406
1,1202,500,1321,414
1,1201,532,1298,428
1,1205,521,1287,438
1,1199,536,1277,448
1,1206,536,1260,461
1,1237,534,1241,478
1,1239,539,1224,486
1,1232,540,1210,494
1,1227,539,1207,498
1,1201,540,1204,502
1,1198,544,1201,509
1,1196,558,1198,520
1,1199,574,1197,528
1,1195,556,1197,529
1,1194,542,1196,532
1,1205,515,1196,533
1,1219,518,1196,533
1,1219,551,1175,542
1,1229,569,1158,550
1,1215,562,1152,552
1,1220,558,1150,546
1,1225,572,1150,532
1,1202,575,1151,527
1,1193,568,1153,526
1,1201,560,1156,526
1,1207,557,1177,537
1,1215,589,1200,555
1,1213,590,1204,564
1,1199,575,1203,571
1,1182,574,1196,578
1,1198,553,1190,579
1,1209,576,1188,580
1,1210,566,1188,580
1,1205,563,1194,567
1,1202,570,1194,557
1,1213,556,1193,555
1,1219,536,1187,550
1,1208,523,1186,541
1,1225,541,1186,529
1,1241,537,1186,522
1,1248,546,1180,515
1,1230,526,1180,506
1,1223,555,1184,496
1,1228,539,1186,491
1,1194,525,1187,479
1,1195,519,1190,478
1,1201,532,1193,475
1,1179,551,1196,475
1,1195,534,1196,474
1,1181,574,1200,471
1,1171,535,1202,468
1,1181,524,1207,463
1,1200,524,1208,461
1,1196,539,1211,459
1,1184,554,1211,459
1,1216,546,1205,463
1,1192,502,1194,473
1,1227,506,1181,492
1,1240,498,1177,503
1,1229,518,1172,516
1,1220,502,1172,523
1,1233,496,1177,534
1,1217,455,1183,538
1,1215,464,1191,537
1,1236,440,1197,532
1,1241,470,1204,526
1,1265,472,1205,522
1,1273,467,1206,514
1,1278,485,1207,500
1,1287,483,1207,481
1,1264,483,1208,470
1,1264,488,1216,459
1,1261,494,1234,439
1,1238,488,1256,428
1,1272,487,1267,424
1,1289,491,1280,421
1,1259,477,1298,421
1,1264,457,1297,422
1,1267,465,1285,435
1,1259,445,1282,442
1,1258,422,1282,450
1,1264,406,1283,456
1,1251,402,1285,459
1,1270,409,1285,459
1,1269,398,1288,454
1,1261,412,1290,444
1,1282,424,1295,421
1,1272,430,1297,404
1,1309,424,1298,389
1,1321,426,1303,371
1,1317,413,1304,353
1,1320,420,1304,352
1,1327,393,1304,351
1,1337,399,1303,351
1,1334,405,1303,351
1,1298,402,1304,350
1,1265,397,1312,345
1,1234,398,1322,339
1,1218,403,1333,332
1,1227,402,1334,332
1,1233,417,1334,332
1,1214,415,1326,337
1,1230,404,1288,350
1,1234,397,1278,353
1,1246,391,1260,358
1,1240,401,1251,363
1,1240,383,1235,375
1,1254,370,1219,387
1,1244,364,1219,387
1,1218,343,1219,387
1,1190,338,1219,387
1,1155,359,1219,387
1,1151,363,1216,378
1,1146,384,1215,376
1,1118,381,1213,373
1,1128,374,1209,368
1,1135,362,1202,365
1,1121,350,1193,361
1,1137,335,1178,357
1,1130,334,1157,356
1,1114,329,1129,356
1,1143,325,1116,354
1,1118,330,1096,331
1,1110,314,1081,324
1,1109,313,1075,318
1,1110,336,1073,316
1,1084,363,1061,307
1,1108,354,1061,307
1,1097,364,1061,307
1,1104,342,1061,306
1,1080,338,1063,304
1,1066,362,1063,304
1,1063,367,1063,304
1,1064,384,1063,304
1,1060,391,1064,305
1,1055,374,1073,320
1,1056,386,1073,320
1,1032,379,1075,326
1,1018,387,1075,333
1,1024,397,1074,336
1,1018,388,1073,340
1,1011,370,1072,348
1,1003,386,1069,354
1,991,365,1065,364
1,1007,358,1057,382
1,993,355,1048,393
1,992,353,1040,401
1,973,337,1029,405
1,975,323,1024,407
1,962,325,1012,400
1,981,326,1008,393
1,987,313,1005,386
1,996,339,1005,366
1,1009,336,1005,350
1,1011,310,1002,327
1,1004,293,997,314
1,1023,268,993,307
1,1010,269,986,294
1,1029,276,986,294
1,1037,303,1002,280
1,1041,296,1010,267
1,1072,293,1023,240
1,1080,302,1031,214
1,1085,309,1031,204
1,1055,316,1031,202
1,1076,309,1031,202
1,1092,302,1032,205
1,1081,301,1053,225
1,1070,309,1079,238
1,1070,307,1090,244
1,1068,284,1092,249
1,1033,253,1092,264
1,1021,248,1092,267
1,1007,243,1092,267
1,1049,251,1092,267
1,1050,239,1092,267
1,1034,224,1092,267
1,1028,253,1085,262
1,1019,230,1067,252
1,1025,227,1061,247
1,1011,220,1054,244
1,1030,219,1053,244
1,1020,235,1042,242
1,1015,215,1036,242
1,1014,213,1019,249
1,1011,197,1013,252
1,1017,194,1013,252
1,1039,185,1013,252
1,1047,172,1013,252
1,1045,168,1013,252
1,1074,155,1013,252
1,1097,174,1002,236
1,1095,185,984,212
1,1112,184,983,201
1,1121,182,991,181
1,1153,194,1004,172
1,1160,174,1008,170
1,1148,169,1018,169
1,1147,169,1024,168
1,1171,175,1028,168
1,1158,181,1031,168
1,1139,189,1031,168
1,1160,169,1048,174
1,1167,192,1079,175
1,1188,178,1096,177
1,1181,190,1149,172
1,1199,197,1154,172
1,1218,201,1169,168
1,1229,203,1188,163
1,1219,185,1192,163
1,1215,176,1209,167
1,1222,175,1211,167
1,1221,163,1212,173
1,1226,140,1213,178
1,1235,150,1214,181
1,1230,131,1217,185
1,1223,123,1217,185
1,1220,102,1217,185
1,1230,119,1217,185
1,1204,127,1217,185
1,1212,128,1217,185
1,1206,128,1217,185
1,1204,97,1217,185
1,1187,74,1217,185
1,1194,83,1217,185
1,1211,94,1217,185
1,1187,113,1217,185
1,1184,112,1217,185
1,1176,96,1217,185
1,1170,78,1217,185
1,1177,70,1217,185
1,1145,64,1217,185
1,1177,111,1217,185
1,1196,120,1217,185
1,1199,98,1217,182
1,1197,111,1217,181
1,1211,91,1217,179
1,1210,129,1214,173
1,1188,93,1212,167
1,1173,114,1209,160
1,1177,113,1203,145
1,1193,121,1200,137
1,1166,114,1196,126
1,1168,112,1190,105
1,1157,94,1188,97
1,1152,106,1187,92
1,1160,88,1187,91
1,1135,109,1187,91
1,1166,90,1187,91
1,1156,95,1187,91
1,1147,82,1184,84
1,1162,75,1177,78
1,1144,47,1173,74
1,1113,97,1161,66
1,1100,105,1158,63
1,1115,133,1156,62
1,1122,138,1156,58
1,1096,114,1156,57
1,1077,122,1147,57
1,1078,125,1138,57
1,1037,116,1125,57
1,1020,94,1121,61
1,1010,97,1113,71
1,992,104,1106,84
1,1005,114,1097,97
1,1013,91,1093,105
1,999,90,1072,114
1,1010,95,1046,120
1,1022,101,1010,120
1,1025,106,998,120
1,1025,125,995,120
1,1017,137,975,116
1,1032,139,966,114
1,1067,136,958,113
1,1077,141,958,111
1,1101,148,958,111
1,1081,145,958,111
1,1077,138,958,111
1,1071,151,958,111
1,1057,127,968,118
1,1043,106,995,130
1,1034,102,1008,139
1,1032,96,1026,150
1,1034,110,1036,165
1,1043,123,1043,175
1,1029,137,1043,175
1,1036,130,1043,175
1,1005,124,1038,171
1,1004,128,1014,142
1,1014,136,1008,133
1,1024,121,1004,128
1,1043,126,1004,127
1,1036,135,1004,127
1,1043,152,1004,127
1,1067,138,1003,127
1,1082,150,1002,127
1,1087,150,1002,127
1,1100,157,1002,127
1,1070,143,1002,127
1,1104,111,1002,128
1,1100,113,1002,128
1,1092,79,1002,128
1,1087,70,1002,128
1,1090,98,1002,128
1,1092,82,1005,132
1,1105,69,1016,139
1,1109,57,1035,147
1,1096,98,1053,148
1,1096,132,1058,147
1,1074,126,1070,135
1,1059,145,1081,123
1,1054,149,1094,113
1,1047,168,1097,112
1,1049,182,1102,109
1,1056,189,1102,110
1,1071,200,1086,135
1,1079,167,1070,150
1,1083,168,1058,157
1,1124,159,1045,165
1,1116,176,1034,173
1,1133,187,1031,176
1,1119,178,1031,176
1,1092,196,1030,178
1,1106,184,1025,190
1,1132,190,1025,190
1,1122,197,1042,195
1,1114,177,1097,196
1,1132,152,1123,205
1,1133,126,1148,216
1,1152,127,1180,231
1,1129,134,1196,242
1,1174,125,1197,243
1,1163,129,1188,246
1,1153,147,1182,246
1,1151,134,1172,241
1,1182,134,1167,230
1,1183,116,1163,221
1,1170,98,1161,221
1,1181,93,1161,221
1,1192,94,1163,202
1,1180,105,1168,183
1,1179,115,1178,163
1,1162,120,1184,150
1,1151,126,1184,144
1,1160,147,1184,133
1,1140,151,1188,104
1,1148,155,1190,96
1,1152,192,1190,96
1,1170,204,1190,96
1,1175,182,1190,96
1,1174,168,1180,116
1,1155,191,1157,152
1,1126,167,1133,184
1,1125,186,1129,198
1,1098,179,1129,212
1,1115,188,1129,214
1,1113,189,1140,224
1,1102,177,1145,227
1,1115,173,1150,235
1,1132,162,1151,236
1,1143,152,1151,236
1,1136,170,1140,234
1,1116,163,1133,226
1,1124,165,1120,202
1,1132,183,1120,199
1,1141,184,1122,190
1,1138,180,1124,182
1,1134,197,1127,177
1,1124,210,1127,175
1,1131,204,1125,175
1,1141,248,1115,180
1,1140,259,1096,195
1,1148,282,1091,201
1,1150,265,1090,203
1,1173,256,1090,203
1,1148,264,1090,205
1,1162,269,1094,212
1,1165,264,1096,218
1,1174,267,1099,226
1,1161,263,1103,235
1,1170,262,1119,248
1,1173,248,1124,250
1,1165,242,1125,252
1,1171,244,1125,252
1,1179,245,1126,254
1,1164,232,1126,256
1,1157,237,1128,259
1,1149,249,1128,261
1,1161,214,1128,263
1,1183,235,1128,263
1,1170,260,1128,263
1,1191,263,1128,263
1,1208,237,1128,263
1,1219,226,1136,252
1,1210,256,1144,244
1,1210,248,1144,244
1,1235,235,1145,244
1,1245,231,1160,254
1,1231,238,1203,261
1,1245,241,1223,261
1,1246,261,1240,251
1,1246,270,1249,243
1,1247,265,1265,243
1,1214,260,1267,243
1,1216,274,1277,238
1,1218,280,1291,240
1,1212,260,1311,252
1,1222,279,1323,257
1,1232,268,1330,260
1,1191,306,1333,264
1,1188,333,1334,271
1,1170,328,1334,273
1,1181,344,1325,275
1,1205,353,1304,277
1,1201,367,1299,277
1,1201,370,1289,282
1,1186,365,1280,288
1,1176,344,1247,309
1,1185,336,1237,317
1,1192,338,1224,328
1,1193,345,1219,338
1,1171,342,1194,380
1,1203,320,1180,403
1,1189,310,1176,405
1,1174,311,1171,404
1,1185,321,1165,390
1,1158,317,1163,349
1,1136,308,1174,321
1,1129,296,1180,315
1,1141,306,1181,314
1,1126,307,1184,312
1,1159,313,1186,310
1,1180,319,1186,309
1,1153,327,1186,309
1,1137,296,1179,309
1,1136,267,1166,309
1,1124,252,1151,312
1,1128,263,1146,314
1,1121,276,1146,314
1,1118,298,1146,314
1,1120,305,1146,314
1,1114,292,1146,314
1,1110,313,1146,314
1,1120,324,1145,313
1,1103,314,1131,315
1,1113,325,1123,322
1,1093,292,1115,327
1,1111,277,1111,331
1,1156,284,1110,332
1,1185,291,1109,334
1,1198,285,1108,335
1,1197,311,1107,335
1,1170,297,1107,336
1,1168,259,1107,336
1,1171,264,1107,336
1,1170,228,1122,328
1,1132,220,1136,317
1,1152,217,1150,308
1,1150,207,1152,306
1,1162,224,1152,305
1,1173,257,1152,305
1,1185,255,1152,305
1,1190,242,1152,305
1,1171,254,1152,305
1,1154,245,1152,305
1,1150,253,1152,305
1,1192,275,1152,305
1,1198,284,1152,305
1,1225,296,1152,305
1,1243,296,1152,305
1,1271,294,1152,305
1,1273,286,1152,305
1,1242,285,1152,305
1,1245,301,1152,305
1,1236,284,1157,299
1,1246,282,1164,296
1,1246,302,1193,296
1,1238,315,1250,296
1,1244,316,1276,291
1,1249,296,1311,291
1,1246,299,1328,301
1,1248,280,1360,321
1,1252,270,1363,325
1,1242,247,1348,337
1,1232,273,1333,342
1,1229,261,1314,342
1,1239,264,1307,339
1,1208,265,1300,329
1,1186,261,1295,317
1,1181,277,1292,312
1,1166,252,1285,303
1,1179,242,1275,301
1,1173,249,1257,296
1,1184,251,1223,296
1,1183,281,1185,297
1,1192,274,1176,298
1,1229,270,1169,299
1,1214,261,1169,299
1,1189,259,1169,293
1,1176,257,1169,283
1,1182,239,1167,275
1,1163,222,1168,269
1,1152,235,1168,267
1,1117,234,1168,267
1,1130,247,1168,267
1,1130,248,1168,267
1,1139,232,1168,268
1,1171,230,1164,268
1,1150,254,1136,277
1,1170,241,1133,278
1,1170,248,1133,278
1,1183,238,1133,278
1,1182,227,1133,278
1,1165,194,1133,278
1,1166,190,1133,278
1,1166,154,1133,278
1,1154,137,1133,277
1,1146,130,1133,275
1,1163,106,1131,259
1,1136,85,1131,253
1,1145,90,1131,251
1,1177,103,1131,251
1,1197,96,1131,248
1,1183,91,1128,224
1,1205,74,1123,201
1,1195,82,1123,177
1,1203,66,1123,161
1,1183,100,1132,155
1,1174,76,1156,150
1,1172,104,1184,141
1,1177,115,1274,133
1,1189,130,1308,133
1,1192,125,1308,133
1,1192,115,1308,133
1,1200,123,1279,126
1,1209,114,1248,124
1,1192,125,1228,124
1,1204,111,1226,126
1,1206,109,1225,127
1,1220,118,1225,127
1,1231,126,1225,127
1,1225,115,1230,127
1,1235,124,1231,125
1,1241,139,1235,121
1,1247,171,1239,120
1,1260,175,1239,120
1,1240,158,1239,120
1,1218,171,1238,110
1,1226,163,1227,88
1,1220,170,1227,89
1,1206,169,1228,112
1,1195,165,1230,131
1,1175,174,1228,155
1,1134,183,1219,173
1,1114,168,1211,183
1,1138,154,1202,189
1,1123,173,1178,195
1,1087,162,1153,200
1,1086,161,1117,200
1,1073,174,1096,200
1,1039,157,1085,201
1,1082,173,1083,201
1,1058,162,1081,201
1,1062,185,1078,181
1,1056,197,1077,176
1,1074,188,1075,167
1,1087,171,1069,160
1,1074,154,1061,146
1,1098,174,1052,138
1,1058,168,1033,134
1,1051,182,1025,132
1,1043,176,1015,130
1,1060,183,1013,130
1,1059,188,1011,131
1,1098,209,1010,136
1,1107,217,1010,136
1,1099,193,1010,141
1,1090,206,1013,148
1,1091,213,1022,159
1,1073,215,1034,177
1,1092,225,1051,195
1,1100,189,1068,211
1,1103,187,1088,233
1,1099,211,1092,243
1,1107,221,1096,250
1,1128,240,1096,250
1,1158,253,1096,250
1,1174,248,1096,250
1,1177,248,1096,250
1,1168,268,1096,250
1,1163,272,1105,253
1,1159,274,1122,260
1,1149,246,1146,268
1,1178,207,1164,279
1,1156,217,1182,286
1,1165,219,1212,293
1,1139,214,1215,294
1,1141,217,1215,294
1,1127,246,1215,294
1,1114,274,1216,292
1,1150,284,1218,277
1,1153,305,1221,270
1,1130,301,1221,262
1,1145,320,1221,258
1,1156,290,1221,258
1,1147,297,1217,258
1,1158,295,1208,259
1,1153,286,1198,265
1,1152,301,1183,276
1,1148,253,1169,289
1,1179,229,1159,300
1,1177,183,1154,308
1,1181,189,1148,318
1,1182,176,1144,327
1,1169,170,1141,333
1,1151,185,1139,335
1,1155,167,1139,335
1,1121,140,1138,315
1,1109,147,1138,306
1,1122,149,1134,291
1,1105,137,1124,271
1,1087,131,1113,249
1,1075,103,1107,241
1,1064,99,1093,216
1,1055,110,1079,191
1,1055,92,1065,168
1,1048,89,1056,152
1,1039,89,1052,134
1,1018,77,1049,122
1,993,62,1046,118
1,986,95,1046,118
1,973,104,1046,118
1,966,125,1046,118
1,952,130,1046,118
1,943,115,1044,119
1,951,120,1043,119
1,962,100,1033,124
1,957,81,1016,133
1,941,98,997,143
1,967,76,974,156
1,982,65,955,167
1,986,104,946,169
1,968,93,937,170
1,918,114,923,170
1,922,108,916,169
1,923,126,901,167
1,911,113,898,167
1,910,126,898,167
1,930,129,898,167
1,919,119,896,162
1,927,141,894,160
1,978,146,894,160
1,985,128,890,149
1,955,127,881,131
1,951,124,875,120
1,957,125,875,120
1,938,173,875,120
1,928,199,875,120
1,947,205,875,120
1,934,184,875,120
1,897,171,875,120
1,909,178,875,120
1,904,191,876,122
1,888,170,891,137
1,894,147,893,138
1,897,163,898,144
1,892,164,904,157
1,884,144,905,178
1,846,143,905,183
1,848,156,905,184
1,847,156,905,184
1,847,163,897,183
1,822,143,876,167
1,845,138,864,151
1,863,152,859,141
1,857,144,859,140
1,865,127,859,140
1,832,145,857,140
1,823,139,852,141
1,820,121,839,153
1,841,121,838,156
1,822,122,838,157
1,849,137,838,163
1,864,133,838,175
1,847,139,838,175
1,850,144,838,176
1,855,107,837,176
1,849,115,830,175
1,843,84,824,171
1,826,46,822,165
1,824,103,819,157
1,815,95,818,153
1,821,101,820,141
1,833,102,825,128
1,828,122,827,126
1,828,132,827,126
1,838,137,827,126
1,851,133,827,126
1,870,135,827,126
1,895,140,826,126
1,931,124,822,128
1,929,134,818,129
1,945,154,809,134
1,948,156,808,141
1,941,148,814,148
1,950,129,859,170
1,934,109,932,192
1,955,88,958,208
1,970,84,977,223
1,996,83,1014,248
1,995,63,1019,252
1,973,74,1019,252
1,982,71,1004,237
1,997,86,990,227
1,977,88,977,212
1,986,68,958,179
1,960,74,950,148
1,951,69,947,134
1,952,101,946,122
1,953,92,949,104
1,909,114,962,88
1,929,97,965,85
1,923,81,965,85
1,953,54,965,85
1,977,85,965,85
1,968,111,965,85
1,949,100,965,85
1,953,94,965,85
1,951,99,965,85
1,979,116,965,85
1,968,108,965,85
1,960,119,965,85
1,982,144,966,84
1,1003,157,974,69
1,1015,151,976,64
1,1040,150,977,64
1,1048,115,977,64
1,1055,107,977,64
1,1074,100,977,64
1,1086,110,977,64
1,1071,106,977,64
1,1058,114,977,64
1,1037,86,996,81
1,1030,96,1020,102
1,1034,98,1027,107
1,1030,110,1032,110
1,1060,71,1033,114
1,1081,65,1034,117
1,1071,56,1034,120
1,1051,75,1026,125
1,1046,68,1023,126
1,1043,101,1022,127
1,1036,95,1025,133
1,1046,100,1026,133
1,1059,92,1032,138
1,1059,84,1037,141
1,1069,110,1044,147
1,1049,117,1049,148
1,1019,128,1059,151
1,1012,119,1059,151
1,998,105,1059,151
1,1009,119,1059,151
1,1022,138,1059,151
1,1019,134,1059,154
1,1023,111,1048,164
1,1007,104,1046,166
1,1013,104,1043,167
1,1014,124,1033,173
1,1011,142,1001,185
1,1015,142,987,188
1,1037,159,979,191
1,1036,177,976,193
1,1057,176,968,198
1,1063,168,966,199
1,1058,154,966,199
1,1082,144,966,199
1,1075,177,966,199
1,1053,193,966,199
1,1073,175,966,199
1,1072,174,966,206
1,1064,198,966,206
1,1063,198,966,206
1,1041,196,966,213
1,1038,215,966,220
1,1018,231,966,227
1,1022,245,967,229
1,1041,253,967,230
1,1062,234,967,230
1,1062,239,967,230
1,1057,250,967,230
1,1059,263,967,234
1,1059,264,967,236
1,1075,249,974,248
1,1084,245,979,255
1,1058,239,982,260
1,1081,243,992,270
1,1111,254,1001,278
1,1128,234,1015,290
1,1127,245,1020,295
1,1140,244,1035,311
1,1133,254,1049,320
1,1131,253,1059,326
1,1120,257,1067,332
1,1121,280,1075,338
1,1101,289,1083,342
1,1052,300,1086,344
1,1056,332,1089,347
1,1049,331,1089,347
1,1069,337,1088,347
1,1063,343,1084,343
1,1036,324,1077,334
1,1048,324,1070,324
1,1046,338,1061,315
1,1033,337,1057,310
1,1020,334,1050,305
1,1013,341,1049,305
1,1003,364,1049,305
1,1016,372,1049,305
1,1012,370,1049,305
1,998,359,1033,312
1,996,381,1025,316
1,1012,395,1022,319
1,1038,367,1019,321
1,1067,387,1015,329
1,1059,390,1011,338
1,1082,378,1008,347
1,1056,372,1006,376
1,1053,376,1010,398
1,1058,372,1010,401
1,1068,390,1019,414
1,1059,398,1041,446
1,1054,407,1071,481
1,1054,431,1072,483
1,1053,425,1072,483
1,1037,421,1072,483
1,1029,423,1072,483
1,1031,444,1072,481
1,1026,427,1072,472
1,1004,448,1072,462
1,991,480,1072,458
1,1003,461,1071,452
1,992,424,1071,451
1,1002,437,1069,448
1,1031,428,1068,444
1,1057,425,1064,442
1,1066,387,1064,442
1,1064,423,1063,442
1,1054,397,1061,443
1,1053,388,1054,449
1,1046,387,1039,461
1,1041,406,1029,466
1,1053,412,1028,466
1,1057,427,1022,476
1,1070,411,1017,482
1,1062,422,1010,486
1,1038,421,1001,486
1,1047,425,978,478
1,1043,426,974,476
1,1078,394,974,474
1,1067,406,973,469
1,1051,406,973,462
1,1071,412,973,458
1,1068,421,974,454
1,1096,420,977,445
1,1110,403,978,442
1,1104,435,988,431
1,1085,461,998,423
1,1034,480,1001,418
1,1033,458,1006,415
1,1039,437,1015,410
1,1037,420,1034,406
1,1052,397,1062,398
1,1049,382,1083,387
1,1030,394,1085,387
1,1024,380,1085,387
1,1042,403,1079,399
1,1042,392,1068,411
1,1082,385,1068,412
1,1094,396,1068,412
1,1096,411,1066,412
1,1137,389,1047,418
1,1136,387,1045,418
1,1147,337,1044,418
1,1146,332,1044,418
1,1132,305,1044,418
1,1147,304,1060,414
1,1155,306,1076,412
1,1131,309,1152,380
1,1126,297,1168,342
1,1125,291,1168,313
1,1124,294,1168,294
1,1108,285,1167,273
1,1100,306,1157,254
1,1106,292,1117,224
1,1102,270,1096,208
1,1125,273,1093,206
1,1119,279,1083,197
1,1137,288,1082,197
1,1128,296,1078,219
1,1154,276,1082,244
1,1164,270,1086,263
1,1167,275,1094,280
1,1165,264,1096,288
1,1164,238,1100,295
1,1150,231,1100,296
1,1132,228,1100,296
1,1155,245,1102,296
1,1179,231,1103,296
1,1181,227,1104,296
1,1197,200,1105,295
1,1183,211,1107,285
1,1177,200,1102,264
1,1176,210,1095,255
1,1153,247,1094,246
1,1154,244,1096,241
1,1140,214,1109,234
1,1147,192,1119,231
1,1147,192,1129,228
1,1140,201,1136,222
1,1133,199,1140,216
1,1150,175,1142,211
1,1129,200,1142,208
1,1141,202,1142,201
1,1153,194,1145,184
1,1141,194,1146,172
1,1162,183,1150,159
1,1185,197,1152,158
1,1177,213,1152,158
1,1155,210,1152,158
1,1173,219,1152,158
1,1145,182,1152,158
1,1170,181,1157,174
1,1160,175,1159,182
1,1170,187,1161,184
1,1149,160,1162,190
1,1174,159,1162,198
1,1141,158,1160,199
2,993,537,960,544
2,988,535,960,544
2,979,557,960,544
2,964,602,960,544
2,943,598,960,544
2,940,615,960,544
2,956,627,960,544
2,960,638,960,544
2,935,649,960,544
2,930,645,960,544
2,923,639,960,544
2,913,630,961,560
2,933,622,963,574
2,925,617,960,609
2,925,640,954,616
2,908,649,942,624
2,896,662,924,629
2,883,664,922,630
2,868,670,922,628
2,893,662,922,620
2,904,662,922,618
2,901,650,918,620
2,908,693,907,629
2,915,699,902,633
2,906,689,890,636
2,919,683,889,639
2,924,659,888,641
2,927,662,899,640
2,913,647,900,640
2,897,680,904,643
2,894,637,906,652
2,883,654,912,647
2,891,658,911,631
2,865,676,905,627
2,831,674,900,625
2,835,692,889,605
2,822,705,883,594
2,813,725,876,590
2,849,697,876,590
2,828,706,868,590
2,811,687,834,611
2,810,696,773,644
2,809,678,773,644
2,812,668,774,644
2,805,661,777,649
2,820,691,779,656
2,802,697,780,664
2,800,681,780,673
2,829,664,780,673
2,822,687,781,673
2,818,720,782,670
2,800,727,783,669
2,816,709,787,667
2,846,708,787,667
2,842,695,788,663
2,832,679,790,660
2,840,672,791,661
2,834,673,794,686
2,837,687,801,695
2,819,693,826,704
2,839,698,835,705
2,842,694,837,699
2,832,706,838,672
2,853,688,838,662
2,851,693,824,661
2,857,668,805,663
2,843,650,806,664
2,823,637,811,673
2,806,620,814,684
2,808,596,825,687
2,801,593,839,678
2,781,603,841,678
2,806,601,841,663
2,824,582,833,644
2,824,557,827,632
2,819,577,816,617
2,807,571,810,606
2,785,567,804,599
2,788,531,799,591
2,799,542,795,579
2,795,532,795,569
2,843,548,795,569
2,849,568,795,569
2,869,565,795,544
2,858,562,793,517
2,868,552,797,510
2,883,581,804,496
2,892,588,809,492
2,872,566,816,487
2,896,564,826,485
2,882,551,849,488
2,896,553,854,498
2,885,548,859,516
2,893,536,869,543
2,910,521,877,561
2,909,528,879,566
2,898,519,884,577
2,897,521,887,588
2,884,520,888,591
2,889,517,890,590
2,915,508,902,573
2,884,473,905,565
2,875,459,906,553
2,875,469,902,546
2,881,451,901,546
2,882,471,895,543
2,872,455,885,535
2,867,460,879,532
2,861,474,868,532
2,863,464,860,532
2,836,460,852,528
2,828,439,849,527
2,819,437,844,523
2,821,443,844,515
2,829,455,843,514
2,821,468,843,514
2,824,467,843,514
2,798,485,843,514
2,789,495,843,514
2,769,523,843,513
2,785,524,849,481
2,790,506,849,455
2,779,497,849,454
2,779,507,849,454
2,793,478,849,454
2,744,431,845,454
2,726,450,833,465
2,714,435,822,479
2,720,437,799,497
2,733,464,753,521
2,712,448,749,523
2,714,446,742,521
2,713,434,734,509
2,737,444,717,480
2,743,435,694,428
2,723,446,674,384
2,726,423,668,372
2,738,427,668,372
2,724,413,668,360
2,731,394,668,358
2,751,373,668,357
2,733,373,677,369
2,751,361,685,387
2,737,378,687,408
2,736,346,690,417
2,729,355,691,424
2,727,346,691,424
2,725,356,692,424
2,715,360,692,426
2,732,375,695,427
2,717,386,696,429
2,726,389,699,434
2,731,387,702,436
2,715,394,704,438
2,734,407,712,446
2,753,396,717,452
2,761,412,738,477
2,789,407,740,478
2,796,428,740,478
2,796,434,740,478
2,792,414,740,475
2,790,398,738,456
2,767,374,744,431
2,754,372,755,418
2,758,361,763,412
2,753,369,773,403
2,755,404,780,397
2,733,413,787,392
2,727,419,800,372
2,724,441,805,359
2,717,417,805,358
2,711,411,803,360
2,699,409,798,365
2,688,407,786,383
2,677,407,778,394
2,671,419,767,408
2,667,397,753,420
2,692,385,747,422
2,675,379,742,422
2,672,375,734,422
2,661,355,734,422
2,662,387,728,417
2,652,399,717,411
2,637,397,699,399
2,633,380,694,387
2,632,401,690,374
2,610,366,686,365
2,605,383,684,360
2,635,401,684,360
2,628,402,684,360
2,632,390,684,360
2,640,418,660,372
2,637,412,649,380
2,619,400,642,386
2,608,397,638,393
2,633,370,635,396
2,663,377,629,400
2,671,385,618,402
2,697,400,610,407
2,690,398,607,410
2,683,398,602,413
2,670,382,598,414
2,700,378,597,414
2,701,387,599,405
2,695,420,606,402
2,695,415,610,401
2,683,406,621,395
2,659,389,631,390
2,689,390,632,390
2,681,378,633,392
2,676,375,638,404
2,669,382,640,405
2,643,382,651,410
2,631,370,651,410
2,615,361,652,414
2,616,368,653,420
2,640,369,653,420
2,618,391,654,420
2,605,388,655,417
2,595,395,655,413
2,606,415,653,410
2,602,417,650,406
2,621,427,647,403
2,634,448,646,402
2,628,457,646,402
2,645,444,645,402
2,672,417,639,403
2,683,405,623,419
2,692,404,612,438
2,698,381,611,447
2,706,387,611,447
2,702,408,615,446
2,671,409,619,444
2,678,435,641,431
2,661,437,655,417
2,644,455,657,408
2,612,463,657,404
2,613,466,657,404
2,633,483,657,404
2,626,489,657,407
2,622,500,654,413
2,615,497,652,417
2,590,462,648,423
2,594,440,646,425
2,619,435,644,432
2,622,448,644,441
2,636,450,642,449
2,650,438,641,452
2,655,459,641,453
2,668,463,641,453
2,676,470,641,453
2,656,471,641,453
2,648,470,640,453
2,672,458,640,453
2,687,459,640,453
2,648,450,640,453
2,651,451,640,453
2,659,462,640,453
2,631,459,640,453
2,648,457,640,453
2,635,470,640,453
2,642,461,640,453
2,637,492,640,453
2,650,479,640,453
2,651,499,640,453
2,662,497,640,453
2,673,487,643,452
2,692,476,644,452
2,724,435,644,452
2,706,411,644,452
2,696,420,644,452
2,681,429,644,452
2,700,423,644,452
2,705,438,644,452
2,687,440,644,452
2,674,414,644,452
2,670,433,644,452
2,679,421,644,449
2,664,399,647,437
2,664,399,652,424
2,637,426,657,414
2,644,432,659,402
2,669,400,661,391
2,693,394,665,378
2,709,400,672,357
2,729,387,675,346
2,714,409,675,341
2,701,382,675,334
2,698,373,674,333
2,712,365,674,333
2,707,335,685,321
2,701,356,696,312
2,703,342,705,309
2,708,374,717,300
2,703,372,724,287
2,686,359,731,256
2,697,337,736,228
2,707,329,736,222
2,706,343,735,222
2,680,351,729,230
2,657,354,724,242
2,677,395,717,270
2,679,388,711,286
2,671,417,703,307
2,661,439,700,316
2,639,421,690,328
2,659,418,663,375
2,636,432,649,426
2,620,439,652,444
2,636,439,662,455
2,643,425,685,464
2,650,415,729,489
2,654,418,761,503
2,649,427,785,516
2,654,438,817,536
2,648,424,819,537
2,646,441,819,537
2,672,432,819,537
2,694,459,819,537
2,679,460,770,517
2,665,418,732,494
2,669,433,726,492
2,681,433,721,491
2,697,425,717,490
2,694,417,717,490
2,703,403,713,490
2,698,420,710,492
2,690,419,701,494
2,708,420,682,499
2,718,406,646,500
2,703,405,641,498
2,681,410,640,494
2,696,424,638,480
2,698,430,643,454
2,694,432,647,441
2,680,419,654,426
2,689,421,659,416
2,705,419,660,411
2,699,408,661,411
2,715,405,661,411
2,719,438,661,411
2,697,444,661,411
2,719,432,662,412
2,720,417,667,419
2,728,427,674,424
2,713,415,680,426
2,726,409,682,427
2,733,413,686,434
2,719,371,695,438
2,743,398,709,438
2,770,401,715,438
2,742,430,715,438
2,731,403,715,438
2,746,395,715,438
2,736,390,722,435
2,747,396,731,429
2,764,392,746,420
2,765,377,756,414
2,787,389,772,405
2,769,416,784,398
2,762,431,803,381
2,756,421,811,372
2,744,415,818,366
2,735,433,819,364
2,777,456,819,364
2,770,446,819,364
2,753,440,819,364
2,766,426,819,364
2,758,399,809,382
2,750,396,796,405
2,787,380,795,410
2,759,417,795,423
2,770,411,797,436
2,768,387,797,442
2,774,382,798,445
2,755,367,798,445
2,755,364,794,452
2,746,395,782,458
2,748,393,752,467
2,777,370,746,469
2,796,360,745,469
2,819,368,740,448
2,817,371,737,430
2,832,347,736,427
2,825,354,736,424
2,852,368,734,421
2,875,368,734,421
2,879,352,734,411
2,870,372,741,400
2,846,341,753,392
2,872,332,802,381
2,871,325,829,375
2,860,310,856,374
2,862,305,883,370
2,894,325,909,365
2,902,325,915,361
2,906,325,940,338
2,914,320,946,328
2,920,333,948,327
2,919,345,948,326
2,905,332,948,326
2,917,336,948,319
2,924,315,949,313
2,938,304,949,310
2,896,305,950,302
2,888,293,950,297
2,870,293,945,289
2,885,300,944,279
2,848,297,944,276
2,850,296,944,269
2,807,299,938,259
2,777,290,919,236
2,791,284,914,220
2,783,285,905,200
2,794,306,898,190
2,763,318,885,184
2,766,343,883,183
2,786,358,883,183
2,776,364,875,190
2,782,354,861,199
2,787,367,845,210
2,793,349,789,251
2,771,330,757,279
2,772,317,741,307
2,761,327,736,318
2,747,361,729,330
2,738,325,727,333
2,737,331,721,339
2,717,291,718,343
2,719,297,709,347
2,705,296,691,352
2,703,311,673,353
2,710,324,665,356
2,720,344,664,357
2,719,361,658,358
2,721,333,647,356
2,708,339,627,353
2,703,360,603,348
2,704,377,595,345
2,696,369,586,342
2,689,383,582,341
2,699,368,582,341
2,697,371,582,341
2,686,367,582,341
2,669,357,580,342
2,670,333,574,347
2,678,329,569,349
2,684,308,563,352
2,675,272,555,356
2,682,270,555,359
2,647,294,558,364
2,652,305,578,356
2,644,301,624,316
2,624,298,630,301
2,619,297,630,300
2,633,303,630,300
2,617,321,630,300
2,625,338,630,300
2,631,317,632,316
2,653,307,632,316
2,662,298,632,316
2,648,313,627,327
2,653,301,624,336
2,656,301,623,340
2,663,323,630,350
2,697,336,637,355
2,724,365,651,356
2,708,352,681,343
2,714,326,690,335
2,717,321,693,329
2,698,315,699,321
2,707,297,702,317
2,729,287,707,317
2,725,323,721,326
2,738,294,745,336
2,744,318,766,341
2,748,295,775,341
2,764,273,776,341
2,752,270,782,332
2,773,280,785,327
2,801,283,788,320
2,788,283,792,314
2,792,287,796,307
2,821,313,800,299
2,822,315,804,293
2,821,319,807,285
2,827,321,810,278
2,864,342,811,276
2,854,364,811,276
2,842,390,812,270
2,847,401,814,268
2,872,388,814,268
2,844,375,825,276
2,856,326,834,288
2,824,320,841,319
2,842,319,842,348
2,828,340,848,370
2,843,343,861,382
2,820,356,862,383
2,800,348,862,378
2,815,339,857,361
2,805,361,849,345
2,823,358,845,340
2,820,348,844,338
2,824,376,843,338
2,821,363,843,338
2,849,364,843,338
2,871,341,843,338
2,883,342,843,338
2,884,346,843,338
2,890,340,843,338
2,906,336,843,338
2,897,324,843,338
2,886,342,843,338
2,869,358,843,338
2,868,403,1062,330
2,868,394,1130,326
2,876,406,1172,322
2,857,403,1172,322
2,867,407,1172,322
2,836,411,1172,322
2,846,416,1172,322
2,838,428,1172,322
2,839,447,1169,322
2,837,471,1164,322
2,812,497,1163,322
2,792,497,1149,323
2,786,509,1134,324
2,769,506,1111,328
2,791,510,1081,339
2,780,492,1038,357
2,766,481,1000,379
2,750,473,953,405
2,763,463,852,453
2,769,465,825,465
2,781,454,824,467
2,795,471,824,467
2,810,444,824,469
2,806,456,815,486
2,808,453,811,498
2,819,470,811,498
2,816,458,815,486
2,834,446,817,480
2,817,439,818,475
2,839,431,822,465
2,833,463,824,455
2,842,463,825,450
2,829,484,829,438
2,830,451,830,430
2,833,449,830,423
2,851,482,832,414
2,852,478,832,406
2,865,481,832,403
2,848,479,832,402
2,857,453,821,422
2,849,446,819,426
2,859,443,819,426
2,849,425,819,429
2,842,446,824,436
2,838,448,833,450
2,835,445,839,460
2,835,462,852,474
2,819,417,853,475
2,852,427,853,475
2,869,408,853,470
2,864,380,849,458
2,883,401,844,448
2,867,411,841,446
2,866,409,840,446
2,843,412,839,446
2,841,421,839,446
2,821,433,839,446
2,828,434,839,441
2,802,441,833,422
2,814,447,826,394
2,804,446,822,375
2,797,431,822,374
2,841,461,822,374
2,828,449,822,374
2,820,449,822,374
2,836,450,816,378
2,829,418,815,380
2,825,406,815,385
2,815,403,815,388
2,799,382,820,410
2,791,371,825,420
2,789,372,827,422
2,778,389,830,422
2,820,380,831,423
2,816,384,831,423
2,819,391,831,420
2,810,390,826,407
2,821,402,821,397
2,833,378,820,393
2,858,361,819,386
2,847,359,818,377
2,863,367,818,367
2,860,375,818,366
2,867,382,818,366
2,867,409,818,366
2,839,380,818,366
2,849,395,818,366
2,854,369,818,366
2,839,379,818,366
2,837,378,818,366
2,827,352,821,366
2,830,333,823,370
2,816,336,823,372
2,812,312,825,374
2,844,290,826,375
2,849,301,827,378
2,856,297,828,380
2,870,326,829,382
2,887,329,829,383
2,911,336,829,383
2,913,350,829,383
2,935,350,836,376
2,914,360,838,374
2,914,394,841,372
2,935,427,845,370
2,931,430,847,369
2,904,449,859,365
2,897,445,874,362
2,886,463,925,361
2,870,436,928,361
2,860,442,932,368
2,844,428,932,384
2,857,409,929,392
2,875,397,917,401
2,889,401,910,405
2,906,441,905,405
2,912,431,901,402
2,885,437,892,390
2,876,470,887,370
2,881,461,886,362
2,881,474,886,362
2,858,464,886,362
2,860,467,883,380
2,835,468,877,392
2,836,460,873,407
2,826,463,863,424
2,850,452,859,430
2,845,452,850,435
2,824,453,836,441
2,804,442,820,443
2,810,460,808,448
2,841,469,799,451
2,822,473,791,458
2,813,479,778,467
2,795,485,768,471
2,836,449,760,467
2,810,415,749,459
2,834,403,746,453
2,845,403,745,445
2,847,401,745,445
2,851,412,745,445
2,872,449,744,445
2,882,443,738,456
2,894,470,738,456
2,886,491,745,444
2,887,506,755,432
2,885,530,757,429
2,876,529,757,428
2,875,497,761,429
2,878,501,801,456
2,857,474,814,466
2,859,487,824,479
2,850,502,834,494
2,848,495,845,506
2,835,508,861,510
2,841,523,874,510
2,810,536,877,500
2,811,513,870,488
2,829,503,866,484
2,827,489,855,476
2,845,516,847,470
2,856,488,843,470
2,847,483,843,469
2,840,475,837,470
2,801,442,820,484
2,821,445,810,488
2,801,463,809,488
2,809,449,808,488
2,780,452,808,488
2,747,439,807,488
2,774,449,806,485
2,781,431,805,479
2,777,428,802,472
2,746,453,798,457
2,727,454,792,444
2,766,476,772,425
2,771,462,768,418
2,783,448,765,404
2,775,428,765,397
2,755,414,765,391
2,784,406,765,391
2,782,392,765,391
2,773,400,765,391
2,769,398,765,391
2,772,413,765,391
2,734,416,765,391
2,743,440,765,391
2,740,430,765,391
2,742,447,765,391
2,722,428,765,391
2,729,456,765,391
2,718,469,765,391
2,692,457,765,391
2,675,449,765,391
2,683,425,765,391
2,679,412,765,391
2,683,445,759,391
2,653,445,730,408
2,644,438,685,427
2,646,463,681,428
2,643,484,678,424
2,646,444,673,419
2,644,449,659,406
2,644,427,640,404
2,638,447,613,416
2,627,451,606,420
2,657,468,595,431
2,687,476,590,435
2,664,476,590,435
2,665,461,590,435
2,670,456,589,435
2,659,442,582,438
2,659,453,581,442
2,676,454,583,449
2,675,462,600,463
2,710,490,610,472
2,715,497,617,480
2,700,499,625,482
2,708,458,638,481
2,727,444,662,478
2,721,438,682,477
2,720,437,689,479
2,725,455,713,508
2,727,448,727,521
2,730,464,727,521
2,729,476,725,495
2,734,471,723,471
2,727,485,722,460
2,726,491,722,460
2,714,497,725,473
2,716,486,726,473
2,730,484,727,461
2,717,482,727,460
2,727,476,728,470
2,721,478,728,473
2,730,479,728,473
2,754,461,728,465
2,768,417,729,459
2,771,425,737,477
2,781,419,742,485
2,765,417,742,485
2,728,413,742,478
2,749,404,747,484
2,752,408,754,481
2,757,401,761,452
2,750,399,761,430
2,790,406,761,429
2,826,388,761,429
2,808,419,761,418
2,821,430,761,362
2,843,437,752,332
2,844,432,752,332
2,814,447,752,332
2,821,423,752,332
2,821,416,754,330
2,845,405,788,310
2,831,418,794,310
2,827,399,816,341
2,794,395,856,379
2,800,398,860,395
2,803,392,860,397
2,826,399,860,397
2,830,381,852,401
2,831,402,835,405
2,831,373,834,405
2,840,360,834,386
2,822,377,834,386
2,802,366,828,386
2,801,368,828,384
2,782,367,826,370
2,784,346,826,370
2,796,338,825,379
2,799,369,833,379
2,777,362,843,374
2,773,361,840,376
2,793,355,823,380
2,792,335,820,375
2,783,306,820,375
2,803,291,804,374
2,800,294,798,357
2,820,274,793,346
2,839,254,756,345
2,832,216,723,344
2,853,224,724,334
2,839,202,733,322
2,844,202,749,303
2,825,197,764,292
2,816,199,786,278
2,828,186,793,269
2,796,169,814,234
2,785,143,815,226
2,753,136,817,207
2,766,123,821,188
2,769,113,827,163
2,775,98,829,134
2,749,109,829,133
2,744,154,807,145
2,740,200,756,177
2,749,202,756,177
2,749,184,756,175
2,730,209,748,159
2,739,228,719,131
2,706,220,701,120
2,739,213,695,119
2,758,193,678,136
2,764,191,661,181
2,764,198,661,200
2,747,195,662,204
2,753,195,665,219
2,739,217,673,234
2,737,210,699,242
2,745,231,714,237
2,765,223,739,220
2,765,237,753,213
2,785,222,775,206
2,781,187,784,203
2,773,176,789,205
2,769,166,813,216
2,741,153,818,222
2,797,134,819,231
2,801,131,815,241
2,800,140,809,247
2,807,149,807,249
2,824,143,788,252
2,824,104,782,252
2,829,92,764,240
2,825,112,743,225
2,847,114,705,202
2,848,96,691,198
2,844,102,690,196
2,840,109,670,202
2,842,90,660,208
2,844,98,657,221
2,828,98,659,236
2,799,128,663,242
2,805,136,700,215
2,804,114,727,191
2,787,112,741,177
2,759,111,752,158
2,741,84,761,139
2,763,68,764,129
2,799,89,764,129
2,804,88,764,129
2,799,115,762,129
2,811,102,762,128
2,802,104,752,124
2,819,108,738,121
2,834,118,731,118
2,847,123,722,113
2,869,128,706,110
2,882,146,706,110
2,863,123,706,110
2,846,110,710,112
2,836,122,716,115
2,839,128,716,115
2,833,117,716,115
2,837,110,716,115
2,835,113,720,117
2,868,125,726,120
2,838,155,731,130
2,851,176,736,133
2,848,152,769,125
2,862,156,790,119
2,881,128,790,119
2,883,131,798,112
2,922,152,801,109
2,924,157,801,115
2,906,163,803,127
2,945,185,807,136
2,941,156,814,142
2,953,128,828,152
2,956,84,850,165
2,959,85,861,168
2,968,82,897,169
2,944,96,937,174
2,938,78,967,177
2,939,100,970,175
2,961,117,972,153
2,986,116,967,123
2,991,122,958,101
2,991,129,955,95
2,972,157,951,84
2,967,113,950,81
2,980,122,949,80
2,992,119,949,79
2,965,119,949,79
2,938,82,949,79
2,943,95,949,79
2,953,103,947,81
2,944,118,944,89
2,914,108,944,90
2,903,111,944,90
2,901,129,943,95
2,919,144,938,104
2,928,147,929,118
2,913,128,924,123
2,938,119,915,130
2,937,138,906,139
2,900,124,898,147
2,901,150,890,152
2,906,133,874,162
2,912,122,864,170
2,916,112,864,170
2,916,119,864,170
2,929,132,864,170
2,922,145,863,170
2,923,150,863,170
2,911,138,863,170
2,911,153,863,170
2,914,157,863,170
2,913,165,863,170
2,873,148,863,170
2,852,157,863,170
2,870,158,863,170
2,897,144,863,170
2,926,142,863,170
2,924,155,863,170
2,920,159,863,170
2,916,165,863,170
2,934,156,863,170
2,955,123,863,170
2,971,133,863,170
2,1001,136,863,170
2,1044,145,863,170
2,1049,130,863,170
2,1041,117,863,170
2,1039,143,863,173
2,1023,160,869,176
2,1023,150,873,179
2,1025,134,900,181
2,1026,154,933,187
2,1050,139,948,189
2,1059,105,957,189
2,1049,94,974,190
2,1037,108,1031,195
2,1050,88,1074,196
2,1026,74,1115,198
2,1012,64,1133,195
2,1003,106,1139,191
2,994,128,1141,184
2,982,131,1140,182
2,985,128,1124,173
2,991,106,1106,169
2,1010,111,1059,164
2,1002,112,1028,170
2,988,106,1003,175
2,1005,73,987,171
2,996,79,985,164
2,998,87,985,163
2,986,72,985,157
2,987,77,990,150
2,996,122,991,146
2,986,115,992,146
2,986,79,992,146
2,1001,73,992,146
2,999,93,992,146
2,1001,120,992,146
2,972,117,992,146
2,955,142,992,146
2,955,152,992,146
2,920,142,992,146
2,930,131,992,146
2,927,139,992,146
2,913,146,992,146
2,894,160,992,146
2,911,187,992,146
2,906,174,994,152
2,899,177,994,160
2,903,167,990,168
2,912,172,977,172
2,930,148,964,172
2,929,143,920,169
2,958,145,908,171
2,942,142,896,176
2,939,166,882,178
2,974,143,872,178
2,977,142,872,178
2,979,133,878,172
2,946,106,880,171
2,950,109,890,166
2,939,84,895,162
2,923,84,898,159
2,927,107,902,156
2,939,115,904,156
2,921,113,905,155
2,940,141,905,155
2,943,136,905,155
2,958,140,905,148
2,958,137,902,141
2,951,123,900,134
2,939,147,899,127
2,940,162,898,121
2,924,172,897,120
2,932,172,897,120
2,937,177,897,120
2,970,195,897,120
2,964,166,898,112
2,968,187,899,110
2,967,185,899,109
2,959,199,899,109
2,946,192,899,109
2,944,171,904,115
2,971,173,911,122
2,968,128,915,127
2,947,109,924,136
2,946,123,929,140
2,965,134,931,146
2,952,162,931,150
2,925,170,932,152
2,939,201,933,153
2,937,204,935,155
2,925,217,944,163
2,931,222,947,165
2,940,260,949,166
2,944,275,953,173
2,957,261,959,194
2,997,242,962,201
2,1012,245,962,207
2,1036,219,960,212
2,1067,217,958,218
2,1053,225,956,223
2,1057,209,952,229
2,1073,194,950,234
2,1064,177,950,237
2,1045,214,951,238
2,1034,206,955,239
2,1036,218,971,241
2,1025,200,1008,245
2,1015,198,1030,245
2,1002,204,1033,244
2,998,218,1034,243
2,956,226,1035,237
2,953,253,1035,232
2,982,259,1035,225
2,986,256,1035,221
2,984,269,1035,221
2,980,271,1029,221
2,977,257,1018,223
2,983,233,1003,234
2,986,226,1001,242
2,971,251,1004,262
2,969,254,1011,275
2,987,266,1015,282
2,1004,289,1015,282
2,1000,262,1015,282
2,996,265,1015,282
2,986,248,1012,282
2,991,244,993,282
2,1004,279,987,282
2,999,278,986,282
2,961,257,986,282
2,970,266,986,282
2,990,268,986,287
2,985,300,986,293
2,995,313,986,302
2,1013,316,986,304
2,1011,351,986,304
2,1021,351,986,304
2,998,375,986,304
2,1026,386,986,304
2,1014,365,986,304
2,1033,374,986,304
2,1054,364,986,304
2,1030,386,986,304
2,1058,384,986,311
2,1047,392,989,330
2,1029,374,992,336
2,1019,381,1003,355
2,1028,367,1015,369
2,996,350,1032,387
2,1000,352,1051,402
2,1009,333,1069,420
2,1024,332,1074,427
2,1007,341,1079,436
2,1021,344,1082,439
2,1025,354,1082,439
2,989,361,1082,439
2,1011,349,1082,439
2,1027,360,1070,425
2,1019,344,1064,416
2,1017,355,1057,402
2,1028,344,1046,383
2,1034,316,1038,373
2,1043,326,1036,368
2,1048,331,1035,366
2,1053,300,1035,364
2,1068,275,1033,362
2,1056,272,1031,356
2,1041,286,1030,353
2,1053,269,1030,353
2,1042,273,1030,353
2,1041,291,1030,353
2,1054,273,1030,353
2,1052,284,1030,353
2,1044,288,1030,353
2,1055,279,1030,353
2,1071,257,1030,353
2,1063,265,1030,353
2,1063,308,1030,353
2,1074,294,1030,353
2,1071,273,1036,353
2,1054,279,1069,354
2,1073,260,1086,347
2,1081,288,1110,328
2,1105,292,1124,317
2,1116,308,1136,296
2,1128,311,1135,284
2,1122,322,1123,267
2,1126,314,1103,251
2,1103,320,1079,243
2,1050,314,1068,249
2,1063,323,1059,268
2,1066,307,1059,275
2,1062,325,1060,288
2,1056,300,1064,294
2,1073,307,1066,304
2,1069,326,1069,312
2,1053,330,1065,323
2,1060,333,1058,333
2,1048,361,1052,335
2,1047,358,1043,339
2,1051,337,1037,344
2,1088,320,1030,347
2,1089,299,1026,351
2,1076,271,1021,354
2,1077,257,1019,355
2,1056,242,1020,355
2,1048,238,1030,349
2,1046,259,1041,341
2,1047,252,1049,334
2,1049,261,1053,326
2,1038,251,1055,312
2,1019,254,1049,293
2,1018,272,1045,282
2,1017,281,1040,248
2,1006,270,1037,214
2,1012,247,1037,207
2,991,253,1037,204
2,962,237,1037,204
2,983,254,1037,204
2,944,274,1037,205
2,945,261,1032,220
2,951,264,1030,225
2,952,276,1028,227
2,942,300,1011,236
2,924,302,998,241
2,924,308,984,251
2,919,318,973,255
2,924,333,956,259
2,913,323,942,258
2,909,321,934,259
2,909,289,927,267
2,920,307,919,274
2,957,285,908,285
2,972,274,902,289
2,977,259,902,289
2,955,239,901,284
2,944,270,899,280
2,929,275,899,278
2,948,266,899,278
2,932,258,899,278
2,930,253,898,273
2,923,249,898,271
2,912,229,898,269
2,916,213,902,263
2,918,198,906,256
3,949,522,958,541
3,968,525,958,541
3,989,527,958,541
3,950,516,958,541
3,977,497,958,541
3,965,494,958,541
3,953,504,958,541
3,955,514,958,541
3,992,530,958,541
3,1012,527,958,541
3,1031,525,958,537
3,1029,508,958,521
3,1031,501,958,505
3,1032,528,958,499
3,1019,509,958,498
3,1011,498,959,492
3,1011,496,971,482
3,1055,504,978,477
3,1063,505,987,473
3,1048,530,992,472
3,1040,500,1003,470
3,1044,496,1010,469
3,1054,518,1013,469
3,1058,503,1030,472
3,1049,482,1048,473
3,1056,500,1050,473
3,1031,528,1057,477
3,1031,519,1068,483
3,1033,503,1079,489
3,1020,516,1113,509
3,1014,540,1122,513
3,1017,549,1124,513
3,1006,530,1131,509
3,1001,524,1133,506
3,1007,524,1133,505
3,997,523,1133,505
3,988,524,1124,509
3,1021,519,1107,515
3,1035,514,1084,518
3,1026,510,1066,521
3,1053,539,1037,527
3,1066,545,1011,527
3,1069,544,977,528
3,1080,558,970,525
3,1072,551,969,522
3,1098,541,970,510
3,1071,565,986,500
3,1070,561,990,497
3,1090,575,990,496
3,1067,561,1000,503
3,1058,566,1001,504
3,1036,591,1003,512
3,1021,586,1005,517
3,1002,585,1007,518
3,983,591,1009,521
3,973,573,1010,522
3,960,559,1014,528
3,974,556,1014,529
3,995,566,1014,529
3,981,555,1015,529
3,983,562,1015,529
3,1019,609,1015,529
3,1031,598,1015,529
3,1021,599,1015,529
3,1031,588,1015,529
3,1029,543,1015,529
3,1063,525,1015,529
3,1068,537,1015,536
3,1079,535,1015,541
3,1067,539,1017,544
3,1070,511,1023,553
3,1106,500,1026,558
3,1092,517,1026,558
3,1130,511,1033,550
3,1119,514,1042,531
3,1142,522,1048,517
3,1127,548,1052,510
3,1142,540,1055,509
3,1146,538,1073,496
3,1155,506,1095,479
3,1171,479,1100,472
3,1196,505,1117,458
3,1198,497,1119,455
3,1202,487,1119,455
3,1220,465,1119,455
3,1190,461,1121,454
3,1195,442,1142,446
3,1184,436,1171,440
3,1190,423,1186,437
3,1198,420,1192,437
3,1178,425,1203,437
3,1176,430,1235,434
3,1164,462,1259,424
3,1126,470,1306,393
3,1147,483,1309,384
3,1129,482,1315,373
3,1113,464,1318,365
3,1123,459,1318,365
3,1129,438,1298,379
3,1119,466,1273,402
3,1149,481,1246,431
3,1152,499,1223,452
3,1139,500,1211,460
3,1135,504,1176,467
3,1130,484,1167,466
3,1131,494,1167,466
3,1122,454,1167,466
3,1122,465,1167,466
3,1158,471,1167,466
3,1131,457,1145,476
3,1126,479,1144,483
3,1136,504,1150,505
3,1134,506,1151,505
3,1143,513,1151,502
3,1157,526,1151,500
3,1139,515,1151,500
3,1092,510,1151,500
3,1086,522,1151,500
3,1082,505,1144,500
3,1102,511,1139,514
3,1103,504,1139,516
3,1132,509,1159,543
3,1135,511,1177,560
3,1134,511,1190,569
3,1125,514,1192,570
3,1095,509,1192,570
3,1094,513,1192,570
3,1095,517,1192,570
3,1121,536,1192,570
3,1148,550,1193,560
3,1140,556,1194,551
3,1148,573,1194,543
3,1132,587,1190,523
3,1141,585,1185,512
3,1105,553,1180,508
3,1088,536,1177,505
3,1056,545,1175,507
3,1076,524,1169,525
3,1071,527,1169,545
3,1060,542,1162,566
3,1068,528,1150,572
3,1088,522,1129,571
3,1075,558,1113,567
3,1067,533,1084,558
3,1095,508,1072,552
3,1106,510,1067,550
3,1109,505,1064,547
3,1081,501,1064,547
3,1083,504,1063,547
3,1080,514,1063,547
3,1061,499,1063,547
3,1080,484,1078,539
3,1098,508,1087,537
3,1099,541,1099,536
3,1092,537,1106,536
3,1099,557,1114,538
3,1105,546,1114,538
3,1129,535,1114,538
3,1122,506,1114,538
3,1127,521,1114,538
3,1138,517,1114,538
3,1132,540,1113,542
3,1138,554,1107,553
3,1135,580,1115,571
3,1136,583,1120,572
3,1129,598,1128,567
3,1124,585,1140,549
3,1145,598,1149,536
3,1135,599,1150,532
3,1101,634,1156,527
3,1100,633,1159,527
3,1083,647,1156,544
3,1094,654,1153,568
3,1087,635,1154,597
3,1095,622,1155,610
3,1106,599,1153,617
3,1104,589,1149,621
3,1118,604,1140,626
3,1130,592,1130,630
3,1134,583,1120,631
3,1134,599,1118,631
3,1110,611,1115,628
3,1095,616,1113,615
3,1123,624,1118,598
3,1123,639,1124,588
3,1110,655,1131,582
3,1105,673,1132,582
3,1117,689,1132,582
3,1128,704,1126,584
3,1140,723,1117,586
3,1169,720,1107,590
3,1193,713,1102,592
3,1209,716,1099,598
3,1218,709,1094,614
3,1230,749,1101,638
3,1241,754,1123,658
3,1243,764,1147,670
3,1235,779,1190,673
3,1215,768,1213,673
3,1212,774,1295,679
3,1203,773,1338,686
3,1194,765,1353,698
3,1179,783,1356,710
3,1188,804,1349,719
3,1192,818,1340,723
3,1192,805,1321,732
3,1232,842,1282,742
3,1263,832,1268,742
3,1244,797,1258,743
3,1240,806,1253,750
3,1248,801,1249,762
3,1267,805,1247,788
3,1246,828,1266,823
3,1248,836,1278,838
3,1247,816,1298,855
3,1244,794,1302,858
3,1262,804,1302,858
3,1266,786,1302,857
3,1242,792,1285,844
3,1259,770,1249,823
3,1260,775,1248,823
3,1235,745,1247,817
3,1243,757,1246,813
3,1237,745,1246,811
3,1252,739,1251,800
3,1255,738,1266,780
3,1252,721,1269,775
3,1250,719,1277,764
3,1288,728,1283,751
3,1257,751,1285,739
3,1252,771,1286,732
3,1226,772,1286,731
3,1215,781,1286,731
3,1214,757,1286,731
3,1224,768,1288,727
3,1221,764,1286,693
3,1187,742,1283,687
3,1195,756,1283,687
3,1193,741,1281,688
3,1192,749,1269,698
3,1172,739,1236,717
3,1170,748,1226,724
3,1183,751,1207,734
3,1144,751,1195,739
3,1142,761,1188,740
3,1159,765,1177,740
3,1175,756,1157,739
3,1174,771,1145,738
3,1171,773,1138,737
3,1169,782,1131,736
3,1180,784,1131,736
3,1175,779,1131,736
3,1188,763,1131,736
3,1185,762,1141,742
3,1195,757,1148,746
3,1200,785,1165,758
3,1173,763,1197,775
3,1158,742,1211,782
3,1157,722,1222,787
3,1142,710,1250,791
3,1147,668,1280,784
3,1147,695,1278,780
3,1124,701,1157,730
3,1126,675,1137,709
3,1117,635,1126,690
3,1108,647,1122,684
3,1108,678,1121,680
3,1110,728,1120,675
3,1096,740,1120,671
3,1094,755,1123,667
3,1097,753,1131,662
3,1075,756,1136,656
3,1086,737,1139,653
3,1096,724,1139,653
3,1088,711,1139,653
3,1085,710,1139,653
3,1078,735,1138,657
3,1060,716,1119,678
3,1048,730,1113,683
3,1066,696,1106,687
3,1079,676,1101,691
3,1076,652,1096,694
3,1069,638,1092,697
3,1077,651,1092,697
3,1054,674,1089,699
3,1082,675,1081,702
3,1101,654,1081,702
3,1114,625,1081,702
3,1102,637,1081,676
3,1092,615,1080,656
3,1091,590,1080,645
3,1092,562,1080,638
3,1091,541,1085,620
3,1090,572,1091,608
3,1054,561,1095,601
3,1054,553,1097,599
3,1052,559,1100,597
3,1072,583,1119,578
3,1084,612,1130,563
3,1071,651,1130,555
3,1064,657,1126,553
3,1067,676,1072,553
3,1057,652,1065,553
3,1046,661,1061,557
3,1052,648,1052,567
3,1054,659,1045,597
3,1057,661,1041,612
3,1050,671,1038,621
3,1039,670,1035,630
3,1044,659,1028,649
3,1020,669,1026,661
3,1015,680,1030,674
3,964,672,1038,684
3,951,674,1045,692
3,945,681,1055,702
3,962,670,1057,704
3,960,675,1060,710
3,984,668,1061,711
3,998,658,1061,716
3,1013,665,1058,723
3,1017,650,1029,718
3,1008,668,983,696
3,1046,690,965,676
3,1066,690,963,673
3,1074,716,963,671
3,1067,704,964,656
3,1054,680,968,647
3,1035,670,970,640
3,1046,698,971,640
3,1064,681,971,640
3,1081,646,978,641
3,1070,638,980,642
3,1039,631,980,642
3,1016,634,980,642
3,998,626,980,642
3,981,645,980,642
3,975,627,980,642
3,991,644,980,642
3,978,622,980,642
3,995,609,980,642
3,999,588,980,642
3,1032,572,980,642
3,1049,568,980,642
3,1059,580,980,642
3,1081,549,979,644
3,1101,561,974,644
3,1100,512,973,644
3,1090,506,973,644
3,1095,521,975,643
3,1101,497,982,633
3,1080,497,1012,613
3,1114,481,1056,585
3,1116,483,1082,550
3,1122,475,1082,530
3,1101,440,1088,503
3,1086,419,1096,479
3,1076,430,1119,435
3,1093,446,1134,407
3,1106,458,1143,397
3,1080,468,1157,380
3,1103,474,1159,377
3,1112,503,1159,377
3,1114,495,1135,400
3,1087,517,1098,425
3,1108,508,1088,431
3,1070,489,1088,432
3,1056,491,1088,437
3,1047,476,1088,446
3,1043,500,1092,458
3,1059,540,1095,464
3,1056,557,1099,472
3,1069,581,1100,474
3,1082,552,1097,482
3,1057,559,1078,494
3,1052,551,1077,495
3,1053,519,1066,500
3,1063,518,1054,510
3,1058,531,1039,521
3,1049,536,1029,532
3,1052,533,1026,538
3,1069,530,1016,550
3,1080,548,1012,555
3,1089,527,1012,555
3,1067,515,1012,555
3,1080,530,1012,553
3,1081,516,1015,542
3,1084,495,1017,537
3,1072,509,1018,535
3,1078,492,1019,534
3,1056,514,1024,530
3,1046,542,1028,529
3,1042,543,1035,526
3,1052,530,1047,520
3,1056,535,1057,516
3,1073,540,1063,514
3,1084,521,1066,512
3,1100,496,1068,509
3,1061,512,1069,508
3,1076,516,1069,508
3,1054,546,1069,508
3,1071,584,1066,511
3,1047,577,1062,516
3,1062,532,1061,519
3,1028,553,1061,519
3,1025,557,1061,519
3,1046,541,1060,520
3,1024,551,1058,522
3,984,573,1053,524
3,979,585,1050,526
3,1000,602,1044,528
3,1014,601,1040,530
3,1016,617,1040,530
3,1011,616,1036,532
3,1029,607,1032,537
3,1009,601,1031,538
3,1000,598,1028,540
3,1002,579,1024,557
3,997,569,1025,582
3,1031,541,1034,597
3,1031,528,1043,609
3,1050,523,1051,619
3,1033,558,1052,621
3,1019,592,1052,621
3,1043,602,1026,606
3,1001,625,980,560
3,1000,632,977,549
3,1023,629,977,542
3,1017,621,978,541
3,1007,594,978,539
3,1015,603,979,539
3,989,589,979,539
3,1006,603,981,552
3,997,613,989,568
3,1025,592,1009,594
3,1039,612,1011,595
3,1035,616,1011,595
3,1031,615,1011,595
3,1061,621,1014,594
3,1043,627,1016,592
3,1043,649,1019,592
3,1055,655,1028,592
3,1046,685,1033,592
3,1052,701,1033,592
3,1037,682,1034,592
3,1026,707,1034,592
3,1019,715,1034,592
3,1019,725,1046,595
3,1013,732,1057,607
3,1006,711,1058,612
3,995,710,1065,625
3,988,722,1065,626
3,1006,710,1065,626
3,1002,684,1057,637
3,1023,680,1047,641
3,1027,675,1044,641
3,1035,661,1031,643
3,1055,646,1024,643
3,1062,646,1024,643
3,1054,629,1024,643
3,1038,636,1024,643
3,1051,615,1024,642
3,1052,599,1024,638
3,1025,608,1024,634
3,1023,587,1024,631
3,1042,591,1025,631
3,1027,613,1025,630
3,1033,600,1028,619
3,1033,594,1029,614
3,1024,580,1029,612
3,1031,563,1029,611
3,1050,567,1030,609
3,1055,589,1030,609
3,1056,603,1030,607
3,1050,588,1030,607
3,1086,591,1030,605
3,1092,620,1030,604
3,1062,616,1030,604
3,1050,629,1030,604
3,1067,648,1030,599
3,1066,674,1030,597
3,1051,676,1030,597
3,1063,644,1030,597
3,1063,642,1030,597
3,1064,650,1030,597
3,1054,638,1021,605
3,1047,627,1014,612
3,1045,629,1010,620
3,1042,601,1010,627
3,1007,599,1010,631
3,1002,599,1010,631
3,994,610,1010,631
3,983,609,1010,631
3,982,581,1010,631
3,959,567,1010,629
3,953,560,1015,609
3,933,580,1011,589
3,927,578,1008,586
3,939,555,1003,583
3,937,536,1001,581
3,955,547,993,566
3,972,550,978,555
3,998,562,963,549
3,990,568,952,549
3,980,570,931,550
3,968,572,925,551
3,963,573,923,541
3,960,561,923,533
3,1001,560,924,533
3,1016,552,948,537
3,1027,544,989,553
3,1009,553,991,555
3,1007,540,994,559
3,997,556,993,566
3,992,516,993,567
3,1001,540,993,573
3,1007,548,993,574
3,1008,557,995,574
3,990,546,998,573
3,1001,534,998,572
3,1013,544,998,561
3,996,536,987,540
3,1002,541,982,530
3,1027,537,974,529
3,1042,552,953,521
3,1042,576,940,515
3,1052,573,938,512
3,1049,584,940,502
3,1061,577,947,497
3,1052,558,956,497
3,1053,552,980,509
3,1044,537,1029,537
3,1024,537,1033,539
3,1040,542,1033,539
3,1040,508,1033,539
3,1038,509,1033,539
3,1030,491,1033,539
3,999,500,1033,539
3,980,487,1033,540
3,964,516,1022,559
3,975,527,1012,570
3,962,533,1008,574
3,941,544,992,571
3,959,528,969,552
3,956,533,963,531
3,977,556,961,524
3,1018,557,961,524
3,1013,535,953,535
3,1011,565,951,539
3,1006,542,949,545
3,993,542,949,550
3,1007,547,949,550
3,1022,565,949,550
3,1002,548,951,551
3,992,533,956,553
3,980,546,962,554
3,979,548,969,557
3,959,554,987,555
3,970,564,1004,554
3,1004,554,1029,554
3,1045,561,1057,559
3,1043,551,1099,568
3,1070,584,1101,569
3,1064,564,1097,577
3,1055,584,1084,585
3,1042,602,1069,586
3,1020,585,1060,586
3,1008,602,1056,591
3,991,606,1063,601
3,1002,604,1074,612
3,1002,597,1084,635
3,997,603,1090,648
3,1022,579,1090,652
3,1025,569,1086,655
3,1047,575,1078,659
3,1061,581,1041,660
3,1030,571,1040,660
3,1024,564,1039,644
3,1039,570,1038,615
3,1025,583,1038,602
3,1029,580,1038,602
3,1010,581,1038,602
3,1023,592,1038,602
3,1021,545,1034,599
3,1034,558,1031,599
3,1028,548,1031,599
3,1027,558,1028,597
3,1008,547,1028,597
3,990,526,1028,597
3,973,505,1022,601
3,980,500,1015,613
3,961,507,1013,618
3,971,504,1010,625
3,977,485,1008,626
3,954,491,1004,626
3,941,518,999,621
3,924,543,991,614
3,911,531,973,599
3,890,528,955,584
3,885,513,943,568
3,900,507,940,556
3,891,526,937,552
3,891,497,937,551
3,876,511,936,551
3,866,496,929,553
3,849,500,909,560
3,827,519,883,562
3,845,519,872,562
3,847,500,865,562
3,853,534,855,559
3,848,548,839,556
3,836,546,808,551
3,824,565,792,547
3,826,572,770,541
3,790,548,763,537
3,784,546,758,534
3,795,538,758,534
3,817,540,758,534
3,801,548,758,530
3,802,556,761,523
3,807,595,761,522
3,787,587,764,516
3,777,574,765,513
3,757,573,768,509
3,772,575,770,509
3,787,547,774,511
3,785,528,774,528
3,790,541,770,534
3,775,556,755,553
3,759,544,744,563
3,763,527,741,566
3,777,527,740,566
3,761,553,733,571
3,770,580,728,573
3,763,575,727,573
3,800,614,727,573
3,784,616,719,569
3,774,607,705,562
3,786,594,693,558
3,770,614,692,558
3,792,602,680,558
3,804,582,675,558
3,787,558,673,559
3,787,544,669,562
3,785,525,663,569
3,812,511,660,582
3,826,486,659,592
3,827,472,661,598
3,832,452,677,613
3,865,451,684,620
3,850,433,685,620
3,838,430,690,620
3,839,429,694,620
3,838,452,717,575
3,857,432,739,533
3,852,428,751,493
3,888,418,758,461
3,905,409,765,436
3,902,368,777,417
3,885,362,790,396
3,889,339,797,385
3,871,322,801,383
3,861,322,805,383
3,876,334,806,383
3,867,336,812,385
3,850,319,814,387
3,866,320,817,394
3,884,302,821,403
3,878,293,823,410
3,868,295,824,412
3,862,319,824,412
3,859,324,826,412
3,857,332,826,412
3,845,337,826,412
3,850,358,828,410
3,868,354,833,398
3,889,363,834,392
3,876,394,834,380
3,876,399,834,373
3,898,406,834,364
3,920,424,835,362
3,929,394,836,358
3,910,380,838,354
3,912,364,842,353
3,889,357,843,353
3,912,375,848,361
3,907,350,856,370
3,895,349,864,375
3,923,357,865,375
3,908,375,865,375
3,921,375,870,368
3,897,380,877,360
3,868,386,908,343
3,868,391,947,321
3,864,373,967,313
3,827,375,968,313
3,827,364,980,316
3,835,368,989,322
3,848,389,992,326
3,863,372,992,329
3,844,366,990,336
3,850,374,975,351
3,840,388,963,360
3,861,375,937,373
3,860,387,917,384
3,856,408,905,390
3,850,392,897,393
3,831,395,884,396
3,832,393,865,399
3,812,399,828,390
3,794,411,821,388
3,784,393,816,386
3,793,380,816,386
3,820,376,812,388
3,827,392,803,404
3,828,370,795,416
3,799,347,788,424
3,813,339,782,431
3,802,334,773,439
3,787,335,769,441
3,816,332,768,442
3,802,345,768,442
3,795,302,764,438
3,793,286,750,382
3,780,289,750,353
3,799,297,750,351
3,792,286,754,345
3,820,280,770,316
3,843,308,777,293
3,849,301,777,287
3,876,281,775,279
3,904,287,771,269
3,924,289,767,260
3,933,281,766,259
3,921,273,766,259
3,940,258,762,272
3,915,245,762,279
3,901,227,765,286
3,913,202,770,290
3,919,220,774,293
3,935,196,781,297
3,918,212,803,302
3,916,235,829,304
3,963,222,848,302
3,963,198,866,289
3,953,174,877,279
3,934,189,900,259
3,947,182,920,243
3,958,201,932,230
3,931,197,946,218
3,951,201,960,201
3,945,210,969,192
3,960,222,975,185
3,974,197,985,174
3,975,201,988,170
3,967,186,990,163
3,991,125,990,162
3,1001,164,983,162
3,980,155,980,165
3,946,135,979,166
3,922,135,977,168
3,916,132,977,168
3,889,127,977,168
3,921,134,977,168
3,924,122,977,168
3,904,109,977,168
3,895,114,977,168
3,893,134,977,168
3,885,141,977,168
3,858,142,972,171
3,839,139,966,174
3,853,136,935,178
3,855,123,876,179
3,850,136,859,176
3,864,122,848,170
3,884,110,832,170
3,897,120,814,170
3,911,130,802,173
3,914,140,789,176
3,922,131,788,177
3,955,148,788,177
3,967,150,788,177
3,971,177,802,168
3,973,172,822,165
3,978,162,829,164
3,992,162,838,163
3,1003,162,864,163
3,1000,175,901,172
3,998,171,925,176
3,961,155,927,177
3,985,159,935,177
3,978,133,964,169
3,988,155,978,161
3,976,157,989,150
3,968,186,998,137
3,940,159,1005,121
3,926,164,1007,113
3,897,153,1000,113
3,898,183,985,122
3,929,166,981,125
3,888,177,974,128
3,898,187,959,138
3,916,173,946,144
3,906,161,916,155
3,910,177,904,160
3,903,210,903,161
3,932,206,902,162
3,961,200,901,162
3,930,215,901,162
3,908,231,901,162
3,883,208,901,162
3,890,216,898,168
3,880,202,896,180
3,906,227,896,187
3,901,193,897,190
3,889,187,897,195
3,904,195,881,207
3,867,195,866,217
3,849,223,863,219
3,822,239,860,221
3,841,223,858,226
3,843,232,856,230
3,840,220,855,232
3,871,236,855,232
3,878,249,855,232
3,854,251,855,232
3,855,258,855,232
3,846,258,852,233
3,837,267,823,252
3,859,271,805,262
3,859,297,791,270
3,853,292,784,276
3,860,286,776,284
3,848,299,768,292
3,854,312,765,298
3,834,332,764,302
3,839,326,763,304
3,845,303,763,309
3,858,279,763,316
3,835,270,763,325
3,837,272,766,337
3,833,267,767,342
3,848,262,770,344
3,866,282,770,347
3,909,296,770,345
3,920,317,770,322
3,929,302,779,252
3,952,287,784,228
3,953,282,786,221
3,933,284,789,220
3,942,292,803,225
3,946,294,851,253
3,965,308,907,272
3,943,290,926,281
3,932,273,933,281
3,945,262,941,281
3,930,220,953,281
3,908,190,973,281
3,931,190,977,281
3,922,177,977,281
3,923,183,977,281
3,948,186,977,281
3,950,185,948,282
3,930,182,918,273
3,923,196,906,268
3,910,188,895,255
3,894,196,897,240
3,904,190,914,220
3,918,221,923,211
3,921,198,954,183
3,926,188,961,170
3,920,203,966,153
3,906,190,967,146
3,906,185,967,145
3,907,193,958,150
3,916,195,943,173
3,891,183,943,188
3,872,186,947,205
3,848,205,957,228
3,867,186,962,236
3,847,212,962,239
3,847,210,962,240
3,883,211,962,240
3,874,218,955,241
3,860,234,949,244
3,896,224,946,246
3,905,240,938,247
3,913,244,926,213
3,913,246,924,197
3,889,252,924,197
3,881,263,911,211
3,905,267,871,240
3,909,252,864,246
3,922,240,860,250
3,930,241,856,257
3,921,226,854,267
3,936,239,856,270
3,957,245,869,273
3,966,273,879,273
3,974,285,895,270
3,996,275,907,268
3,993,259,923,268
3,1016,250,941,269
3,1015,242,949,272
3,1009,281,960,273
3,996,295,971,276
3,1004,291,984,277
3,991,290,1000,278
3,987,299,1001,279
3,969,287,1023,279
3,963,278,1055,286
3,967,260,1093,287
3,975,274,1099,287
3,976,276,1103,297
3,1006,273,1106,306
3,1008,259,1104,313
3,1017,264,1098,316
3,1012,276,1080,320
3,979,279,1064,314
3,983,264,1059,312
3,978,252,1054,311
3,957,228,1046,310
3,978,203,1044,310
3,977,183,1038,310
3,1011,178,1030,310
3,1000,180,1022,310
3,1001,194,1007,305
3,1005,180,1006,273
3,991,171,1017,238
3,986,201,1018,232
3,967,189,1019,232
3,989,185,1019,232
3,1001,188,1019,232
3,999,189,1019,236
3,986,209,1019,241
3,988,234,1014,254
3,986,206,1003,267
3,1001,208,994,271
3,995,228,993,273
3,977,256,990,270
3,991,266,989,266
3,960,253,983,252
3,969,263,982,239
3,951,240,982,229
3,960,247,982,223
3,990,263,986,216
3,1000,268,987,210
3,996,264,991,203
3,1009,281,994,197
3,1005,278,994,196
3,990,256,994,196
3,1012,256,993,196
3,1003,257,969,213
3,1006,252,948,226
3,1020,223,947,227
3,1016,214,947,227
3,1005,193,947,233
3,1009,211,946,237
3,1028,236,939,247
3,998,240,939,252
3,1028,249,941,256
3,1014,258,949,258
3,1007,273,961,263
3,1000,259,983,264
3,997,296,994,264
3,1005,282,1003,264
3,1010,294,1014,267
3,1015,306,1027,275
3,1028,362,1031,283
3,1019,379,1032,286
3,1021,370,1033,289
3,1002,381,1035,294
3,997,354,1039,303
3,1018,358,1042,309
3,1026,366,1043,312
3,1035,388,1043,312
3,1039,376,1043,316
3,1059,380,1039,344
3,1056,394,1021,381
3,1049,405,993,436
3,1067,416,968,477
3,1085,363,934,544
3,1076,365,933,548
3,1093,357,934,545
3,1121,355,958,527
3,1114,354,998,510
3,1093,348,1031,497
3,1089,331,1068,473
3,1109,334,1082,463
3,1130,337,1093,453
3,1133,339,1116,423
3,1142,345,1124,405
3,1135,345,1127,395
3,1139,331,1128,391
3,1122,317,1128,391
3,1082,334,1124,391
3,1076,321,1114,395
3,1088,317,1109,397
3,1121,331,1108,392
3,1124,337,1108,382
3,1138,338,1108,373
3,1152,326,1108,372
3,1124,297,1097,367
3,1131,297,1047,362
3,1122,283,1001,352
3,1128,272,977,337
3,1115,270,961,333
3,1117,279,959,333
3,1134,276,959,333
3,1125,273,964,332
3,1115,259,1004,322
3,1113,288,1039,314
3,1084,298,1088,300
3,1074,302,1117,284
3,1092,304,1159,261
3,1099,294,1179,243
3,1094,284,1194,223
3,1094,312,1192,222
3,1111,299,1142,257
3,1140,345,1134,263
3,1130,357,1131,265
3,1136,321,1128,268
3,1119,324,1121,284
3,1150,329,1110,310
3,1150,344,1101,347
3,1092,313,1101,364
3,1098,290,1101,366
3,1091,283,1101,366
3,1101,282,1101,366
3,1114,283,1101,366
3,1146,251,1101,366
3,1124,255,1101,366
3,1136,249,1101,366
3,1124,263,1101,366
3,1135,270,1101,366
3,1146,254,1101,352
3,1138,274,1110,319
3,1134,273,1119,306
3,1125,289,1128,297
3,1107,287,1130,291
3,1098,259,1132,277
3,1079,255,1132,257
3,1082,284,1131,250
3,1079,302,1130,250
3,1062,310,1127,251
3,1056,310,1108,289
3,1042,321,1098,304
3,1029,303,1090,309
3,1036,319,1078,312
3,1042,309,1051,313
3,1057,293,1003,328
3,1055,284,956,358
3,1044,273,925,397
3,997,288,916,425
3,973,272,914,436
3,977,299,914,438
3,971,307,914,438
3,1008,330,914,438
3,1036,336,914,440
3,1003,357,914,449
3,1051,357,914,450
3,1055,383,914,450
3,1052,365,932,423
3,1053,372,966,417
3,1055,361,995,424
3,1068,357,1021,443
3,1052,340,1062,455
3,1039,348,1112,444
3,1050,346,1120,438
3,1076,361,1120,433
3,1084,363,1119,430
3,1088,342,1090,422
3,1103,332,1055,421
3,1096,339,1044,421
3,1094,335,1044,421
3,1102,329,1045,413
3,1106,331,1051,403
3,1096,329,1054,397
3,1090,335,1062,390
3,1072,339,1069,380
3,1080,328,1083,368
3,1082,339,1086,363
3,1075,341,1093,355
3,1101,330,1094,353
3,1090,321,1094,353
3,1100,320,1094,353
3,1092,322,1094,353
3,1079,337,1089,354
3,1071,351,1076,361
3,1104,363,1066,368
3,1121,389,1063,369
3,1113,395,1060,373
3,1106,399,1060,374
3,1120,395,1059,376
3,1132,372,1058,380
3,1130,375,1054,385
3,1146,382,1051,390
3,1158,405,1051,390
3,1157,385,1051,390
3,1128,417,1064,394
3,1140,416,1082,395
3,1122,414,1102,397
3,1112,402,1126,397
3,1101,401,1138,397
3,1096,393,1145,397
3,1109,367,1147,396
3,1099,326,1152,396
3,1104,337,1153,395
3,1109,353,1153,395
3,1093,379,1153,395
3,1124,375,1152,395
3,1111,353,1144,399
3,1132,344,1138,402
3,1129,342,1133,403
3,1122,299,1130,405
3,1142,287,1129,405
3,1120,292,1115,405
3,1124,306,1110,405
3,1114,267,1110,403
3,1120,261,1110,389
3,1124,252,1110,367
3,1118,238,1120,338
3,1121,202,1123,319
3,1107,238,1123,295
3,1135,263,1123,278
3,1120,261,1123,249
3,1125,246,1123,227
3,1124,225,1123,222
3,1111,211,1123,222
3,1120,206,1123,222
3,1132,208,1123,222
3,1130,195,1123,222
3,1113,199,1123,222
3,1106,211,1114,258
3,1109,253,1104,298
3,1072,244,1104,325
3,1102,225,1104,343
3,1093,219,1113,385
3,1082,221,1120,421
3,1089,223,1121,427
3,1091,227,1123,431
3,1085,225,1123,431
3,1111,219,1123,431
3,1120,225,1123,431
3,1114,242,1123,431
3,1087,238,1127,417
3,1093,231,1131,403
3,1080,249,1135,393
3,1077,256,1137,379
3,1073,280,1137,371
3,1094,270,1138,340
3,1092,274,1135,316
3,1100,273,1131,299
3,1071,284,1120,263
3,1074,273,1108,216
3,1042,261,1100,196
3,1023,257,1099,196
3,1041,240,1096,200
3,1048,251,1096,203
3,1047,263,1094,220
3,1058,259,1094,220
3,1045,276,1094,220
3,1058,254,1094,220
3,1081,246,1094,222
3,1097,261,1097,250
3,1112,250,1101,256
3,1099,232,1103,259
3,1065,206,1109,267
3,1097,223,1110,267
3,1083,239,1110,267
3,1058,252,1115,271
3,1054,284,1113,271
3,1060,271,1103,271
3,1070,258,1085,269
4,971,518,969,524
4,971,514,973,544
4,962,511,974,571
4,956,507,975,573
4,942,515,975,574
4,914,496,975,574
4,915,487,975,574
4,946,479,975,574
4,937,477,975,573
4,951,491,971,562
4,955,496,968,551
4,943,480,967,548
4,936,495,962,539
4,921,508,957,529
4,908,524,955,521
4,903,530,955,516
4,908,532,955,512
4,944,539,955,512
4,950,522,955,512
4,971,518,955,512
4,967,547,955,512
4,958,561,955,512
4,951,580,955,512
4,960,579,955,512
4,949,563,955,512
4,979,556,955,512
4,990,560,955,512
4,985,573,955,512
4,1011,587,955,512
4,1005,615,955,512
4,981,627,956,516
4,993,600,956,528
4,991,632,952,551
4,1002,626,952,551
4,984,630,954,551
4,956,660,954,551
4,946,670,954,551
4,937,668,954,551
4,932,676,956,553
4,930,696,957,584
4,941,690,955,608
4,961,717,947,632
4,994,693,946,633
4,986,686,946,634
4,981,693,943,646
4,980,718,937,660
4,982,712,931,678
4,991,693,928,691
4,999,661,928,701
4,1008,645,931,708
4,992,627,932,710
4,979,626,932,710
4,964,630,932,710
4,960,634,933,710
4,965,630,939,709
4,958,641,949,705
4,986,610,959,699
4,996,620,962,696
4,964,594,965,690
4,946,617,968,680
4,927,622,968,673
4,915,621,968,671
4,913,622,968,671
4,919,619,968,665
4,909,598,971,655
4,918,596,973,642
4,934,603,974,641
4,939,597,974,641
4,930,593,970,641
4,912,600,966,642
4,928,593,959,643
4,927,605,952,645
4,951,624,943,646
4,960,596,940,648
4,955,602,940,648
4,989,598,940,648
4,1018,598,940,642
4,1011,606,938,636
4,986,647,938,636
4,978,644,938,636
4,989,653,938,636
4,1005,677,938,623
4,964,638,939,621
4,987,633,940,620
4,986,623,940,620
4,970,629,940,620
4,961,649,944,618
4,984,608,945,618
4,1017,609,950,619
4,1004,636,956,624
4,998,643,961,633
4,973,666,969,643
4,984,686,973,646
4,985,678,979,652
4,976,662,982,657
4,973,664,985,660
4,936,668,990,661
4,952,663,991,662
4,955,666,993,670
4,952,684,996,680
4,967,673,998,686
4,971,647,998,692
4,957,640,998,700
4,974,627,997,701
4,957,627,996,706
4,955,635,993,713
4,970,618,990,715
4,949,592,985,718
4,979,603,983,717
4,984,611,975,703
4,1005,617,972,699
4,1004,610,968,692
4,992,589,964,680
4,995,582,963,671
4,984,560,963,664
4,987,517,964,660
4,982,488,964,660
4,970,494,965,659
4,981,479,963,660
4,947,494,961,658
4,922,497,961,658
4,928,485,961,658
4,889,488,964,657
4,885,502,966,652
4,878,486,967,650
4,850,491,965,601
4,854,480,961,581
4,836,483,911,541
4,839,475,845,507
4,852,456,801,459
4,843,455,799,447
4,835,466,798,442
4,816,469,796,433
4,796,447,797,424
4,779,449,797,423
4,798,451,806,441
4,796,451,817,495
4,795,450,815,521
4,817,444,812,527
4,835,449,812,527
4,837,452,801,505
4,825,453,785,485
4,823,446,766,468
4,857,459,760,466
4,857,479,760,464
4,849,492,760,464
4,850,485,760,464
4,831,460,760,464
4,843,455,827,479
4,824,457,850,491
4,834,457,859,506
4,837,438,872,531
4,866,483,878,538
4,842,492,891,565
4,837,505,906,583
4,834,541,907,584
4,838,542,906,581
4,842,548,903,577
4,816,548,901,572
4,810,564,891,555
4,810,564,879,537
4,807,572,876,532
4,809,583,874,535
4,810,546,870,543
4,815,537,868,544
4,770,519,858,548
4,753,532,822,554
4,725,534,815,555
4,735,547,808,561
4,726,563,807,561
4,720,566,804,560
4,720,570,782,540
4,719,551,774,538
4,703,525,751,541
4,687,526,728,554
4,691,510,708,566
4,693,523,687,580
4,693,548,668,590
4,724,553,668,590
4,739,543,667,590
4,741,518,659,563
4,733,527,658,556
4,732,508,661,543
4,722,485,664,542
4,729,515,689,539
4,705,496,725,534
4,683,491,732,529
4,695,488,733,527
4,707,509,724,510
4,731,509,710,489
4,732,504,688,461
4,755,524,671,446
4,769,523,660,438
4,765,539,658,435
4,760,563,656,435
4,725,591,659,436
4,724,594,677,451
4,706,585,697,468
4,702,567,721,491
4,658,549,747,509
4,629,542,753,514
4,626,546,745,525
4,639,545,714,545
4,676,554,694,554
4,652,555,667,555
4,638,525,656,551
4,618,532,638,536
4,620,518,626,522
4,606,520,611,509
4,624,525,608,502
4,629,515,606,499
4,609,503,606,499
4,618,506,606,499
4,614,536,606,499
4,607,543,606,498
4,607,520,606,498
4,617,501,606,494
4,617,511,604,480
4,622,480,604,478
4,655,496,604,478
4,683,468,595,481
4,718,442,587,482
4,715,428,587,482
4,733,393,583,482
4,728,431,583,482
4,719,435,586,482
4,739,443,633,485
4,748,469,683,477
4,748,476,701,455
4,748,478,712,439
4,766,470,725,435
4,760,487,759,425
4,728,517,767,449
4,713,497,795,489
4,696,471,824,504
4,703,450,831,504
4,731,446,831,502
4,715,457,830,495
4,729,473,814,485
4,719,499,805,484
4,733,503,774,484
4,738,501,764,484
4,748,497,756,453
4,750,523,749,437
4,764,547,741,440
4,785,533,714,462
4,789,553,704,476
4,807,563,704,476
4,802,551,704,477
4,799,552,715,479
4,797,553,735,489
4,792,577,742,499
4,764,568,757,519
4,789,579,777,541
4,786,559,798,553
4,778,570,805,551
4,755,561,808,549
4,752,554,806,548
4,755,536,791,548
4,760,534,780,549
4,792,566,778,550
4,781,564,773,550
4,777,552,760,550
4,777,536,758,545
4,745,562,753,534
4,756,556,789,536
4,759,539,789,538
4,747,546,795,549
4,731,567,796,552
4,703,527,802,552
4,735,541,809,550
4,748,541,809,550
4,753,520,809,550
4,749,520,809,550
4,755,502,809,550
4,755,501,802,545
4,743,521,766,532
4,734,532,763,525
4,735,512,763,518
4,718,526,760,504
4,729,523,759,481
4,726,520,756,472
4,754,498,755,466
4,794,518,754,463
4,768,527,754,462
4,762,564,754,461
4,768,568,754,461
4,793,581,754,471
4,786,564,758,485
4,783,561,758,493
4,774,567,758,501
4,771,515,758,503
4,795,516,758,507
4,798,508,758,517
4,783,532,766,536
4,783,539,774,549
4,790,561,775,552
4,767,577,775,554
4,745,571,772,553
4,735,557,782,532
4,740,570,788,529
4,744,579,788,528
4,716,582,790,528
4,717,591,790,527
4,703,620,790,527
4,700,602,790,527
4,676,600,790,527
4,671,601,790,527
4,672,606,790,527
4,681,608,790,540
4,651,604,790,578
4,665,628,774,590
4,633,611,767,594
4,632,639,752,605
4,627,657,724,631
4,648,663,681,657
4,660,667,680,657
4,663,663,680,657
4,670,672,680,657
4,693,666,680,657
4,712,684,673,657
4,714,702,602,658
4,704,719,563,663
4,698,750,563,664
4,713,756,563,664
4,712,763,572,674
4,734,755,589,685
4,764,761,601,686
4,753,738,620,688
4,750,762,625,691
4,757,778,638,701
4,723,759,671,729
4,726,745,698,744
4,718,739,734,760
4,699,731,834,825
4,691,736,859,854
4,721,746,860,871
4,723,745,858,891
4,759,749,857,891
4,754,769,821,838
4,778,791,813,822
4,773,801,808,813
4,767,800,808,811
4,757,765,797,800
4,771,786,793,797
4,777,784,792,795
4,765,771,792,794
4,774,766,792,794
4,777,733,792,794
4,753,727,792,794
4,736,742,792,794
4,728,748,792,794
4,746,728,792,794
4,744,751,792,794
4,732,739,792,794
4,737,737,792,794
4,727,725,792,794
4,733,722,792,794
4,735,704,792,794
4,732,671,792,794
4,736,674,792,794
4,732,644,792,794
4,744,647,783,765
4,741,653,754,711
4,728,644,736,673
4,723,627,707,587
4,728,637,701,544
4,714,643,701,530
4,696,645,706,502
4,696,622,721,428
4,688,658,721,428
4,690,668,723,471
4,705,663,737,472
4,729,650,736,493
4,711,654,713,550
4,718,685,705,566
4,702,686,705,569
4,699,712,697,582
4,682,696,697,583
4,683,722,697,583
4,683,736,697,583
4,674,719,697,583
4,687,714,697,583
4,687,703,701,588
4,696,724,713,603
4,664,692,719,609
4,662,695,723,616
4,651,673,726,619
4,658,691,729,623
4,691,690,732,627
4,703,712,734,631
4,701,731,734,631
4,691,733,734,631
4,717,711,734,631
4,691,709,734,631
4,699,708,734,631
4,713,708,734,631
4,698,716,734,631
4,689,722,734,631
4,697,690,738,635
4,721,703,736,642
4,742,700,736,642
4,757,701,736,642
4,751,707,727,650
4,746,739,716,661
4,750,740,715,661
4,740,766,715,662
4,722,743,715,662
4,713,746,715,662
4,707,715,714,657
4,731,721,714,652
4,741,734,714,650
4,749,722,714,650
4,770,710,725,655
4,751,739,749,673
4,749,704,772,692
4,744,722,790,703
4,755,725,791,703
4,708,734,791,707
4,728,728,795,716
4,723,744,807,723
4,751,768,820,727
4,749,770,821,728
4,745,777,822,728
4,735,791,822,728
4,755,756,822,728
4,748,771,822,728
4,754,741,818,728
4,787,710,805,727
4,782,705,799,726
4,754,733,799,726
4,744,748,799,726
4,737,736,795,726
4,729,737,788,731
4,713,728,788,731
4,713,734,791,721
4,716,751,791,716
4,721,747,791,716
4,724,770,785,716
4,702,773,757,716
4,706,756,739,716
4,704,772,723,716
4,714,761,700,716
4,716,787,689,721
4,737,784,687,722
4,733,795,687,722
4,753,815,687,722
4,743,856,687,722
4,745,842,687,722
4,750,829,687,722
4,745,807,687,722
4,751,802,687,722
4,774,793,687,722
4,778,794,687,722
4,778,789,687,722
4,782,774,687,722
4,788,793,687,722
4,791,801,687,722
4,778,811,687,722
4,771,801,687,722
4,780,851,687,722
4,760,861,687,722
4,776,847,687,722
4,778,871,690,719
4,764,850,695,713
4,753,855,695,712
4,793,832,695,712
4,810,809,695,712
4,798,823,695,712
4,793,835,695,712
4,818,807,695,712
4,789,839,691,714
4,777,822,683,720
4,780,797,683,720
4,775,807,683,720
4,751,815,684,707
4,741,820,690,693
4,749,817,693,687
4,723,830,702,680
4,724,836,704,679
4,707,832,709,688
4,724,838,729,733
4,745,818,749,776
4,739,838,751,810
4,763,854,748,835
4,745,838,744,842
4,774,850,744,846
4,795,878,743,846
4,797,869,743,846
4,809,840,743,846
4,797,842,741,846
4,793,869,741,846
4,812,874,741,846
4,818,880,741,846
4,822,891,741,846
4,811,888,741,846
4,820,906,741,846
4,818,903,742,846
4,849,940,782,850
4,851,918,812,865
4,869,919,826,871
4,847,895,833,878
4,888,895,834,885
4,893,882,834,887
4,894,917,834,887
4,898,903,834,887
4,893,882,834,887
4,888,879,834,887
4,902,851,834,887
4,932,858,834,887
4,910,859,834,887
4,929,861,834,887
4,933,845,834,887
4,956,794,834,887
4,960,814,834,887
4,950,836,832,874
4,955,830,831,861
4,940,829,830,860
4,922,814,830,860
4,952,842,832,855
4,966,845,845,845
4,993,846,849,843
4,999,880,849,843
4,1014,868,849,843
4,1007,852,863,843
4,1032,862,869,840
4,1007,846,883,836
4,993,825,896,836
4,996,853,914,834
4,1001,866,924,834
4,1011,855,937,838
4,1015,862,955,842
4,1014,855,964,843
4,1022,878,964,843
4,1028,874,964,843
4,1040,876,964,843
4,1039,893,964,843
4,1061,885,964,843
4,1055,867,964,843
4,1041,883,964,843
4,1060,898,964,843
4,1052,915,989,848
4,1054,936,1017,855
4,1066,940,1018,856
4,1084,931,1018,856
4,1083,928,1018,856
4,1084,928,1018,862
4,1086,922,1016,866
4,1069,920,1012,869
4,1077,903,1009,870
4,1052,909,1009,871
4,1042,874,1008,874
4,1049,853,1010,879
4,1068,875,1022,891
4,1048,861,1037,900
4,1037,863,1054,911
4,1043,857,1056,911
4,1044,857,1056,911
4,1071,828,1052,902
4,1060,857,1044,871
4,1051,851,1040,857
4,1030,860,1039,856
4,1052,858,1038,855
4,1023,861,1037,849
4,1012,855,1037,834
4,1004,864,1041,822
4,1003,879,1042,822
4,1000,884,1042,822
4,1018,885,1042,822
4,993,874,1042,822
4,1000,898,1042,822
4,1009,870,1040,825
4,985,838,1038,825
4,981,844,1038,825
4,984,826,1038,825
4,981,827,1038,825
4,980,841,1038,825
4,1003,862,1038,825
4,1003,862,1038,825
4,998,840,1038,825
4,978,836,1038,825
4,986,861,1038,825
4,968,857,1038,825
4,974,863,1038,825
4,950,885,1038,825
4,946,886,1007,827
4,929,897,919,835
4,941,882,919,835
4,949,893,919,835
4,908,893,919,835
4,903,884,919,835
4,921,855,918,836
4,911,833,919,844
4,889,815,924,847
4,898,847,927,854
4,917,835,929,865
4,920,843,929,866
4,930,821,926,869
4,912,838,924,870
4,913,824,919,868
4,893,820,912,845
4,872,836,912,832
4,873,830,917,821
4,877,821,920,815
4,877,847,921,814
4,827,831,921,812
4,831,867,921,812
4,857,835,921,812
4,869,830,921,812
4,860,829,921,812
4,881,824,921,812
4,871,843,921,812
4,883,820,921,811
4,866,813,924,803
4,846,804,924,800
4,839,794,924,800
4,842,790,924,800
4,848,792,924,800
4,839,813,924,800
4,850,808,924,800
4,834,800,924,800
4,819,809,924,800
4,819,788,924,800
4,805,783,924,800
4,780,780,924,800
4,801,767,924,800
4,798,768,924,800
4,807,781,924,800
4,809,764,924,800
4,793,769,924,800
4,794,790,924,800
4,795,792,924,800
4,785,809,918,793
4,798,803,897,776
4,800,820,897,776
4,810,813,896,776
4,804,783,894,774
4,783,782,850,773
4,792,771,820,775
4,802,769,814,778
4,780,776,813,782
4,779,775,812,790
4,783,776,812,799
4,806,803,814,803
4,795,777,815,803
4,770,774,816,795
4,790,770,822,756
4,806,772,826,741
4,813,768,827,734
4,840,772,827,732
4,856,784,827,732
4,872,772,827,732
4,878,768,827,732
4,909,743,827,727
4,917,743,827,725
4,928,745,827,725
4,926,752,828,730
4,907,732,835,742
4,879,745,865,755
4,897,742,914,754
4,899,761,941,748
4,915,754,970,735
4,922,743,1008,720
4,930,737,1035,702
4,893,720,1048,684
4,884,744,1046,674
4,885,772,1015,675
4,876,793,954,702
4,869,777,939,711
4,854,753,939,713
4,864,762,939,712
4,840,782,937,710
4,856,779,929,707
4,856,774,929,707
4,850,774,929,707
4,862,751,929,707
4,848,759,923,708
4,874,754,910,721
4,892,774,907,730
4,865,766,907,735
4,864,776,907,735
4,877,799,898,749
4,885,790,887,762
4,894,795,883,764
4,916,814,879,764
4,910,838,874,764
4,909,852,874,764
4,911,853,873,764
4,914,841,873,764
4,899,846,873,764
4,926,844,873,764
4,927,852,882,768
4,941,869,886,774
4,927,836,887,781
4,912,831,888,795
4,922,824,892,806
4,913,848,898,813
4,886,844,899,816
4,886,870,900,816
4,883,821,903,821
4,876,830,914,829
4,870,813,920,831
4,880,835,926,832
4,865,837,926,832
4,833,821,917,832
4,824,839,890,835
4,821,828,857,836
4,824,823,836,836
4,809,812,832,836
4,826,789,828,827
4,800,784,826,816
4,780,777,826,812
4,810,808,826,811
4,813,790,827,807
4,795,788,829,803
4,800,790,830,802
4,793,787,831,800
4,797,776,831,800
4,810,785,820,802
4,801,779,809,807
4,783,778,806,807
4,801,778,797,809
4,803,800,781,812
4,796,794,771,812
4,789,794,769,814
4,778,773,768,814
4,796,758,768,814
4,788,762,768,814
4,778,741,767,814
4,755,723,767,814
4,761,730,767,814
4,753,731,767,814
4,738,731,767,814
4,722,706,775,813
4,714,674,785,808
4,693,690,791,799
4,676,671,799,789
4,669,658,800,788
4,665,654,800,787
4,691,624,800,787
4,697,666,794,781
4,718,662,783,766
4,702,665,765,734
4,703,691,734,707
4,714,699,673,669
4,727,694,637,637
4,706,715,629,613
4,724,716,631,587
4,747,713,645,571
4,752,684,658,573
4,760,679,682,591
4,767,687,729,629
4,758,681,770,680
4,778,680,779,697
4,791,676,781,717
4,775,677,782,723
4,759,702,793,728
4,737,710,813,721
4,770,720,816,711
4,760,680,817,696
4,745,705,817,654
4,731,721,817,654
4,733,729,817,654
4,711,743,817,654
4,713,751,790,666
4,691,769,776,672
4,694,766,774,673
4,711,773,772,676
4,695,776,769,683
4,693,765,764,689
4,701,738,758,692
4,715,755,746,695
4,727,748,734,699
4,721,750,705,702
4,743,737,687,704
4,740,748,660,704
4,748,719,660,705
4,747,725,667,693
4,771,723,699,669
4,797,751,718,659
4,783,746,724,656
4,789,768,732,655
4,759,781,762,653
4,762,763,775,653
4,776,731,785,657
4,778,733,786,661
4,765,742,787,665
4,749,759,793,680
4,749,787,801,692
4,745,810,812,694
4,726,808,815,694
4,688,813,826,677
4,655,824,827,675
4,626,820,826,674
4,610,846,808,674
4,620,836,780,674
4,621,828,764,682
4,642,817,743,705
4,648,817,727,714
4,665,791,703,725
4,661,757,689,735
4,673,762,680,749
4,680,778,677,761
4,705,778,676,771
4,706,789,676,773
4,707,792,676,773
4,709,777,674,769
4,689,765,670,762
4,731,777,668,755
4,750,779,671,740
4,749,768,682,725
4,730,765,700,710
4,722,749,701,709
4,728,746,701,712
4,728,743,704,726
4,758,751,708,733
4,763,781,719,736
4,773,775,775,736
4,767,777,801,734
4,779,775,803,733
4,794,775,803,733
4,775,775,803,733
4,777,758,788,736
4,786,763,753,743
4,773,783,734,746
4,777,747,734,747
4,765,758,744,748
4,755,761,841,774
4,745,765,907,792
4,728,749,912,793
4,745,755,912,793
4,738,727,897,796
4,722,697,864,796
4,697,688,827,793
4,706,698,814,781
4,698,690,810,759
4,702,685,800,747
4,710,658,789,734
4,717,640,771,716
4,711,655,758,697
4,681,674,743,682
4,667,689,735,676
4,646,668,723,668
4,662,645,701,650
4,666,641,695,642
4,664,651,694,641
4,690,656,694,641
4,689,656,682,657
4,673,645,682,658
4,681,630,682,658
4,681,637,682,658
4,699,639,682,658
4,703,614,667,658
4,716,620,659,658
4,721,618,659,658
4,702,603,659,658
4,709,573,659,658
4,712,564,659,658
4,714,575,659,658
4,688,582,659,658
4,666,604,659,658
4,676,615,659,658
4,678,608,659,658
4,671,601,659,658
4,651,616,659,658
4,639,621,659,658
4,628,626,659,658
4,641,635,659,658
4,636,627,659,658
4,642,624,659,658
4,626,628,659,658
4,602,624,659,658
4,637,622,659,658
4,648,632,659,658
4,642,651,659,658
4,623,662,670,641
4,629,670,707,547
4,667,665,692,544
4,680,650,684,548
4,689,636,679,556
4,681,648,677,560
4,680,642,669,575
4,676,645,654,605
4,665,642,634,655
4,661,651,630,674
4,672,660,631,699
4,668,672,631,699
4,664,675,634,699
4,675,683,644,690
4,694,690,661,669
4,713,699,661,668
4,689,718,661,668
4,683,722,661,668
4,689,726,663,659
4,684,725,663,648
4,690,714,649,623
4,679,701,640,619
4,643,704,636,623
4,610,694,626,631
4,638,683,626,631
4,615,666,638,663
4,616,666,648,672
4,595,680,648,672
4,600,668,648,672
4,590,692,648,672
4,602,717,645,673
4,598,730,645,673
4,595,737,637,675
4,575,716,622,677
4,580,715,611,677
4,583,713,607,676
4,582,694,607,675
4,591,680,601,678
4,580,681,599,687
4,573,689,597,700
4,593,677,594,708
4,589,691,592,710
4,610,688,589,713
4,637,698,582,715
4,643,703,577,715
4,623,729,570,715
4,637,725,567,711
4,612,721,564,706
4,624,741,564,704
4,622,746,564,701
4,611,722,568,696
4,618,711,574,693
4,614,740,576,693
4,614,721,576,693
4,580,708,576,693
4,555,740,583,690
4,538,752,586,687
4,527,770,587,686
4,526,794,591,685
4,539,793,598,681
4,519,783,601,675
4,496,789,605,669
4,485,798,611,661
4,526,805,615,658
4,511,837,615,658
4,538,852,615,658
4,563,860,615,659
4,559,873,607,671
4,585,863,584,694
4,591,869,573,708
4,578,860,566,723
4,575,855,562,751
4,584,856,562,764
4,596,874,566,776
4,620,860,568,785
4,632,881,576,808
4,633,860,588,831
4,646,879,596,840
4,688,884,621,854
4,681,870,638,867
4,681,859,765,893
4,690,848,793,895
4,709,862,793,895
4,700,863,793,895
4,686,877,795,895
4,654,850,795,895
4,652,822,795,895
4,651,822,796,883
4,669,807,798,874
4,662,802,798,873
4,659,799,788,874
4,624,777,769,874
4,622,779,700,846
4,633,797,660,822
4,649,790,643,802
4,656,789,638,784
4,668,809,634,773
4,664,795,633,763
4,640,782,628,749
4,666,790,621,729
4,660,799,619,721
4,622,808,619,721
4,609,814,619,721
4,648,813,630,732
4,669,824,633,734
4,645,814,633,734
4,663,820,633,734
4,673,836,640,734
4,692,835,645,736
4,693,821,645,738
4,715,838,645,748
4,727,830,644,748
4,727,824,659,759
4,727,801,699,781
4,702,816,709,797
4,720,817,712,799
4,715,802,715,801
4,697,783,730,806
4,684,783,759,806
4,673,744,759,806
4,669,742,716,795
4,679,750,698,793
4,668,756,698,781
4,685,761,698,765
4,722,731,694,763
4,714,721,657,762
4,729,737,651,747
4,714,725,651,717
4,714,704,652,714
4,706,731,646,721
4,706,746,653,746
4,729,744,665,752
4,724,769,676,756
4,744,758,681,756
4,778,759,696,756
4,774,744,714,756
4,783,730,721,754
4,783,742,724,751
4,770,742,729,750
4,763,778,735,746
4,782,770,744,745
4,782,776,773,733
4,760,785,801,720
4,757,780,807,715
4,753,752,808,714
4,758,730,810,710
4,750,760,813,705
4,735,770,813,704
4,714,794,801,718
4,696,802,795,725
4,677,840,794,726
4,665,853,789,730
4,667,844,785,719
4,666,855,784,716
4,709,866,779,716
4,692,855,723,748
4,692,845,685,780
4,665,847,675,796
4,664,842,668,816
4,675,826,665,836
4,628,825,679,852
4,642,802,688,861
4,617,804,689,868
4,591,814,688,868
4,597,797,667,849
4,597,789,663,825
4,590,809,659,795
4,589,792,658,776
4,558,794,652,754
4,555,784,647,726
4,578,786,644,693
4,586,787,643,685
4,578,778,635,691
4,561,777,622,710
4,578,778,604,721
4,576,788,602,724
4,564,763,601,726
4,572,786,602,740
4,567,767,604,749
4,559,767,604,762
4,571,754,594,775
4,571,731,590,778
4,551,743,586,779
4,555,760,581,779
4,552,788,561,783
4,558,819,548,782
4,548,825,542,767
4,552,834,533,746
4,557,830,528,733
4,555,806,527,729
4,577,784,527,729
4,566,776,527,731
4,585,779,534,749
4,606,789,546,766
4,604,795,550,773
4,593,793,563,783
4,569,799,567,786
4,554,800,571,787
4,538,802,582,787
4,520,788,592,786
4,515,823,597,781
4,521,825,600,774
4,499,822,599,768
4,493,801,595,760
4,457,790,584,734
4,520,803,580,728
4,492,775,578,727
4,481,793,572,733
4,515,782,570,741
4,502,780,567,753
4,507,782,560,763
4,538,779,557,765
4,579,769,535,759
4,565,785,517,754
4,537,808,473,754
4,563,786,465,753
4,580,781,460,753
4,570,768,460,753
4,558,780,460,754
4,548,780,475,758
4,541,777,482,754
4,590,790,483,753
4,595,783,486,751
4,581,801,488,750
4,596,796,496,764
4,605,809,513,789
4,612,798,514,789
4,594,801,530,789
4,594,806,541,794
4,617,806,556,803
4,625,794,583,818
4,627,807,610,825
4,636,763,628,824
4,647,757,629,822
4,665,760,629,816
4,650,793,629,811
4,663,789,629,811
4,670,777,625,806
4,696,767,625,793
4,692,745,627,767
4,641,758,627,766
4,622,758,627,766
4,622,749,627,767
4,637,713,630,793
4,627,711,635,812
4,625,703,635,812
4,626,688,659,793
4,617,708,663,785
4,641,713,661,776
4,645,716,655,750
4,686,724,652,703
4,683,725,652,640
4,665,743,644,590
4,653,740,644,589
4,640,721,643,590
4,628,742,640,599
4,652,741,640,619
4,664,746,645,645
4,672,732,647,655
4,680,712,648,658
4,665,683,650,660
4,689,659,651,665
4,704,678,651,665
4,704,709,654,667
4,723,715,658,669
4,729,741,661,672
4,722,777,665,666
4,742,775,676,625
4,772,765,676,621
4,780,786,676,620
4,784,764,677,615
4,793,745,679,607
4,781,738,679,603
4,764,752,679,603
4,749,734,679,603
4,768,760,679,603
4,764,758,694,618
4,757,742,723,658
4,738,728,761,702
4,741,746,769,711
4,743,732,769,711
4,733,756,769,716
4,729,741,769,732
4,712,726,773,740
5,959,543,1037,497
5,979,556,1059,460
5,968,545,1056,450
5,1002,579,1055,449
5,1001,569,1055,449
5,1018,584,1055,447
5,984,587,1055,447
5,978,591,1047,474
5,976,610,1043,515
5,1025,611,1040,553
5,1053,597,1040,554
5,1037,600,1040,561
5,1046,609,1022,590
5,1042,573,987,613
5,1075,564,981,617
5,1099,572,981,617
5,1093,553,985,617
5,1094,520,991,610
5,1094,489,994,598
5,1112,481,996,593
5,1130,463,1006,583
5,1117,457,1010,582
5,1092,428,1015,582
5,1095,437,1020,582
5,1091,426,1024,586
5,1103,447,1024,590
5,1125,453,1024,590
5,1135,422,1030,580
5,1146,441,1047,533
5,1134,466,1049,505
5,1132,494,1049,498
5,1125,498,1047,475
5,1129,503,1043,455
5,1118,497,1041,442
5,1134,512,1041,442
5,1140,488,1050,445
5,1142,506,1072,465
5,1156,489,1084,475
5,1163,490,1088,478
5,1158,473,1114,502
5,1145,484,1131,524
5,1133,483,1133,529
5,1150,469,1133,529
5,1124,450,1133,529
5,1122,449,1133,529
5,1125,413,1146,544
5,1125,418,1149,549
5,1098,440,1154,536
5,1094,450,1154,532
5,1083,448,1147,526
5,1073,445,1145,526
5,1096,447,1138,513
5,1086,456,1133,505
5,1083,476,1125,488
5,1100,477,1118,480
5,1111,484,1112,477
5,1092,485,1093,490
5,1097,480,1092,490
5,1099,509,1085,493
5,1134,508,1084,499
5,1154,518,1084,512
5,1126,487,1085,515
5,1136,486,1091,522
5,1130,465,1093,524
5,1109,455,1098,535
5,1129,446,1098,539
5,1107,464,1096,541
5,1107,486,1095,539
5,1125,522,1095,520
5,1113,510,1095,509
5,1124,531,1101,487
5,1129,514,1104,477
5,1108,516,1111,463
5,1085,526,1113,463
5,1087,518,1113,463
5,1087,507,1113,463
5,1075,525,1111,484
5,1063,546,1111,491
5,1060,552,1109,510
5,1055,554,1109,517
5,1068,543,1099,538
5,1047,553,1094,550
5,1047,552,1091,555
5,1042,560,1084,559
5,1030,558,1080,559
5,1009,570,1077,559
5,1023,575,1072,543
5,1011,546,1072,532
5,1004,529,1073,524
5,1007,543,1078,519
5,1013,542,1082,514
5,1014,529,1086,510
5,1013,525,1088,508
5,1023,502,1088,508
5,1017,522,1088,508
5,982,519,1082,515
5,966,515,1046,528
5,975,521,1016,537
5,962,510,996,542
5,975,502,991,545
5,983,529,991,545
5,995,525,991,546
5,1000,527,989,546
5,1011,512,944,546
5,998,491,907,541
5,1009,493,905,540
5,1013,488,908,523
5,1009,460,928,508
5,1001,471,931,507
5,1026,483,936,507
5,1016,491,948,511
5,1022,487,964,512
5,1022,505,971,510
5,1042,516,989,501
5,1017,529,1007,490
5,1005,526,1012,486
5,1028,535,1015,485
5,1014,524,1015,484
5,1026,508,1018,484
5,1034,530,1026,490
5,1029,542,1030,496
5,1053,540,1031,504
5,1074,533,1030,510
5,1072,526,1020,522
5,1060,526,1015,523
5,1068,532,1012,525
5,1061,564,1011,527
5,1063,585,1005,533
5,1029,606,1004,540
5,1023,612,1021,562
5,1045,619,1041,554
5,1048,603,1059,525
5,1024,622,1060,523
5,1041,646,1064,558
5,1025,640,1056,576
5,997,660,1047,596
5,970,667,1047,610
5,937,650,1042,617
5,957,646,1021,619
5,949,678,1015,619
5,938,662,1000,622
5,951,690,954,622
5,962,688,921,621
5,951,667,917,614
5,947,666,924,601
5,948,662,935,592
5,942,667,943,606
5,957,669,967,644
5,960,661,999,667
5,980,669,999,667
5,938,668,985,680
5,945,670,958,697
5,954,657,957,697
5,960,651,957,697
5,949,644,961,719
5,952,627,971,731
5,940,617,969,732
5,914,600,962,734
5,929,605,961,726
5,940,612,966,700
5,953,625,973,676
5,956,589,971,669
5,969,574,959,655
5,990,584,949,644
5,1017,555,931,605
5,1026,554,899,582
5,1037,529,852,566
5,1035,533,861,556
5,1017,551,884,545
5,1057,566,916,544
5,1095,537,989,553
5,1090,551,1004,553
5,1118,525,1006,553
5,1128,530,1007,551
5,1096,555,1007,551
5,1080,529,1030,554
5,1048,530,1215,551
5,1064,515,1209,543
5,1072,513,1189,530
5,1052,496,1147,502
5,1059,512,1140,485
5,1044,517,1140,478
5,1070,517,1140,478
5,1071,539,1139,479
5,1055,531,1123,502
5,1051,528,1098,522
5,1024,536,1095,522
5,1031,535,1095,522
5,1043,543,1095,522
5,1043,548,1095,523
5,1047,529,1095,515
5,1049,525,1089,490
5,1036,539,1089,489
5,1049,553,1087,489
5,1040,545,1053,521
5,1055,555,1025,535
5,1053,549,1024,535
5,1056,551,1024,529
5,1050,534,1024,529
5,1052,550,1028,533
5,1080,529,1032,558
5,1076,495,1032,558
5,1074,519,1032,538
5,1067,507,1040,515
5,1064,537,1040,515
5,1071,544,1037,517
5,1033,549,1035,519
5,1019,569,1035,511
5,1017,567,1041,495
5,1008,569,1044,491
5,997,585,1047,488
5,999,615,1047,488
5,1004,619,1052,488
5,1001,630,1066,498
5,1001,627,1068,503
5,1013,635,1044,534
5,1033,599,1021,550
5,1032,610,1004,561
5,1051,599,988,585
5,1059,559,984,597
5,1053,564,991,607
5,1049,559,998,613
5,1050,569,1016,620
5,1027,576,1041,620
5,1010,589,1059,615
5,976,621,1063,605
5,1000,629,1053,577
5,998,645,1043,550
5,1007,623,1040,541
5,1007,619,1030,539
5,1023,634,1011,544
5,1024,634,985,567
5,1017,600,977,592
5,1041,624,974,627
5,1059,627,967,661
5,1055,666,970,717
5,1015,671,990,701
5,1018,668,1005,656
5,1036,655,1001,647
5,1048,658,1000,637
5,1046,645,1023,625
5,1007,642,1032,632
5,1019,641,1033,673
5,1010,651,1024,696
5,1014,645,1022,701
5,1030,647,1031,704
5,1008,661,1058,696
5,1009,669,1059,695
5,1003,651,1059,693
5,1025,661,1054,691
5,1013,681,1015,699
5,1041,685,994,702
5,1009,675,979,705
5,998,667,975,705
5,995,667,975,705
5,962,649,975,697
5,963,625,982,693
5,993,644,989,691
5,1024,627,997,688
5,1052,627,997,687
5,1072,636,997,687
5,1061,616,997,687
5,1088,605,997,687
5,1106,585,997,687
5,1126,561,997,687
5,1120,592,1001,676
5,1106,588,1009,659
5,1133,570,1013,655
5,1131,569,1022,646
5,1130,579,1047,625
5,1131,575,1066,600
5,1104,570,1084,575
5,1084,573,1110,539
5,1088,595,1124,514
5,1084,595,1134,493
5,1066,611,1139,487
5,1071,621,1139,487
5,1032,622,1139,487
5,1029,600,1116,499
5,1041,579,1094,499
5,1027,610,1077,505
5,1035,588,1077,512
5,1059,565,1079,518
5,1028,567,1083,526
5,1039,568,1084,526
5,1043,568,1067,528
5,1043,588,1028,520
5,1049,594,1026,498
5,1072,636,1027,479
5,1052,633,1032,472
5,1041,670,1035,471
5,1041,683,1038,470
5,1039,692,1038,470
5,1070,666,1038,470
5,1090,665,1038,472
5,1086,657,1047,530
5,1096,647,1048,562
5,1088,670,1047,583
5,1074,643,1047,610
5,1032,647,1060,664
5,1045,668,1082,696
5,1054,660,1098,705
5,1053,659,1110,701
5,1073,663,1118,691
5,1070,704,1132,674
5,1072,694,1133,664
5,1071,671,1075,644
5,1084,666,1045,639
5,1094,662,1045,639
5,1087,664,1045,639
5,1091,670,1045,648
5,1064,659,1048,662
5,1060,671,1049,664
5,1052,646,1065,687
5,1026,649,1072,693
5,1017,641,1084,679
5,1042,643,1089,671
5,1023,656,1089,669
5,1017,685,1083,669
5,1031,674,1054,679
5,1054,657,1044,679
5,1073,684,1035,664
5,1069,672,1028,653
5,1068,662,1028,647
5,1089,645,1028,645
5,1079,666,1028,645
5,1079,664,1025,653
5,1054,669,1023,670
5,1049,674,1029,672
5,1060,682,1046,669
5,1052,697,1051,668
5,1064,692,1051,668
5,1084,686,1062,675
5,1086,710,1073,671
5,1089,715,1089,653
5,1086,709,1096,644
5,1049,714,1096,644
5,1066,716,1090,660
5,1086,696,1083,665
5,1064,700,1076,659
5,1038,691,1074,658
5,1042,713,1074,658
5,1046,699,1071,658
5,1055,710,1049,672
5,1051,716,1041,673
5,1056,709,1037,672
5,1053,692,1034,672
5,1055,707,1034,672
5,1049,733,1033,672
5,1046,746,1031,669
5,1071,725,1031,668
5,1035,706,1031,668
5,1042,695,1031,655
5,1058,678,1033,643
5,1050,662,1035,640
5,1056,662,1035,640
5,1045,632,1036,647
5,1036,605,1034,666
5,1051,592,1030,684
5,1044,578,1028,692
5,1060,572,1028,693
5,1055,583,1029,700
5,1038,570,1030,699
5,1021,568,1030,669
5,997,568,1025,614
5,992,550,1024,563
5,992,523,1034,538
5,978,527,1038,523
5,991,538,1039,517
5,973,561,1030,503
5,953,544,1018,487
5,969,552,988,462
5,962,565,970,454
5,964,583,964,466
5,974,590,960,492
5,977,589,960,498
5,963,590,962,510
5,964,592,964,515
5,966,606,966,519
5,946,641,969,521
5,938,642,969,521
5,942,673,969,522
5,959,672,969,522
5,964,689,969,522
5,942,672,969,522
5,967,687,967,536
5,983,667,962,556
5,1003,682,956,582
5,982,689,954,619
5,949,699,962,640
5,965,687,974,658
5,975,696,982,666
5,956,693,995,684
5,970,681,1008,693
5,961,697,1026,706
5,954,717,1032,712
5,993,699,1035,725
5,975,707,1029,728
5,984,697,988,739
5,952,698,971,742
5,924,678,956,726
5,918,632,954,703
5,921,638,954,680
5,917,650,956,674
5,902,618,960,662
5,888,603,963,647
5,911,598,968,608
5,902,594,969,589
5,888,621,964,545
5,878,601,962,543
5,877,592,959,540
5,874,592,957,539
5,877,614,952,548
5,873,626,946,560
5,890,605,935,570
5,871,616,924,577
5,869,599,910,587
5,857,585,909,588
5,863,580,890,589
5,880,588,830,571
5,933,586,820,559
5,927,596,820,551
5,947,592,835,541
5,915,587,854,536
5,911,600,864,535
5,912,629,887,550
5,938,635,903,555
5,953,612,916,556
5,955,616,931,556
5,954,609,943,556
5,954,611,951,555
5,955,649,958,554
5,932,653,959,553
5,933,666,959,553
5,920,664,971,574
5,885,666,987,593
5,888,692,992,594
5,914,703,1005,594
5,931,716,1013,595
5,915,718,1013,595
5,881,716,1008,614
5,901,708,960,648
5,886,693,915,674
5,886,725,903,688
5,891,716,896,709
5,878,712,888,722
5,905,715,849,732
5,887,754,753,716
5,904,751,761,692
5,895,739,790,673
5,858,749,805,671
5,832,776,815,676
5,857,767,844,711
5,837,762,851,718
5,853,731,851,718
5,861,724,855,725
5,855,749,856,727
5,863,752,851,731
5,855,760,834,734
5,863,773,834,734
5,877,782,834,725
5,884,807,834,693
5,873,824,833,689
5,853,827,832,689
5,860,826,826,692
5,869,826,826,696
5,866,809,826,703
5,839,841,826,703
5,840,875,826,703
5,832,877,826,703
5,828,855,826,703
5,835,852,826,703
5,839,843,826,703
5,836,853,820,703
5,839,870,819,703
5,834,860,818,703
5,825,892,812,703
5,811,881,808,704
5,815,875,799,708
5,824,892,794,711
5,816,895,788,712
5,826,922,787,714
5,821,921,787,714
5,825,929,787,714
5,812,921,787,715
5,792,923,791,733
5,804,933,792,744
5,799,905,792,745
5,805,902,792,745
5,823,898,792,747
5,800,878,792,748
5,801,876,792,748
5,818,891,792,748
5,818,892,792,748
5,798,899,792,748
5,791,907,792,748
5,807,897,792,748
5,804,883,792,748
5,830,862,792,748
5,850,855,797,756
5,831,851,801,769
5,843,865,801,774
5,831,865,801,774
5,815,862,801,773
5,817,858,803,764
5,824,866,807,760
5,820,892,808,760
5,844,869,808,760
5,850,851,795,766
5,816,842,790,767
5,825,845,790,767
5,807,830,792,769
5,809,815,792,773
5,811,821,798,793
5,811,813,855,847
5,796,820,875,859
5,810,807,875,860
5,810,777,859,868
5,824,790,822,876
5,840,781,771,885
5,871,787,771,885
5,867,800,771,885
5,877,769,771,885
5,889,775,771,885
5,850,749,775,881
5,853,733,788,872
5,848,724,803,862
5,825,697,808,855
5,823,699,814,842
5,820,687,829,814
5,811,683,840,792
5,811,676,843,770
5,806,693,840,759
5,814,699,836,734
5,808,732,833,704
5,799,716,832,703
5,790,704,810,688
5,789,702,810,687
5,781,713,810,687
5,779,712,804,700
5,803,710,799,702
5,811,707,792,706
5,817,711,792,706
5,828,704,792,706
5,797,712,792,702
5,772,720,792,696
5,778,726,792,691
5,772,732,792,691
5,792,727,795,685
5,777,694,800,683
5,779,690,800,683
5,760,692,800,683
5,777,696,800,683
5,807,679,797,696
5,799,673,796,703
5,781,658,796,703
5,769,640,796,703
5,757,654,796,703
5,786,690,796,698
5,789,694,796,697
5,792,689,796,697
5,767,674,796,697
5,740,713,797,691
5,722,717,797,684
5,733,701,798,686
5,731,703,807,701
5,772,734,808,703
5,728,738,808,703
5,709,711,808,703
5,714,704,808,703
5,727,703,808,703
5,700,696,808,703
5,691,729,808,703
5,700,739,808,703
5,704,740,808,703
5,711,733,808,703
5,725,772,808,703
5,749,753,808,703
5,749,744,808,703
5,740,759,784,715
5,765,735,754,733
5,721,715,752,733
5,750,736,736,724
5,758,754,725,723
5,764,756,725,723
5,768,759,726,713
5,797,789,729,688
5,807,791,726,683
5,818,788,726,682
5,809,791,726,682
5,817,810,722,677
5,799,812,710,661
5,768,824,716,660
5,781,809,723,681
5,769,840,713,697
5,784,869,712,699
5,781,858,712,699
5,789,860,728,710
5,776,855,730,712
5,759,840,733,725
5,754,806,739,741
5,762,801,762,780
5,767,800,781,801
5,743,803,793,830
5,775,836,810,865
5,747,853,811,872
5,766,841,793,866
5,760,855,775,836
5,801,887,772,821
5,786,865,779,807
5,768,858,787,797
5,772,868,787,800
5,770,847,771,817
5,795,841,766,824
5,810,828,773,853
5,789,846,783,859
5,791,842,785,860
5,805,870,789,856
5,804,922,794,847
5,796,923,794,847
5,805,909,790,843
5,796,909,776,819
5,793,901,768,802
5,782,930,761,796
5,764,930,756,795
5,762,930,756,795
5,776,927,756,795
5,757,922,756,795
5,751,912,756,795
5,723,921,746,822
5,720,968,746,822
5,740,1003,746,822
5,746,1003,746,822
5,756,994,746,822
5,755,992,746,825
5,753,1017,742,829
5,727,1010,744,837
5,723,973,767,850
5,731,967,785,860
5,716,964,793,875
5,710,947,791,918
5,696,966,762,978
5,685,967,681,1002
5,655,967,595,1003
5,651,989,554,997
5,638,964,563,986
5,632,950,585,957
5,636,928,588,950
5,638,923,592,932
5,678,905,584,917
5,674,913,574,899
5,666,919,566,890
5,679,908,566,890
5,698,901,566,890
5,690,892,570,890
5,710,941,582,891
5,725,927,587,891
5,730,929,598,891
5,699,927,610,887
5,699,906,623,882
5,705,891,643,870
5,686,865,650,865
5,683,865,666,859
5,690,869,674,855
5,719,869,676,853
5,698,852,676,853
5,731,861,676,853
5,753,856,676,855
5,738,865,678,861
5,732,863,683,866
5,695,856,689,869
5,702,869,691,869
5,720,886,691,869
5,703,886,698,866
5,686,888,717,854
5,680,897,717,854
5,668,925,717,854
5,697,927,707,854
5,745,935,671,861
5,729,936,664,866
5,728,932,665,868
5,706,908,664,872
5,684,943,641,890
5,693,932,640,893
5,694,947,640,902
5,696,959,641,902
5,704,963,647,885
5,708,943,647,880
5,705,955,647,868
5,732,924,656,857
5,759,915,668,846
5,748,917,682,847
5,771,923,702,863
5,744,934,723,889
5,750,922,728,897
5,753,935,728,904
5,754,949,722,907
5,775,971,699,912
5,782,948,685,912
5,794,952,658,895
5,783,932,635,874
5,797,935,639,873
5,809,930,663,878
5,830,941,688,892
5,813,958,711,910
5,795,968,730,918
5,804,983,750,929
5,810,988,763,936
5,828,1021,766,936
5,814,976,775,935
5,823,972,797,926
5,832,957,817,913
5,810,954,845,890
5,805,933,845,890
5,802,928,850,888
5,790,911,872,885
5,785,893,896,884
5,781,878,898,884
5,756,877,887,890
5,786,847,847,912
5,748,834,820,921
5,733,844,796,922
5,748,856,766,917
5,757,869,739,897
5,739,890,723,886
5,777,892,725,878
5,784,871,727,874
5,789,858,737,869
5,757,855,745,865
5,732,851,760,859
5,749,857,770,855
5,751,875,777,853
5,745,866,783,848
5,748,841,798,841
5,743,829,805,835
5,733,833,795,815
5,745,806,756,783
5,782,789,725,756
5,781,768,712,735
5,794,767,702,718
5,803,774,699,712
5,811,756,699,707
5,822,726,699,703
5,816,700,708,691
5,833,694,716,678
5,815,700,726,670
5,824,688,738,664
5,827,718,746,658
5,840,718,760,648
5,843,717,792,616
5,865,699,815,584
5,857,687,821,574
5,847,686,822,575
5,845,672,826,597
5,830,673,830,624
5,844,661,837,640
5,829,657,838,643
5,830,676,838,643
5,822,645,841,644
5,834,649,843,645
5,869,636,843,647
5,866,635,832,652
5,858,641,825,655
5,856,645,812,665
5,864,645,807,668
5,872,652,807,668
5,848,648,827,659
5,837,635,833,657
5,842,659,841,652
5,831,669,877,633
5,832,693,914,618
5,825,661,942,609
5,830,659,943,609
5,844,656,948,598
5,852,648,941,586
5,882,675,916,582
5,893,692,886,585
5,904,694,873,594
5,896,681,861,609
5,886,695,857,620
5,905,708,866,652
5,912,705,880,665
5,914,697,908,699
5,953,683,914,705
5,955,673,922,703
5,941,659,933,692
5,946,667,934,692
5,938,638,934,692
5,932,640,937,714
5,953,641,966,724
5,983,660,974,724
5,975,652,983,719
5,993,642,989,713
5,1001,638,989,712
5,996,622,992,706
5,1005,614,994,696
5,1002,618,996,686
5,990,592,996,683
5,978,555,1000,674
5,983,529,1002,665
5,991,554,1005,658
5,966,573,1006,654
5,971,565,1007,650
5,966,562,1007,650
5,979,552,1007,650
5,1007,564,1007,650
5,1005,574,1007,650
5,1021,568,1008,641
5,1019,562,1007,614
5,1012,586,995,561
5,1020,582,986,539
5,1040,606,981,522
5,1043,596,980,514
5,1044,578,980,514
5,1024,566,980,514
5,1015,551,980,514
5,1032,543,980,514
5,1024,546,980,514
5,1035,533,963,524
5,1035,540,962,524
5,1029,539,961,526
5,1027,536,959,549
5,1018,550,959,603
5,1012,550,988,610
5,1012,569,995,603
5,1018,572,1012,572
5,1024,570,1014,569
5,1013,551,1012,560
5,992,568,1017,555
5,987,570,1028,545
5,986,584,1049,534
5,993,599,1052,531
5,1009,607,1053,530
5,1009,616,1030,521
5,1021,636,1000,512
5,1036,638,955,530
5,1026,633,949,571
5,1041,650,968,616
5,1027,647,971,625
5,1039,639,974,639
5,1042,632,966,645
5,1053,645,960,650
5,1060,661,960,650
5,1057,677,960,650
5,1064,677,966,647
5,1031,662,972,640
5,1021,647,990,616
5,1047,626,1034,638
5,1037,625,1082,670
5,1057,608,1087,686
5,1048,596,1067,700
5,1020,570,1054,702
5,1017,612,1031,689
5,1024,626,1018,676
5,1015,590,1018,664
5,1048,619,1022,644
5,1054,614,1038,615
5,1038,628,1048,588
5,1037,638,1049,582
5,1038,624,1049,581
5,1059,617,1049,593
5,1058,600,1057,619
5,1029,608,1065,622
5,1042,615,1066,622
5,1041,582,1067,622
5,1026,556,1074,610
5,1036,545,1074,598
5,1058,542,1069,590
5,1095,521,1067,589
5,1095,526,1067,589
5,1106,558,1067,589
5,1107,565,1058,589
5,1112,545,1021,584
5,1124,550,1011,574
5,1161,540,1007,559
5,1175,551,1011,553
5,1162,549,1017,552
5,1162,552,1056,581
5,1170,548,1078,615
5,1184,547,1080,613
5,1163,565,1091,594
5,1173,562,1115,587
5,1168,572,1178,568
5,1154,564,1187,563
5,1171,572,1198,556
5,1175,572,1207,549
5,1180,555,1209,547
5,1172,567,1209,547
5,1181,554,1203,529
5,1191,536,1195,520
5,1189,553,1184,517
5,1214,562,1175,533
5,1204,545,1174,556
5,1174,543,1169,557
5,1153,512,1151,559
5,1151,523,1143,555
5,1113,521,1140,543
5,1095,529,1147,532
5,1072,529,1149,529
5,1056,531,1174,560
5,1023,548,1174,591
5,1027,543,1072,572
5,1016,528,988,543
5,1010,515,985,538
5,1028,518,985,536
5,1033,539,986,529
5,1039,551,994,522
5,1026,545,1002,517
5,1042,519,1004,515
5,1036,497,1012,506
5,1027,496,1013,506
5,1008,479,1017,506
5,986,486,1017,515
5,1005,480,1019,516
5,1029,430,1086,538
5,1031,416,1093,539
5,1029,405,1102,525
5,1026,410,1124,482
5,1026,442,1124,460
5,1036,423,1111,453
5,1037,456,1079,448
5,1052,452,1061,442
5,1045,426,1052,441
5,1054,429,1051,441
5,1083,428,1046,438
5,1083,439,1033,430
5,1084,457,1021,430
5,1063,443,998,441
5,1061,444,993,451
5,1045,422,997,467
5,1040,394,1013,480
5,1035,394,1021,485
5,1036,403,1027,487
5,1039,431,1027,488
5,1026,451,1027,488
5,1018,464,1025,487
5,999,445,1021,463
5,976,461,1020,432
5,963,468,1020,431
5,980,456,1020,431
5,959,444,1020,431
5,956,445,1008,438
5,942,446,996,453
5,923,437,999,462
5,920,422,1009,467
5,946,432,1020,472
5,939,416,1024,472
5,915,446,1015,459
5,927,456,1009,456
5,955,451,997,447
5,963,443,985,434
5,972,417,982,429
5,969,394,982,429
5,972,390,968,436
5,982,401,949,453
5,992,425,946,466
5,1004,417,958,474
5,988,425,973,470
5,970,430,995,439
5,951,434,995,429
5,936,447,993,420
5,943,450,992,414
5,945,465,992,414
5,936,456,996,417
5,930,482,1011,436
5,889,495,1012,437
5,888,505,1009,441
5,877,509,1008,444
5,871,520,988,462
5,854,512,976,469
5,864,517,955,484
5,855,506,944,493
5,817,485,930,503
5,801,507,930,504
5,791,509,928,507
5,760,485,927,524
5,726,484,928,547
5,748,469,928,547
5,771,468,923,546
5,768,451,880,509
5,785,454,868,498
5,779,465,862,489
5,812,474,862,489
5,826,486,828,489
5,828,489,807,489
5,860,469,797,485
5,833,463,791,476
5,835,441,781,456
5,850,426,776,446
5,832,426,771,434
5,801,421,771,432
5,810,414,771,432
5,828,417,789,444
5,831,433,798,449
5,851,417,801,450
5,820,398,811,447
5,798,403,818,445
5,787,376,836,437
5,800,353,843,434
5,790,362,848,425
5,765,366,850,419
5,744,387,850,419
5,730,400,850,414
5,723,428,844,404
5,714,435,826,393
5,715,397,815,384
5,713,384,783,362
5,724,363,780,359
5,703,373,768,383
5,701,396,758,412
5,697,407,756,420
5,703,395,756,420
5,693,405,754,417
5,683,415,729,368
5,708,421,726,368
5,718,420,712,377
5,673,430,696,395
5,687,433,692,398
5,684,409,673,400
5,692,408,656,403
5,674,407,626,426
5,658,395,594,477
5,674,416,593,483
5,664,399,598,485
5,666,395,603,485
5,674,397,631,465
5,654,405,644,437
5,634,434,648,417
5,650,437,650,407
5,644,437,651,402
5,651,432,653,394
5,649,434,653,391
5,652,413,632,382
5,655,409,620,381
5,678,422,604,381
5,675,428,604,381
5,664,420,604,384
5,650,422,612,401
5,656,441,614,405
5,665,416,614,405
5,663,415,618,404
5,666,449,637,385
5,665,452,653,362
5,659,416,654,360
5,650,422,654,360
5,670,416,649,365
5,684,420,643,375
5,677,405,626,399
5,701,418,614,420
5,717,394,613,429
5,692,372,613,426
5,703,384,613,404
5,701,403,613,383
5,705,396,625,353
5,715,387,647,324
5,727,412,661,306
5,747,420,673,295
5,771,408,684,291
5,766,389,699,290
5,756,376,705,290
5,755,345,714,304
5,768,356,724,327
5,802,344,772,362
5,822,335,785,366
5,851,365,789,366
5,813,375,802,359
5,804,392,808,349
5,837,408,824,329
5,839,406,831,318
5,861,397,869,306
5,883,405,881,310
5,885,449,885,329
5,878,447,880,342
5,885,455,871,353
5,876,439,860,359
5,873,431,860,360
5,879,439,866,349
5,907,453,867,348
5,930,445,867,348
5,924,468,859,363
5,944,465,829,402
5,954,438,828,404
5,941,444,828,404
5,937,448,828,404
5,944,420,832,414
5,911,419,833,415
5,907,405,833,416
5,886,397,838,413
5,899,414,868,403
5,908,403,910,401
5,911,408,921,399
5,915,394,963,387
5,921,406,969,382
5,948,408,971,375
5,932,420,971,375
5,903,411,943,378
5,887,423,939,379
5,874,425,939,379
5,886,433,939,379
5,894,434,947,368
5,893,447,951,361
5,868,466,952,359
5,888,455,955,359
5,935,460,969,377
5,952,452,961,387
5,980,469,909,404
5,973,497,791,438
5,971,484,787,447
5,952,501,787,449
5,954,477,808,469
5,987,465,842,474
5,979,444,857,477
5,1012,459,866,487
5,1012,428,876,518
5,1005,452,909,542
5,984,452,931,522
5,979,426,952,448
5,968,441,955,437
5,960,460,955,436
5,961,461,958,436
5,976,427,997,432
5,955,444,1044,415
5,978,431,1057,406
5,969,427,1064,397
5,964,443,1066,391
5,971,434,1066,391
5,969,420,1044,398
5,971,397,1025,407
5,941,417,1021,419
5,965,418,1021,428
5,975,429,1021,435
5,979,450,1022,435
5,972,455,1017,435
5,992,438,997,433
5,996,414,991,432
5,1002,404,979,415
5,987,423,972,400
5,979,422,965,380
5,979,454,963,364
5,976,433,966,356
5,975,456,969,354
5,969,463,1010,376
5,960,469,1024,396
5,956,451,1022,410
5,926,477,1022,413
5,932,487,1022,413
5,957,489,1022,413
5,950,481,1020,413
5,912,482,984,435
5,915,474,966,444
5,925,472,966,444
5,908,461,966,444
5,892,479,952,453
5,909,483,944,462
5,907,473,950,485
5,891,441,956,486
5,912,445,956,486
5,899,441,956,486
5,881,461,928,466
5,908,474,914,434
5,922,487,919,415
5,951,491,926,407
5,944,488,933,391
5,969,496,937,387
5,995,505,938,385
5,993,503,938,385
5,996,518,908,433
5,997,535,911,457
5,993,510,931,477
5,1018,518,941,483
5,1020,511,944,487
5,1023,511,946,490
5,1014,502,971,475
5,1021,516,1008,448
5,1006,499,1010,447
5,989,525,1033,464
5,990,526,1094,502
5,983,542,1095,503
5,960,539,1094,503
5,947,529,1065,502
5,933,505,1052,492
6,968,541,959,542
6,982,561,959,542
6,993,559,959,542
6,1016,545,959,542
6,1004,571,959,542
6,1012,578,959,542
6,1003,565,959,542
6,996,554,959,542
6,1005,564,959,542
6,1023,574,959,542
6,1015,595,959,542
6,970,606,959,542
6,962,610,969,551
6,976,593,972,552
6,982,586,972,552
6,978,613,972,552
6,963,613,972,552
6,954,585,972,552
6,986,565,972,557
6,989,573,972,561
6,967,529,972,561
6,970,553,972,561
6,947,551,972,561
6,966,538,972,561
6,968,542,972,561
6,967,501,972,561
6,988,508,972,561
6,992,524,974,558
6,1003,517,979,535
6,991,504,981,510
6,998,495,981,502
6,1000,450,981,487
6,1003,457,984,481
6,1031,442,1000,468
6,987,451,1009,464
6,993,454,1009,464
6,981,455,1009,464
6,994,458,1009,456
6,984,446,1005,443
6,987,460,1004,443
6,1029,463,998,471
6,1051,486,997,473
6,1065,481,997,478
6,1077,460,995,485
6,1056,444,995,485
6,1040,396,995,485
6,1018,388,1006,498
6,1033,371,1007,498
6,1052,345,1014,501
6,1049,362,1016,501
6,1003,364,1027,495
6,994,365,1050,485
6,986,361,1058,484
6,977,382,1062,485
6,962,396,1069,497
6,989,407,1070,499
6,995,409,1070,499
6,1023,415,1073,485
6,1033,408,1073,461
6,1025,432,1064,451
6,1018,435,1048,452
6,1024,424,1012,466
6,1026,415,978,484
6,1006,468,951,491
6,993,464,951,491
6,982,490,945,482
6,970,492,945,481
6,969,508,946,477
6,988,502,964,463
6,984,463,972,456
6,982,439,974,456
6,975,457,1000,484
6,1013,451,1027,515
6,1003,485,1035,526
6,1008,475,1036,530
6,1016,470,1054,522
6,1030,450,1065,497
6,1018,453,1071,451
6,1021,444,1071,442
6,1038,452,1069,441
6,1034,455,1063,443
6,1033,451,1062,444
6,1025,434,1056,446
6,995,424,1050,452
6,976,433,1041,460
6,999,439,1040,462
6,1004,437,1038,464
6,958,457,1037,465
6,941,454,1037,465
6,941,457,1037,465
6,954,465,1037,465
6,987,470,1037,465
6,984,476,1032,472
6,990,443,1021,482
6,974,426,1019,495
6,962,426,1019,497
6,970,429,1022,501
6,968,437,1017,505
6,962,438,1005,505
6,954,413,992,495
6,961,393,986,486
6,971,408,975,467
6,969,402,975,465
6,972,395,967,489
6,1001,399,966,494
6,1009,399,965,494
6,983,380,960,494
6,962,373,960,507
6,956,376,967,534
6,963,377,969,537
6,989,351,979,527
6,1001,339,988,506
6,986,342,996,498
6,1004,333,1004,492
6,983,334,1004,485
6,988,343,1004,443
6,1008,354,1004,431
6,1000,343,1008,416
6,987,360,1024,410
6,968,366,1031,399
6,983,385,1035,365
6,1004,383,1032,346
6,1025,376,1025,321
6,1048,355,1025,318
6,1054,363,1024,318
6,1067,369,1007,358
6,1065,399,995,376
6,1060,392,995,377
6,1069,378,995,377
6,1052,383,995,377
6,1047,374,995,377
6,1030,336,995,377
6,1022,353,995,377
6,1015,362,995,377
6,1028,352,1009,377
6,1036,357,1035,374
6,1031,342,1045,374
6,976,348,1045,374
6,1001,372,1045,361
6,1009,395,1042,357
6,1022,388,1032,351
6,1023,395,1027,327
6,1022,355,1023,294
6,1000,385,1015,294
6,1027,387,995,304
6,1037,366,985,317
6,1024,369,985,329
6,1013,355,998,368
6,976,379,1000,375
6,971,385,1000,375
6,968,375,1005,369
6,980,380,1015,345
6,952,390,1019,328
6,974,407,1019,328
6,976,435,1017,352
6,1019,409,1011,373
6,1017,397,1008,381
6,1031,388,1004,394
6,1041,388,995,414
6,1015,394,994,417
6,1036,383,999,421
6,1057,354,1001,422
6,1048,346,1001,422
6,1044,357,1001,422
6,1036,337,1008,417
6,1037,343,1032,417
6,1037,365,1038,415
6,1025,350,1042,409
6,1021,334,1053,390
6,1009,343,1056,373
6,1026,335,1055,359
6,1027,342,1048,357
6,1028,321,1038,374
6,1020,321,1044,383
6,1031,300,1044,383
6,1034,307,1048,362
6,1024,307,1040,353
6,1036,316,1037,351
6,1051,299,1040,329
6,1023,328,1044,313
6,978,334,1044,313
6,992,306,1044,313
6,995,317,1038,313
6,961,308,1048,319
6,981,291,1058,326
6,978,279,1064,338
6,987,273,1057,349
6,967,259,1049,357
6,951,218,1035,361
6,953,222,1001,362
6,955,191,990,359
6,942,211,990,359
6,939,191,990,359
6,934,196,990,358
6,952,178,1000,336
6,912,175,1017,294
6,929,172,1021,250
6,915,171,991,166
6,923,178,991,152
6,895,168,988,141
6,905,155,986,138
6,913,176,986,138
6,912,206,982,139
6,894,200,946,147
6,899,214,909,165
6,912,208,888,180
6,920,200,852,218
6,936,227,832,250
6,964,226,827,264
6,962,247,827,264
6,946,267,827,261
6,958,260,827,261
6,978,243,847,253
6,991,261,886,239
6,985,277,905,235
6,973,288,913,237
6,972,288,958,250
6,961,313,973,264
6,957,308,987,278
6,950,332,989,278
6,961,321,989,278
6,957,325,989,285
6,945,334,995,303
6,959,319,998,312
6,953,296,998,314
6,992,284,998,318
6,991,298,998,321
6,975,331,994,329
6,942,300,987,336
6,921,317,977,343
6,946,282,964,348
6,955,295,963,348
6,940,280,963,348
6,933,263,967,347
6,956,270,951,353
6,973,280,937,360
6,986,277,927,366
6,999,282,925,366
6,1002,274,915,371
6,1021,256,913,365
6,1027,245,914,347
6,1039,237,930,322
6,1024,227,947,318
6,1005,233,952,332
6,996,218,952,339
6,1003,197,952,339
6,1016,244,955,316
6,1036,281,983,285
6,1046,273,989,280
6,1053,257,989,280
6,1077,276,991,269
6,1040,265,981,236
6,1045,243,980,236
6,1042,264,999,266
6,1037,261,1007,289
6,1042,245,1007,296
6,1020,242,1005,297
6,1039,270,1000,280
6,1054,244,1000,246
6,1044,239,1006,242
6,1030,257,1020,250
6,1038,268,1034,281
6,1073,289,1032,285
6,1079,290,1032,285
6,1081,300,1032,285
6,1062,284,1032,285
6,1051,307,1032,285
6,1044,314,1032,285
6,1098,306,1032,285
6,1070,343,1032,282
6,1076,329,1035,282
6,1077,337,1061,281
6,1067,332,1065,281
6,1064,360,1066,280
6,1070,363,1066,284
6,1081,367,1062,326
6,1077,366,1052,343
6,1087,342,1044,353
6,1083,356,1039,363
6,1104,379,1034,360
6,1086,337,1037,325
6,1062,387,1041,322
6,1057,391,1045,328
6,1053,398,1043,338
6,1074,409,1040,353
6,1093,423,1039,386
6,1128,447,1052,413
6,1122,406,1058,418
6,1115,422,1058,419
6,1093,435,1025,437
6,1108,452,1007,443
6,1096,456,1012,444
6,1099,472,1047,463
6,1122,478,1084,487
6,1114,477,1130,521
6,1145,483,1133,521
6,1136,503,1144,516
6,1109,508,1148,510
6,1128,477,1148,510
6,1112,456,1137,518
6,1108,460,1125,539
6,1101,470,1124,550
6,1097,470,1120,575
6,1094,479,1113,607
6,1110,509,1107,630
6,1083,503,1104,648
6,1077,513,1106,645
6,1089,524,1122,613
6,1093,541,1130,577
6,1094,529,1127,555
6,1089,541,1125,552
6,1080,544,1115,541
6,1080,543,1114,534
6,1092,535,1112,526
6,1090,519,1111,525
6,1111,506,1105,525
6,1134,486,1086,540
6,1155,508,1080,553
6,1162,523,1073,573
6,1179,542,1070,590
6,1183,545,1067,599
6,1208,539,1065,602
6,1225,531,1062,592
6,1240,549,1071,568
6,1248,548,1085,549
6,1273,549,1094,547
6,1260,529,1102,551
6,1256,533,1109,555
6,1256,518,1136,559
6,1260,538,1184,569
6,1265,533,1219,580
6,1268,519,1231,582
6,1302,505,1242,577
6,1275,512,1247,570
6,1295,519,1248,565
6,1303,511,1251,556
6,1278,471,1263,546
6,1269,474,1274,528
6,1288,478,1279,520
6,1295,496,1280,519
6,1263,490,1284,518
6,1264,494,1291,515
6,1250,490,1291,515
6,1258,498,1291,515
6,1260,498,1301,490
6,1267,538,1316,468
6,1248,532,1318,465
6,1252,528,1334,486
6,1232,514,1334,489
6,1246,497,1319,500
6,1252,503,1303,514
6,1228,519,1297,518
6,1243,523,1297,519
6,1252,498,1291,520
6,1268,505,1274,525
6,1276,490,1274,525
6,1271,486,1272,521
6,1257,481,1268,494
6,1281,488,1264,484
6,1287,478,1264,484
6,1278,456,1262,484
6,1262,447,1258,484
6,1271,450,1249,489
6,1272,470,1228,513
6,1270,484,1222,522
6,1262,496,1222,522
6,1266,484,1231,493
6,1253,463,1241,476
6,1278,474,1250,461
6,1270,476,1250,460
6,1252,474,1250,460
6,1250,485,1240,476
6,1289,487,1237,489
6,1285,470,1233,516
6,1291,463,1230,529
6,1276,457,1232,530
6,1287,464,1237,529
6,1277,479,1257,510
6,1266,498,1262,489
6,1277,510,1262,485
6,1294,502,1257,486
6,1299,506,1249,493
6,1305,502,1249,494
6,1302,497,1249,494
6,1304,517,1249,494
6,1310,495,1247,494
6,1332,496,1248,480
6,1351,489,1251,466
6,1340,508,1254,452
6,1340,509,1254,436
6,1355,511,1257,430
6,1322,489,1258,432
6,1330,499,1260,462
6,1307,488,1265,507
6,1327,498,1266,521
6,1315,478,1266,521
6,1341,477,1266,521
6,1347,498,1277,523
6,1356,528,1279,522
6,1336,549,1279,519
6,1322,549,1282,511
6,1312,563,1300,495
6,1312,586,1305,492
6,1319,586,1307,492
6,1315,571,1307,492
6,1310,533,1304,503
6,1319,524,1298,509
6,1329,511,1288,502
6,1333,501,1276,493
6,1348,471,1275,488
6,1362,464,1278,477
6,1376,453,1282,475
6,1361,456,1283,480
6,1362,482,1282,489
6,1371,453,1277,490
6,1400,447,1273,491
6,1408,482,1265,497
6,1398,483,1265,498
6,1427,499,1256,513
6,1421,511,1252,518
6,1411,525,1250,519
6,1425,528,1225,511
6,1440,521,1211,506
6,1403,525,1211,500
6,1406,541,1221,492
6,1410,520,1225,490
6,1413,550,1245,493
6,1393,565,1266,500
6,1385,547,1312,519
6,1403,591,1335,522
6,1436,597,1370,523
6,1402,594,1378,523
6,1368,586,1381,533
6,1384,584,1383,543
6,1403,587,1381,563
6,1408,600,1381,570
6,1414,592,1380,580
6,1423,588,1380,584
6,1416,597,1379,601
6,1409,601,1381,608
6,1415,604,1406,629
6,1388,600,1424,642
6,1406,594,1428,645
6,1407,584,1442,638
6,1410,583,1445,636
6,1421,594,1445,636
6,1409,577,1446,642
6,1387,581,1447,648
6,1380,600,1447,653
6,1400,565,1447,653
6,1417,557,1431,644
6,1427,537,1425,634
6,1452,541,1426,609
6,1425,563,1426,602
6,1442,535,1419,597
6,1389,556,1411,592
6,1349,566,1403,576
6,1359,539,1406,557
6,1358,525,1414,548
6,1345,536,1415,546
6,1356,545,1415,546
6,1346,543,1416,546
6,1368,504,1416,550
6,1345,475,1416,559
6,1338,464,1415,563
6,1334,437,1411,566
6,1318,444,1400,566
6,1321,437,1392,566
6,1319,425,1386,561
6,1331,407,1373,538
6,1349,414,1354,492
6,1322,401,1340,469
6,1290,412,1317,439
6,1304,418,1304,413
6,1306,427,1296,394
6,1289,445,1292,379
6,1300,455,1283,365
6,1279,415,1278,361
6,1286,374,1272,368
6,1301,397,1271,391
6,1295,412,1277,407
6,1286,436,1284,429
6,1265,457,1285,433
6,1271,472,1285,429
6,1270,505,1283,409
6,1271,510,1283,408
6,1256,517,1282,399
6,1255,519,1279,385
6,1237,525,1279,385
6,1249,507,1279,385
6,1252,525,1270,388
6,1248,534,1198,429
6,1224,510,1192,451
6,1224,500,1192,451
6,1245,508,1199,453
6,1239,495,1212,463
6,1242,474,1239,486
6,1252,439,1246,494
6,1270,463,1247,494
6,1238,462,1247,494
6,1249,440,1247,494
6,1253,453,1247,495
6,1299,446,1247,495
6,1287,442,1247,495
6,1319,434,1247,495
6,1331,453,1247,495
6,1315,469,1247,495
6,1310,478,1247,495
6,1319,506,1247,495
6,1306,509,1247,495
6,1312,500,1247,495
6,1336,486,1247,495
6,1345,496,1264,495
6,1340,475,1270,495
6,1338,445,1274,496
6,1324,446,1281,498
6,1342,433,1293,499
6,1312,432,1301,501
6,1283,443,1301,501
6,1269,434,1304,501
6,1242,415,1310,500
6,1213,428,1312,496
6,1193,434,1317,487
6,1194,437,1319,484
6,1175,405,1320,481
6,1170,405,1320,481
6,1182,436,1320,481
6,1166,446,1320,481
6,1154,457,1320,481
6,1169,441,1320,481
6,1138,462,1320,481
6,1119,454,1320,481
6,1109,468,1320,481
6,1110,506,1319,481
6,1091,507,1298,486
6,1061,505,1274,485
6,1050,508,1247,482
6,1050,504,1195,475
6,1061,501,1175,474
6,1071,481,1170,475
6,1062,475,1149,495
6,1087,478,1110,512
6,1100,491,1105,514
6,1103,477,1100,517
6,1103,440,1088,525
6,1116,425,1085,530
6,1119,420,1081,532
6,1141,451,1080,533
6,1152,470,1080,533
6,1145,449,1084,506
6,1147,452,1110,460
6,1156,447,1127,438
6,1163,456,1127,437
6,1172,456,1128,437
6,1168,491,1128,437
6,1160,482,1128,437
6,1153,490,1128,437
6,1138,448,1128,437
6,1131,466,1128,437
6,1120,481,1128,437
6,1127,481,1128,437
6,1122,494,1128,442
6,1129,464,1128,442
6,1145,464,1128,442
6,1145,478,1128,442
6,1131,448,1128,442
6,1154,469,1128,442
6,1162,467,1128,442
6,1156,456,1122,454
6,1172,462,1122,456
6,1164,452,1123,456
6,1166,420,1135,452
6,1170,422,1143,447
6,1148,447,1145,441
6,1128,457,1146,441
6,1134,436,1154,462
6,1143,431,1155,463
6,1112,423,1162,458
6,1127,440,1171,441
6,1111,415,1175,436
6,1105,452,1168,447
6,1133,419,1167,444
6,1154,425,1167,433
6,1151,413,1166,433
6,1124,406,1148,427
6,1110,407,1145,415
6,1088,404,1144,413
6,1099,419,1144,413
6,1066,434,1147,401
6,1060,452,1148,395
6,1026,471,1143,394
6,1008,475,1128,391
6,1004,483,1126,388
6,993,468,1121,386
6,986,456,1113,386
6,968,479,1087,416
6,966,486,1079,440
6,939,479,1063,469
6,936,485,1056,474
6,940,477,1048,474
6,912,476,1036,452
6,923,463,1033,449
6,899,464,1015,458
6,880,468,991,481
6,870,468,968,497
6,879,464,966,499
6,907,443,963,498
6,876,429,930,472
6,865,434,896,450
6,871,446,887,443
6,887,447,878,440
6,864,451,874,440
6,878,473,874,440
6,894,465,872,440
6,880,465,872,440
6,886,447,848,455
6,873,434,848,455
6,899,431,848,455
6,920,403,829,453
6,913,384,809,470
6,912,350,809,474
6,906,362,816,472
6,905,375,839,457
6,923,382,842,456
6,908,370,849,457
6,887,375,891,436
6,893,362,907,430
6,881,383,916,424
6,867,407,927,409
6,868,394,934,393
6,906,392,934,393
6,911,379,915,395
6,900,402,912,395
6,907,378,904,389
6,905,358,896,378
6,914,361,881,376
6,891,357,862,385
6,880,355,857,395
6,868,350,859,395
6,861,345,882,381
6,834,354,889,376
6,815,362,889,376
6,799,358,889,376
6,814,347,889,354
6,795,353,890,344
6,822,339,888,340
6,803,337,874,333
6,806,336,845,325
6,801,343,838,321
6,780,344,834,318
6,807,328,824,318
6,791,352,812,320
6,805,372,798,324
6,834,372,776,322
6,832,370,763,320
6,845,358,762,320
6,840,345,762,320
6,859,335,763,309
6,855,372,762,308
6,841,356,753,317
6,828,363,751,320
6,827,366,754,321
6,851,363,772,302
6,842,363,778,296
6,829,363,778,296
6,832,365,785,315
6,826,370,788,315
6,849,377,788,315
6,858,402,790,321
6,822,381,799,335
6,826,374,805,342
6,802,356,805,342
6,750,352,807,350
6,736,343,815,360
6,735,314,821,364
6,742,327,823,364
6,748,343,824,347
6,747,346,811,328
6,730,369,789,327
6,709,386,781,327
6,707,386,776,312
6,693,394,771,304
6,703,367,753,304
6,689,361,738,324
6,678,353,737,346
6,696,358,736,347
6,698,340,702,366
6,708,321,672,370
6,725,313,662,360
6,730,299,658,355
6,740,279,655,342
6,747,261,656,320
6,717,263,662,309
6,715,273,662,309
6,703,282,680,325
6,704,292,688,324
6,699,305,698,318
6,695,318,703,315
6,681,325,704,307
6,673,305,704,293
6,668,321,703,268
6,649,320,704,251
6,650,346,704,247
6,662,345,699,242
6,656,371,688,229
6,657,356,678,228
6,659,363,661,247
6,645,372,653,263
6,631,372,652,267
6,660,332,656,281
6,657,350,665,331
6,639,336,673,389
6,624,326,676,435
6,590,330,676,437
6,605,336,660,441
6,612,331,660,442
6,598,328,660,442
6,601,337,636,419
6,637,360,544,292
6,644,372,512,254
6,646,375,505,261
6,648,366,505,273
6,651,360,521,297
6,647,376,540,332
6,637,383,558,369
6,623,386,568,398
6,636,406,579,410
6,605,390,588,409
6,593,423,617,394
6,612,419,632,384
6,638,422,633,381
6,620,442,633,381
6,616,448,623,385
6,609,443,614,389
6,582,440,613,389
6,583,451,615,376
6,591,419,619,355
6,573,417,620,355
6,584,408,620,355
6,585,378,620,354
6,599,419,621,366
6,598,425,624,373
6,572,416,627,376
6,577,407,627,379
6,587,398,627,385
6,590,380,622,393
6,569,377,622,394
6,544,388,622,394
6,557,379,614,389
6,537,359,591,384
6,558,363,581,384
6,561,361,579,382
6,573,367,576,376
6,577,365,567,371
6,594,358,557,375
6,608,353,549,383
6,604,370,544,402
6,626,358,534,466
6,615,368,532,480
6,591,381,534,475
6,588,376,548,443
6,591,393,554,440
6,605,381,561,441
6,600,371,572,439
6,606,377,597,423
6,599,381,604,410
6,595,380,597,399
6,582,400,583,395
6,593,439,583,395
6,562,437,583,395
6,559,442,585,395
6,571,452,587,395
6,588,476,590,392
6,589,453,608,377
6,594,454,624,369
6,585,448,623,369
6,581,466,604,398
6,585,470,592,426
6,597,481,588,451
6,610,463,591,469
6,609,464,607,481
6,557,478,610,492
6,567,487,607,511
6,568,517,599,527
6,547,525,598,536
6,553,493,598,536
6,529,506,598,539
6,546,538,606,552
6,550,526,609,560
6,564,535,603,565
6,554,530,603,565
6,536,525,599,557
6,517,526,584,557
6,506,515,583,557
6,526,525,574,534
6,530,525,565,502
6,537,520,568,495
6,544,567,568,495
6,532,562,556,517
6,499,568,532,529
6,524,567,531,529
6,537,588,533,514
6,530,598,544,499
6,519,594,546,496
6,494,600,546,497
6,470,581,546,524
6,521,590,546,530
6,486,618,546,534
6,489,627,552,539
6,485,654,556,555
6,482,664,554,562
6,489,627,544,571
6,476,641,539,577
6,501,648,533,591
6,477,655,515,643
6,485,677,512,701
6,499,699,512,736
6,474,697,504,756
6,502,710,489,778
6,523,709,469,793
6,499,728,468,795
6,487,702,468,795
6,495,711,475,778
6,492,670,475,776
6,488,656,479,771
6,492,629,486,766
6,527,624,489,766
6,510,635,489,766
6,497,644,490,786
6,500,654,491,792
6,493,666,495,791
6,517,685,495,791
6,528,689,516,802
6,526,681,526,830
6,542,690,529,851
6,555,681,536,865
6,543,674,536,865
6,519,687,543,861
6,503,680,548,855
6,505,689,552,839
6,509,699,551,816
6,503,714,564,770
6,509,718,565,760
6,509,699,564,757
6,528,696,543,751
6,531,699,540,748
6,498,708,531,744
6,485,711,485,745
6,492,707,482,745
6,482,716,481,746
6,499,738,481,746
6,486,740,481,741
6,524,750,486,726
6,520,754,488,720
6,531,741,488,720
6,526,764,485,724
6,527,757,485,731
6,535,757,485,733
6,543,779,495,747
6,539,804,509,760
6,527,797,513,765
6,552,799,515,780
6,537,830,517,786
6,544,844,519,789
6,529,826,529,796
6,529,830,534,806
6,540,857,534,825
6,540,876,539,836
6,551,848,545,848
6,557,828,547,867
6,545,844,549,874
6,535,846,563,876
6,536,872,564,876
6,529,869,568,884
6,518,833,571,890
6,510,820,575,892
6,494,849,581,892
6,503,857,587,888
6,526,849,594,881
6,517,821,594,881
6,501,818,594,881
6,518,805,584,871
6,527,812,567,863
6,543,805,543,885
6,550,824,525,927
6,549,824,525,929
6,565,818,525,927
6,523,823,529,890
6,544,822,547,842
6,545,798,556,837
6,530,774,562,849
6,537,760,564,854
6,537,759,573,778
6,517,749,552,753
6,520,745,539,768
6,518,740,533,778
6,523,760,535,777
6,540,760,533,772
6,546,753,480,752
6,521,740,477,744
6,521,756,496,719
6,523,757,498,717
6,523,743,498,717
6,548,759,498,717
6,525,752,500,717
6,484,763,509,729
6,472,764,526,746
6,517,785,533,746
6,521,783,554,696
6,538,819,557,693
6,537,838,542,690
6,558,811,523,688
6,560,830,510,688
6,567,817,510,688
6,588,810,510,690
6,599,818,502,747
6,601,787,517,779
6,620,750,525,786
6,646,759,540,813
6,666,772,595,923
6,671,773,625,937
6,684,761,665,876
6,705,751,693,798
6,705,740,702,755
6,681,751,698,698
6,686,760,684,656
6,682,769,673,662
6,682,783,660,719
6,670,778,679,709
6,647,757,684,692
6,647,751,684,692
6,663,744,687,715
6,677,736,696,723
6,670,743,696,723
6,678,760,697,730
6,667,788,697,740
6,648,800,692,763
6,647,795,692,763
6,671,812,691,760
6,670,826,684,737
6,668,814,681,721
6,679,811,686,711
6,674,823,688,706
6,670,825,700,706
6,651,853,708,710
6,649,840,713,718
6,636,844,715,723
6,656,849,715,723
6,649,870,712,724
6,686,864,712,724
6,704,863,712,724
6,720,901,729,742
6,742,931,723,769
6,736,933,714,774
6,720,944,698,779
6,697,909,695,779
6,703,908,698,784
6,711,920,742,841
6,713,920,766,881
6,761,914,786,908
6,761,914,794,935
6,737,903,800,962
6,743,887,820,998
6,707,905,825,999
6,730,911,833,990
6,743,911,842,971
6,740,929,843,971
6,712,934,831,966
6,718,944,770,931
6,738,952,737,914
6,680,969,734,913
6,677,971,734,913
6,676,944,734,913
6,668,958,724,897
6,698,952,724,896
6,696,990,720,908
6,710,995,712,928
6,739,997,707,931
6,716,999,706,933
6,747,977,705,933
6,749,972,705,933
6,756,950,705,933
6,783,949,703,922
6,779,944,697,910
6,764,941,695,906
6,760,933,701,899
6,757,899,751,896
6,784,889,752,897
6,803,900,785,907
6,795,879,799,901
6,824,883,806,882
6,845,897,806,882
6,862,898,824,869
6,877,911,823,871
6,863,853,820,876
6,822,866,809,888
6,820,864,808,889
6,801,883,809,887
6,823,907,866,859
6,851,880,885,884
6,833,865,900,912
6,813,855,894,922
6,797,857,894,922
6,804,860,894,918
6,818,887,875,923
6,829,890,837,921
6,844,900,825,896
6,845,894,819,873
6,849,878,818,872
6,854,859,817,866
6,861,826,816,865
6,862,847,816,865
6,857,853,816,865
6,878,868,842,893
6,863,858,854,897
6,860,842,872,887
6,863,840,888,876
6,867,883,889,876
6,883,884,889,876
6,912,903,884,880
6,931,891,881,882
6,922,895,876,881
6,908,932,863,868
6,903,954,856,850
6,878,945,858,843
6,865,959,858,843
6,878,941,840,853
6,894,928,854,867
6,885,916,862,870
6,866,889,914,900
6,828,896,923,913
6,840,875,906,928
6,834,897,902,928
6,828,913,887,919
6,831,925,888,893
6,833,943,898,869
6,828,954,899,869
6,827,969,903,869
6,824,950,903,869
6,794,929,899,869
6,789,919,854,909
6,791,904,840,951
6,801,898,839,959
6,808,930,840,959
6,814,898,850,948
6,796,918,861,927
6,803,902,864,917
6,829,891,864,906
6,812,880,859,904
6,786,895,817,907
6,801,885,812,910
6,793,877,811,910
6,771,865,811,911
6,753,869,811,911
6,766,886,819,906
6,751,908,821,904
6,726,904,824,904
6,718,897,828,919
6,726,911,823,921
6,731,882,817,905
6,734,873,816,902
6,737,896,787,898
6,731,887,740,865
6,743,882,733,861
6,736,854,705,863
6,734,865,704,863
6,754,844,703,860
6,732,820,696,854
6,743,807,696,853
6,777,817,697,855
6,778,817,704,866
6,787,793,706,871
6,788,802,706,871
6,779,792,712,865
6,780,756,719,857
6,754,750,720,857
6,764,754,725,858
6,755,771,726,859
6,788,770,727,857
6,791,771,738,843
6,786,789,738,843
6,784,776,736,829
6,749,783,727,819
6,742,785,724,818
6,748,783,707,827
6,741,775,706,835
6,736,778,706,836
6,738,790,706,836
6,735,793,724,825
6,727,818,744,819
6,720,812,744,819
6,698,800,743,820
6,680,795,741,821
6,678,800,741,821
6,702,795,742,821
6,724,777,748,829
6,725,773,747,831
6,713,775,744,826
6,711,770,743,820
6,668,740,743,820
6,653,714,742,821
6,655,699,740,850
6,674,709,740,855
6,680,708,740,855
6,683,720,740,855
6,697,706,740,855
6,726,692,740,855
6,744,682,721,841
6,756,680,694,811
6,766,690,670,771
6,801,697,659,708
6,805,690,673,671
6,800,669,697,655
6,812,690,710,648
6,819,693,753,628
6,827,673,777,634
6,828,652,778,640
6,825,641,773,659
6,839,637,759,680
6,865,663,758,685
6,859,644,758,685
6,857,632,777,699
6,864,633,812,707
6,859,634,842,686
6,845,629,873,664
6,836,628,879,658
6,828,631,869,654
6,843,637,859,650
6,847,641,859,649
6,822,658,859,649
6,797,672,828,624
6,791,657,823,620
6,802,658,822,623
6,766,653,822,631
6,774,662,824,642
6,772,648,826,660
6,772,655,826,664
6,793,665,826,668
6,764,654,825,669
6,798,657,821,668
6,795,640,818,657
6,795,610,824,641
6,776,601,837,633
6,782,617,838,634
6,774,620,826,653
6,776,623,817,657
6,774,631,817,630
6,784,624,824,625
6,776,620,828,627
6,765,616,833,643
6,770,650,834,645
6,794,674,842,645
6,779,681,854,639
6,801,673,855,631
6,783,705,852,622
6,797,687,849,621
6,806,665,823,650
6,813,645,821,663
6,813,653,816,667
6,800,663,807,667
6,799,663,806,667
6,792,671,808,662
6,797,684,820,646
6,792,676,824,642
6,805,690,831,642
6,810,689,837,661
6,823,704,837,668
6,843,685,837,668
6,842,680,824,643
6,814,697,819,627
6,829,699,819,619
6,831,739,820,615
6,822,705,820,616
6,824,721,823,632
6,798,713,822,663
6,807,709,821,675
6,811,701,821,676
6,837,700,821,676
7,940,549,958,548
7,921,549,958,548
7,918,560,958,548
7,921,578,958,548
7,920,581,957,548
7,922,586,957,548
7,902,602,964,545
7,904,599,964,545
7,875,615,964,545
7,862,612,964,545
7,875,626,964,545
7,891,631,964,545
7,888,635,964,545
7,898,642,964,545
7,932,638,919,573
7,953,637,897,603
7,978,600,898,636
7,977,605,896,644
7,979,600,895,647
7,945,596,895,648
7,929,586,895,650
7,928,594,896,650
7,916,601,929,632
7,897,615,936,627
7,880,642,938,623
7,866,626,945,617
7,883,589,962,607
7,884,602,972,601
7,900,610,966,587
7,910,609,961,577
7,932,608,961,577
7,926,589,951,586
7,928,574,944,591
7,907,560,944,591
7,897,572,944,591
7,888,569,944,591
7,877,575,943,595
7,893,543,943,597
7,878,538,943,597
7,901,545,943,597
7,887,550,925,603
7,868,553,910,604
7,879,560,898,600
7,876,554,883,556
7,890,569,859,521
7,891,569,859,520
7,894,581,859,520
7,887,588,859,520
7,891,565,859,520
7,869,564,850,562
7,837,561,849,598
7,839,552,871,608
7,848,589,875,608
7,836,621,882,586
7,829,641,888,571
7,824,593,888,567
7,810,597,888,567
7,812,610,867,567
7,815,601,864,567
7,782,608,860,584
7,782,603,860,605
7,792,604,852,620
7,783,606,842,629
7,776,627,832,632
7,743,632,817,639
7,732,630,827,625
7,728,591,857,590
7,737,561,857,590
7,697,562,859,590
7,708,557,866,615
7,714,564,876,642
7,730,540,876,642
7,754,552,889,650
7,773,562,899,654
7,762,552,928,652
7,769,565,946,643
7,773,549,964,613
7,746,561,967,610
7,709,558,967,610
7,730,557,937,610
7,729,546,917,610
7,725,532,876,604
7,724,543,833,590
7,731,534,792,578
7,734,501,768,582
7,744,496,732,600
7,735,476,729,605
7,732,475,729,605
7,714,456,725,601
7,711,438,708,579
7,710,449,705,571
7,687,439,704,560
7,713,457,704,544
7,708,466,703,518
7,699,456,702,518
7,695,431,703,517
7,670,425,703,517
7,657,445,703,517
7,623,425,698,527
7,603,447,686,518
7,624,447,649,401
7,616,456,601,289
7,612,431,588,269
7,614,425,588,269
7,593,428,588,269
7,597,416,588,269
7,600,422,588,269
7,582,410,594,320
7,569,407,609,366
7,579,388,612,389
7,582,400,624,440
7,597,399,639,504
7,602,404,640,519
7,588,401,640,524
7,604,408,640,524
7,611,410,640,524
7,605,421,635,524
7,612,402,629,518
7,614,407,618,491
7,583,408,607,456
7,595,417,597,438
7,594,430,596,435
7,605,445,596,435
7,609,413,599,433
7,629,400,602,431
7,671,399,603,419
7,708,431,601,415
7,717,412,601,414
7,699,437,583,421
7,693,441,581,422
7,697,459,581,422
7,709,437,589,418
7,683,423,599,417
7,692,434,617,418
7,688,417,717,466
7,685,369,722,471
7,717,363,732,475
7,698,370,740,470
7,731,388,759,442
7,746,371,759,438
7,766,355,739,428
7,741,356,720,382
7,746,347,736,380
7,733,364,785,385
7,734,358,788,386
7,738,348,788,363
7,756,348,780,348
7,754,340,777,340
7,767,333,771,340
7,762,324,734,351
7,768,296,734,351
7,777,291,732,347
7,780,276,728,340
7,773,272,728,340
7,782,293,729,340
7,755,292,748,325
7,754,291,753,313
7,746,321,753,313
7,747,307,755,314
7,724,291,764,308
7,708,287,795,289
7,706,314,799,286
7,727,337,796,287
7,731,325,759,287
7,745,332,748,280
7,742,345,748,280
7,746,344,719,281
7,734,349,700,286
7,707,352,700,286
7,713,340,703,290
7,726,331,725,314
7,726,327,740,318
7,716,305,773,322
7,712,306,772,329
7,712,308,752,340
7,728,290,740,343
7,726,319,740,342
7,742,297,762,319
7,754,270,776,315
7,740,266,770,317
7,735,256,741,324
7,767,241,740,324
7,787,253,742,309
7,787,275,746,299
7,795,288,743,299
7,784,281,731,302
7,774,263,731,302
7,747,254,736,302
7,751,249,746,292
7,739,253,749,286
7,760,271,749,286
7,762,290,753,291
7,751,288,754,291
7,763,317,754,282
7,755,351,744,278
7,730,374,711,273
7,742,390,706,273
7,720,361,713,273
7,712,362,728,272
7,706,362,739,265
7,728,362,739,265
7,715,354,743,275
7,705,391,753,284
7,706,380,755,289
7,747,359,762,305
7,755,346,766,315
7,741,333,767,326
7,758,321,768,337
7,733,310,750,359
7,736,295,738,381
7,723,284,734,383
7,720,269,734,383
7,724,257,735,379
7,720,252,750,346
7,761,271,771,332
7,768,278,772,327
7,792,256,774,325
7,804,243,768,320
7,799,248,767,320
7,803,224,767,320
7,788,233,767,320
7,792,226,740,367
7,780,196,736,371
7,778,197,736,372
7,778,189,736,372
7,757,196,736,372
7,751,184,736,371
7,769,206,755,337
7,767,229,744,293
7,764,213,741,251
7,756,179,743,224
7,780,164,748,169
7,764,167,748,161
7,778,147,748,160
7,803,143,748,160
7,808,149,756,186
7,803,177,763,199
7,808,192,766,199
7,801,170,774,185
7,772,182,776,155
7,778,217,794,119
7,792,203,799,107
7,778,201,806,100
7,769,183,809,98
7,752,190,830,98
7,747,164,831,98
7,736,166,832,110
7,754,134,827,144
7,714,128,825,162
7,693,146,825,163
7,660,139,825,163
7,650,148,825,163
7,651,155,825,163
7,638,147,821,140
7,632,160,815,132
7,626,176,827,143
7,616,204,791,152
7,633,203,790,152
7,619,207,788,152
7,618,196,787,152
7,622,218,735,162
7,649,225,489,201
7,663,214,470,207
7,656,194,469,208
7,632,230,460,240
7,662,218,471,242
7,623,188,513,218
7,598,174,563,180
7,564,150,568,178
7,553,161,570,178
7,541,130,575,182
7,544,127,595,189
7,563,131,600,193
7,564,147,604,197
7,572,159,605,197
7,548,156,605,197
7,578,158,602,201
7,592,153,583,201
7,591,186,578,197
7,596,178,576,189
7,603,169,588,170
7,613,182,610,147
7,592,169,637,139
7,613,191,637,139
7,618,168,639,150
7,624,161,628,158
7,656,185,626,158
7,648,212,626,165
7,648,206,629,186
7,650,202,635,197
7,653,160,638,201
7,655,195,652,196
7,630,190,661,192
7,612,193,664,192
7,620,209,673,202
7,658,223,676,207
7,662,240,670,220
7,671,252,670,228
7,689,242,666,219
7,694,260,647,205
7,704,244,641,199
7,703,239,639,198
7,718,213,635,207
7,692,216,641,219
7,720,222,657,232
7,692,248,670,246
7,685,274,680,252
7,707,295,698,258
7,704,262,728,268
7,698,267,739,265
7,699,262,744,250
7,697,236,744,238
7,709,241,744,238
7,725,245,731,256
7,727,242,727,290
7,724,259,733,316
7,739,279,736,335
7,764,299,729,366
7,760,270,724,373
7,753,280,722,375
7,763,288,720,357
7,795,293,716,346
7,813,290,704,333
7,821,299,693,322
7,811,286,693,322
7,798,280,706,328
7,790,263,761,366
7,802,281,792,400
7,772,295,799,407
7,768,288,831,384
7,771,270,820,360
7,801,273,805,353
7,792,253,797,355
7,813,248,789,359
7,834,230,766,367
7,838,245,740,382
7,837,265,739,382
7,828,256,748,375
7,837,222,794,353
7,862,215,823,350
7,846,221,872,347
7,848,231,897,337
7,863,236,912,319
7,873,238,910,308
7,869,234,888,290
7,873,232,850,271
7,898,232,834,262
7,889,241,831,262
7,876,228,832,262
7,872,243,841,258
7,877,241,855,247
7,857,235,879,240
7,843,239,901,243
7,838,230,928,265
7,843,212,949,281
7,868,187,951,281
7,857,168,961,249
7,871,164,957,231
7,847,146,939,226
7,863,121,927,226
7,867,135,912,232
7,888,171,907,233
7,887,158,905,233
7,922,184,886,199
7,899,186,879,186
7,893,198,882,172
7,884,215,885,162
7,863,228,889,156
7,859,220,890,156
7,885,233,900,156
7,877,221,943,175
7,902,250,959,193
7,903,262,955,209
7,899,276,938,227
7,914,269,925,236
7,911,270,922,236
7,883,248,911,234
7,848,275,904,233
7,812,261,902,233
7,814,247,902,233
7,826,241,905,221
7,825,231,914,220
7,819,240,920,237
7,807,229,917,263
7,806,218,903,274
7,793,241,877,284
7,794,263,826,301
7,822,259,820,304
7,854,245,804,298
7,852,253,783,289
7,825,284,745,286
7,831,286,727,289
7,826,307,725,300
7,842,317,756,329
7,866,297,786,333
7,853,296,791,325
7,852,297,780,330
7,851,329,773,349
7,861,351,785,360
7,852,327,806,378
7,848,319,815,383
7,869,353,821,386
7,873,332,834,385
7,874,318,834,385
7,857,327,831,385
7,851,322,829,385
7,862,280,814,400
7,877,256,811,403
7,862,260,811,403
7,837,269,810,413
7,840,268,810,419
7,829,285,839,448
7,838,295,860,461
7,848,303,860,454
7,866,287,822,381
7,889,289,780,347
7,885,283,726,323
7,890,295,700,315
7,901,286,695,322
7,902,279,707,350
7,920,281,754,376
7,925,272,787,379
7,951,233,793,371
7,937,261,815,343
7,944,268,845,327
7,959,241,870,312
7,983,200,878,291
7,992,190,890,266
7,980,170,908,244
7,990,180,933,229
7,1005,199,947,220
7,999,216,979,221
7,994,208,1020,199
7,1007,210,1040,175
7,1008,214,1046,171
7,1015,214,1050,171
7,1006,198,1058,185
7,1001,188,1066,187
7,984,168,1069,188
7,991,167,1077,187
7,992,155,1114,164
7,989,148,1120,160
7,985,136,1120,169
7,990,144,1116,188
7,994,157,1096,191
7,976,157,1062,173
7,948,136,1060,162
7,954,125,1061,157
7,955,143,1065,164
7,943,148,1063,199
7,965,148,1058,205
7,948,131,1058,205
7,946,129,1063,200
7,961,128,1070,196
7,953,143,1069,189
7,949,143,1053,185
7,947,145,1040,177
7,945,145,1024,169
7,941,140,983,148
7,970,142,965,140
7,940,163,951,136
7,940,172,912,133
7,937,183,908,133
7,941,167,906,127
7,942,166,906,120
7,926,153,908,101
7,910,156,912,97
7,907,172,925,89
7,924,179,932,84
7,925,207,933,84
7,941,211,944,94
7,907,200,955,113
7,872,215,962,120
7,879,237,961,126
7,851,245,951,147
7,861,244,942,168
7,867,232,942,172
7,896,225,942,175
7,914,214,937,182
7,931,236,927,191
7,968,233,899,201
7,966,231,887,210
7,964,213,877,218
7,993,180,876,223
7,1014,178,893,224
7,1017,171,956,202
7,1048,161,956,202
7,1041,184,962,210
7,1041,229,992,229
7,1049,218,998,224
7,1056,230,998,212
7,1036,223,998,203
7,1021,232,998,199
7,1028,212,998,199
7,1026,194,984,213
7,1031,188,991,218
7,1031,190,1005,227
7,1030,169,1015,252
7,1022,182,1015,256
7,1047,178,1005,237
7,1039,159,993,207
7,1038,131,995,201
7,1069,128,1000,200
7,1079,111,1007,201
7,1083,105,1012,217
7,1078,125,1007,232
7,1026,112,1006,233
7,1050,111,1027,218
7,1031,107,1044,207
7,1020,81,1056,197
7,1015,65,1064,176
7,1033,71,1067,138
7,1057,50,1048,131
7,1049,130,1027,129
7,1079,134,1022,127
7,1064,105,1009,108
7,1052,98,997,92
7,1059,74,997,88
7,1057,64,997,88
7,1043,86,1037,111
7,1032,54,1064,122
7,1030,65,1080,131
7,1012,92,1101,164
7,1018,112,1105,186
7,1025,115,1110,182
7,1025,130,1131,158
7,1003,153,1136,147
7,992,168,1136,147
7,1000,164,1113,157
7,1021,156,1095,169
7,1037,133,1095,169
7,1046,97,1085,169
7,1068,89,1046,171
7,1107,100,1045,182
7,1101,75,1056,195
7,1127,68,1074,208
7,1127,87,1081,213
7,1141,85,1085,210
7,1166,91,1094,181
7,1178,88,1087,172
7,1167,111,1079,168
7,1192,71,1052,169
7,1168,79,1024,172
7,1178,105,1022,145
7,1178,116,1024,106
7,1184,150,1025,106
7,1174,142,1026,105
7,1168,116,1031,105
7,1150,102,1040,110
7,1153,102,1043,111
7,1190,99,1055,123
7,1176,92,1074,144
7,1172,107,1079,146
7,1176,127,1080,146
7,1206,149,1100,131
7,1181,148,1108,122
7,1197,124,1110,121
7,1188,100,1112,119
7,1176,90,1112,113
7,1177,97,1112,112
7,1169,97,1112,112
7,1167,107,1112,112
7,1166,135,1113,118
7,1165,142,1115,146
7,1151,131,1110,167
7,1160,117,1095,174
7,1180,112,1076,129
7,1189,111,1077,109
7,1205,94,1082,106
7,1203,93,1097,123
7,1199,71,1098,143
7,1192,65,1085,159
7,1202,88,1084,160
7,1178,67,1084,160
7,1160,70,1087,158
7,1164,80,1094,132
7,1130,92,1100,127
7,1173,89,1112,121
7,1196,96,1121,115
7,1192,86,1126,111
7,1185,100,1142,98
7,1180,115,1151,75
7,1162,101,1153,60
7,1161,104,1153,60
7,1147,107,1156,61
7,1162,117,1167,67
7,1170,162,1171,83
7,1137,172,1167,100
7,1161,191,1167,101
7,1159,220,1167,101
7,1202,217,1162,113
7,1193,221,1158,117
7,1201,213,1155,124
7,1195,202,1150,145
7,1183,219,1169,168
7,1189,225,1183,174
7,1204,238,1188,190
7,1160,255,1190,196
7,1161,241,1196,208
7,1152,239,1197,212
7,1143,234,1203,228
7,1138,238,1208,237
7,1141,235,1210,241
7,1168,250,1221,248
7,1192,274,1226,249
7,1209,244,1226,249
7,1216,250,1227,249
7,1199,247,1231,243
7,1212,227,1222,243
7,1151,205,1213,245
7,1163,258,1209,246
7,1127,247,1209,246
7,1123,272,1212,255
7,1132,275,1220,261
7,1137,279,1225,267
7,1139,283,1230,271
7,1138,290,1238,272
7,1157,273,1251,268
7,1139,277,1256,256
7,1120,276,1250,251
7,1097,239,1244,252
7,1078,230,1216,265
7,1063,203,1209,272
7,1069,203,1209,272
7,1056,239,1209,272
7,1059,240,1201,284
7,1067,229,1186,282
7,1057,227,1147,249
7,1074,222,1105,215
7,1074,212,1082,203
7,1091,195,1005,177
7,1104,208,1005,177
7,1115,211,1024,184
7,1102,208,1064,215
7,1109,200,1065,216
7,1116,189,1065,216
7,1109,209,1065,216
7,1109,188,1065,216
7,1108,190,1067,216
7,1121,190,1082,206
7,1131,187,1083,204
7,1142,188,1083,204
7,1123,163,1083,204
7,1135,166,1083,204
7,1119,161,1084,199
7,1131,165,1086,191
7,1138,147,1092,183
7,1106,154,1100,186
7,1087,135,1106,191
7,1115,113,1117,190
7,1113,100,1128,181
7,1118,95,1137,172
7,1138,73,1138,171
7,1153,74,1138,176
7,1148,80,1133,182
7,1135,95,1133,182
7,1130,105,1133,182
7,1122,121,1137,188
7,1082,144,1142,198
7,1067,126,1134,207
7,1041,128,1119,213
7,1031,120,1119,213
7,1035,103,1122,214
7,1026,103,1128,237
7,1014,99,1117,246
7,1013,114,1099,237
7,1012,104,1087,202
7,1027,85,1095,193
7,1037,78,1090,187
7,1013,64,1077,174
7,1028,77,1072,156
7,1016,52,1068,156
7,1015,85,1027,164
7,1021,112,1017,170
7,1006,137,1012,171
7,997,150,975,184
7,991,141,972,187
7,975,135,972,187
7,936,99,973,175
7,939,116,1000,150
7,922,102,1010,147
7,934,85,1011,150
7,938,73,1024,168
7,918,87,1026,178
7,877,84,1024,184
7,883,59,1017,184
7,880,89,985,179
7,887,83,905,166
7,900,106,903,160
7,907,113,912,129
7,901,106,913,121
7,902,122,913,121
7,911,104,908,121
7,918,93,907,121
7,891,107,889,120
7,897,112,888,120
7,924,131,888,120
7,966,140,888,120
7,982,114,888,120
7,993,97,927,132
7,1000,74,928,132
7,970,95,952,119
7,955,92,1015,105
7,971,78,1020,104
7,979,83,1020,103
7,992,74,1010,103
7,1005,139,1001,106
7,999,158,993,110
7,981,170,957,124
7,972,181,939,129
7,990,145,939,130
7,966,151,939,130
7,942,137,950,122
7,940,150,989,116
7,951,171,1003,121
7,945,187,1006,147
7,970,179,998,174
7,985,209,993,186
7,969,214,988,193
7,984,205,963,205
7,981,218,904,220
7,972,212,890,224
7,948,203,890,224
7,959,202,894,224
7,959,203,903,228
7,964,200,915,241
7,934,209,919,246
7,942,194,933,266
7,943,187,943,274
7,941,172,965,297
7,924,186,965,302
7,940,196,951,308
7,923,215,938,312
7,925,230,937,311
7,947,235,937,291
7,947,263,937,262
7,966,276,937,261
7,994,258,937,261
7,991,248,935,261
7,979,253,932,260
7,964,244,928,259
7,979,261,927,264
7,988,244,943,288
7,1004,246,953,301
7,998,238,955,303
7,1022,241,967,298
7,1007,233,974,286
7,1005,223,974,285
7,980,241,973,279
7,972,245,968,261
7,963,260,980,248
7,956,276,988,236
7,961,234,992,223
7,949,249,982,220
7,948,223,972,225
7,949,203,973,234
7,944,180,981,237
7,937,173,982,238
7,923,155,983,253
7,941,132,980,254
7,961,111,952,243
7,961,130,934,205
7,929,137,951,193
7,929,126,973,194
7,929,150,989,214
7,940,148,993,231
7,942,149,989,234
7,908,149,955,238
7,922,153,954,238
7,926,176,972,246
7,934,165,975,247
7,933,167,973,247
7,933,147,932,224
7,943,134,889,205
7,933,140,862,191
7,906,160,845,173
7,891,186,813,131
7,877,140,807,97
7,888,156,826,85
7,906,159,863,91
7,909,155,895,110
7,880,119,903,118
7,838,122,905,124
7,824,113,903,137
7,832,101,899,149
7,824,115,895,157
7,801,91,895,157
7,807,112,878,168
7,806,107,833,186
7,809,115,795,181
7,831,99,791,171
7,822,136,787,168
7,834,129,747,174
7,859,127,671,190
7,844,95,671,190
7,826,105,679,171
7,819,97,709,149
7,841,125,709,149
7,839,117,699,140
7,864,123,697,135
7,878,117,699,132
7,862,154,710,107
7,848,156,710,107
7,867,152,711,109
7,875,144,770,126
7,860,160,816,131
7,863,171,827,120
7,862,162,837,110
7,862,152,849,111
7,847,158,851,112
7,842,163,845,119
7,848,156,840,146
7,868,148,841,157
7,867,159,867,173
7,876,140,875,182
7,858,124,868,188
7,859,157,868,188
7,842,167,868,188
7,833,159,874,188
7,830,165,872,188
7,826,163,862,190
7,846,176,845,192
7,811,205,837,186
7,812,205,834,171
7,821,196,835,159
7,829,188,832,154
7,821,199,832,151
7,840,190,826,150
7,857,179,830,155
7,858,171,823,162
7,877,189,818,163
7,889,182,814,167
7,876,210,812,167
7,852,183,810,165
7,866,180,789,172
7,873,190,759,192
7,878,216,755,201
7,874,207,763,213
7,864,186,775,246
7,875,187,770,282
7,873,190,765,290
7,825,193,765,290
7,828,206,762,266
7,809,199,755,257
7,789,206,753,243
7,783,226,752,242
7,763,208,752,235
7,741,222,752,230
7,748,245,752,230
7,744,248,751,224
7,739,226,734,218
7,765,219,713,224
7,748,243,711,234
7,742,227,722,258
7,764,228,730,272
7,764,229,731,276
7,766,225,731,281
7,746,222,722,289
7,729,221,705,293
7,718,245,668,295
7,730,239,632,296
7,719,234,629,296
7,715,232,658,299
7,707,215,684,296
7,707,212,697,278
7,679,199,700,252
7,721,211,701,244
7,708,216,707,237
7,677,210,738,234
7,643,198,756,245
7,668,203,755,250
7,672,201,728,265
7,650,194,692,277
7,635,206,687,277
7,648,220,676,270
7,676,255,645,258
7,686,273,632,253
7,724,300,621,247
7,734,298,614,244
7,733,294,613,243
7,749,276,615,243
7,740,259,667,254
7,744,278,698,267
7,759,263,705,271
7,773,228,722,282
7,772,229,774,292
7,758,226,774,292
7,755,242,779,285
7,762,227,722,282
7,780,231,714,278
7,769,216,718,266
7,793,199,718,248
7,757,184,713,231
7,755,209,711,231
7,776,191,707,231
7,752,169,721,216
7,726,176,732,206
7,720,208,732,206
7,712,216,741,209
7,731,183,763,227
7,724,163,776,234
7,712,167,794,231
7,747,182,797,225
7,774,181,779,224
7,768,216,753,226
7,774,232,736,236
7,783,230,727,246
7,799,243,715,258
7,800,267,711,260
7,794,286,711,260
7,810,287,716,254
7,805,301,741,226
7,800,306,751,214
7,783,305,764,214
7,780,295,805,235
7,751,300,821,256
7,745,270,817,296
7,736,276,817,305
7,769,287,816,316
7,768,299,815,319
7,778,305,814,326
7,797,314,813,327
7,772,312,785,338
7,766,334,765,337
7,750,352,764,335
7,757,368,764,312
7,769,363,764,312
7,768,362,764,320
7,761,360,768,330
7,772,387,773,336
7,758,374,780,349
7,778,393,794,358
7,766,373,800,360
7,775,379,806,361
7,757,380,806,367
7,760,389,806,370
7,747,405,802,372
7,748,409,795,374
7,757,393,774,388
7,749,400,770,390
7,798,408,760,394
7,784,431,744,397
7,787,433,736,401
7,801,468,728,417
7,793,460,729,432
7,808,454,732,441
7,795,461,749,463
7,793,463,762,471
7,789,463,776,469
7,788,460,799,467
7,762,475,808,467
7,754,444,808,469
7,749,460,802,486
7,765,452,797,505
7,752,443,789,509
7,755,450,775,504
7,762,461,770,488
7,783,480,770,474
7,814,470,770,469
7,809,485,775,458
7,822,491,783,446
7,797,475,783,446
7,800,453,808,444
7,804,447,853,466
7,796,450,891,506
7,804,430,896,530
7,820,458,896,530
7,802,453,892,522
7,840,477,879,507
7,851,492,871,502
7,826,485,864,496
7,846,464,852,486
7,861,469,833,476
7,877,432,826,472
7,887,425,824,471
7,876,422,832,478
7,886,443,860,496
7,876,455,875,500
7,858,475,920,500
7,858,509,964,494
7,819,521,967,490
7,867,537,971,477
7,889,536,964,460
7,863,546,955,437
7,853,538,947,421
7,857,534,945,421
7,870,516,906,450
7,839,535,896,463
7,821,537,894,474
7,824,551,871,517
7,840,550,860,532
7,828,565,860,532
7,856,559,858,532
7,889,561,853,532
7,886,551,802,532
7,891,547,798,532
7,878,534,803,527
7,870,559,838,522
7,835,578,846,523
7,840,567,863,533
7,848,559,918,532
7,857,564,938,532
7,867,560,938,532
7,865,556,864,544
7,893,557,836,544
7,887,559,821,542
7,891,544,809,542
7,885,531,803,544
7,920,506,806,545
7,893,483,817,550
7,903,469,838,563
7,887,498,846,565
7,885,509,849,565
7,868,511,853,563
7,875,527,858,547
7,905,503,860,521
7,902,492,858,512
7,912,469,851,503
7,904,472,832,490
7,913,471,832,490
7,916,478,838,480
7,920,466,850,474
7,899,474,877,479
7,905,481,950,472
7,921,491,954,453
7,925,508,948,448
7,925,506,947,448
7,926,541,947,448
7,921,553,944,451
7,938,573,959,479
7,940,593,970,486
7,944,576,970,484
7,945,574,969,456
7,957,567,976,451
7,957,590,994,452
7,983,585,995,452
7,952,577,995,452
7,953,582,993,449
7,951,597,992,449
7,970,592,972,457
7,982,618,960,464
7,985,603,960,469
7,973,602,960,469
7,956,606,951,482
7,956,613,945,515
7,979,612,959,546
7,985,617,972,568
7,972,613,994,610
7,964,615,998,622
7,973,627,1000,632
7,986,602,979,642
7,972,618,974,643
7,963,615,973,643
7,949,603,973,643
7,952,587,967,643
7,952,585,954,640
7,924,584,945,638
7,945,598,945,638
7,928,610,944,633
7,947,615,947,630
7,931,609,948,630
7,919,625,949,630
7,905,625,950,630
7,914,634,947,611
7,897,642,945,594
7,869,628,943,589
7,890,613,943,589
7,903,621,935,595
7,906,641,914,600
7,904,648,909,601
7,916,645,903,602
7,905,637,896,602
7,890,645,878,587
7,899,648,877,585
7,904,649,877,590
7,869,672,867,609
7,855,664,865,611
7,879,658,859,611
7,879,667,859,611
7,881,672,859,615
7,883,696,859,616
7,890,680,857,617
7,903,686,857,617
7,916,682,856,617
7,927,681,856,617
7,922,707,858,623
7,911,723,857,627
7,918,724,842,630
7,899,750,839,630
7,905,739,840,628
7,897,725,862,654
7,877,698,871,676
7,894,668,872,687
7,925,644,872,687
7,902,614,877,694
7,879,632,885,701
7,865,618,905,757
7,874,625,913,782
7,889,607,913,791
7,902,613,913,791
7,890,630,911,791
7,878,626,900,785
7,877,608,890,775
7,878,596,890,751
7,861,586,890,702
7,883,572,892,668
7,857,567,899,649
7,839,548,912,637
7,853,539,915,635
7,854,534,915,635
7,837,564,904,619
7,844,566,903,612
7,859,552,903,598
7,859,522,902,585
7,895,537,886,571
7,907,559,882,566
7,911,566,879,559
7,940,555,876,552
7,952,536,876,547
7,960,516,834,607
7,948,518,853,642
7,978,514,859,654
7,972,522,861,607
7,955,532,878,594
7,960,529,882,593
7,941,536,891,592
7,941,532,907,584
7,942,536,925,572
7,951,538,926,571
7,947,548,942,571
7,955,558,948,567
7,962,568,957,560
7,962,565,958,558
7,965,554,958,558
7,973,511,948,558
7,995,534,939,559
7,1008,524,937,560
7,992,533,937,560
7,1010,557,937,560
7,1052,553,937,560
7,1061,554,917,564
7,1077,549,917,564
7,1103,532,917,564
7,1101,537,917,564
7,1119,526,917,564
7,1101,522,917,563
7,1096,505,919,560
7,1070,509,928,553
7,1076,521,976,548
7,1053,512,1023,523
7,1087,508,1081,493
7,1111,475,1081,493
7,1127,473,1081,493
7,1150,448,1073,494
7,1164,452,1043,504
7,1168,436,1022,517
7,1179,445,1021,517
7,1193,466,1045,478
7,1213,472,1092,453
7,1225,456,1118,449
7,1231,439,1150,448
7,1249,455,1159,453
7,1237,441,1162,476
7,1219,440,1168,485
7,1214,456,1200,481
7,1192,456,1226,464
7,1219,465,1246,448
7,1225,468,1276,433
7,1213,477,1289,423
7,1192,493,1294,417
7,1215,483,1300,413
7,1223,490,1300,414
7,1225,456,1299,431
7,1237,460,1288,450
7,1228,467,1281,453
7,1221,461,1256,463
7,1236,455,1239,467
7,1231,446,1222,474
7,1227,456,1222,475
7,1252,459,1222,475
7,1256,471,1222,469
7,1268,472,1208,468
7,1279,474,1186,474
