Time,Block,Trial,Scene_from_keyfile,Shapes,Positions,Tracked_x,Tracked_y,Mouse_x,Mouse_y
74012,0,1,84,[9, 6, 11, 3, 1, 4],[[1, 3], [2, 3], [1, 1], [1, 2], [2, 2], [3, 3]],955,516,961,540
74063,0,1,84,[9, 6, 11, 3, 1, 4],[[1, 3], [2, 3], [1, 1], [1, 2], [2, 2], [3, 3]],962,509,961,540
74096,0,1,84,[9, 6, 11, 3, 1, 4],[[1, 3], [2, 3], [1, 1], [1, 2], [2, 2], [3, 3]],934,504,961,540
74131,0,1,84,[9, 6, 11, 3, 1, 4],[[1, 3], [2, 3], [1, 1], [1, 2], [2, 2], [3, 3]],934,525,961,540
74167,0,1,84,[9, 6, 11, 3, 1, 4],[[1, 3], [2, 3], [1, 1], [1, 2], [2, 2], [3, 3]],955,527,961,540
74202,0,1,84,[9, 6, 11, 3, 1, 4],[[1, 3], [2, 3], [1, 1], [1, 2], [2, 2], [3, 3]],980,529,961,540
74237,0,1,84,[9, 6, 11, 3, 1, 4],[[1, 3], [2, 3], [1, 1], [1, 2], [2, 2], [3, 3]],981,535,961,540
74271,0,1,84,[9, 6, 11, 3, 1, 4],[[1, 3], [2, 3], [1, 1], [1, 2], [2, 2], [3, 3]],968,523,961,540
74305,0,1,84,[9, 6, 11, 3, 1, 4],[[1, 3], [2, 3], [1, 1], [1, 2], [2, 2], [3, 3]],954,539,961,540
74339,0,1,84,[9, 6, 11, 3, 1, 4],[[1, 3], [2, 3], [1, 1], [1, 2], [2, 2], [3, 3]],979,527,961,540
74373,0,1,84,[9, 6, 11, 3, 1, 4],[[1, 3], [2, 3], [1, 1], [1, 2], [2, 2], [3, 3]],958,515,961,540
74406,0,1,84,[9, 6, 11, 3, 1, 4],[[1, 3], [2, 3], [1, 1], [1, 2], [2, 2], [3, 3]],950,519,961,540
74440,0,1,84,[9, 6, 11, 3, 1, 4],[[1, 3], [2, 3], [1, 1], [1, 2], [2, 2], [3, 3]],959,548,961,540
74473,0,1,84,[9, 6, 11, 3, 1, 4],[[1, 3], [2, 3], [1, 1], [1, 2], [2, 2], [3, 3]],945,541,961,540
74507,0,1,84,[9, 6, 11, 3, 1, 4],[[1, 3], [2, 3], [1, 1], [1, 2], [2, 2], [3, 3]],977,571,961,540
74568,0,1,84,[9, 6, 11, 3, 1, 4],[[1, 3], [2, 3], [1, 1], [1, 2], [2, 2], [3, 3]],959,586,961,540
74638,0,1,84,[9, 6, 11, 3, 1, 4],[[1, 3], [2, 3], [1, 1], [1, 2], [2, 2], [3, 3]],944,584,961,540
74708,0,1,84,[9, 6, 11, 3, 1, 4],[[1, 3], [2, 3], [1, 1], [1, 2], [2, 2], [3, 3]],964,589,961,540
74773,0,1,84,[9, 6, 11, 3, 1, 4],[[1, 3], [2, 3], [1, 1], [1, 2], [2, 2], [3, 3]],954,598,961,540
74819,0,1,84,[9, 6, 11, 3, 1, 4],[[1, 3], [2, 3], [1, 1], [1, 2], [2, 2], [3, 3]],948,587,961,540
74895,0,1,84,[9, 6, 11, 3, 1, 4],[[1, 3], [2, 3], [1, 1], [1, 2], [2, 2], [3, 3]],963,596,961,540
74966,0,1,84,[9, 6, 11, 3, 1, 4],[[1, 3], [2, 3], [1, 1], [1, 2], [2, 2], [3, 3]],952,596,961,540
75031,0,1,84,[9, 6, 11, 3, 1, 4],[[1, 3], [2, 3], [1, 1], [1, 2], [2, 2], [3, 3]],942,597,961,540
75079,0,1,84,[9, 6, 11, 3, 1, 4],[[1, 3], [2, 3], [1, 1], [1, 2], [2, 2], [3, 3]],923,615,961,540
75165,0,1,84,[9, 6, 11, 3, 1, 4],[[1, 3], [2, 3], [1, 1], [1, 2], [2, 2], [3, 3]],926,615,961,540
75220,0,1,84,[9, 6, 11, 3, 1, 4],[[1, 3], [2, 3], [1, 1], [1, 2], [2, 2], [3, 3]],886,628,961,540
75308,0,1,84,[9, 6, 11, 3, 1, 4],[[1, 3], [2, 3], [1, 1], [1, 2], [2, 2], [3, 3]],866,627,961,540
75398,0,1,84,[9, 6, 11, 3, 1, 4],[[1, 3], [2, 3], [1, 1], [1, 2], [2, 2], [3, 3]],888,632,961,540
75462,0,1,84,[9, 6, 11, 3, 1, 4],[[1, 3], [2, 3], [1, 1], [1, 2], [2, 2], [3, 3]],865,639,961,540
75534,0,1,84,[9, 6, 11, 3, 1, 4],[[1, 3], [2, 3], [1, 1], [1, 2], [2, 2], [3, 3]],855,641,961,540
75602,0,1,84,[9, 6, 11, 3, 1, 4],[[1, 3], [2, 3], [1, 1], [1, 2], [2, 2], [3, 3]],849,640,961,540
75668,0,1,84,[9, 6, 11, 3, 1, 4],[[1, 3], [2, 3], [1, 1], [1, 2], [2, 2], [3, 3]],835,636,961,540
75763,0,1,84,[9, 6, 11, 3, 1, 4],[[1, 3], [2, 3], [1, 1], [1, 2], [2, 2], [3, 3]],825,632,969,544
75819,0,1,84,[9, 6, 11, 3, 1, 4],[[1, 3], [2, 3], [1, 1], [1, 2], [2, 2], [3, 3]],828,614,929,650
75887,0,1,84,[9, 6, 11, 3, 1, 4],[[1, 3], [2, 3], [1, 1], [1, 2], [2, 2], [3, 3]],842,598,898,704
75941,0,1,84,[9, 6, 11, 3, 1, 4],[[1, 3], [2, 3], [1, 1], [1, 2], [2, 2], [3, 3]],848,578,846,773
76002,0,1,84,[9, 6, 11, 3, 1, 4],[[1, 3], [2, 3], [1, 1], [1, 2], [2, 2], [3, 3]],841,584,795,791
76074,0,1,84,[9, 6, 11, 3, 1, 4],[[1, 3], [2, 3], [1, 1], [1, 2], [2, 2], [3, 3]],854,583,719,769
76137,0,1,84,[9, 6, 11, 3, 1, 4],[[1, 3], [2, 3], [1, 1], [1, 2], [2, 2], [3, 3]],832,585,706,671
76177,0,1,84,[9, 6, 11, 3, 1, 4],[[1, 3], [2, 3], [1, 1], [1, 2], [2, 2], [3, 3]],812,589,765,627
76252,0,1,84,[9, 6, 11, 3, 1, 4],[[1, 3], [2, 3], [1, 1], [1, 2], [2, 2], [3, 3]],834,584,802,547
76312,0,1,84,[9, 6, 11, 3, 1, 4],[[1, 3], [2, 3], [1, 1], [1, 2], [2, 2], [3, 3]],811,580,803,503
76356,0,1,84,[9, 6, 11, 3, 1, 4],[[1, 3], [2, 3], [1, 1], [1, 2], [2, 2], [3, 3]],810,545,807,498
76412,0,1,84,[9, 6, 11, 3, 1, 4],[[1, 3], [2, 3], [1, 1], [1, 2], [2, 2], [3, 3]],807,540,815,502
76471,0,1,84,[9, 6, 11, 3, 1, 4],[[1, 3], [2, 3], [1, 1], [1, 2], [2, 2], [3, 3]],804,536,817,502
76520,0,1,84,[9, 6, 11, 3, 1, 4],[[1, 3], [2, 3], [1, 1], [1, 2], [2, 2], [3, 3]],817,539,822,502
76591,0,1,84,[9, 6, 11, 3, 1, 4],[[1, 3], [2, 3], [1, 1], [1, 2], [2, 2], [3, 3]],792,545,830,514
76644,0,1,84,[9, 6, 11, 3, 1, 4],[[1, 3], [2, 3], [1, 1], [1, 2], [2, 2], [3, 3]],793,520,828,529
76683,0,1,84,[9, 6, 11, 3, 1, 4],[[1, 3], [2, 3], [1, 1], [1, 2], [2, 2], [3, 3]],772,476,826,529
76740,0,1,84,[9, 6, 11, 3, 1, 4],[[1, 3], [2, 3], [1, 1], [1, 2], [2, 2], [3, 3]],761,457,826,529
76806,0,1,84,[9, 6, 11, 3, 1, 4],[[1, 3], [2, 3], [1, 1], [1, 2], [2, 2], [3, 3]],781,443,826,525
76862,0,1,84,[9, 6, 11, 3, 1, 4],[[1, 3], [2, 3], [1, 1], [1, 2], [2, 2], [3, 3]],767,443,824,525
76916,0,1,84,[9, 6, 11, 3, 1, 4],[[1, 3], [2, 3], [1, 1], [1, 2], [2, 2], [3, 3]],790,429,815,518
76964,0,1,84,[9, 6, 11, 3, 1, 4],[[1, 3], [2, 3], [1, 1], [1, 2], [2, 2], [3, 3]],793,412,788,492
77009,0,1,84,[9, 6, 11, 3, 1, 4],[[1, 3], [2, 3], [1, 1], [1, 2], [2, 2], [3, 3]],767,403,760,474
77073,0,1,84,[9, 6, 11, 3, 1, 4],[[1, 3], [2, 3], [1, 1], [1, 2], [2, 2], [3, 3]],764,398,756,466
77131,0,1,84,[9, 6, 11, 3, 1, 4],[[1, 3], [2, 3], [1, 1], [1, 2], [2, 2], [3, 3]],762,420,745,431
77178,0,1,84,[9, 6, 11, 3, 1, 4],[[1, 3], [2, 3], [1, 1], [1, 2], [2, 2], [3, 3]],756,428,725,391
77252,0,1,84,[9, 6, 11, 3, 1, 4],[[1, 3], [2, 3], [1, 1], [1, 2], [2, 2], [3, 3]],730,444,726,383
77293,0,1,84,[9, 6, 11, 3, 1, 4],[[1, 3], [2, 3], [1, 1], [1, 2], [2, 2], [3, 3]],712,435,731,372
77374,0,1,84,[9, 6, 11, 3, 1, 4],[[1, 3], [2, 3], [1, 1], [1, 2], [2, 2], [3, 3]],697,451,740,343
77436,0,1,84,[9, 6, 11, 3, 1, 4],[[1, 3], [2, 3], [1, 1], [1, 2], [2, 2], [3, 3]],718,448,745,338
77535,0,1,84,[9, 6, 11, 3, 1, 4],[[1, 3], [2, 3], [1, 1], [1, 2], [2, 2], [3, 3]],711,440,786,395
77597,0,1,84,[9, 6, 11, 3, 1, 4],[[1, 3], [2, 3], [1, 1], [1, 2], [2, 2], [3, 3]],708,442,782,414
77650,0,1,84,[9, 6, 11, 3, 1, 4],[[1, 3], [2, 3], [1, 1], [1, 2], [2, 2], [3, 3]],704,417,760,425
77741,0,1,84,[9, 6, 11, 3, 1, 4],[[1, 3], [2, 3], [1, 1], [1, 2], [2, 2], [3, 3]],703,392,738,498
77790,0,1,84,[9, 6, 11, 3, 1, 4],[[1, 3], [2, 3], [1, 1], [1, 2], [2, 2], [3, 3]],730,409,738,515
77846,0,1,84,[9, 6, 11, 3, 1, 4],[[1, 3], [2, 3], [1, 1], [1, 2], [2, 2], [3, 3]],715,399,735,516
77911,0,1,84,[9, 6, 11, 3, 1, 4],[[1, 3], [2, 3], [1, 1], [1, 2], [2, 2], [3, 3]],730,397,721,512
77974,0,1,84,[9, 6, 11, 3, 1, 4],[[1, 3], [2, 3], [1, 1], [1, 2], [2, 2], [3, 3]],734,407,711,497
78028,0,1,84,[9, 6, 11, 3, 1, 4],[[1, 3], [2, 3], [1, 1], [1, 2], [2, 2], [3, 3]],738,422,732,433
78097,0,2,59,[7, 12, 11, 3, 1, 4],[[2, 1], [3, 1], [3, 2], [3, 3], [1, 1], [2, 2]],750,422,759,409
78146,0,2,59,[7, 12, 11, 3, 1, 4],[[2, 1], [3, 1], [3, 2], [3, 3], [1, 1], [2, 2]],737,410,759,409
78233,0,2,59,[7, 12, 11, 3, 1, 4],[[2, 1], [3, 1], [3, 2], [3, 3], [1, 1], [2, 2]],728,401,762,409
78290,0,2,59,[7, 12, 11, 3, 1, 4],[[2, 1], [3, 1], [3, 2], [3, 3], [1, 1], [2, 2]],717,399,777,430
78343,0,2,59,[7, 12, 11, 3, 1, 4],[[2, 1], [3, 1], [3, 2], [3, 3], [1, 1], [2, 2]],704,383,786,445
78426,0,2,59,[7, 12, 11, 3, 1, 4],[[2, 1], [3, 1], [3, 2], [3, 3], [1, 1], [2, 2]],726,394,786,446
78487,0,2,59,[7, 12, 11, 3, 1, 4],[[2, 1], [3, 1], [3, 2], [3, 3], [1, 1], [2, 2]],704,394,786,446
78529,0,2,59,[7, 12, 11, 3, 1, 4],[[2, 1], [3, 1], [3, 2], [3, 3], [1, 1], [2, 2]],696,385,786,446
78588,0,2,59,[7, 12, 11, 3, 1, 4],[[2, 1], [3, 1], [3, 2], [3, 3], [1, 1], [2, 2]],679,382,786,446
78637,0,2,59,[7, 12, 11, 3, 1, 4],[[2, 1], [3, 1], [3, 2], [3, 3], [1, 1], [2, 2]],691,381,778,437
78726,0,2,59,[7, 12, 11, 3, 1, 4],[[2, 1], [3, 1], [3, 2], [3, 3], [1, 1], [2, 2]],697,352,772,421
78772,0,2,59,[7, 12, 11, 3, 1, 4],[[2, 1], [3, 1], [3, 2], [3, 3], [1, 1], [2, 2]],686,334,759,402
78825,0,2,59,[7, 12, 11, 3, 1, 4],[[2, 1], [3, 1], [3, 2], [3, 3], [1, 1], [2, 2]],683,365,740,388
78889,0,2,59,[7, 12, 11, 3, 1, 4],[[2, 1], [3, 1], [3, 2], [3, 3], [1, 1], [2, 2]],668,365,731,384
78938,0,2,59,[7, 12, 11, 3, 1, 4],[[2, 1], [3, 1], [3, 2], [3, 3], [1, 1], [2, 2]],645,375,725,382
78983,0,2,59,[7, 12, 11, 3, 1, 4],[[2, 1], [3, 1], [3, 2], [3, 3], [1, 1], [2, 2]],660,371,723,380
79034,0,2,59,[7, 12, 11, 3, 1, 4],[[2, 1], [3, 1], [3, 2], [3, 3], [1, 1], [2, 2]],677,373,719,378
79097,0,2,59,[7, 12, 11, 3, 1, 4],[[2, 1], [3, 1], [3, 2], [3, 3], [1, 1], [2, 2]],665,353,709,360
79148,0,2,59,[7, 12, 11, 3, 1, 4],[[2, 1], [3, 1], [3, 2], [3, 3], [1, 1], [2, 2]],640,366,708,342
79207,0,2,59,[7, 12, 11, 3, 1, 4],[[2, 1], [3, 1], [3, 2], [3, 3], [1, 1], [2, 2]],638,341,707,333
79255,0,2,59,[7, 12, 11, 3, 1, 4],[[2, 1], [3, 1], [3, 2], [3, 3], [1, 1], [2, 2]],651,346,707,333
79290,0,2,59,[7, 12, 11, 3, 1, 4],[[2, 1], [3, 1], [3, 2], [3, 3], [1, 1], [2, 2]],635,343,707,333
79353,0,2,59,[7, 12, 11, 3, 1, 4],[[2, 1], [3, 1], [3, 2], [3, 3], [1, 1], [2, 2]],636,341,707,337
79411,0,2,59,[7, 12, 11, 3, 1, 4],[[2, 1], [3, 1], [3, 2], [3, 3], [1, 1], [2, 2]],664,348,707,342
79476,0,2,59,[7, 12, 11, 3, 1, 4],[[2, 1], [3, 1], [3, 2], [3, 3], [1, 1], [2, 2]],657,335,701,355
79535,0,2,59,[7, 12, 11, 3, 1, 4],[[2, 1], [3, 1], [3, 2], [3, 3], [1, 1], [2, 2]],640,313,701,355
79602,0,2,59,[7, 12, 11, 3, 1, 4],[[2, 1], [3, 1], [3, 2], [3, 3], [1, 1], [2, 2]],618,338,701,355
79670,0,2,59,[7, 12, 11, 3, 1, 4],[[2, 1], [3, 1], [3, 2], [3, 3], [1, 1], [2, 2]],621,298,701,355
79727,0,2,59,[7, 12, 11, 3, 1, 4],[[2, 1], [3, 1], [3, 2], [3, 3], [1, 1], [2, 2]],612,305,701,355
79790,0,2,59,[7, 12, 11, 3, 1, 4],[[2, 1], [3, 1], [3, 2], [3, 3], [1, 1], [2, 2]],614,316,701,355
79875,0,2,59,[7, 12, 11, 3, 1, 4],[[2, 1], [3, 1], [3, 2], [3, 3], [1, 1], [2, 2]],623,330,699,350
79925,0,2,59,[7, 12, 11, 3, 1, 4],[[2, 1], [3, 1], [3, 2], [3, 3], [1, 1], [2, 2]],592,349,692,346
79980,0,2,59,[7, 12, 11, 3, 1, 4],[[2, 1], [3, 1], [3, 2], [3, 3], [1, 1], [2, 2]],586,345,684,343
80056,0,2,59,[7, 12, 11, 3, 1, 4],[[2, 1], [3, 1], [3, 2], [3, 3], [1, 1], [2, 2]],605,352,675,342
80105,0,2,59,[7, 12, 11, 3, 1, 4],[[2, 1], [3, 1], [3, 2], [3, 3], [1, 1], [2, 2]],616,347,675,342
80167,0,2,59,[7, 12, 11, 3, 1, 4],[[2, 1], [3, 1], [3, 2], [3, 3], [1, 1], [2, 2]],629,385,674,342
80222,0,2,59,[7, 12, 11, 3, 1, 4],[[2, 1], [3, 1], [3, 2], [3, 3], [1, 1], [2, 2]],629,418,674,342
80270,0,2,59,[7, 12, 11, 3, 1, 4],[[2, 1], [3, 1], [3, 2], [3, 3], [1, 1], [2, 2]],632,430,660,345
80354,0,2,59,[7, 12, 11, 3, 1, 4],[[2, 1], [3, 1], [3, 2], [3, 3], [1, 1], [2, 2]],642,422,647,352
80422,0,2,59,[7, 12, 11, 3, 1, 4],[[2, 1], [3, 1], [3, 2], [3, 3], [1, 1], [2, 2]],624,392,650,357
80496,0,2,59,[7, 12, 11, 3, 1, 4],[[2, 1], [3, 1], [3, 2], [3, 3], [1, 1], [2, 2]],599,392,658,372
80558,0,2,59,[7, 12, 11, 3, 1, 4],[[2, 1], [3, 1], [3, 2], [3, 3], [1, 1], [2, 2]],586,357,650,386
80599,0,2,59,[7, 12, 11, 3, 1, 4],[[2, 1], [3, 1], [3, 2], [3, 3], [1, 1], [2, 2]],596,369,650,386
80667,0,2,59,[7, 12, 11, 3, 1, 4],[[2, 1], [3, 1], [3, 2], [3, 3], [1, 1], [2, 2]],585,403,658,391
80717,0,2,59,[7, 12, 11, 3, 1, 4],[[2, 1], [3, 1], [3, 2], [3, 3], [1, 1], [2, 2]],577,376,669,397
80769,0,2,59,[7, 12, 11, 3, 1, 4],[[2, 1], [3, 1], [3, 2], [3, 3], [1, 1], [2, 2]],595,392,676,398
80820,0,2,59,[7, 12, 11, 3, 1, 4],[[2, 1], [3, 1], [3, 2], [3, 3], [1, 1], [2, 2]],586,356,681,394
80859,0,2,59,[7, 12, 11, 3, 1, 4],[[2, 1], [3, 1], [3, 2], [3, 3], [1, 1], [2, 2]],608,360,684,392
80911,0,2,59,[7, 12, 11, 3, 1, 4],[[2, 1], [3, 1], [3, 2], [3, 3], [1, 1], [2, 2]],642,337,687,386
80969,0,2,59,[7, 12, 11, 3, 1, 4],[[2, 1], [3, 1], [3, 2], [3, 3], [1, 1], [2, 2]],640,337,679,377
81012,0,2,59,[7, 12, 11, 3, 1, 4],[[2, 1], [3, 1], [3, 2], [3, 3], [1, 1], [2, 2]],595,336,664,368
81080,0,2,59,[7, 12, 11, 3, 1, 4],[[2, 1], [3, 1], [3, 2], [3, 3], [1, 1], [2, 2]],609,320,649,362
81133,0,2,59,[7, 12, 11, 3, 1, 4],[[2, 1], [3, 1], [3, 2], [3, 3], [1, 1], [2, 2]],622,329,644,362
81181,0,2,59,[7, 12, 11, 3, 1, 4],[[2, 1], [3, 1], [3, 2], [3, 3], [1, 1], [2, 2]],621,331,644,362
81250,0,2,59,[7, 12, 11, 3, 1, 4],[[2, 1], [3, 1], [3, 2], [3, 3], [1, 1], [2, 2]],616,310,644,362
81318,0,2,59,[7, 12, 11, 3, 1, 4],[[2, 1], [3, 1], [3, 2], [3, 3], [1, 1], [2, 2]],628,317,644,362
81381,0,2,59,[7, 12, 11, 3, 1, 4],[[2, 1], [3, 1], [3, 2], [3, 3], [1, 1], [2, 2]],650,310,644,362
81422,0,2,59,[7, 12, 11, 3, 1, 4],[[2, 1], [3, 1], [3, 2], [3, 3], [1, 1], [2, 2]],652,285,644,362
81464,0,2,59,[7, 12, 11, 3, 1, 4],[[2, 1], [3, 1], [3, 2], [3, 3], [1, 1], [2, 2]],666,288,673,375
81523,0,2,59,[7, 12, 11, 3, 1, 4],[[2, 1], [3, 1], [3, 2], [3, 3], [1, 1], [2, 2]],657,312,691,383
81565,0,2,59,[7, 12, 11, 3, 1, 4],[[2, 1], [3, 1], [3, 2], [3, 3], [1, 1], [2, 2]],641,308,692,383
81619,0,2,59,[7, 12, 11, 3, 1, 4],[[2, 1], [3, 1], [3, 2], [3, 3], [1, 1], [2, 2]],629,299,692,383
81673,0,2,59,[7, 12, 11, 3, 1, 4],[[2, 1], [3, 1], [3, 2], [3, 3], [1, 1], [2, 2]],641,295,692,383
81739,0,2,59,[7, 12, 11, 3, 1, 4],[[2, 1], [3, 1], [3, 2], [3, 3], [1, 1], [2, 2]],641,288,702,305
81822,0,2,59,[7, 12, 11, 3, 1, 4],[[2, 1], [3, 1], [3, 2], [3, 3], [1, 1], [2, 2]],619,262,712,273
81882,0,2,59,[7, 12, 11, 3, 1, 4],[[2, 1], [3, 1], [3, 2], [3, 3], [1, 1], [2, 2]],649,273,712,272
81957,0,2,59,[7, 12, 11, 3, 1, 4],[[2, 1], [3, 1], [3, 2], [3, 3], [1, 1], [2, 2]],621,219,712,271
82018,0,2,59,[7, 12, 11, 3, 1, 4],[[2, 1], [3, 1], [3, 2], [3, 3], [1, 1], [2, 2]],616,241,708,270
82097,0,2,59,[7, 12, 11, 3, 1, 4],[[2, 1], [3, 1], [3, 2], [3, 3], [1, 1], [2, 2]],576,246,708,270
82159,0,3,6,[9, 6, 10, 2, 5, 8],[[1, 1], [2, 1], [1, 2], [1, 3], [2, 2], [3, 1]],561,238,704,277
82234,0,3,6,[9, 6, 10, 2, 5, 8],[[1, 1], [2, 1], [1, 2], [1, 3], [2, 2], [3, 1]],559,259,702,278
82301,0,3,6,[9, 6, 10, 2, 5, 8],[[1, 1], [2, 1], [1, 2], [1, 3], [2, 2], [3, 1]],547,266,702,278
82356,0,3,6,[9, 6, 10, 2, 5, 8],[[1, 1], [2, 1], [1, 2], [1, 3], [2, 2], [3, 1]],555,289,679,278
82428,0,3,6,[9, 6, 10, 2, 5, 8],[[1, 1], [2, 1], [1, 2], [1, 3], [2, 2], [3, 1]],575,282,634,290
82504,0,3,6,[9, 6, 10, 2, 5, 8],[[1, 1], [2, 1], [1, 2], [1, 3], [2, 2], [3, 1]],593,248,618,294
82575,0,3,6,[9, 6, 10, 2, 5, 8],[[1, 1], [2, 1], [1, 2], [1, 3], [2, 2], [3, 1]],609,238,617,295
82673,0,3,6,[9, 6, 10, 2, 5, 8],[[1, 1], [2, 1], [1, 2], [1, 3], [2, 2], [3, 1]],593,264,594,308
82718,0,3,6,[9, 6, 10, 2, 5, 8],[[1, 1], [2, 1], [1, 2], [1, 3], [2, 2], [3, 1]],583,252,582,315
82778,0,3,6,[9, 6, 10, 2, 5, 8],[[1, 1], [2, 1], [1, 2], [1, 3], [2, 2], [3, 1]],581,252,582,315
82831,0,3,6,[9, 6, 10, 2, 5, 8],[[1, 1], [2, 1], [1, 2], [1, 3], [2, 2], [3, 1]],603,279,582,315
82893,0,3,6,[9, 6, 10, 2, 5, 8],[[1, 1], [2, 1], [1, 2], [1, 3], [2, 2], [3, 1]],598,282,597,318
82947,0,3,6,[9, 6, 10, 2, 5, 8],[[1, 1], [2, 1], [1, 2], [1, 3], [2, 2], [3, 1]],598,287,611,307
83005,0,3,6,[9, 6, 10, 2, 5, 8],[[1, 1], [2, 1], [1, 2], [1, 3], [2, 2], [3, 1]],610,257,613,302
83064,0,3,6,[9, 6, 10, 2, 5, 8],[[1, 1], [2, 1], [1, 2], [1, 3], [2, 2], [3, 1]],621,239,613,302
83123,0,3,6,[9, 6, 10, 2, 5, 8],[[1, 1], [2, 1], [1, 2], [1, 3], [2, 2], [3, 1]],643,249,613,302
83176,0,3,6,[9, 6, 10, 2, 5, 8],[[1, 1], [2, 1], [1, 2], [1, 3], [2, 2], [3, 1]],645,223,613,302
83234,0,3,6,[9, 6, 10, 2, 5, 8],[[1, 1], [2, 1], [1, 2], [1, 3], [2, 2], [3, 1]],652,211,613,302
83298,0,3,6,[9, 6, 10, 2, 5, 8],[[1, 1], [2, 1], [1, 2], [1, 3], [2, 2], [3, 1]],679,200,613,318
83334,0,3,6,[9, 6, 10, 2, 5, 8],[[1, 1], [2, 1], [1, 2], [1, 3], [2, 2], [3, 1]],643,198,618,320
83414,0,3,6,[9, 6, 10, 2, 5, 8],[[1, 1], [2, 1], [1, 2], [1, 3], [2, 2], [3, 1]],649,207,656,312
83482,0,3,6,[9, 6, 10, 2, 5, 8],[[1, 1], [2, 1], [1, 2], [1, 3], [2, 2], [3, 1]],634,226,679,292
83528,0,3,6,[9, 6, 10, 2, 5, 8],[[1, 1], [2, 1], [1, 2], [1, 3], [2, 2], [3, 1]],639,236,687,274
83578,0,3,6,[9, 6, 10, 2, 5, 8],[[1, 1], [2, 1], [1, 2], [1, 3], [2, 2], [3, 1]],659,256,690,255
83623,0,3,6,[9, 6, 10, 2, 5, 8],[[1, 1], [2, 1], [1, 2], [1, 3], [2, 2], [3, 1]],667,275,696,232
83672,0,3,6,[9, 6, 10, 2, 5, 8],[[1, 1], [2, 1], [1, 2], [1, 3], [2, 2], [3, 1]],662,270,701,216
83722,0,3,6,[9, 6, 10, 2, 5, 8],[[1, 1], [2, 1], [1, 2], [1, 3], [2, 2], [3, 1]],651,255,701,205
83776,0,3,6,[9, 6, 10, 2, 5, 8],[[1, 1], [2, 1], [1, 2], [1, 3], [2, 2], [3, 1]],686,259,701,204
83854,0,3,6,[9, 6, 10, 2, 5, 8],[[1, 1], [2, 1], [1, 2], [1, 3], [2, 2], [3, 1]],701,258,693,205
83909,0,3,6,[9, 6, 10, 2, 5, 8],[[1, 1], [2, 1], [1, 2], [1, 3], [2, 2], [3, 1]],711,237,674,244
84001,0,3,6,[9, 6, 10, 2, 5, 8],[[1, 1], [2, 1], [1, 2], [1, 3], [2, 2], [3, 1]],716,214,674,255
84087,0,3,6,[9, 6, 10, 2, 5, 8],[[1, 1], [2, 1], [1, 2], [1, 3], [2, 2], [3, 1]],717,221,674,255
84183,0,3,6,[9, 6, 10, 2, 5, 8],[[1, 1], [2, 1], [1, 2], [1, 3], [2, 2], [3, 1]],699,214,689,261
84261,0,3,6,[9, 6, 10, 2, 5, 8],[[1, 1], [2, 1], [1, 2], [1, 3], [2, 2], [3, 1]],696,192,711,260
84310,0,3,6,[9, 6, 10, 2, 5, 8],[[1, 1], [2, 1], [1, 2], [1, 3], [2, 2], [3, 1]],712,202,718,250
84400,0,3,6,[9, 6, 10, 2, 5, 8],[[1, 1], [2, 1], [1, 2], [1, 3], [2, 2], [3, 1]],697,209,724,244
84454,0,3,6,[9, 6, 10, 2, 5, 8],[[1, 1], [2, 1], [1, 2], [1, 3], [2, 2], [3, 1]],679,223,726,244
84514,0,3,6,[9, 6, 10, 2, 5, 8],[[1, 1], [2, 1], [1, 2], [1, 3], [2, 2], [3, 1]],690,226,726,243
84589,0,3,6,[9, 6, 10, 2, 5, 8],[[1, 1], [2, 1], [1, 2], [1, 3], [2, 2], [3, 1]],698,224,719,239
84686,0,3,6,[9, 6, 10, 2, 5, 8],[[1, 1], [2, 1], [1, 2], [1, 3], [2, 2], [3, 1]],667,198,715,237
84729,0,3,6,[9, 6, 10, 2, 5, 8],[[1, 1], [2, 1], [1, 2], [1, 3], [2, 2], [3, 1]],653,215,712,236
84830,0,3,6,[9, 6, 10, 2, 5, 8],[[1, 1], [2, 1], [1, 2], [1, 3], [2, 2], [3, 1]],647,239,712,236
84883,0,3,6,[9, 6, 10, 2, 5, 8],[[1, 1], [2, 1], [1, 2], [1, 3], [2, 2], [3, 1]],660,229,712,236
84945,0,3,6,[9, 6, 10, 2, 5, 8],[[1, 1], [2, 1], [1, 2], [1, 3], [2, 2], [3, 1]],660,233,712,236
84996,0,3,6,[9, 6, 10, 2, 5, 8],[[1, 1], [2, 1], [1, 2], [1, 3], [2, 2], [3, 1]],657,210,712,236
85060,0,3,6,[9, 6, 10, 2, 5, 8],[[1, 1], [2, 1], [1, 2], [1, 3], [2, 2], [3, 1]],681,206,712,236
85110,0,3,6,[9, 6, 10, 2, 5, 8],[[1, 1], [2, 1], [1, 2], [1, 3], [2, 2], [3, 1]],687,202,712,236
85156,0,3,6,[9, 6, 10, 2, 5, 8],[[1, 1], [2, 1], [1, 2], [1, 3], [2, 2], [3, 1]],694,210,712,236
85206,0,3,6,[9, 6, 10, 2, 5, 8],[[1, 1], [2, 1], [1, 2], [1, 3], [2, 2], [3, 1]],704,202,712,236
85246,0,3,6,[9, 6, 10, 2, 5, 8],[[1, 1], [2, 1], [1, 2], [1, 3], [2, 2], [3, 1]],703,181,712,236
85288,0,3,6,[9, 6, 10, 2, 5, 8],[[1, 1], [2, 1], [1, 2], [1, 3], [2, 2], [3, 1]],733,195,704,249
85347,0,3,6,[9, 6, 10, 2, 5, 8],[[1, 1], [2, 1], [1, 2], [1, 3], [2, 2], [3, 1]],721,197,697,261
85394,0,3,6,[9, 6, 10, 2, 5, 8],[[1, 1], [2, 1], [1, 2], [1, 3], [2, 2], [3, 1]],728,182,697,261
85434,0,3,6,[9, 6, 10, 2, 5, 8],[[1, 1], [2, 1], [1, 2], [1, 3], [2, 2], [3, 1]],753,215,697,261
85477,0,3,6,[9, 6, 10, 2, 5, 8],[[1, 1], [2, 1], [1, 2], [1, 3], [2, 2], [3, 1]],773,237,701,255
85546,0,3,6,[9, 6, 10, 2, 5, 8],[[1, 1], [2, 1], [1, 2], [1, 3], [2, 2], [3, 1]],773,254,708,248
85594,0,3,6,[9, 6, 10, 2, 5, 8],[[1, 1], [2, 1], [1, 2], [1, 3], [2, 2], [3, 1]],799,236,711,239
85645,0,3,6,[9, 6, 10, 2, 5, 8],[[1, 1], [2, 1], [1, 2], [1, 3], [2, 2], [3, 1]],795,239,715,224
85696,0,3,6,[9, 6, 10, 2, 5, 8],[[1, 1], [2, 1], [1, 2], [1, 3], [2, 2], [3, 1]],789,259,717,219
85752,0,3,6,[9, 6, 10, 2, 5, 8],[[1, 1], [2, 1], [1, 2], [1, 3], [2, 2], [3, 1]],774,266,767,241
85794,0,3,6,[9, 6, 10, 2, 5, 8],[[1, 1], [2, 1], [1, 2], [1, 3], [2, 2], [3, 1]],751,281,788,249
85841,0,3,6,[9, 6, 10, 2, 5, 8],[[1, 1], [2, 1], [1, 2], [1, 3], [2, 2], [3, 1]],740,313,799,255
85905,0,3,6,[9, 6, 10, 2, 5, 8],[[1, 1], [2, 1], [1, 2], [1, 3], [2, 2], [3, 1]],756,329,802,257
85956,0,3,6,[9, 6, 10, 2, 5, 8],[[1, 1], [2, 1], [1, 2], [1, 3], [2, 2], [3, 1]],752,325,802,257
86033,0,3,6,[9, 6, 10, 2, 5, 8],[[1, 1], [2, 1], [1, 2], [1, 3], [2, 2], [3, 1]],735,346,802,261
86109,0,3,6,[9, 6, 10, 2, 5, 8],[[1, 1], [2, 1], [1, 2], [1, 3], [2, 2], [3, 1]],734,345,789,301
86179,0,3,6,[9, 6, 10, 2, 5, 8],[[1, 1], [2, 1], [1, 2], [1, 3], [2, 2], [3, 1]],735,344,785,317
86259,0,4,45,[7, 12, 10, 2, 1, 4],[[2, 1], [3, 1], [1, 2], [1, 3], [2, 2], [3, 3]],753,337,785,319
86318,0,4,45,[7, 12, 10, 2, 1, 4],[[2, 1], [3, 1], [1, 2], [1, 3], [2, 2], [3, 3]],734,308,781,327
86392,0,4,45,[7, 12, 10, 2, 1, 4],[[2, 1], [3, 1], [1, 2], [1, 3], [2, 2], [3, 3]],746,346,773,342
86457,0,4,45,[7, 12, 10, 2, 1, 4],[[2, 1], [3, 1], [1, 2], [1, 3], [2, 2], [3, 3]],730,363,773,358
86535,0,4,45,[7, 12, 10, 2, 1, 4],[[2, 1], [3, 1], [1, 2], [1, 3], [2, 2], [3, 3]],739,350,773,359
86606,0,4,45,[7, 12, 10, 2, 1, 4],[[2, 1], [3, 1], [1, 2], [1, 3], [2, 2], [3, 3]],762,331,773,362
86662,0,4,45,[7, 12, 10, 2, 1, 4],[[2, 1], [3, 1], [1, 2], [1, 3], [2, 2], [3, 3]],771,340,775,367
86769,0,4,45,[7, 12, 10, 2, 1, 4],[[2, 1], [3, 1], [1, 2], [1, 3], [2, 2], [3, 3]],794,300,743,353
86840,0,4,45,[7, 12, 10, 2, 1, 4],[[2, 1], [3, 1], [1, 2], [1, 3], [2, 2], [3, 3]],787,294,733,352
86909,0,4,45,[7, 12, 10, 2, 1, 4],[[2, 1], [3, 1], [1, 2], [1, 3], [2, 2], [3, 3]],793,298,724,342
86951,0,4,45,[7, 12, 10, 2, 1, 4],[[2, 1], [3, 1], [1, 2], [1, 3], [2, 2], [3, 3]],793,301,723,341
86991,0,4,45,[7, 12, 10, 2, 1, 4],[[2, 1], [3, 1], [1, 2], [1, 3], [2, 2], [3, 3]],777,305,723,341
87038,0,4,45,[7, 12, 10, 2, 1, 4],[[2, 1], [3, 1], [1, 2], [1, 3], [2, 2], [3, 3]],767,260,737,339
87078,0,4,45,[7, 12, 10, 2, 1, 4],[[2, 1], [3, 1], [1, 2], [1, 3], [2, 2], [3, 3]],768,266,755,340
87121,0,4,45,[7, 12, 10, 2, 1, 4],[[2, 1], [3, 1], [1, 2], [1, 3], [2, 2], [3, 3]],761,299,766,336
87179,0,4,45,[7, 12, 10, 2, 1, 4],[[2, 1], [3, 1], [1, 2], [1, 3], [2, 2], [3, 3]],751,315,786,319
87222,0,4,45,[7, 12, 10, 2, 1, 4],[[2, 1], [3, 1], [1, 2], [1, 3], [2, 2], [3, 3]],746,309,796,300
87275,0,4,45,[7, 12, 10, 2, 1, 4],[[2, 1], [3, 1], [1, 2], [1, 3], [2, 2], [3, 3]],765,298,798,285
87338,0,4,45,[7, 12, 10, 2, 1, 4],[[2, 1], [3, 1], [1, 2], [1, 3], [2, 2], [3, 3]],764,288,792,272
87391,0,4,45,[7, 12, 10, 2, 1, 4],[[2, 1], [3, 1], [1, 2], [1, 3], [2, 2], [3, 3]],815,271,788,268
87454,0,4,45,[7, 12, 10, 2, 1, 4],[[2, 1], [3, 1], [1, 2], [1, 3], [2, 2], [3, 3]],788,256,784,270
87516,0,4,45,[7, 12, 10, 2, 1, 4],[[2, 1], [3, 1], [1, 2], [1, 3], [2, 2], [3, 3]],787,263,773,298
87564,0,4,45,[7, 12, 10, 2, 1, 4],[[2, 1], [3, 1], [1, 2], [1, 3], [2, 2], [3, 3]],788,243,771,316
87620,0,4,45,[7, 12, 10, 2, 1, 4],[[2, 1], [3, 1], [1, 2], [1, 3], [2, 2], [3, 3]],773,251,773,327
87683,0,4,45,[7, 12, 10, 2, 1, 4],[[2, 1], [3, 1], [1, 2], [1, 3], [2, 2], [3, 3]],758,246,774,337
87736,0,4,45,[7, 12, 10, 2, 1, 4],[[2, 1], [3, 1], [1, 2], [1, 3], [2, 2], [3, 3]],771,233,774,344
87786,0,4,45,[7, 12, 10, 2, 1, 4],[[2, 1], [3, 1], [1, 2], [1, 3], [2, 2], [3, 3]],747,247,774,344
87837,0,4,45,[7, 12, 10, 2, 1, 4],[[2, 1], [3, 1], [1, 2], [1, 3], [2, 2], [3, 3]],769,271,778,354
87887,0,4,45,[7, 12, 10, 2, 1, 4],[[2, 1], [3, 1], [1, 2], [1, 3], [2, 2], [3, 3]],747,282,778,354
87937,0,4,45,[7, 12, 10, 2, 1, 4],[[2, 1], [3, 1], [1, 2], [1, 3], [2, 2], [3, 3]],746,297,778,354
88001,0,4,45,[7, 12, 10, 2, 1, 4],[[2, 1], [3, 1], [1, 2], [1, 3], [2, 2], [3, 3]],742,306,774,346
88075,0,4,45,[7, 12, 10, 2, 1, 4],[[2, 1], [3, 1], [1, 2], [1, 3], [2, 2], [3, 3]],727,286,773,316
88131,0,4,45,[7, 12, 10, 2, 1, 4],[[2, 1], [3, 1], [1, 2], [1, 3], [2, 2], [3, 3]],725,299,771,312
88208,0,4,45,[7, 12, 10, 2, 1, 4],[[2, 1], [3, 1], [1, 2], [1, 3], [2, 2], [3, 3]],711,310,772,315
88263,0,4,45,[7, 12, 10, 2, 1, 4],[[2, 1], [3, 1], [1, 2], [1, 3], [2, 2], [3, 3]],730,323,777,329
88321,0,4,45,[7, 12, 10, 2, 1, 4],[[2, 1], [3, 1], [1, 2], [1, 3], [2, 2], [3, 3]],733,310,781,335
88380,0,4,45,[7, 12, 10, 2, 1, 4],[[2, 1], [3, 1], [1, 2], [1, 3], [2, 2], [3, 3]],718,285,784,340
88431,0,4,45,[7, 12, 10, 2, 1, 4],[[2, 1], [3, 1], [1, 2], [1, 3], [2, 2], [3, 3]],698,267,785,343
88488,0,4,45,[7, 12, 10, 2, 1, 4],[[2, 1], [3, 1], [1, 2], [1, 3], [2, 2], [3, 3]],694,269,785,343
88543,0,4,45,[7, 12, 10, 2, 1, 4],[[2, 1], [3, 1], [1, 2], [1, 3], [2, 2], [3, 3]],688,268,785,343
88616,0,4,45,[7, 12, 10, 2, 1, 4],[[2, 1], [3, 1], [1, 2], [1, 3], [2, 2], [3, 3]],693,282,785,343
88666,0,4,45,[7, 12, 10, 2, 1, 4],[[2, 1], [3, 1], [1, 2], [1, 3], [2, 2], [3, 3]],688,251,778,343
88726,0,4,45,[7, 12, 10, 2, 1, 4],[[2, 1], [3, 1], [1, 2], [1, 3], [2, 2], [3, 3]],678,232,768,341
88795,0,4,45,[7, 12, 10, 2, 1, 4],[[2, 1], [3, 1], [1, 2], [1, 3], [2, 2], [3, 3]],698,267,758,337
88853,0,4,45,[7, 12, 10, 2, 1, 4],[[2, 1], [3, 1], [1, 2], [1, 3], [2, 2], [3, 3]],706,302,748,334
88907,0,4,45,[7, 12, 10, 2, 1, 4],[[2, 1], [3, 1], [1, 2], [1, 3], [2, 2], [3, 3]],712,322,729,327
88970,0,4,45,[7, 12, 10, 2, 1, 4],[[2, 1], [3, 1], [1, 2], [1, 3], [2, 2], [3, 3]],704,319,705,313
89024,0,4,45,[7, 12, 10, 2, 1, 4],[[2, 1], [3, 1], [1, 2], [1, 3], [2, 2], [3, 3]],706,340,691,301
89086,0,4,45,[7, 12, 10, 2, 1, 4],[[2, 1], [3, 1], [1, 2], [1, 3], [2, 2], [3, 3]],713,340,698,301
89139,0,4,45,[7, 12, 10, 2, 1, 4],[[2, 1], [3, 1], [1, 2], [1, 3], [2, 2], [3, 3]],700,341,716,311
89188,0,4,45,[7, 12, 10, 2, 1, 4],[[2, 1], [3, 1], [1, 2], [1, 3], [2, 2], [3, 3]],703,329,730,322
89236,0,4,45,[7, 12, 10, 2, 1, 4],[[2, 1], [3, 1], [1, 2], [1, 3], [2, 2], [3, 3]],672,315,737,324
89288,0,4,45,[7, 12, 10, 2, 1, 4],[[2, 1], [3, 1], [1, 2], [1, 3], [2, 2], [3, 3]],651,324,737,325
89342,0,4,45,[7, 12, 10, 2, 1, 4],[[2, 1], [3, 1], [1, 2], [1, 3], [2, 2], [3, 3]],650,335,737,329
89395,0,4,45,[7, 12, 10, 2, 1, 4],[[2, 1], [3, 1], [1, 2], [1, 3], [2, 2], [3, 3]],641,361,733,333
89444,0,4,45,[7, 12, 10, 2, 1, 4],[[2, 1], [3, 1], [1, 2], [1, 3], [2, 2], [3, 3]],644,353,730,333
89502,0,4,45,[7, 12, 10, 2, 1, 4],[[2, 1], [3, 1], [1, 2], [1, 3], [2, 2], [3, 3]],639,358,716,335
89562,0,4,45,[7, 12, 10, 2, 1, 4],[[2, 1], [3, 1], [1, 2], [1, 3], [2, 2], [3, 3]],636,383,705,334
89615,0,4,45,[7, 12, 10, 2, 1, 4],[[2, 1], [3, 1], [1, 2], [1, 3], [2, 2], [3, 3]],648,347,704,338
89670,0,4,45,[7, 12, 10, 2, 1, 4],[[2, 1], [3, 1], [1, 2], [1, 3], [2, 2], [3, 3]],633,383,698,348
89753,0,4,45,[7, 12, 10, 2, 1, 4],[[2, 1], [3, 1], [1, 2], [1, 3], [2, 2], [3, 3]],634,377,686,366
89802,0,4,45,[7, 12, 10, 2, 1, 4],[[2, 1], [3, 1], [1, 2], [1, 3], [2, 2], [3, 3]],653,368,676,376
89885,0,4,45,[7, 12, 10, 2, 1, 4],[[2, 1], [3, 1], [1, 2], [1, 3], [2, 2], [3, 3]],642,348,647,393
89921,0,4,45,[7, 12, 10, 2, 1, 4],[[2, 1], [3, 1], [1, 2], [1, 3], [2, 2], [3, 3]],644,348,636,405
89972,0,4,45,[7, 12, 10, 2, 1, 4],[[2, 1], [3, 1], [1, 2], [1, 3], [2, 2], [3, 3]],629,356,629,415
90016,0,4,45,[7, 12, 10, 2, 1, 4],[[2, 1], [3, 1], [1, 2], [1, 3], [2, 2], [3, 3]],653,356,629,418
90107,0,4,45,[7, 12, 10, 2, 1, 4],[[2, 1], [3, 1], [1, 2], [1, 3], [2, 2], [3, 3]],642,320,638,415
90151,0,4,45,[7, 12, 10, 2, 1, 4],[[2, 1], [3, 1], [1, 2], [1, 3], [2, 2], [3, 3]],644,310,667,380
90199,0,4,45,[7, 12, 10, 2, 1, 4],[[2, 1], [3, 1], [1, 2], [1, 3], [2, 2], [3, 3]],640,307,674,368
90254,0,4,45,[7, 12, 10, 2, 1, 4],[[2, 1], [3, 1], [1, 2], [1, 3], [2, 2], [3, 3]],649,312,674,366
90310,0,5,54,[9, 6, 10, 2, 1, 4],[[2, 1], [3, 1], [3, 2], [3, 3], [1, 2], [2, 3]],622,297,673,360
90347,0,5,54,[9, 6, 10, 2, 1, 4],[[2, 1], [3, 1], [3, 2], [3, 3], [1, 2], [2, 3]],633,294,675,356
90405,0,5,54,[9, 6, 10, 2, 1, 4],[[2, 1], [3, 1], [3, 2], [3, 3], [1, 2], [2, 3]],653,271,677,339
90468,0,5,54,[9, 6, 10, 2, 1, 4],[[2, 1], [3, 1], [3, 2], [3, 3], [1, 2], [2, 3]],677,284,683,328
90530,0,5,54,[9, 6, 10, 2, 1, 4],[[2, 1], [3, 1], [3, 2], [3, 3], [1, 2], [2, 3]],687,280,687,325
90589,0,5,54,[9, 6, 10, 2, 1, 4],[[2, 1], [3, 1], [3, 2], [3, 3], [1, 2], [2, 3]],675,267,688,325
90639,0,5,54,[9, 6, 10, 2, 1, 4],[[2, 1], [3, 1], [3, 2], [3, 3], [1, 2], [2, 3]],663,239,699,322
90686,0,5,54,[9, 6, 10, 2, 1, 4],[[2, 1], [3, 1], [3, 2], [3, 3], [1, 2], [2, 3]],677,227,706,322
90743,0,5,54,[9, 6, 10, 2, 1, 4],[[2, 1], [3, 1], [3, 2], [3, 3], [1, 2], [2, 3]],665,232,706,321
90786,0,5,54,[9, 6, 10, 2, 1, 4],[[2, 1], [3, 1], [3, 2], [3, 3], [1, 2], [2, 3]],686,249,710,314
90855,0,5,54,[9, 6, 10, 2, 1, 4],[[2, 1], [3, 1], [3, 2], [3, 3], [1, 2], [2, 3]],662,258,724,296
90913,0,5,54,[9, 6, 10, 2, 1, 4],[[2, 1], [3, 1], [3, 2], [3, 3], [1, 2], [2, 3]],647,243,730,286
90977,0,5,54,[9, 6, 10, 2, 1, 4],[[2, 1], [3, 1], [3, 2], [3, 3], [1, 2], [2, 3]],628,246,730,286
91057,0,5,54,[9, 6, 10, 2, 1, 4],[[2, 1], [3, 1], [3, 2], [3, 3], [1, 2], [2, 3]],632,245,742,279
91115,0,5,54,[9, 6, 10, 2, 1, 4],[[2, 1], [3, 1], [3, 2], [3, 3], [1, 2], [2, 3]],631,282,742,279
91184,0,5,54,[9, 6, 10, 2, 1, 4],[[2, 1], [3, 1], [3, 2], [3, 3], [1, 2], [2, 3]],610,288,742,279
91247,0,5,54,[9, 6, 10, 2, 1, 4],[[2, 1], [3, 1], [3, 2], [3, 3], [1, 2], [2, 3]],597,290,734,285
91311,0,5,54,[9, 6, 10, 2, 1, 4],[[2, 1], [3, 1], [3, 2], [3, 3], [1, 2], [2, 3]],589,301,717,291
91379,0,5,54,[9, 6, 10, 2, 1, 4],[[2, 1], [3, 1], [3, 2], [3, 3], [1, 2], [2, 3]],593,324,677,291
91448,0,5,54,[9, 6, 10, 2, 1, 4],[[2, 1], [3, 1], [3, 2], [3, 3], [1, 2], [2, 3]],604,323,646,291
91511,0,5,54,[9, 6, 10, 2, 1, 4],[[2, 1], [3, 1], [3, 2], [3, 3], [1, 2], [2, 3]],593,306,646,291
91585,0,5,54,[9, 6, 10, 2, 1, 4],[[2, 1], [3, 1], [3, 2], [3, 3], [1, 2], [2, 3]],616,325,645,291
91640,0,5,54,[9, 6, 10, 2, 1, 4],[[2, 1], [3, 1], [3, 2], [3, 3], [1, 2], [2, 3]],599,328,606,306
91696,0,5,54,[9, 6, 10, 2, 1, 4],[[2, 1], [3, 1], [3, 2], [3, 3], [1, 2], [2, 3]],608,324,606,315
91759,0,5,54,[9, 6, 10, 2, 1, 4],[[2, 1], [3, 1], [3, 2], [3, 3], [1, 2], [2, 3]],617,334,615,346
91835,0,5,54,[9, 6, 10, 2, 1, 4],[[2, 1], [3, 1], [3, 2], [3, 3], [1, 2], [2, 3]],616,329,619,364
91891,0,5,54,[9, 6, 10, 2, 1, 4],[[2, 1], [3, 1], [3, 2], [3, 3], [1, 2], [2, 3]],618,325,629,377
91953,0,5,54,[9, 6, 10, 2, 1, 4],[[2, 1], [3, 1], [3, 2], [3, 3], [1, 2], [2, 3]],630,338,636,381
92000,0,5,54,[9, 6, 10, 2, 1, 4],[[2, 1], [3, 1], [3, 2], [3, 3], [1, 2], [2, 3]],630,386,638,381
92051,0,5,54,[9, 6, 10, 2, 1, 4],[[2, 1], [3, 1], [3, 2], [3, 3], [1, 2], [2, 3]],656,385,644,383
92104,0,5,54,[9, 6, 10, 2, 1, 4],[[2, 1], [3, 1], [3, 2], [3, 3], [1, 2], [2, 3]],629,379,650,384
92154,0,5,54,[9, 6, 10, 2, 1, 4],[[2, 1], [3, 1], [3, 2], [3, 3], [1, 2], [2, 3]],645,376,670,384
92199,0,5,54,[9, 6, 10, 2, 1, 4],[[2, 1], [3, 1], [3, 2], [3, 3], [1, 2], [2, 3]],665,385,676,377
92269,0,5,54,[9, 6, 10, 2, 1, 4],[[2, 1], [3, 1], [3, 2], [3, 3], [1, 2], [2, 3]],657,380,677,375
92313,0,5,54,[9, 6, 10, 2, 1, 4],[[2, 1], [3, 1], [3, 2], [3, 3], [1, 2], [2, 3]],650,386,688,381
92384,0,5,54,[9, 6, 10, 2, 1, 4],[[2, 1], [3, 1], [3, 2], [3, 3], [1, 2], [2, 3]],645,377,689,384
92447,0,5,54,[9, 6, 10, 2, 1, 4],[[2, 1], [3, 1], [3, 2], [3, 3], [1, 2], [2, 3]],630,385,692,390
92501,0,5,54,[9, 6, 10, 2, 1, 4],[[2, 1], [3, 1], [3, 2], [3, 3], [1, 2], [2, 3]],600,383,692,397
92558,0,5,54,[9, 6, 10, 2, 1, 4],[[2, 1], [3, 1], [3, 2], [3, 3], [1, 2], [2, 3]],572,356,693,408
92633,0,5,54,[9, 6, 10, 2, 1, 4],[[2, 1], [3, 1], [3, 2], [3, 3], [1, 2], [2, 3]],570,351,694,423
92681,0,5,54,[9, 6, 10, 2, 1, 4],[[2, 1], [3, 1], [3, 2], [3, 3], [1, 2], [2, 3]],574,342,694,439
92729,0,5,54,[9, 6, 10, 2, 1, 4],[[2, 1], [3, 1], [3, 2], [3, 3], [1, 2], [2, 3]],576,357,697,452
92779,0,5,54,[9, 6, 10, 2, 1, 4],[[2, 1], [3, 1], [3, 2], [3, 3], [1, 2], [2, 3]],565,347,698,459
92827,0,5,54,[9, 6, 10, 2, 1, 4],[[2, 1], [3, 1], [3, 2], [3, 3], [1, 2], [2, 3]],583,336,684,460
92874,0,5,54,[9, 6, 10, 2, 1, 4],[[2, 1], [3, 1], [3, 2], [3, 3], [1, 2], [2, 3]],565,314,645,428
92937,0,5,54,[9, 6, 10, 2, 1, 4],[[2, 1], [3, 1], [3, 2], [3, 3], [1, 2], [2, 3]],578,321,601,334
92988,0,5,54,[9, 6, 10, 2, 1, 4],[[2, 1], [3, 1], [3, 2], [3, 3], [1, 2], [2, 3]],594,312,598,313
93038,0,5,54,[9, 6, 10, 2, 1, 4],[[2, 1], [3, 1], [3, 2], [3, 3], [1, 2], [2, 3]],565,304,596,306
93085,0,5,54,[9, 6, 10, 2, 1, 4],[[2, 1], [3, 1], [3, 2], [3, 3], [1, 2], [2, 3]],565,291,595,299
93132,0,5,54,[9, 6, 10, 2, 1, 4],[[2, 1], [3, 1], [3, 2], [3, 3], [1, 2], [2, 3]],557,281,595,297
93177,0,5,54,[9, 6, 10, 2, 1, 4],[[2, 1], [3, 1], [3, 2], [3, 3], [1, 2], [2, 3]],544,279,595,291
93236,0,5,54,[9, 6, 10, 2, 1, 4],[[2, 1], [3, 1], [3, 2], [3, 3], [1, 2], [2, 3]],552,261,595,291
93301,0,5,54,[9, 6, 10, 2, 1, 4],[[2, 1], [3, 1], [3, 2], [3, 3], [1, 2], [2, 3]],550,244,609,298
93356,0,5,54,[9, 6, 10, 2, 1, 4],[[2, 1], [3, 1], [3, 2], [3, 3], [1, 2], [2, 3]],534,261,614,301
93397,0,5,54,[9, 6, 10, 2, 1, 4],[[2, 1], [3, 1], [3, 2], [3, 3], [1, 2], [2, 3]],516,262,615,301
93460,0,5,54,[9, 6, 10, 2, 1, 4],[[2, 1], [3, 1], [3, 2], [3, 3], [1, 2], [2, 3]],512,248,609,300
93534,0,5,54,[9, 6, 10, 2, 1, 4],[[2, 1], [3, 1], [3, 2], [3, 3], [1, 2], [2, 3]],527,252,605,299
93593,0,5,54,[9, 6, 10, 2, 1, 4],[[2, 1], [3, 1], [3, 2], [3, 3], [1, 2], [2, 3]],527,243,605,299
93642,0,5,54,[9, 6, 10, 2, 1, 4],[[2, 1], [3, 1], [3, 2], [3, 3], [1, 2], [2, 3]],537,262,604,298
93710,0,5,54,[9, 6, 10, 2, 1, 4],[[2, 1], [3, 1], [3, 2], [3, 3], [1, 2], [2, 3]],537,247,600,295
93776,0,5,54,[9, 6, 10, 2, 1, 4],[[2, 1], [3, 1], [3, 2], [3, 3], [1, 2], [2, 3]],530,238,591,292
93857,0,5,54,[9, 6, 10, 2, 1, 4],[[2, 1], [3, 1], [3, 2], [3, 3], [1, 2], [2, 3]],559,219,590,291
93909,0,5,54,[9, 6, 10, 2, 1, 4],[[2, 1], [3, 1], [3, 2], [3, 3], [1, 2], [2, 3]],527,219,590,291
93962,0,5,54,[9, 6, 10, 2, 1, 4],[[2, 1], [3, 1], [3, 2], [3, 3], [1, 2], [2, 3]],533,240,593,291
94049,0,5,54,[9, 6, 10, 2, 1, 4],[[2, 1], [3, 1], [3, 2], [3, 3], [1, 2], [2, 3]],524,255,603,293
94101,0,5,54,[9, 6, 10, 2, 1, 4],[[2, 1], [3, 1], [3, 2], [3, 3], [1, 2], [2, 3]],515,218,604,293
94188,0,5,54,[9, 6, 10, 2, 1, 4],[[2, 1], [3, 1], [3, 2], [3, 3], [1, 2], [2, 3]],523,222,604,293
94277,0,5,54,[9, 6, 10, 2, 1, 4],[[2, 1], [3, 1], [3, 2], [3, 3], [1, 2], [2, 3]],485,195,604,293
94330,0,5,54,[9, 6, 10, 2, 1, 4],[[2, 1], [3, 1], [3, 2], [3, 3], [1, 2], [2, 3]],496,221,604,293
94373,0,6,37,[7, 12, 10, 2, 5, 8],[[2, 1], [3, 1], [1, 2], [1, 3], [2, 3], [3, 2]],527,243,604,293
94460,0,6,37,[7, 12, 10, 2, 5, 8],[[2, 1], [3, 1], [1, 2], [1, 3], [2, 3], [3, 2]],533,248,604,293
94515,0,6,37,[7, 12, 10, 2, 5, 8],[[2, 1], [3, 1], [1, 2], [1, 3], [2, 3], [3, 2]],539,241,586,263
94571,0,6,37,[7, 12, 10, 2, 5, 8],[[2, 1], [3, 1], [1, 2], [1, 3], [2, 3], [3, 2]],536,240,563,241
94630,0,6,37,[7, 12, 10, 2, 5, 8],[[2, 1], [3, 1], [1, 2], [1, 3], [2, 3], [3, 2]],533,259,550,236
94687,0,6,37,[7, 12, 10, 2, 5, 8],[[2, 1], [3, 1], [1, 2], [1, 3], [2, 3], [3, 2]],541,265,552,245
94759,0,6,37,[7, 12, 10, 2, 5, 8],[[2, 1], [3, 1], [1, 2], [1, 3], [2, 3], [3, 2]],560,271,560,268
94808,0,6,37,[7, 12, 10, 2, 5, 8],[[2, 1], [3, 1], [1, 2], [1, 3], [2, 3], [3, 2]],550,299,565,276
94856,0,6,37,[7, 12, 10, 2, 5, 8],[[2, 1], [3, 1], [1, 2], [1, 3], [2, 3], [3, 2]],556,320,566,281
94900,0,6,37,[7, 12, 10, 2, 5, 8],[[2, 1], [3, 1], [1, 2], [1, 3], [2, 3], [3, 2]],564,319,569,286
94958,0,6,37,[7, 12, 10, 2, 5, 8],[[2, 1], [3, 1], [1, 2], [1, 3], [2, 3], [3, 2]],585,314,575,296
95005,0,6,37,[7, 12, 10, 2, 5, 8],[[2, 1], [3, 1], [1, 2], [1, 3], [2, 3], [3, 2]],594,297,579,299
95059,0,6,37,[7, 12, 10, 2, 5, 8],[[2, 1], [3, 1], [1, 2], [1, 3], [2, 3], [3, 2]],588,306,581,301
95107,0,6,37,[7, 12, 10, 2, 5, 8],[[2, 1], [3, 1], [1, 2], [1, 3], [2, 3], [3, 2]],587,312,581,308
95165,0,6,37,[7, 12, 10, 2, 5, 8],[[2, 1], [3, 1], [1, 2], [1, 3], [2, 3], [3, 2]],556,329,581,329
95229,0,6,37,[7, 12, 10, 2, 5, 8],[[2, 1], [3, 1], [1, 2], [1, 3], [2, 3], [3, 2]],552,322,580,372
95264,0,6,37,[7, 12, 10, 2, 5, 8],[[2, 1], [3, 1], [1, 2], [1, 3], [2, 3], [3, 2]],542,295,584,392
95328,0,6,37,[7, 12, 10, 2, 5, 8],[[2, 1], [3, 1], [1, 2], [1, 3], [2, 3], [3, 2]],537,258,586,410
95402,0,6,37,[7, 12, 10, 2, 5, 8],[[2, 1], [3, 1], [1, 2], [1, 3], [2, 3], [3, 2]],568,261,595,434
95447,0,6,37,[7, 12, 10, 2, 5, 8],[[2, 1], [3, 1], [1, 2], [1, 3], [2, 3], [3, 2]],579,280,596,441
95492,0,6,37,[7, 12, 10, 2, 5, 8],[[2, 1], [3, 1], [1, 2], [1, 3], [2, 3], [3, 2]],582,291,599,448
95543,0,6,37,[7, 12, 10, 2, 5, 8],[[2, 1], [3, 1], [1, 2], [1, 3], [2, 3], [3, 2]],559,274,599,448
95585,0,6,37,[7, 12, 10, 2, 5, 8],[[2, 1], [3, 1], [1, 2], [1, 3], [2, 3], [3, 2]],537,277,585,393
95628,0,6,37,[7, 12, 10, 2, 5, 8],[[2, 1], [3, 1], [1, 2], [1, 3], [2, 3], [3, 2]],528,288,555,339
95693,0,6,37,[7, 12, 10, 2, 5, 8],[[2, 1], [3, 1], [1, 2], [1, 3], [2, 3], [3, 2]],529,270,547,315
95763,0,6,37,[7, 12, 10, 2, 5, 8],[[2, 1], [3, 1], [1, 2], [1, 3], [2, 3], [3, 2]],538,268,548,306
95851,0,6,37,[7, 12, 10, 2, 5, 8],[[2, 1], [3, 1], [1, 2], [1, 3], [2, 3], [3, 2]],552,265,560,294
95901,0,6,37,[7, 12, 10, 2, 5, 8],[[2, 1], [3, 1], [1, 2], [1, 3], [2, 3], [3, 2]],545,298,561,294
95964,0,6,37,[7, 12, 10, 2, 5, 8],[[2, 1], [3, 1], [1, 2], [1, 3], [2, 3], [3, 2]],550,293,561,294
96007,0,6,37,[7, 12, 10, 2, 5, 8],[[2, 1], [3, 1], [1, 2], [1, 3], [2, 3], [3, 2]],522,302,561,294
96081,0,6,37,[7, 12, 10, 2, 5, 8],[[2, 1], [3, 1], [1, 2], [1, 3], [2, 3], [3, 2]],494,324,557,293
96164,0,6,37,[7, 12, 10, 2, 5, 8],[[2, 1], [3, 1], [1, 2], [1, 3], [2, 3], [3, 2]],518,342,552,292
96209,0,6,37,[7, 12, 10, 2, 5, 8],[[2, 1], [3, 1], [1, 2], [1, 3], [2, 3], [3, 2]],499,338,552,295
96277,0,6,37,[7, 12, 10, 2, 5, 8],[[2, 1], [3, 1], [1, 2], [1, 3], [2, 3], [3, 2]],510,335,582,303
96336,0,6,37,[7, 12, 10, 2, 5, 8],[[2, 1], [3, 1], [1, 2], [1, 3], [2, 3], [3, 2]],526,373,583,307
96434,0,6,37,[7, 12, 10, 2, 5, 8],[[2, 1], [3, 1], [1, 2], [1, 3], [2, 3], [3, 2]],514,385,585,340
96482,0,6,37,[7, 12, 10, 2, 5, 8],[[2, 1], [3, 1], [1, 2], [1, 3], [2, 3], [3, 2]],518,370,584,364
96560,0,6,37,[7, 12, 10, 2, 5, 8],[[2, 1], [3, 1], [1, 2], [1, 3], [2, 3], [3, 2]],510,374,556,387
96624,0,6,37,[7, 12, 10, 2, 5, 8],[[2, 1], [3, 1], [1, 2], [1, 3], [2, 3], [3, 2]],491,358,535,398
96686,0,6,37,[7, 12, 10, 2, 5, 8],[[2, 1], [3, 1], [1, 2], [1, 3], [2, 3], [3, 2]],512,366,526,400
96782,0,6,37,[7, 12, 10, 2, 5, 8],[[2, 1], [3, 1], [1, 2], [1, 3], [2, 3], [3, 2]],526,341,520,400
96822,0,6,37,[7, 12, 10, 2, 5, 8],[[2, 1], [3, 1], [1, 2], [1, 3], [2, 3], [3, 2]],533,321,518,397
96868,0,6,37,[7, 12, 10, 2, 5, 8],[[2, 1], [3, 1], [1, 2], [1, 3], [2, 3], [3, 2]],547,322,517,393
96918,0,6,37,[7, 12, 10, 2, 5, 8],[[2, 1], [3, 1], [1, 2], [1, 3], [2, 3], [3, 2]],569,306,514,376
96985,0,6,37,[7, 12, 10, 2, 5, 8],[[2, 1], [3, 1], [1, 2], [1, 3], [2, 3], [3, 2]],543,297,512,365
97044,0,6,37,[7, 12, 10, 2, 5, 8],[[2, 1], [3, 1], [1, 2], [1, 3], [2, 3], [3, 2]],549,291,509,363
97097,0,6,37,[7, 12, 10, 2, 5, 8],[[2, 1], [3, 1], [1, 2], [1, 3], [2, 3], [3, 2]],546,299,511,356
97146,0,6,37,[7, 12, 10, 2, 5, 8],[[2, 1], [3, 1], [1, 2], [1, 3], [2, 3], [3, 2]],527,316,520,339
97187,0,6,37,[7, 12, 10, 2, 5, 8],[[2, 1], [3, 1], [1, 2], [1, 3], [2, 3], [3, 2]],544,335,536,326
97255,0,6,37,[7, 12, 10, 2, 5, 8],[[2, 1], [3, 1], [1, 2], [1, 3], [2, 3], [3, 2]],540,327,585,299
97307,0,6,37,[7, 12, 10, 2, 5, 8],[[2, 1], [3, 1], [1, 2], [1, 3], [2, 3], [3, 2]],552,305,594,293
97346,0,6,37,[7, 12, 10, 2, 5, 8],[[2, 1], [3, 1], [1, 2], [1, 3], [2, 3], [3, 2]],542,311,597,291
97405,0,6,37,[7, 12, 10, 2, 5, 8],[[2, 1], [3, 1], [1, 2], [1, 3], [2, 3], [3, 2]],564,306,600,288
97453,0,6,37,[7, 12, 10, 2, 5, 8],[[2, 1], [3, 1], [1, 2], [1, 3], [2, 3], [3, 2]],578,303,600,288
97507,0,6,37,[7, 12, 10, 2, 5, 8],[[2, 1], [3, 1], [1, 2], [1, 3], [2, 3], [3, 2]],572,315,600,288
97560,0,6,37,[7, 12, 10, 2, 5, 8],[[2, 1], [3, 1], [1, 2], [1, 3], [2, 3], [3, 2]],582,328,589,321
97609,0,6,37,[7, 12, 10, 2, 5, 8],[[2, 1], [3, 1], [1, 2], [1, 3], [2, 3], [3, 2]],577,339,583,334
97662,0,6,37,[7, 12, 10, 2, 5, 8],[[2, 1], [3, 1], [1, 2], [1, 3], [2, 3], [3, 2]],575,343,582,339
97711,0,6,37,[7, 12, 10, 2, 5, 8],[[2, 1], [3, 1], [1, 2], [1, 3], [2, 3], [3, 2]],569,351,582,339
97774,0,6,37,[7, 12, 10, 2, 5, 8],[[2, 1], [3, 1], [1, 2], [1, 3], [2, 3], [3, 2]],575,341,582,339
97841,0,6,37,[7, 12, 10, 2, 5, 8],[[2, 1], [3, 1], [1, 2], [1, 3], [2, 3], [3, 2]],561,348,581,339
97934,0,6,37,[7, 12, 10, 2, 5, 8],[[2, 1], [3, 1], [1, 2], [1, 3], [2, 3], [3, 2]],526,343,576,337
97994,0,6,37,[7, 12, 10, 2, 5, 8],[[2, 1], [3, 1], [1, 2], [1, 3], [2, 3], [3, 2]],524,335,573,336
98036,0,6,37,[7, 12, 10, 2, 5, 8],[[2, 1], [3, 1], [1, 2], [1, 3], [2, 3], [3, 2]],536,342,570,335
98081,0,6,37,[7, 12, 10, 2, 5, 8],[[2, 1], [3, 1], [1, 2], [1, 3], [2, 3], [3, 2]],514,365,570,335
98149,0,6,37,[7, 12, 10, 2, 5, 8],[[2, 1], [3, 1], [1, 2], [1, 3], [2, 3], [3, 2]],515,373,576,341
98217,0,6,37,[7, 12, 10, 2, 5, 8],[[2, 1], [3, 1], [1, 2], [1, 3], [2, 3], [3, 2]],518,377,581,355
98272,0,6,37,[7, 12, 10, 2, 5, 8],[[2, 1], [3, 1], [1, 2], [1, 3], [2, 3], [3, 2]],528,375,581,356
98322,0,6,37,[7, 12, 10, 2, 5, 8],[[2, 1], [3, 1], [1, 2], [1, 3], [2, 3], [3, 2]],555,365,571,352
98408,0,7,19,[7, 12, 11, 3, 5, 8],[[1, 1], [2, 1], [3, 2], [3, 3], [2, 2], [3, 1]],573,361,550,339
98474,0,7,19,[7, 12, 11, 3, 5, 8],[[1, 1], [2, 1], [3, 2], [3, 3], [2, 2], [3, 1]],578,352,524,327
98544,0,7,19,[7, 12, 11, 3, 5, 8],[[1, 1], [2, 1], [3, 2], [3, 3], [2, 2], [3, 1]],577,348,510,325
98609,0,7,19,[7, 12, 11, 3, 5, 8],[[1, 1], [2, 1], [3, 2], [3, 3], [2, 2], [3, 1]],582,355,509,325
98683,0,7,19,[7, 12, 11, 3, 5, 8],[[1, 1], [2, 1], [3, 2], [3, 3], [2, 2], [3, 1]],552,341,518,332
98755,0,7,19,[7, 12, 11, 3, 5, 8],[[1, 1], [2, 1], [3, 2], [3, 3], [2, 2], [3, 1]],532,362,527,334
98827,0,7,19,[7, 12, 11, 3, 5, 8],[[1, 1], [2, 1], [3, 2], [3, 3], [2, 2], [3, 1]],532,362,541,334
98889,0,7,19,[7, 12, 11, 3, 5, 8],[[1, 1], [2, 1], [3, 2], [3, 3], [2, 2], [3, 1]],547,372,551,331
98956,0,7,19,[7, 12, 11, 3, 5, 8],[[1, 1], [2, 1], [3, 2], [3, 3], [2, 2], [3, 1]],557,392,574,319
99018,0,7,19,[7, 12, 11, 3, 5, 8],[[1, 1], [2, 1], [3, 2], [3, 3], [2, 2], [3, 1]],530,409,584,314
99072,0,7,19,[7, 12, 11, 3, 5, 8],[[1, 1], [2, 1], [3, 2], [3, 3], [2, 2], [3, 1]],503,410,585,314
99130,0,7,19,[7, 12, 11, 3, 5, 8],[[1, 1], [2, 1], [3, 2], [3, 3], [2, 2], [3, 1]],472,414,585,314
99190,0,7,19,[7, 12, 11, 3, 5, 8],[[1, 1], [2, 1], [3, 2], [3, 3], [2, 2], [3, 1]],506,416,580,314
99254,0,7,19,[7, 12, 11, 3, 5, 8],[[1, 1], [2, 1], [3, 2], [3, 3], [2, 2], [3, 1]],509,403,573,312
99302,0,7,19,[7, 12, 11, 3, 5, 8],[[1, 1], [2, 1], [3, 2], [3, 3], [2, 2], [3, 1]],509,389,573,311
99359,0,7,19,[7, 12, 11, 3, 5, 8],[[1, 1], [2, 1], [3, 2], [3, 3], [2, 2], [3, 1]],504,384,570,313
99407,0,7,19,[7, 12, 11, 3, 5, 8],[[1, 1], [2, 1], [3, 2], [3, 3], [2, 2], [3, 1]],493,371,565,319
99465,0,7,19,[7, 12, 11, 3, 5, 8],[[1, 1], [2, 1], [3, 2], [3, 3], [2, 2], [3, 1]],460,363,561,325
99513,0,7,19,[7, 12, 11, 3, 5, 8],[[1, 1], [2, 1], [3, 2], [3, 3], [2, 2], [3, 1]],523,360,553,338
99572,0,7,19,[7, 12, 11, 3, 5, 8],[[1, 1], [2, 1], [3, 2], [3, 3], [2, 2], [3, 1]],527,355,525,381
99620,0,7,19,[7, 12, 11, 3, 5, 8],[[1, 1], [2, 1], [3, 2], [3, 3], [2, 2], [3, 1]],522,366,509,397
99672,0,7,19,[7, 12, 11, 3, 5, 8],[[1, 1], [2, 1], [3, 2], [3, 3], [2, 2], [3, 1]],508,369,509,397
99726,0,7,19,[7, 12, 11, 3, 5, 8],[[1, 1], [2, 1], [3, 2], [3, 3], [2, 2], [3, 1]],501,394,507,397
99778,0,7,19,[7, 12, 11, 3, 5, 8],[[1, 1], [2, 1], [3, 2], [3, 3], [2, 2], [3, 1]],518,391,501,396
99826,0,7,19,[7, 12, 11, 3, 5, 8],[[1, 1], [2, 1], [3, 2], [3, 3], [2, 2], [3, 1]],506,385,501,396
99890,0,7,19,[7, 12, 11, 3, 5, 8],[[1, 1], [2, 1], [3, 2], [3, 3], [2, 2], [3, 1]],505,387,508,389
99939,0,7,19,[7, 12, 11, 3, 5, 8],[[1, 1], [2, 1], [3, 2], [3, 3], [2, 2], [3, 1]],520,346,517,379
99978,0,7,19,[7, 12, 11, 3, 5, 8],[[1, 1], [2, 1], [3, 2], [3, 3], [2, 2], [3, 1]],532,333,519,377
100026,0,7,19,[7, 12, 11, 3, 5, 8],[[1, 1], [2, 1], [3, 2], [3, 3], [2, 2], [3, 1]],534,316,526,378
100074,0,7,19,[7, 12, 11, 3, 5, 8],[[1, 1], [2, 1], [3, 2], [3, 3], [2, 2], [3, 1]],535,310,536,384
100122,0,7,19,[7, 12, 11, 3, 5, 8],[[1, 1], [2, 1], [3, 2], [3, 3], [2, 2], [3, 1]],520,317,537,385
100170,0,7,19,[7, 12, 11, 3, 5, 8],[[1, 1], [2, 1], [3, 2], [3, 3], [2, 2], [3, 1]],508,283,539,385
100211,0,7,19,[7, 12, 11, 3, 5, 8],[[1, 1], [2, 1], [3, 2], [3, 3], [2, 2], [3, 1]],491,274,536,384
100267,0,7,19,[7, 12, 11, 3, 5, 8],[[1, 1], [2, 1], [3, 2], [3, 3], [2, 2], [3, 1]],507,302,550,355
100357,0,7,19,[7, 12, 11, 3, 5, 8],[[1, 1], [2, 1], [3, 2], [3, 3], [2, 2], [3, 1]],516,321,568,322
100418,0,7,19,[7, 12, 11, 3, 5, 8],[[1, 1], [2, 1], [3, 2], [3, 3], [2, 2], [3, 1]],535,325,552,314
100462,0,7,19,[7, 12, 11, 3, 5, 8],[[1, 1], [2, 1], [3, 2], [3, 3], [2, 2], [3, 1]],536,286,534,301
100511,0,7,19,[7, 12, 11, 3, 5, 8],[[1, 1], [2, 1], [3, 2], [3, 3], [2, 2], [3, 1]],499,287,523,290
100567,0,7,19,[7, 12, 11, 3, 5, 8],[[1, 1], [2, 1], [3, 2], [3, 3], [2, 2], [3, 1]],516,312,519,292
100624,0,7,19,[7, 12, 11, 3, 5, 8],[[1, 1], [2, 1], [3, 2], [3, 3], [2, 2], [3, 1]],532,318,503,310
100664,0,7,19,[7, 12, 11, 3, 5, 8],[[1, 1], [2, 1], [3, 2], [3, 3], [2, 2], [3, 1]],520,311,495,335
100742,0,7,19,[7, 12, 11, 3, 5, 8],[[1, 1], [2, 1], [3, 2], [3, 3], [2, 2], [3, 1]],532,316,502,342
100794,0,7,19,[7, 12, 11, 3, 5, 8],[[1, 1], [2, 1], [3, 2], [3, 3], [2, 2], [3, 1]],553,333,512,345
100835,0,7,19,[7, 12, 11, 3, 5, 8],[[1, 1], [2, 1], [3, 2], [3, 3], [2, 2], [3, 1]],549,302,512,345
100903,0,7,19,[7, 12, 11, 3, 5, 8],[[1, 1], [2, 1], [3, 2], [3, 3], [2, 2], [3, 1]],542,314,515,346
100957,0,7,19,[7, 12, 11, 3, 5, 8],[[1, 1], [2, 1], [3, 2], [3, 3], [2, 2], [3, 1]],540,324,518,347
101019,0,7,19,[7, 12, 11, 3, 5, 8],[[1, 1], [2, 1], [3, 2], [3, 3], [2, 2], [3, 1]],540,339,528,351
101087,0,7,19,[7, 12, 11, 3, 5, 8],[[1, 1], [2, 1], [3, 2], [3, 3], [2, 2], [3, 1]],556,337,538,348
101140,0,7,19,[7, 12, 11, 3, 5, 8],[[1, 1], [2, 1], [3, 2], [3, 3], [2, 2], [3, 1]],560,328,554,339
101215,0,7,19,[7, 12, 11, 3, 5, 8],[[1, 1], [2, 1], [3, 2], [3, 3], [2, 2], [3, 1]],557,324,552,336
101272,0,7,19,[7, 12, 11, 3, 5, 8],[[1, 1], [2, 1], [3, 2], [3, 3], [2, 2], [3, 1]],564,301,550,335
101324,0,7,19,[7, 12, 11, 3, 5, 8],[[1, 1], [2, 1], [3, 2], [3, 3], [2, 2], [3, 1]],545,343,550,335
101378,0,7,19,[7, 12, 11, 3, 5, 8],[[1, 1], [2, 1], [3, 2], [3, 3], [2, 2], [3, 1]],571,337,559,334
101457,0,7,19,[7, 12, 11, 3, 5, 8],[[1, 1], [2, 1], [3, 2], [3, 3], [2, 2], [3, 1]],595,325,604,321
101526,0,7,19,[7, 12, 11, 3, 5, 8],[[1, 1], [2, 1], [3, 2], [3, 3], [2, 2], [3, 1]],580,340,604,320
101613,0,7,19,[7, 12, 11, 3, 5, 8],[[1, 1], [2, 1], [3, 2], [3, 3], [2, 2], [3, 1]],596,346,599,317
101692,0,7,19,[7, 12, 11, 3, 5, 8],[[1, 1], [2, 1], [3, 2], [3, 3], [2, 2], [3, 1]],605,337,592,309
101740,0,7,19,[7, 12, 11, 3, 5, 8],[[1, 1], [2, 1], [3, 2], [3, 3], [2, 2], [3, 1]],611,343,591,309
101811,0,7,19,[7, 12, 11, 3, 5, 8],[[1, 1], [2, 1], [3, 2], [3, 3], [2, 2], [3, 1]],613,343,591,309
101872,0,7,19,[7, 12, 11, 3, 5, 8],[[1, 1], [2, 1], [3, 2], [3, 3], [2, 2], [3, 1]],626,347,591,309
101932,0,7,19,[7, 12, 11, 3, 5, 8],[[1, 1], [2, 1], [3, 2], [3, 3], [2, 2], [3, 1]],677,388,595,307
101992,0,7,19,[7, 12, 11, 3, 5, 8],[[1, 1], [2, 1], [3, 2], [3, 3], [2, 2], [3, 1]],686,400,603,307
102067,0,7,19,[7, 12, 11, 3, 5, 8],[[1, 1], [2, 1], [3, 2], [3, 3], [2, 2], [3, 1]],671,387,603,307
102119,0,7,19,[7, 12, 11, 3, 5, 8],[[1, 1], [2, 1], [3, 2], [3, 3], [2, 2], [3, 1]],712,408,603,308
102157,0,7,19,[7, 12, 11, 3, 5, 8],[[1, 1], [2, 1], [3, 2], [3, 3], [2, 2], [3, 1]],706,423,604,312
102219,0,7,19,[7, 12, 11, 3, 5, 8],[[1, 1], [2, 1], [3, 2], [3, 3], [2, 2], [3, 1]],686,409,675,394
102262,0,7,19,[7, 12, 11, 3, 5, 8],[[1, 1], [2, 1], [3, 2], [3, 3], [2, 2], [3, 1]],695,420,686,406
102348,0,7,19,[7, 12, 11, 3, 5, 8],[[1, 1], [2, 1], [3, 2], [3, 3], [2, 2], [3, 1]],703,431,707,415
102413,0,7,19,[7, 12, 11, 3, 5, 8],[[1, 1], [2, 1], [3, 2], [3, 3], [2, 2], [3, 1]],712,421,729,434
102468,0,8,139,[7, 12, 11, 3, 1, 4],[[2, 3], [3, 3], [3, 1], [3, 2], [1, 1], [2, 2]],707,432,794,464
102527,0,8,139,[7, 12, 11, 3, 1, 4],[[2, 3], [3, 3], [3, 1], [3, 2], [1, 1], [2, 2]],745,467,782,460
102595,0,8,139,[7, 12, 11, 3, 1, 4],[[2, 3], [3, 3], [3, 1], [3, 2], [1, 1], [2, 2]],734,461,770,454
102645,0,8,139,[7, 12, 11, 3, 1, 4],[[2, 3], [3, 3], [3, 1], [3, 2], [1, 1], [2, 2]],740,448,760,449
102691,0,8,139,[7, 12, 11, 3, 1, 4],[[2, 3], [3, 3], [3, 1], [3, 2], [1, 1], [2, 2]],759,468,750,440
102739,0,8,139,[7, 12, 11, 3, 1, 4],[[2, 3], [3, 3], [3, 1], [3, 2], [1, 1], [2, 2]],745,459,742,433
102824,0,8,139,[7, 12, 11, 3, 1, 4],[[2, 3], [3, 3], [3, 1], [3, 2], [1, 1], [2, 2]],724,447,739,428
102878,0,8,139,[7, 12, 11, 3, 1, 4],[[2, 3], [3, 3], [3, 1], [3, 2], [1, 1], [2, 2]],754,447,739,427
102931,0,8,139,[7, 12, 11, 3, 1, 4],[[2, 3], [3, 3], [3, 1], [3, 2], [1, 1], [2, 2]],746,406,750,430
102989,0,8,139,[7, 12, 11, 3, 1, 4],[[2, 3], [3, 3], [3, 1], [3, 2], [1, 1], [2, 2]],750,375,806,442
103046,0,8,139,[7, 12, 11, 3, 1, 4],[[2, 3], [3, 3], [3, 1], [3, 2], [1, 1], [2, 2]],743,379,828,450
103095,0,8,139,[7, 12, 11, 3, 1, 4],[[2, 3], [3, 3], [3, 1], [3, 2], [1, 1], [2, 2]],732,387,858,480
103148,0,8,139,[7, 12, 11, 3, 1, 4],[[2, 3], [3, 3], [3, 1], [3, 2], [1, 1], [2, 2]],722,386,868,488
103207,0,8,139,[7, 12, 11, 3, 1, 4],[[2, 3], [3, 3], [3, 1], [3, 2], [1, 1], [2, 2]],736,400,868,488
103293,0,8,139,[7, 12, 11, 3, 1, 4],[[2, 3], [3, 3], [3, 1], [3, 2], [1, 1], [2, 2]],742,409,853,472
103342,0,8,139,[7, 12, 11, 3, 1, 4],[[2, 3], [3, 3], [3, 1], [3, 2], [1, 1], [2, 2]],725,387,833,446
103413,0,8,139,[7, 12, 11, 3, 1, 4],[[2, 3], [3, 3], [3, 1], [3, 2], [1, 1], [2, 2]],715,404,810,426
103472,0,8,139,[7, 12, 11, 3, 1, 4],[[2, 3], [3, 3], [3, 1], [3, 2], [1, 1], [2, 2]],696,385,752,393
103530,0,8,139,[7, 12, 11, 3, 1, 4],[[2, 3], [3, 3], [3, 1], [3, 2], [1, 1], [2, 2]],734,401,748,393
103574,0,8,139,[7, 12, 11, 3, 1, 4],[[2, 3], [3, 3], [3, 1], [3, 2], [1, 1], [2, 2]],717,383,748,393
103632,0,8,139,[7, 12, 11, 3, 1, 4],[[2, 3], [3, 3], [3, 1], [3, 2], [1, 1], [2, 2]],682,398,748,393
103695,0,8,139,[7, 12, 11, 3, 1, 4],[[2, 3], [3, 3], [3, 1], [3, 2], [1, 1], [2, 2]],677,407,747,393
103757,0,8,139,[7, 12, 11, 3, 1, 4],[[2, 3], [3, 3], [3, 1], [3, 2], [1, 1], [2, 2]],698,386,738,398
103810,0,8,139,[7, 12, 11, 3, 1, 4],[[2, 3], [3, 3], [3, 1], [3, 2], [1, 1], [2, 2]],685,400,702,408
103865,0,8,139,[7, 12, 11, 3, 1, 4],[[2, 3], [3, 3], [3, 1], [3, 2], [1, 1], [2, 2]],680,385,686,409
103918,0,8,139,[7, 12, 11, 3, 1, 4],[[2, 3], [3, 3], [3, 1], [3, 2], [1, 1], [2, 2]],670,389,686,409
103985,0,8,139,[7, 12, 11, 3, 1, 4],[[2, 3], [3, 3], [3, 1], [3, 2], [1, 1], [2, 2]],666,408,686,409
104071,0,8,139,[7, 12, 11, 3, 1, 4],[[2, 3], [3, 3], [3, 1], [3, 2], [1, 1], [2, 2]],670,395,685,409
104121,0,8,139,[7, 12, 11, 3, 1, 4],[[2, 3], [3, 3], [3, 1], [3, 2], [1, 1], [2, 2]],697,412,685,400
104179,0,8,139,[7, 12, 11, 3, 1, 4],[[2, 3], [3, 3], [3, 1], [3, 2], [1, 1], [2, 2]],708,411,685,377
104232,0,8,139,[7, 12, 11, 3, 1, 4],[[2, 3], [3, 3], [3, 1], [3, 2], [1, 1], [2, 2]],723,402,684,373
104280,0,8,139,[7, 12, 11, 3, 1, 4],[[2, 3], [3, 3], [3, 1], [3, 2], [1, 1], [2, 2]],739,415,684,373
104360,0,8,139,[7, 12, 11, 3, 1, 4],[[2, 3], [3, 3], [3, 1], [3, 2], [1, 1], [2, 2]],731,413,683,373
104434,0,8,139,[7, 12, 11, 3, 1, 4],[[2, 3], [3, 3], [3, 1], [3, 2], [1, 1], [2, 2]],738,422,672,382
104480,0,8,139,[7, 12, 11, 3, 1, 4],[[2, 3], [3, 3], [3, 1], [3, 2], [1, 1], [2, 2]],774,397,670,384
104534,0,8,139,[7, 12, 11, 3, 1, 4],[[2, 3], [3, 3], [3, 1], [3, 2], [1, 1], [2, 2]],792,408,670,384
104580,0,8,139,[7, 12, 11, 3, 1, 4],[[2, 3], [3, 3], [3, 1], [3, 2], [1, 1], [2, 2]],774,394,674,386
104647,0,8,139,[7, 12, 11, 3, 1, 4],[[2, 3], [3, 3], [3, 1], [3, 2], [1, 1], [2, 2]],775,412,694,394
104710,0,8,139,[7, 12, 11, 3, 1, 4],[[2, 3], [3, 3], [3, 1], [3, 2], [1, 1], [2, 2]],739,401,742,400
104794,0,8,139,[7, 12, 11, 3, 1, 4],[[2, 3], [3, 3], [3, 1], [3, 2], [1, 1], [2, 2]],749,373,796,401
104866,0,8,139,[7, 12, 11, 3, 1, 4],[[2, 3], [3, 3], [3, 1], [3, 2], [1, 1], [2, 2]],707,340,841,401
104910,0,8,139,[7, 12, 11, 3, 1, 4],[[2, 3], [3, 3], [3, 1], [3, 2], [1, 1], [2, 2]],711,334,844,401
104975,0,8,139,[7, 12, 11, 3, 1, 4],[[2, 3], [3, 3], [3, 1], [3, 2], [1, 1], [2, 2]],726,330,844,400
105022,0,8,139,[7, 12, 11, 3, 1, 4],[[2, 3], [3, 3], [3, 1], [3, 2], [1, 1], [2, 2]],699,329,838,389
105076,0,8,139,[7, 12, 11, 3, 1, 4],[[2, 3], [3, 3], [3, 1], [3, 2], [1, 1], [2, 2]],698,332,827,384
105134,0,8,139,[7, 12, 11, 3, 1, 4],[[2, 3], [3, 3], [3, 1], [3, 2], [1, 1], [2, 2]],697,334,798,375
105182,0,8,139,[7, 12, 11, 3, 1, 4],[[2, 3], [3, 3], [3, 1], [3, 2], [1, 1], [2, 2]],728,325,779,370
105257,0,8,139,[7, 12, 11, 3, 1, 4],[[2, 3], [3, 3], [3, 1], [3, 2], [1, 1], [2, 2]],730,319,752,366
105316,0,8,139,[7, 12, 11, 3, 1, 4],[[2, 3], [3, 3], [3, 1], [3, 2], [1, 1], [2, 2]],721,330,735,363
105374,0,8,139,[7, 12, 11, 3, 1, 4],[[2, 3], [3, 3], [3, 1], [3, 2], [1, 1], [2, 2]],745,329,730,361
105423,0,8,139,[7, 12, 11, 3, 1, 4],[[2, 3], [3, 3], [3, 1], [3, 2], [1, 1], [2, 2]],745,353,726,361
105472,0,8,139,[7, 12, 11, 3, 1, 4],[[2, 3], [3, 3], [3, 1], [3, 2], [1, 1], [2, 2]],754,346,723,360
105535,0,8,139,[7, 12, 11, 3, 1, 4],[[2, 3], [3, 3], [3, 1], [3, 2], [1, 1], [2, 2]],757,324,723,360
105599,0,8,139,[7, 12, 11, 3, 1, 4],[[2, 3], [3, 3], [3, 1], [3, 2], [1, 1], [2, 2]],759,316,748,366
105652,0,8,139,[7, 12, 11, 3, 1, 4],[[2, 3], [3, 3], [3, 1], [3, 2], [1, 1], [2, 2]],758,301,761,360
105706,0,8,139,[7, 12, 11, 3, 1, 4],[[2, 3], [3, 3], [3, 1], [3, 2], [1, 1], [2, 2]],744,292,771,359
105760,0,8,139,[7, 12, 11, 3, 1, 4],[[2, 3], [3, 3], [3, 1], [3, 2], [1, 1], [2, 2]],719,308,783,363
105813,0,8,139,[7, 12, 11, 3, 1, 4],[[2, 3], [3, 3], [3, 1], [3, 2], [1, 1], [2, 2]],728,319,798,371
105866,0,8,139,[7, 12, 11, 3, 1, 4],[[2, 3], [3, 3], [3, 1], [3, 2], [1, 1], [2, 2]],726,335,801,375
105939,0,8,139,[7, 12, 11, 3, 1, 4],[[2, 3], [3, 3], [3, 1], [3, 2], [1, 1], [2, 2]],719,370,804,375
106037,0,8,139,[7, 12, 11, 3, 1, 4],[[2, 3], [3, 3], [3, 1], [3, 2], [1, 1], [2, 2]],714,367,750,320
106107,0,8,139,[7, 12, 11, 3, 1, 4],[[2, 3], [3, 3], [3, 1], [3, 2], [1, 1], [2, 2]],688,363,710,297
106165,0,8,139,[7, 12, 11, 3, 1, 4],[[2, 3], [3, 3], [3, 1], [3, 2], [1, 1], [2, 2]],672,351,710,297
106261,0,8,139,[7, 12, 11, 3, 1, 4],[[2, 3], [3, 3], [3, 1], [3, 2], [1, 1], [2, 2]],677,376,702,321
106302,0,8,139,[7, 12, 11, 3, 1, 4],[[2, 3], [3, 3], [3, 1], [3, 2], [1, 1], [2, 2]],662,376,700,334
106360,0,8,139,[7, 12, 11, 3, 1, 4],[[2, 3], [3, 3], [3, 1], [3, 2], [1, 1], [2, 2]],651,380,698,353
106407,0,8,139,[7, 12, 11, 3, 1, 4],[[2, 3], [3, 3], [3, 1], [3, 2], [1, 1], [2, 2]],669,405,698,354
106455,0,8,139,[7, 12, 11, 3, 1, 4],[[2, 3], [3, 3], [3, 1], [3, 2], [1, 1], [2, 2]],654,399,698,354
106505,0,9,117,[7, 12, 10, 2, 5, 8],[[2, 3], [3, 3], [1, 1], [1, 2], [1, 3], [2, 2]],636,410,697,360
106551,0,9,117,[7, 12, 10, 2, 5, 8],[[2, 3], [3, 3], [1, 1], [1, 2], [1, 3], [2, 2]],626,431,690,365
106624,0,9,117,[7, 12, 10, 2, 5, 8],[[2, 3], [3, 3], [1, 1], [1, 2], [1, 3], [2, 2]],624,427,674,380
106665,0,9,117,[7, 12, 10, 2, 5, 8],[[2, 3], [3, 3], [1, 1], [1, 2], [1, 3], [2, 2]],652,441,669,384
106733,0,9,117,[7, 12, 10, 2, 5, 8],[[2, 3], [3, 3], [1, 1], [1, 2], [1, 3], [2, 2]],662,446,658,398
106779,0,9,117,[7, 12, 10, 2, 5, 8],[[2, 3], [3, 3], [1, 1], [1, 2], [1, 3], [2, 2]],648,433,657,398
106851,0,9,117,[7, 12, 10, 2, 5, 8],[[2, 3], [3, 3], [1, 1], [1, 2], [1, 3], [2, 2]],647,414,657,398
106899,0,9,117,[7, 12, 10, 2, 5, 8],[[2, 3], [3, 3], [1, 1], [1, 2], [1, 3], [2, 2]],643,408,667,400
106945,0,9,117,[7, 12, 10, 2, 5, 8],[[2, 3], [3, 3], [1, 1], [1, 2], [1, 3], [2, 2]],635,401,668,401
106995,0,9,117,[7, 12, 10, 2, 5, 8],[[2, 3], [3, 3], [1, 1], [1, 2], [1, 3], [2, 2]],626,378,680,422
107035,0,9,117,[7, 12, 10, 2, 5, 8],[[2, 3], [3, 3], [1, 1], [1, 2], [1, 3], [2, 2]],643,375,695,457
107078,0,9,117,[7, 12, 10, 2, 5, 8],[[2, 3], [3, 3], [1, 1], [1, 2], [1, 3], [2, 2]],627,358,699,473
107141,0,9,117,[7, 12, 10, 2, 5, 8],[[2, 3], [3, 3], [1, 1], [1, 2], [1, 3], [2, 2]],635,365,700,474
107203,0,9,117,[7, 12, 10, 2, 5, 8],[[2, 3], [3, 3], [1, 1], [1, 2], [1, 3], [2, 2]],640,364,699,474
107244,0,9,117,[7, 12, 10, 2, 5, 8],[[2, 3], [3, 3], [1, 1], [1, 2], [1, 3], [2, 2]],624,338,676,451
107292,0,9,117,[7, 12, 10, 2, 5, 8],[[2, 3], [3, 3], [1, 1], [1, 2], [1, 3], [2, 2]],633,331,661,425
107361,0,9,117,[7, 12, 10, 2, 5, 8],[[2, 3], [3, 3], [1, 1], [1, 2], [1, 3], [2, 2]],632,313,630,390
107419,0,9,117,[7, 12, 10, 2, 5, 8],[[2, 3], [3, 3], [1, 1], [1, 2], [1, 3], [2, 2]],647,302,629,388
107460,0,9,117,[7, 12, 10, 2, 5, 8],[[2, 3], [3, 3], [1, 1], [1, 2], [1, 3], [2, 2]],639,300,624,386
107529,0,9,117,[7, 12, 10, 2, 5, 8],[[2, 3], [3, 3], [1, 1], [1, 2], [1, 3], [2, 2]],626,306,619,381
107590,0,9,117,[7, 12, 10, 2, 5, 8],[[2, 3], [3, 3], [1, 1], [1, 2], [1, 3], [2, 2]],615,309,614,373
107629,0,9,117,[7, 12, 10, 2, 5, 8],[[2, 3], [3, 3], [1, 1], [1, 2], [1, 3], [2, 2]],625,324,614,373
107698,0,9,117,[7, 12, 10, 2, 5, 8],[[2, 3], [3, 3], [1, 1], [1, 2], [1, 3], [2, 2]],659,345,632,360
107775,0,9,117,[7, 12, 10, 2, 5, 8],[[2, 3], [3, 3], [1, 1], [1, 2], [1, 3], [2, 2]],648,325,657,360
107870,0,9,117,[7, 12, 10, 2, 5, 8],[[2, 3], [3, 3], [1, 1], [1, 2], [1, 3], [2, 2]],620,339,657,357
107931,0,9,117,[7, 12, 10, 2, 5, 8],[[2, 3], [3, 3], [1, 1], [1, 2], [1, 3], [2, 2]],604,332,654,357
108008,0,9,117,[7, 12, 10, 2, 5, 8],[[2, 3], [3, 3], [1, 1], [1, 2], [1, 3], [2, 2]],601,308,654,357
108062,0,9,117,[7, 12, 10, 2, 5, 8],[[2, 3], [3, 3], [1, 1], [1, 2], [1, 3], [2, 2]],611,318,664,362
108140,0,9,117,[7, 12, 10, 2, 5, 8],[[2, 3], [3, 3], [1, 1], [1, 2], [1, 3], [2, 2]],612,315,668,364
108214,0,9,117,[7, 12, 10, 2, 5, 8],[[2, 3], [3, 3], [1, 1], [1, 2], [1, 3], [2, 2]],609,295,668,364
108269,0,9,117,[7, 12, 10, 2, 5, 8],[[2, 3], [3, 3], [1, 1], [1, 2], [1, 3], [2, 2]],609,289,668,364
108365,0,9,117,[7, 12, 10, 2, 5, 8],[[2, 3], [3, 3], [1, 1], [1, 2], [1, 3], [2, 2]],624,293,668,364
108404,0,9,117,[7, 12, 10, 2, 5, 8],[[2, 3], [3, 3], [1, 1], [1, 2], [1, 3], [2, 2]],594,324,668,364
108452,0,9,117,[7, 12, 10, 2, 5, 8],[[2, 3], [3, 3], [1, 1], [1, 2], [1, 3], [2, 2]],564,295,668,364
108526,0,9,117,[7, 12, 10, 2, 5, 8],[[2, 3], [3, 3], [1, 1], [1, 2], [1, 3], [2, 2]],562,286,666,363
108582,0,9,117,[7, 12, 10, 2, 5, 8],[[2, 3], [3, 3], [1, 1], [1, 2], [1, 3], [2, 2]],562,290,666,363
108625,0,9,117,[7, 12, 10, 2, 5, 8],[[2, 3], [3, 3], [1, 1], [1, 2], [1, 3], [2, 2]],555,285,666,362
108708,0,9,117,[7, 12, 10, 2, 5, 8],[[2, 3], [3, 3], [1, 1], [1, 2], [1, 3], [2, 2]],579,286,659,352
108757,0,9,117,[7, 12, 10, 2, 5, 8],[[2, 3], [3, 3], [1, 1], [1, 2], [1, 3], [2, 2]],591,282,647,345
108819,0,9,117,[7, 12, 10, 2, 5, 8],[[2, 3], [3, 3], [1, 1], [1, 2], [1, 3], [2, 2]],582,277,626,331
108892,0,9,117,[7, 12, 10, 2, 5, 8],[[2, 3], [3, 3], [1, 1], [1, 2], [1, 3], [2, 2]],586,291,615,323
108964,0,9,117,[7, 12, 10, 2, 5, 8],[[2, 3], [3, 3], [1, 1], [1, 2], [1, 3], [2, 2]],596,302,587,309
109005,0,9,117,[7, 12, 10, 2, 5, 8],[[2, 3], [3, 3], [1, 1], [1, 2], [1, 3], [2, 2]],611,301,582,306
109046,0,9,117,[7, 12, 10, 2, 5, 8],[[2, 3], [3, 3], [1, 1], [1, 2], [1, 3], [2, 2]],618,322,578,303
109094,0,9,117,[7, 12, 10, 2, 5, 8],[[2, 3], [3, 3], [1, 1], [1, 2], [1, 3], [2, 2]],641,312,586,305
109129,0,9,117,[7, 12, 10, 2, 5, 8],[[2, 3], [3, 3], [1, 1], [1, 2], [1, 3], [2, 2]],660,294,587,306
109193,0,9,117,[7, 12, 10, 2, 5, 8],[[2, 3], [3, 3], [1, 1], [1, 2], [1, 3], [2, 2]],646,285,598,310
109238,0,9,117,[7, 12, 10, 2, 5, 8],[[2, 3], [3, 3], [1, 1], [1, 2], [1, 3], [2, 2]],653,296,602,313
109304,0,9,117,[7, 12, 10, 2, 5, 8],[[2, 3], [3, 3], [1, 1], [1, 2], [1, 3], [2, 2]],687,277,617,335
109363,0,9,117,[7, 12, 10, 2, 5, 8],[[2, 3], [3, 3], [1, 1], [1, 2], [1, 3], [2, 2]],714,281,630,355
109410,0,9,117,[7, 12, 10, 2, 5, 8],[[2, 3], [3, 3], [1, 1], [1, 2], [1, 3], [2, 2]],711,276,643,369
109468,0,9,117,[7, 12, 10, 2, 5, 8],[[2, 3], [3, 3], [1, 1], [1, 2], [1, 3], [2, 2]],710,271,669,379
109510,0,9,117,[7, 12, 10, 2, 5, 8],[[2, 3], [3, 3], [1, 1], [1, 2], [1, 3], [2, 2]],705,299,698,388
109580,0,9,117,[7, 12, 10, 2, 5, 8],[[2, 3], [3, 3], [1, 1], [1, 2], [1, 3], [2, 2]],692,295,736,381
109657,0,9,117,[7, 12, 10, 2, 5, 8],[[2, 3], [3, 3], [1, 1], [1, 2], [1, 3], [2, 2]],688,289,766,342
109723,0,9,117,[7, 12, 10, 2, 5, 8],[[2, 3], [3, 3], [1, 1], [1, 2], [1, 3], [2, 2]],694,311,811,314
109785,0,9,117,[7, 12, 10, 2, 5, 8],[[2, 3], [3, 3], [1, 1], [1, 2], [1, 3], [2, 2]],673,322,855,300
109858,0,9,117,[7, 12, 10, 2, 5, 8],[[2, 3], [3, 3], [1, 1], [1, 2], [1, 3], [2, 2]],680,356,851,297
109943,0,9,117,[7, 12, 10, 2, 5, 8],[[2, 3], [3, 3], [1, 1], [1, 2], [1, 3], [2, 2]],686,337,812,280
110005,0,9,117,[7, 12, 10, 2, 5, 8],[[2, 3], [3, 3], [1, 1], [1, 2], [1, 3], [2, 2]],685,360,794,278
110073,0,9,117,[7, 12, 10, 2, 5, 8],[[2, 3], [3, 3], [1, 1], [1, 2], [1, 3], [2, 2]],683,380,701,313
110138,0,9,117,[7, 12, 10, 2, 5, 8],[[2, 3], [3, 3], [1, 1], [1, 2], [1, 3], [2, 2]],676,335,600,359
110228,0,9,117,[7, 12, 10, 2, 5, 8],[[2, 3], [3, 3], [1, 1], [1, 2], [1, 3], [2, 2]],702,329,559,375
110288,0,9,117,[7, 12, 10, 2, 5, 8],[[2, 3], [3, 3], [1, 1], [1, 2], [1, 3], [2, 2]],698,350,561,377
110337,0,9,117,[7, 12, 10, 2, 5, 8],[[2, 3], [3, 3], [1, 1], [1, 2], [1, 3], [2, 2]],695,357,575,386
110388,0,9,117,[7, 12, 10, 2, 5, 8],[[2, 3], [3, 3], [1, 1], [1, 2], [1, 3], [2, 2]],683,357,585,387
110441,0,9,117,[7, 12, 10, 2, 5, 8],[[2, 3], [3, 3], [1, 1], [1, 2], [1, 3], [2, 2]],684,354,613,383
110524,0,10,87,[7, 12, 11, 3, 5, 8],[[1, 3], [2, 3], [3, 2], [3, 3], [2, 2], [3, 1]],692,372,648,377
110575,0,10,87,[7, 12, 11, 3, 5, 8],[[1, 3], [2, 3], [3, 2], [3, 3], [2, 2], [3, 1]],697,369,677,383
110622,0,10,87,[7, 12, 11, 3, 5, 8],[[1, 3], [2, 3], [3, 2], [3, 3], [2, 2], [3, 1]],699,385,683,387
110674,0,10,87,[7, 12, 11, 3, 5, 8],[[1, 3], [2, 3], [3, 2], [3, 3], [2, 2], [3, 1]],709,376,688,396
110715,0,10,87,[7, 12, 11, 3, 5, 8],[[1, 3], [2, 3], [3, 2], [3, 3], [2, 2], [3, 1]],722,382,700,409
110765,0,10,87,[7, 12, 11, 3, 5, 8],[[1, 3], [2, 3], [3, 2], [3, 3], [2, 2], [3, 1]],727,433,706,416
110821,0,10,87,[7, 12, 11, 3, 5, 8],[[1, 3], [2, 3], [3, 2], [3, 3], [2, 2], [3, 1]],737,427,712,419
110877,0,10,87,[7, 12, 11, 3, 5, 8],[[1, 3], [2, 3], [3, 2], [3, 3], [2, 2], [3, 1]],727,427,721,423
110935,0,10,87,[7, 12, 11, 3, 5, 8],[[1, 3], [2, 3], [3, 2], [3, 3], [2, 2], [3, 1]],740,453,738,433
110988,0,10,87,[7, 12, 11, 3, 5, 8],[[1, 3], [2, 3], [3, 2], [3, 3], [2, 2], [3, 1]],742,453,756,442
111049,0,10,87,[7, 12, 11, 3, 5, 8],[[1, 3], [2, 3], [3, 2], [3, 3], [2, 2], [3, 1]],758,440,759,438
111098,0,10,87,[7, 12, 11, 3, 5, 8],[[1, 3], [2, 3], [3, 2], [3, 3], [2, 2], [3, 1]],754,432,759,438
111150,0,10,87,[7, 12, 11, 3, 5, 8],[[1, 3], [2, 3], [3, 2], [3, 3], [2, 2], [3, 1]],772,462,771,445
111213,0,10,87,[7, 12, 11, 3, 5, 8],[[1, 3], [2, 3], [3, 2], [3, 3], [2, 2], [3, 1]],770,442,778,450
111260,0,10,87,[7, 12, 11, 3, 5, 8],[[1, 3], [2, 3], [3, 2], [3, 3], [2, 2], [3, 1]],748,447,782,456
111296,0,10,87,[7, 12, 11, 3, 5, 8],[[1, 3], [2, 3], [3, 2], [3, 3], [2, 2], [3, 1]],743,498,783,458
111369,0,10,87,[7, 12, 11, 3, 5, 8],[[1, 3], [2, 3], [3, 2], [3, 3], [2, 2], [3, 1]],729,487,784,461
111428,0,10,87,[7, 12, 11, 3, 5, 8],[[1, 3], [2, 3], [3, 2], [3, 3], [2, 2], [3, 1]],697,486,785,462
111481,0,10,87,[7, 12, 11, 3, 5, 8],[[1, 3], [2, 3], [3, 2], [3, 3], [2, 2], [3, 1]],705,495,784,464
111538,0,10,87,[7, 12, 11, 3, 5, 8],[[1, 3], [2, 3], [3, 2], [3, 3], [2, 2], [3, 1]],711,502,774,461
111596,0,10,87,[7, 12, 11, 3, 5, 8],[[1, 3], [2, 3], [3, 2], [3, 3], [2, 2], [3, 1]],709,497,773,460
111650,0,10,87,[7, 12, 11, 3, 5, 8],[[1, 3], [2, 3], [3, 2], [3, 3], [2, 2], [3, 1]],713,493,766,465
111710,0,10,87,[7, 12, 11, 3, 5, 8],[[1, 3], [2, 3], [3, 2], [3, 3], [2, 2], [3, 1]],721,496,740,485
111771,0,10,87,[7, 12, 11, 3, 5, 8],[[1, 3], [2, 3], [3, 2], [3, 3], [2, 2], [3, 1]],719,485,732,492
111859,0,10,87,[7, 12, 11, 3, 5, 8],[[1, 3], [2, 3], [3, 2], [3, 3], [2, 2], [3, 1]],723,477,723,507
111919,0,10,87,[7, 12, 11, 3, 5, 8],[[1, 3], [2, 3], [3, 2], [3, 3], [2, 2], [3, 1]],739,462,708,528
111974,0,10,87,[7, 12, 11, 3, 5, 8],[[1, 3], [2, 3], [3, 2], [3, 3], [2, 2], [3, 1]],726,439,707,530
112070,0,10,87,[7, 12, 11, 3, 5, 8],[[1, 3], [2, 3], [3, 2], [3, 3], [2, 2], [3, 1]],726,479,708,532
112118,0,10,87,[7, 12, 11, 3, 5, 8],[[1, 3], [2, 3], [3, 2], [3, 3], [2, 2], [3, 1]],734,519,709,532
112173,0,10,87,[7, 12, 11, 3, 5, 8],[[1, 3], [2, 3], [3, 2], [3, 3], [2, 2], [3, 1]],731,559,715,528
112238,0,10,87,[7, 12, 11, 3, 5, 8],[[1, 3], [2, 3], [3, 2], [3, 3], [2, 2], [3, 1]],737,562,729,516
112309,0,10,87,[7, 12, 11, 3, 5, 8],[[1, 3], [2, 3], [3, 2], [3, 3], [2, 2], [3, 1]],721,558,729,511
112358,0,10,87,[7, 12, 11, 3, 5, 8],[[1, 3], [2, 3], [3, 2], [3, 3], [2, 2], [3, 1]],711,564,729,511
112410,0,10,87,[7, 12, 11, 3, 5, 8],[[1, 3], [2, 3], [3, 2], [3, 3], [2, 2], [3, 1]],707,534,729,510
112473,0,10,87,[7, 12, 11, 3, 5, 8],[[1, 3], [2, 3], [3, 2], [3, 3], [2, 2], [3, 1]],714,538,742,521
112561,0,10,87,[7, 12, 11, 3, 5, 8],[[1, 3], [2, 3], [3, 2], [3, 3], [2, 2], [3, 1]],711,533,753,526
112623,0,10,87,[7, 12, 11, 3, 5, 8],[[1, 3], [2, 3], [3, 2], [3, 3], [2, 2], [3, 1]],692,544,756,527
112672,0,10,87,[7, 12, 11, 3, 5, 8],[[1, 3], [2, 3], [3, 2], [3, 3], [2, 2], [3, 1]],685,542,756,527
112713,0,10,87,[7, 12, 11, 3, 5, 8],[[1, 3], [2, 3], [3, 2], [3, 3], [2, 2], [3, 1]],675,537,756,532
112763,0,10,87,[7, 12, 11, 3, 5, 8],[[1, 3], [2, 3], [3, 2], [3, 3], [2, 2], [3, 1]],653,521,756,539
112815,0,10,87,[7, 12, 11, 3, 5, 8],[[1, 3], [2, 3], [3, 2], [3, 3], [2, 2], [3, 1]],634,524,756,544
112858,0,10,87,[7, 12, 11, 3, 5, 8],[[1, 3], [2, 3], [3, 2], [3, 3], [2, 2], [3, 1]],654,526,757,547
112908,0,10,87,[7, 12, 11, 3, 5, 8],[[1, 3], [2, 3], [3, 2], [3, 3], [2, 2], [3, 1]],645,529,757,555
112958,0,10,87,[7, 12, 11, 3, 5, 8],[[1, 3], [2, 3], [3, 2], [3, 3], [2, 2], [3, 1]],638,541,756,569
113011,0,10,87,[7, 12, 11, 3, 5, 8],[[1, 3], [2, 3], [3, 2], [3, 3], [2, 2], [3, 1]],622,519,740,572
113060,0,10,87,[7, 12, 11, 3, 5, 8],[[1, 3], [2, 3], [3, 2], [3, 3], [2, 2], [3, 1]],621,525,703,554
113122,0,10,87,[7, 12, 11, 3, 5, 8],[[1, 3], [2, 3], [3, 2], [3, 3], [2, 2], [3, 1]],610,509,660,526
113194,0,10,87,[7, 12, 11, 3, 5, 8],[[1, 3], [2, 3], [3, 2], [3, 3], [2, 2], [3, 1]],630,498,660,526
113258,0,10,87,[7, 12, 11, 3, 5, 8],[[1, 3], [2, 3], [3, 2], [3, 3], [2, 2], [3, 1]],643,476,656,526
113316,0,10,87,[7, 12, 11, 3, 5, 8],[[1, 3], [2, 3], [3, 2], [3, 3], [2, 2], [3, 1]],651,461,656,526
113389,0,10,87,[7, 12, 11, 3, 5, 8],[[1, 3], [2, 3], [3, 2], [3, 3], [2, 2], [3, 1]],655,480,653,524
113449,0,10,87,[7, 12, 11, 3, 5, 8],[[1, 3], [2, 3], [3, 2], [3, 3], [2, 2], [3, 1]],660,475,646,519
113517,0,10,87,[7, 12, 11, 3, 5, 8],[[1, 3], [2, 3], [3, 2], [3, 3], [2, 2], [3, 1]],654,464,646,513
113569,0,10,87,[7, 12, 11, 3, 5, 8],[[1, 3], [2, 3], [3, 2], [3, 3], [2, 2], [3, 1]],651,446,659,504
113616,0,10,87,[7, 12, 11, 3, 5, 8],[[1, 3], [2, 3], [3, 2], [3, 3], [2, 2], [3, 1]],663,462,664,501
113674,0,10,87,[7, 12, 11, 3, 5, 8],[[1, 3], [2, 3], [3, 2], [3, 3], [2, 2], [3, 1]],679,469,674,500
113747,0,10,87,[7, 12, 11, 3, 5, 8],[[1, 3], [2, 3], [3, 2], [3, 3], [2, 2], [3, 1]],647,471,678,500
113815,0,10,87,[7, 12, 11, 3, 5, 8],[[1, 3], [2, 3], [3, 2], [3, 3], [2, 2], [3, 1]],645,467,688,500
113873,0,10,87,[7, 12, 11, 3, 5, 8],[[1, 3], [2, 3], [3, 2], [3, 3], [2, 2], [3, 1]],644,453,692,498
113937,0,10,87,[7, 12, 11, 3, 5, 8],[[1, 3], [2, 3], [3, 2], [3, 3], [2, 2], [3, 1]],643,458,695,493
114001,0,10,87,[7, 12, 11, 3, 5, 8],[[1, 3], [2, 3], [3, 2], [3, 3], [2, 2], [3, 1]],643,435,698,491
114060,0,10,87,[7, 12, 11, 3, 5, 8],[[1, 3], [2, 3], [3, 2], [3, 3], [2, 2], [3, 1]],665,434,704,488
114109,0,10,87,[7, 12, 11, 3, 5, 8],[[1, 3], [2, 3], [3, 2], [3, 3], [2, 2], [3, 1]],661,454,707,488
114167,0,10,87,[7, 12, 11, 3, 5, 8],[[1, 3], [2, 3], [3, 2], [3, 3], [2, 2], [3, 1]],673,438,711,488
114229,0,10,87,[7, 12, 11, 3, 5, 8],[[1, 3], [2, 3], [3, 2], [3, 3], [2, 2], [3, 1]],660,428,711,488
114272,0,10,87,[7, 12, 11, 3, 5, 8],[[1, 3], [2, 3], [3, 2], [3, 3], [2, 2], [3, 1]],655,428,711,488
114347,0,10,87,[7, 12, 11, 3, 5, 8],[[1, 3], [2, 3], [3, 2], [3, 3], [2, 2], [3, 1]],659,429,711,488
114392,0,10,87,[7, 12, 11, 3, 5, 8],[[1, 3], [2, 3], [3, 2], [3, 3], [2, 2], [3, 1]],656,454,711,488
114467,0,10,87,[7, 12, 11, 3, 5, 8],[[1, 3], [2, 3], [3, 2], [3, 3], [2, 2], [3, 1]],668,455,711,488
114518,0,10,87,[7, 12, 11, 3, 5, 8],[[1, 3], [2, 3], [3, 2], [3, 3], [2, 2], [3, 1]],666,460,707,483
114557,0,10,87,[7, 12, 11, 3, 5, 8],[[1, 3], [2, 3], [3, 2], [3, 3], [2, 2], [3, 1]],646,471,702,477
114617,0,11,51,[7, 12, 11, 3, 5, 8],[[2, 1], [3, 1], [3, 2], [3, 3], [1, 3], [2, 2]],640,478,695,469
114676,0,11,51,[7, 12, 11, 3, 5, 8],[[2, 1], [3, 1], [3, 2], [3, 3], [1, 3], [2, 2]],626,452,691,460
114736,0,11,51,[7, 12, 11, 3, 5, 8],[[2, 1], [3, 1], [3, 2], [3, 3], [1, 3], [2, 2]],633,427,688,454
114804,0,11,51,[7, 12, 11, 3, 5, 8],[[2, 1], [3, 1], [3, 2], [3, 3], [1, 3], [2, 2]],642,441,690,455
114864,0,11,51,[7, 12, 11, 3, 5, 8],[[2, 1], [3, 1], [3, 2], [3, 3], [1, 3], [2, 2]],642,441,692,469
114932,0,11,51,[7, 12, 11, 3, 5, 8],[[2, 1], [3, 1], [3, 2], [3, 3], [1, 3], [2, 2]],675,408,675,502
114988,0,11,51,[7, 12, 11, 3, 5, 8],[[2, 1], [3, 1], [3, 2], [3, 3], [1, 3], [2, 2]],669,377,671,511
115041,0,11,51,[7, 12, 11, 3, 5, 8],[[2, 1], [3, 1], [3, 2], [3, 3], [1, 3], [2, 2]],684,389,666,519
115098,0,11,51,[7, 12, 11, 3, 5, 8],[[2, 1], [3, 1], [3, 2], [3, 3], [1, 3], [2, 2]],670,399,656,523
115156,0,11,51,[7, 12, 11, 3, 5, 8],[[2, 1], [3, 1], [3, 2], [3, 3], [1, 3], [2, 2]],701,386,645,525
115218,0,11,51,[7, 12, 11, 3, 5, 8],[[2, 1], [3, 1], [3, 2], [3, 3], [1, 3], [2, 2]],683,404,638,509
115281,0,11,51,[7, 12, 11, 3, 5, 8],[[2, 1], [3, 1], [3, 2], [3, 3], [1, 3], [2, 2]],675,404,690,374
115340,0,11,51,[7, 12, 11, 3, 5, 8],[[2, 1], [3, 1], [3, 2], [3, 3], [1, 3], [2, 2]],678,393,722,339
115393,0,11,51,[7, 12, 11, 3, 5, 8],[[2, 1], [3, 1], [3, 2], [3, 3], [1, 3], [2, 2]],680,406,723,339
115451,0,11,51,[7, 12, 11, 3, 5, 8],[[2, 1], [3, 1], [3, 2], [3, 3], [1, 3], [2, 2]],692,412,732,343
115509,0,11,51,[7, 12, 11, 3, 5, 8],[[2, 1], [3, 1], [3, 2], [3, 3], [1, 3], [2, 2]],664,410,733,344
115588,0,11,51,[7, 12, 11, 3, 5, 8],[[2, 1], [3, 1], [3, 2], [3, 3], [1, 3], [2, 2]],666,385,743,360
115679,0,11,51,[7, 12, 11, 3, 5, 8],[[2, 1], [3, 1], [3, 2], [3, 3], [1, 3], [2, 2]],682,383,743,374
115743,0,11,51,[7, 12, 11, 3, 5, 8],[[2, 1], [3, 1], [3, 2], [3, 3], [1, 3], [2, 2]],705,398,739,384
115806,0,11,51,[7, 12, 11, 3, 5, 8],[[2, 1], [3, 1], [3, 2], [3, 3], [1, 3], [2, 2]],714,428,735,390
115868,0,11,51,[7, 12, 11, 3, 5, 8],[[2, 1], [3, 1], [3, 2], [3, 3], [1, 3], [2, 2]],717,419,720,398
115948,0,11,51,[7, 12, 11, 3, 5, 8],[[2, 1], [3, 1], [3, 2], [3, 3], [1, 3], [2, 2]],724,393,713,398
116015,0,11,51,[7, 12, 11, 3, 5, 8],[[2, 1], [3, 1], [3, 2], [3, 3], [1, 3], [2, 2]],718,379,703,386
116091,0,11,51,[7, 12, 11, 3, 5, 8],[[2, 1], [3, 1], [3, 2], [3, 3], [1, 3], [2, 2]],717,379,699,377
116173,0,11,51,[7, 12, 11, 3, 5, 8],[[2, 1], [3, 1], [3, 2], [3, 3], [1, 3], [2, 2]],713,358,702,382
116239,0,11,51,[7, 12, 11, 3, 5, 8],[[2, 1], [3, 1], [3, 2], [3, 3], [1, 3], [2, 2]],729,363,717,408
116304,0,11,51,[7, 12, 11, 3, 5, 8],[[2, 1], [3, 1], [3, 2], [3, 3], [1, 3], [2, 2]],703,372,733,419
116371,0,11,51,[7, 12, 11, 3, 5, 8],[[2, 1], [3, 1], [3, 2], [3, 3], [1, 3], [2, 2]],694,355,751,430
116439,0,11,51,[7, 12, 11, 3, 5, 8],[[2, 1], [3, 1], [3, 2], [3, 3], [1, 3], [2, 2]],683,345,764,437
116502,0,11,51,[7, 12, 11, 3, 5, 8],[[2, 1], [3, 1], [3, 2], [3, 3], [1, 3], [2, 2]],712,352,785,441
116562,0,11,51,[7, 12, 11, 3, 5, 8],[[2, 1], [3, 1], [3, 2], [3, 3], [1, 3], [2, 2]],713,355,791,439
116623,0,11,51,[7, 12, 11, 3, 5, 8],[[2, 1], [3, 1], [3, 2], [3, 3], [1, 3], [2, 2]],699,355,791,439
116683,0,11,51,[7, 12, 11, 3, 5, 8],[[2, 1], [3, 1], [3, 2], [3, 3], [1, 3], [2, 2]],702,366,786,437
116739,0,11,51,[7, 12, 11, 3, 5, 8],[[2, 1], [3, 1], [3, 2], [3, 3], [1, 3], [2, 2]],686,347,770,428
116797,0,11,51,[7, 12, 11, 3, 5, 8],[[2, 1], [3, 1], [3, 2], [3, 3], [1, 3], [2, 2]],700,368,765,426
116849,0,11,51,[7, 12, 11, 3, 5, 8],[[2, 1], [3, 1], [3, 2], [3, 3], [1, 3], [2, 2]],706,378,759,422
116894,0,11,51,[7, 12, 11, 3, 5, 8],[[2, 1], [3, 1], [3, 2], [3, 3], [1, 3], [2, 2]],699,388,759,422
116947,0,11,51,[7, 12, 11, 3, 5, 8],[[2, 1], [3, 1], [3, 2], [3, 3], [1, 3], [2, 2]],704,384,758,422
116991,0,11,51,[7, 12, 11, 3, 5, 8],[[2, 1], [3, 1], [3, 2], [3, 3], [1, 3], [2, 2]],681,384,755,421
117040,0,11,51,[7, 12, 11, 3, 5, 8],[[2, 1], [3, 1], [3, 2], [3, 3], [1, 3], [2, 2]],687,391,749,417
117080,0,11,51,[7, 12, 11, 3, 5, 8],[[2, 1], [3, 1], [3, 2], [3, 3], [1, 3], [2, 2]],689,402,737,408
117128,0,11,51,[7, 12, 11, 3, 5, 8],[[2, 1], [3, 1], [3, 2], [3, 3], [1, 3], [2, 2]],664,407,716,394
117162,0,11,51,[7, 12, 11, 3, 5, 8],[[2, 1], [3, 1], [3, 2], [3, 3], [1, 3], [2, 2]],676,410,702,380
117221,0,11,51,[7, 12, 11, 3, 5, 8],[[2, 1], [3, 1], [3, 2], [3, 3], [1, 3], [2, 2]],676,419,700,376
117274,0,11,51,[7, 12, 11, 3, 5, 8],[[2, 1], [3, 1], [3, 2], [3, 3], [1, 3], [2, 2]],675,440,705,379
117322,0,11,51,[7, 12, 11, 3, 5, 8],[[2, 1], [3, 1], [3, 2], [3, 3], [1, 3], [2, 2]],656,440,708,380
117380,0,11,51,[7, 12, 11, 3, 5, 8],[[2, 1], [3, 1], [3, 2], [3, 3], [1, 3], [2, 2]],668,439,712,384
117435,0,11,51,[7, 12, 11, 3, 5, 8],[[2, 1], [3, 1], [3, 2], [3, 3], [1, 3], [2, 2]],686,436,716,385
117522,0,11,51,[7, 12, 11, 3, 5, 8],[[2, 1], [3, 1], [3, 2], [3, 3], [1, 3], [2, 2]],652,453,716,385
117573,0,11,51,[7, 12, 11, 3, 5, 8],[[2, 1], [3, 1], [3, 2], [3, 3], [1, 3], [2, 2]],657,443,716,385
117625,0,11,51,[7, 12, 11, 3, 5, 8],[[2, 1], [3, 1], [3, 2], [3, 3], [1, 3], [2, 2]],641,476,703,385
117668,0,11,51,[7, 12, 11, 3, 5, 8],[[2, 1], [3, 1], [3, 2], [3, 3], [1, 3], [2, 2]],648,456,697,385
117749,0,11,51,[7, 12, 11, 3, 5, 8],[[2, 1], [3, 1], [3, 2], [3, 3], [1, 3], [2, 2]],669,441,697,385
117795,0,11,51,[7, 12, 11, 3, 5, 8],[[2, 1], [3, 1], [3, 2], [3, 3], [1, 3], [2, 2]],669,444,697,385
117852,0,11,51,[7, 12, 11, 3, 5, 8],[[2, 1], [3, 1], [3, 2], [3, 3], [1, 3], [2, 2]],672,456,697,385
117927,0,11,51,[7, 12, 11, 3, 5, 8],[[2, 1], [3, 1], [3, 2], [3, 3], [1, 3], [2, 2]],667,463,695,410
118011,0,11,51,[7, 12, 11, 3, 5, 8],[[2, 1], [3, 1], [3, 2], [3, 3], [1, 3], [2, 2]],680,455,686,420
118061,0,11,51,[7, 12, 11, 3, 5, 8],[[2, 1], [3, 1], [3, 2], [3, 3], [1, 3], [2, 2]],683,464,674,445
118124,0,11,51,[7, 12, 11, 3, 5, 8],[[2, 1], [3, 1], [3, 2], [3, 3], [1, 3], [2, 2]],683,471,674,483
118210,0,11,51,[7, 12, 11, 3, 5, 8],[[2, 1], [3, 1], [3, 2], [3, 3], [1, 3], [2, 2]],703,470,674,489
118285,0,11,51,[7, 12, 11, 3, 5, 8],[[2, 1], [3, 1], [3, 2], [3, 3], [1, 3], [2, 2]],718,486,674,489
118329,0,11,51,[7, 12, 11, 3, 5, 8],[[2, 1], [3, 1], [3, 2], [3, 3], [1, 3], [2, 2]],758,473,668,488
118406,0,11,51,[7, 12, 11, 3, 5, 8],[[2, 1], [3, 1], [3, 2], [3, 3], [1, 3], [2, 2]],800,460,668,488
118472,0,11,51,[7, 12, 11, 3, 5, 8],[[2, 1], [3, 1], [3, 2], [3, 3], [1, 3], [2, 2]],792,439,668,488
118521,0,11,51,[7, 12, 11, 3, 5, 8],[[2, 1], [3, 1], [3, 2], [3, 3], [1, 3], [2, 2]],799,462,692,464
118601,0,11,51,[7, 12, 11, 3, 5, 8],[[2, 1], [3, 1], [3, 2], [3, 3], [1, 3], [2, 2]],794,462,763,454
118662,0,12,28,[9, 6, 11, 3, 5, 8],[[1, 1], [2, 1], [3, 1], [3, 2], [1, 3], [2, 2]],757,463,775,446
118744,0,12,28,[9, 6, 11, 3, 5, 8],[[1, 1], [2, 1], [3, 1], [3, 2], [1, 3], [2, 2]],748,449,809,423
118788,0,12,28,[9, 6, 11, 3, 5, 8],[[1, 1], [2, 1], [3, 1], [3, 2], [1, 3], [2, 2]],761,443,818,418
118864,0,12,28,[9, 6, 11, 3, 5, 8],[[1, 1], [2, 1], [3, 1], [3, 2], [1, 3], [2, 2]],771,438,818,418
118907,0,12,28,[9, 6, 11, 3, 5, 8],[[1, 1], [2, 1], [3, 1], [3, 2], [1, 3], [2, 2]],745,441,815,418
118968,0,12,28,[9, 6, 11, 3, 5, 8],[[1, 1], [2, 1], [3, 1], [3, 2], [1, 3], [2, 2]],745,418,796,436
119021,0,12,28,[9, 6, 11, 3, 5, 8],[[1, 1], [2, 1], [3, 1], [3, 2], [1, 3], [2, 2]],741,411,791,444
119091,0,12,28,[9, 6, 11, 3, 5, 8],[[1, 1], [2, 1], [3, 1], [3, 2], [1, 3], [2, 2]],753,418,783,449
119148,0,12,28,[9, 6, 11, 3, 5, 8],[[1, 1], [2, 1], [3, 1], [3, 2], [1, 3], [2, 2]],756,395,775,453
119202,0,12,28,[9, 6, 11, 3, 5, 8],[[1, 1], [2, 1], [3, 1], [3, 2], [1, 3], [2, 2]],725,407,756,451
119264,0,12,28,[9, 6, 11, 3, 5, 8],[[1, 1], [2, 1], [3, 1], [3, 2], [1, 3], [2, 2]],733,414,718,423
119312,0,12,28,[9, 6, 11, 3, 5, 8],[[1, 1], [2, 1], [3, 1], [3, 2], [1, 3], [2, 2]],726,408,712,409
119385,0,12,28,[9, 6, 11, 3, 5, 8],[[1, 1], [2, 1], [3, 1], [3, 2], [1, 3], [2, 2]],724,412,698,393
119448,0,12,28,[9, 6, 11, 3, 5, 8],[[1, 1], [2, 1], [3, 1], [3, 2], [1, 3], [2, 2]],742,428,698,392
119501,0,12,28,[9, 6, 11, 3, 5, 8],[[1, 1], [2, 1], [3, 1], [3, 2], [1, 3], [2, 2]],733,412,703,392
119549,0,12,28,[9, 6, 11, 3, 5, 8],[[1, 1], [2, 1], [3, 1], [3, 2], [1, 3], [2, 2]],720,400,703,392
119611,0,12,28,[9, 6, 11, 3, 5, 8],[[1, 1], [2, 1], [3, 1], [3, 2], [1, 3], [2, 2]],710,387,721,399
119661,0,12,28,[9, 6, 11, 3, 5, 8],[[1, 1], [2, 1], [3, 1], [3, 2], [1, 3], [2, 2]],694,370,732,405
119722,0,12,28,[9, 6, 11, 3, 5, 8],[[1, 1], [2, 1], [3, 1], [3, 2], [1, 3], [2, 2]],713,393,755,415
119776,0,12,28,[9, 6, 11, 3, 5, 8],[[1, 1], [2, 1], [3, 1], [3, 2], [1, 3], [2, 2]],738,405,764,417
119846,0,12,28,[9, 6, 11, 3, 5, 8],[[1, 1], [2, 1], [3, 1], [3, 2], [1, 3], [2, 2]],771,375,773,417
119901,0,12,28,[9, 6, 11, 3, 5, 8],[[1, 1], [2, 1], [3, 1], [3, 2], [1, 3], [2, 2]],772,376,774,416
119963,0,12,28,[9, 6, 11, 3, 5, 8],[[1, 1], [2, 1], [3, 1], [3, 2], [1, 3], [2, 2]],768,358,744,376
120029,0,12,28,[9, 6, 11, 3, 5, 8],[[1, 1], [2, 1], [3, 1], [3, 2], [1, 3], [2, 2]],754,370,745,375
120085,0,12,28,[9, 6, 11, 3, 5, 8],[[1, 1], [2, 1], [3, 1], [3, 2], [1, 3], [2, 2]],742,374,769,386
120154,0,12,28,[9, 6, 11, 3, 5, 8],[[1, 1], [2, 1], [3, 1], [3, 2], [1, 3], [2, 2]],719,367,773,388
120217,0,12,28,[9, 6, 11, 3, 5, 8],[[1, 1], [2, 1], [3, 1], [3, 2], [1, 3], [2, 2]],713,347,805,376
120275,0,12,28,[9, 6, 11, 3, 5, 8],[[1, 1], [2, 1], [3, 1], [3, 2], [1, 3], [2, 2]],698,362,828,366
120339,0,12,28,[9, 6, 11, 3, 5, 8],[[1, 1], [2, 1], [3, 1], [3, 2], [1, 3], [2, 2]],691,346,828,364
120413,0,12,28,[9, 6, 11, 3, 5, 8],[[1, 1], [2, 1], [3, 1], [3, 2], [1, 3], [2, 2]],723,350,826,364
120475,0,12,28,[9, 6, 11, 3, 5, 8],[[1, 1], [2, 1], [3, 1], [3, 2], [1, 3], [2, 2]],719,347,820,365
120547,0,12,28,[9, 6, 11, 3, 5, 8],[[1, 1], [2, 1], [3, 1], [3, 2], [1, 3], [2, 2]],725,366,805,371
120631,0,12,28,[9, 6, 11, 3, 5, 8],[[1, 1], [2, 1], [3, 1], [3, 2], [1, 3], [2, 2]],694,351,786,377
120690,0,12,28,[9, 6, 11, 3, 5, 8],[[1, 1], [2, 1], [3, 1], [3, 2], [1, 3], [2, 2]],707,363,779,378
120764,0,12,28,[9, 6, 11, 3, 5, 8],[[1, 1], [2, 1], [3, 1], [3, 2], [1, 3], [2, 2]],710,355,779,378
120817,0,12,28,[9, 6, 11, 3, 5, 8],[[1, 1], [2, 1], [3, 1], [3, 2], [1, 3], [2, 2]],734,377,765,382
120879,0,12,28,[9, 6, 11, 3, 5, 8],[[1, 1], [2, 1], [3, 1], [3, 2], [1, 3], [2, 2]],717,372,755,382
120922,0,12,28,[9, 6, 11, 3, 5, 8],[[1, 1], [2, 1], [3, 1], [3, 2], [1, 3], [2, 2]],726,355,754,382
120982,0,12,28,[9, 6, 11, 3, 5, 8],[[1, 1], [2, 1], [3, 1], [3, 2], [1, 3], [2, 2]],700,344,747,393
121035,0,12,28,[9, 6, 11, 3, 5, 8],[[1, 1], [2, 1], [3, 1], [3, 2], [1, 3], [2, 2]],691,362,743,401
121092,0,12,28,[9, 6, 11, 3, 5, 8],[[1, 1], [2, 1], [3, 1], [3, 2], [1, 3], [2, 2]],691,346,742,403
121144,0,12,28,[9, 6, 11, 3, 5, 8],[[1, 1], [2, 1], [3, 1], [3, 2], [1, 3], [2, 2]],688,335,742,403
121207,0,12,28,[9, 6, 11, 3, 5, 8],[[1, 1], [2, 1], [3, 1], [3, 2], [1, 3], [2, 2]],686,338,742,403
121253,0,12,28,[9, 6, 11, 3, 5, 8],[[1, 1], [2, 1], [3, 1], [3, 2], [1, 3], [2, 2]],671,354,749,406
121311,0,12,28,[9, 6, 11, 3, 5, 8],[[1, 1], [2, 1], [3, 1], [3, 2], [1, 3], [2, 2]],680,368,755,409
121359,0,12,28,[9, 6, 11, 3, 5, 8],[[1, 1], [2, 1], [3, 1], [3, 2], [1, 3], [2, 2]],680,368,755,409
121394,0,12,28,[9, 6, 11, 3, 5, 8],[[1, 1], [2, 1], [3, 1], [3, 2], [1, 3], [2, 2]],676,389,755,409
121456,0,12,28,[9, 6, 11, 3, 5, 8],[[1, 1], [2, 1], [3, 1], [3, 2], [1, 3], [2, 2]],668,383,746,406
121515,0,12,28,[9, 6, 11, 3, 5, 8],[[1, 1], [2, 1], [3, 1], [3, 2], [1, 3], [2, 2]],661,382,731,399
121563,0,12,28,[9, 6, 11, 3, 5, 8],[[1, 1], [2, 1], [3, 1], [3, 2], [1, 3], [2, 2]],659,393,712,396
121614,0,12,28,[9, 6, 11, 3, 5, 8],[[1, 1], [2, 1], [3, 1], [3, 2], [1, 3], [2, 2]],653,381,691,403
121673,0,12,28,[9, 6, 11, 3, 5, 8],[[1, 1], [2, 1], [3, 1], [3, 2], [1, 3], [2, 2]],654,367,661,407
121736,0,12,28,[9, 6, 11, 3, 5, 8],[[1, 1], [2, 1], [3, 1], [3, 2], [1, 3], [2, 2]],640,388,638,411
121789,0,12,28,[9, 6, 11, 3, 5, 8],[[1, 1], [2, 1], [3, 1], [3, 2], [1, 3], [2, 2]],614,377,638,413
121843,0,12,28,[9, 6, 11, 3, 5, 8],[[1, 1], [2, 1], [3, 1], [3, 2], [1, 3], [2, 2]],614,361,638,413
121901,0,12,28,[9, 6, 11, 3, 5, 8],[[1, 1], [2, 1], [3, 1], [3, 2], [1, 3], [2, 2]],629,363,638,413
121941,0,12,28,[9, 6, 11, 3, 5, 8],[[1, 1], [2, 1], [3, 1], [3, 2], [1, 3], [2, 2]],643,358,636,407
122016,0,12,28,[9, 6, 11, 3, 5, 8],[[1, 1], [2, 1], [3, 1], [3, 2], [1, 3], [2, 2]],639,342,661,385
122064,0,12,28,[9, 6, 11, 3, 5, 8],[[1, 1], [2, 1], [3, 1], [3, 2], [1, 3], [2, 2]],616,335,668,381
122152,0,12,28,[9, 6, 11, 3, 5, 8],[[1, 1], [2, 1], [3, 1], [3, 2], [1, 3], [2, 2]],606,337,669,381
122193,0,12,28,[9, 6, 11, 3, 5, 8],[[1, 1], [2, 1], [3, 1], [3, 2], [1, 3], [2, 2]],599,318,660,358
122248,0,12,28,[9, 6, 11, 3, 5, 8],[[1, 1], [2, 1], [3, 1], [3, 2], [1, 3], [2, 2]],599,329,641,313
122329,0,12,28,[9, 6, 11, 3, 5, 8],[[1, 1], [2, 1], [3, 1], [3, 2], [1, 3], [2, 2]],613,315,631,284
122382,0,12,28,[9, 6, 11, 3, 5, 8],[[1, 1], [2, 1], [3, 1], [3, 2], [1, 3], [2, 2]],620,309,630,280
122470,0,12,28,[9, 6, 11, 3, 5, 8],[[1, 1], [2, 1], [3, 1], [3, 2], [1, 3], [2, 2]],613,299,633,287
122510,0,12,28,[9, 6, 11, 3, 5, 8],[[1, 1], [2, 1], [3, 1], [3, 2], [1, 3], [2, 2]],611,298,639,304
122562,0,12,28,[9, 6, 11, 3, 5, 8],[[1, 1], [2, 1], [3, 1], [3, 2], [1, 3], [2, 2]],597,307,639,341
122639,0,12,28,[9, 6, 11, 3, 5, 8],[[1, 1], [2, 1], [3, 1], [3, 2], [1, 3], [2, 2]],610,297,634,350
122682,0,13,107,[7, 12, 11, 3, 1, 4],[[1, 3], [2, 3], [3, 1], [3, 2], [2, 2], [3, 3]],608,304,632,352
122742,0,13,107,[7, 12, 11, 3, 1, 4],[[1, 3], [2, 3], [3, 1], [3, 2], [2, 2], [3, 3]],603,292,632,352
122810,0,13,107,[7, 12, 11, 3, 1, 4],[[1, 3], [2, 3], [3, 1], [3, 2], [2, 2], [3, 3]],615,312,632,352
122856,0,13,107,[7, 12, 11, 3, 1, 4],[[1, 3], [2, 3], [3, 1], [3, 2], [2, 2], [3, 3]],586,310,641,351
122905,0,13,107,[7, 12, 11, 3, 1, 4],[[1, 3], [2, 3], [3, 1], [3, 2], [2, 2], [3, 3]],607,292,665,346
122971,0,13,107,[7, 12, 11, 3, 1, 4],[[1, 3], [2, 3], [3, 1], [3, 2], [2, 2], [3, 3]],605,283,715,317
123033,0,13,107,[7, 12, 11, 3, 1, 4],[[1, 3], [2, 3], [3, 1], [3, 2], [2, 2], [3, 3]],616,279,728,299
123091,0,13,107,[7, 12, 11, 3, 1, 4],[[1, 3], [2, 3], [3, 1], [3, 2], [2, 2], [3, 3]],622,265,709,269
123154,0,13,107,[7, 12, 11, 3, 1, 4],[[1, 3], [2, 3], [3, 1], [3, 2], [2, 2], [3, 3]],624,270,700,258
123211,0,13,107,[7, 12, 11, 3, 1, 4],[[1, 3], [2, 3], [3, 1], [3, 2], [2, 2], [3, 3]],615,287,668,256
123259,0,13,107,[7, 12, 11, 3, 1, 4],[[1, 3], [2, 3], [3, 1], [3, 2], [2, 2], [3, 3]],571,284,666,256
123303,0,13,107,[7, 12, 11, 3, 1, 4],[[1, 3], [2, 3], [3, 1], [3, 2], [2, 2], [3, 3]],563,276,659,257
123361,0,13,107,[7, 12, 11, 3, 1, 4],[[1, 3], [2, 3], [3, 1], [3, 2], [2, 2], [3, 3]],546,282,650,259
123415,0,13,107,[7, 12, 11, 3, 1, 4],[[1, 3], [2, 3], [3, 1], [3, 2], [2, 2], [3, 3]],549,301,638,259
123473,0,13,107,[7, 12, 11, 3, 1, 4],[[1, 3], [2, 3], [3, 1], [3, 2], [2, 2], [3, 3]],555,279,638,259
123529,0,13,107,[7, 12, 11, 3, 1, 4],[[1, 3], [2, 3], [3, 1], [3, 2], [2, 2], [3, 3]],551,267,637,259
123569,0,13,107,[7, 12, 11, 3, 1, 4],[[1, 3], [2, 3], [3, 1], [3, 2], [2, 2], [3, 3]],538,250,637,258
123613,0,13,107,[7, 12, 11, 3, 1, 4],[[1, 3], [2, 3], [3, 1], [3, 2], [2, 2], [3, 3]],530,257,633,253
123675,0,13,107,[7, 12, 11, 3, 1, 4],[[1, 3], [2, 3], [3, 1], [3, 2], [2, 2], [3, 3]],519,235,627,252
123726,0,13,107,[7, 12, 11, 3, 1, 4],[[1, 3], [2, 3], [3, 1], [3, 2], [2, 2], [3, 3]],507,216,613,266
123761,0,13,107,[7, 12, 11, 3, 1, 4],[[1, 3], [2, 3], [3, 1], [3, 2], [2, 2], [3, 3]],496,207,601,280
123819,0,13,107,[7, 12, 11, 3, 1, 4],[[1, 3], [2, 3], [3, 1], [3, 2], [2, 2], [3, 3]],487,220,600,285
123879,0,13,107,[7, 12, 11, 3, 1, 4],[[1, 3], [2, 3], [3, 1], [3, 2], [2, 2], [3, 3]],507,229,600,287
123941,0,13,107,[7, 12, 11, 3, 1, 4],[[1, 3], [2, 3], [3, 1], [3, 2], [2, 2], [3, 3]],483,234,598,287
123996,0,13,107,[7, 12, 11, 3, 1, 4],[[1, 3], [2, 3], [3, 1], [3, 2], [2, 2], [3, 3]],488,244,581,287
124052,0,13,107,[7, 12, 11, 3, 1, 4],[[1, 3], [2, 3], [3, 1], [3, 2], [2, 2], [3, 3]],470,226,577,285
124095,0,13,107,[7, 12, 11, 3, 1, 4],[[1, 3], [2, 3], [3, 1], [3, 2], [2, 2], [3, 3]],516,238,574,281
124163,0,13,107,[7, 12, 11, 3, 1, 4],[[1, 3], [2, 3], [3, 1], [3, 2], [2, 2], [3, 3]],535,229,573,280
124209,0,13,107,[7, 12, 11, 3, 1, 4],[[1, 3], [2, 3], [3, 1], [3, 2], [2, 2], [3, 3]],520,226,569,276
124256,0,13,107,[7, 12, 11, 3, 1, 4],[[1, 3], [2, 3], [3, 1], [3, 2], [2, 2], [3, 3]],529,220,566,272
124312,0,13,107,[7, 12, 11, 3, 1, 4],[[1, 3], [2, 3], [3, 1], [3, 2], [2, 2], [3, 3]],505,242,558,268
124405,0,13,107,[7, 12, 11, 3, 1, 4],[[1, 3], [2, 3], [3, 1], [3, 2], [2, 2], [3, 3]],502,257,558,268
124447,0,13,107,[7, 12, 11, 3, 1, 4],[[1, 3], [2, 3], [3, 1], [3, 2], [2, 2], [3, 3]],500,264,562,268
124493,0,13,107,[7, 12, 11, 3, 1, 4],[[1, 3], [2, 3], [3, 1], [3, 2], [2, 2], [3, 3]],490,256,564,270
124541,0,13,107,[7, 12, 11, 3, 1, 4],[[1, 3], [2, 3], [3, 1], [3, 2], [2, 2], [3, 3]],514,264,571,258
124620,0,13,107,[7, 12, 11, 3, 1, 4],[[1, 3], [2, 3], [3, 1], [3, 2], [2, 2], [3, 3]],494,275,572,214
124685,0,13,107,[7, 12, 11, 3, 1, 4],[[1, 3], [2, 3], [3, 1], [3, 2], [2, 2], [3, 3]],521,308,570,213
124740,0,13,107,[7, 12, 11, 3, 1, 4],[[1, 3], [2, 3], [3, 1], [3, 2], [2, 2], [3, 3]],531,328,560,213
124802,0,13,107,[7, 12, 11, 3, 1, 4],[[1, 3], [2, 3], [3, 1], [3, 2], [2, 2], [3, 3]],538,317,559,213
124873,0,13,107,[7, 12, 11, 3, 1, 4],[[1, 3], [2, 3], [3, 1], [3, 2], [2, 2], [3, 3]],532,325,559,213
124936,0,13,107,[7, 12, 11, 3, 1, 4],[[1, 3], [2, 3], [3, 1], [3, 2], [2, 2], [3, 3]],565,327,531,219
124988,0,13,107,[7, 12, 11, 3, 1, 4],[[1, 3], [2, 3], [3, 1], [3, 2], [2, 2], [3, 3]],567,338,525,241
125035,0,13,107,[7, 12, 11, 3, 1, 4],[[1, 3], [2, 3], [3, 1], [3, 2], [2, 2], [3, 3]],571,324,537,271
125074,0,13,107,[7, 12, 11, 3, 1, 4],[[1, 3], [2, 3], [3, 1], [3, 2], [2, 2], [3, 3]],577,337,549,282
125128,0,13,107,[7, 12, 11, 3, 1, 4],[[1, 3], [2, 3], [3, 1], [3, 2], [2, 2], [3, 3]],575,314,555,288
125186,0,13,107,[7, 12, 11, 3, 1, 4],[[1, 3], [2, 3], [3, 1], [3, 2], [2, 2], [3, 3]],588,323,564,295
125238,0,13,107,[7, 12, 11, 3, 1, 4],[[1, 3], [2, 3], [3, 1], [3, 2], [2, 2], [3, 3]],587,313,573,300
125296,0,13,107,[7, 12, 11, 3, 1, 4],[[1, 3], [2, 3], [3, 1], [3, 2], [2, 2], [3, 3]],583,319,578,301
125343,0,13,107,[7, 12, 11, 3, 1, 4],[[1, 3], [2, 3], [3, 1], [3, 2], [2, 2], [3, 3]],589,313,595,311
125406,0,13,107,[7, 12, 11, 3, 1, 4],[[1, 3], [2, 3], [3, 1], [3, 2], [2, 2], [3, 3]],592,334,596,312
125450,0,13,107,[7, 12, 11, 3, 1, 4],[[1, 3], [2, 3], [3, 1], [3, 2], [2, 2], [3, 3]],573,329,600,317
125526,0,13,107,[7, 12, 11, 3, 1, 4],[[1, 3], [2, 3], [3, 1], [3, 2], [2, 2], [3, 3]],580,329,661,378
125611,0,13,107,[7, 12, 11, 3, 1, 4],[[1, 3], [2, 3], [3, 1], [3, 2], [2, 2], [3, 3]],609,317,660,378
125676,0,13,107,[7, 12, 11, 3, 1, 4],[[1, 3], [2, 3], [3, 1], [3, 2], [2, 2], [3, 3]],579,322,649,367
125738,0,13,107,[7, 12, 11, 3, 1, 4],[[1, 3], [2, 3], [3, 1], [3, 2], [2, 2], [3, 3]],585,295,648,366
125790,0,13,107,[7, 12, 11, 3, 1, 4],[[1, 3], [2, 3], [3, 1], [3, 2], [2, 2], [3, 3]],587,304,647,365
125833,0,13,107,[7, 12, 11, 3, 1, 4],[[1, 3], [2, 3], [3, 1], [3, 2], [2, 2], [3, 3]],590,302,641,361
125878,0,13,107,[7, 12, 11, 3, 1, 4],[[1, 3], [2, 3], [3, 1], [3, 2], [2, 2], [3, 3]],599,286,639,361
125929,0,13,107,[7, 12, 11, 3, 1, 4],[[1, 3], [2, 3], [3, 1], [3, 2], [2, 2], [3, 3]],572,282,637,360
125979,0,13,107,[7, 12, 11, 3, 1, 4],[[1, 3], [2, 3], [3, 1], [3, 2], [2, 2], [3, 3]],584,279,637,360
126040,0,13,107,[7, 12, 11, 3, 1, 4],[[1, 3], [2, 3], [3, 1], [3, 2], [2, 2], [3, 3]],568,314,637,360
126102,0,13,107,[7, 12, 11, 3, 1, 4],[[1, 3], [2, 3], [3, 1], [3, 2], [2, 2], [3, 3]],552,308,637,360
126151,0,13,107,[7, 12, 11, 3, 1, 4],[[1, 3], [2, 3], [3, 1], [3, 2], [2, 2], [3, 3]],539,287,637,360
126199,0,13,107,[7, 12, 11, 3, 1, 4],[[1, 3], [2, 3], [3, 1], [3, 2], [2, 2], [3, 3]],565,285,637,360
126253,0,13,107,[7, 12, 11, 3, 1, 4],[[1, 3], [2, 3], [3, 1], [3, 2], [2, 2], [3, 3]],559,307,634,359
126339,0,13,107,[7, 12, 11, 3, 1, 4],[[1, 3], [2, 3], [3, 1], [3, 2], [2, 2], [3, 3]],569,306,621,349
126390,0,13,107,[7, 12, 11, 3, 1, 4],[[1, 3], [2, 3], [3, 1], [3, 2], [2, 2], [3, 3]],567,313,576,323
126434,0,13,107,[7, 12, 11, 3, 1, 4],[[1, 3], [2, 3], [3, 1], [3, 2], [2, 2], [3, 3]],590,338,553,314
126509,0,13,107,[7, 12, 11, 3, 1, 4],[[1, 3], [2, 3], [3, 1], [3, 2], [2, 2], [3, 3]],586,326,550,309
126562,0,13,107,[7, 12, 11, 3, 1, 4],[[1, 3], [2, 3], [3, 1], [3, 2], [2, 2], [3, 3]],585,325,550,308
126604,0,13,107,[7, 12, 11, 3, 1, 4],[[1, 3], [2, 3], [3, 1], [3, 2], [2, 2], [3, 3]],564,314,549,305
126665,0,13,107,[7, 12, 11, 3, 1, 4],[[1, 3], [2, 3], [3, 1], [3, 2], [2, 2], [3, 3]],573,318,548,297
126720,0,13,107,[7, 12, 11, 3, 1, 4],[[1, 3], [2, 3], [3, 1], [3, 2], [2, 2], [3, 3]],567,349,548,295
126781,0,14,68,[9, 6, 11, 3, 5, 8],[[2, 1], [3, 1], [1, 1], [1, 2], [1, 3], [2, 2]],584,330,560,300
126831,0,14,68,[9, 6, 11, 3, 5, 8],[[2, 1], [3, 1], [1, 1], [1, 2], [1, 3], [2, 2]],578,353,577,310
126914,0,14,68,[9, 6, 11, 3, 5, 8],[[2, 1], [3, 1], [1, 1], [1, 2], [1, 3], [2, 2]],543,340,578,311
126960,0,14,68,[9, 6, 11, 3, 5, 8],[[2, 1], [3, 1], [1, 1], [1, 2], [1, 3], [2, 2]],560,343,576,309
127021,0,14,68,[9, 6, 11, 3, 5, 8],[[2, 1], [3, 1], [1, 1], [1, 2], [1, 3], [2, 2]],563,329,577,309
127082,0,14,68,[9, 6, 11, 3, 5, 8],[[2, 1], [3, 1], [1, 1], [1, 2], [1, 3], [2, 2]],579,347,578,310
127144,0,14,68,[9, 6, 11, 3, 5, 8],[[2, 1], [3, 1], [1, 1], [1, 2], [1, 3], [2, 2]],586,352,590,321
127209,0,14,68,[9, 6, 11, 3, 5, 8],[[2, 1], [3, 1], [1, 1], [1, 2], [1, 3], [2, 2]],571,333,591,322
127244,0,14,68,[9, 6, 11, 3, 5, 8],[[2, 1], [3, 1], [1, 1], [1, 2], [1, 3], [2, 2]],588,326,591,323
127308,0,14,68,[9, 6, 11, 3, 5, 8],[[2, 1], [3, 1], [1, 1], [1, 2], [1, 3], [2, 2]],567,307,580,326
127362,0,14,68,[9, 6, 11, 3, 5, 8],[[2, 1], [3, 1], [1, 1], [1, 2], [1, 3], [2, 2]],550,318,578,326
127414,0,14,68,[9, 6, 11, 3, 5, 8],[[2, 1], [3, 1], [1, 1], [1, 2], [1, 3], [2, 2]],575,330,575,328
127477,0,14,68,[9, 6, 11, 3, 5, 8],[[2, 1], [3, 1], [1, 1], [1, 2], [1, 3], [2, 2]],588,317,573,336
127535,0,14,68,[9, 6, 11, 3, 5, 8],[[2, 1], [3, 1], [1, 1], [1, 2], [1, 3], [2, 2]],568,306,573,337
127599,0,14,68,[9, 6, 11, 3, 5, 8],[[2, 1], [3, 1], [1, 1], [1, 2], [1, 3], [2, 2]],543,291,577,340
127662,0,14,68,[9, 6, 11, 3, 5, 8],[[2, 1], [3, 1], [1, 1], [1, 2], [1, 3], [2, 2]],545,300,577,340
127720,0,14,68,[9, 6, 11, 3, 5, 8],[[2, 1], [3, 1], [1, 1], [1, 2], [1, 3], [2, 2]],550,337,577,340
127785,0,14,68,[9, 6, 11, 3, 5, 8],[[2, 1], [3, 1], [1, 1], [1, 2], [1, 3], [2, 2]],589,325,579,338
127849,0,14,68,[9, 6, 11, 3, 5, 8],[[2, 1], [3, 1], [1, 1], [1, 2], [1, 3], [2, 2]],591,332,576,326
127902,0,14,68,[9, 6, 11, 3, 5, 8],[[2, 1], [3, 1], [1, 1], [1, 2], [1, 3], [2, 2]],598,322,574,324
127955,0,14,68,[9, 6, 11, 3, 5, 8],[[2, 1], [3, 1], [1, 1], [1, 2], [1, 3], [2, 2]],607,302,574,324
128019,0,14,68,[9, 6, 11, 3, 5, 8],[[2, 1], [3, 1], [1, 1], [1, 2], [1, 3], [2, 2]],618,295,574,324
128072,0,14,68,[9, 6, 11, 3, 5, 8],[[2, 1], [3, 1], [1, 1], [1, 2], [1, 3], [2, 2]],635,293,577,324
128122,0,14,68,[9, 6, 11, 3, 5, 8],[[2, 1], [3, 1], [1, 1], [1, 2], [1, 3], [2, 2]],636,304,595,320
128189,0,14,68,[9, 6, 11, 3, 5, 8],[[2, 1], [3, 1], [1, 1], [1, 2], [1, 3], [2, 2]],647,293,596,320
128237,0,14,68,[9, 6, 11, 3, 5, 8],[[2, 1], [3, 1], [1, 1], [1, 2], [1, 3], [2, 2]],662,271,596,320
128295,0,14,68,[9, 6, 11, 3, 5, 8],[[2, 1], [3, 1], [1, 1], [1, 2], [1, 3], [2, 2]],680,274,603,313
128374,0,14,68,[9, 6, 11, 3, 5, 8],[[2, 1], [3, 1], [1, 1], [1, 2], [1, 3], [2, 2]],679,271,635,297
128423,0,14,68,[9, 6, 11, 3, 5, 8],[[2, 1], [3, 1], [1, 1], [1, 2], [1, 3], [2, 2]],672,282,639,297
128467,0,14,68,[9, 6, 11, 3, 5, 8],[[2, 1], [3, 1], [1, 1], [1, 2], [1, 3], [2, 2]],654,274,654,301
128523,0,14,68,[9, 6, 11, 3, 5, 8],[[2, 1], [3, 1], [1, 1], [1, 2], [1, 3], [2, 2]],651,294,726,283
128561,0,14,68,[9, 6, 11, 3, 5, 8],[[2, 1], [3, 1], [1, 1], [1, 2], [1, 3], [2, 2]],663,295,765,260
128617,0,14,68,[9, 6, 11, 3, 5, 8],[[2, 1], [3, 1], [1, 1], [1, 2], [1, 3], [2, 2]],677,320,799,248
128685,0,14,68,[9, 6, 11, 3, 5, 8],[[2, 1], [3, 1], [1, 1], [1, 2], [1, 3], [2, 2]],676,312,798,245
128729,0,14,68,[9, 6, 11, 3, 5, 8],[[2, 1], [3, 1], [1, 1], [1, 2], [1, 3], [2, 2]],679,292,792,240
128791,0,14,68,[9, 6, 11, 3, 5, 8],[[2, 1], [3, 1], [1, 1], [1, 2], [1, 3], [2, 2]],700,299,781,236
128841,0,14,68,[9, 6, 11, 3, 5, 8],[[2, 1], [3, 1], [1, 1], [1, 2], [1, 3], [2, 2]],660,293,755,237
128888,0,14,68,[9, 6, 11, 3, 5, 8],[[2, 1], [3, 1], [1, 1], [1, 2], [1, 3], [2, 2]],676,260,737,245
128940,0,14,68,[9, 6, 11, 3, 5, 8],[[2, 1], [3, 1], [1, 1], [1, 2], [1, 3], [2, 2]],674,267,729,267
128991,0,14,68,[9, 6, 11, 3, 5, 8],[[2, 1], [3, 1], [1, 1], [1, 2], [1, 3], [2, 2]],691,283,721,287
129043,0,14,68,[9, 6, 11, 3, 5, 8],[[2, 1], [3, 1], [1, 1], [1, 2], [1, 3], [2, 2]],671,274,719,297
129101,0,14,68,[9, 6, 11, 3, 5, 8],[[2, 1], [3, 1], [1, 1], [1, 2], [1, 3], [2, 2]],681,289,719,300
129147,0,14,68,[9, 6, 11, 3, 5, 8],[[2, 1], [3, 1], [1, 1], [1, 2], [1, 3], [2, 2]],681,299,710,303
129200,0,14,68,[9, 6, 11, 3, 5, 8],[[2, 1], [3, 1], [1, 1], [1, 2], [1, 3], [2, 2]],691,308,701,306
129268,0,14,68,[9, 6, 11, 3, 5, 8],[[2, 1], [3, 1], [1, 1], [1, 2], [1, 3], [2, 2]],690,300,693,310
129326,0,14,68,[9, 6, 11, 3, 5, 8],[[2, 1], [3, 1], [1, 1], [1, 2], [1, 3], [2, 2]],676,293,674,319
129374,0,14,68,[9, 6, 11, 3, 5, 8],[[2, 1], [3, 1], [1, 1], [1, 2], [1, 3], [2, 2]],675,272,669,323
129437,0,14,68,[9, 6, 11, 3, 5, 8],[[2, 1], [3, 1], [1, 1], [1, 2], [1, 3], [2, 2]],675,257,669,324
129506,0,14,68,[9, 6, 11, 3, 5, 8],[[2, 1], [3, 1], [1, 1], [1, 2], [1, 3], [2, 2]],662,237,664,331
129565,0,14,68,[9, 6, 11, 3, 5, 8],[[2, 1], [3, 1], [1, 1], [1, 2], [1, 3], [2, 2]],648,237,661,336
129639,0,14,68,[9, 6, 11, 3, 5, 8],[[2, 1], [3, 1], [1, 1], [1, 2], [1, 3], [2, 2]],645,213,660,339
129697,0,14,68,[9, 6, 11, 3, 5, 8],[[2, 1], [3, 1], [1, 1], [1, 2], [1, 3], [2, 2]],663,195,665,342
129756,0,14,68,[9, 6, 11, 3, 5, 8],[[2, 1], [3, 1], [1, 1], [1, 2], [1, 3], [2, 2]],656,221,666,333
129823,0,14,68,[9, 6, 11, 3, 5, 8],[[2, 1], [3, 1], [1, 1], [1, 2], [1, 3], [2, 2]],649,217,649,266
129892,0,14,68,[9, 6, 11, 3, 5, 8],[[2, 1], [3, 1], [1, 1], [1, 2], [1, 3], [2, 2]],656,194,629,230
129952,0,14,68,[9, 6, 11, 3, 5, 8],[[2, 1], [3, 1], [1, 1], [1, 2], [1, 3], [2, 2]],632,193,621,224
130033,0,14,68,[9, 6, 11, 3, 5, 8],[[2, 1], [3, 1], [1, 1], [1, 2], [1, 3], [2, 2]],605,176,618,222
130100,0,14,68,[9, 6, 11, 3, 5, 8],[[2, 1], [3, 1], [1, 1], [1, 2], [1, 3], [2, 2]],594,151,614,217
130176,0,14,68,[9, 6, 11, 3, 5, 8],[[2, 1], [3, 1], [1, 1], [1, 2], [1, 3], [2, 2]],592,187,614,219
130238,0,14,68,[9, 6, 11, 3, 5, 8],[[2, 1], [3, 1], [1, 1], [1, 2], [1, 3], [2, 2]],577,192,614,236
130306,0,14,68,[9, 6, 11, 3, 5, 8],[[2, 1], [3, 1], [1, 1], [1, 2], [1, 3], [2, 2]],590,196,614,243
130373,0,14,68,[9, 6, 11, 3, 5, 8],[[2, 1], [3, 1], [1, 1], [1, 2], [1, 3], [2, 2]],595,185,611,243
130425,0,14,68,[9, 6, 11, 3, 5, 8],[[2, 1], [3, 1], [1, 1], [1, 2], [1, 3], [2, 2]],611,194,581,233
130484,0,14,68,[9, 6, 11, 3, 5, 8],[[2, 1], [3, 1], [1, 1], [1, 2], [1, 3], [2, 2]],620,216,552,231
130549,0,14,68,[9, 6, 11, 3, 5, 8],[[2, 1], [3, 1], [1, 1], [1, 2], [1, 3], [2, 2]],627,201,552,231
130608,0,14,68,[9, 6, 11, 3, 5, 8],[[2, 1], [3, 1], [1, 1], [1, 2], [1, 3], [2, 2]],634,187,549,231
130672,0,14,68,[9, 6, 11, 3, 5, 8],[[2, 1], [3, 1], [1, 1], [1, 2], [1, 3], [2, 2]],609,211,550,231
130710,0,14,68,[9, 6, 11, 3, 5, 8],[[2, 1], [3, 1], [1, 1], [1, 2], [1, 3], [2, 2]],610,223,552,231
130773,0,14,68,[9, 6, 11, 3, 5, 8],[[2, 1], [3, 1], [1, 1], [1, 2], [1, 3], [2, 2]],641,225,562,230
130834,0,15,136,[9, 6, 11, 3, 5, 8],[[2, 3], [3, 3], [3, 1], [3, 2], [1, 2], [2, 1]],651,216,579,218
130896,0,15,136,[9, 6, 11, 3, 5, 8],[[2, 3], [3, 3], [3, 1], [3, 2], [1, 2], [2, 1]],641,217,596,203
130968,0,15,136,[9, 6, 11, 3, 5, 8],[[2, 3], [3, 3], [3, 1], [3, 2], [1, 2], [2, 1]],666,218,597,203
131029,0,15,136,[9, 6, 11, 3, 5, 8],[[2, 3], [3, 3], [3, 1], [3, 2], [1, 2], [2, 1]],696,225,637,200
131086,0,15,136,[9, 6, 11, 3, 5, 8],[[2, 3], [3, 3], [3, 1], [3, 2], [1, 2], [2, 1]],697,231,667,192
131145,0,15,136,[9, 6, 11, 3, 5, 8],[[2, 3], [3, 3], [3, 1], [3, 2], [1, 2], [2, 1]],704,209,667,192
131180,0,15,136,[9, 6, 11, 3, 5, 8],[[2, 3], [3, 3], [3, 1], [3, 2], [1, 2], [2, 1]],709,219,669,192
131244,0,15,136,[9, 6, 11, 3, 5, 8],[[2, 3], [3, 3], [3, 1], [3, 2], [1, 2], [2, 1]],675,228,671,193
131304,0,15,136,[9, 6, 11, 3, 5, 8],[[2, 3], [3, 3], [3, 1], [3, 2], [1, 2], [2, 1]],662,228,683,204
131346,0,15,136,[9, 6, 11, 3, 5, 8],[[2, 3], [3, 3], [3, 1], [3, 2], [1, 2], [2, 1]],654,209,683,204
131404,0,15,136,[9, 6, 11, 3, 5, 8],[[2, 3], [3, 3], [3, 1], [3, 2], [1, 2], [2, 1]],657,193,698,210
131471,0,15,136,[9, 6, 11, 3, 5, 8],[[2, 3], [3, 3], [3, 1], [3, 2], [1, 2], [2, 1]],632,199,722,209
131541,0,15,136,[9, 6, 11, 3, 5, 8],[[2, 3], [3, 3], [3, 1], [3, 2], [1, 2], [2, 1]],657,196,725,211
131604,0,15,136,[9, 6, 11, 3, 5, 8],[[2, 3], [3, 3], [3, 1], [3, 2], [1, 2], [2, 1]],669,206,751,220
131677,0,15,136,[9, 6, 11, 3, 5, 8],[[2, 3], [3, 3], [3, 1], [3, 2], [1, 2], [2, 1]],683,191,756,220
131753,0,15,136,[9, 6, 11, 3, 5, 8],[[2, 3], [3, 3], [3, 1], [3, 2], [1, 2], [2, 1]],693,191,820,203
131841,0,15,136,[9, 6, 11, 3, 5, 8],[[2, 3], [3, 3], [3, 1], [3, 2], [1, 2], [2, 1]],704,180,842,199
131902,0,15,136,[9, 6, 11, 3, 5, 8],[[2, 3], [3, 3], [3, 1], [3, 2], [1, 2], [2, 1]],713,168,842,199
131984,0,15,136,[9, 6, 11, 3, 5, 8],[[2, 3], [3, 3], [3, 1], [3, 2], [1, 2], [2, 1]],711,184,853,199
132023,0,15,136,[9, 6, 11, 3, 5, 8],[[2, 3], [3, 3], [3, 1], [3, 2], [1, 2], [2, 1]],694,184,861,196
132142,0,15,136,[9, 6, 11, 3, 5, 8],[[2, 3], [3, 3], [3, 1], [3, 2], [1, 2], [2, 1]],723,190,861,196
132216,0,15,136,[9, 6, 11, 3, 5, 8],[[2, 3], [3, 3], [3, 1], [3, 2], [1, 2], [2, 1]],723,188,849,199
132311,0,15,136,[9, 6, 11, 3, 5, 8],[[2, 3], [3, 3], [3, 1], [3, 2], [1, 2], [2, 1]],727,196,789,189
132393,0,15,136,[9, 6, 11, 3, 5, 8],[[2, 3], [3, 3], [3, 1], [3, 2], [1, 2], [2, 1]],751,183,745,175
132443,0,15,136,[9, 6, 11, 3, 5, 8],[[2, 3], [3, 3], [3, 1], [3, 2], [1, 2], [2, 1]],762,216,735,172
132542,0,15,136,[9, 6, 11, 3, 5, 8],[[2, 3], [3, 3], [3, 1], [3, 2], [1, 2], [2, 1]],732,198,715,171
132592,0,15,136,[9, 6, 11, 3, 5, 8],[[2, 3], [3, 3], [3, 1], [3, 2], [1, 2], [2, 1]],722,222,715,171
132633,0,15,136,[9, 6, 11, 3, 5, 8],[[2, 3], [3, 3], [3, 1], [3, 2], [1, 2], [2, 1]],716,228,728,176
132691,0,15,136,[9, 6, 11, 3, 5, 8],[[2, 3], [3, 3], [3, 1], [3, 2], [1, 2], [2, 1]],720,246,747,186
132755,0,15,136,[9, 6, 11, 3, 5, 8],[[2, 3], [3, 3], [3, 1], [3, 2], [1, 2], [2, 1]],722,223,768,194
132832,0,15,136,[9, 6, 11, 3, 5, 8],[[2, 3], [3, 3], [3, 1], [3, 2], [1, 2], [2, 1]],718,253,768,194
132893,0,15,136,[9, 6, 11, 3, 5, 8],[[2, 3], [3, 3], [3, 1], [3, 2], [1, 2], [2, 1]],724,241,768,194
132950,0,15,136,[9, 6, 11, 3, 5, 8],[[2, 3], [3, 3], [3, 1], [3, 2], [1, 2], [2, 1]],724,257,768,195
133020,0,15,136,[9, 6, 11, 3, 5, 8],[[2, 3], [3, 3], [3, 1], [3, 2], [1, 2], [2, 1]],720,270,769,195
133091,0,15,136,[9, 6, 11, 3, 5, 8],[[2, 3], [3, 3], [3, 1], [3, 2], [1, 2], [2, 1]],721,283,793,210
133154,0,15,136,[9, 6, 11, 3, 5, 8],[[2, 3], [3, 3], [3, 1], [3, 2], [1, 2], [2, 1]],709,316,793,210
133207,0,15,136,[9, 6, 11, 3, 5, 8],[[2, 3], [3, 3], [3, 1], [3, 2], [1, 2], [2, 1]],727,333,793,215
133266,0,15,136,[9, 6, 11, 3, 5, 8],[[2, 3], [3, 3], [3, 1], [3, 2], [1, 2], [2, 1]],709,341,789,229
133324,0,15,136,[9, 6, 11, 3, 5, 8],[[2, 3], [3, 3], [3, 1], [3, 2], [1, 2], [2, 1]],696,350,786,240
133400,0,15,136,[9, 6, 11, 3, 5, 8],[[2, 3], [3, 3], [3, 1], [3, 2], [1, 2], [2, 1]],709,362,763,262
133464,0,15,136,[9, 6, 11, 3, 5, 8],[[2, 3], [3, 3], [3, 1], [3, 2], [1, 2], [2, 1]],718,342,731,295
133517,0,15,136,[9, 6, 11, 3, 5, 8],[[2, 3], [3, 3], [3, 1], [3, 2], [1, 2], [2, 1]],692,335,725,331
133571,0,15,136,[9, 6, 11, 3, 5, 8],[[2, 3], [3, 3], [3, 1], [3, 2], [1, 2], [2, 1]],709,326,723,356
133634,0,15,136,[9, 6, 11, 3, 5, 8],[[2, 3], [3, 3], [3, 1], [3, 2], [1, 2], [2, 1]],672,325,720,364
133714,0,15,136,[9, 6, 11, 3, 5, 8],[[2, 3], [3, 3], [3, 1], [3, 2], [1, 2], [2, 1]],666,344,723,365
133778,0,15,136,[9, 6, 11, 3, 5, 8],[[2, 3], [3, 3], [3, 1], [3, 2], [1, 2], [2, 1]],675,339,749,333
133833,0,15,136,[9, 6, 11, 3, 5, 8],[[2, 3], [3, 3], [3, 1], [3, 2], [1, 2], [2, 1]],691,356,757,317
133885,0,15,136,[9, 6, 11, 3, 5, 8],[[2, 3], [3, 3], [3, 1], [3, 2], [1, 2], [2, 1]],659,331,758,317
133962,0,15,136,[9, 6, 11, 3, 5, 8],[[2, 3], [3, 3], [3, 1], [3, 2], [1, 2], [2, 1]],678,338,747,312
134014,0,15,136,[9, 6, 11, 3, 5, 8],[[2, 3], [3, 3], [3, 1], [3, 2], [1, 2], [2, 1]],673,332,740,308
134062,0,15,136,[9, 6, 11, 3, 5, 8],[[2, 3], [3, 3], [3, 1], [3, 2], [1, 2], [2, 1]],673,334,739,308
134131,0,15,136,[9, 6, 11, 3, 5, 8],[[2, 3], [3, 3], [3, 1], [3, 2], [1, 2], [2, 1]],710,323,739,308
134185,0,15,136,[9, 6, 11, 3, 5, 8],[[2, 3], [3, 3], [3, 1], [3, 2], [1, 2], [2, 1]],746,339,735,308
134238,0,15,136,[9, 6, 11, 3, 5, 8],[[2, 3], [3, 3], [3, 1], [3, 2], [1, 2], [2, 1]],752,347,735,310
134325,0,15,136,[9, 6, 11, 3, 5, 8],[[2, 3], [3, 3], [3, 1], [3, 2], [1, 2], [2, 1]],732,338,734,325
134367,0,15,136,[9, 6, 11, 3, 5, 8],[[2, 3], [3, 3], [3, 1], [3, 2], [1, 2], [2, 1]],721,350,727,332
134443,0,15,136,[9, 6, 11, 3, 5, 8],[[2, 3], [3, 3], [3, 1], [3, 2], [1, 2], [2, 1]],713,346,724,334
134492,0,15,136,[9, 6, 11, 3, 5, 8],[[2, 3], [3, 3], [3, 1], [3, 2], [1, 2], [2, 1]],708,335,731,340
134545,0,15,136,[9, 6, 11, 3, 5, 8],[[2, 3], [3, 3], [3, 1], [3, 2], [1, 2], [2, 1]],699,336,743,350
134594,0,15,136,[9, 6, 11, 3, 5, 8],[[2, 3], [3, 3], [3, 1], [3, 2], [1, 2], [2, 1]],693,304,746,351
134650,0,15,136,[9, 6, 11, 3, 5, 8],[[2, 3], [3, 3], [3, 1], [3, 2], [1, 2], [2, 1]],717,289,748,351
134692,0,15,136,[9, 6, 11, 3, 5, 8],[[2, 3], [3, 3], [3, 1], [3, 2], [1, 2], [2, 1]],725,298,748,351
134750,0,15,136,[9, 6, 11, 3, 5, 8],[[2, 3], [3, 3], [3, 1], [3, 2], [1, 2], [2, 1]],719,298,748,351
134817,0,15,136,[9, 6, 11, 3, 5, 8],[[2, 3], [3, 3], [3, 1], [3, 2], [1, 2], [2, 1]],704,299,748,351
134867,0,15,136,[9, 6, 11, 3, 5, 8],[[2, 3], [3, 3], [3, 1], [3, 2], [1, 2], [2, 1]],714,304,748,351
134924,0,16,41,[7, 12, 10, 2, 1, 4],[[2, 1], [3, 1], [1, 2], [1, 3], [2, 2], [3, 3]],706,328,748,351
134981,0,16,41,[7, 12, 10, 2, 1, 4],[[2, 1], [3, 1], [1, 2], [1, 3], [2, 2], [3, 3]],705,350,749,351
135040,0,16,41,[7, 12, 10, 2, 1, 4],[[2, 1], [3, 1], [1, 2], [1, 3], [2, 2], [3, 3]],714,341,767,344
135097,0,16,41,[7, 12, 10, 2, 1, 4],[[2, 1], [3, 1], [1, 2], [1, 3], [2, 2], [3, 3]],699,352,771,338
135150,0,16,41,[7, 12, 10, 2, 1, 4],[[2, 1], [3, 1], [1, 2], [1, 3], [2, 2], [3, 3]],705,332,767,335
135198,0,16,41,[7, 12, 10, 2, 1, 4],[[2, 1], [3, 1], [1, 2], [1, 3], [2, 2], [3, 3]],704,319,764,334
135251,0,16,41,[7, 12, 10, 2, 1, 4],[[2, 1], [3, 1], [1, 2], [1, 3], [2, 2], [3, 3]],681,329,764,334
135294,0,16,41,[7, 12, 10, 2, 1, 4],[[2, 1], [3, 1], [1, 2], [1, 3], [2, 2], [3, 3]],712,357,764,334
135334,0,16,41,[7, 12, 10, 2, 1, 4],[[2, 1], [3, 1], [1, 2], [1, 3], [2, 2], [3, 3]],700,331,764,334
135378,0,16,41,[7, 12, 10, 2, 1, 4],[[2, 1], [3, 1], [1, 2], [1, 3], [2, 2], [3, 3]],708,323,759,333
135441,0,16,41,[7, 12, 10, 2, 1, 4],[[2, 1], [3, 1], [1, 2], [1, 3], [2, 2], [3, 3]],694,326,755,357
135495,0,16,41,[7, 12, 10, 2, 1, 4],[[2, 1], [3, 1], [1, 2], [1, 3], [2, 2], [3, 3]],695,353,752,366
135554,0,16,41,[7, 12, 10, 2, 1, 4],[[2, 1], [3, 1], [1, 2], [1, 3], [2, 2], [3, 3]],686,348,751,368
135613,0,16,41,[7, 12, 10, 2, 1, 4],[[2, 1], [3, 1], [1, 2], [1, 3], [2, 2], [3, 3]],712,351,749,373
135666,0,16,41,[7, 12, 10, 2, 1, 4],[[2, 1], [3, 1], [1, 2], [1, 3], [2, 2], [3, 3]],672,370,749,374
135735,0,16,41,[7, 12, 10, 2, 1, 4],[[2, 1], [3, 1], [1, 2], [1, 3], [2, 2], [3, 3]],651,360,743,376
135794,0,16,41,[7, 12, 10, 2, 1, 4],[[2, 1], [3, 1], [1, 2], [1, 3], [2, 2], [3, 3]],648,358,738,376
135850,0,16,41,[7, 12, 10, 2, 1, 4],[[2, 1], [3, 1], [1, 2], [1, 3], [2, 2], [3, 3]],619,362,735,376
135914,0,16,41,[7, 12, 10, 2, 1, 4],[[2, 1], [3, 1], [1, 2], [1, 3], [2, 2], [3, 3]],622,376,733,376
135972,0,16,41,[7, 12, 10, 2, 1, 4],[[2, 1], [3, 1], [1, 2], [1, 3], [2, 2], [3, 3]],589,381,728,376
136037,0,16,41,[7, 12, 10, 2, 1, 4],[[2, 1], [3, 1], [1, 2], [1, 3], [2, 2], [3, 3]],570,364,694,376
136103,0,16,41,[7, 12, 10, 2, 1, 4],[[2, 1], [3, 1], [1, 2], [1, 3], [2, 2], [3, 3]],557,334,683,376
136163,0,16,41,[7, 12, 10, 2, 1, 4],[[2, 1], [3, 1], [1, 2], [1, 3], [2, 2], [3, 3]],573,340,660,376
136225,0,16,41,[7, 12, 10, 2, 1, 4],[[2, 1], [3, 1], [1, 2], [1, 3], [2, 2], [3, 3]],566,340,631,374
136299,0,16,41,[7, 12, 10, 2, 1, 4],[[2, 1], [3, 1], [1, 2], [1, 3], [2, 2], [3, 3]],538,348,621,371
136381,0,16,41,[7, 12, 10, 2, 1, 4],[[2, 1], [3, 1], [1, 2], [1, 3], [2, 2], [3, 3]],537,346,618,369
136445,0,16,41,[7, 12, 10, 2, 1, 4],[[2, 1], [3, 1], [1, 2], [1, 3], [2, 2], [3, 3]],557,347,594,346
136495,0,16,41,[7, 12, 10, 2, 1, 4],[[2, 1], [3, 1], [1, 2], [1, 3], [2, 2], [3, 3]],569,359,576,326
136555,0,16,41,[7, 12, 10, 2, 1, 4],[[2, 1], [3, 1], [1, 2], [1, 3], [2, 2], [3, 3]],564,340,563,313
136623,0,16,41,[7, 12, 10, 2, 1, 4],[[2, 1], [3, 1], [1, 2], [1, 3], [2, 2], [3, 3]],543,325,562,313
136688,0,16,41,[7, 12, 10, 2, 1, 4],[[2, 1], [3, 1], [1, 2], [1, 3], [2, 2], [3, 3]],543,314,555,319
136742,0,16,41,[7, 12, 10, 2, 1, 4],[[2, 1], [3, 1], [1, 2], [1, 3], [2, 2], [3, 3]],549,318,549,325
136791,0,16,41,[7, 12, 10, 2, 1, 4],[[2, 1], [3, 1], [1, 2], [1, 3], [2, 2], [3, 3]],515,308,548,328
136839,0,16,41,[7, 12, 10, 2, 1, 4],[[2, 1], [3, 1], [1, 2], [1, 3], [2, 2], [3, 3]],521,301,548,335
136882,0,16,41,[7, 12, 10, 2, 1, 4],[[2, 1], [3, 1], [1, 2], [1, 3], [2, 2], [3, 3]],517,314,556,340
136932,0,16,41,[7, 12, 10, 2, 1, 4],[[2, 1], [3, 1], [1, 2], [1, 3], [2, 2], [3, 3]],501,285,565,342
136982,0,16,41,[7, 12, 10, 2, 1, 4],[[2, 1], [3, 1], [1, 2], [1, 3], [2, 2], [3, 3]],492,282,581,337
137041,0,16,41,[7, 12, 10, 2, 1, 4],[[2, 1], [3, 1], [1, 2], [1, 3], [2, 2], [3, 3]],501,272,604,318
137094,0,16,41,[7, 12, 10, 2, 1, 4],[[2, 1], [3, 1], [1, 2], [1, 3], [2, 2], [3, 3]],516,274,612,306
137146,0,16,41,[7, 12, 10, 2, 1, 4],[[2, 1], [3, 1], [1, 2], [1, 3], [2, 2], [3, 3]],532,256,609,299
137204,0,16,41,[7, 12, 10, 2, 1, 4],[[2, 1], [3, 1], [1, 2], [1, 3], [2, 2], [3, 3]],533,262,598,293
137247,0,16,41,[7, 12, 10, 2, 1, 4],[[2, 1], [3, 1], [1, 2], [1, 3], [2, 2], [3, 3]],520,250,588,286
137304,0,16,41,[7, 12, 10, 2, 1, 4],[[2, 1], [3, 1], [1, 2], [1, 3], [2, 2], [3, 3]],518,248,571,269
137342,0,16,41,[7, 12, 10, 2, 1, 4],[[2, 1], [3, 1], [1, 2], [1, 3], [2, 2], [3, 3]],519,287,568,265
137399,0,16,41,[7, 12, 10, 2, 1, 4],[[2, 1], [3, 1], [1, 2], [1, 3], [2, 2], [3, 3]],505,280,563,243
137452,0,16,41,[7, 12, 10, 2, 1, 4],[[2, 1], [3, 1], [1, 2], [1, 3], [2, 2], [3, 3]],495,273,561,228
137510,0,16,41,[7, 12, 10, 2, 1, 4],[[2, 1], [3, 1], [1, 2], [1, 3], [2, 2], [3, 3]],508,292,559,223
137569,0,16,41,[7, 12, 10, 2, 1, 4],[[2, 1], [3, 1], [1, 2], [1, 3], [2, 2], [3, 3]],485,299,558,221
137622,0,16,41,[7, 12, 10, 2, 1, 4],[[2, 1], [3, 1], [1, 2], [1, 3], [2, 2], [3, 3]],498,294,566,227
137676,0,16,41,[7, 12, 10, 2, 1, 4],[[2, 1], [3, 1], [1, 2], [1, 3], [2, 2], [3, 3]],499,315,571,247
137729,0,16,41,[7, 12, 10, 2, 1, 4],[[2, 1], [3, 1], [1, 2], [1, 3], [2, 2], [3, 3]],483,293,567,266
137791,0,16,41,[7, 12, 10, 2, 1, 4],[[2, 1], [3, 1], [1, 2], [1, 3], [2, 2], [3, 3]],495,293,564,274
137850,0,16,41,[7, 12, 10, 2, 1, 4],[[2, 1], [3, 1], [1, 2], [1, 3], [2, 2], [3, 3]],500,256,559,281
137910,0,16,41,[7, 12, 10, 2, 1, 4],[[2, 1], [3, 1], [1, 2], [1, 3], [2, 2], [3, 3]],478,265,546,294
137968,0,16,41,[7, 12, 10, 2, 1, 4],[[2, 1], [3, 1], [1, 2], [1, 3], [2, 2], [3, 3]],504,244,539,307
138010,0,16,41,[7, 12, 10, 2, 1, 4],[[2, 1], [3, 1], [1, 2], [1, 3], [2, 2], [3, 3]],502,258,532,310
138083,0,16,41,[7, 12, 10, 2, 1, 4],[[2, 1], [3, 1], [1, 2], [1, 3], [2, 2], [3, 3]],515,246,526,309
138161,0,16,41,[7, 12, 10, 2, 1, 4],[[2, 1], [3, 1], [1, 2], [1, 3], [2, 2], [3, 3]],520,258,521,307
138251,0,16,41,[7, 12, 10, 2, 1, 4],[[2, 1], [3, 1], [1, 2], [1, 3], [2, 2], [3, 3]],518,244,508,300
138343,0,16,41,[7, 12, 10, 2, 1, 4],[[2, 1], [3, 1], [1, 2], [1, 3], [2, 2], [3, 3]],504,228,508,296
138396,0,16,41,[7, 12, 10, 2, 1, 4],[[2, 1], [3, 1], [1, 2], [1, 3], [2, 2], [3, 3]],504,241,512,293
138467,0,16,41,[7, 12, 10, 2, 1, 4],[[2, 1], [3, 1], [1, 2], [1, 3], [2, 2], [3, 3]],486,232,517,288
138530,0,16,41,[7, 12, 10, 2, 1, 4],[[2, 1], [3, 1], [1, 2], [1, 3], [2, 2], [3, 3]],489,213,517,288
138603,0,16,41,[7, 12, 10, 2, 1, 4],[[2, 1], [3, 1], [1, 2], [1, 3], [2, 2], [3, 3]],485,198,522,287
138677,0,16,41,[7, 12, 10, 2, 1, 4],[[2, 1], [3, 1], [1, 2], [1, 3], [2, 2], [3, 3]],500,195,528,285
138737,0,16,41,[7, 12, 10, 2, 1, 4],[[2, 1], [3, 1], [1, 2], [1, 3], [2, 2], [3, 3]],478,207,531,252
138815,0,16,41,[7, 12, 10, 2, 1, 4],[[2, 1], [3, 1], [1, 2], [1, 3], [2, 2], [3, 3]],540,218,523,237
138860,0,16,41,[7, 12, 10, 2, 1, 4],[[2, 1], [3, 1], [1, 2], [1, 3], [2, 2], [3, 3]],540,214,511,228
138919,0,16,41,[7, 12, 10, 2, 1, 4],[[2, 1], [3, 1], [1, 2], [1, 3], [2, 2], [3, 3]],561,209,507,226
138986,0,17,10,[9, 6, 10, 2, 1, 4],[[1, 1], [2, 1], [1, 2], [1, 3], [2, 2], [3, 3]],572,236,498,218
139056,0,17,10,[9, 6, 10, 2, 1, 4],[[1, 1], [2, 1], [1, 2], [1, 3], [2, 2], [3, 3]],545,238,493,209
139113,0,17,10,[9, 6, 10, 2, 1, 4],[[1, 1], [2, 1], [1, 2], [1, 3], [2, 2], [3, 3]],554,242,490,203
139166,0,17,10,[9, 6, 10, 2, 1, 4],[[1, 1], [2, 1], [1, 2], [1, 3], [2, 2], [3, 3]],522,244,490,202
139220,0,17,10,[9, 6, 10, 2, 1, 4],[[1, 1], [2, 1], [1, 2], [1, 3], [2, 2], [3, 3]],539,241,501,201
139278,0,17,10,[9, 6, 10, 2, 1, 4],[[1, 1], [2, 1], [1, 2], [1, 3], [2, 2], [3, 3]],558,264,512,207
139333,0,17,10,[9, 6, 10, 2, 1, 4],[[1, 1], [2, 1], [1, 2], [1, 3], [2, 2], [3, 3]],562,292,543,232
139390,0,17,10,[9, 6, 10, 2, 1, 4],[[1, 1], [2, 1], [1, 2], [1, 3], [2, 2], [3, 3]],576,287,563,247
139439,0,17,10,[9, 6, 10, 2, 1, 4],[[1, 1], [2, 1], [1, 2], [1, 3], [2, 2], [3, 3]],568,325,575,258
139480,0,17,10,[9, 6, 10, 2, 1, 4],[[1, 1], [2, 1], [1, 2], [1, 3], [2, 2], [3, 3]],578,333,578,259
139557,0,17,10,[9, 6, 10, 2, 1, 4],[[1, 1], [2, 1], [1, 2], [1, 3], [2, 2], [3, 3]],581,338,590,264
139600,0,17,10,[9, 6, 10, 2, 1, 4],[[1, 1], [2, 1], [1, 2], [1, 3], [2, 2], [3, 3]],568,348,596,264
139659,0,17,10,[9, 6, 10, 2, 1, 4],[[1, 1], [2, 1], [1, 2], [1, 3], [2, 2], [3, 3]],595,373,601,265
139725,0,17,10,[9, 6, 10, 2, 1, 4],[[1, 1], [2, 1], [1, 2], [1, 3], [2, 2], [3, 3]],594,393,613,290
139774,0,17,10,[9, 6, 10, 2, 1, 4],[[1, 1], [2, 1], [1, 2], [1, 3], [2, 2], [3, 3]],574,427,605,319
139836,0,17,10,[9, 6, 10, 2, 1, 4],[[1, 1], [2, 1], [1, 2], [1, 3], [2, 2], [3, 3]],567,434,596,335
139892,0,17,10,[9, 6, 10, 2, 1, 4],[[1, 1], [2, 1], [1, 2], [1, 3], [2, 2], [3, 3]],598,436,593,353
139960,0,17,10,[9, 6, 10, 2, 1, 4],[[1, 1], [2, 1], [1, 2], [1, 3], [2, 2], [3, 3]],587,421,591,369
140022,0,17,10,[9, 6, 10, 2, 1, 4],[[1, 1], [2, 1], [1, 2], [1, 3], [2, 2], [3, 3]],592,435,591,379
140071,0,17,10,[9, 6, 10, 2, 1, 4],[[1, 1], [2, 1], [1, 2], [1, 3], [2, 2], [3, 3]],599,437,591,392
140113,0,17,10,[9, 6, 10, 2, 1, 4],[[1, 1], [2, 1], [1, 2], [1, 3], [2, 2], [3, 3]],614,434,591,405
140170,0,17,10,[9, 6, 10, 2, 1, 4],[[1, 1], [2, 1], [1, 2], [1, 3], [2, 2], [3, 3]],616,400,587,423
140227,0,17,10,[9, 6, 10, 2, 1, 4],[[1, 1], [2, 1], [1, 2], [1, 3], [2, 2], [3, 3]],617,407,586,429
140282,0,17,10,[9, 6, 10, 2, 1, 4],[[1, 1], [2, 1], [1, 2], [1, 3], [2, 2], [3, 3]],643,418,586,429
140343,0,17,10,[9, 6, 10, 2, 1, 4],[[1, 1], [2, 1], [1, 2], [1, 3], [2, 2], [3, 3]],644,388,584,432
140410,0,17,10,[9, 6, 10, 2, 1, 4],[[1, 1], [2, 1], [1, 2], [1, 3], [2, 2], [3, 3]],645,407,584,434
140472,0,17,10,[9, 6, 10, 2, 1, 4],[[1, 1], [2, 1], [1, 2], [1, 3], [2, 2], [3, 3]],647,416,584,430
140528,0,17,10,[9, 6, 10, 2, 1, 4],[[1, 1], [2, 1], [1, 2], [1, 3], [2, 2], [3, 3]],650,416,595,391
140580,0,17,10,[9, 6, 10, 2, 1, 4],[[1, 1], [2, 1], [1, 2], [1, 3], [2, 2], [3, 3]],646,398,617,388
140642,0,17,10,[9, 6, 10, 2, 1, 4],[[1, 1], [2, 1], [1, 2], [1, 3], [2, 2], [3, 3]],652,411,635,388
140704,0,17,10,[9, 6, 10, 2, 1, 4],[[1, 1], [2, 1], [1, 2], [1, 3], [2, 2], [3, 3]],637,435,672,365
140772,0,17,10,[9, 6, 10, 2, 1, 4],[[1, 1], [2, 1], [1, 2], [1, 3], [2, 2], [3, 3]],621,445,682,358
140853,0,17,10,[9, 6, 10, 2, 1, 4],[[1, 1], [2, 1], [1, 2], [1, 3], [2, 2], [3, 3]],627,469,684,355
140912,0,17,10,[9, 6, 10, 2, 1, 4],[[1, 1], [2, 1], [1, 2], [1, 3], [2, 2], [3, 3]],627,487,685,349
140968,0,17,10,[9, 6, 10, 2, 1, 4],[[1, 1], [2, 1], [1, 2], [1, 3], [2, 2], [3, 3]],624,478,685,349
141035,0,17,10,[9, 6, 10, 2, 1, 4],[[1, 1], [2, 1], [1, 2], [1, 3], [2, 2], [3, 3]],648,482,666,351
141100,0,17,10,[9, 6, 10, 2, 1, 4],[[1, 1], [2, 1], [1, 2], [1, 3], [2, 2], [3, 3]],624,484,657,355
141164,0,17,10,[9, 6, 10, 2, 1, 4],[[1, 1], [2, 1], [1, 2], [1, 3], [2, 2], [3, 3]],601,470,649,371
141226,0,17,10,[9, 6, 10, 2, 1, 4],[[1, 1], [2, 1], [1, 2], [1, 3], [2, 2], [3, 3]],581,479,645,390
141291,0,17,10,[9, 6, 10, 2, 1, 4],[[1, 1], [2, 1], [1, 2], [1, 3], [2, 2], [3, 3]],546,493,645,408
141360,0,17,10,[9, 6, 10, 2, 1, 4],[[1, 1], [2, 1], [1, 2], [1, 3], [2, 2], [3, 3]],589,491,648,416
141423,0,17,10,[9, 6, 10, 2, 1, 4],[[1, 1], [2, 1], [1, 2], [1, 3], [2, 2], [3, 3]],571,496,649,420
141483,0,17,10,[9, 6, 10, 2, 1, 4],[[1, 1], [2, 1], [1, 2], [1, 3], [2, 2], [3, 3]],561,494,635,432
141536,0,17,10,[9, 6, 10, 2, 1, 4],[[1, 1], [2, 1], [1, 2], [1, 3], [2, 2], [3, 3]],552,489,596,450
141594,0,17,10,[9, 6, 10, 2, 1, 4],[[1, 1], [2, 1], [1, 2], [1, 3], [2, 2], [3, 3]],565,477,577,460
141648,0,17,10,[9, 6, 10, 2, 1, 4],[[1, 1], [2, 1], [1, 2], [1, 3], [2, 2], [3, 3]],543,473,577,460
141706,0,17,10,[9, 6, 10, 2, 1, 4],[[1, 1], [2, 1], [1, 2], [1, 3], [2, 2], [3, 3]],518,442,576,468
141770,0,17,10,[9, 6, 10, 2, 1, 4],[[1, 1], [2, 1], [1, 2], [1, 3], [2, 2], [3, 3]],507,467,570,478
141823,0,17,10,[9, 6, 10, 2, 1, 4],[[1, 1], [2, 1], [1, 2], [1, 3], [2, 2], [3, 3]],522,471,566,480
141887,0,17,10,[9, 6, 10, 2, 1, 4],[[1, 1], [2, 1], [1, 2], [1, 3], [2, 2], [3, 3]],508,489,562,481
141945,0,17,10,[9, 6, 10, 2, 1, 4],[[1, 1], [2, 1], [1, 2], [1, 3], [2, 2], [3, 3]],512,483,561,481
142003,0,17,10,[9, 6, 10, 2, 1, 4],[[1, 1], [2, 1], [1, 2], [1, 3], [2, 2], [3, 3]],494,505,542,472
142062,0,17,10,[9, 6, 10, 2, 1, 4],[[1, 1], [2, 1], [1, 2], [1, 3], [2, 2], [3, 3]],490,506,540,472
142112,0,17,10,[9, 6, 10, 2, 1, 4],[[1, 1], [2, 1], [1, 2], [1, 3], [2, 2], [3, 3]],468,514,533,476
142159,0,17,10,[9, 6, 10, 2, 1, 4],[[1, 1], [2, 1], [1, 2], [1, 3], [2, 2], [3, 3]],512,527,531,481
142228,0,17,10,[9, 6, 10, 2, 1, 4],[[1, 1], [2, 1], [1, 2], [1, 3], [2, 2], [3, 3]],518,550,523,488
142276,0,17,10,[9, 6, 10, 2, 1, 4],[[1, 1], [2, 1], [1, 2], [1, 3], [2, 2], [3, 3]],497,553,513,494
142346,0,17,10,[9, 6, 10, 2, 1, 4],[[1, 1], [2, 1], [1, 2], [1, 3], [2, 2], [3, 3]],497,552,506,503
142400,0,17,10,[9, 6, 10, 2, 1, 4],[[1, 1], [2, 1], [1, 2], [1, 3], [2, 2], [3, 3]],510,507,504,506
142438,0,17,10,[9, 6, 10, 2, 1, 4],[[1, 1], [2, 1], [1, 2], [1, 3], [2, 2], [3, 3]],506,494,496,512
142495,0,17,10,[9, 6, 10, 2, 1, 4],[[1, 1], [2, 1], [1, 2], [1, 3], [2, 2], [3, 3]],529,493,485,522
142574,0,17,10,[9, 6, 10, 2, 1, 4],[[1, 1], [2, 1], [1, 2], [1, 3], [2, 2], [3, 3]],574,497,480,531
142621,0,17,10,[9, 6, 10, 2, 1, 4],[[1, 1], [2, 1], [1, 2], [1, 3], [2, 2], [3, 3]],569,504,480,533
142662,0,17,10,[9, 6, 10, 2, 1, 4],[[1, 1], [2, 1], [1, 2], [1, 3], [2, 2], [3, 3]],549,516,481,536
142712,0,17,10,[9, 6, 10, 2, 1, 4],[[1, 1], [2, 1], [1, 2], [1, 3], [2, 2], [3, 3]],568,521,485,536
142761,0,17,10,[9, 6, 10, 2, 1, 4],[[1, 1], [2, 1], [1, 2], [1, 3], [2, 2], [3, 3]],581,548,494,532
142818,0,17,10,[9, 6, 10, 2, 1, 4],[[1, 1], [2, 1], [1, 2], [1, 3], [2, 2], [3, 3]],597,537,544,499
142856,0,17,10,[9, 6, 10, 2, 1, 4],[[1, 1], [2, 1], [1, 2], [1, 3], [2, 2], [3, 3]],576,549,552,496
142919,0,17,10,[9, 6, 10, 2, 1, 4],[[1, 1], [2, 1], [1, 2], [1, 3], [2, 2], [3, 3]],575,548,555,496
142984,0,17,10,[9, 6, 10, 2, 1, 4],[[1, 1], [2, 1], [1, 2], [1, 3], [2, 2], [3, 3]],555,557,591,498
143045,0,18,20,[9, 6, 11, 3, 5, 8],[[1, 1], [2, 1], [3, 2], [3, 3], [2, 2], [3, 1]],572,566,647,498
154272,1,18,20,[9, 6, 11, 3, 5, 8],[[1, 1], [2, 1], [3, 2], [3, 3], [2, 2], [3, 1]],959,562,960,539
154336,1,18,20,[9, 6, 11, 3, 5, 8],[[1, 1], [2, 1], [3, 2], [3, 3], [2, 2], [3, 1]],974,562,960,539
154393,1,18,20,[9, 6, 11, 3, 5, 8],[[1, 1], [2, 1], [3, 2], [3, 3], [2, 2], [3, 1]],961,574,960,539
154447,1,18,20,[9, 6, 11, 3, 5, 8],[[1, 1], [2, 1], [3, 2], [3, 3], [2, 2], [3, 1]],949,595,960,539
154515,1,18,20,[9, 6, 11, 3, 5, 8],[[1, 1], [2, 1], [3, 2], [3, 3], [2, 2], [3, 1]],975,581,960,539
154608,1,18,20,[9, 6, 11, 3, 5, 8],[[1, 1], [2, 1], [3, 2], [3, 3], [2, 2], [3, 1]],1008,581,960,539
154674,1,18,20,[9, 6, 11, 3, 5, 8],[[1, 1], [2, 1], [3, 2], [3, 3], [2, 2], [3, 1]],1017,553,960,539
154738,1,18,20,[9, 6, 11, 3, 5, 8],[[1, 1], [2, 1], [3, 2], [3, 3], [2, 2], [3, 1]],1017,563,960,539
154793,1,18,20,[9, 6, 11, 3, 5, 8],[[1, 1], [2, 1], [3, 2], [3, 3], [2, 2], [3, 1]],1041,578,960,539
154875,1,18,20,[9, 6, 11, 3, 5, 8],[[1, 1], [2, 1], [3, 2], [3, 3], [2, 2], [3, 1]],1042,579,960,539
154942,1,18,20,[9, 6, 11, 3, 5, 8],[[1, 1], [2, 1], [3, 2], [3, 3], [2, 2], [3, 1]],1041,573,960,539
154998,1,18,20,[9, 6, 11, 3, 5, 8],[[1, 1], [2, 1], [3, 2], [3, 3], [2, 2], [3, 1]],998,562,960,539
155059,1,18,20,[9, 6, 11, 3, 5, 8],[[1, 1], [2, 1], [3, 2], [3, 3], [2, 2], [3, 1]],1011,586,1077,588
155120,1,18,20,[9, 6, 11, 3, 5, 8],[[1, 1], [2, 1], [3, 2], [3, 3], [2, 2], [3, 1]],1018,619,1077,589
155181,1,18,20,[9, 6, 11, 3, 5, 8],[[1, 1], [2, 1], [3, 2], [3, 3], [2, 2], [3, 1]],1022,643,1077,561
155240,1,18,20,[9, 6, 11, 3, 5, 8],[[1, 1], [2, 1], [3, 2], [3, 3], [2, 2], [3, 1]],1020,645,1064,548
155298,1,19,63,[7, 12, 11, 3, 5, 8],[[2, 1], [3, 1], [1, 1], [1, 2], [2, 3], [3, 2]],1043,648,968,514
155352,1,19,63,[7, 12, 11, 3, 5, 8],[[2, 1], [3, 1], [1, 1], [1, 2], [2, 3], [3, 2]],1045,635,955,521
155405,1,19,63,[7, 12, 11, 3, 5, 8],[[2, 1], [3, 1], [1, 1], [1, 2], [2, 3], [3, 2]],1061,625,965,556
155454,1,19,63,[7, 12, 11, 3, 5, 8],[[2, 1], [3, 1], [1, 1], [1, 2], [2, 3], [3, 2]],1063,635,968,582
155513,1,19,63,[7, 12, 11, 3, 5, 8],[[2, 1], [3, 1], [1, 1], [1, 2], [2, 3], [3, 2]],1109,636,946,657
155566,1,19,63,[7, 12, 11, 3, 5, 8],[[2, 1], [3, 1], [1, 1], [1, 2], [2, 3], [3, 2]],1134,627,941,687
155627,1,19,63,[7, 12, 11, 3, 5, 8],[[2, 1], [3, 1], [1, 1], [1, 2], [2, 3], [3, 2]],1149,632,973,685
155705,1,19,63,[7, 12, 11, 3, 5, 8],[[2, 1], [3, 1], [1, 1], [1, 2], [2, 3], [3, 2]],1135,626,996,669
155788,1,19,63,[7, 12, 11, 3, 5, 8],[[2, 1], [3, 1], [1, 1], [1, 2], [2, 3], [3, 2]],1165,619,1063,653
155845,1,19,63,[7, 12, 11, 3, 5, 8],[[2, 1], [3, 1], [1, 1], [1, 2], [2, 3], [3, 2]],1160,615,1142,639
155905,1,19,63,[7, 12, 11, 3, 5, 8],[[2, 1], [3, 1], [1, 1], [1, 2], [2, 3], [3, 2]],1154,618,1143,626
155966,1,19,63,[7, 12, 11, 3, 5, 8],[[2, 1], [3, 1], [1, 1], [1, 2], [2, 3], [3, 2]],1147,606,1160,615
156043,1,19,63,[7, 12, 11, 3, 5, 8],[[2, 1], [3, 1], [1, 1], [1, 2], [2, 3], [3, 2]],1168,607,1154,617
156096,1,19,63,[7, 12, 11, 3, 5, 8],[[2, 1], [3, 1], [1, 1], [1, 2], [2, 3], [3, 2]],1174,619,1165,607
156160,1,19,63,[7, 12, 11, 3, 5, 8],[[2, 1], [3, 1], [1, 1], [1, 2], [2, 3], [3, 2]],1154,610,1196,595
156221,1,19,63,[7, 12, 11, 3, 5, 8],[[2, 1], [3, 1], [1, 1], [1, 2], [2, 3], [3, 2]],1170,626,1186,590
156290,1,19,63,[7, 12, 11, 3, 5, 8],[[2, 1], [3, 1], [1, 1], [1, 2], [2, 3], [3, 2]],1171,597,1162,580
156348,1,19,63,[7, 12, 11, 3, 5, 8],[[2, 1], [3, 1], [1, 1], [1, 2], [2, 3], [3, 2]],1172,573,1163,580
156405,1,19,63,[7, 12, 11, 3, 5, 8],[[2, 1], [3, 1], [1, 1], [1, 2], [2, 3], [3, 2]],1143,584,1185,589
156475,1,19,63,[7, 12, 11, 3, 5, 8],[[2, 1], [3, 1], [1, 1], [1, 2], [2, 3], [3, 2]],1139,557,1188,591
156527,1,19,63,[7, 12, 11, 3, 5, 8],[[2, 1], [3, 1], [1, 1], [1, 2], [2, 3], [3, 2]],1164,576,1192,592
156566,1,19,63,[7, 12, 11, 3, 5, 8],[[2, 1], [3, 1], [1, 1], [1, 2], [2, 3], [3, 2]],1178,573,1192,592
156623,1,19,63,[7, 12, 11, 3, 5, 8],[[2, 1], [3, 1], [1, 1], [1, 2], [2, 3], [3, 2]],1174,579,1192,592
156700,1,19,63,[7, 12, 11, 3, 5, 8],[[2, 1], [3, 1], [1, 1], [1, 2], [2, 3], [3, 2]],1145,564,1192,592
156748,1,19,63,[7, 12, 11, 3, 5, 8],[[2, 1], [3, 1], [1, 1], [1, 2], [2, 3], [3, 2]],1140,550,1186,577
156785,1,19,63,[7, 12, 11, 3, 5, 8],[[2, 1], [3, 1], [1, 1], [1, 2], [2, 3], [3, 2]],1131,561,1179,575
156848,1,19,63,[7, 12, 11, 3, 5, 8],[[2, 1], [3, 1], [1, 1], [1, 2], [2, 3], [3, 2]],1099,576,1180,576
156893,1,19,63,[7, 12, 11, 3, 5, 8],[[2, 1], [3, 1], [1, 1], [1, 2], [2, 3], [3, 2]],1109,612,1184,582
156943,1,19,63,[7, 12, 11, 3, 5, 8],[[2, 1], [3, 1], [1, 1], [1, 2], [2, 3], [3, 2]],1095,613,1180,582
157007,1,19,63,[7, 12, 11, 3, 5, 8],[[2, 1], [3, 1], [1, 1], [1, 2], [2, 3], [3, 2]],1118,614,1076,612
157063,1,19,63,[7, 12, 11, 3, 5, 8],[[2, 1], [3, 1], [1, 1], [1, 2], [2, 3], [3, 2]],1118,626,1076,612
157111,1,19,63,[7, 12, 11, 3, 5, 8],[[2, 1], [3, 1], [1, 1], [1, 2], [2, 3], [3, 2]],1136,626,1076,612
157165,1,19,63,[7, 12, 11, 3, 5, 8],[[2, 1], [3, 1], [1, 1], [1, 2], [2, 3], [3, 2]],1126,635,1076,612
157213,1,19,63,[7, 12, 11, 3, 5, 8],[[2, 1], [3, 1], [1, 1], [1, 2], [2, 3], [3, 2]],1125,659,1076,612
157266,1,19,63,[7, 12, 11, 3, 5, 8],[[2, 1], [3, 1], [1, 1], [1, 2], [2, 3], [3, 2]],1117,649,1076,612
157314,1,19,63,[7, 12, 11, 3, 5, 8],[[2, 1], [3, 1], [1, 1], [1, 2], [2, 3], [3, 2]],1098,674,1076,612
157372,1,19,63,[7, 12, 11, 3, 5, 8],[[2, 1], [3, 1], [1, 1], [1, 2], [2, 3], [3, 2]],1073,684,1076,612
157430,1,19,63,[7, 12, 11, 3, 5, 8],[[2, 1], [3, 1], [1, 1], [1, 2], [2, 3], [3, 2]],1108,674,1076,612
157488,1,19,63,[7, 12, 11, 3, 5, 8],[[2, 1], [3, 1], [1, 1], [1, 2], [2, 3], [3, 2]],1096,672,1076,612
157552,1,19,63,[7, 12, 11, 3, 5, 8],[[2, 1], [3, 1], [1, 1], [1, 2], [2, 3], [3, 2]],1097,648,1079,615
157627,1,19,63,[7, 12, 11, 3, 5, 8],[[2, 1], [3, 1], [1, 1], [1, 2], [2, 3], [3, 2]],1079,639,1083,606
157688,1,19,63,[7, 12, 11, 3, 5, 8],[[2, 1], [3, 1], [1, 1], [1, 2], [2, 3], [3, 2]],1078,642,1077,635
157729,1,19,63,[7, 12, 11, 3, 5, 8],[[2, 1], [3, 1], [1, 1], [1, 2], [2, 3], [3, 2]],1078,656,1082,657
157822,1,19,63,[7, 12, 11, 3, 5, 8],[[2, 1], [3, 1], [1, 1], [1, 2], [2, 3], [3, 2]],1056,672,1105,653
157880,1,19,63,[7, 12, 11, 3, 5, 8],[[2, 1], [3, 1], [1, 1], [1, 2], [2, 3], [3, 2]],1056,682,1112,657
157927,1,19,63,[7, 12, 11, 3, 5, 8],[[2, 1], [3, 1], [1, 1], [1, 2], [2, 3], [3, 2]],1074,676,1112,657
158000,1,19,63,[7, 12, 11, 3, 5, 8],[[2, 1], [3, 1], [1, 1], [1, 2], [2, 3], [3, 2]],1071,695,1115,636
158047,1,19,63,[7, 12, 11, 3, 5, 8],[[2, 1], [3, 1], [1, 1], [1, 2], [2, 3], [3, 2]],1075,666,1109,616
158106,1,19,63,[7, 12, 11, 3, 5, 8],[[2, 1], [3, 1], [1, 1], [1, 2], [2, 3], [3, 2]],1088,640,1103,608
158177,1,19,63,[7, 12, 11, 3, 5, 8],[[2, 1], [3, 1], [1, 1], [1, 2], [2, 3], [3, 2]],1079,648,1079,619
158242,1,19,63,[7, 12, 11, 3, 5, 8],[[2, 1], [3, 1], [1, 1], [1, 2], [2, 3], [3, 2]],1065,659,1025,683
158326,1,19,63,[7, 12, 11, 3, 5, 8],[[2, 1], [3, 1], [1, 1], [1, 2], [2, 3], [3, 2]],1075,644,1030,698
158369,1,19,63,[7, 12, 11, 3, 5, 8],[[2, 1], [3, 1], [1, 1], [1, 2], [2, 3], [3, 2]],1033,656,1031,698
158441,1,19,63,[7, 12, 11, 3, 5, 8],[[2, 1], [3, 1], [1, 1], [1, 2], [2, 3], [3, 2]],1014,677,1035,698
158527,1,19,63,[7, 12, 11, 3, 5, 8],[[2, 1], [3, 1], [1, 1], [1, 2], [2, 3], [3, 2]],1008,721,1036,698
158600,1,19,63,[7, 12, 11, 3, 5, 8],[[2, 1], [3, 1], [1, 1], [1, 2], [2, 3], [3, 2]],1013,725,1074,665
158668,1,19,63,[7, 12, 11, 3, 5, 8],[[2, 1], [3, 1], [1, 1], [1, 2], [2, 3], [3, 2]],1013,735,1075,663
158728,1,19,63,[7, 12, 11, 3, 5, 8],[[2, 1], [3, 1], [1, 1], [1, 2], [2, 3], [3, 2]],1015,740,1062,664
158795,1,19,63,[7, 12, 11, 3, 5, 8],[[2, 1], [3, 1], [1, 1], [1, 2], [2, 3], [3, 2]],1023,731,1038,678
158853,1,19,63,[7, 12, 11, 3, 5, 8],[[2, 1], [3, 1], [1, 1], [1, 2], [2, 3], [3, 2]],1018,718,1026,707
158925,1,19,63,[7, 12, 11, 3, 5, 8],[[2, 1], [3, 1], [1, 1], [1, 2], [2, 3], [3, 2]],1004,728,1021,763
158986,1,19,63,[7, 12, 11, 3, 5, 8],[[2, 1], [3, 1], [1, 1], [1, 2], [2, 3], [3, 2]],975,745,1015,798
159045,1,19,63,[7, 12, 11, 3, 5, 8],[[2, 1], [3, 1], [1, 1], [1, 2], [2, 3], [3, 2]],967,763,1014,801
159136,1,19,63,[7, 12, 11, 3, 5, 8],[[2, 1], [3, 1], [1, 1], [1, 2], [2, 3], [3, 2]],979,750,1081,747
159177,1,19,63,[7, 12, 11, 3, 5, 8],[[2, 1], [3, 1], [1, 1], [1, 2], [2, 3], [3, 2]],997,752,1091,732
159230,1,19,63,[7, 12, 11, 3, 5, 8],[[2, 1], [3, 1], [1, 1], [1, 2], [2, 3], [3, 2]],997,748,1085,730
159298,1,19,63,[7, 12, 11, 3, 5, 8],[[2, 1], [3, 1], [1, 1], [1, 2], [2, 3], [3, 2]],1004,768,1079,737
159356,1,20,135,[7, 12, 11, 3, 5, 8],[[2, 3], [3, 3], [3, 1], [3, 2], [1, 2], [2, 1]],1001,782,1077,738
159424,1,20,135,[7, 12, 11, 3, 5, 8],[[2, 3], [3, 3], [3, 1], [3, 2], [1, 2], [2, 1]],1006,809,1070,740
159477,1,20,135,[7, 12, 11, 3, 5, 8],[[2, 3], [3, 3], [3, 1], [3, 2], [1, 2], [2, 1]],982,830,1066,742
159531,1,20,135,[7, 12, 11, 3, 5, 8],[[2, 3], [3, 3], [3, 1], [3, 2], [1, 2], [2, 1]],967,827,1057,743
159580,1,20,135,[7, 12, 11, 3, 5, 8],[[2, 3], [3, 3], [3, 1], [3, 2], [1, 2], [2, 1]],954,818,1040,743
159634,1,20,135,[7, 12, 11, 3, 5, 8],[[2, 3], [3, 3], [3, 1], [3, 2], [1, 2], [2, 1]],967,800,1018,743
159687,1,20,135,[7, 12, 11, 3, 5, 8],[[2, 3], [3, 3], [3, 1], [3, 2], [1, 2], [2, 1]],950,807,1018,743
159741,1,20,135,[7, 12, 11, 3, 5, 8],[[2, 3], [3, 3], [3, 1], [3, 2], [1, 2], [2, 1]],949,795,980,763
159806,1,20,135,[7, 12, 11, 3, 5, 8],[[2, 3], [3, 3], [3, 1], [3, 2], [1, 2], [2, 1]],951,797,946,786
159855,1,20,135,[7, 12, 11, 3, 5, 8],[[2, 3], [3, 3], [3, 1], [3, 2], [1, 2], [2, 1]],948,789,939,791
159914,1,20,135,[7, 12, 11, 3, 5, 8],[[2, 3], [3, 3], [3, 1], [3, 2], [1, 2], [2, 1]],940,773,929,787
159957,1,20,135,[7, 12, 11, 3, 5, 8],[[2, 3], [3, 3], [3, 1], [3, 2], [1, 2], [2, 1]],941,774,923,786
160021,1,20,135,[7, 12, 11, 3, 5, 8],[[2, 3], [3, 3], [3, 1], [3, 2], [1, 2], [2, 1]],944,760,912,790
160072,1,20,135,[7, 12, 11, 3, 5, 8],[[2, 3], [3, 3], [3, 1], [3, 2], [1, 2], [2, 1]],954,795,912,798
160117,1,20,135,[7, 12, 11, 3, 5, 8],[[2, 3], [3, 3], [3, 1], [3, 2], [1, 2], [2, 1]],956,772,911,802
160169,1,20,135,[7, 12, 11, 3, 5, 8],[[2, 3], [3, 3], [3, 1], [3, 2], [1, 2], [2, 1]],979,775,911,803
160228,1,20,135,[7, 12, 11, 3, 5, 8],[[2, 3], [3, 3], [3, 1], [3, 2], [1, 2], [2, 1]],997,785,912,806
160287,1,20,135,[7, 12, 11, 3, 5, 8],[[2, 3], [3, 3], [3, 1], [3, 2], [1, 2], [2, 1]],993,802,917,807
160346,1,20,135,[7, 12, 11, 3, 5, 8],[[2, 3], [3, 3], [3, 1], [3, 2], [1, 2], [2, 1]],1012,793,928,808
160404,1,20,135,[7, 12, 11, 3, 5, 8],[[2, 3], [3, 3], [3, 1], [3, 2], [1, 2], [2, 1]],1012,775,932,808
160462,1,20,135,[7, 12, 11, 3, 5, 8],[[2, 3], [3, 3], [3, 1], [3, 2], [1, 2], [2, 1]],987,728,985,816
160516,1,20,135,[7, 12, 11, 3, 5, 8],[[2, 3], [3, 3], [3, 1], [3, 2], [1, 2], [2, 1]],996,711,1010,816
160569,1,20,135,[7, 12, 11, 3, 5, 8],[[2, 3], [3, 3], [3, 1], [3, 2], [1, 2], [2, 1]],1010,719,1011,816
160624,1,20,135,[7, 12, 11, 3, 5, 8],[[2, 3], [3, 3], [3, 1], [3, 2], [1, 2], [2, 1]],1010,719,1021,818
160689,1,20,135,[7, 12, 11, 3, 5, 8],[[2, 3], [3, 3], [3, 1], [3, 2], [1, 2], [2, 1]],1029,693,1054,808
160750,1,20,135,[7, 12, 11, 3, 5, 8],[[2, 3], [3, 3], [3, 1], [3, 2], [1, 2], [2, 1]],1049,715,1065,785
160808,1,20,135,[7, 12, 11, 3, 5, 8],[[2, 3], [3, 3], [3, 1], [3, 2], [1, 2], [2, 1]],1069,712,1057,764
160882,1,20,135,[7, 12, 11, 3, 5, 8],[[2, 3], [3, 3], [3, 1], [3, 2], [1, 2], [2, 1]],1099,737,1051,756
160937,1,20,135,[7, 12, 11, 3, 5, 8],[[2, 3], [3, 3], [3, 1], [3, 2], [1, 2], [2, 1]],1105,729,1046,750
161025,1,20,135,[7, 12, 11, 3, 5, 8],[[2, 3], [3, 3], [3, 1], [3, 2], [1, 2], [2, 1]],1082,739,1041,743
161098,1,20,135,[7, 12, 11, 3, 5, 8],[[2, 3], [3, 3], [3, 1], [3, 2], [1, 2], [2, 1]],1086,722,1038,735
161160,1,20,135,[7, 12, 11, 3, 5, 8],[[2, 3], [3, 3], [3, 1], [3, 2], [1, 2], [2, 1]],1074,724,1066,736
161219,1,20,135,[7, 12, 11, 3, 5, 8],[[2, 3], [3, 3], [3, 1], [3, 2], [1, 2], [2, 1]],1076,729,1100,735
161262,1,20,135,[7, 12, 11, 3, 5, 8],[[2, 3], [3, 3], [3, 1], [3, 2], [1, 2], [2, 1]],1061,735,1104,735
161311,1,20,135,[7, 12, 11, 3, 5, 8],[[2, 3], [3, 3], [3, 1], [3, 2], [1, 2], [2, 1]],1075,728,1112,733
161365,1,20,135,[7, 12, 11, 3, 5, 8],[[2, 3], [3, 3], [3, 1], [3, 2], [1, 2], [2, 1]],1065,719,1115,733
161437,1,20,135,[7, 12, 11, 3, 5, 8],[[2, 3], [3, 3], [3, 1], [3, 2], [1, 2], [2, 1]],1052,719,1114,729
161496,1,20,135,[7, 12, 11, 3, 5, 8],[[2, 3], [3, 3], [3, 1], [3, 2], [1, 2], [2, 1]],1056,719,1106,725
161539,1,20,135,[7, 12, 11, 3, 5, 8],[[2, 3], [3, 3], [3, 1], [3, 2], [1, 2], [2, 1]],1051,711,1098,725
161583,1,20,135,[7, 12, 11, 3, 5, 8],[[2, 3], [3, 3], [3, 1], [3, 2], [1, 2], [2, 1]],1052,725,1088,729
161654,1,20,135,[7, 12, 11, 3, 5, 8],[[2, 3], [3, 3], [3, 1], [3, 2], [1, 2], [2, 1]],1090,718,1082,729
161702,1,20,135,[7, 12, 11, 3, 5, 8],[[2, 3], [3, 3], [3, 1], [3, 2], [1, 2], [2, 1]],1061,698,1074,725
161749,1,20,135,[7, 12, 11, 3, 5, 8],[[2, 3], [3, 3], [3, 1], [3, 2], [1, 2], [2, 1]],1038,694,1067,724
161827,1,20,135,[7, 12, 11, 3, 5, 8],[[2, 3], [3, 3], [3, 1], [3, 2], [1, 2], [2, 1]],1044,699,1048,726
161896,1,20,135,[7, 12, 11, 3, 5, 8],[[2, 3], [3, 3], [3, 1], [3, 2], [1, 2], [2, 1]],1058,691,1045,726
161978,1,20,135,[7, 12, 11, 3, 5, 8],[[2, 3], [3, 3], [3, 1], [3, 2], [1, 2], [2, 1]],1049,671,1045,726
162038,1,20,135,[7, 12, 11, 3, 5, 8],[[2, 3], [3, 3], [3, 1], [3, 2], [1, 2], [2, 1]],1039,657,1045,726
162109,1,20,135,[7, 12, 11, 3, 5, 8],[[2, 3], [3, 3], [3, 1], [3, 2], [1, 2], [2, 1]],1059,661,1040,726
162154,1,20,135,[7, 12, 11, 3, 5, 8],[[2, 3], [3, 3], [3, 1], [3, 2], [1, 2], [2, 1]],1060,688,1029,721
162213,1,20,135,[7, 12, 11, 3, 5, 8],[[2, 3], [3, 3], [3, 1], [3, 2], [1, 2], [2, 1]],1101,713,1028,720
162261,1,20,135,[7, 12, 11, 3, 5, 8],[[2, 3], [3, 3], [3, 1], [3, 2], [1, 2], [2, 1]],1109,715,1029,714
162345,1,20,135,[7, 12, 11, 3, 5, 8],[[2, 3], [3, 3], [3, 1], [3, 2], [1, 2], [2, 1]],1104,719,1034,689
162412,1,20,135,[7, 12, 11, 3, 5, 8],[[2, 3], [3, 3], [3, 1], [3, 2], [1, 2], [2, 1]],1106,716,1041,686
162493,1,20,135,[7, 12, 11, 3, 5, 8],[[2, 3], [3, 3], [3, 1], [3, 2], [1, 2], [2, 1]],1122,715,1063,701
162559,1,20,135,[7, 12, 11, 3, 5, 8],[[2, 3], [3, 3], [3, 1], [3, 2], [1, 2], [2, 1]],1116,679,1097,705
162646,1,20,135,[7, 12, 11, 3, 5, 8],[[2, 3], [3, 3], [3, 1], [3, 2], [1, 2], [2, 1]],1124,688,1112,706
162694,1,20,135,[7, 12, 11, 3, 5, 8],[[2, 3], [3, 3], [3, 1], [3, 2], [1, 2], [2, 1]],1135,692,1113,707
162752,1,20,135,[7, 12, 11, 3, 5, 8],[[2, 3], [3, 3], [3, 1], [3, 2], [1, 2], [2, 1]],1095,709,1117,711
162797,1,20,135,[7, 12, 11, 3, 5, 8],[[2, 3], [3, 3], [3, 1], [3, 2], [1, 2], [2, 1]],1114,702,1117,711
162847,1,20,135,[7, 12, 11, 3, 5, 8],[[2, 3], [3, 3], [3, 1], [3, 2], [1, 2], [2, 1]],1115,682,1108,713
162890,1,20,135,[7, 12, 11, 3, 5, 8],[[2, 3], [3, 3], [3, 1], [3, 2], [1, 2], [2, 1]],1102,686,1105,713
162964,1,20,135,[7, 12, 11, 3, 5, 8],[[2, 3], [3, 3], [3, 1], [3, 2], [1, 2], [2, 1]],1087,637,1104,713
163007,1,20,135,[7, 12, 11, 3, 5, 8],[[2, 3], [3, 3], [3, 1], [3, 2], [1, 2], [2, 1]],1076,649,1104,712
163071,1,20,135,[7, 12, 11, 3, 5, 8],[[2, 3], [3, 3], [3, 1], [3, 2], [1, 2], [2, 1]],1076,638,1102,708
163127,1,20,135,[7, 12, 11, 3, 5, 8],[[2, 3], [3, 3], [3, 1], [3, 2], [1, 2], [2, 1]],1079,646,1102,697
163177,1,20,135,[7, 12, 11, 3, 5, 8],[[2, 3], [3, 3], [3, 1], [3, 2], [1, 2], [2, 1]],1071,656,1099,687
163247,1,20,135,[7, 12, 11, 3, 5, 8],[[2, 3], [3, 3], [3, 1], [3, 2], [1, 2], [2, 1]],1048,632,1098,661
163315,1,20,135,[7, 12, 11, 3, 5, 8],[[2, 3], [3, 3], [3, 1], [3, 2], [1, 2], [2, 1]],1055,633,1092,650
163366,1,20,135,[7, 12, 11, 3, 5, 8],[[2, 3], [3, 3], [3, 1], [3, 2], [1, 2], [2, 1]],1058,644,1086,645
163407,1,20,135,[7, 12, 11, 3, 5, 8],[[2, 3], [3, 3], [3, 1], [3, 2], [1, 2], [2, 1]],1105,627,1084,642
163455,1,21,129,[7, 12, 10, 2, 1, 4],[[2, 3], [3, 3], [1, 2], [1, 3], [1, 1], [2, 2]],1118,615,1082,641
163514,1,21,129,[7, 12, 10, 2, 1, 4],[[2, 3], [3, 3], [1, 2], [1, 3], [1, 1], [2, 2]],1145,611,1062,641
163561,1,21,129,[7, 12, 10, 2, 1, 4],[[2, 3], [3, 3], [1, 2], [1, 3], [1, 1], [2, 2]],1111,628,1055,641
163607,1,21,129,[7, 12, 10, 2, 1, 4],[[2, 3], [3, 3], [1, 2], [1, 3], [1, 1], [2, 2]],1156,639,1043,646
163653,1,21,129,[7, 12, 10, 2, 1, 4],[[2, 3], [3, 3], [1, 2], [1, 3], [1, 1], [2, 2]],1160,642,1039,650
163712,1,21,129,[7, 12, 10, 2, 1, 4],[[2, 3], [3, 3], [1, 2], [1, 3], [1, 1], [2, 2]],1184,655,1052,657
163775,1,21,129,[7, 12, 10, 2, 1, 4],[[2, 3], [3, 3], [1, 2], [1, 3], [1, 1], [2, 2]],1181,656,1084,666
163834,1,21,129,[7, 12, 10, 2, 1, 4],[[2, 3], [3, 3], [1, 2], [1, 3], [1, 1], [2, 2]],1182,670,1106,666
163893,1,21,129,[7, 12, 10, 2, 1, 4],[[2, 3], [3, 3], [1, 2], [1, 3], [1, 1], [2, 2]],1177,643,1126,666
163960,1,21,129,[7, 12, 10, 2, 1, 4],[[2, 3], [3, 3], [1, 2], [1, 3], [1, 1], [2, 2]],1182,637,1141,654
164013,1,21,129,[7, 12, 10, 2, 1, 4],[[2, 3], [3, 3], [1, 2], [1, 3], [1, 1], [2, 2]],1193,608,1161,654
164097,1,21,129,[7, 12, 10, 2, 1, 4],[[2, 3], [3, 3], [1, 2], [1, 3], [1, 1], [2, 2]],1180,627,1174,654
164147,1,21,129,[7, 12, 10, 2, 1, 4],[[2, 3], [3, 3], [1, 2], [1, 3], [1, 1], [2, 2]],1172,648,1174,654
164209,1,21,129,[7, 12, 10, 2, 1, 4],[[2, 3], [3, 3], [1, 2], [1, 3], [1, 1], [2, 2]],1173,625,1178,659
164268,1,21,129,[7, 12, 10, 2, 1, 4],[[2, 3], [3, 3], [1, 2], [1, 3], [1, 1], [2, 2]],1204,627,1182,662
164322,1,21,129,[7, 12, 10, 2, 1, 4],[[2, 3], [3, 3], [1, 2], [1, 3], [1, 1], [2, 2]],1223,623,1182,661
164424,1,21,129,[7, 12, 10, 2, 1, 4],[[2, 3], [3, 3], [1, 2], [1, 3], [1, 1], [2, 2]],1230,666,1149,629
164474,1,21,129,[7, 12, 10, 2, 1, 4],[[2, 3], [3, 3], [1, 2], [1, 3], [1, 1], [2, 2]],1234,647,1144,629
164543,1,21,129,[7, 12, 10, 2, 1, 4],[[2, 3], [3, 3], [1, 2], [1, 3], [1, 1], [2, 2]],1219,652,1139,632
164636,1,21,129,[7, 12, 10, 2, 1, 4],[[2, 3], [3, 3], [1, 2], [1, 3], [1, 1], [2, 2]],1213,640,1146,633
164722,1,21,129,[7, 12, 10, 2, 1, 4],[[2, 3], [3, 3], [1, 2], [1, 3], [1, 1], [2, 2]],1204,630,1159,634
164798,1,21,129,[7, 12, 10, 2, 1, 4],[[2, 3], [3, 3], [1, 2], [1, 3], [1, 1], [2, 2]],1196,643,1167,638
164868,1,21,129,[7, 12, 10, 2, 1, 4],[[2, 3], [3, 3], [1, 2], [1, 3], [1, 1], [2, 2]],1209,631,1187,649
164921,1,21,129,[7, 12, 10, 2, 1, 4],[[2, 3], [3, 3], [1, 2], [1, 3], [1, 1], [2, 2]],1186,644,1188,652
164967,1,21,129,[7, 12, 10, 2, 1, 4],[[2, 3], [3, 3], [1, 2], [1, 3], [1, 1], [2, 2]],1146,646,1194,656
165022,1,21,129,[7, 12, 10, 2, 1, 4],[[2, 3], [3, 3], [1, 2], [1, 3], [1, 1], [2, 2]],1147,635,1200,657
165066,1,21,129,[7, 12, 10, 2, 1, 4],[[2, 3], [3, 3], [1, 2], [1, 3], [1, 1], [2, 2]],1140,630,1205,658
165115,1,21,129,[7, 12, 10, 2, 1, 4],[[2, 3], [3, 3], [1, 2], [1, 3], [1, 1], [2, 2]],1173,612,1208,658
165188,1,21,129,[7, 12, 10, 2, 1, 4],[[2, 3], [3, 3], [1, 2], [1, 3], [1, 1], [2, 2]],1158,633,1208,658
165238,1,21,129,[7, 12, 10, 2, 1, 4],[[2, 3], [3, 3], [1, 2], [1, 3], [1, 1], [2, 2]],1135,617,1206,658
165293,1,21,129,[7, 12, 10, 2, 1, 4],[[2, 3], [3, 3], [1, 2], [1, 3], [1, 1], [2, 2]],1110,637,1202,660
165338,1,21,129,[7, 12, 10, 2, 1, 4],[[2, 3], [3, 3], [1, 2], [1, 3], [1, 1], [2, 2]],1127,625,1195,661
165378,1,21,129,[7, 12, 10, 2, 1, 4],[[2, 3], [3, 3], [1, 2], [1, 3], [1, 1], [2, 2]],1118,626,1193,662
165438,1,21,129,[7, 12, 10, 2, 1, 4],[[2, 3], [3, 3], [1, 2], [1, 3], [1, 1], [2, 2]],1113,650,1192,662
165497,1,21,129,[7, 12, 10, 2, 1, 4],[[2, 3], [3, 3], [1, 2], [1, 3], [1, 1], [2, 2]],1126,653,1192,662
165545,1,21,129,[7, 12, 10, 2, 1, 4],[[2, 3], [3, 3], [1, 2], [1, 3], [1, 1], [2, 2]],1144,669,1182,650
165603,1,21,129,[7, 12, 10, 2, 1, 4],[[2, 3], [3, 3], [1, 2], [1, 3], [1, 1], [2, 2]],1133,676,1178,644
165658,1,21,129,[7, 12, 10, 2, 1, 4],[[2, 3], [3, 3], [1, 2], [1, 3], [1, 1], [2, 2]],1099,661,1164,637
165711,1,21,129,[7, 12, 10, 2, 1, 4],[[2, 3], [3, 3], [1, 2], [1, 3], [1, 1], [2, 2]],1085,652,1161,637
165760,1,21,129,[7, 12, 10, 2, 1, 4],[[2, 3], [3, 3], [1, 2], [1, 3], [1, 1], [2, 2]],1079,626,1160,638
165818,1,21,129,[7, 12, 10, 2, 1, 4],[[2, 3], [3, 3], [1, 2], [1, 3], [1, 1], [2, 2]],1081,591,1154,676
165872,1,21,129,[7, 12, 10, 2, 1, 4],[[2, 3], [3, 3], [1, 2], [1, 3], [1, 1], [2, 2]],1066,585,1161,699
165940,1,21,129,[7, 12, 10, 2, 1, 4],[[2, 3], [3, 3], [1, 2], [1, 3], [1, 1], [2, 2]],1089,565,1151,704
165989,1,21,129,[7, 12, 10, 2, 1, 4],[[2, 3], [3, 3], [1, 2], [1, 3], [1, 1], [2, 2]],1053,559,1106,700
166052,1,21,129,[7, 12, 10, 2, 1, 4],[[2, 3], [3, 3], [1, 2], [1, 3], [1, 1], [2, 2]],1062,542,1071,696
166122,1,21,129,[7, 12, 10, 2, 1, 4],[[2, 3], [3, 3], [1, 2], [1, 3], [1, 1], [2, 2]],1072,561,1072,688
166185,1,21,129,[7, 12, 10, 2, 1, 4],[[2, 3], [3, 3], [1, 2], [1, 3], [1, 1], [2, 2]],1084,557,1066,663
166241,1,21,129,[7, 12, 10, 2, 1, 4],[[2, 3], [3, 3], [1, 2], [1, 3], [1, 1], [2, 2]],1099,580,1067,643
166315,1,21,129,[7, 12, 10, 2, 1, 4],[[2, 3], [3, 3], [1, 2], [1, 3], [1, 1], [2, 2]],1082,572,1063,631
166364,1,21,129,[7, 12, 10, 2, 1, 4],[[2, 3], [3, 3], [1, 2], [1, 3], [1, 1], [2, 2]],1080,562,1046,608
166460,1,21,129,[7, 12, 10, 2, 1, 4],[[2, 3], [3, 3], [1, 2], [1, 3], [1, 1], [2, 2]],1096,581,1043,603
166501,1,21,129,[7, 12, 10, 2, 1, 4],[[2, 3], [3, 3], [1, 2], [1, 3], [1, 1], [2, 2]],1118,587,1051,601
166572,1,21,129,[7, 12, 10, 2, 1, 4],[[2, 3], [3, 3], [1, 2], [1, 3], [1, 1], [2, 2]],1142,587,1083,608
166620,1,21,129,[7, 12, 10, 2, 1, 4],[[2, 3], [3, 3], [1, 2], [1, 3], [1, 1], [2, 2]],1135,592,1087,606
166673,1,21,129,[7, 12, 10, 2, 1, 4],[[2, 3], [3, 3], [1, 2], [1, 3], [1, 1], [2, 2]],1123,578,1092,603
166717,1,21,129,[7, 12, 10, 2, 1, 4],[[2, 3], [3, 3], [1, 2], [1, 3], [1, 1], [2, 2]],1146,581,1098,598
166771,1,21,129,[7, 12, 10, 2, 1, 4],[[2, 3], [3, 3], [1, 2], [1, 3], [1, 1], [2, 2]],1145,581,1098,598
166839,1,21,129,[7, 12, 10, 2, 1, 4],[[2, 3], [3, 3], [1, 2], [1, 3], [1, 1], [2, 2]],1153,568,1098,598
166894,1,21,129,[7, 12, 10, 2, 1, 4],[[2, 3], [3, 3], [1, 2], [1, 3], [1, 1], [2, 2]],1151,584,1098,598
166952,1,21,129,[7, 12, 10, 2, 1, 4],[[2, 3], [3, 3], [1, 2], [1, 3], [1, 1], [2, 2]],1153,611,1098,598
167035,1,21,129,[7, 12, 10, 2, 1, 4],[[2, 3], [3, 3], [1, 2], [1, 3], [1, 1], [2, 2]],1182,606,1110,592
167096,1,21,129,[7, 12, 10, 2, 1, 4],[[2, 3], [3, 3], [1, 2], [1, 3], [1, 1], [2, 2]],1203,603,1132,570
167146,1,21,129,[7, 12, 10, 2, 1, 4],[[2, 3], [3, 3], [1, 2], [1, 3], [1, 1], [2, 2]],1201,586,1143,549
167187,1,21,129,[7, 12, 10, 2, 1, 4],[[2, 3], [3, 3], [1, 2], [1, 3], [1, 1], [2, 2]],1198,622,1144,547
167230,1,21,129,[7, 12, 10, 2, 1, 4],[[2, 3], [3, 3], [1, 2], [1, 3], [1, 1], [2, 2]],1175,613,1153,555
167288,1,21,129,[7, 12, 10, 2, 1, 4],[[2, 3], [3, 3], [1, 2], [1, 3], [1, 1], [2, 2]],1168,618,1164,596
167331,1,21,129,[7, 12, 10, 2, 1, 4],[[2, 3], [3, 3], [1, 2], [1, 3], [1, 1], [2, 2]],1168,578,1168,611
167391,1,21,129,[7, 12, 10, 2, 1, 4],[[2, 3], [3, 3], [1, 2], [1, 3], [1, 1], [2, 2]],1161,584,1168,614
167449,1,21,129,[7, 12, 10, 2, 1, 4],[[2, 3], [3, 3], [1, 2], [1, 3], [1, 1], [2, 2]],1163,583,1167,621
167511,1,22,133,[7, 12, 10, 2, 5, 8],[[2, 3], [3, 3], [3, 1], [3, 2], [1, 2], [2, 1]],1179,602,1154,626
167576,1,22,133,[7, 12, 10, 2, 5, 8],[[2, 3], [3, 3], [3, 1], [3, 2], [1, 2], [2, 1]],1190,585,1147,628
167635,1,22,133,[7, 12, 10, 2, 5, 8],[[2, 3], [3, 3], [3, 1], [3, 2], [1, 2], [2, 1]],1184,585,1141,619
167683,1,22,133,[7, 12, 10, 2, 5, 8],[[2, 3], [3, 3], [3, 1], [3, 2], [1, 2], [2, 1]],1169,598,1142,608
167729,1,22,133,[7, 12, 10, 2, 5, 8],[[2, 3], [3, 3], [3, 1], [3, 2], [1, 2], [2, 1]],1182,592,1143,607
167789,1,22,133,[7, 12, 10, 2, 5, 8],[[2, 3], [3, 3], [3, 1], [3, 2], [1, 2], [2, 1]],1171,594,1143,606
167855,1,22,133,[7, 12, 10, 2, 5, 8],[[2, 3], [3, 3], [3, 1], [3, 2], [1, 2], [2, 1]],1149,609,1146,607
167930,1,22,133,[7, 12, 10, 2, 5, 8],[[2, 3], [3, 3], [3, 1], [3, 2], [1, 2], [2, 1]],1168,620,1147,607
167982,1,22,133,[7, 12, 10, 2, 5, 8],[[2, 3], [3, 3], [3, 1], [3, 2], [1, 2], [2, 1]],1170,626,1147,607
168045,1,22,133,[7, 12, 10, 2, 5, 8],[[2, 3], [3, 3], [3, 1], [3, 2], [1, 2], [2, 1]],1135,658,1147,607
168099,1,22,133,[7, 12, 10, 2, 5, 8],[[2, 3], [3, 3], [3, 1], [3, 2], [1, 2], [2, 1]],1152,667,1147,607
168139,1,22,133,[7, 12, 10, 2, 5, 8],[[2, 3], [3, 3], [3, 1], [3, 2], [1, 2], [2, 1]],1151,694,1147,607
168234,1,22,133,[7, 12, 10, 2, 5, 8],[[2, 3], [3, 3], [3, 1], [3, 2], [1, 2], [2, 1]],1181,684,1147,609
168285,1,22,133,[7, 12, 10, 2, 5, 8],[[2, 3], [3, 3], [3, 1], [3, 2], [1, 2], [2, 1]],1167,683,1150,637
168378,1,22,133,[7, 12, 10, 2, 5, 8],[[2, 3], [3, 3], [3, 1], [3, 2], [1, 2], [2, 1]],1190,681,1150,665
168467,1,22,133,[7, 12, 10, 2, 5, 8],[[2, 3], [3, 3], [3, 1], [3, 2], [1, 2], [2, 1]],1186,672,1145,686
168508,1,22,133,[7, 12, 10, 2, 5, 8],[[2, 3], [3, 3], [3, 1], [3, 2], [1, 2], [2, 1]],1201,668,1141,702
168559,1,22,133,[7, 12, 10, 2, 5, 8],[[2, 3], [3, 3], [3, 1], [3, 2], [1, 2], [2, 1]],1194,674,1141,708
168607,1,22,133,[7, 12, 10, 2, 5, 8],[[2, 3], [3, 3], [3, 1], [3, 2], [1, 2], [2, 1]],1179,696,1142,711
168661,1,22,133,[7, 12, 10, 2, 5, 8],[[2, 3], [3, 3], [3, 1], [3, 2], [1, 2], [2, 1]],1197,695,1150,715
168699,1,22,133,[7, 12, 10, 2, 5, 8],[[2, 3], [3, 3], [3, 1], [3, 2], [1, 2], [2, 1]],1192,737,1158,715
168756,1,22,133,[7, 12, 10, 2, 5, 8],[[2, 3], [3, 3], [3, 1], [3, 2], [1, 2], [2, 1]],1212,721,1177,705
168830,1,22,133,[7, 12, 10, 2, 5, 8],[[2, 3], [3, 3], [3, 1], [3, 2], [1, 2], [2, 1]],1217,723,1189,688
168887,1,22,133,[7, 12, 10, 2, 5, 8],[[2, 3], [3, 3], [3, 1], [3, 2], [1, 2], [2, 1]],1175,700,1189,688
168930,1,22,133,[7, 12, 10, 2, 5, 8],[[2, 3], [3, 3], [3, 1], [3, 2], [1, 2], [2, 1]],1168,704,1189,688
169014,1,22,133,[7, 12, 10, 2, 5, 8],[[2, 3], [3, 3], [3, 1], [3, 2], [1, 2], [2, 1]],1183,721,1190,688
169074,1,22,133,[7, 12, 10, 2, 5, 8],[[2, 3], [3, 3], [3, 1], [3, 2], [1, 2], [2, 1]],1200,732,1202,695
169142,1,22,133,[7, 12, 10, 2, 5, 8],[[2, 3], [3, 3], [3, 1], [3, 2], [1, 2], [2, 1]],1201,745,1211,701
169213,1,22,133,[7, 12, 10, 2, 5, 8],[[2, 3], [3, 3], [3, 1], [3, 2], [1, 2], [2, 1]],1199,738,1217,704
169269,1,22,133,[7, 12, 10, 2, 5, 8],[[2, 3], [3, 3], [3, 1], [3, 2], [1, 2], [2, 1]],1229,732,1214,704
169322,1,22,133,[7, 12, 10, 2, 5, 8],[[2, 3], [3, 3], [3, 1], [3, 2], [1, 2], [2, 1]],1204,730,1210,704
169375,1,22,133,[7, 12, 10, 2, 5, 8],[[2, 3], [3, 3], [3, 1], [3, 2], [1, 2], [2, 1]],1209,752,1205,705
169428,1,22,133,[7, 12, 10, 2, 5, 8],[[2, 3], [3, 3], [3, 1], [3, 2], [1, 2], [2, 1]],1214,749,1202,709
169480,1,22,133,[7, 12, 10, 2, 5, 8],[[2, 3], [3, 3], [3, 1], [3, 2], [1, 2], [2, 1]],1191,742,1202,709
169544,1,22,133,[7, 12, 10, 2, 5, 8],[[2, 3], [3, 3], [3, 1], [3, 2], [1, 2], [2, 1]],1188,750,1202,711
169607,1,22,133,[7, 12, 10, 2, 5, 8],[[2, 3], [3, 3], [3, 1], [3, 2], [1, 2], [2, 1]],1191,759,1204,714
169657,1,22,133,[7, 12, 10, 2, 5, 8],[[2, 3], [3, 3], [3, 1], [3, 2], [1, 2], [2, 1]],1205,759,1207,718
169715,1,22,133,[7, 12, 10, 2, 5, 8],[[2, 3], [3, 3], [3, 1], [3, 2], [1, 2], [2, 1]],1169,744,1208,718
169767,1,22,133,[7, 12, 10, 2, 5, 8],[[2, 3], [3, 3], [3, 1], [3, 2], [1, 2], [2, 1]],1149,725,1208,718
169821,1,22,133,[7, 12, 10, 2, 5, 8],[[2, 3], [3, 3], [3, 1], [3, 2], [1, 2], [2, 1]],1148,713,1202,722
169862,1,22,133,[7, 12, 10, 2, 5, 8],[[2, 3], [3, 3], [3, 1], [3, 2], [1, 2], [2, 1]],1162,718,1191,725
169919,1,22,133,[7, 12, 10, 2, 5, 8],[[2, 3], [3, 3], [3, 1], [3, 2], [1, 2], [2, 1]],1190,714,1181,726
169988,1,22,133,[7, 12, 10, 2, 5, 8],[[2, 3], [3, 3], [3, 1], [3, 2], [1, 2], [2, 1]],1210,704,1180,726
170035,1,22,133,[7, 12, 10, 2, 5, 8],[[2, 3], [3, 3], [3, 1], [3, 2], [1, 2], [2, 1]],1226,698,1158,730
170084,1,22,133,[7, 12, 10, 2, 5, 8],[[2, 3], [3, 3], [3, 1], [3, 2], [1, 2], [2, 1]],1246,699,1146,730
170138,1,22,133,[7, 12, 10, 2, 5, 8],[[2, 3], [3, 3], [3, 1], [3, 2], [1, 2], [2, 1]],1266,689,1142,729
170181,1,22,133,[7, 12, 10, 2, 5, 8],[[2, 3], [3, 3], [3, 1], [3, 2], [1, 2], [2, 1]],1280,694,1142,728
170243,1,22,133,[7, 12, 10, 2, 5, 8],[[2, 3], [3, 3], [3, 1], [3, 2], [1, 2], [2, 1]],1255,700,1142,728
170309,1,22,133,[7, 12, 10, 2, 5, 8],[[2, 3], [3, 3], [3, 1], [3, 2], [1, 2], [2, 1]],1259,706,1155,725
170367,1,22,133,[7, 12, 10, 2, 5, 8],[[2, 3], [3, 3], [3, 1], [3, 2], [1, 2], [2, 1]],1275,695,1191,715
170440,1,22,133,[7, 12, 10, 2, 5, 8],[[2, 3], [3, 3], [3, 1], [3, 2], [1, 2], [2, 1]],1266,694,1213,705
170526,1,22,133,[7, 12, 10, 2, 5, 8],[[2, 3], [3, 3], [3, 1], [3, 2], [1, 2], [2, 1]],1283,709,1223,700
170564,1,22,133,[7, 12, 10, 2, 5, 8],[[2, 3], [3, 3], [3, 1], [3, 2], [1, 2], [2, 1]],1272,708,1227,700
170621,1,22,133,[7, 12, 10, 2, 5, 8],[[2, 3], [3, 3], [3, 1], [3, 2], [1, 2], [2, 1]],1288,720,1238,708
170677,1,22,133,[7, 12, 10, 2, 5, 8],[[2, 3], [3, 3], [3, 1], [3, 2], [1, 2], [2, 1]],1285,741,1261,720
170730,1,22,133,[7, 12, 10, 2, 5, 8],[[2, 3], [3, 3], [3, 1], [3, 2], [1, 2], [2, 1]],1290,732,1261,720
170796,1,22,133,[7, 12, 10, 2, 5, 8],[[2, 3], [3, 3], [3, 1], [3, 2], [1, 2], [2, 1]],1306,722,1256,725
170850,1,22,133,[7, 12, 10, 2, 5, 8],[[2, 3], [3, 3], [3, 1], [3, 2], [1, 2], [2, 1]],1296,731,1243,728
170939,1,22,133,[7, 12, 10, 2, 5, 8],[[2, 3], [3, 3], [3, 1], [3, 2], [1, 2], [2, 1]],1331,722,1240,729
171005,1,22,133,[7, 12, 10, 2, 5, 8],[[2, 3], [3, 3], [3, 1], [3, 2], [1, 2], [2, 1]],1313,707,1240,729
171073,1,22,133,[7, 12, 10, 2, 5, 8],[[2, 3], [3, 3], [3, 1], [3, 2], [1, 2], [2, 1]],1311,678,1249,730
171138,1,22,133,[7, 12, 10, 2, 5, 8],[[2, 3], [3, 3], [3, 1], [3, 2], [1, 2], [2, 1]],1299,678,1260,728
171203,1,22,133,[7, 12, 10, 2, 5, 8],[[2, 3], [3, 3], [3, 1], [3, 2], [1, 2], [2, 1]],1297,703,1453,738
171259,1,22,133,[7, 12, 10, 2, 5, 8],[[2, 3], [3, 3], [3, 1], [3, 2], [1, 2], [2, 1]],1284,696,1571,736
171312,1,22,133,[7, 12, 10, 2, 5, 8],[[2, 3], [3, 3], [3, 1], [3, 2], [1, 2], [2, 1]],1301,708,1567,735
171386,1,22,133,[7, 12, 10, 2, 5, 8],[[2, 3], [3, 3], [3, 1], [3, 2], [1, 2], [2, 1]],1303,698,1549,724
171445,1,22,133,[7, 12, 10, 2, 5, 8],[[2, 3], [3, 3], [3, 1], [3, 2], [1, 2], [2, 1]],1289,702,1519,711
171507,1,22,133,[7, 12, 10, 2, 5, 8],[[2, 3], [3, 3], [3, 1], [3, 2], [1, 2], [2, 1]],1289,720,1466,719
171565,1,23,131,[7, 12, 11, 3, 1, 4],[[2, 3], [3, 3], [1, 2], [1, 3], [1, 1], [2, 2]],1315,727,1418,727
171618,1,23,131,[7, 12, 11, 3, 1, 4],[[2, 3], [3, 3], [1, 2], [1, 3], [1, 1], [2, 2]],1305,739,1407,727
171678,1,23,131,[7, 12, 11, 3, 1, 4],[[2, 3], [3, 3], [1, 2], [1, 3], [1, 1], [2, 2]],1323,752,1380,729
171741,1,23,131,[7, 12, 11, 3, 1, 4],[[2, 3], [3, 3], [1, 2], [1, 3], [1, 1], [2, 2]],1332,745,1315,729
171782,1,23,131,[7, 12, 11, 3, 1, 4],[[2, 3], [3, 3], [1, 2], [1, 3], [1, 1], [2, 2]],1331,758,1310,728
171838,1,23,131,[7, 12, 11, 3, 1, 4],[[2, 3], [3, 3], [1, 2], [1, 3], [1, 1], [2, 2]],1322,735,1309,728
171885,1,23,131,[7, 12, 11, 3, 1, 4],[[2, 3], [3, 3], [1, 2], [1, 3], [1, 1], [2, 2]],1331,744,1306,726
171943,1,23,131,[7, 12, 11, 3, 1, 4],[[2, 3], [3, 3], [1, 2], [1, 3], [1, 1], [2, 2]],1338,759,1286,717
171991,1,23,131,[7, 12, 11, 3, 1, 4],[[2, 3], [3, 3], [1, 2], [1, 3], [1, 1], [2, 2]],1334,758,1280,714
172038,1,23,131,[7, 12, 11, 3, 1, 4],[[2, 3], [3, 3], [1, 2], [1, 3], [1, 1], [2, 2]],1357,768,1281,714
172089,1,23,131,[7, 12, 11, 3, 1, 4],[[2, 3], [3, 3], [1, 2], [1, 3], [1, 1], [2, 2]],1373,756,1302,725
172137,1,23,131,[7, 12, 11, 3, 1, 4],[[2, 3], [3, 3], [1, 2], [1, 3], [1, 1], [2, 2]],1354,760,1307,729
172188,1,23,131,[7, 12, 11, 3, 1, 4],[[2, 3], [3, 3], [1, 2], [1, 3], [1, 1], [2, 2]],1352,738,1307,729
172231,1,23,131,[7, 12, 11, 3, 1, 4],[[2, 3], [3, 3], [1, 2], [1, 3], [1, 1], [2, 2]],1356,730,1307,729
172278,1,23,131,[7, 12, 11, 3, 1, 4],[[2, 3], [3, 3], [1, 2], [1, 3], [1, 1], [2, 2]],1347,737,1307,729
172329,1,23,131,[7, 12, 11, 3, 1, 4],[[2, 3], [3, 3], [1, 2], [1, 3], [1, 1], [2, 2]],1305,724,1308,729
172384,1,23,131,[7, 12, 11, 3, 1, 4],[[2, 3], [3, 3], [1, 2], [1, 3], [1, 1], [2, 2]],1301,741,1344,737
172426,1,23,131,[7, 12, 11, 3, 1, 4],[[2, 3], [3, 3], [1, 2], [1, 3], [1, 1], [2, 2]],1291,751,1347,737
172480,1,23,131,[7, 12, 11, 3, 1, 4],[[2, 3], [3, 3], [1, 2], [1, 3], [1, 1], [2, 2]],1275,749,1352,738
172540,1,23,131,[7, 12, 11, 3, 1, 4],[[2, 3], [3, 3], [1, 2], [1, 3], [1, 1], [2, 2]],1306,791,1360,738
172605,1,23,131,[7, 12, 11, 3, 1, 4],[[2, 3], [3, 3], [1, 2], [1, 3], [1, 1], [2, 2]],1319,795,1359,738
172669,1,23,131,[7, 12, 11, 3, 1, 4],[[2, 3], [3, 3], [1, 2], [1, 3], [1, 1], [2, 2]],1308,815,1340,749
172709,1,23,131,[7, 12, 11, 3, 1, 4],[[2, 3], [3, 3], [1, 2], [1, 3], [1, 1], [2, 2]],1292,815,1324,753
172770,1,23,131,[7, 12, 11, 3, 1, 4],[[2, 3], [3, 3], [1, 2], [1, 3], [1, 1], [2, 2]],1289,841,1304,760
172857,1,23,131,[7, 12, 11, 3, 1, 4],[[2, 3], [3, 3], [1, 2], [1, 3], [1, 1], [2, 2]],1284,829,1300,763
172939,1,23,131,[7, 12, 11, 3, 1, 4],[[2, 3], [3, 3], [1, 2], [1, 3], [1, 1], [2, 2]],1314,828,1308,777
173005,1,23,131,[7, 12, 11, 3, 1, 4],[[2, 3], [3, 3], [1, 2], [1, 3], [1, 1], [2, 2]],1328,815,1305,785
173088,1,23,131,[7, 12, 11, 3, 1, 4],[[2, 3], [3, 3], [1, 2], [1, 3], [1, 1], [2, 2]],1317,811,1299,794
173153,1,23,131,[7, 12, 11, 3, 1, 4],[[2, 3], [3, 3], [1, 2], [1, 3], [1, 1], [2, 2]],1329,807,1302,814
173203,1,23,131,[7, 12, 11, 3, 1, 4],[[2, 3], [3, 3], [1, 2], [1, 3], [1, 1], [2, 2]],1344,810,1306,822
173275,1,23,131,[7, 12, 11, 3, 1, 4],[[2, 3], [3, 3], [1, 2], [1, 3], [1, 1], [2, 2]],1339,817,1316,840
173333,1,23,131,[7, 12, 11, 3, 1, 4],[[2, 3], [3, 3], [1, 2], [1, 3], [1, 1], [2, 2]],1345,808,1316,845
173405,1,23,131,[7, 12, 11, 3, 1, 4],[[2, 3], [3, 3], [1, 2], [1, 3], [1, 1], [2, 2]],1360,771,1316,850
173468,1,23,131,[7, 12, 11, 3, 1, 4],[[2, 3], [3, 3], [1, 2], [1, 3], [1, 1], [2, 2]],1379,760,1314,851
173530,1,23,131,[7, 12, 11, 3, 1, 4],[[2, 3], [3, 3], [1, 2], [1, 3], [1, 1], [2, 2]],1408,771,1315,838
173598,1,23,131,[7, 12, 11, 3, 1, 4],[[2, 3], [3, 3], [1, 2], [1, 3], [1, 1], [2, 2]],1405,791,1344,814
173657,1,23,131,[7, 12, 11, 3, 1, 4],[[2, 3], [3, 3], [1, 2], [1, 3], [1, 1], [2, 2]],1375,769,1353,788
173720,1,23,131,[7, 12, 11, 3, 1, 4],[[2, 3], [3, 3], [1, 2], [1, 3], [1, 1], [2, 2]],1364,792,1382,744
173785,1,23,131,[7, 12, 11, 3, 1, 4],[[2, 3], [3, 3], [1, 2], [1, 3], [1, 1], [2, 2]],1380,776,1391,738
173847,1,23,131,[7, 12, 11, 3, 1, 4],[[2, 3], [3, 3], [1, 2], [1, 3], [1, 1], [2, 2]],1386,794,1403,739
173918,1,23,131,[7, 12, 11, 3, 1, 4],[[2, 3], [3, 3], [1, 2], [1, 3], [1, 1], [2, 2]],1387,799,1414,746
173977,1,23,131,[7, 12, 11, 3, 1, 4],[[2, 3], [3, 3], [1, 2], [1, 3], [1, 1], [2, 2]],1389,797,1415,755
174040,1,23,131,[7, 12, 11, 3, 1, 4],[[2, 3], [3, 3], [1, 2], [1, 3], [1, 1], [2, 2]],1395,784,1400,780
174102,1,23,131,[7, 12, 11, 3, 1, 4],[[2, 3], [3, 3], [1, 2], [1, 3], [1, 1], [2, 2]],1385,796,1392,790
174174,1,23,131,[7, 12, 11, 3, 1, 4],[[2, 3], [3, 3], [1, 2], [1, 3], [1, 1], [2, 2]],1394,787,1389,799
174239,1,23,131,[7, 12, 11, 3, 1, 4],[[2, 3], [3, 3], [1, 2], [1, 3], [1, 1], [2, 2]],1407,799,1390,802
174293,1,23,131,[7, 12, 11, 3, 1, 4],[[2, 3], [3, 3], [1, 2], [1, 3], [1, 1], [2, 2]],1394,807,1395,806
174360,1,23,131,[7, 12, 11, 3, 1, 4],[[2, 3], [3, 3], [1, 2], [1, 3], [1, 1], [2, 2]],1400,811,1397,808
174429,1,23,131,[7, 12, 11, 3, 1, 4],[[2, 3], [3, 3], [1, 2], [1, 3], [1, 1], [2, 2]],1379,822,1397,810
174486,1,23,131,[7, 12, 11, 3, 1, 4],[[2, 3], [3, 3], [1, 2], [1, 3], [1, 1], [2, 2]],1360,824,1397,810
174561,1,23,131,[7, 12, 11, 3, 1, 4],[[2, 3], [3, 3], [1, 2], [1, 3], [1, 1], [2, 2]],1393,844,1397,810
174616,1,23,131,[7, 12, 11, 3, 1, 4],[[2, 3], [3, 3], [1, 2], [1, 3], [1, 1], [2, 2]],1381,822,1397,810
174709,1,23,131,[7, 12, 11, 3, 1, 4],[[2, 3], [3, 3], [1, 2], [1, 3], [1, 1], [2, 2]],1395,831,1397,810
174768,1,23,131,[7, 12, 11, 3, 1, 4],[[2, 3], [3, 3], [1, 2], [1, 3], [1, 1], [2, 2]],1383,818,1387,814
174819,1,23,131,[7, 12, 11, 3, 1, 4],[[2, 3], [3, 3], [1, 2], [1, 3], [1, 1], [2, 2]],1364,825,1381,816
174883,1,23,131,[7, 12, 11, 3, 1, 4],[[2, 3], [3, 3], [1, 2], [1, 3], [1, 1], [2, 2]],1342,810,1379,816
174945,1,23,131,[7, 12, 11, 3, 1, 4],[[2, 3], [3, 3], [1, 2], [1, 3], [1, 1], [2, 2]],1344,829,1379,816
175017,1,23,131,[7, 12, 11, 3, 1, 4],[[2, 3], [3, 3], [1, 2], [1, 3], [1, 1], [2, 2]],1359,842,1379,816
175074,1,23,131,[7, 12, 11, 3, 1, 4],[[2, 3], [3, 3], [1, 2], [1, 3], [1, 1], [2, 2]],1347,843,1379,816
175135,1,23,131,[7, 12, 11, 3, 1, 4],[[2, 3], [3, 3], [1, 2], [1, 3], [1, 1], [2, 2]],1353,832,1379,816
175203,1,23,131,[7, 12, 11, 3, 1, 4],[[2, 3], [3, 3], [1, 2], [1, 3], [1, 1], [2, 2]],1329,846,1379,816
175263,1,23,131,[7, 12, 11, 3, 1, 4],[[2, 3], [3, 3], [1, 2], [1, 3], [1, 1], [2, 2]],1360,845,1378,816
175311,1,23,131,[7, 12, 11, 3, 1, 4],[[2, 3], [3, 3], [1, 2], [1, 3], [1, 1], [2, 2]],1358,868,1375,819
175363,1,23,131,[7, 12, 11, 3, 1, 4],[[2, 3], [3, 3], [1, 2], [1, 3], [1, 1], [2, 2]],1363,875,1375,820
175421,1,23,131,[7, 12, 11, 3, 1, 4],[[2, 3], [3, 3], [1, 2], [1, 3], [1, 1], [2, 2]],1360,868,1379,821
175479,1,23,131,[7, 12, 11, 3, 1, 4],[[2, 3], [3, 3], [1, 2], [1, 3], [1, 1], [2, 2]],1358,847,1380,823
175532,1,23,131,[7, 12, 11, 3, 1, 4],[[2, 3], [3, 3], [1, 2], [1, 3], [1, 1], [2, 2]],1345,842,1381,825
175590,1,23,131,[7, 12, 11, 3, 1, 4],[[2, 3], [3, 3], [1, 2], [1, 3], [1, 1], [2, 2]],1326,858,1383,827
175642,1,24,80,[9, 6, 11, 3, 1, 4],[[1, 3], [2, 3], [1, 1], [1, 2], [2, 1], [3, 2]],1324,853,1386,828
175696,1,24,80,[9, 6, 11, 3, 1, 4],[[1, 3], [2, 3], [1, 1], [1, 2], [2, 1], [3, 2]],1330,859,1387,829
175754,1,24,80,[9, 6, 11, 3, 1, 4],[[1, 3], [2, 3], [1, 1], [1, 2], [2, 1], [3, 2]],1333,884,1387,829
175812,1,24,80,[9, 6, 11, 3, 1, 4],[[1, 3], [2, 3], [1, 1], [1, 2], [2, 1], [3, 2]],1363,863,1377,829
175870,1,24,80,[9, 6, 11, 3, 1, 4],[[1, 3], [2, 3], [1, 1], [1, 2], [2, 1], [3, 2]],1361,867,1354,832
175932,1,24,80,[9, 6, 11, 3, 1, 4],[[1, 3], [2, 3], [1, 1], [1, 2], [2, 1], [3, 2]],1371,870,1337,840
175992,1,24,80,[9, 6, 11, 3, 1, 4],[[1, 3], [2, 3], [1, 1], [1, 2], [2, 1], [3, 2]],1366,867,1322,850
176050,1,24,80,[9, 6, 11, 3, 1, 4],[[1, 3], [2, 3], [1, 1], [1, 2], [2, 1], [3, 2]],1358,881,1316,856
176103,1,24,80,[9, 6, 11, 3, 1, 4],[[1, 3], [2, 3], [1, 1], [1, 2], [2, 1], [3, 2]],1327,876,1314,858
176161,1,24,80,[9, 6, 11, 3, 1, 4],[[1, 3], [2, 3], [1, 1], [1, 2], [2, 1], [3, 2]],1341,904,1303,869
176215,1,24,80,[9, 6, 11, 3, 1, 4],[[1, 3], [2, 3], [1, 1], [1, 2], [2, 1], [3, 2]],1345,902,1301,875
176268,1,24,80,[9, 6, 11, 3, 1, 4],[[1, 3], [2, 3], [1, 1], [1, 2], [2, 1], [3, 2]],1340,902,1302,877
176326,1,24,80,[9, 6, 11, 3, 1, 4],[[1, 3], [2, 3], [1, 1], [1, 2], [2, 1], [3, 2]],1320,925,1326,885
176385,1,24,80,[9, 6, 11, 3, 1, 4],[[1, 3], [2, 3], [1, 1], [1, 2], [2, 1], [3, 2]],1308,953,1337,888
176454,1,24,80,[9, 6, 11, 3, 1, 4],[[1, 3], [2, 3], [1, 1], [1, 2], [2, 1], [3, 2]],1339,947,1346,895
176516,1,24,80,[9, 6, 11, 3, 1, 4],[[1, 3], [2, 3], [1, 1], [1, 2], [2, 1], [3, 2]],1348,952,1364,898
176561,1,24,80,[9, 6, 11, 3, 1, 4],[[1, 3], [2, 3], [1, 1], [1, 2], [2, 1], [3, 2]],1371,950,1369,900
176629,1,24,80,[9, 6, 11, 3, 1, 4],[[1, 3], [2, 3], [1, 1], [1, 2], [2, 1], [3, 2]],1370,936,1376,906
176684,1,24,80,[9, 6, 11, 3, 1, 4],[[1, 3], [2, 3], [1, 1], [1, 2], [2, 1], [3, 2]],1389,929,1377,910
176722,1,24,80,[9, 6, 11, 3, 1, 4],[[1, 3], [2, 3], [1, 1], [1, 2], [2, 1], [3, 2]],1375,968,1372,913
176772,1,24,80,[9, 6, 11, 3, 1, 4],[[1, 3], [2, 3], [1, 1], [1, 2], [2, 1], [3, 2]],1381,964,1360,927
176827,1,24,80,[9, 6, 11, 3, 1, 4],[[1, 3], [2, 3], [1, 1], [1, 2], [2, 1], [3, 2]],1341,963,1358,935
176896,1,24,80,[9, 6, 11, 3, 1, 4],[[1, 3], [2, 3], [1, 1], [1, 2], [2, 1], [3, 2]],1352,924,1358,943
176969,1,24,80,[9, 6, 11, 3, 1, 4],[[1, 3], [2, 3], [1, 1], [1, 2], [2, 1], [3, 2]],1335,931,1359,945
177026,1,24,80,[9, 6, 11, 3, 1, 4],[[1, 3], [2, 3], [1, 1], [1, 2], [2, 1], [3, 2]],1327,942,1365,945
177063,1,24,80,[9, 6, 11, 3, 1, 4],[[1, 3], [2, 3], [1, 1], [1, 2], [2, 1], [3, 2]],1336,937,1379,945
177141,1,24,80,[9, 6, 11, 3, 1, 4],[[1, 3], [2, 3], [1, 1], [1, 2], [2, 1], [3, 2]],1334,923,1387,945
177198,1,24,80,[9, 6, 11, 3, 1, 4],[[1, 3], [2, 3], [1, 1], [1, 2], [2, 1], [3, 2]],1314,912,1387,945
177251,1,24,80,[9, 6, 11, 3, 1, 4],[[1, 3], [2, 3], [1, 1], [1, 2], [2, 1], [3, 2]],1328,902,1387,945
177304,1,24,80,[9, 6, 11, 3, 1, 4],[[1, 3], [2, 3], [1, 1], [1, 2], [2, 1], [3, 2]],1334,917,1387,945
177343,1,24,80,[9, 6, 11, 3, 1, 4],[[1, 3], [2, 3], [1, 1], [1, 2], [2, 1], [3, 2]],1341,928,1387,945
177402,1,24,80,[9, 6, 11, 3, 1, 4],[[1, 3], [2, 3], [1, 1], [1, 2], [2, 1], [3, 2]],1348,924,1383,946
177449,1,24,80,[9, 6, 11, 3, 1, 4],[[1, 3], [2, 3], [1, 1], [1, 2], [2, 1], [3, 2]],1374,939,1369,944
177489,1,24,80,[9, 6, 11, 3, 1, 4],[[1, 3], [2, 3], [1, 1], [1, 2], [2, 1], [3, 2]],1343,908,1367,943
177536,1,24,80,[9, 6, 11, 3, 1, 4],[[1, 3], [2, 3], [1, 1], [1, 2], [2, 1], [3, 2]],1340,881,1362,942
177591,1,24,80,[9, 6, 11, 3, 1, 4],[[1, 3], [2, 3], [1, 1], [1, 2], [2, 1], [3, 2]],1349,844,1359,941
177641,1,24,80,[9, 6, 11, 3, 1, 4],[[1, 3], [2, 3], [1, 1], [1, 2], [2, 1], [3, 2]],1354,820,1359,941
177709,1,24,80,[9, 6, 11, 3, 1, 4],[[1, 3], [2, 3], [1, 1], [1, 2], [2, 1], [3, 2]],1361,840,1359,941
177765,1,24,80,[9, 6, 11, 3, 1, 4],[[1, 3], [2, 3], [1, 1], [1, 2], [2, 1], [3, 2]],1392,819,1357,941
177837,1,24,80,[9, 6, 11, 3, 1, 4],[[1, 3], [2, 3], [1, 1], [1, 2], [2, 1], [3, 2]],1405,805,1356,941
177889,1,24,80,[9, 6, 11, 3, 1, 4],[[1, 3], [2, 3], [1, 1], [1, 2], [2, 1], [3, 2]],1398,792,1348,927
177959,1,24,80,[9, 6, 11, 3, 1, 4],[[1, 3], [2, 3], [1, 1], [1, 2], [2, 1], [3, 2]],1407,806,1340,889
178004,1,24,80,[9, 6, 11, 3, 1, 4],[[1, 3], [2, 3], [1, 1], [1, 2], [2, 1], [3, 2]],1391,808,1347,874
178083,1,24,80,[9, 6, 11, 3, 1, 4],[[1, 3], [2, 3], [1, 1], [1, 2], [2, 1], [3, 2]],1406,785,1385,823
178123,1,24,80,[9, 6, 11, 3, 1, 4],[[1, 3], [2, 3], [1, 1], [1, 2], [2, 1], [3, 2]],1407,803,1391,808
178200,1,24,80,[9, 6, 11, 3, 1, 4],[[1, 3], [2, 3], [1, 1], [1, 2], [2, 1], [3, 2]],1419,832,1394,735
178271,1,24,80,[9, 6, 11, 3, 1, 4],[[1, 3], [2, 3], [1, 1], [1, 2], [2, 1], [3, 2]],1423,809,1397,679
178361,1,24,80,[9, 6, 11, 3, 1, 4],[[1, 3], [2, 3], [1, 1], [1, 2], [2, 1], [3, 2]],1423,823,1399,673
178434,1,24,80,[9, 6, 11, 3, 1, 4],[[1, 3], [2, 3], [1, 1], [1, 2], [2, 1], [3, 2]],1434,814,1399,673
178499,1,24,80,[9, 6, 11, 3, 1, 4],[[1, 3], [2, 3], [1, 1], [1, 2], [2, 1], [3, 2]],1440,804,1411,687
178597,1,24,80,[9, 6, 11, 3, 1, 4],[[1, 3], [2, 3], [1, 1], [1, 2], [2, 1], [3, 2]],1420,817,1427,722
178651,1,24,80,[9, 6, 11, 3, 1, 4],[[1, 3], [2, 3], [1, 1], [1, 2], [2, 1], [3, 2]],1438,815,1418,756
178723,1,24,80,[9, 6, 11, 3, 1, 4],[[1, 3], [2, 3], [1, 1], [1, 2], [2, 1], [3, 2]],1414,784,1418,764
178759,1,24,80,[9, 6, 11, 3, 1, 4],[[1, 3], [2, 3], [1, 1], [1, 2], [2, 1], [3, 2]],1399,780,1418,764
178833,1,24,80,[9, 6, 11, 3, 1, 4],[[1, 3], [2, 3], [1, 1], [1, 2], [2, 1], [3, 2]],1437,797,1418,777
178904,1,24,80,[9, 6, 11, 3, 1, 4],[[1, 3], [2, 3], [1, 1], [1, 2], [2, 1], [3, 2]],1381,826,1423,794
178968,1,24,80,[9, 6, 11, 3, 1, 4],[[1, 3], [2, 3], [1, 1], [1, 2], [2, 1], [3, 2]],1393,825,1420,810
179034,1,24,80,[9, 6, 11, 3, 1, 4],[[1, 3], [2, 3], [1, 1], [1, 2], [2, 1], [3, 2]],1378,826,1416,818
179104,1,24,80,[9, 6, 11, 3, 1, 4],[[1, 3], [2, 3], [1, 1], [1, 2], [2, 1], [3, 2]],1368,831,1413,823
179166,1,24,80,[9, 6, 11, 3, 1, 4],[[1, 3], [2, 3], [1, 1], [1, 2], [2, 1], [3, 2]],1374,825,1413,824
179226,1,24,80,[9, 6, 11, 3, 1, 4],[[1, 3], [2, 3], [1, 1], [1, 2], [2, 1], [3, 2]],1376,837,1413,824
179279,1,24,80,[9, 6, 11, 3, 1, 4],[[1, 3], [2, 3], [1, 1], [1, 2], [2, 1], [3, 2]],1382,832,1411,824
179336,1,24,80,[9, 6, 11, 3, 1, 4],[[1, 3], [2, 3], [1, 1], [1, 2], [2, 1], [3, 2]],1393,841,1370,814
179379,1,24,80,[9, 6, 11, 3, 1, 4],[[1, 3], [2, 3], [1, 1], [1, 2], [2, 1], [3, 2]],1402,828,1359,806
179438,1,24,80,[9, 6, 11, 3, 1, 4],[[1, 3], [2, 3], [1, 1], [1, 2], [2, 1], [3, 2]],1394,833,1357,806
179485,1,24,80,[9, 6, 11, 3, 1, 4],[[1, 3], [2, 3], [1, 1], [1, 2], [2, 1], [3, 2]],1415,805,1354,806
179526,1,24,80,[9, 6, 11, 3, 1, 4],[[1, 3], [2, 3], [1, 1], [1, 2], [2, 1], [3, 2]],1386,836,1341,806
179573,1,24,80,[9, 6, 11, 3, 1, 4],[[1, 3], [2, 3], [1, 1], [1, 2], [2, 1], [3, 2]],1374,853,1335,808
179613,1,24,80,[9, 6, 11, 3, 1, 4],[[1, 3], [2, 3], [1, 1], [1, 2], [2, 1], [3, 2]],1360,848,1334,812
179661,1,25,123,[7, 12, 11, 3, 5, 8],[[2, 3], [3, 3], [1, 2], [1, 3], [2, 2], [3, 1]],1362,809,1341,818
179734,1,25,123,[7, 12, 11, 3, 5, 8],[[2, 3], [3, 3], [1, 2], [1, 3], [2, 2], [3, 1]],1368,829,1357,822
179780,1,25,123,[7, 12, 11, 3, 5, 8],[[2, 3], [3, 3], [1, 2], [1, 3], [2, 2], [3, 1]],1393,814,1383,822
179838,1,25,123,[7, 12, 11, 3, 5, 8],[[2, 3], [3, 3], [1, 2], [1, 3], [2, 2], [3, 1]],1382,807,1385,821
179886,1,25,123,[7, 12, 11, 3, 5, 8],[[2, 3], [3, 3], [1, 2], [1, 3], [2, 2], [3, 1]],1368,853,1389,821
179937,1,25,123,[7, 12, 11, 3, 5, 8],[[2, 3], [3, 3], [1, 2], [1, 3], [2, 2], [3, 1]],1359,856,1389,821
179996,1,25,123,[7, 12, 11, 3, 5, 8],[[2, 3], [3, 3], [1, 2], [1, 3], [2, 2], [3, 1]],1344,844,1389,821
180079,1,25,123,[7, 12, 11, 3, 5, 8],[[2, 3], [3, 3], [1, 2], [1, 3], [2, 2], [3, 1]],1316,855,1382,821
180140,1,25,123,[7, 12, 11, 3, 5, 8],[[2, 3], [3, 3], [1, 2], [1, 3], [2, 2], [3, 1]],1278,891,1380,813
180206,1,25,123,[7, 12, 11, 3, 5, 8],[[2, 3], [3, 3], [1, 2], [1, 3], [2, 2], [3, 1]],1269,929,1382,803
180258,1,25,123,[7, 12, 11, 3, 5, 8],[[2, 3], [3, 3], [1, 2], [1, 3], [2, 2], [3, 1]],1281,911,1380,802
180324,1,25,123,[7, 12, 11, 3, 5, 8],[[2, 3], [3, 3], [1, 2], [1, 3], [2, 2], [3, 1]],1257,898,1371,808
180379,1,25,123,[7, 12, 11, 3, 5, 8],[[2, 3], [3, 3], [1, 2], [1, 3], [2, 2], [3, 1]],1298,917,1356,819
180436,1,25,123,[7, 12, 11, 3, 5, 8],[[2, 3], [3, 3], [1, 2], [1, 3], [2, 2], [3, 1]],1318,890,1299,855
180514,1,25,123,[7, 12, 11, 3, 5, 8],[[2, 3], [3, 3], [1, 2], [1, 3], [2, 2], [3, 1]],1318,884,1280,882
180587,1,25,123,[7, 12, 11, 3, 5, 8],[[2, 3], [3, 3], [1, 2], [1, 3], [2, 2], [3, 1]],1339,875,1279,910
180668,1,25,123,[7, 12, 11, 3, 5, 8],[[2, 3], [3, 3], [1, 2], [1, 3], [2, 2], [3, 1]],1338,852,1275,938
180742,1,25,123,[7, 12, 11, 3, 5, 8],[[2, 3], [3, 3], [1, 2], [1, 3], [2, 2], [3, 1]],1330,869,1282,950
180806,1,25,123,[7, 12, 11, 3, 5, 8],[[2, 3], [3, 3], [1, 2], [1, 3], [2, 2], [3, 1]],1343,859,1321,953
180860,1,25,123,[7, 12, 11, 3, 5, 8],[[2, 3], [3, 3], [1, 2], [1, 3], [2, 2], [3, 1]],1325,858,1353,952
180925,1,25,123,[7, 12, 11, 3, 5, 8],[[2, 3], [3, 3], [1, 2], [1, 3], [2, 2], [3, 1]],1313,867,1364,949
180990,1,25,123,[7, 12, 11, 3, 5, 8],[[2, 3], [3, 3], [1, 2], [1, 3], [2, 2], [3, 1]],1322,850,1383,935
181053,1,25,123,[7, 12, 11, 3, 5, 8],[[2, 3], [3, 3], [1, 2], [1, 3], [2, 2], [3, 1]],1322,826,1383,916
181117,1,25,123,[7, 12, 11, 3, 5, 8],[[2, 3], [3, 3], [1, 2], [1, 3], [2, 2], [3, 1]],1298,847,1380,899
181191,1,25,123,[7, 12, 11, 3, 5, 8],[[2, 3], [3, 3], [1, 2], [1, 3], [2, 2], [3, 1]],1293,871,1364,893
181258,1,25,123,[7, 12, 11, 3, 5, 8],[[2, 3], [3, 3], [1, 2], [1, 3], [2, 2], [3, 1]],1307,880,1347,893
181311,1,25,123,[7, 12, 11, 3, 5, 8],[[2, 3], [3, 3], [1, 2], [1, 3], [2, 2], [3, 1]],1304,859,1331,893
181369,1,25,123,[7, 12, 11, 3, 5, 8],[[2, 3], [3, 3], [1, 2], [1, 3], [2, 2], [3, 1]],1341,861,1331,888
181422,1,25,123,[7, 12, 11, 3, 5, 8],[[2, 3], [3, 3], [1, 2], [1, 3], [2, 2], [3, 1]],1362,843,1330,870
181476,1,25,123,[7, 12, 11, 3, 5, 8],[[2, 3], [3, 3], [1, 2], [1, 3], [2, 2], [3, 1]],1359,840,1334,859
181534,1,25,123,[7, 12, 11, 3, 5, 8],[[2, 3], [3, 3], [1, 2], [1, 3], [2, 2], [3, 1]],1356,838,1334,859
181593,1,25,123,[7, 12, 11, 3, 5, 8],[[2, 3], [3, 3], [1, 2], [1, 3], [2, 2], [3, 1]],1359,831,1331,858
181651,1,25,123,[7, 12, 11, 3, 5, 8],[[2, 3], [3, 3], [1, 2], [1, 3], [2, 2], [3, 1]],1340,826,1331,858
181699,1,25,123,[7, 12, 11, 3, 5, 8],[[2, 3], [3, 3], [1, 2], [1, 3], [2, 2], [3, 1]],1354,823,1331,858
181753,1,25,123,[7, 12, 11, 3, 5, 8],[[2, 3], [3, 3], [1, 2], [1, 3], [2, 2], [3, 1]],1379,801,1363,858
181812,1,25,123,[7, 12, 11, 3, 5, 8],[[2, 3], [3, 3], [1, 2], [1, 3], [2, 2], [3, 1]],1355,783,1385,857
181871,1,25,123,[7, 12, 11, 3, 5, 8],[[2, 3], [3, 3], [1, 2], [1, 3], [2, 2], [3, 1]],1361,779,1393,855
181934,1,25,123,[7, 12, 11, 3, 5, 8],[[2, 3], [3, 3], [1, 2], [1, 3], [2, 2], [3, 1]],1387,780,1393,855
181983,1,25,123,[7, 12, 11, 3, 5, 8],[[2, 3], [3, 3], [1, 2], [1, 3], [2, 2], [3, 1]],1383,771,1393,855
182018,1,25,123,[7, 12, 11, 3, 5, 8],[[2, 3], [3, 3], [1, 2], [1, 3], [2, 2], [3, 1]],1388,769,1393,855
182081,1,25,123,[7, 12, 11, 3, 5, 8],[[2, 3], [3, 3], [1, 2], [1, 3], [2, 2], [3, 1]],1417,768,1390,855
182140,1,25,123,[7, 12, 11, 3, 5, 8],[[2, 3], [3, 3], [1, 2], [1, 3], [2, 2], [3, 1]],1417,784,1376,850
182199,1,25,123,[7, 12, 11, 3, 5, 8],[[2, 3], [3, 3], [1, 2], [1, 3], [2, 2], [3, 1]],1416,794,1363,825
182252,1,25,123,[7, 12, 11, 3, 5, 8],[[2, 3], [3, 3], [1, 2], [1, 3], [2, 2], [3, 1]],1395,785,1361,814
182306,1,25,123,[7, 12, 11, 3, 5, 8],[[2, 3], [3, 3], [1, 2], [1, 3], [2, 2], [3, 1]],1416,781,1358,802
182363,1,25,123,[7, 12, 11, 3, 5, 8],[[2, 3], [3, 3], [1, 2], [1, 3], [2, 2], [3, 1]],1419,801,1357,802
182428,1,25,123,[7, 12, 11, 3, 5, 8],[[2, 3], [3, 3], [1, 2], [1, 3], [2, 2], [3, 1]],1413,817,1357,802
182491,1,25,123,[7, 12, 11, 3, 5, 8],[[2, 3], [3, 3], [1, 2], [1, 3], [2, 2], [3, 1]],1414,812,1370,807
182545,1,25,123,[7, 12, 11, 3, 5, 8],[[2, 3], [3, 3], [1, 2], [1, 3], [2, 2], [3, 1]],1388,811,1379,813
182588,1,25,123,[7, 12, 11, 3, 5, 8],[[2, 3], [3, 3], [1, 2], [1, 3], [2, 2], [3, 1]],1395,778,1383,822
182665,1,25,123,[7, 12, 11, 3, 5, 8],[[2, 3], [3, 3], [1, 2], [1, 3], [2, 2], [3, 1]],1395,759,1394,840
182732,1,25,123,[7, 12, 11, 3, 5, 8],[[2, 3], [3, 3], [1, 2], [1, 3], [2, 2], [3, 1]],1394,774,1398,858
182797,1,25,123,[7, 12, 11, 3, 5, 8],[[2, 3], [3, 3], [1, 2], [1, 3], [2, 2], [3, 1]],1403,792,1402,872
182857,1,25,123,[7, 12, 11, 3, 5, 8],[[2, 3], [3, 3], [1, 2], [1, 3], [2, 2], [3, 1]],1404,808,1405,877
182903,1,25,123,[7, 12, 11, 3, 5, 8],[[2, 3], [3, 3], [1, 2], [1, 3], [2, 2], [3, 1]],1409,808,1413,885
182953,1,25,123,[7, 12, 11, 3, 5, 8],[[2, 3], [3, 3], [1, 2], [1, 3], [2, 2], [3, 1]],1398,830,1413,885
183027,1,25,123,[7, 12, 11, 3, 5, 8],[[2, 3], [3, 3], [1, 2], [1, 3], [2, 2], [3, 1]],1379,811,1416,886
183083,1,25,123,[7, 12, 11, 3, 5, 8],[[2, 3], [3, 3], [1, 2], [1, 3], [2, 2], [3, 1]],1407,832,1416,885
183167,1,25,123,[7, 12, 11, 3, 5, 8],[[2, 3], [3, 3], [1, 2], [1, 3], [2, 2], [3, 1]],1403,805,1416,883
183209,1,25,123,[7, 12, 11, 3, 5, 8],[[2, 3], [3, 3], [1, 2], [1, 3], [2, 2], [3, 1]],1437,804,1415,869
183278,1,25,123,[7, 12, 11, 3, 5, 8],[[2, 3], [3, 3], [1, 2], [1, 3], [2, 2], [3, 1]],1395,808,1416,867
183332,1,25,123,[7, 12, 11, 3, 5, 8],[[2, 3], [3, 3], [1, 2], [1, 3], [2, 2], [3, 1]],1400,819,1419,850
183396,1,25,123,[7, 12, 11, 3, 5, 8],[[2, 3], [3, 3], [1, 2], [1, 3], [2, 2], [3, 1]],1432,790,1420,822
183455,1,25,123,[7, 12, 11, 3, 5, 8],[[2, 3], [3, 3], [1, 2], [1, 3], [2, 2], [3, 1]],1396,804,1420,822
183491,1,25,123,[7, 12, 11, 3, 5, 8],[[2, 3], [3, 3], [1, 2], [1, 3], [2, 2], [3, 1]],1377,791,1420,822
183569,1,25,123,[7, 12, 11, 3, 5, 8],[[2, 3], [3, 3], [1, 2], [1, 3], [2, 2], [3, 1]],1372,775,1442,816
183633,1,25,123,[7, 12, 11, 3, 5, 8],[[2, 3], [3, 3], [1, 2], [1, 3], [2, 2], [3, 1]],1383,743,1460,806
183681,1,26,22,[9, 6, 10, 2, 1, 4],[[1, 1], [2, 1], [3, 2], [3, 3], [1, 2], [2, 3]],1379,734,1465,797
183740,1,26,22,[9, 6, 10, 2, 1, 4],[[1, 1], [2, 1], [3, 2], [3, 3], [1, 2], [2, 3]],1377,703,1469,776
183821,1,26,22,[9, 6, 10, 2, 1, 4],[[1, 1], [2, 1], [3, 2], [3, 3], [1, 2], [2, 3]],1372,716,1466,768
183898,1,26,22,[9, 6, 10, 2, 1, 4],[[1, 1], [2, 1], [3, 2], [3, 3], [1, 2], [2, 3]],1357,710,1459,762
183962,1,26,22,[9, 6, 10, 2, 1, 4],[[1, 1], [2, 1], [3, 2], [3, 3], [1, 2], [2, 3]],1357,704,1452,758
184040,1,26,22,[9, 6, 10, 2, 1, 4],[[1, 1], [2, 1], [3, 2], [3, 3], [1, 2], [2, 3]],1370,721,1447,755
184101,1,26,22,[9, 6, 10, 2, 1, 4],[[1, 1], [2, 1], [3, 2], [3, 3], [1, 2], [2, 3]],1390,737,1444,753
184151,1,26,22,[9, 6, 10, 2, 1, 4],[[1, 1], [2, 1], [3, 2], [3, 3], [1, 2], [2, 3]],1406,730,1443,753
184193,1,26,22,[9, 6, 10, 2, 1, 4],[[1, 1], [2, 1], [3, 2], [3, 3], [1, 2], [2, 3]],1377,719,1440,753
184280,1,26,22,[9, 6, 10, 2, 1, 4],[[1, 1], [2, 1], [3, 2], [3, 3], [1, 2], [2, 3]],1360,709,1436,753
184315,1,26,22,[9, 6, 10, 2, 1, 4],[[1, 1], [2, 1], [3, 2], [3, 3], [1, 2], [2, 3]],1366,701,1436,753
184385,1,26,22,[9, 6, 10, 2, 1, 4],[[1, 1], [2, 1], [3, 2], [3, 3], [1, 2], [2, 3]],1370,708,1433,755
184449,1,26,22,[9, 6, 10, 2, 1, 4],[[1, 1], [2, 1], [3, 2], [3, 3], [1, 2], [2, 3]],1386,735,1432,764
184486,1,26,22,[9, 6, 10, 2, 1, 4],[[1, 1], [2, 1], [3, 2], [3, 3], [1, 2], [2, 3]],1349,741,1431,766
184556,1,26,22,[9, 6, 10, 2, 1, 4],[[1, 1], [2, 1], [3, 2], [3, 3], [1, 2], [2, 3]],1347,739,1412,767
184595,1,26,22,[9, 6, 10, 2, 1, 4],[[1, 1], [2, 1], [3, 2], [3, 3], [1, 2], [2, 3]],1348,756,1396,763
184652,1,26,22,[9, 6, 10, 2, 1, 4],[[1, 1], [2, 1], [3, 2], [3, 3], [1, 2], [2, 3]],1346,752,1388,742
184745,1,26,22,[9, 6, 10, 2, 1, 4],[[1, 1], [2, 1], [3, 2], [3, 3], [1, 2], [2, 3]],1363,737,1376,721
184793,1,26,22,[9, 6, 10, 2, 1, 4],[[1, 1], [2, 1], [3, 2], [3, 3], [1, 2], [2, 3]],1383,772,1372,719
184845,1,26,22,[9, 6, 10, 2, 1, 4],[[1, 1], [2, 1], [3, 2], [3, 3], [1, 2], [2, 3]],1401,751,1364,718
184907,1,26,22,[9, 6, 10, 2, 1, 4],[[1, 1], [2, 1], [3, 2], [3, 3], [1, 2], [2, 3]],1420,760,1360,718
184962,1,26,22,[9, 6, 10, 2, 1, 4],[[1, 1], [2, 1], [3, 2], [3, 3], [1, 2], [2, 3]],1418,786,1360,718
185013,1,26,22,[9, 6, 10, 2, 1, 4],[[1, 1], [2, 1], [3, 2], [3, 3], [1, 2], [2, 3]],1431,812,1360,718
185067,1,26,22,[9, 6, 10, 2, 1, 4],[[1, 1], [2, 1], [3, 2], [3, 3], [1, 2], [2, 3]],1399,835,1386,732
185123,1,26,22,[9, 6, 10, 2, 1, 4],[[1, 1], [2, 1], [3, 2], [3, 3], [1, 2], [2, 3]],1422,841,1415,755
185179,1,26,22,[9, 6, 10, 2, 1, 4],[[1, 1], [2, 1], [3, 2], [3, 3], [1, 2], [2, 3]],1387,839,1430,756
185247,1,26,22,[9, 6, 10, 2, 1, 4],[[1, 1], [2, 1], [3, 2], [3, 3], [1, 2], [2, 3]],1394,846,1444,765
185299,1,26,22,[9, 6, 10, 2, 1, 4],[[1, 1], [2, 1], [3, 2], [3, 3], [1, 2], [2, 3]],1378,852,1449,797
185373,1,26,22,[9, 6, 10, 2, 1, 4],[[1, 1], [2, 1], [3, 2], [3, 3], [1, 2], [2, 3]],1386,874,1445,831
185418,1,26,22,[9, 6, 10, 2, 1, 4],[[1, 1], [2, 1], [3, 2], [3, 3], [1, 2], [2, 3]],1369,865,1440,836
185468,1,26,22,[9, 6, 10, 2, 1, 4],[[1, 1], [2, 1], [3, 2], [3, 3], [1, 2], [2, 3]],1390,886,1428,838
185538,1,26,22,[9, 6, 10, 2, 1, 4],[[1, 1], [2, 1], [3, 2], [3, 3], [1, 2], [2, 3]],1401,893,1410,838
185592,1,26,22,[9, 6, 10, 2, 1, 4],[[1, 1], [2, 1], [3, 2], [3, 3], [1, 2], [2, 3]],1403,893,1399,838
185656,1,26,22,[9, 6, 10, 2, 1, 4],[[1, 1], [2, 1], [3, 2], [3, 3], [1, 2], [2, 3]],1406,893,1397,836
185703,1,26,22,[9, 6, 10, 2, 1, 4],[[1, 1], [2, 1], [3, 2], [3, 3], [1, 2], [2, 3]],1408,896,1386,824
185738,1,26,22,[9, 6, 10, 2, 1, 4],[[1, 1], [2, 1], [3, 2], [3, 3], [1, 2], [2, 3]],1410,892,1385,823
185796,1,26,22,[9, 6, 10, 2, 1, 4],[[1, 1], [2, 1], [3, 2], [3, 3], [1, 2], [2, 3]],1401,901,1383,821
185855,1,26,22,[9, 6, 10, 2, 1, 4],[[1, 1], [2, 1], [3, 2], [3, 3], [1, 2], [2, 3]],1384,891,1383,821
185902,1,26,22,[9, 6, 10, 2, 1, 4],[[1, 1], [2, 1], [3, 2], [3, 3], [1, 2], [2, 3]],1393,888,1383,821
185943,1,26,22,[9, 6, 10, 2, 1, 4],[[1, 1], [2, 1], [3, 2], [3, 3], [1, 2], [2, 3]],1394,880,1383,821
185991,1,26,22,[9, 6, 10, 2, 1, 4],[[1, 1], [2, 1], [3, 2], [3, 3], [1, 2], [2, 3]],1389,847,1382,821
186031,1,26,22,[9, 6, 10, 2, 1, 4],[[1, 1], [2, 1], [3, 2], [3, 3], [1, 2], [2, 3]],1396,839,1384,822
186080,1,26,22,[9, 6, 10, 2, 1, 4],[[1, 1], [2, 1], [3, 2], [3, 3], [1, 2], [2, 3]],1399,834,1386,823
186127,1,26,22,[9, 6, 10, 2, 1, 4],[[1, 1], [2, 1], [3, 2], [3, 3], [1, 2], [2, 3]],1423,824,1387,824
186185,1,26,22,[9, 6, 10, 2, 1, 4],[[1, 1], [2, 1], [3, 2], [3, 3], [1, 2], [2, 3]],1420,807,1385,841
186227,1,26,22,[9, 6, 10, 2, 1, 4],[[1, 1], [2, 1], [3, 2], [3, 3], [1, 2], [2, 3]],1437,811,1385,844
186276,1,26,22,[9, 6, 10, 2, 1, 4],[[1, 1], [2, 1], [3, 2], [3, 3], [1, 2], [2, 3]],1423,804,1385,845
186342,1,26,22,[9, 6, 10, 2, 1, 4],[[1, 1], [2, 1], [3, 2], [3, 3], [1, 2], [2, 3]],1393,809,1385,845
186391,1,26,22,[9, 6, 10, 2, 1, 4],[[1, 1], [2, 1], [3, 2], [3, 3], [1, 2], [2, 3]],1388,813,1385,845
186468,1,26,22,[9, 6, 10, 2, 1, 4],[[1, 1], [2, 1], [3, 2], [3, 3], [1, 2], [2, 3]],1397,806,1397,845
186520,1,26,22,[9, 6, 10, 2, 1, 4],[[1, 1], [2, 1], [3, 2], [3, 3], [1, 2], [2, 3]],1397,789,1408,845
186592,1,26,22,[9, 6, 10, 2, 1, 4],[[1, 1], [2, 1], [3, 2], [3, 3], [1, 2], [2, 3]],1397,779,1413,845
186645,1,26,22,[9, 6, 10, 2, 1, 4],[[1, 1], [2, 1], [3, 2], [3, 3], [1, 2], [2, 3]],1401,757,1416,854
186702,1,26,22,[9, 6, 10, 2, 1, 4],[[1, 1], [2, 1], [3, 2], [3, 3], [1, 2], [2, 3]],1405,730,1414,862
186802,1,26,22,[9, 6, 10, 2, 1, 4],[[1, 1], [2, 1], [3, 2], [3, 3], [1, 2], [2, 3]],1427,727,1410,871
186898,1,26,22,[9, 6, 10, 2, 1, 4],[[1, 1], [2, 1], [3, 2], [3, 3], [1, 2], [2, 3]],1412,703,1408,883
186980,1,26,22,[9, 6, 10, 2, 1, 4],[[1, 1], [2, 1], [3, 2], [3, 3], [1, 2], [2, 3]],1407,711,1402,893
187064,1,26,22,[9, 6, 10, 2, 1, 4],[[1, 1], [2, 1], [3, 2], [3, 3], [1, 2], [2, 3]],1400,716,1394,894
187148,1,26,22,[9, 6, 10, 2, 1, 4],[[1, 1], [2, 1], [3, 2], [3, 3], [1, 2], [2, 3]],1407,716,1385,779
187194,1,26,22,[9, 6, 10, 2, 1, 4],[[1, 1], [2, 1], [3, 2], [3, 3], [1, 2], [2, 3]],1412,713,1387,734
187257,1,26,22,[9, 6, 10, 2, 1, 4],[[1, 1], [2, 1], [3, 2], [3, 3], [1, 2], [2, 3]],1398,710,1390,729
187325,1,26,22,[9, 6, 10, 2, 1, 4],[[1, 1], [2, 1], [3, 2], [3, 3], [1, 2], [2, 3]],1379,701,1389,729
187378,1,26,22,[9, 6, 10, 2, 1, 4],[[1, 1], [2, 1], [3, 2], [3, 3], [1, 2], [2, 3]],1333,683,1385,738
187437,1,26,22,[9, 6, 10, 2, 1, 4],[[1, 1], [2, 1], [3, 2], [3, 3], [1, 2], [2, 3]],1347,696,1387,754
187495,1,26,22,[9, 6, 10, 2, 1, 4],[[1, 1], [2, 1], [3, 2], [3, 3], [1, 2], [2, 3]],1347,704,1394,763
187554,1,26,22,[9, 6, 10, 2, 1, 4],[[1, 1], [2, 1], [3, 2], [3, 3], [1, 2], [2, 3]],1376,703,1397,770
187608,1,26,22,[9, 6, 10, 2, 1, 4],[[1, 1], [2, 1], [3, 2], [3, 3], [1, 2], [2, 3]],1375,710,1397,770
187663,1,26,22,[9, 6, 10, 2, 1, 4],[[1, 1], [2, 1], [3, 2], [3, 3], [1, 2], [2, 3]],1384,697,1397,747
187721,1,27,75,[7, 12, 11, 3, 5, 8],[[1, 3], [2, 3], [1, 1], [1, 2], [2, 2], [3, 1]],1384,699,1379,720
187779,1,27,75,[7, 12, 11, 3, 5, 8],[[1, 3], [2, 3], [1, 1], [1, 2], [2, 2], [3, 1]],1409,695,1360,708
187825,1,27,75,[7, 12, 11, 3, 5, 8],[[1, 3], [2, 3], [1, 1], [1, 2], [2, 2], [3, 1]],1423,703,1359,708
187865,1,27,75,[7, 12, 11, 3, 5, 8],[[1, 3], [2, 3], [1, 1], [1, 2], [2, 2], [3, 1]],1434,683,1359,708
187913,1,27,75,[7, 12, 11, 3, 5, 8],[[1, 3], [2, 3], [1, 1], [1, 2], [2, 2], [3, 1]],1401,683,1359,708
187962,1,27,75,[7, 12, 11, 3, 5, 8],[[1, 3], [2, 3], [1, 1], [1, 2], [2, 2], [3, 1]],1406,664,1358,708
188020,1,27,75,[7, 12, 11, 3, 5, 8],[[1, 3], [2, 3], [1, 1], [1, 2], [2, 2], [3, 1]],1399,647,1353,706
188070,1,27,75,[7, 12, 11, 3, 5, 8],[[1, 3], [2, 3], [1, 1], [1, 2], [2, 2], [3, 1]],1379,645,1342,705
188108,1,27,75,[7, 12, 11, 3, 5, 8],[[1, 3], [2, 3], [1, 1], [1, 2], [2, 2], [3, 1]],1390,641,1342,705
188174,1,27,75,[7, 12, 11, 3, 5, 8],[[1, 3], [2, 3], [1, 1], [1, 2], [2, 2], [3, 1]],1398,664,1342,705
188251,1,27,75,[7, 12, 11, 3, 5, 8],[[1, 3], [2, 3], [1, 1], [1, 2], [2, 2], [3, 1]],1400,702,1349,706
188306,1,27,75,[7, 12, 11, 3, 5, 8],[[1, 3], [2, 3], [1, 1], [1, 2], [2, 2], [3, 1]],1417,710,1362,702
188374,1,27,75,[7, 12, 11, 3, 5, 8],[[1, 3], [2, 3], [1, 1], [1, 2], [2, 2], [3, 1]],1399,699,1362,692
188461,1,27,75,[7, 12, 11, 3, 5, 8],[[1, 3], [2, 3], [1, 1], [1, 2], [2, 2], [3, 1]],1414,679,1366,684
188528,1,27,75,[7, 12, 11, 3, 5, 8],[[1, 3], [2, 3], [1, 1], [1, 2], [2, 2], [3, 1]],1439,669,1394,691
188602,1,27,75,[7, 12, 11, 3, 5, 8],[[1, 3], [2, 3], [1, 1], [1, 2], [2, 2], [3, 1]],1411,652,1402,694
188676,1,27,75,[7, 12, 11, 3, 5, 8],[[1, 3], [2, 3], [1, 1], [1, 2], [2, 2], [3, 1]],1396,679,1415,693
188744,1,27,75,[7, 12, 11, 3, 5, 8],[[1, 3], [2, 3], [1, 1], [1, 2], [2, 2], [3, 1]],1397,690,1419,692
188819,1,27,75,[7, 12, 11, 3, 5, 8],[[1, 3], [2, 3], [1, 1], [1, 2], [2, 2], [3, 1]],1396,702,1426,691
188905,1,27,75,[7, 12, 11, 3, 5, 8],[[1, 3], [2, 3], [1, 1], [1, 2], [2, 2], [3, 1]],1407,700,1431,684
188970,1,27,75,[7, 12, 11, 3, 5, 8],[[1, 3], [2, 3], [1, 1], [1, 2], [2, 2], [3, 1]],1408,713,1425,672
189026,1,27,75,[7, 12, 11, 3, 5, 8],[[1, 3], [2, 3], [1, 1], [1, 2], [2, 2], [3, 1]],1406,722,1420,670
189088,1,27,75,[7, 12, 11, 3, 5, 8],[[1, 3], [2, 3], [1, 1], [1, 2], [2, 2], [3, 1]],1415,722,1407,673
189147,1,27,75,[7, 12, 11, 3, 5, 8],[[1, 3], [2, 3], [1, 1], [1, 2], [2, 2], [3, 1]],1412,695,1395,681
189207,1,27,75,[7, 12, 11, 3, 5, 8],[[1, 3], [2, 3], [1, 1], [1, 2], [2, 2], [3, 1]],1411,684,1392,695
189252,1,27,75,[7, 12, 11, 3, 5, 8],[[1, 3], [2, 3], [1, 1], [1, 2], [2, 2], [3, 1]],1421,666,1392,698
189303,1,27,75,[7, 12, 11, 3, 5, 8],[[1, 3], [2, 3], [1, 1], [1, 2], [2, 2], [3, 1]],1405,652,1392,703
189352,1,27,75,[7, 12, 11, 3, 5, 8],[[1, 3], [2, 3], [1, 1], [1, 2], [2, 2], [3, 1]],1408,659,1392,710
189407,1,27,75,[7, 12, 11, 3, 5, 8],[[1, 3], [2, 3], [1, 1], [1, 2], [2, 2], [3, 1]],1398,651,1392,710
189465,1,27,75,[7, 12, 11, 3, 5, 8],[[1, 3], [2, 3], [1, 1], [1, 2], [2, 2], [3, 1]],1369,665,1394,711
189535,1,27,75,[7, 12, 11, 3, 5, 8],[[1, 3], [2, 3], [1, 1], [1, 2], [2, 2], [3, 1]],1372,664,1394,711
189589,1,27,75,[7, 12, 11, 3, 5, 8],[[1, 3], [2, 3], [1, 1], [1, 2], [2, 2], [3, 1]],1337,651,1396,694
189643,1,27,75,[7, 12, 11, 3, 5, 8],[[1, 3], [2, 3], [1, 1], [1, 2], [2, 2], [3, 1]],1355,666,1396,689
189702,1,27,75,[7, 12, 11, 3, 5, 8],[[1, 3], [2, 3], [1, 1], [1, 2], [2, 2], [3, 1]],1388,679,1396,689
189780,1,27,75,[7, 12, 11, 3, 5, 8],[[1, 3], [2, 3], [1, 1], [1, 2], [2, 2], [3, 1]],1368,663,1391,687
189826,1,27,75,[7, 12, 11, 3, 5, 8],[[1, 3], [2, 3], [1, 1], [1, 2], [2, 2], [3, 1]],1361,668,1387,687
189879,1,27,75,[7, 12, 11, 3, 5, 8],[[1, 3], [2, 3], [1, 1], [1, 2], [2, 2], [3, 1]],1346,672,1387,687
189943,1,27,75,[7, 12, 11, 3, 5, 8],[[1, 3], [2, 3], [1, 1], [1, 2], [2, 2], [3, 1]],1343,678,1381,688
189979,1,27,75,[7, 12, 11, 3, 5, 8],[[1, 3], [2, 3], [1, 1], [1, 2], [2, 2], [3, 1]],1349,673,1380,692
190042,1,27,75,[7, 12, 11, 3, 5, 8],[[1, 3], [2, 3], [1, 1], [1, 2], [2, 2], [3, 1]],1354,643,1380,695
190087,1,27,75,[7, 12, 11, 3, 5, 8],[[1, 3], [2, 3], [1, 1], [1, 2], [2, 2], [3, 1]],1334,652,1383,696
190142,1,27,75,[7, 12, 11, 3, 5, 8],[[1, 3], [2, 3], [1, 1], [1, 2], [2, 2], [3, 1]],1334,673,1386,697
190186,1,27,75,[7, 12, 11, 3, 5, 8],[[1, 3], [2, 3], [1, 1], [1, 2], [2, 2], [3, 1]],1344,680,1387,698
190241,1,27,75,[7, 12, 11, 3, 5, 8],[[1, 3], [2, 3], [1, 1], [1, 2], [2, 2], [3, 1]],1333,677,1387,698
190318,1,27,75,[7, 12, 11, 3, 5, 8],[[1, 3], [2, 3], [1, 1], [1, 2], [2, 2], [3, 1]],1348,680,1387,698
190377,1,27,75,[7, 12, 11, 3, 5, 8],[[1, 3], [2, 3], [1, 1], [1, 2], [2, 2], [3, 1]],1354,694,1379,701
190468,1,27,75,[7, 12, 11, 3, 5, 8],[[1, 3], [2, 3], [1, 1], [1, 2], [2, 2], [3, 1]],1357,681,1362,702
190541,1,27,75,[7, 12, 11, 3, 5, 8],[[1, 3], [2, 3], [1, 1], [1, 2], [2, 2], [3, 1]],1359,682,1358,704
190614,1,27,75,[7, 12, 11, 3, 5, 8],[[1, 3], [2, 3], [1, 1], [1, 2], [2, 2], [3, 1]],1356,694,1343,705
190660,1,27,75,[7, 12, 11, 3, 5, 8],[[1, 3], [2, 3], [1, 1], [1, 2], [2, 2], [3, 1]],1351,684,1335,704
190709,1,27,75,[7, 12, 11, 3, 5, 8],[[1, 3], [2, 3], [1, 1], [1, 2], [2, 2], [3, 1]],1385,672,1335,704
190764,1,27,75,[7, 12, 11, 3, 5, 8],[[1, 3], [2, 3], [1, 1], [1, 2], [2, 2], [3, 1]],1389,691,1341,701
190804,1,27,75,[7, 12, 11, 3, 5, 8],[[1, 3], [2, 3], [1, 1], [1, 2], [2, 2], [3, 1]],1395,672,1350,696
190886,1,27,75,[7, 12, 11, 3, 5, 8],[[1, 3], [2, 3], [1, 1], [1, 2], [2, 2], [3, 1]],1401,657,1363,695
190959,1,27,75,[7, 12, 11, 3, 5, 8],[[1, 3], [2, 3], [1, 1], [1, 2], [2, 2], [3, 1]],1385,671,1365,694
191038,1,27,75,[7, 12, 11, 3, 5, 8],[[1, 3], [2, 3], [1, 1], [1, 2], [2, 2], [3, 1]],1386,629,1367,688
191113,1,27,75,[7, 12, 11, 3, 5, 8],[[1, 3], [2, 3], [1, 1], [1, 2], [2, 2], [3, 1]],1391,639,1365,684
191182,1,27,75,[7, 12, 11, 3, 5, 8],[[1, 3], [2, 3], [1, 1], [1, 2], [2, 2], [3, 1]],1390,642,1384,684
191267,1,27,75,[7, 12, 11, 3, 5, 8],[[1, 3], [2, 3], [1, 1], [1, 2], [2, 2], [3, 1]],1404,638,1391,690
191307,1,27,75,[7, 12, 11, 3, 5, 8],[[1, 3], [2, 3], [1, 1], [1, 2], [2, 2], [3, 1]],1401,640,1391,694
191371,1,27,75,[7, 12, 11, 3, 5, 8],[[1, 3], [2, 3], [1, 1], [1, 2], [2, 2], [3, 1]],1391,614,1388,696
191422,1,27,75,[7, 12, 11, 3, 5, 8],[[1, 3], [2, 3], [1, 1], [1, 2], [2, 2], [3, 1]],1398,609,1381,685
191468,1,27,75,[7, 12, 11, 3, 5, 8],[[1, 3], [2, 3], [1, 1], [1, 2], [2, 2], [3, 1]],1390,607,1379,672
191518,1,27,75,[7, 12, 11, 3, 5, 8],[[1, 3], [2, 3], [1, 1], [1, 2], [2, 2], [3, 1]],1350,602,1378,664
191564,1,27,75,[7, 12, 11, 3, 5, 8],[[1, 3], [2, 3], [1, 1], [1, 2], [2, 2], [3, 1]],1318,622,1384,646
191614,1,27,75,[7, 12, 11, 3, 5, 8],[[1, 3], [2, 3], [1, 1], [1, 2], [2, 2], [3, 1]],1304,603,1391,638
191654,1,27,75,[7, 12, 11, 3, 5, 8],[[1, 3], [2, 3], [1, 1], [1, 2], [2, 2], [3, 1]],1300,639,1396,631
191703,1,27,75,[7, 12, 11, 3, 5, 8],[[1, 3], [2, 3], [1, 1], [1, 2], [2, 2], [3, 1]],1306,625,1397,620
191762,1,27,75,[7, 12, 11, 3, 5, 8],[[1, 3], [2, 3], [1, 1], [1, 2], [2, 2], [3, 1]],1291,588,1393,607
191841,1,28,65,[7, 12, 10, 2, 5, 8],[[2, 1], [3, 1], [1, 1], [1, 2], [1, 3], [2, 2]],1289,576,1381,604
191900,1,28,65,[7, 12, 10, 2, 5, 8],[[2, 1], [3, 1], [1, 1], [1, 2], [1, 3], [2, 2]],1271,599,1358,665
191943,1,28,65,[7, 12, 10, 2, 5, 8],[[2, 1], [3, 1], [1, 1], [1, 2], [1, 3], [2, 2]],1284,550,1358,685
192004,1,28,65,[7, 12, 10, 2, 5, 8],[[2, 1], [3, 1], [1, 1], [1, 2], [1, 3], [2, 2]],1294,547,1362,700
192048,1,28,65,[7, 12, 10, 2, 5, 8],[[2, 1], [3, 1], [1, 1], [1, 2], [1, 3], [2, 2]],1305,520,1362,700
192116,1,28,65,[7, 12, 10, 2, 5, 8],[[2, 1], [3, 1], [1, 1], [1, 2], [1, 3], [2, 2]],1329,509,1318,650
192159,1,28,65,[7, 12, 10, 2, 5, 8],[[2, 1], [3, 1], [1, 1], [1, 2], [1, 3], [2, 2]],1317,494,1317,649
192228,1,28,65,[7, 12, 10, 2, 5, 8],[[2, 1], [3, 1], [1, 1], [1, 2], [1, 3], [2, 2]],1318,486,1308,645
192277,1,28,65,[7, 12, 10, 2, 5, 8],[[2, 1], [3, 1], [1, 1], [1, 2], [1, 3], [2, 2]],1301,483,1300,643
192335,1,28,65,[7, 12, 10, 2, 5, 8],[[2, 1], [3, 1], [1, 1], [1, 2], [1, 3], [2, 2]],1325,465,1290,626
192392,1,28,65,[7, 12, 10, 2, 5, 8],[[2, 1], [3, 1], [1, 1], [1, 2], [1, 3], [2, 2]],1324,479,1258,543
192470,1,28,65,[7, 12, 10, 2, 5, 8],[[2, 1], [3, 1], [1, 1], [1, 2], [1, 3], [2, 2]],1305,467,1255,526
192512,1,28,65,[7, 12, 10, 2, 5, 8],[[2, 1], [3, 1], [1, 1], [1, 2], [1, 3], [2, 2]],1269,472,1272,512
192598,1,28,65,[7, 12, 10, 2, 5, 8],[[2, 1], [3, 1], [1, 1], [1, 2], [1, 3], [2, 2]],1266,463,1309,455
192644,1,28,65,[7, 12, 10, 2, 5, 8],[[2, 1], [3, 1], [1, 1], [1, 2], [1, 3], [2, 2]],1265,461,1324,393
192708,1,28,65,[7, 12, 10, 2, 5, 8],[[2, 1], [3, 1], [1, 1], [1, 2], [1, 3], [2, 2]],1270,465,1333,380
192768,1,28,65,[7, 12, 10, 2, 5, 8],[[2, 1], [3, 1], [1, 1], [1, 2], [1, 3], [2, 2]],1276,464,1343,392
192838,1,28,65,[7, 12, 10, 2, 5, 8],[[2, 1], [3, 1], [1, 1], [1, 2], [1, 3], [2, 2]],1281,475,1344,405
192898,1,28,65,[7, 12, 10, 2, 5, 8],[[2, 1], [3, 1], [1, 1], [1, 2], [1, 3], [2, 2]],1280,453,1335,405
192951,1,28,65,[7, 12, 10, 2, 5, 8],[[2, 1], [3, 1], [1, 1], [1, 2], [1, 3], [2, 2]],1280,436,1307,407
193019,1,28,65,[7, 12, 10, 2, 5, 8],[[2, 1], [3, 1], [1, 1], [1, 2], [1, 3], [2, 2]],1278,441,1260,408
193059,1,28,65,[7, 12, 10, 2, 5, 8],[[2, 1], [3, 1], [1, 1], [1, 2], [1, 3], [2, 2]],1268,417,1242,412
193126,1,28,65,[7, 12, 10, 2, 5, 8],[[2, 1], [3, 1], [1, 1], [1, 2], [1, 3], [2, 2]],1253,392,1217,416
193192,1,28,65,[7, 12, 10, 2, 5, 8],[[2, 1], [3, 1], [1, 1], [1, 2], [1, 3], [2, 2]],1260,381,1217,416
193252,1,28,65,[7, 12, 10, 2, 5, 8],[[2, 1], [3, 1], [1, 1], [1, 2], [1, 3], [2, 2]],1273,356,1217,423
193325,1,28,65,[7, 12, 10, 2, 5, 8],[[2, 1], [3, 1], [1, 1], [1, 2], [1, 3], [2, 2]],1295,350,1236,430
193383,1,28,65,[7, 12, 10, 2, 5, 8],[[2, 1], [3, 1], [1, 1], [1, 2], [1, 3], [2, 2]],1290,353,1258,418
193430,1,28,65,[7, 12, 10, 2, 5, 8],[[2, 1], [3, 1], [1, 1], [1, 2], [1, 3], [2, 2]],1291,341,1269,408
193488,1,28,65,[7, 12, 10, 2, 5, 8],[[2, 1], [3, 1], [1, 1], [1, 2], [1, 3], [2, 2]],1301,352,1274,402
193562,1,28,65,[7, 12, 10, 2, 5, 8],[[2, 1], [3, 1], [1, 1], [1, 2], [1, 3], [2, 2]],1334,345,1287,368
193620,1,28,65,[7, 12, 10, 2, 5, 8],[[2, 1], [3, 1], [1, 1], [1, 2], [1, 3], [2, 2]],1346,347,1295,342
193663,1,28,65,[7, 12, 10, 2, 5, 8],[[2, 1], [3, 1], [1, 1], [1, 2], [1, 3], [2, 2]],1316,363,1296,336
193711,1,28,65,[7, 12, 10, 2, 5, 8],[[2, 1], [3, 1], [1, 1], [1, 2], [1, 3], [2, 2]],1321,379,1296,327
193765,1,28,65,[7, 12, 10, 2, 5, 8],[[2, 1], [3, 1], [1, 1], [1, 2], [1, 3], [2, 2]],1333,373,1296,322
193823,1,28,65,[7, 12, 10, 2, 5, 8],[[2, 1], [3, 1], [1, 1], [1, 2], [1, 3], [2, 2]],1350,377,1295,319
193876,1,28,65,[7, 12, 10, 2, 5, 8],[[2, 1], [3, 1], [1, 1], [1, 2], [1, 3], [2, 2]],1355,373,1294,319
193929,1,28,65,[7, 12, 10, 2, 5, 8],[[2, 1], [3, 1], [1, 1], [1, 2], [1, 3], [2, 2]],1363,369,1294,319
193978,1,28,65,[7, 12, 10, 2, 5, 8],[[2, 1], [3, 1], [1, 1], [1, 2], [1, 3], [2, 2]],1370,384,1296,333
194036,1,28,65,[7, 12, 10, 2, 5, 8],[[2, 1], [3, 1], [1, 1], [1, 2], [1, 3], [2, 2]],1367,398,1323,391
194106,1,28,65,[7, 12, 10, 2, 5, 8],[[2, 1], [3, 1], [1, 1], [1, 2], [1, 3], [2, 2]],1363,377,1331,423
194149,1,28,65,[7, 12, 10, 2, 5, 8],[[2, 1], [3, 1], [1, 1], [1, 2], [1, 3], [2, 2]],1377,379,1335,431
194237,1,28,65,[7, 12, 10, 2, 5, 8],[[2, 1], [3, 1], [1, 1], [1, 2], [1, 3], [2, 2]],1366,393,1335,431
194279,1,28,65,[7, 12, 10, 2, 5, 8],[[2, 1], [3, 1], [1, 1], [1, 2], [1, 3], [2, 2]],1361,408,1335,431
194344,1,28,65,[7, 12, 10, 2, 5, 8],[[2, 1], [3, 1], [1, 1], [1, 2], [1, 3], [2, 2]],1382,408,1335,431
194413,1,28,65,[7, 12, 10, 2, 5, 8],[[2, 1], [3, 1], [1, 1], [1, 2], [1, 3], [2, 2]],1381,431,1347,407
194482,1,28,65,[7, 12, 10, 2, 5, 8],[[2, 1], [3, 1], [1, 1], [1, 2], [1, 3], [2, 2]],1379,424,1343,386
194545,1,28,65,[7, 12, 10, 2, 5, 8],[[2, 1], [3, 1], [1, 1], [1, 2], [1, 3], [2, 2]],1384,417,1343,386
194615,1,28,65,[7, 12, 10, 2, 5, 8],[[2, 1], [3, 1], [1, 1], [1, 2], [1, 3], [2, 2]],1386,401,1343,386
194668,1,28,65,[7, 12, 10, 2, 5, 8],[[2, 1], [3, 1], [1, 1], [1, 2], [1, 3], [2, 2]],1403,412,1342,394
194733,1,28,65,[7, 12, 10, 2, 5, 8],[[2, 1], [3, 1], [1, 1], [1, 2], [1, 3], [2, 2]],1427,413,1348,411
194788,1,28,65,[7, 12, 10, 2, 5, 8],[[2, 1], [3, 1], [1, 1], [1, 2], [1, 3], [2, 2]],1440,416,1351,417
194879,1,28,65,[7, 12, 10, 2, 5, 8],[[2, 1], [3, 1], [1, 1], [1, 2], [1, 3], [2, 2]],1402,413,1357,429
194948,1,28,65,[7, 12, 10, 2, 5, 8],[[2, 1], [3, 1], [1, 1], [1, 2], [1, 3], [2, 2]],1406,384,1357,429
194998,1,28,65,[7, 12, 10, 2, 5, 8],[[2, 1], [3, 1], [1, 1], [1, 2], [1, 3], [2, 2]],1426,358,1359,429
195075,1,28,65,[7, 12, 10, 2, 5, 8],[[2, 1], [3, 1], [1, 1], [1, 2], [1, 3], [2, 2]],1415,370,1378,414
195122,1,28,65,[7, 12, 10, 2, 5, 8],[[2, 1], [3, 1], [1, 1], [1, 2], [1, 3], [2, 2]],1398,365,1384,406
195204,1,28,65,[7, 12, 10, 2, 5, 8],[[2, 1], [3, 1], [1, 1], [1, 2], [1, 3], [2, 2]],1421,386,1390,389
195288,1,28,65,[7, 12, 10, 2, 5, 8],[[2, 1], [3, 1], [1, 1], [1, 2], [1, 3], [2, 2]],1398,372,1385,382
195350,1,28,65,[7, 12, 10, 2, 5, 8],[[2, 1], [3, 1], [1, 1], [1, 2], [1, 3], [2, 2]],1377,385,1377,376
195408,1,28,65,[7, 12, 10, 2, 5, 8],[[2, 1], [3, 1], [1, 1], [1, 2], [1, 3], [2, 2]],1389,380,1369,367
195472,1,28,65,[7, 12, 10, 2, 5, 8],[[2, 1], [3, 1], [1, 1], [1, 2], [1, 3], [2, 2]],1398,386,1367,364
195525,1,28,65,[7, 12, 10, 2, 5, 8],[[2, 1], [3, 1], [1, 1], [1, 2], [1, 3], [2, 2]],1425,390,1367,364
195578,1,28,65,[7, 12, 10, 2, 5, 8],[[2, 1], [3, 1], [1, 1], [1, 2], [1, 3], [2, 2]],1404,377,1367,364
195631,1,28,65,[7, 12, 10, 2, 5, 8],[[2, 1], [3, 1], [1, 1], [1, 2], [1, 3], [2, 2]],1401,353,1367,364
195696,1,28,65,[7, 12, 10, 2, 5, 8],[[2, 1], [3, 1], [1, 1], [1, 2], [1, 3], [2, 2]],1400,334,1379,368
195754,1,28,65,[7, 12, 10, 2, 5, 8],[[2, 1], [3, 1], [1, 1], [1, 2], [1, 3], [2, 2]],1401,314,1384,370
195817,1,28,65,[7, 12, 10, 2, 5, 8],[[2, 1], [3, 1], [1, 1], [1, 2], [1, 3], [2, 2]],1410,279,1387,373
195871,1,28,65,[7, 12, 10, 2, 5, 8],[[2, 1], [3, 1], [1, 1], [1, 2], [1, 3], [2, 2]],1400,264,1388,377
195934,1,29,86,[9, 6, 10, 2, 5, 8],[[1, 3], [2, 3], [3, 2], [3, 3], [2, 2], [3, 1]],1388,286,1387,380
195983,1,29,86,[9, 6, 10, 2, 5, 8],[[1, 3], [2, 3], [3, 2], [3, 3], [2, 2], [3, 1]],1422,295,1378,376
196042,1,29,86,[9, 6, 10, 2, 5, 8],[[1, 3], [2, 3], [3, 2], [3, 3], [2, 2], [3, 1]],1434,311,1367,351
196085,1,29,86,[9, 6, 10, 2, 5, 8],[[1, 3], [2, 3], [3, 2], [3, 3], [2, 2], [3, 1]],1414,317,1367,342
196139,1,29,86,[9, 6, 10, 2, 5, 8],[[1, 3], [2, 3], [3, 2], [3, 3], [2, 2], [3, 1]],1415,336,1368,325
196197,1,29,86,[9, 6, 10, 2, 5, 8],[[1, 3], [2, 3], [3, 2], [3, 3], [2, 2], [3, 1]],1396,341,1368,325
196250,1,29,86,[9, 6, 10, 2, 5, 8],[[1, 3], [2, 3], [3, 2], [3, 3], [2, 2], [3, 1]],1388,339,1364,325
196303,1,29,86,[9, 6, 10, 2, 5, 8],[[1, 3], [2, 3], [3, 2], [3, 3], [2, 2], [3, 1]],1371,341,1360,321
196356,1,29,86,[9, 6, 10, 2, 5, 8],[[1, 3], [2, 3], [3, 2], [3, 3], [2, 2], [3, 1]],1391,381,1354,308
196409,1,29,86,[9, 6, 10, 2, 5, 8],[[1, 3], [2, 3], [3, 2], [3, 3], [2, 2], [3, 1]],1400,386,1354,306
196462,1,29,86,[9, 6, 10, 2, 5, 8],[[1, 3], [2, 3], [3, 2], [3, 3], [2, 2], [3, 1]],1438,371,1354,306
196530,1,29,86,[9, 6, 10, 2, 5, 8],[[1, 3], [2, 3], [3, 2], [3, 3], [2, 2], [3, 1]],1392,384,1361,316
196599,1,29,86,[9, 6, 10, 2, 5, 8],[[1, 3], [2, 3], [3, 2], [3, 3], [2, 2], [3, 1]],1391,374,1364,320
196657,1,29,86,[9, 6, 10, 2, 5, 8],[[1, 3], [2, 3], [3, 2], [3, 3], [2, 2], [3, 1]],1405,358,1365,323
196736,1,29,86,[9, 6, 10, 2, 5, 8],[[1, 3], [2, 3], [3, 2], [3, 3], [2, 2], [3, 1]],1403,346,1379,331
196777,1,29,86,[9, 6, 10, 2, 5, 8],[[1, 3], [2, 3], [3, 2], [3, 3], [2, 2], [3, 1]],1402,366,1388,330
196845,1,29,86,[9, 6, 10, 2, 5, 8],[[1, 3], [2, 3], [3, 2], [3, 3], [2, 2], [3, 1]],1393,348,1396,329
196891,1,29,86,[9, 6, 10, 2, 5, 8],[[1, 3], [2, 3], [3, 2], [3, 3], [2, 2], [3, 1]],1370,349,1403,329
196962,1,29,86,[9, 6, 10, 2, 5, 8],[[1, 3], [2, 3], [3, 2], [3, 3], [2, 2], [3, 1]],1376,353,1410,334
197016,1,29,86,[9, 6, 10, 2, 5, 8],[[1, 3], [2, 3], [3, 2], [3, 3], [2, 2], [3, 1]],1377,355,1412,336
197054,1,29,86,[9, 6, 10, 2, 5, 8],[[1, 3], [2, 3], [3, 2], [3, 3], [2, 2], [3, 1]],1347,334,1417,341
197130,1,29,86,[9, 6, 10, 2, 5, 8],[[1, 3], [2, 3], [3, 2], [3, 3], [2, 2], [3, 1]],1334,336,1417,343
197193,1,29,86,[9, 6, 10, 2, 5, 8],[[1, 3], [2, 3], [3, 2], [3, 3], [2, 2], [3, 1]],1329,343,1414,337
197255,1,29,86,[9, 6, 10, 2, 5, 8],[[1, 3], [2, 3], [3, 2], [3, 3], [2, 2], [3, 1]],1309,349,1407,328
197300,1,29,86,[9, 6, 10, 2, 5, 8],[[1, 3], [2, 3], [3, 2], [3, 3], [2, 2], [3, 1]],1325,345,1403,325
197352,1,29,86,[9, 6, 10, 2, 5, 8],[[1, 3], [2, 3], [3, 2], [3, 3], [2, 2], [3, 1]],1308,366,1381,317
197401,1,29,86,[9, 6, 10, 2, 5, 8],[[1, 3], [2, 3], [3, 2], [3, 3], [2, 2], [3, 1]],1322,387,1363,312
197441,1,29,86,[9, 6, 10, 2, 5, 8],[[1, 3], [2, 3], [3, 2], [3, 3], [2, 2], [3, 1]],1314,364,1354,307
197495,1,29,86,[9, 6, 10, 2, 5, 8],[[1, 3], [2, 3], [3, 2], [3, 3], [2, 2], [3, 1]],1305,396,1332,304
197549,1,29,86,[9, 6, 10, 2, 5, 8],[[1, 3], [2, 3], [3, 2], [3, 3], [2, 2], [3, 1]],1306,389,1312,319
197597,1,29,86,[9, 6, 10, 2, 5, 8],[[1, 3], [2, 3], [3, 2], [3, 3], [2, 2], [3, 1]],1293,407,1314,356
197646,1,29,86,[9, 6, 10, 2, 5, 8],[[1, 3], [2, 3], [3, 2], [3, 3], [2, 2], [3, 1]],1291,392,1322,386
197714,1,29,86,[9, 6, 10, 2, 5, 8],[[1, 3], [2, 3], [3, 2], [3, 3], [2, 2], [3, 1]],1303,416,1329,415
197781,1,29,86,[9, 6, 10, 2, 5, 8],[[1, 3], [2, 3], [3, 2], [3, 3], [2, 2], [3, 1]],1309,397,1331,423
197847,1,29,86,[9, 6, 10, 2, 5, 8],[[1, 3], [2, 3], [3, 2], [3, 3], [2, 2], [3, 1]],1344,404,1332,440
197920,1,29,86,[9, 6, 10, 2, 5, 8],[[1, 3], [2, 3], [3, 2], [3, 3], [2, 2], [3, 1]],1343,429,1331,442
197976,1,29,86,[9, 6, 10, 2, 5, 8],[[1, 3], [2, 3], [3, 2], [3, 3], [2, 2], [3, 1]],1345,441,1317,436
198045,1,29,86,[9, 6, 10, 2, 5, 8],[[1, 3], [2, 3], [3, 2], [3, 3], [2, 2], [3, 1]],1315,431,1294,417
198118,1,29,86,[9, 6, 10, 2, 5, 8],[[1, 3], [2, 3], [3, 2], [3, 3], [2, 2], [3, 1]],1304,447,1285,398
198163,1,29,86,[9, 6, 10, 2, 5, 8],[[1, 3], [2, 3], [3, 2], [3, 3], [2, 2], [3, 1]],1313,457,1289,379
198220,1,29,86,[9, 6, 10, 2, 5, 8],[[1, 3], [2, 3], [3, 2], [3, 3], [2, 2], [3, 1]],1312,458,1313,375
198282,1,29,86,[9, 6, 10, 2, 5, 8],[[1, 3], [2, 3], [3, 2], [3, 3], [2, 2], [3, 1]],1298,455,1343,387
198362,1,29,86,[9, 6, 10, 2, 5, 8],[[1, 3], [2, 3], [3, 2], [3, 3], [2, 2], [3, 1]],1293,451,1356,400
198459,1,29,86,[9, 6, 10, 2, 5, 8],[[1, 3], [2, 3], [3, 2], [3, 3], [2, 2], [3, 1]],1270,443,1357,424
198527,1,29,86,[9, 6, 10, 2, 5, 8],[[1, 3], [2, 3], [3, 2], [3, 3], [2, 2], [3, 1]],1269,455,1334,450
198598,1,29,86,[9, 6, 10, 2, 5, 8],[[1, 3], [2, 3], [3, 2], [3, 3], [2, 2], [3, 1]],1274,451,1326,454
198673,1,29,86,[9, 6, 10, 2, 5, 8],[[1, 3], [2, 3], [3, 2], [3, 3], [2, 2], [3, 1]],1294,438,1317,465
198749,1,29,86,[9, 6, 10, 2, 5, 8],[[1, 3], [2, 3], [3, 2], [3, 3], [2, 2], [3, 1]],1292,442,1300,480
198795,1,29,86,[9, 6, 10, 2, 5, 8],[[1, 3], [2, 3], [3, 2], [3, 3], [2, 2], [3, 1]],1282,427,1295,483
198854,1,29,86,[9, 6, 10, 2, 5, 8],[[1, 3], [2, 3], [3, 2], [3, 3], [2, 2], [3, 1]],1275,418,1271,454
198906,1,29,86,[9, 6, 10, 2, 5, 8],[[1, 3], [2, 3], [3, 2], [3, 3], [2, 2], [3, 1]],1245,421,1268,443
198954,1,29,86,[9, 6, 10, 2, 5, 8],[[1, 3], [2, 3], [3, 2], [3, 3], [2, 2], [3, 1]],1252,427,1271,427
198999,1,29,86,[9, 6, 10, 2, 5, 8],[[1, 3], [2, 3], [3, 2], [3, 3], [2, 2], [3, 1]],1274,443,1276,417
199085,1,29,86,[9, 6, 10, 2, 5, 8],[[1, 3], [2, 3], [3, 2], [3, 3], [2, 2], [3, 1]],1266,420,1284,407
199130,1,29,86,[9, 6, 10, 2, 5, 8],[[1, 3], [2, 3], [3, 2], [3, 3], [2, 2], [3, 1]],1260,400,1284,404
199179,1,29,86,[9, 6, 10, 2, 5, 8],[[1, 3], [2, 3], [3, 2], [3, 3], [2, 2], [3, 1]],1252,424,1282,397
199260,1,29,86,[9, 6, 10, 2, 5, 8],[[1, 3], [2, 3], [3, 2], [3, 3], [2, 2], [3, 1]],1250,426,1272,393
199323,1,29,86,[9, 6, 10, 2, 5, 8],[[1, 3], [2, 3], [3, 2], [3, 3], [2, 2], [3, 1]],1250,417,1266,393
199371,1,29,86,[9, 6, 10, 2, 5, 8],[[1, 3], [2, 3], [3, 2], [3, 3], [2, 2], [3, 1]],1235,421,1260,398
199424,1,29,86,[9, 6, 10, 2, 5, 8],[[1, 3], [2, 3], [3, 2], [3, 3], [2, 2], [3, 1]],1222,383,1258,404
199477,1,29,86,[9, 6, 10, 2, 5, 8],[[1, 3], [2, 3], [3, 2], [3, 3], [2, 2], [3, 1]],1238,406,1258,406
199550,1,29,86,[9, 6, 10, 2, 5, 8],[[1, 3], [2, 3], [3, 2], [3, 3], [2, 2], [3, 1]],1211,414,1258,414
199608,1,29,86,[9, 6, 10, 2, 5, 8],[[1, 3], [2, 3], [3, 2], [3, 3], [2, 2], [3, 1]],1179,437,1256,428
199651,1,29,86,[9, 6, 10, 2, 5, 8],[[1, 3], [2, 3], [3, 2], [3, 3], [2, 2], [3, 1]],1162,406,1245,435
199704,1,29,86,[9, 6, 10, 2, 5, 8],[[1, 3], [2, 3], [3, 2], [3, 3], [2, 2], [3, 1]],1164,404,1236,432
199752,1,29,86,[9, 6, 10, 2, 5, 8],[[1, 3], [2, 3], [3, 2], [3, 3], [2, 2], [3, 1]],1136,401,1230,425
199794,1,29,86,[9, 6, 10, 2, 5, 8],[[1, 3], [2, 3], [3, 2], [3, 3], [2, 2], [3, 1]],1111,426,1230,424
199871,1,29,86,[9, 6, 10, 2, 5, 8],[[1, 3], [2, 3], [3, 2], [3, 3], [2, 2], [3, 1]],1113,390,1225,414
199938,1,29,86,[9, 6, 10, 2, 5, 8],[[1, 3], [2, 3], [3, 2], [3, 3], [2, 2], [3, 1]],1104,387,1223,413
199998,1,30,7,[7, 12, 11, 3, 5, 8],[[1, 1], [2, 1], [1, 2], [1, 3], [2, 2], [3, 1]],1098,389,1213,403
200075,1,30,7,[7, 12, 11, 3, 5, 8],[[1, 1], [2, 1], [1, 2], [1, 3], [2, 2], [3, 1]],1110,378,1196,402
200134,1,30,7,[7, 12, 11, 3, 5, 8],[[1, 1], [2, 1], [1, 2], [1, 3], [2, 2], [3, 1]],1131,369,1169,408
200187,1,30,7,[7, 12, 11, 3, 5, 8],[[1, 1], [2, 1], [1, 2], [1, 3], [2, 2], [3, 1]],1122,368,1150,408
200250,1,30,7,[7, 12, 11, 3, 5, 8],[[1, 1], [2, 1], [1, 2], [1, 3], [2, 2], [3, 1]],1111,352,1130,406
200308,1,30,7,[7, 12, 11, 3, 5, 8],[[1, 1], [2, 1], [1, 2], [1, 3], [2, 2], [3, 1]],1100,370,1101,406
200363,1,30,7,[7, 12, 11, 3, 5, 8],[[1, 1], [2, 1], [1, 2], [1, 3], [2, 2], [3, 1]],1100,351,1096,405
200415,1,30,7,[7, 12, 11, 3, 5, 8],[[1, 1], [2, 1], [1, 2], [1, 3], [2, 2], [3, 1]],1077,353,1096,405
200475,1,30,7,[7, 12, 11, 3, 5, 8],[[1, 1], [2, 1], [1, 2], [1, 3], [2, 2], [3, 1]],1092,387,1096,405
200543,1,30,7,[7, 12, 11, 3, 5, 8],[[1, 1], [2, 1], [1, 2], [1, 3], [2, 2], [3, 1]],1087,414,1090,393
200606,1,30,7,[7, 12, 11, 3, 5, 8],[[1, 1], [2, 1], [1, 2], [1, 3], [2, 2], [3, 1]],1106,410,1075,348
200669,1,30,7,[7, 12, 11, 3, 5, 8],[[1, 1], [2, 1], [1, 2], [1, 3], [2, 2], [3, 1]],1118,387,1064,300
200734,1,30,7,[7, 12, 11, 3, 5, 8],[[1, 1], [2, 1], [1, 2], [1, 3], [2, 2], [3, 1]],1085,387,1057,282
200801,1,30,7,[7, 12, 11, 3, 5, 8],[[1, 1], [2, 1], [1, 2], [1, 3], [2, 2], [3, 1]],1109,373,1057,282
200861,1,30,7,[7, 12, 11, 3, 5, 8],[[1, 1], [2, 1], [1, 2], [1, 3], [2, 2], [3, 1]],1132,368,1082,350
200906,1,30,7,[7, 12, 11, 3, 5, 8],[[1, 1], [2, 1], [1, 2], [1, 3], [2, 2], [3, 1]],1150,368,1094,393
200975,1,30,7,[7, 12, 11, 3, 5, 8],[[1, 1], [2, 1], [1, 2], [1, 3], [2, 2], [3, 1]],1169,390,1099,404
201024,1,30,7,[7, 12, 11, 3, 5, 8],[[1, 1], [2, 1], [1, 2], [1, 3], [2, 2], [3, 1]],1162,378,1103,405
201071,1,30,7,[7, 12, 11, 3, 5, 8],[[1, 1], [2, 1], [1, 2], [1, 3], [2, 2], [3, 1]],1178,355,1109,406
201140,1,30,7,[7, 12, 11, 3, 5, 8],[[1, 1], [2, 1], [1, 2], [1, 3], [2, 2], [3, 1]],1215,355,1109,407
201188,1,30,7,[7, 12, 11, 3, 5, 8],[[1, 1], [2, 1], [1, 2], [1, 3], [2, 2], [3, 1]],1227,368,1114,408
201258,1,30,7,[7, 12, 11, 3, 5, 8],[[1, 1], [2, 1], [1, 2], [1, 3], [2, 2], [3, 1]],1235,365,1157,400
201308,1,30,7,[7, 12, 11, 3, 5, 8],[[1, 1], [2, 1], [1, 2], [1, 3], [2, 2], [3, 1]],1226,358,1180,397
201370,1,30,7,[7, 12, 11, 3, 5, 8],[[1, 1], [2, 1], [1, 2], [1, 3], [2, 2], [3, 1]],1243,381,1182,398
201421,1,30,7,[7, 12, 11, 3, 5, 8],[[1, 1], [2, 1], [1, 2], [1, 3], [2, 2], [3, 1]],1216,391,1183,398
201469,1,30,7,[7, 12, 11, 3, 5, 8],[[1, 1], [2, 1], [1, 2], [1, 3], [2, 2], [3, 1]],1193,399,1201,399
201514,1,30,7,[7, 12, 11, 3, 5, 8],[[1, 1], [2, 1], [1, 2], [1, 3], [2, 2], [3, 1]],1204,418,1234,399
201564,1,30,7,[7, 12, 11, 3, 5, 8],[[1, 1], [2, 1], [1, 2], [1, 3], [2, 2], [3, 1]],1177,413,1256,399
201610,1,30,7,[7, 12, 11, 3, 5, 8],[[1, 1], [2, 1], [1, 2], [1, 3], [2, 2], [3, 1]],1191,424,1267,399
201659,1,30,7,[7, 12, 11, 3, 5, 8],[[1, 1], [2, 1], [1, 2], [1, 3], [2, 2], [3, 1]],1208,387,1277,399
201699,1,30,7,[7, 12, 11, 3, 5, 8],[[1, 1], [2, 1], [1, 2], [1, 3], [2, 2], [3, 1]],1226,360,1283,398
201757,1,30,7,[7, 12, 11, 3, 5, 8],[[1, 1], [2, 1], [1, 2], [1, 3], [2, 2], [3, 1]],1238,363,1284,398
201806,1,30,7,[7, 12, 11, 3, 5, 8],[[1, 1], [2, 1], [1, 2], [1, 3], [2, 2], [3, 1]],1228,361,1263,402
201842,1,30,7,[7, 12, 11, 3, 5, 8],[[1, 1], [2, 1], [1, 2], [1, 3], [2, 2], [3, 1]],1211,350,1229,401
201894,1,30,7,[7, 12, 11, 3, 5, 8],[[1, 1], [2, 1], [1, 2], [1, 3], [2, 2], [3, 1]],1190,336,1221,400
201967,1,30,7,[7, 12, 11, 3, 5, 8],[[1, 1], [2, 1], [1, 2], [1, 3], [2, 2], [3, 1]],1177,353,1213,396
202032,1,30,7,[7, 12, 11, 3, 5, 8],[[1, 1], [2, 1], [1, 2], [1, 3], [2, 2], [3, 1]],1182,354,1212,396
202096,1,30,7,[7, 12, 11, 3, 5, 8],[[1, 1], [2, 1], [1, 2], [1, 3], [2, 2], [3, 1]],1166,385,1211,392
202169,1,30,7,[7, 12, 11, 3, 5, 8],[[1, 1], [2, 1], [1, 2], [1, 3], [2, 2], [3, 1]],1153,363,1237,382
202228,1,30,7,[7, 12, 11, 3, 5, 8],[[1, 1], [2, 1], [1, 2], [1, 3], [2, 2], [3, 1]],1163,388,1238,382
202281,1,30,7,[7, 12, 11, 3, 5, 8],[[1, 1], [2, 1], [1, 2], [1, 3], [2, 2], [3, 1]],1141,390,1237,374
202332,1,30,7,[7, 12, 11, 3, 5, 8],[[1, 1], [2, 1], [1, 2], [1, 3], [2, 2], [3, 1]],1107,399,1232,367
202403,1,30,7,[7, 12, 11, 3, 5, 8],[[1, 1], [2, 1], [1, 2], [1, 3], [2, 2], [3, 1]],1090,410,1229,364
202473,1,30,7,[7, 12, 11, 3, 5, 8],[[1, 1], [2, 1], [1, 2], [1, 3], [2, 2], [3, 1]],1074,419,1176,371
202535,1,30,7,[7, 12, 11, 3, 5, 8],[[1, 1], [2, 1], [1, 2], [1, 3], [2, 2], [3, 1]],1095,430,1165,374
202608,1,30,7,[7, 12, 11, 3, 5, 8],[[1, 1], [2, 1], [1, 2], [1, 3], [2, 2], [3, 1]],1109,432,1139,386
202662,1,30,7,[7, 12, 11, 3, 5, 8],[[1, 1], [2, 1], [1, 2], [1, 3], [2, 2], [3, 1]],1129,422,1115,394
202724,1,30,7,[7, 12, 11, 3, 5, 8],[[1, 1], [2, 1], [1, 2], [1, 3], [2, 2], [3, 1]],1155,407,1089,403
202806,1,30,7,[7, 12, 11, 3, 5, 8],[[1, 1], [2, 1], [1, 2], [1, 3], [2, 2], [3, 1]],1170,412,1083,404
202876,1,30,7,[7, 12, 11, 3, 5, 8],[[1, 1], [2, 1], [1, 2], [1, 3], [2, 2], [3, 1]],1153,427,1091,407
202943,1,30,7,[7, 12, 11, 3, 5, 8],[[1, 1], [2, 1], [1, 2], [1, 3], [2, 2], [3, 1]],1150,418,1134,406
203020,1,30,7,[7, 12, 11, 3, 5, 8],[[1, 1], [2, 1], [1, 2], [1, 3], [2, 2], [3, 1]],1160,429,1159,400
203093,1,30,7,[7, 12, 11, 3, 5, 8],[[1, 1], [2, 1], [1, 2], [1, 3], [2, 2], [3, 1]],1183,435,1173,393
203149,1,30,7,[7, 12, 11, 3, 5, 8],[[1, 1], [2, 1], [1, 2], [1, 3], [2, 2], [3, 1]],1179,437,1192,393
203222,1,30,7,[7, 12, 11, 3, 5, 8],[[1, 1], [2, 1], [1, 2], [1, 3], [2, 2], [3, 1]],1179,435,1203,396
203299,1,30,7,[7, 12, 11, 3, 5, 8],[[1, 1], [2, 1], [1, 2], [1, 3], [2, 2], [3, 1]],1200,433,1204,403
203365,1,30,7,[7, 12, 11, 3, 5, 8],[[1, 1], [2, 1], [1, 2], [1, 3], [2, 2], [3, 1]],1174,426,1193,409
203427,1,30,7,[7, 12, 11, 3, 5, 8],[[1, 1], [2, 1], [1, 2], [1, 3], [2, 2], [3, 1]],1179,415,1172,406
203469,1,30,7,[7, 12, 11, 3, 5, 8],[[1, 1], [2, 1], [1, 2], [1, 3], [2, 2], [3, 1]],1168,409,1159,402
203528,1,30,7,[7, 12, 11, 3, 5, 8],[[1, 1], [2, 1], [1, 2], [1, 3], [2, 2], [3, 1]],1170,443,1152,399
203572,1,30,7,[7, 12, 11, 3, 5, 8],[[1, 1], [2, 1], [1, 2], [1, 3], [2, 2], [3, 1]],1174,448,1138,395
203630,1,30,7,[7, 12, 11, 3, 5, 8],[[1, 1], [2, 1], [1, 2], [1, 3], [2, 2], [3, 1]],1190,445,1137,395
203678,1,30,7,[7, 12, 11, 3, 5, 8],[[1, 1], [2, 1], [1, 2], [1, 3], [2, 2], [3, 1]],1193,459,1137,399
203718,1,30,7,[7, 12, 11, 3, 5, 8],[[1, 1], [2, 1], [1, 2], [1, 3], [2, 2], [3, 1]],1185,462,1142,406
203781,1,30,7,[7, 12, 11, 3, 5, 8],[[1, 1], [2, 1], [1, 2], [1, 3], [2, 2], [3, 1]],1169,454,1156,416
203827,1,30,7,[7, 12, 11, 3, 5, 8],[[1, 1], [2, 1], [1, 2], [1, 3], [2, 2], [3, 1]],1174,463,1179,417
203872,1,30,7,[7, 12, 11, 3, 5, 8],[[1, 1], [2, 1], [1, 2], [1, 3], [2, 2], [3, 1]],1172,484,1195,416
203931,1,30,7,[7, 12, 11, 3, 5, 8],[[1, 1], [2, 1], [1, 2], [1, 3], [2, 2], [3, 1]],1198,496,1211,425
203978,1,30,7,[7, 12, 11, 3, 5, 8],[[1, 1], [2, 1], [1, 2], [1, 3], [2, 2], [3, 1]],1209,502,1218,434
204023,1,31,24,[9, 6, 11, 3, 1, 4],[[1, 1], [2, 1], [3, 2], [3, 3], [1, 2], [2, 3]],1204,505,1227,455
204074,1,31,24,[9, 6, 11, 3, 1, 4],[[1, 1], [2, 1], [3, 2], [3, 3], [1, 2], [2, 3]],1204,503,1225,494
204115,1,31,24,[9, 6, 11, 3, 1, 4],[[1, 1], [2, 1], [3, 2], [3, 3], [1, 2], [2, 3]],1203,464,1214,518
204160,1,31,24,[9, 6, 11, 3, 1, 4],[[1, 1], [2, 1], [3, 2], [3, 3], [1, 2], [2, 3]],1216,472,1211,524
204229,1,31,24,[9, 6, 11, 3, 1, 4],[[1, 1], [2, 1], [3, 2], [3, 3], [1, 2], [2, 3]],1196,496,1204,532
204274,1,31,24,[9, 6, 11, 3, 1, 4],[[1, 1], [2, 1], [3, 2], [3, 3], [1, 2], [2, 3]],1211,527,1196,543
204344,1,31,24,[9, 6, 11, 3, 1, 4],[[1, 1], [2, 1], [3, 2], [3, 3], [1, 2], [2, 3]],1218,519,1191,556
204398,1,31,24,[9, 6, 11, 3, 1, 4],[[1, 1], [2, 1], [3, 2], [3, 3], [1, 2], [2, 3]],1205,508,1191,556
204441,1,31,24,[9, 6, 11, 3, 1, 4],[[1, 1], [2, 1], [3, 2], [3, 3], [1, 2], [2, 3]],1204,505,1197,556
204514,1,31,24,[9, 6, 11, 3, 1, 4],[[1, 1], [2, 1], [3, 2], [3, 3], [1, 2], [2, 3]],1211,481,1224,505
204577,1,31,24,[9, 6, 11, 3, 1, 4],[[1, 1], [2, 1], [3, 2], [3, 3], [1, 2], [2, 3]],1243,501,1224,461
204644,1,31,24,[9, 6, 11, 3, 1, 4],[[1, 1], [2, 1], [3, 2], [3, 3], [1, 2], [2, 3]],1259,518,1224,461
204743,1,31,24,[9, 6, 11, 3, 1, 4],[[1, 1], [2, 1], [3, 2], [3, 3], [1, 2], [2, 3]],1236,501,1228,444
204817,1,31,24,[9, 6, 11, 3, 1, 4],[[1, 1], [2, 1], [3, 2], [3, 3], [1, 2], [2, 3]],1254,545,1237,428
204876,1,31,24,[9, 6, 11, 3, 1, 4],[[1, 1], [2, 1], [3, 2], [3, 3], [1, 2], [2, 3]],1240,535,1241,428
204932,1,31,24,[9, 6, 11, 3, 1, 4],[[1, 1], [2, 1], [3, 2], [3, 3], [1, 2], [2, 3]],1254,539,1255,433
205004,1,31,24,[9, 6, 11, 3, 1, 4],[[1, 1], [2, 1], [3, 2], [3, 3], [1, 2], [2, 3]],1274,537,1262,443
205080,1,31,24,[9, 6, 11, 3, 1, 4],[[1, 1], [2, 1], [3, 2], [3, 3], [1, 2], [2, 3]],1296,559,1260,470
205187,1,31,24,[9, 6, 11, 3, 1, 4],[[1, 1], [2, 1], [3, 2], [3, 3], [1, 2], [2, 3]],1296,588,1251,515
205237,1,31,24,[9, 6, 11, 3, 1, 4],[[1, 1], [2, 1], [3, 2], [3, 3], [1, 2], [2, 3]],1316,614,1253,541
205306,1,31,24,[9, 6, 11, 3, 1, 4],[[1, 1], [2, 1], [3, 2], [3, 3], [1, 2], [2, 3]],1313,607,1259,571
205368,1,31,24,[9, 6, 11, 3, 1, 4],[[1, 1], [2, 1], [3, 2], [3, 3], [1, 2], [2, 3]],1316,627,1263,596
205431,1,31,24,[9, 6, 11, 3, 1, 4],[[1, 1], [2, 1], [3, 2], [3, 3], [1, 2], [2, 3]],1335,609,1265,600
205496,1,31,24,[9, 6, 11, 3, 1, 4],[[1, 1], [2, 1], [3, 2], [3, 3], [1, 2], [2, 3]],1343,614,1294,581
205549,1,31,24,[9, 6, 11, 3, 1, 4],[[1, 1], [2, 1], [3, 2], [3, 3], [1, 2], [2, 3]],1317,619,1306,578
205602,1,31,24,[9, 6, 11, 3, 1, 4],[[1, 1], [2, 1], [3, 2], [3, 3], [1, 2], [2, 3]],1333,628,1311,579
205656,1,31,24,[9, 6, 11, 3, 1, 4],[[1, 1], [2, 1], [3, 2], [3, 3], [1, 2], [2, 3]],1346,654,1318,582
205704,1,31,24,[9, 6, 11, 3, 1, 4],[[1, 1], [2, 1], [3, 2], [3, 3], [1, 2], [2, 3]],1315,667,1353,584
205758,1,31,24,[9, 6, 11, 3, 1, 4],[[1, 1], [2, 1], [3, 2], [3, 3], [1, 2], [2, 3]],1300,668,1361,584
205812,1,31,24,[9, 6, 11, 3, 1, 4],[[1, 1], [2, 1], [3, 2], [3, 3], [1, 2], [2, 3]],1298,632,1371,585
205875,1,31,24,[9, 6, 11, 3, 1, 4],[[1, 1], [2, 1], [3, 2], [3, 3], [1, 2], [2, 3]],1302,621,1373,596
205921,1,31,24,[9, 6, 11, 3, 1, 4],[[1, 1], [2, 1], [3, 2], [3, 3], [1, 2], [2, 3]],1321,607,1362,624
205977,1,31,24,[9, 6, 11, 3, 1, 4],[[1, 1], [2, 1], [3, 2], [3, 3], [1, 2], [2, 3]],1315,604,1359,637
206033,1,31,24,[9, 6, 11, 3, 1, 4],[[1, 1], [2, 1], [3, 2], [3, 3], [1, 2], [2, 3]],1316,588,1348,643
206089,1,31,24,[9, 6, 11, 3, 1, 4],[[1, 1], [2, 1], [3, 2], [3, 3], [1, 2], [2, 3]],1334,619,1324,652
206156,1,31,24,[9, 6, 11, 3, 1, 4],[[1, 1], [2, 1], [3, 2], [3, 3], [1, 2], [2, 3]],1345,621,1284,642
206243,1,31,24,[9, 6, 11, 3, 1, 4],[[1, 1], [2, 1], [3, 2], [3, 3], [1, 2], [2, 3]],1339,615,1270,604
206318,1,31,24,[9, 6, 11, 3, 1, 4],[[1, 1], [2, 1], [3, 2], [3, 3], [1, 2], [2, 3]],1331,618,1281,581
206383,1,31,24,[9, 6, 11, 3, 1, 4],[[1, 1], [2, 1], [3, 2], [3, 3], [1, 2], [2, 3]],1336,604,1288,579
206452,1,31,24,[9, 6, 11, 3, 1, 4],[[1, 1], [2, 1], [3, 2], [3, 3], [1, 2], [2, 3]],1325,607,1301,588
206496,1,31,24,[9, 6, 11, 3, 1, 4],[[1, 1], [2, 1], [3, 2], [3, 3], [1, 2], [2, 3]],1337,609,1310,596
206549,1,31,24,[9, 6, 11, 3, 1, 4],[[1, 1], [2, 1], [3, 2], [3, 3], [1, 2], [2, 3]],1342,593,1321,609
206597,1,31,24,[9, 6, 11, 3, 1, 4],[[1, 1], [2, 1], [3, 2], [3, 3], [1, 2], [2, 3]],1331,611,1322,618
206645,1,31,24,[9, 6, 11, 3, 1, 4],[[1, 1], [2, 1], [3, 2], [3, 3], [1, 2], [2, 3]],1336,625,1322,630
206722,1,31,24,[9, 6, 11, 3, 1, 4],[[1, 1], [2, 1], [3, 2], [3, 3], [1, 2], [2, 3]],1330,631,1316,635
206765,1,31,24,[9, 6, 11, 3, 1, 4],[[1, 1], [2, 1], [3, 2], [3, 3], [1, 2], [2, 3]],1338,646,1309,636
206835,1,31,24,[9, 6, 11, 3, 1, 4],[[1, 1], [2, 1], [3, 2], [3, 3], [1, 2], [2, 3]],1355,626,1295,628
206886,1,31,24,[9, 6, 11, 3, 1, 4],[[1, 1], [2, 1], [3, 2], [3, 3], [1, 2], [2, 3]],1355,616,1290,621
206950,1,31,24,[9, 6, 11, 3, 1, 4],[[1, 1], [2, 1], [3, 2], [3, 3], [1, 2], [2, 3]],1345,632,1294,622
206991,1,31,24,[9, 6, 11, 3, 1, 4],[[1, 1], [2, 1], [3, 2], [3, 3], [1, 2], [2, 3]],1338,616,1298,624
207074,1,31,24,[9, 6, 11, 3, 1, 4],[[1, 1], [2, 1], [3, 2], [3, 3], [1, 2], [2, 3]],1355,627,1310,631
207117,1,31,24,[9, 6, 11, 3, 1, 4],[[1, 1], [2, 1], [3, 2], [3, 3], [1, 2], [2, 3]],1337,593,1314,633
207175,1,31,24,[9, 6, 11, 3, 1, 4],[[1, 1], [2, 1], [3, 2], [3, 3], [1, 2], [2, 3]],1312,607,1314,633
207223,1,31,24,[9, 6, 11, 3, 1, 4],[[1, 1], [2, 1], [3, 2], [3, 3], [1, 2], [2, 3]],1311,611,1319,626
207314,1,31,24,[9, 6, 11, 3, 1, 4],[[1, 1], [2, 1], [3, 2], [3, 3], [1, 2], [2, 3]],1312,636,1308,546
207390,1,31,24,[9, 6, 11, 3, 1, 4],[[1, 1], [2, 1], [3, 2], [3, 3], [1, 2], [2, 3]],1311,631,1292,519
207440,1,31,24,[9, 6, 11, 3, 1, 4],[[1, 1], [2, 1], [3, 2], [3, 3], [1, 2], [2, 3]],1298,640,1290,518
207508,1,31,24,[9, 6, 11, 3, 1, 4],[[1, 1], [2, 1], [3, 2], [3, 3], [1, 2], [2, 3]],1297,617,1285,523
207568,1,31,24,[9, 6, 11, 3, 1, 4],[[1, 1], [2, 1], [3, 2], [3, 3], [1, 2], [2, 3]],1297,612,1274,535
207627,1,31,24,[9, 6, 11, 3, 1, 4],[[1, 1], [2, 1], [3, 2], [3, 3], [1, 2], [2, 3]],1306,615,1284,570
207689,1,31,24,[9, 6, 11, 3, 1, 4],[[1, 1], [2, 1], [3, 2], [3, 3], [1, 2], [2, 3]],1303,621,1295,586
207725,1,31,24,[9, 6, 11, 3, 1, 4],[[1, 1], [2, 1], [3, 2], [3, 3], [1, 2], [2, 3]],1294,600,1298,589
207784,1,31,24,[9, 6, 11, 3, 1, 4],[[1, 1], [2, 1], [3, 2], [3, 3], [1, 2], [2, 3]],1299,595,1310,594
207838,1,31,24,[9, 6, 11, 3, 1, 4],[[1, 1], [2, 1], [3, 2], [3, 3], [1, 2], [2, 3]],1293,597,1315,596
207903,1,31,24,[9, 6, 11, 3, 1, 4],[[1, 1], [2, 1], [3, 2], [3, 3], [1, 2], [2, 3]],1301,615,1325,600
207961,1,31,24,[9, 6, 11, 3, 1, 4],[[1, 1], [2, 1], [3, 2], [3, 3], [1, 2], [2, 3]],1292,607,1330,606
208002,1,31,24,[9, 6, 11, 3, 1, 4],[[1, 1], [2, 1], [3, 2], [3, 3], [1, 2], [2, 3]],1290,604,1340,621
208066,1,31,24,[9, 6, 11, 3, 1, 4],[[1, 1], [2, 1], [3, 2], [3, 3], [1, 2], [2, 3]],1300,598,1342,626
208135,1,32,2,[9, 6, 10, 2, 5, 8],[[1, 1], [2, 1], [1, 2], [1, 3], [2, 3], [3, 2]],1329,582,1331,620
208186,1,32,2,[9, 6, 10, 2, 5, 8],[[1, 1], [2, 1], [1, 2], [1, 3], [2, 3], [3, 2]],1337,609,1322,614
208244,1,32,2,[9, 6, 10, 2, 5, 8],[[1, 1], [2, 1], [1, 2], [1, 3], [2, 3], [3, 2]],1347,630,1322,614
208294,1,32,2,[9, 6, 10, 2, 5, 8],[[1, 1], [2, 1], [1, 2], [1, 3], [2, 3], [3, 2]],1344,629,1317,613
208337,1,32,2,[9, 6, 10, 2, 5, 8],[[1, 1], [2, 1], [1, 2], [1, 3], [2, 3], [3, 2]],1360,636,1317,613
208396,1,32,2,[9, 6, 10, 2, 5, 8],[[1, 1], [2, 1], [1, 2], [1, 3], [2, 3], [3, 2]],1340,641,1317,613
208454,1,32,2,[9, 6, 10, 2, 5, 8],[[1, 1], [2, 1], [1, 2], [1, 3], [2, 3], [3, 2]],1325,646,1323,615
208555,1,32,2,[9, 6, 10, 2, 5, 8],[[1, 1], [2, 1], [1, 2], [1, 3], [2, 3], [3, 2]],1318,639,1342,626
208605,1,32,2,[9, 6, 10, 2, 5, 8],[[1, 1], [2, 1], [1, 2], [1, 3], [2, 3], [3, 2]],1307,656,1354,639
208673,1,32,2,[9, 6, 10, 2, 5, 8],[[1, 1], [2, 1], [1, 2], [1, 3], [2, 3], [3, 2]],1297,665,1354,655
208757,1,32,2,[9, 6, 10, 2, 5, 8],[[1, 1], [2, 1], [1, 2], [1, 3], [2, 3], [3, 2]],1321,647,1360,676
208829,1,32,2,[9, 6, 10, 2, 5, 8],[[1, 1], [2, 1], [1, 2], [1, 3], [2, 3], [3, 2]],1307,652,1362,678
208887,1,32,2,[9, 6, 10, 2, 5, 8],[[1, 1], [2, 1], [1, 2], [1, 3], [2, 3], [3, 2]],1312,649,1361,678
208942,1,32,2,[9, 6, 10, 2, 5, 8],[[1, 1], [2, 1], [1, 2], [1, 3], [2, 3], [3, 2]],1302,649,1324,632
209003,1,32,2,[9, 6, 10, 2, 5, 8],[[1, 1], [2, 1], [1, 2], [1, 3], [2, 3], [3, 2]],1300,685,1290,586
209058,1,32,2,[9, 6, 10, 2, 5, 8],[[1, 1], [2, 1], [1, 2], [1, 3], [2, 3], [3, 2]],1323,706,1290,585
209123,1,32,2,[9, 6, 10, 2, 5, 8],[[1, 1], [2, 1], [1, 2], [1, 3], [2, 3], [3, 2]],1329,717,1287,585
209175,1,32,2,[9, 6, 10, 2, 5, 8],[[1, 1], [2, 1], [1, 2], [1, 3], [2, 3], [3, 2]],1347,731,1288,591
209267,1,32,2,[9, 6, 10, 2, 5, 8],[[1, 1], [2, 1], [1, 2], [1, 3], [2, 3], [3, 2]],1355,725,1289,593
209331,1,32,2,[9, 6, 10, 2, 5, 8],[[1, 1], [2, 1], [1, 2], [1, 3], [2, 3], [3, 2]],1376,724,1307,634
209400,1,32,2,[9, 6, 10, 2, 5, 8],[[1, 1], [2, 1], [1, 2], [1, 3], [2, 3], [3, 2]],1388,739,1323,662
209458,1,32,2,[9, 6, 10, 2, 5, 8],[[1, 1], [2, 1], [1, 2], [1, 3], [2, 3], [3, 2]],1367,746,1333,675
209512,1,32,2,[9, 6, 10, 2, 5, 8],[[1, 1], [2, 1], [1, 2], [1, 3], [2, 3], [3, 2]],1361,756,1342,680
209580,1,32,2,[9, 6, 10, 2, 5, 8],[[1, 1], [2, 1], [1, 2], [1, 3], [2, 3], [3, 2]],1363,761,1369,690
209627,1,32,2,[9, 6, 10, 2, 5, 8],[[1, 1], [2, 1], [1, 2], [1, 3], [2, 3], [3, 2]],1382,760,1378,691
209681,1,32,2,[9, 6, 10, 2, 5, 8],[[1, 1], [2, 1], [1, 2], [1, 3], [2, 3], [3, 2]],1376,741,1394,691
209740,1,32,2,[9, 6, 10, 2, 5, 8],[[1, 1], [2, 1], [1, 2], [1, 3], [2, 3], [3, 2]],1370,733,1401,691
209794,1,32,2,[9, 6, 10, 2, 5, 8],[[1, 1], [2, 1], [1, 2], [1, 3], [2, 3], [3, 2]],1369,719,1404,691
209835,1,32,2,[9, 6, 10, 2, 5, 8],[[1, 1], [2, 1], [1, 2], [1, 3], [2, 3], [3, 2]],1358,698,1409,691
209888,1,32,2,[9, 6, 10, 2, 5, 8],[[1, 1], [2, 1], [1, 2], [1, 3], [2, 3], [3, 2]],1358,712,1409,691
209958,1,32,2,[9, 6, 10, 2, 5, 8],[[1, 1], [2, 1], [1, 2], [1, 3], [2, 3], [3, 2]],1369,734,1407,692
210003,1,32,2,[9, 6, 10, 2, 5, 8],[[1, 1], [2, 1], [1, 2], [1, 3], [2, 3], [3, 2]],1372,721,1406,693
210072,1,32,2,[9, 6, 10, 2, 5, 8],[[1, 1], [2, 1], [1, 2], [1, 3], [2, 3], [3, 2]],1351,741,1406,694
210147,1,32,2,[9, 6, 10, 2, 5, 8],[[1, 1], [2, 1], [1, 2], [1, 3], [2, 3], [3, 2]],1345,749,1401,694
210218,1,32,2,[9, 6, 10, 2, 5, 8],[[1, 1], [2, 1], [1, 2], [1, 3], [2, 3], [3, 2]],1341,741,1401,694
210298,1,32,2,[9, 6, 10, 2, 5, 8],[[1, 1], [2, 1], [1, 2], [1, 3], [2, 3], [3, 2]],1348,737,1401,694
210346,1,32,2,[9, 6, 10, 2, 5, 8],[[1, 1], [2, 1], [1, 2], [1, 3], [2, 3], [3, 2]],1398,750,1401,698
210396,1,32,2,[9, 6, 10, 2, 5, 8],[[1, 1], [2, 1], [1, 2], [1, 3], [2, 3], [3, 2]],1402,751,1401,706
210443,1,32,2,[9, 6, 10, 2, 5, 8],[[1, 1], [2, 1], [1, 2], [1, 3], [2, 3], [3, 2]],1424,752,1401,717
210484,1,32,2,[9, 6, 10, 2, 5, 8],[[1, 1], [2, 1], [1, 2], [1, 3], [2, 3], [3, 2]],1406,743,1400,731
210530,1,32,2,[9, 6, 10, 2, 5, 8],[[1, 1], [2, 1], [1, 2], [1, 3], [2, 3], [3, 2]],1384,734,1405,746
210604,1,32,2,[9, 6, 10, 2, 5, 8],[[1, 1], [2, 1], [1, 2], [1, 3], [2, 3], [3, 2]],1382,730,1406,763
210649,1,32,2,[9, 6, 10, 2, 5, 8],[[1, 1], [2, 1], [1, 2], [1, 3], [2, 3], [3, 2]],1365,726,1406,764
210739,1,32,2,[9, 6, 10, 2, 5, 8],[[1, 1], [2, 1], [1, 2], [1, 3], [2, 3], [3, 2]],1389,700,1417,769
210788,1,32,2,[9, 6, 10, 2, 5, 8],[[1, 1], [2, 1], [1, 2], [1, 3], [2, 3], [3, 2]],1380,709,1431,764
210842,1,32,2,[9, 6, 10, 2, 5, 8],[[1, 1], [2, 1], [1, 2], [1, 3], [2, 3], [3, 2]],1384,699,1431,746
210904,1,32,2,[9, 6, 10, 2, 5, 8],[[1, 1], [2, 1], [1, 2], [1, 3], [2, 3], [3, 2]],1381,704,1414,727
210972,1,32,2,[9, 6, 10, 2, 5, 8],[[1, 1], [2, 1], [1, 2], [1, 3], [2, 3], [3, 2]],1362,716,1407,703
211025,1,32,2,[9, 6, 10, 2, 5, 8],[[1, 1], [2, 1], [1, 2], [1, 3], [2, 3], [3, 2]],1343,721,1397,682
211081,1,32,2,[9, 6, 10, 2, 5, 8],[[1, 1], [2, 1], [1, 2], [1, 3], [2, 3], [3, 2]],1320,725,1394,678
211126,1,32,2,[9, 6, 10, 2, 5, 8],[[1, 1], [2, 1], [1, 2], [1, 3], [2, 3], [3, 2]],1321,719,1390,676
211193,1,32,2,[9, 6, 10, 2, 5, 8],[[1, 1], [2, 1], [1, 2], [1, 3], [2, 3], [3, 2]],1314,729,1390,676
211242,1,32,2,[9, 6, 10, 2, 5, 8],[[1, 1], [2, 1], [1, 2], [1, 3], [2, 3], [3, 2]],1324,730,1390,676
211318,1,32,2,[9, 6, 10, 2, 5, 8],[[1, 1], [2, 1], [1, 2], [1, 3], [2, 3], [3, 2]],1321,732,1399,685
211376,1,32,2,[9, 6, 10, 2, 5, 8],[[1, 1], [2, 1], [1, 2], [1, 3], [2, 3], [3, 2]],1347,737,1416,697
211429,1,32,2,[9, 6, 10, 2, 5, 8],[[1, 1], [2, 1], [1, 2], [1, 3], [2, 3], [3, 2]],1342,748,1417,700
211483,1,32,2,[9, 6, 10, 2, 5, 8],[[1, 1], [2, 1], [1, 2], [1, 3], [2, 3], [3, 2]],1336,757,1417,701
211532,1,32,2,[9, 6, 10, 2, 5, 8],[[1, 1], [2, 1], [1, 2], [1, 3], [2, 3], [3, 2]],1317,763,1404,708
211599,1,32,2,[9, 6, 10, 2, 5, 8],[[1, 1], [2, 1], [1, 2], [1, 3], [2, 3], [3, 2]],1301,770,1390,713
211667,1,32,2,[9, 6, 10, 2, 5, 8],[[1, 1], [2, 1], [1, 2], [1, 3], [2, 3], [3, 2]],1340,763,1368,715
211720,1,32,2,[9, 6, 10, 2, 5, 8],[[1, 1], [2, 1], [1, 2], [1, 3], [2, 3], [3, 2]],1358,757,1363,715
211768,1,32,2,[9, 6, 10, 2, 5, 8],[[1, 1], [2, 1], [1, 2], [1, 3], [2, 3], [3, 2]],1349,744,1360,719
211821,1,32,2,[9, 6, 10, 2, 5, 8],[[1, 1], [2, 1], [1, 2], [1, 3], [2, 3], [3, 2]],1359,748,1352,733
211883,1,32,2,[9, 6, 10, 2, 5, 8],[[1, 1], [2, 1], [1, 2], [1, 3], [2, 3], [3, 2]],1338,747,1341,748
211940,1,32,2,[9, 6, 10, 2, 5, 8],[[1, 1], [2, 1], [1, 2], [1, 3], [2, 3], [3, 2]],1326,744,1341,748
211993,1,32,2,[9, 6, 10, 2, 5, 8],[[1, 1], [2, 1], [1, 2], [1, 3], [2, 3], [3, 2]],1332,759,1341,748
212051,1,32,2,[9, 6, 10, 2, 5, 8],[[1, 1], [2, 1], [1, 2], [1, 3], [2, 3], [3, 2]],1335,764,1341,748
212113,1,32,2,[9, 6, 10, 2, 5, 8],[[1, 1], [2, 1], [1, 2], [1, 3], [2, 3], [3, 2]],1342,745,1341,748
212176,1,32,2,[9, 6, 10, 2, 5, 8],[[1, 1], [2, 1], [1, 2], [1, 3], [2, 3], [3, 2]],1355,759,1341,748
212239,1,33,11,[7, 12, 11, 3, 1, 4],[[1, 1], [2, 1], [1, 2], [1, 3], [2, 2], [3, 3]],1358,768,1341,748
212293,1,33,11,[7, 12, 11, 3, 1, 4],[[1, 1], [2, 1], [1, 2], [1, 3], [2, 2], [3, 3]],1379,782,1341,748
212351,1,33,11,[7, 12, 11, 3, 1, 4],[[1, 1], [2, 1], [1, 2], [1, 3], [2, 2], [3, 3]],1379,779,1341,748
212398,1,33,11,[7, 12, 11, 3, 1, 4],[[1, 1], [2, 1], [1, 2], [1, 3], [2, 2], [3, 3]],1393,767,1341,748
212438,1,33,11,[7, 12, 11, 3, 1, 4],[[1, 1], [2, 1], [1, 2], [1, 3], [2, 2], [3, 3]],1405,759,1341,748
212480,1,33,11,[7, 12, 11, 3, 1, 4],[[1, 1], [2, 1], [1, 2], [1, 3], [2, 2], [3, 3]],1395,758,1341,750
212538,1,33,11,[7, 12, 11, 3, 1, 4],[[1, 1], [2, 1], [1, 2], [1, 3], [2, 2], [3, 3]],1388,763,1341,750
212582,1,33,11,[7, 12, 11, 3, 1, 4],[[1, 1], [2, 1], [1, 2], [1, 3], [2, 2], [3, 3]],1377,753,1341,750
212658,1,33,11,[7, 12, 11, 3, 1, 4],[[1, 1], [2, 1], [1, 2], [1, 3], [2, 2], [3, 3]],1390,789,1354,759
212706,1,33,11,[7, 12, 11, 3, 1, 4],[[1, 1], [2, 1], [1, 2], [1, 3], [2, 2], [3, 3]],1392,778,1361,763
212754,1,33,11,[7, 12, 11, 3, 1, 4],[[1, 1], [2, 1], [1, 2], [1, 3], [2, 2], [3, 3]],1397,770,1378,762
212802,1,33,11,[7, 12, 11, 3, 1, 4],[[1, 1], [2, 1], [1, 2], [1, 3], [2, 2], [3, 3]],1396,755,1399,748
212862,1,33,11,[7, 12, 11, 3, 1, 4],[[1, 1], [2, 1], [1, 2], [1, 3], [2, 2], [3, 3]],1387,750,1400,748
212910,1,33,11,[7, 12, 11, 3, 1, 4],[[1, 1], [2, 1], [1, 2], [1, 3], [2, 2], [3, 3]],1368,742,1401,748
212995,1,33,11,[7, 12, 11, 3, 1, 4],[[1, 1], [2, 1], [1, 2], [1, 3], [2, 2], [3, 3]],1358,754,1405,750
213053,1,33,11,[7, 12, 11, 3, 1, 4],[[1, 1], [2, 1], [1, 2], [1, 3], [2, 2], [3, 3]],1363,781,1423,761
213095,1,33,11,[7, 12, 11, 3, 1, 4],[[1, 1], [2, 1], [1, 2], [1, 3], [2, 2], [3, 3]],1345,764,1429,765
213165,1,33,11,[7, 12, 11, 3, 1, 4],[[1, 1], [2, 1], [1, 2], [1, 3], [2, 2], [3, 3]],1363,752,1429,765
213215,1,33,11,[7, 12, 11, 3, 1, 4],[[1, 1], [2, 1], [1, 2], [1, 3], [2, 2], [3, 3]],1354,759,1429,767
213267,1,33,11,[7, 12, 11, 3, 1, 4],[[1, 1], [2, 1], [1, 2], [1, 3], [2, 2], [3, 3]],1382,781,1428,767
213311,1,33,11,[7, 12, 11, 3, 1, 4],[[1, 1], [2, 1], [1, 2], [1, 3], [2, 2], [3, 3]],1369,759,1417,761
213375,1,33,11,[7, 12, 11, 3, 1, 4],[[1, 1], [2, 1], [1, 2], [1, 3], [2, 2], [3, 3]],1373,754,1393,753
213433,1,33,11,[7, 12, 11, 3, 1, 4],[[1, 1], [2, 1], [1, 2], [1, 3], [2, 2], [3, 3]],1383,746,1388,753
213497,1,33,11,[7, 12, 11, 3, 1, 4],[[1, 1], [2, 1], [1, 2], [1, 3], [2, 2], [3, 3]],1378,714,1384,753
213570,1,33,11,[7, 12, 11, 3, 1, 4],[[1, 1], [2, 1], [1, 2], [1, 3], [2, 2], [3, 3]],1362,755,1384,753
213629,1,33,11,[7, 12, 11, 3, 1, 4],[[1, 1], [2, 1], [1, 2], [1, 3], [2, 2], [3, 3]],1368,765,1384,753
213682,1,33,11,[7, 12, 11, 3, 1, 4],[[1, 1], [2, 1], [1, 2], [1, 3], [2, 2], [3, 3]],1368,778,1389,753
213736,1,33,11,[7, 12, 11, 3, 1, 4],[[1, 1], [2, 1], [1, 2], [1, 3], [2, 2], [3, 3]],1365,777,1396,749
213783,1,33,11,[7, 12, 11, 3, 1, 4],[[1, 1], [2, 1], [1, 2], [1, 3], [2, 2], [3, 3]],1338,772,1397,733
213829,1,33,11,[7, 12, 11, 3, 1, 4],[[1, 1], [2, 1], [1, 2], [1, 3], [2, 2], [3, 3]],1337,768,1387,699
213887,1,33,11,[7, 12, 11, 3, 1, 4],[[1, 1], [2, 1], [1, 2], [1, 3], [2, 2], [3, 3]],1340,764,1379,693
213949,1,33,11,[7, 12, 11, 3, 1, 4],[[1, 1], [2, 1], [1, 2], [1, 3], [2, 2], [3, 3]],1337,741,1378,692
214025,1,33,11,[7, 12, 11, 3, 1, 4],[[1, 1], [2, 1], [1, 2], [1, 3], [2, 2], [3, 3]],1341,737,1364,710
214074,1,33,11,[7, 12, 11, 3, 1, 4],[[1, 1], [2, 1], [1, 2], [1, 3], [2, 2], [3, 3]],1370,766,1357,718
214147,1,33,11,[7, 12, 11, 3, 1, 4],[[1, 1], [2, 1], [1, 2], [1, 3], [2, 2], [3, 3]],1370,775,1352,725
214200,1,33,11,[7, 12, 11, 3, 1, 4],[[1, 1], [2, 1], [1, 2], [1, 3], [2, 2], [3, 3]],1358,765,1345,732
214254,1,33,11,[7, 12, 11, 3, 1, 4],[[1, 1], [2, 1], [1, 2], [1, 3], [2, 2], [3, 3]],1347,762,1334,736
214313,1,33,11,[7, 12, 11, 3, 1, 4],[[1, 1], [2, 1], [1, 2], [1, 3], [2, 2], [3, 3]],1361,757,1324,739
214388,1,33,11,[7, 12, 11, 3, 1, 4],[[1, 1], [2, 1], [1, 2], [1, 3], [2, 2], [3, 3]],1343,756,1324,739
214429,1,33,11,[7, 12, 11, 3, 1, 4],[[1, 1], [2, 1], [1, 2], [1, 3], [2, 2], [3, 3]],1337,780,1324,739
214496,1,33,11,[7, 12, 11, 3, 1, 4],[[1, 1], [2, 1], [1, 2], [1, 3], [2, 2], [3, 3]],1331,740,1335,747
214547,1,33,11,[7, 12, 11, 3, 1, 4],[[1, 1], [2, 1], [1, 2], [1, 3], [2, 2], [3, 3]],1320,730,1356,759
214621,1,33,11,[7, 12, 11, 3, 1, 4],[[1, 1], [2, 1], [1, 2], [1, 3], [2, 2], [3, 3]],1320,759,1371,766
214662,1,33,11,[7, 12, 11, 3, 1, 4],[[1, 1], [2, 1], [1, 2], [1, 3], [2, 2], [3, 3]],1337,726,1380,766
214732,1,33,11,[7, 12, 11, 3, 1, 4],[[1, 1], [2, 1], [1, 2], [1, 3], [2, 2], [3, 3]],1347,725,1382,766
214787,1,33,11,[7, 12, 11, 3, 1, 4],[[1, 1], [2, 1], [1, 2], [1, 3], [2, 2], [3, 3]],1363,720,1387,767
214825,1,33,11,[7, 12, 11, 3, 1, 4],[[1, 1], [2, 1], [1, 2], [1, 3], [2, 2], [3, 3]],1343,733,1387,767
214889,1,33,11,[7, 12, 11, 3, 1, 4],[[1, 1], [2, 1], [1, 2], [1, 3], [2, 2], [3, 3]],1332,748,1387,767
214950,1,33,11,[7, 12, 11, 3, 1, 4],[[1, 1], [2, 1], [1, 2], [1, 3], [2, 2], [3, 3]],1299,755,1390,762
215013,1,33,11,[7, 12, 11, 3, 1, 4],[[1, 1], [2, 1], [1, 2], [1, 3], [2, 2], [3, 3]],1297,774,1391,753
215060,1,33,11,[7, 12, 11, 3, 1, 4],[[1, 1], [2, 1], [1, 2], [1, 3], [2, 2], [3, 3]],1289,742,1385,745
215112,1,33,11,[7, 12, 11, 3, 1, 4],[[1, 1], [2, 1], [1, 2], [1, 3], [2, 2], [3, 3]],1289,720,1375,736
215177,1,33,11,[7, 12, 11, 3, 1, 4],[[1, 1], [2, 1], [1, 2], [1, 3], [2, 2], [3, 3]],1282,725,1371,735
215257,1,33,11,[7, 12, 11, 3, 1, 4],[[1, 1], [2, 1], [1, 2], [1, 3], [2, 2], [3, 3]],1262,688,1368,734
215297,1,33,11,[7, 12, 11, 3, 1, 4],[[1, 1], [2, 1], [1, 2], [1, 3], [2, 2], [3, 3]],1282,684,1366,734
215364,1,33,11,[7, 12, 11, 3, 1, 4],[[1, 1], [2, 1], [1, 2], [1, 3], [2, 2], [3, 3]],1276,693,1366,734
215416,1,33,11,[7, 12, 11, 3, 1, 4],[[1, 1], [2, 1], [1, 2], [1, 3], [2, 2], [3, 3]],1246,691,1366,734
215465,1,33,11,[7, 12, 11, 3, 1, 4],[[1, 1], [2, 1], [1, 2], [1, 3], [2, 2], [3, 3]],1243,721,1363,734
215519,1,33,11,[7, 12, 11, 3, 1, 4],[[1, 1], [2, 1], [1, 2], [1, 3], [2, 2], [3, 3]],1263,737,1358,735
215581,1,33,11,[7, 12, 11, 3, 1, 4],[[1, 1], [2, 1], [1, 2], [1, 3], [2, 2], [3, 3]],1281,746,1351,736
215641,1,33,11,[7, 12, 11, 3, 1, 4],[[1, 1], [2, 1], [1, 2], [1, 3], [2, 2], [3, 3]],1298,742,1323,725
215694,1,33,11,[7, 12, 11, 3, 1, 4],[[1, 1], [2, 1], [1, 2], [1, 3], [2, 2], [3, 3]],1283,742,1292,716
215768,1,33,11,[7, 12, 11, 3, 1, 4],[[1, 1], [2, 1], [1, 2], [1, 3], [2, 2], [3, 3]],1299,744,1292,726
215831,1,33,11,[7, 12, 11, 3, 1, 4],[[1, 1], [2, 1], [1, 2], [1, 3], [2, 2], [3, 3]],1278,745,1290,729
215884,1,33,11,[7, 12, 11, 3, 1, 4],[[1, 1], [2, 1], [1, 2], [1, 3], [2, 2], [3, 3]],1300,752,1290,729
215947,1,33,11,[7, 12, 11, 3, 1, 4],[[1, 1], [2, 1], [1, 2], [1, 3], [2, 2], [3, 3]],1313,756,1287,730
216006,1,33,11,[7, 12, 11, 3, 1, 4],[[1, 1], [2, 1], [1, 2], [1, 3], [2, 2], [3, 3]],1320,760,1287,730
216061,1,33,11,[7, 12, 11, 3, 1, 4],[[1, 1], [2, 1], [1, 2], [1, 3], [2, 2], [3, 3]],1310,765,1287,730
216110,1,33,11,[7, 12, 11, 3, 1, 4],[[1, 1], [2, 1], [1, 2], [1, 3], [2, 2], [3, 3]],1279,762,1295,729
216174,1,33,11,[7, 12, 11, 3, 1, 4],[[1, 1], [2, 1], [1, 2], [1, 3], [2, 2], [3, 3]],1287,759,1316,722
216232,1,33,11,[7, 12, 11, 3, 1, 4],[[1, 1], [2, 1], [1, 2], [1, 3], [2, 2], [3, 3]],1289,764,1353,732
216299,1,34,81,[7, 12, 10, 2, 1, 4],[[1, 3], [2, 3], [1, 1], [1, 2], [2, 2], [3, 3]],1280,779,1367,740
216364,1,34,81,[7, 12, 10, 2, 1, 4],[[1, 3], [2, 3], [1, 1], [1, 2], [2, 2], [3, 3]],1284,753,1377,751
216426,1,34,81,[7, 12, 10, 2, 1, 4],[[1, 3], [2, 3], [1, 1], [1, 2], [2, 2], [3, 3]],1260,746,1379,759
216465,1,34,81,[7, 12, 10, 2, 1, 4],[[1, 3], [2, 3], [1, 1], [1, 2], [2, 2], [3, 3]],1251,754,1376,761
216527,1,34,81,[7, 12, 10, 2, 1, 4],[[1, 3], [2, 3], [1, 1], [1, 2], [2, 2], [3, 3]],1247,748,1347,764
216571,1,34,81,[7, 12, 10, 2, 1, 4],[[1, 3], [2, 3], [1, 1], [1, 2], [2, 2], [3, 3]],1259,721,1322,762
216627,1,34,81,[7, 12, 10, 2, 1, 4],[[1, 3], [2, 3], [1, 1], [1, 2], [2, 2], [3, 3]],1237,711,1303,752
216702,1,34,81,[7, 12, 10, 2, 1, 4],[[1, 3], [2, 3], [1, 1], [1, 2], [2, 2], [3, 3]],1221,700,1295,749
216770,1,34,81,[7, 12, 10, 2, 1, 4],[[1, 3], [2, 3], [1, 1], [1, 2], [2, 2], [3, 3]],1215,721,1255,733
216822,1,34,81,[7, 12, 10, 2, 1, 4],[[1, 3], [2, 3], [1, 1], [1, 2], [2, 2], [3, 3]],1214,717,1236,725
216864,1,34,81,[7, 12, 10, 2, 1, 4],[[1, 3], [2, 3], [1, 1], [1, 2], [2, 2], [3, 3]],1234,711,1232,724
216929,1,34,81,[7, 12, 10, 2, 1, 4],[[1, 3], [2, 3], [1, 1], [1, 2], [2, 2], [3, 3]],1216,702,1217,704
216972,1,34,81,[7, 12, 10, 2, 1, 4],[[1, 3], [2, 3], [1, 1], [1, 2], [2, 2], [3, 3]],1234,686,1212,702
217038,1,34,81,[7, 12, 10, 2, 1, 4],[[1, 3], [2, 3], [1, 1], [1, 2], [2, 2], [3, 3]],1219,695,1206,686
217090,1,34,81,[7, 12, 10, 2, 1, 4],[[1, 3], [2, 3], [1, 1], [1, 2], [2, 2], [3, 3]],1237,730,1199,680
217182,1,34,81,[7, 12, 10, 2, 1, 4],[[1, 3], [2, 3], [1, 1], [1, 2], [2, 2], [3, 3]],1235,725,1202,667
217234,1,34,81,[7, 12, 10, 2, 1, 4],[[1, 3], [2, 3], [1, 1], [1, 2], [2, 2], [3, 3]],1226,720,1267,650
217290,1,34,81,[7, 12, 10, 2, 1, 4],[[1, 3], [2, 3], [1, 1], [1, 2], [2, 2], [3, 3]],1228,712,1286,642
217367,1,34,81,[7, 12, 10, 2, 1, 4],[[1, 3], [2, 3], [1, 1], [1, 2], [2, 2], [3, 3]],1209,724,1287,635
217432,1,34,81,[7, 12, 10, 2, 1, 4],[[1, 3], [2, 3], [1, 1], [1, 2], [2, 2], [3, 3]],1201,735,1281,623
217482,1,34,81,[7, 12, 10, 2, 1, 4],[[1, 3], [2, 3], [1, 1], [1, 2], [2, 2], [3, 3]],1228,744,1278,620
217555,1,34,81,[7, 12, 10, 2, 1, 4],[[1, 3], [2, 3], [1, 1], [1, 2], [2, 2], [3, 3]],1198,719,1273,618
217614,1,34,81,[7, 12, 10, 2, 1, 4],[[1, 3], [2, 3], [1, 1], [1, 2], [2, 2], [3, 3]],1206,722,1257,624
217678,1,34,81,[7, 12, 10, 2, 1, 4],[[1, 3], [2, 3], [1, 1], [1, 2], [2, 2], [3, 3]],1212,712,1230,637
217742,1,34,81,[7, 12, 10, 2, 1, 4],[[1, 3], [2, 3], [1, 1], [1, 2], [2, 2], [3, 3]],1223,710,1220,648
217791,1,34,81,[7, 12, 10, 2, 1, 4],[[1, 3], [2, 3], [1, 1], [1, 2], [2, 2], [3, 3]],1255,723,1216,655
217850,1,34,81,[7, 12, 10, 2, 1, 4],[[1, 3], [2, 3], [1, 1], [1, 2], [2, 2], [3, 3]],1214,681,1215,672
217914,1,34,81,[7, 12, 10, 2, 1, 4],[[1, 3], [2, 3], [1, 1], [1, 2], [2, 2], [3, 3]],1212,695,1227,693
217968,1,34,81,[7, 12, 10, 2, 1, 4],[[1, 3], [2, 3], [1, 1], [1, 2], [2, 2], [3, 3]],1213,670,1243,710
218032,1,34,81,[7, 12, 10, 2, 1, 4],[[1, 3], [2, 3], [1, 1], [1, 2], [2, 2], [3, 3]],1208,691,1258,717
218100,1,34,81,[7, 12, 10, 2, 1, 4],[[1, 3], [2, 3], [1, 1], [1, 2], [2, 2], [3, 3]],1213,680,1272,719
218158,1,34,81,[7, 12, 10, 2, 1, 4],[[1, 3], [2, 3], [1, 1], [1, 2], [2, 2], [3, 3]],1213,683,1274,710
218217,1,34,81,[7, 12, 10, 2, 1, 4],[[1, 3], [2, 3], [1, 1], [1, 2], [2, 2], [3, 3]],1208,672,1260,694
218289,1,34,81,[7, 12, 10, 2, 1, 4],[[1, 3], [2, 3], [1, 1], [1, 2], [2, 2], [3, 3]],1209,693,1241,672
218359,1,34,81,[7, 12, 10, 2, 1, 4],[[1, 3], [2, 3], [1, 1], [1, 2], [2, 2], [3, 3]],1211,702,1239,671
218448,1,34,81,[7, 12, 10, 2, 1, 4],[[1, 3], [2, 3], [1, 1], [1, 2], [2, 2], [3, 3]],1197,659,1242,671
218511,1,34,81,[7, 12, 10, 2, 1, 4],[[1, 3], [2, 3], [1, 1], [1, 2], [2, 2], [3, 3]],1188,624,1243,671
218579,1,34,81,[7, 12, 10, 2, 1, 4],[[1, 3], [2, 3], [1, 1], [1, 2], [2, 2], [3, 3]],1173,629,1269,675
218638,1,34,81,[7, 12, 10, 2, 1, 4],[[1, 3], [2, 3], [1, 1], [1, 2], [2, 2], [3, 3]],1196,624,1276,678
218705,1,34,81,[7, 12, 10, 2, 1, 4],[[1, 3], [2, 3], [1, 1], [1, 2], [2, 2], [3, 3]],1201,631,1283,678
218752,1,34,81,[7, 12, 10, 2, 1, 4],[[1, 3], [2, 3], [1, 1], [1, 2], [2, 2], [3, 3]],1189,646,1285,679
218844,1,34,81,[7, 12, 10, 2, 1, 4],[[1, 3], [2, 3], [1, 1], [1, 2], [2, 2], [3, 3]],1192,648,1283,679
218892,1,34,81,[7, 12, 10, 2, 1, 4],[[1, 3], [2, 3], [1, 1], [1, 2], [2, 2], [3, 3]],1181,635,1268,671
218944,1,34,81,[7, 12, 10, 2, 1, 4],[[1, 3], [2, 3], [1, 1], [1, 2], [2, 2], [3, 3]],1141,638,1248,647
218986,1,34,81,[7, 12, 10, 2, 1, 4],[[1, 3], [2, 3], [1, 1], [1, 2], [2, 2], [3, 3]],1130,664,1238,636
219057,1,34,81,[7, 12, 10, 2, 1, 4],[[1, 3], [2, 3], [1, 1], [1, 2], [2, 2], [3, 3]],1132,657,1219,632
219105,1,34,81,[7, 12, 10, 2, 1, 4],[[1, 3], [2, 3], [1, 1], [1, 2], [2, 2], [3, 3]],1148,667,1215,632
219155,1,34,81,[7, 12, 10, 2, 1, 4],[[1, 3], [2, 3], [1, 1], [1, 2], [2, 2], [3, 3]],1146,649,1215,632
219204,1,34,81,[7, 12, 10, 2, 1, 4],[[1, 3], [2, 3], [1, 1], [1, 2], [2, 2], [3, 3]],1153,667,1208,624
219256,1,34,81,[7, 12, 10, 2, 1, 4],[[1, 3], [2, 3], [1, 1], [1, 2], [2, 2], [3, 3]],1159,677,1197,615
219303,1,34,81,[7, 12, 10, 2, 1, 4],[[1, 3], [2, 3], [1, 1], [1, 2], [2, 2], [3, 3]],1183,651,1192,613
219352,1,34,81,[7, 12, 10, 2, 1, 4],[[1, 3], [2, 3], [1, 1], [1, 2], [2, 2], [3, 3]],1174,646,1187,613
219403,1,34,81,[7, 12, 10, 2, 1, 4],[[1, 3], [2, 3], [1, 1], [1, 2], [2, 2], [3, 3]],1165,622,1175,613
219444,1,34,81,[7, 12, 10, 2, 1, 4],[[1, 3], [2, 3], [1, 1], [1, 2], [2, 2], [3, 3]],1161,642,1173,613
219491,1,34,81,[7, 12, 10, 2, 1, 4],[[1, 3], [2, 3], [1, 1], [1, 2], [2, 2], [3, 3]],1180,643,1171,623
219539,1,34,81,[7, 12, 10, 2, 1, 4],[[1, 3], [2, 3], [1, 1], [1, 2], [2, 2], [3, 3]],1176,649,1168,630
219597,1,34,81,[7, 12, 10, 2, 1, 4],[[1, 3], [2, 3], [1, 1], [1, 2], [2, 2], [3, 3]],1173,660,1173,635
219642,1,34,81,[7, 12, 10, 2, 1, 4],[[1, 3], [2, 3], [1, 1], [1, 2], [2, 2], [3, 3]],1169,682,1186,642
219693,1,34,81,[7, 12, 10, 2, 1, 4],[[1, 3], [2, 3], [1, 1], [1, 2], [2, 2], [3, 3]],1181,705,1199,649
219756,1,34,81,[7, 12, 10, 2, 1, 4],[[1, 3], [2, 3], [1, 1], [1, 2], [2, 2], [3, 3]],1178,695,1210,649
219821,1,34,81,[7, 12, 10, 2, 1, 4],[[1, 3], [2, 3], [1, 1], [1, 2], [2, 2], [3, 3]],1188,687,1218,645
219875,1,34,81,[7, 12, 10, 2, 1, 4],[[1, 3], [2, 3], [1, 1], [1, 2], [2, 2], [3, 3]],1193,655,1222,642
219938,1,34,81,[7, 12, 10, 2, 1, 4],[[1, 3], [2, 3], [1, 1], [1, 2], [2, 2], [3, 3]],1193,651,1222,642
219997,1,34,81,[7, 12, 10, 2, 1, 4],[[1, 3], [2, 3], [1, 1], [1, 2], [2, 2], [3, 3]],1179,670,1223,649
220074,1,34,81,[7, 12, 10, 2, 1, 4],[[1, 3], [2, 3], [1, 1], [1, 2], [2, 2], [3, 3]],1202,668,1222,671
220147,1,34,81,[7, 12, 10, 2, 1, 4],[[1, 3], [2, 3], [1, 1], [1, 2], [2, 2], [3, 3]],1205,643,1218,682
220198,1,34,81,[7, 12, 10, 2, 1, 4],[[1, 3], [2, 3], [1, 1], [1, 2], [2, 2], [3, 3]],1197,635,1218,682
220269,1,34,81,[7, 12, 10, 2, 1, 4],[[1, 3], [2, 3], [1, 1], [1, 2], [2, 2], [3, 3]],1182,641,1196,674
220331,1,35,79,[7, 12, 11, 3, 1, 4],[[1, 3], [2, 3], [1, 1], [1, 2], [2, 1], [3, 2]],1160,633,1186,669
220381,1,35,79,[7, 12, 11, 3, 1, 4],[[1, 3], [2, 3], [1, 1], [1, 2], [2, 1], [3, 2]],1148,625,1185,668
220456,1,35,79,[7, 12, 11, 3, 1, 4],[[1, 3], [2, 3], [1, 1], [1, 2], [2, 1], [3, 2]],1167,607,1185,668
220525,1,35,79,[7, 12, 11, 3, 1, 4],[[1, 3], [2, 3], [1, 1], [1, 2], [2, 1], [3, 2]],1179,607,1185,668
220603,1,35,79,[7, 12, 11, 3, 1, 4],[[1, 3], [2, 3], [1, 1], [1, 2], [2, 1], [3, 2]],1190,625,1183,662
220660,1,35,79,[7, 12, 11, 3, 1, 4],[[1, 3], [2, 3], [1, 1], [1, 2], [2, 1], [3, 2]],1201,612,1184,643
220733,1,35,79,[7, 12, 11, 3, 1, 4],[[1, 3], [2, 3], [1, 1], [1, 2], [2, 1], [3, 2]],1180,629,1179,624
220796,1,35,79,[7, 12, 11, 3, 1, 4],[[1, 3], [2, 3], [1, 1], [1, 2], [2, 1], [3, 2]],1187,616,1156,596
220847,1,35,79,[7, 12, 11, 3, 1, 4],[[1, 3], [2, 3], [1, 1], [1, 2], [2, 1], [3, 2]],1186,623,1141,579
220912,1,35,79,[7, 12, 11, 3, 1, 4],[[1, 3], [2, 3], [1, 1], [1, 2], [2, 1], [3, 2]],1192,634,1141,577
220959,1,35,79,[7, 12, 11, 3, 1, 4],[[1, 3], [2, 3], [1, 1], [1, 2], [2, 1], [3, 2]],1181,628,1143,567
221008,1,35,79,[7, 12, 11, 3, 1, 4],[[1, 3], [2, 3], [1, 1], [1, 2], [2, 1], [3, 2]],1175,626,1144,566
221059,1,35,79,[7, 12, 11, 3, 1, 4],[[1, 3], [2, 3], [1, 1], [1, 2], [2, 1], [3, 2]],1150,636,1144,566
221106,1,35,79,[7, 12, 11, 3, 1, 4],[[1, 3], [2, 3], [1, 1], [1, 2], [2, 1], [3, 2]],1164,630,1154,560
221162,1,35,79,[7, 12, 11, 3, 1, 4],[[1, 3], [2, 3], [1, 1], [1, 2], [2, 1], [3, 2]],1178,618,1156,556
221224,1,35,79,[7, 12, 11, 3, 1, 4],[[1, 3], [2, 3], [1, 1], [1, 2], [2, 1], [3, 2]],1181,627,1156,556
221272,1,35,79,[7, 12, 11, 3, 1, 4],[[1, 3], [2, 3], [1, 1], [1, 2], [2, 1], [3, 2]],1210,631,1157,556
221338,1,35,79,[7, 12, 11, 3, 1, 4],[[1, 3], [2, 3], [1, 1], [1, 2], [2, 1], [3, 2]],1218,628,1190,590
221393,1,35,79,[7, 12, 11, 3, 1, 4],[[1, 3], [2, 3], [1, 1], [1, 2], [2, 1], [3, 2]],1223,625,1192,595
221442,1,35,79,[7, 12, 11, 3, 1, 4],[[1, 3], [2, 3], [1, 1], [1, 2], [2, 1], [3, 2]],1210,636,1192,597
221494,1,35,79,[7, 12, 11, 3, 1, 4],[[1, 3], [2, 3], [1, 1], [1, 2], [2, 1], [3, 2]],1189,646,1188,600
221547,1,35,79,[7, 12, 11, 3, 1, 4],[[1, 3], [2, 3], [1, 1], [1, 2], [2, 1], [3, 2]],1204,626,1181,603
221601,1,35,79,[7, 12, 11, 3, 1, 4],[[1, 3], [2, 3], [1, 1], [1, 2], [2, 1], [3, 2]],1192,654,1176,610
221660,1,35,79,[7, 12, 11, 3, 1, 4],[[1, 3], [2, 3], [1, 1], [1, 2], [2, 1], [3, 2]],1196,648,1167,617
221718,1,35,79,[7, 12, 11, 3, 1, 4],[[1, 3], [2, 3], [1, 1], [1, 2], [2, 1], [3, 2]],1198,627,1160,620
221782,1,35,79,[7, 12, 11, 3, 1, 4],[[1, 3], [2, 3], [1, 1], [1, 2], [2, 1], [3, 2]],1230,636,1158,620
221841,1,35,79,[7, 12, 11, 3, 1, 4],[[1, 3], [2, 3], [1, 1], [1, 2], [2, 1], [3, 2]],1229,589,1159,622
221900,1,35,79,[7, 12, 11, 3, 1, 4],[[1, 3], [2, 3], [1, 1], [1, 2], [2, 1], [3, 2]],1233,616,1172,630
221945,1,35,79,[7, 12, 11, 3, 1, 4],[[1, 3], [2, 3], [1, 1], [1, 2], [2, 1], [3, 2]],1235,619,1184,632
222005,1,35,79,[7, 12, 11, 3, 1, 4],[[1, 3], [2, 3], [1, 1], [1, 2], [2, 1], [3, 2]],1230,599,1210,623
222079,1,35,79,[7, 12, 11, 3, 1, 4],[[1, 3], [2, 3], [1, 1], [1, 2], [2, 1], [3, 2]],1235,632,1234,612
222119,1,35,79,[7, 12, 11, 3, 1, 4],[[1, 3], [2, 3], [1, 1], [1, 2], [2, 1], [3, 2]],1261,624,1258,603
222193,1,35,79,[7, 12, 11, 3, 1, 4],[[1, 3], [2, 3], [1, 1], [1, 2], [2, 1], [3, 2]],1263,613,1270,596
222242,1,35,79,[7, 12, 11, 3, 1, 4],[[1, 3], [2, 3], [1, 1], [1, 2], [2, 1], [3, 2]],1278,607,1290,584
222316,1,35,79,[7, 12, 11, 3, 1, 4],[[1, 3], [2, 3], [1, 1], [1, 2], [2, 1], [3, 2]],1265,599,1291,583
222361,1,35,79,[7, 12, 11, 3, 1, 4],[[1, 3], [2, 3], [1, 1], [1, 2], [2, 1], [3, 2]],1287,582,1271,576
222445,1,35,79,[7, 12, 11, 3, 1, 4],[[1, 3], [2, 3], [1, 1], [1, 2], [2, 1], [3, 2]],1298,584,1236,576
222510,1,35,79,[7, 12, 11, 3, 1, 4],[[1, 3], [2, 3], [1, 1], [1, 2], [2, 1], [3, 2]],1291,580,1221,579
222584,1,35,79,[7, 12, 11, 3, 1, 4],[[1, 3], [2, 3], [1, 1], [1, 2], [2, 1], [3, 2]],1307,568,1213,581
222648,1,35,79,[7, 12, 11, 3, 1, 4],[[1, 3], [2, 3], [1, 1], [1, 2], [2, 1], [3, 2]],1313,568,1198,587
222707,1,35,79,[7, 12, 11, 3, 1, 4],[[1, 3], [2, 3], [1, 1], [1, 2], [2, 1], [3, 2]],1290,543,1198,587
222794,1,35,79,[7, 12, 11, 3, 1, 4],[[1, 3], [2, 3], [1, 1], [1, 2], [2, 1], [3, 2]],1295,554,1214,583
222836,1,35,79,[7, 12, 11, 3, 1, 4],[[1, 3], [2, 3], [1, 1], [1, 2], [2, 1], [3, 2]],1278,566,1253,566
222894,1,35,79,[7, 12, 11, 3, 1, 4],[[1, 3], [2, 3], [1, 1], [1, 2], [2, 1], [3, 2]],1274,568,1273,553
222962,1,35,79,[7, 12, 11, 3, 1, 4],[[1, 3], [2, 3], [1, 1], [1, 2], [2, 1], [3, 2]],1263,570,1297,538
223019,1,35,79,[7, 12, 11, 3, 1, 4],[[1, 3], [2, 3], [1, 1], [1, 2], [2, 1], [3, 2]],1277,573,1320,527
223084,1,35,79,[7, 12, 11, 3, 1, 4],[[1, 3], [2, 3], [1, 1], [1, 2], [2, 1], [3, 2]],1257,567,1323,522
223147,1,35,79,[7, 12, 11, 3, 1, 4],[[1, 3], [2, 3], [1, 1], [1, 2], [2, 1], [3, 2]],1281,576,1310,522
223210,1,35,79,[7, 12, 11, 3, 1, 4],[[1, 3], [2, 3], [1, 1], [1, 2], [2, 1], [3, 2]],1297,550,1284,523
223278,1,35,79,[7, 12, 11, 3, 1, 4],[[1, 3], [2, 3], [1, 1], [1, 2], [2, 1], [3, 2]],1284,572,1268,534
223332,1,35,79,[7, 12, 11, 3, 1, 4],[[1, 3], [2, 3], [1, 1], [1, 2], [2, 1], [3, 2]],1290,560,1260,546
223411,1,35,79,[7, 12, 11, 3, 1, 4],[[1, 3], [2, 3], [1, 1], [1, 2], [2, 1], [3, 2]],1299,577,1253,556
223464,1,35,79,[7, 12, 11, 3, 1, 4],[[1, 3], [2, 3], [1, 1], [1, 2], [2, 1], [3, 2]],1295,569,1249,564
223522,1,35,79,[7, 12, 11, 3, 1, 4],[[1, 3], [2, 3], [1, 1], [1, 2], [2, 1], [3, 2]],1310,549,1254,581
223576,1,35,79,[7, 12, 11, 3, 1, 4],[[1, 3], [2, 3], [1, 1], [1, 2], [2, 1], [3, 2]],1321,536,1272,587
223634,1,35,79,[7, 12, 11, 3, 1, 4],[[1, 3], [2, 3], [1, 1], [1, 2], [2, 1], [3, 2]],1304,513,1291,586
223693,1,35,79,[7, 12, 11, 3, 1, 4],[[1, 3], [2, 3], [1, 1], [1, 2], [2, 1], [3, 2]],1333,521,1294,581
223752,1,35,79,[7, 12, 11, 3, 1, 4],[[1, 3], [2, 3], [1, 1], [1, 2], [2, 1], [3, 2]],1328,538,1296,578
223815,1,35,79,[7, 12, 11, 3, 1, 4],[[1, 3], [2, 3], [1, 1], [1, 2], [2, 1], [3, 2]],1294,542,1298,574
223877,1,35,79,[7, 12, 11, 3, 1, 4],[[1, 3], [2, 3], [1, 1], [1, 2], [2, 1], [3, 2]],1319,560,1313,555
223917,1,35,79,[7, 12, 11, 3, 1, 4],[[1, 3], [2, 3], [1, 1], [1, 2], [2, 1], [3, 2]],1308,591,1315,542
223965,1,35,79,[7, 12, 11, 3, 1, 4],[[1, 3], [2, 3], [1, 1], [1, 2], [2, 1], [3, 2]],1323,564,1312,539
224011,1,35,79,[7, 12, 11, 3, 1, 4],[[1, 3], [2, 3], [1, 1], [1, 2], [2, 1], [3, 2]],1307,573,1312,536
224067,1,35,79,[7, 12, 11, 3, 1, 4],[[1, 3], [2, 3], [1, 1], [1, 2], [2, 1], [3, 2]],1313,583,1321,525
224112,1,35,79,[7, 12, 11, 3, 1, 4],[[1, 3], [2, 3], [1, 1], [1, 2], [2, 1], [3, 2]],1305,583,1323,524
224189,1,35,79,[7, 12, 11, 3, 1, 4],[[1, 3], [2, 3], [1, 1], [1, 2], [2, 1], [3, 2]],1294,574,1341,530
224246,1,35,79,[7, 12, 11, 3, 1, 4],[[1, 3], [2, 3], [1, 1], [1, 2], [2, 1], [3, 2]],1282,605,1345,535
224301,1,35,79,[7, 12, 11, 3, 1, 4],[[1, 3], [2, 3], [1, 1], [1, 2], [2, 1], [3, 2]],1288,599,1346,547
224357,1,36,62,[9, 6, 10, 2, 5, 8],[[2, 1], [3, 1], [1, 1], [1, 2], [2, 3], [3, 2]],1293,616,1344,561
245071,2,36,62,[9, 6, 10, 2, 5, 8],[[2, 1], [3, 1], [1, 1], [1, 2], [2, 3], [3, 2]],970,529,958,541
245140,2,36,62,[9, 6, 10, 2, 5, 8],[[2, 1], [3, 1], [1, 1], [1, 2], [2, 3], [3, 2]],945,521,958,541
245190,2,36,62,[9, 6, 10, 2, 5, 8],[[2, 1], [3, 1], [1, 1], [1, 2], [2, 3], [3, 2]],930,507,958,541
245240,2,36,62,[9, 6, 10, 2, 5, 8],[[2, 1], [3, 1], [1, 1], [1, 2], [2, 3], [3, 2]],902,510,958,541
245293,2,36,62,[9, 6, 10, 2, 5, 8],[[2, 1], [3, 1], [1, 1], [1, 2], [2, 3], [3, 2]],888,518,958,541
245349,2,36,62,[9, 6, 10, 2, 5, 8],[[2, 1], [3, 1], [1, 1], [1, 2], [2, 3], [3, 2]],885,493,958,541
245404,2,36,62,[9, 6, 10, 2, 5, 8],[[2, 1], [3, 1], [1, 1], [1, 2], [2, 3], [3, 2]],884,483,958,541
245458,2,36,62,[9, 6, 10, 2, 5, 8],[[2, 1], [3, 1], [1, 1], [1, 2], [2, 3], [3, 2]],880,472,958,541
245508,2,36,62,[9, 6, 10, 2, 5, 8],[[2, 1], [3, 1], [1, 1], [1, 2], [2, 3], [3, 2]],877,499,958,541
245566,2,36,62,[9, 6, 10, 2, 5, 8],[[2, 1], [3, 1], [1, 1], [1, 2], [2, 3], [3, 2]],881,514,958,541
245621,2,36,62,[9, 6, 10, 2, 5, 8],[[2, 1], [3, 1], [1, 1], [1, 2], [2, 3], [3, 2]],892,515,951,541
245677,2,36,62,[9, 6, 10, 2, 5, 8],[[2, 1], [3, 1], [1, 1], [1, 2], [2, 3], [3, 2]],920,504,938,500
245752,2,36,62,[9, 6, 10, 2, 5, 8],[[2, 1], [3, 1], [1, 1], [1, 2], [2, 3], [3, 2]],913,516,937,489
245816,2,36,62,[9, 6, 10, 2, 5, 8],[[2, 1], [3, 1], [1, 1], [1, 2], [2, 3], [3, 2]],919,489,928,496
245881,2,36,62,[9, 6, 10, 2, 5, 8],[[2, 1], [3, 1], [1, 1], [1, 2], [2, 3], [3, 2]],938,489,922,504
245953,2,36,62,[9, 6, 10, 2, 5, 8],[[2, 1], [3, 1], [1, 1], [1, 2], [2, 3], [3, 2]],908,468,922,507
246026,2,36,62,[9, 6, 10, 2, 5, 8],[[2, 1], [3, 1], [1, 1], [1, 2], [2, 3], [3, 2]],906,489,930,505
246083,2,37,42,[9, 6, 10, 2, 1, 4],[[2, 1], [3, 1], [1, 2], [1, 3], [2, 2], [3, 3]],920,477,930,505
246139,2,37,42,[9, 6, 10, 2, 1, 4],[[2, 1], [3, 1], [1, 2], [1, 3], [2, 2], [3, 3]],943,507,930,505
246218,2,37,42,[9, 6, 10, 2, 1, 4],[[2, 1], [3, 1], [1, 2], [1, 3], [2, 2], [3, 3]],972,485,930,505
246279,2,37,42,[9, 6, 10, 2, 1, 4],[[2, 1], [3, 1], [1, 2], [1, 3], [2, 2], [3, 3]],965,471,934,501
246338,2,37,42,[9, 6, 10, 2, 1, 4],[[2, 1], [3, 1], [1, 2], [1, 3], [2, 2], [3, 3]],969,474,936,495
246398,2,37,42,[9, 6, 10, 2, 1, 4],[[2, 1], [3, 1], [1, 2], [1, 3], [2, 2], [3, 3]],969,482,938,492
246490,2,37,42,[9, 6, 10, 2, 1, 4],[[2, 1], [3, 1], [1, 2], [1, 3], [2, 2], [3, 3]],956,491,938,491
246565,2,37,42,[9, 6, 10, 2, 1, 4],[[2, 1], [3, 1], [1, 2], [1, 3], [2, 2], [3, 3]],968,479,938,491
246635,2,37,42,[9, 6, 10, 2, 1, 4],[[2, 1], [3, 1], [1, 2], [1, 3], [2, 2], [3, 3]],984,509,938,491
246699,2,37,42,[9, 6, 10, 2, 1, 4],[[2, 1], [3, 1], [1, 2], [1, 3], [2, 2], [3, 3]],980,481,964,474
246753,2,37,42,[9, 6, 10, 2, 1, 4],[[2, 1], [3, 1], [1, 2], [1, 3], [2, 2], [3, 3]],993,485,965,474
246807,2,37,42,[9, 6, 10, 2, 1, 4],[[2, 1], [3, 1], [1, 2], [1, 3], [2, 2], [3, 3]],966,473,973,465
246862,2,37,42,[9, 6, 10, 2, 1, 4],[[2, 1], [3, 1], [1, 2], [1, 3], [2, 2], [3, 3]],950,447,979,459
246917,2,37,42,[9, 6, 10, 2, 1, 4],[[2, 1], [3, 1], [1, 2], [1, 3], [2, 2], [3, 3]],943,456,979,459
246984,2,37,42,[9, 6, 10, 2, 1, 4],[[2, 1], [3, 1], [1, 2], [1, 3], [2, 2], [3, 3]],963,469,980,465
247051,2,37,42,[9, 6, 10, 2, 1, 4],[[2, 1], [3, 1], [1, 2], [1, 3], [2, 2], [3, 3]],943,492,984,469
247113,2,37,42,[9, 6, 10, 2, 1, 4],[[2, 1], [3, 1], [1, 2], [1, 3], [2, 2], [3, 3]],944,498,988,470
247178,2,37,42,[9, 6, 10, 2, 1, 4],[[2, 1], [3, 1], [1, 2], [1, 3], [2, 2], [3, 3]],907,474,984,469
247240,2,37,42,[9, 6, 10, 2, 1, 4],[[2, 1], [3, 1], [1, 2], [1, 3], [2, 2], [3, 3]],892,485,944,465
247302,2,37,42,[9, 6, 10, 2, 1, 4],[[2, 1], [3, 1], [1, 2], [1, 3], [2, 2], [3, 3]],896,488,943,464
247377,2,37,42,[9, 6, 10, 2, 1, 4],[[2, 1], [3, 1], [1, 2], [1, 3], [2, 2], [3, 3]],911,455,943,461
247442,2,37,42,[9, 6, 10, 2, 1, 4],[[2, 1], [3, 1], [1, 2], [1, 3], [2, 2], [3, 3]],936,425,944,479
247496,2,37,42,[9, 6, 10, 2, 1, 4],[[2, 1], [3, 1], [1, 2], [1, 3], [2, 2], [3, 3]],930,417,943,493
247550,2,37,42,[9, 6, 10, 2, 1, 4],[[2, 1], [3, 1], [1, 2], [1, 3], [2, 2], [3, 3]],957,441,942,496
247603,2,37,42,[9, 6, 10, 2, 1, 4],[[2, 1], [3, 1], [1, 2], [1, 3], [2, 2], [3, 3]],954,464,939,499
247675,2,37,42,[9, 6, 10, 2, 1, 4],[[2, 1], [3, 1], [1, 2], [1, 3], [2, 2], [3, 3]],975,481,944,494
247742,2,37,42,[9, 6, 10, 2, 1, 4],[[2, 1], [3, 1], [1, 2], [1, 3], [2, 2], [3, 3]],983,471,970,458
247809,2,37,42,[9, 6, 10, 2, 1, 4],[[2, 1], [3, 1], [1, 2], [1, 3], [2, 2], [3, 3]],968,453,971,449
247870,2,37,42,[9, 6, 10, 2, 1, 4],[[2, 1], [3, 1], [1, 2], [1, 3], [2, 2], [3, 3]],974,430,971,449
247937,2,37,42,[9, 6, 10, 2, 1, 4],[[2, 1], [3, 1], [1, 2], [1, 3], [2, 2], [3, 3]],985,418,977,456
248005,2,37,42,[9, 6, 10, 2, 1, 4],[[2, 1], [3, 1], [1, 2], [1, 3], [2, 2], [3, 3]],976,396,991,467
248067,2,37,42,[9, 6, 10, 2, 1, 4],[[2, 1], [3, 1], [1, 2], [1, 3], [2, 2], [3, 3]],945,424,991,467
248148,2,37,42,[9, 6, 10, 2, 1, 4],[[2, 1], [3, 1], [1, 2], [1, 3], [2, 2], [3, 3]],977,403,989,452
248217,2,37,42,[9, 6, 10, 2, 1, 4],[[2, 1], [3, 1], [1, 2], [1, 3], [2, 2], [3, 3]],954,397,994,435
248299,2,37,42,[9, 6, 10, 2, 1, 4],[[2, 1], [3, 1], [1, 2], [1, 3], [2, 2], [3, 3]],964,370,994,434
248358,2,37,42,[9, 6, 10, 2, 1, 4],[[2, 1], [3, 1], [1, 2], [1, 3], [2, 2], [3, 3]],973,373,979,438
248416,2,37,42,[9, 6, 10, 2, 1, 4],[[2, 1], [3, 1], [1, 2], [1, 3], [2, 2], [3, 3]],984,366,973,439
248490,2,37,42,[9, 6, 10, 2, 1, 4],[[2, 1], [3, 1], [1, 2], [1, 3], [2, 2], [3, 3]],971,368,966,437
248555,2,37,42,[9, 6, 10, 2, 1, 4],[[2, 1], [3, 1], [1, 2], [1, 3], [2, 2], [3, 3]],1017,355,954,431
248617,2,37,42,[9, 6, 10, 2, 1, 4],[[2, 1], [3, 1], [1, 2], [1, 3], [2, 2], [3, 3]],1035,363,951,412
248685,2,37,42,[9, 6, 10, 2, 1, 4],[[2, 1], [3, 1], [1, 2], [1, 3], [2, 2], [3, 3]],1051,378,951,404
248746,2,37,42,[9, 6, 10, 2, 1, 4],[[2, 1], [3, 1], [1, 2], [1, 3], [2, 2], [3, 3]],1076,379,951,404
248806,2,37,42,[9, 6, 10, 2, 1, 4],[[2, 1], [3, 1], [1, 2], [1, 3], [2, 2], [3, 3]],1037,407,958,400
248868,2,37,42,[9, 6, 10, 2, 1, 4],[[2, 1], [3, 1], [1, 2], [1, 3], [2, 2], [3, 3]],1045,414,975,393
248936,2,37,42,[9, 6, 10, 2, 1, 4],[[2, 1], [3, 1], [1, 2], [1, 3], [2, 2], [3, 3]],1041,426,979,392
249007,2,37,42,[9, 6, 10, 2, 1, 4],[[2, 1], [3, 1], [1, 2], [1, 3], [2, 2], [3, 3]],1054,436,995,408
249068,2,37,42,[9, 6, 10, 2, 1, 4],[[2, 1], [3, 1], [1, 2], [1, 3], [2, 2], [3, 3]],1060,455,1019,415
249125,2,37,42,[9, 6, 10, 2, 1, 4],[[2, 1], [3, 1], [1, 2], [1, 3], [2, 2], [3, 3]],1062,471,1022,421
249189,2,37,42,[9, 6, 10, 2, 1, 4],[[2, 1], [3, 1], [1, 2], [1, 3], [2, 2], [3, 3]],1063,439,1038,435
249275,2,37,42,[9, 6, 10, 2, 1, 4],[[2, 1], [3, 1], [1, 2], [1, 3], [2, 2], [3, 3]],1065,432,1039,440
249331,2,37,42,[9, 6, 10, 2, 1, 4],[[2, 1], [3, 1], [1, 2], [1, 3], [2, 2], [3, 3]],1068,420,1040,443
249398,2,37,42,[9, 6, 10, 2, 1, 4],[[2, 1], [3, 1], [1, 2], [1, 3], [2, 2], [3, 3]],1069,390,1065,466
249455,2,37,42,[9, 6, 10, 2, 1, 4],[[2, 1], [3, 1], [1, 2], [1, 3], [2, 2], [3, 3]],1107,430,1065,466
249511,2,37,42,[9, 6, 10, 2, 1, 4],[[2, 1], [3, 1], [1, 2], [1, 3], [2, 2], [3, 3]],1100,433,1061,466
249573,2,37,42,[9, 6, 10, 2, 1, 4],[[2, 1], [3, 1], [1, 2], [1, 3], [2, 2], [3, 3]],1115,439,1061,467
249632,2,37,42,[9, 6, 10, 2, 1, 4],[[2, 1], [3, 1], [1, 2], [1, 3], [2, 2], [3, 3]],1112,447,1061,467
249691,2,37,42,[9, 6, 10, 2, 1, 4],[[2, 1], [3, 1], [1, 2], [1, 3], [2, 2], [3, 3]],1098,436,1040,444
249751,2,37,42,[9, 6, 10, 2, 1, 4],[[2, 1], [3, 1], [1, 2], [1, 3], [2, 2], [3, 3]],1060,477,1036,434
249806,2,37,42,[9, 6, 10, 2, 1, 4],[[2, 1], [3, 1], [1, 2], [1, 3], [2, 2], [3, 3]],1055,467,1044,432
249863,2,37,42,[9, 6, 10, 2, 1, 4],[[2, 1], [3, 1], [1, 2], [1, 3], [2, 2], [3, 3]],1040,481,1064,430
249927,2,37,42,[9, 6, 10, 2, 1, 4],[[2, 1], [3, 1], [1, 2], [1, 3], [2, 2], [3, 3]],1041,488,1079,426
249986,2,37,42,[9, 6, 10, 2, 1, 4],[[2, 1], [3, 1], [1, 2], [1, 3], [2, 2], [3, 3]],1052,504,1086,426
250040,2,37,42,[9, 6, 10, 2, 1, 4],[[2, 1], [3, 1], [1, 2], [1, 3], [2, 2], [3, 3]],1045,536,1088,426
250092,2,37,42,[9, 6, 10, 2, 1, 4],[[2, 1], [3, 1], [1, 2], [1, 3], [2, 2], [3, 3]],1045,536,1088,427
250156,2,38,72,[9, 6, 11, 3, 1, 4],[[2, 1], [3, 1], [1, 1], [1, 2], [2, 2], [3, 3]],1054,546,1062,452
250217,2,38,72,[9, 6, 11, 3, 1, 4],[[2, 1], [3, 1], [1, 1], [1, 2], [2, 2], [3, 3]],1064,557,1054,469
250272,2,38,72,[9, 6, 11, 3, 1, 4],[[2, 1], [3, 1], [1, 1], [1, 2], [2, 2], [3, 3]],1071,551,1057,481
250335,2,38,72,[9, 6, 11, 3, 1, 4],[[2, 1], [3, 1], [1, 1], [1, 2], [2, 2], [3, 3]],1044,553,1053,503
250409,2,38,72,[9, 6, 11, 3, 1, 4],[[2, 1], [3, 1], [1, 1], [1, 2], [2, 2], [3, 3]],1013,568,1033,516
250469,2,38,72,[9, 6, 11, 3, 1, 4],[[2, 1], [3, 1], [1, 1], [1, 2], [2, 2], [3, 3]],1035,565,1033,516
250547,2,38,72,[9, 6, 11, 3, 1, 4],[[2, 1], [3, 1], [1, 1], [1, 2], [2, 2], [3, 3]],1052,544,1028,521
250612,2,38,72,[9, 6, 11, 3, 1, 4],[[2, 1], [3, 1], [1, 1], [1, 2], [2, 2], [3, 3]],1074,549,1021,537
250672,2,38,72,[9, 6, 11, 3, 1, 4],[[2, 1], [3, 1], [1, 1], [1, 2], [2, 2], [3, 3]],1083,532,1015,543
250762,2,38,72,[9, 6, 11, 3, 1, 4],[[2, 1], [3, 1], [1, 1], [1, 2], [2, 2], [3, 3]],1118,513,972,564
250819,2,38,72,[9, 6, 11, 3, 1, 4],[[2, 1], [3, 1], [1, 1], [1, 2], [2, 2], [3, 3]],1136,515,962,565
250891,2,38,72,[9, 6, 11, 3, 1, 4],[[2, 1], [3, 1], [1, 1], [1, 2], [2, 2], [3, 3]],1119,508,967,549
250972,2,38,72,[9, 6, 11, 3, 1, 4],[[2, 1], [3, 1], [1, 1], [1, 2], [2, 2], [3, 3]],1120,519,1003,534
251043,2,38,72,[9, 6, 11, 3, 1, 4],[[2, 1], [3, 1], [1, 1], [1, 2], [2, 2], [3, 3]],1106,512,1020,527
251105,2,38,72,[9, 6, 11, 3, 1, 4],[[2, 1], [3, 1], [1, 1], [1, 2], [2, 2], [3, 3]],1122,505,1076,517
251170,2,38,72,[9, 6, 11, 3, 1, 4],[[2, 1], [3, 1], [1, 1], [1, 2], [2, 2], [3, 3]],1086,515,1091,517
251249,2,38,72,[9, 6, 11, 3, 1, 4],[[2, 1], [3, 1], [1, 1], [1, 2], [2, 2], [3, 3]],1084,487,1103,517
251305,2,38,72,[9, 6, 11, 3, 1, 4],[[2, 1], [3, 1], [1, 1], [1, 2], [2, 2], [3, 3]],1089,472,1124,508
251382,2,38,72,[9, 6, 11, 3, 1, 4],[[2, 1], [3, 1], [1, 1], [1, 2], [2, 2], [3, 3]],1097,477,1124,503
251445,2,38,72,[9, 6, 11, 3, 1, 4],[[2, 1], [3, 1], [1, 1], [1, 2], [2, 2], [3, 3]],1096,479,1117,494
251500,2,38,72,[9, 6, 11, 3, 1, 4],[[2, 1], [3, 1], [1, 1], [1, 2], [2, 2], [3, 3]],1103,440,1103,485
251552,2,38,72,[9, 6, 11, 3, 1, 4],[[2, 1], [3, 1], [1, 1], [1, 2], [2, 2], [3, 3]],1126,433,1097,482
251617,2,38,72,[9, 6, 11, 3, 1, 4],[[2, 1], [3, 1], [1, 1], [1, 2], [2, 2], [3, 3]],1140,405,1093,473
251670,2,38,72,[9, 6, 11, 3, 1, 4],[[2, 1], [3, 1], [1, 1], [1, 2], [2, 2], [3, 3]],1151,392,1093,473
251723,2,38,72,[9, 6, 11, 3, 1, 4],[[2, 1], [3, 1], [1, 1], [1, 2], [2, 2], [3, 3]],1144,404,1097,471
251777,2,38,72,[9, 6, 11, 3, 1, 4],[[2, 1], [3, 1], [1, 1], [1, 2], [2, 2], [3, 3]],1149,412,1107,464
251825,2,38,72,[9, 6, 11, 3, 1, 4],[[2, 1], [3, 1], [1, 1], [1, 2], [2, 2], [3, 3]],1124,392,1122,449
251877,2,38,72,[9, 6, 11, 3, 1, 4],[[2, 1], [3, 1], [1, 1], [1, 2], [2, 2], [3, 3]],1110,408,1123,447
251940,2,38,72,[9, 6, 11, 3, 1, 4],[[2, 1], [3, 1], [1, 1], [1, 2], [2, 2], [3, 3]],1087,409,1131,428
252002,2,38,72,[9, 6, 11, 3, 1, 4],[[2, 1], [3, 1], [1, 1], [1, 2], [2, 2], [3, 3]],1084,408,1133,423
252055,2,38,72,[9, 6, 11, 3, 1, 4],[[2, 1], [3, 1], [1, 1], [1, 2], [2, 2], [3, 3]],1136,426,1133,423
252108,2,38,72,[9, 6, 11, 3, 1, 4],[[2, 1], [3, 1], [1, 1], [1, 2], [2, 2], [3, 3]],1143,427,1132,424
252161,2,38,72,[9, 6, 11, 3, 1, 4],[[2, 1], [3, 1], [1, 1], [1, 2], [2, 2], [3, 3]],1121,397,1124,435
252214,2,38,72,[9, 6, 11, 3, 1, 4],[[2, 1], [3, 1], [1, 1], [1, 2], [2, 2], [3, 3]],1100,401,1120,444
252267,2,38,72,[9, 6, 11, 3, 1, 4],[[2, 1], [3, 1], [1, 1], [1, 2], [2, 2], [3, 3]],1114,411,1099,452
252320,2,38,72,[9, 6, 11, 3, 1, 4],[[2, 1], [3, 1], [1, 1], [1, 2], [2, 2], [3, 3]],1130,414,1092,448
252379,2,38,72,[9, 6, 11, 3, 1, 4],[[2, 1], [3, 1], [1, 1], [1, 2], [2, 2], [3, 3]],1159,425,1092,443
252442,2,38,72,[9, 6, 11, 3, 1, 4],[[2, 1], [3, 1], [1, 1], [1, 2], [2, 2], [3, 3]],1170,408,1104,435
252515,2,38,72,[9, 6, 11, 3, 1, 4],[[2, 1], [3, 1], [1, 1], [1, 2], [2, 2], [3, 3]],1174,419,1104,435
252578,2,38,72,[9, 6, 11, 3, 1, 4],[[2, 1], [3, 1], [1, 1], [1, 2], [2, 2], [3, 3]],1168,415,1105,420
252640,2,38,72,[9, 6, 11, 3, 1, 4],[[2, 1], [3, 1], [1, 1], [1, 2], [2, 2], [3, 3]],1173,417,1106,413
252707,2,38,72,[9, 6, 11, 3, 1, 4],[[2, 1], [3, 1], [1, 1], [1, 2], [2, 2], [3, 3]],1185,409,1108,413
252768,2,38,72,[9, 6, 11, 3, 1, 4],[[2, 1], [3, 1], [1, 1], [1, 2], [2, 2], [3, 3]],1197,402,1127,417
252831,2,38,72,[9, 6, 11, 3, 1, 4],[[2, 1], [3, 1], [1, 1], [1, 2], [2, 2], [3, 3]],1210,421,1135,423
252887,2,38,72,[9, 6, 11, 3, 1, 4],[[2, 1], [3, 1], [1, 1], [1, 2], [2, 2], [3, 3]],1201,441,1137,428
252961,2,38,72,[9, 6, 11, 3, 1, 4],[[2, 1], [3, 1], [1, 1], [1, 2], [2, 2], [3, 3]],1182,442,1149,431
253024,2,38,72,[9, 6, 11, 3, 1, 4],[[2, 1], [3, 1], [1, 1], [1, 2], [2, 2], [3, 3]],1200,439,1209,427
253079,2,38,72,[9, 6, 11, 3, 1, 4],[[2, 1], [3, 1], [1, 1], [1, 2], [2, 2], [3, 3]],1202,424,1215,426
253140,2,38,72,[9, 6, 11, 3, 1, 4],[[2, 1], [3, 1], [1, 1], [1, 2], [2, 2], [3, 3]],1205,427,1218,433
253203,2,38,72,[9, 6, 11, 3, 1, 4],[[2, 1], [3, 1], [1, 1], [1, 2], [2, 2], [3, 3]],1202,426,1218,443
253269,2,38,72,[9, 6, 11, 3, 1, 4],[[2, 1], [3, 1], [1, 1], [1, 2], [2, 2], [3, 3]],1197,417,1200,458
253337,2,38,72,[9, 6, 11, 3, 1, 4],[[2, 1], [3, 1], [1, 1], [1, 2], [2, 2], [3, 3]],1212,426,1187,464
253409,2,38,72,[9, 6, 11, 3, 1, 4],[[2, 1], [3, 1], [1, 1], [1, 2], [2, 2], [3, 3]],1224,424,1186,464
253469,2,38,72,[9, 6, 11, 3, 1, 4],[[2, 1], [3, 1], [1, 1], [1, 2], [2, 2], [3, 3]],1219,426,1193,464
253523,2,38,72,[9, 6, 11, 3, 1, 4],[[2, 1], [3, 1], [1, 1], [1, 2], [2, 2], [3, 3]],1225,443,1193,464
253575,2,38,72,[9, 6, 11, 3, 1, 4],[[2, 1], [3, 1], [1, 1], [1, 2], [2, 2], [3, 3]],1252,422,1207,464
253627,2,38,72,[9, 6, 11, 3, 1, 4],[[2, 1], [3, 1], [1, 1], [1, 2], [2, 2], [3, 3]],1245,433,1210,461
253679,2,38,72,[9, 6, 11, 3, 1, 4],[[2, 1], [3, 1], [1, 1], [1, 2], [2, 2], [3, 3]],1274,432,1223,443
253732,2,38,72,[9, 6, 11, 3, 1, 4],[[2, 1], [3, 1], [1, 1], [1, 2], [2, 2], [3, 3]],1279,438,1223,441
253785,2,38,72,[9, 6, 11, 3, 1, 4],[[2, 1], [3, 1], [1, 1], [1, 2], [2, 2], [3, 3]],1246,456,1225,441
253834,2,38,72,[9, 6, 11, 3, 1, 4],[[2, 1], [3, 1], [1, 1], [1, 2], [2, 2], [3, 3]],1263,455,1232,445
253886,2,38,72,[9, 6, 11, 3, 1, 4],[[2, 1], [3, 1], [1, 1], [1, 2], [2, 2], [3, 3]],1277,436,1246,450
253941,2,38,72,[9, 6, 11, 3, 1, 4],[[2, 1], [3, 1], [1, 1], [1, 2], [2, 2], [3, 3]],1300,446,1246,450
253994,2,38,72,[9, 6, 11, 3, 1, 4],[[2, 1], [3, 1], [1, 1], [1, 2], [2, 2], [3, 3]],1272,433,1240,437
254047,2,38,72,[9, 6, 11, 3, 1, 4],[[2, 1], [3, 1], [1, 1], [1, 2], [2, 2], [3, 3]],1290,430,1236,431
254100,2,38,72,[9, 6, 11, 3, 1, 4],[[2, 1], [3, 1], [1, 1], [1, 2], [2, 2], [3, 3]],1308,428,1230,421
254153,2,38,72,[9, 6, 11, 3, 1, 4],[[2, 1], [3, 1], [1, 1], [1, 2], [2, 2], [3, 3]],1292,408,1223,416
254206,2,39,108,[9, 6, 11, 3, 1, 4],[[1, 3], [2, 3], [3, 1], [3, 2], [2, 2], [3, 3]],1295,421,1220,413
254259,2,39,108,[9, 6, 11, 3, 1, 4],[[1, 3], [2, 3], [3, 1], [3, 2], [2, 2], [3, 3]],1266,411,1220,413
254313,2,39,108,[9, 6, 11, 3, 1, 4],[[1, 3], [2, 3], [3, 1], [3, 2], [2, 2], [3, 3]],1291,423,1222,420
254362,2,39,108,[9, 6, 11, 3, 1, 4],[[1, 3], [2, 3], [3, 1], [3, 2], [2, 2], [3, 3]],1302,426,1224,430
254426,2,39,108,[9, 6, 11, 3, 1, 4],[[1, 3], [2, 3], [3, 1], [3, 2], [2, 2], [3, 3]],1311,420,1225,431
254499,2,39,108,[9, 6, 11, 3, 1, 4],[[1, 3], [2, 3], [3, 1], [3, 2], [2, 2], [3, 3]],1311,424,1225,427
254565,2,39,108,[9, 6, 11, 3, 1, 4],[[1, 3], [2, 3], [3, 1], [3, 2], [2, 2], [3, 3]],1310,444,1231,415
254638,2,39,108,[9, 6, 11, 3, 1, 4],[[1, 3], [2, 3], [3, 1], [3, 2], [2, 2], [3, 3]],1318,478,1237,403
254697,2,39,108,[9, 6, 11, 3, 1, 4],[[1, 3], [2, 3], [3, 1], [3, 2], [2, 2], [3, 3]],1329,482,1249,392
254754,2,39,108,[9, 6, 11, 3, 1, 4],[[1, 3], [2, 3], [3, 1], [3, 2], [2, 2], [3, 3]],1315,446,1252,389
254816,2,39,108,[9, 6, 11, 3, 1, 4],[[1, 3], [2, 3], [3, 1], [3, 2], [2, 2], [3, 3]],1324,444,1252,389
254882,2,39,108,[9, 6, 11, 3, 1, 4],[[1, 3], [2, 3], [3, 1], [3, 2], [2, 2], [3, 3]],1314,439,1252,389
254943,2,39,108,[9, 6, 11, 3, 1, 4],[[1, 3], [2, 3], [3, 1], [3, 2], [2, 2], [3, 3]],1299,437,1252,389
255001,2,39,108,[9, 6, 11, 3, 1, 4],[[1, 3], [2, 3], [3, 1], [3, 2], [2, 2], [3, 3]],1304,474,1267,392
255082,2,39,108,[9, 6, 11, 3, 1, 4],[[1, 3], [2, 3], [3, 1], [3, 2], [2, 2], [3, 3]],1301,471,1386,404
255179,2,39,108,[9, 6, 11, 3, 1, 4],[[1, 3], [2, 3], [3, 1], [3, 2], [2, 2], [3, 3]],1303,467,1387,387
255236,2,39,108,[9, 6, 11, 3, 1, 4],[[1, 3], [2, 3], [3, 1], [3, 2], [2, 2], [3, 3]],1303,449,1387,385
255287,2,39,108,[9, 6, 11, 3, 1, 4],[[1, 3], [2, 3], [3, 1], [3, 2], [2, 2], [3, 3]],1312,467,1387,385
255348,2,39,108,[9, 6, 11, 3, 1, 4],[[1, 3], [2, 3], [3, 1], [3, 2], [2, 2], [3, 3]],1327,471,1382,413
255406,2,39,108,[9, 6, 11, 3, 1, 4],[[1, 3], [2, 3], [3, 1], [3, 2], [2, 2], [3, 3]],1324,477,1365,438
255466,2,39,108,[9, 6, 11, 3, 1, 4],[[1, 3], [2, 3], [3, 1], [3, 2], [2, 2], [3, 3]],1318,456,1355,448
255531,2,39,108,[9, 6, 11, 3, 1, 4],[[1, 3], [2, 3], [3, 1], [3, 2], [2, 2], [3, 3]],1315,467,1355,448
255595,2,39,108,[9, 6, 11, 3, 1, 4],[[1, 3], [2, 3], [3, 1], [3, 2], [2, 2], [3, 3]],1285,447,1324,438
255653,2,39,108,[9, 6, 11, 3, 1, 4],[[1, 3], [2, 3], [3, 1], [3, 2], [2, 2], [3, 3]],1295,478,1292,429
255706,2,39,108,[9, 6, 11, 3, 1, 4],[[1, 3], [2, 3], [3, 1], [3, 2], [2, 2], [3, 3]],1290,500,1286,418
255762,2,39,108,[9, 6, 11, 3, 1, 4],[[1, 3], [2, 3], [3, 1], [3, 2], [2, 2], [3, 3]],1303,499,1274,408
255815,2,39,108,[9, 6, 11, 3, 1, 4],[[1, 3], [2, 3], [3, 1], [3, 2], [2, 2], [3, 3]],1278,522,1273,402
255863,2,39,108,[9, 6, 11, 3, 1, 4],[[1, 3], [2, 3], [3, 1], [3, 2], [2, 2], [3, 3]],1265,521,1272,398
255916,2,39,108,[9, 6, 11, 3, 1, 4],[[1, 3], [2, 3], [3, 1], [3, 2], [2, 2], [3, 3]],1244,516,1281,403
255964,2,39,108,[9, 6, 11, 3, 1, 4],[[1, 3], [2, 3], [3, 1], [3, 2], [2, 2], [3, 3]],1260,537,1283,409
256026,2,39,108,[9, 6, 11, 3, 1, 4],[[1, 3], [2, 3], [3, 1], [3, 2], [2, 2], [3, 3]],1267,547,1285,422
256078,2,39,108,[9, 6, 11, 3, 1, 4],[[1, 3], [2, 3], [3, 1], [3, 2], [2, 2], [3, 3]],1235,556,1282,438
256130,2,39,108,[9, 6, 11, 3, 1, 4],[[1, 3], [2, 3], [3, 1], [3, 2], [2, 2], [3, 3]],1253,536,1266,453
256182,2,39,108,[9, 6, 11, 3, 1, 4],[[1, 3], [2, 3], [3, 1], [3, 2], [2, 2], [3, 3]],1260,556,1251,456
256234,2,39,108,[9, 6, 11, 3, 1, 4],[[1, 3], [2, 3], [3, 1], [3, 2], [2, 2], [3, 3]],1274,529,1248,464
256282,2,39,108,[9, 6, 11, 3, 1, 4],[[1, 3], [2, 3], [3, 1], [3, 2], [2, 2], [3, 3]],1266,534,1248,479
256339,2,39,108,[9, 6, 11, 3, 1, 4],[[1, 3], [2, 3], [3, 1], [3, 2], [2, 2], [3, 3]],1262,511,1249,504
256396,2,39,108,[9, 6, 11, 3, 1, 4],[[1, 3], [2, 3], [3, 1], [3, 2], [2, 2], [3, 3]],1268,544,1240,520
256457,2,39,108,[9, 6, 11, 3, 1, 4],[[1, 3], [2, 3], [3, 1], [3, 2], [2, 2], [3, 3]],1278,531,1233,534
256526,2,39,108,[9, 6, 11, 3, 1, 4],[[1, 3], [2, 3], [3, 1], [3, 2], [2, 2], [3, 3]],1291,541,1213,554
256610,2,39,108,[9, 6, 11, 3, 1, 4],[[1, 3], [2, 3], [3, 1], [3, 2], [2, 2], [3, 3]],1252,503,1213,555
256666,2,39,108,[9, 6, 11, 3, 1, 4],[[1, 3], [2, 3], [3, 1], [3, 2], [2, 2], [3, 3]],1239,495,1223,544
256719,2,39,108,[9, 6, 11, 3, 1, 4],[[1, 3], [2, 3], [3, 1], [3, 2], [2, 2], [3, 3]],1240,494,1227,544
256770,2,39,108,[9, 6, 11, 3, 1, 4],[[1, 3], [2, 3], [3, 1], [3, 2], [2, 2], [3, 3]],1244,479,1228,544
256828,2,39,108,[9, 6, 11, 3, 1, 4],[[1, 3], [2, 3], [3, 1], [3, 2], [2, 2], [3, 3]],1242,463,1252,548
256893,2,39,108,[9, 6, 11, 3, 1, 4],[[1, 3], [2, 3], [3, 1], [3, 2], [2, 2], [3, 3]],1233,454,1256,543
256962,2,39,108,[9, 6, 11, 3, 1, 4],[[1, 3], [2, 3], [3, 1], [3, 2], [2, 2], [3, 3]],1211,474,1249,516
257046,2,39,108,[9, 6, 11, 3, 1, 4],[[1, 3], [2, 3], [3, 1], [3, 2], [2, 2], [3, 3]],1207,450,1230,505
257113,2,39,108,[9, 6, 11, 3, 1, 4],[[1, 3], [2, 3], [3, 1], [3, 2], [2, 2], [3, 3]],1181,453,1209,492
257190,2,39,108,[9, 6, 11, 3, 1, 4],[[1, 3], [2, 3], [3, 1], [3, 2], [2, 2], [3, 3]],1171,468,1197,462
257259,2,39,108,[9, 6, 11, 3, 1, 4],[[1, 3], [2, 3], [3, 1], [3, 2], [2, 2], [3, 3]],1191,469,1191,460
257322,2,39,108,[9, 6, 11, 3, 1, 4],[[1, 3], [2, 3], [3, 1], [3, 2], [2, 2], [3, 3]],1207,460,1185,460
257408,2,39,108,[9, 6, 11, 3, 1, 4],[[1, 3], [2, 3], [3, 1], [3, 2], [2, 2], [3, 3]],1242,426,1182,458
257464,2,39,108,[9, 6, 11, 3, 1, 4],[[1, 3], [2, 3], [3, 1], [3, 2], [2, 2], [3, 3]],1254,444,1180,468
257518,2,39,108,[9, 6, 11, 3, 1, 4],[[1, 3], [2, 3], [3, 1], [3, 2], [2, 2], [3, 3]],1257,427,1179,476
257603,2,39,108,[9, 6, 11, 3, 1, 4],[[1, 3], [2, 3], [3, 1], [3, 2], [2, 2], [3, 3]],1244,449,1191,489
257669,2,39,108,[9, 6, 11, 3, 1, 4],[[1, 3], [2, 3], [3, 1], [3, 2], [2, 2], [3, 3]],1247,441,1194,490
257728,2,39,108,[9, 6, 11, 3, 1, 4],[[1, 3], [2, 3], [3, 1], [3, 2], [2, 2], [3, 3]],1237,468,1199,491
257789,2,39,108,[9, 6, 11, 3, 1, 4],[[1, 3], [2, 3], [3, 1], [3, 2], [2, 2], [3, 3]],1217,452,1223,485
257857,2,39,108,[9, 6, 11, 3, 1, 4],[[1, 3], [2, 3], [3, 1], [3, 2], [2, 2], [3, 3]],1203,466,1226,456
257916,2,39,108,[9, 6, 11, 3, 1, 4],[[1, 3], [2, 3], [3, 1], [3, 2], [2, 2], [3, 3]],1217,467,1205,441
257986,2,39,108,[9, 6, 11, 3, 1, 4],[[1, 3], [2, 3], [3, 1], [3, 2], [2, 2], [3, 3]],1204,471,1208,440
258040,2,39,108,[9, 6, 11, 3, 1, 4],[[1, 3], [2, 3], [3, 1], [3, 2], [2, 2], [3, 3]],1203,448,1223,444
258104,2,39,108,[9, 6, 11, 3, 1, 4],[[1, 3], [2, 3], [3, 1], [3, 2], [2, 2], [3, 3]],1200,440,1226,444
258164,2,39,108,[9, 6, 11, 3, 1, 4],[[1, 3], [2, 3], [3, 1], [3, 2], [2, 2], [3, 3]],1181,450,1226,444
258218,2,39,108,[9, 6, 11, 3, 1, 4],[[1, 3], [2, 3], [3, 1], [3, 2], [2, 2], [3, 3]],1185,472,1227,454
258275,2,40,85,[7, 12, 10, 2, 5, 8],[[1, 3], [2, 3], [3, 2], [3, 3], [2, 2], [3, 1]],1207,497,1230,457
258334,2,40,85,[7, 12, 10, 2, 5, 8],[[1, 3], [2, 3], [3, 2], [3, 3], [2, 2], [3, 1]],1187,492,1227,459
258404,2,40,85,[7, 12, 10, 2, 5, 8],[[1, 3], [2, 3], [3, 2], [3, 3], [2, 2], [3, 1]],1191,505,1227,459
258468,2,40,85,[7, 12, 10, 2, 5, 8],[[1, 3], [2, 3], [3, 2], [3, 3], [2, 2], [3, 1]],1182,505,1227,472
258541,2,40,85,[7, 12, 10, 2, 5, 8],[[1, 3], [2, 3], [3, 2], [3, 3], [2, 2], [3, 1]],1183,498,1222,486
258613,2,40,85,[7, 12, 10, 2, 5, 8],[[1, 3], [2, 3], [3, 2], [3, 3], [2, 2], [3, 1]],1183,478,1226,489
258696,2,40,85,[7, 12, 10, 2, 5, 8],[[1, 3], [2, 3], [3, 2], [3, 3], [2, 2], [3, 1]],1191,468,1231,492
258776,2,40,85,[7, 12, 10, 2, 5, 8],[[1, 3], [2, 3], [3, 2], [3, 3], [2, 2], [3, 1]],1184,521,1225,496
258840,2,40,85,[7, 12, 10, 2, 5, 8],[[1, 3], [2, 3], [3, 2], [3, 3], [2, 2], [3, 1]],1181,518,1193,516
258902,2,40,85,[7, 12, 10, 2, 5, 8],[[1, 3], [2, 3], [3, 2], [3, 3], [2, 2], [3, 1]],1186,527,1175,532
258960,2,40,85,[7, 12, 10, 2, 5, 8],[[1, 3], [2, 3], [3, 2], [3, 3], [2, 2], [3, 1]],1179,506,1174,535
259048,2,40,85,[7, 12, 10, 2, 5, 8],[[1, 3], [2, 3], [3, 2], [3, 3], [2, 2], [3, 1]],1199,480,1171,532
259107,2,40,85,[7, 12, 10, 2, 5, 8],[[1, 3], [2, 3], [3, 2], [3, 3], [2, 2], [3, 1]],1207,481,1160,520
259166,2,40,85,[7, 12, 10, 2, 5, 8],[[1, 3], [2, 3], [3, 2], [3, 3], [2, 2], [3, 1]],1237,486,1152,514
259245,2,40,85,[7, 12, 10, 2, 5, 8],[[1, 3], [2, 3], [3, 2], [3, 3], [2, 2], [3, 1]],1252,472,1154,515
259318,2,40,85,[7, 12, 10, 2, 5, 8],[[1, 3], [2, 3], [3, 2], [3, 3], [2, 2], [3, 1]],1260,484,1154,515
259389,2,40,85,[7, 12, 10, 2, 5, 8],[[1, 3], [2, 3], [3, 2], [3, 3], [2, 2], [3, 1]],1247,497,1164,516
259448,2,40,85,[7, 12, 10, 2, 5, 8],[[1, 3], [2, 3], [3, 2], [3, 3], [2, 2], [3, 1]],1288,528,1236,482
259522,2,40,85,[7, 12, 10, 2, 5, 8],[[1, 3], [2, 3], [3, 2], [3, 3], [2, 2], [3, 1]],1257,524,1252,465
259582,2,40,85,[7, 12, 10, 2, 5, 8],[[1, 3], [2, 3], [3, 2], [3, 3], [2, 2], [3, 1]],1263,496,1228,417
259636,2,40,85,[7, 12, 10, 2, 5, 8],[[1, 3], [2, 3], [3, 2], [3, 3], [2, 2], [3, 1]],1244,500,1230,419
259700,2,40,85,[7, 12, 10, 2, 5, 8],[[1, 3], [2, 3], [3, 2], [3, 3], [2, 2], [3, 1]],1240,463,1249,452
259754,2,40,85,[7, 12, 10, 2, 5, 8],[[1, 3], [2, 3], [3, 2], [3, 3], [2, 2], [3, 1]],1241,461,1253,458
259822,2,40,85,[7, 12, 10, 2, 5, 8],[[1, 3], [2, 3], [3, 2], [3, 3], [2, 2], [3, 1]],1229,467,1258,474
259882,2,40,85,[7, 12, 10, 2, 5, 8],[[1, 3], [2, 3], [3, 2], [3, 3], [2, 2], [3, 1]],1219,480,1253,497
259937,2,40,85,[7, 12, 10, 2, 5, 8],[[1, 3], [2, 3], [3, 2], [3, 3], [2, 2], [3, 1]],1228,481,1247,506
259999,2,40,85,[7, 12, 10, 2, 5, 8],[[1, 3], [2, 3], [3, 2], [3, 3], [2, 2], [3, 1]],1267,487,1241,511
260058,2,40,85,[7, 12, 10, 2, 5, 8],[[1, 3], [2, 3], [3, 2], [3, 3], [2, 2], [3, 1]],1265,497,1234,499
260110,2,40,85,[7, 12, 10, 2, 5, 8],[[1, 3], [2, 3], [3, 2], [3, 3], [2, 2], [3, 1]],1272,488,1209,437
260166,2,40,85,[7, 12, 10, 2, 5, 8],[[1, 3], [2, 3], [3, 2], [3, 3], [2, 2], [3, 1]],1275,497,1208,430
260222,2,40,85,[7, 12, 10, 2, 5, 8],[[1, 3], [2, 3], [3, 2], [3, 3], [2, 2], [3, 1]],1320,486,1203,428
260275,2,40,85,[7, 12, 10, 2, 5, 8],[[1, 3], [2, 3], [3, 2], [3, 3], [2, 2], [3, 1]],1324,489,1207,431
260338,2,40,85,[7, 12, 10, 2, 5, 8],[[1, 3], [2, 3], [3, 2], [3, 3], [2, 2], [3, 1]],1330,504,1232,438
260393,2,40,85,[7, 12, 10, 2, 5, 8],[[1, 3], [2, 3], [3, 2], [3, 3], [2, 2], [3, 1]],1304,481,1255,441
260449,2,40,85,[7, 12, 10, 2, 5, 8],[[1, 3], [2, 3], [3, 2], [3, 3], [2, 2], [3, 1]],1302,487,1263,447
260505,2,40,85,[7, 12, 10, 2, 5, 8],[[1, 3], [2, 3], [3, 2], [3, 3], [2, 2], [3, 1]],1315,481,1265,461
260572,2,40,85,[7, 12, 10, 2, 5, 8],[[1, 3], [2, 3], [3, 2], [3, 3], [2, 2], [3, 1]],1335,484,1262,480
260627,2,40,85,[7, 12, 10, 2, 5, 8],[[1, 3], [2, 3], [3, 2], [3, 3], [2, 2], [3, 1]],1315,496,1265,489
260681,2,40,85,[7, 12, 10, 2, 5, 8],[[1, 3], [2, 3], [3, 2], [3, 3], [2, 2], [3, 1]],1309,505,1272,507
260755,2,40,85,[7, 12, 10, 2, 5, 8],[[1, 3], [2, 3], [3, 2], [3, 3], [2, 2], [3, 1]],1315,487,1273,508
260816,2,40,85,[7, 12, 10, 2, 5, 8],[[1, 3], [2, 3], [3, 2], [3, 3], [2, 2], [3, 1]],1330,482,1279,511
260878,2,40,85,[7, 12, 10, 2, 5, 8],[[1, 3], [2, 3], [3, 2], [3, 3], [2, 2], [3, 1]],1347,473,1290,511
260934,2,40,85,[7, 12, 10, 2, 5, 8],[[1, 3], [2, 3], [3, 2], [3, 3], [2, 2], [3, 1]],1338,481,1302,511
261008,2,40,85,[7, 12, 10, 2, 5, 8],[[1, 3], [2, 3], [3, 2], [3, 3], [2, 2], [3, 1]],1324,471,1314,511
261074,2,40,85,[7, 12, 10, 2, 5, 8],[[1, 3], [2, 3], [3, 2], [3, 3], [2, 2], [3, 1]],1306,488,1329,509
261128,2,40,85,[7, 12, 10, 2, 5, 8],[[1, 3], [2, 3], [3, 2], [3, 3], [2, 2], [3, 1]],1322,478,1337,484
261191,2,40,85,[7, 12, 10, 2, 5, 8],[[1, 3], [2, 3], [3, 2], [3, 3], [2, 2], [3, 1]],1298,493,1337,462
261259,2,40,85,[7, 12, 10, 2, 5, 8],[[1, 3], [2, 3], [3, 2], [3, 3], [2, 2], [3, 1]],1299,526,1337,450
261320,2,40,85,[7, 12, 10, 2, 5, 8],[[1, 3], [2, 3], [3, 2], [3, 3], [2, 2], [3, 1]],1307,525,1332,445
261391,2,40,85,[7, 12, 10, 2, 5, 8],[[1, 3], [2, 3], [3, 2], [3, 3], [2, 2], [3, 1]],1325,547,1325,441
261470,2,40,85,[7, 12, 10, 2, 5, 8],[[1, 3], [2, 3], [3, 2], [3, 3], [2, 2], [3, 1]],1308,552,1317,445
261540,2,40,85,[7, 12, 10, 2, 5, 8],[[1, 3], [2, 3], [3, 2], [3, 3], [2, 2], [3, 1]],1301,582,1297,468
261608,2,40,85,[7, 12, 10, 2, 5, 8],[[1, 3], [2, 3], [3, 2], [3, 3], [2, 2], [3, 1]],1304,581,1301,477
261667,2,40,85,[7, 12, 10, 2, 5, 8],[[1, 3], [2, 3], [3, 2], [3, 3], [2, 2], [3, 1]],1340,564,1309,486
261730,2,40,85,[7, 12, 10, 2, 5, 8],[[1, 3], [2, 3], [3, 2], [3, 3], [2, 2], [3, 1]],1355,548,1311,494
261784,2,40,85,[7, 12, 10, 2, 5, 8],[[1, 3], [2, 3], [3, 2], [3, 3], [2, 2], [3, 1]],1344,528,1311,504
261852,2,40,85,[7, 12, 10, 2, 5, 8],[[1, 3], [2, 3], [3, 2], [3, 3], [2, 2], [3, 1]],1321,522,1311,517
261906,2,40,85,[7, 12, 10, 2, 5, 8],[[1, 3], [2, 3], [3, 2], [3, 3], [2, 2], [3, 1]],1336,521,1309,535
261970,2,40,85,[7, 12, 10, 2, 5, 8],[[1, 3], [2, 3], [3, 2], [3, 3], [2, 2], [3, 1]],1343,514,1308,540
262025,2,40,85,[7, 12, 10, 2, 5, 8],[[1, 3], [2, 3], [3, 2], [3, 3], [2, 2], [3, 1]],1314,528,1304,539
262084,2,40,85,[7, 12, 10, 2, 5, 8],[[1, 3], [2, 3], [3, 2], [3, 3], [2, 2], [3, 1]],1308,550,1301,529
262141,2,40,85,[7, 12, 10, 2, 5, 8],[[1, 3], [2, 3], [3, 2], [3, 3], [2, 2], [3, 1]],1312,545,1296,527
262200,2,40,85,[7, 12, 10, 2, 5, 8],[[1, 3], [2, 3], [3, 2], [3, 3], [2, 2], [3, 1]],1330,556,1296,527
262257,2,40,85,[7, 12, 10, 2, 5, 8],[[1, 3], [2, 3], [3, 2], [3, 3], [2, 2], [3, 1]],1335,567,1314,526
262316,2,40,85,[7, 12, 10, 2, 5, 8],[[1, 3], [2, 3], [3, 2], [3, 3], [2, 2], [3, 1]],1313,591,1324,529
262373,2,41,127,[7, 12, 11, 3, 1, 4],[[2, 3], [3, 3], [1, 2], [1, 3], [2, 1], [3, 2]],1327,564,1335,539
262433,2,41,127,[7, 12, 11, 3, 1, 4],[[2, 3], [3, 3], [1, 2], [1, 3], [2, 1], [3, 2]],1326,575,1347,545
262504,2,41,127,[7, 12, 11, 3, 1, 4],[[2, 3], [3, 3], [1, 2], [1, 3], [2, 1], [3, 2]],1334,611,1356,559
262573,2,41,127,[7, 12, 11, 3, 1, 4],[[2, 3], [3, 3], [1, 2], [1, 3], [2, 1], [3, 2]],1350,588,1356,572
262633,2,41,127,[7, 12, 11, 3, 1, 4],[[2, 3], [3, 3], [1, 2], [1, 3], [2, 1], [3, 2]],1358,569,1355,576
262707,2,41,127,[7, 12, 11, 3, 1, 4],[[2, 3], [3, 3], [1, 2], [1, 3], [2, 1], [3, 2]],1372,567,1348,576
262777,2,41,127,[7, 12, 11, 3, 1, 4],[[2, 3], [3, 3], [1, 2], [1, 3], [2, 1], [3, 2]],1380,569,1336,578
262845,2,41,127,[7, 12, 11, 3, 1, 4],[[2, 3], [3, 3], [1, 2], [1, 3], [2, 1], [3, 2]],1390,561,1331,584
262911,2,41,127,[7, 12, 11, 3, 1, 4],[[2, 3], [3, 3], [1, 2], [1, 3], [2, 1], [3, 2]],1395,560,1330,587
262979,2,41,127,[7, 12, 11, 3, 1, 4],[[2, 3], [3, 3], [1, 2], [1, 3], [2, 1], [3, 2]],1396,568,1318,588
263033,2,41,127,[7, 12, 11, 3, 1, 4],[[2, 3], [3, 3], [1, 2], [1, 3], [2, 1], [3, 2]],1386,562,1304,585
263096,2,41,127,[7, 12, 11, 3, 1, 4],[[2, 3], [3, 3], [1, 2], [1, 3], [2, 1], [3, 2]],1400,500,1290,580
263172,2,41,127,[7, 12, 11, 3, 1, 4],[[2, 3], [3, 3], [1, 2], [1, 3], [2, 1], [3, 2]],1426,496,1290,580
263243,2,41,127,[7, 12, 11, 3, 1, 4],[[2, 3], [3, 3], [1, 2], [1, 3], [2, 1], [3, 2]],1407,479,1297,578
263320,2,41,127,[7, 12, 11, 3, 1, 4],[[2, 3], [3, 3], [1, 2], [1, 3], [2, 1], [3, 2]],1413,482,1304,574
263398,2,41,127,[7, 12, 11, 3, 1, 4],[[2, 3], [3, 3], [1, 2], [1, 3], [2, 1], [3, 2]],1427,480,1316,566
263467,2,41,127,[7, 12, 11, 3, 1, 4],[[2, 3], [3, 3], [1, 2], [1, 3], [2, 1], [3, 2]],1433,471,1333,559
263524,2,41,127,[7, 12, 11, 3, 1, 4],[[2, 3], [3, 3], [1, 2], [1, 3], [2, 1], [3, 2]],1428,465,1341,545
263588,2,41,127,[7, 12, 11, 3, 1, 4],[[2, 3], [3, 3], [1, 2], [1, 3], [2, 1], [3, 2]],1415,473,1346,530
263647,2,41,127,[7, 12, 11, 3, 1, 4],[[2, 3], [3, 3], [1, 2], [1, 3], [2, 1], [3, 2]],1401,475,1356,509
263706,2,41,127,[7, 12, 11, 3, 1, 4],[[2, 3], [3, 3], [1, 2], [1, 3], [2, 1], [3, 2]],1424,473,1362,498
263761,2,41,127,[7, 12, 11, 3, 1, 4],[[2, 3], [3, 3], [1, 2], [1, 3], [2, 1], [3, 2]],1429,503,1377,485
263820,2,41,127,[7, 12, 11, 3, 1, 4],[[2, 3], [3, 3], [1, 2], [1, 3], [2, 1], [3, 2]],1399,509,1384,480
263883,2,41,127,[7, 12, 11, 3, 1, 4],[[2, 3], [3, 3], [1, 2], [1, 3], [2, 1], [3, 2]],1391,514,1394,476
263947,2,41,127,[7, 12, 11, 3, 1, 4],[[2, 3], [3, 3], [1, 2], [1, 3], [2, 1], [3, 2]],1382,545,1407,482
264006,2,41,127,[7, 12, 11, 3, 1, 4],[[2, 3], [3, 3], [1, 2], [1, 3], [2, 1], [3, 2]],1395,555,1416,490
264060,2,41,127,[7, 12, 11, 3, 1, 4],[[2, 3], [3, 3], [1, 2], [1, 3], [2, 1], [3, 2]],1404,559,1426,511
264122,2,41,127,[7, 12, 11, 3, 1, 4],[[2, 3], [3, 3], [1, 2], [1, 3], [2, 1], [3, 2]],1404,561,1425,522
264171,2,41,127,[7, 12, 11, 3, 1, 4],[[2, 3], [3, 3], [1, 2], [1, 3], [2, 1], [3, 2]],1411,570,1414,524
264224,2,41,127,[7, 12, 11, 3, 1, 4],[[2, 3], [3, 3], [1, 2], [1, 3], [2, 1], [3, 2]],1411,567,1403,524
264282,2,41,127,[7, 12, 11, 3, 1, 4],[[2, 3], [3, 3], [1, 2], [1, 3], [2, 1], [3, 2]],1418,572,1401,526
264356,2,41,127,[7, 12, 11, 3, 1, 4],[[2, 3], [3, 3], [1, 2], [1, 3], [2, 1], [3, 2]],1415,599,1400,538
264422,2,41,127,[7, 12, 11, 3, 1, 4],[[2, 3], [3, 3], [1, 2], [1, 3], [2, 1], [3, 2]],1418,607,1398,553
264490,2,41,127,[7, 12, 11, 3, 1, 4],[[2, 3], [3, 3], [1, 2], [1, 3], [2, 1], [3, 2]],1413,604,1400,561
264555,2,41,127,[7, 12, 11, 3, 1, 4],[[2, 3], [3, 3], [1, 2], [1, 3], [2, 1], [3, 2]],1435,588,1401,566
264624,2,41,127,[7, 12, 11, 3, 1, 4],[[2, 3], [3, 3], [1, 2], [1, 3], [2, 1], [3, 2]],1406,619,1401,567
264681,2,41,127,[7, 12, 11, 3, 1, 4],[[2, 3], [3, 3], [1, 2], [1, 3], [2, 1], [3, 2]],1403,619,1401,570
264746,2,41,127,[7, 12, 11, 3, 1, 4],[[2, 3], [3, 3], [1, 2], [1, 3], [2, 1], [3, 2]],1409,591,1408,581
264818,2,41,127,[7, 12, 11, 3, 1, 4],[[2, 3], [3, 3], [1, 2], [1, 3], [2, 1], [3, 2]],1417,586,1409,588
264882,2,41,127,[7, 12, 11, 3, 1, 4],[[2, 3], [3, 3], [1, 2], [1, 3], [2, 1], [3, 2]],1443,586,1415,589
264941,2,41,127,[7, 12, 11, 3, 1, 4],[[2, 3], [3, 3], [1, 2], [1, 3], [2, 1], [3, 2]],1416,554,1422,603
265004,2,41,127,[7, 12, 11, 3, 1, 4],[[2, 3], [3, 3], [1, 2], [1, 3], [2, 1], [3, 2]],1417,544,1422,606
265080,2,41,127,[7, 12, 11, 3, 1, 4],[[2, 3], [3, 3], [1, 2], [1, 3], [2, 1], [3, 2]],1432,544,1419,609
265145,2,41,127,[7, 12, 11, 3, 1, 4],[[2, 3], [3, 3], [1, 2], [1, 3], [2, 1], [3, 2]],1431,552,1418,608
265234,2,41,127,[7, 12, 11, 3, 1, 4],[[2, 3], [3, 3], [1, 2], [1, 3], [2, 1], [3, 2]],1416,519,1427,603
265291,2,41,127,[7, 12, 11, 3, 1, 4],[[2, 3], [3, 3], [1, 2], [1, 3], [2, 1], [3, 2]],1421,553,1430,575
265358,2,41,127,[7, 12, 11, 3, 1, 4],[[2, 3], [3, 3], [1, 2], [1, 3], [2, 1], [3, 2]],1439,577,1430,573
265416,2,41,127,[7, 12, 11, 3, 1, 4],[[2, 3], [3, 3], [1, 2], [1, 3], [2, 1], [3, 2]],1397,569,1434,572
265495,2,41,127,[7, 12, 11, 3, 1, 4],[[2, 3], [3, 3], [1, 2], [1, 3], [2, 1], [3, 2]],1385,595,1435,572
265549,2,41,127,[7, 12, 11, 3, 1, 4],[[2, 3], [3, 3], [1, 2], [1, 3], [2, 1], [3, 2]],1370,608,1435,568
265605,2,41,127,[7, 12, 11, 3, 1, 4],[[2, 3], [3, 3], [1, 2], [1, 3], [2, 1], [3, 2]],1364,621,1417,534
265652,2,41,127,[7, 12, 11, 3, 1, 4],[[2, 3], [3, 3], [1, 2], [1, 3], [2, 1], [3, 2]],1359,613,1402,522
265700,2,41,127,[7, 12, 11, 3, 1, 4],[[2, 3], [3, 3], [1, 2], [1, 3], [2, 1], [3, 2]],1343,632,1399,522
265754,2,41,127,[7, 12, 11, 3, 1, 4],[[2, 3], [3, 3], [1, 2], [1, 3], [2, 1], [3, 2]],1370,629,1393,531
265807,2,41,127,[7, 12, 11, 3, 1, 4],[[2, 3], [3, 3], [1, 2], [1, 3], [2, 1], [3, 2]],1373,610,1388,533
265861,2,41,127,[7, 12, 11, 3, 1, 4],[[2, 3], [3, 3], [1, 2], [1, 3], [2, 1], [3, 2]],1374,634,1385,535
265914,2,41,127,[7, 12, 11, 3, 1, 4],[[2, 3], [3, 3], [1, 2], [1, 3], [2, 1], [3, 2]],1369,649,1377,548
265967,2,41,127,[7, 12, 11, 3, 1, 4],[[2, 3], [3, 3], [1, 2], [1, 3], [2, 1], [3, 2]],1378,670,1362,570
266016,2,41,127,[7, 12, 11, 3, 1, 4],[[2, 3], [3, 3], [1, 2], [1, 3], [2, 1], [3, 2]],1389,682,1351,586
266069,2,41,127,[7, 12, 11, 3, 1, 4],[[2, 3], [3, 3], [1, 2], [1, 3], [2, 1], [3, 2]],1357,677,1346,600
266124,2,41,127,[7, 12, 11, 3, 1, 4],[[2, 3], [3, 3], [1, 2], [1, 3], [2, 1], [3, 2]],1368,664,1340,621
266176,2,41,127,[7, 12, 11, 3, 1, 4],[[2, 3], [3, 3], [1, 2], [1, 3], [2, 1], [3, 2]],1360,654,1343,633
266226,2,41,127,[7, 12, 11, 3, 1, 4],[[2, 3], [3, 3], [1, 2], [1, 3], [2, 1], [3, 2]],1373,650,1351,639
266284,2,41,127,[7, 12, 11, 3, 1, 4],[[2, 3], [3, 3], [1, 2], [1, 3], [2, 1], [3, 2]],1371,674,1372,672
266337,2,41,127,[7, 12, 11, 3, 1, 4],[[2, 3], [3, 3], [1, 2], [1, 3], [2, 1], [3, 2]],1358,664,1384,690
266395,2,41,127,[7, 12, 11, 3, 1, 4],[[2, 3], [3, 3], [1, 2], [1, 3], [2, 1], [3, 2]],1363,655,1386,693
266449,2,42,91,[7, 12, 11, 3, 5, 8],[[1, 3], [2, 3], [3, 2], [3, 3], [1, 2], [2, 1]],1335,700,1384,701
266513,2,42,91,[7, 12, 11, 3, 5, 8],[[1, 3], [2, 3], [3, 2], [3, 3], [1, 2], [2, 1]],1318,728,1382,705
266598,2,42,91,[7, 12, 11, 3, 5, 8],[[1, 3], [2, 3], [3, 2], [3, 3], [1, 2], [2, 1]],1306,713,1381,708
266655,2,42,91,[7, 12, 11, 3, 5, 8],[[1, 3], [2, 3], [3, 2], [3, 3], [1, 2], [2, 1]],1323,702,1383,710
266729,2,42,91,[7, 12, 11, 3, 5, 8],[[1, 3], [2, 3], [3, 2], [3, 3], [1, 2], [2, 1]],1298,691,1387,711
266795,2,42,91,[7, 12, 11, 3, 5, 8],[[1, 3], [2, 3], [3, 2], [3, 3], [1, 2], [2, 1]],1293,703,1388,709
266850,2,42,91,[7, 12, 11, 3, 5, 8],[[1, 3], [2, 3], [3, 2], [3, 3], [1, 2], [2, 1]],1306,689,1385,708
266910,2,42,91,[7, 12, 11, 3, 5, 8],[[1, 3], [2, 3], [3, 2], [3, 3], [1, 2], [2, 1]],1341,703,1377,705
266968,2,42,91,[7, 12, 11, 3, 5, 8],[[1, 3], [2, 3], [3, 2], [3, 3], [1, 2], [2, 1]],1332,678,1301,698
267026,2,42,91,[7, 12, 11, 3, 5, 8],[[1, 3], [2, 3], [3, 2], [3, 3], [1, 2], [2, 1]],1351,673,1260,693
267076,2,42,91,[7, 12, 11, 3, 5, 8],[[1, 3], [2, 3], [3, 2], [3, 3], [1, 2], [2, 1]],1370,674,1247,693
267130,2,42,91,[7, 12, 11, 3, 5, 8],[[1, 3], [2, 3], [3, 2], [3, 3], [1, 2], [2, 1]],1376,651,1247,694
267182,2,42,91,[7, 12, 11, 3, 5, 8],[[1, 3], [2, 3], [3, 2], [3, 3], [1, 2], [2, 1]],1393,666,1227,706
267246,2,42,91,[7, 12, 11, 3, 5, 8],[[1, 3], [2, 3], [3, 2], [3, 3], [1, 2], [2, 1]],1365,658,1216,712
267303,2,42,91,[7, 12, 11, 3, 5, 8],[[1, 3], [2, 3], [3, 2], [3, 3], [1, 2], [2, 1]],1359,670,1227,715
267371,2,42,91,[7, 12, 11, 3, 5, 8],[[1, 3], [2, 3], [3, 2], [3, 3], [1, 2], [2, 1]],1354,662,1285,713
267429,2,42,91,[7, 12, 11, 3, 5, 8],[[1, 3], [2, 3], [3, 2], [3, 3], [1, 2], [2, 1]],1335,683,1315,703
267501,2,42,91,[7, 12, 11, 3, 5, 8],[[1, 3], [2, 3], [3, 2], [3, 3], [1, 2], [2, 1]],1310,679,1345,689
267572,2,42,91,[7, 12, 11, 3, 5, 8],[[1, 3], [2, 3], [3, 2], [3, 3], [1, 2], [2, 1]],1276,695,1347,675
267628,2,42,91,[7, 12, 11, 3, 5, 8],[[1, 3], [2, 3], [3, 2], [3, 3], [1, 2], [2, 1]],1276,709,1338,636
267686,2,42,91,[7, 12, 11, 3, 5, 8],[[1, 3], [2, 3], [3, 2], [3, 3], [1, 2], [2, 1]],1282,711,1330,628
267741,2,42,91,[7, 12, 11, 3, 5, 8],[[1, 3], [2, 3], [3, 2], [3, 3], [1, 2], [2, 1]],1272,696,1327,627
267802,2,42,91,[7, 12, 11, 3, 5, 8],[[1, 3], [2, 3], [3, 2], [3, 3], [1, 2], [2, 1]],1275,693,1326,627
267861,2,42,91,[7, 12, 11, 3, 5, 8],[[1, 3], [2, 3], [3, 2], [3, 3], [1, 2], [2, 1]],1279,701,1324,643
267920,2,42,91,[7, 12, 11, 3, 5, 8],[[1, 3], [2, 3], [3, 2], [3, 3], [1, 2], [2, 1]],1253,706,1319,658
267974,2,42,91,[7, 12, 11, 3, 5, 8],[[1, 3], [2, 3], [3, 2], [3, 3], [1, 2], [2, 1]],1255,682,1324,667
268027,2,42,91,[7, 12, 11, 3, 5, 8],[[1, 3], [2, 3], [3, 2], [3, 3], [1, 2], [2, 1]],1261,691,1324,668
268080,2,42,91,[7, 12, 11, 3, 5, 8],[[1, 3], [2, 3], [3, 2], [3, 3], [1, 2], [2, 1]],1270,701,1325,674
268140,2,42,91,[7, 12, 11, 3, 5, 8],[[1, 3], [2, 3], [3, 2], [3, 3], [1, 2], [2, 1]],1258,696,1324,680
268198,2,42,91,[7, 12, 11, 3, 5, 8],[[1, 3], [2, 3], [3, 2], [3, 3], [1, 2], [2, 1]],1222,694,1294,685
268263,2,42,91,[7, 12, 11, 3, 5, 8],[[1, 3], [2, 3], [3, 2], [3, 3], [1, 2], [2, 1]],1219,732,1264,681
268322,2,42,91,[7, 12, 11, 3, 5, 8],[[1, 3], [2, 3], [3, 2], [3, 3], [1, 2], [2, 1]],1222,722,1265,681
268370,2,42,91,[7, 12, 11, 3, 5, 8],[[1, 3], [2, 3], [3, 2], [3, 3], [1, 2], [2, 1]],1198,721,1266,683
268431,2,42,91,[7, 12, 11, 3, 5, 8],[[1, 3], [2, 3], [3, 2], [3, 3], [1, 2], [2, 1]],1184,721,1267,683
268488,2,42,91,[7, 12, 11, 3, 5, 8],[[1, 3], [2, 3], [3, 2], [3, 3], [1, 2], [2, 1]],1161,704,1267,683
268548,2,42,91,[7, 12, 11, 3, 5, 8],[[1, 3], [2, 3], [3, 2], [3, 3], [1, 2], [2, 1]],1176,713,1267,689
268613,2,42,91,[7, 12, 11, 3, 5, 8],[[1, 3], [2, 3], [3, 2], [3, 3], [1, 2], [2, 1]],1162,730,1260,711
268668,2,42,91,[7, 12, 11, 3, 5, 8],[[1, 3], [2, 3], [3, 2], [3, 3], [1, 2], [2, 1]],1158,720,1238,734
268722,2,42,91,[7, 12, 11, 3, 5, 8],[[1, 3], [2, 3], [3, 2], [3, 3], [1, 2], [2, 1]],1149,719,1223,745
268779,2,42,91,[7, 12, 11, 3, 5, 8],[[1, 3], [2, 3], [3, 2], [3, 3], [1, 2], [2, 1]],1149,719,1189,759
268849,2,42,91,[7, 12, 11, 3, 5, 8],[[1, 3], [2, 3], [3, 2], [3, 3], [1, 2], [2, 1]],1184,718,1171,761
268913,2,42,91,[7, 12, 11, 3, 5, 8],[[1, 3], [2, 3], [3, 2], [3, 3], [1, 2], [2, 1]],1177,720,1130,766
268981,2,42,91,[7, 12, 11, 3, 5, 8],[[1, 3], [2, 3], [3, 2], [3, 3], [1, 2], [2, 1]],1186,720,1130,766
269051,2,42,91,[7, 12, 11, 3, 5, 8],[[1, 3], [2, 3], [3, 2], [3, 3], [1, 2], [2, 1]],1203,724,1128,763
269111,2,42,91,[7, 12, 11, 3, 5, 8],[[1, 3], [2, 3], [3, 2], [3, 3], [1, 2], [2, 1]],1230,756,1128,749
269175,2,42,91,[7, 12, 11, 3, 5, 8],[[1, 3], [2, 3], [3, 2], [3, 3], [1, 2], [2, 1]],1247,741,1123,727
269237,2,42,91,[7, 12, 11, 3, 5, 8],[[1, 3], [2, 3], [3, 2], [3, 3], [1, 2], [2, 1]],1248,744,1149,705
269297,2,42,91,[7, 12, 11, 3, 5, 8],[[1, 3], [2, 3], [3, 2], [3, 3], [1, 2], [2, 1]],1253,727,1197,693
269373,2,42,91,[7, 12, 11, 3, 5, 8],[[1, 3], [2, 3], [3, 2], [3, 3], [1, 2], [2, 1]],1230,739,1221,703
269435,2,42,91,[7, 12, 11, 3, 5, 8],[[1, 3], [2, 3], [3, 2], [3, 3], [1, 2], [2, 1]],1217,725,1245,723
269499,2,42,91,[7, 12, 11, 3, 5, 8],[[1, 3], [2, 3], [3, 2], [3, 3], [1, 2], [2, 1]],1206,718,1247,724
269559,2,42,91,[7, 12, 11, 3, 5, 8],[[1, 3], [2, 3], [3, 2], [3, 3], [1, 2], [2, 1]],1185,730,1257,730
269620,2,42,91,[7, 12, 11, 3, 5, 8],[[1, 3], [2, 3], [3, 2], [3, 3], [1, 2], [2, 1]],1222,746,1257,730
269674,2,42,91,[7, 12, 11, 3, 5, 8],[[1, 3], [2, 3], [3, 2], [3, 3], [1, 2], [2, 1]],1240,765,1258,730
269735,2,42,91,[7, 12, 11, 3, 5, 8],[[1, 3], [2, 3], [3, 2], [3, 3], [1, 2], [2, 1]],1253,768,1261,714
269788,2,42,91,[7, 12, 11, 3, 5, 8],[[1, 3], [2, 3], [3, 2], [3, 3], [1, 2], [2, 1]],1269,775,1231,695
269837,2,42,91,[7, 12, 11, 3, 5, 8],[[1, 3], [2, 3], [3, 2], [3, 3], [1, 2], [2, 1]],1252,803,1231,695
269891,2,42,91,[7, 12, 11, 3, 5, 8],[[1, 3], [2, 3], [3, 2], [3, 3], [1, 2], [2, 1]],1272,833,1227,699
269945,2,42,91,[7, 12, 11, 3, 5, 8],[[1, 3], [2, 3], [3, 2], [3, 3], [1, 2], [2, 1]],1263,825,1227,703
269998,2,42,91,[7, 12, 11, 3, 5, 8],[[1, 3], [2, 3], [3, 2], [3, 3], [1, 2], [2, 1]],1219,809,1228,709
270047,2,42,91,[7, 12, 11, 3, 5, 8],[[1, 3], [2, 3], [3, 2], [3, 3], [1, 2], [2, 1]],1219,823,1239,719
270100,2,42,91,[7, 12, 11, 3, 5, 8],[[1, 3], [2, 3], [3, 2], [3, 3], [1, 2], [2, 1]],1251,807,1260,740
270154,2,42,91,[7, 12, 11, 3, 5, 8],[[1, 3], [2, 3], [3, 2], [3, 3], [1, 2], [2, 1]],1265,796,1263,748
270208,2,42,91,[7, 12, 11, 3, 5, 8],[[1, 3], [2, 3], [3, 2], [3, 3], [1, 2], [2, 1]],1272,828,1266,753
270261,2,42,91,[7, 12, 11, 3, 5, 8],[[1, 3], [2, 3], [3, 2], [3, 3], [1, 2], [2, 1]],1290,814,1267,776
270318,2,42,91,[7, 12, 11, 3, 5, 8],[[1, 3], [2, 3], [3, 2], [3, 3], [1, 2], [2, 1]],1270,841,1269,813
270377,2,42,91,[7, 12, 11, 3, 5, 8],[[1, 3], [2, 3], [3, 2], [3, 3], [1, 2], [2, 1]],1294,857,1278,845
270430,2,42,91,[7, 12, 11, 3, 5, 8],[[1, 3], [2, 3], [3, 2], [3, 3], [1, 2], [2, 1]],1322,871,1289,862
270484,2,42,91,[7, 12, 11, 3, 5, 8],[[1, 3], [2, 3], [3, 2], [3, 3], [1, 2], [2, 1]],1329,886,1312,882
270538,2,43,105,[7, 12, 10, 2, 1, 4],[[1, 3], [2, 3], [3, 1], [3, 2], [2, 2], [3, 3]],1353,878,1313,883
270591,2,43,105,[7, 12, 10, 2, 1, 4],[[1, 3], [2, 3], [3, 1], [3, 2], [2, 2], [3, 3]],1347,848,1340,904
270645,2,43,105,[7, 12, 10, 2, 1, 4],[[1, 3], [2, 3], [3, 1], [3, 2], [2, 2], [3, 3]],1358,833,1344,905
270694,2,43,105,[7, 12, 10, 2, 1, 4],[[1, 3], [2, 3], [3, 1], [3, 2], [2, 2], [3, 3]],1331,824,1344,905
270759,2,43,105,[7, 12, 10, 2, 1, 4],[[1, 3], [2, 3], [3, 1], [3, 2], [2, 2], [3, 3]],1338,791,1344,905
270817,2,43,105,[7, 12, 10, 2, 1, 4],[[1, 3], [2, 3], [3, 1], [3, 2], [2, 2], [3, 3]],1329,779,1357,916
270872,2,43,105,[7, 12, 10, 2, 1, 4],[[1, 3], [2, 3], [3, 1], [3, 2], [2, 2], [3, 3]],1333,776,1355,917
270929,2,43,105,[7, 12, 10, 2, 1, 4],[[1, 3], [2, 3], [3, 1], [3, 2], [2, 2], [3, 3]],1322,757,1341,901
270988,2,43,105,[7, 12, 10, 2, 1, 4],[[1, 3], [2, 3], [3, 1], [3, 2], [2, 2], [3, 3]],1339,756,1310,812
271062,2,43,105,[7, 12, 10, 2, 1, 4],[[1, 3], [2, 3], [3, 1], [3, 2], [2, 2], [3, 3]],1338,755,1320,743
271124,2,43,105,[7, 12, 10, 2, 1, 4],[[1, 3], [2, 3], [3, 1], [3, 2], [2, 2], [3, 3]],1349,755,1321,694
271181,2,43,105,[7, 12, 10, 2, 1, 4],[[1, 3], [2, 3], [3, 1], [3, 2], [2, 2], [3, 3]],1371,762,1321,679
271255,2,43,105,[7, 12, 10, 2, 1, 4],[[1, 3], [2, 3], [3, 1], [3, 2], [2, 2], [3, 3]],1410,755,1328,650
271325,2,43,105,[7, 12, 10, 2, 1, 4],[[1, 3], [2, 3], [3, 1], [3, 2], [2, 2], [3, 3]],1388,769,1338,643
271382,2,43,105,[7, 12, 10, 2, 1, 4],[[1, 3], [2, 3], [3, 1], [3, 2], [2, 2], [3, 3]],1386,787,1368,657
271445,2,43,105,[7, 12, 10, 2, 1, 4],[[1, 3], [2, 3], [3, 1], [3, 2], [2, 2], [3, 3]],1402,789,1386,691
271525,2,43,105,[7, 12, 10, 2, 1, 4],[[1, 3], [2, 3], [3, 1], [3, 2], [2, 2], [3, 3]],1409,779,1388,709
271588,2,43,105,[7, 12, 10, 2, 1, 4],[[1, 3], [2, 3], [3, 1], [3, 2], [2, 2], [3, 3]],1401,769,1400,738
271641,2,43,105,[7, 12, 10, 2, 1, 4],[[1, 3], [2, 3], [3, 1], [3, 2], [2, 2], [3, 3]],1392,781,1400,745
271689,2,43,105,[7, 12, 10, 2, 1, 4],[[1, 3], [2, 3], [3, 1], [3, 2], [2, 2], [3, 3]],1347,778,1400,755
271738,2,43,105,[7, 12, 10, 2, 1, 4],[[1, 3], [2, 3], [3, 1], [3, 2], [2, 2], [3, 3]],1380,784,1399,776
271792,2,43,105,[7, 12, 10, 2, 1, 4],[[1, 3], [2, 3], [3, 1], [3, 2], [2, 2], [3, 3]],1386,788,1399,784
271846,2,43,105,[7, 12, 10, 2, 1, 4],[[1, 3], [2, 3], [3, 1], [3, 2], [2, 2], [3, 3]],1386,779,1403,791
271903,2,43,105,[7, 12, 10, 2, 1, 4],[[1, 3], [2, 3], [3, 1], [3, 2], [2, 2], [3, 3]],1370,752,1404,792
271958,2,43,105,[7, 12, 10, 2, 1, 4],[[1, 3], [2, 3], [3, 1], [3, 2], [2, 2], [3, 3]],1370,750,1404,792
272011,2,43,105,[7, 12, 10, 2, 1, 4],[[1, 3], [2, 3], [3, 1], [3, 2], [2, 2], [3, 3]],1384,763,1400,790
272064,2,43,105,[7, 12, 10, 2, 1, 4],[[1, 3], [2, 3], [3, 1], [3, 2], [2, 2], [3, 3]],1367,743,1397,786
272124,2,43,105,[7, 12, 10, 2, 1, 4],[[1, 3], [2, 3], [3, 1], [3, 2], [2, 2], [3, 3]],1363,750,1403,769
272197,2,43,105,[7, 12, 10, 2, 1, 4],[[1, 3], [2, 3], [3, 1], [3, 2], [2, 2], [3, 3]],1352,744,1412,748
272258,2,43,105,[7, 12, 10, 2, 1, 4],[[1, 3], [2, 3], [3, 1], [3, 2], [2, 2], [3, 3]],1330,747,1396,708
272341,2,43,105,[7, 12, 10, 2, 1, 4],[[1, 3], [2, 3], [3, 1], [3, 2], [2, 2], [3, 3]],1343,790,1396,708
272399,2,43,105,[7, 12, 10, 2, 1, 4],[[1, 3], [2, 3], [3, 1], [3, 2], [2, 2], [3, 3]],1364,780,1396,708
272466,2,43,105,[7, 12, 10, 2, 1, 4],[[1, 3], [2, 3], [3, 1], [3, 2], [2, 2], [3, 3]],1339,800,1394,708
272527,2,43,105,[7, 12, 10, 2, 1, 4],[[1, 3], [2, 3], [3, 1], [3, 2], [2, 2], [3, 3]],1345,803,1351,692
272600,2,43,105,[7, 12, 10, 2, 1, 4],[[1, 3], [2, 3], [3, 1], [3, 2], [2, 2], [3, 3]],1339,818,1347,692
272667,2,43,105,[7, 12, 10, 2, 1, 4],[[1, 3], [2, 3], [3, 1], [3, 2], [2, 2], [3, 3]],1354,834,1355,713
272723,2,43,105,[7, 12, 10, 2, 1, 4],[[1, 3], [2, 3], [3, 1], [3, 2], [2, 2], [3, 3]],1359,828,1359,735
272793,2,43,105,[7, 12, 10, 2, 1, 4],[[1, 3], [2, 3], [3, 1], [3, 2], [2, 2], [3, 3]],1333,817,1343,775
272868,2,43,105,[7, 12, 10, 2, 1, 4],[[1, 3], [2, 3], [3, 1], [3, 2], [2, 2], [3, 3]],1331,804,1339,792
272922,2,43,105,[7, 12, 10, 2, 1, 4],[[1, 3], [2, 3], [3, 1], [3, 2], [2, 2], [3, 3]],1342,804,1331,805
272982,2,43,105,[7, 12, 10, 2, 1, 4],[[1, 3], [2, 3], [3, 1], [3, 2], [2, 2], [3, 3]],1328,808,1329,812
273047,2,43,105,[7, 12, 10, 2, 1, 4],[[1, 3], [2, 3], [3, 1], [3, 2], [2, 2], [3, 3]],1373,825,1330,827
273117,2,43,105,[7, 12, 10, 2, 1, 4],[[1, 3], [2, 3], [3, 1], [3, 2], [2, 2], [3, 3]],1365,815,1343,847
273182,2,43,105,[7, 12, 10, 2, 1, 4],[[1, 3], [2, 3], [3, 1], [3, 2], [2, 2], [3, 3]],1360,804,1352,855
273246,2,43,105,[7, 12, 10, 2, 1, 4],[[1, 3], [2, 3], [3, 1], [3, 2], [2, 2], [3, 3]],1385,815,1358,860
273310,2,43,105,[7, 12, 10, 2, 1, 4],[[1, 3], [2, 3], [3, 1], [3, 2], [2, 2], [3, 3]],1410,824,1358,860
273368,2,43,105,[7, 12, 10, 2, 1, 4],[[1, 3], [2, 3], [3, 1], [3, 2], [2, 2], [3, 3]],1400,818,1358,860
273437,2,43,105,[7, 12, 10, 2, 1, 4],[[1, 3], [2, 3], [3, 1], [3, 2], [2, 2], [3, 3]],1428,823,1365,815
273500,2,43,105,[7, 12, 10, 2, 1, 4],[[1, 3], [2, 3], [3, 1], [3, 2], [2, 2], [3, 3]],1402,810,1366,793
273549,2,43,105,[7, 12, 10, 2, 1, 4],[[1, 3], [2, 3], [3, 1], [3, 2], [2, 2], [3, 3]],1394,821,1383,792
273615,2,43,105,[7, 12, 10, 2, 1, 4],[[1, 3], [2, 3], [3, 1], [3, 2], [2, 2], [3, 3]],1396,832,1404,797
273673,2,43,105,[7, 12, 10, 2, 1, 4],[[1, 3], [2, 3], [3, 1], [3, 2], [2, 2], [3, 3]],1388,836,1430,807
273729,2,43,105,[7, 12, 10, 2, 1, 4],[[1, 3], [2, 3], [3, 1], [3, 2], [2, 2], [3, 3]],1393,854,1440,813
273782,2,43,105,[7, 12, 10, 2, 1, 4],[[1, 3], [2, 3], [3, 1], [3, 2], [2, 2], [3, 3]],1407,826,1441,814
273832,2,43,105,[7, 12, 10, 2, 1, 4],[[1, 3], [2, 3], [3, 1], [3, 2], [2, 2], [3, 3]],1413,816,1456,825
273894,2,43,105,[7, 12, 10, 2, 1, 4],[[1, 3], [2, 3], [3, 1], [3, 2], [2, 2], [3, 3]],1413,819,1457,826
273958,2,43,105,[7, 12, 10, 2, 1, 4],[[1, 3], [2, 3], [3, 1], [3, 2], [2, 2], [3, 3]],1418,779,1437,837
274013,2,43,105,[7, 12, 10, 2, 1, 4],[[1, 3], [2, 3], [3, 1], [3, 2], [2, 2], [3, 3]],1404,756,1421,846
274074,2,43,105,[7, 12, 10, 2, 1, 4],[[1, 3], [2, 3], [3, 1], [3, 2], [2, 2], [3, 3]],1399,786,1402,850
274129,2,43,105,[7, 12, 10, 2, 1, 4],[[1, 3], [2, 3], [3, 1], [3, 2], [2, 2], [3, 3]],1419,791,1377,850
274190,2,43,105,[7, 12, 10, 2, 1, 4],[[1, 3], [2, 3], [3, 1], [3, 2], [2, 2], [3, 3]],1428,800,1370,846
274249,2,43,105,[7, 12, 10, 2, 1, 4],[[1, 3], [2, 3], [3, 1], [3, 2], [2, 2], [3, 3]],1426,785,1375,828
274309,2,43,105,[7, 12, 10, 2, 1, 4],[[1, 3], [2, 3], [3, 1], [3, 2], [2, 2], [3, 3]],1432,798,1387,792
274364,2,43,105,[7, 12, 10, 2, 1, 4],[[1, 3], [2, 3], [3, 1], [3, 2], [2, 2], [3, 3]],1444,799,1384,758
274426,2,43,105,[7, 12, 10, 2, 1, 4],[[1, 3], [2, 3], [3, 1], [3, 2], [2, 2], [3, 3]],1378,790,1403,756
274491,2,43,105,[7, 12, 10, 2, 1, 4],[[1, 3], [2, 3], [3, 1], [3, 2], [2, 2], [3, 3]],1367,782,1429,766
274550,2,44,141,[7, 12, 10, 2, 5, 8],[[2, 3], [3, 3], [3, 1], [3, 2], [1, 3], [2, 2]],1365,805,1436,766
274619,2,44,141,[7, 12, 10, 2, 5, 8],[[2, 3], [3, 3], [3, 1], [3, 2], [1, 3], [2, 2]],1351,822,1444,759
274683,2,44,141,[7, 12, 10, 2, 5, 8],[[2, 3], [3, 3], [3, 1], [3, 2], [1, 3], [2, 2]],1342,824,1444,759
274749,2,44,141,[7, 12, 10, 2, 5, 8],[[2, 3], [3, 3], [3, 1], [3, 2], [1, 3], [2, 2]],1364,831,1468,771
274807,2,44,141,[7, 12, 10, 2, 5, 8],[[2, 3], [3, 3], [3, 1], [3, 2], [1, 3], [2, 2]],1366,840,1471,775
274880,2,44,141,[7, 12, 10, 2, 5, 8],[[2, 3], [3, 3], [3, 1], [3, 2], [1, 3], [2, 2]],1398,846,1450,785
274936,2,44,141,[7, 12, 10, 2, 5, 8],[[2, 3], [3, 3], [3, 1], [3, 2], [1, 3], [2, 2]],1421,853,1409,788
275003,2,44,141,[7, 12, 10, 2, 5, 8],[[2, 3], [3, 3], [3, 1], [3, 2], [1, 3], [2, 2]],1441,870,1387,796
275071,2,44,141,[7, 12, 10, 2, 5, 8],[[2, 3], [3, 3], [3, 1], [3, 2], [1, 3], [2, 2]],1393,885,1356,800
275140,2,44,141,[7, 12, 10, 2, 5, 8],[[2, 3], [3, 3], [3, 1], [3, 2], [1, 3], [2, 2]],1407,854,1345,803
275207,2,44,141,[7, 12, 10, 2, 5, 8],[[2, 3], [3, 3], [3, 1], [3, 2], [1, 3], [2, 2]],1396,850,1341,814
275278,2,44,141,[7, 12, 10, 2, 5, 8],[[2, 3], [3, 3], [3, 1], [3, 2], [1, 3], [2, 2]],1393,868,1358,841
275335,2,44,141,[7, 12, 10, 2, 5, 8],[[2, 3], [3, 3], [3, 1], [3, 2], [1, 3], [2, 2]],1375,892,1379,858
275410,2,44,141,[7, 12, 10, 2, 5, 8],[[2, 3], [3, 3], [3, 1], [3, 2], [1, 3], [2, 2]],1390,899,1384,862
275484,2,44,141,[7, 12, 10, 2, 5, 8],[[2, 3], [3, 3], [3, 1], [3, 2], [1, 3], [2, 2]],1376,896,1392,885
275538,2,44,141,[7, 12, 10, 2, 5, 8],[[2, 3], [3, 3], [3, 1], [3, 2], [1, 3], [2, 2]],1362,901,1390,914
275599,2,44,141,[7, 12, 10, 2, 5, 8],[[2, 3], [3, 3], [3, 1], [3, 2], [1, 3], [2, 2]],1380,899,1388,927
275667,2,44,141,[7, 12, 10, 2, 5, 8],[[2, 3], [3, 3], [3, 1], [3, 2], [1, 3], [2, 2]],1358,918,1388,929
275723,2,44,141,[7, 12, 10, 2, 5, 8],[[2, 3], [3, 3], [3, 1], [3, 2], [1, 3], [2, 2]],1351,950,1401,946
275780,2,44,141,[7, 12, 10, 2, 5, 8],[[2, 3], [3, 3], [3, 1], [3, 2], [1, 3], [2, 2]],1349,960,1409,954
275833,2,44,141,[7, 12, 10, 2, 5, 8],[[2, 3], [3, 3], [3, 1], [3, 2], [1, 3], [2, 2]],1365,958,1417,968
275882,2,44,141,[7, 12, 10, 2, 5, 8],[[2, 3], [3, 3], [3, 1], [3, 2], [1, 3], [2, 2]],1383,943,1418,969
275931,2,44,141,[7, 12, 10, 2, 5, 8],[[2, 3], [3, 3], [3, 1], [3, 2], [1, 3], [2, 2]],1401,959,1415,972
275980,2,44,141,[7, 12, 10, 2, 5, 8],[[2, 3], [3, 3], [3, 1], [3, 2], [1, 3], [2, 2]],1417,953,1402,969
276034,2,44,141,[7, 12, 10, 2, 5, 8],[[2, 3], [3, 3], [3, 1], [3, 2], [1, 3], [2, 2]],1414,973,1377,953
276088,2,44,141,[7, 12, 10, 2, 5, 8],[[2, 3], [3, 3], [3, 1], [3, 2], [1, 3], [2, 2]],1397,1014,1361,923
276153,2,44,141,[7, 12, 10, 2, 5, 8],[[2, 3], [3, 3], [3, 1], [3, 2], [1, 3], [2, 2]],1400,994,1352,914
276213,2,44,141,[7, 12, 10, 2, 5, 8],[[2, 3], [3, 3], [3, 1], [3, 2], [1, 3], [2, 2]],1410,984,1370,912
276273,2,44,141,[7, 12, 10, 2, 5, 8],[[2, 3], [3, 3], [3, 1], [3, 2], [1, 3], [2, 2]],1406,986,1380,916
276327,2,44,141,[7, 12, 10, 2, 5, 8],[[2, 3], [3, 3], [3, 1], [3, 2], [1, 3], [2, 2]],1425,987,1381,916
276375,2,44,141,[7, 12, 10, 2, 5, 8],[[2, 3], [3, 3], [3, 1], [3, 2], [1, 3], [2, 2]],1461,1008,1387,916
276429,2,44,141,[7, 12, 10, 2, 5, 8],[[2, 3], [3, 3], [3, 1], [3, 2], [1, 3], [2, 2]],1399,985,1418,914
276484,2,44,141,[7, 12, 10, 2, 5, 8],[[2, 3], [3, 3], [3, 1], [3, 2], [1, 3], [2, 2]],1409,965,1421,911
276540,2,44,141,[7, 12, 10, 2, 5, 8],[[2, 3], [3, 3], [3, 1], [3, 2], [1, 3], [2, 2]],1393,1007,1421,911
276594,2,44,141,[7, 12, 10, 2, 5, 8],[[2, 3], [3, 3], [3, 1], [3, 2], [1, 3], [2, 2]],1377,1010,1421,911
276643,2,44,141,[7, 12, 10, 2, 5, 8],[[2, 3], [3, 3], [3, 1], [3, 2], [1, 3], [2, 2]],1381,1001,1421,924
276696,2,44,141,[7, 12, 10, 2, 5, 8],[[2, 3], [3, 3], [3, 1], [3, 2], [1, 3], [2, 2]],1355,1001,1428,943
276752,2,44,141,[7, 12, 10, 2, 5, 8],[[2, 3], [3, 3], [3, 1], [3, 2], [1, 3], [2, 2]],1362,1017,1439,971
276813,2,44,141,[7, 12, 10, 2, 5, 8],[[2, 3], [3, 3], [3, 1], [3, 2], [1, 3], [2, 2]],1378,981,1439,972
276876,2,44,141,[7, 12, 10, 2, 5, 8],[[2, 3], [3, 3], [3, 1], [3, 2], [1, 3], [2, 2]],1380,997,1438,975
276933,2,44,141,[7, 12, 10, 2, 5, 8],[[2, 3], [3, 3], [3, 1], [3, 2], [1, 3], [2, 2]],1379,996,1415,986
276995,2,44,141,[7, 12, 10, 2, 5, 8],[[2, 3], [3, 3], [3, 1], [3, 2], [1, 3], [2, 2]],1359,1006,1392,989
277048,2,44,141,[7, 12, 10, 2, 5, 8],[[2, 3], [3, 3], [3, 1], [3, 2], [1, 3], [2, 2]],1333,1003,1390,989
277096,2,44,141,[7, 12, 10, 2, 5, 8],[[2, 3], [3, 3], [3, 1], [3, 2], [1, 3], [2, 2]],1326,981,1362,992
277146,2,44,141,[7, 12, 10, 2, 5, 8],[[2, 3], [3, 3], [3, 1], [3, 2], [1, 3], [2, 2]],1334,966,1339,992
277196,2,44,141,[7, 12, 10, 2, 5, 8],[[2, 3], [3, 3], [3, 1], [3, 2], [1, 3], [2, 2]],1323,967,1330,993
277263,2,44,141,[7, 12, 10, 2, 5, 8],[[2, 3], [3, 3], [3, 1], [3, 2], [1, 3], [2, 2]],1298,975,1328,994
277329,2,44,141,[7, 12, 10, 2, 5, 8],[[2, 3], [3, 3], [3, 1], [3, 2], [1, 3], [2, 2]],1298,954,1332,994
277389,2,44,141,[7, 12, 10, 2, 5, 8],[[2, 3], [3, 3], [3, 1], [3, 2], [1, 3], [2, 2]],1293,954,1337,994
277458,2,44,141,[7, 12, 10, 2, 5, 8],[[2, 3], [3, 3], [3, 1], [3, 2], [1, 3], [2, 2]],1291,964,1338,994
277524,2,44,141,[7, 12, 10, 2, 5, 8],[[2, 3], [3, 3], [3, 1], [3, 2], [1, 3], [2, 2]],1282,969,1334,994
277605,2,44,141,[7, 12, 10, 2, 5, 8],[[2, 3], [3, 3], [3, 1], [3, 2], [1, 3], [2, 2]],1285,971,1288,985
277664,2,44,141,[7, 12, 10, 2, 5, 8],[[2, 3], [3, 3], [3, 1], [3, 2], [1, 3], [2, 2]],1274,934,1284,958
277721,2,44,141,[7, 12, 10, 2, 5, 8],[[2, 3], [3, 3], [3, 1], [3, 2], [1, 3], [2, 2]],1241,959,1271,911
277810,2,44,141,[7, 12, 10, 2, 5, 8],[[2, 3], [3, 3], [3, 1], [3, 2], [1, 3], [2, 2]],1220,973,1253,889
277864,2,44,141,[7, 12, 10, 2, 5, 8],[[2, 3], [3, 3], [3, 1], [3, 2], [1, 3], [2, 2]],1239,980,1253,889
277915,2,44,141,[7, 12, 10, 2, 5, 8],[[2, 3], [3, 3], [3, 1], [3, 2], [1, 3], [2, 2]],1207,1004,1258,889
277973,2,44,141,[7, 12, 10, 2, 5, 8],[[2, 3], [3, 3], [3, 1], [3, 2], [1, 3], [2, 2]],1203,997,1263,893
278033,2,44,141,[7, 12, 10, 2, 5, 8],[[2, 3], [3, 3], [3, 1], [3, 2], [1, 3], [2, 2]],1210,1015,1264,893
278086,2,44,141,[7, 12, 10, 2, 5, 8],[[2, 3], [3, 3], [3, 1], [3, 2], [1, 3], [2, 2]],1200,1016,1264,893
278135,2,44,141,[7, 12, 10, 2, 5, 8],[[2, 3], [3, 3], [3, 1], [3, 2], [1, 3], [2, 2]],1188,996,1274,888
278193,2,44,141,[7, 12, 10, 2, 5, 8],[[2, 3], [3, 3], [3, 1], [3, 2], [1, 3], [2, 2]],1189,986,1276,888
278246,2,44,141,[7, 12, 10, 2, 5, 8],[[2, 3], [3, 3], [3, 1], [3, 2], [1, 3], [2, 2]],1222,982,1275,893
278305,2,44,141,[7, 12, 10, 2, 5, 8],[[2, 3], [3, 3], [3, 1], [3, 2], [1, 3], [2, 2]],1247,986,1264,909
278364,2,44,141,[7, 12, 10, 2, 5, 8],[[2, 3], [3, 3], [3, 1], [3, 2], [1, 3], [2, 2]],1246,991,1225,926
278417,2,44,141,[7, 12, 10, 2, 5, 8],[[2, 3], [3, 3], [3, 1], [3, 2], [1, 3], [2, 2]],1252,1024,1215,933
278472,2,44,141,[7, 12, 10, 2, 5, 8],[[2, 3], [3, 3], [3, 1], [3, 2], [1, 3], [2, 2]],1278,970,1207,945
278535,2,44,141,[7, 12, 10, 2, 5, 8],[[2, 3], [3, 3], [3, 1], [3, 2], [1, 3], [2, 2]],1268,968,1181,948
278614,2,45,60,[9, 6, 11, 3, 1, 4],[[2, 1], [3, 1], [3, 2], [3, 3], [1, 1], [2, 2]],1268,964,1189,952
278682,2,45,60,[9, 6, 11, 3, 1, 4],[[2, 1], [3, 1], [3, 2], [3, 3], [1, 1], [2, 2]],1259,944,1243,966
278767,2,45,60,[9, 6, 11, 3, 1, 4],[[2, 1], [3, 1], [3, 2], [3, 3], [1, 1], [2, 2]],1262,928,1245,967
278824,2,45,60,[9, 6, 11, 3, 1, 4],[[2, 1], [3, 1], [3, 2], [3, 3], [1, 1], [2, 2]],1251,935,1251,977
278883,2,45,60,[9, 6, 11, 3, 1, 4],[[2, 1], [3, 1], [3, 2], [3, 3], [1, 1], [2, 2]],1258,950,1261,992
278949,2,45,60,[9, 6, 11, 3, 1, 4],[[2, 1], [3, 1], [3, 2], [3, 3], [1, 1], [2, 2]],1247,969,1261,992
279012,2,45,60,[9, 6, 11, 3, 1, 4],[[2, 1], [3, 1], [3, 2], [3, 3], [1, 1], [2, 2]],1255,963,1261,992
279077,2,45,60,[9, 6, 11, 3, 1, 4],[[2, 1], [3, 1], [3, 2], [3, 3], [1, 1], [2, 2]],1279,965,1261,992
279146,2,45,60,[9, 6, 11, 3, 1, 4],[[2, 1], [3, 1], [3, 2], [3, 3], [1, 1], [2, 2]],1285,961,1266,994
279208,2,45,60,[9, 6, 11, 3, 1, 4],[[2, 1], [3, 1], [3, 2], [3, 3], [1, 1], [2, 2]],1286,973,1265,987
279276,2,45,60,[9, 6, 11, 3, 1, 4],[[2, 1], [3, 1], [3, 2], [3, 3], [1, 1], [2, 2]],1275,994,1209,872
279339,2,45,60,[9, 6, 11, 3, 1, 4],[[2, 1], [3, 1], [3, 2], [3, 3], [1, 1], [2, 2]],1299,1013,1197,842
279407,2,45,60,[9, 6, 11, 3, 1, 4],[[2, 1], [3, 1], [3, 2], [3, 3], [1, 1], [2, 2]],1309,954,1210,830
279466,2,45,60,[9, 6, 11, 3, 1, 4],[[2, 1], [3, 1], [3, 2], [3, 3], [1, 1], [2, 2]],1324,936,1218,820
279532,2,45,60,[9, 6, 11, 3, 1, 4],[[2, 1], [3, 1], [3, 2], [3, 3], [1, 1], [2, 2]],1312,953,1229,814
279589,2,45,60,[9, 6, 11, 3, 1, 4],[[2, 1], [3, 1], [3, 2], [3, 3], [1, 1], [2, 2]],1306,989,1253,834
279648,2,45,60,[9, 6, 11, 3, 1, 4],[[2, 1], [3, 1], [3, 2], [3, 3], [1, 1], [2, 2]],1313,987,1264,860
279704,2,45,60,[9, 6, 11, 3, 1, 4],[[2, 1], [3, 1], [3, 2], [3, 3], [1, 1], [2, 2]],1294,966,1271,888
279757,2,45,60,[9, 6, 11, 3, 1, 4],[[2, 1], [3, 1], [3, 2], [3, 3], [1, 1], [2, 2]],1270,976,1278,911
279806,2,45,60,[9, 6, 11, 3, 1, 4],[[2, 1], [3, 1], [3, 2], [3, 3], [1, 1], [2, 2]],1293,960,1294,928
279855,2,45,60,[9, 6, 11, 3, 1, 4],[[2, 1], [3, 1], [3, 2], [3, 3], [1, 1], [2, 2]],1273,953,1320,944
279904,2,45,60,[9, 6, 11, 3, 1, 4],[[2, 1], [3, 1], [3, 2], [3, 3], [1, 1], [2, 2]],1271,976,1342,962
279960,2,45,60,[9, 6, 11, 3, 1, 4],[[2, 1], [3, 1], [3, 2], [3, 3], [1, 1], [2, 2]],1278,984,1349,971
280027,2,45,60,[9, 6, 11, 3, 1, 4],[[2, 1], [3, 1], [3, 2], [3, 3], [1, 1], [2, 2]],1312,999,1352,985
280094,2,45,60,[9, 6, 11, 3, 1, 4],[[2, 1], [3, 1], [3, 2], [3, 3], [1, 1], [2, 2]],1340,999,1350,991
280151,2,45,60,[9, 6, 11, 3, 1, 4],[[2, 1], [3, 1], [3, 2], [3, 3], [1, 1], [2, 2]],1298,966,1338,995
280216,2,45,60,[9, 6, 11, 3, 1, 4],[[2, 1], [3, 1], [3, 2], [3, 3], [1, 1], [2, 2]],1268,961,1321,995
280276,2,45,60,[9, 6, 11, 3, 1, 4],[[2, 1], [3, 1], [3, 2], [3, 3], [1, 1], [2, 2]],1294,971,1312,996
280338,2,45,60,[9, 6, 11, 3, 1, 4],[[2, 1], [3, 1], [3, 2], [3, 3], [1, 1], [2, 2]],1303,968,1287,996
280392,2,45,60,[9, 6, 11, 3, 1, 4],[[2, 1], [3, 1], [3, 2], [3, 3], [1, 1], [2, 2]],1291,980,1289,999
280456,2,45,60,[9, 6, 11, 3, 1, 4],[[2, 1], [3, 1], [3, 2], [3, 3], [1, 1], [2, 2]],1302,956,1304,1007
280521,2,45,60,[9, 6, 11, 3, 1, 4],[[2, 1], [3, 1], [3, 2], [3, 3], [1, 1], [2, 2]],1296,950,1318,1015
280580,2,45,60,[9, 6, 11, 3, 1, 4],[[2, 1], [3, 1], [3, 2], [3, 3], [1, 1], [2, 2]],1294,977,1318,1015
280649,2,45,60,[9, 6, 11, 3, 1, 4],[[2, 1], [3, 1], [3, 2], [3, 3], [1, 1], [2, 2]],1265,933,1311,1016
280711,2,45,60,[9, 6, 11, 3, 1, 4],[[2, 1], [3, 1], [3, 2], [3, 3], [1, 1], [2, 2]],1288,932,1309,1019
280776,2,45,60,[9, 6, 11, 3, 1, 4],[[2, 1], [3, 1], [3, 2], [3, 3], [1, 1], [2, 2]],1291,955,1307,1025
280844,2,45,60,[9, 6, 11, 3, 1, 4],[[2, 1], [3, 1], [3, 2], [3, 3], [1, 1], [2, 2]],1314,955,1307,1029
280908,2,45,60,[9, 6, 11, 3, 1, 4],[[2, 1], [3, 1], [3, 2], [3, 3], [1, 1], [2, 2]],1320,931,1326,1044
280968,2,45,60,[9, 6, 11, 3, 1, 4],[[2, 1], [3, 1], [3, 2], [3, 3], [1, 1], [2, 2]],1313,938,1327,1044
281032,2,45,60,[9, 6, 11, 3, 1, 4],[[2, 1], [3, 1], [3, 2], [3, 3], [1, 1], [2, 2]],1337,930,1328,1044
281092,2,45,60,[9, 6, 11, 3, 1, 4],[[2, 1], [3, 1], [3, 2], [3, 3], [1, 1], [2, 2]],1317,947,1331,1023
281152,2,45,60,[9, 6, 11, 3, 1, 4],[[2, 1], [3, 1], [3, 2], [3, 3], [1, 1], [2, 2]],1319,932,1322,997
281223,2,45,60,[9, 6, 11, 3, 1, 4],[[2, 1], [3, 1], [3, 2], [3, 3], [1, 1], [2, 2]],1324,919,1317,979
281286,2,45,60,[9, 6, 11, 3, 1, 4],[[2, 1], [3, 1], [3, 2], [3, 3], [1, 1], [2, 2]],1304,877,1297,935
281339,2,45,60,[9, 6, 11, 3, 1, 4],[[2, 1], [3, 1], [3, 2], [3, 3], [1, 1], [2, 2]],1315,852,1330,856
281430,2,45,60,[9, 6, 11, 3, 1, 4],[[2, 1], [3, 1], [3, 2], [3, 3], [1, 1], [2, 2]],1297,862,1330,852
281489,2,45,60,[9, 6, 11, 3, 1, 4],[[2, 1], [3, 1], [3, 2], [3, 3], [1, 1], [2, 2]],1292,891,1329,851
281547,2,45,60,[9, 6, 11, 3, 1, 4],[[2, 1], [3, 1], [3, 2], [3, 3], [1, 1], [2, 2]],1291,885,1341,845
281610,2,45,60,[9, 6, 11, 3, 1, 4],[[2, 1], [3, 1], [3, 2], [3, 3], [1, 1], [2, 2]],1304,870,1351,845
281677,2,45,60,[9, 6, 11, 3, 1, 4],[[2, 1], [3, 1], [3, 2], [3, 3], [1, 1], [2, 2]],1335,871,1351,845
281744,2,45,60,[9, 6, 11, 3, 1, 4],[[2, 1], [3, 1], [3, 2], [3, 3], [1, 1], [2, 2]],1328,898,1339,851
281804,2,45,60,[9, 6, 11, 3, 1, 4],[[2, 1], [3, 1], [3, 2], [3, 3], [1, 1], [2, 2]],1349,871,1334,851
281858,2,45,60,[9, 6, 11, 3, 1, 4],[[2, 1], [3, 1], [3, 2], [3, 3], [1, 1], [2, 2]],1345,881,1324,850
281914,2,45,60,[9, 6, 11, 3, 1, 4],[[2, 1], [3, 1], [3, 2], [3, 3], [1, 1], [2, 2]],1341,871,1313,853
281973,2,45,60,[9, 6, 11, 3, 1, 4],[[2, 1], [3, 1], [3, 2], [3, 3], [1, 1], [2, 2]],1358,871,1308,859
282026,2,45,60,[9, 6, 11, 3, 1, 4],[[2, 1], [3, 1], [3, 2], [3, 3], [1, 1], [2, 2]],1379,853,1321,875
282083,2,45,60,[9, 6, 11, 3, 1, 4],[[2, 1], [3, 1], [3, 2], [3, 3], [1, 1], [2, 2]],1369,833,1324,881
282142,2,45,60,[9, 6, 11, 3, 1, 4],[[2, 1], [3, 1], [3, 2], [3, 3], [1, 1], [2, 2]],1368,831,1326,882
282195,2,45,60,[9, 6, 11, 3, 1, 4],[[2, 1], [3, 1], [3, 2], [3, 3], [1, 1], [2, 2]],1402,825,1327,882
282244,2,45,60,[9, 6, 11, 3, 1, 4],[[2, 1], [3, 1], [3, 2], [3, 3], [1, 1], [2, 2]],1411,819,1339,882
282303,2,45,60,[9, 6, 11, 3, 1, 4],[[2, 1], [3, 1], [3, 2], [3, 3], [1, 1], [2, 2]],1414,844,1395,869
282352,2,45,60,[9, 6, 11, 3, 1, 4],[[2, 1], [3, 1], [3, 2], [3, 3], [1, 1], [2, 2]],1382,832,1407,840
282409,2,45,60,[9, 6, 11, 3, 1, 4],[[2, 1], [3, 1], [3, 2], [3, 3], [1, 1], [2, 2]],1398,831,1435,728
282464,2,45,60,[9, 6, 11, 3, 1, 4],[[2, 1], [3, 1], [3, 2], [3, 3], [1, 1], [2, 2]],1418,833,1450,728
282522,2,45,60,[9, 6, 11, 3, 1, 4],[[2, 1], [3, 1], [3, 2], [3, 3], [1, 1], [2, 2]],1416,827,1467,740
282587,2,45,60,[9, 6, 11, 3, 1, 4],[[2, 1], [3, 1], [3, 2], [3, 3], [1, 1], [2, 2]],1405,837,1482,767
282659,2,45,60,[9, 6, 11, 3, 1, 4],[[2, 1], [3, 1], [3, 2], [3, 3], [1, 1], [2, 2]],1399,847,1489,776
282727,2,46,71,[7, 12, 11, 3, 1, 4],[[2, 1], [3, 1], [1, 1], [1, 2], [2, 2], [3, 3]],1413,870,1490,796
282787,2,46,71,[7, 12, 11, 3, 1, 4],[[2, 1], [3, 1], [1, 1], [1, 2], [2, 2], [3, 3]],1429,861,1463,822
282847,2,46,71,[7, 12, 11, 3, 1, 4],[[2, 1], [3, 1], [1, 1], [1, 2], [2, 2], [3, 3]],1432,882,1445,829
282921,2,46,71,[7, 12, 11, 3, 1, 4],[[2, 1], [3, 1], [1, 1], [1, 2], [2, 2], [3, 3]],1421,866,1413,832
282998,2,46,71,[7, 12, 11, 3, 1, 4],[[2, 1], [3, 1], [1, 1], [1, 2], [2, 2], [3, 3]],1443,857,1405,833
283072,2,46,71,[7, 12, 11, 3, 1, 4],[[2, 1], [3, 1], [1, 1], [1, 2], [2, 2], [3, 3]],1433,853,1397,839
283131,2,46,71,[7, 12, 11, 3, 1, 4],[[2, 1], [3, 1], [1, 1], [1, 2], [2, 2], [3, 3]],1432,878,1399,845
283205,2,46,71,[7, 12, 11, 3, 1, 4],[[2, 1], [3, 1], [1, 1], [1, 2], [2, 2], [3, 3]],1435,860,1403,862
283263,2,46,71,[7, 12, 11, 3, 1, 4],[[2, 1], [3, 1], [1, 1], [1, 2], [2, 2], [3, 3]],1414,861,1403,869
283343,2,46,71,[7, 12, 11, 3, 1, 4],[[2, 1], [3, 1], [1, 1], [1, 2], [2, 2], [3, 3]],1389,821,1409,872
283414,2,46,71,[7, 12, 11, 3, 1, 4],[[2, 1], [3, 1], [1, 1], [1, 2], [2, 2], [3, 3]],1373,821,1410,872
283483,2,46,71,[7, 12, 11, 3, 1, 4],[[2, 1], [3, 1], [1, 1], [1, 2], [2, 2], [3, 3]],1392,818,1417,855
283538,2,46,71,[7, 12, 11, 3, 1, 4],[[2, 1], [3, 1], [1, 1], [1, 2], [2, 2], [3, 3]],1441,823,1417,849
283606,2,46,71,[7, 12, 11, 3, 1, 4],[[2, 1], [3, 1], [1, 1], [1, 2], [2, 2], [3, 3]],1398,819,1417,849
283665,2,46,71,[7, 12, 11, 3, 1, 4],[[2, 1], [3, 1], [1, 1], [1, 2], [2, 2], [3, 3]],1361,809,1416,848
283724,2,46,71,[7, 12, 11, 3, 1, 4],[[2, 1], [3, 1], [1, 1], [1, 2], [2, 2], [3, 3]],1358,829,1415,848
283773,2,46,71,[7, 12, 11, 3, 1, 4],[[2, 1], [3, 1], [1, 1], [1, 2], [2, 2], [3, 3]],1365,850,1415,848
283846,2,46,71,[7, 12, 11, 3, 1, 4],[[2, 1], [3, 1], [1, 1], [1, 2], [2, 2], [3, 3]],1363,819,1415,845
283898,2,46,71,[7, 12, 11, 3, 1, 4],[[2, 1], [3, 1], [1, 1], [1, 2], [2, 2], [3, 3]],1377,821,1423,839
283951,2,46,71,[7, 12, 11, 3, 1, 4],[[2, 1], [3, 1], [1, 1], [1, 2], [2, 2], [3, 3]],1397,846,1423,839
284005,2,46,71,[7, 12, 11, 3, 1, 4],[[2, 1], [3, 1], [1, 1], [1, 2], [2, 2], [3, 3]],1398,852,1354,809
284059,2,46,71,[7, 12, 11, 3, 1, 4],[[2, 1], [3, 1], [1, 1], [1, 2], [2, 2], [3, 3]],1399,848,1319,798
284115,2,46,71,[7, 12, 11, 3, 1, 4],[[2, 1], [3, 1], [1, 1], [1, 2], [2, 2], [3, 3]],1385,865,1319,798
284173,2,46,71,[7, 12, 11, 3, 1, 4],[[2, 1], [3, 1], [1, 1], [1, 2], [2, 2], [3, 3]],1387,848,1320,801
284232,2,46,71,[7, 12, 11, 3, 1, 4],[[2, 1], [3, 1], [1, 1], [1, 2], [2, 2], [3, 3]],1368,837,1324,805
284286,2,46,71,[7, 12, 11, 3, 1, 4],[[2, 1], [3, 1], [1, 1], [1, 2], [2, 2], [3, 3]],1378,831,1349,819
284344,2,46,71,[7, 12, 11, 3, 1, 4],[[2, 1], [3, 1], [1, 1], [1, 2], [2, 2], [3, 3]],1396,837,1377,829
284402,2,46,71,[7, 12, 11, 3, 1, 4],[[2, 1], [3, 1], [1, 1], [1, 2], [2, 2], [3, 3]],1388,817,1399,841
284460,2,46,71,[7, 12, 11, 3, 1, 4],[[2, 1], [3, 1], [1, 1], [1, 2], [2, 2], [3, 3]],1357,789,1407,843
284515,2,46,71,[7, 12, 11, 3, 1, 4],[[2, 1], [3, 1], [1, 1], [1, 2], [2, 2], [3, 3]],1340,802,1407,843
284567,2,46,71,[7, 12, 11, 3, 1, 4],[[2, 1], [3, 1], [1, 1], [1, 2], [2, 2], [3, 3]],1358,786,1407,843
284628,2,46,71,[7, 12, 11, 3, 1, 4],[[2, 1], [3, 1], [1, 1], [1, 2], [2, 2], [3, 3]],1341,792,1407,843
284684,2,46,71,[7, 12, 11, 3, 1, 4],[[2, 1], [3, 1], [1, 1], [1, 2], [2, 2], [3, 3]],1347,790,1407,843
284741,2,46,71,[7, 12, 11, 3, 1, 4],[[2, 1], [3, 1], [1, 1], [1, 2], [2, 2], [3, 3]],1353,794,1407,843
284828,2,46,71,[7, 12, 11, 3, 1, 4],[[2, 1], [3, 1], [1, 1], [1, 2], [2, 2], [3, 3]],1354,785,1406,843
284885,2,46,71,[7, 12, 11, 3, 1, 4],[[2, 1], [3, 1], [1, 1], [1, 2], [2, 2], [3, 3]],1358,806,1387,823
284944,2,46,71,[7, 12, 11, 3, 1, 4],[[2, 1], [3, 1], [1, 1], [1, 2], [2, 2], [3, 3]],1353,819,1384,822
285019,2,46,71,[7, 12, 11, 3, 1, 4],[[2, 1], [3, 1], [1, 1], [1, 2], [2, 2], [3, 3]],1353,822,1368,825
285085,2,46,71,[7, 12, 11, 3, 1, 4],[[2, 1], [3, 1], [1, 1], [1, 2], [2, 2], [3, 3]],1375,809,1355,825
285136,2,46,71,[7, 12, 11, 3, 1, 4],[[2, 1], [3, 1], [1, 1], [1, 2], [2, 2], [3, 3]],1356,809,1341,823
285213,2,46,71,[7, 12, 11, 3, 1, 4],[[2, 1], [3, 1], [1, 1], [1, 2], [2, 2], [3, 3]],1355,820,1326,819
285290,2,46,71,[7, 12, 11, 3, 1, 4],[[2, 1], [3, 1], [1, 1], [1, 2], [2, 2], [3, 3]],1358,806,1326,819
285370,2,46,71,[7, 12, 11, 3, 1, 4],[[2, 1], [3, 1], [1, 1], [1, 2], [2, 2], [3, 3]],1370,783,1336,822
285441,2,46,71,[7, 12, 11, 3, 1, 4],[[2, 1], [3, 1], [1, 1], [1, 2], [2, 2], [3, 3]],1383,782,1344,825
285502,2,46,71,[7, 12, 11, 3, 1, 4],[[2, 1], [3, 1], [1, 1], [1, 2], [2, 2], [3, 3]],1411,775,1345,825
285562,2,46,71,[7, 12, 11, 3, 1, 4],[[2, 1], [3, 1], [1, 1], [1, 2], [2, 2], [3, 3]],1417,777,1345,823
285631,2,46,71,[7, 12, 11, 3, 1, 4],[[2, 1], [3, 1], [1, 1], [1, 2], [2, 2], [3, 3]],1412,756,1353,821
285692,2,46,71,[7, 12, 11, 3, 1, 4],[[2, 1], [3, 1], [1, 1], [1, 2], [2, 2], [3, 3]],1376,785,1403,810
285752,2,46,71,[7, 12, 11, 3, 1, 4],[[2, 1], [3, 1], [1, 1], [1, 2], [2, 2], [3, 3]],1367,795,1424,790
285806,2,46,71,[7, 12, 11, 3, 1, 4],[[2, 1], [3, 1], [1, 1], [1, 2], [2, 2], [3, 3]],1336,781,1439,783
285859,2,46,71,[7, 12, 11, 3, 1, 4],[[2, 1], [3, 1], [1, 1], [1, 2], [2, 2], [3, 3]],1341,819,1448,779
285912,2,46,71,[7, 12, 11, 3, 1, 4],[[2, 1], [3, 1], [1, 1], [1, 2], [2, 2], [3, 3]],1326,817,1452,772
285965,2,46,71,[7, 12, 11, 3, 1, 4],[[2, 1], [3, 1], [1, 1], [1, 2], [2, 2], [3, 3]],1326,818,1464,750
286019,2,46,71,[7, 12, 11, 3, 1, 4],[[2, 1], [3, 1], [1, 1], [1, 2], [2, 2], [3, 3]],1311,830,1464,749
286072,2,46,71,[7, 12, 11, 3, 1, 4],[[2, 1], [3, 1], [1, 1], [1, 2], [2, 2], [3, 3]],1313,831,1438,757
286127,2,46,71,[7, 12, 11, 3, 1, 4],[[2, 1], [3, 1], [1, 1], [1, 2], [2, 2], [3, 3]],1320,862,1408,760
286179,2,46,71,[7, 12, 11, 3, 1, 4],[[2, 1], [3, 1], [1, 1], [1, 2], [2, 2], [3, 3]],1299,874,1382,771
286237,2,46,71,[7, 12, 11, 3, 1, 4],[[2, 1], [3, 1], [1, 1], [1, 2], [2, 2], [3, 3]],1305,869,1352,782
286296,2,46,71,[7, 12, 11, 3, 1, 4],[[2, 1], [3, 1], [1, 1], [1, 2], [2, 2], [3, 3]],1308,884,1338,792
286354,2,46,71,[7, 12, 11, 3, 1, 4],[[2, 1], [3, 1], [1, 1], [1, 2], [2, 2], [3, 3]],1338,879,1333,802
286418,2,46,71,[7, 12, 11, 3, 1, 4],[[2, 1], [3, 1], [1, 1], [1, 2], [2, 2], [3, 3]],1331,873,1288,822
286481,2,46,71,[7, 12, 11, 3, 1, 4],[[2, 1], [3, 1], [1, 1], [1, 2], [2, 2], [3, 3]],1346,891,1268,826
286542,2,46,71,[7, 12, 11, 3, 1, 4],[[2, 1], [3, 1], [1, 1], [1, 2], [2, 2], [3, 3]],1320,892,1276,830
286603,2,46,71,[7, 12, 11, 3, 1, 4],[[2, 1], [3, 1], [1, 1], [1, 2], [2, 2], [3, 3]],1324,892,1286,833
286675,2,46,71,[7, 12, 11, 3, 1, 4],[[2, 1], [3, 1], [1, 1], [1, 2], [2, 2], [3, 3]],1353,868,1321,842
286749,2,46,71,[7, 12, 11, 3, 1, 4],[[2, 1], [3, 1], [1, 1], [1, 2], [2, 2], [3, 3]],1346,864,1387,863
286821,2,47,100,[9, 6, 11, 3, 5, 8],[[1, 3], [2, 3], [3, 1], [3, 2], [1, 2], [2, 1]],1367,874,1421,869
286883,2,47,100,[9, 6, 11, 3, 5, 8],[[1, 3], [2, 3], [3, 1], [3, 2], [1, 2], [2, 1]],1370,886,1444,884
286951,2,47,100,[9, 6, 11, 3, 5, 8],[[1, 3], [2, 3], [3, 1], [3, 2], [1, 2], [2, 1]],1382,893,1467,897
287013,2,47,100,[9, 6, 11, 3, 5, 8],[[1, 3], [2, 3], [3, 1], [3, 2], [1, 2], [2, 1]],1384,922,1503,907
287067,2,47,100,[9, 6, 11, 3, 5, 8],[[1, 3], [2, 3], [3, 1], [3, 2], [1, 2], [2, 1]],1388,943,1503,907
287126,2,47,100,[9, 6, 11, 3, 5, 8],[[1, 3], [2, 3], [3, 1], [3, 2], [1, 2], [2, 1]],1385,940,1471,884
287186,2,47,100,[9, 6, 11, 3, 5, 8],[[1, 3], [2, 3], [3, 1], [3, 2], [1, 2], [2, 1]],1383,942,1372,831
287254,2,47,100,[9, 6, 11, 3, 5, 8],[[1, 3], [2, 3], [3, 1], [3, 2], [1, 2], [2, 1]],1373,954,1357,824
287335,2,47,100,[9, 6, 11, 3, 5, 8],[[1, 3], [2, 3], [3, 1], [3, 2], [1, 2], [2, 1]],1365,962,1357,824
287400,2,47,100,[9, 6, 11, 3, 5, 8],[[1, 3], [2, 3], [3, 1], [3, 2], [1, 2], [2, 1]],1352,960,1357,824
287451,2,47,100,[9, 6, 11, 3, 5, 8],[[1, 3], [2, 3], [3, 1], [3, 2], [1, 2], [2, 1]],1375,955,1377,831
287511,2,47,100,[9, 6, 11, 3, 5, 8],[[1, 3], [2, 3], [3, 1], [3, 2], [1, 2], [2, 1]],1368,971,1399,847
287570,2,47,100,[9, 6, 11, 3, 5, 8],[[1, 3], [2, 3], [3, 1], [3, 2], [1, 2], [2, 1]],1374,982,1407,864
287633,2,47,100,[9, 6, 11, 3, 5, 8],[[1, 3], [2, 3], [3, 1], [3, 2], [1, 2], [2, 1]],1373,1007,1402,897
287700,2,47,100,[9, 6, 11, 3, 5, 8],[[1, 3], [2, 3], [3, 1], [3, 2], [1, 2], [2, 1]],1376,1011,1322,980
287767,2,47,100,[9, 6, 11, 3, 5, 8],[[1, 3], [2, 3], [3, 1], [3, 2], [1, 2], [2, 1]],1355,993,1292,991
287826,2,47,100,[9, 6, 11, 3, 5, 8],[[1, 3], [2, 3], [3, 1], [3, 2], [1, 2], [2, 1]],1376,977,1269,994
287885,2,47,100,[9, 6, 11, 3, 5, 8],[[1, 3], [2, 3], [3, 1], [3, 2], [1, 2], [2, 1]],1381,992,1234,1004
287940,2,47,100,[9, 6, 11, 3, 5, 8],[[1, 3], [2, 3], [3, 1], [3, 2], [1, 2], [2, 1]],1382,983,1216,1014
288003,2,47,100,[9, 6, 11, 3, 5, 8],[[1, 3], [2, 3], [3, 1], [3, 2], [1, 2], [2, 1]],1393,959,1237,1023
288062,2,47,100,[9, 6, 11, 3, 5, 8],[[1, 3], [2, 3], [3, 1], [3, 2], [1, 2], [2, 1]],1401,962,1262,1024
288126,2,47,100,[9, 6, 11, 3, 5, 8],[[1, 3], [2, 3], [3, 1], [3, 2], [1, 2], [2, 1]],1397,967,1322,1021
288186,2,47,100,[9, 6, 11, 3, 5, 8],[[1, 3], [2, 3], [3, 1], [3, 2], [1, 2], [2, 1]],1377,969,1356,1021
288240,2,47,100,[9, 6, 11, 3, 5, 8],[[1, 3], [2, 3], [3, 1], [3, 2], [1, 2], [2, 1]],1386,973,1386,1010
288296,2,47,100,[9, 6, 11, 3, 5, 8],[[1, 3], [2, 3], [3, 1], [3, 2], [1, 2], [2, 1]],1407,971,1418,984
288355,2,47,100,[9, 6, 11, 3, 5, 8],[[1, 3], [2, 3], [3, 1], [3, 2], [1, 2], [2, 1]],1400,968,1437,942
288412,2,47,100,[9, 6, 11, 3, 5, 8],[[1, 3], [2, 3], [3, 1], [3, 2], [1, 2], [2, 1]],1388,971,1450,909
288474,2,47,100,[9, 6, 11, 3, 5, 8],[[1, 3], [2, 3], [3, 1], [3, 2], [1, 2], [2, 1]],1392,950,1441,891
288527,2,47,100,[9, 6, 11, 3, 5, 8],[[1, 3], [2, 3], [3, 1], [3, 2], [1, 2], [2, 1]],1389,974,1435,890
288585,2,47,100,[9, 6, 11, 3, 5, 8],[[1, 3], [2, 3], [3, 1], [3, 2], [1, 2], [2, 1]],1409,959,1408,886
288653,2,47,100,[9, 6, 11, 3, 5, 8],[[1, 3], [2, 3], [3, 1], [3, 2], [1, 2], [2, 1]],1418,943,1386,879
288718,2,47,100,[9, 6, 11, 3, 5, 8],[[1, 3], [2, 3], [3, 1], [3, 2], [1, 2], [2, 1]],1419,947,1363,875
288779,2,47,100,[9, 6, 11, 3, 5, 8],[[1, 3], [2, 3], [3, 1], [3, 2], [1, 2], [2, 1]],1395,945,1369,901
288867,2,47,100,[9, 6, 11, 3, 5, 8],[[1, 3], [2, 3], [3, 1], [3, 2], [1, 2], [2, 1]],1378,930,1381,947
288923,2,47,100,[9, 6, 11, 3, 5, 8],[[1, 3], [2, 3], [3, 1], [3, 2], [1, 2], [2, 1]],1379,952,1389,991
288996,2,47,100,[9, 6, 11, 3, 5, 8],[[1, 3], [2, 3], [3, 1], [3, 2], [1, 2], [2, 1]],1345,941,1404,1008
289058,2,47,100,[9, 6, 11, 3, 5, 8],[[1, 3], [2, 3], [3, 1], [3, 2], [1, 2], [2, 1]],1344,943,1416,1013
289114,2,47,100,[9, 6, 11, 3, 5, 8],[[1, 3], [2, 3], [3, 1], [3, 2], [1, 2], [2, 1]],1321,936,1419,1014
289184,2,47,100,[9, 6, 11, 3, 5, 8],[[1, 3], [2, 3], [3, 1], [3, 2], [1, 2], [2, 1]],1342,921,1421,1019
289243,2,47,100,[9, 6, 11, 3, 5, 8],[[1, 3], [2, 3], [3, 1], [3, 2], [1, 2], [2, 1]],1368,900,1422,1030
289307,2,47,100,[9, 6, 11, 3, 5, 8],[[1, 3], [2, 3], [3, 1], [3, 2], [1, 2], [2, 1]],1381,887,1411,1038
289367,2,47,100,[9, 6, 11, 3, 5, 8],[[1, 3], [2, 3], [3, 1], [3, 2], [1, 2], [2, 1]],1379,886,1388,1027
289434,2,47,100,[9, 6, 11, 3, 5, 8],[[1, 3], [2, 3], [3, 1], [3, 2], [1, 2], [2, 1]],1371,867,1317,983
289499,2,47,100,[9, 6, 11, 3, 5, 8],[[1, 3], [2, 3], [3, 1], [3, 2], [1, 2], [2, 1]],1353,869,1300,967
289565,2,47,100,[9, 6, 11, 3, 5, 8],[[1, 3], [2, 3], [3, 1], [3, 2], [1, 2], [2, 1]],1357,848,1298,962
289632,2,47,100,[9, 6, 11, 3, 5, 8],[[1, 3], [2, 3], [3, 1], [3, 2], [1, 2], [2, 1]],1349,860,1298,958
289692,2,47,100,[9, 6, 11, 3, 5, 8],[[1, 3], [2, 3], [3, 1], [3, 2], [1, 2], [2, 1]],1357,837,1325,943
289750,2,47,100,[9, 6, 11, 3, 5, 8],[[1, 3], [2, 3], [3, 1], [3, 2], [1, 2], [2, 1]],1349,828,1377,931
289804,2,47,100,[9, 6, 11, 3, 5, 8],[[1, 3], [2, 3], [3, 1], [3, 2], [1, 2], [2, 1]],1362,811,1391,928
289856,2,47,100,[9, 6, 11, 3, 5, 8],[[1, 3], [2, 3], [3, 1], [3, 2], [1, 2], [2, 1]],1368,818,1405,913
289909,2,47,100,[9, 6, 11, 3, 5, 8],[[1, 3], [2, 3], [3, 1], [3, 2], [1, 2], [2, 1]],1365,812,1413,893
289958,2,47,100,[9, 6, 11, 3, 5, 8],[[1, 3], [2, 3], [3, 1], [3, 2], [1, 2], [2, 1]],1370,831,1413,886
290012,2,47,100,[9, 6, 11, 3, 5, 8],[[1, 3], [2, 3], [3, 1], [3, 2], [1, 2], [2, 1]],1391,845,1404,855
290065,2,47,100,[9, 6, 11, 3, 5, 8],[[1, 3], [2, 3], [3, 1], [3, 2], [1, 2], [2, 1]],1407,846,1390,822
290119,2,47,100,[9, 6, 11, 3, 5, 8],[[1, 3], [2, 3], [3, 1], [3, 2], [1, 2], [2, 1]],1427,842,1383,809
290173,2,47,100,[9, 6, 11, 3, 5, 8],[[1, 3], [2, 3], [3, 1], [3, 2], [1, 2], [2, 1]],1425,829,1380,779
290231,2,47,100,[9, 6, 11, 3, 5, 8],[[1, 3], [2, 3], [3, 1], [3, 2], [1, 2], [2, 1]],1396,798,1379,771
290290,2,47,100,[9, 6, 11, 3, 5, 8],[[1, 3], [2, 3], [3, 1], [3, 2], [1, 2], [2, 1]],1389,801,1376,770
290344,2,47,100,[9, 6, 11, 3, 5, 8],[[1, 3], [2, 3], [3, 1], [3, 2], [1, 2], [2, 1]],1374,816,1378,770
290397,2,47,100,[9, 6, 11, 3, 5, 8],[[1, 3], [2, 3], [3, 1], [3, 2], [1, 2], [2, 1]],1353,822,1392,776
290455,2,47,100,[9, 6, 11, 3, 5, 8],[[1, 3], [2, 3], [3, 1], [3, 2], [1, 2], [2, 1]],1355,833,1403,779
290521,2,47,100,[9, 6, 11, 3, 5, 8],[[1, 3], [2, 3], [3, 1], [3, 2], [1, 2], [2, 1]],1360,853,1419,786
290584,2,47,100,[9, 6, 11, 3, 5, 8],[[1, 3], [2, 3], [3, 1], [3, 2], [1, 2], [2, 1]],1400,872,1425,794
290664,2,47,100,[9, 6, 11, 3, 5, 8],[[1, 3], [2, 3], [3, 1], [3, 2], [1, 2], [2, 1]],1400,876,1421,804
290722,2,47,100,[9, 6, 11, 3, 5, 8],[[1, 3], [2, 3], [3, 1], [3, 2], [1, 2], [2, 1]],1409,864,1397,818
290788,2,47,100,[9, 6, 11, 3, 5, 8],[[1, 3], [2, 3], [3, 1], [3, 2], [1, 2], [2, 1]],1424,840,1389,822
290852,2,47,100,[9, 6, 11, 3, 5, 8],[[1, 3], [2, 3], [3, 1], [3, 2], [1, 2], [2, 1]],1428,849,1385,825
290918,2,48,57,[7, 12, 10, 2, 1, 4],[[2, 1], [3, 1], [3, 2], [3, 3], [1, 1], [2, 2]],1425,847,1401,833
290984,2,48,57,[7, 12, 10, 2, 1, 4],[[2, 1], [3, 1], [3, 2], [3, 3], [1, 1], [2, 2]],1397,833,1417,839
291057,2,48,57,[7, 12, 10, 2, 1, 4],[[2, 1], [3, 1], [3, 2], [3, 3], [1, 1], [2, 2]],1395,828,1418,840
291118,2,48,57,[7, 12, 10, 2, 1, 4],[[2, 1], [3, 1], [3, 2], [3, 3], [1, 1], [2, 2]],1393,835,1430,838
291173,2,48,57,[7, 12, 10, 2, 1, 4],[[2, 1], [3, 1], [3, 2], [3, 3], [1, 1], [2, 2]],1405,851,1432,836
291241,2,48,57,[7, 12, 10, 2, 1, 4],[[2, 1], [3, 1], [3, 2], [3, 3], [1, 1], [2, 2]],1410,854,1437,835
291310,2,48,57,[7, 12, 10, 2, 1, 4],[[2, 1], [3, 1], [3, 2], [3, 3], [1, 1], [2, 2]],1393,848,1443,837
291377,2,48,57,[7, 12, 10, 2, 1, 4],[[2, 1], [3, 1], [3, 2], [3, 3], [1, 1], [2, 2]],1399,861,1443,838
291445,2,48,57,[7, 12, 10, 2, 1, 4],[[2, 1], [3, 1], [3, 2], [3, 3], [1, 1], [2, 2]],1392,880,1430,852
291494,2,48,57,[7, 12, 10, 2, 1, 4],[[2, 1], [3, 1], [3, 2], [3, 3], [1, 1], [2, 2]],1410,885,1416,852
291552,2,48,57,[7, 12, 10, 2, 1, 4],[[2, 1], [3, 1], [3, 2], [3, 3], [1, 1], [2, 2]],1377,893,1404,853
291606,2,48,57,[7, 12, 10, 2, 1, 4],[[2, 1], [3, 1], [3, 2], [3, 3], [1, 1], [2, 2]],1401,882,1397,853
291668,2,48,57,[7, 12, 10, 2, 1, 4],[[2, 1], [3, 1], [3, 2], [3, 3], [1, 1], [2, 2]],1388,875,1397,853
291732,2,48,57,[7, 12, 10, 2, 1, 4],[[2, 1], [3, 1], [3, 2], [3, 3], [1, 1], [2, 2]],1382,899,1394,859
291788,2,48,57,[7, 12, 10, 2, 1, 4],[[2, 1], [3, 1], [3, 2], [3, 3], [1, 1], [2, 2]],1392,923,1394,867
291845,2,48,57,[7, 12, 10, 2, 1, 4],[[2, 1], [3, 1], [3, 2], [3, 3], [1, 1], [2, 2]],1414,903,1392,879
291898,2,48,57,[7, 12, 10, 2, 1, 4],[[2, 1], [3, 1], [3, 2], [3, 3], [1, 1], [2, 2]],1425,917,1388,889
291951,2,48,57,[7, 12, 10, 2, 1, 4],[[2, 1], [3, 1], [3, 2], [3, 3], [1, 1], [2, 2]],1412,957,1388,891
292009,2,48,57,[7, 12, 10, 2, 1, 4],[[2, 1], [3, 1], [3, 2], [3, 3], [1, 1], [2, 2]],1409,947,1385,894
292068,2,48,57,[7, 12, 10, 2, 1, 4],[[2, 1], [3, 1], [3, 2], [3, 3], [1, 1], [2, 2]],1385,932,1374,900
292132,2,48,57,[7, 12, 10, 2, 1, 4],[[2, 1], [3, 1], [3, 2], [3, 3], [1, 1], [2, 2]],1372,941,1373,901
292188,2,48,57,[7, 12, 10, 2, 1, 4],[[2, 1], [3, 1], [3, 2], [3, 3], [1, 1], [2, 2]],1384,978,1383,906
292252,2,48,57,[7, 12, 10, 2, 1, 4],[[2, 1], [3, 1], [3, 2], [3, 3], [1, 1], [2, 2]],1392,987,1394,920
292311,2,48,57,[7, 12, 10, 2, 1, 4],[[2, 1], [3, 1], [3, 2], [3, 3], [1, 1], [2, 2]],1398,1003,1399,931
292365,2,48,57,[7, 12, 10, 2, 1, 4],[[2, 1], [3, 1], [3, 2], [3, 3], [1, 1], [2, 2]],1387,998,1404,946
292422,2,48,57,[7, 12, 10, 2, 1, 4],[[2, 1], [3, 1], [3, 2], [3, 3], [1, 1], [2, 2]],1339,990,1406,963
292480,2,48,57,[7, 12, 10, 2, 1, 4],[[2, 1], [3, 1], [3, 2], [3, 3], [1, 1], [2, 2]],1349,1002,1401,975
292541,2,48,57,[7, 12, 10, 2, 1, 4],[[2, 1], [3, 1], [3, 2], [3, 3], [1, 1], [2, 2]],1387,994,1384,991
292597,2,48,57,[7, 12, 10, 2, 1, 4],[[2, 1], [3, 1], [3, 2], [3, 3], [1, 1], [2, 2]],1422,989,1380,995
292655,2,48,57,[7, 12, 10, 2, 1, 4],[[2, 1], [3, 1], [3, 2], [3, 3], [1, 1], [2, 2]],1418,978,1380,998
292721,2,48,57,[7, 12, 10, 2, 1, 4],[[2, 1], [3, 1], [3, 2], [3, 3], [1, 1], [2, 2]],1437,960,1380,999
292798,2,48,57,[7, 12, 10, 2, 1, 4],[[2, 1], [3, 1], [3, 2], [3, 3], [1, 1], [2, 2]],1453,961,1370,1005
292852,2,48,57,[7, 12, 10, 2, 1, 4],[[2, 1], [3, 1], [3, 2], [3, 3], [1, 1], [2, 2]],1407,947,1353,1009
292927,2,48,57,[7, 12, 10, 2, 1, 4],[[2, 1], [3, 1], [3, 2], [3, 3], [1, 1], [2, 2]],1392,943,1348,1009
292987,2,48,57,[7, 12, 10, 2, 1, 4],[[2, 1], [3, 1], [3, 2], [3, 3], [1, 1], [2, 2]],1405,947,1345,1006
293050,2,48,57,[7, 12, 10, 2, 1, 4],[[2, 1], [3, 1], [3, 2], [3, 3], [1, 1], [2, 2]],1416,948,1367,993
293117,2,48,57,[7, 12, 10, 2, 1, 4],[[2, 1], [3, 1], [3, 2], [3, 3], [1, 1], [2, 2]],1437,965,1419,981
293181,2,48,57,[7, 12, 10, 2, 1, 4],[[2, 1], [3, 1], [3, 2], [3, 3], [1, 1], [2, 2]],1406,983,1425,981
293235,2,48,57,[7, 12, 10, 2, 1, 4],[[2, 1], [3, 1], [3, 2], [3, 3], [1, 1], [2, 2]],1416,999,1425,981
293308,2,48,57,[7, 12, 10, 2, 1, 4],[[2, 1], [3, 1], [3, 2], [3, 3], [1, 1], [2, 2]],1429,999,1425,961
293380,2,48,57,[7, 12, 10, 2, 1, 4],[[2, 1], [3, 1], [3, 2], [3, 3], [1, 1], [2, 2]],1428,1014,1418,946
293455,2,48,57,[7, 12, 10, 2, 1, 4],[[2, 1], [3, 1], [3, 2], [3, 3], [1, 1], [2, 2]],1431,1013,1408,936
293511,2,48,57,[7, 12, 10, 2, 1, 4],[[2, 1], [3, 1], [3, 2], [3, 3], [1, 1], [2, 2]],1402,1019,1400,935
293589,2,48,57,[7, 12, 10, 2, 1, 4],[[2, 1], [3, 1], [3, 2], [3, 3], [1, 1], [2, 2]],1421,998,1386,937
293643,2,48,57,[7, 12, 10, 2, 1, 4],[[2, 1], [3, 1], [3, 2], [3, 3], [1, 1], [2, 2]],1446,1007,1380,943
293711,2,48,57,[7, 12, 10, 2, 1, 4],[[2, 1], [3, 1], [3, 2], [3, 3], [1, 1], [2, 2]],1399,988,1380,952
293770,2,48,57,[7, 12, 10, 2, 1, 4],[[2, 1], [3, 1], [3, 2], [3, 3], [1, 1], [2, 2]],1405,981,1382,963
293823,2,48,57,[7, 12, 10, 2, 1, 4],[[2, 1], [3, 1], [3, 2], [3, 3], [1, 1], [2, 2]],1395,986,1382,970
293884,2,48,57,[7, 12, 10, 2, 1, 4],[[2, 1], [3, 1], [3, 2], [3, 3], [1, 1], [2, 2]],1366,992,1366,982
293942,2,48,57,[7, 12, 10, 2, 1, 4],[[2, 1], [3, 1], [3, 2], [3, 3], [1, 1], [2, 2]],1377,1007,1346,991
294000,2,48,57,[7, 12, 10, 2, 1, 4],[[2, 1], [3, 1], [3, 2], [3, 3], [1, 1], [2, 2]],1382,995,1327,995
294054,2,48,57,[7, 12, 10, 2, 1, 4],[[2, 1], [3, 1], [3, 2], [3, 3], [1, 1], [2, 2]],1351,986,1304,995
294104,2,48,57,[7, 12, 10, 2, 1, 4],[[2, 1], [3, 1], [3, 2], [3, 3], [1, 1], [2, 2]],1359,991,1304,995
294162,2,48,57,[7, 12, 10, 2, 1, 4],[[2, 1], [3, 1], [3, 2], [3, 3], [1, 1], [2, 2]],1346,994,1308,990
294215,2,48,57,[7, 12, 10, 2, 1, 4],[[2, 1], [3, 1], [3, 2], [3, 3], [1, 1], [2, 2]],1360,988,1310,987
294268,2,48,57,[7, 12, 10, 2, 1, 4],[[2, 1], [3, 1], [3, 2], [3, 3], [1, 1], [2, 2]],1346,988,1314,983
294320,2,48,57,[7, 12, 10, 2, 1, 4],[[2, 1], [3, 1], [3, 2], [3, 3], [1, 1], [2, 2]],1316,1004,1325,981
294383,2,48,57,[7, 12, 10, 2, 1, 4],[[2, 1], [3, 1], [3, 2], [3, 3], [1, 1], [2, 2]],1299,1015,1353,984
294443,2,48,57,[7, 12, 10, 2, 1, 4],[[2, 1], [3, 1], [3, 2], [3, 3], [1, 1], [2, 2]],1297,1019,1388,992
294496,2,48,57,[7, 12, 10, 2, 1, 4],[[2, 1], [3, 1], [3, 2], [3, 3], [1, 1], [2, 2]],1297,1000,1397,993
294559,2,48,57,[7, 12, 10, 2, 1, 4],[[2, 1], [3, 1], [3, 2], [3, 3], [1, 1], [2, 2]],1287,972,1397,993
294622,2,48,57,[7, 12, 10, 2, 1, 4],[[2, 1], [3, 1], [3, 2], [3, 3], [1, 1], [2, 2]],1292,982,1404,985
294692,2,48,57,[7, 12, 10, 2, 1, 4],[[2, 1], [3, 1], [3, 2], [3, 3], [1, 1], [2, 2]],1243,1001,1399,979
294770,2,48,57,[7, 12, 10, 2, 1, 4],[[2, 1], [3, 1], [3, 2], [3, 3], [1, 1], [2, 2]],1246,967,1384,978
294833,2,48,57,[7, 12, 10, 2, 1, 4],[[2, 1], [3, 1], [3, 2], [3, 3], [1, 1], [2, 2]],1240,942,1341,979
294889,2,48,57,[7, 12, 10, 2, 1, 4],[[2, 1], [3, 1], [3, 2], [3, 3], [1, 1], [2, 2]],1228,923,1327,980
294949,2,49,52,[9, 6, 11, 3, 5, 8],[[2, 1], [3, 1], [3, 2], [3, 3], [1, 3], [2, 2]],1246,880,1286,980
295011,2,49,52,[9, 6, 11, 3, 5, 8],[[2, 1], [3, 1], [3, 2], [3, 3], [1, 3], [2, 2]],1253,881,1239,979
295077,2,49,52,[9, 6, 11, 3, 5, 8],[[2, 1], [3, 1], [3, 2], [3, 3], [1, 3], [2, 2]],1261,850,1222,980
295140,2,49,52,[9, 6, 11, 3, 5, 8],[[2, 1], [3, 1], [3, 2], [3, 3], [1, 3], [2, 2]],1283,848,1187,964
295203,2,49,52,[9, 6, 11, 3, 5, 8],[[2, 1], [3, 1], [3, 2], [3, 3], [1, 3], [2, 2]],1275,863,1171,894
295266,2,49,52,[9, 6, 11, 3, 5, 8],[[2, 1], [3, 1], [3, 2], [3, 3], [1, 3], [2, 2]],1253,894,1185,838
295330,2,49,52,[9, 6, 11, 3, 5, 8],[[2, 1], [3, 1], [3, 2], [3, 3], [1, 3], [2, 2]],1266,898,1186,835
295404,2,49,52,[9, 6, 11, 3, 5, 8],[[2, 1], [3, 1], [3, 2], [3, 3], [1, 3], [2, 2]],1298,906,1199,835
295456,2,49,52,[9, 6, 11, 3, 5, 8],[[2, 1], [3, 1], [3, 2], [3, 3], [1, 3], [2, 2]],1306,877,1213,830
295510,2,49,52,[9, 6, 11, 3, 5, 8],[[2, 1], [3, 1], [3, 2], [3, 3], [1, 3], [2, 2]],1314,879,1242,803
295568,2,49,52,[9, 6, 11, 3, 5, 8],[[2, 1], [3, 1], [3, 2], [3, 3], [1, 3], [2, 2]],1297,876,1251,787
295628,2,49,52,[9, 6, 11, 3, 5, 8],[[2, 1], [3, 1], [3, 2], [3, 3], [1, 3], [2, 2]],1279,872,1252,786
295702,2,49,52,[9, 6, 11, 3, 5, 8],[[2, 1], [3, 1], [3, 2], [3, 3], [1, 3], [2, 2]],1275,889,1275,817
295761,2,49,52,[9, 6, 11, 3, 5, 8],[[2, 1], [3, 1], [3, 2], [3, 3], [1, 3], [2, 2]],1288,895,1281,840
295819,2,49,52,[9, 6, 11, 3, 5, 8],[[2, 1], [3, 1], [3, 2], [3, 3], [1, 3], [2, 2]],1287,898,1290,860
295873,2,49,52,[9, 6, 11, 3, 5, 8],[[2, 1], [3, 1], [3, 2], [3, 3], [1, 3], [2, 2]],1290,919,1295,876
295928,2,49,52,[9, 6, 11, 3, 5, 8],[[2, 1], [3, 1], [3, 2], [3, 3], [1, 3], [2, 2]],1306,915,1299,893
295982,2,49,52,[9, 6, 11, 3, 5, 8],[[2, 1], [3, 1], [3, 2], [3, 3], [1, 3], [2, 2]],1280,918,1299,900
296035,2,49,52,[9, 6, 11, 3, 5, 8],[[2, 1], [3, 1], [3, 2], [3, 3], [1, 3], [2, 2]],1267,905,1289,911
296087,2,49,52,[9, 6, 11, 3, 5, 8],[[2, 1], [3, 1], [3, 2], [3, 3], [1, 3], [2, 2]],1281,864,1287,913
296141,2,49,52,[9, 6, 11, 3, 5, 8],[[2, 1], [3, 1], [3, 2], [3, 3], [1, 3], [2, 2]],1262,857,1281,913
296203,2,49,52,[9, 6, 11, 3, 5, 8],[[2, 1], [3, 1], [3, 2], [3, 3], [1, 3], [2, 2]],1293,857,1274,909
296263,2,49,52,[9, 6, 11, 3, 5, 8],[[2, 1], [3, 1], [3, 2], [3, 3], [1, 3], [2, 2]],1280,882,1273,908
296326,2,49,52,[9, 6, 11, 3, 5, 8],[[2, 1], [3, 1], [3, 2], [3, 3], [1, 3], [2, 2]],1270,893,1277,902
296380,2,49,52,[9, 6, 11, 3, 5, 8],[[2, 1], [3, 1], [3, 2], [3, 3], [1, 3], [2, 2]],1270,874,1282,890
296438,2,49,52,[9, 6, 11, 3, 5, 8],[[2, 1], [3, 1], [3, 2], [3, 3], [1, 3], [2, 2]],1259,873,1280,870
296500,2,49,52,[9, 6, 11, 3, 5, 8],[[2, 1], [3, 1], [3, 2], [3, 3], [1, 3], [2, 2]],1259,866,1280,857
296559,2,49,52,[9, 6, 11, 3, 5, 8],[[2, 1], [3, 1], [3, 2], [3, 3], [1, 3], [2, 2]],1247,849,1293,849
296626,2,49,52,[9, 6, 11, 3, 5, 8],[[2, 1], [3, 1], [3, 2], [3, 3], [1, 3], [2, 2]],1267,868,1320,854
296688,2,49,52,[9, 6, 11, 3, 5, 8],[[2, 1], [3, 1], [3, 2], [3, 3], [1, 3], [2, 2]],1276,860,1343,858
296753,2,49,52,[9, 6, 11, 3, 5, 8],[[2, 1], [3, 1], [3, 2], [3, 3], [1, 3], [2, 2]],1280,872,1345,858
296821,2,49,52,[9, 6, 11, 3, 5, 8],[[2, 1], [3, 1], [3, 2], [3, 3], [1, 3], [2, 2]],1252,861,1345,858
296901,2,49,52,[9, 6, 11, 3, 5, 8],[[2, 1], [3, 1], [3, 2], [3, 3], [1, 3], [2, 2]],1263,862,1345,858
296958,2,49,52,[9, 6, 11, 3, 5, 8],[[2, 1], [3, 1], [3, 2], [3, 3], [1, 3], [2, 2]],1278,841,1345,858
297032,2,49,52,[9, 6, 11, 3, 5, 8],[[2, 1], [3, 1], [3, 2], [3, 3], [1, 3], [2, 2]],1282,837,1345,858
297088,2,49,52,[9, 6, 11, 3, 5, 8],[[2, 1], [3, 1], [3, 2], [3, 3], [1, 3], [2, 2]],1303,844,1345,858
297143,2,49,52,[9, 6, 11, 3, 5, 8],[[2, 1], [3, 1], [3, 2], [3, 3], [1, 3], [2, 2]],1310,848,1332,858
297207,2,49,52,[9, 6, 11, 3, 5, 8],[[2, 1], [3, 1], [3, 2], [3, 3], [1, 3], [2, 2]],1326,862,1321,857
297271,2,49,52,[9, 6, 11, 3, 5, 8],[[2, 1], [3, 1], [3, 2], [3, 3], [1, 3], [2, 2]],1356,873,1301,852
297332,2,49,52,[9, 6, 11, 3, 5, 8],[[2, 1], [3, 1], [3, 2], [3, 3], [1, 3], [2, 2]],1342,848,1293,848
297387,2,49,52,[9, 6, 11, 3, 5, 8],[[2, 1], [3, 1], [3, 2], [3, 3], [1, 3], [2, 2]],1328,842,1276,841
297460,2,49,52,[9, 6, 11, 3, 5, 8],[[2, 1], [3, 1], [3, 2], [3, 3], [1, 3], [2, 2]],1353,843,1271,837
297521,2,49,52,[9, 6, 11, 3, 5, 8],[[2, 1], [3, 1], [3, 2], [3, 3], [1, 3], [2, 2]],1363,856,1271,837
297582,2,49,52,[9, 6, 11, 3, 5, 8],[[2, 1], [3, 1], [3, 2], [3, 3], [1, 3], [2, 2]],1383,870,1271,837
297642,2,49,52,[9, 6, 11, 3, 5, 8],[[2, 1], [3, 1], [3, 2], [3, 3], [1, 3], [2, 2]],1391,872,1271,837
297704,2,49,52,[9, 6, 11, 3, 5, 8],[[2, 1], [3, 1], [3, 2], [3, 3], [1, 3], [2, 2]],1386,852,1273,835
297760,2,49,52,[9, 6, 11, 3, 5, 8],[[2, 1], [3, 1], [3, 2], [3, 3], [1, 3], [2, 2]],1410,843,1301,835
297817,2,49,52,[9, 6, 11, 3, 5, 8],[[2, 1], [3, 1], [3, 2], [3, 3], [1, 3], [2, 2]],1423,846,1328,844
297876,2,49,52,[9, 6, 11, 3, 5, 8],[[2, 1], [3, 1], [3, 2], [3, 3], [1, 3], [2, 2]],1468,850,1359,851
297929,2,49,52,[9, 6, 11, 3, 5, 8],[[2, 1], [3, 1], [3, 2], [3, 3], [1, 3], [2, 2]],1381,872,1371,853
297986,2,49,52,[9, 6, 11, 3, 5, 8],[[2, 1], [3, 1], [3, 2], [3, 3], [1, 3], [2, 2]],1366,849,1388,853
298034,2,49,52,[9, 6, 11, 3, 5, 8],[[2, 1], [3, 1], [3, 2], [3, 3], [1, 3], [2, 2]],1382,850,1408,845
298087,2,49,52,[9, 6, 11, 3, 5, 8],[[2, 1], [3, 1], [3, 2], [3, 3], [1, 3], [2, 2]],1389,867,1427,838
298139,2,49,52,[9, 6, 11, 3, 5, 8],[[2, 1], [3, 1], [3, 2], [3, 3], [1, 3], [2, 2]],1341,863,1449,835
298192,2,49,52,[9, 6, 11, 3, 5, 8],[[2, 1], [3, 1], [3, 2], [3, 3], [1, 3], [2, 2]],1307,844,1460,835
298245,2,49,52,[9, 6, 11, 3, 5, 8],[[2, 1], [3, 1], [3, 2], [3, 3], [1, 3], [2, 2]],1290,840,1481,830
298293,2,49,52,[9, 6, 11, 3, 5, 8],[[2, 1], [3, 1], [3, 2], [3, 3], [1, 3], [2, 2]],1255,832,1482,830
298351,2,49,52,[9, 6, 11, 3, 5, 8],[[2, 1], [3, 1], [3, 2], [3, 3], [1, 3], [2, 2]],1226,842,1482,830
298404,2,49,52,[9, 6, 11, 3, 5, 8],[[2, 1], [3, 1], [3, 2], [3, 3], [1, 3], [2, 2]],1237,849,1482,830
298452,2,49,52,[9, 6, 11, 3, 5, 8],[[2, 1], [3, 1], [3, 2], [3, 3], [1, 3], [2, 2]],1210,834,1449,834
298506,2,49,52,[9, 6, 11, 3, 5, 8],[[2, 1], [3, 1], [3, 2], [3, 3], [1, 3], [2, 2]],1224,813,1392,852
298575,2,49,52,[9, 6, 11, 3, 5, 8],[[2, 1], [3, 1], [3, 2], [3, 3], [1, 3], [2, 2]],1222,807,1356,851
298650,2,49,52,[9, 6, 11, 3, 5, 8],[[2, 1], [3, 1], [3, 2], [3, 3], [1, 3], [2, 2]],1260,809,1240,823
298719,2,49,52,[9, 6, 11, 3, 5, 8],[[2, 1], [3, 1], [3, 2], [3, 3], [1, 3], [2, 2]],1251,822,1224,826
298772,2,49,52,[9, 6, 11, 3, 5, 8],[[2, 1], [3, 1], [3, 2], [3, 3], [1, 3], [2, 2]],1240,806,1207,820
298822,2,49,52,[9, 6, 11, 3, 5, 8],[[2, 1], [3, 1], [3, 2], [3, 3], [1, 3], [2, 2]],1251,818,1190,807
298886,2,49,52,[9, 6, 11, 3, 5, 8],[[2, 1], [3, 1], [3, 2], [3, 3], [1, 3], [2, 2]],1260,806,1185,796
298945,2,49,52,[9, 6, 11, 3, 5, 8],[[2, 1], [3, 1], [3, 2], [3, 3], [1, 3], [2, 2]],1235,802,1218,786
299014,2,50,34,[9, 6, 10, 2, 1, 4],[[1, 1], [2, 1], [3, 1], [3, 2], [2, 2], [3, 3]],1235,796,1236,789
299072,2,50,34,[9, 6, 10, 2, 1, 4],[[1, 1], [2, 1], [3, 1], [3, 2], [2, 2], [3, 3]],1237,779,1253,795
299131,2,50,34,[9, 6, 10, 2, 1, 4],[[1, 1], [2, 1], [3, 1], [3, 2], [2, 2], [3, 3]],1222,765,1264,802
299209,2,50,34,[9, 6, 10, 2, 1, 4],[[1, 1], [2, 1], [3, 1], [3, 2], [2, 2], [3, 3]],1215,775,1278,804
299273,2,50,34,[9, 6, 10, 2, 1, 4],[[1, 1], [2, 1], [3, 1], [3, 2], [2, 2], [3, 3]],1185,768,1277,795
299324,2,50,34,[9, 6, 10, 2, 1, 4],[[1, 1], [2, 1], [3, 1], [3, 2], [2, 2], [3, 3]],1207,746,1268,783
299389,2,50,34,[9, 6, 10, 2, 1, 4],[[1, 1], [2, 1], [3, 1], [3, 2], [2, 2], [3, 3]],1213,749,1263,776
299471,2,50,34,[9, 6, 10, 2, 1, 4],[[1, 1], [2, 1], [3, 1], [3, 2], [2, 2], [3, 3]],1192,758,1263,775
299537,2,50,34,[9, 6, 10, 2, 1, 4],[[1, 1], [2, 1], [3, 1], [3, 2], [2, 2], [3, 3]],1202,745,1245,760
299598,2,50,34,[9, 6, 10, 2, 1, 4],[[1, 1], [2, 1], [3, 1], [3, 2], [2, 2], [3, 3]],1193,734,1185,732
299658,2,50,34,[9, 6, 10, 2, 1, 4],[[1, 1], [2, 1], [3, 1], [3, 2], [2, 2], [3, 3]],1178,716,1144,714
299719,2,50,34,[9, 6, 10, 2, 1, 4],[[1, 1], [2, 1], [3, 1], [3, 2], [2, 2], [3, 3]],1188,708,1130,705
299776,2,50,34,[9, 6, 10, 2, 1, 4],[[1, 1], [2, 1], [3, 1], [3, 2], [2, 2], [3, 3]],1195,715,1107,693
299834,2,50,34,[9, 6, 10, 2, 1, 4],[[1, 1], [2, 1], [3, 1], [3, 2], [2, 2], [3, 3]],1183,752,1086,683
299887,2,50,34,[9, 6, 10, 2, 1, 4],[[1, 1], [2, 1], [3, 1], [3, 2], [2, 2], [3, 3]],1167,755,1088,683
299948,2,50,34,[9, 6, 10, 2, 1, 4],[[1, 1], [2, 1], [3, 1], [3, 2], [2, 2], [3, 3]],1162,779,1091,683
300006,2,50,34,[9, 6, 10, 2, 1, 4],[[1, 1], [2, 1], [3, 1], [3, 2], [2, 2], [3, 3]],1171,789,1097,687
300068,2,50,34,[9, 6, 10, 2, 1, 4],[[1, 1], [2, 1], [3, 1], [3, 2], [2, 2], [3, 3]],1183,771,1124,698
300127,2,50,34,[9, 6, 10, 2, 1, 4],[[1, 1], [2, 1], [3, 1], [3, 2], [2, 2], [3, 3]],1192,780,1139,700
300180,2,50,34,[9, 6, 10, 2, 1, 4],[[1, 1], [2, 1], [3, 1], [3, 2], [2, 2], [3, 3]],1166,786,1144,704
300239,2,50,34,[9, 6, 10, 2, 1, 4],[[1, 1], [2, 1], [3, 1], [3, 2], [2, 2], [3, 3]],1158,788,1144,723
300299,2,50,34,[9, 6, 10, 2, 1, 4],[[1, 1], [2, 1], [3, 1], [3, 2], [2, 2], [3, 3]],1159,806,1160,745
300356,2,50,34,[9, 6, 10, 2, 1, 4],[[1, 1], [2, 1], [3, 1], [3, 2], [2, 2], [3, 3]],1178,833,1171,754
300412,2,50,34,[9, 6, 10, 2, 1, 4],[[1, 1], [2, 1], [3, 1], [3, 2], [2, 2], [3, 3]],1181,837,1181,759
300469,2,50,34,[9, 6, 10, 2, 1, 4],[[1, 1], [2, 1], [3, 1], [3, 2], [2, 2], [3, 3]],1199,813,1200,772
300527,2,50,34,[9, 6, 10, 2, 1, 4],[[1, 1], [2, 1], [3, 1], [3, 2], [2, 2], [3, 3]],1177,807,1204,777
300581,2,50,34,[9, 6, 10, 2, 1, 4],[[1, 1], [2, 1], [3, 1], [3, 2], [2, 2], [3, 3]],1159,777,1212,782
300637,2,50,34,[9, 6, 10, 2, 1, 4],[[1, 1], [2, 1], [3, 1], [3, 2], [2, 2], [3, 3]],1162,774,1212,787
300695,2,50,34,[9, 6, 10, 2, 1, 4],[[1, 1], [2, 1], [3, 1], [3, 2], [2, 2], [3, 3]],1169,786,1216,805
300751,2,50,34,[9, 6, 10, 2, 1, 4],[[1, 1], [2, 1], [3, 1], [3, 2], [2, 2], [3, 3]],1178,788,1216,810
300804,2,50,34,[9, 6, 10, 2, 1, 4],[[1, 1], [2, 1], [3, 1], [3, 2], [2, 2], [3, 3]],1180,781,1214,813
300857,2,50,34,[9, 6, 10, 2, 1, 4],[[1, 1], [2, 1], [3, 1], [3, 2], [2, 2], [3, 3]],1182,773,1200,809
300915,2,50,34,[9, 6, 10, 2, 1, 4],[[1, 1], [2, 1], [3, 1], [3, 2], [2, 2], [3, 3]],1155,763,1167,788
300973,2,50,34,[9, 6, 10, 2, 1, 4],[[1, 1], [2, 1], [3, 1], [3, 2], [2, 2], [3, 3]],1162,785,1165,787
301027,2,50,34,[9, 6, 10, 2, 1, 4],[[1, 1], [2, 1], [3, 1], [3, 2], [2, 2], [3, 3]],1165,797,1163,784
301075,2,50,34,[9, 6, 10, 2, 1, 4],[[1, 1], [2, 1], [3, 1], [3, 2], [2, 2], [3, 3]],1170,812,1163,778
301128,2,50,34,[9, 6, 10, 2, 1, 4],[[1, 1], [2, 1], [3, 1], [3, 2], [2, 2], [3, 3]],1204,844,1164,770
301184,2,50,34,[9, 6, 10, 2, 1, 4],[[1, 1], [2, 1], [3, 1], [3, 2], [2, 2], [3, 3]],1211,852,1163,756
301234,2,50,34,[9, 6, 10, 2, 1, 4],[[1, 1], [2, 1], [3, 1], [3, 2], [2, 2], [3, 3]],1229,874,1160,748
301287,2,50,34,[9, 6, 10, 2, 1, 4],[[1, 1], [2, 1], [3, 1], [3, 2], [2, 2], [3, 3]],1218,846,1156,744
301347,2,50,34,[9, 6, 10, 2, 1, 4],[[1, 1], [2, 1], [3, 1], [3, 2], [2, 2], [3, 3]],1218,845,1156,744
301397,2,50,34,[9, 6, 10, 2, 1, 4],[[1, 1], [2, 1], [3, 1], [3, 2], [2, 2], [3, 3]],1212,854,1158,744
301450,2,50,34,[9, 6, 10, 2, 1, 4],[[1, 1], [2, 1], [3, 1], [3, 2], [2, 2], [3, 3]],1191,872,1185,756
301506,2,50,34,[9, 6, 10, 2, 1, 4],[[1, 1], [2, 1], [3, 1], [3, 2], [2, 2], [3, 3]],1199,861,1217,776
301561,2,50,34,[9, 6, 10, 2, 1, 4],[[1, 1], [2, 1], [3, 1], [3, 2], [2, 2], [3, 3]],1222,859,1247,797
301621,2,50,34,[9, 6, 10, 2, 1, 4],[[1, 1], [2, 1], [3, 1], [3, 2], [2, 2], [3, 3]],1233,867,1256,803
301682,2,50,34,[9, 6, 10, 2, 1, 4],[[1, 1], [2, 1], [3, 1], [3, 2], [2, 2], [3, 3]],1206,890,1293,840
301734,2,50,34,[9, 6, 10, 2, 1, 4],[[1, 1], [2, 1], [3, 1], [3, 2], [2, 2], [3, 3]],1198,850,1296,855
301786,2,50,34,[9, 6, 10, 2, 1, 4],[[1, 1], [2, 1], [3, 1], [3, 2], [2, 2], [3, 3]],1193,844,1297,873
301839,2,50,34,[9, 6, 10, 2, 1, 4],[[1, 1], [2, 1], [3, 1], [3, 2], [2, 2], [3, 3]],1218,857,1295,876
301896,2,50,34,[9, 6, 10, 2, 1, 4],[[1, 1], [2, 1], [3, 1], [3, 2], [2, 2], [3, 3]],1212,867,1290,878
301944,2,50,34,[9, 6, 10, 2, 1, 4],[[1, 1], [2, 1], [3, 1], [3, 2], [2, 2], [3, 3]],1225,874,1287,883
301993,2,50,34,[9, 6, 10, 2, 1, 4],[[1, 1], [2, 1], [3, 1], [3, 2], [2, 2], [3, 3]],1237,887,1283,883
302041,2,50,34,[9, 6, 10, 2, 1, 4],[[1, 1], [2, 1], [3, 1], [3, 2], [2, 2], [3, 3]],1240,909,1278,884
302099,2,50,34,[9, 6, 10, 2, 1, 4],[[1, 1], [2, 1], [3, 1], [3, 2], [2, 2], [3, 3]],1226,888,1276,885
302153,2,50,34,[9, 6, 10, 2, 1, 4],[[1, 1], [2, 1], [3, 1], [3, 2], [2, 2], [3, 3]],1222,885,1241,861
302218,2,50,34,[9, 6, 10, 2, 1, 4],[[1, 1], [2, 1], [3, 1], [3, 2], [2, 2], [3, 3]],1233,857,1223,842
302276,2,50,34,[9, 6, 10, 2, 1, 4],[[1, 1], [2, 1], [3, 1], [3, 2], [2, 2], [3, 3]],1218,861,1217,837
302332,2,50,34,[9, 6, 10, 2, 1, 4],[[1, 1], [2, 1], [3, 1], [3, 2], [2, 2], [3, 3]],1206,849,1217,837
302390,2,50,34,[9, 6, 10, 2, 1, 4],[[1, 1], [2, 1], [3, 1], [3, 2], [2, 2], [3, 3]],1211,861,1217,834
302450,2,50,34,[9, 6, 10, 2, 1, 4],[[1, 1], [2, 1], [3, 1], [3, 2], [2, 2], [3, 3]],1221,872,1224,834
302508,2,50,34,[9, 6, 10, 2, 1, 4],[[1, 1], [2, 1], [3, 1], [3, 2], [2, 2], [3, 3]],1212,868,1232,830
302571,2,50,34,[9, 6, 10, 2, 1, 4],[[1, 1], [2, 1], [3, 1], [3, 2], [2, 2], [3, 3]],1179,860,1259,829
302624,2,50,34,[9, 6, 10, 2, 1, 4],[[1, 1], [2, 1], [3, 1], [3, 2], [2, 2], [3, 3]],1135,855,1264,829
302677,2,50,34,[9, 6, 10, 2, 1, 4],[[1, 1], [2, 1], [3, 1], [3, 2], [2, 2], [3, 3]],1139,867,1265,829
302736,2,50,34,[9, 6, 10, 2, 1, 4],[[1, 1], [2, 1], [3, 1], [3, 2], [2, 2], [3, 3]],1155,865,1265,829
302792,2,50,34,[9, 6, 10, 2, 1, 4],[[1, 1], [2, 1], [3, 1], [3, 2], [2, 2], [3, 3]],1147,860,1265,829
302856,2,50,34,[9, 6, 10, 2, 1, 4],[[1, 1], [2, 1], [3, 1], [3, 2], [2, 2], [3, 3]],1153,858,1264,831
302918,2,50,34,[9, 6, 10, 2, 1, 4],[[1, 1], [2, 1], [3, 1], [3, 2], [2, 2], [3, 3]],1139,858,1212,837
302990,2,50,34,[9, 6, 10, 2, 1, 4],[[1, 1], [2, 1], [3, 1], [3, 2], [2, 2], [3, 3]],1116,858,1092,809
303057,2,51,74,[9, 6, 10, 2, 5, 8],[[1, 3], [2, 3], [1, 1], [1, 2], [2, 2], [3, 1]],1107,827,1090,812
303122,2,51,74,[9, 6, 10, 2, 5, 8],[[1, 3], [2, 3], [1, 1], [1, 2], [2, 2], [3, 1]],1130,853,1086,818
303179,2,51,74,[9, 6, 10, 2, 5, 8],[[1, 3], [2, 3], [1, 1], [1, 2], [2, 2], [3, 1]],1125,842,1082,826
303246,2,51,74,[9, 6, 10, 2, 5, 8],[[1, 3], [2, 3], [1, 1], [1, 2], [2, 2], [3, 1]],1117,847,1075,830
303302,2,51,74,[9, 6, 10, 2, 5, 8],[[1, 3], [2, 3], [1, 1], [1, 2], [2, 2], [3, 1]],1119,835,1081,834
303368,2,51,74,[9, 6, 10, 2, 5, 8],[[1, 3], [2, 3], [1, 1], [1, 2], [2, 2], [3, 1]],1128,832,1098,839
303425,2,51,74,[9, 6, 10, 2, 5, 8],[[1, 3], [2, 3], [1, 1], [1, 2], [2, 2], [3, 1]],1150,843,1179,820
303492,2,51,74,[9, 6, 10, 2, 5, 8],[[1, 3], [2, 3], [1, 1], [1, 2], [2, 2], [3, 1]],1191,842,1189,815
303558,2,51,74,[9, 6, 10, 2, 5, 8],[[1, 3], [2, 3], [1, 1], [1, 2], [2, 2], [3, 1]],1173,838,1187,815
303624,2,51,74,[9, 6, 10, 2, 5, 8],[[1, 3], [2, 3], [1, 1], [1, 2], [2, 2], [3, 1]],1157,823,1187,815
303693,2,51,74,[9, 6, 10, 2, 5, 8],[[1, 3], [2, 3], [1, 1], [1, 2], [2, 2], [3, 1]],1170,835,1186,813
303742,2,51,74,[9, 6, 10, 2, 5, 8],[[1, 3], [2, 3], [1, 1], [1, 2], [2, 2], [3, 1]],1173,838,1184,811
303798,2,51,74,[9, 6, 10, 2, 5, 8],[[1, 3], [2, 3], [1, 1], [1, 2], [2, 2], [3, 1]],1197,825,1181,791
303850,2,51,74,[9, 6, 10, 2, 5, 8],[[1, 3], [2, 3], [1, 1], [1, 2], [2, 2], [3, 1]],1221,836,1177,769
303903,2,51,74,[9, 6, 10, 2, 5, 8],[[1, 3], [2, 3], [1, 1], [1, 2], [2, 2], [3, 1]],1262,837,1175,766
303955,2,51,74,[9, 6, 10, 2, 5, 8],[[1, 3], [2, 3], [1, 1], [1, 2], [2, 2], [3, 1]],1265,849,1174,765
304008,2,51,74,[9, 6, 10, 2, 5, 8],[[1, 3], [2, 3], [1, 1], [1, 2], [2, 2], [3, 1]],1276,840,1171,764
304061,2,51,74,[9, 6, 10, 2, 5, 8],[[1, 3], [2, 3], [1, 1], [1, 2], [2, 2], [3, 1]],1254,854,1168,763
304118,2,51,74,[9, 6, 10, 2, 5, 8],[[1, 3], [2, 3], [1, 1], [1, 2], [2, 2], [3, 1]],1268,866,1168,763
304181,2,51,74,[9, 6, 10, 2, 5, 8],[[1, 3], [2, 3], [1, 1], [1, 2], [2, 2], [3, 1]],1272,862,1174,768
304238,2,51,74,[9, 6, 10, 2, 5, 8],[[1, 3], [2, 3], [1, 1], [1, 2], [2, 2], [3, 1]],1269,870,1196,787
304297,2,51,74,[9, 6, 10, 2, 5, 8],[[1, 3], [2, 3], [1, 1], [1, 2], [2, 2], [3, 1]],1240,860,1265,822
304355,2,51,74,[9, 6, 10, 2, 5, 8],[[1, 3], [2, 3], [1, 1], [1, 2], [2, 2], [3, 1]],1244,873,1298,842
304412,2,51,74,[9, 6, 10, 2, 5, 8],[[1, 3], [2, 3], [1, 1], [1, 2], [2, 2], [3, 1]],1247,852,1353,876
304477,2,51,74,[9, 6, 10, 2, 5, 8],[[1, 3], [2, 3], [1, 1], [1, 2], [2, 2], [3, 1]],1238,863,1353,876
304540,2,51,74,[9, 6, 10, 2, 5, 8],[[1, 3], [2, 3], [1, 1], [1, 2], [2, 2], [3, 1]],1248,851,1350,877
304613,2,51,74,[9, 6, 10, 2, 5, 8],[[1, 3], [2, 3], [1, 1], [1, 2], [2, 2], [3, 1]],1263,847,1338,885
304680,2,51,74,[9, 6, 10, 2, 5, 8],[[1, 3], [2, 3], [1, 1], [1, 2], [2, 2], [3, 1]],1261,846,1296,886
304737,2,51,74,[9, 6, 10, 2, 5, 8],[[1, 3], [2, 3], [1, 1], [1, 2], [2, 2], [3, 1]],1279,843,1253,884
304799,2,51,74,[9, 6, 10, 2, 5, 8],[[1, 3], [2, 3], [1, 1], [1, 2], [2, 2], [3, 1]],1286,870,1243,885
304862,2,51,74,[9, 6, 10, 2, 5, 8],[[1, 3], [2, 3], [1, 1], [1, 2], [2, 2], [3, 1]],1288,886,1234,886
304933,2,51,74,[9, 6, 10, 2, 5, 8],[[1, 3], [2, 3], [1, 1], [1, 2], [2, 2], [3, 1]],1265,856,1233,886
304997,2,51,74,[9, 6, 10, 2, 5, 8],[[1, 3], [2, 3], [1, 1], [1, 2], [2, 2], [3, 1]],1274,852,1231,886
305051,2,51,74,[9, 6, 10, 2, 5, 8],[[1, 3], [2, 3], [1, 1], [1, 2], [2, 2], [3, 1]],1295,866,1237,880
305121,2,51,74,[9, 6, 10, 2, 5, 8],[[1, 3], [2, 3], [1, 1], [1, 2], [2, 2], [3, 1]],1290,865,1249,876
305192,2,51,74,[9, 6, 10, 2, 5, 8],[[1, 3], [2, 3], [1, 1], [1, 2], [2, 2], [3, 1]],1304,883,1262,869
305257,2,51,74,[9, 6, 10, 2, 5, 8],[[1, 3], [2, 3], [1, 1], [1, 2], [2, 2], [3, 1]],1306,884,1263,869
305337,2,51,74,[9, 6, 10, 2, 5, 8],[[1, 3], [2, 3], [1, 1], [1, 2], [2, 2], [3, 1]],1314,932,1272,873
305407,2,51,74,[9, 6, 10, 2, 5, 8],[[1, 3], [2, 3], [1, 1], [1, 2], [2, 2], [3, 1]],1331,938,1273,873
305497,2,51,74,[9, 6, 10, 2, 5, 8],[[1, 3], [2, 3], [1, 1], [1, 2], [2, 2], [3, 1]],1337,922,1274,874
305558,2,51,74,[9, 6, 10, 2, 5, 8],[[1, 3], [2, 3], [1, 1], [1, 2], [2, 2], [3, 1]],1326,932,1294,883
305613,2,51,74,[9, 6, 10, 2, 5, 8],[[1, 3], [2, 3], [1, 1], [1, 2], [2, 2], [3, 1]],1324,936,1295,890
305668,2,51,74,[9, 6, 10, 2, 5, 8],[[1, 3], [2, 3], [1, 1], [1, 2], [2, 2], [3, 1]],1333,945,1295,900
305736,2,51,74,[9, 6, 10, 2, 5, 8],[[1, 3], [2, 3], [1, 1], [1, 2], [2, 2], [3, 1]],1354,967,1294,912
305799,2,51,74,[9, 6, 10, 2, 5, 8],[[1, 3], [2, 3], [1, 1], [1, 2], [2, 2], [3, 1]],1363,995,1303,923
305856,2,51,74,[9, 6, 10, 2, 5, 8],[[1, 3], [2, 3], [1, 1], [1, 2], [2, 2], [3, 1]],1344,976,1313,928
305913,2,51,74,[9, 6, 10, 2, 5, 8],[[1, 3], [2, 3], [1, 1], [1, 2], [2, 2], [3, 1]],1332,975,1322,935
305973,2,51,74,[9, 6, 10, 2, 5, 8],[[1, 3], [2, 3], [1, 1], [1, 2], [2, 2], [3, 1]],1327,956,1323,935
306026,2,51,74,[9, 6, 10, 2, 5, 8],[[1, 3], [2, 3], [1, 1], [1, 2], [2, 2], [3, 1]],1338,946,1326,935
306087,2,51,74,[9, 6, 10, 2, 5, 8],[[1, 3], [2, 3], [1, 1], [1, 2], [2, 2], [3, 1]],1343,954,1340,935
306135,2,51,74,[9, 6, 10, 2, 5, 8],[[1, 3], [2, 3], [1, 1], [1, 2], [2, 2], [3, 1]],1336,977,1353,941
306187,2,51,74,[9, 6, 10, 2, 5, 8],[[1, 3], [2, 3], [1, 1], [1, 2], [2, 2], [3, 1]],1352,975,1354,942
306240,2,51,74,[9, 6, 10, 2, 5, 8],[[1, 3], [2, 3], [1, 1], [1, 2], [2, 2], [3, 1]],1325,954,1352,948
306293,2,51,74,[9, 6, 10, 2, 5, 8],[[1, 3], [2, 3], [1, 1], [1, 2], [2, 2], [3, 1]],1354,957,1344,954
306346,2,51,74,[9, 6, 10, 2, 5, 8],[[1, 3], [2, 3], [1, 1], [1, 2], [2, 2], [3, 1]],1349,975,1342,957
306394,2,51,74,[9, 6, 10, 2, 5, 8],[[1, 3], [2, 3], [1, 1], [1, 2], [2, 2], [3, 1]],1363,964,1342,957
306447,2,51,74,[9, 6, 10, 2, 5, 8],[[1, 3], [2, 3], [1, 1], [1, 2], [2, 2], [3, 1]],1363,960,1342,957
306501,2,51,74,[9, 6, 10, 2, 5, 8],[[1, 3], [2, 3], [1, 1], [1, 2], [2, 2], [3, 1]],1372,964,1344,964
306561,2,51,74,[9, 6, 10, 2, 5, 8],[[1, 3], [2, 3], [1, 1], [1, 2], [2, 2], [3, 1]],1342,967,1350,976
306619,2,51,74,[9, 6, 10, 2, 5, 8],[[1, 3], [2, 3], [1, 1], [1, 2], [2, 2], [3, 1]],1359,957,1359,984
306680,2,51,74,[9, 6, 10, 2, 5, 8],[[1, 3], [2, 3], [1, 1], [1, 2], [2, 2], [3, 1]],1335,977,1363,988
306759,2,51,74,[9, 6, 10, 2, 5, 8],[[1, 3], [2, 3], [1, 1], [1, 2], [2, 2], [3, 1]],1313,978,1389,999
306817,2,51,74,[9, 6, 10, 2, 5, 8],[[1, 3], [2, 3], [1, 1], [1, 2], [2, 2], [3, 1]],1326,993,1389,999
306876,2,51,74,[9, 6, 10, 2, 5, 8],[[1, 3], [2, 3], [1, 1], [1, 2], [2, 2], [3, 1]],1335,979,1389,999
306964,2,51,74,[9, 6, 10, 2, 5, 8],[[1, 3], [2, 3], [1, 1], [1, 2], [2, 2], [3, 1]],1329,991,1389,999
307027,2,51,74,[9, 6, 10, 2, 5, 8],[[1, 3], [2, 3], [1, 1], [1, 2], [2, 2], [3, 1]],1349,965,1383,999
307081,2,51,74,[9, 6, 10, 2, 5, 8],[[1, 3], [2, 3], [1, 1], [1, 2], [2, 2], [3, 1]],1362,980,1343,1001
307147,2,52,39,[7, 12, 11, 3, 5, 8],[[2, 1], [3, 1], [1, 2], [1, 3], [2, 3], [3, 2]],1389,988,1328,1001
307219,2,52,39,[7, 12, 11, 3, 5, 8],[[2, 1], [3, 1], [1, 2], [1, 3], [2, 3], [3, 2]],1377,980,1319,1003
307274,2,52,39,[7, 12, 11, 3, 5, 8],[[2, 1], [3, 1], [1, 2], [1, 3], [2, 3], [3, 2]],1373,980,1301,1003
307349,2,52,39,[7, 12, 11, 3, 5, 8],[[2, 1], [3, 1], [1, 2], [1, 3], [2, 3], [3, 2]],1387,977,1301,1003
307403,2,52,39,[7, 12, 11, 3, 5, 8],[[2, 1], [3, 1], [1, 2], [1, 3], [2, 3], [3, 2]],1417,960,1287,1002
307470,2,52,39,[7, 12, 11, 3, 5, 8],[[2, 1], [3, 1], [1, 2], [1, 3], [2, 3], [3, 2]],1435,955,1283,999
307546,2,52,39,[7, 12, 11, 3, 5, 8],[[2, 1], [3, 1], [1, 2], [1, 3], [2, 3], [3, 2]],1402,928,1283,999
307610,2,52,39,[7, 12, 11, 3, 5, 8],[[2, 1], [3, 1], [1, 2], [1, 3], [2, 3], [3, 2]],1442,929,1289,999
307660,2,52,39,[7, 12, 11, 3, 5, 8],[[2, 1], [3, 1], [1, 2], [1, 3], [2, 3], [3, 2]],1384,943,1319,1005
307741,2,52,39,[7, 12, 11, 3, 5, 8],[[2, 1], [3, 1], [1, 2], [1, 3], [2, 3], [3, 2]],1368,934,1356,1004
307803,2,52,39,[7, 12, 11, 3, 5, 8],[[2, 1], [3, 1], [1, 2], [1, 3], [2, 3], [3, 2]],1384,928,1428,977
307856,2,52,39,[7, 12, 11, 3, 5, 8],[[2, 1], [3, 1], [1, 2], [1, 3], [2, 3], [3, 2]],1419,937,1431,962
307903,2,52,39,[7, 12, 11, 3, 5, 8],[[2, 1], [3, 1], [1, 2], [1, 3], [2, 3], [3, 2]],1421,963,1426,957
307956,2,52,39,[7, 12, 11, 3, 5, 8],[[2, 1], [3, 1], [1, 2], [1, 3], [2, 3], [3, 2]],1444,962,1418,955
308009,2,52,39,[7, 12, 11, 3, 5, 8],[[2, 1], [3, 1], [1, 2], [1, 3], [2, 3], [3, 2]],1417,991,1406,955
308067,2,52,39,[7, 12, 11, 3, 5, 8],[[2, 1], [3, 1], [1, 2], [1, 3], [2, 3], [3, 2]],1424,955,1373,945
308130,2,52,39,[7, 12, 11, 3, 5, 8],[[2, 1], [3, 1], [1, 2], [1, 3], [2, 3], [3, 2]],1448,902,1362,940
308192,2,52,39,[7, 12, 11, 3, 5, 8],[[2, 1], [3, 1], [1, 2], [1, 3], [2, 3], [3, 2]],1367,906,1361,932
308248,2,52,39,[7, 12, 11, 3, 5, 8],[[2, 1], [3, 1], [1, 2], [1, 3], [2, 3], [3, 2]],1384,924,1368,929
308316,2,52,39,[7, 12, 11, 3, 5, 8],[[2, 1], [3, 1], [1, 2], [1, 3], [2, 3], [3, 2]],1366,900,1415,929
308371,2,52,39,[7, 12, 11, 3, 5, 8],[[2, 1], [3, 1], [1, 2], [1, 3], [2, 3], [3, 2]],1373,877,1438,942
308458,2,52,39,[7, 12, 11, 3, 5, 8],[[2, 1], [3, 1], [1, 2], [1, 3], [2, 3], [3, 2]],1365,867,1440,946
308515,2,52,39,[7, 12, 11, 3, 5, 8],[[2, 1], [3, 1], [1, 2], [1, 3], [2, 3], [3, 2]],1334,869,1440,952
308580,2,52,39,[7, 12, 11, 3, 5, 8],[[2, 1], [3, 1], [1, 2], [1, 3], [2, 3], [3, 2]],1336,875,1431,954
308657,2,52,39,[7, 12, 11, 3, 5, 8],[[2, 1], [3, 1], [1, 2], [1, 3], [2, 3], [3, 2]],1326,890,1408,913
308716,2,52,39,[7, 12, 11, 3, 5, 8],[[2, 1], [3, 1], [1, 2], [1, 3], [2, 3], [3, 2]],1319,869,1380,812
308778,2,52,39,[7, 12, 11, 3, 5, 8],[[2, 1], [3, 1], [1, 2], [1, 3], [2, 3], [3, 2]],1338,882,1373,811
308846,2,52,39,[7, 12, 11, 3, 5, 8],[[2, 1], [3, 1], [1, 2], [1, 3], [2, 3], [3, 2]],1354,881,1327,828
308901,2,52,39,[7, 12, 11, 3, 5, 8],[[2, 1], [3, 1], [1, 2], [1, 3], [2, 3], [3, 2]],1364,868,1319,829
308977,2,52,39,[7, 12, 11, 3, 5, 8],[[2, 1], [3, 1], [1, 2], [1, 3], [2, 3], [3, 2]],1341,870,1318,829
309045,2,52,39,[7, 12, 11, 3, 5, 8],[[2, 1], [3, 1], [1, 2], [1, 3], [2, 3], [3, 2]],1362,878,1318,835
309102,2,52,39,[7, 12, 11, 3, 5, 8],[[2, 1], [3, 1], [1, 2], [1, 3], [2, 3], [3, 2]],1353,889,1334,853
309172,2,52,39,[7, 12, 11, 3, 5, 8],[[2, 1], [3, 1], [1, 2], [1, 3], [2, 3], [3, 2]],1364,891,1337,855
309244,2,52,39,[7, 12, 11, 3, 5, 8],[[2, 1], [3, 1], [1, 2], [1, 3], [2, 3], [3, 2]],1387,897,1339,857
309309,2,52,39,[7, 12, 11, 3, 5, 8],[[2, 1], [3, 1], [1, 2], [1, 3], [2, 3], [3, 2]],1369,881,1339,857
309375,2,52,39,[7, 12, 11, 3, 5, 8],[[2, 1], [3, 1], [1, 2], [1, 3], [2, 3], [3, 2]],1373,866,1339,857
309433,2,52,39,[7, 12, 11, 3, 5, 8],[[2, 1], [3, 1], [1, 2], [1, 3], [2, 3], [3, 2]],1349,866,1347,850
309498,2,52,39,[7, 12, 11, 3, 5, 8],[[2, 1], [3, 1], [1, 2], [1, 3], [2, 3], [3, 2]],1352,844,1346,846
309548,2,52,39,[7, 12, 11, 3, 5, 8],[[2, 1], [3, 1], [1, 2], [1, 3], [2, 3], [3, 2]],1349,836,1346,846
309603,2,52,39,[7, 12, 11, 3, 5, 8],[[2, 1], [3, 1], [1, 2], [1, 3], [2, 3], [3, 2]],1323,835,1346,846
309658,2,52,39,[7, 12, 11, 3, 5, 8],[[2, 1], [3, 1], [1, 2], [1, 3], [2, 3], [3, 2]],1319,850,1346,846
309719,2,52,39,[7, 12, 11, 3, 5, 8],[[2, 1], [3, 1], [1, 2], [1, 3], [2, 3], [3, 2]],1331,866,1348,839
309787,2,52,39,[7, 12, 11, 3, 5, 8],[[2, 1], [3, 1], [1, 2], [1, 3], [2, 3], [3, 2]],1344,868,1356,828
309854,2,52,39,[7, 12, 11, 3, 5, 8],[[2, 1], [3, 1], [1, 2], [1, 3], [2, 3], [3, 2]],1324,871,1360,823
309902,2,52,39,[7, 12, 11, 3, 5, 8],[[2, 1], [3, 1], [1, 2], [1, 3], [2, 3], [3, 2]],1320,880,1356,820
309956,2,52,39,[7, 12, 11, 3, 5, 8],[[2, 1], [3, 1], [1, 2], [1, 3], [2, 3], [3, 2]],1329,890,1352,819
310007,2,52,39,[7, 12, 11, 3, 5, 8],[[2, 1], [3, 1], [1, 2], [1, 3], [2, 3], [3, 2]],1338,915,1352,819
310060,2,52,39,[7, 12, 11, 3, 5, 8],[[2, 1], [3, 1], [1, 2], [1, 3], [2, 3], [3, 2]],1340,926,1352,823
310113,2,52,39,[7, 12, 11, 3, 5, 8],[[2, 1], [3, 1], [1, 2], [1, 3], [2, 3], [3, 2]],1327,939,1351,826
310170,2,52,39,[7, 12, 11, 3, 5, 8],[[2, 1], [3, 1], [1, 2], [1, 3], [2, 3], [3, 2]],1288,935,1349,827
310223,2,52,39,[7, 12, 11, 3, 5, 8],[[2, 1], [3, 1], [1, 2], [1, 3], [2, 3], [3, 2]],1271,968,1349,827
310285,2,52,39,[7, 12, 11, 3, 5, 8],[[2, 1], [3, 1], [1, 2], [1, 3], [2, 3], [3, 2]],1305,962,1349,827
310341,2,52,39,[7, 12, 11, 3, 5, 8],[[2, 1], [3, 1], [1, 2], [1, 3], [2, 3], [3, 2]],1322,959,1349,827
310398,2,52,39,[7, 12, 11, 3, 5, 8],[[2, 1], [3, 1], [1, 2], [1, 3], [2, 3], [3, 2]],1325,965,1349,827
310461,2,52,39,[7, 12, 11, 3, 5, 8],[[2, 1], [3, 1], [1, 2], [1, 3], [2, 3], [3, 2]],1290,959,1349,827
310515,2,52,39,[7, 12, 11, 3, 5, 8],[[2, 1], [3, 1], [1, 2], [1, 3], [2, 3], [3, 2]],1291,955,1334,836
310562,2,52,39,[7, 12, 11, 3, 5, 8],[[2, 1], [3, 1], [1, 2], [1, 3], [2, 3], [3, 2]],1319,925,1322,845
310616,2,52,39,[7, 12, 11, 3, 5, 8],[[2, 1], [3, 1], [1, 2], [1, 3], [2, 3], [3, 2]],1327,914,1318,863
310670,2,52,39,[7, 12, 11, 3, 5, 8],[[2, 1], [3, 1], [1, 2], [1, 3], [2, 3], [3, 2]],1313,905,1328,881
310725,2,52,39,[7, 12, 11, 3, 5, 8],[[2, 1], [3, 1], [1, 2], [1, 3], [2, 3], [3, 2]],1309,869,1329,896
310795,2,52,39,[7, 12, 11, 3, 5, 8],[[2, 1], [3, 1], [1, 2], [1, 3], [2, 3], [3, 2]],1311,880,1320,916
310870,2,52,39,[7, 12, 11, 3, 5, 8],[[2, 1], [3, 1], [1, 2], [1, 3], [2, 3], [3, 2]],1300,894,1307,921
310930,2,52,39,[7, 12, 11, 3, 5, 8],[[2, 1], [3, 1], [1, 2], [1, 3], [2, 3], [3, 2]],1297,891,1278,925
310993,2,52,39,[7, 12, 11, 3, 5, 8],[[2, 1], [3, 1], [1, 2], [1, 3], [2, 3], [3, 2]],1305,873,1271,925
311060,2,52,39,[7, 12, 11, 3, 5, 8],[[2, 1], [3, 1], [1, 2], [1, 3], [2, 3], [3, 2]],1315,891,1250,925
311132,2,52,39,[7, 12, 11, 3, 5, 8],[[2, 1], [3, 1], [1, 2], [1, 3], [2, 3], [3, 2]],1312,881,1226,915
311191,2,53,115,[7, 12, 11, 3, 1, 4],[[2, 3], [3, 3], [1, 1], [1, 2], [2, 1], [3, 2]],1332,886,1215,907
311256,2,53,115,[7, 12, 11, 3, 1, 4],[[2, 3], [3, 3], [1, 1], [1, 2], [2, 1], [3, 2]],1342,873,1215,904
311336,2,53,115,[7, 12, 11, 3, 1, 4],[[2, 3], [3, 3], [1, 1], [1, 2], [2, 1], [3, 2]],1363,881,1215,904
311390,2,53,115,[7, 12, 11, 3, 1, 4],[[2, 3], [3, 3], [1, 1], [1, 2], [2, 1], [3, 2]],1364,892,1219,896
311455,2,53,115,[7, 12, 11, 3, 1, 4],[[2, 3], [3, 3], [1, 1], [1, 2], [2, 1], [3, 2]],1373,873,1226,893
311528,2,53,115,[7, 12, 11, 3, 1, 4],[[2, 3], [3, 3], [1, 1], [1, 2], [2, 1], [3, 2]],1383,864,1228,891
311595,2,53,115,[7, 12, 11, 3, 1, 4],[[2, 3], [3, 3], [1, 1], [1, 2], [2, 1], [3, 2]],1377,859,1237,885
311650,2,53,115,[7, 12, 11, 3, 1, 4],[[2, 3], [3, 3], [1, 1], [1, 2], [2, 1], [3, 2]],1385,844,1266,879
311710,2,53,115,[7, 12, 11, 3, 1, 4],[[2, 3], [3, 3], [1, 1], [1, 2], [2, 1], [3, 2]],1390,841,1317,871
311791,2,53,115,[7, 12, 11, 3, 1, 4],[[2, 3], [3, 3], [1, 1], [1, 2], [2, 1], [3, 2]],1383,853,1364,848
311849,2,53,115,[7, 12, 11, 3, 1, 4],[[2, 3], [3, 3], [1, 1], [1, 2], [2, 1], [3, 2]],1422,843,1406,817
311898,2,53,115,[7, 12, 11, 3, 1, 4],[[2, 3], [3, 3], [1, 1], [1, 2], [2, 1], [3, 2]],1436,870,1406,817
311953,2,53,115,[7, 12, 11, 3, 1, 4],[[2, 3], [3, 3], [1, 1], [1, 2], [2, 1], [3, 2]],1400,901,1408,812
312005,2,53,115,[7, 12, 11, 3, 1, 4],[[2, 3], [3, 3], [1, 1], [1, 2], [2, 1], [3, 2]],1403,900,1426,801
312062,2,53,115,[7, 12, 11, 3, 1, 4],[[2, 3], [3, 3], [1, 1], [1, 2], [2, 1], [3, 2]],1384,897,1427,801
312127,2,53,115,[7, 12, 11, 3, 1, 4],[[2, 3], [3, 3], [1, 1], [1, 2], [2, 1], [3, 2]],1351,900,1427,801
312181,2,53,115,[7, 12, 11, 3, 1, 4],[[2, 3], [3, 3], [1, 1], [1, 2], [2, 1], [3, 2]],1371,910,1436,815
312247,2,53,115,[7, 12, 11, 3, 1, 4],[[2, 3], [3, 3], [1, 1], [1, 2], [2, 1], [3, 2]],1361,918,1434,848
312306,2,53,115,[7, 12, 11, 3, 1, 4],[[2, 3], [3, 3], [1, 1], [1, 2], [2, 1], [3, 2]],1353,901,1416,884
312367,2,53,115,[7, 12, 11, 3, 1, 4],[[2, 3], [3, 3], [1, 1], [1, 2], [2, 1], [3, 2]],1323,896,1383,899
312425,2,53,115,[7, 12, 11, 3, 1, 4],[[2, 3], [3, 3], [1, 1], [1, 2], [2, 1], [3, 2]],1303,912,1358,905
312489,2,53,115,[7, 12, 11, 3, 1, 4],[[2, 3], [3, 3], [1, 1], [1, 2], [2, 1], [3, 2]],1312,922,1343,913
312544,2,53,115,[7, 12, 11, 3, 1, 4],[[2, 3], [3, 3], [1, 1], [1, 2], [2, 1], [3, 2]],1275,894,1342,919
312613,2,53,115,[7, 12, 11, 3, 1, 4],[[2, 3], [3, 3], [1, 1], [1, 2], [2, 1], [3, 2]],1283,896,1342,925
312669,2,53,115,[7, 12, 11, 3, 1, 4],[[2, 3], [3, 3], [1, 1], [1, 2], [2, 1], [3, 2]],1275,908,1340,928
312736,2,53,115,[7, 12, 11, 3, 1, 4],[[2, 3], [3, 3], [1, 1], [1, 2], [2, 1], [3, 2]],1296,921,1315,925
312827,2,53,115,[7, 12, 11, 3, 1, 4],[[2, 3], [3, 3], [1, 1], [1, 2], [2, 1], [3, 2]],1300,923,1304,922
312914,2,53,115,[7, 12, 11, 3, 1, 4],[[2, 3], [3, 3], [1, 1], [1, 2], [2, 1], [3, 2]],1297,936,1286,916
312974,2,53,115,[7, 12, 11, 3, 1, 4],[[2, 3], [3, 3], [1, 1], [1, 2], [2, 1], [3, 2]],1313,943,1283,904
313037,2,53,115,[7, 12, 11, 3, 1, 4],[[2, 3], [3, 3], [1, 1], [1, 2], [2, 1], [3, 2]],1329,934,1261,892
313106,2,53,115,[7, 12, 11, 3, 1, 4],[[2, 3], [3, 3], [1, 1], [1, 2], [2, 1], [3, 2]],1317,942,1252,888
313166,2,53,115,[7, 12, 11, 3, 1, 4],[[2, 3], [3, 3], [1, 1], [1, 2], [2, 1], [3, 2]],1313,996,1262,892
313221,2,53,115,[7, 12, 11, 3, 1, 4],[[2, 3], [3, 3], [1, 1], [1, 2], [2, 1], [3, 2]],1324,986,1275,900
313291,2,53,115,[7, 12, 11, 3, 1, 4],[[2, 3], [3, 3], [1, 1], [1, 2], [2, 1], [3, 2]],1296,977,1276,900
313355,2,53,115,[7, 12, 11, 3, 1, 4],[[2, 3], [3, 3], [1, 1], [1, 2], [2, 1], [3, 2]],1290,972,1276,900
313419,2,53,115,[7, 12, 11, 3, 1, 4],[[2, 3], [3, 3], [1, 1], [1, 2], [2, 1], [3, 2]],1283,1014,1276,900
313479,2,53,115,[7, 12, 11, 3, 1, 4],[[2, 3], [3, 3], [1, 1], [1, 2], [2, 1], [3, 2]],1317,973,1285,904
313540,2,53,115,[7, 12, 11, 3, 1, 4],[[2, 3], [3, 3], [1, 1], [1, 2], [2, 1], [3, 2]],1303,969,1326,929
313609,2,53,115,[7, 12, 11, 3, 1, 4],[[2, 3], [3, 3], [1, 1], [1, 2], [2, 1], [3, 2]],1332,987,1329,940
313664,2,53,115,[7, 12, 11, 3, 1, 4],[[2, 3], [3, 3], [1, 1], [1, 2], [2, 1], [3, 2]],1331,979,1332,957
313752,2,53,115,[7, 12, 11, 3, 1, 4],[[2, 3], [3, 3], [1, 1], [1, 2], [2, 1], [3, 2]],1338,987,1322,962
313804,2,53,115,[7, 12, 11, 3, 1, 4],[[2, 3], [3, 3], [1, 1], [1, 2], [2, 1], [3, 2]],1341,988,1278,973
313857,2,53,115,[7, 12, 11, 3, 1, 4],[[2, 3], [3, 3], [1, 1], [1, 2], [2, 1], [3, 2]],1316,1011,1269,975
313916,2,53,115,[7, 12, 11, 3, 1, 4],[[2, 3], [3, 3], [1, 1], [1, 2], [2, 1], [3, 2]],1307,991,1267,975
313970,2,53,115,[7, 12, 11, 3, 1, 4],[[2, 3], [3, 3], [1, 1], [1, 2], [2, 1], [3, 2]],1290,999,1271,974
314027,2,53,115,[7, 12, 11, 3, 1, 4],[[2, 3], [3, 3], [1, 1], [1, 2], [2, 1], [3, 2]],1287,1032,1299,976
314086,2,53,115,[7, 12, 11, 3, 1, 4],[[2, 3], [3, 3], [1, 1], [1, 2], [2, 1], [3, 2]],1267,981,1329,983
314147,2,53,115,[7, 12, 11, 3, 1, 4],[[2, 3], [3, 3], [1, 1], [1, 2], [2, 1], [3, 2]],1267,982,1363,995
314202,2,53,115,[7, 12, 11, 3, 1, 4],[[2, 3], [3, 3], [1, 1], [1, 2], [2, 1], [3, 2]],1246,968,1367,998
314263,2,53,115,[7, 12, 11, 3, 1, 4],[[2, 3], [3, 3], [1, 1], [1, 2], [2, 1], [3, 2]],1246,969,1367,998
314317,2,53,115,[7, 12, 11, 3, 1, 4],[[2, 3], [3, 3], [1, 1], [1, 2], [2, 1], [3, 2]],1220,1008,1365,997
314379,2,53,115,[7, 12, 11, 3, 1, 4],[[2, 3], [3, 3], [1, 1], [1, 2], [2, 1], [3, 2]],1240,986,1362,996
314437,2,53,115,[7, 12, 11, 3, 1, 4],[[2, 3], [3, 3], [1, 1], [1, 2], [2, 1], [3, 2]],1264,952,1339,984
314495,2,53,115,[7, 12, 11, 3, 1, 4],[[2, 3], [3, 3], [1, 1], [1, 2], [2, 1], [3, 2]],1278,973,1269,956
314554,2,53,115,[7, 12, 11, 3, 1, 4],[[2, 3], [3, 3], [1, 1], [1, 2], [2, 1], [3, 2]],1314,1000,1260,952
314607,2,53,115,[7, 12, 11, 3, 1, 4],[[2, 3], [3, 3], [1, 1], [1, 2], [2, 1], [3, 2]],1318,970,1259,952
314673,2,53,115,[7, 12, 11, 3, 1, 4],[[2, 3], [3, 3], [1, 1], [1, 2], [2, 1], [3, 2]],1312,928,1256,950
314728,2,53,115,[7, 12, 11, 3, 1, 4],[[2, 3], [3, 3], [1, 1], [1, 2], [2, 1], [3, 2]],1353,935,1221,947
314807,2,53,115,[7, 12, 11, 3, 1, 4],[[2, 3], [3, 3], [1, 1], [1, 2], [2, 1], [3, 2]],1334,943,1218,949
314862,2,53,115,[7, 12, 11, 3, 1, 4],[[2, 3], [3, 3], [1, 1], [1, 2], [2, 1], [3, 2]],1333,935,1230,971
314932,2,53,115,[7, 12, 11, 3, 1, 4],[[2, 3], [3, 3], [1, 1], [1, 2], [2, 1], [3, 2]],1322,921,1260,989
314990,2,53,115,[7, 12, 11, 3, 1, 4],[[2, 3], [3, 3], [1, 1], [1, 2], [2, 1], [3, 2]],1302,930,1287,996
315053,2,53,115,[7, 12, 11, 3, 1, 4],[[2, 3], [3, 3], [1, 1], [1, 2], [2, 1], [3, 2]],1295,941,1353,998
315127,2,53,115,[7, 12, 11, 3, 1, 4],[[2, 3], [3, 3], [1, 1], [1, 2], [2, 1], [3, 2]],1267,914,1362,998
315185,2,53,115,[7, 12, 11, 3, 1, 4],[[2, 3], [3, 3], [1, 1], [1, 2], [2, 1], [3, 2]],1293,909,1367,999
315249,2,54,92,[9, 6, 11, 3, 5, 8],[[1, 3], [2, 3], [3, 2], [3, 3], [1, 2], [2, 1]],1288,901,1371,999
330950,3,54,92,[9, 6, 11, 3, 5, 8],[[1, 3], [2, 3], [3, 2], [3, 3], [1, 2], [2, 1]],974,533,958,542
331055,3,54,92,[9, 6, 11, 3, 5, 8],[[1, 3], [2, 3], [3, 2], [3, 3], [1, 2], [2, 1]],952,526,958,542
331127,3,54,92,[9, 6, 11, 3, 5, 8],[[1, 3], [2, 3], [3, 2], [3, 3], [1, 2], [2, 1]],943,544,958,542
331182,3,54,92,[9, 6, 11, 3, 5, 8],[[1, 3], [2, 3], [3, 2], [3, 3], [1, 2], [2, 1]],951,565,958,542
331240,3,54,92,[9, 6, 11, 3, 5, 8],[[1, 3], [2, 3], [3, 2], [3, 3], [1, 2], [2, 1]],921,559,958,542
331298,3,54,92,[9, 6, 11, 3, 5, 8],[[1, 3], [2, 3], [3, 2], [3, 3], [1, 2], [2, 1]],929,544,958,542
331377,3,54,92,[9, 6, 11, 3, 5, 8],[[1, 3], [2, 3], [3, 2], [3, 3], [1, 2], [2, 1]],953,557,958,542
331466,3,54,92,[9, 6, 11, 3, 5, 8],[[1, 3], [2, 3], [3, 2], [3, 3], [1, 2], [2, 1]],968,579,965,568
331515,3,54,92,[9, 6, 11, 3, 5, 8],[[1, 3], [2, 3], [3, 2], [3, 3], [1, 2], [2, 1]],987,581,971,602
331566,3,54,92,[9, 6, 11, 3, 5, 8],[[1, 3], [2, 3], [3, 2], [3, 3], [1, 2], [2, 1]],1011,573,971,603
331623,3,54,92,[9, 6, 11, 3, 5, 8],[[1, 3], [2, 3], [3, 2], [3, 3], [1, 2], [2, 1]],1027,579,970,602
331691,3,54,92,[9, 6, 11, 3, 5, 8],[[1, 3], [2, 3], [3, 2], [3, 3], [1, 2], [2, 1]],1044,564,970,591
331761,3,54,92,[9, 6, 11, 3, 5, 8],[[1, 3], [2, 3], [3, 2], [3, 3], [1, 2], [2, 1]],1031,553,970,593
331830,3,54,92,[9, 6, 11, 3, 5, 8],[[1, 3], [2, 3], [3, 2], [3, 3], [1, 2], [2, 1]],1035,550,986,595
331887,3,54,92,[9, 6, 11, 3, 5, 8],[[1, 3], [2, 3], [3, 2], [3, 3], [1, 2], [2, 1]],1022,523,998,589
331940,3,54,92,[9, 6, 11, 3, 5, 8],[[1, 3], [2, 3], [3, 2], [3, 3], [1, 2], [2, 1]],1032,509,1001,588
331999,3,55,67,[7, 12, 11, 3, 5, 8],[[2, 1], [3, 1], [1, 1], [1, 2], [1, 3], [2, 2]],1035,485,1012,576
332063,3,55,67,[7, 12, 11, 3, 5, 8],[[2, 1], [3, 1], [1, 1], [1, 2], [1, 3], [2, 2]],1034,484,1021,568
332122,3,55,67,[7, 12, 11, 3, 5, 8],[[2, 1], [3, 1], [1, 1], [1, 2], [1, 3], [2, 2]],1038,483,1022,567
332184,3,55,67,[7, 12, 11, 3, 5, 8],[[2, 1], [3, 1], [1, 1], [1, 2], [1, 3], [2, 2]],1002,506,1026,553
332238,3,55,67,[7, 12, 11, 3, 5, 8],[[2, 1], [3, 1], [1, 1], [1, 2], [1, 3], [2, 2]],966,484,1030,544
332301,3,55,67,[7, 12, 11, 3, 5, 8],[[2, 1], [3, 1], [1, 1], [1, 2], [1, 3], [2, 2]],969,513,1032,532
332355,3,55,67,[7, 12, 11, 3, 5, 8],[[2, 1], [3, 1], [1, 1], [1, 2], [1, 3], [2, 2]],982,500,1031,531
332412,3,55,67,[7, 12, 11, 3, 5, 8],[[2, 1], [3, 1], [1, 1], [1, 2], [1, 3], [2, 2]],993,484,1023,526
332468,3,55,67,[7, 12, 11, 3, 5, 8],[[2, 1], [3, 1], [1, 1], [1, 2], [1, 3], [2, 2]],1003,501,1009,530
332523,3,55,67,[7, 12, 11, 3, 5, 8],[[2, 1], [3, 1], [1, 1], [1, 2], [1, 3], [2, 2]],1020,540,1004,531
332594,3,55,67,[7, 12, 11, 3, 5, 8],[[2, 1], [3, 1], [1, 1], [1, 2], [1, 3], [2, 2]],986,541,998,531
332647,3,55,67,[7, 12, 11, 3, 5, 8],[[2, 1], [3, 1], [1, 1], [1, 2], [1, 3], [2, 2]],1010,543,993,531
332719,3,55,67,[7, 12, 11, 3, 5, 8],[[2, 1], [3, 1], [1, 1], [1, 2], [1, 3], [2, 2]],989,536,992,530
332783,3,55,67,[7, 12, 11, 3, 5, 8],[[2, 1], [3, 1], [1, 1], [1, 2], [1, 3], [2, 2]],981,539,991,528
332844,3,55,67,[7, 12, 11, 3, 5, 8],[[2, 1], [3, 1], [1, 1], [1, 2], [1, 3], [2, 2]],1023,503,987,528
332912,3,55,67,[7, 12, 11, 3, 5, 8],[[2, 1], [3, 1], [1, 1], [1, 2], [1, 3], [2, 2]],996,493,966,544
332967,3,55,67,[7, 12, 11, 3, 5, 8],[[2, 1], [3, 1], [1, 1], [1, 2], [1, 3], [2, 2]],1000,486,966,547
333038,3,55,67,[7, 12, 11, 3, 5, 8],[[2, 1], [3, 1], [1, 1], [1, 2], [1, 3], [2, 2]],1010,487,966,547
333098,3,55,67,[7, 12, 11, 3, 5, 8],[[2, 1], [3, 1], [1, 1], [1, 2], [1, 3], [2, 2]],1009,494,973,552
333178,3,55,67,[7, 12, 11, 3, 5, 8],[[2, 1], [3, 1], [1, 1], [1, 2], [1, 3], [2, 2]],1016,492,973,552
333237,3,55,67,[7, 12, 11, 3, 5, 8],[[2, 1], [3, 1], [1, 1], [1, 2], [1, 3], [2, 2]],1022,483,986,539
333301,3,55,67,[7, 12, 11, 3, 5, 8],[[2, 1], [3, 1], [1, 1], [1, 2], [1, 3], [2, 2]],1026,476,998,509
333369,3,55,67,[7, 12, 11, 3, 5, 8],[[2, 1], [3, 1], [1, 1], [1, 2], [1, 3], [2, 2]],1028,507,998,506
333429,3,55,67,[7, 12, 11, 3, 5, 8],[[2, 1], [3, 1], [1, 1], [1, 2], [1, 3], [2, 2]],1031,490,999,501
333503,3,55,67,[7, 12, 11, 3, 5, 8],[[2, 1], [3, 1], [1, 1], [1, 2], [1, 3], [2, 2]],1045,527,1016,490
333563,3,55,67,[7, 12, 11, 3, 5, 8],[[2, 1], [3, 1], [1, 1], [1, 2], [1, 3], [2, 2]],1036,510,1031,481
333617,3,55,67,[7, 12, 11, 3, 5, 8],[[2, 1], [3, 1], [1, 1], [1, 2], [1, 3], [2, 2]],1014,524,1032,481
333696,3,55,67,[7, 12, 11, 3, 5, 8],[[2, 1], [3, 1], [1, 1], [1, 2], [1, 3], [2, 2]],1010,543,1032,482
333753,3,55,67,[7, 12, 11, 3, 5, 8],[[2, 1], [3, 1], [1, 1], [1, 2], [1, 3], [2, 2]],1030,526,1031,500
333818,3,55,67,[7, 12, 11, 3, 5, 8],[[2, 1], [3, 1], [1, 1], [1, 2], [1, 3], [2, 2]],1034,521,1028,520
333879,3,55,67,[7, 12, 11, 3, 5, 8],[[2, 1], [3, 1], [1, 1], [1, 2], [1, 3], [2, 2]],1007,509,1028,524
333937,3,55,67,[7, 12, 11, 3, 5, 8],[[2, 1], [3, 1], [1, 1], [1, 2], [1, 3], [2, 2]],992,519,1022,536
334000,3,55,67,[7, 12, 11, 3, 5, 8],[[2, 1], [3, 1], [1, 1], [1, 2], [1, 3], [2, 2]],1004,492,1021,538
334059,3,55,67,[7, 12, 11, 3, 5, 8],[[2, 1], [3, 1], [1, 1], [1, 2], [1, 3], [2, 2]],993,487,1021,538
334112,3,55,67,[7, 12, 11, 3, 5, 8],[[2, 1], [3, 1], [1, 1], [1, 2], [1, 3], [2, 2]],987,461,1021,538
334174,3,55,67,[7, 12, 11, 3, 5, 8],[[2, 1], [3, 1], [1, 1], [1, 2], [1, 3], [2, 2]],991,470,1021,538
334232,3,55,67,[7, 12, 11, 3, 5, 8],[[2, 1], [3, 1], [1, 1], [1, 2], [1, 3], [2, 2]],970,472,1020,536
334292,3,55,67,[7, 12, 11, 3, 5, 8],[[2, 1], [3, 1], [1, 1], [1, 2], [1, 3], [2, 2]],948,471,1016,530
334346,3,55,67,[7, 12, 11, 3, 5, 8],[[2, 1], [3, 1], [1, 1], [1, 2], [1, 3], [2, 2]],963,451,1014,521
334408,3,55,67,[7, 12, 11, 3, 5, 8],[[2, 1], [3, 1], [1, 1], [1, 2], [1, 3], [2, 2]],975,451,1003,509
334461,3,55,67,[7, 12, 11, 3, 5, 8],[[2, 1], [3, 1], [1, 1], [1, 2], [1, 3], [2, 2]],980,456,998,505
334523,3,55,67,[7, 12, 11, 3, 5, 8],[[2, 1], [3, 1], [1, 1], [1, 2], [1, 3], [2, 2]],979,443,980,496
334572,3,55,67,[7, 12, 11, 3, 5, 8],[[2, 1], [3, 1], [1, 1], [1, 2], [1, 3], [2, 2]],956,462,964,485
334627,3,55,67,[7, 12, 11, 3, 5, 8],[[2, 1], [3, 1], [1, 1], [1, 2], [1, 3], [2, 2]],982,483,962,482
334684,3,55,67,[7, 12, 11, 3, 5, 8],[[2, 1], [3, 1], [1, 1], [1, 2], [1, 3], [2, 2]],968,482,961,475
334738,3,55,67,[7, 12, 11, 3, 5, 8],[[2, 1], [3, 1], [1, 1], [1, 2], [1, 3], [2, 2]],975,474,961,469
334798,3,55,67,[7, 12, 11, 3, 5, 8],[[2, 1], [3, 1], [1, 1], [1, 2], [1, 3], [2, 2]],969,441,961,466
334852,3,55,67,[7, 12, 11, 3, 5, 8],[[2, 1], [3, 1], [1, 1], [1, 2], [1, 3], [2, 2]],985,442,961,461
334912,3,55,67,[7, 12, 11, 3, 5, 8],[[2, 1], [3, 1], [1, 1], [1, 2], [1, 3], [2, 2]],1009,442,961,461
334994,3,55,67,[7, 12, 11, 3, 5, 8],[[2, 1], [3, 1], [1, 1], [1, 2], [1, 3], [2, 2]],1042,440,961,461
335066,3,55,67,[7, 12, 11, 3, 5, 8],[[2, 1], [3, 1], [1, 1], [1, 2], [1, 3], [2, 2]],1047,445,961,465
335134,3,55,67,[7, 12, 11, 3, 5, 8],[[2, 1], [3, 1], [1, 1], [1, 2], [1, 3], [2, 2]],1052,443,961,467
335199,3,55,67,[7, 12, 11, 3, 5, 8],[[2, 1], [3, 1], [1, 1], [1, 2], [1, 3], [2, 2]],1035,446,971,473
335256,3,55,67,[7, 12, 11, 3, 5, 8],[[2, 1], [3, 1], [1, 1], [1, 2], [1, 3], [2, 2]],1043,446,994,474
335323,3,55,67,[7, 12, 11, 3, 5, 8],[[2, 1], [3, 1], [1, 1], [1, 2], [1, 3], [2, 2]],1055,445,1031,471
335386,3,55,67,[7, 12, 11, 3, 5, 8],[[2, 1], [3, 1], [1, 1], [1, 2], [1, 3], [2, 2]],1075,447,1035,468
335454,3,55,67,[7, 12, 11, 3, 5, 8],[[2, 1], [3, 1], [1, 1], [1, 2], [1, 3], [2, 2]],1074,462,1035,468
335518,3,55,67,[7, 12, 11, 3, 5, 8],[[2, 1], [3, 1], [1, 1], [1, 2], [1, 3], [2, 2]],1096,481,1045,462
335576,3,55,67,[7, 12, 11, 3, 5, 8],[[2, 1], [3, 1], [1, 1], [1, 2], [1, 3], [2, 2]],1100,466,1045,462
335639,3,55,67,[7, 12, 11, 3, 5, 8],[[2, 1], [3, 1], [1, 1], [1, 2], [1, 3], [2, 2]],1116,456,1049,458
335707,3,55,67,[7, 12, 11, 3, 5, 8],[[2, 1], [3, 1], [1, 1], [1, 2], [1, 3], [2, 2]],1134,454,1056,457
335775,3,55,67,[7, 12, 11, 3, 5, 8],[[2, 1], [3, 1], [1, 1], [1, 2], [1, 3], [2, 2]],1150,484,1063,468
335827,3,55,67,[7, 12, 11, 3, 5, 8],[[2, 1], [3, 1], [1, 1], [1, 2], [1, 3], [2, 2]],1148,490,1072,480
335875,3,55,67,[7, 12, 11, 3, 5, 8],[[2, 1], [3, 1], [1, 1], [1, 2], [1, 3], [2, 2]],1145,493,1084,479
335924,3,55,67,[7, 12, 11, 3, 5, 8],[[2, 1], [3, 1], [1, 1], [1, 2], [1, 3], [2, 2]],1161,477,1102,472
335977,3,55,67,[7, 12, 11, 3, 5, 8],[[2, 1], [3, 1], [1, 1], [1, 2], [1, 3], [2, 2]],1157,469,1113,467
336030,3,55,67,[7, 12, 11, 3, 5, 8],[[2, 1], [3, 1], [1, 1], [1, 2], [1, 3], [2, 2]],1152,407,1116,467
336083,3,56,43,[7, 12, 11, 3, 1, 4],[[2, 1], [3, 1], [1, 2], [1, 3], [2, 2], [3, 3]],1129,404,1116,467
336137,3,56,43,[7, 12, 11, 3, 1, 4],[[2, 1], [3, 1], [1, 2], [1, 3], [2, 2], [3, 3]],1121,416,1101,470
336191,3,56,43,[7, 12, 11, 3, 1, 4],[[2, 1], [3, 1], [1, 2], [1, 3], [2, 2], [3, 3]],1118,416,1101,470
336246,3,56,43,[7, 12, 11, 3, 1, 4],[[2, 1], [3, 1], [1, 2], [1, 3], [2, 2], [3, 3]],1124,417,1101,470
336303,3,56,43,[7, 12, 11, 3, 1, 4],[[2, 1], [3, 1], [1, 2], [1, 3], [2, 2], [3, 3]],1146,433,1102,469
336366,3,56,43,[7, 12, 11, 3, 1, 4],[[2, 1], [3, 1], [1, 2], [1, 3], [2, 2], [3, 3]],1149,442,1104,462
336421,3,56,43,[7, 12, 11, 3, 1, 4],[[2, 1], [3, 1], [1, 2], [1, 3], [2, 2], [3, 3]],1143,426,1105,456
336478,3,56,43,[7, 12, 11, 3, 1, 4],[[2, 1], [3, 1], [1, 2], [1, 3], [2, 2], [3, 3]],1127,452,1107,443
336531,3,56,43,[7, 12, 11, 3, 1, 4],[[2, 1], [3, 1], [1, 2], [1, 3], [2, 2], [3, 3]],1126,476,1108,438
336585,3,56,43,[7, 12, 11, 3, 1, 4],[[2, 1], [3, 1], [1, 2], [1, 3], [2, 2], [3, 3]],1116,499,1108,433
336640,3,56,43,[7, 12, 11, 3, 1, 4],[[2, 1], [3, 1], [1, 2], [1, 3], [2, 2], [3, 3]],1093,508,1108,432
336693,3,56,43,[7, 12, 11, 3, 1, 4],[[2, 1], [3, 1], [1, 2], [1, 3], [2, 2], [3, 3]],1089,496,1108,432
336767,3,56,43,[7, 12, 11, 3, 1, 4],[[2, 1], [3, 1], [1, 2], [1, 3], [2, 2], [3, 3]],1091,520,1108,432
336844,3,56,43,[7, 12, 11, 3, 1, 4],[[2, 1], [3, 1], [1, 2], [1, 3], [2, 2], [3, 3]],1097,516,1126,456
336913,3,56,43,[7, 12, 11, 3, 1, 4],[[2, 1], [3, 1], [1, 2], [1, 3], [2, 2], [3, 3]],1088,505,1130,471
336983,3,56,43,[7, 12, 11, 3, 1, 4],[[2, 1], [3, 1], [1, 2], [1, 3], [2, 2], [3, 3]],1084,524,1118,478
337067,3,56,43,[7, 12, 11, 3, 1, 4],[[2, 1], [3, 1], [1, 2], [1, 3], [2, 2], [3, 3]],1065,521,1106,488
337126,3,56,43,[7, 12, 11, 3, 1, 4],[[2, 1], [3, 1], [1, 2], [1, 3], [2, 2], [3, 3]],1063,518,1109,492
337197,3,56,43,[7, 12, 11, 3, 1, 4],[[2, 1], [3, 1], [1, 2], [1, 3], [2, 2], [3, 3]],1053,504,1114,496
337267,3,56,43,[7, 12, 11, 3, 1, 4],[[2, 1], [3, 1], [1, 2], [1, 3], [2, 2], [3, 3]],1042,492,1120,498
337346,3,56,43,[7, 12, 11, 3, 1, 4],[[2, 1], [3, 1], [1, 2], [1, 3], [2, 2], [3, 3]],1042,463,1123,504
337408,3,56,43,[7, 12, 11, 3, 1, 4],[[2, 1], [3, 1], [1, 2], [1, 3], [2, 2], [3, 3]],1060,477,1119,506
337483,3,56,43,[7, 12, 11, 3, 1, 4],[[2, 1], [3, 1], [1, 2], [1, 3], [2, 2], [3, 3]],1060,494,1118,506
337536,3,56,43,[7, 12, 11, 3, 1, 4],[[2, 1], [3, 1], [1, 2], [1, 3], [2, 2], [3, 3]],1054,480,1107,506
337597,3,56,43,[7, 12, 11, 3, 1, 4],[[2, 1], [3, 1], [1, 2], [1, 3], [2, 2], [3, 3]],1057,520,1076,491
337660,3,56,43,[7, 12, 11, 3, 1, 4],[[2, 1], [3, 1], [1, 2], [1, 3], [2, 2], [3, 3]],1079,527,1072,475
337721,3,56,43,[7, 12, 11, 3, 1, 4],[[2, 1], [3, 1], [1, 2], [1, 3], [2, 2], [3, 3]],1066,520,1078,471
337794,3,56,43,[7, 12, 11, 3, 1, 4],[[2, 1], [3, 1], [1, 2], [1, 3], [2, 2], [3, 3]],1061,551,1079,470
337855,3,56,43,[7, 12, 11, 3, 1, 4],[[2, 1], [3, 1], [1, 2], [1, 3], [2, 2], [3, 3]],1043,546,1079,470
337904,3,56,43,[7, 12, 11, 3, 1, 4],[[2, 1], [3, 1], [1, 2], [1, 3], [2, 2], [3, 3]],1050,521,1079,470
337963,3,56,43,[7, 12, 11, 3, 1, 4],[[2, 1], [3, 1], [1, 2], [1, 3], [2, 2], [3, 3]],1031,531,1079,470
338017,3,56,43,[7, 12, 11, 3, 1, 4],[[2, 1], [3, 1], [1, 2], [1, 3], [2, 2], [3, 3]],1036,515,1079,475
338074,3,56,43,[7, 12, 11, 3, 1, 4],[[2, 1], [3, 1], [1, 2], [1, 3], [2, 2], [3, 3]],1036,509,1080,490
338129,3,56,43,[7, 12, 11, 3, 1, 4],[[2, 1], [3, 1], [1, 2], [1, 3], [2, 2], [3, 3]],1021,512,1084,505
338182,3,56,43,[7, 12, 11, 3, 1, 4],[[2, 1], [3, 1], [1, 2], [1, 3], [2, 2], [3, 3]],1035,490,1083,512
338240,3,56,43,[7, 12, 11, 3, 1, 4],[[2, 1], [3, 1], [1, 2], [1, 3], [2, 2], [3, 3]],1052,464,1081,515
338304,3,56,43,[7, 12, 11, 3, 1, 4],[[2, 1], [3, 1], [1, 2], [1, 3], [2, 2], [3, 3]],1056,458,1068,518
338373,3,56,43,[7, 12, 11, 3, 1, 4],[[2, 1], [3, 1], [1, 2], [1, 3], [2, 2], [3, 3]],1054,445,1059,518
338432,3,56,43,[7, 12, 11, 3, 1, 4],[[2, 1], [3, 1], [1, 2], [1, 3], [2, 2], [3, 3]],1058,439,1041,517
338491,3,56,43,[7, 12, 11, 3, 1, 4],[[2, 1], [3, 1], [1, 2], [1, 3], [2, 2], [3, 3]],1050,466,1032,515
338553,3,56,43,[7, 12, 11, 3, 1, 4],[[2, 1], [3, 1], [1, 2], [1, 3], [2, 2], [3, 3]],1053,482,1030,508
338611,3,56,43,[7, 12, 11, 3, 1, 4],[[2, 1], [3, 1], [1, 2], [1, 3], [2, 2], [3, 3]],1043,487,1052,485
338670,3,56,43,[7, 12, 11, 3, 1, 4],[[2, 1], [3, 1], [1, 2], [1, 3], [2, 2], [3, 3]],1041,454,1060,478
338726,3,56,43,[7, 12, 11, 3, 1, 4],[[2, 1], [3, 1], [1, 2], [1, 3], [2, 2], [3, 3]],1057,466,1065,463
338778,3,56,43,[7, 12, 11, 3, 1, 4],[[2, 1], [3, 1], [1, 2], [1, 3], [2, 2], [3, 3]],1064,477,1066,458
338831,3,56,43,[7, 12, 11, 3, 1, 4],[[2, 1], [3, 1], [1, 2], [1, 3], [2, 2], [3, 3]],1048,494,1066,458
338903,3,56,43,[7, 12, 11, 3, 1, 4],[[2, 1], [3, 1], [1, 2], [1, 3], [2, 2], [3, 3]],1017,481,1066,445
338973,3,56,43,[7, 12, 11, 3, 1, 4],[[2, 1], [3, 1], [1, 2], [1, 3], [2, 2], [3, 3]],1045,457,1066,441
339042,3,56,43,[7, 12, 11, 3, 1, 4],[[2, 1], [3, 1], [1, 2], [1, 3], [2, 2], [3, 3]],1068,436,1066,441
339106,3,56,43,[7, 12, 11, 3, 1, 4],[[2, 1], [3, 1], [1, 2], [1, 3], [2, 2], [3, 3]],1060,433,1070,452
339173,3,56,43,[7, 12, 11, 3, 1, 4],[[2, 1], [3, 1], [1, 2], [1, 3], [2, 2], [3, 3]],1057,418,1073,469
339253,3,56,43,[7, 12, 11, 3, 1, 4],[[2, 1], [3, 1], [1, 2], [1, 3], [2, 2], [3, 3]],1026,403,1067,476
339327,3,56,43,[7, 12, 11, 3, 1, 4],[[2, 1], [3, 1], [1, 2], [1, 3], [2, 2], [3, 3]],1032,385,1060,478
339397,3,56,43,[7, 12, 11, 3, 1, 4],[[2, 1], [3, 1], [1, 2], [1, 3], [2, 2], [3, 3]],1013,387,1059,472
339457,3,56,43,[7, 12, 11, 3, 1, 4],[[2, 1], [3, 1], [1, 2], [1, 3], [2, 2], [3, 3]],1036,398,1062,463
339528,3,56,43,[7, 12, 11, 3, 1, 4],[[2, 1], [3, 1], [1, 2], [1, 3], [2, 2], [3, 3]],1036,414,1064,449
339586,3,56,43,[7, 12, 11, 3, 1, 4],[[2, 1], [3, 1], [1, 2], [1, 3], [2, 2], [3, 3]],1052,408,1063,447
339658,3,56,43,[7, 12, 11, 3, 1, 4],[[2, 1], [3, 1], [1, 2], [1, 3], [2, 2], [3, 3]],1079,409,1063,447
339754,3,56,43,[7, 12, 11, 3, 1, 4],[[2, 1], [3, 1], [1, 2], [1, 3], [2, 2], [3, 3]],1080,409,1063,447
339815,3,56,43,[7, 12, 11, 3, 1, 4],[[2, 1], [3, 1], [1, 2], [1, 3], [2, 2], [3, 3]],1093,406,1036,445
339866,3,56,43,[7, 12, 11, 3, 1, 4],[[2, 1], [3, 1], [1, 2], [1, 3], [2, 2], [3, 3]],1080,411,962,421
339924,3,56,43,[7, 12, 11, 3, 1, 4],[[2, 1], [3, 1], [1, 2], [1, 3], [2, 2], [3, 3]],1091,409,961,416
339978,3,56,43,[7, 12, 11, 3, 1, 4],[[2, 1], [3, 1], [1, 2], [1, 3], [2, 2], [3, 3]],1071,390,979,406
340030,3,56,43,[7, 12, 11, 3, 1, 4],[[2, 1], [3, 1], [1, 2], [1, 3], [2, 2], [3, 3]],1062,381,1032,406
340080,3,56,43,[7, 12, 11, 3, 1, 4],[[2, 1], [3, 1], [1, 2], [1, 3], [2, 2], [3, 3]],1053,404,1069,408
340134,3,57,15,[7, 12, 11, 3, 5, 8],[[1, 1], [2, 1], [3, 2], [3, 3], [1, 3], [2, 2]],1069,402,1092,422
340198,3,57,15,[7, 12, 11, 3, 5, 8],[[1, 1], [2, 1], [3, 2], [3, 3], [1, 3], [2, 2]],1074,374,1103,427
340248,3,57,15,[7, 12, 11, 3, 5, 8],[[1, 1], [2, 1], [3, 2], [3, 3], [1, 3], [2, 2]],1062,349,1114,425
340315,3,57,15,[7, 12, 11, 3, 5, 8],[[1, 1], [2, 1], [3, 2], [3, 3], [1, 3], [2, 2]],1080,342,1119,403
340369,3,57,15,[7, 12, 11, 3, 5, 8],[[1, 1], [2, 1], [3, 2], [3, 3], [1, 3], [2, 2]],1091,347,1104,380
340438,3,57,15,[7, 12, 11, 3, 5, 8],[[1, 1], [2, 1], [3, 2], [3, 3], [1, 3], [2, 2]],1109,351,1094,376
340497,3,57,15,[7, 12, 11, 3, 5, 8],[[1, 1], [2, 1], [3, 2], [3, 3], [1, 3], [2, 2]],1127,352,1093,376
340551,3,57,15,[7, 12, 11, 3, 5, 8],[[1, 1], [2, 1], [3, 2], [3, 3], [1, 3], [2, 2]],1138,350,1090,376
340603,3,57,15,[7, 12, 11, 3, 5, 8],[[1, 1], [2, 1], [3, 2], [3, 3], [1, 3], [2, 2]],1166,329,1087,377
340657,3,57,15,[7, 12, 11, 3, 5, 8],[[1, 1], [2, 1], [3, 2], [3, 3], [1, 3], [2, 2]],1157,327,1086,377
340712,3,57,15,[7, 12, 11, 3, 5, 8],[[1, 1], [2, 1], [3, 2], [3, 3], [1, 3], [2, 2]],1163,314,1086,377
340772,3,57,15,[7, 12, 11, 3, 5, 8],[[1, 1], [2, 1], [3, 2], [3, 3], [1, 3], [2, 2]],1176,316,1086,377
340860,3,57,15,[7, 12, 11, 3, 5, 8],[[1, 1], [2, 1], [3, 2], [3, 3], [1, 3], [2, 2]],1168,340,1097,385
340937,3,57,15,[7, 12, 11, 3, 5, 8],[[1, 1], [2, 1], [3, 2], [3, 3], [1, 3], [2, 2]],1168,332,1155,412
340998,3,57,15,[7, 12, 11, 3, 5, 8],[[1, 1], [2, 1], [3, 2], [3, 3], [1, 3], [2, 2]],1172,320,1194,388
341082,3,57,15,[7, 12, 11, 3, 5, 8],[[1, 1], [2, 1], [3, 2], [3, 3], [1, 3], [2, 2]],1189,319,1211,354
341151,3,57,15,[7, 12, 11, 3, 5, 8],[[1, 1], [2, 1], [3, 2], [3, 3], [1, 3], [2, 2]],1175,318,1217,344
341216,3,57,15,[7, 12, 11, 3, 5, 8],[[1, 1], [2, 1], [3, 2], [3, 3], [1, 3], [2, 2]],1207,316,1217,343
341290,3,57,15,[7, 12, 11, 3, 5, 8],[[1, 1], [2, 1], [3, 2], [3, 3], [1, 3], [2, 2]],1216,329,1206,329
341346,3,57,15,[7, 12, 11, 3, 5, 8],[[1, 1], [2, 1], [3, 2], [3, 3], [1, 3], [2, 2]],1210,327,1206,328
341415,3,57,15,[7, 12, 11, 3, 5, 8],[[1, 1], [2, 1], [3, 2], [3, 3], [1, 3], [2, 2]],1248,352,1201,329
341471,3,57,15,[7, 12, 11, 3, 5, 8],[[1, 1], [2, 1], [3, 2], [3, 3], [1, 3], [2, 2]],1294,367,1199,332
341540,3,57,15,[7, 12, 11, 3, 5, 8],[[1, 1], [2, 1], [3, 2], [3, 3], [1, 3], [2, 2]],1298,364,1206,336
341595,3,57,15,[7, 12, 11, 3, 5, 8],[[1, 1], [2, 1], [3, 2], [3, 3], [1, 3], [2, 2]],1304,344,1233,341
341668,3,57,15,[7, 12, 11, 3, 5, 8],[[1, 1], [2, 1], [3, 2], [3, 3], [1, 3], [2, 2]],1286,344,1243,355
341727,3,57,15,[7, 12, 11, 3, 5, 8],[[1, 1], [2, 1], [3, 2], [3, 3], [1, 3], [2, 2]],1257,341,1255,376
341795,3,57,15,[7, 12, 11, 3, 5, 8],[[1, 1], [2, 1], [3, 2], [3, 3], [1, 3], [2, 2]],1233,342,1272,386
341867,3,57,15,[7, 12, 11, 3, 5, 8],[[1, 1], [2, 1], [3, 2], [3, 3], [1, 3], [2, 2]],1207,351,1271,388
341921,3,57,15,[7, 12, 11, 3, 5, 8],[[1, 1], [2, 1], [3, 2], [3, 3], [1, 3], [2, 2]],1202,363,1269,389
341979,3,57,15,[7, 12, 11, 3, 5, 8],[[1, 1], [2, 1], [3, 2], [3, 3], [1, 3], [2, 2]],1190,343,1264,388
342033,3,57,15,[7, 12, 11, 3, 5, 8],[[1, 1], [2, 1], [3, 2], [3, 3], [1, 3], [2, 2]],1200,346,1249,374
342095,3,57,15,[7, 12, 11, 3, 5, 8],[[1, 1], [2, 1], [3, 2], [3, 3], [1, 3], [2, 2]],1210,341,1228,342
342149,3,57,15,[7, 12, 11, 3, 5, 8],[[1, 1], [2, 1], [3, 2], [3, 3], [1, 3], [2, 2]],1221,337,1225,340
342211,3,57,15,[7, 12, 11, 3, 5, 8],[[1, 1], [2, 1], [3, 2], [3, 3], [1, 3], [2, 2]],1195,334,1225,345
342260,3,57,15,[7, 12, 11, 3, 5, 8],[[1, 1], [2, 1], [3, 2], [3, 3], [1, 3], [2, 2]],1187,352,1227,348
342319,3,57,15,[7, 12, 11, 3, 5, 8],[[1, 1], [2, 1], [3, 2], [3, 3], [1, 3], [2, 2]],1186,321,1227,353
342372,3,57,15,[7, 12, 11, 3, 5, 8],[[1, 1], [2, 1], [3, 2], [3, 3], [1, 3], [2, 2]],1155,316,1227,353
342426,3,57,15,[7, 12, 11, 3, 5, 8],[[1, 1], [2, 1], [3, 2], [3, 3], [1, 3], [2, 2]],1145,321,1227,353
342479,3,57,15,[7, 12, 11, 3, 5, 8],[[1, 1], [2, 1], [3, 2], [3, 3], [1, 3], [2, 2]],1165,309,1234,359
342533,3,57,15,[7, 12, 11, 3, 5, 8],[[1, 1], [2, 1], [3, 2], [3, 3], [1, 3], [2, 2]],1162,309,1233,363
342591,3,57,15,[7, 12, 11, 3, 5, 8],[[1, 1], [2, 1], [3, 2], [3, 3], [1, 3], [2, 2]],1178,302,1228,368
342650,3,57,15,[7, 12, 11, 3, 5, 8],[[1, 1], [2, 1], [3, 2], [3, 3], [1, 3], [2, 2]],1176,285,1228,368
342703,3,57,15,[7, 12, 11, 3, 5, 8],[[1, 1], [2, 1], [3, 2], [3, 3], [1, 3], [2, 2]],1198,306,1224,370
342755,3,57,15,[7, 12, 11, 3, 5, 8],[[1, 1], [2, 1], [3, 2], [3, 3], [1, 3], [2, 2]],1219,332,1216,370
342806,3,57,15,[7, 12, 11, 3, 5, 8],[[1, 1], [2, 1], [3, 2], [3, 3], [1, 3], [2, 2]],1222,308,1200,362
342863,3,57,15,[7, 12, 11, 3, 5, 8],[[1, 1], [2, 1], [3, 2], [3, 3], [1, 3], [2, 2]],1249,303,1189,341
342933,3,57,15,[7, 12, 11, 3, 5, 8],[[1, 1], [2, 1], [3, 2], [3, 3], [1, 3], [2, 2]],1218,318,1182,331
342991,3,57,15,[7, 12, 11, 3, 5, 8],[[1, 1], [2, 1], [3, 2], [3, 3], [1, 3], [2, 2]],1188,333,1177,319
343054,3,57,15,[7, 12, 11, 3, 5, 8],[[1, 1], [2, 1], [3, 2], [3, 3], [1, 3], [2, 2]],1209,321,1185,323
343120,3,57,15,[7, 12, 11, 3, 5, 8],[[1, 1], [2, 1], [3, 2], [3, 3], [1, 3], [2, 2]],1184,306,1191,328
343192,3,57,15,[7, 12, 11, 3, 5, 8],[[1, 1], [2, 1], [3, 2], [3, 3], [1, 3], [2, 2]],1184,310,1199,331
343250,3,57,15,[7, 12, 11, 3, 5, 8],[[1, 1], [2, 1], [3, 2], [3, 3], [1, 3], [2, 2]],1190,295,1205,335
343316,3,57,15,[7, 12, 11, 3, 5, 8],[[1, 1], [2, 1], [3, 2], [3, 3], [1, 3], [2, 2]],1195,301,1213,342
343379,3,57,15,[7, 12, 11, 3, 5, 8],[[1, 1], [2, 1], [3, 2], [3, 3], [1, 3], [2, 2]],1182,302,1221,345
343451,3,57,15,[7, 12, 11, 3, 5, 8],[[1, 1], [2, 1], [3, 2], [3, 3], [1, 3], [2, 2]],1191,285,1223,346
343512,3,57,15,[7, 12, 11, 3, 5, 8],[[1, 1], [2, 1], [3, 2], [3, 3], [1, 3], [2, 2]],1199,283,1223,346
343574,3,57,15,[7, 12, 11, 3, 5, 8],[[1, 1], [2, 1], [3, 2], [3, 3], [1, 3], [2, 2]],1183,290,1219,346
343645,3,57,15,[7, 12, 11, 3, 5, 8],[[1, 1], [2, 1], [3, 2], [3, 3], [1, 3], [2, 2]],1186,283,1215,346
343716,3,57,15,[7, 12, 11, 3, 5, 8],[[1, 1], [2, 1], [3, 2], [3, 3], [1, 3], [2, 2]],1185,265,1215,346
343781,3,57,15,[7, 12, 11, 3, 5, 8],[[1, 1], [2, 1], [3, 2], [3, 3], [1, 3], [2, 2]],1184,255,1214,338
343843,3,57,15,[7, 12, 11, 3, 5, 8],[[1, 1], [2, 1], [3, 2], [3, 3], [1, 3], [2, 2]],1177,279,1214,305
343904,3,57,15,[7, 12, 11, 3, 5, 8],[[1, 1], [2, 1], [3, 2], [3, 3], [1, 3], [2, 2]],1189,287,1207,290
343962,3,57,15,[7, 12, 11, 3, 5, 8],[[1, 1], [2, 1], [3, 2], [3, 3], [1, 3], [2, 2]],1179,262,1204,256
344017,3,57,15,[7, 12, 11, 3, 5, 8],[[1, 1], [2, 1], [3, 2], [3, 3], [1, 3], [2, 2]],1167,276,1202,222
344073,3,57,15,[7, 12, 11, 3, 5, 8],[[1, 1], [2, 1], [3, 2], [3, 3], [1, 3], [2, 2]],1152,308,1201,196
344132,3,57,15,[7, 12, 11, 3, 5, 8],[[1, 1], [2, 1], [3, 2], [3, 3], [1, 3], [2, 2]],1168,304,1200,192
344194,3,58,31,[7, 12, 11, 3, 1, 4],[[1, 1], [2, 1], [3, 1], [3, 2], [1, 2], [2, 3]],1154,333,1200,187
344248,3,58,31,[7, 12, 11, 3, 1, 4],[[1, 1], [2, 1], [3, 1], [3, 2], [1, 2], [2, 3]],1158,340,1197,209
344310,3,58,31,[7, 12, 11, 3, 1, 4],[[1, 1], [2, 1], [3, 1], [3, 2], [1, 2], [2, 3]],1162,342,1187,279
344365,3,58,31,[7, 12, 11, 3, 1, 4],[[1, 1], [2, 1], [3, 1], [3, 2], [1, 2], [2, 3]],1146,335,1173,318
344417,3,58,31,[7, 12, 11, 3, 1, 4],[[1, 1], [2, 1], [3, 1], [3, 2], [1, 2], [2, 3]],1167,334,1172,342
344466,3,58,31,[7, 12, 11, 3, 1, 4],[[1, 1], [2, 1], [3, 1], [3, 2], [1, 2], [2, 3]],1150,336,1172,346
344520,3,58,31,[7, 12, 11, 3, 1, 4],[[1, 1], [2, 1], [3, 1], [3, 2], [1, 2], [2, 3]],1154,352,1178,367
344578,3,58,31,[7, 12, 11, 3, 1, 4],[[1, 1], [2, 1], [3, 1], [3, 2], [1, 2], [2, 3]],1145,379,1180,375
344632,3,58,31,[7, 12, 11, 3, 1, 4],[[1, 1], [2, 1], [3, 1], [3, 2], [1, 2], [2, 3]],1165,389,1187,375
344681,3,58,31,[7, 12, 11, 3, 1, 4],[[1, 1], [2, 1], [3, 1], [3, 2], [1, 2], [2, 3]],1186,374,1209,361
344731,3,58,31,[7, 12, 11, 3, 1, 4],[[1, 1], [2, 1], [3, 1], [3, 2], [1, 2], [2, 3]],1180,370,1219,343
344791,3,58,31,[7, 12, 11, 3, 1, 4],[[1, 1], [2, 1], [3, 1], [3, 2], [1, 2], [2, 3]],1209,364,1212,337
344847,3,58,31,[7, 12, 11, 3, 1, 4],[[1, 1], [2, 1], [3, 1], [3, 2], [1, 2], [2, 3]],1203,369,1197,334
344922,3,58,31,[7, 12, 11, 3, 1, 4],[[1, 1], [2, 1], [3, 1], [3, 2], [1, 2], [2, 3]],1185,353,1191,338
344999,3,58,31,[7, 12, 11, 3, 1, 4],[[1, 1], [2, 1], [3, 1], [3, 2], [1, 2], [2, 3]],1169,372,1190,351
345058,3,58,31,[7, 12, 11, 3, 1, 4],[[1, 1], [2, 1], [3, 1], [3, 2], [1, 2], [2, 3]],1176,344,1197,355
345130,3,58,31,[7, 12, 11, 3, 1, 4],[[1, 1], [2, 1], [3, 1], [3, 2], [1, 2], [2, 3]],1157,354,1203,358
345190,3,58,31,[7, 12, 11, 3, 1, 4],[[1, 1], [2, 1], [3, 1], [3, 2], [1, 2], [2, 3]],1171,339,1210,362
345247,3,58,31,[7, 12, 11, 3, 1, 4],[[1, 1], [2, 1], [3, 1], [3, 2], [1, 2], [2, 3]],1162,344,1217,367
345307,3,58,31,[7, 12, 11, 3, 1, 4],[[1, 1], [2, 1], [3, 1], [3, 2], [1, 2], [2, 3]],1163,355,1226,373
345387,3,58,31,[7, 12, 11, 3, 1, 4],[[1, 1], [2, 1], [3, 1], [3, 2], [1, 2], [2, 3]],1180,342,1226,373
345450,3,58,31,[7, 12, 11, 3, 1, 4],[[1, 1], [2, 1], [3, 1], [3, 2], [1, 2], [2, 3]],1192,353,1215,376
345505,3,58,31,[7, 12, 11, 3, 1, 4],[[1, 1], [2, 1], [3, 1], [3, 2], [1, 2], [2, 3]],1221,333,1190,371
345572,3,58,31,[7, 12, 11, 3, 1, 4],[[1, 1], [2, 1], [3, 1], [3, 2], [1, 2], [2, 3]],1221,341,1172,365
345629,3,58,31,[7, 12, 11, 3, 1, 4],[[1, 1], [2, 1], [3, 1], [3, 2], [1, 2], [2, 3]],1223,351,1171,365
345705,3,58,31,[7, 12, 11, 3, 1, 4],[[1, 1], [2, 1], [3, 1], [3, 2], [1, 2], [2, 3]],1215,338,1171,365
345792,3,58,31,[7, 12, 11, 3, 1, 4],[[1, 1], [2, 1], [3, 1], [3, 2], [1, 2], [2, 3]],1217,354,1171,365
345866,3,58,31,[7, 12, 11, 3, 1, 4],[[1, 1], [2, 1], [3, 1], [3, 2], [1, 2], [2, 3]],1225,331,1185,358
345924,3,58,31,[7, 12, 11, 3, 1, 4],[[1, 1], [2, 1], [3, 1], [3, 2], [1, 2], [2, 3]],1213,346,1221,362
345985,3,58,31,[7, 12, 11, 3, 1, 4],[[1, 1], [2, 1], [3, 1], [3, 2], [1, 2], [2, 3]],1223,350,1247,364
346038,3,58,31,[7, 12, 11, 3, 1, 4],[[1, 1], [2, 1], [3, 1], [3, 2], [1, 2], [2, 3]],1197,348,1257,360
346091,3,58,31,[7, 12, 11, 3, 1, 4],[[1, 1], [2, 1], [3, 1], [3, 2], [1, 2], [2, 3]],1195,357,1257,360
346150,3,58,31,[7, 12, 11, 3, 1, 4],[[1, 1], [2, 1], [3, 1], [3, 2], [1, 2], [2, 3]],1207,337,1257,360
346213,3,58,31,[7, 12, 11, 3, 1, 4],[[1, 1], [2, 1], [3, 1], [3, 2], [1, 2], [2, 3]],1219,354,1257,360
346267,3,58,31,[7, 12, 11, 3, 1, 4],[[1, 1], [2, 1], [3, 1], [3, 2], [1, 2], [2, 3]],1234,363,1255,359
346320,3,58,31,[7, 12, 11, 3, 1, 4],[[1, 1], [2, 1], [3, 1], [3, 2], [1, 2], [2, 3]],1247,373,1254,359
346373,3,58,31,[7, 12, 11, 3, 1, 4],[[1, 1], [2, 1], [3, 1], [3, 2], [1, 2], [2, 3]],1260,378,1254,358
346422,3,58,31,[7, 12, 11, 3, 1, 4],[[1, 1], [2, 1], [3, 1], [3, 2], [1, 2], [2, 3]],1273,379,1254,358
346480,3,58,31,[7, 12, 11, 3, 1, 4],[[1, 1], [2, 1], [3, 1], [3, 2], [1, 2], [2, 3]],1261,387,1254,358
346529,3,58,31,[7, 12, 11, 3, 1, 4],[[1, 1], [2, 1], [3, 1], [3, 2], [1, 2], [2, 3]],1259,399,1254,358
346582,3,58,31,[7, 12, 11, 3, 1, 4],[[1, 1], [2, 1], [3, 1], [3, 2], [1, 2], [2, 3]],1245,395,1254,358
346636,3,58,31,[7, 12, 11, 3, 1, 4],[[1, 1], [2, 1], [3, 1], [3, 2], [1, 2], [2, 3]],1267,399,1262,375
346689,3,58,31,[7, 12, 11, 3, 1, 4],[[1, 1], [2, 1], [3, 1], [3, 2], [1, 2], [2, 3]],1302,400,1269,386
346739,3,58,31,[7, 12, 11, 3, 1, 4],[[1, 1], [2, 1], [3, 1], [3, 2], [1, 2], [2, 3]],1314,387,1270,388
346801,3,58,31,[7, 12, 11, 3, 1, 4],[[1, 1], [2, 1], [3, 1], [3, 2], [1, 2], [2, 3]],1328,394,1270,388
346858,3,58,31,[7, 12, 11, 3, 1, 4],[[1, 1], [2, 1], [3, 1], [3, 2], [1, 2], [2, 3]],1342,400,1278,391
346918,3,58,31,[7, 12, 11, 3, 1, 4],[[1, 1], [2, 1], [3, 1], [3, 2], [1, 2], [2, 3]],1356,386,1302,401
346987,3,58,31,[7, 12, 11, 3, 1, 4],[[1, 1], [2, 1], [3, 1], [3, 2], [1, 2], [2, 3]],1360,388,1301,404
347067,3,58,31,[7, 12, 11, 3, 1, 4],[[1, 1], [2, 1], [3, 1], [3, 2], [1, 2], [2, 3]],1374,369,1299,408
347139,3,58,31,[7, 12, 11, 3, 1, 4],[[1, 1], [2, 1], [3, 1], [3, 2], [1, 2], [2, 3]],1367,355,1308,410
347197,3,58,31,[7, 12, 11, 3, 1, 4],[[1, 1], [2, 1], [3, 1], [3, 2], [1, 2], [2, 3]],1383,355,1344,405
347255,3,58,31,[7, 12, 11, 3, 1, 4],[[1, 1], [2, 1], [3, 1], [3, 2], [1, 2], [2, 3]],1356,363,1364,395
347307,3,58,31,[7, 12, 11, 3, 1, 4],[[1, 1], [2, 1], [3, 1], [3, 2], [1, 2], [2, 3]],1362,340,1379,389
347365,3,58,31,[7, 12, 11, 3, 1, 4],[[1, 1], [2, 1], [3, 1], [3, 2], [1, 2], [2, 3]],1382,372,1382,387
347423,3,58,31,[7, 12, 11, 3, 1, 4],[[1, 1], [2, 1], [3, 1], [3, 2], [1, 2], [2, 3]],1382,405,1407,360
347485,3,58,31,[7, 12, 11, 3, 1, 4],[[1, 1], [2, 1], [3, 1], [3, 2], [1, 2], [2, 3]],1376,388,1408,356
347557,3,58,31,[7, 12, 11, 3, 1, 4],[[1, 1], [2, 1], [3, 1], [3, 2], [1, 2], [2, 3]],1372,371,1399,350
347621,3,58,31,[7, 12, 11, 3, 1, 4],[[1, 1], [2, 1], [3, 1], [3, 2], [1, 2], [2, 3]],1377,364,1398,350
347679,3,58,31,[7, 12, 11, 3, 1, 4],[[1, 1], [2, 1], [3, 1], [3, 2], [1, 2], [2, 3]],1402,371,1398,349
347742,3,58,31,[7, 12, 11, 3, 1, 4],[[1, 1], [2, 1], [3, 1], [3, 2], [1, 2], [2, 3]],1410,380,1410,359
347821,3,58,31,[7, 12, 11, 3, 1, 4],[[1, 1], [2, 1], [3, 1], [3, 2], [1, 2], [2, 3]],1434,392,1418,397
347878,3,58,31,[7, 12, 11, 3, 1, 4],[[1, 1], [2, 1], [3, 1], [3, 2], [1, 2], [2, 3]],1401,381,1419,401
347939,3,58,31,[7, 12, 11, 3, 1, 4],[[1, 1], [2, 1], [3, 1], [3, 2], [1, 2], [2, 3]],1410,391,1419,401
347992,3,58,31,[7, 12, 11, 3, 1, 4],[[1, 1], [2, 1], [3, 1], [3, 2], [1, 2], [2, 3]],1389,387,1425,401
348044,3,58,31,[7, 12, 11, 3, 1, 4],[[1, 1], [2, 1], [3, 1], [3, 2], [1, 2], [2, 3]],1370,390,1433,403
348098,3,58,31,[7, 12, 11, 3, 1, 4],[[1, 1], [2, 1], [3, 1], [3, 2], [1, 2], [2, 3]],1378,411,1435,409
348157,3,58,31,[7, 12, 11, 3, 1, 4],[[1, 1], [2, 1], [3, 1], [3, 2], [1, 2], [2, 3]],1370,429,1437,410
348214,3,59,144,[9, 6, 11, 3, 5, 8],[[2, 3], [3, 3], [3, 1], [3, 2], [1, 3], [2, 2]],1365,437,1437,410
348277,3,59,144,[9, 6, 11, 3, 5, 8],[[2, 3], [3, 3], [3, 1], [3, 2], [1, 3], [2, 2]],1353,420,1438,416
348335,3,59,144,[9, 6, 11, 3, 5, 8],[[2, 3], [3, 3], [3, 1], [3, 2], [1, 3], [2, 2]],1349,392,1438,416
348389,3,59,144,[9, 6, 11, 3, 5, 8],[[2, 3], [3, 3], [3, 1], [3, 2], [1, 3], [2, 2]],1371,393,1432,413
348437,3,59,144,[9, 6, 11, 3, 5, 8],[[2, 3], [3, 3], [3, 1], [3, 2], [1, 3], [2, 2]],1381,382,1430,413
348490,3,59,144,[9, 6, 11, 3, 5, 8],[[2, 3], [3, 3], [3, 1], [3, 2], [1, 3], [2, 2]],1372,386,1428,413
348548,3,59,144,[9, 6, 11, 3, 5, 8],[[2, 3], [3, 3], [3, 1], [3, 2], [1, 3], [2, 2]],1366,381,1422,421
348603,3,59,144,[9, 6, 11, 3, 5, 8],[[2, 3], [3, 3], [3, 1], [3, 2], [1, 3], [2, 2]],1364,425,1416,428
348660,3,59,144,[9, 6, 11, 3, 5, 8],[[2, 3], [3, 3], [3, 1], [3, 2], [1, 3], [2, 2]],1379,405,1415,428
348709,3,59,144,[9, 6, 11, 3, 5, 8],[[2, 3], [3, 3], [3, 1], [3, 2], [1, 3], [2, 2]],1371,376,1415,428
348762,3,59,144,[9, 6, 11, 3, 5, 8],[[2, 3], [3, 3], [3, 1], [3, 2], [1, 3], [2, 2]],1375,380,1411,426
348815,3,59,144,[9, 6, 11, 3, 5, 8],[[2, 3], [3, 3], [3, 1], [3, 2], [1, 3], [2, 2]],1362,351,1401,419
348869,3,59,144,[9, 6, 11, 3, 5, 8],[[2, 3], [3, 3], [3, 1], [3, 2], [1, 3], [2, 2]],1372,362,1394,399
348922,3,59,144,[9, 6, 11, 3, 5, 8],[[2, 3], [3, 3], [3, 1], [3, 2], [1, 3], [2, 2]],1353,381,1393,393
348974,3,59,144,[9, 6, 11, 3, 5, 8],[[2, 3], [3, 3], [3, 1], [3, 2], [1, 3], [2, 2]],1327,375,1394,394
349025,3,59,144,[9, 6, 11, 3, 5, 8],[[2, 3], [3, 3], [3, 1], [3, 2], [1, 3], [2, 2]],1352,412,1394,394
349088,3,59,144,[9, 6, 11, 3, 5, 8],[[2, 3], [3, 3], [3, 1], [3, 2], [1, 3], [2, 2]],1367,437,1394,394
349138,3,59,144,[9, 6, 11, 3, 5, 8],[[2, 3], [3, 3], [3, 1], [3, 2], [1, 3], [2, 2]],1357,448,1371,377
349196,3,59,144,[9, 6, 11, 3, 5, 8],[[2, 3], [3, 3], [3, 1], [3, 2], [1, 3], [2, 2]],1334,450,1355,364
349246,3,59,144,[9, 6, 11, 3, 5, 8],[[2, 3], [3, 3], [3, 1], [3, 2], [1, 3], [2, 2]],1344,420,1355,364
349312,3,59,144,[9, 6, 11, 3, 5, 8],[[2, 3], [3, 3], [3, 1], [3, 2], [1, 3], [2, 2]],1342,429,1353,366
349371,3,59,144,[9, 6, 11, 3, 5, 8],[[2, 3], [3, 3], [3, 1], [3, 2], [1, 3], [2, 2]],1331,431,1358,390
349432,3,59,144,[9, 6, 11, 3, 5, 8],[[2, 3], [3, 3], [3, 1], [3, 2], [1, 3], [2, 2]],1344,428,1371,414
349499,3,59,144,[9, 6, 11, 3, 5, 8],[[2, 3], [3, 3], [3, 1], [3, 2], [1, 3], [2, 2]],1343,425,1376,432
349563,3,59,144,[9, 6, 11, 3, 5, 8],[[2, 3], [3, 3], [3, 1], [3, 2], [1, 3], [2, 2]],1358,382,1381,448
349631,3,59,144,[9, 6, 11, 3, 5, 8],[[2, 3], [3, 3], [3, 1], [3, 2], [1, 3], [2, 2]],1378,394,1381,477
349709,3,59,144,[9, 6, 11, 3, 5, 8],[[2, 3], [3, 3], [3, 1], [3, 2], [1, 3], [2, 2]],1362,377,1354,509
349769,3,59,144,[9, 6, 11, 3, 5, 8],[[2, 3], [3, 3], [3, 1], [3, 2], [1, 3], [2, 2]],1371,408,1339,523
349832,3,59,144,[9, 6, 11, 3, 5, 8],[[2, 3], [3, 3], [3, 1], [3, 2], [1, 3], [2, 2]],1376,413,1333,527
349910,3,59,144,[9, 6, 11, 3, 5, 8],[[2, 3], [3, 3], [3, 1], [3, 2], [1, 3], [2, 2]],1373,411,1333,527
349964,3,59,144,[9, 6, 11, 3, 5, 8],[[2, 3], [3, 3], [3, 1], [3, 2], [1, 3], [2, 2]],1376,412,1333,524
350013,3,59,144,[9, 6, 11, 3, 5, 8],[[2, 3], [3, 3], [3, 1], [3, 2], [1, 3], [2, 2]],1403,425,1330,483
350067,3,59,144,[9, 6, 11, 3, 5, 8],[[2, 3], [3, 3], [3, 1], [3, 2], [1, 3], [2, 2]],1412,432,1333,460
350124,3,59,144,[9, 6, 11, 3, 5, 8],[[2, 3], [3, 3], [3, 1], [3, 2], [1, 3], [2, 2]],1409,447,1354,447
350182,3,59,144,[9, 6, 11, 3, 5, 8],[[2, 3], [3, 3], [3, 1], [3, 2], [1, 3], [2, 2]],1433,454,1378,453
350241,3,59,144,[9, 6, 11, 3, 5, 8],[[2, 3], [3, 3], [3, 1], [3, 2], [1, 3], [2, 2]],1398,448,1389,454
350295,3,59,144,[9, 6, 11, 3, 5, 8],[[2, 3], [3, 3], [3, 1], [3, 2], [1, 3], [2, 2]],1434,455,1404,452
350344,3,59,144,[9, 6, 11, 3, 5, 8],[[2, 3], [3, 3], [3, 1], [3, 2], [1, 3], [2, 2]],1397,448,1413,457
350393,3,59,144,[9, 6, 11, 3, 5, 8],[[2, 3], [3, 3], [3, 1], [3, 2], [1, 3], [2, 2]],1373,453,1426,486
350456,3,59,144,[9, 6, 11, 3, 5, 8],[[2, 3], [3, 3], [3, 1], [3, 2], [1, 3], [2, 2]],1381,450,1444,512
350524,3,59,144,[9, 6, 11, 3, 5, 8],[[2, 3], [3, 3], [3, 1], [3, 2], [1, 3], [2, 2]],1359,440,1444,512
350578,3,59,144,[9, 6, 11, 3, 5, 8],[[2, 3], [3, 3], [3, 1], [3, 2], [1, 3], [2, 2]],1378,455,1444,507
350644,3,59,144,[9, 6, 11, 3, 5, 8],[[2, 3], [3, 3], [3, 1], [3, 2], [1, 3], [2, 2]],1396,457,1452,469
350702,3,59,144,[9, 6, 11, 3, 5, 8],[[2, 3], [3, 3], [3, 1], [3, 2], [1, 3], [2, 2]],1392,473,1455,465
350768,3,59,144,[9, 6, 11, 3, 5, 8],[[2, 3], [3, 3], [3, 1], [3, 2], [1, 3], [2, 2]],1376,472,1442,458
350836,3,59,144,[9, 6, 11, 3, 5, 8],[[2, 3], [3, 3], [3, 1], [3, 2], [1, 3], [2, 2]],1356,427,1419,441
350900,3,59,144,[9, 6, 11, 3, 5, 8],[[2, 3], [3, 3], [3, 1], [3, 2], [1, 3], [2, 2]],1357,399,1419,440
350960,3,59,144,[9, 6, 11, 3, 5, 8],[[2, 3], [3, 3], [3, 1], [3, 2], [1, 3], [2, 2]],1368,426,1418,440
351012,3,59,144,[9, 6, 11, 3, 5, 8],[[2, 3], [3, 3], [3, 1], [3, 2], [1, 3], [2, 2]],1388,438,1418,446
351087,3,59,144,[9, 6, 11, 3, 5, 8],[[2, 3], [3, 3], [3, 1], [3, 2], [1, 3], [2, 2]],1399,470,1426,457
351165,3,59,144,[9, 6, 11, 3, 5, 8],[[2, 3], [3, 3], [3, 1], [3, 2], [1, 3], [2, 2]],1409,476,1433,464
351228,3,59,144,[9, 6, 11, 3, 5, 8],[[2, 3], [3, 3], [3, 1], [3, 2], [1, 3], [2, 2]],1406,458,1433,475
351301,3,59,144,[9, 6, 11, 3, 5, 8],[[2, 3], [3, 3], [3, 1], [3, 2], [1, 3], [2, 2]],1381,461,1432,490
351363,3,59,144,[9, 6, 11, 3, 5, 8],[[2, 3], [3, 3], [3, 1], [3, 2], [1, 3], [2, 2]],1359,466,1427,501
351422,3,59,144,[9, 6, 11, 3, 5, 8],[[2, 3], [3, 3], [3, 1], [3, 2], [1, 3], [2, 2]],1359,481,1422,509
351497,3,59,144,[9, 6, 11, 3, 5, 8],[[2, 3], [3, 3], [3, 1], [3, 2], [1, 3], [2, 2]],1360,453,1424,515
351576,3,59,144,[9, 6, 11, 3, 5, 8],[[2, 3], [3, 3], [3, 1], [3, 2], [1, 3], [2, 2]],1376,440,1424,515
351640,3,59,144,[9, 6, 11, 3, 5, 8],[[2, 3], [3, 3], [3, 1], [3, 2], [1, 3], [2, 2]],1389,405,1409,492
351705,3,59,144,[9, 6, 11, 3, 5, 8],[[2, 3], [3, 3], [3, 1], [3, 2], [1, 3], [2, 2]],1419,437,1397,468
351776,3,59,144,[9, 6, 11, 3, 5, 8],[[2, 3], [3, 3], [3, 1], [3, 2], [1, 3], [2, 2]],1422,445,1401,453
351832,3,59,144,[9, 6, 11, 3, 5, 8],[[2, 3], [3, 3], [3, 1], [3, 2], [1, 3], [2, 2]],1432,445,1401,452
351893,3,59,144,[9, 6, 11, 3, 5, 8],[[2, 3], [3, 3], [3, 1], [3, 2], [1, 3], [2, 2]],1437,445,1401,438
351946,3,59,144,[9, 6, 11, 3, 5, 8],[[2, 3], [3, 3], [3, 1], [3, 2], [1, 3], [2, 2]],1433,455,1397,425
352003,3,59,144,[9, 6, 11, 3, 5, 8],[[2, 3], [3, 3], [3, 1], [3, 2], [1, 3], [2, 2]],1435,459,1403,426
352059,3,59,144,[9, 6, 11, 3, 5, 8],[[2, 3], [3, 3], [3, 1], [3, 2], [1, 3], [2, 2]],1430,442,1428,443
352112,3,59,144,[9, 6, 11, 3, 5, 8],[[2, 3], [3, 3], [3, 1], [3, 2], [1, 3], [2, 2]],1420,442,1440,451
352161,3,59,144,[9, 6, 11, 3, 5, 8],[[2, 3], [3, 3], [3, 1], [3, 2], [1, 3], [2, 2]],1420,450,1449,463
352219,3,59,144,[9, 6, 11, 3, 5, 8],[[2, 3], [3, 3], [3, 1], [3, 2], [1, 3], [2, 2]],1450,444,1452,466
352273,3,60,97,[7, 12, 10, 2, 5, 8],[[1, 3], [2, 3], [3, 1], [3, 2], [1, 2], [2, 1]],1407,442,1455,482
352326,3,60,97,[7, 12, 10, 2, 5, 8],[[1, 3], [2, 3], [3, 1], [3, 2], [1, 2], [2, 1]],1426,408,1455,488
352379,3,60,97,[7, 12, 10, 2, 5, 8],[[1, 3], [2, 3], [3, 1], [3, 2], [1, 2], [2, 1]],1400,407,1450,492
352432,3,60,97,[7, 12, 10, 2, 5, 8],[[1, 3], [2, 3], [3, 1], [3, 2], [1, 2], [2, 1]],1410,396,1441,492
352481,3,60,97,[7, 12, 10, 2, 5, 8],[[1, 3], [2, 3], [3, 1], [3, 2], [1, 2], [2, 1]],1428,390,1434,489
352535,3,60,97,[7, 12, 10, 2, 5, 8],[[1, 3], [2, 3], [3, 1], [3, 2], [1, 2], [2, 1]],1416,389,1424,481
352589,3,60,97,[7, 12, 10, 2, 5, 8],[[1, 3], [2, 3], [3, 1], [3, 2], [1, 2], [2, 1]],1423,402,1421,479
352651,3,60,97,[7, 12, 10, 2, 5, 8],[[1, 3], [2, 3], [3, 1], [3, 2], [1, 2], [2, 1]],1434,389,1421,478
352716,3,60,97,[7, 12, 10, 2, 5, 8],[[1, 3], [2, 3], [3, 1], [3, 2], [1, 2], [2, 1]],1436,406,1423,467
352778,3,60,97,[7, 12, 10, 2, 5, 8],[[1, 3], [2, 3], [3, 1], [3, 2], [1, 2], [2, 1]],1392,411,1423,441
352843,3,60,97,[7, 12, 10, 2, 5, 8],[[1, 3], [2, 3], [3, 1], [3, 2], [1, 2], [2, 1]],1356,451,1422,433
352910,3,60,97,[7, 12, 10, 2, 5, 8],[[1, 3], [2, 3], [3, 1], [3, 2], [1, 2], [2, 1]],1336,450,1401,407
352970,3,60,97,[7, 12, 10, 2, 5, 8],[[1, 3], [2, 3], [3, 1], [3, 2], [1, 2], [2, 1]],1332,443,1376,379
353047,3,60,97,[7, 12, 10, 2, 5, 8],[[1, 3], [2, 3], [3, 1], [3, 2], [1, 2], [2, 1]],1353,463,1369,371
353105,3,60,97,[7, 12, 10, 2, 5, 8],[[1, 3], [2, 3], [3, 1], [3, 2], [1, 2], [2, 1]],1314,467,1369,389
353166,3,60,97,[7, 12, 10, 2, 5, 8],[[1, 3], [2, 3], [3, 1], [3, 2], [1, 2], [2, 1]],1309,468,1369,409
353234,3,60,97,[7, 12, 10, 2, 5, 8],[[1, 3], [2, 3], [3, 1], [3, 2], [1, 2], [2, 1]],1319,486,1364,421
353300,3,60,97,[7, 12, 10, 2, 5, 8],[[1, 3], [2, 3], [3, 1], [3, 2], [1, 2], [2, 1]],1304,462,1358,430
353367,3,60,97,[7, 12, 10, 2, 5, 8],[[1, 3], [2, 3], [3, 1], [3, 2], [1, 2], [2, 1]],1292,454,1336,448
353426,3,60,97,[7, 12, 10, 2, 5, 8],[[1, 3], [2, 3], [3, 1], [3, 2], [1, 2], [2, 1]],1250,428,1317,459
353510,3,60,97,[7, 12, 10, 2, 5, 8],[[1, 3], [2, 3], [3, 1], [3, 2], [1, 2], [2, 1]],1260,437,1317,459
353568,3,60,97,[7, 12, 10, 2, 5, 8],[[1, 3], [2, 3], [3, 1], [3, 2], [1, 2], [2, 1]],1291,456,1304,467
353618,3,60,97,[7, 12, 10, 2, 5, 8],[[1, 3], [2, 3], [3, 1], [3, 2], [1, 2], [2, 1]],1270,454,1304,467
353673,3,60,97,[7, 12, 10, 2, 5, 8],[[1, 3], [2, 3], [3, 1], [3, 2], [1, 2], [2, 1]],1249,458,1280,464
353742,3,60,97,[7, 12, 10, 2, 5, 8],[[1, 3], [2, 3], [3, 1], [3, 2], [1, 2], [2, 1]],1217,443,1217,426
353816,3,60,97,[7, 12, 10, 2, 5, 8],[[1, 3], [2, 3], [3, 1], [3, 2], [1, 2], [2, 1]],1220,451,1224,429
353882,3,60,97,[7, 12, 10, 2, 5, 8],[[1, 3], [2, 3], [3, 1], [3, 2], [1, 2], [2, 1]],1212,438,1235,436
353945,3,60,97,[7, 12, 10, 2, 5, 8],[[1, 3], [2, 3], [3, 1], [3, 2], [1, 2], [2, 1]],1222,450,1243,445
354005,3,60,97,[7, 12, 10, 2, 5, 8],[[1, 3], [2, 3], [3, 1], [3, 2], [1, 2], [2, 1]],1242,453,1245,455
354061,3,60,97,[7, 12, 10, 2, 5, 8],[[1, 3], [2, 3], [3, 1], [3, 2], [1, 2], [2, 1]],1250,466,1242,460
354113,3,60,97,[7, 12, 10, 2, 5, 8],[[1, 3], [2, 3], [3, 1], [3, 2], [1, 2], [2, 1]],1229,474,1240,462
354171,3,60,97,[7, 12, 10, 2, 5, 8],[[1, 3], [2, 3], [3, 1], [3, 2], [1, 2], [2, 1]],1243,458,1240,462
354229,3,60,97,[7, 12, 10, 2, 5, 8],[[1, 3], [2, 3], [3, 1], [3, 2], [1, 2], [2, 1]],1249,454,1240,462
354286,3,60,97,[7, 12, 10, 2, 5, 8],[[1, 3], [2, 3], [3, 1], [3, 2], [1, 2], [2, 1]],1241,463,1240,462
354345,3,60,97,[7, 12, 10, 2, 5, 8],[[1, 3], [2, 3], [3, 1], [3, 2], [1, 2], [2, 1]],1245,458,1244,463
354412,3,60,97,[7, 12, 10, 2, 5, 8],[[1, 3], [2, 3], [3, 1], [3, 2], [1, 2], [2, 1]],1239,444,1245,464
354469,3,60,97,[7, 12, 10, 2, 5, 8],[[1, 3], [2, 3], [3, 1], [3, 2], [1, 2], [2, 1]],1245,424,1245,466
354526,3,60,97,[7, 12, 10, 2, 5, 8],[[1, 3], [2, 3], [3, 1], [3, 2], [1, 2], [2, 1]],1220,404,1245,466
354593,3,60,97,[7, 12, 10, 2, 5, 8],[[1, 3], [2, 3], [3, 1], [3, 2], [1, 2], [2, 1]],1214,409,1252,477
354652,3,60,97,[7, 12, 10, 2, 5, 8],[[1, 3], [2, 3], [3, 1], [3, 2], [1, 2], [2, 1]],1208,405,1262,488
354709,3,60,97,[7, 12, 10, 2, 5, 8],[[1, 3], [2, 3], [3, 1], [3, 2], [1, 2], [2, 1]],1223,412,1273,501
354762,3,60,97,[7, 12, 10, 2, 5, 8],[[1, 3], [2, 3], [3, 1], [3, 2], [1, 2], [2, 1]],1229,436,1273,499
354815,3,60,97,[7, 12, 10, 2, 5, 8],[[1, 3], [2, 3], [3, 1], [3, 2], [1, 2], [2, 1]],1220,409,1248,480
354868,3,60,97,[7, 12, 10, 2, 5, 8],[[1, 3], [2, 3], [3, 1], [3, 2], [1, 2], [2, 1]],1254,441,1244,476
354916,3,60,97,[7, 12, 10, 2, 5, 8],[[1, 3], [2, 3], [3, 1], [3, 2], [1, 2], [2, 1]],1241,444,1234,473
354986,3,60,97,[7, 12, 10, 2, 5, 8],[[1, 3], [2, 3], [3, 1], [3, 2], [1, 2], [2, 1]],1265,447,1229,470
355060,3,60,97,[7, 12, 10, 2, 5, 8],[[1, 3], [2, 3], [3, 1], [3, 2], [1, 2], [2, 1]],1268,425,1233,475
355133,3,60,97,[7, 12, 10, 2, 5, 8],[[1, 3], [2, 3], [3, 1], [3, 2], [1, 2], [2, 1]],1256,457,1238,490
355189,3,60,97,[7, 12, 10, 2, 5, 8],[[1, 3], [2, 3], [3, 1], [3, 2], [1, 2], [2, 1]],1304,476,1242,494
355260,3,60,97,[7, 12, 10, 2, 5, 8],[[1, 3], [2, 3], [3, 1], [3, 2], [1, 2], [2, 1]],1309,481,1247,502
355330,3,60,97,[7, 12, 10, 2, 5, 8],[[1, 3], [2, 3], [3, 1], [3, 2], [1, 2], [2, 1]],1348,483,1254,505
355425,3,60,97,[7, 12, 10, 2, 5, 8],[[1, 3], [2, 3], [3, 1], [3, 2], [1, 2], [2, 1]],1349,490,1256,505
355481,3,60,97,[7, 12, 10, 2, 5, 8],[[1, 3], [2, 3], [3, 1], [3, 2], [1, 2], [2, 1]],1345,503,1265,520
355551,3,60,97,[7, 12, 10, 2, 5, 8],[[1, 3], [2, 3], [3, 1], [3, 2], [1, 2], [2, 1]],1334,501,1289,537
355614,3,60,97,[7, 12, 10, 2, 5, 8],[[1, 3], [2, 3], [3, 1], [3, 2], [1, 2], [2, 1]],1345,497,1306,534
355677,3,60,97,[7, 12, 10, 2, 5, 8],[[1, 3], [2, 3], [3, 1], [3, 2], [1, 2], [2, 1]],1339,481,1350,520
355736,3,60,97,[7, 12, 10, 2, 5, 8],[[1, 3], [2, 3], [3, 1], [3, 2], [1, 2], [2, 1]],1341,481,1388,519
355795,3,60,97,[7, 12, 10, 2, 5, 8],[[1, 3], [2, 3], [3, 1], [3, 2], [1, 2], [2, 1]],1353,477,1394,521
355869,3,60,97,[7, 12, 10, 2, 5, 8],[[1, 3], [2, 3], [3, 1], [3, 2], [1, 2], [2, 1]],1341,472,1401,524
355936,3,60,97,[7, 12, 10, 2, 5, 8],[[1, 3], [2, 3], [3, 1], [3, 2], [1, 2], [2, 1]],1331,460,1444,524
355989,3,60,97,[7, 12, 10, 2, 5, 8],[[1, 3], [2, 3], [3, 1], [3, 2], [1, 2], [2, 1]],1334,472,1444,526
356041,3,60,97,[7, 12, 10, 2, 5, 8],[[1, 3], [2, 3], [3, 1], [3, 2], [1, 2], [2, 1]],1370,470,1405,528
356099,3,60,97,[7, 12, 10, 2, 5, 8],[[1, 3], [2, 3], [3, 1], [3, 2], [1, 2], [2, 1]],1376,444,1394,528
356147,3,60,97,[7, 12, 10, 2, 5, 8],[[1, 3], [2, 3], [3, 1], [3, 2], [1, 2], [2, 1]],1378,465,1394,528
356210,3,60,97,[7, 12, 10, 2, 5, 8],[[1, 3], [2, 3], [3, 1], [3, 2], [1, 2], [2, 1]],1355,464,1394,528
356267,3,60,97,[7, 12, 10, 2, 5, 8],[[1, 3], [2, 3], [3, 1], [3, 2], [1, 2], [2, 1]],1366,446,1394,528
356334,3,61,18,[9, 6, 10, 2, 5, 8],[[1, 1], [2, 1], [3, 2], [3, 3], [2, 2], [3, 1]],1377,462,1394,528
356388,3,61,18,[9, 6, 10, 2, 5, 8],[[1, 1], [2, 1], [3, 2], [3, 3], [2, 2], [3, 1]],1368,486,1394,526
356436,3,61,18,[9, 6, 10, 2, 5, 8],[[1, 1], [2, 1], [3, 2], [3, 3], [2, 2], [3, 1]],1388,476,1394,514
356488,3,61,18,[9, 6, 10, 2, 5, 8],[[1, 1], [2, 1], [3, 2], [3, 3], [2, 2], [3, 1]],1393,484,1397,482
356542,3,61,18,[9, 6, 10, 2, 5, 8],[[1, 1], [2, 1], [3, 2], [3, 3], [2, 2], [3, 1]],1397,501,1390,446
356595,3,61,18,[9, 6, 10, 2, 5, 8],[[1, 1], [2, 1], [3, 2], [3, 3], [2, 2], [3, 1]],1389,516,1381,440
356653,3,61,18,[9, 6, 10, 2, 5, 8],[[1, 1], [2, 1], [3, 2], [3, 3], [2, 2], [3, 1]],1369,495,1374,429
356716,3,61,18,[9, 6, 10, 2, 5, 8],[[1, 1], [2, 1], [3, 2], [3, 3], [2, 2], [3, 1]],1409,480,1374,430
356776,3,61,18,[9, 6, 10, 2, 5, 8],[[1, 1], [2, 1], [3, 2], [3, 3], [2, 2], [3, 1]],1400,492,1376,500
356835,3,61,18,[9, 6, 10, 2, 5, 8],[[1, 1], [2, 1], [3, 2], [3, 3], [2, 2], [3, 1]],1371,511,1376,557
356894,3,61,18,[9, 6, 10, 2, 5, 8],[[1, 1], [2, 1], [3, 2], [3, 3], [2, 2], [3, 1]],1367,476,1350,603
356961,3,61,18,[9, 6, 10, 2, 5, 8],[[1, 1], [2, 1], [3, 2], [3, 3], [2, 2], [3, 1]],1373,489,1338,617
357025,3,61,18,[9, 6, 10, 2, 5, 8],[[1, 1], [2, 1], [3, 2], [3, 3], [2, 2], [3, 1]],1366,485,1338,621
357082,3,61,18,[9, 6, 10, 2, 5, 8],[[1, 1], [2, 1], [3, 2], [3, 3], [2, 2], [3, 1]],1364,452,1339,621
357148,3,61,18,[9, 6, 10, 2, 5, 8],[[1, 1], [2, 1], [3, 2], [3, 3], [2, 2], [3, 1]],1358,441,1371,596
357201,3,61,18,[9, 6, 10, 2, 5, 8],[[1, 1], [2, 1], [3, 2], [3, 3], [2, 2], [3, 1]],1379,433,1395,561
357288,3,61,18,[9, 6, 10, 2, 5, 8],[[1, 1], [2, 1], [3, 2], [3, 3], [2, 2], [3, 1]],1379,416,1395,560
357358,3,61,18,[9, 6, 10, 2, 5, 8],[[1, 1], [2, 1], [3, 2], [3, 3], [2, 2], [3, 1]],1354,432,1398,550
357419,3,61,18,[9, 6, 10, 2, 5, 8],[[1, 1], [2, 1], [3, 2], [3, 3], [2, 2], [3, 1]],1357,445,1400,547
357473,3,61,18,[9, 6, 10, 2, 5, 8],[[1, 1], [2, 1], [3, 2], [3, 3], [2, 2], [3, 1]],1358,439,1405,528
357545,3,61,18,[9, 6, 10, 2, 5, 8],[[1, 1], [2, 1], [3, 2], [3, 3], [2, 2], [3, 1]],1346,438,1406,519
357607,3,61,18,[9, 6, 10, 2, 5, 8],[[1, 1], [2, 1], [3, 2], [3, 3], [2, 2], [3, 1]],1358,434,1408,511
357669,3,61,18,[9, 6, 10, 2, 5, 8],[[1, 1], [2, 1], [3, 2], [3, 3], [2, 2], [3, 1]],1343,438,1409,509
357730,3,61,18,[9, 6, 10, 2, 5, 8],[[1, 1], [2, 1], [3, 2], [3, 3], [2, 2], [3, 1]],1384,455,1414,522
357790,3,61,18,[9, 6, 10, 2, 5, 8],[[1, 1], [2, 1], [3, 2], [3, 3], [2, 2], [3, 1]],1381,438,1414,538
357861,3,61,18,[9, 6, 10, 2, 5, 8],[[1, 1], [2, 1], [3, 2], [3, 3], [2, 2], [3, 1]],1364,420,1407,553
357932,3,61,18,[9, 6, 10, 2, 5, 8],[[1, 1], [2, 1], [3, 2], [3, 3], [2, 2], [3, 1]],1384,444,1406,553
357988,3,61,18,[9, 6, 10, 2, 5, 8],[[1, 1], [2, 1], [3, 2], [3, 3], [2, 2], [3, 1]],1410,430,1398,547
358036,3,61,18,[9, 6, 10, 2, 5, 8],[[1, 1], [2, 1], [3, 2], [3, 3], [2, 2], [3, 1]],1425,459,1390,528
358089,3,61,18,[9, 6, 10, 2, 5, 8],[[1, 1], [2, 1], [3, 2], [3, 3], [2, 2], [3, 1]],1412,471,1391,500
358141,3,61,18,[9, 6, 10, 2, 5, 8],[[1, 1], [2, 1], [3, 2], [3, 3], [2, 2], [3, 1]],1418,454,1392,485
358194,3,61,18,[9, 6, 10, 2, 5, 8],[[1, 1], [2, 1], [3, 2], [3, 3], [2, 2], [3, 1]],1397,450,1390,472
358247,3,61,18,[9, 6, 10, 2, 5, 8],[[1, 1], [2, 1], [3, 2], [3, 3], [2, 2], [3, 1]],1402,444,1390,449
358296,3,61,18,[9, 6, 10, 2, 5, 8],[[1, 1], [2, 1], [3, 2], [3, 3], [2, 2], [3, 1]],1407,431,1403,429
358353,3,61,18,[9, 6, 10, 2, 5, 8],[[1, 1], [2, 1], [3, 2], [3, 3], [2, 2], [3, 1]],1426,424,1440,460
358406,3,61,18,[9, 6, 10, 2, 5, 8],[[1, 1], [2, 1], [3, 2], [3, 3], [2, 2], [3, 1]],1424,424,1454,498
358459,3,61,18,[9, 6, 10, 2, 5, 8],[[1, 1], [2, 1], [3, 2], [3, 3], [2, 2], [3, 1]],1431,417,1454,512
358512,3,61,18,[9, 6, 10, 2, 5, 8],[[1, 1], [2, 1], [3, 2], [3, 3], [2, 2], [3, 1]],1433,431,1450,515
358566,3,61,18,[9, 6, 10, 2, 5, 8],[[1, 1], [2, 1], [3, 2], [3, 3], [2, 2], [3, 1]],1420,437,1450,515
358614,3,61,18,[9, 6, 10, 2, 5, 8],[[1, 1], [2, 1], [3, 2], [3, 3], [2, 2], [3, 1]],1450,448,1450,515
358667,3,61,18,[9, 6, 10, 2, 5, 8],[[1, 1], [2, 1], [3, 2], [3, 3], [2, 2], [3, 1]],1396,436,1450,515
358716,3,61,18,[9, 6, 10, 2, 5, 8],[[1, 1], [2, 1], [3, 2], [3, 3], [2, 2], [3, 1]],1399,430,1453,485
358769,3,61,18,[9, 6, 10, 2, 5, 8],[[1, 1], [2, 1], [3, 2], [3, 3], [2, 2], [3, 1]],1401,412,1453,465
358832,3,61,18,[9, 6, 10, 2, 5, 8],[[1, 1], [2, 1], [3, 2], [3, 3], [2, 2], [3, 1]],1399,385,1441,448
358884,3,61,18,[9, 6, 10, 2, 5, 8],[[1, 1], [2, 1], [3, 2], [3, 3], [2, 2], [3, 1]],1403,414,1438,445
358938,3,61,18,[9, 6, 10, 2, 5, 8],[[1, 1], [2, 1], [3, 2], [3, 3], [2, 2], [3, 1]],1402,422,1447,462
358994,3,61,18,[9, 6, 10, 2, 5, 8],[[1, 1], [2, 1], [3, 2], [3, 3], [2, 2], [3, 1]],1399,418,1457,481
359054,3,61,18,[9, 6, 10, 2, 5, 8],[[1, 1], [2, 1], [3, 2], [3, 3], [2, 2], [3, 1]],1391,382,1457,483
359122,3,61,18,[9, 6, 10, 2, 5, 8],[[1, 1], [2, 1], [3, 2], [3, 3], [2, 2], [3, 1]],1412,389,1423,459
359172,3,61,18,[9, 6, 10, 2, 5, 8],[[1, 1], [2, 1], [3, 2], [3, 3], [2, 2], [3, 1]],1378,393,1400,425
359237,3,61,18,[9, 6, 10, 2, 5, 8],[[1, 1], [2, 1], [3, 2], [3, 3], [2, 2], [3, 1]],1396,386,1396,417
359299,3,61,18,[9, 6, 10, 2, 5, 8],[[1, 1], [2, 1], [3, 2], [3, 3], [2, 2], [3, 1]],1406,401,1396,417
359373,3,61,18,[9, 6, 10, 2, 5, 8],[[1, 1], [2, 1], [3, 2], [3, 3], [2, 2], [3, 1]],1416,414,1397,405
359444,3,61,18,[9, 6, 10, 2, 5, 8],[[1, 1], [2, 1], [3, 2], [3, 3], [2, 2], [3, 1]],1435,416,1397,390
359500,3,61,18,[9, 6, 10, 2, 5, 8],[[1, 1], [2, 1], [3, 2], [3, 3], [2, 2], [3, 1]],1394,400,1410,391
359566,3,61,18,[9, 6, 10, 2, 5, 8],[[1, 1], [2, 1], [3, 2], [3, 3], [2, 2], [3, 1]],1385,407,1418,392
359638,3,61,18,[9, 6, 10, 2, 5, 8],[[1, 1], [2, 1], [3, 2], [3, 3], [2, 2], [3, 1]],1397,418,1419,392
359699,3,61,18,[9, 6, 10, 2, 5, 8],[[1, 1], [2, 1], [3, 2], [3, 3], [2, 2], [3, 1]],1408,418,1410,374
359767,3,61,18,[9, 6, 10, 2, 5, 8],[[1, 1], [2, 1], [3, 2], [3, 3], [2, 2], [3, 1]],1404,429,1405,361
359844,3,61,18,[9, 6, 10, 2, 5, 8],[[1, 1], [2, 1], [3, 2], [3, 3], [2, 2], [3, 1]],1386,447,1409,361
359906,3,61,18,[9, 6, 10, 2, 5, 8],[[1, 1], [2, 1], [3, 2], [3, 3], [2, 2], [3, 1]],1408,472,1440,389
359966,3,61,18,[9, 6, 10, 2, 5, 8],[[1, 1], [2, 1], [3, 2], [3, 3], [2, 2], [3, 1]],1407,466,1444,400
360024,3,61,18,[9, 6, 10, 2, 5, 8],[[1, 1], [2, 1], [3, 2], [3, 3], [2, 2], [3, 1]],1417,481,1444,420
360082,3,61,18,[9, 6, 10, 2, 5, 8],[[1, 1], [2, 1], [3, 2], [3, 3], [2, 2], [3, 1]],1394,484,1444,422
360136,3,61,18,[9, 6, 10, 2, 5, 8],[[1, 1], [2, 1], [3, 2], [3, 3], [2, 2], [3, 1]],1410,439,1444,434
360191,3,61,18,[9, 6, 10, 2, 5, 8],[[1, 1], [2, 1], [3, 2], [3, 3], [2, 2], [3, 1]],1385,448,1445,450
360248,3,61,18,[9, 6, 10, 2, 5, 8],[[1, 1], [2, 1], [3, 2], [3, 3], [2, 2], [3, 1]],1367,469,1450,470
360311,3,61,18,[9, 6, 10, 2, 5, 8],[[1, 1], [2, 1], [3, 2], [3, 3], [2, 2], [3, 1]],1361,484,1449,476
360363,3,61,18,[9, 6, 10, 2, 5, 8],[[1, 1], [2, 1], [3, 2], [3, 3], [2, 2], [3, 1]],1366,502,1441,479
360411,3,62,47,[7, 12, 11, 3, 1, 4],[[2, 1], [3, 1], [1, 2], [1, 3], [2, 2], [3, 3]],1378,521,1433,479
360466,3,62,47,[7, 12, 11, 3, 1, 4],[[2, 1], [3, 1], [1, 2], [1, 3], [2, 2], [3, 3]],1360,518,1423,472
360529,3,62,47,[7, 12, 11, 3, 1, 4],[[2, 1], [3, 1], [1, 2], [1, 3], [2, 2], [3, 3]],1368,500,1417,463
360609,3,62,47,[7, 12, 11, 3, 1, 4],[[2, 1], [3, 1], [1, 2], [1, 3], [2, 2], [3, 3]],1360,514,1412,458
360694,3,62,47,[7, 12, 11, 3, 1, 4],[[2, 1], [3, 1], [1, 2], [1, 3], [2, 2], [3, 3]],1364,483,1405,454
360753,3,62,47,[7, 12, 11, 3, 1, 4],[[2, 1], [3, 1], [1, 2], [1, 3], [2, 2], [3, 3]],1372,496,1400,464
360817,3,62,47,[7, 12, 11, 3, 1, 4],[[2, 1], [3, 1], [1, 2], [1, 3], [2, 2], [3, 3]],1370,492,1398,483
360881,3,62,47,[7, 12, 11, 3, 1, 4],[[2, 1], [3, 1], [1, 2], [1, 3], [2, 2], [3, 3]],1344,508,1398,490
360943,3,62,47,[7, 12, 11, 3, 1, 4],[[2, 1], [3, 1], [1, 2], [1, 3], [2, 2], [3, 3]],1342,516,1377,519
361009,3,62,47,[7, 12, 11, 3, 1, 4],[[2, 1], [3, 1], [1, 2], [1, 3], [2, 2], [3, 3]],1326,516,1358,533
361072,3,62,47,[7, 12, 11, 3, 1, 4],[[2, 1], [3, 1], [1, 2], [1, 3], [2, 2], [3, 3]],1304,505,1358,534
361165,3,62,47,[7, 12, 11, 3, 1, 4],[[2, 1], [3, 1], [1, 2], [1, 3], [2, 2], [3, 3]],1299,500,1345,526
361229,3,62,47,[7, 12, 11, 3, 1, 4],[[2, 1], [3, 1], [1, 2], [1, 3], [2, 2], [3, 3]],1251,513,1348,497
361294,3,62,47,[7, 12, 11, 3, 1, 4],[[2, 1], [3, 1], [1, 2], [1, 3], [2, 2], [3, 3]],1261,524,1377,478
361356,3,62,47,[7, 12, 11, 3, 1, 4],[[2, 1], [3, 1], [1, 2], [1, 3], [2, 2], [3, 3]],1249,498,1399,464
361416,3,62,47,[7, 12, 11, 3, 1, 4],[[2, 1], [3, 1], [1, 2], [1, 3], [2, 2], [3, 3]],1255,515,1400,461
361477,3,62,47,[7, 12, 11, 3, 1, 4],[[2, 1], [3, 1], [1, 2], [1, 3], [2, 2], [3, 3]],1276,531,1397,452
361539,3,62,47,[7, 12, 11, 3, 1, 4],[[2, 1], [3, 1], [1, 2], [1, 3], [2, 2], [3, 3]],1251,521,1360,450
361600,3,62,47,[7, 12, 11, 3, 1, 4],[[2, 1], [3, 1], [1, 2], [1, 3], [2, 2], [3, 3]],1256,514,1294,458
361666,3,62,47,[7, 12, 11, 3, 1, 4],[[2, 1], [3, 1], [1, 2], [1, 3], [2, 2], [3, 3]],1261,510,1270,472
361726,3,62,47,[7, 12, 11, 3, 1, 4],[[2, 1], [3, 1], [1, 2], [1, 3], [2, 2], [3, 3]],1264,517,1257,489
361796,3,62,47,[7, 12, 11, 3, 1, 4],[[2, 1], [3, 1], [1, 2], [1, 3], [2, 2], [3, 3]],1255,482,1246,505
361859,3,62,47,[7, 12, 11, 3, 1, 4],[[2, 1], [3, 1], [1, 2], [1, 3], [2, 2], [3, 3]],1252,438,1248,520
361924,3,62,47,[7, 12, 11, 3, 1, 4],[[2, 1], [3, 1], [1, 2], [1, 3], [2, 2], [3, 3]],1232,417,1248,534
361982,3,62,47,[7, 12, 11, 3, 1, 4],[[2, 1], [3, 1], [1, 2], [1, 3], [2, 2], [3, 3]],1289,415,1243,540
362041,3,62,47,[7, 12, 11, 3, 1, 4],[[2, 1], [3, 1], [1, 2], [1, 3], [2, 2], [3, 3]],1277,406,1234,540
362100,3,62,47,[7, 12, 11, 3, 1, 4],[[2, 1], [3, 1], [1, 2], [1, 3], [2, 2], [3, 3]],1256,432,1226,524
362155,3,62,47,[7, 12, 11, 3, 1, 4],[[2, 1], [3, 1], [1, 2], [1, 3], [2, 2], [3, 3]],1222,430,1231,491
362207,3,62,47,[7, 12, 11, 3, 1, 4],[[2, 1], [3, 1], [1, 2], [1, 3], [2, 2], [3, 3]],1224,427,1249,463
362261,3,62,47,[7, 12, 11, 3, 1, 4],[[2, 1], [3, 1], [1, 2], [1, 3], [2, 2], [3, 3]],1244,434,1263,461
362325,3,62,47,[7, 12, 11, 3, 1, 4],[[2, 1], [3, 1], [1, 2], [1, 3], [2, 2], [3, 3]],1236,416,1307,460
362378,3,62,47,[7, 12, 11, 3, 1, 4],[[2, 1], [3, 1], [1, 2], [1, 3], [2, 2], [3, 3]],1233,423,1327,476
362432,3,62,47,[7, 12, 11, 3, 1, 4],[[2, 1], [3, 1], [1, 2], [1, 3], [2, 2], [3, 3]],1232,426,1334,495
362490,3,62,47,[7, 12, 11, 3, 1, 4],[[2, 1], [3, 1], [1, 2], [1, 3], [2, 2], [3, 3]],1240,415,1334,516
362539,3,62,47,[7, 12, 11, 3, 1, 4],[[2, 1], [3, 1], [1, 2], [1, 3], [2, 2], [3, 3]],1216,412,1333,521
362597,3,62,47,[7, 12, 11, 3, 1, 4],[[2, 1], [3, 1], [1, 2], [1, 3], [2, 2], [3, 3]],1196,401,1329,524
362655,3,62,47,[7, 12, 11, 3, 1, 4],[[2, 1], [3, 1], [1, 2], [1, 3], [2, 2], [3, 3]],1206,389,1309,517
362709,3,62,47,[7, 12, 11, 3, 1, 4],[[2, 1], [3, 1], [1, 2], [1, 3], [2, 2], [3, 3]],1193,385,1270,489
362771,3,62,47,[7, 12, 11, 3, 1, 4],[[2, 1], [3, 1], [1, 2], [1, 3], [2, 2], [3, 3]],1203,404,1260,467
362836,3,62,47,[7, 12, 11, 3, 1, 4],[[2, 1], [3, 1], [1, 2], [1, 3], [2, 2], [3, 3]],1231,432,1261,445
362906,3,62,47,[7, 12, 11, 3, 1, 4],[[2, 1], [3, 1], [1, 2], [1, 3], [2, 2], [3, 3]],1223,440,1262,438
362988,3,62,47,[7, 12, 11, 3, 1, 4],[[2, 1], [3, 1], [1, 2], [1, 3], [2, 2], [3, 3]],1206,443,1225,410
363040,3,62,47,[7, 12, 11, 3, 1, 4],[[2, 1], [3, 1], [1, 2], [1, 3], [2, 2], [3, 3]],1196,413,1199,359
363092,3,62,47,[7, 12, 11, 3, 1, 4],[[2, 1], [3, 1], [1, 2], [1, 3], [2, 2], [3, 3]],1194,409,1193,350
363163,3,62,47,[7, 12, 11, 3, 1, 4],[[2, 1], [3, 1], [1, 2], [1, 3], [2, 2], [3, 3]],1202,375,1193,328
363235,3,62,47,[7, 12, 11, 3, 1, 4],[[2, 1], [3, 1], [1, 2], [1, 3], [2, 2], [3, 3]],1244,390,1193,324
363304,3,62,47,[7, 12, 11, 3, 1, 4],[[2, 1], [3, 1], [1, 2], [1, 3], [2, 2], [3, 3]],1226,382,1193,324
363364,3,62,47,[7, 12, 11, 3, 1, 4],[[2, 1], [3, 1], [1, 2], [1, 3], [2, 2], [3, 3]],1195,360,1223,326
363425,3,62,47,[7, 12, 11, 3, 1, 4],[[2, 1], [3, 1], [1, 2], [1, 3], [2, 2], [3, 3]],1185,359,1238,339
363492,3,62,47,[7, 12, 11, 3, 1, 4],[[2, 1], [3, 1], [1, 2], [1, 3], [2, 2], [3, 3]],1155,346,1238,354
363557,3,62,47,[7, 12, 11, 3, 1, 4],[[2, 1], [3, 1], [1, 2], [1, 3], [2, 2], [3, 3]],1145,350,1244,384
363623,3,62,47,[7, 12, 11, 3, 1, 4],[[2, 1], [3, 1], [1, 2], [1, 3], [2, 2], [3, 3]],1160,353,1250,401
363689,3,62,47,[7, 12, 11, 3, 1, 4],[[2, 1], [3, 1], [1, 2], [1, 3], [2, 2], [3, 3]],1162,367,1257,425
363749,3,62,47,[7, 12, 11, 3, 1, 4],[[2, 1], [3, 1], [1, 2], [1, 3], [2, 2], [3, 3]],1161,337,1265,446
363820,3,62,47,[7, 12, 11, 3, 1, 4],[[2, 1], [3, 1], [1, 2], [1, 3], [2, 2], [3, 3]],1172,336,1276,456
363894,3,62,47,[7, 12, 11, 3, 1, 4],[[2, 1], [3, 1], [1, 2], [1, 3], [2, 2], [3, 3]],1154,366,1299,461
363956,3,62,47,[7, 12, 11, 3, 1, 4],[[2, 1], [3, 1], [1, 2], [1, 3], [2, 2], [3, 3]],1153,394,1300,461
364014,3,62,47,[7, 12, 11, 3, 1, 4],[[2, 1], [3, 1], [1, 2], [1, 3], [2, 2], [3, 3]],1169,403,1279,452
364066,3,62,47,[7, 12, 11, 3, 1, 4],[[2, 1], [3, 1], [1, 2], [1, 3], [2, 2], [3, 3]],1132,409,1197,413
364124,3,62,47,[7, 12, 11, 3, 1, 4],[[2, 1], [3, 1], [1, 2], [1, 3], [2, 2], [3, 3]],1117,400,1159,391
364183,3,62,47,[7, 12, 11, 3, 1, 4],[[2, 1], [3, 1], [1, 2], [1, 3], [2, 2], [3, 3]],1133,386,1115,366
364237,3,62,47,[7, 12, 11, 3, 1, 4],[[2, 1], [3, 1], [1, 2], [1, 3], [2, 2], [3, 3]],1163,387,1104,365
364290,3,62,47,[7, 12, 11, 3, 1, 4],[[2, 1], [3, 1], [1, 2], [1, 3], [2, 2], [3, 3]],1147,400,1092,377
364344,3,62,47,[7, 12, 11, 3, 1, 4],[[2, 1], [3, 1], [1, 2], [1, 3], [2, 2], [3, 3]],1165,390,1084,392
364397,3,62,47,[7, 12, 11, 3, 1, 4],[[2, 1], [3, 1], [1, 2], [1, 3], [2, 2], [3, 3]],1180,384,1076,399
364455,3,63,40,[9, 6, 11, 3, 5, 8],[[2, 1], [3, 1], [1, 2], [1, 3], [2, 3], [3, 2]],1162,380,1046,400
364509,3,63,40,[9, 6, 11, 3, 5, 8],[[2, 1], [3, 1], [1, 2], [1, 3], [2, 3], [3, 2]],1152,388,1029,400
364567,3,63,40,[9, 6, 11, 3, 5, 8],[[2, 1], [3, 1], [1, 2], [1, 3], [2, 3], [3, 2]],1132,403,1028,409
364626,3,63,40,[9, 6, 11, 3, 5, 8],[[2, 1], [3, 1], [1, 2], [1, 3], [2, 3], [3, 2]],1121,430,1038,413
364685,3,63,40,[9, 6, 11, 3, 5, 8],[[2, 1], [3, 1], [1, 2], [1, 3], [2, 3], [3, 2]],1096,444,1096,416
364737,3,63,40,[9, 6, 11, 3, 5, 8],[[2, 1], [3, 1], [1, 2], [1, 3], [2, 3], [3, 2]],1097,435,1138,411
364791,3,63,40,[9, 6, 11, 3, 5, 8],[[2, 1], [3, 1], [1, 2], [1, 3], [2, 3], [3, 2]],1100,442,1176,411
364840,3,63,40,[9, 6, 11, 3, 5, 8],[[2, 1], [3, 1], [1, 2], [1, 3], [2, 3], [3, 2]],1102,458,1194,407
364893,3,63,40,[9, 6, 11, 3, 5, 8],[[2, 1], [3, 1], [1, 2], [1, 3], [2, 3], [3, 2]],1111,451,1196,404
364956,3,63,40,[9, 6, 11, 3, 5, 8],[[2, 1], [3, 1], [1, 2], [1, 3], [2, 3], [3, 2]],1124,424,1222,383
365026,3,63,40,[9, 6, 11, 3, 5, 8],[[2, 1], [3, 1], [1, 2], [1, 3], [2, 3], [3, 2]],1119,439,1224,382
365098,3,63,40,[9, 6, 11, 3, 5, 8],[[2, 1], [3, 1], [1, 2], [1, 3], [2, 3], [3, 2]],1124,449,1226,412
365154,3,63,40,[9, 6, 11, 3, 5, 8],[[2, 1], [3, 1], [1, 2], [1, 3], [2, 3], [3, 2]],1128,423,1203,463
365211,3,63,40,[9, 6, 11, 3, 5, 8],[[2, 1], [3, 1], [1, 2], [1, 3], [2, 3], [3, 2]],1126,423,1176,473
365270,3,63,40,[9, 6, 11, 3, 5, 8],[[2, 1], [3, 1], [1, 2], [1, 3], [2, 3], [3, 2]],1101,431,1115,455
365335,3,63,40,[9, 6, 11, 3, 5, 8],[[2, 1], [3, 1], [1, 2], [1, 3], [2, 3], [3, 2]],1101,428,1073,432
365396,3,63,40,[9, 6, 11, 3, 5, 8],[[2, 1], [3, 1], [1, 2], [1, 3], [2, 3], [3, 2]],1081,433,1054,414
365457,3,63,40,[9, 6, 11, 3, 5, 8],[[2, 1], [3, 1], [1, 2], [1, 3], [2, 3], [3, 2]],1095,449,1040,368
365527,3,63,40,[9, 6, 11, 3, 5, 8],[[2, 1], [3, 1], [1, 2], [1, 3], [2, 3], [3, 2]],1101,478,1040,367
365590,3,63,40,[9, 6, 11, 3, 5, 8],[[2, 1], [3, 1], [1, 2], [1, 3], [2, 3], [3, 2]],1085,503,1047,339
365650,3,63,40,[9, 6, 11, 3, 5, 8],[[2, 1], [3, 1], [1, 2], [1, 3], [2, 3], [3, 2]],1130,515,1069,295
365714,3,63,40,[9, 6, 11, 3, 5, 8],[[2, 1], [3, 1], [1, 2], [1, 3], [2, 3], [3, 2]],1106,500,1087,267
365770,3,63,40,[9, 6, 11, 3, 5, 8],[[2, 1], [3, 1], [1, 2], [1, 3], [2, 3], [3, 2]],1129,512,1111,260
365848,3,63,40,[9, 6, 11, 3, 5, 8],[[2, 1], [3, 1], [1, 2], [1, 3], [2, 3], [3, 2]],1146,509,1162,272
365920,3,63,40,[9, 6, 11, 3, 5, 8],[[2, 1], [3, 1], [1, 2], [1, 3], [2, 3], [3, 2]],1139,499,1201,309
365982,3,63,40,[9, 6, 11, 3, 5, 8],[[2, 1], [3, 1], [1, 2], [1, 3], [2, 3], [3, 2]],1119,492,1199,353
366037,3,63,40,[9, 6, 11, 3, 5, 8],[[2, 1], [3, 1], [1, 2], [1, 3], [2, 3], [3, 2]],1150,502,1175,380
366095,3,63,40,[9, 6, 11, 3, 5, 8],[[2, 1], [3, 1], [1, 2], [1, 3], [2, 3], [3, 2]],1146,499,1155,412
366155,3,63,40,[9, 6, 11, 3, 5, 8],[[2, 1], [3, 1], [1, 2], [1, 3], [2, 3], [3, 2]],1142,534,1144,440
366211,3,63,40,[9, 6, 11, 3, 5, 8],[[2, 1], [3, 1], [1, 2], [1, 3], [2, 3], [3, 2]],1121,516,1140,452
366274,3,63,40,[9, 6, 11, 3, 5, 8],[[2, 1], [3, 1], [1, 2], [1, 3], [2, 3], [3, 2]],1120,533,1124,469
366328,3,63,40,[9, 6, 11, 3, 5, 8],[[2, 1], [3, 1], [1, 2], [1, 3], [2, 3], [3, 2]],1136,545,1126,476
366382,3,63,40,[9, 6, 11, 3, 5, 8],[[2, 1], [3, 1], [1, 2], [1, 3], [2, 3], [3, 2]],1141,549,1136,498
366439,3,63,40,[9, 6, 11, 3, 5, 8],[[2, 1], [3, 1], [1, 2], [1, 3], [2, 3], [3, 2]],1160,535,1151,516
366489,3,63,40,[9, 6, 11, 3, 5, 8],[[2, 1], [3, 1], [1, 2], [1, 3], [2, 3], [3, 2]],1163,525,1156,520
366536,3,63,40,[9, 6, 11, 3, 5, 8],[[2, 1], [3, 1], [1, 2], [1, 3], [2, 3], [3, 2]],1183,513,1157,524
366590,3,63,40,[9, 6, 11, 3, 5, 8],[[2, 1], [3, 1], [1, 2], [1, 3], [2, 3], [3, 2]],1177,538,1156,528
366644,3,63,40,[9, 6, 11, 3, 5, 8],[[2, 1], [3, 1], [1, 2], [1, 3], [2, 3], [3, 2]],1177,539,1153,535
366706,3,63,40,[9, 6, 11, 3, 5, 8],[[2, 1], [3, 1], [1, 2], [1, 3], [2, 3], [3, 2]],1194,534,1156,544
366779,3,63,40,[9, 6, 11, 3, 5, 8],[[2, 1], [3, 1], [1, 2], [1, 3], [2, 3], [3, 2]],1190,561,1188,557
366840,3,63,40,[9, 6, 11, 3, 5, 8],[[2, 1], [3, 1], [1, 2], [1, 3], [2, 3], [3, 2]],1160,561,1231,553
366907,3,63,40,[9, 6, 11, 3, 5, 8],[[2, 1], [3, 1], [1, 2], [1, 3], [2, 3], [3, 2]],1148,567,1239,558
366963,3,63,40,[9, 6, 11, 3, 5, 8],[[2, 1], [3, 1], [1, 2], [1, 3], [2, 3], [3, 2]],1123,549,1241,574
367027,3,63,40,[9, 6, 11, 3, 5, 8],[[2, 1], [3, 1], [1, 2], [1, 3], [2, 3], [3, 2]],1120,525,1246,574
367088,3,63,40,[9, 6, 11, 3, 5, 8],[[2, 1], [3, 1], [1, 2], [1, 3], [2, 3], [3, 2]],1109,540,1278,575
367142,3,63,40,[9, 6, 11, 3, 5, 8],[[2, 1], [3, 1], [1, 2], [1, 3], [2, 3], [3, 2]],1105,517,1290,575
367206,3,63,40,[9, 6, 11, 3, 5, 8],[[2, 1], [3, 1], [1, 2], [1, 3], [2, 3], [3, 2]],1100,527,1289,566
367265,3,63,40,[9, 6, 11, 3, 5, 8],[[2, 1], [3, 1], [1, 2], [1, 3], [2, 3], [3, 2]],1119,516,1270,553
367342,3,63,40,[9, 6, 11, 3, 5, 8],[[2, 1], [3, 1], [1, 2], [1, 3], [2, 3], [3, 2]],1116,503,1242,528
367415,3,63,40,[9, 6, 11, 3, 5, 8],[[2, 1], [3, 1], [1, 2], [1, 3], [2, 3], [3, 2]],1130,501,1209,514
367485,3,63,40,[9, 6, 11, 3, 5, 8],[[2, 1], [3, 1], [1, 2], [1, 3], [2, 3], [3, 2]],1116,487,1161,497
367543,3,63,40,[9, 6, 11, 3, 5, 8],[[2, 1], [3, 1], [1, 2], [1, 3], [2, 3], [3, 2]],1120,492,1144,493
367600,3,63,40,[9, 6, 11, 3, 5, 8],[[2, 1], [3, 1], [1, 2], [1, 3], [2, 3], [3, 2]],1115,470,1139,493
367654,3,63,40,[9, 6, 11, 3, 5, 8],[[2, 1], [3, 1], [1, 2], [1, 3], [2, 3], [3, 2]],1137,493,1127,505
367721,3,63,40,[9, 6, 11, 3, 5, 8],[[2, 1], [3, 1], [1, 2], [1, 3], [2, 3], [3, 2]],1115,463,1122,510
367783,3,63,40,[9, 6, 11, 3, 5, 8],[[2, 1], [3, 1], [1, 2], [1, 3], [2, 3], [3, 2]],1085,452,1112,508
367844,3,63,40,[9, 6, 11, 3, 5, 8],[[2, 1], [3, 1], [1, 2], [1, 3], [2, 3], [3, 2]],1116,451,1108,506
367900,3,63,40,[9, 6, 11, 3, 5, 8],[[2, 1], [3, 1], [1, 2], [1, 3], [2, 3], [3, 2]],1106,449,1108,506
367967,3,63,40,[9, 6, 11, 3, 5, 8],[[2, 1], [3, 1], [1, 2], [1, 3], [2, 3], [3, 2]],1122,455,1129,515
368029,3,63,40,[9, 6, 11, 3, 5, 8],[[2, 1], [3, 1], [1, 2], [1, 3], [2, 3], [3, 2]],1126,452,1143,521
368087,3,63,40,[9, 6, 11, 3, 5, 8],[[2, 1], [3, 1], [1, 2], [1, 3], [2, 3], [3, 2]],1149,471,1127,500
368146,3,63,40,[9, 6, 11, 3, 5, 8],[[2, 1], [3, 1], [1, 2], [1, 3], [2, 3], [3, 2]],1154,453,1025,429
368200,3,63,40,[9, 6, 11, 3, 5, 8],[[2, 1], [3, 1], [1, 2], [1, 3], [2, 3], [3, 2]],1126,457,1005,396
368257,3,63,40,[9, 6, 11, 3, 5, 8],[[2, 1], [3, 1], [1, 2], [1, 3], [2, 3], [3, 2]],1099,441,993,378
368309,3,63,40,[9, 6, 11, 3, 5, 8],[[2, 1], [3, 1], [1, 2], [1, 3], [2, 3], [3, 2]],1126,454,1023,375
368362,3,63,40,[9, 6, 11, 3, 5, 8],[[2, 1], [3, 1], [1, 2], [1, 3], [2, 3], [3, 2]],1109,438,1075,394
368420,3,63,40,[9, 6, 11, 3, 5, 8],[[2, 1], [3, 1], [1, 2], [1, 3], [2, 3], [3, 2]],1108,443,1135,444
368468,3,63,40,[9, 6, 11, 3, 5, 8],[[2, 1], [3, 1], [1, 2], [1, 3], [2, 3], [3, 2]],1105,419,1142,448
368526,3,64,27,[7, 12, 11, 3, 5, 8],[[1, 1], [2, 1], [3, 1], [3, 2], [1, 3], [2, 2]],1121,428,1153,445
368579,3,64,27,[7, 12, 11, 3, 5, 8],[[1, 1], [2, 1], [3, 1], [3, 2], [1, 3], [2, 2]],1125,430,1177,436
368637,3,64,27,[7, 12, 11, 3, 5, 8],[[1, 1], [2, 1], [3, 1], [3, 2], [1, 3], [2, 2]],1148,429,1187,436
368690,3,64,27,[7, 12, 11, 3, 5, 8],[[1, 1], [2, 1], [3, 1], [3, 2], [1, 3], [2, 2]],1123,429,1188,436
368742,3,64,27,[7, 12, 11, 3, 5, 8],[[1, 1], [2, 1], [3, 1], [3, 2], [1, 3], [2, 2]],1124,431,1180,400
368790,3,64,27,[7, 12, 11, 3, 5, 8],[[1, 1], [2, 1], [3, 1], [3, 2], [1, 3], [2, 2]],1129,412,1175,385
368843,3,64,27,[7, 12, 11, 3, 5, 8],[[1, 1], [2, 1], [3, 1], [3, 2], [1, 3], [2, 2]],1116,400,1168,380
368897,3,64,27,[7, 12, 11, 3, 5, 8],[[1, 1], [2, 1], [3, 1], [3, 2], [1, 3], [2, 2]],1109,412,1167,379
368957,3,64,27,[7, 12, 11, 3, 5, 8],[[1, 1], [2, 1], [3, 1], [3, 2], [1, 3], [2, 2]],1123,416,1115,388
369021,3,64,27,[7, 12, 11, 3, 5, 8],[[1, 1], [2, 1], [3, 1], [3, 2], [1, 3], [2, 2]],1124,410,1064,428
369072,3,64,27,[7, 12, 11, 3, 5, 8],[[1, 1], [2, 1], [3, 1], [3, 2], [1, 3], [2, 2]],1121,419,1081,467
369128,3,64,27,[7, 12, 11, 3, 5, 8],[[1, 1], [2, 1], [3, 1], [3, 2], [1, 3], [2, 2]],1125,425,1122,489
369185,3,64,27,[7, 12, 11, 3, 5, 8],[[1, 1], [2, 1], [3, 1], [3, 2], [1, 3], [2, 2]],1107,428,1182,502
369238,3,64,27,[7, 12, 11, 3, 5, 8],[[1, 1], [2, 1], [3, 1], [3, 2], [1, 3], [2, 2]],1103,434,1190,502
369310,3,64,27,[7, 12, 11, 3, 5, 8],[[1, 1], [2, 1], [3, 1], [3, 2], [1, 3], [2, 2]],1097,436,1190,502
369371,3,64,27,[7, 12, 11, 3, 5, 8],[[1, 1], [2, 1], [3, 1], [3, 2], [1, 3], [2, 2]],1115,422,1170,473
369434,3,64,27,[7, 12, 11, 3, 5, 8],[[1, 1], [2, 1], [3, 1], [3, 2], [1, 3], [2, 2]],1139,411,1129,421
369502,3,64,27,[7, 12, 11, 3, 5, 8],[[1, 1], [2, 1], [3, 1], [3, 2], [1, 3], [2, 2]],1147,402,1103,408
369572,3,64,27,[7, 12, 11, 3, 5, 8],[[1, 1], [2, 1], [3, 1], [3, 2], [1, 3], [2, 2]],1132,421,1050,423
369634,3,64,27,[7, 12, 11, 3, 5, 8],[[1, 1], [2, 1], [3, 1], [3, 2], [1, 3], [2, 2]],1129,405,1032,446
369696,3,64,27,[7, 12, 11, 3, 5, 8],[[1, 1], [2, 1], [3, 1], [3, 2], [1, 3], [2, 2]],1111,375,1022,468
369768,3,64,27,[7, 12, 11, 3, 5, 8],[[1, 1], [2, 1], [3, 1], [3, 2], [1, 3], [2, 2]],1088,363,1046,479
369822,3,64,27,[7, 12, 11, 3, 5, 8],[[1, 1], [2, 1], [3, 1], [3, 2], [1, 3], [2, 2]],1066,355,1077,483
369901,3,64,27,[7, 12, 11, 3, 5, 8],[[1, 1], [2, 1], [3, 1], [3, 2], [1, 3], [2, 2]],1055,360,1094,470
369982,3,64,27,[7, 12, 11, 3, 5, 8],[[1, 1], [2, 1], [3, 1], [3, 2], [1, 3], [2, 2]],1043,354,1116,455
370048,3,64,27,[7, 12, 11, 3, 5, 8],[[1, 1], [2, 1], [3, 1], [3, 2], [1, 3], [2, 2]],1042,349,1137,438
370107,3,64,27,[7, 12, 11, 3, 5, 8],[[1, 1], [2, 1], [3, 1], [3, 2], [1, 3], [2, 2]],1016,365,1139,421
370161,3,64,27,[7, 12, 11, 3, 5, 8],[[1, 1], [2, 1], [3, 1], [3, 2], [1, 3], [2, 2]],1022,367,1118,406
370223,3,64,27,[7, 12, 11, 3, 5, 8],[[1, 1], [2, 1], [3, 1], [3, 2], [1, 3], [2, 2]],1009,361,1100,398
370291,3,64,27,[7, 12, 11, 3, 5, 8],[[1, 1], [2, 1], [3, 1], [3, 2], [1, 3], [2, 2]],1029,374,1100,398
370349,3,64,27,[7, 12, 11, 3, 5, 8],[[1, 1], [2, 1], [3, 1], [3, 2], [1, 3], [2, 2]],1036,399,1100,398
370403,3,64,27,[7, 12, 11, 3, 5, 8],[[1, 1], [2, 1], [3, 1], [3, 2], [1, 3], [2, 2]],1064,427,1096,396
370455,3,64,27,[7, 12, 11, 3, 5, 8],[[1, 1], [2, 1], [3, 1], [3, 2], [1, 3], [2, 2]],1071,418,1061,393
370508,3,64,27,[7, 12, 11, 3, 5, 8],[[1, 1], [2, 1], [3, 1], [3, 2], [1, 3], [2, 2]],1090,427,1051,392
370566,3,64,27,[7, 12, 11, 3, 5, 8],[[1, 1], [2, 1], [3, 1], [3, 2], [1, 3], [2, 2]],1072,404,1048,392
370619,3,64,27,[7, 12, 11, 3, 5, 8],[[1, 1], [2, 1], [3, 1], [3, 2], [1, 3], [2, 2]],1077,414,1044,393
370672,3,64,27,[7, 12, 11, 3, 5, 8],[[1, 1], [2, 1], [3, 1], [3, 2], [1, 3], [2, 2]],1080,405,1048,409
370724,3,64,27,[7, 12, 11, 3, 5, 8],[[1, 1], [2, 1], [3, 1], [3, 2], [1, 3], [2, 2]],1066,400,1068,423
370778,3,64,27,[7, 12, 11, 3, 5, 8],[[1, 1], [2, 1], [3, 1], [3, 2], [1, 3], [2, 2]],1086,430,1092,432
370840,3,64,27,[7, 12, 11, 3, 5, 8],[[1, 1], [2, 1], [3, 1], [3, 2], [1, 3], [2, 2]],1092,425,1106,433
370900,3,64,27,[7, 12, 11, 3, 5, 8],[[1, 1], [2, 1], [3, 1], [3, 2], [1, 3], [2, 2]],1112,395,1108,434
370956,3,64,27,[7, 12, 11, 3, 5, 8],[[1, 1], [2, 1], [3, 1], [3, 2], [1, 3], [2, 2]],1139,404,1108,434
371035,3,64,27,[7, 12, 11, 3, 5, 8],[[1, 1], [2, 1], [3, 1], [3, 2], [1, 3], [2, 2]],1115,403,1108,434
371094,3,64,27,[7, 12, 11, 3, 5, 8],[[1, 1], [2, 1], [3, 1], [3, 2], [1, 3], [2, 2]],1125,394,1088,444
371188,3,64,27,[7, 12, 11, 3, 5, 8],[[1, 1], [2, 1], [3, 1], [3, 2], [1, 3], [2, 2]],1130,394,1077,453
371247,3,64,27,[7, 12, 11, 3, 5, 8],[[1, 1], [2, 1], [3, 1], [3, 2], [1, 3], [2, 2]],1139,423,1077,453
371305,3,64,27,[7, 12, 11, 3, 5, 8],[[1, 1], [2, 1], [3, 1], [3, 2], [1, 3], [2, 2]],1133,420,1092,451
371389,3,64,27,[7, 12, 11, 3, 5, 8],[[1, 1], [2, 1], [3, 1], [3, 2], [1, 3], [2, 2]],1136,431,1132,445
371445,3,64,27,[7, 12, 11, 3, 5, 8],[[1, 1], [2, 1], [3, 1], [3, 2], [1, 3], [2, 2]],1135,442,1148,432
371496,3,64,27,[7, 12, 11, 3, 5, 8],[[1, 1], [2, 1], [3, 1], [3, 2], [1, 3], [2, 2]],1159,458,1153,400
371560,3,64,27,[7, 12, 11, 3, 5, 8],[[1, 1], [2, 1], [3, 1], [3, 2], [1, 3], [2, 2]],1135,482,1153,359
371623,3,64,27,[7, 12, 11, 3, 5, 8],[[1, 1], [2, 1], [3, 1], [3, 2], [1, 3], [2, 2]],1170,461,1138,349
371682,3,64,27,[7, 12, 11, 3, 5, 8],[[1, 1], [2, 1], [3, 1], [3, 2], [1, 3], [2, 2]],1182,461,1125,360
371755,3,64,27,[7, 12, 11, 3, 5, 8],[[1, 1], [2, 1], [3, 1], [3, 2], [1, 3], [2, 2]],1193,460,1108,403
371825,3,64,27,[7, 12, 11, 3, 5, 8],[[1, 1], [2, 1], [3, 1], [3, 2], [1, 3], [2, 2]],1202,439,1114,420
371878,3,64,27,[7, 12, 11, 3, 5, 8],[[1, 1], [2, 1], [3, 1], [3, 2], [1, 3], [2, 2]],1206,458,1118,443
371957,3,64,27,[7, 12, 11, 3, 5, 8],[[1, 1], [2, 1], [3, 1], [3, 2], [1, 3], [2, 2]],1220,451,1122,464
372015,3,64,27,[7, 12, 11, 3, 5, 8],[[1, 1], [2, 1], [3, 1], [3, 2], [1, 3], [2, 2]],1243,461,1148,490
372073,3,64,27,[7, 12, 11, 3, 5, 8],[[1, 1], [2, 1], [3, 1], [3, 2], [1, 3], [2, 2]],1246,430,1181,494
372127,3,64,27,[7, 12, 11, 3, 5, 8],[[1, 1], [2, 1], [3, 1], [3, 2], [1, 3], [2, 2]],1259,408,1198,488
372185,3,64,27,[7, 12, 11, 3, 5, 8],[[1, 1], [2, 1], [3, 1], [3, 2], [1, 3], [2, 2]],1258,431,1207,488
372241,3,64,27,[7, 12, 11, 3, 5, 8],[[1, 1], [2, 1], [3, 1], [3, 2], [1, 3], [2, 2]],1261,425,1263,486
372289,3,64,27,[7, 12, 11, 3, 5, 8],[[1, 1], [2, 1], [3, 1], [3, 2], [1, 3], [2, 2]],1265,419,1286,486
372337,3,64,27,[7, 12, 11, 3, 5, 8],[[1, 1], [2, 1], [3, 1], [3, 2], [1, 3], [2, 2]],1269,426,1294,484
372390,3,64,27,[7, 12, 11, 3, 5, 8],[[1, 1], [2, 1], [3, 1], [3, 2], [1, 3], [2, 2]],1260,416,1305,460
372444,3,64,27,[7, 12, 11, 3, 5, 8],[[1, 1], [2, 1], [3, 1], [3, 2], [1, 3], [2, 2]],1259,437,1313,422
372497,3,64,27,[7, 12, 11, 3, 5, 8],[[1, 1], [2, 1], [3, 1], [3, 2], [1, 3], [2, 2]],1250,438,1312,420
372549,3,64,27,[7, 12, 11, 3, 5, 8],[[1, 1], [2, 1], [3, 1], [3, 2], [1, 3], [2, 2]],1270,419,1291,419
372607,3,65,76,[9, 6, 11, 3, 5, 8],[[1, 3], [2, 3], [1, 1], [1, 2], [2, 2], [3, 1]],1297,410,1278,416
372671,3,65,76,[9, 6, 11, 3, 5, 8],[[1, 3], [2, 3], [1, 1], [1, 2], [2, 2], [3, 1]],1287,408,1264,413
372729,3,65,76,[9, 6, 11, 3, 5, 8],[[1, 3], [2, 3], [1, 1], [1, 2], [2, 2], [3, 1]],1293,386,1263,412
372786,3,65,76,[9, 6, 11, 3, 5, 8],[[1, 3], [2, 3], [1, 1], [1, 2], [2, 2], [3, 1]],1310,407,1260,407
372855,3,65,76,[9, 6, 11, 3, 5, 8],[[1, 3], [2, 3], [1, 1], [1, 2], [2, 2], [3, 1]],1292,401,1278,415
372913,3,65,76,[9, 6, 11, 3, 5, 8],[[1, 3], [2, 3], [1, 1], [1, 2], [2, 2], [3, 1]],1293,420,1279,416
372986,3,65,76,[9, 6, 11, 3, 5, 8],[[1, 3], [2, 3], [1, 1], [1, 2], [2, 2], [3, 1]],1304,416,1276,437
373060,3,65,76,[9, 6, 11, 3, 5, 8],[[1, 3], [2, 3], [1, 1], [1, 2], [2, 2], [3, 1]],1342,408,1285,439
373136,3,65,76,[9, 6, 11, 3, 5, 8],[[1, 3], [2, 3], [1, 1], [1, 2], [2, 2], [3, 1]],1348,410,1379,392
373215,3,65,76,[9, 6, 11, 3, 5, 8],[[1, 3], [2, 3], [1, 1], [1, 2], [2, 2], [3, 1]],1358,365,1385,387
373284,3,65,76,[9, 6, 11, 3, 5, 8],[[1, 3], [2, 3], [1, 1], [1, 2], [2, 2], [3, 1]],1351,349,1371,387
373338,3,65,76,[9, 6, 11, 3, 5, 8],[[1, 3], [2, 3], [1, 1], [1, 2], [2, 2], [3, 1]],1360,370,1339,407
373398,3,65,76,[9, 6, 11, 3, 5, 8],[[1, 3], [2, 3], [1, 1], [1, 2], [2, 2], [3, 1]],1363,380,1325,419
373468,3,65,76,[9, 6, 11, 3, 5, 8],[[1, 3], [2, 3], [1, 1], [1, 2], [2, 2], [3, 1]],1373,363,1295,451
373527,3,65,76,[9, 6, 11, 3, 5, 8],[[1, 3], [2, 3], [1, 1], [1, 2], [2, 2], [3, 1]],1384,383,1283,467
373601,3,65,76,[9, 6, 11, 3, 5, 8],[[1, 3], [2, 3], [1, 1], [1, 2], [2, 2], [3, 1]],1385,398,1285,477
373664,3,65,76,[9, 6, 11, 3, 5, 8],[[1, 3], [2, 3], [1, 1], [1, 2], [2, 2], [3, 1]],1394,397,1285,466
373720,3,65,76,[9, 6, 11, 3, 5, 8],[[1, 3], [2, 3], [1, 1], [1, 2], [2, 2], [3, 1]],1358,414,1277,398
373795,3,65,76,[9, 6, 11, 3, 5, 8],[[1, 3], [2, 3], [1, 1], [1, 2], [2, 2], [3, 1]],1349,402,1302,331
373865,3,65,76,[9, 6, 11, 3, 5, 8],[[1, 3], [2, 3], [1, 1], [1, 2], [2, 2], [3, 1]],1355,383,1327,301
373937,3,65,76,[9, 6, 11, 3, 5, 8],[[1, 3], [2, 3], [1, 1], [1, 2], [2, 2], [3, 1]],1352,353,1361,271
374010,3,65,76,[9, 6, 11, 3, 5, 8],[[1, 3], [2, 3], [1, 1], [1, 2], [2, 2], [3, 1]],1319,331,1373,290
374067,3,65,76,[9, 6, 11, 3, 5, 8],[[1, 3], [2, 3], [1, 1], [1, 2], [2, 2], [3, 1]],1338,344,1383,390
374124,3,65,76,[9, 6, 11, 3, 5, 8],[[1, 3], [2, 3], [1, 1], [1, 2], [2, 2], [3, 1]],1346,346,1386,408
374183,3,65,76,[9, 6, 11, 3, 5, 8],[[1, 3], [2, 3], [1, 1], [1, 2], [2, 2], [3, 1]],1349,346,1386,409
374236,3,65,76,[9, 6, 11, 3, 5, 8],[[1, 3], [2, 3], [1, 1], [1, 2], [2, 2], [3, 1]],1352,334,1382,411
374297,3,65,76,[9, 6, 11, 3, 5, 8],[[1, 3], [2, 3], [1, 1], [1, 2], [2, 2], [3, 1]],1339,312,1388,437
374355,3,65,76,[9, 6, 11, 3, 5, 8],[[1, 3], [2, 3], [1, 1], [1, 2], [2, 2], [3, 1]],1374,327,1389,438
374413,3,65,76,[9, 6, 11, 3, 5, 8],[[1, 3], [2, 3], [1, 1], [1, 2], [2, 2], [3, 1]],1381,320,1393,397
374477,3,65,76,[9, 6, 11, 3, 5, 8],[[1, 3], [2, 3], [1, 1], [1, 2], [2, 2], [3, 1]],1371,304,1386,393
374535,3,65,76,[9, 6, 11, 3, 5, 8],[[1, 3], [2, 3], [1, 1], [1, 2], [2, 2], [3, 1]],1355,308,1354,372
374594,3,65,76,[9, 6, 11, 3, 5, 8],[[1, 3], [2, 3], [1, 1], [1, 2], [2, 2], [3, 1]],1337,323,1325,323
374653,3,65,76,[9, 6, 11, 3, 5, 8],[[1, 3], [2, 3], [1, 1], [1, 2], [2, 2], [3, 1]],1355,328,1317,307
374708,3,65,76,[9, 6, 11, 3, 5, 8],[[1, 3], [2, 3], [1, 1], [1, 2], [2, 2], [3, 1]],1340,293,1316,306
374769,3,65,76,[9, 6, 11, 3, 5, 8],[[1, 3], [2, 3], [1, 1], [1, 2], [2, 2], [3, 1]],1329,283,1324,310
374835,3,65,76,[9, 6, 11, 3, 5, 8],[[1, 3], [2, 3], [1, 1], [1, 2], [2, 2], [3, 1]],1329,295,1328,318
374899,3,65,76,[9, 6, 11, 3, 5, 8],[[1, 3], [2, 3], [1, 1], [1, 2], [2, 2], [3, 1]],1362,280,1319,348
374954,3,65,76,[9, 6, 11, 3, 5, 8],[[1, 3], [2, 3], [1, 1], [1, 2], [2, 2], [3, 1]],1369,272,1313,370
375028,3,65,76,[9, 6, 11, 3, 5, 8],[[1, 3], [2, 3], [1, 1], [1, 2], [2, 2], [3, 1]],1389,267,1315,372
375105,3,65,76,[9, 6, 11, 3, 5, 8],[[1, 3], [2, 3], [1, 1], [1, 2], [2, 2], [3, 1]],1406,264,1314,366
375170,3,65,76,[9, 6, 11, 3, 5, 8],[[1, 3], [2, 3], [1, 1], [1, 2], [2, 2], [3, 1]],1407,253,1314,361
375230,3,65,76,[9, 6, 11, 3, 5, 8],[[1, 3], [2, 3], [1, 1], [1, 2], [2, 2], [3, 1]],1395,245,1314,361
375292,3,65,76,[9, 6, 11, 3, 5, 8],[[1, 3], [2, 3], [1, 1], [1, 2], [2, 2], [3, 1]],1435,263,1311,317
375351,3,65,76,[9, 6, 11, 3, 5, 8],[[1, 3], [2, 3], [1, 1], [1, 2], [2, 2], [3, 1]],1426,264,1308,286
375413,3,65,76,[9, 6, 11, 3, 5, 8],[[1, 3], [2, 3], [1, 1], [1, 2], [2, 2], [3, 1]],1451,251,1318,277
375496,3,65,76,[9, 6, 11, 3, 5, 8],[[1, 3], [2, 3], [1, 1], [1, 2], [2, 2], [3, 1]],1376,251,1342,271
375563,3,65,76,[9, 6, 11, 3, 5, 8],[[1, 3], [2, 3], [1, 1], [1, 2], [2, 2], [3, 1]],1395,268,1373,270
375622,3,65,76,[9, 6, 11, 3, 5, 8],[[1, 3], [2, 3], [1, 1], [1, 2], [2, 2], [3, 1]],1388,239,1424,293
375691,3,65,76,[9, 6, 11, 3, 5, 8],[[1, 3], [2, 3], [1, 1], [1, 2], [2, 2], [3, 1]],1396,238,1448,310
375747,3,65,76,[9, 6, 11, 3, 5, 8],[[1, 3], [2, 3], [1, 1], [1, 2], [2, 2], [3, 1]],1371,212,1453,310
375819,3,65,76,[9, 6, 11, 3, 5, 8],[[1, 3], [2, 3], [1, 1], [1, 2], [2, 2], [3, 1]],1367,223,1482,282
375885,3,65,76,[9, 6, 11, 3, 5, 8],[[1, 3], [2, 3], [1, 1], [1, 2], [2, 2], [3, 1]],1380,219,1505,260
375938,3,65,76,[9, 6, 11, 3, 5, 8],[[1, 3], [2, 3], [1, 1], [1, 2], [2, 2], [3, 1]],1391,234,1505,260
376004,3,65,76,[9, 6, 11, 3, 5, 8],[[1, 3], [2, 3], [1, 1], [1, 2], [2, 2], [3, 1]],1390,211,1502,258
376072,3,65,76,[9, 6, 11, 3, 5, 8],[[1, 3], [2, 3], [1, 1], [1, 2], [2, 2], [3, 1]],1404,204,1492,244
376129,3,65,76,[9, 6, 11, 3, 5, 8],[[1, 3], [2, 3], [1, 1], [1, 2], [2, 2], [3, 1]],1431,212,1485,221
376187,3,65,76,[9, 6, 11, 3, 5, 8],[[1, 3], [2, 3], [1, 1], [1, 2], [2, 2], [3, 1]],1423,221,1481,221
376240,3,65,76,[9, 6, 11, 3, 5, 8],[[1, 3], [2, 3], [1, 1], [1, 2], [2, 2], [3, 1]],1427,199,1470,238
376294,3,65,76,[9, 6, 11, 3, 5, 8],[[1, 3], [2, 3], [1, 1], [1, 2], [2, 2], [3, 1]],1420,184,1457,261
376348,3,65,76,[9, 6, 11, 3, 5, 8],[[1, 3], [2, 3], [1, 1], [1, 2], [2, 2], [3, 1]],1419,170,1449,269
376406,3,65,76,[9, 6, 11, 3, 5, 8],[[1, 3], [2, 3], [1, 1], [1, 2], [2, 2], [3, 1]],1406,167,1439,242
376465,3,65,76,[9, 6, 11, 3, 5, 8],[[1, 3], [2, 3], [1, 1], [1, 2], [2, 2], [3, 1]],1417,151,1421,121
376524,3,65,76,[9, 6, 11, 3, 5, 8],[[1, 3], [2, 3], [1, 1], [1, 2], [2, 2], [3, 1]],1397,195,1420,76
376577,3,65,76,[9, 6, 11, 3, 5, 8],[[1, 3], [2, 3], [1, 1], [1, 2], [2, 2], [3, 1]],1391,203,1420,46
376626,3,66,35,[7, 12, 11, 3, 1, 4],[[1, 1], [2, 1], [3, 1], [3, 2], [2, 2], [3, 3]],1393,192,1420,45
376680,3,66,35,[7, 12, 11, 3, 1, 4],[[1, 1], [2, 1], [3, 1], [3, 2], [2, 2], [3, 3]],1389,191,1423,31
376733,3,66,35,[7, 12, 11, 3, 1, 4],[[1, 1], [2, 1], [3, 1], [3, 2], [2, 2], [3, 3]],1402,187,1427,24
376786,3,66,35,[7, 12, 11, 3, 1, 4],[[1, 1], [2, 1], [3, 1], [3, 2], [2, 2], [3, 3]],1428,195,1441,41
376839,3,66,35,[7, 12, 11, 3, 1, 4],[[1, 1], [2, 1], [3, 1], [3, 2], [2, 2], [3, 3]],1415,214,1444,87
376900,3,66,35,[7, 12, 11, 3, 1, 4],[[1, 1], [2, 1], [3, 1], [3, 2], [2, 2], [3, 3]],1404,202,1440,156
376988,3,66,35,[7, 12, 11, 3, 1, 4],[[1, 1], [2, 1], [3, 1], [3, 2], [2, 2], [3, 3]],1400,229,1418,202
377053,3,66,35,[7, 12, 11, 3, 1, 4],[[1, 1], [2, 1], [3, 1], [3, 2], [2, 2], [3, 3]],1362,197,1404,238
377120,3,66,35,[7, 12, 11, 3, 1, 4],[[1, 1], [2, 1], [3, 1], [3, 2], [2, 2], [3, 3]],1349,192,1412,292
377185,3,66,35,[7, 12, 11, 3, 1, 4],[[1, 1], [2, 1], [3, 1], [3, 2], [2, 2], [3, 3]],1351,190,1421,371
377264,3,66,35,[7, 12, 11, 3, 1, 4],[[1, 1], [2, 1], [3, 1], [3, 2], [2, 2], [3, 3]],1356,157,1420,389
377336,3,66,35,[7, 12, 11, 3, 1, 4],[[1, 1], [2, 1], [3, 1], [3, 2], [2, 2], [3, 3]],1365,144,1416,394
377397,3,66,35,[7, 12, 11, 3, 1, 4],[[1, 1], [2, 1], [3, 1], [3, 2], [2, 2], [3, 3]],1374,127,1416,394
377462,3,66,35,[7, 12, 11, 3, 1, 4],[[1, 1], [2, 1], [3, 1], [3, 2], [2, 2], [3, 3]],1357,132,1398,357
377560,3,66,35,[7, 12, 11, 3, 1, 4],[[1, 1], [2, 1], [3, 1], [3, 2], [2, 2], [3, 3]],1356,126,1383,301
377624,3,66,35,[7, 12, 11, 3, 1, 4],[[1, 1], [2, 1], [3, 1], [3, 2], [2, 2], [3, 3]],1341,124,1382,295
377681,3,66,35,[7, 12, 11, 3, 1, 4],[[1, 1], [2, 1], [3, 1], [3, 2], [2, 2], [3, 3]],1320,130,1378,290
377754,3,66,35,[7, 12, 11, 3, 1, 4],[[1, 1], [2, 1], [3, 1], [3, 2], [2, 2], [3, 3]],1336,116,1374,288
377813,3,66,35,[7, 12, 11, 3, 1, 4],[[1, 1], [2, 1], [3, 1], [3, 2], [2, 2], [3, 3]],1361,114,1374,288
377869,3,66,35,[7, 12, 11, 3, 1, 4],[[1, 1], [2, 1], [3, 1], [3, 2], [2, 2], [3, 3]],1354,103,1374,288
377934,3,66,35,[7, 12, 11, 3, 1, 4],[[1, 1], [2, 1], [3, 1], [3, 2], [2, 2], [3, 3]],1336,85,1382,285
378031,3,66,35,[7, 12, 11, 3, 1, 4],[[1, 1], [2, 1], [3, 1], [3, 2], [2, 2], [3, 3]],1325,89,1400,264
378090,3,66,35,[7, 12, 11, 3, 1, 4],[[1, 1], [2, 1], [3, 1], [3, 2], [2, 2], [3, 3]],1329,85,1418,228
378148,3,66,35,[7, 12, 11, 3, 1, 4],[[1, 1], [2, 1], [3, 1], [3, 2], [2, 2], [3, 3]],1341,90,1417,202
378203,3,66,35,[7, 12, 11, 3, 1, 4],[[1, 1], [2, 1], [3, 1], [3, 2], [2, 2], [3, 3]],1365,97,1415,135
378267,3,66,35,[7, 12, 11, 3, 1, 4],[[1, 1], [2, 1], [3, 1], [3, 2], [2, 2], [3, 3]],1335,91,1401,101
378322,3,66,35,[7, 12, 11, 3, 1, 4],[[1, 1], [2, 1], [3, 1], [3, 2], [2, 2], [3, 3]],1313,112,1382,60
378386,3,66,35,[7, 12, 11, 3, 1, 4],[[1, 1], [2, 1], [3, 1], [3, 2], [2, 2], [3, 3]],1318,95,1374,55
378441,3,66,35,[7, 12, 11, 3, 1, 4],[[1, 1], [2, 1], [3, 1], [3, 2], [2, 2], [3, 3]],1317,97,1372,54
378499,3,66,35,[7, 12, 11, 3, 1, 4],[[1, 1], [2, 1], [3, 1], [3, 2], [2, 2], [3, 3]],1339,61,1372,54
378560,3,66,35,[7, 12, 11, 3, 1, 4],[[1, 1], [2, 1], [3, 1], [3, 2], [2, 2], [3, 3]],1331,85,1367,54
378623,3,66,35,[7, 12, 11, 3, 1, 4],[[1, 1], [2, 1], [3, 1], [3, 2], [2, 2], [3, 3]],1311,82,1331,61
378677,3,66,35,[7, 12, 11, 3, 1, 4],[[1, 1], [2, 1], [3, 1], [3, 2], [2, 2], [3, 3]],1310,87,1319,67
378736,3,66,35,[7, 12, 11, 3, 1, 4],[[1, 1], [2, 1], [3, 1], [3, 2], [2, 2], [3, 3]],1328,83,1318,73
378796,3,66,35,[7, 12, 11, 3, 1, 4],[[1, 1], [2, 1], [3, 1], [3, 2], [2, 2], [3, 3]],1337,80,1326,81
378855,3,66,35,[7, 12, 11, 3, 1, 4],[[1, 1], [2, 1], [3, 1], [3, 2], [2, 2], [3, 3]],1355,120,1332,95
378913,3,66,35,[7, 12, 11, 3, 1, 4],[[1, 1], [2, 1], [3, 1], [3, 2], [2, 2], [3, 3]],1381,99,1332,105
378982,3,66,35,[7, 12, 11, 3, 1, 4],[[1, 1], [2, 1], [3, 1], [3, 2], [2, 2], [3, 3]],1373,102,1327,117
379061,3,66,35,[7, 12, 11, 3, 1, 4],[[1, 1], [2, 1], [3, 1], [3, 2], [2, 2], [3, 3]],1396,99,1327,118
379118,3,66,35,[7, 12, 11, 3, 1, 4],[[1, 1], [2, 1], [3, 1], [3, 2], [2, 2], [3, 3]],1402,100,1327,118
379172,3,66,35,[7, 12, 11, 3, 1, 4],[[1, 1], [2, 1], [3, 1], [3, 2], [2, 2], [3, 3]],1417,95,1319,118
379240,3,66,35,[7, 12, 11, 3, 1, 4],[[1, 1], [2, 1], [3, 1], [3, 2], [2, 2], [3, 3]],1430,99,1317,118
379301,3,66,35,[7, 12, 11, 3, 1, 4],[[1, 1], [2, 1], [3, 1], [3, 2], [2, 2], [3, 3]],1401,89,1322,121
379364,3,66,35,[7, 12, 11, 3, 1, 4],[[1, 1], [2, 1], [3, 1], [3, 2], [2, 2], [3, 3]],1414,90,1360,138
379426,3,66,35,[7, 12, 11, 3, 1, 4],[[1, 1], [2, 1], [3, 1], [3, 2], [2, 2], [3, 3]],1393,63,1440,154
379487,3,66,35,[7, 12, 11, 3, 1, 4],[[1, 1], [2, 1], [3, 1], [3, 2], [2, 2], [3, 3]],1384,84,1451,155
379554,3,66,35,[7, 12, 11, 3, 1, 4],[[1, 1], [2, 1], [3, 1], [3, 2], [2, 2], [3, 3]],1427,99,1456,156
379627,3,66,35,[7, 12, 11, 3, 1, 4],[[1, 1], [2, 1], [3, 1], [3, 2], [2, 2], [3, 3]],1417,111,1456,156
379708,3,66,35,[7, 12, 11, 3, 1, 4],[[1, 1], [2, 1], [3, 1], [3, 2], [2, 2], [3, 3]],1404,108,1459,156
379802,3,66,35,[7, 12, 11, 3, 1, 4],[[1, 1], [2, 1], [3, 1], [3, 2], [2, 2], [3, 3]],1413,135,1452,141
379862,3,66,35,[7, 12, 11, 3, 1, 4],[[1, 1], [2, 1], [3, 1], [3, 2], [2, 2], [3, 3]],1456,115,1433,124
379926,3,66,35,[7, 12, 11, 3, 1, 4],[[1, 1], [2, 1], [3, 1], [3, 2], [2, 2], [3, 3]],1392,126,1431,119
380001,3,66,35,[7, 12, 11, 3, 1, 4],[[1, 1], [2, 1], [3, 1], [3, 2], [2, 2], [3, 3]],1390,140,1431,119
380058,3,66,35,[7, 12, 11, 3, 1, 4],[[1, 1], [2, 1], [3, 1], [3, 2], [2, 2], [3, 3]],1359,164,1424,115
380111,3,66,35,[7, 12, 11, 3, 1, 4],[[1, 1], [2, 1], [3, 1], [3, 2], [2, 2], [3, 3]],1373,166,1421,110
380171,3,66,35,[7, 12, 11, 3, 1, 4],[[1, 1], [2, 1], [3, 1], [3, 2], [2, 2], [3, 3]],1370,117,1415,98
380219,3,66,35,[7, 12, 11, 3, 1, 4],[[1, 1], [2, 1], [3, 1], [3, 2], [2, 2], [3, 3]],1393,102,1413,97
380272,3,66,35,[7, 12, 11, 3, 1, 4],[[1, 1], [2, 1], [3, 1], [3, 2], [2, 2], [3, 3]],1429,85,1397,97
380326,3,66,35,[7, 12, 11, 3, 1, 4],[[1, 1], [2, 1], [3, 1], [3, 2], [2, 2], [3, 3]],1431,63,1375,114
380386,3,66,35,[7, 12, 11, 3, 1, 4],[[1, 1], [2, 1], [3, 1], [3, 2], [2, 2], [3, 3]],1420,74,1368,139
380443,3,66,35,[7, 12, 11, 3, 1, 4],[[1, 1], [2, 1], [3, 1], [3, 2], [2, 2], [3, 3]],1427,80,1372,165
380501,3,66,35,[7, 12, 11, 3, 1, 4],[[1, 1], [2, 1], [3, 1], [3, 2], [2, 2], [3, 3]],1435,56,1369,175
380564,3,66,35,[7, 12, 11, 3, 1, 4],[[1, 1], [2, 1], [3, 1], [3, 2], [2, 2], [3, 3]],1416,132,1360,173
380630,3,67,82,[9, 6, 10, 2, 1, 4],[[1, 3], [2, 3], [1, 1], [1, 2], [2, 2], [3, 3]],1399,153,1344,165
380693,3,67,82,[9, 6, 10, 2, 1, 4],[[1, 3], [2, 3], [1, 1], [1, 2], [2, 2], [3, 3]],1405,152,1325,157
380749,3,67,82,[9, 6, 10, 2, 1, 4],[[1, 3], [2, 3], [1, 1], [1, 2], [2, 2], [3, 3]],1401,142,1323,155
380803,3,67,82,[9, 6, 10, 2, 1, 4],[[1, 3], [2, 3], [1, 1], [1, 2], [2, 2], [3, 3]],1402,144,1322,154
380857,3,67,82,[9, 6, 10, 2, 1, 4],[[1, 3], [2, 3], [1, 1], [1, 2], [2, 2], [3, 3]],1451,161,1322,154
380914,3,67,82,[9, 6, 10, 2, 1, 4],[[1, 3], [2, 3], [1, 1], [1, 2], [2, 2], [3, 3]],1403,177,1322,151
380973,3,67,82,[9, 6, 10, 2, 1, 4],[[1, 3], [2, 3], [1, 1], [1, 2], [2, 2], [3, 3]],1383,182,1328,149
381025,3,67,82,[9, 6, 10, 2, 1, 4],[[1, 3], [2, 3], [1, 1], [1, 2], [2, 2], [3, 3]],1376,186,1344,169
381085,3,67,82,[9, 6, 10, 2, 1, 4],[[1, 3], [2, 3], [1, 1], [1, 2], [2, 2], [3, 3]],1393,224,1363,191
381150,3,67,82,[9, 6, 10, 2, 1, 4],[[1, 3], [2, 3], [1, 1], [1, 2], [2, 2], [3, 3]],1399,223,1388,203
381245,3,67,82,[9, 6, 10, 2, 1, 4],[[1, 3], [2, 3], [1, 1], [1, 2], [2, 2], [3, 3]],1406,215,1401,212
381301,3,67,82,[9, 6, 10, 2, 1, 4],[[1, 3], [2, 3], [1, 1], [1, 2], [2, 2], [3, 3]],1391,208,1412,243
381366,3,67,82,[9, 6, 10, 2, 1, 4],[[1, 3], [2, 3], [1, 1], [1, 2], [2, 2], [3, 3]],1387,221,1412,244
381431,3,67,82,[9, 6, 10, 2, 1, 4],[[1, 3], [2, 3], [1, 1], [1, 2], [2, 2], [3, 3]],1399,243,1412,256
381486,3,67,82,[9, 6, 10, 2, 1, 4],[[1, 3], [2, 3], [1, 1], [1, 2], [2, 2], [3, 3]],1415,252,1419,265
381558,3,67,82,[9, 6, 10, 2, 1, 4],[[1, 3], [2, 3], [1, 1], [1, 2], [2, 2], [3, 3]],1396,262,1438,287
381627,3,67,82,[9, 6, 10, 2, 1, 4],[[1, 3], [2, 3], [1, 1], [1, 2], [2, 2], [3, 3]],1395,286,1442,291
381695,3,67,82,[9, 6, 10, 2, 1, 4],[[1, 3], [2, 3], [1, 1], [1, 2], [2, 2], [3, 3]],1368,294,1442,291
381779,3,67,82,[9, 6, 10, 2, 1, 4],[[1, 3], [2, 3], [1, 1], [1, 2], [2, 2], [3, 3]],1355,300,1445,279
381838,3,67,82,[9, 6, 10, 2, 1, 4],[[1, 3], [2, 3], [1, 1], [1, 2], [2, 2], [3, 3]],1354,301,1445,271
381910,3,67,82,[9, 6, 10, 2, 1, 4],[[1, 3], [2, 3], [1, 1], [1, 2], [2, 2], [3, 3]],1351,297,1432,259
381976,3,67,82,[9, 6, 10, 2, 1, 4],[[1, 3], [2, 3], [1, 1], [1, 2], [2, 2], [3, 3]],1370,299,1426,258
382044,3,67,82,[9, 6, 10, 2, 1, 4],[[1, 3], [2, 3], [1, 1], [1, 2], [2, 2], [3, 3]],1379,285,1403,258
382109,3,67,82,[9, 6, 10, 2, 1, 4],[[1, 3], [2, 3], [1, 1], [1, 2], [2, 2], [3, 3]],1373,295,1380,267
382168,3,67,82,[9, 6, 10, 2, 1, 4],[[1, 3], [2, 3], [1, 1], [1, 2], [2, 2], [3, 3]],1401,284,1367,273
382225,3,67,82,[9, 6, 10, 2, 1, 4],[[1, 3], [2, 3], [1, 1], [1, 2], [2, 2], [3, 3]],1408,306,1341,286
382293,3,67,82,[9, 6, 10, 2, 1, 4],[[1, 3], [2, 3], [1, 1], [1, 2], [2, 2], [3, 3]],1388,289,1340,290
382347,3,67,82,[9, 6, 10, 2, 1, 4],[[1, 3], [2, 3], [1, 1], [1, 2], [2, 2], [3, 3]],1385,332,1373,327
382406,3,67,82,[9, 6, 10, 2, 1, 4],[[1, 3], [2, 3], [1, 1], [1, 2], [2, 2], [3, 3]],1365,323,1387,342
382459,3,67,82,[9, 6, 10, 2, 1, 4],[[1, 3], [2, 3], [1, 1], [1, 2], [2, 2], [3, 3]],1323,331,1389,343
382512,3,67,82,[9, 6, 10, 2, 1, 4],[[1, 3], [2, 3], [1, 1], [1, 2], [2, 2], [3, 3]],1326,326,1393,343
382561,3,67,82,[9, 6, 10, 2, 1, 4],[[1, 3], [2, 3], [1, 1], [1, 2], [2, 2], [3, 3]],1333,360,1393,343
382620,3,67,82,[9, 6, 10, 2, 1, 4],[[1, 3], [2, 3], [1, 1], [1, 2], [2, 2], [3, 3]],1347,374,1399,343
382678,3,67,82,[9, 6, 10, 2, 1, 4],[[1, 3], [2, 3], [1, 1], [1, 2], [2, 2], [3, 3]],1322,386,1406,338
382743,3,67,82,[9, 6, 10, 2, 1, 4],[[1, 3], [2, 3], [1, 1], [1, 2], [2, 2], [3, 3]],1308,368,1406,338
382819,3,67,82,[9, 6, 10, 2, 1, 4],[[1, 3], [2, 3], [1, 1], [1, 2], [2, 2], [3, 3]],1295,373,1400,338
382877,3,67,82,[9, 6, 10, 2, 1, 4],[[1, 3], [2, 3], [1, 1], [1, 2], [2, 2], [3, 3]],1310,415,1393,347
382935,3,67,82,[9, 6, 10, 2, 1, 4],[[1, 3], [2, 3], [1, 1], [1, 2], [2, 2], [3, 3]],1294,400,1392,352
383002,3,67,82,[9, 6, 10, 2, 1, 4],[[1, 3], [2, 3], [1, 1], [1, 2], [2, 2], [3, 3]],1284,385,1392,352
383070,3,67,82,[9, 6, 10, 2, 1, 4],[[1, 3], [2, 3], [1, 1], [1, 2], [2, 2], [3, 3]],1284,395,1388,354
383147,3,67,82,[9, 6, 10, 2, 1, 4],[[1, 3], [2, 3], [1, 1], [1, 2], [2, 2], [3, 3]],1310,398,1371,357
383220,3,67,82,[9, 6, 10, 2, 1, 4],[[1, 3], [2, 3], [1, 1], [1, 2], [2, 2], [3, 3]],1308,408,1371,357
383276,3,67,82,[9, 6, 10, 2, 1, 4],[[1, 3], [2, 3], [1, 1], [1, 2], [2, 2], [3, 3]],1287,419,1366,355
383343,3,67,82,[9, 6, 10, 2, 1, 4],[[1, 3], [2, 3], [1, 1], [1, 2], [2, 2], [3, 3]],1302,413,1365,355
383416,3,67,82,[9, 6, 10, 2, 1, 4],[[1, 3], [2, 3], [1, 1], [1, 2], [2, 2], [3, 3]],1303,392,1351,358
383478,3,67,82,[9, 6, 10, 2, 1, 4],[[1, 3], [2, 3], [1, 1], [1, 2], [2, 2], [3, 3]],1319,393,1349,367
383540,3,67,82,[9, 6, 10, 2, 1, 4],[[1, 3], [2, 3], [1, 1], [1, 2], [2, 2], [3, 3]],1334,383,1349,389
383611,3,67,82,[9, 6, 10, 2, 1, 4],[[1, 3], [2, 3], [1, 1], [1, 2], [2, 2], [3, 3]],1348,406,1347,401
383681,3,67,82,[9, 6, 10, 2, 1, 4],[[1, 3], [2, 3], [1, 1], [1, 2], [2, 2], [3, 3]],1347,398,1343,406
383738,3,67,82,[9, 6, 10, 2, 1, 4],[[1, 3], [2, 3], [1, 1], [1, 2], [2, 2], [3, 3]],1321,405,1339,412
383805,3,67,82,[9, 6, 10, 2, 1, 4],[[1, 3], [2, 3], [1, 1], [1, 2], [2, 2], [3, 3]],1336,402,1337,413
383864,3,67,82,[9, 6, 10, 2, 1, 4],[[1, 3], [2, 3], [1, 1], [1, 2], [2, 2], [3, 3]],1317,398,1337,413
383919,3,67,82,[9, 6, 10, 2, 1, 4],[[1, 3], [2, 3], [1, 1], [1, 2], [2, 2], [3, 3]],1298,413,1334,408
383993,3,67,82,[9, 6, 10, 2, 1, 4],[[1, 3], [2, 3], [1, 1], [1, 2], [2, 2], [3, 3]],1310,412,1340,403
384046,3,67,82,[9, 6, 10, 2, 1, 4],[[1, 3], [2, 3], [1, 1], [1, 2], [2, 2], [3, 3]],1281,412,1344,403
384112,3,67,82,[9, 6, 10, 2, 1, 4],[[1, 3], [2, 3], [1, 1], [1, 2], [2, 2], [3, 3]],1282,422,1346,404
384172,3,67,82,[9, 6, 10, 2, 1, 4],[[1, 3], [2, 3], [1, 1], [1, 2], [2, 2], [3, 3]],1301,452,1356,410
384221,3,67,82,[9, 6, 10, 2, 1, 4],[[1, 3], [2, 3], [1, 1], [1, 2], [2, 2], [3, 3]],1308,425,1361,410
384279,3,67,82,[9, 6, 10, 2, 1, 4],[[1, 3], [2, 3], [1, 1], [1, 2], [2, 2], [3, 3]],1315,412,1361,410
384334,3,67,82,[9, 6, 10, 2, 1, 4],[[1, 3], [2, 3], [1, 1], [1, 2], [2, 2], [3, 3]],1313,439,1361,410
384391,3,67,82,[9, 6, 10, 2, 1, 4],[[1, 3], [2, 3], [1, 1], [1, 2], [2, 2], [3, 3]],1319,446,1329,417
384444,3,67,82,[9, 6, 10, 2, 1, 4],[[1, 3], [2, 3], [1, 1], [1, 2], [2, 2], [3, 3]],1327,452,1306,423
384493,3,67,82,[9, 6, 10, 2, 1, 4],[[1, 3], [2, 3], [1, 1], [1, 2], [2, 2], [3, 3]],1324,480,1303,426
384543,3,67,82,[9, 6, 10, 2, 1, 4],[[1, 3], [2, 3], [1, 1], [1, 2], [2, 2], [3, 3]],1327,476,1297,428
384607,3,67,82,[9, 6, 10, 2, 1, 4],[[1, 3], [2, 3], [1, 1], [1, 2], [2, 2], [3, 3]],1325,460,1282,430
384664,3,67,82,[9, 6, 10, 2, 1, 4],[[1, 3], [2, 3], [1, 1], [1, 2], [2, 2], [3, 3]],1344,453,1259,426
384728,3,68,102,[9, 6, 10, 2, 1, 4],[[1, 3], [2, 3], [3, 1], [3, 2], [1, 1], [2, 2]],1347,421,1272,434
384787,3,68,102,[9, 6, 10, 2, 1, 4],[[1, 3], [2, 3], [3, 1], [3, 2], [1, 1], [2, 2]],1364,439,1299,472
384839,3,68,102,[9, 6, 10, 2, 1, 4],[[1, 3], [2, 3], [3, 1], [3, 2], [1, 1], [2, 2]],1405,452,1311,494
384890,3,68,102,[9, 6, 10, 2, 1, 4],[[1, 3], [2, 3], [3, 1], [3, 2], [1, 1], [2, 2]],1400,469,1316,506
384944,3,68,102,[9, 6, 10, 2, 1, 4],[[1, 3], [2, 3], [3, 1], [3, 2], [1, 1], [2, 2]],1404,487,1322,514
385004,3,68,102,[9, 6, 10, 2, 1, 4],[[1, 3], [2, 3], [3, 1], [3, 2], [1, 1], [2, 2]],1424,503,1348,522
385082,3,68,102,[9, 6, 10, 2, 1, 4],[[1, 3], [2, 3], [3, 1], [3, 2], [1, 1], [2, 2]],1420,501,1378,525
385140,3,68,102,[9, 6, 10, 2, 1, 4],[[1, 3], [2, 3], [3, 1], [3, 2], [1, 1], [2, 2]],1404,496,1395,518
385192,3,68,102,[9, 6, 10, 2, 1, 4],[[1, 3], [2, 3], [3, 1], [3, 2], [1, 1], [2, 2]],1379,494,1400,517
385249,3,68,102,[9, 6, 10, 2, 1, 4],[[1, 3], [2, 3], [3, 1], [3, 2], [1, 1], [2, 2]],1375,492,1406,519
385322,3,68,102,[9, 6, 10, 2, 1, 4],[[1, 3], [2, 3], [3, 1], [3, 2], [1, 1], [2, 2]],1388,459,1417,523
385383,3,68,102,[9, 6, 10, 2, 1, 4],[[1, 3], [2, 3], [3, 1], [3, 2], [1, 1], [2, 2]],1400,447,1446,518
385450,3,68,102,[9, 6, 10, 2, 1, 4],[[1, 3], [2, 3], [3, 1], [3, 2], [1, 1], [2, 2]],1385,427,1448,518
385517,3,68,102,[9, 6, 10, 2, 1, 4],[[1, 3], [2, 3], [3, 1], [3, 2], [1, 1], [2, 2]],1368,454,1451,524
385583,3,68,102,[9, 6, 10, 2, 1, 4],[[1, 3], [2, 3], [3, 1], [3, 2], [1, 1], [2, 2]],1339,438,1440,547
385655,3,68,102,[9, 6, 10, 2, 1, 4],[[1, 3], [2, 3], [3, 1], [3, 2], [1, 1], [2, 2]],1347,435,1429,550
385730,3,68,102,[9, 6, 10, 2, 1, 4],[[1, 3], [2, 3], [3, 1], [3, 2], [1, 1], [2, 2]],1377,422,1395,501
385787,3,68,102,[9, 6, 10, 2, 1, 4],[[1, 3], [2, 3], [3, 1], [3, 2], [1, 1], [2, 2]],1375,416,1372,473
385847,3,68,102,[9, 6, 10, 2, 1, 4],[[1, 3], [2, 3], [3, 1], [3, 2], [1, 1], [2, 2]],1378,393,1343,463
385913,3,68,102,[9, 6, 10, 2, 1, 4],[[1, 3], [2, 3], [3, 1], [3, 2], [1, 1], [2, 2]],1371,413,1326,456
385970,3,68,102,[9, 6, 10, 2, 1, 4],[[1, 3], [2, 3], [3, 1], [3, 2], [1, 1], [2, 2]],1375,423,1319,445
386039,3,68,102,[9, 6, 10, 2, 1, 4],[[1, 3], [2, 3], [3, 1], [3, 2], [1, 1], [2, 2]],1383,437,1322,429
386098,3,68,102,[9, 6, 10, 2, 1, 4],[[1, 3], [2, 3], [3, 1], [3, 2], [1, 1], [2, 2]],1390,421,1359,412
386157,3,68,102,[9, 6, 10, 2, 1, 4],[[1, 3], [2, 3], [3, 1], [3, 2], [1, 1], [2, 2]],1399,426,1426,419
386216,3,68,102,[9, 6, 10, 2, 1, 4],[[1, 3], [2, 3], [3, 1], [3, 2], [1, 1], [2, 2]],1382,440,1440,428
386271,3,68,102,[9, 6, 10, 2, 1, 4],[[1, 3], [2, 3], [3, 1], [3, 2], [1, 1], [2, 2]],1369,432,1444,438
386323,3,68,102,[9, 6, 10, 2, 1, 4],[[1, 3], [2, 3], [3, 1], [3, 2], [1, 1], [2, 2]],1365,404,1450,461
386377,3,68,102,[9, 6, 10, 2, 1, 4],[[1, 3], [2, 3], [3, 1], [3, 2], [1, 1], [2, 2]],1353,423,1450,478
386430,3,68,102,[9, 6, 10, 2, 1, 4],[[1, 3], [2, 3], [3, 1], [3, 2], [1, 1], [2, 2]],1332,423,1449,488
386484,3,68,102,[9, 6, 10, 2, 1, 4],[[1, 3], [2, 3], [3, 1], [3, 2], [1, 1], [2, 2]],1340,405,1449,495
386533,3,68,102,[9, 6, 10, 2, 1, 4],[[1, 3], [2, 3], [3, 1], [3, 2], [1, 1], [2, 2]],1313,401,1448,496
386591,3,68,102,[9, 6, 10, 2, 1, 4],[[1, 3], [2, 3], [3, 1], [3, 2], [1, 1], [2, 2]],1327,395,1421,502
386640,3,68,102,[9, 6, 10, 2, 1, 4],[[1, 3], [2, 3], [3, 1], [3, 2], [1, 1], [2, 2]],1316,404,1372,477
386694,3,68,102,[9, 6, 10, 2, 1, 4],[[1, 3], [2, 3], [3, 1], [3, 2], [1, 1], [2, 2]],1318,394,1355,467
386748,3,68,102,[9, 6, 10, 2, 1, 4],[[1, 3], [2, 3], [3, 1], [3, 2], [1, 1], [2, 2]],1336,416,1355,456
386807,3,68,102,[9, 6, 10, 2, 1, 4],[[1, 3], [2, 3], [3, 1], [3, 2], [1, 1], [2, 2]],1332,447,1350,435
386861,3,68,102,[9, 6, 10, 2, 1, 4],[[1, 3], [2, 3], [3, 1], [3, 2], [1, 1], [2, 2]],1342,434,1338,424
386923,3,68,102,[9, 6, 10, 2, 1, 4],[[1, 3], [2, 3], [3, 1], [3, 2], [1, 1], [2, 2]],1319,435,1335,415
387004,3,68,102,[9, 6, 10, 2, 1, 4],[[1, 3], [2, 3], [3, 1], [3, 2], [1, 1], [2, 2]],1347,446,1347,398
387063,3,68,102,[9, 6, 10, 2, 1, 4],[[1, 3], [2, 3], [3, 1], [3, 2], [1, 1], [2, 2]],1302,458,1377,392
387127,3,68,102,[9, 6, 10, 2, 1, 4],[[1, 3], [2, 3], [3, 1], [3, 2], [1, 1], [2, 2]],1300,451,1400,401
387189,3,68,102,[9, 6, 10, 2, 1, 4],[[1, 3], [2, 3], [3, 1], [3, 2], [1, 1], [2, 2]],1317,450,1405,407
387251,3,68,102,[9, 6, 10, 2, 1, 4],[[1, 3], [2, 3], [3, 1], [3, 2], [1, 1], [2, 2]],1335,434,1414,427
387317,3,68,102,[9, 6, 10, 2, 1, 4],[[1, 3], [2, 3], [3, 1], [3, 2], [1, 1], [2, 2]],1334,429,1408,449
387387,3,68,102,[9, 6, 10, 2, 1, 4],[[1, 3], [2, 3], [3, 1], [3, 2], [1, 1], [2, 2]],1320,416,1385,469
387453,3,68,102,[9, 6, 10, 2, 1, 4],[[1, 3], [2, 3], [3, 1], [3, 2], [1, 1], [2, 2]],1322,390,1344,470
387519,3,68,102,[9, 6, 10, 2, 1, 4],[[1, 3], [2, 3], [3, 1], [3, 2], [1, 1], [2, 2]],1312,375,1335,470
387581,3,68,102,[9, 6, 10, 2, 1, 4],[[1, 3], [2, 3], [3, 1], [3, 2], [1, 1], [2, 2]],1297,373,1333,470
387647,3,68,102,[9, 6, 10, 2, 1, 4],[[1, 3], [2, 3], [3, 1], [3, 2], [1, 1], [2, 2]],1274,362,1301,459
387715,3,68,102,[9, 6, 10, 2, 1, 4],[[1, 3], [2, 3], [3, 1], [3, 2], [1, 1], [2, 2]],1284,384,1265,428
387777,3,68,102,[9, 6, 10, 2, 1, 4],[[1, 3], [2, 3], [3, 1], [3, 2], [1, 1], [2, 2]],1253,394,1272,399
387832,3,68,102,[9, 6, 10, 2, 1, 4],[[1, 3], [2, 3], [3, 1], [3, 2], [1, 1], [2, 2]],1238,383,1279,390
387900,3,68,102,[9, 6, 10, 2, 1, 4],[[1, 3], [2, 3], [3, 1], [3, 2], [1, 1], [2, 2]],1243,387,1289,383
387981,3,68,102,[9, 6, 10, 2, 1, 4],[[1, 3], [2, 3], [3, 1], [3, 2], [1, 1], [2, 2]],1245,393,1320,381
388049,3,68,102,[9, 6, 10, 2, 1, 4],[[1, 3], [2, 3], [3, 1], [3, 2], [1, 1], [2, 2]],1270,370,1354,393
388103,3,68,102,[9, 6, 10, 2, 1, 4],[[1, 3], [2, 3], [3, 1], [3, 2], [1, 1], [2, 2]],1284,382,1359,401
388151,3,68,102,[9, 6, 10, 2, 1, 4],[[1, 3], [2, 3], [3, 1], [3, 2], [1, 1], [2, 2]],1262,364,1362,409
388204,3,68,102,[9, 6, 10, 2, 1, 4],[[1, 3], [2, 3], [3, 1], [3, 2], [1, 1], [2, 2]],1254,365,1363,422
388257,3,68,102,[9, 6, 10, 2, 1, 4],[[1, 3], [2, 3], [3, 1], [3, 2], [1, 1], [2, 2]],1273,379,1363,434
388306,3,68,102,[9, 6, 10, 2, 1, 4],[[1, 3], [2, 3], [3, 1], [3, 2], [1, 1], [2, 2]],1257,391,1357,442
388364,3,68,102,[9, 6, 10, 2, 1, 4],[[1, 3], [2, 3], [3, 1], [3, 2], [1, 1], [2, 2]],1288,364,1327,448
388418,3,68,102,[9, 6, 10, 2, 1, 4],[[1, 3], [2, 3], [3, 1], [3, 2], [1, 1], [2, 2]],1275,339,1303,444
388472,3,68,102,[9, 6, 10, 2, 1, 4],[[1, 3], [2, 3], [3, 1], [3, 2], [1, 1], [2, 2]],1302,348,1285,436
388521,3,68,102,[9, 6, 10, 2, 1, 4],[[1, 3], [2, 3], [3, 1], [3, 2], [1, 1], [2, 2]],1323,354,1267,421
388579,3,68,102,[9, 6, 10, 2, 1, 4],[[1, 3], [2, 3], [3, 1], [3, 2], [1, 1], [2, 2]],1331,366,1262,407
388633,3,68,102,[9, 6, 10, 2, 1, 4],[[1, 3], [2, 3], [3, 1], [3, 2], [1, 1], [2, 2]],1329,373,1245,390
388687,3,68,102,[9, 6, 10, 2, 1, 4],[[1, 3], [2, 3], [3, 1], [3, 2], [1, 1], [2, 2]],1334,378,1208,355
388741,3,68,102,[9, 6, 10, 2, 1, 4],[[1, 3], [2, 3], [3, 1], [3, 2], [1, 1], [2, 2]],1319,383,1217,335
388795,3,69,134,[9, 6, 10, 2, 5, 8],[[2, 3], [3, 3], [3, 1], [3, 2], [1, 2], [2, 1]],1309,407,1271,309
388849,3,69,134,[9, 6, 10, 2, 5, 8],[[2, 3], [3, 3], [3, 1], [3, 2], [1, 2], [2, 1]],1302,410,1340,341
388903,3,69,134,[9, 6, 10, 2, 5, 8],[[2, 3], [3, 3], [3, 1], [3, 2], [1, 2], [2, 1]],1284,427,1381,391
388955,3,69,134,[9, 6, 10, 2, 5, 8],[[2, 3], [3, 3], [3, 1], [3, 2], [1, 2], [2, 1]],1287,424,1387,428
389010,3,69,134,[9, 6, 10, 2, 5, 8],[[2, 3], [3, 3], [3, 1], [3, 2], [1, 2], [2, 1]],1272,420,1373,448
389061,3,69,134,[9, 6, 10, 2, 5, 8],[[2, 3], [3, 3], [3, 1], [3, 2], [1, 2], [2, 1]],1260,396,1365,458
389132,3,69,134,[9, 6, 10, 2, 5, 8],[[2, 3], [3, 3], [3, 1], [3, 2], [1, 2], [2, 1]],1264,405,1355,463
389223,3,69,134,[9, 6, 10, 2, 5, 8],[[2, 3], [3, 3], [3, 1], [3, 2], [1, 2], [2, 1]],1244,414,1336,466
389298,3,69,134,[9, 6, 10, 2, 5, 8],[[2, 3], [3, 3], [3, 1], [3, 2], [1, 2], [2, 1]],1269,400,1321,458
389372,3,69,134,[9, 6, 10, 2, 5, 8],[[2, 3], [3, 3], [3, 1], [3, 2], [1, 2], [2, 1]],1236,372,1307,447
389427,3,69,134,[9, 6, 10, 2, 5, 8],[[2, 3], [3, 3], [3, 1], [3, 2], [1, 2], [2, 1]],1248,350,1306,457
389484,3,69,134,[9, 6, 10, 2, 5, 8],[[2, 3], [3, 3], [3, 1], [3, 2], [1, 2], [2, 1]],1237,323,1299,469
389541,3,69,134,[9, 6, 10, 2, 5, 8],[[2, 3], [3, 3], [3, 1], [3, 2], [1, 2], [2, 1]],1248,323,1289,475
389602,3,69,134,[9, 6, 10, 2, 5, 8],[[2, 3], [3, 3], [3, 1], [3, 2], [1, 2], [2, 1]],1260,342,1279,481
389673,3,69,134,[9, 6, 10, 2, 5, 8],[[2, 3], [3, 3], [3, 1], [3, 2], [1, 2], [2, 1]],1262,338,1272,480
389738,3,69,134,[9, 6, 10, 2, 5, 8],[[2, 3], [3, 3], [3, 1], [3, 2], [1, 2], [2, 1]],1256,336,1251,449
389795,3,69,134,[9, 6, 10, 2, 5, 8],[[2, 3], [3, 3], [3, 1], [3, 2], [1, 2], [2, 1]],1240,334,1236,372
389869,3,69,134,[9, 6, 10, 2, 5, 8],[[2, 3], [3, 3], [3, 1], [3, 2], [1, 2], [2, 1]],1235,313,1236,323
389926,3,69,134,[9, 6, 10, 2, 5, 8],[[2, 3], [3, 3], [3, 1], [3, 2], [1, 2], [2, 1]],1259,312,1235,305
389988,3,69,134,[9, 6, 10, 2, 5, 8],[[2, 3], [3, 3], [3, 1], [3, 2], [1, 2], [2, 1]],1262,339,1231,292
390058,3,69,134,[9, 6, 10, 2, 5, 8],[[2, 3], [3, 3], [3, 1], [3, 2], [1, 2], [2, 1]],1244,315,1230,292
390108,3,69,134,[9, 6, 10, 2, 5, 8],[[2, 3], [3, 3], [3, 1], [3, 2], [1, 2], [2, 1]],1260,306,1232,293
390161,3,69,134,[9, 6, 10, 2, 5, 8],[[2, 3], [3, 3], [3, 1], [3, 2], [1, 2], [2, 1]],1274,315,1235,306
390209,3,69,134,[9, 6, 10, 2, 5, 8],[[2, 3], [3, 3], [3, 1], [3, 2], [1, 2], [2, 1]],1290,300,1242,324
390268,3,69,134,[9, 6, 10, 2, 5, 8],[[2, 3], [3, 3], [3, 1], [3, 2], [1, 2], [2, 1]],1305,306,1269,363
390327,3,69,134,[9, 6, 10, 2, 5, 8],[[2, 3], [3, 3], [3, 1], [3, 2], [1, 2], [2, 1]],1333,299,1306,429
390386,3,69,134,[9, 6, 10, 2, 5, 8],[[2, 3], [3, 3], [3, 1], [3, 2], [1, 2], [2, 1]],1345,328,1328,486
390450,3,69,134,[9, 6, 10, 2, 5, 8],[[2, 3], [3, 3], [3, 1], [3, 2], [1, 2], [2, 1]],1384,325,1336,505
390505,3,69,134,[9, 6, 10, 2, 5, 8],[[2, 3], [3, 3], [3, 1], [3, 2], [1, 2], [2, 1]],1416,331,1335,501
390564,3,69,134,[9, 6, 10, 2, 5, 8],[[2, 3], [3, 3], [3, 1], [3, 2], [1, 2], [2, 1]],1398,329,1328,399
390621,3,69,134,[9, 6, 10, 2, 5, 8],[[2, 3], [3, 3], [3, 1], [3, 2], [1, 2], [2, 1]],1377,355,1346,344
390685,3,69,134,[9, 6, 10, 2, 5, 8],[[2, 3], [3, 3], [3, 1], [3, 2], [1, 2], [2, 1]],1386,347,1388,350
390740,3,69,134,[9, 6, 10, 2, 5, 8],[[2, 3], [3, 3], [3, 1], [3, 2], [1, 2], [2, 1]],1363,400,1435,381
390799,3,69,134,[9, 6, 10, 2, 5, 8],[[2, 3], [3, 3], [3, 1], [3, 2], [1, 2], [2, 1]],1377,373,1456,393
390856,3,69,134,[9, 6, 10, 2, 5, 8],[[2, 3], [3, 3], [3, 1], [3, 2], [1, 2], [2, 1]],1400,368,1490,394
390910,3,69,134,[9, 6, 10, 2, 5, 8],[[2, 3], [3, 3], [3, 1], [3, 2], [1, 2], [2, 1]],1391,376,1526,392
390986,3,69,134,[9, 6, 10, 2, 5, 8],[[2, 3], [3, 3], [3, 1], [3, 2], [1, 2], [2, 1]],1364,354,1524,396
391046,3,69,134,[9, 6, 10, 2, 5, 8],[[2, 3], [3, 3], [3, 1], [3, 2], [1, 2], [2, 1]],1369,347,1458,424
391114,3,69,134,[9, 6, 10, 2, 5, 8],[[2, 3], [3, 3], [3, 1], [3, 2], [1, 2], [2, 1]],1360,355,1401,444
391180,3,69,134,[9, 6, 10, 2, 5, 8],[[2, 3], [3, 3], [3, 1], [3, 2], [1, 2], [2, 1]],1350,338,1352,447
391283,3,69,134,[9, 6, 10, 2, 5, 8],[[2, 3], [3, 3], [3, 1], [3, 2], [1, 2], [2, 1]],1372,364,1291,439
391346,3,69,134,[9, 6, 10, 2, 5, 8],[[2, 3], [3, 3], [3, 1], [3, 2], [1, 2], [2, 1]],1365,355,1282,436
391397,3,69,134,[9, 6, 10, 2, 5, 8],[[2, 3], [3, 3], [3, 1], [3, 2], [1, 2], [2, 1]],1350,376,1262,404
391451,3,69,134,[9, 6, 10, 2, 5, 8],[[2, 3], [3, 3], [3, 1], [3, 2], [1, 2], [2, 1]],1394,365,1247,341
391505,3,69,134,[9, 6, 10, 2, 5, 8],[[2, 3], [3, 3], [3, 1], [3, 2], [1, 2], [2, 1]],1359,392,1237,311
391558,3,69,134,[9, 6, 10, 2, 5, 8],[[2, 3], [3, 3], [3, 1], [3, 2], [1, 2], [2, 1]],1371,383,1244,306
391616,3,69,134,[9, 6, 10, 2, 5, 8],[[2, 3], [3, 3], [3, 1], [3, 2], [1, 2], [2, 1]],1363,352,1310,313
391678,3,69,134,[9, 6, 10, 2, 5, 8],[[2, 3], [3, 3], [3, 1], [3, 2], [1, 2], [2, 1]],1363,364,1354,340
391734,3,69,134,[9, 6, 10, 2, 5, 8],[[2, 3], [3, 3], [3, 1], [3, 2], [1, 2], [2, 1]],1364,377,1383,361
391799,3,69,134,[9, 6, 10, 2, 5, 8],[[2, 3], [3, 3], [3, 1], [3, 2], [1, 2], [2, 1]],1373,363,1416,381
391863,3,69,134,[9, 6, 10, 2, 5, 8],[[2, 3], [3, 3], [3, 1], [3, 2], [1, 2], [2, 1]],1357,350,1425,387
391929,3,69,134,[9, 6, 10, 2, 5, 8],[[2, 3], [3, 3], [3, 1], [3, 2], [1, 2], [2, 1]],1369,332,1435,393
391992,3,69,134,[9, 6, 10, 2, 5, 8],[[2, 3], [3, 3], [3, 1], [3, 2], [1, 2], [2, 1]],1365,328,1440,419
392053,3,69,134,[9, 6, 10, 2, 5, 8],[[2, 3], [3, 3], [3, 1], [3, 2], [1, 2], [2, 1]],1363,301,1418,456
392112,3,69,134,[9, 6, 10, 2, 5, 8],[[2, 3], [3, 3], [3, 1], [3, 2], [1, 2], [2, 1]],1386,304,1383,480
392175,3,69,134,[9, 6, 10, 2, 5, 8],[[2, 3], [3, 3], [3, 1], [3, 2], [1, 2], [2, 1]],1374,298,1366,485
392235,3,69,134,[9, 6, 10, 2, 5, 8],[[2, 3], [3, 3], [3, 1], [3, 2], [1, 2], [2, 1]],1350,298,1336,440
392294,3,69,134,[9, 6, 10, 2, 5, 8],[[2, 3], [3, 3], [3, 1], [3, 2], [1, 2], [2, 1]],1346,279,1326,379
392344,3,69,134,[9, 6, 10, 2, 5, 8],[[2, 3], [3, 3], [3, 1], [3, 2], [1, 2], [2, 1]],1347,279,1334,330
392393,3,69,134,[9, 6, 10, 2, 5, 8],[[2, 3], [3, 3], [3, 1], [3, 2], [1, 2], [2, 1]],1359,293,1342,315
392452,3,69,134,[9, 6, 10, 2, 5, 8],[[2, 3], [3, 3], [3, 1], [3, 2], [1, 2], [2, 1]],1382,294,1371,288
392519,3,69,134,[9, 6, 10, 2, 5, 8],[[2, 3], [3, 3], [3, 1], [3, 2], [1, 2], [2, 1]],1385,289,1373,279
392572,3,69,134,[9, 6, 10, 2, 5, 8],[[2, 3], [3, 3], [3, 1], [3, 2], [1, 2], [2, 1]],1378,293,1375,268
392625,3,69,134,[9, 6, 10, 2, 5, 8],[[2, 3], [3, 3], [3, 1], [3, 2], [1, 2], [2, 1]],1364,322,1376,268
392673,3,69,134,[9, 6, 10, 2, 5, 8],[[2, 3], [3, 3], [3, 1], [3, 2], [1, 2], [2, 1]],1363,320,1371,264
392727,3,69,134,[9, 6, 10, 2, 5, 8],[[2, 3], [3, 3], [3, 1], [3, 2], [1, 2], [2, 1]],1351,358,1370,264
392775,3,69,134,[9, 6, 10, 2, 5, 8],[[2, 3], [3, 3], [3, 1], [3, 2], [1, 2], [2, 1]],1348,337,1370,264
392828,3,70,101,[7, 12, 10, 2, 1, 4],[[1, 3], [2, 3], [3, 1], [3, 2], [1, 1], [2, 2]],1340,336,1368,268
392882,3,70,101,[7, 12, 10, 2, 1, 4],[[1, 3], [2, 3], [3, 1], [3, 2], [1, 1], [2, 2]],1338,346,1368,283
392936,3,70,101,[7, 12, 10, 2, 1, 4],[[1, 3], [2, 3], [3, 1], [3, 2], [1, 1], [2, 2]],1338,348,1386,302
392986,3,70,101,[7, 12, 10, 2, 1, 4],[[1, 3], [2, 3], [3, 1], [3, 2], [1, 1], [2, 2]],1328,364,1412,351
393048,3,70,101,[7, 12, 10, 2, 1, 4],[[1, 3], [2, 3], [3, 1], [3, 2], [1, 1], [2, 2]],1333,385,1417,397
393114,3,70,101,[7, 12, 10, 2, 1, 4],[[1, 3], [2, 3], [3, 1], [3, 2], [1, 1], [2, 2]],1299,405,1411,425
393182,3,70,101,[7, 12, 10, 2, 1, 4],[[1, 3], [2, 3], [3, 1], [3, 2], [1, 1], [2, 2]],1302,436,1409,427
393240,3,70,101,[7, 12, 10, 2, 1, 4],[[1, 3], [2, 3], [3, 1], [3, 2], [1, 1], [2, 2]],1290,431,1399,435
393304,3,70,101,[7, 12, 10, 2, 1, 4],[[1, 3], [2, 3], [3, 1], [3, 2], [1, 1], [2, 2]],1286,447,1375,443
393364,3,70,101,[7, 12, 10, 2, 1, 4],[[1, 3], [2, 3], [3, 1], [3, 2], [1, 1], [2, 2]],1299,440,1360,443
393436,3,70,101,[7, 12, 10, 2, 1, 4],[[1, 3], [2, 3], [3, 1], [3, 2], [1, 1], [2, 2]],1307,431,1344,443
393497,3,70,101,[7, 12, 10, 2, 1, 4],[[1, 3], [2, 3], [3, 1], [3, 2], [1, 1], [2, 2]],1298,420,1330,443
393566,3,70,101,[7, 12, 10, 2, 1, 4],[[1, 3], [2, 3], [3, 1], [3, 2], [1, 1], [2, 2]],1290,399,1311,441
393625,3,70,101,[7, 12, 10, 2, 1, 4],[[1, 3], [2, 3], [3, 1], [3, 2], [1, 1], [2, 2]],1307,411,1293,441
393688,3,70,101,[7, 12, 10, 2, 1, 4],[[1, 3], [2, 3], [3, 1], [3, 2], [1, 1], [2, 2]],1314,441,1284,446
393754,3,70,101,[7, 12, 10, 2, 1, 4],[[1, 3], [2, 3], [3, 1], [3, 2], [1, 1], [2, 2]],1293,445,1280,449
393822,3,70,101,[7, 12, 10, 2, 1, 4],[[1, 3], [2, 3], [3, 1], [3, 2], [1, 1], [2, 2]],1297,420,1280,449
393888,3,70,101,[7, 12, 10, 2, 1, 4],[[1, 3], [2, 3], [3, 1], [3, 2], [1, 1], [2, 2]],1298,405,1280,449
393950,3,70,101,[7, 12, 10, 2, 1, 4],[[1, 3], [2, 3], [3, 1], [3, 2], [1, 1], [2, 2]],1312,407,1280,449
394001,3,70,101,[7, 12, 10, 2, 1, 4],[[1, 3], [2, 3], [3, 1], [3, 2], [1, 1], [2, 2]],1328,402,1285,448
394063,3,70,101,[7, 12, 10, 2, 1, 4],[[1, 3], [2, 3], [3, 1], [3, 2], [1, 1], [2, 2]],1336,380,1294,451
394121,3,70,101,[7, 12, 10, 2, 1, 4],[[1, 3], [2, 3], [3, 1], [3, 2], [1, 1], [2, 2]],1308,373,1294,452
394180,3,70,101,[7, 12, 10, 2, 1, 4],[[1, 3], [2, 3], [3, 1], [3, 2], [1, 1], [2, 2]],1279,353,1302,448
394232,3,70,101,[7, 12, 10, 2, 1, 4],[[1, 3], [2, 3], [3, 1], [3, 2], [1, 1], [2, 2]],1271,373,1324,444
394284,3,70,101,[7, 12, 10, 2, 1, 4],[[1, 3], [2, 3], [3, 1], [3, 2], [1, 1], [2, 2]],1260,350,1342,444
394337,3,70,101,[7, 12, 10, 2, 1, 4],[[1, 3], [2, 3], [3, 1], [3, 2], [1, 1], [2, 2]],1261,365,1342,444
394395,3,70,101,[7, 12, 10, 2, 1, 4],[[1, 3], [2, 3], [3, 1], [3, 2], [1, 1], [2, 2]],1262,363,1342,430
394449,3,70,101,[7, 12, 10, 2, 1, 4],[[1, 3], [2, 3], [3, 1], [3, 2], [1, 1], [2, 2]],1269,357,1309,389
394501,3,70,101,[7, 12, 10, 2, 1, 4],[[1, 3], [2, 3], [3, 1], [3, 2], [1, 1], [2, 2]],1278,344,1302,385
394554,3,70,101,[7, 12, 10, 2, 1, 4],[[1, 3], [2, 3], [3, 1], [3, 2], [1, 1], [2, 2]],1287,348,1266,380
394607,3,70,101,[7, 12, 10, 2, 1, 4],[[1, 3], [2, 3], [3, 1], [3, 2], [1, 1], [2, 2]],1266,380,1254,374
394655,3,70,101,[7, 12, 10, 2, 1, 4],[[1, 3], [2, 3], [3, 1], [3, 2], [1, 1], [2, 2]],1238,381,1252,373
394713,3,70,101,[7, 12, 10, 2, 1, 4],[[1, 3], [2, 3], [3, 1], [3, 2], [1, 1], [2, 2]],1270,409,1249,370
394766,3,70,101,[7, 12, 10, 2, 1, 4],[[1, 3], [2, 3], [3, 1], [3, 2], [1, 1], [2, 2]],1257,416,1248,370
394819,3,70,101,[7, 12, 10, 2, 1, 4],[[1, 3], [2, 3], [3, 1], [3, 2], [1, 1], [2, 2]],1277,399,1253,372
394871,3,70,101,[7, 12, 10, 2, 1, 4],[[1, 3], [2, 3], [3, 1], [3, 2], [1, 1], [2, 2]],1276,376,1281,376
394924,3,70,101,[7, 12, 10, 2, 1, 4],[[1, 3], [2, 3], [3, 1], [3, 2], [1, 1], [2, 2]],1273,382,1322,375
394978,3,70,101,[7, 12, 10, 2, 1, 4],[[1, 3], [2, 3], [3, 1], [3, 2], [1, 1], [2, 2]],1282,362,1326,376
395044,3,70,101,[7, 12, 10, 2, 1, 4],[[1, 3], [2, 3], [3, 1], [3, 2], [1, 1], [2, 2]],1296,351,1328,393
395113,3,70,101,[7, 12, 10, 2, 1, 4],[[1, 3], [2, 3], [3, 1], [3, 2], [1, 1], [2, 2]],1264,359,1306,442
395184,3,70,101,[7, 12, 10, 2, 1, 4],[[1, 3], [2, 3], [3, 1], [3, 2], [1, 1], [2, 2]],1259,357,1298,457
395245,3,70,101,[7, 12, 10, 2, 1, 4],[[1, 3], [2, 3], [3, 1], [3, 2], [1, 1], [2, 2]],1243,333,1293,469
395309,3,70,101,[7, 12, 10, 2, 1, 4],[[1, 3], [2, 3], [3, 1], [3, 2], [1, 1], [2, 2]],1264,324,1293,470
395382,3,70,101,[7, 12, 10, 2, 1, 4],[[1, 3], [2, 3], [3, 1], [3, 2], [1, 1], [2, 2]],1265,342,1291,448
395438,3,70,101,[7, 12, 10, 2, 1, 4],[[1, 3], [2, 3], [3, 1], [3, 2], [1, 1], [2, 2]],1280,346,1240,358
395515,3,70,101,[7, 12, 10, 2, 1, 4],[[1, 3], [2, 3], [3, 1], [3, 2], [1, 1], [2, 2]],1292,324,1201,331
395586,3,70,101,[7, 12, 10, 2, 1, 4],[[1, 3], [2, 3], [3, 1], [3, 2], [1, 1], [2, 2]],1270,339,1178,324
395657,3,70,101,[7, 12, 10, 2, 1, 4],[[1, 3], [2, 3], [3, 1], [3, 2], [1, 1], [2, 2]],1286,335,1171,324
395712,3,70,101,[7, 12, 10, 2, 1, 4],[[1, 3], [2, 3], [3, 1], [3, 2], [1, 1], [2, 2]],1289,360,1187,315
395777,3,70,101,[7, 12, 10, 2, 1, 4],[[1, 3], [2, 3], [3, 1], [3, 2], [1, 1], [2, 2]],1267,347,1255,272
395844,3,70,101,[7, 12, 10, 2, 1, 4],[[1, 3], [2, 3], [3, 1], [3, 2], [1, 1], [2, 2]],1266,352,1273,261
395909,3,70,101,[7, 12, 10, 2, 1, 4],[[1, 3], [2, 3], [3, 1], [3, 2], [1, 1], [2, 2]],1257,373,1285,271
395968,3,70,101,[7, 12, 10, 2, 1, 4],[[1, 3], [2, 3], [3, 1], [3, 2], [1, 1], [2, 2]],1258,364,1291,316
396028,3,70,101,[7, 12, 10, 2, 1, 4],[[1, 3], [2, 3], [3, 1], [3, 2], [1, 1], [2, 2]],1242,360,1295,378
396095,3,70,101,[7, 12, 10, 2, 1, 4],[[1, 3], [2, 3], [3, 1], [3, 2], [1, 1], [2, 2]],1231,338,1297,414
396152,3,70,101,[7, 12, 10, 2, 1, 4],[[1, 3], [2, 3], [3, 1], [3, 2], [1, 1], [2, 2]],1248,339,1295,439
396214,3,70,101,[7, 12, 10, 2, 1, 4],[[1, 3], [2, 3], [3, 1], [3, 2], [1, 1], [2, 2]],1241,336,1289,449
396273,3,70,101,[7, 12, 10, 2, 1, 4],[[1, 3], [2, 3], [3, 1], [3, 2], [1, 1], [2, 2]],1238,364,1279,462
396331,3,70,101,[7, 12, 10, 2, 1, 4],[[1, 3], [2, 3], [3, 1], [3, 2], [1, 1], [2, 2]],1244,340,1268,461
396385,3,70,101,[7, 12, 10, 2, 1, 4],[[1, 3], [2, 3], [3, 1], [3, 2], [1, 1], [2, 2]],1244,305,1239,450
396443,3,70,101,[7, 12, 10, 2, 1, 4],[[1, 3], [2, 3], [3, 1], [3, 2], [1, 1], [2, 2]],1253,288,1233,447
396499,3,70,101,[7, 12, 10, 2, 1, 4],[[1, 3], [2, 3], [3, 1], [3, 2], [1, 1], [2, 2]],1240,289,1212,400
396552,3,70,101,[7, 12, 10, 2, 1, 4],[[1, 3], [2, 3], [3, 1], [3, 2], [1, 1], [2, 2]],1250,268,1209,375
396605,3,70,101,[7, 12, 10, 2, 1, 4],[[1, 3], [2, 3], [3, 1], [3, 2], [1, 1], [2, 2]],1247,297,1209,354
396658,3,70,101,[7, 12, 10, 2, 1, 4],[[1, 3], [2, 3], [3, 1], [3, 2], [1, 1], [2, 2]],1230,300,1222,347
396707,3,70,101,[7, 12, 10, 2, 1, 4],[[1, 3], [2, 3], [3, 1], [3, 2], [1, 1], [2, 2]],1235,316,1242,334
396764,3,70,101,[7, 12, 10, 2, 1, 4],[[1, 3], [2, 3], [3, 1], [3, 2], [1, 1], [2, 2]],1219,316,1253,318
396812,3,70,101,[7, 12, 10, 2, 1, 4],[[1, 3], [2, 3], [3, 1], [3, 2], [1, 1], [2, 2]],1207,322,1248,294
396865,3,71,119,[7, 12, 11, 3, 5, 8],[[2, 3], [3, 3], [1, 1], [1, 2], [1, 3], [2, 2]],1216,341,1250,281
396915,3,71,119,[7, 12, 11, 3, 5, 8],[[2, 3], [3, 3], [1, 1], [1, 2], [1, 3], [2, 2]],1210,352,1256,268
396979,3,71,119,[7, 12, 11, 3, 5, 8],[[2, 3], [3, 3], [1, 1], [1, 2], [1, 3], [2, 2]],1216,345,1258,266
397044,3,71,119,[7, 12, 11, 3, 5, 8],[[2, 3], [3, 3], [1, 1], [1, 2], [1, 3], [2, 2]],1225,352,1258,266
397102,3,71,119,[7, 12, 11, 3, 5, 8],[[2, 3], [3, 3], [1, 1], [1, 2], [1, 3], [2, 2]],1218,376,1247,260
397168,3,71,119,[7, 12, 11, 3, 5, 8],[[2, 3], [3, 3], [1, 1], [1, 2], [1, 3], [2, 2]],1214,377,1237,264
397231,3,71,119,[7, 12, 11, 3, 5, 8],[[2, 3], [3, 3], [1, 1], [1, 2], [1, 3], [2, 2]],1203,362,1241,283
397295,3,71,119,[7, 12, 11, 3, 5, 8],[[2, 3], [3, 3], [1, 1], [1, 2], [1, 3], [2, 2]],1199,385,1257,311
397354,3,71,119,[7, 12, 11, 3, 5, 8],[[2, 3], [3, 3], [1, 1], [1, 2], [1, 3], [2, 2]],1208,413,1264,332
397436,3,71,119,[7, 12, 11, 3, 5, 8],[[2, 3], [3, 3], [1, 1], [1, 2], [1, 3], [2, 2]],1225,398,1254,382
397492,3,71,119,[7, 12, 11, 3, 5, 8],[[2, 3], [3, 3], [1, 1], [1, 2], [1, 3], [2, 2]],1239,410,1239,417
397548,3,71,119,[7, 12, 11, 3, 5, 8],[[2, 3], [3, 3], [1, 1], [1, 2], [1, 3], [2, 2]],1269,427,1227,430
397616,3,71,119,[7, 12, 11, 3, 5, 8],[[2, 3], [3, 3], [1, 1], [1, 2], [1, 3], [2, 2]],1282,418,1218,433
397679,3,71,119,[7, 12, 11, 3, 5, 8],[[2, 3], [3, 3], [1, 1], [1, 2], [1, 3], [2, 2]],1287,387,1204,435
397743,3,71,119,[7, 12, 11, 3, 5, 8],[[2, 3], [3, 3], [1, 1], [1, 2], [1, 3], [2, 2]],1298,375,1201,438
397817,3,71,119,[7, 12, 11, 3, 5, 8],[[2, 3], [3, 3], [1, 1], [1, 2], [1, 3], [2, 2]],1275,366,1201,439
397872,3,71,119,[7, 12, 11, 3, 5, 8],[[2, 3], [3, 3], [1, 1], [1, 2], [1, 3], [2, 2]],1322,394,1205,442
397934,3,71,119,[7, 12, 11, 3, 5, 8],[[2, 3], [3, 3], [1, 1], [1, 2], [1, 3], [2, 2]],1324,396,1218,438
397987,3,71,119,[7, 12, 11, 3, 5, 8],[[2, 3], [3, 3], [1, 1], [1, 2], [1, 3], [2, 2]],1320,389,1264,417
398068,3,71,119,[7, 12, 11, 3, 5, 8],[[2, 3], [3, 3], [1, 1], [1, 2], [1, 3], [2, 2]],1314,386,1294,399
398130,3,71,119,[7, 12, 11, 3, 5, 8],[[2, 3], [3, 3], [1, 1], [1, 2], [1, 3], [2, 2]],1345,388,1295,393
398189,3,71,119,[7, 12, 11, 3, 5, 8],[[2, 3], [3, 3], [1, 1], [1, 2], [1, 3], [2, 2]],1348,405,1312,386
398242,3,71,119,[7, 12, 11, 3, 5, 8],[[2, 3], [3, 3], [1, 1], [1, 2], [1, 3], [2, 2]],1370,396,1321,386
398294,3,71,119,[7, 12, 11, 3, 5, 8],[[2, 3], [3, 3], [1, 1], [1, 2], [1, 3], [2, 2]],1359,405,1321,386
398347,3,71,119,[7, 12, 11, 3, 5, 8],[[2, 3], [3, 3], [1, 1], [1, 2], [1, 3], [2, 2]],1330,389,1321,386
398401,3,71,119,[7, 12, 11, 3, 5, 8],[[2, 3], [3, 3], [1, 1], [1, 2], [1, 3], [2, 2]],1335,398,1321,386
398455,3,71,119,[7, 12, 11, 3, 5, 8],[[2, 3], [3, 3], [1, 1], [1, 2], [1, 3], [2, 2]],1334,397,1321,386
398508,3,71,119,[7, 12, 11, 3, 5, 8],[[2, 3], [3, 3], [1, 1], [1, 2], [1, 3], [2, 2]],1345,419,1321,395
398561,3,71,119,[7, 12, 11, 3, 5, 8],[[2, 3], [3, 3], [1, 1], [1, 2], [1, 3], [2, 2]],1352,420,1319,398
398611,3,71,119,[7, 12, 11, 3, 5, 8],[[2, 3], [3, 3], [1, 1], [1, 2], [1, 3], [2, 2]],1368,450,1319,398
398664,3,71,119,[7, 12, 11, 3, 5, 8],[[2, 3], [3, 3], [1, 1], [1, 2], [1, 3], [2, 2]],1353,422,1315,399
398713,3,71,119,[7, 12, 11, 3, 5, 8],[[2, 3], [3, 3], [1, 1], [1, 2], [1, 3], [2, 2]],1350,430,1311,400
398762,3,71,119,[7, 12, 11, 3, 5, 8],[[2, 3], [3, 3], [1, 1], [1, 2], [1, 3], [2, 2]],1352,432,1311,400
398826,3,71,119,[7, 12, 11, 3, 5, 8],[[2, 3], [3, 3], [1, 1], [1, 2], [1, 3], [2, 2]],1320,436,1311,402
398875,3,71,119,[7, 12, 11, 3, 5, 8],[[2, 3], [3, 3], [1, 1], [1, 2], [1, 3], [2, 2]],1319,448,1309,408
398939,3,71,119,[7, 12, 11, 3, 5, 8],[[2, 3], [3, 3], [1, 1], [1, 2], [1, 3], [2, 2]],1343,444,1309,408
398987,3,71,119,[7, 12, 11, 3, 5, 8],[[2, 3], [3, 3], [1, 1], [1, 2], [1, 3], [2, 2]],1336,440,1309,408
399051,3,71,119,[7, 12, 11, 3, 5, 8],[[2, 3], [3, 3], [1, 1], [1, 2], [1, 3], [2, 2]],1341,411,1309,408
399109,3,71,119,[7, 12, 11, 3, 5, 8],[[2, 3], [3, 3], [1, 1], [1, 2], [1, 3], [2, 2]],1358,394,1309,408
399165,3,71,119,[7, 12, 11, 3, 5, 8],[[2, 3], [3, 3], [1, 1], [1, 2], [1, 3], [2, 2]],1334,409,1309,408
399247,3,71,119,[7, 12, 11, 3, 5, 8],[[2, 3], [3, 3], [1, 1], [1, 2], [1, 3], [2, 2]],1335,402,1309,408
399306,3,71,119,[7, 12, 11, 3, 5, 8],[[2, 3], [3, 3], [1, 1], [1, 2], [1, 3], [2, 2]],1337,398,1309,408
399382,3,71,119,[7, 12, 11, 3, 5, 8],[[2, 3], [3, 3], [1, 1], [1, 2], [1, 3], [2, 2]],1345,389,1309,408
399438,3,71,119,[7, 12, 11, 3, 5, 8],[[2, 3], [3, 3], [1, 1], [1, 2], [1, 3], [2, 2]],1317,378,1309,408
399495,3,71,119,[7, 12, 11, 3, 5, 8],[[2, 3], [3, 3], [1, 1], [1, 2], [1, 3], [2, 2]],1287,381,1309,408
399569,3,71,119,[7, 12, 11, 3, 5, 8],[[2, 3], [3, 3], [1, 1], [1, 2], [1, 3], [2, 2]],1302,350,1309,408
399655,3,71,119,[7, 12, 11, 3, 5, 8],[[2, 3], [3, 3], [1, 1], [1, 2], [1, 3], [2, 2]],1326,350,1309,408
399743,3,71,119,[7, 12, 11, 3, 5, 8],[[2, 3], [3, 3], [1, 1], [1, 2], [1, 3], [2, 2]],1326,333,1320,408
399798,3,71,119,[7, 12, 11, 3, 5, 8],[[2, 3], [3, 3], [1, 1], [1, 2], [1, 3], [2, 2]],1327,364,1327,405
399868,3,71,119,[7, 12, 11, 3, 5, 8],[[2, 3], [3, 3], [1, 1], [1, 2], [1, 3], [2, 2]],1332,354,1325,396
399925,3,71,119,[7, 12, 11, 3, 5, 8],[[2, 3], [3, 3], [1, 1], [1, 2], [1, 3], [2, 2]],1338,387,1314,390
399987,3,71,119,[7, 12, 11, 3, 5, 8],[[2, 3], [3, 3], [1, 1], [1, 2], [1, 3], [2, 2]],1320,409,1304,386
400037,3,71,119,[7, 12, 11, 3, 5, 8],[[2, 3], [3, 3], [1, 1], [1, 2], [1, 3], [2, 2]],1305,409,1302,381
400097,3,71,119,[7, 12, 11, 3, 5, 8],[[2, 3], [3, 3], [1, 1], [1, 2], [1, 3], [2, 2]],1287,435,1302,366
400152,3,71,119,[7, 12, 11, 3, 5, 8],[[2, 3], [3, 3], [1, 1], [1, 2], [1, 3], [2, 2]],1314,442,1315,344
400209,3,71,119,[7, 12, 11, 3, 5, 8],[[2, 3], [3, 3], [1, 1], [1, 2], [1, 3], [2, 2]],1322,427,1316,341
400271,3,71,119,[7, 12, 11, 3, 5, 8],[[2, 3], [3, 3], [1, 1], [1, 2], [1, 3], [2, 2]],1320,437,1308,337
400325,3,71,119,[7, 12, 11, 3, 5, 8],[[2, 3], [3, 3], [1, 1], [1, 2], [1, 3], [2, 2]],1323,435,1301,334
400382,3,71,119,[7, 12, 11, 3, 5, 8],[[2, 3], [3, 3], [1, 1], [1, 2], [1, 3], [2, 2]],1315,416,1300,337
400440,3,71,119,[7, 12, 11, 3, 5, 8],[[2, 3], [3, 3], [1, 1], [1, 2], [1, 3], [2, 2]],1316,407,1289,388
400497,3,71,119,[7, 12, 11, 3, 5, 8],[[2, 3], [3, 3], [1, 1], [1, 2], [1, 3], [2, 2]],1309,397,1316,426
400556,3,71,119,[7, 12, 11, 3, 5, 8],[[2, 3], [3, 3], [1, 1], [1, 2], [1, 3], [2, 2]],1301,379,1342,438
400613,3,71,119,[7, 12, 11, 3, 5, 8],[[2, 3], [3, 3], [1, 1], [1, 2], [1, 3], [2, 2]],1311,379,1375,452
400672,3,71,119,[7, 12, 11, 3, 5, 8],[[2, 3], [3, 3], [1, 1], [1, 2], [1, 3], [2, 2]],1315,353,1377,453
400733,3,71,119,[7, 12, 11, 3, 5, 8],[[2, 3], [3, 3], [1, 1], [1, 2], [1, 3], [2, 2]],1307,367,1377,453
400800,3,71,119,[7, 12, 11, 3, 5, 8],[[2, 3], [3, 3], [1, 1], [1, 2], [1, 3], [2, 2]],1286,349,1377,453
400867,3,71,119,[7, 12, 11, 3, 5, 8],[[2, 3], [3, 3], [1, 1], [1, 2], [1, 3], [2, 2]],1275,344,1360,430
400925,3,72,113,[7, 12, 10, 2, 1, 4],[[2, 3], [3, 3], [1, 1], [1, 2], [2, 1], [3, 2]],1263,347,1351,413
418247,4,72,113,[7, 12, 10, 2, 1, 4],[[2, 3], [3, 3], [1, 1], [1, 2], [2, 1], [3, 2]],963,558,960,541
418303,4,72,113,[7, 12, 10, 2, 1, 4],[[2, 3], [3, 3], [1, 1], [1, 2], [2, 1], [3, 2]],941,547,960,541
418356,4,72,113,[7, 12, 10, 2, 1, 4],[[2, 3], [3, 3], [1, 1], [1, 2], [2, 1], [3, 2]],947,565,960,541
418409,4,72,113,[7, 12, 10, 2, 1, 4],[[2, 3], [3, 3], [1, 1], [1, 2], [2, 1], [3, 2]],993,569,960,541
418462,4,72,113,[7, 12, 10, 2, 1, 4],[[2, 3], [3, 3], [1, 1], [1, 2], [2, 1], [3, 2]],986,572,960,541
418516,4,72,113,[7, 12, 10, 2, 1, 4],[[2, 3], [3, 3], [1, 1], [1, 2], [2, 1], [3, 2]],978,565,960,541
418564,4,72,113,[7, 12, 10, 2, 1, 4],[[2, 3], [3, 3], [1, 1], [1, 2], [2, 1], [3, 2]],968,551,960,541
418617,4,72,113,[7, 12, 10, 2, 1, 4],[[2, 3], [3, 3], [1, 1], [1, 2], [2, 1], [3, 2]],954,554,960,541
418676,4,72,113,[7, 12, 10, 2, 1, 4],[[2, 3], [3, 3], [1, 1], [1, 2], [2, 1], [3, 2]],935,570,960,541
418725,4,72,113,[7, 12, 10, 2, 1, 4],[[2, 3], [3, 3], [1, 1], [1, 2], [2, 1], [3, 2]],897,598,960,541
418769,4,72,113,[7, 12, 10, 2, 1, 4],[[2, 3], [3, 3], [1, 1], [1, 2], [2, 1], [3, 2]],910,590,960,541
418820,4,72,113,[7, 12, 10, 2, 1, 4],[[2, 3], [3, 3], [1, 1], [1, 2], [2, 1], [3, 2]],928,600,960,541
418856,4,72,113,[7, 12, 10, 2, 1, 4],[[2, 3], [3, 3], [1, 1], [1, 2], [2, 1], [3, 2]],916,608,960,541
418925,4,72,113,[7, 12, 10, 2, 1, 4],[[2, 3], [3, 3], [1, 1], [1, 2], [2, 1], [3, 2]],919,613,965,538
418988,4,72,113,[7, 12, 10, 2, 1, 4],[[2, 3], [3, 3], [1, 1], [1, 2], [2, 1], [3, 2]],930,644,970,553
419037,4,72,113,[7, 12, 10, 2, 1, 4],[[2, 3], [3, 3], [1, 1], [1, 2], [2, 1], [3, 2]],944,661,970,561
419094,4,72,113,[7, 12, 10, 2, 1, 4],[[2, 3], [3, 3], [1, 1], [1, 2], [2, 1], [3, 2]],935,655,970,562
419161,4,72,113,[7, 12, 10, 2, 1, 4],[[2, 3], [3, 3], [1, 1], [1, 2], [2, 1], [3, 2]],926,676,970,572
419217,4,72,113,[7, 12, 10, 2, 1, 4],[[2, 3], [3, 3], [1, 1], [1, 2], [2, 1], [3, 2]],900,686,970,583
419281,4,73,94,[9, 6, 10, 2, 1, 4],[[1, 3], [2, 3], [3, 2], [3, 3], [1, 1], [2, 2]],902,670,967,604
419350,4,73,94,[9, 6, 10, 2, 1, 4],[[1, 3], [2, 3], [3, 2], [3, 3], [1, 1], [2, 2]],905,669,967,610
419403,4,73,94,[9, 6, 10, 2, 1, 4],[[1, 3], [2, 3], [3, 2], [3, 3], [1, 1], [2, 2]],902,685,967,610
419480,4,73,94,[9, 6, 10, 2, 1, 4],[[1, 3], [2, 3], [3, 2], [3, 3], [1, 1], [2, 2]],874,655,964,621
419571,4,73,94,[9, 6, 10, 2, 1, 4],[[1, 3], [2, 3], [3, 2], [3, 3], [1, 1], [2, 2]],884,665,959,627
419653,4,73,94,[9, 6, 10, 2, 1, 4],[[1, 3], [2, 3], [3, 2], [3, 3], [1, 1], [2, 2]],880,694,945,624
419719,4,73,94,[9, 6, 10, 2, 1, 4],[[1, 3], [2, 3], [3, 2], [3, 3], [1, 1], [2, 2]],879,700,943,623
419786,4,73,94,[9, 6, 10, 2, 1, 4],[[1, 3], [2, 3], [3, 2], [3, 3], [1, 1], [2, 2]],866,678,933,619
419860,4,73,94,[9, 6, 10, 2, 1, 4],[[1, 3], [2, 3], [3, 2], [3, 3], [1, 1], [2, 2]],878,689,926,618
419916,4,73,94,[9, 6, 10, 2, 1, 4],[[1, 3], [2, 3], [3, 2], [3, 3], [1, 1], [2, 2]],893,683,918,632
419979,4,73,94,[9, 6, 10, 2, 1, 4],[[1, 3], [2, 3], [3, 2], [3, 3], [1, 1], [2, 2]],891,685,908,649
420061,4,73,94,[9, 6, 10, 2, 1, 4],[[1, 3], [2, 3], [3, 2], [3, 3], [1, 1], [2, 2]],870,686,901,660
420107,4,73,94,[9, 6, 10, 2, 1, 4],[[1, 3], [2, 3], [3, 2], [3, 3], [1, 1], [2, 2]],872,704,893,666
420187,4,73,94,[9, 6, 10, 2, 1, 4],[[1, 3], [2, 3], [3, 2], [3, 3], [1, 1], [2, 2]],853,679,892,666
420242,4,73,94,[9, 6, 10, 2, 1, 4],[[1, 3], [2, 3], [3, 2], [3, 3], [1, 1], [2, 2]],824,654,892,666
420301,4,73,94,[9, 6, 10, 2, 1, 4],[[1, 3], [2, 3], [3, 2], [3, 3], [1, 1], [2, 2]],818,655,892,666
420346,4,73,94,[9, 6, 10, 2, 1, 4],[[1, 3], [2, 3], [3, 2], [3, 3], [1, 1], [2, 2]],790,632,892,665
420386,4,73,94,[9, 6, 10, 2, 1, 4],[[1, 3], [2, 3], [3, 2], [3, 3], [1, 1], [2, 2]],809,631,895,662
420438,4,73,94,[9, 6, 10, 2, 1, 4],[[1, 3], [2, 3], [3, 2], [3, 3], [1, 1], [2, 2]],815,623,899,662
420497,4,73,94,[9, 6, 10, 2, 1, 4],[[1, 3], [2, 3], [3, 2], [3, 3], [1, 1], [2, 2]],821,616,900,663
420550,4,73,94,[9, 6, 10, 2, 1, 4],[[1, 3], [2, 3], [3, 2], [3, 3], [1, 1], [2, 2]],815,624,893,663
420609,4,73,94,[9, 6, 10, 2, 1, 4],[[1, 3], [2, 3], [3, 2], [3, 3], [1, 1], [2, 2]],837,616,872,667
420658,4,73,94,[9, 6, 10, 2, 1, 4],[[1, 3], [2, 3], [3, 2], [3, 3], [1, 1], [2, 2]],847,612,866,667
420694,4,73,94,[9, 6, 10, 2, 1, 4],[[1, 3], [2, 3], [3, 2], [3, 3], [1, 1], [2, 2]],866,643,859,664
420752,4,73,94,[9, 6, 10, 2, 1, 4],[[1, 3], [2, 3], [3, 2], [3, 3], [1, 1], [2, 2]],864,651,847,657
420806,4,73,94,[9, 6, 10, 2, 1, 4],[[1, 3], [2, 3], [3, 2], [3, 3], [1, 1], [2, 2]],861,659,830,648
420855,4,73,94,[9, 6, 10, 2, 1, 4],[[1, 3], [2, 3], [3, 2], [3, 3], [1, 1], [2, 2]],856,671,829,648
420908,4,73,94,[9, 6, 10, 2, 1, 4],[[1, 3], [2, 3], [3, 2], [3, 3], [1, 1], [2, 2]],839,671,829,648
420963,4,73,94,[9, 6, 10, 2, 1, 4],[[1, 3], [2, 3], [3, 2], [3, 3], [1, 1], [2, 2]],841,682,850,647
421016,4,73,94,[9, 6, 10, 2, 1, 4],[[1, 3], [2, 3], [3, 2], [3, 3], [1, 1], [2, 2]],850,691,878,663
421070,4,73,94,[9, 6, 10, 2, 1, 4],[[1, 3], [2, 3], [3, 2], [3, 3], [1, 1], [2, 2]],819,700,881,670
421135,4,73,94,[9, 6, 10, 2, 1, 4],[[1, 3], [2, 3], [3, 2], [3, 3], [1, 1], [2, 2]],837,683,880,675
421205,4,73,94,[9, 6, 10, 2, 1, 4],[[1, 3], [2, 3], [3, 2], [3, 3], [1, 1], [2, 2]],846,668,874,687
421281,4,73,94,[9, 6, 10, 2, 1, 4],[[1, 3], [2, 3], [3, 2], [3, 3], [1, 1], [2, 2]],841,666,870,699
421347,4,73,94,[9, 6, 10, 2, 1, 4],[[1, 3], [2, 3], [3, 2], [3, 3], [1, 1], [2, 2]],856,631,863,705
421413,4,73,94,[9, 6, 10, 2, 1, 4],[[1, 3], [2, 3], [3, 2], [3, 3], [1, 1], [2, 2]],875,626,837,708
421500,4,73,94,[9, 6, 10, 2, 1, 4],[[1, 3], [2, 3], [3, 2], [3, 3], [1, 1], [2, 2]],866,636,823,703
421559,4,73,94,[9, 6, 10, 2, 1, 4],[[1, 3], [2, 3], [3, 2], [3, 3], [1, 1], [2, 2]],875,640,823,702
421623,4,73,94,[9, 6, 10, 2, 1, 4],[[1, 3], [2, 3], [3, 2], [3, 3], [1, 1], [2, 2]],877,639,824,691
421712,4,73,94,[9, 6, 10, 2, 1, 4],[[1, 3], [2, 3], [3, 2], [3, 3], [1, 1], [2, 2]],886,660,852,683
421764,4,73,94,[9, 6, 10, 2, 1, 4],[[1, 3], [2, 3], [3, 2], [3, 3], [1, 1], [2, 2]],871,650,892,681
421849,4,73,94,[9, 6, 10, 2, 1, 4],[[1, 3], [2, 3], [3, 2], [3, 3], [1, 1], [2, 2]],864,648,898,667
421914,4,73,94,[9, 6, 10, 2, 1, 4],[[1, 3], [2, 3], [3, 2], [3, 3], [1, 1], [2, 2]],869,647,903,656
421960,4,73,94,[9, 6, 10, 2, 1, 4],[[1, 3], [2, 3], [3, 2], [3, 3], [1, 1], [2, 2]],849,644,903,656
422014,4,73,94,[9, 6, 10, 2, 1, 4],[[1, 3], [2, 3], [3, 2], [3, 3], [1, 1], [2, 2]],830,636,903,658
422072,4,73,94,[9, 6, 10, 2, 1, 4],[[1, 3], [2, 3], [3, 2], [3, 3], [1, 1], [2, 2]],831,613,905,662
422153,4,73,94,[9, 6, 10, 2, 1, 4],[[1, 3], [2, 3], [3, 2], [3, 3], [1, 1], [2, 2]],832,600,912,669
422191,4,73,94,[9, 6, 10, 2, 1, 4],[[1, 3], [2, 3], [3, 2], [3, 3], [1, 1], [2, 2]],805,610,912,669
422246,4,73,94,[9, 6, 10, 2, 1, 4],[[1, 3], [2, 3], [3, 2], [3, 3], [1, 1], [2, 2]],791,608,912,658
422308,4,73,94,[9, 6, 10, 2, 1, 4],[[1, 3], [2, 3], [3, 2], [3, 3], [1, 1], [2, 2]],808,632,900,652
422364,4,73,94,[9, 6, 10, 2, 1, 4],[[1, 3], [2, 3], [3, 2], [3, 3], [1, 1], [2, 2]],805,633,890,634
422422,4,73,94,[9, 6, 10, 2, 1, 4],[[1, 3], [2, 3], [3, 2], [3, 3], [1, 1], [2, 2]],788,657,891,616
422469,4,73,94,[9, 6, 10, 2, 1, 4],[[1, 3], [2, 3], [3, 2], [3, 3], [1, 1], [2, 2]],796,641,886,609
422519,4,73,94,[9, 6, 10, 2, 1, 4],[[1, 3], [2, 3], [3, 2], [3, 3], [1, 1], [2, 2]],824,641,878,603
422555,4,73,94,[9, 6, 10, 2, 1, 4],[[1, 3], [2, 3], [3, 2], [3, 3], [1, 1], [2, 2]],826,629,876,603
422614,4,73,94,[9, 6, 10, 2, 1, 4],[[1, 3], [2, 3], [3, 2], [3, 3], [1, 1], [2, 2]],835,629,876,603
422663,4,73,94,[9, 6, 10, 2, 1, 4],[[1, 3], [2, 3], [3, 2], [3, 3], [1, 1], [2, 2]],828,608,875,610
422703,4,73,94,[9, 6, 10, 2, 1, 4],[[1, 3], [2, 3], [3, 2], [3, 3], [1, 1], [2, 2]],837,603,873,618
422745,4,73,94,[9, 6, 10, 2, 1, 4],[[1, 3], [2, 3], [3, 2], [3, 3], [1, 1], [2, 2]],861,626,868,621
422801,4,73,94,[9, 6, 10, 2, 1, 4],[[1, 3], [2, 3], [3, 2], [3, 3], [1, 1], [2, 2]],862,616,861,623
422853,4,73,94,[9, 6, 10, 2, 1, 4],[[1, 3], [2, 3], [3, 2], [3, 3], [1, 1], [2, 2]],883,610,861,624
422916,4,73,94,[9, 6, 10, 2, 1, 4],[[1, 3], [2, 3], [3, 2], [3, 3], [1, 1], [2, 2]],902,616,860,628
422977,4,73,94,[9, 6, 10, 2, 1, 4],[[1, 3], [2, 3], [3, 2], [3, 3], [1, 1], [2, 2]],862,642,860,628
423039,4,73,94,[9, 6, 10, 2, 1, 4],[[1, 3], [2, 3], [3, 2], [3, 3], [1, 1], [2, 2]],872,641,864,629
423100,4,73,94,[9, 6, 10, 2, 1, 4],[[1, 3], [2, 3], [3, 2], [3, 3], [1, 1], [2, 2]],891,652,901,629
423168,4,73,94,[9, 6, 10, 2, 1, 4],[[1, 3], [2, 3], [3, 2], [3, 3], [1, 1], [2, 2]],883,651,902,629
423223,4,73,94,[9, 6, 10, 2, 1, 4],[[1, 3], [2, 3], [3, 2], [3, 3], [1, 1], [2, 2]],898,651,905,625
423306,4,73,94,[9, 6, 10, 2, 1, 4],[[1, 3], [2, 3], [3, 2], [3, 3], [1, 1], [2, 2]],880,651,905,625
423360,4,74,56,[9, 6, 11, 3, 1, 4],[[2, 1], [3, 1], [3, 2], [3, 3], [1, 2], [2, 3]],887,670,903,625
423419,4,74,56,[9, 6, 11, 3, 1, 4],[[2, 1], [3, 1], [3, 2], [3, 3], [1, 2], [2, 3]],884,657,899,631
423481,4,74,56,[9, 6, 11, 3, 1, 4],[[2, 1], [3, 1], [3, 2], [3, 3], [1, 2], [2, 3]],859,645,900,634
423537,4,74,56,[9, 6, 11, 3, 1, 4],[[2, 1], [3, 1], [3, 2], [3, 3], [1, 2], [2, 3]],857,632,908,640
423586,4,74,56,[9, 6, 11, 3, 1, 4],[[2, 1], [3, 1], [3, 2], [3, 3], [1, 2], [2, 3]],838,661,908,640
423687,4,74,56,[9, 6, 11, 3, 1, 4],[[2, 1], [3, 1], [3, 2], [3, 3], [1, 2], [2, 3]],848,670,908,640
423749,4,74,56,[9, 6, 11, 3, 1, 4],[[2, 1], [3, 1], [3, 2], [3, 3], [1, 2], [2, 3]],848,672,909,640
423824,4,74,56,[9, 6, 11, 3, 1, 4],[[2, 1], [3, 1], [3, 2], [3, 3], [1, 2], [2, 3]],845,663,909,640
423876,4,74,56,[9, 6, 11, 3, 1, 4],[[2, 1], [3, 1], [3, 2], [3, 3], [1, 2], [2, 3]],828,659,909,640
423936,4,74,56,[9, 6, 11, 3, 1, 4],[[2, 1], [3, 1], [3, 2], [3, 3], [1, 2], [2, 3]],817,679,909,640
423998,4,74,56,[9, 6, 11, 3, 1, 4],[[2, 1], [3, 1], [3, 2], [3, 3], [1, 2], [2, 3]],802,667,901,646
424058,4,74,56,[9, 6, 11, 3, 1, 4],[[2, 1], [3, 1], [3, 2], [3, 3], [1, 2], [2, 3]],794,688,882,659
424120,4,74,56,[9, 6, 11, 3, 1, 4],[[2, 1], [3, 1], [3, 2], [3, 3], [1, 2], [2, 3]],792,644,873,662
424172,4,74,56,[9, 6, 11, 3, 1, 4],[[2, 1], [3, 1], [3, 2], [3, 3], [1, 2], [2, 3]],807,629,855,662
424216,4,74,56,[9, 6, 11, 3, 1, 4],[[2, 1], [3, 1], [3, 2], [3, 3], [1, 2], [2, 3]],813,603,854,662
424282,4,74,56,[9, 6, 11, 3, 1, 4],[[2, 1], [3, 1], [3, 2], [3, 3], [1, 2], [2, 3]],789,611,843,663
424349,4,74,56,[9, 6, 11, 3, 1, 4],[[2, 1], [3, 1], [3, 2], [3, 3], [1, 2], [2, 3]],803,605,841,663
424390,4,74,56,[9, 6, 11, 3, 1, 4],[[2, 1], [3, 1], [3, 2], [3, 3], [1, 2], [2, 3]],807,620,841,663
424448,4,74,56,[9, 6, 11, 3, 1, 4],[[2, 1], [3, 1], [3, 2], [3, 3], [1, 2], [2, 3]],814,638,840,663
424502,4,74,56,[9, 6, 11, 3, 1, 4],[[2, 1], [3, 1], [3, 2], [3, 3], [1, 2], [2, 3]],804,639,844,649
424565,4,74,56,[9, 6, 11, 3, 1, 4],[[2, 1], [3, 1], [3, 2], [3, 3], [1, 2], [2, 3]],808,623,848,637
424635,4,74,56,[9, 6, 11, 3, 1, 4],[[2, 1], [3, 1], [3, 2], [3, 3], [1, 2], [2, 3]],792,634,837,633
424699,4,74,56,[9, 6, 11, 3, 1, 4],[[2, 1], [3, 1], [3, 2], [3, 3], [1, 2], [2, 3]],798,657,836,632
424757,4,74,56,[9, 6, 11, 3, 1, 4],[[2, 1], [3, 1], [3, 2], [3, 3], [1, 2], [2, 3]],794,655,849,641
424811,4,74,56,[9, 6, 11, 3, 1, 4],[[2, 1], [3, 1], [3, 2], [3, 3], [1, 2], [2, 3]],775,667,851,642
424869,4,74,56,[9, 6, 11, 3, 1, 4],[[2, 1], [3, 1], [3, 2], [3, 3], [1, 2], [2, 3]],788,657,851,642
424924,4,74,56,[9, 6, 11, 3, 1, 4],[[2, 1], [3, 1], [3, 2], [3, 3], [1, 2], [2, 3]],775,644,851,643
424987,4,74,56,[9, 6, 11, 3, 1, 4],[[2, 1], [3, 1], [3, 2], [3, 3], [1, 2], [2, 3]],751,634,855,645
425038,4,74,56,[9, 6, 11, 3, 1, 4],[[2, 1], [3, 1], [3, 2], [3, 3], [1, 2], [2, 3]],721,638,855,645
425100,4,74,56,[9, 6, 11, 3, 1, 4],[[2, 1], [3, 1], [3, 2], [3, 3], [1, 2], [2, 3]],710,621,851,649
425144,4,74,56,[9, 6, 11, 3, 1, 4],[[2, 1], [3, 1], [3, 2], [3, 3], [1, 2], [2, 3]],716,603,845,651
425228,4,74,56,[9, 6, 11, 3, 1, 4],[[2, 1], [3, 1], [3, 2], [3, 3], [1, 2], [2, 3]],719,602,844,651
425297,4,74,56,[9, 6, 11, 3, 1, 4],[[2, 1], [3, 1], [3, 2], [3, 3], [1, 2], [2, 3]],743,612,827,648
425342,4,74,56,[9, 6, 11, 3, 1, 4],[[2, 1], [3, 1], [3, 2], [3, 3], [1, 2], [2, 3]],742,598,815,644
425397,4,74,56,[9, 6, 11, 3, 1, 4],[[2, 1], [3, 1], [3, 2], [3, 3], [1, 2], [2, 3]],758,558,808,640
425467,4,74,56,[9, 6, 11, 3, 1, 4],[[2, 1], [3, 1], [3, 2], [3, 3], [1, 2], [2, 3]],772,542,797,628
425541,4,74,56,[9, 6, 11, 3, 1, 4],[[2, 1], [3, 1], [3, 2], [3, 3], [1, 2], [2, 3]],767,552,793,617
425599,4,74,56,[9, 6, 11, 3, 1, 4],[[2, 1], [3, 1], [3, 2], [3, 3], [1, 2], [2, 3]],783,535,795,613
425647,4,74,56,[9, 6, 11, 3, 1, 4],[[2, 1], [3, 1], [3, 2], [3, 3], [1, 2], [2, 3]],797,508,795,613
425701,4,74,56,[9, 6, 11, 3, 1, 4],[[2, 1], [3, 1], [3, 2], [3, 3], [1, 2], [2, 3]],788,501,795,608
425756,4,74,56,[9, 6, 11, 3, 1, 4],[[2, 1], [3, 1], [3, 2], [3, 3], [1, 2], [2, 3]],780,484,794,590
425811,4,74,56,[9, 6, 11, 3, 1, 4],[[2, 1], [3, 1], [3, 2], [3, 3], [1, 2], [2, 3]],781,485,801,562
425907,4,74,56,[9, 6, 11, 3, 1, 4],[[2, 1], [3, 1], [3, 2], [3, 3], [1, 2], [2, 3]],771,510,800,531
425958,4,74,56,[9, 6, 11, 3, 1, 4],[[2, 1], [3, 1], [3, 2], [3, 3], [1, 2], [2, 3]],781,498,800,513
426018,4,74,56,[9, 6, 11, 3, 1, 4],[[2, 1], [3, 1], [3, 2], [3, 3], [1, 2], [2, 3]],758,483,801,497
426076,4,74,56,[9, 6, 11, 3, 1, 4],[[2, 1], [3, 1], [3, 2], [3, 3], [1, 2], [2, 3]],772,505,799,486
426160,4,74,56,[9, 6, 11, 3, 1, 4],[[2, 1], [3, 1], [3, 2], [3, 3], [1, 2], [2, 3]],773,509,794,471
426240,4,74,56,[9, 6, 11, 3, 1, 4],[[2, 1], [3, 1], [3, 2], [3, 3], [1, 2], [2, 3]],776,486,793,471
426277,4,74,56,[9, 6, 11, 3, 1, 4],[[2, 1], [3, 1], [3, 2], [3, 3], [1, 2], [2, 3]],777,491,786,486
426348,4,74,56,[9, 6, 11, 3, 1, 4],[[2, 1], [3, 1], [3, 2], [3, 3], [1, 2], [2, 3]],776,482,783,492
426413,4,74,56,[9, 6, 11, 3, 1, 4],[[2, 1], [3, 1], [3, 2], [3, 3], [1, 2], [2, 3]],762,459,783,492
426471,4,74,56,[9, 6, 11, 3, 1, 4],[[2, 1], [3, 1], [3, 2], [3, 3], [1, 2], [2, 3]],756,447,777,486
426511,4,74,56,[9, 6, 11, 3, 1, 4],[[2, 1], [3, 1], [3, 2], [3, 3], [1, 2], [2, 3]],778,455,768,477
426558,4,74,56,[9, 6, 11, 3, 1, 4],[[2, 1], [3, 1], [3, 2], [3, 3], [1, 2], [2, 3]],758,455,764,473
426599,4,74,56,[9, 6, 11, 3, 1, 4],[[2, 1], [3, 1], [3, 2], [3, 3], [1, 2], [2, 3]],786,432,763,468
426642,4,74,56,[9, 6, 11, 3, 1, 4],[[2, 1], [3, 1], [3, 2], [3, 3], [1, 2], [2, 3]],788,437,766,468
426706,4,74,56,[9, 6, 11, 3, 1, 4],[[2, 1], [3, 1], [3, 2], [3, 3], [1, 2], [2, 3]],788,418,780,473
426767,4,74,56,[9, 6, 11, 3, 1, 4],[[2, 1], [3, 1], [3, 2], [3, 3], [1, 2], [2, 3]],838,432,792,480
426825,4,74,56,[9, 6, 11, 3, 1, 4],[[2, 1], [3, 1], [3, 2], [3, 3], [1, 2], [2, 3]],827,468,813,496
426879,4,74,56,[9, 6, 11, 3, 1, 4],[[2, 1], [3, 1], [3, 2], [3, 3], [1, 2], [2, 3]],790,477,828,499
426933,4,74,56,[9, 6, 11, 3, 1, 4],[[2, 1], [3, 1], [3, 2], [3, 3], [1, 2], [2, 3]],832,486,828,500
426996,4,74,56,[9, 6, 11, 3, 1, 4],[[2, 1], [3, 1], [3, 2], [3, 3], [1, 2], [2, 3]],823,481,831,497
427065,4,74,56,[9, 6, 11, 3, 1, 4],[[2, 1], [3, 1], [3, 2], [3, 3], [1, 2], [2, 3]],824,478,848,480
427130,4,74,56,[9, 6, 11, 3, 1, 4],[[2, 1], [3, 1], [3, 2], [3, 3], [1, 2], [2, 3]],841,501,853,475
427193,4,74,56,[9, 6, 11, 3, 1, 4],[[2, 1], [3, 1], [3, 2], [3, 3], [1, 2], [2, 3]],829,505,847,473
427241,4,74,56,[9, 6, 11, 3, 1, 4],[[2, 1], [3, 1], [3, 2], [3, 3], [1, 2], [2, 3]],827,509,840,470
427303,4,74,56,[9, 6, 11, 3, 1, 4],[[2, 1], [3, 1], [3, 2], [3, 3], [1, 2], [2, 3]],869,483,836,471
427348,4,74,56,[9, 6, 11, 3, 1, 4],[[2, 1], [3, 1], [3, 2], [3, 3], [1, 2], [2, 3]],870,485,836,472
427396,4,74,56,[9, 6, 11, 3, 1, 4],[[2, 1], [3, 1], [3, 2], [3, 3], [1, 2], [2, 3]],884,507,836,472
427450,4,75,142,[9, 6, 10, 2, 5, 8],[[2, 3], [3, 3], [3, 1], [3, 2], [1, 3], [2, 2]],846,502,857,489
427499,4,75,142,[9, 6, 10, 2, 5, 8],[[2, 3], [3, 3], [3, 1], [3, 2], [1, 3], [2, 2]],875,461,890,519
427573,4,75,142,[9, 6, 10, 2, 5, 8],[[2, 3], [3, 3], [3, 1], [3, 2], [1, 3], [2, 2]],877,479,899,529
427614,4,75,142,[9, 6, 10, 2, 5, 8],[[2, 3], [3, 3], [3, 1], [3, 2], [1, 3], [2, 2]],877,463,889,526
427693,4,75,142,[9, 6, 10, 2, 5, 8],[[2, 3], [3, 3], [3, 1], [3, 2], [1, 3], [2, 2]],879,453,892,525
427728,4,75,142,[9, 6, 10, 2, 5, 8],[[2, 3], [3, 3], [3, 1], [3, 2], [1, 3], [2, 2]],859,426,899,528
427791,4,75,142,[9, 6, 10, 2, 5, 8],[[2, 3], [3, 3], [3, 1], [3, 2], [1, 3], [2, 2]],874,413,899,528
427840,4,75,142,[9, 6, 10, 2, 5, 8],[[2, 3], [3, 3], [3, 1], [3, 2], [1, 3], [2, 2]],888,395,904,529
427894,4,75,142,[9, 6, 10, 2, 5, 8],[[2, 3], [3, 3], [3, 1], [3, 2], [1, 3], [2, 2]],895,388,909,529
427931,4,75,142,[9, 6, 10, 2, 5, 8],[[2, 3], [3, 3], [3, 1], [3, 2], [1, 3], [2, 2]],887,403,910,527
427987,4,75,142,[9, 6, 10, 2, 5, 8],[[2, 3], [3, 3], [3, 1], [3, 2], [1, 3], [2, 2]],901,419,910,503
428055,4,75,142,[9, 6, 10, 2, 5, 8],[[2, 3], [3, 3], [3, 1], [3, 2], [1, 3], [2, 2]],903,425,918,440
428107,4,75,142,[9, 6, 10, 2, 5, 8],[[2, 3], [3, 3], [3, 1], [3, 2], [1, 3], [2, 2]],904,403,904,405
428154,4,75,142,[9, 6, 10, 2, 5, 8],[[2, 3], [3, 3], [3, 1], [3, 2], [1, 3], [2, 2]],924,421,881,360
428210,4,75,142,[9, 6, 10, 2, 5, 8],[[2, 3], [3, 3], [3, 1], [3, 2], [1, 3], [2, 2]],936,438,869,330
428261,4,75,142,[9, 6, 10, 2, 5, 8],[[2, 3], [3, 3], [3, 1], [3, 2], [1, 3], [2, 2]],938,458,868,330
428324,4,75,142,[9, 6, 10, 2, 5, 8],[[2, 3], [3, 3], [3, 1], [3, 2], [1, 3], [2, 2]],951,467,865,326
428377,4,75,142,[9, 6, 10, 2, 5, 8],[[2, 3], [3, 3], [3, 1], [3, 2], [1, 3], [2, 2]],948,463,865,326
428435,4,75,142,[9, 6, 10, 2, 5, 8],[[2, 3], [3, 3], [3, 1], [3, 2], [1, 3], [2, 2]],940,460,881,355
428510,4,75,142,[9, 6, 10, 2, 5, 8],[[2, 3], [3, 3], [3, 1], [3, 2], [1, 3], [2, 2]],946,436,919,402
428565,4,75,142,[9, 6, 10, 2, 5, 8],[[2, 3], [3, 3], [3, 1], [3, 2], [1, 3], [2, 2]],944,460,930,419
428608,4,75,142,[9, 6, 10, 2, 5, 8],[[2, 3], [3, 3], [3, 1], [3, 2], [1, 3], [2, 2]],919,459,931,429
428672,4,75,142,[9, 6, 10, 2, 5, 8],[[2, 3], [3, 3], [3, 1], [3, 2], [1, 3], [2, 2]],914,465,934,464
428721,4,75,142,[9, 6, 10, 2, 5, 8],[[2, 3], [3, 3], [3, 1], [3, 2], [1, 3], [2, 2]],926,499,937,474
428761,4,75,142,[9, 6, 10, 2, 5, 8],[[2, 3], [3, 3], [3, 1], [3, 2], [1, 3], [2, 2]],919,493,944,487
428829,4,75,142,[9, 6, 10, 2, 5, 8],[[2, 3], [3, 3], [3, 1], [3, 2], [1, 3], [2, 2]],915,499,944,487
428883,4,75,142,[9, 6, 10, 2, 5, 8],[[2, 3], [3, 3], [3, 1], [3, 2], [1, 3], [2, 2]],899,502,941,467
428942,4,75,142,[9, 6, 10, 2, 5, 8],[[2, 3], [3, 3], [3, 1], [3, 2], [1, 3], [2, 2]],912,492,936,454
429007,4,75,142,[9, 6, 10, 2, 5, 8],[[2, 3], [3, 3], [3, 1], [3, 2], [1, 3], [2, 2]],891,498,933,449
429058,4,75,142,[9, 6, 10, 2, 5, 8],[[2, 3], [3, 3], [3, 1], [3, 2], [1, 3], [2, 2]],888,513,931,448
429106,4,75,142,[9, 6, 10, 2, 5, 8],[[2, 3], [3, 3], [3, 1], [3, 2], [1, 3], [2, 2]],891,504,931,448
429194,4,75,142,[9, 6, 10, 2, 5, 8],[[2, 3], [3, 3], [3, 1], [3, 2], [1, 3], [2, 2]],904,511,931,448
429253,4,75,142,[9, 6, 10, 2, 5, 8],[[2, 3], [3, 3], [3, 1], [3, 2], [1, 3], [2, 2]],907,543,931,448
429316,4,75,142,[9, 6, 10, 2, 5, 8],[[2, 3], [3, 3], [3, 1], [3, 2], [1, 3], [2, 2]],922,534,930,448
429368,4,75,142,[9, 6, 10, 2, 5, 8],[[2, 3], [3, 3], [3, 1], [3, 2], [1, 3], [2, 2]],901,531,939,530
429441,4,75,142,[9, 6, 10, 2, 5, 8],[[2, 3], [3, 3], [3, 1], [3, 2], [1, 3], [2, 2]],892,534,939,538
429497,4,75,142,[9, 6, 10, 2, 5, 8],[[2, 3], [3, 3], [3, 1], [3, 2], [1, 3], [2, 2]],897,562,937,540
429560,4,75,142,[9, 6, 10, 2, 5, 8],[[2, 3], [3, 3], [3, 1], [3, 2], [1, 3], [2, 2]],889,592,937,540
429625,4,75,142,[9, 6, 10, 2, 5, 8],[[2, 3], [3, 3], [3, 1], [3, 2], [1, 3], [2, 2]],881,578,937,540
429693,4,75,142,[9, 6, 10, 2, 5, 8],[[2, 3], [3, 3], [3, 1], [3, 2], [1, 3], [2, 2]],861,599,937,540
429753,4,75,142,[9, 6, 10, 2, 5, 8],[[2, 3], [3, 3], [3, 1], [3, 2], [1, 3], [2, 2]],886,587,937,540
429815,4,75,142,[9, 6, 10, 2, 5, 8],[[2, 3], [3, 3], [3, 1], [3, 2], [1, 3], [2, 2]],875,585,937,540
429877,4,75,142,[9, 6, 10, 2, 5, 8],[[2, 3], [3, 3], [3, 1], [3, 2], [1, 3], [2, 2]],866,568,934,545
429933,4,75,142,[9, 6, 10, 2, 5, 8],[[2, 3], [3, 3], [3, 1], [3, 2], [1, 3], [2, 2]],869,583,935,552
429994,4,75,142,[9, 6, 10, 2, 5, 8],[[2, 3], [3, 3], [3, 1], [3, 2], [1, 3], [2, 2]],860,578,941,556
430049,4,75,142,[9, 6, 10, 2, 5, 8],[[2, 3], [3, 3], [3, 1], [3, 2], [1, 3], [2, 2]],881,590,942,556
430124,4,75,142,[9, 6, 10, 2, 5, 8],[[2, 3], [3, 3], [3, 1], [3, 2], [1, 3], [2, 2]],869,590,942,556
430201,4,75,142,[9, 6, 10, 2, 5, 8],[[2, 3], [3, 3], [3, 1], [3, 2], [1, 3], [2, 2]],855,604,942,556
430251,4,75,142,[9, 6, 10, 2, 5, 8],[[2, 3], [3, 3], [3, 1], [3, 2], [1, 3], [2, 2]],854,634,938,550
430317,4,75,142,[9, 6, 10, 2, 5, 8],[[2, 3], [3, 3], [3, 1], [3, 2], [1, 3], [2, 2]],842,653,913,528
430379,4,75,142,[9, 6, 10, 2, 5, 8],[[2, 3], [3, 3], [3, 1], [3, 2], [1, 3], [2, 2]],864,690,910,526
430439,4,75,142,[9, 6, 10, 2, 5, 8],[[2, 3], [3, 3], [3, 1], [3, 2], [1, 3], [2, 2]],891,699,910,526
430482,4,75,142,[9, 6, 10, 2, 5, 8],[[2, 3], [3, 3], [3, 1], [3, 2], [1, 3], [2, 2]],905,696,910,530
430540,4,75,142,[9, 6, 10, 2, 5, 8],[[2, 3], [3, 3], [3, 1], [3, 2], [1, 3], [2, 2]],925,717,909,564
430600,4,75,142,[9, 6, 10, 2, 5, 8],[[2, 3], [3, 3], [3, 1], [3, 2], [1, 3], [2, 2]],927,705,911,610
430655,4,75,142,[9, 6, 10, 2, 5, 8],[[2, 3], [3, 3], [3, 1], [3, 2], [1, 3], [2, 2]],921,715,919,631
430718,4,75,142,[9, 6, 10, 2, 5, 8],[[2, 3], [3, 3], [3, 1], [3, 2], [1, 3], [2, 2]],904,690,933,646
430782,4,75,142,[9, 6, 10, 2, 5, 8],[[2, 3], [3, 3], [3, 1], [3, 2], [1, 3], [2, 2]],909,677,947,646
430835,4,75,142,[9, 6, 10, 2, 5, 8],[[2, 3], [3, 3], [3, 1], [3, 2], [1, 3], [2, 2]],921,687,963,646
430894,4,75,142,[9, 6, 10, 2, 5, 8],[[2, 3], [3, 3], [3, 1], [3, 2], [1, 3], [2, 2]],919,664,968,646
430935,4,75,142,[9, 6, 10, 2, 5, 8],[[2, 3], [3, 3], [3, 1], [3, 2], [1, 3], [2, 2]],908,654,968,647
430978,4,75,142,[9, 6, 10, 2, 5, 8],[[2, 3], [3, 3], [3, 1], [3, 2], [1, 3], [2, 2]],912,663,968,647
431036,4,75,142,[9, 6, 10, 2, 5, 8],[[2, 3], [3, 3], [3, 1], [3, 2], [1, 3], [2, 2]],908,668,968,647
431085,4,75,142,[9, 6, 10, 2, 5, 8],[[2, 3], [3, 3], [3, 1], [3, 2], [1, 3], [2, 2]],925,665,964,646
431142,4,75,142,[9, 6, 10, 2, 5, 8],[[2, 3], [3, 3], [3, 1], [3, 2], [1, 3], [2, 2]],946,650,953,645
431210,4,75,142,[9, 6, 10, 2, 5, 8],[[2, 3], [3, 3], [3, 1], [3, 2], [1, 3], [2, 2]],962,642,928,635
431267,4,75,142,[9, 6, 10, 2, 5, 8],[[2, 3], [3, 3], [3, 1], [3, 2], [1, 3], [2, 2]],969,632,919,631
431332,4,75,142,[9, 6, 10, 2, 5, 8],[[2, 3], [3, 3], [3, 1], [3, 2], [1, 3], [2, 2]],941,624,928,634
431397,4,75,142,[9, 6, 10, 2, 5, 8],[[2, 3], [3, 3], [3, 1], [3, 2], [1, 3], [2, 2]],938,618,942,642
431462,4,75,142,[9, 6, 10, 2, 5, 8],[[2, 3], [3, 3], [3, 1], [3, 2], [1, 3], [2, 2]],934,630,942,642
431518,4,76,64,[9, 6, 11, 3, 5, 8],[[2, 1], [3, 1], [1, 1], [1, 2], [2, 3], [3, 2]],927,648,956,642
431585,4,76,64,[9, 6, 11, 3, 5, 8],[[2, 1], [3, 1], [1, 1], [1, 2], [2, 3], [3, 2]],938,647,965,642
431655,4,76,64,[9, 6, 11, 3, 5, 8],[[2, 1], [3, 1], [1, 1], [1, 2], [2, 3], [3, 2]],921,672,966,642
431750,4,76,64,[9, 6, 11, 3, 5, 8],[[2, 1], [3, 1], [1, 1], [1, 2], [2, 3], [3, 2]],937,665,948,633
431792,4,76,64,[9, 6, 11, 3, 5, 8],[[2, 1], [3, 1], [1, 1], [1, 2], [2, 3], [3, 2]],968,654,946,633
431841,4,76,64,[9, 6, 11, 3, 5, 8],[[2, 1], [3, 1], [1, 1], [1, 2], [2, 3], [3, 2]],989,614,944,633
431891,4,76,64,[9, 6, 11, 3, 5, 8],[[2, 1], [3, 1], [1, 1], [1, 2], [2, 3], [3, 2]],981,623,944,633
431946,4,76,64,[9, 6, 11, 3, 5, 8],[[2, 1], [3, 1], [1, 1], [1, 2], [2, 3], [3, 2]],967,620,952,637
432021,4,76,64,[9, 6, 11, 3, 5, 8],[[2, 1], [3, 1], [1, 1], [1, 2], [2, 3], [3, 2]],977,616,954,637
432097,4,76,64,[9, 6, 11, 3, 5, 8],[[2, 1], [3, 1], [1, 1], [1, 2], [2, 3], [3, 2]],993,625,961,647
432147,4,76,64,[9, 6, 11, 3, 5, 8],[[2, 1], [3, 1], [1, 1], [1, 2], [2, 3], [3, 2]],1002,627,976,638
432204,4,76,64,[9, 6, 11, 3, 5, 8],[[2, 1], [3, 1], [1, 1], [1, 2], [2, 3], [3, 2]],1005,621,996,621
432277,4,76,64,[9, 6, 11, 3, 5, 8],[[2, 1], [3, 1], [1, 1], [1, 2], [2, 3], [3, 2]],990,636,1000,612
432342,4,76,64,[9, 6, 11, 3, 5, 8],[[2, 1], [3, 1], [1, 1], [1, 2], [2, 3], [3, 2]],958,617,1003,606
432395,4,76,64,[9, 6, 11, 3, 5, 8],[[2, 1], [3, 1], [1, 1], [1, 2], [2, 3], [3, 2]],970,602,1013,607
432448,4,76,64,[9, 6, 11, 3, 5, 8],[[2, 1], [3, 1], [1, 1], [1, 2], [2, 3], [3, 2]],957,604,1033,615
432497,4,76,64,[9, 6, 11, 3, 5, 8],[[2, 1], [3, 1], [1, 1], [1, 2], [2, 3], [3, 2]],956,609,1043,617
432551,4,76,64,[9, 6, 11, 3, 5, 8],[[2, 1], [3, 1], [1, 1], [1, 2], [2, 3], [3, 2]],936,605,1048,616
432599,4,76,64,[9, 6, 11, 3, 5, 8],[[2, 1], [3, 1], [1, 1], [1, 2], [2, 3], [3, 2]],959,626,1050,616
432653,4,76,64,[9, 6, 11, 3, 5, 8],[[2, 1], [3, 1], [1, 1], [1, 2], [2, 3], [3, 2]],952,605,1050,615
432711,4,76,64,[9, 6, 11, 3, 5, 8],[[2, 1], [3, 1], [1, 1], [1, 2], [2, 3], [3, 2]],917,615,1028,614
432759,4,76,64,[9, 6, 11, 3, 5, 8],[[2, 1], [3, 1], [1, 1], [1, 2], [2, 3], [3, 2]],936,594,1004,608
432809,4,76,64,[9, 6, 11, 3, 5, 8],[[2, 1], [3, 1], [1, 1], [1, 2], [2, 3], [3, 2]],942,590,983,596
432882,4,76,64,[9, 6, 11, 3, 5, 8],[[2, 1], [3, 1], [1, 1], [1, 2], [2, 3], [3, 2]],932,591,982,594
432950,4,76,64,[9, 6, 11, 3, 5, 8],[[2, 1], [3, 1], [1, 1], [1, 2], [2, 3], [3, 2]],954,555,982,594
432996,4,76,64,[9, 6, 11, 3, 5, 8],[[2, 1], [3, 1], [1, 1], [1, 2], [2, 3], [3, 2]],936,561,981,594
433056,4,76,64,[9, 6, 11, 3, 5, 8],[[2, 1], [3, 1], [1, 1], [1, 2], [2, 3], [3, 2]],936,562,967,594
433100,4,76,64,[9, 6, 11, 3, 5, 8],[[2, 1], [3, 1], [1, 1], [1, 2], [2, 3], [3, 2]],933,556,953,594
433194,4,76,64,[9, 6, 11, 3, 5, 8],[[2, 1], [3, 1], [1, 1], [1, 2], [2, 3], [3, 2]],928,575,939,594
433231,4,76,64,[9, 6, 11, 3, 5, 8],[[2, 1], [3, 1], [1, 1], [1, 2], [2, 3], [3, 2]],943,590,939,594
433291,4,76,64,[9, 6, 11, 3, 5, 8],[[2, 1], [3, 1], [1, 1], [1, 2], [2, 3], [3, 2]],962,617,939,594
433341,4,76,64,[9, 6, 11, 3, 5, 8],[[2, 1], [3, 1], [1, 1], [1, 2], [2, 3], [3, 2]],946,610,939,589
433405,4,76,64,[9, 6, 11, 3, 5, 8],[[2, 1], [3, 1], [1, 1], [1, 2], [2, 3], [3, 2]],954,648,944,543
433461,4,76,64,[9, 6, 11, 3, 5, 8],[[2, 1], [3, 1], [1, 1], [1, 2], [2, 3], [3, 2]],978,650,942,534
433530,4,76,64,[9, 6, 11, 3, 5, 8],[[2, 1], [3, 1], [1, 1], [1, 2], [2, 3], [3, 2]],960,654,941,532
433592,4,76,64,[9, 6, 11, 3, 5, 8],[[2, 1], [3, 1], [1, 1], [1, 2], [2, 3], [3, 2]],949,653,953,566
433632,4,76,64,[9, 6, 11, 3, 5, 8],[[2, 1], [3, 1], [1, 1], [1, 2], [2, 3], [3, 2]],944,640,970,584
433700,4,76,64,[9, 6, 11, 3, 5, 8],[[2, 1], [3, 1], [1, 1], [1, 2], [2, 3], [3, 2]],940,633,994,608
433759,4,76,64,[9, 6, 11, 3, 5, 8],[[2, 1], [3, 1], [1, 1], [1, 2], [2, 3], [3, 2]],949,612,1001,617
433851,4,76,64,[9, 6, 11, 3, 5, 8],[[2, 1], [3, 1], [1, 1], [1, 2], [2, 3], [3, 2]],939,596,1006,630
433902,4,76,64,[9, 6, 11, 3, 5, 8],[[2, 1], [3, 1], [1, 1], [1, 2], [2, 3], [3, 2]],943,597,999,648
433966,4,76,64,[9, 6, 11, 3, 5, 8],[[2, 1], [3, 1], [1, 1], [1, 2], [2, 3], [3, 2]],958,566,987,659
434011,4,76,64,[9, 6, 11, 3, 5, 8],[[2, 1], [3, 1], [1, 1], [1, 2], [2, 3], [3, 2]],936,541,976,660
434083,4,76,64,[9, 6, 11, 3, 5, 8],[[2, 1], [3, 1], [1, 1], [1, 2], [2, 3], [3, 2]],944,525,957,650
434139,4,76,64,[9, 6, 11, 3, 5, 8],[[2, 1], [3, 1], [1, 1], [1, 2], [2, 3], [3, 2]],955,515,950,643
434202,4,76,64,[9, 6, 11, 3, 5, 8],[[2, 1], [3, 1], [1, 1], [1, 2], [2, 3], [3, 2]],937,523,954,625
434263,4,76,64,[9, 6, 11, 3, 5, 8],[[2, 1], [3, 1], [1, 1], [1, 2], [2, 3], [3, 2]],905,517,968,616
434323,4,76,64,[9, 6, 11, 3, 5, 8],[[2, 1], [3, 1], [1, 1], [1, 2], [2, 3], [3, 2]],876,486,971,610
434381,4,76,64,[9, 6, 11, 3, 5, 8],[[2, 1], [3, 1], [1, 1], [1, 2], [2, 3], [3, 2]],879,504,963,594
434439,4,76,64,[9, 6, 11, 3, 5, 8],[[2, 1], [3, 1], [1, 1], [1, 2], [2, 3], [3, 2]],880,468,963,581
434488,4,76,64,[9, 6, 11, 3, 5, 8],[[2, 1], [3, 1], [1, 1], [1, 2], [2, 3], [3, 2]],873,483,963,574
434547,4,76,64,[9, 6, 11, 3, 5, 8],[[2, 1], [3, 1], [1, 1], [1, 2], [2, 3], [3, 2]],880,478,949,569
434594,4,76,64,[9, 6, 11, 3, 5, 8],[[2, 1], [3, 1], [1, 1], [1, 2], [2, 3], [3, 2]],864,517,918,561
434670,4,76,64,[9, 6, 11, 3, 5, 8],[[2, 1], [3, 1], [1, 1], [1, 2], [2, 3], [3, 2]],864,520,911,559
434711,4,76,64,[9, 6, 11, 3, 5, 8],[[2, 1], [3, 1], [1, 1], [1, 2], [2, 3], [3, 2]],867,554,903,555
434785,4,76,64,[9, 6, 11, 3, 5, 8],[[2, 1], [3, 1], [1, 1], [1, 2], [2, 3], [3, 2]],833,554,889,538
434831,4,76,64,[9, 6, 11, 3, 5, 8],[[2, 1], [3, 1], [1, 1], [1, 2], [2, 3], [3, 2]],837,557,882,529
434890,4,76,64,[9, 6, 11, 3, 5, 8],[[2, 1], [3, 1], [1, 1], [1, 2], [2, 3], [3, 2]],845,552,882,529
434954,4,76,64,[9, 6, 11, 3, 5, 8],[[2, 1], [3, 1], [1, 1], [1, 2], [2, 3], [3, 2]],840,556,882,529
435009,4,76,64,[9, 6, 11, 3, 5, 8],[[2, 1], [3, 1], [1, 1], [1, 2], [2, 3], [3, 2]],821,563,882,529
435069,4,76,64,[9, 6, 11, 3, 5, 8],[[2, 1], [3, 1], [1, 1], [1, 2], [2, 3], [3, 2]],823,564,882,531
435128,4,76,64,[9, 6, 11, 3, 5, 8],[[2, 1], [3, 1], [1, 1], [1, 2], [2, 3], [3, 2]],795,571,874,546
435178,4,76,64,[9, 6, 11, 3, 5, 8],[[2, 1], [3, 1], [1, 1], [1, 2], [2, 3], [3, 2]],801,587,837,571
435234,4,76,64,[9, 6, 11, 3, 5, 8],[[2, 1], [3, 1], [1, 1], [1, 2], [2, 3], [3, 2]],813,579,810,572
435294,4,76,64,[9, 6, 11, 3, 5, 8],[[2, 1], [3, 1], [1, 1], [1, 2], [2, 3], [3, 2]],807,591,803,571
435355,4,76,64,[9, 6, 11, 3, 5, 8],[[2, 1], [3, 1], [1, 1], [1, 2], [2, 3], [3, 2]],825,585,803,571
435412,4,76,64,[9, 6, 11, 3, 5, 8],[[2, 1], [3, 1], [1, 1], [1, 2], [2, 3], [3, 2]],832,591,800,574
435484,4,76,64,[9, 6, 11, 3, 5, 8],[[2, 1], [3, 1], [1, 1], [1, 2], [2, 3], [3, 2]],843,616,768,590
435553,4,77,4,[9, 6, 11, 3, 5, 8],[[1, 1], [2, 1], [1, 2], [1, 3], [2, 3], [3, 2]],874,599,750,595
435627,4,77,4,[9, 6, 11, 3, 5, 8],[[1, 1], [2, 1], [1, 2], [1, 3], [2, 3], [3, 2]],866,603,742,603
435670,4,77,4,[9, 6, 11, 3, 5, 8],[[1, 1], [2, 1], [1, 2], [1, 3], [2, 3], [3, 2]],850,617,745,605
435722,4,77,4,[9, 6, 11, 3, 5, 8],[[1, 1], [2, 1], [1, 2], [1, 3], [2, 3], [3, 2]],848,590,794,616
435786,4,77,4,[9, 6, 11, 3, 5, 8],[[1, 1], [2, 1], [1, 2], [1, 3], [2, 3], [3, 2]],853,579,883,628
435847,4,77,4,[9, 6, 11, 3, 5, 8],[[1, 1], [2, 1], [1, 2], [1, 3], [2, 3], [3, 2]],907,559,908,627
435911,4,77,4,[9, 6, 11, 3, 5, 8],[[1, 1], [2, 1], [1, 2], [1, 3], [2, 3], [3, 2]],924,574,909,623
435953,4,77,4,[9, 6, 11, 3, 5, 8],[[1, 1], [2, 1], [1, 2], [1, 3], [2, 3], [3, 2]],916,563,909,623
436013,4,77,4,[9, 6, 11, 3, 5, 8],[[1, 1], [2, 1], [1, 2], [1, 3], [2, 3], [3, 2]],915,558,915,622
436071,4,77,4,[9, 6, 11, 3, 5, 8],[[1, 1], [2, 1], [1, 2], [1, 3], [2, 3], [3, 2]],908,564,926,613
436136,4,77,4,[9, 6, 11, 3, 5, 8],[[1, 1], [2, 1], [1, 2], [1, 3], [2, 3], [3, 2]],882,592,938,581
436189,4,77,4,[9, 6, 11, 3, 5, 8],[[1, 1], [2, 1], [1, 2], [1, 3], [2, 3], [3, 2]],881,577,942,561
436246,4,77,4,[9, 6, 11, 3, 5, 8],[[1, 1], [2, 1], [1, 2], [1, 3], [2, 3], [3, 2]],869,586,943,554
436308,4,77,4,[9, 6, 11, 3, 5, 8],[[1, 1], [2, 1], [1, 2], [1, 3], [2, 3], [3, 2]],863,589,948,542
436365,4,77,4,[9, 6, 11, 3, 5, 8],[[1, 1], [2, 1], [1, 2], [1, 3], [2, 3], [3, 2]],859,588,956,525
436410,4,77,4,[9, 6, 11, 3, 5, 8],[[1, 1], [2, 1], [1, 2], [1, 3], [2, 3], [3, 2]],855,607,957,523
436460,4,77,4,[9, 6, 11, 3, 5, 8],[[1, 1], [2, 1], [1, 2], [1, 3], [2, 3], [3, 2]],831,586,957,523
436500,4,77,4,[9, 6, 11, 3, 5, 8],[[1, 1], [2, 1], [1, 2], [1, 3], [2, 3], [3, 2]],824,584,957,523
436559,4,77,4,[9, 6, 11, 3, 5, 8],[[1, 1], [2, 1], [1, 2], [1, 3], [2, 3], [3, 2]],826,597,923,546
436617,4,77,4,[9, 6, 11, 3, 5, 8],[[1, 1], [2, 1], [1, 2], [1, 3], [2, 3], [3, 2]],836,604,850,572
436671,4,77,4,[9, 6, 11, 3, 5, 8],[[1, 1], [2, 1], [1, 2], [1, 3], [2, 3], [3, 2]],862,610,840,572
436736,4,77,4,[9, 6, 11, 3, 5, 8],[[1, 1], [2, 1], [1, 2], [1, 3], [2, 3], [3, 2]],884,584,830,576
436800,4,77,4,[9, 6, 11, 3, 5, 8],[[1, 1], [2, 1], [1, 2], [1, 3], [2, 3], [3, 2]],885,596,817,577
436849,4,77,4,[9, 6, 11, 3, 5, 8],[[1, 1], [2, 1], [1, 2], [1, 3], [2, 3], [3, 2]],891,587,808,577
436908,4,77,4,[9, 6, 11, 3, 5, 8],[[1, 1], [2, 1], [1, 2], [1, 3], [2, 3], [3, 2]],872,604,804,578
436971,4,77,4,[9, 6, 11, 3, 5, 8],[[1, 1], [2, 1], [1, 2], [1, 3], [2, 3], [3, 2]],867,623,804,578
437030,4,77,4,[9, 6, 11, 3, 5, 8],[[1, 1], [2, 1], [1, 2], [1, 3], [2, 3], [3, 2]],855,642,804,578
437079,4,77,4,[9, 6, 11, 3, 5, 8],[[1, 1], [2, 1], [1, 2], [1, 3], [2, 3], [3, 2]],844,660,861,573
437152,4,77,4,[9, 6, 11, 3, 5, 8],[[1, 1], [2, 1], [1, 2], [1, 3], [2, 3], [3, 2]],860,663,914,573
437200,4,77,4,[9, 6, 11, 3, 5, 8],[[1, 1], [2, 1], [1, 2], [1, 3], [2, 3], [3, 2]],887,657,914,573
437268,4,77,4,[9, 6, 11, 3, 5, 8],[[1, 1], [2, 1], [1, 2], [1, 3], [2, 3], [3, 2]],871,648,898,584
437315,4,77,4,[9, 6, 11, 3, 5, 8],[[1, 1], [2, 1], [1, 2], [1, 3], [2, 3], [3, 2]],883,664,866,611
437382,4,77,4,[9, 6, 11, 3, 5, 8],[[1, 1], [2, 1], [1, 2], [1, 3], [2, 3], [3, 2]],865,664,847,631
437429,4,77,4,[9, 6, 11, 3, 5, 8],[[1, 1], [2, 1], [1, 2], [1, 3], [2, 3], [3, 2]],872,627,849,638
437550,4,77,4,[9, 6, 11, 3, 5, 8],[[1, 1], [2, 1], [1, 2], [1, 3], [2, 3], [3, 2]],865,627,877,658
437601,4,77,4,[9, 6, 11, 3, 5, 8],[[1, 1], [2, 1], [1, 2], [1, 3], [2, 3], [3, 2]],871,625,878,661
437667,4,77,4,[9, 6, 11, 3, 5, 8],[[1, 1], [2, 1], [1, 2], [1, 3], [2, 3], [3, 2]],869,639,879,675
437743,4,77,4,[9, 6, 11, 3, 5, 8],[[1, 1], [2, 1], [1, 2], [1, 3], [2, 3], [3, 2]],885,629,879,697
437797,4,77,4,[9, 6, 11, 3, 5, 8],[[1, 1], [2, 1], [1, 2], [1, 3], [2, 3], [3, 2]],912,632,882,707
437838,4,77,4,[9, 6, 11, 3, 5, 8],[[1, 1], [2, 1], [1, 2], [1, 3], [2, 3], [3, 2]],919,607,882,707
437916,4,77,4,[9, 6, 11, 3, 5, 8],[[1, 1], [2, 1], [1, 2], [1, 3], [2, 3], [3, 2]],943,610,877,693
437983,4,77,4,[9, 6, 11, 3, 5, 8],[[1, 1], [2, 1], [1, 2], [1, 3], [2, 3], [3, 2]],970,624,841,632
438043,4,77,4,[9, 6, 11, 3, 5, 8],[[1, 1], [2, 1], [1, 2], [1, 3], [2, 3], [3, 2]],939,630,853,602
438111,4,77,4,[9, 6, 11, 3, 5, 8],[[1, 1], [2, 1], [1, 2], [1, 3], [2, 3], [3, 2]],931,618,895,596
438171,4,77,4,[9, 6, 11, 3, 5, 8],[[1, 1], [2, 1], [1, 2], [1, 3], [2, 3], [3, 2]],928,629,948,599
438238,4,77,4,[9, 6, 11, 3, 5, 8],[[1, 1], [2, 1], [1, 2], [1, 3], [2, 3], [3, 2]],945,627,995,620
438289,4,77,4,[9, 6, 11, 3, 5, 8],[[1, 1], [2, 1], [1, 2], [1, 3], [2, 3], [3, 2]],943,646,1011,634
438357,4,77,4,[9, 6, 11, 3, 5, 8],[[1, 1], [2, 1], [1, 2], [1, 3], [2, 3], [3, 2]],927,665,1016,663
438420,4,77,4,[9, 6, 11, 3, 5, 8],[[1, 1], [2, 1], [1, 2], [1, 3], [2, 3], [3, 2]],949,664,1012,671
438479,4,77,4,[9, 6, 11, 3, 5, 8],[[1, 1], [2, 1], [1, 2], [1, 3], [2, 3], [3, 2]],933,656,1012,673
438543,4,77,4,[9, 6, 11, 3, 5, 8],[[1, 1], [2, 1], [1, 2], [1, 3], [2, 3], [3, 2]],917,645,1008,677
438591,4,77,4,[9, 6, 11, 3, 5, 8],[[1, 1], [2, 1], [1, 2], [1, 3], [2, 3], [3, 2]],919,634,993,681
438627,4,77,4,[9, 6, 11, 3, 5, 8],[[1, 1], [2, 1], [1, 2], [1, 3], [2, 3], [3, 2]],917,623,988,681
438684,4,77,4,[9, 6, 11, 3, 5, 8],[[1, 1], [2, 1], [1, 2], [1, 3], [2, 3], [3, 2]],891,620,986,681
438738,4,77,4,[9, 6, 11, 3, 5, 8],[[1, 1], [2, 1], [1, 2], [1, 3], [2, 3], [3, 2]],875,624,986,680
438792,4,77,4,[9, 6, 11, 3, 5, 8],[[1, 1], [2, 1], [1, 2], [1, 3], [2, 3], [3, 2]],844,603,989,670
438861,4,77,4,[9, 6, 11, 3, 5, 8],[[1, 1], [2, 1], [1, 2], [1, 3], [2, 3], [3, 2]],828,597,982,660
438915,4,77,4,[9, 6, 11, 3, 5, 8],[[1, 1], [2, 1], [1, 2], [1, 3], [2, 3], [3, 2]],855,587,982,655
438955,4,77,4,[9, 6, 11, 3, 5, 8],[[1, 1], [2, 1], [1, 2], [1, 3], [2, 3], [3, 2]],836,569,980,654
439037,4,77,4,[9, 6, 11, 3, 5, 8],[[1, 1], [2, 1], [1, 2], [1, 3], [2, 3], [3, 2]],830,559,972,651
439085,4,77,4,[9, 6, 11, 3, 5, 8],[[1, 1], [2, 1], [1, 2], [1, 3], [2, 3], [3, 2]],827,552,953,642
439157,4,77,4,[9, 6, 11, 3, 5, 8],[[1, 1], [2, 1], [1, 2], [1, 3], [2, 3], [3, 2]],851,557,871,590
439198,4,77,4,[9, 6, 11, 3, 5, 8],[[1, 1], [2, 1], [1, 2], [1, 3], [2, 3], [3, 2]],867,576,852,573
439266,4,77,4,[9, 6, 11, 3, 5, 8],[[1, 1], [2, 1], [1, 2], [1, 3], [2, 3], [3, 2]],882,588,810,508
439311,4,77,4,[9, 6, 11, 3, 5, 8],[[1, 1], [2, 1], [1, 2], [1, 3], [2, 3], [3, 2]],904,603,803,502
439385,4,77,4,[9, 6, 11, 3, 5, 8],[[1, 1], [2, 1], [1, 2], [1, 3], [2, 3], [3, 2]],911,624,798,493
439435,4,77,4,[9, 6, 11, 3, 5, 8],[[1, 1], [2, 1], [1, 2], [1, 3], [2, 3], [3, 2]],882,624,799,493
439475,4,77,4,[9, 6, 11, 3, 5, 8],[[1, 1], [2, 1], [1, 2], [1, 3], [2, 3], [3, 2]],853,631,808,496
439537,4,77,4,[9, 6, 11, 3, 5, 8],[[1, 1], [2, 1], [1, 2], [1, 3], [2, 3], [3, 2]],841,628,853,538
439600,4,78,112,[9, 6, 11, 3, 5, 8],[[2, 3], [3, 3], [1, 1], [1, 2], [2, 2], [3, 1]],833,631,903,607
439675,4,78,112,[9, 6, 11, 3, 5, 8],[[2, 3], [3, 3], [1, 1], [1, 2], [2, 2], [3, 1]],835,629,909,612
439751,4,78,112,[9, 6, 11, 3, 5, 8],[[2, 3], [3, 3], [1, 1], [1, 2], [2, 2], [3, 1]],832,639,887,609
439819,4,78,112,[9, 6, 11, 3, 5, 8],[[2, 3], [3, 3], [1, 1], [1, 2], [2, 2], [3, 1]],801,650,856,609
439859,4,78,112,[9, 6, 11, 3, 5, 8],[[2, 3], [3, 3], [1, 1], [1, 2], [2, 2], [3, 1]],821,657,853,609
439906,4,78,112,[9, 6, 11, 3, 5, 8],[[2, 3], [3, 3], [1, 1], [1, 2], [2, 2], [3, 1]],814,675,853,609
439955,4,78,112,[9, 6, 11, 3, 5, 8],[[2, 3], [3, 3], [1, 1], [1, 2], [2, 2], [3, 1]],830,651,853,609
440043,4,78,112,[9, 6, 11, 3, 5, 8],[[2, 3], [3, 3], [1, 1], [1, 2], [2, 2], [3, 1]],835,642,853,609
440096,4,78,112,[9, 6, 11, 3, 5, 8],[[2, 3], [3, 3], [1, 1], [1, 2], [2, 2], [3, 1]],825,600,853,609
440153,4,78,112,[9, 6, 11, 3, 5, 8],[[2, 3], [3, 3], [1, 1], [1, 2], [2, 2], [3, 1]],858,590,853,609
440237,4,78,112,[9, 6, 11, 3, 5, 8],[[2, 3], [3, 3], [1, 1], [1, 2], [2, 2], [3, 1]],880,595,829,615
440277,4,78,112,[9, 6, 11, 3, 5, 8],[[2, 3], [3, 3], [1, 1], [1, 2], [2, 2], [3, 1]],872,586,811,640
440343,4,78,112,[9, 6, 11, 3, 5, 8],[[2, 3], [3, 3], [1, 1], [1, 2], [2, 2], [3, 1]],876,591,821,660
440401,4,78,112,[9, 6, 11, 3, 5, 8],[[2, 3], [3, 3], [1, 1], [1, 2], [2, 2], [3, 1]],860,595,832,656
440463,4,78,112,[9, 6, 11, 3, 5, 8],[[2, 3], [3, 3], [1, 1], [1, 2], [2, 2], [3, 1]],880,560,891,623
440546,4,78,112,[9, 6, 11, 3, 5, 8],[[2, 3], [3, 3], [1, 1], [1, 2], [2, 2], [3, 1]],890,556,915,627
440605,4,78,112,[9, 6, 11, 3, 5, 8],[[2, 3], [3, 3], [1, 1], [1, 2], [2, 2], [3, 1]],893,565,935,642
440658,4,78,112,[9, 6, 11, 3, 5, 8],[[2, 3], [3, 3], [1, 1], [1, 2], [2, 2], [3, 1]],908,561,938,649
440712,4,78,112,[9, 6, 11, 3, 5, 8],[[2, 3], [3, 3], [1, 1], [1, 2], [2, 2], [3, 1]],921,530,941,651
440776,4,78,112,[9, 6, 11, 3, 5, 8],[[2, 3], [3, 3], [1, 1], [1, 2], [2, 2], [3, 1]],896,511,950,659
440826,4,78,112,[9, 6, 11, 3, 5, 8],[[2, 3], [3, 3], [1, 1], [1, 2], [2, 2], [3, 1]],909,489,948,659
440899,4,78,112,[9, 6, 11, 3, 5, 8],[[2, 3], [3, 3], [1, 1], [1, 2], [2, 2], [3, 1]],880,498,923,638
440948,4,78,112,[9, 6, 11, 3, 5, 8],[[2, 3], [3, 3], [1, 1], [1, 2], [2, 2], [3, 1]],875,506,926,606
441008,4,78,112,[9, 6, 11, 3, 5, 8],[[2, 3], [3, 3], [1, 1], [1, 2], [2, 2], [3, 1]],884,468,926,588
441051,4,78,112,[9, 6, 11, 3, 5, 8],[[2, 3], [3, 3], [1, 1], [1, 2], [2, 2], [3, 1]],878,450,914,570
441115,4,78,112,[9, 6, 11, 3, 5, 8],[[2, 3], [3, 3], [1, 1], [1, 2], [2, 2], [3, 1]],902,459,906,540
441173,4,78,112,[9, 6, 11, 3, 5, 8],[[2, 3], [3, 3], [1, 1], [1, 2], [2, 2], [3, 1]],908,495,907,518
441231,4,78,112,[9, 6, 11, 3, 5, 8],[[2, 3], [3, 3], [1, 1], [1, 2], [2, 2], [3, 1]],934,495,907,518
441284,4,78,112,[9, 6, 11, 3, 5, 8],[[2, 3], [3, 3], [1, 1], [1, 2], [2, 2], [3, 1]],938,524,907,518
441339,4,78,112,[9, 6, 11, 3, 5, 8],[[2, 3], [3, 3], [1, 1], [1, 2], [2, 2], [3, 1]],951,528,903,518
441399,4,78,112,[9, 6, 11, 3, 5, 8],[[2, 3], [3, 3], [1, 1], [1, 2], [2, 2], [3, 1]],965,540,901,517
441467,4,78,112,[9, 6, 11, 3, 5, 8],[[2, 3], [3, 3], [1, 1], [1, 2], [2, 2], [3, 1]],963,533,901,508
441540,4,78,112,[9, 6, 11, 3, 5, 8],[[2, 3], [3, 3], [1, 1], [1, 2], [2, 2], [3, 1]],967,521,915,496
441603,4,78,112,[9, 6, 11, 3, 5, 8],[[2, 3], [3, 3], [1, 1], [1, 2], [2, 2], [3, 1]],979,539,924,490
441647,4,78,112,[9, 6, 11, 3, 5, 8],[[2, 3], [3, 3], [1, 1], [1, 2], [2, 2], [3, 1]],981,575,930,495
441716,4,78,112,[9, 6, 11, 3, 5, 8],[[2, 3], [3, 3], [1, 1], [1, 2], [2, 2], [3, 1]],992,585,940,529
441765,4,78,112,[9, 6, 11, 3, 5, 8],[[2, 3], [3, 3], [1, 1], [1, 2], [2, 2], [3, 1]],1005,579,940,558
441836,4,78,112,[9, 6, 11, 3, 5, 8],[[2, 3], [3, 3], [1, 1], [1, 2], [2, 2], [3, 1]],1016,585,938,565
441903,4,78,112,[9, 6, 11, 3, 5, 8],[[2, 3], [3, 3], [1, 1], [1, 2], [2, 2], [3, 1]],1017,581,938,573
441964,4,78,112,[9, 6, 11, 3, 5, 8],[[2, 3], [3, 3], [1, 1], [1, 2], [2, 2], [3, 1]],1023,589,940,582
442006,4,78,112,[9, 6, 11, 3, 5, 8],[[2, 3], [3, 3], [1, 1], [1, 2], [2, 2], [3, 1]],1022,598,940,582
442094,4,78,112,[9, 6, 11, 3, 5, 8],[[2, 3], [3, 3], [1, 1], [1, 2], [2, 2], [3, 1]],999,607,967,600
442148,4,78,112,[9, 6, 11, 3, 5, 8],[[2, 3], [3, 3], [1, 1], [1, 2], [2, 2], [3, 1]],990,645,998,612
442189,4,78,112,[9, 6, 11, 3, 5, 8],[[2, 3], [3, 3], [1, 1], [1, 2], [2, 2], [3, 1]],978,638,1018,615
442258,4,78,112,[9, 6, 11, 3, 5, 8],[[2, 3], [3, 3], [1, 1], [1, 2], [2, 2], [3, 1]],982,618,1039,614
442314,4,78,112,[9, 6, 11, 3, 5, 8],[[2, 3], [3, 3], [1, 1], [1, 2], [2, 2], [3, 1]],987,635,1045,610
442374,4,78,112,[9, 6, 11, 3, 5, 8],[[2, 3], [3, 3], [1, 1], [1, 2], [2, 2], [3, 1]],1009,628,1046,610
442426,4,78,112,[9, 6, 11, 3, 5, 8],[[2, 3], [3, 3], [1, 1], [1, 2], [2, 2], [3, 1]],1036,613,1044,610
442490,4,78,112,[9, 6, 11, 3, 5, 8],[[2, 3], [3, 3], [1, 1], [1, 2], [2, 2], [3, 1]],1011,634,1007,618
442541,4,78,112,[9, 6, 11, 3, 5, 8],[[2, 3], [3, 3], [1, 1], [1, 2], [2, 2], [3, 1]],1008,638,990,631
442577,4,78,112,[9, 6, 11, 3, 5, 8],[[2, 3], [3, 3], [1, 1], [1, 2], [2, 2], [3, 1]],984,628,990,632
442637,4,78,112,[9, 6, 11, 3, 5, 8],[[2, 3], [3, 3], [1, 1], [1, 2], [2, 2], [3, 1]],974,639,990,632
442702,4,78,112,[9, 6, 11, 3, 5, 8],[[2, 3], [3, 3], [1, 1], [1, 2], [2, 2], [3, 1]],986,679,1015,632
442774,4,78,112,[9, 6, 11, 3, 5, 8],[[2, 3], [3, 3], [1, 1], [1, 2], [2, 2], [3, 1]],993,675,1033,638
442843,4,78,112,[9, 6, 11, 3, 5, 8],[[2, 3], [3, 3], [1, 1], [1, 2], [2, 2], [3, 1]],997,662,1041,644
442901,4,78,112,[9, 6, 11, 3, 5, 8],[[2, 3], [3, 3], [1, 1], [1, 2], [2, 2], [3, 1]],986,656,1048,648
442947,4,78,112,[9, 6, 11, 3, 5, 8],[[2, 3], [3, 3], [1, 1], [1, 2], [2, 2], [3, 1]],1002,665,1052,651
443037,4,78,112,[9, 6, 11, 3, 5, 8],[[2, 3], [3, 3], [1, 1], [1, 2], [2, 2], [3, 1]],999,674,1055,657
443096,4,78,112,[9, 6, 11, 3, 5, 8],[[2, 3], [3, 3], [1, 1], [1, 2], [2, 2], [3, 1]],1000,641,1055,657
443142,4,78,112,[9, 6, 11, 3, 5, 8],[[2, 3], [3, 3], [1, 1], [1, 2], [2, 2], [3, 1]],975,644,1049,656
443246,4,78,112,[9, 6, 11, 3, 5, 8],[[2, 3], [3, 3], [1, 1], [1, 2], [2, 2], [3, 1]],983,648,1004,653
443307,4,78,112,[9, 6, 11, 3, 5, 8],[[2, 3], [3, 3], [1, 1], [1, 2], [2, 2], [3, 1]],979,675,1004,653
443367,4,78,112,[9, 6, 11, 3, 5, 8],[[2, 3], [3, 3], [1, 1], [1, 2], [2, 2], [3, 1]],980,704,1004,653
443434,4,78,112,[9, 6, 11, 3, 5, 8],[[2, 3], [3, 3], [1, 1], [1, 2], [2, 2], [3, 1]],971,730,994,648
443507,4,78,112,[9, 6, 11, 3, 5, 8],[[2, 3], [3, 3], [1, 1], [1, 2], [2, 2], [3, 1]],981,727,945,636
443574,4,78,112,[9, 6, 11, 3, 5, 8],[[2, 3], [3, 3], [1, 1], [1, 2], [2, 2], [3, 1]],1017,737,938,636
443630,4,78,112,[9, 6, 11, 3, 5, 8],[[2, 3], [3, 3], [1, 1], [1, 2], [2, 2], [3, 1]],1029,760,938,636
443723,4,79,36,[9, 6, 11, 3, 1, 4],[[1, 1], [2, 1], [3, 1], [3, 2], [2, 2], [3, 3]],998,790,938,636
443760,4,79,36,[9, 6, 11, 3, 1, 4],[[1, 1], [2, 1], [3, 1], [3, 2], [2, 2], [3, 3]],989,767,952,652
443798,4,79,36,[9, 6, 11, 3, 1, 4],[[1, 1], [2, 1], [3, 1], [3, 2], [2, 2], [3, 3]],987,797,962,667
443875,4,79,36,[9, 6, 11, 3, 1, 4],[[1, 1], [2, 1], [3, 1], [3, 2], [2, 2], [3, 3]],990,809,965,718
443923,4,79,36,[9, 6, 11, 3, 1, 4],[[1, 1], [2, 1], [3, 1], [3, 2], [2, 2], [3, 3]],1021,802,952,747
443970,4,79,36,[9, 6, 11, 3, 1, 4],[[1, 1], [2, 1], [3, 1], [3, 2], [2, 2], [3, 3]],1029,809,952,747
444040,4,79,36,[9, 6, 11, 3, 1, 4],[[1, 1], [2, 1], [3, 1], [3, 2], [2, 2], [3, 3]],1014,810,952,747
444076,4,79,36,[9, 6, 11, 3, 1, 4],[[1, 1], [2, 1], [3, 1], [3, 2], [2, 2], [3, 3]],1014,839,952,747
444136,4,79,36,[9, 6, 11, 3, 1, 4],[[1, 1], [2, 1], [3, 1], [3, 2], [2, 2], [3, 3]],1013,810,956,758
444201,4,79,36,[9, 6, 11, 3, 1, 4],[[1, 1], [2, 1], [3, 1], [3, 2], [2, 2], [3, 3]],999,814,960,775
444249,4,79,36,[9, 6, 11, 3, 1, 4],[[1, 1], [2, 1], [3, 1], [3, 2], [2, 2], [3, 3]],991,815,969,781
444299,4,79,36,[9, 6, 11, 3, 1, 4],[[1, 1], [2, 1], [3, 1], [3, 2], [2, 2], [3, 3]],1004,786,994,782
444344,4,79,36,[9, 6, 11, 3, 1, 4],[[1, 1], [2, 1], [3, 1], [3, 2], [2, 2], [3, 3]],1001,788,1021,782
444407,4,79,36,[9, 6, 11, 3, 1, 4],[[1, 1], [2, 1], [3, 1], [3, 2], [2, 2], [3, 3]],1002,767,1025,786
444458,4,79,36,[9, 6, 11, 3, 1, 4],[[1, 1], [2, 1], [3, 1], [3, 2], [2, 2], [3, 3]],1021,766,1030,802
444508,4,79,36,[9, 6, 11, 3, 1, 4],[[1, 1], [2, 1], [3, 1], [3, 2], [2, 2], [3, 3]],1018,748,1033,807
444553,4,79,36,[9, 6, 11, 3, 1, 4],[[1, 1], [2, 1], [3, 1], [3, 2], [2, 2], [3, 3]],1045,744,1033,807
444594,4,79,36,[9, 6, 11, 3, 1, 4],[[1, 1], [2, 1], [3, 1], [3, 2], [2, 2], [3, 3]],1066,741,1028,811
444648,4,79,36,[9, 6, 11, 3, 1, 4],[[1, 1], [2, 1], [3, 1], [3, 2], [2, 2], [3, 3]],1070,742,992,816
444702,4,79,36,[9, 6, 11, 3, 1, 4],[[1, 1], [2, 1], [3, 1], [3, 2], [2, 2], [3, 3]],1089,763,979,812
444755,4,79,36,[9, 6, 11, 3, 1, 4],[[1, 1], [2, 1], [3, 1], [3, 2], [2, 2], [3, 3]],1098,801,974,756
444814,4,79,36,[9, 6, 11, 3, 1, 4],[[1, 1], [2, 1], [3, 1], [3, 2], [2, 2], [3, 3]],1098,799,1013,700
444873,4,79,36,[9, 6, 11, 3, 1, 4],[[1, 1], [2, 1], [3, 1], [3, 2], [2, 2], [3, 3]],1084,803,1058,713
444938,4,79,36,[9, 6, 11, 3, 1, 4],[[1, 1], [2, 1], [3, 1], [3, 2], [2, 2], [3, 3]],1080,778,1070,728
444988,4,79,36,[9, 6, 11, 3, 1, 4],[[1, 1], [2, 1], [3, 1], [3, 2], [2, 2], [3, 3]],1084,774,1077,738
445030,4,79,36,[9, 6, 11, 3, 1, 4],[[1, 1], [2, 1], [3, 1], [3, 2], [2, 2], [3, 3]],1088,774,1084,757
445109,4,79,36,[9, 6, 11, 3, 1, 4],[[1, 1], [2, 1], [3, 1], [3, 2], [2, 2], [3, 3]],1099,767,1087,782
445166,4,79,36,[9, 6, 11, 3, 1, 4],[[1, 1], [2, 1], [3, 1], [3, 2], [2, 2], [3, 3]],1075,776,1087,792
445219,4,79,36,[9, 6, 11, 3, 1, 4],[[1, 1], [2, 1], [3, 1], [3, 2], [2, 2], [3, 3]],1053,782,1088,792
445275,4,79,36,[9, 6, 11, 3, 1, 4],[[1, 1], [2, 1], [3, 1], [3, 2], [2, 2], [3, 3]],1066,766,1088,792
445312,4,79,36,[9, 6, 11, 3, 1, 4],[[1, 1], [2, 1], [3, 1], [3, 2], [2, 2], [3, 3]],1053,759,1088,801
445394,4,79,36,[9, 6, 11, 3, 1, 4],[[1, 1], [2, 1], [3, 1], [3, 2], [2, 2], [3, 3]],1056,777,1088,804
445454,4,79,36,[9, 6, 11, 3, 1, 4],[[1, 1], [2, 1], [3, 1], [3, 2], [2, 2], [3, 3]],1036,753,1099,798
445529,4,79,36,[9, 6, 11, 3, 1, 4],[[1, 1], [2, 1], [3, 1], [3, 2], [2, 2], [3, 3]],1013,762,1098,800
445626,4,79,36,[9, 6, 11, 3, 1, 4],[[1, 1], [2, 1], [3, 1], [3, 2], [2, 2], [3, 3]],1005,755,1090,806
445687,4,79,36,[9, 6, 11, 3, 1, 4],[[1, 1], [2, 1], [3, 1], [3, 2], [2, 2], [3, 3]],1028,770,1090,806
445770,4,79,36,[9, 6, 11, 3, 1, 4],[[1, 1], [2, 1], [3, 1], [3, 2], [2, 2], [3, 3]],1022,757,1090,806
445849,4,79,36,[9, 6, 11, 3, 1, 4],[[1, 1], [2, 1], [3, 1], [3, 2], [2, 2], [3, 3]],1045,765,1086,806
445898,4,79,36,[9, 6, 11, 3, 1, 4],[[1, 1], [2, 1], [3, 1], [3, 2], [2, 2], [3, 3]],1026,751,1071,801
445955,4,79,36,[9, 6, 11, 3, 1, 4],[[1, 1], [2, 1], [3, 1], [3, 2], [2, 2], [3, 3]],1030,760,1062,796
446023,4,79,36,[9, 6, 11, 3, 1, 4],[[1, 1], [2, 1], [3, 1], [3, 2], [2, 2], [3, 3]],1032,758,1059,795
446120,4,79,36,[9, 6, 11, 3, 1, 4],[[1, 1], [2, 1], [3, 1], [3, 2], [2, 2], [3, 3]],1013,753,1062,787
446156,4,79,36,[9, 6, 11, 3, 1, 4],[[1, 1], [2, 1], [3, 1], [3, 2], [2, 2], [3, 3]],975,741,1066,788
446200,4,79,36,[9, 6, 11, 3, 1, 4],[[1, 1], [2, 1], [3, 1], [3, 2], [2, 2], [3, 3]],996,725,1075,790
446251,4,79,36,[9, 6, 11, 3, 1, 4],[[1, 1], [2, 1], [3, 1], [3, 2], [2, 2], [3, 3]],1019,705,1077,790
446326,4,79,36,[9, 6, 11, 3, 1, 4],[[1, 1], [2, 1], [3, 1], [3, 2], [2, 2], [3, 3]],1036,712,1077,756
446391,4,79,36,[9, 6, 11, 3, 1, 4],[[1, 1], [2, 1], [3, 1], [3, 2], [2, 2], [3, 3]],1069,711,1059,708
446431,4,79,36,[9, 6, 11, 3, 1, 4],[[1, 1], [2, 1], [3, 1], [3, 2], [2, 2], [3, 3]],1086,727,1059,707
446481,4,79,36,[9, 6, 11, 3, 1, 4],[[1, 1], [2, 1], [3, 1], [3, 2], [2, 2], [3, 3]],1081,741,1040,712
446517,4,79,36,[9, 6, 11, 3, 1, 4],[[1, 1], [2, 1], [3, 1], [3, 2], [2, 2], [3, 3]],1077,729,1034,717
446576,4,79,36,[9, 6, 11, 3, 1, 4],[[1, 1], [2, 1], [3, 1], [3, 2], [2, 2], [3, 3]],1090,729,1038,730
446619,4,79,36,[9, 6, 11, 3, 1, 4],[[1, 1], [2, 1], [3, 1], [3, 2], [2, 2], [3, 3]],1103,719,1062,787
446672,4,79,36,[9, 6, 11, 3, 1, 4],[[1, 1], [2, 1], [3, 1], [3, 2], [2, 2], [3, 3]],1106,689,1069,804
446727,4,79,36,[9, 6, 11, 3, 1, 4],[[1, 1], [2, 1], [3, 1], [3, 2], [2, 2], [3, 3]],1083,692,1069,810
446780,4,79,36,[9, 6, 11, 3, 1, 4],[[1, 1], [2, 1], [3, 1], [3, 2], [2, 2], [3, 3]],1113,659,1072,820
446834,4,79,36,[9, 6, 11, 3, 1, 4],[[1, 1], [2, 1], [3, 1], [3, 2], [2, 2], [3, 3]],1094,669,1074,831
446887,4,79,36,[9, 6, 11, 3, 1, 4],[[1, 1], [2, 1], [3, 1], [3, 2], [2, 2], [3, 3]],1119,688,1084,851
446956,4,79,36,[9, 6, 11, 3, 1, 4],[[1, 1], [2, 1], [3, 1], [3, 2], [2, 2], [3, 3]],1119,684,1088,857
447010,4,79,36,[9, 6, 11, 3, 1, 4],[[1, 1], [2, 1], [3, 1], [3, 2], [2, 2], [3, 3]],1138,678,1089,852
447074,4,79,36,[9, 6, 11, 3, 1, 4],[[1, 1], [2, 1], [3, 1], [3, 2], [2, 2], [3, 3]],1154,692,1074,812
447136,4,79,36,[9, 6, 11, 3, 1, 4],[[1, 1], [2, 1], [3, 1], [3, 2], [2, 2], [3, 3]],1153,709,1065,773
447189,4,79,36,[9, 6, 11, 3, 1, 4],[[1, 1], [2, 1], [3, 1], [3, 2], [2, 2], [3, 3]],1117,697,1067,764
447248,4,79,36,[9, 6, 11, 3, 1, 4],[[1, 1], [2, 1], [3, 1], [3, 2], [2, 2], [3, 3]],1108,674,1076,758
447291,4,79,36,[9, 6, 11, 3, 1, 4],[[1, 1], [2, 1], [3, 1], [3, 2], [2, 2], [3, 3]],1110,675,1097,742
447351,4,79,36,[9, 6, 11, 3, 1, 4],[[1, 1], [2, 1], [3, 1], [3, 2], [2, 2], [3, 3]],1121,673,1137,720
447398,4,79,36,[9, 6, 11, 3, 1, 4],[[1, 1], [2, 1], [3, 1], [3, 2], [2, 2], [3, 3]],1134,671,1168,727
447460,4,79,36,[9, 6, 11, 3, 1, 4],[[1, 1], [2, 1], [3, 1], [3, 2], [2, 2], [3, 3]],1151,665,1169,733
447506,4,79,36,[9, 6, 11, 3, 1, 4],[[1, 1], [2, 1], [3, 1], [3, 2], [2, 2], [3, 3]],1155,667,1167,736
447560,4,79,36,[9, 6, 11, 3, 1, 4],[[1, 1], [2, 1], [3, 1], [3, 2], [2, 2], [3, 3]],1170,673,1175,732
447622,4,79,36,[9, 6, 11, 3, 1, 4],[[1, 1], [2, 1], [3, 1], [3, 2], [2, 2], [3, 3]],1168,686,1177,687
447684,4,79,36,[9, 6, 11, 3, 1, 4],[[1, 1], [2, 1], [3, 1], [3, 2], [2, 2], [3, 3]],1164,690,1173,654
447773,4,80,13,[7, 12, 10, 2, 5, 8],[[1, 1], [2, 1], [3, 2], [3, 3], [1, 3], [2, 2]],1165,705,1175,632
447852,4,80,13,[7, 12, 10, 2, 5, 8],[[1, 1], [2, 1], [3, 2], [3, 3], [1, 3], [2, 2]],1174,684,1175,631
447930,4,80,13,[7, 12, 10, 2, 5, 8],[[1, 1], [2, 1], [3, 2], [3, 3], [1, 3], [2, 2]],1178,672,1175,631
447977,4,80,13,[7, 12, 10, 2, 5, 8],[[1, 1], [2, 1], [3, 2], [3, 3], [1, 3], [2, 2]],1204,698,1165,652
448057,4,80,13,[7, 12, 10, 2, 5, 8],[[1, 1], [2, 1], [3, 2], [3, 3], [1, 3], [2, 2]],1199,703,1165,667
448110,4,80,13,[7, 12, 10, 2, 5, 8],[[1, 1], [2, 1], [3, 2], [3, 3], [1, 3], [2, 2]],1188,713,1166,671
448167,4,80,13,[7, 12, 10, 2, 5, 8],[[1, 1], [2, 1], [3, 2], [3, 3], [1, 3], [2, 2]],1202,718,1169,687
448248,4,80,13,[7, 12, 10, 2, 5, 8],[[1, 1], [2, 1], [3, 2], [3, 3], [1, 3], [2, 2]],1224,703,1169,689
448300,4,80,13,[7, 12, 10, 2, 5, 8],[[1, 1], [2, 1], [3, 2], [3, 3], [1, 3], [2, 2]],1214,692,1169,690
448358,4,80,13,[7, 12, 10, 2, 5, 8],[[1, 1], [2, 1], [3, 2], [3, 3], [1, 3], [2, 2]],1213,677,1180,690
448441,4,80,13,[7, 12, 10, 2, 5, 8],[[1, 1], [2, 1], [3, 2], [3, 3], [1, 3], [2, 2]],1207,657,1251,710
448494,4,80,13,[7, 12, 10, 2, 5, 8],[[1, 1], [2, 1], [3, 2], [3, 3], [1, 3], [2, 2]],1197,661,1260,710
448553,4,80,13,[7, 12, 10, 2, 5, 8],[[1, 1], [2, 1], [3, 2], [3, 3], [1, 3], [2, 2]],1179,648,1289,710
448606,4,80,13,[7, 12, 10, 2, 5, 8],[[1, 1], [2, 1], [3, 2], [3, 3], [1, 3], [2, 2]],1188,671,1296,708
448665,4,80,13,[7, 12, 10, 2, 5, 8],[[1, 1], [2, 1], [3, 2], [3, 3], [1, 3], [2, 2]],1170,683,1296,708
448723,4,80,13,[7, 12, 10, 2, 5, 8],[[1, 1], [2, 1], [3, 2], [3, 3], [1, 3], [2, 2]],1183,673,1292,703
448772,4,80,13,[7, 12, 10, 2, 5, 8],[[1, 1], [2, 1], [3, 2], [3, 3], [1, 3], [2, 2]],1185,638,1263,691
448824,4,80,13,[7, 12, 10, 2, 5, 8],[[1, 1], [2, 1], [3, 2], [3, 3], [1, 3], [2, 2]],1163,647,1217,673
448874,4,80,13,[7, 12, 10, 2, 5, 8],[[1, 1], [2, 1], [3, 2], [3, 3], [1, 3], [2, 2]],1142,643,1176,667
448925,4,80,13,[7, 12, 10, 2, 5, 8],[[1, 1], [2, 1], [3, 2], [3, 3], [1, 3], [2, 2]],1140,622,1126,667
448979,4,80,13,[7, 12, 10, 2, 5, 8],[[1, 1], [2, 1], [3, 2], [3, 3], [1, 3], [2, 2]],1142,624,1109,674
449058,4,80,13,[7, 12, 10, 2, 5, 8],[[1, 1], [2, 1], [3, 2], [3, 3], [1, 3], [2, 2]],1112,592,1106,679
449094,4,80,13,[7, 12, 10, 2, 5, 8],[[1, 1], [2, 1], [3, 2], [3, 3], [1, 3], [2, 2]],1122,616,1095,689
449170,4,80,13,[7, 12, 10, 2, 5, 8],[[1, 1], [2, 1], [3, 2], [3, 3], [1, 3], [2, 2]],1123,621,1072,696
449218,4,80,13,[7, 12, 10, 2, 5, 8],[[1, 1], [2, 1], [3, 2], [3, 3], [1, 3], [2, 2]],1116,629,1055,668
449299,4,80,13,[7, 12, 10, 2, 5, 8],[[1, 1], [2, 1], [3, 2], [3, 3], [1, 3], [2, 2]],1082,625,1037,597
449353,4,80,13,[7, 12, 10, 2, 5, 8],[[1, 1], [2, 1], [3, 2], [3, 3], [1, 3], [2, 2]],1081,651,1040,588
449408,4,80,13,[7, 12, 10, 2, 5, 8],[[1, 1], [2, 1], [3, 2], [3, 3], [1, 3], [2, 2]],1067,658,1054,585
449468,4,80,13,[7, 12, 10, 2, 5, 8],[[1, 1], [2, 1], [3, 2], [3, 3], [1, 3], [2, 2]],1081,635,1076,584
449523,4,80,13,[7, 12, 10, 2, 5, 8],[[1, 1], [2, 1], [3, 2], [3, 3], [1, 3], [2, 2]],1071,616,1095,584
449566,4,80,13,[7, 12, 10, 2, 5, 8],[[1, 1], [2, 1], [3, 2], [3, 3], [1, 3], [2, 2]],1051,599,1112,584
449623,4,80,13,[7, 12, 10, 2, 5, 8],[[1, 1], [2, 1], [3, 2], [3, 3], [1, 3], [2, 2]],1075,628,1127,590
449678,4,80,13,[7, 12, 10, 2, 5, 8],[[1, 1], [2, 1], [3, 2], [3, 3], [1, 3], [2, 2]],1086,629,1149,605
449742,4,80,13,[7, 12, 10, 2, 5, 8],[[1, 1], [2, 1], [3, 2], [3, 3], [1, 3], [2, 2]],1045,639,1162,633
449791,4,80,13,[7, 12, 10, 2, 5, 8],[[1, 1], [2, 1], [3, 2], [3, 3], [1, 3], [2, 2]],1040,608,1156,663
449844,4,80,13,[7, 12, 10, 2, 5, 8],[[1, 1], [2, 1], [3, 2], [3, 3], [1, 3], [2, 2]],1042,612,1117,680
449918,4,80,13,[7, 12, 10, 2, 5, 8],[[1, 1], [2, 1], [3, 2], [3, 3], [1, 3], [2, 2]],1040,597,1093,681
450000,4,80,13,[7, 12, 10, 2, 5, 8],[[1, 1], [2, 1], [3, 2], [3, 3], [1, 3], [2, 2]],1056,573,1092,680
450067,4,80,13,[7, 12, 10, 2, 5, 8],[[1, 1], [2, 1], [3, 2], [3, 3], [1, 3], [2, 2]],1040,575,1087,703
450129,4,80,13,[7, 12, 10, 2, 5, 8],[[1, 1], [2, 1], [3, 2], [3, 3], [1, 3], [2, 2]],1040,570,1089,715
450183,4,80,13,[7, 12, 10, 2, 5, 8],[[1, 1], [2, 1], [3, 2], [3, 3], [1, 3], [2, 2]],1024,577,1086,713
450267,4,80,13,[7, 12, 10, 2, 5, 8],[[1, 1], [2, 1], [3, 2], [3, 3], [1, 3], [2, 2]],1012,591,1021,613
450320,4,80,13,[7, 12, 10, 2, 5, 8],[[1, 1], [2, 1], [3, 2], [3, 3], [1, 3], [2, 2]],1009,606,1013,564
450366,4,80,13,[7, 12, 10, 2, 5, 8],[[1, 1], [2, 1], [3, 2], [3, 3], [1, 3], [2, 2]],996,622,1013,543
450412,4,80,13,[7, 12, 10, 2, 5, 8],[[1, 1], [2, 1], [3, 2], [3, 3], [1, 3], [2, 2]],997,615,1015,539
450475,4,80,13,[7, 12, 10, 2, 5, 8],[[1, 1], [2, 1], [3, 2], [3, 3], [1, 3], [2, 2]],996,614,1024,535
450527,4,80,13,[7, 12, 10, 2, 5, 8],[[1, 1], [2, 1], [3, 2], [3, 3], [1, 3], [2, 2]],985,617,1035,539
450585,4,80,13,[7, 12, 10, 2, 5, 8],[[1, 1], [2, 1], [3, 2], [3, 3], [1, 3], [2, 2]],1002,626,1065,568
450633,4,80,13,[7, 12, 10, 2, 5, 8],[[1, 1], [2, 1], [3, 2], [3, 3], [1, 3], [2, 2]],980,613,1074,591
450692,4,80,13,[7, 12, 10, 2, 5, 8],[[1, 1], [2, 1], [3, 2], [3, 3], [1, 3], [2, 2]],968,638,1070,612
450763,4,80,13,[7, 12, 10, 2, 5, 8],[[1, 1], [2, 1], [3, 2], [3, 3], [1, 3], [2, 2]],970,620,1052,648
450835,4,80,13,[7, 12, 10, 2, 5, 8],[[1, 1], [2, 1], [3, 2], [3, 3], [1, 3], [2, 2]],966,625,1041,658
450894,4,80,13,[7, 12, 10, 2, 5, 8],[[1, 1], [2, 1], [3, 2], [3, 3], [1, 3], [2, 2]],965,628,1033,659
450957,4,80,13,[7, 12, 10, 2, 5, 8],[[1, 1], [2, 1], [3, 2], [3, 3], [1, 3], [2, 2]],986,617,997,641
451000,4,80,13,[7, 12, 10, 2, 5, 8],[[1, 1], [2, 1], [3, 2], [3, 3], [1, 3], [2, 2]],1023,604,987,634
451059,4,80,13,[7, 12, 10, 2, 5, 8],[[1, 1], [2, 1], [3, 2], [3, 3], [1, 3], [2, 2]],1028,608,985,634
451102,4,80,13,[7, 12, 10, 2, 5, 8],[[1, 1], [2, 1], [3, 2], [3, 3], [1, 3], [2, 2]],1080,634,974,628
451160,4,80,13,[7, 12, 10, 2, 5, 8],[[1, 1], [2, 1], [3, 2], [3, 3], [1, 3], [2, 2]],1092,632,972,618
451224,4,80,13,[7, 12, 10, 2, 5, 8],[[1, 1], [2, 1], [3, 2], [3, 3], [1, 3], [2, 2]],1089,647,979,602
451273,4,80,13,[7, 12, 10, 2, 5, 8],[[1, 1], [2, 1], [3, 2], [3, 3], [1, 3], [2, 2]],1102,621,996,594
451325,4,80,13,[7, 12, 10, 2, 5, 8],[[1, 1], [2, 1], [3, 2], [3, 3], [1, 3], [2, 2]],1093,645,1025,601
451407,4,80,13,[7, 12, 10, 2, 5, 8],[[1, 1], [2, 1], [3, 2], [3, 3], [1, 3], [2, 2]],1109,632,1109,653
451474,4,80,13,[7, 12, 10, 2, 5, 8],[[1, 1], [2, 1], [3, 2], [3, 3], [1, 3], [2, 2]],1104,614,1150,682
451541,4,80,13,[7, 12, 10, 2, 5, 8],[[1, 1], [2, 1], [3, 2], [3, 3], [1, 3], [2, 2]],1093,609,1160,700
451595,4,80,13,[7, 12, 10, 2, 5, 8],[[1, 1], [2, 1], [3, 2], [3, 3], [1, 3], [2, 2]],1062,611,1160,700
451634,4,80,13,[7, 12, 10, 2, 5, 8],[[1, 1], [2, 1], [3, 2], [3, 3], [1, 3], [2, 2]],1066,609,1163,703
451706,4,80,13,[7, 12, 10, 2, 5, 8],[[1, 1], [2, 1], [3, 2], [3, 3], [1, 3], [2, 2]],1056,606,1186,696
451746,4,80,13,[7, 12, 10, 2, 5, 8],[[1, 1], [2, 1], [3, 2], [3, 3], [1, 3], [2, 2]],1066,602,1201,677
451795,4,80,13,[7, 12, 10, 2, 5, 8],[[1, 1], [2, 1], [3, 2], [3, 3], [1, 3], [2, 2]],1071,600,1197,654
451843,4,81,25,[7, 12, 10, 2, 5, 8],[[1, 1], [2, 1], [3, 1], [3, 2], [1, 3], [2, 2]],1047,605,1189,650
451890,4,81,25,[7, 12, 10, 2, 5, 8],[[1, 1], [2, 1], [3, 1], [3, 2], [1, 3], [2, 2]],1042,616,1177,644
451947,4,81,25,[7, 12, 10, 2, 5, 8],[[1, 1], [2, 1], [3, 1], [3, 2], [1, 3], [2, 2]],1049,607,1167,641
451991,4,81,25,[7, 12, 10, 2, 5, 8],[[1, 1], [2, 1], [3, 1], [3, 2], [1, 3], [2, 2]],1059,601,1145,638
452055,4,81,25,[7, 12, 10, 2, 5, 8],[[1, 1], [2, 1], [3, 1], [3, 2], [1, 3], [2, 2]],1026,596,1095,632
452128,4,81,25,[7, 12, 10, 2, 5, 8],[[1, 1], [2, 1], [3, 1], [3, 2], [1, 3], [2, 2]],1005,593,1069,625
452177,4,81,25,[7, 12, 10, 2, 5, 8],[[1, 1], [2, 1], [3, 1], [3, 2], [1, 3], [2, 2]],1012,576,1035,619
452268,4,81,25,[7, 12, 10, 2, 5, 8],[[1, 1], [2, 1], [3, 1], [3, 2], [1, 3], [2, 2]],987,590,1023,617
452338,4,81,25,[7, 12, 10, 2, 5, 8],[[1, 1], [2, 1], [3, 1], [3, 2], [1, 3], [2, 2]],976,605,1000,602
452408,4,81,25,[7, 12, 10, 2, 5, 8],[[1, 1], [2, 1], [3, 1], [3, 2], [1, 3], [2, 2]],972,614,975,554
452452,4,81,25,[7, 12, 10, 2, 5, 8],[[1, 1], [2, 1], [3, 1], [3, 2], [1, 3], [2, 2]],968,601,969,521
452497,4,81,25,[7, 12, 10, 2, 5, 8],[[1, 1], [2, 1], [3, 1], [3, 2], [1, 3], [2, 2]],956,583,965,508
452548,4,81,25,[7, 12, 10, 2, 5, 8],[[1, 1], [2, 1], [3, 1], [3, 2], [1, 3], [2, 2]],970,583,965,501
452589,4,81,25,[7, 12, 10, 2, 5, 8],[[1, 1], [2, 1], [3, 1], [3, 2], [1, 3], [2, 2]],972,550,967,498
452637,4,81,25,[7, 12, 10, 2, 5, 8],[[1, 1], [2, 1], [3, 1], [3, 2], [1, 3], [2, 2]],959,563,967,498
452720,4,81,25,[7, 12, 10, 2, 5, 8],[[1, 1], [2, 1], [3, 1], [3, 2], [1, 3], [2, 2]],970,575,960,503
452763,4,81,25,[7, 12, 10, 2, 5, 8],[[1, 1], [2, 1], [3, 1], [3, 2], [1, 3], [2, 2]],974,601,955,537
452828,4,81,25,[7, 12, 10, 2, 5, 8],[[1, 1], [2, 1], [3, 1], [3, 2], [1, 3], [2, 2]],995,585,970,574
452892,4,81,25,[7, 12, 10, 2, 5, 8],[[1, 1], [2, 1], [3, 1], [3, 2], [1, 3], [2, 2]],988,589,972,577
452947,4,81,25,[7, 12, 10, 2, 5, 8],[[1, 1], [2, 1], [3, 1], [3, 2], [1, 3], [2, 2]],1006,592,972,582
453011,4,81,25,[7, 12, 10, 2, 5, 8],[[1, 1], [2, 1], [3, 1], [3, 2], [1, 3], [2, 2]],1046,565,972,584
453059,4,81,25,[7, 12, 10, 2, 5, 8],[[1, 1], [2, 1], [3, 1], [3, 2], [1, 3], [2, 2]],1045,562,972,584
453099,4,81,25,[7, 12, 10, 2, 5, 8],[[1, 1], [2, 1], [3, 1], [3, 2], [1, 3], [2, 2]],1081,572,972,584
453147,4,81,25,[7, 12, 10, 2, 5, 8],[[1, 1], [2, 1], [3, 1], [3, 2], [1, 3], [2, 2]],1074,576,972,584
453231,4,81,25,[7, 12, 10, 2, 5, 8],[[1, 1], [2, 1], [3, 1], [3, 2], [1, 3], [2, 2]],1059,590,1035,609
453269,4,81,25,[7, 12, 10, 2, 5, 8],[[1, 1], [2, 1], [3, 1], [3, 2], [1, 3], [2, 2]],1037,596,1126,634
453331,4,81,25,[7, 12, 10, 2, 5, 8],[[1, 1], [2, 1], [3, 1], [3, 2], [1, 3], [2, 2]],1041,568,1165,634
453379,4,81,25,[7, 12, 10, 2, 5, 8],[[1, 1], [2, 1], [3, 1], [3, 2], [1, 3], [2, 2]],1010,540,1214,608
453421,4,81,25,[7, 12, 10, 2, 5, 8],[[1, 1], [2, 1], [3, 1], [3, 2], [1, 3], [2, 2]],1001,564,1217,604
453471,4,81,25,[7, 12, 10, 2, 5, 8],[[1, 1], [2, 1], [3, 1], [3, 2], [1, 3], [2, 2]],1005,575,1217,603
453559,4,81,25,[7, 12, 10, 2, 5, 8],[[1, 1], [2, 1], [3, 1], [3, 2], [1, 3], [2, 2]],998,573,1201,602
453618,4,81,25,[7, 12, 10, 2, 5, 8],[[1, 1], [2, 1], [3, 1], [3, 2], [1, 3], [2, 2]],1020,564,1123,595
453680,4,81,25,[7, 12, 10, 2, 5, 8],[[1, 1], [2, 1], [3, 1], [3, 2], [1, 3], [2, 2]],1006,566,1027,583
453729,4,81,25,[7, 12, 10, 2, 5, 8],[[1, 1], [2, 1], [3, 1], [3, 2], [1, 3], [2, 2]],996,564,985,572
453784,4,81,25,[7, 12, 10, 2, 5, 8],[[1, 1], [2, 1], [3, 1], [3, 2], [1, 3], [2, 2]],997,558,978,570
453820,4,81,25,[7, 12, 10, 2, 5, 8],[[1, 1], [2, 1], [3, 1], [3, 2], [1, 3], [2, 2]],1007,576,978,570
453890,4,81,25,[7, 12, 10, 2, 5, 8],[[1, 1], [2, 1], [3, 1], [3, 2], [1, 3], [2, 2]],1013,580,978,570
453949,4,81,25,[7, 12, 10, 2, 5, 8],[[1, 1], [2, 1], [3, 1], [3, 2], [1, 3], [2, 2]],1043,566,968,551
453997,4,81,25,[7, 12, 10, 2, 5, 8],[[1, 1], [2, 1], [3, 1], [3, 2], [1, 3], [2, 2]],1050,552,967,532
454045,4,81,25,[7, 12, 10, 2, 5, 8],[[1, 1], [2, 1], [3, 1], [3, 2], [1, 3], [2, 2]],1023,556,967,530
454107,4,81,25,[7, 12, 10, 2, 5, 8],[[1, 1], [2, 1], [3, 1], [3, 2], [1, 3], [2, 2]],1031,609,978,533
454180,4,81,25,[7, 12, 10, 2, 5, 8],[[1, 1], [2, 1], [3, 1], [3, 2], [1, 3], [2, 2]],1030,615,990,545
454232,4,81,25,[7, 12, 10, 2, 5, 8],[[1, 1], [2, 1], [3, 1], [3, 2], [1, 3], [2, 2]],1005,616,1003,560
454282,4,81,25,[7, 12, 10, 2, 5, 8],[[1, 1], [2, 1], [3, 1], [3, 2], [1, 3], [2, 2]],998,598,1015,569
454362,4,81,25,[7, 12, 10, 2, 5, 8],[[1, 1], [2, 1], [3, 1], [3, 2], [1, 3], [2, 2]],1001,594,1041,563
454416,4,81,25,[7, 12, 10, 2, 5, 8],[[1, 1], [2, 1], [3, 1], [3, 2], [1, 3], [2, 2]],991,593,1050,558
454478,4,81,25,[7, 12, 10, 2, 5, 8],[[1, 1], [2, 1], [3, 1], [3, 2], [1, 3], [2, 2]],987,567,1053,561
454542,4,81,25,[7, 12, 10, 2, 5, 8],[[1, 1], [2, 1], [3, 1], [3, 2], [1, 3], [2, 2]],992,542,1049,618
454606,4,81,25,[7, 12, 10, 2, 5, 8],[[1, 1], [2, 1], [3, 1], [3, 2], [1, 3], [2, 2]],1006,537,1038,648
454647,4,81,25,[7, 12, 10, 2, 5, 8],[[1, 1], [2, 1], [3, 1], [3, 2], [1, 3], [2, 2]],1007,535,1027,652
454691,4,81,25,[7, 12, 10, 2, 5, 8],[[1, 1], [2, 1], [3, 1], [3, 2], [1, 3], [2, 2]],1011,534,1002,654
454759,4,81,25,[7, 12, 10, 2, 5, 8],[[1, 1], [2, 1], [3, 1], [3, 2], [1, 3], [2, 2]],999,543,960,624
454807,4,81,25,[7, 12, 10, 2, 5, 8],[[1, 1], [2, 1], [3, 1], [3, 2], [1, 3], [2, 2]],1027,569,945,598
454849,4,81,25,[7, 12, 10, 2, 5, 8],[[1, 1], [2, 1], [3, 1], [3, 2], [1, 3], [2, 2]],1030,554,955,555
454922,4,81,25,[7, 12, 10, 2, 5, 8],[[1, 1], [2, 1], [3, 1], [3, 2], [1, 3], [2, 2]],994,550,971,528
454986,4,81,25,[7, 12, 10, 2, 5, 8],[[1, 1], [2, 1], [3, 1], [3, 2], [1, 3], [2, 2]],990,525,975,524
455065,4,81,25,[7, 12, 10, 2, 5, 8],[[1, 1], [2, 1], [3, 1], [3, 2], [1, 3], [2, 2]],973,519,994,522
455123,4,81,25,[7, 12, 10, 2, 5, 8],[[1, 1], [2, 1], [3, 1], [3, 2], [1, 3], [2, 2]],963,521,1022,532
455199,4,81,25,[7, 12, 10, 2, 5, 8],[[1, 1], [2, 1], [3, 1], [3, 2], [1, 3], [2, 2]],952,519,1039,539
455247,4,81,25,[7, 12, 10, 2, 5, 8],[[1, 1], [2, 1], [3, 1], [3, 2], [1, 3], [2, 2]],956,516,1048,551
455296,4,81,25,[7, 12, 10, 2, 5, 8],[[1, 1], [2, 1], [3, 1], [3, 2], [1, 3], [2, 2]],965,515,1052,552
455386,4,81,25,[7, 12, 10, 2, 5, 8],[[1, 1], [2, 1], [3, 1], [3, 2], [1, 3], [2, 2]],950,514,1060,546
455429,4,81,25,[7, 12, 10, 2, 5, 8],[[1, 1], [2, 1], [3, 1], [3, 2], [1, 3], [2, 2]],953,536,1054,537
455474,4,81,25,[7, 12, 10, 2, 5, 8],[[1, 1], [2, 1], [3, 1], [3, 2], [1, 3], [2, 2]],976,569,1021,514
455543,4,81,25,[7, 12, 10, 2, 5, 8],[[1, 1], [2, 1], [3, 1], [3, 2], [1, 3], [2, 2]],968,549,983,490
455586,4,81,25,[7, 12, 10, 2, 5, 8],[[1, 1], [2, 1], [3, 1], [3, 2], [1, 3], [2, 2]],970,555,967,468
455655,4,81,25,[7, 12, 10, 2, 5, 8],[[1, 1], [2, 1], [3, 1], [3, 2], [1, 3], [2, 2]],978,543,957,456
455737,4,81,25,[7, 12, 10, 2, 5, 8],[[1, 1], [2, 1], [3, 1], [3, 2], [1, 3], [2, 2]],1007,550,947,498
455830,4,81,25,[7, 12, 10, 2, 5, 8],[[1, 1], [2, 1], [3, 1], [3, 2], [1, 3], [2, 2]],1002,542,958,536
455899,4,82,98,[9, 6, 10, 2, 5, 8],[[1, 3], [2, 3], [3, 1], [3, 2], [1, 2], [2, 1]],1024,537,978,557
455944,4,82,98,[9, 6, 10, 2, 5, 8],[[1, 3], [2, 3], [3, 1], [3, 2], [1, 2], [2, 1]],1034,556,982,565
455998,4,82,98,[9, 6, 10, 2, 5, 8],[[1, 3], [2, 3], [3, 1], [3, 2], [1, 2], [2, 1]],1029,542,989,573
456046,4,82,98,[9, 6, 10, 2, 5, 8],[[1, 3], [2, 3], [3, 1], [3, 2], [1, 2], [2, 1]],1029,548,1020,587
456101,4,82,98,[9, 6, 10, 2, 5, 8],[[1, 3], [2, 3], [3, 1], [3, 2], [1, 2], [2, 1]],1027,554,1041,585
456155,4,82,98,[9, 6, 10, 2, 5, 8],[[1, 3], [2, 3], [3, 1], [3, 2], [1, 2], [2, 1]],1004,526,1045,578
456217,4,82,98,[9, 6, 10, 2, 5, 8],[[1, 3], [2, 3], [3, 1], [3, 2], [1, 2], [2, 1]],993,512,1035,569
456270,4,82,98,[9, 6, 10, 2, 5, 8],[[1, 3], [2, 3], [3, 1], [3, 2], [1, 2], [2, 1]],1028,508,1031,563
456366,4,82,98,[9, 6, 10, 2, 5, 8],[[1, 3], [2, 3], [3, 1], [3, 2], [1, 2], [2, 1]],1050,499,1023,542
456403,4,82,98,[9, 6, 10, 2, 5, 8],[[1, 3], [2, 3], [3, 1], [3, 2], [1, 2], [2, 1]],1047,532,1024,541
456458,4,82,98,[9, 6, 10, 2, 5, 8],[[1, 3], [2, 3], [3, 1], [3, 2], [1, 2], [2, 1]],1042,539,1024,541
456504,4,82,98,[9, 6, 10, 2, 5, 8],[[1, 3], [2, 3], [3, 1], [3, 2], [1, 2], [2, 1]],1019,519,1024,541
456567,4,82,98,[9, 6, 10, 2, 5, 8],[[1, 3], [2, 3], [3, 1], [3, 2], [1, 2], [2, 1]],1045,513,1024,541
456635,4,82,98,[9, 6, 10, 2, 5, 8],[[1, 3], [2, 3], [3, 1], [3, 2], [1, 2], [2, 1]],1071,504,1065,559
456700,4,82,98,[9, 6, 10, 2, 5, 8],[[1, 3], [2, 3], [3, 1], [3, 2], [1, 2], [2, 1]],1067,504,1130,579
456753,4,82,98,[9, 6, 10, 2, 5, 8],[[1, 3], [2, 3], [3, 1], [3, 2], [1, 2], [2, 1]],1064,523,1131,579
456802,4,82,98,[9, 6, 10, 2, 5, 8],[[1, 3], [2, 3], [3, 1], [3, 2], [1, 2], [2, 1]],1074,522,1121,579
456855,4,82,98,[9, 6, 10, 2, 5, 8],[[1, 3], [2, 3], [3, 1], [3, 2], [1, 2], [2, 1]],1043,497,1101,580
456909,4,82,98,[9, 6, 10, 2, 5, 8],[[1, 3], [2, 3], [3, 1], [3, 2], [1, 2], [2, 1]],1051,463,1095,577
456972,4,82,98,[9, 6, 10, 2, 5, 8],[[1, 3], [2, 3], [3, 1], [3, 2], [1, 2], [2, 1]],1062,481,1087,573
457041,4,82,98,[9, 6, 10, 2, 5, 8],[[1, 3], [2, 3], [3, 1], [3, 2], [1, 2], [2, 1]],1102,462,1087,573
457109,4,82,98,[9, 6, 10, 2, 5, 8],[[1, 3], [2, 3], [3, 1], [3, 2], [1, 2], [2, 1]],1096,471,1084,572
457188,4,82,98,[9, 6, 10, 2, 5, 8],[[1, 3], [2, 3], [3, 1], [3, 2], [1, 2], [2, 1]],1113,505,1084,572
457266,4,82,98,[9, 6, 10, 2, 5, 8],[[1, 3], [2, 3], [3, 1], [3, 2], [1, 2], [2, 1]],1115,515,1099,579
457340,4,82,98,[9, 6, 10, 2, 5, 8],[[1, 3], [2, 3], [3, 1], [3, 2], [1, 2], [2, 1]],1139,514,1160,469
457383,4,82,98,[9, 6, 10, 2, 5, 8],[[1, 3], [2, 3], [3, 1], [3, 2], [1, 2], [2, 1]],1148,508,1172,405
457436,4,82,98,[9, 6, 10, 2, 5, 8],[[1, 3], [2, 3], [3, 1], [3, 2], [1, 2], [2, 1]],1142,516,1168,381
457519,4,82,98,[9, 6, 10, 2, 5, 8],[[1, 3], [2, 3], [3, 1], [3, 2], [1, 2], [2, 1]],1127,494,1154,368
457577,4,82,98,[9, 6, 10, 2, 5, 8],[[1, 3], [2, 3], [3, 1], [3, 2], [1, 2], [2, 1]],1155,495,1145,369
457650,4,82,98,[9, 6, 10, 2, 5, 8],[[1, 3], [2, 3], [3, 1], [3, 2], [1, 2], [2, 1]],1165,485,1133,395
457712,4,82,98,[9, 6, 10, 2, 5, 8],[[1, 3], [2, 3], [3, 1], [3, 2], [1, 2], [2, 1]],1161,498,1130,433
457765,4,82,98,[9, 6, 10, 2, 5, 8],[[1, 3], [2, 3], [3, 1], [3, 2], [1, 2], [2, 1]],1128,481,1139,454
457832,4,82,98,[9, 6, 10, 2, 5, 8],[[1, 3], [2, 3], [3, 1], [3, 2], [1, 2], [2, 1]],1152,520,1154,463
457886,4,82,98,[9, 6, 10, 2, 5, 8],[[1, 3], [2, 3], [3, 1], [3, 2], [1, 2], [2, 1]],1179,514,1162,467
457967,4,82,98,[9, 6, 10, 2, 5, 8],[[1, 3], [2, 3], [3, 1], [3, 2], [1, 2], [2, 1]],1169,502,1204,475
458023,4,82,98,[9, 6, 10, 2, 5, 8],[[1, 3], [2, 3], [3, 1], [3, 2], [1, 2], [2, 1]],1194,503,1207,477
458097,4,82,98,[9, 6, 10, 2, 5, 8],[[1, 3], [2, 3], [3, 1], [3, 2], [1, 2], [2, 1]],1199,472,1207,477
458152,4,82,98,[9, 6, 10, 2, 5, 8],[[1, 3], [2, 3], [3, 1], [3, 2], [1, 2], [2, 1]],1219,488,1207,477
458222,4,82,98,[9, 6, 10, 2, 5, 8],[[1, 3], [2, 3], [3, 1], [3, 2], [1, 2], [2, 1]],1191,512,1219,477
458278,4,82,98,[9, 6, 10, 2, 5, 8],[[1, 3], [2, 3], [3, 1], [3, 2], [1, 2], [2, 1]],1172,490,1219,476
458321,4,82,98,[9, 6, 10, 2, 5, 8],[[1, 3], [2, 3], [3, 1], [3, 2], [1, 2], [2, 1]],1160,506,1219,477
458399,4,82,98,[9, 6, 10, 2, 5, 8],[[1, 3], [2, 3], [3, 1], [3, 2], [1, 2], [2, 1]],1189,531,1190,491
458470,4,82,98,[9, 6, 10, 2, 5, 8],[[1, 3], [2, 3], [3, 1], [3, 2], [1, 2], [2, 1]],1178,536,1185,497
458514,4,82,98,[9, 6, 10, 2, 5, 8],[[1, 3], [2, 3], [3, 1], [3, 2], [1, 2], [2, 1]],1172,543,1185,497
458560,4,82,98,[9, 6, 10, 2, 5, 8],[[1, 3], [2, 3], [3, 1], [3, 2], [1, 2], [2, 1]],1160,557,1189,497
458618,4,82,98,[9, 6, 10, 2, 5, 8],[[1, 3], [2, 3], [3, 1], [3, 2], [1, 2], [2, 1]],1144,567,1202,494
458677,4,82,98,[9, 6, 10, 2, 5, 8],[[1, 3], [2, 3], [3, 1], [3, 2], [1, 2], [2, 1]],1170,564,1214,491
458731,4,82,98,[9, 6, 10, 2, 5, 8],[[1, 3], [2, 3], [3, 1], [3, 2], [1, 2], [2, 1]],1172,573,1217,491
458790,4,82,98,[9, 6, 10, 2, 5, 8],[[1, 3], [2, 3], [3, 1], [3, 2], [1, 2], [2, 1]],1139,563,1220,507
458849,4,82,98,[9, 6, 10, 2, 5, 8],[[1, 3], [2, 3], [3, 1], [3, 2], [1, 2], [2, 1]],1146,575,1207,536
458917,4,82,98,[9, 6, 10, 2, 5, 8],[[1, 3], [2, 3], [3, 1], [3, 2], [1, 2], [2, 1]],1144,558,1195,547
458971,4,82,98,[9, 6, 10, 2, 5, 8],[[1, 3], [2, 3], [3, 1], [3, 2], [1, 2], [2, 1]],1155,553,1183,550
459020,4,82,98,[9, 6, 10, 2, 5, 8],[[1, 3], [2, 3], [3, 1], [3, 2], [1, 2], [2, 1]],1154,553,1178,551
459079,4,82,98,[9, 6, 10, 2, 5, 8],[[1, 3], [2, 3], [3, 1], [3, 2], [1, 2], [2, 1]],1150,550,1164,549
459138,4,82,98,[9, 6, 10, 2, 5, 8],[[1, 3], [2, 3], [3, 1], [3, 2], [1, 2], [2, 1]],1160,538,1139,538
459196,4,82,98,[9, 6, 10, 2, 5, 8],[[1, 3], [2, 3], [3, 1], [3, 2], [1, 2], [2, 1]],1168,535,1124,524
459256,4,82,98,[9, 6, 10, 2, 5, 8],[[1, 3], [2, 3], [3, 1], [3, 2], [1, 2], [2, 1]],1184,532,1124,524
459325,4,82,98,[9, 6, 10, 2, 5, 8],[[1, 3], [2, 3], [3, 1], [3, 2], [1, 2], [2, 1]],1187,532,1119,522
459387,4,82,98,[9, 6, 10, 2, 5, 8],[[1, 3], [2, 3], [3, 1], [3, 2], [1, 2], [2, 1]],1174,534,1119,522
459467,4,82,98,[9, 6, 10, 2, 5, 8],[[1, 3], [2, 3], [3, 1], [3, 2], [1, 2], [2, 1]],1166,544,1108,522
459524,4,82,98,[9, 6, 10, 2, 5, 8],[[1, 3], [2, 3], [3, 1], [3, 2], [1, 2], [2, 1]],1158,525,1100,522
459576,4,82,98,[9, 6, 10, 2, 5, 8],[[1, 3], [2, 3], [3, 1], [3, 2], [1, 2], [2, 1]],1176,528,1108,522
459670,4,82,98,[9, 6, 10, 2, 5, 8],[[1, 3], [2, 3], [3, 1], [3, 2], [1, 2], [2, 1]],1157,532,1181,524
459731,4,82,98,[9, 6, 10, 2, 5, 8],[[1, 3], [2, 3], [3, 1], [3, 2], [1, 2], [2, 1]],1198,528,1195,524
459808,4,82,98,[9, 6, 10, 2, 5, 8],[[1, 3], [2, 3], [3, 1], [3, 2], [1, 2], [2, 1]],1212,533,1209,518
459853,4,82,98,[9, 6, 10, 2, 5, 8],[[1, 3], [2, 3], [3, 1], [3, 2], [1, 2], [2, 1]],1204,535,1234,519
459901,4,82,98,[9, 6, 10, 2, 5, 8],[[1, 3], [2, 3], [3, 1], [3, 2], [1, 2], [2, 1]],1191,525,1256,520
459974,4,83,26,[9, 6, 10, 2, 5, 8],[[1, 1], [2, 1], [3, 1], [3, 2], [1, 3], [2, 2]],1206,488,1256,520
460019,4,83,26,[9, 6, 10, 2, 5, 8],[[1, 1], [2, 1], [3, 1], [3, 2], [1, 3], [2, 2]],1221,477,1256,520
460068,4,83,26,[9, 6, 10, 2, 5, 8],[[1, 1], [2, 1], [3, 1], [3, 2], [1, 3], [2, 2]],1220,470,1252,520
460132,4,83,26,[9, 6, 10, 2, 5, 8],[[1, 1], [2, 1], [3, 1], [3, 2], [1, 3], [2, 2]],1213,474,1243,521
460179,4,83,26,[9, 6, 10, 2, 5, 8],[[1, 1], [2, 1], [3, 1], [3, 2], [1, 3], [2, 2]],1201,473,1228,528
460234,4,83,26,[9, 6, 10, 2, 5, 8],[[1, 1], [2, 1], [3, 1], [3, 2], [1, 3], [2, 2]],1203,489,1220,534
460296,4,83,26,[9, 6, 10, 2, 5, 8],[[1, 1], [2, 1], [3, 1], [3, 2], [1, 3], [2, 2]],1200,489,1220,534
460344,4,83,26,[9, 6, 10, 2, 5, 8],[[1, 1], [2, 1], [3, 1], [3, 2], [1, 3], [2, 2]],1191,475,1222,515
460390,4,83,26,[9, 6, 10, 2, 5, 8],[[1, 1], [2, 1], [3, 1], [3, 2], [1, 3], [2, 2]],1191,458,1222,475
460438,4,83,26,[9, 6, 10, 2, 5, 8],[[1, 1], [2, 1], [3, 1], [3, 2], [1, 3], [2, 2]],1204,459,1206,423
460483,4,83,26,[9, 6, 10, 2, 5, 8],[[1, 1], [2, 1], [3, 1], [3, 2], [1, 3], [2, 2]],1198,461,1193,396
460534,4,83,26,[9, 6, 10, 2, 5, 8],[[1, 1], [2, 1], [3, 1], [3, 2], [1, 3], [2, 2]],1171,475,1190,363
460602,4,83,26,[9, 6, 10, 2, 5, 8],[[1, 1], [2, 1], [3, 1], [3, 2], [1, 3], [2, 2]],1174,462,1188,332
460640,4,83,26,[9, 6, 10, 2, 5, 8],[[1, 1], [2, 1], [3, 1], [3, 2], [1, 3], [2, 2]],1182,476,1188,332
460699,4,83,26,[9, 6, 10, 2, 5, 8],[[1, 1], [2, 1], [3, 1], [3, 2], [1, 3], [2, 2]],1182,476,1175,360
460757,4,83,26,[9, 6, 10, 2, 5, 8],[[1, 1], [2, 1], [3, 1], [3, 2], [1, 3], [2, 2]],1157,464,1172,379
460816,4,83,26,[9, 6, 10, 2, 5, 8],[[1, 1], [2, 1], [3, 1], [3, 2], [1, 3], [2, 2]],1137,458,1177,397
460864,4,83,26,[9, 6, 10, 2, 5, 8],[[1, 1], [2, 1], [3, 1], [3, 2], [1, 3], [2, 2]],1146,478,1176,411
460901,4,83,26,[9, 6, 10, 2, 5, 8],[[1, 1], [2, 1], [3, 1], [3, 2], [1, 3], [2, 2]],1141,484,1168,428
460979,4,83,26,[9, 6, 10, 2, 5, 8],[[1, 1], [2, 1], [3, 1], [3, 2], [1, 3], [2, 2]],1146,476,1098,462
461048,4,83,26,[9, 6, 10, 2, 5, 8],[[1, 1], [2, 1], [3, 1], [3, 2], [1, 3], [2, 2]],1140,455,1096,464
461107,4,83,26,[9, 6, 10, 2, 5, 8],[[1, 1], [2, 1], [3, 1], [3, 2], [1, 3], [2, 2]],1135,466,1096,476
461169,4,83,26,[9, 6, 10, 2, 5, 8],[[1, 1], [2, 1], [3, 1], [3, 2], [1, 3], [2, 2]],1134,449,1090,501
461231,4,83,26,[9, 6, 10, 2, 5, 8],[[1, 1], [2, 1], [3, 1], [3, 2], [1, 3], [2, 2]],1131,443,1083,516
461304,4,83,26,[9, 6, 10, 2, 5, 8],[[1, 1], [2, 1], [3, 1], [3, 2], [1, 3], [2, 2]],1151,434,1078,519
461374,4,83,26,[9, 6, 10, 2, 5, 8],[[1, 1], [2, 1], [3, 1], [3, 2], [1, 3], [2, 2]],1140,433,1079,490
461434,4,83,26,[9, 6, 10, 2, 5, 8],[[1, 1], [2, 1], [3, 1], [3, 2], [1, 3], [2, 2]],1162,400,1066,438
461506,4,83,26,[9, 6, 10, 2, 5, 8],[[1, 1], [2, 1], [3, 1], [3, 2], [1, 3], [2, 2]],1135,387,1055,417
461568,4,83,26,[9, 6, 10, 2, 5, 8],[[1, 1], [2, 1], [3, 1], [3, 2], [1, 3], [2, 2]],1154,400,1051,407
461636,4,83,26,[9, 6, 10, 2, 5, 8],[[1, 1], [2, 1], [3, 1], [3, 2], [1, 3], [2, 2]],1165,394,1065,405
461712,4,83,26,[9, 6, 10, 2, 5, 8],[[1, 1], [2, 1], [3, 1], [3, 2], [1, 3], [2, 2]],1192,390,1088,417
461801,4,83,26,[9, 6, 10, 2, 5, 8],[[1, 1], [2, 1], [3, 1], [3, 2], [1, 3], [2, 2]],1197,359,1117,431
461840,4,83,26,[9, 6, 10, 2, 5, 8],[[1, 1], [2, 1], [3, 1], [3, 2], [1, 3], [2, 2]],1204,354,1131,436
461932,4,83,26,[9, 6, 10, 2, 5, 8],[[1, 1], [2, 1], [3, 1], [3, 2], [1, 3], [2, 2]],1201,340,1127,425
461998,4,83,26,[9, 6, 10, 2, 5, 8],[[1, 1], [2, 1], [3, 1], [3, 2], [1, 3], [2, 2]],1192,359,1113,401
462048,4,83,26,[9, 6, 10, 2, 5, 8],[[1, 1], [2, 1], [3, 1], [3, 2], [1, 3], [2, 2]],1197,360,1112,398
462098,4,83,26,[9, 6, 10, 2, 5, 8],[[1, 1], [2, 1], [3, 1], [3, 2], [1, 3], [2, 2]],1183,355,1119,394
462153,4,83,26,[9, 6, 10, 2, 5, 8],[[1, 1], [2, 1], [3, 1], [3, 2], [1, 3], [2, 2]],1145,366,1133,388
462190,4,83,26,[9, 6, 10, 2, 5, 8],[[1, 1], [2, 1], [3, 1], [3, 2], [1, 3], [2, 2]],1177,382,1149,379
462264,4,83,26,[9, 6, 10, 2, 5, 8],[[1, 1], [2, 1], [3, 1], [3, 2], [1, 3], [2, 2]],1199,385,1190,357
462338,4,83,26,[9, 6, 10, 2, 5, 8],[[1, 1], [2, 1], [3, 1], [3, 2], [1, 3], [2, 2]],1223,375,1214,343
462391,4,83,26,[9, 6, 10, 2, 5, 8],[[1, 1], [2, 1], [3, 1], [3, 2], [1, 3], [2, 2]],1197,369,1217,340
462426,4,83,26,[9, 6, 10, 2, 5, 8],[[1, 1], [2, 1], [3, 1], [3, 2], [1, 3], [2, 2]],1184,327,1216,340
462484,4,83,26,[9, 6, 10, 2, 5, 8],[[1, 1], [2, 1], [3, 1], [3, 2], [1, 3], [2, 2]],1199,324,1152,357
462528,4,83,26,[9, 6, 10, 2, 5, 8],[[1, 1], [2, 1], [3, 1], [3, 2], [1, 3], [2, 2]],1191,312,1113,371
462595,4,83,26,[9, 6, 10, 2, 5, 8],[[1, 1], [2, 1], [3, 1], [3, 2], [1, 3], [2, 2]],1178,313,1117,382
462635,4,83,26,[9, 6, 10, 2, 5, 8],[[1, 1], [2, 1], [3, 1], [3, 2], [1, 3], [2, 2]],1195,300,1135,397
462679,4,83,26,[9, 6, 10, 2, 5, 8],[[1, 1], [2, 1], [3, 1], [3, 2], [1, 3], [2, 2]],1185,300,1153,409
462738,4,83,26,[9, 6, 10, 2, 5, 8],[[1, 1], [2, 1], [3, 1], [3, 2], [1, 3], [2, 2]],1203,324,1181,423
462786,4,83,26,[9, 6, 10, 2, 5, 8],[[1, 1], [2, 1], [3, 1], [3, 2], [1, 3], [2, 2]],1197,313,1189,425
462826,4,83,26,[9, 6, 10, 2, 5, 8],[[1, 1], [2, 1], [3, 1], [3, 2], [1, 3], [2, 2]],1193,313,1190,425
462879,4,83,26,[9, 6, 10, 2, 5, 8],[[1, 1], [2, 1], [3, 1], [3, 2], [1, 3], [2, 2]],1188,293,1194,410
462927,4,83,26,[9, 6, 10, 2, 5, 8],[[1, 1], [2, 1], [3, 1], [3, 2], [1, 3], [2, 2]],1188,275,1196,369
462976,4,83,26,[9, 6, 10, 2, 5, 8],[[1, 1], [2, 1], [3, 1], [3, 2], [1, 3], [2, 2]],1178,264,1189,331
463029,4,83,26,[9, 6, 10, 2, 5, 8],[[1, 1], [2, 1], [3, 1], [3, 2], [1, 3], [2, 2]],1167,244,1184,319
463083,4,83,26,[9, 6, 10, 2, 5, 8],[[1, 1], [2, 1], [3, 1], [3, 2], [1, 3], [2, 2]],1197,232,1189,285
463137,4,83,26,[9, 6, 10, 2, 5, 8],[[1, 1], [2, 1], [3, 1], [3, 2], [1, 3], [2, 2]],1205,233,1190,261
463192,4,83,26,[9, 6, 10, 2, 5, 8],[[1, 1], [2, 1], [3, 1], [3, 2], [1, 3], [2, 2]],1198,221,1190,260
463245,4,83,26,[9, 6, 10, 2, 5, 8],[[1, 1], [2, 1], [3, 1], [3, 2], [1, 3], [2, 2]],1197,228,1190,260
463315,4,83,26,[9, 6, 10, 2, 5, 8],[[1, 1], [2, 1], [3, 1], [3, 2], [1, 3], [2, 2]],1205,243,1165,259
463364,4,83,26,[9, 6, 10, 2, 5, 8],[[1, 1], [2, 1], [3, 1], [3, 2], [1, 3], [2, 2]],1184,224,1158,258
463426,4,83,26,[9, 6, 10, 2, 5, 8],[[1, 1], [2, 1], [3, 1], [3, 2], [1, 3], [2, 2]],1213,217,1155,258
463495,4,83,26,[9, 6, 10, 2, 5, 8],[[1, 1], [2, 1], [3, 1], [3, 2], [1, 3], [2, 2]],1186,209,1157,246
463561,4,83,26,[9, 6, 10, 2, 5, 8],[[1, 1], [2, 1], [3, 1], [3, 2], [1, 3], [2, 2]],1204,218,1163,218
463629,4,83,26,[9, 6, 10, 2, 5, 8],[[1, 1], [2, 1], [3, 1], [3, 2], [1, 3], [2, 2]],1183,216,1161,208
463713,4,83,26,[9, 6, 10, 2, 5, 8],[[1, 1], [2, 1], [3, 1], [3, 2], [1, 3], [2, 2]],1186,232,1130,185
463790,4,83,26,[9, 6, 10, 2, 5, 8],[[1, 1], [2, 1], [3, 1], [3, 2], [1, 3], [2, 2]],1196,245,1123,170
463852,4,83,26,[9, 6, 10, 2, 5, 8],[[1, 1], [2, 1], [3, 1], [3, 2], [1, 3], [2, 2]],1196,243,1123,169
463921,4,83,26,[9, 6, 10, 2, 5, 8],[[1, 1], [2, 1], [3, 1], [3, 2], [1, 3], [2, 2]],1185,235,1135,195
463970,4,83,26,[9, 6, 10, 2, 5, 8],[[1, 1], [2, 1], [3, 1], [3, 2], [1, 3], [2, 2]],1191,247,1149,210
464041,4,84,130,[9, 6, 10, 2, 1, 4],[[2, 3], [3, 3], [1, 2], [1, 3], [1, 1], [2, 2]],1232,233,1179,249
464094,4,84,130,[9, 6, 10, 2, 1, 4],[[2, 3], [3, 3], [1, 2], [1, 3], [1, 1], [2, 2]],1212,261,1191,279
464134,4,84,130,[9, 6, 10, 2, 1, 4],[[2, 3], [3, 3], [1, 2], [1, 3], [1, 1], [2, 2]],1220,277,1200,313
464203,4,84,130,[9, 6, 10, 2, 1, 4],[[2, 3], [3, 3], [1, 2], [1, 3], [1, 1], [2, 2]],1208,261,1204,330
464251,4,84,130,[9, 6, 10, 2, 1, 4],[[2, 3], [3, 3], [1, 2], [1, 3], [1, 1], [2, 2]],1223,268,1204,330
464318,4,84,130,[9, 6, 10, 2, 1, 4],[[2, 3], [3, 3], [1, 2], [1, 3], [1, 1], [2, 2]],1240,249,1191,320
464371,4,84,130,[9, 6, 10, 2, 1, 4],[[2, 3], [3, 3], [1, 2], [1, 3], [1, 1], [2, 2]],1245,257,1185,309
464431,4,84,130,[9, 6, 10, 2, 1, 4],[[2, 3], [3, 3], [1, 2], [1, 3], [1, 1], [2, 2]],1245,257,1182,284
464478,4,84,130,[9, 6, 10, 2, 1, 4],[[2, 3], [3, 3], [1, 2], [1, 3], [1, 1], [2, 2]],1269,263,1183,265
464541,4,84,130,[9, 6, 10, 2, 1, 4],[[2, 3], [3, 3], [1, 2], [1, 3], [1, 1], [2, 2]],1289,265,1196,235
464592,4,84,130,[9, 6, 10, 2, 1, 4],[[2, 3], [3, 3], [1, 2], [1, 3], [1, 1], [2, 2]],1289,279,1201,227
464637,4,84,130,[9, 6, 10, 2, 1, 4],[[2, 3], [3, 3], [1, 2], [1, 3], [1, 1], [2, 2]],1307,281,1210,223
464688,4,84,130,[9, 6, 10, 2, 1, 4],[[2, 3], [3, 3], [1, 2], [1, 3], [1, 1], [2, 2]],1318,281,1225,216
464738,4,84,130,[9, 6, 10, 2, 1, 4],[[2, 3], [3, 3], [1, 2], [1, 3], [1, 1], [2, 2]],1348,291,1241,214
464778,4,84,130,[9, 6, 10, 2, 1, 4],[[2, 3], [3, 3], [1, 2], [1, 3], [1, 1], [2, 2]],1359,307,1252,211
464838,4,84,130,[9, 6, 10, 2, 1, 4],[[2, 3], [3, 3], [1, 2], [1, 3], [1, 1], [2, 2]],1340,352,1264,217
464886,4,84,130,[9, 6, 10, 2, 1, 4],[[2, 3], [3, 3], [1, 2], [1, 3], [1, 1], [2, 2]],1317,364,1278,237
464926,4,84,130,[9, 6, 10, 2, 1, 4],[[2, 3], [3, 3], [1, 2], [1, 3], [1, 1], [2, 2]],1316,347,1287,257
464973,4,84,130,[9, 6, 10, 2, 1, 4],[[2, 3], [3, 3], [1, 2], [1, 3], [1, 1], [2, 2]],1307,333,1290,271
465037,4,84,130,[9, 6, 10, 2, 1, 4],[[2, 3], [3, 3], [1, 2], [1, 3], [1, 1], [2, 2]],1285,318,1292,286
465103,4,84,130,[9, 6, 10, 2, 1, 4],[[2, 3], [3, 3], [1, 2], [1, 3], [1, 1], [2, 2]],1269,298,1284,316
465153,4,84,130,[9, 6, 10, 2, 1, 4],[[2, 3], [3, 3], [1, 2], [1, 3], [1, 1], [2, 2]],1281,278,1265,344
465201,4,84,130,[9, 6, 10, 2, 1, 4],[[2, 3], [3, 3], [1, 2], [1, 3], [1, 1], [2, 2]],1312,261,1258,359
465256,4,84,130,[9, 6, 10, 2, 1, 4],[[2, 3], [3, 3], [1, 2], [1, 3], [1, 1], [2, 2]],1318,262,1257,362
465307,4,84,130,[9, 6, 10, 2, 1, 4],[[2, 3], [3, 3], [1, 2], [1, 3], [1, 1], [2, 2]],1318,282,1257,362
465352,4,84,130,[9, 6, 10, 2, 1, 4],[[2, 3], [3, 3], [1, 2], [1, 3], [1, 1], [2, 2]],1326,270,1257,363
465405,4,84,130,[9, 6, 10, 2, 1, 4],[[2, 3], [3, 3], [1, 2], [1, 3], [1, 1], [2, 2]],1338,281,1273,359
465459,4,84,130,[9, 6, 10, 2, 1, 4],[[2, 3], [3, 3], [1, 2], [1, 3], [1, 1], [2, 2]],1346,286,1287,357
465523,4,84,130,[9, 6, 10, 2, 1, 4],[[2, 3], [3, 3], [1, 2], [1, 3], [1, 1], [2, 2]],1338,279,1299,349
465583,4,84,130,[9, 6, 10, 2, 1, 4],[[2, 3], [3, 3], [1, 2], [1, 3], [1, 1], [2, 2]],1358,255,1301,348
465679,4,84,130,[9, 6, 10, 2, 1, 4],[[2, 3], [3, 3], [1, 2], [1, 3], [1, 1], [2, 2]],1369,259,1311,335
465727,4,84,130,[9, 6, 10, 2, 1, 4],[[2, 3], [3, 3], [1, 2], [1, 3], [1, 1], [2, 2]],1382,280,1324,321
465797,4,84,130,[9, 6, 10, 2, 1, 4],[[2, 3], [3, 3], [1, 2], [1, 3], [1, 1], [2, 2]],1371,285,1342,311
465881,4,84,130,[9, 6, 10, 2, 1, 4],[[2, 3], [3, 3], [1, 2], [1, 3], [1, 1], [2, 2]],1364,263,1355,283
465972,4,84,130,[9, 6, 10, 2, 1, 4],[[2, 3], [3, 3], [1, 2], [1, 3], [1, 1], [2, 2]],1372,239,1358,238
466044,4,84,130,[9, 6, 10, 2, 1, 4],[[2, 3], [3, 3], [1, 2], [1, 3], [1, 1], [2, 2]],1387,235,1358,238
466103,4,84,130,[9, 6, 10, 2, 1, 4],[[2, 3], [3, 3], [1, 2], [1, 3], [1, 1], [2, 2]],1416,226,1371,263
466165,4,84,130,[9, 6, 10, 2, 1, 4],[[2, 3], [3, 3], [1, 2], [1, 3], [1, 1], [2, 2]],1418,224,1381,293
466256,4,84,130,[9, 6, 10, 2, 1, 4],[[2, 3], [3, 3], [1, 2], [1, 3], [1, 1], [2, 2]],1417,214,1384,304
466299,4,84,130,[9, 6, 10, 2, 1, 4],[[2, 3], [3, 3], [1, 2], [1, 3], [1, 1], [2, 2]],1419,231,1384,304
466347,4,84,130,[9, 6, 10, 2, 1, 4],[[2, 3], [3, 3], [1, 2], [1, 3], [1, 1], [2, 2]],1409,219,1384,304
466418,4,84,130,[9, 6, 10, 2, 1, 4],[[2, 3], [3, 3], [1, 2], [1, 3], [1, 1], [2, 2]],1412,175,1375,288
466481,4,84,130,[9, 6, 10, 2, 1, 4],[[2, 3], [3, 3], [1, 2], [1, 3], [1, 1], [2, 2]],1420,176,1356,243
466531,4,84,130,[9, 6, 10, 2, 1, 4],[[2, 3], [3, 3], [1, 2], [1, 3], [1, 1], [2, 2]],1447,153,1356,213
466576,4,84,130,[9, 6, 10, 2, 1, 4],[[2, 3], [3, 3], [1, 2], [1, 3], [1, 1], [2, 2]],1414,135,1369,190
466616,4,84,130,[9, 6, 10, 2, 1, 4],[[2, 3], [3, 3], [1, 2], [1, 3], [1, 1], [2, 2]],1414,147,1369,190
466674,4,84,130,[9, 6, 10, 2, 1, 4],[[2, 3], [3, 3], [1, 2], [1, 3], [1, 1], [2, 2]],1435,136,1369,190
466736,4,84,130,[9, 6, 10, 2, 1, 4],[[2, 3], [3, 3], [1, 2], [1, 3], [1, 1], [2, 2]],1406,156,1380,196
466779,4,84,130,[9, 6, 10, 2, 1, 4],[[2, 3], [3, 3], [1, 2], [1, 3], [1, 1], [2, 2]],1399,165,1396,206
466842,4,84,130,[9, 6, 10, 2, 1, 4],[[2, 3], [3, 3], [1, 2], [1, 3], [1, 1], [2, 2]],1391,160,1409,210
466893,4,84,130,[9, 6, 10, 2, 1, 4],[[2, 3], [3, 3], [1, 2], [1, 3], [1, 1], [2, 2]],1360,152,1414,206
466960,4,84,130,[9, 6, 10, 2, 1, 4],[[2, 3], [3, 3], [1, 2], [1, 3], [1, 1], [2, 2]],1350,170,1415,177
467005,4,84,130,[9, 6, 10, 2, 1, 4],[[2, 3], [3, 3], [1, 2], [1, 3], [1, 1], [2, 2]],1380,141,1413,155
467059,4,84,130,[9, 6, 10, 2, 1, 4],[[2, 3], [3, 3], [1, 2], [1, 3], [1, 1], [2, 2]],1367,149,1407,141
467133,4,84,130,[9, 6, 10, 2, 1, 4],[[2, 3], [3, 3], [1, 2], [1, 3], [1, 1], [2, 2]],1357,151,1406,141
467191,4,84,130,[9, 6, 10, 2, 1, 4],[[2, 3], [3, 3], [1, 2], [1, 3], [1, 1], [2, 2]],1381,157,1382,141
467233,4,84,130,[9, 6, 10, 2, 1, 4],[[2, 3], [3, 3], [1, 2], [1, 3], [1, 1], [2, 2]],1369,152,1371,146
467300,4,84,130,[9, 6, 10, 2, 1, 4],[[2, 3], [3, 3], [1, 2], [1, 3], [1, 1], [2, 2]],1373,167,1357,158
467378,4,84,130,[9, 6, 10, 2, 1, 4],[[2, 3], [3, 3], [1, 2], [1, 3], [1, 1], [2, 2]],1377,141,1353,165
467438,4,84,130,[9, 6, 10, 2, 1, 4],[[2, 3], [3, 3], [1, 2], [1, 3], [1, 1], [2, 2]],1392,136,1346,191
467482,4,84,130,[9, 6, 10, 2, 1, 4],[[2, 3], [3, 3], [1, 2], [1, 3], [1, 1], [2, 2]],1401,156,1346,199
467562,4,84,130,[9, 6, 10, 2, 1, 4],[[2, 3], [3, 3], [1, 2], [1, 3], [1, 1], [2, 2]],1420,149,1346,213
467607,4,84,130,[9, 6, 10, 2, 1, 4],[[2, 3], [3, 3], [1, 2], [1, 3], [1, 1], [2, 2]],1425,151,1346,213
467667,4,84,130,[9, 6, 10, 2, 1, 4],[[2, 3], [3, 3], [1, 2], [1, 3], [1, 1], [2, 2]],1455,154,1346,213
467723,4,84,130,[9, 6, 10, 2, 1, 4],[[2, 3], [3, 3], [1, 2], [1, 3], [1, 1], [2, 2]],1405,148,1363,203
467785,4,84,130,[9, 6, 10, 2, 1, 4],[[2, 3], [3, 3], [1, 2], [1, 3], [1, 1], [2, 2]],1399,142,1374,190
467867,4,84,130,[9, 6, 10, 2, 1, 4],[[2, 3], [3, 3], [1, 2], [1, 3], [1, 1], [2, 2]],1433,132,1374,190
467924,4,84,130,[9, 6, 10, 2, 1, 4],[[2, 3], [3, 3], [1, 2], [1, 3], [1, 1], [2, 2]],1405,123,1406,184
467979,4,84,130,[9, 6, 10, 2, 1, 4],[[2, 3], [3, 3], [1, 2], [1, 3], [1, 1], [2, 2]],1426,124,1425,194
468042,4,84,130,[9, 6, 10, 2, 1, 4],[[2, 3], [3, 3], [1, 2], [1, 3], [1, 1], [2, 2]],1422,130,1434,195
468118,4,85,125,[7, 12, 10, 2, 1, 4],[[2, 3], [3, 3], [1, 2], [1, 3], [2, 1], [3, 2]],1417,163,1440,181
468168,4,85,125,[7, 12, 10, 2, 1, 4],[[2, 3], [3, 3], [1, 2], [1, 3], [2, 1], [3, 2]],1421,170,1433,159
468237,4,85,125,[7, 12, 10, 2, 1, 4],[[2, 3], [3, 3], [1, 2], [1, 3], [2, 1], [3, 2]],1420,156,1426,142
468288,4,85,125,[7, 12, 10, 2, 1, 4],[[2, 3], [3, 3], [1, 2], [1, 3], [2, 1], [3, 2]],1416,155,1423,127
468344,4,85,125,[7, 12, 10, 2, 1, 4],[[2, 3], [3, 3], [1, 2], [1, 3], [2, 1], [3, 2]],1413,148,1420,112
468425,4,85,125,[7, 12, 10, 2, 1, 4],[[2, 3], [3, 3], [1, 2], [1, 3], [2, 1], [3, 2]],1402,163,1413,103
468478,4,85,125,[7, 12, 10, 2, 1, 4],[[2, 3], [3, 3], [1, 2], [1, 3], [2, 1], [3, 2]],1385,159,1413,103
468548,4,85,125,[7, 12, 10, 2, 1, 4],[[2, 3], [3, 3], [1, 2], [1, 3], [2, 1], [3, 2]],1387,166,1407,113
468616,4,85,125,[7, 12, 10, 2, 1, 4],[[2, 3], [3, 3], [1, 2], [1, 3], [2, 1], [3, 2]],1380,177,1410,145
468656,4,85,125,[7, 12, 10, 2, 1, 4],[[2, 3], [3, 3], [1, 2], [1, 3], [2, 1], [3, 2]],1359,176,1420,160
468719,4,85,125,[7, 12, 10, 2, 1, 4],[[2, 3], [3, 3], [1, 2], [1, 3], [2, 1], [3, 2]],1357,188,1421,161
468770,4,85,125,[7, 12, 10, 2, 1, 4],[[2, 3], [3, 3], [1, 2], [1, 3], [2, 1], [3, 2]],1373,200,1422,161
468811,4,85,125,[7, 12, 10, 2, 1, 4],[[2, 3], [3, 3], [1, 2], [1, 3], [2, 1], [3, 2]],1359,201,1422,161
468860,4,85,125,[7, 12, 10, 2, 1, 4],[[2, 3], [3, 3], [1, 2], [1, 3], [2, 1], [3, 2]],1347,229,1422,168
468909,4,85,125,[7, 12, 10, 2, 1, 4],[[2, 3], [3, 3], [1, 2], [1, 3], [2, 1], [3, 2]],1365,232,1404,190
468949,4,85,125,[7, 12, 10, 2, 1, 4],[[2, 3], [3, 3], [1, 2], [1, 3], [2, 1], [3, 2]],1385,215,1386,208
469008,4,85,125,[7, 12, 10, 2, 1, 4],[[2, 3], [3, 3], [1, 2], [1, 3], [2, 1], [3, 2]],1380,219,1367,221
469051,4,85,125,[7, 12, 10, 2, 1, 4],[[2, 3], [3, 3], [1, 2], [1, 3], [2, 1], [3, 2]],1397,217,1356,234
469110,4,85,125,[7, 12, 10, 2, 1, 4],[[2, 3], [3, 3], [1, 2], [1, 3], [2, 1], [3, 2]],1395,208,1351,243
469159,4,85,125,[7, 12, 10, 2, 1, 4],[[2, 3], [3, 3], [1, 2], [1, 3], [2, 1], [3, 2]],1381,202,1344,250
469222,4,85,125,[7, 12, 10, 2, 1, 4],[[2, 3], [3, 3], [1, 2], [1, 3], [2, 1], [3, 2]],1377,193,1338,258
469270,4,85,125,[7, 12, 10, 2, 1, 4],[[2, 3], [3, 3], [1, 2], [1, 3], [2, 1], [3, 2]],1354,193,1338,258
469321,4,85,125,[7, 12, 10, 2, 1, 4],[[2, 3], [3, 3], [1, 2], [1, 3], [2, 1], [3, 2]],1345,198,1356,267
469390,4,85,125,[7, 12, 10, 2, 1, 4],[[2, 3], [3, 3], [1, 2], [1, 3], [2, 1], [3, 2]],1356,197,1387,265
469453,4,85,125,[7, 12, 10, 2, 1, 4],[[2, 3], [3, 3], [1, 2], [1, 3], [2, 1], [3, 2]],1344,230,1411,253
469528,4,85,125,[7, 12, 10, 2, 1, 4],[[2, 3], [3, 3], [1, 2], [1, 3], [2, 1], [3, 2]],1324,223,1421,235
469568,4,85,125,[7, 12, 10, 2, 1, 4],[[2, 3], [3, 3], [1, 2], [1, 3], [2, 1], [3, 2]],1325,220,1418,230
469612,4,85,125,[7, 12, 10, 2, 1, 4],[[2, 3], [3, 3], [1, 2], [1, 3], [2, 1], [3, 2]],1309,234,1412,225
469698,4,85,125,[7, 12, 10, 2, 1, 4],[[2, 3], [3, 3], [1, 2], [1, 3], [2, 1], [3, 2]],1274,243,1378,206
469759,4,85,125,[7, 12, 10, 2, 1, 4],[[2, 3], [3, 3], [1, 2], [1, 3], [2, 1], [3, 2]],1272,252,1355,195
469846,4,85,125,[7, 12, 10, 2, 1, 4],[[2, 3], [3, 3], [1, 2], [1, 3], [2, 1], [3, 2]],1268,248,1330,184
469923,4,85,125,[7, 12, 10, 2, 1, 4],[[2, 3], [3, 3], [1, 2], [1, 3], [2, 1], [3, 2]],1270,241,1317,203
469972,4,85,125,[7, 12, 10, 2, 1, 4],[[2, 3], [3, 3], [1, 2], [1, 3], [2, 1], [3, 2]],1293,228,1317,207
470056,4,85,125,[7, 12, 10, 2, 1, 4],[[2, 3], [3, 3], [1, 2], [1, 3], [2, 1], [3, 2]],1290,214,1306,220
470109,4,85,125,[7, 12, 10, 2, 1, 4],[[2, 3], [3, 3], [1, 2], [1, 3], [2, 1], [3, 2]],1315,216,1287,241
470172,4,85,125,[7, 12, 10, 2, 1, 4],[[2, 3], [3, 3], [1, 2], [1, 3], [2, 1], [3, 2]],1301,233,1272,264
470244,4,85,125,[7, 12, 10, 2, 1, 4],[[2, 3], [3, 3], [1, 2], [1, 3], [2, 1], [3, 2]],1312,218,1246,292
470338,4,85,125,[7, 12, 10, 2, 1, 4],[[2, 3], [3, 3], [1, 2], [1, 3], [2, 1], [3, 2]],1311,207,1243,297
470384,4,85,125,[7, 12, 10, 2, 1, 4],[[2, 3], [3, 3], [1, 2], [1, 3], [2, 1], [3, 2]],1342,208,1249,300
470436,4,85,125,[7, 12, 10, 2, 1, 4],[[2, 3], [3, 3], [1, 2], [1, 3], [2, 1], [3, 2]],1335,221,1263,298
470481,4,85,125,[7, 12, 10, 2, 1, 4],[[2, 3], [3, 3], [1, 2], [1, 3], [2, 1], [3, 2]],1310,235,1282,287
470531,4,85,125,[7, 12, 10, 2, 1, 4],[[2, 3], [3, 3], [1, 2], [1, 3], [2, 1], [3, 2]],1326,199,1298,259
470586,4,85,125,[7, 12, 10, 2, 1, 4],[[2, 3], [3, 3], [1, 2], [1, 3], [2, 1], [3, 2]],1327,188,1305,248
470632,4,85,125,[7, 12, 10, 2, 1, 4],[[2, 3], [3, 3], [1, 2], [1, 3], [2, 1], [3, 2]],1328,172,1309,235
470701,4,85,125,[7, 12, 10, 2, 1, 4],[[2, 3], [3, 3], [1, 2], [1, 3], [2, 1], [3, 2]],1310,184,1316,223
470746,4,85,125,[7, 12, 10, 2, 1, 4],[[2, 3], [3, 3], [1, 2], [1, 3], [2, 1], [3, 2]],1317,167,1321,216
470810,4,85,125,[7, 12, 10, 2, 1, 4],[[2, 3], [3, 3], [1, 2], [1, 3], [2, 1], [3, 2]],1299,175,1322,216
470858,4,85,125,[7, 12, 10, 2, 1, 4],[[2, 3], [3, 3], [1, 2], [1, 3], [2, 1], [3, 2]],1305,196,1320,217
470897,4,85,125,[7, 12, 10, 2, 1, 4],[[2, 3], [3, 3], [1, 2], [1, 3], [2, 1], [3, 2]],1317,193,1314,226
470946,4,85,125,[7, 12, 10, 2, 1, 4],[[2, 3], [3, 3], [1, 2], [1, 3], [2, 1], [3, 2]],1350,197,1311,229
471025,4,85,125,[7, 12, 10, 2, 1, 4],[[2, 3], [3, 3], [1, 2], [1, 3], [2, 1], [3, 2]],1374,161,1311,229
471065,4,85,125,[7, 12, 10, 2, 1, 4],[[2, 3], [3, 3], [1, 2], [1, 3], [2, 1], [3, 2]],1373,172,1311,229
471136,4,85,125,[7, 12, 10, 2, 1, 4],[[2, 3], [3, 3], [1, 2], [1, 3], [2, 1], [3, 2]],1343,181,1311,229
471179,4,85,125,[7, 12, 10, 2, 1, 4],[[2, 3], [3, 3], [1, 2], [1, 3], [2, 1], [3, 2]],1330,179,1311,229
471253,4,85,125,[7, 12, 10, 2, 1, 4],[[2, 3], [3, 3], [1, 2], [1, 3], [2, 1], [3, 2]],1316,173,1311,229
471307,4,85,125,[7, 12, 10, 2, 1, 4],[[2, 3], [3, 3], [1, 2], [1, 3], [2, 1], [3, 2]],1302,191,1311,229
471348,4,85,125,[7, 12, 10, 2, 1, 4],[[2, 3], [3, 3], [1, 2], [1, 3], [2, 1], [3, 2]],1305,182,1311,229
471420,4,85,125,[7, 12, 10, 2, 1, 4],[[2, 3], [3, 3], [1, 2], [1, 3], [2, 1], [3, 2]],1290,209,1325,220
471476,4,85,125,[7, 12, 10, 2, 1, 4],[[2, 3], [3, 3], [1, 2], [1, 3], [2, 1], [3, 2]],1323,203,1347,209
471528,4,85,125,[7, 12, 10, 2, 1, 4],[[2, 3], [3, 3], [1, 2], [1, 3], [2, 1], [3, 2]],1315,220,1347,209
471615,4,85,125,[7, 12, 10, 2, 1, 4],[[2, 3], [3, 3], [1, 2], [1, 3], [2, 1], [3, 2]],1353,220,1347,209
471690,4,85,125,[7, 12, 10, 2, 1, 4],[[2, 3], [3, 3], [1, 2], [1, 3], [2, 1], [3, 2]],1389,238,1367,187
471779,4,85,125,[7, 12, 10, 2, 1, 4],[[2, 3], [3, 3], [1, 2], [1, 3], [2, 1], [3, 2]],1387,237,1346,174
471824,4,85,125,[7, 12, 10, 2, 1, 4],[[2, 3], [3, 3], [1, 2], [1, 3], [2, 1], [3, 2]],1394,239,1303,173
471917,4,85,125,[7, 12, 10, 2, 1, 4],[[2, 3], [3, 3], [1, 2], [1, 3], [2, 1], [3, 2]],1398,239,1305,179
471976,4,85,125,[7, 12, 10, 2, 1, 4],[[2, 3], [3, 3], [1, 2], [1, 3], [2, 1], [3, 2]],1399,226,1342,208
472031,4,85,125,[7, 12, 10, 2, 1, 4],[[2, 3], [3, 3], [1, 2], [1, 3], [2, 1], [3, 2]],1419,206,1385,249
472114,4,85,125,[7, 12, 10, 2, 1, 4],[[2, 3], [3, 3], [1, 2], [1, 3], [2, 1], [3, 2]],1417,214,1407,280
472168,4,86,9,[7, 12, 10, 2, 1, 4],[[1, 1], [2, 1], [1, 2], [1, 3], [2, 2], [3, 3]],1415,212,1408,287
472242,4,86,9,[7, 12, 10, 2, 1, 4],[[1, 1], [2, 1], [1, 2], [1, 3], [2, 2], [3, 3]],1424,187,1408,289
472311,4,86,9,[7, 12, 10, 2, 1, 4],[[1, 1], [2, 1], [1, 2], [1, 3], [2, 2], [3, 3]],1431,179,1408,289
472402,4,86,9,[7, 12, 10, 2, 1, 4],[[1, 1], [2, 1], [1, 2], [1, 3], [2, 2], [3, 3]],1398,183,1408,289
472439,4,86,9,[7, 12, 10, 2, 1, 4],[[1, 1], [2, 1], [1, 2], [1, 3], [2, 2], [3, 3]],1432,201,1406,266
472483,4,86,9,[7, 12, 10, 2, 1, 4],[[1, 1], [2, 1], [1, 2], [1, 3], [2, 2], [3, 3]],1428,225,1401,222
472523,4,86,9,[7, 12, 10, 2, 1, 4],[[1, 1], [2, 1], [1, 2], [1, 3], [2, 2], [3, 3]],1450,239,1401,207
472571,4,86,9,[7, 12, 10, 2, 1, 4],[[1, 1], [2, 1], [1, 2], [1, 3], [2, 2], [3, 3]],1419,282,1401,192
472619,4,86,9,[7, 12, 10, 2, 1, 4],[[1, 1], [2, 1], [1, 2], [1, 3], [2, 2], [3, 3]],1444,294,1402,165
472668,4,86,9,[7, 12, 10, 2, 1, 4],[[1, 1], [2, 1], [1, 2], [1, 3], [2, 2], [3, 3]],1384,284,1404,159
472721,4,86,9,[7, 12, 10, 2, 1, 4],[[1, 1], [2, 1], [1, 2], [1, 3], [2, 2], [3, 3]],1417,276,1410,146
472766,4,86,9,[7, 12, 10, 2, 1, 4],[[1, 1], [2, 1], [1, 2], [1, 3], [2, 2], [3, 3]],1426,308,1411,143
472812,4,86,9,[7, 12, 10, 2, 1, 4],[[1, 1], [2, 1], [1, 2], [1, 3], [2, 2], [3, 3]],1409,320,1411,143
472871,4,86,9,[7, 12, 10, 2, 1, 4],[[1, 1], [2, 1], [1, 2], [1, 3], [2, 2], [3, 3]],1418,297,1411,143
472914,4,86,9,[7, 12, 10, 2, 1, 4],[[1, 1], [2, 1], [1, 2], [1, 3], [2, 2], [3, 3]],1435,304,1419,147
472984,4,86,9,[7, 12, 10, 2, 1, 4],[[1, 1], [2, 1], [1, 2], [1, 3], [2, 2], [3, 3]],1398,302,1448,176
473035,4,86,9,[7, 12, 10, 2, 1, 4],[[1, 1], [2, 1], [1, 2], [1, 3], [2, 2], [3, 3]],1416,310,1458,209
473083,4,86,9,[7, 12, 10, 2, 1, 4],[[1, 1], [2, 1], [1, 2], [1, 3], [2, 2], [3, 3]],1416,325,1456,240
473131,4,86,9,[7, 12, 10, 2, 1, 4],[[1, 1], [2, 1], [1, 2], [1, 3], [2, 2], [3, 3]],1408,322,1446,259
473198,4,86,9,[7, 12, 10, 2, 1, 4],[[1, 1], [2, 1], [1, 2], [1, 3], [2, 2], [3, 3]],1418,328,1439,277
473234,4,86,9,[7, 12, 10, 2, 1, 4],[[1, 1], [2, 1], [1, 2], [1, 3], [2, 2], [3, 3]],1413,304,1439,285
473318,4,86,9,[7, 12, 10, 2, 1, 4],[[1, 1], [2, 1], [1, 2], [1, 3], [2, 2], [3, 3]],1421,306,1437,303
473361,4,86,9,[7, 12, 10, 2, 1, 4],[[1, 1], [2, 1], [1, 2], [1, 3], [2, 2], [3, 3]],1411,324,1434,314
473418,4,86,9,[7, 12, 10, 2, 1, 4],[[1, 1], [2, 1], [1, 2], [1, 3], [2, 2], [3, 3]],1422,328,1434,326
473493,4,86,9,[7, 12, 10, 2, 1, 4],[[1, 1], [2, 1], [1, 2], [1, 3], [2, 2], [3, 3]],1432,318,1432,334
473548,4,86,9,[7, 12, 10, 2, 1, 4],[[1, 1], [2, 1], [1, 2], [1, 3], [2, 2], [3, 3]],1423,329,1417,350
473629,4,86,9,[7, 12, 10, 2, 1, 4],[[1, 1], [2, 1], [1, 2], [1, 3], [2, 2], [3, 3]],1446,319,1411,357
473699,4,86,9,[7, 12, 10, 2, 1, 4],[[1, 1], [2, 1], [1, 2], [1, 3], [2, 2], [3, 3]],1381,311,1412,369
473766,4,86,9,[7, 12, 10, 2, 1, 4],[[1, 1], [2, 1], [1, 2], [1, 3], [2, 2], [3, 3]],1390,303,1415,374
473851,4,86,9,[7, 12, 10, 2, 1, 4],[[1, 1], [2, 1], [1, 2], [1, 3], [2, 2], [3, 3]],1365,300,1421,383
473915,4,86,9,[7, 12, 10, 2, 1, 4],[[1, 1], [2, 1], [1, 2], [1, 3], [2, 2], [3, 3]],1330,295,1430,389
473990,4,86,9,[7, 12, 10, 2, 1, 4],[[1, 1], [2, 1], [1, 2], [1, 3], [2, 2], [3, 3]],1335,299,1440,396
474069,4,86,9,[7, 12, 10, 2, 1, 4],[[1, 1], [2, 1], [1, 2], [1, 3], [2, 2], [3, 3]],1326,315,1443,396
474131,4,86,9,[7, 12, 10, 2, 1, 4],[[1, 1], [2, 1], [1, 2], [1, 3], [2, 2], [3, 3]],1334,330,1443,396
474184,4,86,9,[7, 12, 10, 2, 1, 4],[[1, 1], [2, 1], [1, 2], [1, 3], [2, 2], [3, 3]],1328,335,1443,396
474229,4,86,9,[7, 12, 10, 2, 1, 4],[[1, 1], [2, 1], [1, 2], [1, 3], [2, 2], [3, 3]],1313,333,1434,377
474287,4,86,9,[7, 12, 10, 2, 1, 4],[[1, 1], [2, 1], [1, 2], [1, 3], [2, 2], [3, 3]],1310,315,1418,362
474334,4,86,9,[7, 12, 10, 2, 1, 4],[[1, 1], [2, 1], [1, 2], [1, 3], [2, 2], [3, 3]],1311,327,1388,362
474409,4,86,9,[7, 12, 10, 2, 1, 4],[[1, 1], [2, 1], [1, 2], [1, 3], [2, 2], [3, 3]],1287,335,1329,364
474453,4,86,9,[7, 12, 10, 2, 1, 4],[[1, 1], [2, 1], [1, 2], [1, 3], [2, 2], [3, 3]],1280,352,1320,365
474506,4,86,9,[7, 12, 10, 2, 1, 4],[[1, 1], [2, 1], [1, 2], [1, 3], [2, 2], [3, 3]],1283,368,1274,363
474551,4,86,9,[7, 12, 10, 2, 1, 4],[[1, 1], [2, 1], [1, 2], [1, 3], [2, 2], [3, 3]],1290,369,1252,355
474614,4,86,9,[7, 12, 10, 2, 1, 4],[[1, 1], [2, 1], [1, 2], [1, 3], [2, 2], [3, 3]],1302,352,1240,349
474663,4,86,9,[7, 12, 10, 2, 1, 4],[[1, 1], [2, 1], [1, 2], [1, 3], [2, 2], [3, 3]],1317,363,1232,345
474702,4,86,9,[7, 12, 10, 2, 1, 4],[[1, 1], [2, 1], [1, 2], [1, 3], [2, 2], [3, 3]],1314,347,1228,343
474766,4,86,9,[7, 12, 10, 2, 1, 4],[[1, 1], [2, 1], [1, 2], [1, 3], [2, 2], [3, 3]],1319,350,1226,343
474819,4,86,9,[7, 12, 10, 2, 1, 4],[[1, 1], [2, 1], [1, 2], [1, 3], [2, 2], [3, 3]],1319,372,1228,360
474867,4,86,9,[7, 12, 10, 2, 1, 4],[[1, 1], [2, 1], [1, 2], [1, 3], [2, 2], [3, 3]],1296,354,1248,376
474924,4,86,9,[7, 12, 10, 2, 1, 4],[[1, 1], [2, 1], [1, 2], [1, 3], [2, 2], [3, 3]],1323,366,1282,375
474983,4,86,9,[7, 12, 10, 2, 1, 4],[[1, 1], [2, 1], [1, 2], [1, 3], [2, 2], [3, 3]],1328,371,1338,370
475029,4,86,9,[7, 12, 10, 2, 1, 4],[[1, 1], [2, 1], [1, 2], [1, 3], [2, 2], [3, 3]],1314,348,1355,370
475086,4,86,9,[7, 12, 10, 2, 1, 4],[[1, 1], [2, 1], [1, 2], [1, 3], [2, 2], [3, 3]],1310,354,1355,370
475145,4,86,9,[7, 12, 10, 2, 1, 4],[[1, 1], [2, 1], [1, 2], [1, 3], [2, 2], [3, 3]],1306,341,1365,367
475198,4,86,9,[7, 12, 10, 2, 1, 4],[[1, 1], [2, 1], [1, 2], [1, 3], [2, 2], [3, 3]],1310,331,1367,365
475257,4,86,9,[7, 12, 10, 2, 1, 4],[[1, 1], [2, 1], [1, 2], [1, 3], [2, 2], [3, 3]],1305,337,1373,361
475309,4,86,9,[7, 12, 10, 2, 1, 4],[[1, 1], [2, 1], [1, 2], [1, 3], [2, 2], [3, 3]],1286,346,1356,352
475375,4,86,9,[7, 12, 10, 2, 1, 4],[[1, 1], [2, 1], [1, 2], [1, 3], [2, 2], [3, 3]],1260,332,1342,347
475441,4,86,9,[7, 12, 10, 2, 1, 4],[[1, 1], [2, 1], [1, 2], [1, 3], [2, 2], [3, 3]],1285,309,1325,342
475496,4,86,9,[7, 12, 10, 2, 1, 4],[[1, 1], [2, 1], [1, 2], [1, 3], [2, 2], [3, 3]],1271,331,1302,330
475584,4,86,9,[7, 12, 10, 2, 1, 4],[[1, 1], [2, 1], [1, 2], [1, 3], [2, 2], [3, 3]],1255,336,1289,323
475633,4,86,9,[7, 12, 10, 2, 1, 4],[[1, 1], [2, 1], [1, 2], [1, 3], [2, 2], [3, 3]],1249,340,1287,310
475696,4,86,9,[7, 12, 10, 2, 1, 4],[[1, 1], [2, 1], [1, 2], [1, 3], [2, 2], [3, 3]],1241,322,1301,300
475759,4,86,9,[7, 12, 10, 2, 1, 4],[[1, 1], [2, 1], [1, 2], [1, 3], [2, 2], [3, 3]],1240,310,1306,296
475823,4,86,9,[7, 12, 10, 2, 1, 4],[[1, 1], [2, 1], [1, 2], [1, 3], [2, 2], [3, 3]],1222,337,1316,290
475917,4,86,9,[7, 12, 10, 2, 1, 4],[[1, 1], [2, 1], [1, 2], [1, 3], [2, 2], [3, 3]],1246,318,1316,290
475967,4,86,9,[7, 12, 10, 2, 1, 4],[[1, 1], [2, 1], [1, 2], [1, 3], [2, 2], [3, 3]],1267,355,1316,290
476040,4,86,9,[7, 12, 10, 2, 1, 4],[[1, 1], [2, 1], [1, 2], [1, 3], [2, 2], [3, 3]],1253,348,1298,292
476123,4,86,9,[7, 12, 10, 2, 1, 4],[[1, 1], [2, 1], [1, 2], [1, 3], [2, 2], [3, 3]],1226,365,1257,295
476202,4,87,132,[9, 6, 11, 3, 1, 4],[[2, 3], [3, 3], [1, 2], [1, 3], [1, 1], [2, 2]],1212,366,1226,304
476274,4,87,132,[9, 6, 11, 3, 1, 4],[[2, 3], [3, 3], [1, 2], [1, 3], [1, 1], [2, 2]],1200,363,1226,308
476319,4,87,132,[9, 6, 11, 3, 1, 4],[[2, 3], [3, 3], [1, 2], [1, 3], [1, 1], [2, 2]],1215,351,1233,317
476366,4,87,132,[9, 6, 11, 3, 1, 4],[[2, 3], [3, 3], [1, 2], [1, 3], [1, 1], [2, 2]],1221,345,1241,329
476413,4,87,132,[9, 6, 11, 3, 1, 4],[[2, 3], [3, 3], [1, 2], [1, 3], [1, 1], [2, 2]],1204,307,1241,339
476478,4,87,132,[9, 6, 11, 3, 1, 4],[[2, 3], [3, 3], [1, 2], [1, 3], [1, 1], [2, 2]],1207,288,1241,355
476537,4,87,132,[9, 6, 11, 3, 1, 4],[[2, 3], [3, 3], [1, 2], [1, 3], [1, 1], [2, 2]],1204,271,1234,363
476582,4,87,132,[9, 6, 11, 3, 1, 4],[[2, 3], [3, 3], [1, 2], [1, 3], [1, 1], [2, 2]],1174,237,1231,366
476629,4,87,132,[9, 6, 11, 3, 1, 4],[[2, 3], [3, 3], [1, 2], [1, 3], [1, 1], [2, 2]],1208,225,1225,370
476687,4,87,132,[9, 6, 11, 3, 1, 4],[[2, 3], [3, 3], [1, 2], [1, 3], [1, 1], [2, 2]],1183,225,1221,375
476751,4,87,132,[9, 6, 11, 3, 1, 4],[[2, 3], [3, 3], [1, 2], [1, 3], [1, 1], [2, 2]],1171,212,1224,382
476805,4,87,132,[9, 6, 11, 3, 1, 4],[[2, 3], [3, 3], [1, 2], [1, 3], [1, 1], [2, 2]],1173,203,1246,365
476854,4,87,132,[9, 6, 11, 3, 1, 4],[[2, 3], [3, 3], [1, 2], [1, 3], [1, 1], [2, 2]],1171,215,1256,328
476912,4,87,132,[9, 6, 11, 3, 1, 4],[[2, 3], [3, 3], [1, 2], [1, 3], [1, 1], [2, 2]],1156,220,1201,278
476966,4,87,132,[9, 6, 11, 3, 1, 4],[[2, 3], [3, 3], [1, 2], [1, 3], [1, 1], [2, 2]],1145,173,1144,222
477020,4,87,132,[9, 6, 11, 3, 1, 4],[[2, 3], [3, 3], [1, 2], [1, 3], [1, 1], [2, 2]],1126,173,1131,183
477073,4,87,132,[9, 6, 11, 3, 1, 4],[[2, 3], [3, 3], [1, 2], [1, 3], [1, 1], [2, 2]],1126,207,1127,140
477126,4,87,132,[9, 6, 11, 3, 1, 4],[[2, 3], [3, 3], [1, 2], [1, 3], [1, 1], [2, 2]],1128,197,1119,117
477175,4,87,132,[9, 6, 11, 3, 1, 4],[[2, 3], [3, 3], [1, 2], [1, 3], [1, 1], [2, 2]],1147,200,1116,113
477228,4,87,132,[9, 6, 11, 3, 1, 4],[[2, 3], [3, 3], [1, 2], [1, 3], [1, 1], [2, 2]],1168,193,1116,113
477283,4,87,132,[9, 6, 11, 3, 1, 4],[[2, 3], [3, 3], [1, 2], [1, 3], [1, 1], [2, 2]],1181,195,1132,128
477372,4,87,132,[9, 6, 11, 3, 1, 4],[[2, 3], [3, 3], [1, 2], [1, 3], [1, 1], [2, 2]],1166,180,1157,142
477423,4,87,132,[9, 6, 11, 3, 1, 4],[[2, 3], [3, 3], [1, 2], [1, 3], [1, 1], [2, 2]],1178,197,1158,143
477478,4,87,132,[9, 6, 11, 3, 1, 4],[[2, 3], [3, 3], [1, 2], [1, 3], [1, 1], [2, 2]],1167,198,1151,135
477538,4,87,132,[9, 6, 11, 3, 1, 4],[[2, 3], [3, 3], [1, 2], [1, 3], [1, 1], [2, 2]],1138,192,1131,106
477616,4,87,132,[9, 6, 11, 3, 1, 4],[[2, 3], [3, 3], [1, 2], [1, 3], [1, 1], [2, 2]],1141,205,1126,86
477685,4,87,132,[9, 6, 11, 3, 1, 4],[[2, 3], [3, 3], [1, 2], [1, 3], [1, 1], [2, 2]],1153,240,1126,86
477740,4,87,132,[9, 6, 11, 3, 1, 4],[[2, 3], [3, 3], [1, 2], [1, 3], [1, 1], [2, 2]],1151,245,1138,98
477808,4,87,132,[9, 6, 11, 3, 1, 4],[[2, 3], [3, 3], [1, 2], [1, 3], [1, 1], [2, 2]],1128,253,1167,171
477856,4,87,132,[9, 6, 11, 3, 1, 4],[[2, 3], [3, 3], [1, 2], [1, 3], [1, 1], [2, 2]],1136,239,1167,194
477929,4,87,132,[9, 6, 11, 3, 1, 4],[[2, 3], [3, 3], [1, 2], [1, 3], [1, 1], [2, 2]],1129,240,1145,234
477977,4,87,132,[9, 6, 11, 3, 1, 4],[[2, 3], [3, 3], [1, 2], [1, 3], [1, 1], [2, 2]],1125,219,1136,259
478016,4,87,132,[9, 6, 11, 3, 1, 4],[[2, 3], [3, 3], [1, 2], [1, 3], [1, 1], [2, 2]],1135,194,1136,287
478077,4,87,132,[9, 6, 11, 3, 1, 4],[[2, 3], [3, 3], [1, 2], [1, 3], [1, 1], [2, 2]],1133,171,1150,330
478127,4,87,132,[9, 6, 11, 3, 1, 4],[[2, 3], [3, 3], [1, 2], [1, 3], [1, 1], [2, 2]],1119,198,1159,347
478171,4,87,132,[9, 6, 11, 3, 1, 4],[[2, 3], [3, 3], [1, 2], [1, 3], [1, 1], [2, 2]],1119,232,1160,355
478237,4,87,132,[9, 6, 11, 3, 1, 4],[[2, 3], [3, 3], [1, 2], [1, 3], [1, 1], [2, 2]],1107,225,1154,357
478287,4,87,132,[9, 6, 11, 3, 1, 4],[[2, 3], [3, 3], [1, 2], [1, 3], [1, 1], [2, 2]],1127,223,1117,334
478369,4,87,132,[9, 6, 11, 3, 1, 4],[[2, 3], [3, 3], [1, 2], [1, 3], [1, 1], [2, 2]],1116,228,1102,271
478428,4,87,132,[9, 6, 11, 3, 1, 4],[[2, 3], [3, 3], [1, 2], [1, 3], [1, 1], [2, 2]],1116,238,1110,245
478501,4,87,132,[9, 6, 11, 3, 1, 4],[[2, 3], [3, 3], [1, 2], [1, 3], [1, 1], [2, 2]],1099,220,1118,223
478553,4,87,132,[9, 6, 11, 3, 1, 4],[[2, 3], [3, 3], [1, 2], [1, 3], [1, 1], [2, 2]],1111,269,1101,213
478608,4,87,132,[9, 6, 11, 3, 1, 4],[[2, 3], [3, 3], [1, 2], [1, 3], [1, 1], [2, 2]],1124,263,1082,194
478671,4,87,132,[9, 6, 11, 3, 1, 4],[[2, 3], [3, 3], [1, 2], [1, 3], [1, 1], [2, 2]],1125,259,1079,169
478729,4,87,132,[9, 6, 11, 3, 1, 4],[[2, 3], [3, 3], [1, 2], [1, 3], [1, 1], [2, 2]],1133,284,1081,161
478798,4,87,132,[9, 6, 11, 3, 1, 4],[[2, 3], [3, 3], [1, 2], [1, 3], [1, 1], [2, 2]],1170,301,1081,161
478857,4,87,132,[9, 6, 11, 3, 1, 4],[[2, 3], [3, 3], [1, 2], [1, 3], [1, 1], [2, 2]],1154,305,1092,161
478931,4,87,132,[9, 6, 11, 3, 1, 4],[[2, 3], [3, 3], [1, 2], [1, 3], [1, 1], [2, 2]],1133,288,1102,165
479000,4,87,132,[9, 6, 11, 3, 1, 4],[[2, 3], [3, 3], [1, 2], [1, 3], [1, 1], [2, 2]],1115,293,1118,208
479042,4,87,132,[9, 6, 11, 3, 1, 4],[[2, 3], [3, 3], [1, 2], [1, 3], [1, 1], [2, 2]],1082,313,1120,264
479093,4,87,132,[9, 6, 11, 3, 1, 4],[[2, 3], [3, 3], [1, 2], [1, 3], [1, 1], [2, 2]],1082,304,1122,301
479152,4,87,132,[9, 6, 11, 3, 1, 4],[[2, 3], [3, 3], [1, 2], [1, 3], [1, 1], [2, 2]],1083,321,1148,331
479210,4,87,132,[9, 6, 11, 3, 1, 4],[[2, 3], [3, 3], [1, 2], [1, 3], [1, 1], [2, 2]],1089,312,1184,346
479258,4,87,132,[9, 6, 11, 3, 1, 4],[[2, 3], [3, 3], [1, 2], [1, 3], [1, 1], [2, 2]],1094,318,1198,350
479316,4,87,132,[9, 6, 11, 3, 1, 4],[[2, 3], [3, 3], [1, 2], [1, 3], [1, 1], [2, 2]],1093,346,1199,357
479377,4,87,132,[9, 6, 11, 3, 1, 4],[[2, 3], [3, 3], [1, 2], [1, 3], [1, 1], [2, 2]],1105,336,1199,394
479430,4,87,132,[9, 6, 11, 3, 1, 4],[[2, 3], [3, 3], [1, 2], [1, 3], [1, 1], [2, 2]],1093,353,1174,414
479508,4,87,132,[9, 6, 11, 3, 1, 4],[[2, 3], [3, 3], [1, 2], [1, 3], [1, 1], [2, 2]],1081,388,1132,423
479580,4,87,132,[9, 6, 11, 3, 1, 4],[[2, 3], [3, 3], [1, 2], [1, 3], [1, 1], [2, 2]],1088,397,1123,423
479648,4,87,132,[9, 6, 11, 3, 1, 4],[[2, 3], [3, 3], [1, 2], [1, 3], [1, 1], [2, 2]],1103,398,1123,423
479720,4,87,132,[9, 6, 11, 3, 1, 4],[[2, 3], [3, 3], [1, 2], [1, 3], [1, 1], [2, 2]],1105,365,1123,423
479776,4,87,132,[9, 6, 11, 3, 1, 4],[[2, 3], [3, 3], [1, 2], [1, 3], [1, 1], [2, 2]],1090,360,1121,401
479842,4,87,132,[9, 6, 11, 3, 1, 4],[[2, 3], [3, 3], [1, 2], [1, 3], [1, 1], [2, 2]],1083,357,1118,381
479907,4,87,132,[9, 6, 11, 3, 1, 4],[[2, 3], [3, 3], [1, 2], [1, 3], [1, 1], [2, 2]],1081,365,1106,381
479958,4,87,132,[9, 6, 11, 3, 1, 4],[[2, 3], [3, 3], [1, 2], [1, 3], [1, 1], [2, 2]],1065,395,1063,378
479998,4,87,132,[9, 6, 11, 3, 1, 4],[[2, 3], [3, 3], [1, 2], [1, 3], [1, 1], [2, 2]],1056,380,1051,375
480044,4,87,132,[9, 6, 11, 3, 1, 4],[[2, 3], [3, 3], [1, 2], [1, 3], [1, 1], [2, 2]],1039,367,1051,375
480114,4,87,132,[9, 6, 11, 3, 1, 4],[[2, 3], [3, 3], [1, 2], [1, 3], [1, 1], [2, 2]],1058,384,1052,372
480162,4,87,132,[9, 6, 11, 3, 1, 4],[[2, 3], [3, 3], [1, 2], [1, 3], [1, 1], [2, 2]],1057,365,1072,355
480212,4,88,33,[7, 12, 10, 2, 1, 4],[[1, 1], [2, 1], [3, 1], [3, 2], [2, 2], [3, 3]],1039,387,1076,351
480260,4,88,33,[7, 12, 10, 2, 1, 4],[[1, 1], [2, 1], [3, 1], [3, 2], [2, 2], [3, 3]],1043,410,1084,350
480312,4,88,33,[7, 12, 10, 2, 1, 4],[[1, 1], [2, 1], [3, 1], [3, 2], [2, 2], [3, 3]],1016,433,1095,355
480360,4,88,33,[7, 12, 10, 2, 1, 4],[[1, 1], [2, 1], [3, 1], [3, 2], [2, 2], [3, 3]],1021,434,1100,359
480412,4,88,33,[7, 12, 10, 2, 1, 4],[[1, 1], [2, 1], [3, 1], [3, 2], [2, 2], [3, 3]],1018,448,1113,373
480459,4,88,33,[7, 12, 10, 2, 1, 4],[[1, 1], [2, 1], [3, 1], [3, 2], [2, 2], [3, 3]],1016,449,1116,377
480509,4,88,33,[7, 12, 10, 2, 1, 4],[[1, 1], [2, 1], [3, 1], [3, 2], [2, 2], [3, 3]],1008,453,1116,377
480544,4,88,33,[7, 12, 10, 2, 1, 4],[[1, 1], [2, 1], [3, 1], [3, 2], [2, 2], [3, 3]],984,440,1116,377
480603,4,88,33,[7, 12, 10, 2, 1, 4],[[1, 1], [2, 1], [3, 1], [3, 2], [2, 2], [3, 3]],971,449,1112,381
480656,4,88,33,[7, 12, 10, 2, 1, 4],[[1, 1], [2, 1], [3, 1], [3, 2], [2, 2], [3, 3]],997,471,1087,392
480709,4,88,33,[7, 12, 10, 2, 1, 4],[[1, 1], [2, 1], [3, 1], [3, 2], [2, 2], [3, 3]],1006,471,1003,425
480763,4,88,33,[7, 12, 10, 2, 1, 4],[[1, 1], [2, 1], [3, 1], [3, 2], [2, 2], [3, 3]],996,459,966,448
480817,4,88,33,[7, 12, 10, 2, 1, 4],[[1, 1], [2, 1], [3, 1], [3, 2], [2, 2], [3, 3]],1010,470,889,488
480870,4,88,33,[7, 12, 10, 2, 1, 4],[[1, 1], [2, 1], [3, 1], [3, 2], [2, 2], [3, 3]],1039,444,840,524
480923,4,88,33,[7, 12, 10, 2, 1, 4],[[1, 1], [2, 1], [3, 1], [3, 2], [2, 2], [3, 3]],1040,449,838,529
480983,4,88,33,[7, 12, 10, 2, 1, 4],[[1, 1], [2, 1], [3, 1], [3, 2], [2, 2], [3, 3]],1052,431,836,528
481042,4,88,33,[7, 12, 10, 2, 1, 4],[[1, 1], [2, 1], [3, 1], [3, 2], [2, 2], [3, 3]],1042,424,881,496
481110,4,88,33,[7, 12, 10, 2, 1, 4],[[1, 1], [2, 1], [3, 1], [3, 2], [2, 2], [3, 3]],1078,444,979,491
481179,4,88,33,[7, 12, 10, 2, 1, 4],[[1, 1], [2, 1], [3, 1], [3, 2], [2, 2], [3, 3]],1106,447,1069,491
481232,4,88,33,[7, 12, 10, 2, 1, 4],[[1, 1], [2, 1], [3, 1], [3, 2], [2, 2], [3, 3]],1119,456,1108,485
481319,4,88,33,[7, 12, 10, 2, 1, 4],[[1, 1], [2, 1], [3, 1], [3, 2], [2, 2], [3, 3]],1127,466,1119,471
481379,4,88,33,[7, 12, 10, 2, 1, 4],[[1, 1], [2, 1], [3, 1], [3, 2], [2, 2], [3, 3]],1151,456,1128,450
481438,4,88,33,[7, 12, 10, 2, 1, 4],[[1, 1], [2, 1], [3, 1], [3, 2], [2, 2], [3, 3]],1128,457,1132,433
481517,4,88,33,[7, 12, 10, 2, 1, 4],[[1, 1], [2, 1], [3, 1], [3, 2], [2, 2], [3, 3]],1099,431,1142,417
481603,4,88,33,[7, 12, 10, 2, 1, 4],[[1, 1], [2, 1], [3, 1], [3, 2], [2, 2], [3, 3]],1118,440,1152,422
481672,4,88,33,[7, 12, 10, 2, 1, 4],[[1, 1], [2, 1], [3, 1], [3, 2], [2, 2], [3, 3]],1087,470,1181,436
481725,4,88,33,[7, 12, 10, 2, 1, 4],[[1, 1], [2, 1], [3, 1], [3, 2], [2, 2], [3, 3]],1056,453,1216,439
481802,4,88,33,[7, 12, 10, 2, 1, 4],[[1, 1], [2, 1], [3, 1], [3, 2], [2, 2], [3, 3]],1068,429,1226,441
481874,4,88,33,[7, 12, 10, 2, 1, 4],[[1, 1], [2, 1], [3, 1], [3, 2], [2, 2], [3, 3]],1113,430,1181,430
481923,4,88,33,[7, 12, 10, 2, 1, 4],[[1, 1], [2, 1], [3, 1], [3, 2], [2, 2], [3, 3]],1106,423,1088,418
481993,4,88,33,[7, 12, 10, 2, 1, 4],[[1, 1], [2, 1], [3, 1], [3, 2], [2, 2], [3, 3]],1102,420,1035,414
482056,4,88,33,[7, 12, 10, 2, 1, 4],[[1, 1], [2, 1], [3, 1], [3, 2], [2, 2], [3, 3]],1091,462,1012,413
482132,4,88,33,[7, 12, 10, 2, 1, 4],[[1, 1], [2, 1], [3, 1], [3, 2], [2, 2], [3, 3]],1096,470,1012,413
482189,4,88,33,[7, 12, 10, 2, 1, 4],[[1, 1], [2, 1], [3, 1], [3, 2], [2, 2], [3, 3]],1089,454,1012,414
482259,4,88,33,[7, 12, 10, 2, 1, 4],[[1, 1], [2, 1], [3, 1], [3, 2], [2, 2], [3, 3]],1112,438,1029,438
482315,4,88,33,[7, 12, 10, 2, 1, 4],[[1, 1], [2, 1], [3, 1], [3, 2], [2, 2], [3, 3]],1128,449,1050,450
482374,4,88,33,[7, 12, 10, 2, 1, 4],[[1, 1], [2, 1], [3, 1], [3, 2], [2, 2], [3, 3]],1148,479,1077,454
482440,4,88,33,[7, 12, 10, 2, 1, 4],[[1, 1], [2, 1], [3, 1], [3, 2], [2, 2], [3, 3]],1157,482,1114,454
482499,4,88,33,[7, 12, 10, 2, 1, 4],[[1, 1], [2, 1], [3, 1], [3, 2], [2, 2], [3, 3]],1158,503,1121,454
482559,4,88,33,[7, 12, 10, 2, 1, 4],[[1, 1], [2, 1], [3, 1], [3, 2], [2, 2], [3, 3]],1157,506,1121,454
482608,4,88,33,[7, 12, 10, 2, 1, 4],[[1, 1], [2, 1], [3, 1], [3, 2], [2, 2], [3, 3]],1135,515,1135,459
482653,4,88,33,[7, 12, 10, 2, 1, 4],[[1, 1], [2, 1], [3, 1], [3, 2], [2, 2], [3, 3]],1132,539,1176,481
482699,4,88,33,[7, 12, 10, 2, 1, 4],[[1, 1], [2, 1], [3, 1], [3, 2], [2, 2], [3, 3]],1134,575,1190,497
482768,4,88,33,[7, 12, 10, 2, 1, 4],[[1, 1], [2, 1], [3, 1], [3, 2], [2, 2], [3, 3]],1133,604,1195,518
482814,4,88,33,[7, 12, 10, 2, 1, 4],[[1, 1], [2, 1], [3, 1], [3, 2], [2, 2], [3, 3]],1122,622,1198,533
482873,4,88,33,[7, 12, 10, 2, 1, 4],[[1, 1], [2, 1], [3, 1], [3, 2], [2, 2], [3, 3]],1087,633,1200,544
482921,4,88,33,[7, 12, 10, 2, 1, 4],[[1, 1], [2, 1], [3, 1], [3, 2], [2, 2], [3, 3]],1088,623,1203,547
482957,4,88,33,[7, 12, 10, 2, 1, 4],[[1, 1], [2, 1], [3, 1], [3, 2], [2, 2], [3, 3]],1105,625,1203,547
483020,4,88,33,[7, 12, 10, 2, 1, 4],[[1, 1], [2, 1], [3, 1], [3, 2], [2, 2], [3, 3]],1112,633,1178,568
483073,4,88,33,[7, 12, 10, 2, 1, 4],[[1, 1], [2, 1], [3, 1], [3, 2], [2, 2], [3, 3]],1113,650,1154,595
483122,4,88,33,[7, 12, 10, 2, 1, 4],[[1, 1], [2, 1], [3, 1], [3, 2], [2, 2], [3, 3]],1103,642,1135,613
483171,4,88,33,[7, 12, 10, 2, 1, 4],[[1, 1], [2, 1], [3, 1], [3, 2], [2, 2], [3, 3]],1098,629,1118,620
483225,4,88,33,[7, 12, 10, 2, 1, 4],[[1, 1], [2, 1], [3, 1], [3, 2], [2, 2], [3, 3]],1078,618,1093,620
483278,4,88,33,[7, 12, 10, 2, 1, 4],[[1, 1], [2, 1], [3, 1], [3, 2], [2, 2], [3, 3]],1078,602,1067,628
483333,4,88,33,[7, 12, 10, 2, 1, 4],[[1, 1], [2, 1], [3, 1], [3, 2], [2, 2], [3, 3]],1061,598,1054,636
483398,4,88,33,[7, 12, 10, 2, 1, 4],[[1, 1], [2, 1], [3, 1], [3, 2], [2, 2], [3, 3]],1073,593,1054,637
483459,4,88,33,[7, 12, 10, 2, 1, 4],[[1, 1], [2, 1], [3, 1], [3, 2], [2, 2], [3, 3]],1053,573,1040,639
483514,4,88,33,[7, 12, 10, 2, 1, 4],[[1, 1], [2, 1], [3, 1], [3, 2], [2, 2], [3, 3]],1048,590,1012,628
483587,4,88,33,[7, 12, 10, 2, 1, 4],[[1, 1], [2, 1], [3, 1], [3, 2], [2, 2], [3, 3]],1059,586,1005,625
483647,4,88,33,[7, 12, 10, 2, 1, 4],[[1, 1], [2, 1], [3, 1], [3, 2], [2, 2], [3, 3]],1086,572,989,617
483702,4,88,33,[7, 12, 10, 2, 1, 4],[[1, 1], [2, 1], [3, 1], [3, 2], [2, 2], [3, 3]],1071,557,989,617
483778,4,88,33,[7, 12, 10, 2, 1, 4],[[1, 1], [2, 1], [3, 1], [3, 2], [2, 2], [3, 3]],1097,574,989,617
483817,4,88,33,[7, 12, 10, 2, 1, 4],[[1, 1], [2, 1], [3, 1], [3, 2], [2, 2], [3, 3]],1106,568,989,617
483913,4,88,33,[7, 12, 10, 2, 1, 4],[[1, 1], [2, 1], [3, 1], [3, 2], [2, 2], [3, 3]],1119,590,989,617
483979,4,88,33,[7, 12, 10, 2, 1, 4],[[1, 1], [2, 1], [3, 1], [3, 2], [2, 2], [3, 3]],1113,575,1094,619
484054,4,88,33,[7, 12, 10, 2, 1, 4],[[1, 1], [2, 1], [3, 1], [3, 2], [2, 2], [3, 3]],1107,593,1160,622
484124,4,88,33,[7, 12, 10, 2, 1, 4],[[1, 1], [2, 1], [3, 1], [3, 2], [2, 2], [3, 3]],1104,590,1168,620
484204,4,88,33,[7, 12, 10, 2, 1, 4],[[1, 1], [2, 1], [3, 1], [3, 2], [2, 2], [3, 3]],1116,592,1169,618
484293,4,89,1,[7, 12, 10, 2, 5, 8],[[1, 1], [2, 1], [1, 2], [1, 3], [2, 3], [3, 2]],1130,605,1174,619
484350,4,89,1,[7, 12, 10, 2, 5, 8],[[1, 1], [2, 1], [1, 2], [1, 3], [2, 3], [3, 2]],1150,593,1183,624
484425,4,89,1,[7, 12, 10, 2, 5, 8],[[1, 1], [2, 1], [1, 2], [1, 3], [2, 3], [3, 2]],1151,590,1183,624
484494,4,89,1,[7, 12, 10, 2, 5, 8],[[1, 1], [2, 1], [1, 2], [1, 3], [2, 3], [3, 2]],1188,599,1169,637
484546,4,89,1,[7, 12, 10, 2, 5, 8],[[1, 1], [2, 1], [1, 2], [1, 3], [2, 3], [3, 2]],1223,601,1141,636
484615,4,89,1,[7, 12, 10, 2, 5, 8],[[1, 1], [2, 1], [1, 2], [1, 3], [2, 3], [3, 2]],1208,623,1096,630
484679,4,89,1,[7, 12, 10, 2, 5, 8],[[1, 1], [2, 1], [1, 2], [1, 3], [2, 3], [3, 2]],1190,641,1094,629
484726,4,89,1,[7, 12, 10, 2, 5, 8],[[1, 1], [2, 1], [1, 2], [1, 3], [2, 3], [3, 2]],1195,670,1092,628
484789,4,89,1,[7, 12, 10, 2, 5, 8],[[1, 1], [2, 1], [1, 2], [1, 3], [2, 3], [3, 2]],1199,669,1094,618
484852,4,89,1,[7, 12, 10, 2, 5, 8],[[1, 1], [2, 1], [1, 2], [1, 3], [2, 3], [3, 2]],1191,663,1177,605
484911,4,89,1,[7, 12, 10, 2, 5, 8],[[1, 1], [2, 1], [1, 2], [1, 3], [2, 3], [3, 2]],1189,667,1216,613
484974,4,89,1,[7, 12, 10, 2, 5, 8],[[1, 1], [2, 1], [1, 2], [1, 3], [2, 3], [3, 2]],1214,674,1232,613
485033,4,89,1,[7, 12, 10, 2, 5, 8],[[1, 1], [2, 1], [1, 2], [1, 3], [2, 3], [3, 2]],1207,685,1233,620
485086,4,89,1,[7, 12, 10, 2, 5, 8],[[1, 1], [2, 1], [1, 2], [1, 3], [2, 3], [3, 2]],1194,681,1234,629
485141,4,89,1,[7, 12, 10, 2, 5, 8],[[1, 1], [2, 1], [1, 2], [1, 3], [2, 3], [3, 2]],1165,663,1237,639
485198,4,89,1,[7, 12, 10, 2, 5, 8],[[1, 1], [2, 1], [1, 2], [1, 3], [2, 3], [3, 2]],1149,679,1237,647
485262,4,89,1,[7, 12, 10, 2, 5, 8],[[1, 1], [2, 1], [1, 2], [1, 3], [2, 3], [3, 2]],1150,675,1238,654
485329,4,89,1,[7, 12, 10, 2, 5, 8],[[1, 1], [2, 1], [1, 2], [1, 3], [2, 3], [3, 2]],1137,667,1238,659
485399,4,89,1,[7, 12, 10, 2, 5, 8],[[1, 1], [2, 1], [1, 2], [1, 3], [2, 3], [3, 2]],1148,688,1238,661
485458,4,89,1,[7, 12, 10, 2, 5, 8],[[1, 1], [2, 1], [1, 2], [1, 3], [2, 3], [3, 2]],1163,674,1210,666
485539,4,89,1,[7, 12, 10, 2, 5, 8],[[1, 1], [2, 1], [1, 2], [1, 3], [2, 3], [3, 2]],1178,672,1181,668
485608,4,89,1,[7, 12, 10, 2, 5, 8],[[1, 1], [2, 1], [1, 2], [1, 3], [2, 3], [3, 2]],1160,697,1175,673
485652,4,89,1,[7, 12, 10, 2, 5, 8],[[1, 1], [2, 1], [1, 2], [1, 3], [2, 3], [3, 2]],1143,703,1168,677
485703,4,89,1,[7, 12, 10, 2, 5, 8],[[1, 1], [2, 1], [1, 2], [1, 3], [2, 3], [3, 2]],1157,709,1167,678
485767,4,89,1,[7, 12, 10, 2, 5, 8],[[1, 1], [2, 1], [1, 2], [1, 3], [2, 3], [3, 2]],1149,702,1163,679
485808,4,89,1,[7, 12, 10, 2, 5, 8],[[1, 1], [2, 1], [1, 2], [1, 3], [2, 3], [3, 2]],1138,692,1163,680
485852,4,89,1,[7, 12, 10, 2, 5, 8],[[1, 1], [2, 1], [1, 2], [1, 3], [2, 3], [3, 2]],1130,709,1163,680
485931,4,89,1,[7, 12, 10, 2, 5, 8],[[1, 1], [2, 1], [1, 2], [1, 3], [2, 3], [3, 2]],1121,700,1163,680
485969,4,89,1,[7, 12, 10, 2, 5, 8],[[1, 1], [2, 1], [1, 2], [1, 3], [2, 3], [3, 2]],1136,691,1163,680
486024,4,89,1,[7, 12, 10, 2, 5, 8],[[1, 1], [2, 1], [1, 2], [1, 3], [2, 3], [3, 2]],1131,704,1162,680
486084,4,89,1,[7, 12, 10, 2, 5, 8],[[1, 1], [2, 1], [1, 2], [1, 3], [2, 3], [3, 2]],1106,695,1156,688
486145,4,89,1,[7, 12, 10, 2, 5, 8],[[1, 1], [2, 1], [1, 2], [1, 3], [2, 3], [3, 2]],1112,710,1147,696
486233,4,89,1,[7, 12, 10, 2, 5, 8],[[1, 1], [2, 1], [1, 2], [1, 3], [2, 3], [3, 2]],1104,734,1135,700
486285,4,89,1,[7, 12, 10, 2, 5, 8],[[1, 1], [2, 1], [1, 2], [1, 3], [2, 3], [3, 2]],1088,728,1106,708
486344,4,89,1,[7, 12, 10, 2, 5, 8],[[1, 1], [2, 1], [1, 2], [1, 3], [2, 3], [3, 2]],1090,729,1105,708
486408,4,89,1,[7, 12, 10, 2, 5, 8],[[1, 1], [2, 1], [1, 2], [1, 3], [2, 3], [3, 2]],1099,712,1105,708
486475,4,89,1,[7, 12, 10, 2, 5, 8],[[1, 1], [2, 1], [1, 2], [1, 3], [2, 3], [3, 2]],1123,679,1105,708
486527,4,89,1,[7, 12, 10, 2, 5, 8],[[1, 1], [2, 1], [1, 2], [1, 3], [2, 3], [3, 2]],1155,674,1105,708
486590,4,89,1,[7, 12, 10, 2, 5, 8],[[1, 1], [2, 1], [1, 2], [1, 3], [2, 3], [3, 2]],1167,655,1105,708
486640,4,89,1,[7, 12, 10, 2, 5, 8],[[1, 1], [2, 1], [1, 2], [1, 3], [2, 3], [3, 2]],1176,640,1105,708
486690,4,89,1,[7, 12, 10, 2, 5, 8],[[1, 1], [2, 1], [1, 2], [1, 3], [2, 3], [3, 2]],1178,642,1105,708
486752,4,89,1,[7, 12, 10, 2, 5, 8],[[1, 1], [2, 1], [1, 2], [1, 3], [2, 3], [3, 2]],1183,640,1105,708
486806,4,89,1,[7, 12, 10, 2, 5, 8],[[1, 1], [2, 1], [1, 2], [1, 3], [2, 3], [3, 2]],1171,669,1121,701
486870,4,89,1,[7, 12, 10, 2, 5, 8],[[1, 1], [2, 1], [1, 2], [1, 3], [2, 3], [3, 2]],1181,663,1184,693
486928,4,89,1,[7, 12, 10, 2, 5, 8],[[1, 1], [2, 1], [1, 2], [1, 3], [2, 3], [3, 2]],1211,660,1191,693
486992,4,89,1,[7, 12, 10, 2, 5, 8],[[1, 1], [2, 1], [1, 2], [1, 3], [2, 3], [3, 2]],1217,668,1196,684
487059,4,89,1,[7, 12, 10, 2, 5, 8],[[1, 1], [2, 1], [1, 2], [1, 3], [2, 3], [3, 2]],1218,658,1194,677
487127,4,89,1,[7, 12, 10, 2, 5, 8],[[1, 1], [2, 1], [1, 2], [1, 3], [2, 3], [3, 2]],1242,675,1192,676
487190,4,89,1,[7, 12, 10, 2, 5, 8],[[1, 1], [2, 1], [1, 2], [1, 3], [2, 3], [3, 2]],1247,640,1192,676
487238,4,89,1,[7, 12, 10, 2, 5, 8],[[1, 1], [2, 1], [1, 2], [1, 3], [2, 3], [3, 2]],1234,636,1192,676
487287,4,89,1,[7, 12, 10, 2, 5, 8],[[1, 1], [2, 1], [1, 2], [1, 3], [2, 3], [3, 2]],1245,644,1193,672
487348,4,89,1,[7, 12, 10, 2, 5, 8],[[1, 1], [2, 1], [1, 2], [1, 3], [2, 3], [3, 2]],1267,640,1200,666
487432,4,89,1,[7, 12, 10, 2, 5, 8],[[1, 1], [2, 1], [1, 2], [1, 3], [2, 3], [3, 2]],1268,652,1201,666
487480,4,89,1,[7, 12, 10, 2, 5, 8],[[1, 1], [2, 1], [1, 2], [1, 3], [2, 3], [3, 2]],1288,666,1205,672
487577,4,89,1,[7, 12, 10, 2, 5, 8],[[1, 1], [2, 1], [1, 2], [1, 3], [2, 3], [3, 2]],1327,652,1205,672
487625,4,89,1,[7, 12, 10, 2, 5, 8],[[1, 1], [2, 1], [1, 2], [1, 3], [2, 3], [3, 2]],1324,641,1213,672
487683,4,89,1,[7, 12, 10, 2, 5, 8],[[1, 1], [2, 1], [1, 2], [1, 3], [2, 3], [3, 2]],1333,631,1222,668
487753,4,89,1,[7, 12, 10, 2, 5, 8],[[1, 1], [2, 1], [1, 2], [1, 3], [2, 3], [3, 2]],1337,620,1223,664
487817,4,89,1,[7, 12, 10, 2, 5, 8],[[1, 1], [2, 1], [1, 2], [1, 3], [2, 3], [3, 2]],1358,594,1223,664
487875,4,89,1,[7, 12, 10, 2, 5, 8],[[1, 1], [2, 1], [1, 2], [1, 3], [2, 3], [3, 2]],1358,595,1223,664
487942,4,89,1,[7, 12, 10, 2, 5, 8],[[1, 1], [2, 1], [1, 2], [1, 3], [2, 3], [3, 2]],1355,568,1276,644
487997,4,89,1,[7, 12, 10, 2, 5, 8],[[1, 1], [2, 1], [1, 2], [1, 3], [2, 3], [3, 2]],1342,551,1325,629
488059,4,89,1,[7, 12, 10, 2, 5, 8],[[1, 1], [2, 1], [1, 2], [1, 3], [2, 3], [3, 2]],1323,553,1338,626
488109,4,89,1,[7, 12, 10, 2, 5, 8],[[1, 1], [2, 1], [1, 2], [1, 3], [2, 3], [3, 2]],1324,549,1357,622
488161,4,89,1,[7, 12, 10, 2, 5, 8],[[1, 1], [2, 1], [1, 2], [1, 3], [2, 3], [3, 2]],1325,555,1373,617
488200,4,89,1,[7, 12, 10, 2, 5, 8],[[1, 1], [2, 1], [1, 2], [1, 3], [2, 3], [3, 2]],1333,553,1388,613
488283,4,89,1,[7, 12, 10, 2, 5, 8],[[1, 1], [2, 1], [1, 2], [1, 3], [2, 3], [3, 2]],1356,536,1391,613
488330,4,89,1,[7, 12, 10, 2, 5, 8],[[1, 1], [2, 1], [1, 2], [1, 3], [2, 3], [3, 2]],1344,548,1387,574
488397,4,90,88,[9, 6, 11, 3, 5, 8],[[1, 3], [2, 3], [3, 2], [3, 3], [2, 2], [3, 1]],1378,554,1356,526
497529,5,90,88,[9, 6, 11, 3, 5, 8],[[1, 3], [2, 3], [3, 2], [3, 3], [2, 2], [3, 1]],975,532,957,537
497575,5,90,88,[9, 6, 11, 3, 5, 8],[[1, 3], [2, 3], [3, 2], [3, 3], [2, 2], [3, 1]],978,525,958,537
497640,5,90,88,[9, 6, 11, 3, 5, 8],[[1, 3], [2, 3], [3, 2], [3, 3], [2, 2], [3, 1]],977,494,963,538
497705,5,90,88,[9, 6, 11, 3, 5, 8],[[1, 3], [2, 3], [3, 2], [3, 3], [2, 2], [3, 1]],986,507,963,538
497761,5,90,88,[9, 6, 11, 3, 5, 8],[[1, 3], [2, 3], [3, 2], [3, 3], [2, 2], [3, 1]],971,473,963,538
497832,5,90,88,[9, 6, 11, 3, 5, 8],[[1, 3], [2, 3], [3, 2], [3, 3], [2, 2], [3, 1]],968,456,963,538
497906,5,90,88,[9, 6, 11, 3, 5, 8],[[1, 3], [2, 3], [3, 2], [3, 3], [2, 2], [3, 1]],959,453,963,538
497968,5,90,88,[9, 6, 11, 3, 5, 8],[[1, 3], [2, 3], [3, 2], [3, 3], [2, 2], [3, 1]],985,446,963,538
498024,5,90,88,[9, 6, 11, 3, 5, 8],[[1, 3], [2, 3], [3, 2], [3, 3], [2, 2], [3, 1]],985,469,963,538
498101,5,90,88,[9, 6, 11, 3, 5, 8],[[1, 3], [2, 3], [3, 2], [3, 3], [2, 2], [3, 1]],1024,466,961,533
498168,5,90,88,[9, 6, 11, 3, 5, 8],[[1, 3], [2, 3], [3, 2], [3, 3], [2, 2], [3, 1]],1044,477,944,493
498233,5,90,88,[9, 6, 11, 3, 5, 8],[[1, 3], [2, 3], [3, 2], [3, 3], [2, 2], [3, 1]],1040,483,943,483
498301,5,90,88,[9, 6, 11, 3, 5, 8],[[1, 3], [2, 3], [3, 2], [3, 3], [2, 2], [3, 1]],1063,475,943,483
498359,5,90,88,[9, 6, 11, 3, 5, 8],[[1, 3], [2, 3], [3, 2], [3, 3], [2, 2], [3, 1]],1076,453,952,491
498414,5,90,88,[9, 6, 11, 3, 5, 8],[[1, 3], [2, 3], [3, 2], [3, 3], [2, 2], [3, 1]],1102,460,994,488
498494,5,90,88,[9, 6, 11, 3, 5, 8],[[1, 3], [2, 3], [3, 2], [3, 3], [2, 2], [3, 1]],1123,457,1017,485
498552,5,91,111,[7, 12, 11, 3, 5, 8],[[2, 3], [3, 3], [1, 1], [1, 2], [2, 2], [3, 1]],1138,447,1035,502
498610,5,91,111,[7, 12, 11, 3, 5, 8],[[2, 3], [3, 3], [1, 1], [1, 2], [2, 2], [3, 1]],1132,449,1074,492
498667,5,91,111,[7, 12, 11, 3, 5, 8],[[2, 3], [3, 3], [1, 1], [1, 2], [2, 2], [3, 1]],1156,456,1108,479
498703,5,91,111,[7, 12, 11, 3, 5, 8],[[2, 3], [3, 3], [1, 1], [1, 2], [2, 2], [3, 1]],1159,458,1129,473
498765,5,91,111,[7, 12, 11, 3, 5, 8],[[2, 3], [3, 3], [1, 1], [1, 2], [2, 2], [3, 1]],1169,469,1149,473
498813,5,91,111,[7, 12, 11, 3, 5, 8],[[2, 3], [3, 3], [1, 1], [1, 2], [2, 2], [3, 1]],1180,493,1156,473
498861,5,91,111,[7, 12, 11, 3, 5, 8],[[2, 3], [3, 3], [1, 1], [1, 2], [2, 2], [3, 1]],1169,503,1178,464
498913,5,91,111,[7, 12, 11, 3, 5, 8],[[2, 3], [3, 3], [1, 1], [1, 2], [2, 2], [3, 1]],1190,505,1196,450
498962,5,91,111,[7, 12, 11, 3, 5, 8],[[2, 3], [3, 3], [1, 1], [1, 2], [2, 2], [3, 1]],1199,484,1194,451
499015,5,91,111,[7, 12, 11, 3, 5, 8],[[2, 3], [3, 3], [1, 1], [1, 2], [2, 2], [3, 1]],1155,505,1190,456
499068,5,91,111,[7, 12, 11, 3, 5, 8],[[2, 3], [3, 3], [1, 1], [1, 2], [2, 2], [3, 1]],1143,512,1177,470
499122,5,91,111,[7, 12, 11, 3, 5, 8],[[2, 3], [3, 3], [1, 1], [1, 2], [2, 2], [3, 1]],1145,506,1171,486
499180,5,91,111,[7, 12, 11, 3, 5, 8],[[2, 3], [3, 3], [1, 1], [1, 2], [2, 2], [3, 1]],1155,531,1166,507
499242,5,91,111,[7, 12, 11, 3, 5, 8],[[2, 3], [3, 3], [1, 1], [1, 2], [2, 2], [3, 1]],1186,523,1166,510
499288,5,91,111,[7, 12, 11, 3, 5, 8],[[2, 3], [3, 3], [1, 1], [1, 2], [2, 2], [3, 1]],1184,491,1166,510
499340,5,91,111,[7, 12, 11, 3, 5, 8],[[2, 3], [3, 3], [1, 1], [1, 2], [2, 2], [3, 1]],1185,500,1148,519
499386,5,91,111,[7, 12, 11, 3, 5, 8],[[2, 3], [3, 3], [1, 1], [1, 2], [2, 2], [3, 1]],1212,516,1134,530
499433,5,91,111,[7, 12, 11, 3, 5, 8],[[2, 3], [3, 3], [1, 1], [1, 2], [2, 2], [3, 1]],1211,526,1129,539
499507,5,91,111,[7, 12, 11, 3, 5, 8],[[2, 3], [3, 3], [1, 1], [1, 2], [2, 2], [3, 1]],1237,538,1131,552
499557,5,91,111,[7, 12, 11, 3, 5, 8],[[2, 3], [3, 3], [1, 1], [1, 2], [2, 2], [3, 1]],1266,534,1131,552
499601,5,91,111,[7, 12, 11, 3, 5, 8],[[2, 3], [3, 3], [1, 1], [1, 2], [2, 2], [3, 1]],1266,551,1142,546
499645,5,91,111,[7, 12, 11, 3, 5, 8],[[2, 3], [3, 3], [1, 1], [1, 2], [2, 2], [3, 1]],1247,556,1161,537
499716,5,91,111,[7, 12, 11, 3, 5, 8],[[2, 3], [3, 3], [1, 1], [1, 2], [2, 2], [3, 1]],1246,554,1174,540
499793,5,91,111,[7, 12, 11, 3, 5, 8],[[2, 3], [3, 3], [1, 1], [1, 2], [2, 2], [3, 1]],1233,564,1183,547
499874,5,91,111,[7, 12, 11, 3, 5, 8],[[2, 3], [3, 3], [1, 1], [1, 2], [2, 2], [3, 1]],1262,576,1186,543
499934,5,91,111,[7, 12, 11, 3, 5, 8],[[2, 3], [3, 3], [1, 1], [1, 2], [2, 2], [3, 1]],1259,569,1175,558
500021,5,91,111,[7, 12, 11, 3, 5, 8],[[2, 3], [3, 3], [1, 1], [1, 2], [2, 2], [3, 1]],1263,590,1187,584
500068,5,91,111,[7, 12, 11, 3, 5, 8],[[2, 3], [3, 3], [1, 1], [1, 2], [2, 2], [3, 1]],1287,575,1201,582
500150,5,91,111,[7, 12, 11, 3, 5, 8],[[2, 3], [3, 3], [1, 1], [1, 2], [2, 2], [3, 1]],1283,594,1219,562
500219,5,91,111,[7, 12, 11, 3, 5, 8],[[2, 3], [3, 3], [1, 1], [1, 2], [2, 2], [3, 1]],1310,616,1241,555
500314,5,91,111,[7, 12, 11, 3, 5, 8],[[2, 3], [3, 3], [1, 1], [1, 2], [2, 2], [3, 1]],1319,628,1260,568
500368,5,91,111,[7, 12, 11, 3, 5, 8],[[2, 3], [3, 3], [1, 1], [1, 2], [2, 2], [3, 1]],1300,606,1261,571
500428,5,91,111,[7, 12, 11, 3, 5, 8],[[2, 3], [3, 3], [1, 1], [1, 2], [2, 2], [3, 1]],1291,627,1262,569
500507,5,91,111,[7, 12, 11, 3, 5, 8],[[2, 3], [3, 3], [1, 1], [1, 2], [2, 2], [3, 1]],1305,623,1270,563
500578,5,91,111,[7, 12, 11, 3, 5, 8],[[2, 3], [3, 3], [1, 1], [1, 2], [2, 2], [3, 1]],1298,634,1296,628
500637,5,91,111,[7, 12, 11, 3, 5, 8],[[2, 3], [3, 3], [1, 1], [1, 2], [2, 2], [3, 1]],1301,605,1299,633
500695,5,91,111,[7, 12, 11, 3, 5, 8],[[2, 3], [3, 3], [1, 1], [1, 2], [2, 2], [3, 1]],1289,571,1306,637
500743,5,91,111,[7, 12, 11, 3, 5, 8],[[2, 3], [3, 3], [1, 1], [1, 2], [2, 2], [3, 1]],1282,556,1315,652
500796,5,91,111,[7, 12, 11, 3, 5, 8],[[2, 3], [3, 3], [1, 1], [1, 2], [2, 2], [3, 1]],1303,544,1323,666
500844,5,91,111,[7, 12, 11, 3, 5, 8],[[2, 3], [3, 3], [1, 1], [1, 2], [2, 2], [3, 1]],1315,561,1324,671
500901,5,91,111,[7, 12, 11, 3, 5, 8],[[2, 3], [3, 3], [1, 1], [1, 2], [2, 2], [3, 1]],1322,544,1324,660
500960,5,91,111,[7, 12, 11, 3, 5, 8],[[2, 3], [3, 3], [1, 1], [1, 2], [2, 2], [3, 1]],1337,518,1310,617
501020,5,91,111,[7, 12, 11, 3, 5, 8],[[2, 3], [3, 3], [1, 1], [1, 2], [2, 2], [3, 1]],1338,512,1301,588
501073,5,91,111,[7, 12, 11, 3, 5, 8],[[2, 3], [3, 3], [1, 1], [1, 2], [2, 2], [3, 1]],1362,494,1301,583
501118,5,91,111,[7, 12, 11, 3, 5, 8],[[2, 3], [3, 3], [1, 1], [1, 2], [2, 2], [3, 1]],1359,509,1324,580
501168,5,91,111,[7, 12, 11, 3, 5, 8],[[2, 3], [3, 3], [1, 1], [1, 2], [2, 2], [3, 1]],1371,522,1348,580
501204,5,91,111,[7, 12, 11, 3, 5, 8],[[2, 3], [3, 3], [1, 1], [1, 2], [2, 2], [3, 1]],1356,517,1354,576
501267,5,91,111,[7, 12, 11, 3, 5, 8],[[2, 3], [3, 3], [1, 1], [1, 2], [2, 2], [3, 1]],1335,524,1371,552
501325,5,91,111,[7, 12, 11, 3, 5, 8],[[2, 3], [3, 3], [1, 1], [1, 2], [2, 2], [3, 1]],1328,547,1390,512
501373,5,91,111,[7, 12, 11, 3, 5, 8],[[2, 3], [3, 3], [1, 1], [1, 2], [2, 2], [3, 1]],1289,530,1391,507
501420,5,91,111,[7, 12, 11, 3, 5, 8],[[2, 3], [3, 3], [1, 1], [1, 2], [2, 2], [3, 1]],1286,501,1386,500
501475,5,91,111,[7, 12, 11, 3, 5, 8],[[2, 3], [3, 3], [1, 1], [1, 2], [2, 2], [3, 1]],1302,475,1377,494
501523,5,91,111,[7, 12, 11, 3, 5, 8],[[2, 3], [3, 3], [1, 1], [1, 2], [2, 2], [3, 1]],1340,492,1377,494
501572,5,91,111,[7, 12, 11, 3, 5, 8],[[2, 3], [3, 3], [1, 1], [1, 2], [2, 2], [3, 1]],1320,511,1372,491
501613,5,91,111,[7, 12, 11, 3, 5, 8],[[2, 3], [3, 3], [1, 1], [1, 2], [2, 2], [3, 1]],1328,504,1364,494
501679,5,91,111,[7, 12, 11, 3, 5, 8],[[2, 3], [3, 3], [1, 1], [1, 2], [2, 2], [3, 1]],1323,503,1346,508
501729,5,91,111,[7, 12, 11, 3, 5, 8],[[2, 3], [3, 3], [1, 1], [1, 2], [2, 2], [3, 1]],1340,502,1325,515
501802,5,91,111,[7, 12, 11, 3, 5, 8],[[2, 3], [3, 3], [1, 1], [1, 2], [2, 2], [3, 1]],1357,507,1318,510
501846,5,91,111,[7, 12, 11, 3, 5, 8],[[2, 3], [3, 3], [1, 1], [1, 2], [2, 2], [3, 1]],1354,556,1318,510
501940,5,91,111,[7, 12, 11, 3, 5, 8],[[2, 3], [3, 3], [1, 1], [1, 2], [2, 2], [3, 1]],1351,546,1277,551
501987,5,91,111,[7, 12, 11, 3, 5, 8],[[2, 3], [3, 3], [1, 1], [1, 2], [2, 2], [3, 1]],1358,541,1264,561
502057,5,91,111,[7, 12, 11, 3, 5, 8],[[2, 3], [3, 3], [1, 1], [1, 2], [2, 2], [3, 1]],1348,542,1259,560
502138,5,91,111,[7, 12, 11, 3, 5, 8],[[2, 3], [3, 3], [1, 1], [1, 2], [2, 2], [3, 1]],1349,562,1257,558
502185,5,91,111,[7, 12, 11, 3, 5, 8],[[2, 3], [3, 3], [1, 1], [1, 2], [2, 2], [3, 1]],1342,561,1265,574
502267,5,91,111,[7, 12, 11, 3, 5, 8],[[2, 3], [3, 3], [1, 1], [1, 2], [2, 2], [3, 1]],1350,579,1308,589
502315,5,91,111,[7, 12, 11, 3, 5, 8],[[2, 3], [3, 3], [1, 1], [1, 2], [2, 2], [3, 1]],1374,581,1332,578
502401,5,91,111,[7, 12, 11, 3, 5, 8],[[2, 3], [3, 3], [1, 1], [1, 2], [2, 2], [3, 1]],1386,563,1341,573
502463,5,91,111,[7, 12, 11, 3, 5, 8],[[2, 3], [3, 3], [1, 1], [1, 2], [2, 2], [3, 1]],1384,564,1344,573
502530,5,91,111,[7, 12, 11, 3, 5, 8],[[2, 3], [3, 3], [1, 1], [1, 2], [2, 2], [3, 1]],1382,538,1350,575
502589,5,92,96,[9, 6, 11, 3, 1, 4],[[1, 3], [2, 3], [3, 2], [3, 3], [1, 1], [2, 2]],1369,559,1350,575
502655,5,92,96,[9, 6, 11, 3, 1, 4],[[1, 3], [2, 3], [3, 2], [3, 3], [1, 1], [2, 2]],1387,548,1346,576
502723,5,92,96,[9, 6, 11, 3, 1, 4],[[1, 3], [2, 3], [3, 2], [3, 3], [1, 1], [2, 2]],1416,535,1344,576
502772,5,92,96,[9, 6, 11, 3, 1, 4],[[1, 3], [2, 3], [3, 2], [3, 3], [1, 1], [2, 2]],1414,532,1344,576
502808,5,92,96,[9, 6, 11, 3, 1, 4],[[1, 3], [2, 3], [3, 2], [3, 3], [1, 1], [2, 2]],1395,526,1344,576
502879,5,92,96,[9, 6, 11, 3, 1, 4],[[1, 3], [2, 3], [3, 2], [3, 3], [1, 1], [2, 2]],1407,528,1340,561
502936,5,92,96,[9, 6, 11, 3, 1, 4],[[1, 3], [2, 3], [3, 2], [3, 3], [1, 1], [2, 2]],1396,517,1319,518
502990,5,92,96,[9, 6, 11, 3, 1, 4],[[1, 3], [2, 3], [3, 2], [3, 3], [1, 1], [2, 2]],1415,546,1310,507
503042,5,92,96,[9, 6, 11, 3, 1, 4],[[1, 3], [2, 3], [3, 2], [3, 3], [1, 1], [2, 2]],1372,526,1306,506
503090,5,92,96,[9, 6, 11, 3, 1, 4],[[1, 3], [2, 3], [3, 2], [3, 3], [1, 1], [2, 2]],1372,525,1306,506
503143,5,92,96,[9, 6, 11, 3, 1, 4],[[1, 3], [2, 3], [3, 2], [3, 3], [1, 1], [2, 2]],1378,544,1306,506
503198,5,92,96,[9, 6, 11, 3, 1, 4],[[1, 3], [2, 3], [3, 2], [3, 3], [1, 1], [2, 2]],1360,523,1306,506
503237,5,92,96,[9, 6, 11, 3, 1, 4],[[1, 3], [2, 3], [3, 2], [3, 3], [1, 1], [2, 2]],1377,537,1306,506
503301,5,92,96,[9, 6, 11, 3, 1, 4],[[1, 3], [2, 3], [3, 2], [3, 3], [1, 1], [2, 2]],1382,510,1365,506
503351,5,92,96,[9, 6, 11, 3, 1, 4],[[1, 3], [2, 3], [3, 2], [3, 3], [1, 1], [2, 2]],1388,504,1367,506
503401,5,92,96,[9, 6, 11, 3, 1, 4],[[1, 3], [2, 3], [3, 2], [3, 3], [1, 1], [2, 2]],1367,535,1379,516
503441,5,92,96,[9, 6, 11, 3, 1, 4],[[1, 3], [2, 3], [3, 2], [3, 3], [1, 1], [2, 2]],1339,522,1390,537
503477,5,92,96,[9, 6, 11, 3, 1, 4],[[1, 3], [2, 3], [3, 2], [3, 3], [1, 1], [2, 2]],1343,522,1399,548
503540,5,92,96,[9, 6, 11, 3, 1, 4],[[1, 3], [2, 3], [3, 2], [3, 3], [1, 1], [2, 2]],1339,503,1403,551
503607,5,92,96,[9, 6, 11, 3, 1, 4],[[1, 3], [2, 3], [3, 2], [3, 3], [1, 1], [2, 2]],1356,489,1403,551
503665,5,92,96,[9, 6, 11, 3, 1, 4],[[1, 3], [2, 3], [3, 2], [3, 3], [1, 1], [2, 2]],1358,500,1403,549
503723,5,92,96,[9, 6, 11, 3, 1, 4],[[1, 3], [2, 3], [3, 2], [3, 3], [1, 1], [2, 2]],1361,475,1390,533
503774,5,92,96,[9, 6, 11, 3, 1, 4],[[1, 3], [2, 3], [3, 2], [3, 3], [1, 1], [2, 2]],1329,490,1377,528
503829,5,92,96,[9, 6, 11, 3, 1, 4],[[1, 3], [2, 3], [3, 2], [3, 3], [1, 1], [2, 2]],1305,489,1370,525
503871,5,92,96,[9, 6, 11, 3, 1, 4],[[1, 3], [2, 3], [3, 2], [3, 3], [1, 1], [2, 2]],1308,473,1370,525
503932,5,92,96,[9, 6, 11, 3, 1, 4],[[1, 3], [2, 3], [3, 2], [3, 3], [1, 1], [2, 2]],1312,485,1361,507
503976,5,92,96,[9, 6, 11, 3, 1, 4],[[1, 3], [2, 3], [3, 2], [3, 3], [1, 1], [2, 2]],1329,463,1361,485
504021,5,92,96,[9, 6, 11, 3, 1, 4],[[1, 3], [2, 3], [3, 2], [3, 3], [1, 1], [2, 2]],1287,464,1359,454
504074,5,92,96,[9, 6, 11, 3, 1, 4],[[1, 3], [2, 3], [3, 2], [3, 3], [1, 1], [2, 2]],1274,471,1348,443
504140,5,92,96,[9, 6, 11, 3, 1, 4],[[1, 3], [2, 3], [3, 2], [3, 3], [1, 1], [2, 2]],1277,470,1307,437
504176,5,92,96,[9, 6, 11, 3, 1, 4],[[1, 3], [2, 3], [3, 2], [3, 3], [1, 1], [2, 2]],1292,483,1303,435
504247,5,92,96,[9, 6, 11, 3, 1, 4],[[1, 3], [2, 3], [3, 2], [3, 3], [1, 1], [2, 2]],1274,490,1308,442
504326,5,92,96,[9, 6, 11, 3, 1, 4],[[1, 3], [2, 3], [3, 2], [3, 3], [1, 1], [2, 2]],1269,504,1297,470
504403,5,92,96,[9, 6, 11, 3, 1, 4],[[1, 3], [2, 3], [3, 2], [3, 3], [1, 1], [2, 2]],1274,513,1222,483
504453,5,92,96,[9, 6, 11, 3, 1, 4],[[1, 3], [2, 3], [3, 2], [3, 3], [1, 1], [2, 2]],1229,494,1222,483
504540,5,92,96,[9, 6, 11, 3, 1, 4],[[1, 3], [2, 3], [3, 2], [3, 3], [1, 1], [2, 2]],1213,490,1228,502
504588,5,92,96,[9, 6, 11, 3, 1, 4],[[1, 3], [2, 3], [3, 2], [3, 3], [1, 1], [2, 2]],1229,503,1228,507
504641,5,92,96,[9, 6, 11, 3, 1, 4],[[1, 3], [2, 3], [3, 2], [3, 3], [1, 1], [2, 2]],1225,495,1226,505
504708,5,92,96,[9, 6, 11, 3, 1, 4],[[1, 3], [2, 3], [3, 2], [3, 3], [1, 1], [2, 2]],1223,488,1207,491
504775,5,92,96,[9, 6, 11, 3, 1, 4],[[1, 3], [2, 3], [3, 2], [3, 3], [1, 1], [2, 2]],1210,468,1209,487
504832,5,92,96,[9, 6, 11, 3, 1, 4],[[1, 3], [2, 3], [3, 2], [3, 3], [1, 1], [2, 2]],1231,450,1211,484
504886,5,92,96,[9, 6, 11, 3, 1, 4],[[1, 3], [2, 3], [3, 2], [3, 3], [1, 1], [2, 2]],1220,433,1207,484
504939,5,92,96,[9, 6, 11, 3, 1, 4],[[1, 3], [2, 3], [3, 2], [3, 3], [1, 1], [2, 2]],1242,445,1096,485
504978,5,92,96,[9, 6, 11, 3, 1, 4],[[1, 3], [2, 3], [3, 2], [3, 3], [1, 1], [2, 2]],1249,435,1076,485
505053,5,92,96,[9, 6, 11, 3, 1, 4],[[1, 3], [2, 3], [3, 2], [3, 3], [1, 1], [2, 2]],1230,417,1076,486
505116,5,92,96,[9, 6, 11, 3, 1, 4],[[1, 3], [2, 3], [3, 2], [3, 3], [1, 1], [2, 2]],1223,427,1098,493
505174,5,92,96,[9, 6, 11, 3, 1, 4],[[1, 3], [2, 3], [3, 2], [3, 3], [1, 1], [2, 2]],1217,425,1099,493
505237,5,92,96,[9, 6, 11, 3, 1, 4],[[1, 3], [2, 3], [3, 2], [3, 3], [1, 1], [2, 2]],1191,443,1130,454
505295,5,92,96,[9, 6, 11, 3, 1, 4],[[1, 3], [2, 3], [3, 2], [3, 3], [1, 1], [2, 2]],1209,434,1182,429
505347,5,92,96,[9, 6, 11, 3, 1, 4],[[1, 3], [2, 3], [3, 2], [3, 3], [1, 1], [2, 2]],1199,452,1197,420
505410,5,92,96,[9, 6, 11, 3, 1, 4],[[1, 3], [2, 3], [3, 2], [3, 3], [1, 1], [2, 2]],1221,476,1192,411
505458,5,92,96,[9, 6, 11, 3, 1, 4],[[1, 3], [2, 3], [3, 2], [3, 3], [1, 1], [2, 2]],1227,438,1187,398
505516,5,92,96,[9, 6, 11, 3, 1, 4],[[1, 3], [2, 3], [3, 2], [3, 3], [1, 1], [2, 2]],1205,446,1183,391
505564,5,92,96,[9, 6, 11, 3, 1, 4],[[1, 3], [2, 3], [3, 2], [3, 3], [1, 1], [2, 2]],1183,435,1189,384
505613,5,92,96,[9, 6, 11, 3, 1, 4],[[1, 3], [2, 3], [3, 2], [3, 3], [1, 1], [2, 2]],1167,431,1203,376
505653,5,92,96,[9, 6, 11, 3, 1, 4],[[1, 3], [2, 3], [3, 2], [3, 3], [1, 1], [2, 2]],1169,425,1225,372
505721,5,92,96,[9, 6, 11, 3, 1, 4],[[1, 3], [2, 3], [3, 2], [3, 3], [1, 1], [2, 2]],1162,421,1231,372
505769,5,92,96,[9, 6, 11, 3, 1, 4],[[1, 3], [2, 3], [3, 2], [3, 3], [1, 1], [2, 2]],1140,448,1233,397
505818,5,92,96,[9, 6, 11, 3, 1, 4],[[1, 3], [2, 3], [3, 2], [3, 3], [1, 1], [2, 2]],1153,401,1222,428
505866,5,92,96,[9, 6, 11, 3, 1, 4],[[1, 3], [2, 3], [3, 2], [3, 3], [1, 1], [2, 2]],1129,408,1192,444
505930,5,92,96,[9, 6, 11, 3, 1, 4],[[1, 3], [2, 3], [3, 2], [3, 3], [1, 1], [2, 2]],1136,394,1188,453
505979,5,92,96,[9, 6, 11, 3, 1, 4],[[1, 3], [2, 3], [3, 2], [3, 3], [1, 1], [2, 2]],1139,381,1191,466
506066,5,92,96,[9, 6, 11, 3, 1, 4],[[1, 3], [2, 3], [3, 2], [3, 3], [1, 1], [2, 2]],1137,375,1222,497
506101,5,92,96,[9, 6, 11, 3, 1, 4],[[1, 3], [2, 3], [3, 2], [3, 3], [1, 1], [2, 2]],1108,382,1225,499
506149,5,92,96,[9, 6, 11, 3, 1, 4],[[1, 3], [2, 3], [3, 2], [3, 3], [1, 1], [2, 2]],1141,357,1225,499
506200,5,92,96,[9, 6, 11, 3, 1, 4],[[1, 3], [2, 3], [3, 2], [3, 3], [1, 1], [2, 2]],1130,360,1196,490
506247,5,92,96,[9, 6, 11, 3, 1, 4],[[1, 3], [2, 3], [3, 2], [3, 3], [1, 1], [2, 2]],1136,355,1144,422
506295,5,92,96,[9, 6, 11, 3, 1, 4],[[1, 3], [2, 3], [3, 2], [3, 3], [1, 1], [2, 2]],1116,349,1109,354
506344,5,92,96,[9, 6, 11, 3, 1, 4],[[1, 3], [2, 3], [3, 2], [3, 3], [1, 1], [2, 2]],1125,366,1094,322
506392,5,92,96,[9, 6, 11, 3, 1, 4],[[1, 3], [2, 3], [3, 2], [3, 3], [1, 1], [2, 2]],1117,370,1065,309
506445,5,92,96,[9, 6, 11, 3, 1, 4],[[1, 3], [2, 3], [3, 2], [3, 3], [1, 1], [2, 2]],1148,368,1052,309
506503,5,92,96,[9, 6, 11, 3, 1, 4],[[1, 3], [2, 3], [3, 2], [3, 3], [1, 1], [2, 2]],1161,375,1039,300
506542,5,92,96,[9, 6, 11, 3, 1, 4],[[1, 3], [2, 3], [3, 2], [3, 3], [1, 1], [2, 2]],1142,379,1034,292
506610,5,92,96,[9, 6, 11, 3, 1, 4],[[1, 3], [2, 3], [3, 2], [3, 3], [1, 1], [2, 2]],1121,387,1033,263
506655,5,93,66,[9, 6, 10, 2, 5, 8],[[2, 1], [3, 1], [1, 1], [1, 2], [1, 3], [2, 2]],1126,368,1034,257
506719,5,93,66,[9, 6, 10, 2, 5, 8],[[2, 1], [3, 1], [1, 1], [1, 2], [1, 3], [2, 2]],1155,375,1044,256
506776,5,93,66,[9, 6, 10, 2, 5, 8],[[2, 1], [3, 1], [1, 1], [1, 2], [1, 3], [2, 2]],1127,380,1091,280
506849,5,93,66,[9, 6, 10, 2, 5, 8],[[2, 1], [3, 1], [1, 1], [1, 2], [1, 3], [2, 2]],1107,378,1131,357
506924,5,93,66,[9, 6, 10, 2, 5, 8],[[2, 1], [3, 1], [1, 1], [1, 2], [1, 3], [2, 2]],1083,397,1117,413
507009,5,93,66,[9, 6, 10, 2, 5, 8],[[2, 1], [3, 1], [1, 1], [1, 2], [1, 3], [2, 2]],1070,368,1113,420
507058,5,93,66,[9, 6, 10, 2, 5, 8],[[2, 1], [3, 1], [1, 1], [1, 2], [1, 3], [2, 2]],1069,357,1110,450
507106,5,93,66,[9, 6, 10, 2, 5, 8],[[2, 1], [3, 1], [1, 1], [1, 2], [1, 3], [2, 2]],1057,368,1117,459
507176,5,93,66,[9, 6, 10, 2, 5, 8],[[2, 1], [3, 1], [1, 1], [1, 2], [1, 3], [2, 2]],1069,365,1117,459
507233,5,93,66,[9, 6, 10, 2, 5, 8],[[2, 1], [3, 1], [1, 1], [1, 2], [1, 3], [2, 2]],1077,367,1096,454
507319,5,93,66,[9, 6, 10, 2, 5, 8],[[2, 1], [3, 1], [1, 1], [1, 2], [1, 3], [2, 2]],1075,359,1043,431
507369,5,93,66,[9, 6, 10, 2, 5, 8],[[2, 1], [3, 1], [1, 1], [1, 2], [1, 3], [2, 2]],1105,344,1042,426
507445,5,93,66,[9, 6, 10, 2, 5, 8],[[2, 1], [3, 1], [1, 1], [1, 2], [1, 3], [2, 2]],1099,351,1037,415
507536,5,93,66,[9, 6, 10, 2, 5, 8],[[2, 1], [3, 1], [1, 1], [1, 2], [1, 3], [2, 2]],1094,337,1038,398
507583,5,93,66,[9, 6, 10, 2, 5, 8],[[2, 1], [3, 1], [1, 1], [1, 2], [1, 3], [2, 2]],1081,345,1038,398
507636,5,93,66,[9, 6, 10, 2, 5, 8],[[2, 1], [3, 1], [1, 1], [1, 2], [1, 3], [2, 2]],1063,341,1038,398
507685,5,93,66,[9, 6, 10, 2, 5, 8],[[2, 1], [3, 1], [1, 1], [1, 2], [1, 3], [2, 2]],1061,354,1038,398
507757,5,93,66,[9, 6, 10, 2, 5, 8],[[2, 1], [3, 1], [1, 1], [1, 2], [1, 3], [2, 2]],1057,348,1038,398
507812,5,93,66,[9, 6, 10, 2, 5, 8],[[2, 1], [3, 1], [1, 1], [1, 2], [1, 3], [2, 2]],1056,305,1038,398
507851,5,93,66,[9, 6, 10, 2, 5, 8],[[2, 1], [3, 1], [1, 1], [1, 2], [1, 3], [2, 2]],1059,307,1038,398
507910,5,93,66,[9, 6, 10, 2, 5, 8],[[2, 1], [3, 1], [1, 1], [1, 2], [1, 3], [2, 2]],1073,310,1038,398
507966,5,93,66,[9, 6, 10, 2, 5, 8],[[2, 1], [3, 1], [1, 1], [1, 2], [1, 3], [2, 2]],1080,319,1038,398
508030,5,93,66,[9, 6, 10, 2, 5, 8],[[2, 1], [3, 1], [1, 1], [1, 2], [1, 3], [2, 2]],1099,303,1038,398
508082,5,93,66,[9, 6, 10, 2, 5, 8],[[2, 1], [3, 1], [1, 1], [1, 2], [1, 3], [2, 2]],1104,301,1066,363
508151,5,93,66,[9, 6, 10, 2, 5, 8],[[2, 1], [3, 1], [1, 1], [1, 2], [1, 3], [2, 2]],1112,307,1097,322
508195,5,93,66,[9, 6, 10, 2, 5, 8],[[2, 1], [3, 1], [1, 1], [1, 2], [1, 3], [2, 2]],1105,264,1097,320
508261,5,93,66,[9, 6, 10, 2, 5, 8],[[2, 1], [3, 1], [1, 1], [1, 2], [1, 3], [2, 2]],1110,267,1110,328
508326,5,93,66,[9, 6, 10, 2, 5, 8],[[2, 1], [3, 1], [1, 1], [1, 2], [1, 3], [2, 2]],1107,262,1120,346
508403,5,93,66,[9, 6, 10, 2, 5, 8],[[2, 1], [3, 1], [1, 1], [1, 2], [1, 3], [2, 2]],1130,245,1141,342
508452,5,93,66,[9, 6, 10, 2, 5, 8],[[2, 1], [3, 1], [1, 1], [1, 2], [1, 3], [2, 2]],1125,241,1143,329
508505,5,93,66,[9, 6, 10, 2, 5, 8],[[2, 1], [3, 1], [1, 1], [1, 2], [1, 3], [2, 2]],1123,256,1143,319
508565,5,93,66,[9, 6, 10, 2, 5, 8],[[2, 1], [3, 1], [1, 1], [1, 2], [1, 3], [2, 2]],1130,255,1140,317
508615,5,93,66,[9, 6, 10, 2, 5, 8],[[2, 1], [3, 1], [1, 1], [1, 2], [1, 3], [2, 2]],1134,225,1126,301
508662,5,93,66,[9, 6, 10, 2, 5, 8],[[2, 1], [3, 1], [1, 1], [1, 2], [1, 3], [2, 2]],1132,246,1118,296
508697,5,93,66,[9, 6, 10, 2, 5, 8],[[2, 1], [3, 1], [1, 1], [1, 2], [1, 3], [2, 2]],1126,240,1118,296
508756,5,93,66,[9, 6, 10, 2, 5, 8],[[2, 1], [3, 1], [1, 1], [1, 2], [1, 3], [2, 2]],1127,264,1118,296
508819,5,93,66,[9, 6, 10, 2, 5, 8],[[2, 1], [3, 1], [1, 1], [1, 2], [1, 3], [2, 2]],1130,279,1129,299
508882,5,93,66,[9, 6, 10, 2, 5, 8],[[2, 1], [3, 1], [1, 1], [1, 2], [1, 3], [2, 2]],1152,277,1148,291
508940,5,93,66,[9, 6, 10, 2, 5, 8],[[2, 1], [3, 1], [1, 1], [1, 2], [1, 3], [2, 2]],1151,289,1156,253
509003,5,93,66,[9, 6, 10, 2, 5, 8],[[2, 1], [3, 1], [1, 1], [1, 2], [1, 3], [2, 2]],1132,306,1154,236
509067,5,93,66,[9, 6, 10, 2, 5, 8],[[2, 1], [3, 1], [1, 1], [1, 2], [1, 3], [2, 2]],1129,311,1144,228
509127,5,93,66,[9, 6, 10, 2, 5, 8],[[2, 1], [3, 1], [1, 1], [1, 2], [1, 3], [2, 2]],1137,293,1135,201
509168,5,93,66,[9, 6, 10, 2, 5, 8],[[2, 1], [3, 1], [1, 1], [1, 2], [1, 3], [2, 2]],1147,287,1135,183
509225,5,93,66,[9, 6, 10, 2, 5, 8],[[2, 1], [3, 1], [1, 1], [1, 2], [1, 3], [2, 2]],1140,297,1137,179
509270,5,93,66,[9, 6, 10, 2, 5, 8],[[2, 1], [3, 1], [1, 1], [1, 2], [1, 3], [2, 2]],1130,304,1142,186
509339,5,93,66,[9, 6, 10, 2, 5, 8],[[2, 1], [3, 1], [1, 1], [1, 2], [1, 3], [2, 2]],1125,325,1143,248
509393,5,93,66,[9, 6, 10, 2, 5, 8],[[2, 1], [3, 1], [1, 1], [1, 2], [1, 3], [2, 2]],1113,305,1129,293
509460,5,93,66,[9, 6, 10, 2, 5, 8],[[2, 1], [3, 1], [1, 1], [1, 2], [1, 3], [2, 2]],1105,281,1125,317
509548,5,93,66,[9, 6, 10, 2, 5, 8],[[2, 1], [3, 1], [1, 1], [1, 2], [1, 3], [2, 2]],1118,279,1113,370
509616,5,93,66,[9, 6, 10, 2, 5, 8],[[2, 1], [3, 1], [1, 1], [1, 2], [1, 3], [2, 2]],1153,283,1109,386
509690,5,93,66,[9, 6, 10, 2, 5, 8],[[2, 1], [3, 1], [1, 1], [1, 2], [1, 3], [2, 2]],1169,283,1114,387
509735,5,93,66,[9, 6, 10, 2, 5, 8],[[2, 1], [3, 1], [1, 1], [1, 2], [1, 3], [2, 2]],1154,296,1126,383
509801,5,93,66,[9, 6, 10, 2, 5, 8],[[2, 1], [3, 1], [1, 1], [1, 2], [1, 3], [2, 2]],1140,292,1126,383
509870,5,93,66,[9, 6, 10, 2, 5, 8],[[2, 1], [3, 1], [1, 1], [1, 2], [1, 3], [2, 2]],1158,283,1124,381
509943,5,93,66,[9, 6, 10, 2, 5, 8],[[2, 1], [3, 1], [1, 1], [1, 2], [1, 3], [2, 2]],1182,276,1114,356
509998,5,93,66,[9, 6, 10, 2, 5, 8],[[2, 1], [3, 1], [1, 1], [1, 2], [1, 3], [2, 2]],1194,274,1124,332
510051,5,93,66,[9, 6, 10, 2, 5, 8],[[2, 1], [3, 1], [1, 1], [1, 2], [1, 3], [2, 2]],1184,265,1130,325
510103,5,93,66,[9, 6, 10, 2, 5, 8],[[2, 1], [3, 1], [1, 1], [1, 2], [1, 3], [2, 2]],1172,266,1133,322
510149,5,93,66,[9, 6, 10, 2, 5, 8],[[2, 1], [3, 1], [1, 1], [1, 2], [1, 3], [2, 2]],1177,305,1143,303
510193,5,93,66,[9, 6, 10, 2, 5, 8],[[2, 1], [3, 1], [1, 1], [1, 2], [1, 3], [2, 2]],1195,266,1141,282
510253,5,93,66,[9, 6, 10, 2, 5, 8],[[2, 1], [3, 1], [1, 1], [1, 2], [1, 3], [2, 2]],1192,271,1139,262
510331,5,93,66,[9, 6, 10, 2, 5, 8],[[2, 1], [3, 1], [1, 1], [1, 2], [1, 3], [2, 2]],1221,266,1167,258
510398,5,93,66,[9, 6, 10, 2, 5, 8],[[2, 1], [3, 1], [1, 1], [1, 2], [1, 3], [2, 2]],1218,275,1195,257
510446,5,93,66,[9, 6, 10, 2, 5, 8],[[2, 1], [3, 1], [1, 1], [1, 2], [1, 3], [2, 2]],1245,291,1204,261
510494,5,93,66,[9, 6, 10, 2, 5, 8],[[2, 1], [3, 1], [1, 1], [1, 2], [1, 3], [2, 2]],1258,284,1207,262
510547,5,93,66,[9, 6, 10, 2, 5, 8],[[2, 1], [3, 1], [1, 1], [1, 2], [1, 3], [2, 2]],1269,296,1207,262
510593,5,93,66,[9, 6, 10, 2, 5, 8],[[2, 1], [3, 1], [1, 1], [1, 2], [1, 3], [2, 2]],1276,306,1211,262
510643,5,93,66,[9, 6, 10, 2, 5, 8],[[2, 1], [3, 1], [1, 1], [1, 2], [1, 3], [2, 2]],1278,293,1218,263
510687,5,93,66,[9, 6, 10, 2, 5, 8],[[2, 1], [3, 1], [1, 1], [1, 2], [1, 3], [2, 2]],1285,297,1235,272
510737,5,94,5,[7, 12, 10, 2, 5, 8],[[1, 1], [2, 1], [1, 2], [1, 3], [2, 2], [3, 1]],1285,293,1249,286
510795,5,94,5,[7, 12, 10, 2, 5, 8],[[1, 1], [2, 1], [1, 2], [1, 3], [2, 2], [3, 1]],1290,291,1257,298
510842,5,94,5,[7, 12, 10, 2, 5, 8],[[1, 1], [2, 1], [1, 2], [1, 3], [2, 2], [3, 1]],1287,322,1261,315
510887,5,94,5,[7, 12, 10, 2, 5, 8],[[1, 1], [2, 1], [1, 2], [1, 3], [2, 2], [3, 1]],1286,334,1271,333
510937,5,94,5,[7, 12, 10, 2, 5, 8],[[1, 1], [2, 1], [1, 2], [1, 3], [2, 2], [3, 1]],1269,326,1275,340
510981,5,94,5,[7, 12, 10, 2, 5, 8],[[1, 1], [2, 1], [1, 2], [1, 3], [2, 2], [3, 1]],1251,314,1278,341
511048,5,94,5,[7, 12, 10, 2, 5, 8],[[1, 1], [2, 1], [1, 2], [1, 3], [2, 2], [3, 1]],1289,330,1302,334
511117,5,94,5,[7, 12, 10, 2, 5, 8],[[1, 1], [2, 1], [1, 2], [1, 3], [2, 2], [3, 1]],1304,333,1309,327
511168,5,94,5,[7, 12, 10, 2, 5, 8],[[1, 1], [2, 1], [1, 2], [1, 3], [2, 2], [3, 1]],1311,314,1310,321
511219,5,94,5,[7, 12, 10, 2, 5, 8],[[1, 1], [2, 1], [1, 2], [1, 3], [2, 2], [3, 1]],1301,307,1310,321
511258,5,94,5,[7, 12, 10, 2, 5, 8],[[1, 1], [2, 1], [1, 2], [1, 3], [2, 2], [3, 1]],1323,314,1302,309
511327,5,94,5,[7, 12, 10, 2, 5, 8],[[1, 1], [2, 1], [1, 2], [1, 3], [2, 2], [3, 1]],1320,311,1283,264
511368,5,94,5,[7, 12, 10, 2, 5, 8],[[1, 1], [2, 1], [1, 2], [1, 3], [2, 2], [3, 1]],1310,306,1279,257
511437,5,94,5,[7, 12, 10, 2, 5, 8],[[1, 1], [2, 1], [1, 2], [1, 3], [2, 2], [3, 1]],1342,320,1284,258
511515,5,94,5,[7, 12, 10, 2, 5, 8],[[1, 1], [2, 1], [1, 2], [1, 3], [2, 2], [3, 1]],1317,327,1306,260
511611,5,94,5,[7, 12, 10, 2, 5, 8],[[1, 1], [2, 1], [1, 2], [1, 3], [2, 2], [3, 1]],1312,340,1323,255
511691,5,94,5,[7, 12, 10, 2, 5, 8],[[1, 1], [2, 1], [1, 2], [1, 3], [2, 2], [3, 1]],1319,359,1327,263
511737,5,94,5,[7, 12, 10, 2, 5, 8],[[1, 1], [2, 1], [1, 2], [1, 3], [2, 2], [3, 1]],1304,362,1324,277
511797,5,94,5,[7, 12, 10, 2, 5, 8],[[1, 1], [2, 1], [1, 2], [1, 3], [2, 2], [3, 1]],1326,377,1333,288
511866,5,94,5,[7, 12, 10, 2, 5, 8],[[1, 1], [2, 1], [1, 2], [1, 3], [2, 2], [3, 1]],1354,402,1339,301
511979,5,94,5,[7, 12, 10, 2, 5, 8],[[1, 1], [2, 1], [1, 2], [1, 3], [2, 2], [3, 1]],1357,396,1329,334
512021,5,94,5,[7, 12, 10, 2, 5, 8],[[1, 1], [2, 1], [1, 2], [1, 3], [2, 2], [3, 1]],1369,414,1320,341
512084,5,94,5,[7, 12, 10, 2, 5, 8],[[1, 1], [2, 1], [1, 2], [1, 3], [2, 2], [3, 1]],1396,441,1275,347
512128,5,94,5,[7, 12, 10, 2, 5, 8],[[1, 1], [2, 1], [1, 2], [1, 3], [2, 2], [3, 1]],1410,447,1255,357
512179,5,94,5,[7, 12, 10, 2, 5, 8],[[1, 1], [2, 1], [1, 2], [1, 3], [2, 2], [3, 1]],1414,445,1258,368
512242,5,94,5,[7, 12, 10, 2, 5, 8],[[1, 1], [2, 1], [1, 2], [1, 3], [2, 2], [3, 1]],1431,439,1267,383
512309,5,94,5,[7, 12, 10, 2, 5, 8],[[1, 1], [2, 1], [1, 2], [1, 3], [2, 2], [3, 1]],1402,422,1288,409
512378,5,94,5,[7, 12, 10, 2, 5, 8],[[1, 1], [2, 1], [1, 2], [1, 3], [2, 2], [3, 1]],1444,408,1331,464
512442,5,94,5,[7, 12, 10, 2, 5, 8],[[1, 1], [2, 1], [1, 2], [1, 3], [2, 2], [3, 1]],1397,380,1356,486
512488,5,94,5,[7, 12, 10, 2, 5, 8],[[1, 1], [2, 1], [1, 2], [1, 3], [2, 2], [3, 1]],1395,418,1367,491
512538,5,94,5,[7, 12, 10, 2, 5, 8],[[1, 1], [2, 1], [1, 2], [1, 3], [2, 2], [3, 1]],1408,450,1459,490
512588,5,94,5,[7, 12, 10, 2, 5, 8],[[1, 1], [2, 1], [1, 2], [1, 3], [2, 2], [3, 1]],1397,475,1488,478
512638,5,94,5,[7, 12, 10, 2, 5, 8],[[1, 1], [2, 1], [1, 2], [1, 3], [2, 2], [3, 1]],1406,474,1480,464
512683,5,94,5,[7, 12, 10, 2, 5, 8],[[1, 1], [2, 1], [1, 2], [1, 3], [2, 2], [3, 1]],1431,498,1475,458
512733,5,94,5,[7, 12, 10, 2, 5, 8],[[1, 1], [2, 1], [1, 2], [1, 3], [2, 2], [3, 1]],1414,505,1461,439
512783,5,94,5,[7, 12, 10, 2, 5, 8],[[1, 1], [2, 1], [1, 2], [1, 3], [2, 2], [3, 1]],1411,486,1446,430
512841,5,94,5,[7, 12, 10, 2, 5, 8],[[1, 1], [2, 1], [1, 2], [1, 3], [2, 2], [3, 1]],1406,481,1427,429
512886,5,94,5,[7, 12, 10, 2, 5, 8],[[1, 1], [2, 1], [1, 2], [1, 3], [2, 2], [3, 1]],1392,482,1413,437
512932,5,94,5,[7, 12, 10, 2, 5, 8],[[1, 1], [2, 1], [1, 2], [1, 3], [2, 2], [3, 1]],1414,486,1404,454
512991,5,94,5,[7, 12, 10, 2, 5, 8],[[1, 1], [2, 1], [1, 2], [1, 3], [2, 2], [3, 1]],1405,487,1414,463
513035,5,94,5,[7, 12, 10, 2, 5, 8],[[1, 1], [2, 1], [1, 2], [1, 3], [2, 2], [3, 1]],1395,483,1418,469
513103,5,94,5,[7, 12, 10, 2, 5, 8],[[1, 1], [2, 1], [1, 2], [1, 3], [2, 2], [3, 1]],1388,493,1427,494
513172,5,94,5,[7, 12, 10, 2, 5, 8],[[1, 1], [2, 1], [1, 2], [1, 3], [2, 2], [3, 1]],1394,479,1434,503
513250,5,94,5,[7, 12, 10, 2, 5, 8],[[1, 1], [2, 1], [1, 2], [1, 3], [2, 2], [3, 1]],1376,507,1429,505
513309,5,94,5,[7, 12, 10, 2, 5, 8],[[1, 1], [2, 1], [1, 2], [1, 3], [2, 2], [3, 1]],1377,530,1399,507
513349,5,94,5,[7, 12, 10, 2, 5, 8],[[1, 1], [2, 1], [1, 2], [1, 3], [2, 2], [3, 1]],1357,524,1390,507
513398,5,94,5,[7, 12, 10, 2, 5, 8],[[1, 1], [2, 1], [1, 2], [1, 3], [2, 2], [3, 1]],1374,519,1379,503
513438,5,94,5,[7, 12, 10, 2, 5, 8],[[1, 1], [2, 1], [1, 2], [1, 3], [2, 2], [3, 1]],1366,548,1347,484
513484,5,94,5,[7, 12, 10, 2, 5, 8],[[1, 1], [2, 1], [1, 2], [1, 3], [2, 2], [3, 1]],1332,522,1331,466
513547,5,94,5,[7, 12, 10, 2, 5, 8],[[1, 1], [2, 1], [1, 2], [1, 3], [2, 2], [3, 1]],1317,536,1336,464
513606,5,94,5,[7, 12, 10, 2, 5, 8],[[1, 1], [2, 1], [1, 2], [1, 3], [2, 2], [3, 1]],1300,540,1364,455
513648,5,94,5,[7, 12, 10, 2, 5, 8],[[1, 1], [2, 1], [1, 2], [1, 3], [2, 2], [3, 1]],1297,542,1381,450
513734,5,94,5,[7, 12, 10, 2, 5, 8],[[1, 1], [2, 1], [1, 2], [1, 3], [2, 2], [3, 1]],1297,566,1386,442
513794,5,94,5,[7, 12, 10, 2, 5, 8],[[1, 1], [2, 1], [1, 2], [1, 3], [2, 2], [3, 1]],1296,530,1367,410
513855,5,94,5,[7, 12, 10, 2, 5, 8],[[1, 1], [2, 1], [1, 2], [1, 3], [2, 2], [3, 1]],1257,546,1353,416
513920,5,94,5,[7, 12, 10, 2, 5, 8],[[1, 1], [2, 1], [1, 2], [1, 3], [2, 2], [3, 1]],1237,541,1290,450
513986,5,94,5,[7, 12, 10, 2, 5, 8],[[1, 1], [2, 1], [1, 2], [1, 3], [2, 2], [3, 1]],1248,507,1288,463
514039,5,94,5,[7, 12, 10, 2, 5, 8],[[1, 1], [2, 1], [1, 2], [1, 3], [2, 2], [3, 1]],1244,491,1289,490
514097,5,94,5,[7, 12, 10, 2, 5, 8],[[1, 1], [2, 1], [1, 2], [1, 3], [2, 2], [3, 1]],1236,518,1298,514
514141,5,94,5,[7, 12, 10, 2, 5, 8],[[1, 1], [2, 1], [1, 2], [1, 3], [2, 2], [3, 1]],1232,524,1301,533
514190,5,94,5,[7, 12, 10, 2, 5, 8],[[1, 1], [2, 1], [1, 2], [1, 3], [2, 2], [3, 1]],1222,556,1287,554
514283,5,94,5,[7, 12, 10, 2, 5, 8],[[1, 1], [2, 1], [1, 2], [1, 3], [2, 2], [3, 1]],1168,559,1258,581
514327,5,94,5,[7, 12, 10, 2, 5, 8],[[1, 1], [2, 1], [1, 2], [1, 3], [2, 2], [3, 1]],1160,569,1229,571
514396,5,94,5,[7, 12, 10, 2, 5, 8],[[1, 1], [2, 1], [1, 2], [1, 3], [2, 2], [3, 1]],1160,578,1123,530
514447,5,94,5,[7, 12, 10, 2, 5, 8],[[1, 1], [2, 1], [1, 2], [1, 3], [2, 2], [3, 1]],1144,554,1106,535
514524,5,94,5,[7, 12, 10, 2, 5, 8],[[1, 1], [2, 1], [1, 2], [1, 3], [2, 2], [3, 1]],1153,565,1092,551
514589,5,94,5,[7, 12, 10, 2, 5, 8],[[1, 1], [2, 1], [1, 2], [1, 3], [2, 2], [3, 1]],1171,585,1064,557
514651,5,94,5,[7, 12, 10, 2, 5, 8],[[1, 1], [2, 1], [1, 2], [1, 3], [2, 2], [3, 1]],1189,576,1035,557
514708,5,94,5,[7, 12, 10, 2, 5, 8],[[1, 1], [2, 1], [1, 2], [1, 3], [2, 2], [3, 1]],1186,575,1018,561
514757,5,94,5,[7, 12, 10, 2, 5, 8],[[1, 1], [2, 1], [1, 2], [1, 3], [2, 2], [3, 1]],1208,582,1018,561
514804,5,95,138,[9, 6, 10, 2, 1, 4],[[2, 3], [3, 3], [3, 1], [3, 2], [1, 1], [2, 2]],1200,585,1022,564
514857,5,95,138,[9, 6, 10, 2, 1, 4],[[2, 3], [3, 3], [3, 1], [3, 2], [1, 1], [2, 2]],1215,612,1036,570
514902,5,95,138,[9, 6, 10, 2, 1, 4],[[2, 3], [3, 3], [3, 1], [3, 2], [1, 1], [2, 2]],1211,631,1070,580
514943,5,95,138,[9, 6, 10, 2, 1, 4],[[2, 3], [3, 3], [3, 1], [3, 2], [1, 1], [2, 2]],1184,627,1108,575
514986,5,95,138,[9, 6, 10, 2, 1, 4],[[2, 3], [3, 3], [3, 1], [3, 2], [1, 1], [2, 2]],1180,613,1170,552
515042,5,95,138,[9, 6, 10, 2, 1, 4],[[2, 3], [3, 3], [3, 1], [3, 2], [1, 1], [2, 2]],1185,635,1247,551
515101,5,95,138,[9, 6, 10, 2, 1, 4],[[2, 3], [3, 3], [3, 1], [3, 2], [1, 1], [2, 2]],1193,617,1247,553
515160,5,95,138,[9, 6, 10, 2, 1, 4],[[2, 3], [3, 3], [3, 1], [3, 2], [1, 1], [2, 2]],1190,645,1245,569
515235,5,95,138,[9, 6, 10, 2, 1, 4],[[2, 3], [3, 3], [3, 1], [3, 2], [1, 1], [2, 2]],1202,637,1260,595
515306,5,95,138,[9, 6, 10, 2, 1, 4],[[2, 3], [3, 3], [3, 1], [3, 2], [1, 1], [2, 2]],1213,646,1264,602
515372,5,95,138,[9, 6, 10, 2, 1, 4],[[2, 3], [3, 3], [3, 1], [3, 2], [1, 1], [2, 2]],1207,644,1240,636
515418,5,95,138,[9, 6, 10, 2, 1, 4],[[2, 3], [3, 3], [3, 1], [3, 2], [1, 1], [2, 2]],1225,617,1216,670
515468,5,95,138,[9, 6, 10, 2, 1, 4],[[2, 3], [3, 3], [3, 1], [3, 2], [1, 1], [2, 2]],1222,617,1200,695
515511,5,95,138,[9, 6, 10, 2, 1, 4],[[2, 3], [3, 3], [3, 1], [3, 2], [1, 1], [2, 2]],1216,600,1174,720
515557,5,95,138,[9, 6, 10, 2, 1, 4],[[2, 3], [3, 3], [3, 1], [3, 2], [1, 1], [2, 2]],1242,635,1138,741
515629,5,95,138,[9, 6, 10, 2, 1, 4],[[2, 3], [3, 3], [3, 1], [3, 2], [1, 1], [2, 2]],1241,639,1128,743
515675,5,95,138,[9, 6, 10, 2, 1, 4],[[2, 3], [3, 3], [3, 1], [3, 2], [1, 1], [2, 2]],1234,641,1128,743
515726,5,95,138,[9, 6, 10, 2, 1, 4],[[2, 3], [3, 3], [3, 1], [3, 2], [1, 1], [2, 2]],1237,618,1126,728
515770,5,95,138,[9, 6, 10, 2, 1, 4],[[2, 3], [3, 3], [3, 1], [3, 2], [1, 1], [2, 2]],1234,637,1168,675
515839,5,95,138,[9, 6, 10, 2, 1, 4],[[2, 3], [3, 3], [3, 1], [3, 2], [1, 1], [2, 2]],1234,604,1227,643
515887,5,95,138,[9, 6, 10, 2, 1, 4],[[2, 3], [3, 3], [3, 1], [3, 2], [1, 1], [2, 2]],1245,601,1255,644
515935,5,95,138,[9, 6, 10, 2, 1, 4],[[2, 3], [3, 3], [3, 1], [3, 2], [1, 1], [2, 2]],1233,579,1282,645
516021,5,95,138,[9, 6, 10, 2, 1, 4],[[2, 3], [3, 3], [3, 1], [3, 2], [1, 1], [2, 2]],1253,569,1295,650
516079,5,95,138,[9, 6, 10, 2, 1, 4],[[2, 3], [3, 3], [3, 1], [3, 2], [1, 1], [2, 2]],1262,590,1306,636
516143,5,95,138,[9, 6, 10, 2, 1, 4],[[2, 3], [3, 3], [3, 1], [3, 2], [1, 1], [2, 2]],1221,619,1307,601
516209,5,95,138,[9, 6, 10, 2, 1, 4],[[2, 3], [3, 3], [3, 1], [3, 2], [1, 1], [2, 2]],1212,607,1277,572
516274,5,95,138,[9, 6, 10, 2, 1, 4],[[2, 3], [3, 3], [3, 1], [3, 2], [1, 1], [2, 2]],1210,621,1253,564
516322,5,95,138,[9, 6, 10, 2, 1, 4],[[2, 3], [3, 3], [3, 1], [3, 2], [1, 1], [2, 2]],1193,618,1227,563
516372,5,95,138,[9, 6, 10, 2, 1, 4],[[2, 3], [3, 3], [3, 1], [3, 2], [1, 1], [2, 2]],1190,627,1212,577
516426,5,95,138,[9, 6, 10, 2, 1, 4],[[2, 3], [3, 3], [3, 1], [3, 2], [1, 1], [2, 2]],1199,622,1198,607
516500,5,95,138,[9, 6, 10, 2, 1, 4],[[2, 3], [3, 3], [3, 1], [3, 2], [1, 1], [2, 2]],1199,621,1165,641
516558,5,95,138,[9, 6, 10, 2, 1, 4],[[2, 3], [3, 3], [3, 1], [3, 2], [1, 1], [2, 2]],1217,625,1149,648
516623,5,95,138,[9, 6, 10, 2, 1, 4],[[2, 3], [3, 3], [3, 1], [3, 2], [1, 1], [2, 2]],1211,643,1142,662
516662,5,95,138,[9, 6, 10, 2, 1, 4],[[2, 3], [3, 3], [3, 1], [3, 2], [1, 1], [2, 2]],1209,672,1131,667
516716,5,95,138,[9, 6, 10, 2, 1, 4],[[2, 3], [3, 3], [3, 1], [3, 2], [1, 1], [2, 2]],1214,661,1126,677
516761,5,95,138,[9, 6, 10, 2, 1, 4],[[2, 3], [3, 3], [3, 1], [3, 2], [1, 1], [2, 2]],1232,643,1123,699
516825,5,95,138,[9, 6, 10, 2, 1, 4],[[2, 3], [3, 3], [3, 1], [3, 2], [1, 1], [2, 2]],1246,646,1125,705
516899,5,95,138,[9, 6, 10, 2, 1, 4],[[2, 3], [3, 3], [3, 1], [3, 2], [1, 1], [2, 2]],1225,623,1125,705
516952,5,95,138,[9, 6, 10, 2, 1, 4],[[2, 3], [3, 3], [3, 1], [3, 2], [1, 1], [2, 2]],1239,602,1113,700
517005,5,95,138,[9, 6, 10, 2, 1, 4],[[2, 3], [3, 3], [3, 1], [3, 2], [1, 1], [2, 2]],1235,611,1111,690
517058,5,95,138,[9, 6, 10, 2, 1, 4],[[2, 3], [3, 3], [3, 1], [3, 2], [1, 1], [2, 2]],1230,623,1149,679
517110,5,95,138,[9, 6, 10, 2, 1, 4],[[2, 3], [3, 3], [3, 1], [3, 2], [1, 1], [2, 2]],1224,603,1198,662
517163,5,95,138,[9, 6, 10, 2, 1, 4],[[2, 3], [3, 3], [3, 1], [3, 2], [1, 1], [2, 2]],1231,626,1232,660
517222,5,95,138,[9, 6, 10, 2, 1, 4],[[2, 3], [3, 3], [3, 1], [3, 2], [1, 1], [2, 2]],1225,643,1258,652
517275,5,95,138,[9, 6, 10, 2, 1, 4],[[2, 3], [3, 3], [3, 1], [3, 2], [1, 1], [2, 2]],1223,650,1282,640
517337,5,95,138,[9, 6, 10, 2, 1, 4],[[2, 3], [3, 3], [3, 1], [3, 2], [1, 1], [2, 2]],1225,651,1289,631
517414,5,95,138,[9, 6, 10, 2, 1, 4],[[2, 3], [3, 3], [3, 1], [3, 2], [1, 1], [2, 2]],1216,634,1308,614
517495,5,95,138,[9, 6, 10, 2, 1, 4],[[2, 3], [3, 3], [3, 1], [3, 2], [1, 1], [2, 2]],1233,630,1295,600
517561,5,95,138,[9, 6, 10, 2, 1, 4],[[2, 3], [3, 3], [3, 1], [3, 2], [1, 1], [2, 2]],1226,628,1212,577
517610,5,95,138,[9, 6, 10, 2, 1, 4],[[2, 3], [3, 3], [3, 1], [3, 2], [1, 1], [2, 2]],1200,606,1174,577
517662,5,95,138,[9, 6, 10, 2, 1, 4],[[2, 3], [3, 3], [3, 1], [3, 2], [1, 1], [2, 2]],1184,626,1163,587
517716,5,95,138,[9, 6, 10, 2, 1, 4],[[2, 3], [3, 3], [3, 1], [3, 2], [1, 1], [2, 2]],1140,635,1155,607
517771,5,95,138,[9, 6, 10, 2, 1, 4],[[2, 3], [3, 3], [3, 1], [3, 2], [1, 1], [2, 2]],1148,622,1155,621
517838,5,95,138,[9, 6, 10, 2, 1, 4],[[2, 3], [3, 3], [3, 1], [3, 2], [1, 1], [2, 2]],1148,630,1170,650
517898,5,95,138,[9, 6, 10, 2, 1, 4],[[2, 3], [3, 3], [3, 1], [3, 2], [1, 1], [2, 2]],1145,648,1189,674
517971,5,95,138,[9, 6, 10, 2, 1, 4],[[2, 3], [3, 3], [3, 1], [3, 2], [1, 1], [2, 2]],1165,651,1190,679
518050,5,95,138,[9, 6, 10, 2, 1, 4],[[2, 3], [3, 3], [3, 1], [3, 2], [1, 1], [2, 2]],1160,632,1174,685
518120,5,95,138,[9, 6, 10, 2, 1, 4],[[2, 3], [3, 3], [3, 1], [3, 2], [1, 1], [2, 2]],1153,651,1140,686
518162,5,95,138,[9, 6, 10, 2, 1, 4],[[2, 3], [3, 3], [3, 1], [3, 2], [1, 1], [2, 2]],1142,651,1123,686
518217,5,95,138,[9, 6, 10, 2, 1, 4],[[2, 3], [3, 3], [3, 1], [3, 2], [1, 1], [2, 2]],1132,632,1119,686
518261,5,95,138,[9, 6, 10, 2, 1, 4],[[2, 3], [3, 3], [3, 1], [3, 2], [1, 1], [2, 2]],1127,642,1119,686
518329,5,95,138,[9, 6, 10, 2, 1, 4],[[2, 3], [3, 3], [3, 1], [3, 2], [1, 1], [2, 2]],1157,632,1119,686
518385,5,95,138,[9, 6, 10, 2, 1, 4],[[2, 3], [3, 3], [3, 1], [3, 2], [1, 1], [2, 2]],1174,619,1119,688
518427,5,95,138,[9, 6, 10, 2, 1, 4],[[2, 3], [3, 3], [3, 1], [3, 2], [1, 1], [2, 2]],1181,638,1124,689
518494,5,95,138,[9, 6, 10, 2, 1, 4],[[2, 3], [3, 3], [3, 1], [3, 2], [1, 1], [2, 2]],1167,612,1125,690
518564,5,95,138,[9, 6, 10, 2, 1, 4],[[2, 3], [3, 3], [3, 1], [3, 2], [1, 1], [2, 2]],1158,630,1100,661
518618,5,95,138,[9, 6, 10, 2, 1, 4],[[2, 3], [3, 3], [3, 1], [3, 2], [1, 1], [2, 2]],1162,623,1084,638
518681,5,95,138,[9, 6, 10, 2, 1, 4],[[2, 3], [3, 3], [3, 1], [3, 2], [1, 1], [2, 2]],1155,654,1117,604
518738,5,95,138,[9, 6, 10, 2, 1, 4],[[2, 3], [3, 3], [3, 1], [3, 2], [1, 1], [2, 2]],1167,654,1136,608
518782,5,95,138,[9, 6, 10, 2, 1, 4],[[2, 3], [3, 3], [3, 1], [3, 2], [1, 1], [2, 2]],1157,653,1147,611
518832,5,95,138,[9, 6, 10, 2, 1, 4],[[2, 3], [3, 3], [3, 1], [3, 2], [1, 1], [2, 2]],1163,658,1159,609
518891,5,96,83,[7, 12, 11, 3, 1, 4],[[1, 3], [2, 3], [1, 1], [1, 2], [2, 2], [3, 3]],1186,675,1213,566
518942,5,96,83,[7, 12, 11, 3, 1, 4],[[1, 3], [2, 3], [1, 1], [1, 2], [2, 2], [3, 3]],1160,661,1216,533
519000,5,96,83,[7, 12, 11, 3, 1, 4],[[1, 3], [2, 3], [1, 1], [1, 2], [2, 2], [3, 3]],1151,664,1163,485
519044,5,96,83,[7, 12, 11, 3, 1, 4],[[1, 3], [2, 3], [1, 1], [1, 2], [2, 2], [3, 3]],1163,687,1151,481
519107,5,96,83,[7, 12, 11, 3, 1, 4],[[1, 3], [2, 3], [1, 1], [1, 2], [2, 2], [3, 3]],1177,700,1118,496
519153,5,96,83,[7, 12, 11, 3, 1, 4],[[1, 3], [2, 3], [1, 1], [1, 2], [2, 2], [3, 3]],1179,696,1092,527
519220,5,96,83,[7, 12, 11, 3, 1, 4],[[1, 3], [2, 3], [1, 1], [1, 2], [2, 2], [3, 3]],1189,719,1104,575
519281,5,96,83,[7, 12, 11, 3, 1, 4],[[1, 3], [2, 3], [1, 1], [1, 2], [2, 2], [3, 3]],1214,698,1164,626
519355,5,96,83,[7, 12, 11, 3, 1, 4],[[1, 3], [2, 3], [1, 1], [1, 2], [2, 2], [3, 3]],1198,714,1183,668
519391,5,96,83,[7, 12, 11, 3, 1, 4],[[1, 3], [2, 3], [1, 1], [1, 2], [2, 2], [3, 3]],1204,700,1172,705
519457,5,96,83,[7, 12, 11, 3, 1, 4],[[1, 3], [2, 3], [1, 1], [1, 2], [2, 2], [3, 3]],1185,718,1146,785
519506,5,96,83,[7, 12, 11, 3, 1, 4],[[1, 3], [2, 3], [1, 1], [1, 2], [2, 2], [3, 3]],1208,735,1145,805
519569,5,96,83,[7, 12, 11, 3, 1, 4],[[1, 3], [2, 3], [1, 1], [1, 2], [2, 2], [3, 3]],1226,738,1169,848
519641,5,96,83,[7, 12, 11, 3, 1, 4],[[1, 3], [2, 3], [1, 1], [1, 2], [2, 2], [3, 3]],1244,731,1188,844
519717,5,96,83,[7, 12, 11, 3, 1, 4],[[1, 3], [2, 3], [1, 1], [1, 2], [2, 2], [3, 3]],1254,734,1206,826
519765,5,96,83,[7, 12, 11, 3, 1, 4],[[1, 3], [2, 3], [1, 1], [1, 2], [2, 2], [3, 3]],1245,724,1206,793
519838,5,96,83,[7, 12, 11, 3, 1, 4],[[1, 3], [2, 3], [1, 1], [1, 2], [2, 2], [3, 3]],1214,732,1206,753
519892,5,96,83,[7, 12, 11, 3, 1, 4],[[1, 3], [2, 3], [1, 1], [1, 2], [2, 2], [3, 3]],1233,732,1199,707
519984,5,96,83,[7, 12, 11, 3, 1, 4],[[1, 3], [2, 3], [1, 1], [1, 2], [2, 2], [3, 3]],1240,754,1202,672
520059,5,96,83,[7, 12, 11, 3, 1, 4],[[1, 3], [2, 3], [1, 1], [1, 2], [2, 2], [3, 3]],1228,772,1276,612
520111,5,96,83,[7, 12, 11, 3, 1, 4],[[1, 3], [2, 3], [1, 1], [1, 2], [2, 2], [3, 3]],1265,768,1284,608
520192,5,96,83,[7, 12, 11, 3, 1, 4],[[1, 3], [2, 3], [1, 1], [1, 2], [2, 2], [3, 3]],1273,756,1298,616
520242,5,96,83,[7, 12, 11, 3, 1, 4],[[1, 3], [2, 3], [1, 1], [1, 2], [2, 2], [3, 3]],1285,781,1311,633
520305,5,96,83,[7, 12, 11, 3, 1, 4],[[1, 3], [2, 3], [1, 1], [1, 2], [2, 2], [3, 3]],1295,752,1313,636
520359,5,96,83,[7, 12, 11, 3, 1, 4],[[1, 3], [2, 3], [1, 1], [1, 2], [2, 2], [3, 3]],1304,737,1309,639
520453,5,96,83,[7, 12, 11, 3, 1, 4],[[1, 3], [2, 3], [1, 1], [1, 2], [2, 2], [3, 3]],1289,767,1278,650
520505,5,96,83,[7, 12, 11, 3, 1, 4],[[1, 3], [2, 3], [1, 1], [1, 2], [2, 2], [3, 3]],1246,777,1255,674
520575,5,96,83,[7, 12, 11, 3, 1, 4],[[1, 3], [2, 3], [1, 1], [1, 2], [2, 2], [3, 3]],1259,774,1241,696
520630,5,96,83,[7, 12, 11, 3, 1, 4],[[1, 3], [2, 3], [1, 1], [1, 2], [2, 2], [3, 3]],1274,755,1237,700
520693,5,96,83,[7, 12, 11, 3, 1, 4],[[1, 3], [2, 3], [1, 1], [1, 2], [2, 2], [3, 3]],1274,761,1231,707
520738,5,96,83,[7, 12, 11, 3, 1, 4],[[1, 3], [2, 3], [1, 1], [1, 2], [2, 2], [3, 3]],1287,745,1226,712
520789,5,96,83,[7, 12, 11, 3, 1, 4],[[1, 3], [2, 3], [1, 1], [1, 2], [2, 2], [3, 3]],1293,749,1226,712
520844,5,96,83,[7, 12, 11, 3, 1, 4],[[1, 3], [2, 3], [1, 1], [1, 2], [2, 2], [3, 3]],1308,729,1225,719
520902,5,96,83,[7, 12, 11, 3, 1, 4],[[1, 3], [2, 3], [1, 1], [1, 2], [2, 2], [3, 3]],1303,732,1220,729
520958,5,96,83,[7, 12, 11, 3, 1, 4],[[1, 3], [2, 3], [1, 1], [1, 2], [2, 2], [3, 3]],1327,721,1216,739
521006,5,96,83,[7, 12, 11, 3, 1, 4],[[1, 3], [2, 3], [1, 1], [1, 2], [2, 2], [3, 3]],1365,745,1214,740
521060,5,96,83,[7, 12, 11, 3, 1, 4],[[1, 3], [2, 3], [1, 1], [1, 2], [2, 2], [3, 3]],1381,784,1214,740
521114,5,96,83,[7, 12, 11, 3, 1, 4],[[1, 3], [2, 3], [1, 1], [1, 2], [2, 2], [3, 3]],1347,788,1214,740
521178,5,96,83,[7, 12, 11, 3, 1, 4],[[1, 3], [2, 3], [1, 1], [1, 2], [2, 2], [3, 3]],1377,755,1231,717
521232,5,96,83,[7, 12, 11, 3, 1, 4],[[1, 3], [2, 3], [1, 1], [1, 2], [2, 2], [3, 3]],1392,776,1248,699
521298,5,96,83,[7, 12, 11, 3, 1, 4],[[1, 3], [2, 3], [1, 1], [1, 2], [2, 2], [3, 3]],1382,774,1252,695
521380,5,96,83,[7, 12, 11, 3, 1, 4],[[1, 3], [2, 3], [1, 1], [1, 2], [2, 2], [3, 3]],1382,793,1285,716
521430,5,96,83,[7, 12, 11, 3, 1, 4],[[1, 3], [2, 3], [1, 1], [1, 2], [2, 2], [3, 3]],1423,796,1318,731
521482,5,96,83,[7, 12, 11, 3, 1, 4],[[1, 3], [2, 3], [1, 1], [1, 2], [2, 2], [3, 3]],1439,795,1345,745
521540,5,96,83,[7, 12, 11, 3, 1, 4],[[1, 3], [2, 3], [1, 1], [1, 2], [2, 2], [3, 3]],1413,789,1360,754
521608,5,96,83,[7, 12, 11, 3, 1, 4],[[1, 3], [2, 3], [1, 1], [1, 2], [2, 2], [3, 3]],1432,787,1383,774
521672,5,96,83,[7, 12, 11, 3, 1, 4],[[1, 3], [2, 3], [1, 1], [1, 2], [2, 2], [3, 3]],1430,785,1400,800
521716,5,96,83,[7, 12, 11, 3, 1, 4],[[1, 3], [2, 3], [1, 1], [1, 2], [2, 2], [3, 3]],1424,786,1403,812
521786,5,96,83,[7, 12, 11, 3, 1, 4],[[1, 3], [2, 3], [1, 1], [1, 2], [2, 2], [3, 3]],1420,775,1377,833
521852,5,96,83,[7, 12, 11, 3, 1, 4],[[1, 3], [2, 3], [1, 1], [1, 2], [2, 2], [3, 3]],1412,766,1348,839
521898,5,96,83,[7, 12, 11, 3, 1, 4],[[1, 3], [2, 3], [1, 1], [1, 2], [2, 2], [3, 3]],1416,746,1337,839
521987,5,96,83,[7, 12, 11, 3, 1, 4],[[1, 3], [2, 3], [1, 1], [1, 2], [2, 2], [3, 3]],1385,730,1333,837
522024,5,96,83,[7, 12, 11, 3, 1, 4],[[1, 3], [2, 3], [1, 1], [1, 2], [2, 2], [3, 3]],1385,751,1331,835
522066,5,96,83,[7, 12, 11, 3, 1, 4],[[1, 3], [2, 3], [1, 1], [1, 2], [2, 2], [3, 3]],1360,746,1328,832
522138,5,96,83,[7, 12, 11, 3, 1, 4],[[1, 3], [2, 3], [1, 1], [1, 2], [2, 2], [3, 3]],1350,771,1320,827
522181,5,96,83,[7, 12, 11, 3, 1, 4],[[1, 3], [2, 3], [1, 1], [1, 2], [2, 2], [3, 3]],1355,761,1316,826
522247,5,96,83,[7, 12, 11, 3, 1, 4],[[1, 3], [2, 3], [1, 1], [1, 2], [2, 2], [3, 3]],1335,753,1307,824
522302,5,96,83,[7, 12, 11, 3, 1, 4],[[1, 3], [2, 3], [1, 1], [1, 2], [2, 2], [3, 3]],1336,759,1304,820
522351,5,96,83,[7, 12, 11, 3, 1, 4],[[1, 3], [2, 3], [1, 1], [1, 2], [2, 2], [3, 3]],1313,763,1294,805
522415,5,96,83,[7, 12, 11, 3, 1, 4],[[1, 3], [2, 3], [1, 1], [1, 2], [2, 2], [3, 3]],1300,778,1288,802
522460,5,96,83,[7, 12, 11, 3, 1, 4],[[1, 3], [2, 3], [1, 1], [1, 2], [2, 2], [3, 3]],1311,769,1283,800
522524,5,96,83,[7, 12, 11, 3, 1, 4],[[1, 3], [2, 3], [1, 1], [1, 2], [2, 2], [3, 3]],1316,754,1283,800
522581,5,96,83,[7, 12, 11, 3, 1, 4],[[1, 3], [2, 3], [1, 1], [1, 2], [2, 2], [3, 3]],1313,732,1283,800
522642,5,96,83,[7, 12, 11, 3, 1, 4],[[1, 3], [2, 3], [1, 1], [1, 2], [2, 2], [3, 3]],1322,737,1283,800
522688,5,96,83,[7, 12, 11, 3, 1, 4],[[1, 3], [2, 3], [1, 1], [1, 2], [2, 2], [3, 3]],1329,745,1283,800
522755,5,96,83,[7, 12, 11, 3, 1, 4],[[1, 3], [2, 3], [1, 1], [1, 2], [2, 2], [3, 3]],1322,734,1281,799
522804,5,96,83,[7, 12, 11, 3, 1, 4],[[1, 3], [2, 3], [1, 1], [1, 2], [2, 2], [3, 3]],1343,729,1276,795
522857,5,96,83,[7, 12, 11, 3, 1, 4],[[1, 3], [2, 3], [1, 1], [1, 2], [2, 2], [3, 3]],1372,753,1276,794
522927,5,97,118,[9, 6, 10, 2, 5, 8],[[2, 3], [3, 3], [1, 1], [1, 2], [1, 3], [2, 2]],1361,754,1279,773
522980,5,97,118,[9, 6, 10, 2, 5, 8],[[2, 3], [3, 3], [1, 1], [1, 2], [1, 3], [2, 2]],1374,775,1291,742
523033,5,97,118,[9, 6, 10, 2, 5, 8],[[2, 3], [3, 3], [1, 1], [1, 2], [1, 3], [2, 2]],1357,802,1293,739
523088,5,97,118,[9, 6, 10, 2, 5, 8],[[2, 3], [3, 3], [1, 1], [1, 2], [1, 3], [2, 2]],1344,783,1302,731
523152,5,97,118,[9, 6, 10, 2, 5, 8],[[2, 3], [3, 3], [1, 1], [1, 2], [1, 3], [2, 2]],1352,775,1305,730
523202,5,97,118,[9, 6, 10, 2, 5, 8],[[2, 3], [3, 3], [1, 1], [1, 2], [1, 3], [2, 2]],1368,777,1305,728
523266,5,97,118,[9, 6, 10, 2, 5, 8],[[2, 3], [3, 3], [1, 1], [1, 2], [1, 3], [2, 2]],1373,773,1302,715
523330,5,97,118,[9, 6, 10, 2, 5, 8],[[2, 3], [3, 3], [1, 1], [1, 2], [1, 3], [2, 2]],1366,766,1299,712
523389,5,97,118,[9, 6, 10, 2, 5, 8],[[2, 3], [3, 3], [1, 1], [1, 2], [1, 3], [2, 2]],1375,759,1294,712
523448,5,97,118,[9, 6, 10, 2, 5, 8],[[2, 3], [3, 3], [1, 1], [1, 2], [1, 3], [2, 2]],1421,780,1292,712
523515,5,97,118,[9, 6, 10, 2, 5, 8],[[2, 3], [3, 3], [1, 1], [1, 2], [1, 3], [2, 2]],1422,794,1300,718
523563,5,97,118,[9, 6, 10, 2, 5, 8],[[2, 3], [3, 3], [1, 1], [1, 2], [1, 3], [2, 2]],1440,799,1319,722
523643,5,97,118,[9, 6, 10, 2, 5, 8],[[2, 3], [3, 3], [1, 1], [1, 2], [1, 3], [2, 2]],1393,811,1340,692
523702,5,97,118,[9, 6, 10, 2, 5, 8],[[2, 3], [3, 3], [1, 1], [1, 2], [1, 3], [2, 2]],1358,800,1340,657
523766,5,97,118,[9, 6, 10, 2, 5, 8],[[2, 3], [3, 3], [1, 1], [1, 2], [1, 3], [2, 2]],1363,798,1322,641
523872,5,97,118,[9, 6, 10, 2, 5, 8],[[2, 3], [3, 3], [1, 1], [1, 2], [1, 3], [2, 2]],1372,801,1275,647
523929,5,97,118,[9, 6, 10, 2, 5, 8],[[2, 3], [3, 3], [1, 1], [1, 2], [1, 3], [2, 2]],1380,815,1268,661
523983,5,97,118,[9, 6, 10, 2, 5, 8],[[2, 3], [3, 3], [1, 1], [1, 2], [1, 3], [2, 2]],1372,794,1287,681
524034,5,97,118,[9, 6, 10, 2, 5, 8],[[2, 3], [3, 3], [1, 1], [1, 2], [1, 3], [2, 2]],1390,780,1310,703
524097,5,97,118,[9, 6, 10, 2, 5, 8],[[2, 3], [3, 3], [1, 1], [1, 2], [1, 3], [2, 2]],1370,749,1317,727
524153,5,97,118,[9, 6, 10, 2, 5, 8],[[2, 3], [3, 3], [1, 1], [1, 2], [1, 3], [2, 2]],1369,771,1319,754
524210,5,97,118,[9, 6, 10, 2, 5, 8],[[2, 3], [3, 3], [1, 1], [1, 2], [1, 3], [2, 2]],1388,757,1311,787
524258,5,97,118,[9, 6, 10, 2, 5, 8],[[2, 3], [3, 3], [1, 1], [1, 2], [1, 3], [2, 2]],1388,733,1310,808
524314,5,97,118,[9, 6, 10, 2, 5, 8],[[2, 3], [3, 3], [1, 1], [1, 2], [1, 3], [2, 2]],1379,747,1320,814
524371,5,97,118,[9, 6, 10, 2, 5, 8],[[2, 3], [3, 3], [1, 1], [1, 2], [1, 3], [2, 2]],1370,770,1330,818
524421,5,97,118,[9, 6, 10, 2, 5, 8],[[2, 3], [3, 3], [1, 1], [1, 2], [1, 3], [2, 2]],1339,774,1341,818
524479,5,97,118,[9, 6, 10, 2, 5, 8],[[2, 3], [3, 3], [1, 1], [1, 2], [1, 3], [2, 2]],1365,766,1341,818
524548,5,97,118,[9, 6, 10, 2, 5, 8],[[2, 3], [3, 3], [1, 1], [1, 2], [1, 3], [2, 2]],1373,770,1341,818
524625,5,97,118,[9, 6, 10, 2, 5, 8],[[2, 3], [3, 3], [1, 1], [1, 2], [1, 3], [2, 2]],1394,784,1341,818
524688,5,97,118,[9, 6, 10, 2, 5, 8],[[2, 3], [3, 3], [1, 1], [1, 2], [1, 3], [2, 2]],1397,811,1341,818
524733,5,97,118,[9, 6, 10, 2, 5, 8],[[2, 3], [3, 3], [1, 1], [1, 2], [1, 3], [2, 2]],1400,814,1336,816
524795,5,97,118,[9, 6, 10, 2, 5, 8],[[2, 3], [3, 3], [1, 1], [1, 2], [1, 3], [2, 2]],1392,835,1326,811
524846,5,97,118,[9, 6, 10, 2, 5, 8],[[2, 3], [3, 3], [1, 1], [1, 2], [1, 3], [2, 2]],1414,835,1316,807
524885,5,97,118,[9, 6, 10, 2, 5, 8],[[2, 3], [3, 3], [1, 1], [1, 2], [1, 3], [2, 2]],1425,861,1309,804
524934,5,97,118,[9, 6, 10, 2, 5, 8],[[2, 3], [3, 3], [1, 1], [1, 2], [1, 3], [2, 2]],1419,852,1305,797
524978,5,97,118,[9, 6, 10, 2, 5, 8],[[2, 3], [3, 3], [1, 1], [1, 2], [1, 3], [2, 2]],1449,861,1308,778
525020,5,97,118,[9, 6, 10, 2, 5, 8],[[2, 3], [3, 3], [1, 1], [1, 2], [1, 3], [2, 2]],1419,868,1323,769
525079,5,97,118,[9, 6, 10, 2, 5, 8],[[2, 3], [3, 3], [1, 1], [1, 2], [1, 3], [2, 2]],1399,880,1339,770
525126,5,97,118,[9, 6, 10, 2, 5, 8],[[2, 3], [3, 3], [1, 1], [1, 2], [1, 3], [2, 2]],1393,880,1346,777
525166,5,97,118,[9, 6, 10, 2, 5, 8],[[2, 3], [3, 3], [1, 1], [1, 2], [1, 3], [2, 2]],1389,904,1347,781
525208,5,97,118,[9, 6, 10, 2, 5, 8],[[2, 3], [3, 3], [1, 1], [1, 2], [1, 3], [2, 2]],1389,884,1344,784
525276,5,97,118,[9, 6, 10, 2, 5, 8],[[2, 3], [3, 3], [1, 1], [1, 2], [1, 3], [2, 2]],1394,867,1344,784
525321,5,97,118,[9, 6, 10, 2, 5, 8],[[2, 3], [3, 3], [1, 1], [1, 2], [1, 3], [2, 2]],1386,862,1344,784
525367,5,97,118,[9, 6, 10, 2, 5, 8],[[2, 3], [3, 3], [1, 1], [1, 2], [1, 3], [2, 2]],1385,883,1357,788
525413,5,97,118,[9, 6, 10, 2, 5, 8],[[2, 3], [3, 3], [1, 1], [1, 2], [1, 3], [2, 2]],1390,888,1365,794
525485,5,97,118,[9, 6, 10, 2, 5, 8],[[2, 3], [3, 3], [1, 1], [1, 2], [1, 3], [2, 2]],1410,885,1361,823
525533,5,97,118,[9, 6, 10, 2, 5, 8],[[2, 3], [3, 3], [1, 1], [1, 2], [1, 3], [2, 2]],1399,877,1353,829
525580,5,97,118,[9, 6, 10, 2, 5, 8],[[2, 3], [3, 3], [1, 1], [1, 2], [1, 3], [2, 2]],1373,870,1349,830
525624,5,97,118,[9, 6, 10, 2, 5, 8],[[2, 3], [3, 3], [1, 1], [1, 2], [1, 3], [2, 2]],1382,857,1343,830
525696,5,97,118,[9, 6, 10, 2, 5, 8],[[2, 3], [3, 3], [1, 1], [1, 2], [1, 3], [2, 2]],1394,861,1339,830
525750,5,97,118,[9, 6, 10, 2, 5, 8],[[2, 3], [3, 3], [1, 1], [1, 2], [1, 3], [2, 2]],1416,886,1337,832
525820,5,97,118,[9, 6, 10, 2, 5, 8],[[2, 3], [3, 3], [1, 1], [1, 2], [1, 3], [2, 2]],1416,860,1333,834
525872,5,97,118,[9, 6, 10, 2, 5, 8],[[2, 3], [3, 3], [1, 1], [1, 2], [1, 3], [2, 2]],1389,877,1330,835
525955,5,97,118,[9, 6, 10, 2, 5, 8],[[2, 3], [3, 3], [1, 1], [1, 2], [1, 3], [2, 2]],1383,868,1330,835
526023,5,97,118,[9, 6, 10, 2, 5, 8],[[2, 3], [3, 3], [1, 1], [1, 2], [1, 3], [2, 2]],1368,880,1330,835
526068,5,97,118,[9, 6, 10, 2, 5, 8],[[2, 3], [3, 3], [1, 1], [1, 2], [1, 3], [2, 2]],1371,903,1330,835
526141,5,97,118,[9, 6, 10, 2, 5, 8],[[2, 3], [3, 3], [1, 1], [1, 2], [1, 3], [2, 2]],1373,904,1331,820
526224,5,97,118,[9, 6, 10, 2, 5, 8],[[2, 3], [3, 3], [1, 1], [1, 2], [1, 3], [2, 2]],1399,895,1328,767
526285,5,97,118,[9, 6, 10, 2, 5, 8],[[2, 3], [3, 3], [1, 1], [1, 2], [1, 3], [2, 2]],1391,894,1329,760
526346,5,97,118,[9, 6, 10, 2, 5, 8],[[2, 3], [3, 3], [1, 1], [1, 2], [1, 3], [2, 2]],1413,879,1328,760
526418,5,97,118,[9, 6, 10, 2, 5, 8],[[2, 3], [3, 3], [1, 1], [1, 2], [1, 3], [2, 2]],1445,872,1289,761
526454,5,97,118,[9, 6, 10, 2, 5, 8],[[2, 3], [3, 3], [1, 1], [1, 2], [1, 3], [2, 2]],1421,886,1288,761
526510,5,97,118,[9, 6, 10, 2, 5, 8],[[2, 3], [3, 3], [1, 1], [1, 2], [1, 3], [2, 2]],1435,886,1295,762
526573,5,97,118,[9, 6, 10, 2, 5, 8],[[2, 3], [3, 3], [1, 1], [1, 2], [1, 3], [2, 2]],1413,902,1334,783
526639,5,97,118,[9, 6, 10, 2, 5, 8],[[2, 3], [3, 3], [1, 1], [1, 2], [1, 3], [2, 2]],1399,891,1364,816
526702,5,97,118,[9, 6, 10, 2, 5, 8],[[2, 3], [3, 3], [1, 1], [1, 2], [1, 3], [2, 2]],1379,895,1360,831
526769,5,97,118,[9, 6, 10, 2, 5, 8],[[2, 3], [3, 3], [1, 1], [1, 2], [1, 3], [2, 2]],1377,921,1347,847
526832,5,97,118,[9, 6, 10, 2, 5, 8],[[2, 3], [3, 3], [1, 1], [1, 2], [1, 3], [2, 2]],1390,944,1347,847
526890,5,97,118,[9, 6, 10, 2, 5, 8],[[2, 3], [3, 3], [1, 1], [1, 2], [1, 3], [2, 2]],1396,953,1359,860
526943,5,97,118,[9, 6, 10, 2, 5, 8],[[2, 3], [3, 3], [1, 1], [1, 2], [1, 3], [2, 2]],1378,941,1364,867
526995,5,98,114,[9, 6, 10, 2, 1, 4],[[2, 3], [3, 3], [1, 1], [1, 2], [2, 1], [3, 2]],1388,951,1371,885
527049,5,98,114,[9, 6, 10, 2, 1, 4],[[2, 3], [3, 3], [1, 1], [1, 2], [2, 1], [3, 2]],1387,967,1373,895
527112,5,98,114,[9, 6, 10, 2, 1, 4],[[2, 3], [3, 3], [1, 1], [1, 2], [2, 1], [3, 2]],1372,947,1373,901
527165,5,98,114,[9, 6, 10, 2, 1, 4],[[2, 3], [3, 3], [1, 1], [1, 2], [2, 1], [3, 2]],1361,961,1375,901
527217,5,98,114,[9, 6, 10, 2, 1, 4],[[2, 3], [3, 3], [1, 1], [1, 2], [2, 1], [3, 2]],1369,971,1403,899
527270,5,98,114,[9, 6, 10, 2, 1, 4],[[2, 3], [3, 3], [1, 1], [1, 2], [2, 1], [3, 2]],1401,968,1405,899
527327,5,98,114,[9, 6, 10, 2, 1, 4],[[2, 3], [3, 3], [1, 1], [1, 2], [2, 1], [3, 2]],1373,964,1405,903
527397,5,98,114,[9, 6, 10, 2, 1, 4],[[2, 3], [3, 3], [1, 1], [1, 2], [2, 1], [3, 2]],1373,942,1391,920
527438,5,98,114,[9, 6, 10, 2, 1, 4],[[2, 3], [3, 3], [1, 1], [1, 2], [2, 1], [3, 2]],1366,943,1368,928
527491,5,98,114,[9, 6, 10, 2, 1, 4],[[2, 3], [3, 3], [1, 1], [1, 2], [2, 1], [3, 2]],1342,912,1345,929
527562,5,98,114,[9, 6, 10, 2, 1, 4],[[2, 3], [3, 3], [1, 1], [1, 2], [2, 1], [3, 2]],1324,930,1339,926
527631,5,98,114,[9, 6, 10, 2, 1, 4],[[2, 3], [3, 3], [1, 1], [1, 2], [2, 1], [3, 2]],1308,949,1339,926
527692,5,98,114,[9, 6, 10, 2, 1, 4],[[2, 3], [3, 3], [1, 1], [1, 2], [2, 1], [3, 2]],1323,970,1343,933
527748,5,98,114,[9, 6, 10, 2, 1, 4],[[2, 3], [3, 3], [1, 1], [1, 2], [2, 1], [3, 2]],1336,996,1347,939
527811,5,98,114,[9, 6, 10, 2, 1, 4],[[2, 3], [3, 3], [1, 1], [1, 2], [2, 1], [3, 2]],1337,993,1347,939
527863,5,98,114,[9, 6, 10, 2, 1, 4],[[2, 3], [3, 3], [1, 1], [1, 2], [2, 1], [3, 2]],1343,994,1343,940
527915,5,98,114,[9, 6, 10, 2, 1, 4],[[2, 3], [3, 3], [1, 1], [1, 2], [2, 1], [3, 2]],1350,997,1327,941
527984,5,98,114,[9, 6, 10, 2, 1, 4],[[2, 3], [3, 3], [1, 1], [1, 2], [2, 1], [3, 2]],1340,982,1273,909
528045,5,98,114,[9, 6, 10, 2, 1, 4],[[2, 3], [3, 3], [1, 1], [1, 2], [2, 1], [3, 2]],1350,983,1265,899
528142,5,98,114,[9, 6, 10, 2, 1, 4],[[2, 3], [3, 3], [1, 1], [1, 2], [2, 1], [3, 2]],1332,1010,1282,913
528181,5,98,114,[9, 6, 10, 2, 1, 4],[[2, 3], [3, 3], [1, 1], [1, 2], [2, 1], [3, 2]],1309,993,1292,935
528221,5,98,114,[9, 6, 10, 2, 1, 4],[[2, 3], [3, 3], [1, 1], [1, 2], [2, 1], [3, 2]],1314,1005,1292,953
528266,5,98,114,[9, 6, 10, 2, 1, 4],[[2, 3], [3, 3], [1, 1], [1, 2], [2, 1], [3, 2]],1318,1010,1286,971
528334,5,98,114,[9, 6, 10, 2, 1, 4],[[2, 3], [3, 3], [1, 1], [1, 2], [2, 1], [3, 2]],1298,1014,1283,986
528386,5,98,114,[9, 6, 10, 2, 1, 4],[[2, 3], [3, 3], [1, 1], [1, 2], [2, 1], [3, 2]],1281,1012,1283,998
528429,5,98,114,[9, 6, 10, 2, 1, 4],[[2, 3], [3, 3], [1, 1], [1, 2], [2, 1], [3, 2]],1297,1004,1289,1016
528497,5,98,114,[9, 6, 10, 2, 1, 4],[[2, 3], [3, 3], [1, 1], [1, 2], [2, 1], [3, 2]],1310,992,1294,1023
528563,5,98,114,[9, 6, 10, 2, 1, 4],[[2, 3], [3, 3], [1, 1], [1, 2], [2, 1], [3, 2]],1331,995,1312,1021
528619,5,98,114,[9, 6, 10, 2, 1, 4],[[2, 3], [3, 3], [1, 1], [1, 2], [2, 1], [3, 2]],1343,978,1325,1014
528655,5,98,114,[9, 6, 10, 2, 1, 4],[[2, 3], [3, 3], [1, 1], [1, 2], [2, 1], [3, 2]],1301,991,1327,1006
528720,5,98,114,[9, 6, 10, 2, 1, 4],[[2, 3], [3, 3], [1, 1], [1, 2], [2, 1], [3, 2]],1310,992,1298,976
528792,5,98,114,[9, 6, 10, 2, 1, 4],[[2, 3], [3, 3], [1, 1], [1, 2], [2, 1], [3, 2]],1316,960,1250,950
528842,5,98,114,[9, 6, 10, 2, 1, 4],[[2, 3], [3, 3], [1, 1], [1, 2], [2, 1], [3, 2]],1315,970,1244,934
528905,5,98,114,[9, 6, 10, 2, 1, 4],[[2, 3], [3, 3], [1, 1], [1, 2], [2, 1], [3, 2]],1307,963,1270,914
528969,5,98,114,[9, 6, 10, 2, 1, 4],[[2, 3], [3, 3], [1, 1], [1, 2], [2, 1], [3, 2]],1306,977,1358,897
529028,5,98,114,[9, 6, 10, 2, 1, 4],[[2, 3], [3, 3], [1, 1], [1, 2], [2, 1], [3, 2]],1320,989,1387,890
529092,5,98,114,[9, 6, 10, 2, 1, 4],[[2, 3], [3, 3], [1, 1], [1, 2], [2, 1], [3, 2]],1333,994,1401,877
529145,5,98,114,[9, 6, 10, 2, 1, 4],[[2, 3], [3, 3], [1, 1], [1, 2], [2, 1], [3, 2]],1314,986,1412,843
529198,5,98,114,[9, 6, 10, 2, 1, 4],[[2, 3], [3, 3], [1, 1], [1, 2], [2, 1], [3, 2]],1312,988,1407,835
529256,5,98,114,[9, 6, 10, 2, 1, 4],[[2, 3], [3, 3], [1, 1], [1, 2], [2, 1], [3, 2]],1324,961,1388,835
529319,5,98,114,[9, 6, 10, 2, 1, 4],[[2, 3], [3, 3], [1, 1], [1, 2], [2, 1], [3, 2]],1312,951,1374,850
529367,5,98,114,[9, 6, 10, 2, 1, 4],[[2, 3], [3, 3], [1, 1], [1, 2], [2, 1], [3, 2]],1329,974,1371,884
529435,5,98,114,[9, 6, 10, 2, 1, 4],[[2, 3], [3, 3], [1, 1], [1, 2], [2, 1], [3, 2]],1327,973,1368,921
529492,5,98,114,[9, 6, 10, 2, 1, 4],[[2, 3], [3, 3], [1, 1], [1, 2], [2, 1], [3, 2]],1332,983,1363,938
529541,5,98,114,[9, 6, 10, 2, 1, 4],[[2, 3], [3, 3], [1, 1], [1, 2], [2, 1], [3, 2]],1320,958,1359,945
529612,5,98,114,[9, 6, 10, 2, 1, 4],[[2, 3], [3, 3], [1, 1], [1, 2], [2, 1], [3, 2]],1317,952,1346,959
529725,5,98,114,[9, 6, 10, 2, 1, 4],[[2, 3], [3, 3], [1, 1], [1, 2], [2, 1], [3, 2]],1327,942,1332,1002
529774,5,98,114,[9, 6, 10, 2, 1, 4],[[2, 3], [3, 3], [1, 1], [1, 2], [2, 1], [3, 2]],1348,941,1322,1015
529823,5,98,114,[9, 6, 10, 2, 1, 4],[[2, 3], [3, 3], [1, 1], [1, 2], [2, 1], [3, 2]],1363,920,1311,1016
529858,5,98,114,[9, 6, 10, 2, 1, 4],[[2, 3], [3, 3], [1, 1], [1, 2], [2, 1], [3, 2]],1375,927,1298,1014
529929,5,98,114,[9, 6, 10, 2, 1, 4],[[2, 3], [3, 3], [1, 1], [1, 2], [2, 1], [3, 2]],1396,909,1251,993
529989,5,98,114,[9, 6, 10, 2, 1, 4],[[2, 3], [3, 3], [1, 1], [1, 2], [2, 1], [3, 2]],1389,898,1230,977
530053,5,98,114,[9, 6, 10, 2, 1, 4],[[2, 3], [3, 3], [1, 1], [1, 2], [2, 1], [3, 2]],1374,910,1229,958
530106,5,98,114,[9, 6, 10, 2, 1, 4],[[2, 3], [3, 3], [1, 1], [1, 2], [2, 1], [3, 2]],1353,938,1231,944
530171,5,98,114,[9, 6, 10, 2, 1, 4],[[2, 3], [3, 3], [1, 1], [1, 2], [2, 1], [3, 2]],1329,905,1243,933
530220,5,98,114,[9, 6, 10, 2, 1, 4],[[2, 3], [3, 3], [1, 1], [1, 2], [2, 1], [3, 2]],1334,896,1271,933
530281,5,98,114,[9, 6, 10, 2, 1, 4],[[2, 3], [3, 3], [1, 1], [1, 2], [2, 1], [3, 2]],1325,898,1297,935
530347,5,98,114,[9, 6, 10, 2, 1, 4],[[2, 3], [3, 3], [1, 1], [1, 2], [2, 1], [3, 2]],1317,902,1326,935
530390,5,98,114,[9, 6, 10, 2, 1, 4],[[2, 3], [3, 3], [1, 1], [1, 2], [2, 1], [3, 2]],1324,928,1347,935
530434,5,98,114,[9, 6, 10, 2, 1, 4],[[2, 3], [3, 3], [1, 1], [1, 2], [2, 1], [3, 2]],1326,905,1361,935
530503,5,98,114,[9, 6, 10, 2, 1, 4],[[2, 3], [3, 3], [1, 1], [1, 2], [2, 1], [3, 2]],1335,885,1365,935
530553,5,98,114,[9, 6, 10, 2, 1, 4],[[2, 3], [3, 3], [1, 1], [1, 2], [2, 1], [3, 2]],1299,881,1391,927
530613,5,98,114,[9, 6, 10, 2, 1, 4],[[2, 3], [3, 3], [1, 1], [1, 2], [2, 1], [3, 2]],1290,860,1409,910
530675,5,98,114,[9, 6, 10, 2, 1, 4],[[2, 3], [3, 3], [1, 1], [1, 2], [2, 1], [3, 2]],1298,848,1396,880
530731,5,98,114,[9, 6, 10, 2, 1, 4],[[2, 3], [3, 3], [1, 1], [1, 2], [2, 1], [3, 2]],1298,867,1371,868
530773,5,98,114,[9, 6, 10, 2, 1, 4],[[2, 3], [3, 3], [1, 1], [1, 2], [2, 1], [3, 2]],1284,853,1343,860
530818,5,98,114,[9, 6, 10, 2, 1, 4],[[2, 3], [3, 3], [1, 1], [1, 2], [2, 1], [3, 2]],1255,846,1309,860
530888,5,98,114,[9, 6, 10, 2, 1, 4],[[2, 3], [3, 3], [1, 1], [1, 2], [2, 1], [3, 2]],1255,854,1277,863
530951,5,98,114,[9, 6, 10, 2, 1, 4],[[2, 3], [3, 3], [1, 1], [1, 2], [2, 1], [3, 2]],1267,859,1267,872
531019,5,98,114,[9, 6, 10, 2, 1, 4],[[2, 3], [3, 3], [1, 1], [1, 2], [2, 1], [3, 2]],1270,867,1266,900
531082,5,99,55,[7, 12, 11, 3, 1, 4],[[2, 1], [3, 1], [3, 2], [3, 3], [1, 2], [2, 3]],1277,849,1271,911
531136,5,99,55,[7, 12, 11, 3, 1, 4],[[2, 1], [3, 1], [3, 2], [3, 3], [1, 2], [2, 3]],1284,858,1271,911
531189,5,99,55,[7, 12, 11, 3, 1, 4],[[2, 1], [3, 1], [3, 2], [3, 3], [1, 2], [2, 3]],1284,842,1271,911
531248,5,99,55,[7, 12, 11, 3, 1, 4],[[2, 1], [3, 1], [3, 2], [3, 3], [1, 2], [2, 3]],1283,832,1271,913
531290,5,99,55,[7, 12, 11, 3, 1, 4],[[2, 1], [3, 1], [3, 2], [3, 3], [1, 2], [2, 3]],1276,823,1271,913
531352,5,99,55,[7, 12, 11, 3, 1, 4],[[2, 1], [3, 1], [3, 2], [3, 3], [1, 2], [2, 3]],1284,831,1271,913
531431,5,99,55,[7, 12, 11, 3, 1, 4],[[2, 1], [3, 1], [3, 2], [3, 3], [1, 2], [2, 3]],1267,811,1271,913
531526,5,99,55,[7, 12, 11, 3, 1, 4],[[2, 1], [3, 1], [3, 2], [3, 3], [1, 2], [2, 3]],1270,824,1271,913
531570,5,99,55,[7, 12, 11, 3, 1, 4],[[2, 1], [3, 1], [3, 2], [3, 3], [1, 2], [2, 3]],1258,804,1280,886
531681,5,99,55,[7, 12, 11, 3, 1, 4],[[2, 1], [3, 1], [3, 2], [3, 3], [1, 2], [2, 3]],1266,769,1316,820
531754,5,99,55,[7, 12, 11, 3, 1, 4],[[2, 1], [3, 1], [3, 2], [3, 3], [1, 2], [2, 3]],1250,766,1306,788
531800,5,99,55,[7, 12, 11, 3, 1, 4],[[2, 1], [3, 1], [3, 2], [3, 3], [1, 2], [2, 3]],1244,795,1289,717
531864,5,99,55,[7, 12, 11, 3, 1, 4],[[2, 1], [3, 1], [3, 2], [3, 3], [1, 2], [2, 3]],1239,790,1293,693
531925,5,99,55,[7, 12, 11, 3, 1, 4],[[2, 1], [3, 1], [3, 2], [3, 3], [1, 2], [2, 3]],1247,774,1298,682
531987,5,99,55,[7, 12, 11, 3, 1, 4],[[2, 1], [3, 1], [3, 2], [3, 3], [1, 2], [2, 3]],1264,783,1304,672
532049,5,99,55,[7, 12, 11, 3, 1, 4],[[2, 1], [3, 1], [3, 2], [3, 3], [1, 2], [2, 3]],1253,764,1304,671
532113,5,99,55,[7, 12, 11, 3, 1, 4],[[2, 1], [3, 1], [3, 2], [3, 3], [1, 2], [2, 3]],1252,746,1300,671
532188,5,99,55,[7, 12, 11, 3, 1, 4],[[2, 1], [3, 1], [3, 2], [3, 3], [1, 2], [2, 3]],1287,737,1248,736
532246,5,99,55,[7, 12, 11, 3, 1, 4],[[2, 1], [3, 1], [3, 2], [3, 3], [1, 2], [2, 3]],1293,732,1226,786
532307,5,99,55,[7, 12, 11, 3, 1, 4],[[2, 1], [3, 1], [3, 2], [3, 3], [1, 2], [2, 3]],1280,748,1236,822
532384,5,99,55,[7, 12, 11, 3, 1, 4],[[2, 1], [3, 1], [3, 2], [3, 3], [1, 2], [2, 3]],1283,753,1254,846
532437,5,99,55,[7, 12, 11, 3, 1, 4],[[2, 1], [3, 1], [3, 2], [3, 3], [1, 2], [2, 3]],1294,799,1263,867
532504,5,99,55,[7, 12, 11, 3, 1, 4],[[2, 1], [3, 1], [3, 2], [3, 3], [1, 2], [2, 3]],1274,809,1256,881
532548,5,99,55,[7, 12, 11, 3, 1, 4],[[2, 1], [3, 1], [3, 2], [3, 3], [1, 2], [2, 3]],1302,824,1251,892
532626,5,99,55,[7, 12, 11, 3, 1, 4],[[2, 1], [3, 1], [3, 2], [3, 3], [1, 2], [2, 3]],1319,844,1243,891
532671,5,99,55,[7, 12, 11, 3, 1, 4],[[2, 1], [3, 1], [3, 2], [3, 3], [1, 2], [2, 3]],1312,840,1235,873
532715,5,99,55,[7, 12, 11, 3, 1, 4],[[2, 1], [3, 1], [3, 2], [3, 3], [1, 2], [2, 3]],1329,843,1222,846
532761,5,99,55,[7, 12, 11, 3, 1, 4],[[2, 1], [3, 1], [3, 2], [3, 3], [1, 2], [2, 3]],1316,820,1222,824
532829,5,99,55,[7, 12, 11, 3, 1, 4],[[2, 1], [3, 1], [3, 2], [3, 3], [1, 2], [2, 3]],1336,808,1235,799
532872,5,99,55,[7, 12, 11, 3, 1, 4],[[2, 1], [3, 1], [3, 2], [3, 3], [1, 2], [2, 3]],1344,806,1241,798
532945,5,99,55,[7, 12, 11, 3, 1, 4],[[2, 1], [3, 1], [3, 2], [3, 3], [1, 2], [2, 3]],1374,777,1267,806
533008,5,99,55,[7, 12, 11, 3, 1, 4],[[2, 1], [3, 1], [3, 2], [3, 3], [1, 2], [2, 3]],1390,756,1299,816
533077,5,99,55,[7, 12, 11, 3, 1, 4],[[2, 1], [3, 1], [3, 2], [3, 3], [1, 2], [2, 3]],1398,727,1321,824
533132,5,99,55,[7, 12, 11, 3, 1, 4],[[2, 1], [3, 1], [3, 2], [3, 3], [1, 2], [2, 3]],1380,715,1341,833
533181,5,99,55,[7, 12, 11, 3, 1, 4],[[2, 1], [3, 1], [3, 2], [3, 3], [1, 2], [2, 3]],1394,695,1344,834
533239,5,99,55,[7, 12, 11, 3, 1, 4],[[2, 1], [3, 1], [3, 2], [3, 3], [1, 2], [2, 3]],1380,680,1352,845
533283,5,99,55,[7, 12, 11, 3, 1, 4],[[2, 1], [3, 1], [3, 2], [3, 3], [1, 2], [2, 3]],1372,703,1355,854
533351,5,99,55,[7, 12, 11, 3, 1, 4],[[2, 1], [3, 1], [3, 2], [3, 3], [1, 2], [2, 3]],1332,715,1355,845
533409,5,99,55,[7, 12, 11, 3, 1, 4],[[2, 1], [3, 1], [3, 2], [3, 3], [1, 2], [2, 3]],1306,728,1353,790
533476,5,99,55,[7, 12, 11, 3, 1, 4],[[2, 1], [3, 1], [3, 2], [3, 3], [1, 2], [2, 3]],1300,748,1358,726
533544,5,99,55,[7, 12, 11, 3, 1, 4],[[2, 1], [3, 1], [3, 2], [3, 3], [1, 2], [2, 3]],1299,742,1357,710
533608,5,99,55,[7, 12, 11, 3, 1, 4],[[2, 1], [3, 1], [3, 2], [3, 3], [1, 2], [2, 3]],1275,744,1334,701
533661,5,99,55,[7, 12, 11, 3, 1, 4],[[2, 1], [3, 1], [3, 2], [3, 3], [1, 2], [2, 3]],1287,727,1329,701
533735,5,99,55,[7, 12, 11, 3, 1, 4],[[2, 1], [3, 1], [3, 2], [3, 3], [1, 2], [2, 3]],1300,711,1307,708
533799,5,99,55,[7, 12, 11, 3, 1, 4],[[2, 1], [3, 1], [3, 2], [3, 3], [1, 2], [2, 3]],1306,725,1295,715
533871,5,99,55,[7, 12, 11, 3, 1, 4],[[2, 1], [3, 1], [3, 2], [3, 3], [1, 2], [2, 3]],1303,722,1279,726
533957,5,99,55,[7, 12, 11, 3, 1, 4],[[2, 1], [3, 1], [3, 2], [3, 3], [1, 2], [2, 3]],1303,733,1279,726
533996,5,99,55,[7, 12, 11, 3, 1, 4],[[2, 1], [3, 1], [3, 2], [3, 3], [1, 2], [2, 3]],1311,712,1283,727
534045,5,99,55,[7, 12, 11, 3, 1, 4],[[2, 1], [3, 1], [3, 2], [3, 3], [1, 2], [2, 3]],1317,701,1292,730
534086,5,99,55,[7, 12, 11, 3, 1, 4],[[2, 1], [3, 1], [3, 2], [3, 3], [1, 2], [2, 3]],1327,707,1319,730
534155,5,99,55,[7, 12, 11, 3, 1, 4],[[2, 1], [3, 1], [3, 2], [3, 3], [1, 2], [2, 3]],1350,721,1336,728
534208,5,99,55,[7, 12, 11, 3, 1, 4],[[2, 1], [3, 1], [3, 2], [3, 3], [1, 2], [2, 3]],1326,735,1336,728
534277,5,99,55,[7, 12, 11, 3, 1, 4],[[2, 1], [3, 1], [3, 2], [3, 3], [1, 2], [2, 3]],1320,727,1336,728
534345,5,99,55,[7, 12, 11, 3, 1, 4],[[2, 1], [3, 1], [3, 2], [3, 3], [1, 2], [2, 3]],1302,702,1336,728
534405,5,99,55,[7, 12, 11, 3, 1, 4],[[2, 1], [3, 1], [3, 2], [3, 3], [1, 2], [2, 3]],1268,702,1336,728
534457,5,99,55,[7, 12, 11, 3, 1, 4],[[2, 1], [3, 1], [3, 2], [3, 3], [1, 2], [2, 3]],1280,686,1336,728
534520,5,99,55,[7, 12, 11, 3, 1, 4],[[2, 1], [3, 1], [3, 2], [3, 3], [1, 2], [2, 3]],1300,679,1336,728
534586,5,99,55,[7, 12, 11, 3, 1, 4],[[2, 1], [3, 1], [3, 2], [3, 3], [1, 2], [2, 3]],1284,682,1337,728
534639,5,99,55,[7, 12, 11, 3, 1, 4],[[2, 1], [3, 1], [3, 2], [3, 3], [1, 2], [2, 3]],1281,689,1344,728
534687,5,99,55,[7, 12, 11, 3, 1, 4],[[2, 1], [3, 1], [3, 2], [3, 3], [1, 2], [2, 3]],1277,684,1345,725
534731,5,99,55,[7, 12, 11, 3, 1, 4],[[2, 1], [3, 1], [3, 2], [3, 3], [1, 2], [2, 3]],1295,690,1329,714
534777,5,99,55,[7, 12, 11, 3, 1, 4],[[2, 1], [3, 1], [3, 2], [3, 3], [1, 2], [2, 3]],1304,683,1316,710
534835,5,99,55,[7, 12, 11, 3, 1, 4],[[2, 1], [3, 1], [3, 2], [3, 3], [1, 2], [2, 3]],1311,696,1301,691
534882,5,99,55,[7, 12, 11, 3, 1, 4],[[2, 1], [3, 1], [3, 2], [3, 3], [1, 2], [2, 3]],1279,706,1293,689
534922,5,99,55,[7, 12, 11, 3, 1, 4],[[2, 1], [3, 1], [3, 2], [3, 3], [1, 2], [2, 3]],1305,725,1288,688
534969,5,99,55,[7, 12, 11, 3, 1, 4],[[2, 1], [3, 1], [3, 2], [3, 3], [1, 2], [2, 3]],1317,701,1271,688
535009,5,99,55,[7, 12, 11, 3, 1, 4],[[2, 1], [3, 1], [3, 2], [3, 3], [1, 2], [2, 3]],1307,720,1266,688
535077,5,99,55,[7, 12, 11, 3, 1, 4],[[2, 1], [3, 1], [3, 2], [3, 3], [1, 2], [2, 3]],1297,723,1266,688
535140,5,100,116,[9, 6, 11, 3, 1, 4],[[2, 3], [3, 3], [1, 1], [1, 2], [2, 1], [3, 2]],1288,721,1257,688
535188,5,100,116,[9, 6, 11, 3, 1, 4],[[2, 3], [3, 3], [1, 1], [1, 2], [2, 1], [3, 2]],1262,725,1244,692
535233,5,100,116,[9, 6, 11, 3, 1, 4],[[2, 3], [3, 3], [1, 1], [1, 2], [2, 1], [3, 2]],1251,750,1233,697
535290,5,100,116,[9, 6, 11, 3, 1, 4],[[2, 3], [3, 3], [1, 1], [1, 2], [2, 1], [3, 2]],1248,761,1240,711
535367,5,100,116,[9, 6, 11, 3, 1, 4],[[2, 3], [3, 3], [1, 1], [1, 2], [2, 1], [3, 2]],1251,768,1272,727
535445,5,100,116,[9, 6, 11, 3, 1, 4],[[2, 3], [3, 3], [1, 1], [1, 2], [2, 1], [3, 2]],1258,732,1278,728
535507,5,100,116,[9, 6, 11, 3, 1, 4],[[2, 3], [3, 3], [1, 1], [1, 2], [2, 1], [3, 2]],1265,718,1294,728
535568,5,100,116,[9, 6, 11, 3, 1, 4],[[2, 3], [3, 3], [1, 1], [1, 2], [2, 1], [3, 2]],1233,707,1294,728
535639,5,100,116,[9, 6, 11, 3, 1, 4],[[2, 3], [3, 3], [1, 1], [1, 2], [2, 1], [3, 2]],1205,740,1296,728
535698,5,100,116,[9, 6, 11, 3, 1, 4],[[2, 3], [3, 3], [1, 1], [1, 2], [2, 1], [3, 2]],1206,749,1296,728
535779,5,100,116,[9, 6, 11, 3, 1, 4],[[2, 3], [3, 3], [1, 1], [1, 2], [2, 1], [3, 2]],1216,748,1245,755
535863,5,100,116,[9, 6, 11, 3, 1, 4],[[2, 3], [3, 3], [1, 1], [1, 2], [2, 1], [3, 2]],1212,765,1223,758
535921,5,100,116,[9, 6, 11, 3, 1, 4],[[2, 3], [3, 3], [1, 1], [1, 2], [2, 1], [3, 2]],1210,773,1211,737
536000,5,100,116,[9, 6, 11, 3, 1, 4],[[2, 3], [3, 3], [1, 1], [1, 2], [2, 1], [3, 2]],1210,763,1191,721
536076,5,100,116,[9, 6, 11, 3, 1, 4],[[2, 3], [3, 3], [1, 1], [1, 2], [2, 1], [3, 2]],1192,762,1163,703
536120,5,100,116,[9, 6, 11, 3, 1, 4],[[2, 3], [3, 3], [1, 1], [1, 2], [2, 1], [3, 2]],1207,790,1157,698
536200,5,100,116,[9, 6, 11, 3, 1, 4],[[2, 3], [3, 3], [1, 1], [1, 2], [2, 1], [3, 2]],1184,765,1149,690
536257,5,100,116,[9, 6, 11, 3, 1, 4],[[2, 3], [3, 3], [1, 1], [1, 2], [2, 1], [3, 2]],1188,768,1150,683
536339,5,100,116,[9, 6, 11, 3, 1, 4],[[2, 3], [3, 3], [1, 1], [1, 2], [2, 1], [3, 2]],1185,774,1171,667
536398,5,100,116,[9, 6, 11, 3, 1, 4],[[2, 3], [3, 3], [1, 1], [1, 2], [2, 1], [3, 2]],1163,754,1182,667
536458,5,100,116,[9, 6, 11, 3, 1, 4],[[2, 3], [3, 3], [1, 1], [1, 2], [2, 1], [3, 2]],1175,760,1201,676
536508,5,100,116,[9, 6, 11, 3, 1, 4],[[2, 3], [3, 3], [1, 1], [1, 2], [2, 1], [3, 2]],1161,747,1206,706
536562,5,100,116,[9, 6, 11, 3, 1, 4],[[2, 3], [3, 3], [1, 1], [1, 2], [2, 1], [3, 2]],1138,739,1197,737
536629,5,100,116,[9, 6, 11, 3, 1, 4],[[2, 3], [3, 3], [1, 1], [1, 2], [2, 1], [3, 2]],1130,753,1154,755
536682,5,100,116,[9, 6, 11, 3, 1, 4],[[2, 3], [3, 3], [1, 1], [1, 2], [2, 1], [3, 2]],1140,753,1129,760
536739,5,100,116,[9, 6, 11, 3, 1, 4],[[2, 3], [3, 3], [1, 1], [1, 2], [2, 1], [3, 2]],1158,771,1112,766
536801,5,100,116,[9, 6, 11, 3, 1, 4],[[2, 3], [3, 3], [1, 1], [1, 2], [2, 1], [3, 2]],1149,783,1083,782
536859,5,100,116,[9, 6, 11, 3, 1, 4],[[2, 3], [3, 3], [1, 1], [1, 2], [2, 1], [3, 2]],1134,784,1079,793
536895,5,100,116,[9, 6, 11, 3, 1, 4],[[2, 3], [3, 3], [1, 1], [1, 2], [2, 1], [3, 2]],1113,797,1084,798
536952,5,100,116,[9, 6, 11, 3, 1, 4],[[2, 3], [3, 3], [1, 1], [1, 2], [2, 1], [3, 2]],1160,761,1101,807
537005,5,100,116,[9, 6, 11, 3, 1, 4],[[2, 3], [3, 3], [1, 1], [1, 2], [2, 1], [3, 2]],1162,762,1113,814
537054,5,100,116,[9, 6, 11, 3, 1, 4],[[2, 3], [3, 3], [1, 1], [1, 2], [2, 1], [3, 2]],1182,771,1121,814
537117,5,100,116,[9, 6, 11, 3, 1, 4],[[2, 3], [3, 3], [1, 1], [1, 2], [2, 1], [3, 2]],1195,811,1146,810
537181,5,100,116,[9, 6, 11, 3, 1, 4],[[2, 3], [3, 3], [1, 1], [1, 2], [2, 1], [3, 2]],1191,825,1147,809
537240,5,100,116,[9, 6, 11, 3, 1, 4],[[2, 3], [3, 3], [1, 1], [1, 2], [2, 1], [3, 2]],1182,818,1156,809
537299,5,100,116,[9, 6, 11, 3, 1, 4],[[2, 3], [3, 3], [1, 1], [1, 2], [2, 1], [3, 2]],1172,822,1182,802
537352,5,100,116,[9, 6, 11, 3, 1, 4],[[2, 3], [3, 3], [1, 1], [1, 2], [2, 1], [3, 2]],1179,804,1198,797
537404,5,100,116,[9, 6, 11, 3, 1, 4],[[2, 3], [3, 3], [1, 1], [1, 2], [2, 1], [3, 2]],1177,798,1208,794
537458,5,100,116,[9, 6, 11, 3, 1, 4],[[2, 3], [3, 3], [1, 1], [1, 2], [2, 1], [3, 2]],1198,791,1215,801
537522,5,100,116,[9, 6, 11, 3, 1, 4],[[2, 3], [3, 3], [1, 1], [1, 2], [2, 1], [3, 2]],1177,800,1232,831
537585,5,100,116,[9, 6, 11, 3, 1, 4],[[2, 3], [3, 3], [1, 1], [1, 2], [2, 1], [3, 2]],1190,821,1244,851
537663,5,100,116,[9, 6, 11, 3, 1, 4],[[2, 3], [3, 3], [1, 1], [1, 2], [2, 1], [3, 2]],1206,837,1253,887
537725,5,100,116,[9, 6, 11, 3, 1, 4],[[2, 3], [3, 3], [1, 1], [1, 2], [2, 1], [3, 2]],1186,797,1237,915
537793,5,100,116,[9, 6, 11, 3, 1, 4],[[2, 3], [3, 3], [1, 1], [1, 2], [2, 1], [3, 2]],1173,763,1211,922
537855,5,100,116,[9, 6, 11, 3, 1, 4],[[2, 3], [3, 3], [1, 1], [1, 2], [2, 1], [3, 2]],1156,777,1193,919
537929,5,100,116,[9, 6, 11, 3, 1, 4],[[2, 3], [3, 3], [1, 1], [1, 2], [2, 1], [3, 2]],1183,761,1186,918
537995,5,100,116,[9, 6, 11, 3, 1, 4],[[2, 3], [3, 3], [1, 1], [1, 2], [2, 1], [3, 2]],1203,788,1178,905
538061,5,100,116,[9, 6, 11, 3, 1, 4],[[2, 3], [3, 3], [1, 1], [1, 2], [2, 1], [3, 2]],1212,785,1196,874
538114,5,100,116,[9, 6, 11, 3, 1, 4],[[2, 3], [3, 3], [1, 1], [1, 2], [2, 1], [3, 2]],1213,777,1204,865
538192,5,100,116,[9, 6, 11, 3, 1, 4],[[2, 3], [3, 3], [1, 1], [1, 2], [2, 1], [3, 2]],1204,788,1179,850
538247,5,100,116,[9, 6, 11, 3, 1, 4],[[2, 3], [3, 3], [1, 1], [1, 2], [2, 1], [3, 2]],1187,798,1171,821
538301,5,100,116,[9, 6, 11, 3, 1, 4],[[2, 3], [3, 3], [1, 1], [1, 2], [2, 1], [3, 2]],1192,797,1181,786
538354,5,100,116,[9, 6, 11, 3, 1, 4],[[2, 3], [3, 3], [1, 1], [1, 2], [2, 1], [3, 2]],1196,763,1199,775
538398,5,100,116,[9, 6, 11, 3, 1, 4],[[2, 3], [3, 3], [1, 1], [1, 2], [2, 1], [3, 2]],1185,756,1208,766
538454,5,100,116,[9, 6, 11, 3, 1, 4],[[2, 3], [3, 3], [1, 1], [1, 2], [2, 1], [3, 2]],1216,754,1215,746
538499,5,100,116,[9, 6, 11, 3, 1, 4],[[2, 3], [3, 3], [1, 1], [1, 2], [2, 1], [3, 2]],1219,747,1211,715
538563,5,100,116,[9, 6, 11, 3, 1, 4],[[2, 3], [3, 3], [1, 1], [1, 2], [2, 1], [3, 2]],1211,749,1206,705
538617,5,100,116,[9, 6, 11, 3, 1, 4],[[2, 3], [3, 3], [1, 1], [1, 2], [2, 1], [3, 2]],1224,755,1203,700
538712,5,100,116,[9, 6, 11, 3, 1, 4],[[2, 3], [3, 3], [1, 1], [1, 2], [2, 1], [3, 2]],1207,744,1203,700
538763,5,100,116,[9, 6, 11, 3, 1, 4],[[2, 3], [3, 3], [1, 1], [1, 2], [2, 1], [3, 2]],1209,747,1203,700
538811,5,100,116,[9, 6, 11, 3, 1, 4],[[2, 3], [3, 3], [1, 1], [1, 2], [2, 1], [3, 2]],1200,749,1203,700
538851,5,100,116,[9, 6, 11, 3, 1, 4],[[2, 3], [3, 3], [1, 1], [1, 2], [2, 1], [3, 2]],1199,755,1203,700
538914,5,100,116,[9, 6, 11, 3, 1, 4],[[2, 3], [3, 3], [1, 1], [1, 2], [2, 1], [3, 2]],1216,745,1221,679
538965,5,100,116,[9, 6, 11, 3, 1, 4],[[2, 3], [3, 3], [1, 1], [1, 2], [2, 1], [3, 2]],1244,730,1227,674
539009,5,100,116,[9, 6, 11, 3, 1, 4],[[2, 3], [3, 3], [1, 1], [1, 2], [2, 1], [3, 2]],1252,721,1234,674
539054,5,100,116,[9, 6, 11, 3, 1, 4],[[2, 3], [3, 3], [1, 1], [1, 2], [2, 1], [3, 2]],1253,730,1239,677
539117,5,100,116,[9, 6, 11, 3, 1, 4],[[2, 3], [3, 3], [1, 1], [1, 2], [2, 1], [3, 2]],1267,740,1247,690
539164,5,100,116,[9, 6, 11, 3, 1, 4],[[2, 3], [3, 3], [1, 1], [1, 2], [2, 1], [3, 2]],1276,717,1248,698
539222,5,101,120,[9, 6, 11, 3, 5, 8],[[2, 3], [3, 3], [1, 1], [1, 2], [1, 3], [2, 2]],1276,729,1242,706
539265,5,101,120,[9, 6, 11, 3, 5, 8],[[2, 3], [3, 3], [1, 1], [1, 2], [1, 3], [2, 2]],1284,720,1239,711
539328,5,101,120,[9, 6, 11, 3, 5, 8],[[2, 3], [3, 3], [1, 1], [1, 2], [1, 3], [2, 2]],1303,711,1234,734
539378,5,101,120,[9, 6, 11, 3, 5, 8],[[2, 3], [3, 3], [1, 1], [1, 2], [1, 3], [2, 2]],1312,700,1254,740
539428,5,101,120,[9, 6, 11, 3, 5, 8],[[2, 3], [3, 3], [1, 1], [1, 2], [1, 3], [2, 2]],1324,712,1276,740
539473,5,101,120,[9, 6, 11, 3, 5, 8],[[2, 3], [3, 3], [1, 1], [1, 2], [1, 3], [2, 2]],1341,710,1294,734
539539,5,101,120,[9, 6, 11, 3, 5, 8],[[2, 3], [3, 3], [1, 1], [1, 2], [1, 3], [2, 2]],1339,692,1298,729
539589,5,101,120,[9, 6, 11, 3, 5, 8],[[2, 3], [3, 3], [1, 1], [1, 2], [1, 3], [2, 2]],1323,687,1301,727
539658,5,101,120,[9, 6, 11, 3, 5, 8],[[2, 3], [3, 3], [1, 1], [1, 2], [1, 3], [2, 2]],1298,711,1323,719
539708,5,101,120,[9, 6, 11, 3, 5, 8],[[2, 3], [3, 3], [1, 1], [1, 2], [1, 3], [2, 2]],1326,697,1347,708
539773,5,101,120,[9, 6, 11, 3, 5, 8],[[2, 3], [3, 3], [1, 1], [1, 2], [1, 3], [2, 2]],1341,705,1359,703
539839,5,101,120,[9, 6, 11, 3, 5, 8],[[2, 3], [3, 3], [1, 1], [1, 2], [1, 3], [2, 2]],1310,686,1366,697
539935,5,101,120,[9, 6, 11, 3, 5, 8],[[2, 3], [3, 3], [1, 1], [1, 2], [1, 3], [2, 2]],1325,675,1375,688
539970,5,101,120,[9, 6, 11, 3, 5, 8],[[2, 3], [3, 3], [1, 1], [1, 2], [1, 3], [2, 2]],1300,675,1375,682
540076,5,101,120,[9, 6, 11, 3, 5, 8],[[2, 3], [3, 3], [1, 1], [1, 2], [1, 3], [2, 2]],1295,670,1357,673
540137,5,101,120,[9, 6, 11, 3, 5, 8],[[2, 3], [3, 3], [1, 1], [1, 2], [1, 3], [2, 2]],1286,664,1331,669
540205,5,101,120,[9, 6, 11, 3, 5, 8],[[2, 3], [3, 3], [1, 1], [1, 2], [1, 3], [2, 2]],1287,673,1298,670
540285,5,101,120,[9, 6, 11, 3, 5, 8],[[2, 3], [3, 3], [1, 1], [1, 2], [1, 3], [2, 2]],1282,674,1261,674
540336,5,101,120,[9, 6, 11, 3, 5, 8],[[2, 3], [3, 3], [1, 1], [1, 2], [1, 3], [2, 2]],1282,670,1244,675
540417,5,101,120,[9, 6, 11, 3, 5, 8],[[2, 3], [3, 3], [1, 1], [1, 2], [1, 3], [2, 2]],1261,676,1231,675
540455,5,101,120,[9, 6, 11, 3, 5, 8],[[2, 3], [3, 3], [1, 1], [1, 2], [1, 3], [2, 2]],1259,683,1228,675
540524,5,101,120,[9, 6, 11, 3, 5, 8],[[2, 3], [3, 3], [1, 1], [1, 2], [1, 3], [2, 2]],1261,669,1228,675
540594,5,101,120,[9, 6, 11, 3, 5, 8],[[2, 3], [3, 3], [1, 1], [1, 2], [1, 3], [2, 2]],1261,648,1218,670
540651,5,101,120,[9, 6, 11, 3, 5, 8],[[2, 3], [3, 3], [1, 1], [1, 2], [1, 3], [2, 2]],1276,648,1190,653
540700,5,101,120,[9, 6, 11, 3, 5, 8],[[2, 3], [3, 3], [1, 1], [1, 2], [1, 3], [2, 2]],1275,638,1189,651
540754,5,101,120,[9, 6, 11, 3, 5, 8],[[2, 3], [3, 3], [1, 1], [1, 2], [1, 3], [2, 2]],1270,604,1182,661
540799,5,101,120,[9, 6, 11, 3, 5, 8],[[2, 3], [3, 3], [1, 1], [1, 2], [1, 3], [2, 2]],1252,636,1176,676
540848,5,101,120,[9, 6, 11, 3, 5, 8],[[2, 3], [3, 3], [1, 1], [1, 2], [1, 3], [2, 2]],1234,604,1182,683
540888,5,101,120,[9, 6, 11, 3, 5, 8],[[2, 3], [3, 3], [1, 1], [1, 2], [1, 3], [2, 2]],1208,591,1197,684
540941,5,101,120,[9, 6, 11, 3, 5, 8],[[2, 3], [3, 3], [1, 1], [1, 2], [1, 3], [2, 2]],1190,584,1246,671
541005,5,101,120,[9, 6, 11, 3, 5, 8],[[2, 3], [3, 3], [1, 1], [1, 2], [1, 3], [2, 2]],1168,564,1282,655
541055,5,101,120,[9, 6, 11, 3, 5, 8],[[2, 3], [3, 3], [1, 1], [1, 2], [1, 3], [2, 2]],1132,545,1297,633
541096,5,101,120,[9, 6, 11, 3, 5, 8],[[2, 3], [3, 3], [1, 1], [1, 2], [1, 3], [2, 2]],1119,526,1301,618
541144,5,101,120,[9, 6, 11, 3, 5, 8],[[2, 3], [3, 3], [1, 1], [1, 2], [1, 3], [2, 2]],1145,524,1305,590
541188,5,101,120,[9, 6, 11, 3, 5, 8],[[2, 3], [3, 3], [1, 1], [1, 2], [1, 3], [2, 2]],1140,518,1304,580
541239,5,101,120,[9, 6, 11, 3, 5, 8],[[2, 3], [3, 3], [1, 1], [1, 2], [1, 3], [2, 2]],1143,510,1293,564
541299,5,101,120,[9, 6, 11, 3, 5, 8],[[2, 3], [3, 3], [1, 1], [1, 2], [1, 3], [2, 2]],1144,512,1258,548
541347,5,101,120,[9, 6, 11, 3, 5, 8],[[2, 3], [3, 3], [1, 1], [1, 2], [1, 3], [2, 2]],1141,529,1223,546
541410,5,101,120,[9, 6, 11, 3, 5, 8],[[2, 3], [3, 3], [1, 1], [1, 2], [1, 3], [2, 2]],1107,564,1203,550
541462,5,101,120,[9, 6, 11, 3, 5, 8],[[2, 3], [3, 3], [1, 1], [1, 2], [1, 3], [2, 2]],1130,571,1180,561
541520,5,101,120,[9, 6, 11, 3, 5, 8],[[2, 3], [3, 3], [1, 1], [1, 2], [1, 3], [2, 2]],1119,591,1172,567
541564,5,101,120,[9, 6, 11, 3, 5, 8],[[2, 3], [3, 3], [1, 1], [1, 2], [1, 3], [2, 2]],1117,582,1172,569
541632,5,101,120,[9, 6, 11, 3, 5, 8],[[2, 3], [3, 3], [1, 1], [1, 2], [1, 3], [2, 2]],1151,593,1171,585
541676,5,101,120,[9, 6, 11, 3, 5, 8],[[2, 3], [3, 3], [1, 1], [1, 2], [1, 3], [2, 2]],1193,552,1176,589
541718,5,101,120,[9, 6, 11, 3, 5, 8],[[2, 3], [3, 3], [1, 1], [1, 2], [1, 3], [2, 2]],1184,550,1192,594
541766,5,101,120,[9, 6, 11, 3, 5, 8],[[2, 3], [3, 3], [1, 1], [1, 2], [1, 3], [2, 2]],1202,551,1210,603
541806,5,101,120,[9, 6, 11, 3, 5, 8],[[2, 3], [3, 3], [1, 1], [1, 2], [1, 3], [2, 2]],1220,568,1216,606
541850,5,101,120,[9, 6, 11, 3, 5, 8],[[2, 3], [3, 3], [1, 1], [1, 2], [1, 3], [2, 2]],1223,547,1227,611
541928,5,101,120,[9, 6, 11, 3, 5, 8],[[2, 3], [3, 3], [1, 1], [1, 2], [1, 3], [2, 2]],1227,517,1220,629
541988,5,101,120,[9, 6, 11, 3, 5, 8],[[2, 3], [3, 3], [1, 1], [1, 2], [1, 3], [2, 2]],1256,499,1206,641
542064,5,101,120,[9, 6, 11, 3, 5, 8],[[2, 3], [3, 3], [1, 1], [1, 2], [1, 3], [2, 2]],1240,483,1203,644
542132,5,101,120,[9, 6, 11, 3, 5, 8],[[2, 3], [3, 3], [1, 1], [1, 2], [1, 3], [2, 2]],1250,474,1203,644
542231,5,101,120,[9, 6, 11, 3, 5, 8],[[2, 3], [3, 3], [1, 1], [1, 2], [1, 3], [2, 2]],1223,480,1202,644
542294,5,101,120,[9, 6, 11, 3, 5, 8],[[2, 3], [3, 3], [1, 1], [1, 2], [1, 3], [2, 2]],1234,483,1214,630
542355,5,101,120,[9, 6, 11, 3, 5, 8],[[2, 3], [3, 3], [1, 1], [1, 2], [1, 3], [2, 2]],1234,482,1243,586
542447,5,101,120,[9, 6, 11, 3, 5, 8],[[2, 3], [3, 3], [1, 1], [1, 2], [1, 3], [2, 2]],1246,460,1253,562
542508,5,101,120,[9, 6, 11, 3, 5, 8],[[2, 3], [3, 3], [1, 1], [1, 2], [1, 3], [2, 2]],1245,459,1257,548
542557,5,101,120,[9, 6, 11, 3, 5, 8],[[2, 3], [3, 3], [1, 1], [1, 2], [1, 3], [2, 2]],1229,472,1257,543
542618,5,101,120,[9, 6, 11, 3, 5, 8],[[2, 3], [3, 3], [1, 1], [1, 2], [1, 3], [2, 2]],1252,466,1257,534
542694,5,101,120,[9, 6, 11, 3, 5, 8],[[2, 3], [3, 3], [1, 1], [1, 2], [1, 3], [2, 2]],1246,476,1256,512
542735,5,101,120,[9, 6, 11, 3, 5, 8],[[2, 3], [3, 3], [1, 1], [1, 2], [1, 3], [2, 2]],1266,473,1253,507
542818,5,101,120,[9, 6, 11, 3, 5, 8],[[2, 3], [3, 3], [1, 1], [1, 2], [1, 3], [2, 2]],1268,464,1251,493
542886,5,101,120,[9, 6, 11, 3, 5, 8],[[2, 3], [3, 3], [1, 1], [1, 2], [1, 3], [2, 2]],1256,452,1251,480
542935,5,101,120,[9, 6, 11, 3, 5, 8],[[2, 3], [3, 3], [1, 1], [1, 2], [1, 3], [2, 2]],1257,460,1253,476
542984,5,101,120,[9, 6, 11, 3, 5, 8],[[2, 3], [3, 3], [1, 1], [1, 2], [1, 3], [2, 2]],1256,463,1253,476
543047,5,101,120,[9, 6, 11, 3, 5, 8],[[2, 3], [3, 3], [1, 1], [1, 2], [1, 3], [2, 2]],1240,440,1276,488
543106,5,101,120,[9, 6, 11, 3, 5, 8],[[2, 3], [3, 3], [1, 1], [1, 2], [1, 3], [2, 2]],1228,427,1298,489
543169,5,101,120,[9, 6, 11, 3, 5, 8],[[2, 3], [3, 3], [1, 1], [1, 2], [1, 3], [2, 2]],1225,422,1314,480
543223,5,101,120,[9, 6, 11, 3, 5, 8],[[2, 3], [3, 3], [1, 1], [1, 2], [1, 3], [2, 2]],1172,438,1315,473
543272,5,102,8,[9, 6, 11, 3, 5, 8],[[1, 1], [2, 1], [1, 2], [1, 3], [2, 2], [3, 1]],1178,432,1314,464
543330,5,102,8,[9, 6, 11, 3, 5, 8],[[1, 1], [2, 1], [1, 2], [1, 3], [2, 2], [3, 1]],1158,420,1318,455
543389,5,102,8,[9, 6, 11, 3, 5, 8],[[1, 1], [2, 1], [1, 2], [1, 3], [2, 2], [3, 1]],1116,404,1318,454
543447,5,102,8,[9, 6, 11, 3, 5, 8],[[1, 1], [2, 1], [1, 2], [1, 3], [2, 2], [3, 1]],1119,399,1318,454
543501,5,102,8,[9, 6, 11, 3, 5, 8],[[1, 1], [2, 1], [1, 2], [1, 3], [2, 2], [3, 1]],1123,390,1318,454
543558,5,102,8,[9, 6, 11, 3, 5, 8],[[1, 1], [2, 1], [1, 2], [1, 3], [2, 2], [3, 1]],1156,389,1318,454
543613,5,102,8,[9, 6, 11, 3, 5, 8],[[1, 1], [2, 1], [1, 2], [1, 3], [2, 2], [3, 1]],1182,385,1318,454
543676,5,102,8,[9, 6, 11, 3, 5, 8],[[1, 1], [2, 1], [1, 2], [1, 3], [2, 2], [3, 1]],1188,391,1318,454
543730,5,102,8,[9, 6, 11, 3, 5, 8],[[1, 1], [2, 1], [1, 2], [1, 3], [2, 2], [3, 1]],1172,370,1318,454
543803,5,102,8,[9, 6, 11, 3, 5, 8],[[1, 1], [2, 1], [1, 2], [1, 3], [2, 2], [3, 1]],1160,378,1252,412
543853,5,102,8,[9, 6, 11, 3, 5, 8],[[1, 1], [2, 1], [1, 2], [1, 3], [2, 2], [3, 1]],1153,344,1185,369
543916,5,102,8,[9, 6, 11, 3, 5, 8],[[1, 1], [2, 1], [1, 2], [1, 3], [2, 2], [3, 1]],1154,350,1179,361
543981,5,102,8,[9, 6, 11, 3, 5, 8],[[1, 1], [2, 1], [1, 2], [1, 3], [2, 2], [3, 1]],1144,333,1179,352
544049,5,102,8,[9, 6, 11, 3, 5, 8],[[1, 1], [2, 1], [1, 2], [1, 3], [2, 2], [3, 1]],1160,315,1180,344
544103,5,102,8,[9, 6, 11, 3, 5, 8],[[1, 1], [2, 1], [1, 2], [1, 3], [2, 2], [3, 1]],1175,305,1188,331
544139,5,102,8,[9, 6, 11, 3, 5, 8],[[1, 1], [2, 1], [1, 2], [1, 3], [2, 2], [3, 1]],1141,321,1193,321
544195,5,102,8,[9, 6, 11, 3, 5, 8],[[1, 1], [2, 1], [1, 2], [1, 3], [2, 2], [3, 1]],1136,339,1207,309
544274,5,102,8,[9, 6, 11, 3, 5, 8],[[1, 1], [2, 1], [1, 2], [1, 3], [2, 2], [3, 1]],1148,339,1229,294
544331,5,102,8,[9, 6, 11, 3, 5, 8],[[1, 1], [2, 1], [1, 2], [1, 3], [2, 2], [3, 1]],1169,347,1233,288
544388,5,102,8,[9, 6, 11, 3, 5, 8],[[1, 1], [2, 1], [1, 2], [1, 3], [2, 2], [3, 1]],1145,358,1235,273
544438,5,102,8,[9, 6, 11, 3, 5, 8],[[1, 1], [2, 1], [1, 2], [1, 3], [2, 2], [3, 1]],1123,355,1235,268
544495,5,102,8,[9, 6, 11, 3, 5, 8],[[1, 1], [2, 1], [1, 2], [1, 3], [2, 2], [3, 1]],1118,356,1234,265
544539,5,102,8,[9, 6, 11, 3, 5, 8],[[1, 1], [2, 1], [1, 2], [1, 3], [2, 2], [3, 1]],1123,377,1233,263
544611,5,102,8,[9, 6, 11, 3, 5, 8],[[1, 1], [2, 1], [1, 2], [1, 3], [2, 2], [3, 1]],1138,360,1233,263
544665,5,102,8,[9, 6, 11, 3, 5, 8],[[1, 1], [2, 1], [1, 2], [1, 3], [2, 2], [3, 1]],1099,353,1232,263
544703,5,102,8,[9, 6, 11, 3, 5, 8],[[1, 1], [2, 1], [1, 2], [1, 3], [2, 2], [3, 1]],1104,352,1226,277
544760,5,102,8,[9, 6, 11, 3, 5, 8],[[1, 1], [2, 1], [1, 2], [1, 3], [2, 2], [3, 1]],1109,337,1210,302
544802,5,102,8,[9, 6, 11, 3, 5, 8],[[1, 1], [2, 1], [1, 2], [1, 3], [2, 2], [3, 1]],1120,344,1199,322
544850,5,102,8,[9, 6, 11, 3, 5, 8],[[1, 1], [2, 1], [1, 2], [1, 3], [2, 2], [3, 1]],1138,351,1175,376
544931,5,102,8,[9, 6, 11, 3, 5, 8],[[1, 1], [2, 1], [1, 2], [1, 3], [2, 2], [3, 1]],1171,374,1172,406
544974,5,102,8,[9, 6, 11, 3, 5, 8],[[1, 1], [2, 1], [1, 2], [1, 3], [2, 2], [3, 1]],1194,346,1172,406
545065,5,102,8,[9, 6, 11, 3, 5, 8],[[1, 1], [2, 1], [1, 2], [1, 3], [2, 2], [3, 1]],1179,357,1149,423
545103,5,102,8,[9, 6, 11, 3, 5, 8],[[1, 1], [2, 1], [1, 2], [1, 3], [2, 2], [3, 1]],1183,361,1125,426
545169,5,102,8,[9, 6, 11, 3, 5, 8],[[1, 1], [2, 1], [1, 2], [1, 3], [2, 2], [3, 1]],1194,350,1101,435
545242,5,102,8,[9, 6, 11, 3, 5, 8],[[1, 1], [2, 1], [1, 2], [1, 3], [2, 2], [3, 1]],1214,356,1086,446
545294,5,102,8,[9, 6, 11, 3, 5, 8],[[1, 1], [2, 1], [1, 2], [1, 3], [2, 2], [3, 1]],1252,360,1084,448
545348,5,102,8,[9, 6, 11, 3, 5, 8],[[1, 1], [2, 1], [1, 2], [1, 3], [2, 2], [3, 1]],1287,338,1090,456
545411,5,102,8,[9, 6, 11, 3, 5, 8],[[1, 1], [2, 1], [1, 2], [1, 3], [2, 2], [3, 1]],1282,313,1119,463
545488,5,102,8,[9, 6, 11, 3, 5, 8],[[1, 1], [2, 1], [1, 2], [1, 3], [2, 2], [3, 1]],1287,327,1187,429
545551,5,102,8,[9, 6, 11, 3, 5, 8],[[1, 1], [2, 1], [1, 2], [1, 3], [2, 2], [3, 1]],1314,325,1201,419
545662,5,102,8,[9, 6, 11, 3, 5, 8],[[1, 1], [2, 1], [1, 2], [1, 3], [2, 2], [3, 1]],1311,332,1226,399
545743,5,102,8,[9, 6, 11, 3, 5, 8],[[1, 1], [2, 1], [1, 2], [1, 3], [2, 2], [3, 1]],1316,323,1269,304
545837,5,102,8,[9, 6, 11, 3, 5, 8],[[1, 1], [2, 1], [1, 2], [1, 3], [2, 2], [3, 1]],1309,320,1293,302
545926,5,102,8,[9, 6, 11, 3, 5, 8],[[1, 1], [2, 1], [1, 2], [1, 3], [2, 2], [3, 1]],1313,321,1304,308
545966,5,102,8,[9, 6, 11, 3, 5, 8],[[1, 1], [2, 1], [1, 2], [1, 3], [2, 2], [3, 1]],1327,297,1306,309
546020,5,102,8,[9, 6, 11, 3, 5, 8],[[1, 1], [2, 1], [1, 2], [1, 3], [2, 2], [3, 1]],1334,323,1316,316
546080,5,102,8,[9, 6, 11, 3, 5, 8],[[1, 1], [2, 1], [1, 2], [1, 3], [2, 2], [3, 1]],1323,338,1325,329
546128,5,102,8,[9, 6, 11, 3, 5, 8],[[1, 1], [2, 1], [1, 2], [1, 3], [2, 2], [3, 1]],1349,358,1326,344
546196,5,102,8,[9, 6, 11, 3, 5, 8],[[1, 1], [2, 1], [1, 2], [1, 3], [2, 2], [3, 1]],1332,359,1322,360
546251,5,102,8,[9, 6, 11, 3, 5, 8],[[1, 1], [2, 1], [1, 2], [1, 3], [2, 2], [3, 1]],1342,332,1322,363
546319,5,102,8,[9, 6, 11, 3, 5, 8],[[1, 1], [2, 1], [1, 2], [1, 3], [2, 2], [3, 1]],1367,341,1322,363
546378,5,102,8,[9, 6, 11, 3, 5, 8],[[1, 1], [2, 1], [1, 2], [1, 3], [2, 2], [3, 1]],1365,347,1313,367
546434,5,102,8,[9, 6, 11, 3, 5, 8],[[1, 1], [2, 1], [1, 2], [1, 3], [2, 2], [3, 1]],1323,371,1298,370
546496,5,102,8,[9, 6, 11, 3, 5, 8],[[1, 1], [2, 1], [1, 2], [1, 3], [2, 2], [3, 1]],1333,374,1297,370
546541,5,102,8,[9, 6, 11, 3, 5, 8],[[1, 1], [2, 1], [1, 2], [1, 3], [2, 2], [3, 1]],1347,393,1297,370
546616,5,102,8,[9, 6, 11, 3, 5, 8],[[1, 1], [2, 1], [1, 2], [1, 3], [2, 2], [3, 1]],1343,395,1299,371
546666,5,102,8,[9, 6, 11, 3, 5, 8],[[1, 1], [2, 1], [1, 2], [1, 3], [2, 2], [3, 1]],1326,409,1304,374
546704,5,102,8,[9, 6, 11, 3, 5, 8],[[1, 1], [2, 1], [1, 2], [1, 3], [2, 2], [3, 1]],1340,409,1307,376
546763,5,102,8,[9, 6, 11, 3, 5, 8],[[1, 1], [2, 1], [1, 2], [1, 3], [2, 2], [3, 1]],1306,414,1318,380
546821,5,102,8,[9, 6, 11, 3, 5, 8],[[1, 1], [2, 1], [1, 2], [1, 3], [2, 2], [3, 1]],1319,388,1330,385
546876,5,102,8,[9, 6, 11, 3, 5, 8],[[1, 1], [2, 1], [1, 2], [1, 3], [2, 2], [3, 1]],1311,394,1331,394
546935,5,102,8,[9, 6, 11, 3, 5, 8],[[1, 1], [2, 1], [1, 2], [1, 3], [2, 2], [3, 1]],1361,411,1316,422
546986,5,102,8,[9, 6, 11, 3, 5, 8],[[1, 1], [2, 1], [1, 2], [1, 3], [2, 2], [3, 1]],1377,452,1298,438
547050,5,102,8,[9, 6, 11, 3, 5, 8],[[1, 1], [2, 1], [1, 2], [1, 3], [2, 2], [3, 1]],1349,431,1277,461
547097,5,102,8,[9, 6, 11, 3, 5, 8],[[1, 1], [2, 1], [1, 2], [1, 3], [2, 2], [3, 1]],1384,436,1271,469
547138,5,102,8,[9, 6, 11, 3, 5, 8],[[1, 1], [2, 1], [1, 2], [1, 3], [2, 2], [3, 1]],1382,411,1271,473
547202,5,102,8,[9, 6, 11, 3, 5, 8],[[1, 1], [2, 1], [1, 2], [1, 3], [2, 2], [3, 1]],1375,395,1270,484
547256,5,102,8,[9, 6, 11, 3, 5, 8],[[1, 1], [2, 1], [1, 2], [1, 3], [2, 2], [3, 1]],1378,398,1276,489
547305,5,102,8,[9, 6, 11, 3, 5, 8],[[1, 1], [2, 1], [1, 2], [1, 3], [2, 2], [3, 1]],1342,407,1280,491
547358,5,103,30,[9, 6, 10, 2, 1, 4],[[1, 1], [2, 1], [3, 1], [3, 2], [1, 2], [2, 3]],1335,393,1288,495
547404,5,103,30,[9, 6, 10, 2, 1, 4],[[1, 1], [2, 1], [3, 1], [3, 2], [1, 2], [2, 3]],1363,375,1308,495
547449,5,103,30,[9, 6, 10, 2, 1, 4],[[1, 1], [2, 1], [3, 1], [3, 2], [1, 2], [2, 3]],1359,357,1328,488
547507,5,103,30,[9, 6, 10, 2, 1, 4],[[1, 1], [2, 1], [3, 1], [3, 2], [1, 2], [2, 3]],1370,383,1343,466
547557,5,103,30,[9, 6, 10, 2, 1, 4],[[1, 1], [2, 1], [3, 1], [3, 2], [1, 2], [2, 3]],1380,395,1347,452
547614,5,103,30,[9, 6, 10, 2, 1, 4],[[1, 1], [2, 1], [3, 1], [3, 2], [1, 2], [2, 3]],1378,388,1346,441
547661,5,103,30,[9, 6, 10, 2, 1, 4],[[1, 1], [2, 1], [3, 1], [3, 2], [1, 2], [2, 3]],1371,374,1336,432
547758,5,103,30,[9, 6, 10, 2, 1, 4],[[1, 1], [2, 1], [3, 1], [3, 2], [1, 2], [2, 3]],1370,361,1321,419
547841,5,103,30,[9, 6, 10, 2, 1, 4],[[1, 1], [2, 1], [3, 1], [3, 2], [1, 2], [2, 3]],1395,350,1297,402
547947,5,103,30,[9, 6, 10, 2, 1, 4],[[1, 1], [2, 1], [3, 1], [3, 2], [1, 2], [2, 3]],1381,370,1287,391
548009,5,103,30,[9, 6, 10, 2, 1, 4],[[1, 1], [2, 1], [3, 1], [3, 2], [1, 2], [2, 3]],1377,368,1282,383
548080,5,103,30,[9, 6, 10, 2, 1, 4],[[1, 1], [2, 1], [3, 1], [3, 2], [1, 2], [2, 3]],1361,379,1290,357
548148,5,103,30,[9, 6, 10, 2, 1, 4],[[1, 1], [2, 1], [3, 1], [3, 2], [1, 2], [2, 3]],1339,343,1336,340
548227,5,103,30,[9, 6, 10, 2, 1, 4],[[1, 1], [2, 1], [3, 1], [3, 2], [1, 2], [2, 3]],1347,336,1381,331
548294,5,103,30,[9, 6, 10, 2, 1, 4],[[1, 1], [2, 1], [3, 1], [3, 2], [1, 2], [2, 3]],1356,365,1399,322
548340,5,103,30,[9, 6, 10, 2, 1, 4],[[1, 1], [2, 1], [3, 1], [3, 2], [1, 2], [2, 3]],1357,353,1413,320
548408,5,103,30,[9, 6, 10, 2, 1, 4],[[1, 1], [2, 1], [3, 1], [3, 2], [1, 2], [2, 3]],1383,346,1423,332
548465,5,103,30,[9, 6, 10, 2, 1, 4],[[1, 1], [2, 1], [3, 1], [3, 2], [1, 2], [2, 3]],1383,320,1406,381
548549,5,103,30,[9, 6, 10, 2, 1, 4],[[1, 1], [2, 1], [3, 1], [3, 2], [1, 2], [2, 3]],1398,301,1382,402
548630,5,103,30,[9, 6, 10, 2, 1, 4],[[1, 1], [2, 1], [3, 1], [3, 2], [1, 2], [2, 3]],1399,307,1361,407
548717,5,103,30,[9, 6, 10, 2, 1, 4],[[1, 1], [2, 1], [3, 1], [3, 2], [1, 2], [2, 3]],1365,316,1350,407
548759,5,103,30,[9, 6, 10, 2, 1, 4],[[1, 1], [2, 1], [3, 1], [3, 2], [1, 2], [2, 3]],1366,309,1330,406
548817,5,103,30,[9, 6, 10, 2, 1, 4],[[1, 1], [2, 1], [3, 1], [3, 2], [1, 2], [2, 3]],1360,282,1317,405
548875,5,103,30,[9, 6, 10, 2, 1, 4],[[1, 1], [2, 1], [3, 1], [3, 2], [1, 2], [2, 3]],1360,252,1305,409
548935,5,103,30,[9, 6, 10, 2, 1, 4],[[1, 1], [2, 1], [3, 1], [3, 2], [1, 2], [2, 3]],1371,282,1297,416
548989,5,103,30,[9, 6, 10, 2, 1, 4],[[1, 1], [2, 1], [3, 1], [3, 2], [1, 2], [2, 3]],1367,279,1290,423
549050,5,103,30,[9, 6, 10, 2, 1, 4],[[1, 1], [2, 1], [3, 1], [3, 2], [1, 2], [2, 3]],1348,287,1290,424
549105,5,103,30,[9, 6, 10, 2, 1, 4],[[1, 1], [2, 1], [3, 1], [3, 2], [1, 2], [2, 3]],1339,271,1290,424
549173,5,103,30,[9, 6, 10, 2, 1, 4],[[1, 1], [2, 1], [3, 1], [3, 2], [1, 2], [2, 3]],1335,268,1297,384
549232,5,103,30,[9, 6, 10, 2, 1, 4],[[1, 1], [2, 1], [3, 1], [3, 2], [1, 2], [2, 3]],1365,280,1316,327
549279,5,103,30,[9, 6, 10, 2, 1, 4],[[1, 1], [2, 1], [3, 1], [3, 2], [1, 2], [2, 3]],1382,283,1324,312
549324,5,103,30,[9, 6, 10, 2, 1, 4],[[1, 1], [2, 1], [3, 1], [3, 2], [1, 2], [2, 3]],1385,293,1329,310
549389,5,103,30,[9, 6, 10, 2, 1, 4],[[1, 1], [2, 1], [3, 1], [3, 2], [1, 2], [2, 3]],1374,296,1339,300
549434,5,103,30,[9, 6, 10, 2, 1, 4],[[1, 1], [2, 1], [3, 1], [3, 2], [1, 2], [2, 3]],1378,309,1351,279
549484,5,103,30,[9, 6, 10, 2, 1, 4],[[1, 1], [2, 1], [3, 1], [3, 2], [1, 2], [2, 3]],1397,306,1361,260
549520,5,103,30,[9, 6, 10, 2, 1, 4],[[1, 1], [2, 1], [3, 1], [3, 2], [1, 2], [2, 3]],1413,308,1365,253
549580,5,103,30,[9, 6, 10, 2, 1, 4],[[1, 1], [2, 1], [3, 1], [3, 2], [1, 2], [2, 3]],1392,263,1368,243
549639,5,103,30,[9, 6, 10, 2, 1, 4],[[1, 1], [2, 1], [3, 1], [3, 2], [1, 2], [2, 3]],1418,259,1368,243
549702,5,103,30,[9, 6, 10, 2, 1, 4],[[1, 1], [2, 1], [3, 1], [3, 2], [1, 2], [2, 3]],1414,262,1356,264
549797,5,103,30,[9, 6, 10, 2, 1, 4],[[1, 1], [2, 1], [3, 1], [3, 2], [1, 2], [2, 3]],1417,250,1338,299
549868,5,103,30,[9, 6, 10, 2, 1, 4],[[1, 1], [2, 1], [3, 1], [3, 2], [1, 2], [2, 3]],1434,247,1333,313
549923,5,103,30,[9, 6, 10, 2, 1, 4],[[1, 1], [2, 1], [3, 1], [3, 2], [1, 2], [2, 3]],1442,230,1337,322
550006,5,103,30,[9, 6, 10, 2, 1, 4],[[1, 1], [2, 1], [3, 1], [3, 2], [1, 2], [2, 3]],1381,229,1352,332
550074,5,103,30,[9, 6, 10, 2, 1, 4],[[1, 1], [2, 1], [3, 1], [3, 2], [1, 2], [2, 3]],1367,231,1365,337
550143,5,103,30,[9, 6, 10, 2, 1, 4],[[1, 1], [2, 1], [3, 1], [3, 2], [1, 2], [2, 3]],1364,233,1373,340
550216,5,103,30,[9, 6, 10, 2, 1, 4],[[1, 1], [2, 1], [3, 1], [3, 2], [1, 2], [2, 3]],1368,237,1382,340
550271,5,103,30,[9, 6, 10, 2, 1, 4],[[1, 1], [2, 1], [3, 1], [3, 2], [1, 2], [2, 3]],1373,218,1390,338
550356,5,103,30,[9, 6, 10, 2, 1, 4],[[1, 1], [2, 1], [3, 1], [3, 2], [1, 2], [2, 3]],1372,198,1394,308
550408,5,103,30,[9, 6, 10, 2, 1, 4],[[1, 1], [2, 1], [3, 1], [3, 2], [1, 2], [2, 3]],1377,211,1381,287
550468,5,103,30,[9, 6, 10, 2, 1, 4],[[1, 1], [2, 1], [3, 1], [3, 2], [1, 2], [2, 3]],1364,211,1364,264
550549,5,103,30,[9, 6, 10, 2, 1, 4],[[1, 1], [2, 1], [3, 1], [3, 2], [1, 2], [2, 3]],1345,226,1350,242
550626,5,103,30,[9, 6, 10, 2, 1, 4],[[1, 1], [2, 1], [3, 1], [3, 2], [1, 2], [2, 3]],1340,238,1342,237
550712,5,103,30,[9, 6, 10, 2, 1, 4],[[1, 1], [2, 1], [3, 1], [3, 2], [1, 2], [2, 3]],1371,229,1338,236
550768,5,103,30,[9, 6, 10, 2, 1, 4],[[1, 1], [2, 1], [3, 1], [3, 2], [1, 2], [2, 3]],1379,199,1332,240
550825,5,103,30,[9, 6, 10, 2, 1, 4],[[1, 1], [2, 1], [3, 1], [3, 2], [1, 2], [2, 3]],1379,196,1332,240
550869,5,103,30,[9, 6, 10, 2, 1, 4],[[1, 1], [2, 1], [3, 1], [3, 2], [1, 2], [2, 3]],1380,202,1332,240
550919,5,103,30,[9, 6, 10, 2, 1, 4],[[1, 1], [2, 1], [3, 1], [3, 2], [1, 2], [2, 3]],1382,218,1332,240
550959,5,103,30,[9, 6, 10, 2, 1, 4],[[1, 1], [2, 1], [3, 1], [3, 2], [1, 2], [2, 3]],1383,238,1332,240
551007,5,103,30,[9, 6, 10, 2, 1, 4],[[1, 1], [2, 1], [3, 1], [3, 2], [1, 2], [2, 3]],1400,237,1332,240
551065,5,103,30,[9, 6, 10, 2, 1, 4],[[1, 1], [2, 1], [3, 1], [3, 2], [1, 2], [2, 3]],1400,262,1332,240
551116,5,103,30,[9, 6, 10, 2, 1, 4],[[1, 1], [2, 1], [3, 1], [3, 2], [1, 2], [2, 3]],1402,256,1357,237
551175,5,103,30,[9, 6, 10, 2, 1, 4],[[1, 1], [2, 1], [3, 1], [3, 2], [1, 2], [2, 3]],1360,229,1398,216
551217,5,103,30,[9, 6, 10, 2, 1, 4],[[1, 1], [2, 1], [3, 1], [3, 2], [1, 2], [2, 3]],1368,236,1402,211
551276,5,103,30,[9, 6, 10, 2, 1, 4],[[1, 1], [2, 1], [3, 1], [3, 2], [1, 2], [2, 3]],1367,259,1402,211
551318,5,103,30,[9, 6, 10, 2, 1, 4],[[1, 1], [2, 1], [3, 1], [3, 2], [1, 2], [2, 3]],1355,239,1402,211
551377,5,103,30,[9, 6, 10, 2, 1, 4],[[1, 1], [2, 1], [3, 1], [3, 2], [1, 2], [2, 3]],1346,240,1405,226
551434,5,104,38,[9, 6, 10, 2, 5, 8],[[2, 1], [3, 1], [1, 2], [1, 3], [2, 3], [3, 2]],1359,257,1412,253
551476,5,104,38,[9, 6, 10, 2, 5, 8],[[2, 1], [3, 1], [1, 2], [1, 3], [2, 3], [3, 2]],1347,261,1412,267
551518,5,104,38,[9, 6, 10, 2, 5, 8],[[2, 1], [3, 1], [1, 2], [1, 3], [2, 3], [3, 2]],1326,285,1412,268
551602,5,104,38,[9, 6, 10, 2, 5, 8],[[2, 1], [3, 1], [1, 2], [1, 3], [2, 3], [3, 2]],1312,312,1412,268
551641,5,104,38,[9, 6, 10, 2, 5, 8],[[2, 1], [3, 1], [1, 2], [1, 3], [2, 3], [3, 2]],1317,341,1411,269
551711,5,104,38,[9, 6, 10, 2, 5, 8],[[2, 1], [3, 1], [1, 2], [1, 3], [2, 3], [3, 2]],1319,362,1399,271
551765,5,104,38,[9, 6, 10, 2, 5, 8],[[2, 1], [3, 1], [1, 2], [1, 3], [2, 3], [3, 2]],1333,367,1391,271
551807,5,104,38,[9, 6, 10, 2, 5, 8],[[2, 1], [3, 1], [1, 2], [1, 3], [2, 3], [3, 2]],1365,366,1383,269
551895,5,104,38,[9, 6, 10, 2, 5, 8],[[2, 1], [3, 1], [1, 2], [1, 3], [2, 3], [3, 2]],1369,341,1373,267
551982,5,104,38,[9, 6, 10, 2, 5, 8],[[2, 1], [3, 1], [1, 2], [1, 3], [2, 3], [3, 2]],1364,327,1307,330
552089,5,104,38,[9, 6, 10, 2, 5, 8],[[2, 1], [3, 1], [1, 2], [1, 3], [2, 3], [3, 2]],1346,324,1259,525
552153,5,104,38,[9, 6, 10, 2, 5, 8],[[2, 1], [3, 1], [1, 2], [1, 3], [2, 3], [3, 2]],1345,310,1280,539
552231,5,104,38,[9, 6, 10, 2, 5, 8],[[2, 1], [3, 1], [1, 2], [1, 3], [2, 3], [3, 2]],1353,325,1329,534
552276,5,104,38,[9, 6, 10, 2, 5, 8],[[2, 1], [3, 1], [1, 2], [1, 3], [2, 3], [3, 2]],1369,320,1356,520
552372,5,104,38,[9, 6, 10, 2, 5, 8],[[2, 1], [3, 1], [1, 2], [1, 3], [2, 3], [3, 2]],1376,296,1373,494
552421,5,104,38,[9, 6, 10, 2, 5, 8],[[2, 1], [3, 1], [1, 2], [1, 3], [2, 3], [3, 2]],1393,271,1386,457
552515,5,104,38,[9, 6, 10, 2, 5, 8],[[2, 1], [3, 1], [1, 2], [1, 3], [2, 3], [3, 2]],1395,271,1375,425
552583,5,104,38,[9, 6, 10, 2, 5, 8],[[2, 1], [3, 1], [1, 2], [1, 3], [2, 3], [3, 2]],1413,278,1358,403
552640,5,104,38,[9, 6, 10, 2, 5, 8],[[2, 1], [3, 1], [1, 2], [1, 3], [2, 3], [3, 2]],1430,270,1345,390
552705,5,104,38,[9, 6, 10, 2, 5, 8],[[2, 1], [3, 1], [1, 2], [1, 3], [2, 3], [3, 2]],1423,270,1337,374
552769,5,104,38,[9, 6, 10, 2, 5, 8],[[2, 1], [3, 1], [1, 2], [1, 3], [2, 3], [3, 2]],1394,244,1343,337
552842,5,104,38,[9, 6, 10, 2, 5, 8],[[2, 1], [3, 1], [1, 2], [1, 3], [2, 3], [3, 2]],1397,230,1353,312
552905,5,104,38,[9, 6, 10, 2, 5, 8],[[2, 1], [3, 1], [1, 2], [1, 3], [2, 3], [3, 2]],1395,237,1361,307
552945,5,104,38,[9, 6, 10, 2, 5, 8],[[2, 1], [3, 1], [1, 2], [1, 3], [2, 3], [3, 2]],1398,257,1371,299
552989,5,104,38,[9, 6, 10, 2, 5, 8],[[2, 1], [3, 1], [1, 2], [1, 3], [2, 3], [3, 2]],1400,259,1384,296
553040,5,104,38,[9, 6, 10, 2, 5, 8],[[2, 1], [3, 1], [1, 2], [1, 3], [2, 3], [3, 2]],1404,232,1399,303
553080,5,104,38,[9, 6, 10, 2, 5, 8],[[2, 1], [3, 1], [1, 2], [1, 3], [2, 3], [3, 2]],1385,258,1405,312
553128,5,104,38,[9, 6, 10, 2, 5, 8],[[2, 1], [3, 1], [1, 2], [1, 3], [2, 3], [3, 2]],1385,246,1408,328
553193,5,104,38,[9, 6, 10, 2, 5, 8],[[2, 1], [3, 1], [1, 2], [1, 3], [2, 3], [3, 2]],1376,258,1403,335
553236,5,104,38,[9, 6, 10, 2, 5, 8],[[2, 1], [3, 1], [1, 2], [1, 3], [2, 3], [3, 2]],1348,259,1398,338
553310,5,104,38,[9, 6, 10, 2, 5, 8],[[2, 1], [3, 1], [1, 2], [1, 3], [2, 3], [3, 2]],1333,291,1387,346
553361,5,104,38,[9, 6, 10, 2, 5, 8],[[2, 1], [3, 1], [1, 2], [1, 3], [2, 3], [3, 2]],1327,301,1375,354
553406,5,104,38,[9, 6, 10, 2, 5, 8],[[2, 1], [3, 1], [1, 2], [1, 3], [2, 3], [3, 2]],1325,280,1367,354
553457,5,104,38,[9, 6, 10, 2, 5, 8],[[2, 1], [3, 1], [1, 2], [1, 3], [2, 3], [3, 2]],1335,278,1361,350
553493,5,104,38,[9, 6, 10, 2, 5, 8],[[2, 1], [3, 1], [1, 2], [1, 3], [2, 3], [3, 2]],1314,254,1361,350
553551,5,104,38,[9, 6, 10, 2, 5, 8],[[2, 1], [3, 1], [1, 2], [1, 3], [2, 3], [3, 2]],1335,256,1360,348
553605,5,104,38,[9, 6, 10, 2, 5, 8],[[2, 1], [3, 1], [1, 2], [1, 3], [2, 3], [3, 2]],1329,266,1356,341
553659,5,104,38,[9, 6, 10, 2, 5, 8],[[2, 1], [3, 1], [1, 2], [1, 3], [2, 3], [3, 2]],1314,261,1356,341
553717,5,104,38,[9, 6, 10, 2, 5, 8],[[2, 1], [3, 1], [1, 2], [1, 3], [2, 3], [3, 2]],1309,262,1355,341
553770,5,104,38,[9, 6, 10, 2, 5, 8],[[2, 1], [3, 1], [1, 2], [1, 3], [2, 3], [3, 2]],1307,295,1345,316
553824,5,104,38,[9, 6, 10, 2, 5, 8],[[2, 1], [3, 1], [1, 2], [1, 3], [2, 3], [3, 2]],1303,285,1335,306
553878,5,104,38,[9, 6, 10, 2, 5, 8],[[2, 1], [3, 1], [1, 2], [1, 3], [2, 3], [3, 2]],1294,318,1332,295
553936,5,104,38,[9, 6, 10, 2, 5, 8],[[2, 1], [3, 1], [1, 2], [1, 3], [2, 3], [3, 2]],1296,322,1318,273
554004,5,104,38,[9, 6, 10, 2, 5, 8],[[2, 1], [3, 1], [1, 2], [1, 3], [2, 3], [3, 2]],1290,283,1308,246
554084,5,104,38,[9, 6, 10, 2, 5, 8],[[2, 1], [3, 1], [1, 2], [1, 3], [2, 3], [3, 2]],1270,301,1307,245
554129,5,104,38,[9, 6, 10, 2, 5, 8],[[2, 1], [3, 1], [1, 2], [1, 3], [2, 3], [3, 2]],1292,286,1307,245
554203,5,104,38,[9, 6, 10, 2, 5, 8],[[2, 1], [3, 1], [1, 2], [1, 3], [2, 3], [3, 2]],1287,278,1306,249
554280,5,104,38,[9, 6, 10, 2, 5, 8],[[2, 1], [3, 1], [1, 2], [1, 3], [2, 3], [3, 2]],1255,284,1303,278
554335,5,104,38,[9, 6, 10, 2, 5, 8],[[2, 1], [3, 1], [1, 2], [1, 3], [2, 3], [3, 2]],1252,315,1303,280
554402,5,104,38,[9, 6, 10, 2, 5, 8],[[2, 1], [3, 1], [1, 2], [1, 3], [2, 3], [3, 2]],1243,312,1303,280
554467,5,104,38,[9, 6, 10, 2, 5, 8],[[2, 1], [3, 1], [1, 2], [1, 3], [2, 3], [3, 2]],1276,296,1303,280
554544,5,104,38,[9, 6, 10, 2, 5, 8],[[2, 1], [3, 1], [1, 2], [1, 3], [2, 3], [3, 2]],1288,327,1302,290
554626,5,104,38,[9, 6, 10, 2, 5, 8],[[2, 1], [3, 1], [1, 2], [1, 3], [2, 3], [3, 2]],1292,332,1296,300
554706,5,104,38,[9, 6, 10, 2, 5, 8],[[2, 1], [3, 1], [1, 2], [1, 3], [2, 3], [3, 2]],1319,325,1286,306
554756,5,104,38,[9, 6, 10, 2, 5, 8],[[2, 1], [3, 1], [1, 2], [1, 3], [2, 3], [3, 2]],1297,331,1284,306
554824,5,104,38,[9, 6, 10, 2, 5, 8],[[2, 1], [3, 1], [1, 2], [1, 3], [2, 3], [3, 2]],1286,320,1259,298
554890,5,104,38,[9, 6, 10, 2, 5, 8],[[2, 1], [3, 1], [1, 2], [1, 3], [2, 3], [3, 2]],1290,305,1248,292
554939,5,104,38,[9, 6, 10, 2, 5, 8],[[2, 1], [3, 1], [1, 2], [1, 3], [2, 3], [3, 2]],1308,306,1248,292
555018,5,104,38,[9, 6, 10, 2, 5, 8],[[2, 1], [3, 1], [1, 2], [1, 3], [2, 3], [3, 2]],1323,294,1248,291
555087,5,104,38,[9, 6, 10, 2, 5, 8],[[2, 1], [3, 1], [1, 2], [1, 3], [2, 3], [3, 2]],1285,301,1248,291
555146,5,104,38,[9, 6, 10, 2, 5, 8],[[2, 1], [3, 1], [1, 2], [1, 3], [2, 3], [3, 2]],1293,287,1261,301
555195,5,104,38,[9, 6, 10, 2, 5, 8],[[2, 1], [3, 1], [1, 2], [1, 3], [2, 3], [3, 2]],1313,313,1262,302
555240,5,104,38,[9, 6, 10, 2, 5, 8],[[2, 1], [3, 1], [1, 2], [1, 3], [2, 3], [3, 2]],1288,329,1262,302
555293,5,104,38,[9, 6, 10, 2, 5, 8],[[2, 1], [3, 1], [1, 2], [1, 3], [2, 3], [3, 2]],1281,334,1262,302
555357,5,104,38,[9, 6, 10, 2, 5, 8],[[2, 1], [3, 1], [1, 2], [1, 3], [2, 3], [3, 2]],1340,340,1263,302
555420,5,104,38,[9, 6, 10, 2, 5, 8],[[2, 1], [3, 1], [1, 2], [1, 3], [2, 3], [3, 2]],1331,343,1291,299
555465,5,104,38,[9, 6, 10, 2, 5, 8],[[2, 1], [3, 1], [1, 2], [1, 3], [2, 3], [3, 2]],1355,338,1312,299
555533,5,105,21,[7, 12, 10, 2, 1, 4],[[1, 1], [2, 1], [3, 2], [3, 3], [1, 2], [2, 3]],1336,352,1323,298
555580,5,105,21,[7, 12, 10, 2, 1, 4],[[1, 1], [2, 1], [3, 2], [3, 3], [1, 2], [2, 3]],1319,338,1329,299
555650,5,105,21,[7, 12, 10, 2, 1, 4],[[1, 1], [2, 1], [3, 2], [3, 3], [1, 2], [2, 3]],1316,335,1341,321
555696,5,105,21,[7, 12, 10, 2, 1, 4],[[1, 1], [2, 1], [3, 2], [3, 3], [1, 2], [2, 3]],1293,346,1345,328
555764,5,105,21,[7, 12, 10, 2, 1, 4],[[1, 1], [2, 1], [3, 2], [3, 3], [1, 2], [2, 3]],1293,345,1353,332
555841,5,105,21,[7, 12, 10, 2, 1, 4],[[1, 1], [2, 1], [3, 2], [3, 3], [1, 2], [2, 3]],1294,348,1386,341
555911,5,105,21,[7, 12, 10, 2, 1, 4],[[1, 1], [2, 1], [3, 2], [3, 3], [1, 2], [2, 3]],1307,350,1408,349
555969,5,105,21,[7, 12, 10, 2, 1, 4],[[1, 1], [2, 1], [3, 2], [3, 3], [1, 2], [2, 3]],1307,374,1411,355
556028,5,105,21,[7, 12, 10, 2, 1, 4],[[1, 1], [2, 1], [3, 2], [3, 3], [1, 2], [2, 3]],1312,374,1410,366
556079,5,105,21,[7, 12, 10, 2, 1, 4],[[1, 1], [2, 1], [3, 2], [3, 3], [1, 2], [2, 3]],1309,367,1406,374
556119,5,105,21,[7, 12, 10, 2, 1, 4],[[1, 1], [2, 1], [3, 2], [3, 3], [1, 2], [2, 3]],1284,383,1402,378
556164,5,105,21,[7, 12, 10, 2, 1, 4],[[1, 1], [2, 1], [3, 2], [3, 3], [1, 2], [2, 3]],1286,361,1402,378
556268,5,105,21,[7, 12, 10, 2, 1, 4],[[1, 1], [2, 1], [3, 2], [3, 3], [1, 2], [2, 3]],1301,360,1402,379
556335,5,105,21,[7, 12, 10, 2, 1, 4],[[1, 1], [2, 1], [3, 2], [3, 3], [1, 2], [2, 3]],1289,353,1402,379
556414,5,105,21,[7, 12, 10, 2, 1, 4],[[1, 1], [2, 1], [3, 2], [3, 3], [1, 2], [2, 3]],1294,364,1395,383
556464,5,105,21,[7, 12, 10, 2, 1, 4],[[1, 1], [2, 1], [3, 2], [3, 3], [1, 2], [2, 3]],1319,342,1386,393
556533,5,105,21,[7, 12, 10, 2, 1, 4],[[1, 1], [2, 1], [3, 2], [3, 3], [1, 2], [2, 3]],1345,333,1376,417
556569,5,105,21,[7, 12, 10, 2, 1, 4],[[1, 1], [2, 1], [3, 2], [3, 3], [1, 2], [2, 3]],1356,326,1369,438
556637,5,105,21,[7, 12, 10, 2, 1, 4],[[1, 1], [2, 1], [3, 2], [3, 3], [1, 2], [2, 3]],1360,352,1365,443
556747,5,105,21,[7, 12, 10, 2, 1, 4],[[1, 1], [2, 1], [3, 2], [3, 3], [1, 2], [2, 3]],1370,334,1358,454
556811,5,105,21,[7, 12, 10, 2, 1, 4],[[1, 1], [2, 1], [3, 2], [3, 3], [1, 2], [2, 3]],1386,334,1352,461
556862,5,105,21,[7, 12, 10, 2, 1, 4],[[1, 1], [2, 1], [3, 2], [3, 3], [1, 2], [2, 3]],1358,319,1347,464
556905,5,105,21,[7, 12, 10, 2, 1, 4],[[1, 1], [2, 1], [3, 2], [3, 3], [1, 2], [2, 3]],1401,315,1340,470
556956,5,105,21,[7, 12, 10, 2, 1, 4],[[1, 1], [2, 1], [3, 2], [3, 3], [1, 2], [2, 3]],1382,301,1334,475
557016,5,105,21,[7, 12, 10, 2, 1, 4],[[1, 1], [2, 1], [3, 2], [3, 3], [1, 2], [2, 3]],1374,291,1331,482
557073,5,105,21,[7, 12, 10, 2, 1, 4],[[1, 1], [2, 1], [3, 2], [3, 3], [1, 2], [2, 3]],1363,305,1327,491
557137,5,105,21,[7, 12, 10, 2, 1, 4],[[1, 1], [2, 1], [3, 2], [3, 3], [1, 2], [2, 3]],1343,312,1327,491
557211,5,105,21,[7, 12, 10, 2, 1, 4],[[1, 1], [2, 1], [3, 2], [3, 3], [1, 2], [2, 3]],1362,294,1327,491
557270,5,105,21,[7, 12, 10, 2, 1, 4],[[1, 1], [2, 1], [3, 2], [3, 3], [1, 2], [2, 3]],1363,311,1369,437
557318,5,105,21,[7, 12, 10, 2, 1, 4],[[1, 1], [2, 1], [3, 2], [3, 3], [1, 2], [2, 3]],1340,307,1387,364
557353,5,105,21,[7, 12, 10, 2, 1, 4],[[1, 1], [2, 1], [3, 2], [3, 3], [1, 2], [2, 3]],1349,319,1386,342
557412,5,105,21,[7, 12, 10, 2, 1, 4],[[1, 1], [2, 1], [3, 2], [3, 3], [1, 2], [2, 3]],1360,330,1375,332
557481,5,105,21,[7, 12, 10, 2, 1, 4],[[1, 1], [2, 1], [3, 2], [3, 3], [1, 2], [2, 3]],1320,321,1353,316
557528,5,105,21,[7, 12, 10, 2, 1, 4],[[1, 1], [2, 1], [3, 2], [3, 3], [1, 2], [2, 3]],1322,309,1348,298
557569,5,105,21,[7, 12, 10, 2, 1, 4],[[1, 1], [2, 1], [3, 2], [3, 3], [1, 2], [2, 3]],1323,320,1342,286
557638,5,105,21,[7, 12, 10, 2, 1, 4],[[1, 1], [2, 1], [3, 2], [3, 3], [1, 2], [2, 3]],1336,319,1339,278
557688,5,105,21,[7, 12, 10, 2, 1, 4],[[1, 1], [2, 1], [3, 2], [3, 3], [1, 2], [2, 3]],1319,311,1337,276
557733,5,105,21,[7, 12, 10, 2, 1, 4],[[1, 1], [2, 1], [3, 2], [3, 3], [1, 2], [2, 3]],1303,334,1338,277
557779,5,105,21,[7, 12, 10, 2, 1, 4],[[1, 1], [2, 1], [3, 2], [3, 3], [1, 2], [2, 3]],1338,323,1346,289
557825,5,105,21,[7, 12, 10, 2, 1, 4],[[1, 1], [2, 1], [3, 2], [3, 3], [1, 2], [2, 3]],1350,319,1349,303
557906,5,105,21,[7, 12, 10, 2, 1, 4],[[1, 1], [2, 1], [3, 2], [3, 3], [1, 2], [2, 3]],1344,326,1344,322
557951,5,105,21,[7, 12, 10, 2, 1, 4],[[1, 1], [2, 1], [3, 2], [3, 3], [1, 2], [2, 3]],1363,334,1336,326
557994,5,105,21,[7, 12, 10, 2, 1, 4],[[1, 1], [2, 1], [3, 2], [3, 3], [1, 2], [2, 3]],1366,351,1322,326
558059,5,105,21,[7, 12, 10, 2, 1, 4],[[1, 1], [2, 1], [3, 2], [3, 3], [1, 2], [2, 3]],1377,378,1314,325
558132,5,105,21,[7, 12, 10, 2, 1, 4],[[1, 1], [2, 1], [3, 2], [3, 3], [1, 2], [2, 3]],1373,395,1303,325
558176,5,105,21,[7, 12, 10, 2, 1, 4],[[1, 1], [2, 1], [3, 2], [3, 3], [1, 2], [2, 3]],1350,409,1295,324
558233,5,105,21,[7, 12, 10, 2, 1, 4],[[1, 1], [2, 1], [3, 2], [3, 3], [1, 2], [2, 3]],1345,403,1293,324
558291,5,105,21,[7, 12, 10, 2, 1, 4],[[1, 1], [2, 1], [3, 2], [3, 3], [1, 2], [2, 3]],1359,417,1293,324
558377,5,105,21,[7, 12, 10, 2, 1, 4],[[1, 1], [2, 1], [3, 2], [3, 3], [1, 2], [2, 3]],1387,406,1293,324
558424,5,105,21,[7, 12, 10, 2, 1, 4],[[1, 1], [2, 1], [3, 2], [3, 3], [1, 2], [2, 3]],1393,417,1292,324
558498,5,105,21,[7, 12, 10, 2, 1, 4],[[1, 1], [2, 1], [3, 2], [3, 3], [1, 2], [2, 3]],1417,433,1309,404
558562,5,105,21,[7, 12, 10, 2, 1, 4],[[1, 1], [2, 1], [3, 2], [3, 3], [1, 2], [2, 3]],1429,427,1320,455
558607,5,105,21,[7, 12, 10, 2, 1, 4],[[1, 1], [2, 1], [3, 2], [3, 3], [1, 2], [2, 3]],1406,418,1326,469
558664,5,105,21,[7, 12, 10, 2, 1, 4],[[1, 1], [2, 1], [3, 2], [3, 3], [1, 2], [2, 3]],1394,400,1349,468
558721,5,105,21,[7, 12, 10, 2, 1, 4],[[1, 1], [2, 1], [3, 2], [3, 3], [1, 2], [2, 3]],1403,436,1388,457
558800,5,105,21,[7, 12, 10, 2, 1, 4],[[1, 1], [2, 1], [3, 2], [3, 3], [1, 2], [2, 3]],1416,426,1417,470
558847,5,105,21,[7, 12, 10, 2, 1, 4],[[1, 1], [2, 1], [3, 2], [3, 3], [1, 2], [2, 3]],1385,411,1421,471
558911,5,105,21,[7, 12, 10, 2, 1, 4],[[1, 1], [2, 1], [3, 2], [3, 3], [1, 2], [2, 3]],1393,437,1426,463
558962,5,105,21,[7, 12, 10, 2, 1, 4],[[1, 1], [2, 1], [3, 2], [3, 3], [1, 2], [2, 3]],1406,440,1427,431
559021,5,105,21,[7, 12, 10, 2, 1, 4],[[1, 1], [2, 1], [3, 2], [3, 3], [1, 2], [2, 3]],1382,421,1427,430
559069,5,105,21,[7, 12, 10, 2, 1, 4],[[1, 1], [2, 1], [3, 2], [3, 3], [1, 2], [2, 3]],1385,418,1427,434
559113,5,105,21,[7, 12, 10, 2, 1, 4],[[1, 1], [2, 1], [3, 2], [3, 3], [1, 2], [2, 3]],1369,406,1427,436
559160,5,105,21,[7, 12, 10, 2, 1, 4],[[1, 1], [2, 1], [3, 2], [3, 3], [1, 2], [2, 3]],1361,444,1427,436
559235,5,105,21,[7, 12, 10, 2, 1, 4],[[1, 1], [2, 1], [3, 2], [3, 3], [1, 2], [2, 3]],1382,454,1427,437
559301,5,105,21,[7, 12, 10, 2, 1, 4],[[1, 1], [2, 1], [3, 2], [3, 3], [1, 2], [2, 3]],1379,437,1426,437
559360,5,105,21,[7, 12, 10, 2, 1, 4],[[1, 1], [2, 1], [3, 2], [3, 3], [1, 2], [2, 3]],1369,425,1426,437
559412,5,105,21,[7, 12, 10, 2, 1, 4],[[1, 1], [2, 1], [3, 2], [3, 3], [1, 2], [2, 3]],1398,441,1426,437
559463,5,105,21,[7, 12, 10, 2, 1, 4],[[1, 1], [2, 1], [3, 2], [3, 3], [1, 2], [2, 3]],1393,412,1426,437
559506,5,105,21,[7, 12, 10, 2, 1, 4],[[1, 1], [2, 1], [3, 2], [3, 3], [1, 2], [2, 3]],1397,430,1426,437
559581,5,106,48,[9, 6, 11, 3, 1, 4],[[2, 1], [3, 1], [1, 2], [1, 3], [2, 2], [3, 3]],1421,447,1426,437
559625,5,106,48,[9, 6, 11, 3, 1, 4],[[2, 1], [3, 1], [1, 2], [1, 3], [2, 2], [3, 3]],1441,453,1426,437
559696,5,106,48,[9, 6, 11, 3, 1, 4],[[2, 1], [3, 1], [1, 2], [1, 3], [2, 2], [3, 3]],1405,466,1426,437
559787,5,106,48,[9, 6, 11, 3, 1, 4],[[2, 1], [3, 1], [1, 2], [1, 3], [2, 2], [3, 3]],1396,495,1426,437
559827,5,106,48,[9, 6, 11, 3, 1, 4],[[2, 1], [3, 1], [1, 2], [1, 3], [2, 2], [3, 3]],1398,492,1426,437
559888,5,106,48,[9, 6, 11, 3, 1, 4],[[2, 1], [3, 1], [1, 2], [1, 3], [2, 2], [3, 3]],1413,496,1426,437
559938,5,106,48,[9, 6, 11, 3, 1, 4],[[2, 1], [3, 1], [1, 2], [1, 3], [2, 2], [3, 3]],1414,493,1426,437
559993,5,106,48,[9, 6, 11, 3, 1, 4],[[2, 1], [3, 1], [1, 2], [1, 3], [2, 2], [3, 3]],1435,502,1426,437
560107,5,106,48,[9, 6, 11, 3, 1, 4],[[2, 1], [3, 1], [1, 2], [1, 3], [2, 2], [3, 3]],1413,510,1426,437
560152,5,106,48,[9, 6, 11, 3, 1, 4],[[2, 1], [3, 1], [1, 2], [1, 3], [2, 2], [3, 3]],1432,518,1423,475
560220,5,106,48,[9, 6, 11, 3, 1, 4],[[2, 1], [3, 1], [1, 2], [1, 3], [2, 2], [3, 3]],1406,518,1423,492
560259,5,106,48,[9, 6, 11, 3, 1, 4],[[2, 1], [3, 1], [1, 2], [1, 3], [2, 2], [3, 3]],1418,517,1424,502
560315,5,106,48,[9, 6, 11, 3, 1, 4],[[2, 1], [3, 1], [1, 2], [1, 3], [2, 2], [3, 3]],1434,505,1425,509
560376,5,106,48,[9, 6, 11, 3, 1, 4],[[2, 1], [3, 1], [1, 2], [1, 3], [2, 2], [3, 3]],1436,503,1426,518
560430,5,106,48,[9, 6, 11, 3, 1, 4],[[2, 1], [3, 1], [1, 2], [1, 3], [2, 2], [3, 3]],1382,510,1426,524
560529,5,106,48,[9, 6, 11, 3, 1, 4],[[2, 1], [3, 1], [1, 2], [1, 3], [2, 2], [3, 3]],1352,522,1426,524
560579,5,106,48,[9, 6, 11, 3, 1, 4],[[2, 1], [3, 1], [1, 2], [1, 3], [2, 2], [3, 3]],1369,546,1426,524
560645,5,106,48,[9, 6, 11, 3, 1, 4],[[2, 1], [3, 1], [1, 2], [1, 3], [2, 2], [3, 3]],1361,561,1425,524
560702,5,106,48,[9, 6, 11, 3, 1, 4],[[2, 1], [3, 1], [1, 2], [1, 3], [2, 2], [3, 3]],1355,569,1425,524
560770,5,106,48,[9, 6, 11, 3, 1, 4],[[2, 1], [3, 1], [1, 2], [1, 3], [2, 2], [3, 3]],1362,583,1425,525
560831,5,106,48,[9, 6, 11, 3, 1, 4],[[2, 1], [3, 1], [1, 2], [1, 3], [2, 2], [3, 3]],1398,589,1425,525
560899,5,106,48,[9, 6, 11, 3, 1, 4],[[2, 1], [3, 1], [1, 2], [1, 3], [2, 2], [3, 3]],1437,605,1419,529
560957,5,106,48,[9, 6, 11, 3, 1, 4],[[2, 1], [3, 1], [1, 2], [1, 3], [2, 2], [3, 3]],1427,620,1417,531
561010,5,106,48,[9, 6, 11, 3, 1, 4],[[2, 1], [3, 1], [1, 2], [1, 3], [2, 2], [3, 3]],1444,611,1415,536
561064,5,106,48,[9, 6, 11, 3, 1, 4],[[2, 1], [3, 1], [1, 2], [1, 3], [2, 2], [3, 3]],1420,592,1411,539
561122,5,106,48,[9, 6, 11, 3, 1, 4],[[2, 1], [3, 1], [1, 2], [1, 3], [2, 2], [3, 3]],1428,594,1410,542
561177,5,106,48,[9, 6, 11, 3, 1, 4],[[2, 1], [3, 1], [1, 2], [1, 3], [2, 2], [3, 3]],1433,607,1408,545
561229,5,106,48,[9, 6, 11, 3, 1, 4],[[2, 1], [3, 1], [1, 2], [1, 3], [2, 2], [3, 3]],1419,585,1407,550
561294,5,106,48,[9, 6, 11, 3, 1, 4],[[2, 1], [3, 1], [1, 2], [1, 3], [2, 2], [3, 3]],1439,586,1406,558
561353,5,106,48,[9, 6, 11, 3, 1, 4],[[2, 1], [3, 1], [1, 2], [1, 3], [2, 2], [3, 3]],1413,568,1406,570
561417,5,106,48,[9, 6, 11, 3, 1, 4],[[2, 1], [3, 1], [1, 2], [1, 3], [2, 2], [3, 3]],1418,556,1406,578
561480,5,106,48,[9, 6, 11, 3, 1, 4],[[2, 1], [3, 1], [1, 2], [1, 3], [2, 2], [3, 3]],1430,564,1406,581
561529,5,106,48,[9, 6, 11, 3, 1, 4],[[2, 1], [3, 1], [1, 2], [1, 3], [2, 2], [3, 3]],1410,593,1406,584
561574,5,106,48,[9, 6, 11, 3, 1, 4],[[2, 1], [3, 1], [1, 2], [1, 3], [2, 2], [3, 3]],1394,631,1406,585
561615,5,106,48,[9, 6, 11, 3, 1, 4],[[2, 1], [3, 1], [1, 2], [1, 3], [2, 2], [3, 3]],1369,635,1406,585
561684,5,106,48,[9, 6, 11, 3, 1, 4],[[2, 1], [3, 1], [1, 2], [1, 3], [2, 2], [3, 3]],1380,624,1406,585
561742,5,106,48,[9, 6, 11, 3, 1, 4],[[2, 1], [3, 1], [1, 2], [1, 3], [2, 2], [3, 3]],1375,616,1406,585
561806,5,106,48,[9, 6, 11, 3, 1, 4],[[2, 1], [3, 1], [1, 2], [1, 3], [2, 2], [3, 3]],1367,594,1406,585
561855,5,106,48,[9, 6, 11, 3, 1, 4],[[2, 1], [3, 1], [1, 2], [1, 3], [2, 2], [3, 3]],1358,568,1406,585
561900,5,106,48,[9, 6, 11, 3, 1, 4],[[2, 1], [3, 1], [1, 2], [1, 3], [2, 2], [3, 3]],1344,564,1406,588
561945,5,106,48,[9, 6, 11, 3, 1, 4],[[2, 1], [3, 1], [1, 2], [1, 3], [2, 2], [3, 3]],1323,568,1406,593
562019,5,106,48,[9, 6, 11, 3, 1, 4],[[2, 1], [3, 1], [1, 2], [1, 3], [2, 2], [3, 3]],1320,562,1406,597
562064,5,106,48,[9, 6, 11, 3, 1, 4],[[2, 1], [3, 1], [1, 2], [1, 3], [2, 2], [3, 3]],1311,576,1406,600
562099,5,106,48,[9, 6, 11, 3, 1, 4],[[2, 1], [3, 1], [1, 2], [1, 3], [2, 2], [3, 3]],1298,549,1405,603
562158,5,106,48,[9, 6, 11, 3, 1, 4],[[2, 1], [3, 1], [1, 2], [1, 3], [2, 2], [3, 3]],1293,544,1391,610
562211,5,106,48,[9, 6, 11, 3, 1, 4],[[2, 1], [3, 1], [1, 2], [1, 3], [2, 2], [3, 3]],1283,563,1378,612
562284,5,106,48,[9, 6, 11, 3, 1, 4],[[2, 1], [3, 1], [1, 2], [1, 3], [2, 2], [3, 3]],1270,562,1368,612
562338,5,106,48,[9, 6, 11, 3, 1, 4],[[2, 1], [3, 1], [1, 2], [1, 3], [2, 2], [3, 3]],1257,579,1351,612
562380,5,106,48,[9, 6, 11, 3, 1, 4],[[2, 1], [3, 1], [1, 2], [1, 3], [2, 2], [3, 3]],1269,554,1340,612
562435,5,106,48,[9, 6, 11, 3, 1, 4],[[2, 1], [3, 1], [1, 2], [1, 3], [2, 2], [3, 3]],1266,564,1320,604
562476,5,106,48,[9, 6, 11, 3, 1, 4],[[2, 1], [3, 1], [1, 2], [1, 3], [2, 2], [3, 3]],1267,572,1316,602
562546,5,106,48,[9, 6, 11, 3, 1, 4],[[2, 1], [3, 1], [1, 2], [1, 3], [2, 2], [3, 3]],1281,561,1296,601
562608,5,106,48,[9, 6, 11, 3, 1, 4],[[2, 1], [3, 1], [1, 2], [1, 3], [2, 2], [3, 3]],1291,577,1243,618
562707,5,106,48,[9, 6, 11, 3, 1, 4],[[2, 1], [3, 1], [1, 2], [1, 3], [2, 2], [3, 3]],1279,575,1234,622
562756,5,106,48,[9, 6, 11, 3, 1, 4],[[2, 1], [3, 1], [1, 2], [1, 3], [2, 2], [3, 3]],1256,599,1234,622
562821,5,106,48,[9, 6, 11, 3, 1, 4],[[2, 1], [3, 1], [1, 2], [1, 3], [2, 2], [3, 3]],1236,592,1186,601
562884,5,106,48,[9, 6, 11, 3, 1, 4],[[2, 1], [3, 1], [1, 2], [1, 3], [2, 2], [3, 3]],1240,589,1174,596
562949,5,106,48,[9, 6, 11, 3, 1, 4],[[2, 1], [3, 1], [1, 2], [1, 3], [2, 2], [3, 3]],1242,591,1183,582
563013,5,106,48,[9, 6, 11, 3, 1, 4],[[2, 1], [3, 1], [1, 2], [1, 3], [2, 2], [3, 3]],1275,565,1213,572
563082,5,106,48,[9, 6, 11, 3, 1, 4],[[2, 1], [3, 1], [1, 2], [1, 3], [2, 2], [3, 3]],1288,576,1226,575
563151,5,106,48,[9, 6, 11, 3, 1, 4],[[2, 1], [3, 1], [1, 2], [1, 3], [2, 2], [3, 3]],1296,582,1268,580
563218,5,106,48,[9, 6, 11, 3, 1, 4],[[2, 1], [3, 1], [1, 2], [1, 3], [2, 2], [3, 3]],1285,575,1282,580
563277,5,106,48,[9, 6, 11, 3, 1, 4],[[2, 1], [3, 1], [1, 2], [1, 3], [2, 2], [3, 3]],1255,585,1282,580
563331,5,106,48,[9, 6, 11, 3, 1, 4],[[2, 1], [3, 1], [1, 2], [1, 3], [2, 2], [3, 3]],1262,562,1282,580
563391,5,106,48,[9, 6, 11, 3, 1, 4],[[2, 1], [3, 1], [1, 2], [1, 3], [2, 2], [3, 3]],1266,573,1282,580
563447,5,106,48,[9, 6, 11, 3, 1, 4],[[2, 1], [3, 1], [1, 2], [1, 3], [2, 2], [3, 3]],1259,571,1311,560
563524,5,106,48,[9, 6, 11, 3, 1, 4],[[2, 1], [3, 1], [1, 2], [1, 3], [2, 2], [3, 3]],1242,578,1329,541
563584,5,106,48,[9, 6, 11, 3, 1, 4],[[2, 1], [3, 1], [1, 2], [1, 3], [2, 2], [3, 3]],1229,565,1330,541
563639,5,107,50,[9, 6, 10, 2, 5, 8],[[2, 1], [3, 1], [3, 2], [3, 3], [1, 3], [2, 2]],1236,554,1330,541
563698,5,107,50,[9, 6, 10, 2, 5, 8],[[2, 1], [3, 1], [3, 2], [3, 3], [1, 3], [2, 2]],1227,535,1330,541
563747,5,107,50,[9, 6, 10, 2, 5, 8],[[2, 1], [3, 1], [3, 2], [3, 3], [1, 3], [2, 2]],1232,508,1322,547
563815,5,107,50,[9, 6, 10, 2, 5, 8],[[2, 1], [3, 1], [3, 2], [3, 3], [1, 3], [2, 2]],1224,499,1281,572
563885,5,107,50,[9, 6, 10, 2, 5, 8],[[2, 1], [3, 1], [3, 2], [3, 3], [1, 3], [2, 2]],1227,479,1259,577
563952,5,107,50,[9, 6, 10, 2, 5, 8],[[2, 1], [3, 1], [3, 2], [3, 3], [1, 3], [2, 2]],1219,479,1234,565
564001,5,107,50,[9, 6, 10, 2, 5, 8],[[2, 1], [3, 1], [3, 2], [3, 3], [1, 3], [2, 2]],1213,482,1214,556
564054,5,107,50,[9, 6, 10, 2, 5, 8],[[2, 1], [3, 1], [3, 2], [3, 3], [1, 3], [2, 2]],1188,482,1201,550
564100,5,107,50,[9, 6, 10, 2, 5, 8],[[2, 1], [3, 1], [3, 2], [3, 3], [1, 3], [2, 2]],1194,500,1183,541
564148,5,107,50,[9, 6, 10, 2, 5, 8],[[2, 1], [3, 1], [3, 2], [3, 3], [1, 3], [2, 2]],1194,496,1178,514
564208,5,107,50,[9, 6, 10, 2, 5, 8],[[2, 1], [3, 1], [3, 2], [3, 3], [1, 3], [2, 2]],1201,486,1188,480
564251,5,107,50,[9, 6, 10, 2, 5, 8],[[2, 1], [3, 1], [3, 2], [3, 3], [1, 3], [2, 2]],1199,477,1198,458
564316,5,107,50,[9, 6, 10, 2, 5, 8],[[2, 1], [3, 1], [3, 2], [3, 3], [1, 3], [2, 2]],1199,461,1205,458
564386,5,107,50,[9, 6, 10, 2, 5, 8],[[2, 1], [3, 1], [3, 2], [3, 3], [1, 3], [2, 2]],1185,478,1212,451
564452,5,107,50,[9, 6, 10, 2, 5, 8],[[2, 1], [3, 1], [3, 2], [3, 3], [1, 3], [2, 2]],1189,474,1223,426
564512,5,107,50,[9, 6, 10, 2, 5, 8],[[2, 1], [3, 1], [3, 2], [3, 3], [1, 3], [2, 2]],1187,510,1230,409
564560,5,107,50,[9, 6, 10, 2, 5, 8],[[2, 1], [3, 1], [3, 2], [3, 3], [1, 3], [2, 2]],1177,477,1230,400
564625,5,107,50,[9, 6, 10, 2, 5, 8],[[2, 1], [3, 1], [3, 2], [3, 3], [1, 3], [2, 2]],1172,470,1224,389
564694,5,107,50,[9, 6, 10, 2, 5, 8],[[2, 1], [3, 1], [3, 2], [3, 3], [1, 3], [2, 2]],1191,491,1218,380
564757,5,107,50,[9, 6, 10, 2, 5, 8],[[2, 1], [3, 1], [3, 2], [3, 3], [1, 3], [2, 2]],1171,476,1217,378
564831,5,107,50,[9, 6, 10, 2, 5, 8],[[2, 1], [3, 1], [3, 2], [3, 3], [1, 3], [2, 2]],1184,475,1214,387
564889,5,107,50,[9, 6, 10, 2, 5, 8],[[2, 1], [3, 1], [3, 2], [3, 3], [1, 3], [2, 2]],1195,461,1202,425
564946,5,107,50,[9, 6, 10, 2, 5, 8],[[2, 1], [3, 1], [3, 2], [3, 3], [1, 3], [2, 2]],1186,473,1194,439
564999,5,107,50,[9, 6, 10, 2, 5, 8],[[2, 1], [3, 1], [3, 2], [3, 3], [1, 3], [2, 2]],1195,449,1188,455
565054,5,107,50,[9, 6, 10, 2, 5, 8],[[2, 1], [3, 1], [3, 2], [3, 3], [1, 3], [2, 2]],1171,455,1187,473
565108,5,107,50,[9, 6, 10, 2, 5, 8],[[2, 1], [3, 1], [3, 2], [3, 3], [1, 3], [2, 2]],1167,450,1207,502
565172,5,107,50,[9, 6, 10, 2, 5, 8],[[2, 1], [3, 1], [3, 2], [3, 3], [1, 3], [2, 2]],1171,448,1213,513
565239,5,107,50,[9, 6, 10, 2, 5, 8],[[2, 1], [3, 1], [3, 2], [3, 3], [1, 3], [2, 2]],1149,453,1213,515
565292,5,107,50,[9, 6, 10, 2, 5, 8],[[2, 1], [3, 1], [3, 2], [3, 3], [1, 3], [2, 2]],1128,445,1213,515
565359,5,107,50,[9, 6, 10, 2, 5, 8],[[2, 1], [3, 1], [3, 2], [3, 3], [1, 3], [2, 2]],1125,442,1213,515
565421,5,107,50,[9, 6, 10, 2, 5, 8],[[2, 1], [3, 1], [3, 2], [3, 3], [1, 3], [2, 2]],1131,428,1213,515
565491,5,107,50,[9, 6, 10, 2, 5, 8],[[2, 1], [3, 1], [3, 2], [3, 3], [1, 3], [2, 2]],1145,427,1213,515
565590,5,107,50,[9, 6, 10, 2, 5, 8],[[2, 1], [3, 1], [3, 2], [3, 3], [1, 3], [2, 2]],1140,430,1213,515
565667,5,107,50,[9, 6, 10, 2, 5, 8],[[2, 1], [3, 1], [3, 2], [3, 3], [1, 3], [2, 2]],1122,416,1197,506
565733,5,107,50,[9, 6, 10, 2, 5, 8],[[2, 1], [3, 1], [3, 2], [3, 3], [1, 3], [2, 2]],1120,402,1168,487
565790,5,107,50,[9, 6, 10, 2, 5, 8],[[2, 1], [3, 1], [3, 2], [3, 3], [1, 3], [2, 2]],1152,407,1159,480
565863,5,107,50,[9, 6, 10, 2, 5, 8],[[2, 1], [3, 1], [3, 2], [3, 3], [1, 3], [2, 2]],1161,431,1154,475
565930,5,107,50,[9, 6, 10, 2, 5, 8],[[2, 1], [3, 1], [3, 2], [3, 3], [1, 3], [2, 2]],1143,405,1152,466
565986,5,107,50,[9, 6, 10, 2, 5, 8],[[2, 1], [3, 1], [3, 2], [3, 3], [1, 3], [2, 2]],1157,429,1153,453
566051,5,107,50,[9, 6, 10, 2, 5, 8],[[2, 1], [3, 1], [3, 2], [3, 3], [1, 3], [2, 2]],1149,413,1170,441
566111,5,107,50,[9, 6, 10, 2, 5, 8],[[2, 1], [3, 1], [3, 2], [3, 3], [1, 3], [2, 2]],1125,406,1175,434
566177,5,107,50,[9, 6, 10, 2, 5, 8],[[2, 1], [3, 1], [3, 2], [3, 3], [1, 3], [2, 2]],1100,392,1165,427
566236,5,107,50,[9, 6, 10, 2, 5, 8],[[2, 1], [3, 1], [3, 2], [3, 3], [1, 3], [2, 2]],1107,400,1156,423
566307,5,107,50,[9, 6, 10, 2, 5, 8],[[2, 1], [3, 1], [3, 2], [3, 3], [1, 3], [2, 2]],1085,422,1143,416
566388,5,107,50,[9, 6, 10, 2, 5, 8],[[2, 1], [3, 1], [3, 2], [3, 3], [1, 3], [2, 2]],1077,408,1143,416
566426,5,107,50,[9, 6, 10, 2, 5, 8],[[2, 1], [3, 1], [3, 2], [3, 3], [1, 3], [2, 2]],1084,389,1143,417
566495,5,107,50,[9, 6, 10, 2, 5, 8],[[2, 1], [3, 1], [3, 2], [3, 3], [1, 3], [2, 2]],1107,366,1143,424
566544,5,107,50,[9, 6, 10, 2, 5, 8],[[2, 1], [3, 1], [3, 2], [3, 3], [1, 3], [2, 2]],1096,375,1143,424
566592,5,107,50,[9, 6, 10, 2, 5, 8],[[2, 1], [3, 1], [3, 2], [3, 3], [1, 3], [2, 2]],1088,378,1143,424
566646,5,107,50,[9, 6, 10, 2, 5, 8],[[2, 1], [3, 1], [3, 2], [3, 3], [1, 3], [2, 2]],1067,363,1111,420
566693,5,107,50,[9, 6, 10, 2, 5, 8],[[2, 1], [3, 1], [3, 2], [3, 3], [1, 3], [2, 2]],1082,390,1077,411
566751,5,107,50,[9, 6, 10, 2, 5, 8],[[2, 1], [3, 1], [3, 2], [3, 3], [1, 3], [2, 2]],1092,382,1051,403
566787,5,107,50,[9, 6, 10, 2, 5, 8],[[2, 1], [3, 1], [3, 2], [3, 3], [1, 3], [2, 2]],1114,404,1050,403
566846,5,107,50,[9, 6, 10, 2, 5, 8],[[2, 1], [3, 1], [3, 2], [3, 3], [1, 3], [2, 2]],1130,419,1059,397
566890,5,107,50,[9, 6, 10, 2, 5, 8],[[2, 1], [3, 1], [3, 2], [3, 3], [1, 3], [2, 2]],1101,427,1074,389
566941,5,107,50,[9, 6, 10, 2, 5, 8],[[2, 1], [3, 1], [3, 2], [3, 3], [1, 3], [2, 2]],1107,442,1081,387
566985,5,107,50,[9, 6, 10, 2, 5, 8],[[2, 1], [3, 1], [3, 2], [3, 3], [1, 3], [2, 2]],1082,468,1084,386
567031,5,107,50,[9, 6, 10, 2, 5, 8],[[2, 1], [3, 1], [3, 2], [3, 3], [1, 3], [2, 2]],1114,471,1086,381
567089,5,107,50,[9, 6, 10, 2, 5, 8],[[2, 1], [3, 1], [3, 2], [3, 3], [1, 3], [2, 2]],1107,481,1089,377
567136,5,107,50,[9, 6, 10, 2, 5, 8],[[2, 1], [3, 1], [3, 2], [3, 3], [1, 3], [2, 2]],1107,459,1092,373
567178,5,107,50,[9, 6, 10, 2, 5, 8],[[2, 1], [3, 1], [3, 2], [3, 3], [1, 3], [2, 2]],1119,444,1100,376
567220,5,107,50,[9, 6, 10, 2, 5, 8],[[2, 1], [3, 1], [3, 2], [3, 3], [1, 3], [2, 2]],1128,457,1109,379
567274,5,107,50,[9, 6, 10, 2, 5, 8],[[2, 1], [3, 1], [3, 2], [3, 3], [1, 3], [2, 2]],1170,475,1112,391
567332,5,107,50,[9, 6, 10, 2, 5, 8],[[2, 1], [3, 1], [3, 2], [3, 3], [1, 3], [2, 2]],1186,503,1110,416
567386,5,107,50,[9, 6, 10, 2, 5, 8],[[2, 1], [3, 1], [3, 2], [3, 3], [1, 3], [2, 2]],1208,525,1109,440
567435,5,107,50,[9, 6, 10, 2, 5, 8],[[2, 1], [3, 1], [3, 2], [3, 3], [1, 3], [2, 2]],1207,522,1116,450
567493,5,107,50,[9, 6, 10, 2, 5, 8],[[2, 1], [3, 1], [3, 2], [3, 3], [1, 3], [2, 2]],1206,547,1119,455
567547,5,107,50,[9, 6, 10, 2, 5, 8],[[2, 1], [3, 1], [3, 2], [3, 3], [1, 3], [2, 2]],1209,528,1140,466
567601,5,107,50,[9, 6, 10, 2, 5, 8],[[2, 1], [3, 1], [3, 2], [3, 3], [1, 3], [2, 2]],1191,557,1162,473
567650,5,108,70,[9, 6, 10, 2, 1, 4],[[2, 1], [3, 1], [1, 1], [1, 2], [2, 2], [3, 3]],1166,565,1183,479
588894,6,108,70,[9, 6, 10, 2, 1, 4],[[2, 1], [3, 1], [1, 1], [1, 2], [2, 2], [3, 3]],960,570,960,542
588948,6,108,70,[9, 6, 10, 2, 1, 4],[[2, 1], [3, 1], [1, 1], [1, 2], [2, 2], [3, 3]],978,568,960,542
589007,6,108,70,[9, 6, 10, 2, 1, 4],[[2, 1], [3, 1], [1, 1], [1, 2], [2, 2], [3, 3]],978,601,960,542
589066,6,108,70,[9, 6, 10, 2, 1, 4],[[2, 1], [3, 1], [1, 1], [1, 2], [2, 2], [3, 3]],983,592,960,542
589125,6,108,70,[9, 6, 10, 2, 1, 4],[[2, 1], [3, 1], [1, 1], [1, 2], [2, 2], [3, 3]],999,611,960,542
589180,6,108,70,[9, 6, 10, 2, 1, 4],[[2, 1], [3, 1], [1, 1], [1, 2], [2, 2], [3, 3]],983,583,960,542
589242,6,108,70,[9, 6, 10, 2, 1, 4],[[2, 1], [3, 1], [1, 1], [1, 2], [2, 2], [3, 3]],1009,569,960,542
589296,6,108,70,[9, 6, 10, 2, 1, 4],[[2, 1], [3, 1], [1, 1], [1, 2], [2, 2], [3, 3]],1007,555,960,542
589353,6,108,70,[9, 6, 10, 2, 1, 4],[[2, 1], [3, 1], [1, 1], [1, 2], [2, 2], [3, 3]],1008,555,960,542
589416,6,108,70,[9, 6, 10, 2, 1, 4],[[2, 1], [3, 1], [1, 1], [1, 2], [2, 2], [3, 3]],1007,562,960,546
589471,6,108,70,[9, 6, 10, 2, 1, 4],[[2, 1], [3, 1], [1, 1], [1, 2], [2, 2], [3, 3]],991,575,960,549
589544,6,108,70,[9, 6, 10, 2, 1, 4],[[2, 1], [3, 1], [1, 1], [1, 2], [2, 2], [3, 3]],979,550,960,549
589602,6,108,70,[9, 6, 10, 2, 1, 4],[[2, 1], [3, 1], [1, 1], [1, 2], [2, 2], [3, 3]],952,553,969,549
589671,6,108,70,[9, 6, 10, 2, 1, 4],[[2, 1], [3, 1], [1, 1], [1, 2], [2, 2], [3, 3]],962,578,990,555
589748,6,108,70,[9, 6, 10, 2, 1, 4],[[2, 1], [3, 1], [1, 1], [1, 2], [2, 2], [3, 3]],968,557,1002,570
589804,6,108,70,[9, 6, 10, 2, 1, 4],[[2, 1], [3, 1], [1, 1], [1, 2], [2, 2], [3, 3]],944,560,1005,577
589866,6,108,70,[9, 6, 10, 2, 1, 4],[[2, 1], [3, 1], [1, 1], [1, 2], [2, 2], [3, 3]],941,555,997,573
589926,6,109,29,[7, 12, 10, 2, 1, 4],[[1, 1], [2, 1], [3, 1], [3, 2], [1, 2], [2, 3]],918,548,993,572
589994,6,109,29,[7, 12, 10, 2, 1, 4],[[1, 1], [2, 1], [3, 1], [3, 2], [1, 2], [2, 3]],906,538,982,577
590061,6,109,29,[7, 12, 10, 2, 1, 4],[[1, 1], [2, 1], [3, 1], [3, 2], [1, 2], [2, 3]],892,520,975,577
590136,6,109,29,[7, 12, 10, 2, 1, 4],[[1, 1], [2, 1], [3, 1], [3, 2], [1, 2], [2, 3]],898,549,963,579
590206,6,109,29,[7, 12, 10, 2, 1, 4],[[1, 1], [2, 1], [3, 1], [3, 2], [1, 2], [2, 3]],886,529,957,580
590263,6,109,29,[7, 12, 10, 2, 1, 4],[[1, 1], [2, 1], [3, 1], [3, 2], [1, 2], [2, 3]],902,532,941,575
590317,6,109,29,[7, 12, 10, 2, 1, 4],[[1, 1], [2, 1], [3, 1], [3, 2], [1, 2], [2, 3]],907,535,933,570
590379,6,109,29,[7, 12, 10, 2, 1, 4],[[1, 1], [2, 1], [3, 1], [3, 2], [1, 2], [2, 3]],908,513,924,565
590444,6,109,29,[7, 12, 10, 2, 1, 4],[[1, 1], [2, 1], [3, 1], [3, 2], [1, 2], [2, 3]],941,488,921,564
590501,6,109,29,[7, 12, 10, 2, 1, 4],[[1, 1], [2, 1], [3, 1], [3, 2], [1, 2], [2, 3]],964,484,921,564
590587,6,109,29,[7, 12, 10, 2, 1, 4],[[1, 1], [2, 1], [3, 1], [3, 2], [1, 2], [2, 3]],970,483,902,571
590647,6,109,29,[7, 12, 10, 2, 1, 4],[[1, 1], [2, 1], [3, 1], [3, 2], [1, 2], [2, 3]],996,462,888,577
590704,6,109,29,[7, 12, 10, 2, 1, 4],[[1, 1], [2, 1], [3, 1], [3, 2], [1, 2], [2, 3]],1002,438,888,577
590789,6,109,29,[7, 12, 10, 2, 1, 4],[[1, 1], [2, 1], [3, 1], [3, 2], [1, 2], [2, 3]],983,472,953,567
590846,6,109,29,[7, 12, 10, 2, 1, 4],[[1, 1], [2, 1], [3, 1], [3, 2], [1, 2], [2, 3]],1021,500,996,568
590905,6,109,29,[7, 12, 10, 2, 1, 4],[[1, 1], [2, 1], [3, 1], [3, 2], [1, 2], [2, 3]],1018,474,997,565
590969,6,109,29,[7, 12, 10, 2, 1, 4],[[1, 1], [2, 1], [3, 1], [3, 2], [1, 2], [2, 3]],1014,463,1011,489
591023,6,109,29,[7, 12, 10, 2, 1, 4],[[1, 1], [2, 1], [3, 1], [3, 2], [1, 2], [2, 3]],1007,466,1009,473
591082,6,109,29,[7, 12, 10, 2, 1, 4],[[1, 1], [2, 1], [3, 1], [3, 2], [1, 2], [2, 3]],996,458,1003,477
591134,6,109,29,[7, 12, 10, 2, 1, 4],[[1, 1], [2, 1], [3, 1], [3, 2], [1, 2], [2, 3]],1004,454,986,504
591201,6,109,29,[7, 12, 10, 2, 1, 4],[[1, 1], [2, 1], [3, 1], [3, 2], [1, 2], [2, 3]],1009,467,983,509
591242,6,109,29,[7, 12, 10, 2, 1, 4],[[1, 1], [2, 1], [3, 1], [3, 2], [1, 2], [2, 3]],999,470,983,509
591301,6,109,29,[7, 12, 10, 2, 1, 4],[[1, 1], [2, 1], [3, 1], [3, 2], [1, 2], [2, 3]],983,466,983,510
591344,6,109,29,[7, 12, 10, 2, 1, 4],[[1, 1], [2, 1], [3, 1], [3, 2], [1, 2], [2, 3]],980,469,1011,518
591401,6,109,29,[7, 12, 10, 2, 1, 4],[[1, 1], [2, 1], [3, 1], [3, 2], [1, 2], [2, 3]],955,488,1019,520
591455,6,109,29,[7, 12, 10, 2, 1, 4],[[1, 1], [2, 1], [3, 1], [3, 2], [1, 2], [2, 3]],940,490,1019,520
591509,6,109,29,[7, 12, 10, 2, 1, 4],[[1, 1], [2, 1], [3, 1], [3, 2], [1, 2], [2, 3]],952,451,1017,522
591581,6,109,29,[7, 12, 10, 2, 1, 4],[[1, 1], [2, 1], [3, 1], [3, 2], [1, 2], [2, 3]],961,450,999,532
591655,6,109,29,[7, 12, 10, 2, 1, 4],[[1, 1], [2, 1], [3, 1], [3, 2], [1, 2], [2, 3]],972,406,995,537
591704,6,109,29,[7, 12, 10, 2, 1, 4],[[1, 1], [2, 1], [3, 1], [3, 2], [1, 2], [2, 3]],997,401,988,542
591788,6,109,29,[7, 12, 10, 2, 1, 4],[[1, 1], [2, 1], [3, 1], [3, 2], [1, 2], [2, 3]],1013,399,982,542
591827,6,109,29,[7, 12, 10, 2, 1, 4],[[1, 1], [2, 1], [3, 1], [3, 2], [1, 2], [2, 3]],1040,396,936,510
591870,6,109,29,[7, 12, 10, 2, 1, 4],[[1, 1], [2, 1], [3, 1], [3, 2], [1, 2], [2, 3]],1029,371,929,497
591928,6,109,29,[7, 12, 10, 2, 1, 4],[[1, 1], [2, 1], [3, 1], [3, 2], [1, 2], [2, 3]],1034,361,926,489
591982,6,109,29,[7, 12, 10, 2, 1, 4],[[1, 1], [2, 1], [3, 1], [3, 2], [1, 2], [2, 3]],1043,378,928,487
592037,6,109,29,[7, 12, 10, 2, 1, 4],[[1, 1], [2, 1], [3, 1], [3, 2], [1, 2], [2, 3]],1044,362,954,483
592072,6,109,29,[7, 12, 10, 2, 1, 4],[[1, 1], [2, 1], [3, 1], [3, 2], [1, 2], [2, 3]],1042,360,984,481
592135,6,109,29,[7, 12, 10, 2, 1, 4],[[1, 1], [2, 1], [3, 1], [3, 2], [1, 2], [2, 3]],1019,366,1018,475
592180,6,109,29,[7, 12, 10, 2, 1, 4],[[1, 1], [2, 1], [3, 1], [3, 2], [1, 2], [2, 3]],1026,370,1038,464
592237,6,109,29,[7, 12, 10, 2, 1, 4],[[1, 1], [2, 1], [3, 1], [3, 2], [1, 2], [2, 3]],1018,363,1049,459
592324,6,109,29,[7, 12, 10, 2, 1, 4],[[1, 1], [2, 1], [3, 1], [3, 2], [1, 2], [2, 3]],1013,372,1050,456
592399,6,109,29,[7, 12, 10, 2, 1, 4],[[1, 1], [2, 1], [3, 1], [3, 2], [1, 2], [2, 3]],1013,388,1043,414
592450,6,109,29,[7, 12, 10, 2, 1, 4],[[1, 1], [2, 1], [3, 1], [3, 2], [1, 2], [2, 3]],987,405,1026,392
592520,6,109,29,[7, 12, 10, 2, 1, 4],[[1, 1], [2, 1], [3, 1], [3, 2], [1, 2], [2, 3]],1010,410,1015,374
592587,6,109,29,[7, 12, 10, 2, 1, 4],[[1, 1], [2, 1], [3, 1], [3, 2], [1, 2], [2, 3]],1029,403,1015,374
592671,6,109,29,[7, 12, 10, 2, 1, 4],[[1, 1], [2, 1], [3, 1], [3, 2], [1, 2], [2, 3]],1044,389,1013,381
592746,6,109,29,[7, 12, 10, 2, 1, 4],[[1, 1], [2, 1], [3, 1], [3, 2], [1, 2], [2, 3]],1064,387,1024,418
592811,6,109,29,[7, 12, 10, 2, 1, 4],[[1, 1], [2, 1], [3, 1], [3, 2], [1, 2], [2, 3]],1090,389,1025,436
592910,6,109,29,[7, 12, 10, 2, 1, 4],[[1, 1], [2, 1], [3, 1], [3, 2], [1, 2], [2, 3]],1071,374,1036,445
592962,6,109,29,[7, 12, 10, 2, 1, 4],[[1, 1], [2, 1], [3, 1], [3, 2], [1, 2], [2, 3]],1078,354,1104,445
593019,6,109,29,[7, 12, 10, 2, 1, 4],[[1, 1], [2, 1], [3, 1], [3, 2], [1, 2], [2, 3]],1102,336,1107,435
593078,6,109,29,[7, 12, 10, 2, 1, 4],[[1, 1], [2, 1], [3, 1], [3, 2], [1, 2], [2, 3]],1115,351,1102,415
593137,6,109,29,[7, 12, 10, 2, 1, 4],[[1, 1], [2, 1], [3, 1], [3, 2], [1, 2], [2, 3]],1124,359,1102,414
593202,6,109,29,[7, 12, 10, 2, 1, 4],[[1, 1], [2, 1], [3, 1], [3, 2], [1, 2], [2, 3]],1139,370,1096,410
593260,6,109,29,[7, 12, 10, 2, 1, 4],[[1, 1], [2, 1], [3, 1], [3, 2], [1, 2], [2, 3]],1119,359,1077,401
593324,6,109,29,[7, 12, 10, 2, 1, 4],[[1, 1], [2, 1], [3, 1], [3, 2], [1, 2], [2, 3]],1156,370,1077,398
593378,6,109,29,[7, 12, 10, 2, 1, 4],[[1, 1], [2, 1], [3, 1], [3, 2], [1, 2], [2, 3]],1140,347,1105,385
593427,6,109,29,[7, 12, 10, 2, 1, 4],[[1, 1], [2, 1], [3, 1], [3, 2], [1, 2], [2, 3]],1141,343,1120,385
593472,6,109,29,[7, 12, 10, 2, 1, 4],[[1, 1], [2, 1], [3, 1], [3, 2], [1, 2], [2, 3]],1156,356,1127,389
593536,6,109,29,[7, 12, 10, 2, 1, 4],[[1, 1], [2, 1], [3, 1], [3, 2], [1, 2], [2, 3]],1174,343,1128,399
593587,6,109,29,[7, 12, 10, 2, 1, 4],[[1, 1], [2, 1], [3, 1], [3, 2], [1, 2], [2, 3]],1170,326,1126,407
593627,6,109,29,[7, 12, 10, 2, 1, 4],[[1, 1], [2, 1], [3, 1], [3, 2], [1, 2], [2, 3]],1168,357,1127,407
593686,6,109,29,[7, 12, 10, 2, 1, 4],[[1, 1], [2, 1], [3, 1], [3, 2], [1, 2], [2, 3]],1160,351,1142,381
593745,6,109,29,[7, 12, 10, 2, 1, 4],[[1, 1], [2, 1], [3, 1], [3, 2], [1, 2], [2, 3]],1182,337,1165,324
593804,6,109,29,[7, 12, 10, 2, 1, 4],[[1, 1], [2, 1], [3, 1], [3, 2], [1, 2], [2, 3]],1170,363,1172,313
593859,6,109,29,[7, 12, 10, 2, 1, 4],[[1, 1], [2, 1], [3, 1], [3, 2], [1, 2], [2, 3]],1167,376,1172,311
593939,6,109,29,[7, 12, 10, 2, 1, 4],[[1, 1], [2, 1], [3, 1], [3, 2], [1, 2], [2, 3]],1178,371,1176,313
594014,6,110,16,[9, 6, 11, 3, 5, 8],[[1, 1], [2, 1], [3, 2], [3, 3], [1, 3], [2, 2]],1204,387,1181,339
594060,6,110,16,[9, 6, 11, 3, 5, 8],[[1, 1], [2, 1], [3, 2], [3, 3], [1, 3], [2, 2]],1195,367,1182,347
594111,6,110,16,[9, 6, 11, 3, 5, 8],[[1, 1], [2, 1], [3, 2], [3, 3], [1, 3], [2, 2]],1193,355,1182,356
594153,6,110,16,[9, 6, 11, 3, 5, 8],[[1, 1], [2, 1], [3, 2], [3, 3], [1, 3], [2, 2]],1189,352,1176,373
594233,6,110,16,[9, 6, 11, 3, 5, 8],[[1, 1], [2, 1], [3, 2], [3, 3], [1, 3], [2, 2]],1177,377,1164,404
594268,6,110,16,[9, 6, 11, 3, 5, 8],[[1, 1], [2, 1], [3, 2], [3, 3], [1, 3], [2, 2]],1178,331,1164,405
594317,6,110,16,[9, 6, 11, 3, 5, 8],[[1, 1], [2, 1], [3, 2], [3, 3], [1, 3], [2, 2]],1169,319,1165,405
594363,6,110,16,[9, 6, 11, 3, 5, 8],[[1, 1], [2, 1], [3, 2], [3, 3], [1, 3], [2, 2]],1177,315,1168,407
594415,6,110,16,[9, 6, 11, 3, 5, 8],[[1, 1], [2, 1], [3, 2], [3, 3], [1, 3], [2, 2]],1163,342,1175,416
594466,6,110,16,[9, 6, 11, 3, 5, 8],[[1, 1], [2, 1], [3, 2], [3, 3], [1, 3], [2, 2]],1190,350,1176,418
594542,6,110,16,[9, 6, 11, 3, 5, 8],[[1, 1], [2, 1], [3, 2], [3, 3], [1, 3], [2, 2]],1178,360,1176,418
594605,6,110,16,[9, 6, 11, 3, 5, 8],[[1, 1], [2, 1], [3, 2], [3, 3], [1, 3], [2, 2]],1146,368,1150,411
594707,6,110,16,[9, 6, 11, 3, 5, 8],[[1, 1], [2, 1], [3, 2], [3, 3], [1, 3], [2, 2]],1146,361,1113,373
594762,6,110,16,[9, 6, 11, 3, 5, 8],[[1, 1], [2, 1], [3, 2], [3, 3], [1, 3], [2, 2]],1128,360,1130,369
594840,6,110,16,[9, 6, 11, 3, 5, 8],[[1, 1], [2, 1], [3, 2], [3, 3], [1, 3], [2, 2]],1123,373,1153,369
594897,6,110,16,[9, 6, 11, 3, 5, 8],[[1, 1], [2, 1], [3, 2], [3, 3], [1, 3], [2, 2]],1145,347,1154,369
594966,6,110,16,[9, 6, 11, 3, 5, 8],[[1, 1], [2, 1], [3, 2], [3, 3], [1, 3], [2, 2]],1118,355,1154,369
595016,6,110,16,[9, 6, 11, 3, 5, 8],[[1, 1], [2, 1], [3, 2], [3, 3], [1, 3], [2, 2]],1133,389,1144,370
595056,6,110,16,[9, 6, 11, 3, 5, 8],[[1, 1], [2, 1], [3, 2], [3, 3], [1, 3], [2, 2]],1114,418,1136,370
595104,6,110,16,[9, 6, 11, 3, 5, 8],[[1, 1], [2, 1], [3, 2], [3, 3], [1, 3], [2, 2]],1126,411,1124,365
595176,6,110,16,[9, 6, 11, 3, 5, 8],[[1, 1], [2, 1], [3, 2], [3, 3], [1, 3], [2, 2]],1135,417,1117,362
595230,6,110,16,[9, 6, 11, 3, 5, 8],[[1, 1], [2, 1], [3, 2], [3, 3], [1, 3], [2, 2]],1143,430,1117,361
595293,6,110,16,[9, 6, 11, 3, 5, 8],[[1, 1], [2, 1], [3, 2], [3, 3], [1, 3], [2, 2]],1128,408,1117,361
595357,6,110,16,[9, 6, 11, 3, 5, 8],[[1, 1], [2, 1], [3, 2], [3, 3], [1, 3], [2, 2]],1098,386,1117,371
595421,6,110,16,[9, 6, 11, 3, 5, 8],[[1, 1], [2, 1], [3, 2], [3, 3], [1, 3], [2, 2]],1090,381,1125,387
595490,6,110,16,[9, 6, 11, 3, 5, 8],[[1, 1], [2, 1], [3, 2], [3, 3], [1, 3], [2, 2]],1069,400,1140,393
595544,6,110,16,[9, 6, 11, 3, 5, 8],[[1, 1], [2, 1], [3, 2], [3, 3], [1, 3], [2, 2]],1083,433,1150,395
595603,6,110,16,[9, 6, 11, 3, 5, 8],[[1, 1], [2, 1], [3, 2], [3, 3], [1, 3], [2, 2]],1080,408,1150,396
595656,6,110,16,[9, 6, 11, 3, 5, 8],[[1, 1], [2, 1], [3, 2], [3, 3], [1, 3], [2, 2]],1113,399,1149,399
595710,6,110,16,[9, 6, 11, 3, 5, 8],[[1, 1], [2, 1], [3, 2], [3, 3], [1, 3], [2, 2]],1091,409,1130,403
595767,6,110,16,[9, 6, 11, 3, 5, 8],[[1, 1], [2, 1], [3, 2], [3, 3], [1, 3], [2, 2]],1117,388,1110,403
595828,6,110,16,[9, 6, 11, 3, 5, 8],[[1, 1], [2, 1], [3, 2], [3, 3], [1, 3], [2, 2]],1141,418,1104,402
595898,6,110,16,[9, 6, 11, 3, 5, 8],[[1, 1], [2, 1], [3, 2], [3, 3], [1, 3], [2, 2]],1120,431,1099,398
595992,6,110,16,[9, 6, 11, 3, 5, 8],[[1, 1], [2, 1], [3, 2], [3, 3], [1, 3], [2, 2]],1146,433,1103,383
596064,6,110,16,[9, 6, 11, 3, 5, 8],[[1, 1], [2, 1], [3, 2], [3, 3], [1, 3], [2, 2]],1129,450,1130,366
596145,6,110,16,[9, 6, 11, 3, 5, 8],[[1, 1], [2, 1], [3, 2], [3, 3], [1, 3], [2, 2]],1119,440,1145,364
596208,6,110,16,[9, 6, 11, 3, 5, 8],[[1, 1], [2, 1], [3, 2], [3, 3], [1, 3], [2, 2]],1125,451,1154,372
596259,6,110,16,[9, 6, 11, 3, 5, 8],[[1, 1], [2, 1], [3, 2], [3, 3], [1, 3], [2, 2]],1107,440,1161,389
596327,6,110,16,[9, 6, 11, 3, 5, 8],[[1, 1], [2, 1], [3, 2], [3, 3], [1, 3], [2, 2]],1104,428,1163,399
596375,6,110,16,[9, 6, 11, 3, 5, 8],[[1, 1], [2, 1], [3, 2], [3, 3], [1, 3], [2, 2]],1122,426,1155,417
596443,6,110,16,[9, 6, 11, 3, 5, 8],[[1, 1], [2, 1], [3, 2], [3, 3], [1, 3], [2, 2]],1132,458,1140,433
596539,6,110,16,[9, 6, 11, 3, 5, 8],[[1, 1], [2, 1], [3, 2], [3, 3], [1, 3], [2, 2]],1130,454,1135,438
596590,6,110,16,[9, 6, 11, 3, 5, 8],[[1, 1], [2, 1], [3, 2], [3, 3], [1, 3], [2, 2]],1140,460,1137,439
596649,6,110,16,[9, 6, 11, 3, 5, 8],[[1, 1], [2, 1], [3, 2], [3, 3], [1, 3], [2, 2]],1134,446,1141,444
596696,6,110,16,[9, 6, 11, 3, 5, 8],[[1, 1], [2, 1], [3, 2], [3, 3], [1, 3], [2, 2]],1121,454,1145,446
596762,6,110,16,[9, 6, 11, 3, 5, 8],[[1, 1], [2, 1], [3, 2], [3, 3], [1, 3], [2, 2]],1130,469,1146,447
596808,6,110,16,[9, 6, 11, 3, 5, 8],[[1, 1], [2, 1], [3, 2], [3, 3], [1, 3], [2, 2]],1132,471,1146,447
596882,6,110,16,[9, 6, 11, 3, 5, 8],[[1, 1], [2, 1], [3, 2], [3, 3], [1, 3], [2, 2]],1101,492,1121,430
596926,6,110,16,[9, 6, 11, 3, 5, 8],[[1, 1], [2, 1], [3, 2], [3, 3], [1, 3], [2, 2]],1087,505,1113,425
596973,6,110,16,[9, 6, 11, 3, 5, 8],[[1, 1], [2, 1], [3, 2], [3, 3], [1, 3], [2, 2]],1071,519,1111,422
597023,6,110,16,[9, 6, 11, 3, 5, 8],[[1, 1], [2, 1], [3, 2], [3, 3], [1, 3], [2, 2]],1072,525,1111,417
597067,6,110,16,[9, 6, 11, 3, 5, 8],[[1, 1], [2, 1], [3, 2], [3, 3], [1, 3], [2, 2]],1067,524,1118,413
597113,6,110,16,[9, 6, 11, 3, 5, 8],[[1, 1], [2, 1], [3, 2], [3, 3], [1, 3], [2, 2]],1074,510,1127,409
597181,6,110,16,[9, 6, 11, 3, 5, 8],[[1, 1], [2, 1], [3, 2], [3, 3], [1, 3], [2, 2]],1092,495,1140,408
597227,6,110,16,[9, 6, 11, 3, 5, 8],[[1, 1], [2, 1], [3, 2], [3, 3], [1, 3], [2, 2]],1084,491,1145,407
597268,6,110,16,[9, 6, 11, 3, 5, 8],[[1, 1], [2, 1], [3, 2], [3, 3], [1, 3], [2, 2]],1077,472,1145,407
597331,6,110,16,[9, 6, 11, 3, 5, 8],[[1, 1], [2, 1], [3, 2], [3, 3], [1, 3], [2, 2]],1087,487,1143,404
597390,6,110,16,[9, 6, 11, 3, 5, 8],[[1, 1], [2, 1], [3, 2], [3, 3], [1, 3], [2, 2]],1075,474,1121,400
597455,6,110,16,[9, 6, 11, 3, 5, 8],[[1, 1], [2, 1], [3, 2], [3, 3], [1, 3], [2, 2]],1085,450,1114,400
597513,6,110,16,[9, 6, 11, 3, 5, 8],[[1, 1], [2, 1], [3, 2], [3, 3], [1, 3], [2, 2]],1076,433,1112,404
597555,6,110,16,[9, 6, 11, 3, 5, 8],[[1, 1], [2, 1], [3, 2], [3, 3], [1, 3], [2, 2]],1069,458,1112,409
597619,6,110,16,[9, 6, 11, 3, 5, 8],[[1, 1], [2, 1], [3, 2], [3, 3], [1, 3], [2, 2]],1067,451,1112,417
597687,6,110,16,[9, 6, 11, 3, 5, 8],[[1, 1], [2, 1], [3, 2], [3, 3], [1, 3], [2, 2]],1083,463,1116,426
597752,6,110,16,[9, 6, 11, 3, 5, 8],[[1, 1], [2, 1], [3, 2], [3, 3], [1, 3], [2, 2]],1099,481,1116,435
597817,6,110,16,[9, 6, 11, 3, 5, 8],[[1, 1], [2, 1], [3, 2], [3, 3], [1, 3], [2, 2]],1107,473,1103,444
597886,6,110,16,[9, 6, 11, 3, 5, 8],[[1, 1], [2, 1], [3, 2], [3, 3], [1, 3], [2, 2]],1117,465,1088,449
597944,6,110,16,[9, 6, 11, 3, 5, 8],[[1, 1], [2, 1], [3, 2], [3, 3], [1, 3], [2, 2]],1101,477,1081,453
598009,6,110,16,[9, 6, 11, 3, 5, 8],[[1, 1], [2, 1], [3, 2], [3, 3], [1, 3], [2, 2]],1109,478,1078,461
598071,6,111,121,[7, 12, 10, 2, 5, 8],[[2, 3], [3, 3], [1, 2], [1, 3], [2, 2], [3, 1]],1108,487,1086,466
598126,6,111,121,[7, 12, 10, 2, 5, 8],[[2, 3], [3, 3], [1, 2], [1, 3], [2, 2], [3, 1]],1064,515,1105,469
598175,6,111,121,[7, 12, 10, 2, 5, 8],[[2, 3], [3, 3], [1, 2], [1, 3], [2, 2], [3, 1]],1055,505,1121,469
598223,6,111,121,[7, 12, 10, 2, 5, 8],[[2, 3], [3, 3], [1, 2], [1, 3], [2, 2], [3, 1]],1065,525,1125,468
598313,6,111,121,[7, 12, 10, 2, 5, 8],[[2, 3], [3, 3], [1, 2], [1, 3], [2, 2], [3, 1]],1061,542,1125,468
598357,6,111,121,[7, 12, 10, 2, 5, 8],[[2, 3], [3, 3], [1, 2], [1, 3], [2, 2], [3, 1]],1064,549,1125,468
598416,6,111,121,[7, 12, 10, 2, 5, 8],[[2, 3], [3, 3], [1, 2], [1, 3], [2, 2], [3, 1]],1049,544,1124,468
598453,6,111,121,[7, 12, 10, 2, 5, 8],[[2, 3], [3, 3], [1, 2], [1, 3], [2, 2], [3, 1]],1049,552,1120,468
598519,6,111,121,[7, 12, 10, 2, 5, 8],[[2, 3], [3, 3], [1, 2], [1, 3], [2, 2], [3, 1]],1066,555,1118,468
598588,6,111,121,[7, 12, 10, 2, 5, 8],[[2, 3], [3, 3], [1, 2], [1, 3], [2, 2], [3, 1]],1072,575,1111,468
598649,6,111,121,[7, 12, 10, 2, 5, 8],[[2, 3], [3, 3], [1, 2], [1, 3], [2, 2], [3, 1]],1047,584,1107,468
598695,6,111,121,[7, 12, 10, 2, 5, 8],[[2, 3], [3, 3], [1, 2], [1, 3], [2, 2], [3, 1]],1045,583,1107,468
598760,6,111,121,[7, 12, 10, 2, 5, 8],[[2, 3], [3, 3], [1, 2], [1, 3], [2, 2], [3, 1]],1063,584,1089,476
598832,6,111,121,[7, 12, 10, 2, 5, 8],[[2, 3], [3, 3], [1, 2], [1, 3], [2, 2], [3, 1]],1101,566,1079,480
598885,6,111,121,[7, 12, 10, 2, 5, 8],[[2, 3], [3, 3], [1, 2], [1, 3], [2, 2], [3, 1]],1067,556,1044,500
598948,6,111,121,[7, 12, 10, 2, 5, 8],[[2, 3], [3, 3], [1, 2], [1, 3], [2, 2], [3, 1]],1078,571,1026,512
599008,6,111,121,[7, 12, 10, 2, 5, 8],[[2, 3], [3, 3], [1, 2], [1, 3], [2, 2], [3, 1]],1083,580,1009,523
599059,6,111,121,[7, 12, 10, 2, 5, 8],[[2, 3], [3, 3], [1, 2], [1, 3], [2, 2], [3, 1]],1095,571,998,531
599124,6,111,121,[7, 12, 10, 2, 5, 8],[[2, 3], [3, 3], [1, 2], [1, 3], [2, 2], [3, 1]],1104,547,1011,543
599169,6,111,121,[7, 12, 10, 2, 5, 8],[[2, 3], [3, 3], [1, 2], [1, 3], [2, 2], [3, 1]],1123,563,1037,546
599234,6,111,121,[7, 12, 10, 2, 5, 8],[[2, 3], [3, 3], [1, 2], [1, 3], [2, 2], [3, 1]],1109,575,1070,540
599299,6,111,121,[7, 12, 10, 2, 5, 8],[[2, 3], [3, 3], [1, 2], [1, 3], [2, 2], [3, 1]],1112,565,1071,539
599358,6,111,121,[7, 12, 10, 2, 5, 8],[[2, 3], [3, 3], [1, 2], [1, 3], [2, 2], [3, 1]],1094,561,1071,539
599400,6,111,121,[7, 12, 10, 2, 5, 8],[[2, 3], [3, 3], [1, 2], [1, 3], [2, 2], [3, 1]],1100,568,1080,539
599459,6,111,121,[7, 12, 10, 2, 5, 8],[[2, 3], [3, 3], [1, 2], [1, 3], [2, 2], [3, 1]],1068,564,1105,535
599524,6,111,121,[7, 12, 10, 2, 5, 8],[[2, 3], [3, 3], [1, 2], [1, 3], [2, 2], [3, 1]],1075,557,1114,535
599582,6,111,121,[7, 12, 10, 2, 5, 8],[[2, 3], [3, 3], [1, 2], [1, 3], [2, 2], [3, 1]],1069,543,1123,535
599636,6,111,121,[7, 12, 10, 2, 5, 8],[[2, 3], [3, 3], [1, 2], [1, 3], [2, 2], [3, 1]],1060,535,1123,533
599695,6,111,121,[7, 12, 10, 2, 5, 8],[[2, 3], [3, 3], [1, 2], [1, 3], [2, 2], [3, 1]],1066,521,1116,541
599754,6,111,121,[7, 12, 10, 2, 5, 8],[[2, 3], [3, 3], [1, 2], [1, 3], [2, 2], [3, 1]],1061,510,1106,550
599817,6,111,121,[7, 12, 10, 2, 5, 8],[[2, 3], [3, 3], [1, 2], [1, 3], [2, 2], [3, 1]],1071,491,1105,550
599881,6,111,121,[7, 12, 10, 2, 5, 8],[[2, 3], [3, 3], [1, 2], [1, 3], [2, 2], [3, 1]],1064,504,1103,552
599968,6,111,121,[7, 12, 10, 2, 5, 8],[[2, 3], [3, 3], [1, 2], [1, 3], [2, 2], [3, 1]],1065,497,1096,556
600033,6,111,121,[7, 12, 10, 2, 5, 8],[[2, 3], [3, 3], [1, 2], [1, 3], [2, 2], [3, 1]],1083,515,1094,556
600113,6,111,121,[7, 12, 10, 2, 5, 8],[[2, 3], [3, 3], [1, 2], [1, 3], [2, 2], [3, 1]],1100,525,1093,550
600178,6,111,121,[7, 12, 10, 2, 5, 8],[[2, 3], [3, 3], [1, 2], [1, 3], [2, 2], [3, 1]],1068,516,1097,538
600234,6,111,121,[7, 12, 10, 2, 5, 8],[[2, 3], [3, 3], [1, 2], [1, 3], [2, 2], [3, 1]],1088,518,1098,538
600309,6,111,121,[7, 12, 10, 2, 5, 8],[[2, 3], [3, 3], [1, 2], [1, 3], [2, 2], [3, 1]],1116,510,1098,538
600391,6,111,121,[7, 12, 10, 2, 5, 8],[[2, 3], [3, 3], [1, 2], [1, 3], [2, 2], [3, 1]],1120,500,1098,538
600438,6,111,121,[7, 12, 10, 2, 5, 8],[[2, 3], [3, 3], [1, 2], [1, 3], [2, 2], [3, 1]],1137,500,1098,538
600541,6,111,121,[7, 12, 10, 2, 5, 8],[[2, 3], [3, 3], [1, 2], [1, 3], [2, 2], [3, 1]],1148,504,1099,533
600590,6,111,121,[7, 12, 10, 2, 5, 8],[[2, 3], [3, 3], [1, 2], [1, 3], [2, 2], [3, 1]],1133,515,1124,519
600663,6,111,121,[7, 12, 10, 2, 5, 8],[[2, 3], [3, 3], [1, 2], [1, 3], [2, 2], [3, 1]],1128,513,1128,518
600714,6,111,121,[7, 12, 10, 2, 5, 8],[[2, 3], [3, 3], [1, 2], [1, 3], [2, 2], [3, 1]],1119,518,1129,517
600785,6,111,121,[7, 12, 10, 2, 5, 8],[[2, 3], [3, 3], [1, 2], [1, 3], [2, 2], [3, 1]],1131,538,1129,517
600850,6,111,121,[7, 12, 10, 2, 5, 8],[[2, 3], [3, 3], [1, 2], [1, 3], [2, 2], [3, 1]],1140,546,1135,515
600901,6,111,121,[7, 12, 10, 2, 5, 8],[[2, 3], [3, 3], [1, 2], [1, 3], [2, 2], [3, 1]],1136,566,1150,505
600951,6,111,121,[7, 12, 10, 2, 5, 8],[[2, 3], [3, 3], [1, 2], [1, 3], [2, 2], [3, 1]],1142,562,1148,495
601000,6,111,121,[7, 12, 10, 2, 5, 8],[[2, 3], [3, 3], [1, 2], [1, 3], [2, 2], [3, 1]],1152,547,1144,494
601073,6,111,121,[7, 12, 10, 2, 5, 8],[[2, 3], [3, 3], [1, 2], [1, 3], [2, 2], [3, 1]],1157,575,1121,501
601113,6,111,121,[7, 12, 10, 2, 5, 8],[[2, 3], [3, 3], [1, 2], [1, 3], [2, 2], [3, 1]],1148,576,1121,508
601154,6,111,121,[7, 12, 10, 2, 5, 8],[[2, 3], [3, 3], [1, 2], [1, 3], [2, 2], [3, 1]],1145,598,1125,518
601197,6,111,121,[7, 12, 10, 2, 5, 8],[[2, 3], [3, 3], [1, 2], [1, 3], [2, 2], [3, 1]],1159,622,1128,525
601256,6,111,121,[7, 12, 10, 2, 5, 8],[[2, 3], [3, 3], [1, 2], [1, 3], [2, 2], [3, 1]],1161,629,1131,528
601305,6,111,121,[7, 12, 10, 2, 5, 8],[[2, 3], [3, 3], [1, 2], [1, 3], [2, 2], [3, 1]],1137,618,1132,528
601345,6,111,121,[7, 12, 10, 2, 5, 8],[[2, 3], [3, 3], [1, 2], [1, 3], [2, 2], [3, 1]],1115,645,1134,530
601393,6,111,121,[7, 12, 10, 2, 5, 8],[[2, 3], [3, 3], [1, 2], [1, 3], [2, 2], [3, 1]],1085,633,1136,531
601438,6,111,121,[7, 12, 10, 2, 5, 8],[[2, 3], [3, 3], [1, 2], [1, 3], [2, 2], [3, 1]],1085,631,1136,531
601499,6,111,121,[7, 12, 10, 2, 5, 8],[[2, 3], [3, 3], [1, 2], [1, 3], [2, 2], [3, 1]],1050,637,1136,533
601548,6,111,121,[7, 12, 10, 2, 5, 8],[[2, 3], [3, 3], [1, 2], [1, 3], [2, 2], [3, 1]],1028,643,1132,537
601609,6,111,121,[7, 12, 10, 2, 5, 8],[[2, 3], [3, 3], [1, 2], [1, 3], [2, 2], [3, 1]],1059,657,1131,539
601678,6,111,121,[7, 12, 10, 2, 5, 8],[[2, 3], [3, 3], [1, 2], [1, 3], [2, 2], [3, 1]],1066,684,1125,550
601747,6,111,121,[7, 12, 10, 2, 5, 8],[[2, 3], [3, 3], [1, 2], [1, 3], [2, 2], [3, 1]],1075,696,1104,575
601806,6,111,121,[7, 12, 10, 2, 5, 8],[[2, 3], [3, 3], [1, 2], [1, 3], [2, 2], [3, 1]],1093,709,1081,591
601876,6,111,121,[7, 12, 10, 2, 5, 8],[[2, 3], [3, 3], [1, 2], [1, 3], [2, 2], [3, 1]],1103,708,1065,617
601940,6,111,121,[7, 12, 10, 2, 5, 8],[[2, 3], [3, 3], [1, 2], [1, 3], [2, 2], [3, 1]],1114,679,1067,629
602000,6,111,121,[7, 12, 10, 2, 5, 8],[[2, 3], [3, 3], [1, 2], [1, 3], [2, 2], [3, 1]],1113,697,1068,633
602075,6,112,17,[7, 12, 10, 2, 5, 8],[[1, 1], [2, 1], [3, 2], [3, 3], [2, 2], [3, 1]],1122,682,1082,660
602148,6,112,17,[7, 12, 10, 2, 5, 8],[[1, 1], [2, 1], [3, 2], [3, 3], [2, 2], [3, 1]],1094,674,1094,664
602194,6,112,17,[7, 12, 10, 2, 5, 8],[[1, 1], [2, 1], [3, 2], [3, 3], [2, 2], [3, 1]],1114,684,1107,664
602259,6,112,17,[7, 12, 10, 2, 5, 8],[[1, 1], [2, 1], [3, 2], [3, 3], [2, 2], [3, 1]],1117,699,1122,658
602319,6,112,17,[7, 12, 10, 2, 5, 8],[[1, 1], [2, 1], [3, 2], [3, 3], [2, 2], [3, 1]],1132,696,1139,652
602404,6,112,17,[7, 12, 10, 2, 5, 8],[[1, 1], [2, 1], [3, 2], [3, 3], [2, 2], [3, 1]],1131,678,1139,652
602482,6,112,17,[7, 12, 10, 2, 5, 8],[[1, 1], [2, 1], [3, 2], [3, 3], [2, 2], [3, 1]],1131,680,1144,681
602547,6,112,17,[7, 12, 10, 2, 5, 8],[[1, 1], [2, 1], [3, 2], [3, 3], [2, 2], [3, 1]],1153,715,1145,688
602619,6,112,17,[7, 12, 10, 2, 5, 8],[[1, 1], [2, 1], [3, 2], [3, 3], [2, 2], [3, 1]],1170,713,1141,692
602700,6,112,17,[7, 12, 10, 2, 5, 8],[[1, 1], [2, 1], [3, 2], [3, 3], [2, 2], [3, 1]],1166,696,1131,692
602752,6,112,17,[7, 12, 10, 2, 5, 8],[[1, 1], [2, 1], [3, 2], [3, 3], [2, 2], [3, 1]],1154,659,1128,692
602794,6,112,17,[7, 12, 10, 2, 5, 8],[[1, 1], [2, 1], [3, 2], [3, 3], [2, 2], [3, 1]],1129,656,1125,692
602863,6,112,17,[7, 12, 10, 2, 5, 8],[[1, 1], [2, 1], [3, 2], [3, 3], [2, 2], [3, 1]],1140,646,1137,692
602915,6,112,17,[7, 12, 10, 2, 5, 8],[[1, 1], [2, 1], [3, 2], [3, 3], [2, 2], [3, 1]],1149,635,1150,693
602966,6,112,17,[7, 12, 10, 2, 5, 8],[[1, 1], [2, 1], [3, 2], [3, 3], [2, 2], [3, 1]],1132,665,1166,697
603014,6,112,17,[7, 12, 10, 2, 5, 8],[[1, 1], [2, 1], [3, 2], [3, 3], [2, 2], [3, 1]],1139,685,1183,701
603054,6,112,17,[7, 12, 10, 2, 5, 8],[[1, 1], [2, 1], [3, 2], [3, 3], [2, 2], [3, 1]],1104,682,1196,704
603113,6,112,17,[7, 12, 10, 2, 5, 8],[[1, 1], [2, 1], [3, 2], [3, 3], [2, 2], [3, 1]],1131,682,1220,697
603166,6,112,17,[7, 12, 10, 2, 5, 8],[[1, 1], [2, 1], [3, 2], [3, 3], [2, 2], [3, 1]],1136,703,1226,684
603225,6,112,17,[7, 12, 10, 2, 5, 8],[[1, 1], [2, 1], [3, 2], [3, 3], [2, 2], [3, 1]],1128,702,1216,671
603273,6,112,17,[7, 12, 10, 2, 5, 8],[[1, 1], [2, 1], [3, 2], [3, 3], [2, 2], [3, 1]],1120,703,1205,668
603314,6,112,17,[7, 12, 10, 2, 5, 8],[[1, 1], [2, 1], [3, 2], [3, 3], [2, 2], [3, 1]],1101,685,1181,672
603372,6,112,17,[7, 12, 10, 2, 5, 8],[[1, 1], [2, 1], [3, 2], [3, 3], [2, 2], [3, 1]],1096,690,1163,680
603426,6,112,17,[7, 12, 10, 2, 5, 8],[[1, 1], [2, 1], [3, 2], [3, 3], [2, 2], [3, 1]],1107,687,1167,693
603486,6,112,17,[7, 12, 10, 2, 5, 8],[[1, 1], [2, 1], [3, 2], [3, 3], [2, 2], [3, 1]],1090,690,1179,704
603549,6,112,17,[7, 12, 10, 2, 5, 8],[[1, 1], [2, 1], [3, 2], [3, 3], [2, 2], [3, 1]],1092,670,1184,724
603607,6,112,17,[7, 12, 10, 2, 5, 8],[[1, 1], [2, 1], [3, 2], [3, 3], [2, 2], [3, 1]],1092,638,1169,750
603688,6,112,17,[7, 12, 10, 2, 5, 8],[[1, 1], [2, 1], [3, 2], [3, 3], [2, 2], [3, 1]],1091,640,1158,752
603748,6,112,17,[7, 12, 10, 2, 5, 8],[[1, 1], [2, 1], [3, 2], [3, 3], [2, 2], [3, 1]],1083,651,1138,745
603837,6,112,17,[7, 12, 10, 2, 5, 8],[[1, 1], [2, 1], [3, 2], [3, 3], [2, 2], [3, 1]],1076,657,1112,734
603875,6,112,17,[7, 12, 10, 2, 5, 8],[[1, 1], [2, 1], [3, 2], [3, 3], [2, 2], [3, 1]],1084,671,1107,717
603932,6,112,17,[7, 12, 10, 2, 5, 8],[[1, 1], [2, 1], [3, 2], [3, 3], [2, 2], [3, 1]],1061,695,1152,682
604040,6,112,17,[7, 12, 10, 2, 5, 8],[[1, 1], [2, 1], [3, 2], [3, 3], [2, 2], [3, 1]],1047,717,1168,668
604113,6,112,17,[7, 12, 10, 2, 5, 8],[[1, 1], [2, 1], [3, 2], [3, 3], [2, 2], [3, 1]],1049,650,1115,647
604169,6,112,17,[7, 12, 10, 2, 5, 8],[[1, 1], [2, 1], [3, 2], [3, 3], [2, 2], [3, 1]],1063,646,1077,642
604238,6,112,17,[7, 12, 10, 2, 5, 8],[[1, 1], [2, 1], [3, 2], [3, 3], [2, 2], [3, 1]],1061,641,1069,650
604312,6,112,17,[7, 12, 10, 2, 5, 8],[[1, 1], [2, 1], [3, 2], [3, 3], [2, 2], [3, 1]],1065,651,1053,689
604386,6,112,17,[7, 12, 10, 2, 5, 8],[[1, 1], [2, 1], [3, 2], [3, 3], [2, 2], [3, 1]],1071,641,1065,716
604473,6,112,17,[7, 12, 10, 2, 5, 8],[[1, 1], [2, 1], [3, 2], [3, 3], [2, 2], [3, 1]],1066,670,1086,726
604563,6,112,17,[7, 12, 10, 2, 5, 8],[[1, 1], [2, 1], [3, 2], [3, 3], [2, 2], [3, 1]],1065,642,1086,732
604608,6,112,17,[7, 12, 10, 2, 5, 8],[[1, 1], [2, 1], [3, 2], [3, 3], [2, 2], [3, 1]],1076,643,1079,735
604644,6,112,17,[7, 12, 10, 2, 5, 8],[[1, 1], [2, 1], [3, 2], [3, 3], [2, 2], [3, 1]],1105,644,1053,730
604711,6,112,17,[7, 12, 10, 2, 5, 8],[[1, 1], [2, 1], [3, 2], [3, 3], [2, 2], [3, 1]],1122,664,1005,720
604780,6,112,17,[7, 12, 10, 2, 5, 8],[[1, 1], [2, 1], [3, 2], [3, 3], [2, 2], [3, 1]],1125,689,1004,712
604843,6,112,17,[7, 12, 10, 2, 5, 8],[[1, 1], [2, 1], [3, 2], [3, 3], [2, 2], [3, 1]],1148,694,1020,695
604906,6,112,17,[7, 12, 10, 2, 5, 8],[[1, 1], [2, 1], [3, 2], [3, 3], [2, 2], [3, 1]],1166,681,1107,684
604964,6,112,17,[7, 12, 10, 2, 5, 8],[[1, 1], [2, 1], [3, 2], [3, 3], [2, 2], [3, 1]],1166,690,1153,684
605005,6,112,17,[7, 12, 10, 2, 5, 8],[[1, 1], [2, 1], [3, 2], [3, 3], [2, 2], [3, 1]],1173,703,1174,695
605049,6,112,17,[7, 12, 10, 2, 5, 8],[[1, 1], [2, 1], [3, 2], [3, 3], [2, 2], [3, 1]],1183,718,1191,708
605101,6,112,17,[7, 12, 10, 2, 5, 8],[[1, 1], [2, 1], [3, 2], [3, 3], [2, 2], [3, 1]],1159,736,1193,710
605141,6,112,17,[7, 12, 10, 2, 5, 8],[[1, 1], [2, 1], [3, 2], [3, 3], [2, 2], [3, 1]],1161,738,1198,715
605184,6,112,17,[7, 12, 10, 2, 5, 8],[[1, 1], [2, 1], [3, 2], [3, 3], [2, 2], [3, 1]],1158,766,1199,715
605243,6,112,17,[7, 12, 10, 2, 5, 8],[[1, 1], [2, 1], [3, 2], [3, 3], [2, 2], [3, 1]],1137,754,1215,700
605291,6,112,17,[7, 12, 10, 2, 5, 8],[[1, 1], [2, 1], [3, 2], [3, 3], [2, 2], [3, 1]],1109,732,1217,682
605328,6,112,17,[7, 12, 10, 2, 5, 8],[[1, 1], [2, 1], [3, 2], [3, 3], [2, 2], [3, 1]],1095,741,1215,680
605386,6,112,17,[7, 12, 10, 2, 5, 8],[[1, 1], [2, 1], [3, 2], [3, 3], [2, 2], [3, 1]],1088,740,1191,680
605440,6,112,17,[7, 12, 10, 2, 5, 8],[[1, 1], [2, 1], [3, 2], [3, 3], [2, 2], [3, 1]],1092,751,1170,683
605493,6,112,17,[7, 12, 10, 2, 5, 8],[[1, 1], [2, 1], [3, 2], [3, 3], [2, 2], [3, 1]],1084,723,1170,690
605547,6,112,17,[7, 12, 10, 2, 5, 8],[[1, 1], [2, 1], [3, 2], [3, 3], [2, 2], [3, 1]],1096,738,1175,709
605606,6,112,17,[7, 12, 10, 2, 5, 8],[[1, 1], [2, 1], [3, 2], [3, 3], [2, 2], [3, 1]],1083,760,1148,728
605665,6,112,17,[7, 12, 10, 2, 5, 8],[[1, 1], [2, 1], [3, 2], [3, 3], [2, 2], [3, 1]],1095,769,1060,735
605714,6,112,17,[7, 12, 10, 2, 5, 8],[[1, 1], [2, 1], [3, 2], [3, 3], [2, 2], [3, 1]],1120,756,1023,735
605797,6,112,17,[7, 12, 10, 2, 5, 8],[[1, 1], [2, 1], [3, 2], [3, 3], [2, 2], [3, 1]],1121,783,1006,728
605855,6,112,17,[7, 12, 10, 2, 5, 8],[[1, 1], [2, 1], [3, 2], [3, 3], [2, 2], [3, 1]],1152,754,1001,726
605922,6,112,17,[7, 12, 10, 2, 5, 8],[[1, 1], [2, 1], [3, 2], [3, 3], [2, 2], [3, 1]],1141,769,1001,726
605956,6,112,17,[7, 12, 10, 2, 5, 8],[[1, 1], [2, 1], [3, 2], [3, 3], [2, 2], [3, 1]],1140,770,1001,726
606031,6,112,17,[7, 12, 10, 2, 5, 8],[[1, 1], [2, 1], [3, 2], [3, 3], [2, 2], [3, 1]],1154,768,1033,731
606100,6,112,17,[7, 12, 10, 2, 5, 8],[[1, 1], [2, 1], [3, 2], [3, 3], [2, 2], [3, 1]],1140,785,1119,736
606172,6,113,104,[9, 6, 11, 3, 1, 4],[[1, 3], [2, 3], [3, 1], [3, 2], [1, 1], [2, 2]],1151,791,1182,731
606252,6,113,104,[9, 6, 11, 3, 1, 4],[[1, 3], [2, 3], [3, 1], [3, 2], [1, 1], [2, 2]],1124,817,1188,732
606344,6,113,104,[9, 6, 11, 3, 1, 4],[[1, 3], [2, 3], [3, 1], [3, 2], [1, 1], [2, 2]],1113,842,1190,754
606409,6,113,104,[9, 6, 11, 3, 1, 4],[[1, 3], [2, 3], [3, 1], [3, 2], [1, 1], [2, 2]],1112,843,1190,755
606490,6,113,104,[9, 6, 11, 3, 1, 4],[[1, 3], [2, 3], [3, 1], [3, 2], [1, 1], [2, 2]],1142,840,1190,760
606560,6,113,104,[9, 6, 11, 3, 1, 4],[[1, 3], [2, 3], [3, 1], [3, 2], [1, 1], [2, 2]],1119,826,1171,767
606638,6,113,104,[9, 6, 11, 3, 1, 4],[[1, 3], [2, 3], [3, 1], [3, 2], [1, 1], [2, 2]],1112,806,1140,768
606684,6,113,104,[9, 6, 11, 3, 1, 4],[[1, 3], [2, 3], [3, 1], [3, 2], [1, 1], [2, 2]],1133,812,1112,768
606754,6,113,104,[9, 6, 11, 3, 1, 4],[[1, 3], [2, 3], [3, 1], [3, 2], [1, 1], [2, 2]],1139,789,1101,762
606810,6,113,104,[9, 6, 11, 3, 1, 4],[[1, 3], [2, 3], [3, 1], [3, 2], [1, 1], [2, 2]],1119,776,1101,765
606867,6,113,104,[9, 6, 11, 3, 1, 4],[[1, 3], [2, 3], [3, 1], [3, 2], [1, 1], [2, 2]],1148,765,1103,781
606917,6,113,104,[9, 6, 11, 3, 1, 4],[[1, 3], [2, 3], [3, 1], [3, 2], [1, 1], [2, 2]],1153,781,1109,791
606981,6,113,104,[9, 6, 11, 3, 1, 4],[[1, 3], [2, 3], [3, 1], [3, 2], [1, 1], [2, 2]],1163,758,1109,791
607049,6,113,104,[9, 6, 11, 3, 1, 4],[[1, 3], [2, 3], [3, 1], [3, 2], [1, 1], [2, 2]],1173,738,1119,802
607097,6,113,104,[9, 6, 11, 3, 1, 4],[[1, 3], [2, 3], [3, 1], [3, 2], [1, 1], [2, 2]],1189,729,1120,803
607161,6,113,104,[9, 6, 11, 3, 1, 4],[[1, 3], [2, 3], [3, 1], [3, 2], [1, 1], [2, 2]],1190,751,1121,803
607228,6,113,104,[9, 6, 11, 3, 1, 4],[[1, 3], [2, 3], [3, 1], [3, 2], [1, 1], [2, 2]],1190,749,1137,796
607292,6,113,104,[9, 6, 11, 3, 1, 4],[[1, 3], [2, 3], [3, 1], [3, 2], [1, 1], [2, 2]],1202,743,1154,788
607350,6,113,104,[9, 6, 11, 3, 1, 4],[[1, 3], [2, 3], [3, 1], [3, 2], [1, 1], [2, 2]],1192,739,1155,782
607403,6,113,104,[9, 6, 11, 3, 1, 4],[[1, 3], [2, 3], [3, 1], [3, 2], [1, 1], [2, 2]],1170,744,1157,776
607462,6,113,104,[9, 6, 11, 3, 1, 4],[[1, 3], [2, 3], [3, 1], [3, 2], [1, 1], [2, 2]],1175,731,1173,771
607517,6,113,104,[9, 6, 11, 3, 1, 4],[[1, 3], [2, 3], [3, 1], [3, 2], [1, 1], [2, 2]],1163,745,1202,771
607574,6,113,104,[9, 6, 11, 3, 1, 4],[[1, 3], [2, 3], [3, 1], [3, 2], [1, 1], [2, 2]],1179,736,1231,774
607621,6,113,104,[9, 6, 11, 3, 1, 4],[[1, 3], [2, 3], [3, 1], [3, 2], [1, 1], [2, 2]],1199,767,1231,774
607666,6,113,104,[9, 6, 11, 3, 1, 4],[[1, 3], [2, 3], [3, 1], [3, 2], [1, 1], [2, 2]],1225,780,1230,778
607717,6,113,104,[9, 6, 11, 3, 1, 4],[[1, 3], [2, 3], [3, 1], [3, 2], [1, 1], [2, 2]],1204,815,1222,785
607762,6,113,104,[9, 6, 11, 3, 1, 4],[[1, 3], [2, 3], [3, 1], [3, 2], [1, 1], [2, 2]],1208,824,1219,786
607814,6,113,104,[9, 6, 11, 3, 1, 4],[[1, 3], [2, 3], [3, 1], [3, 2], [1, 1], [2, 2]],1221,830,1216,787
607877,6,113,104,[9, 6, 11, 3, 1, 4],[[1, 3], [2, 3], [3, 1], [3, 2], [1, 1], [2, 2]],1227,819,1195,787
607914,6,113,104,[9, 6, 11, 3, 1, 4],[[1, 3], [2, 3], [3, 1], [3, 2], [1, 1], [2, 2]],1244,833,1161,787
607980,6,113,104,[9, 6, 11, 3, 1, 4],[[1, 3], [2, 3], [3, 1], [3, 2], [1, 1], [2, 2]],1255,860,1144,799
608036,6,113,104,[9, 6, 11, 3, 1, 4],[[1, 3], [2, 3], [3, 1], [3, 2], [1, 1], [2, 2]],1236,868,1176,816
608079,6,113,104,[9, 6, 11, 3, 1, 4],[[1, 3], [2, 3], [3, 1], [3, 2], [1, 1], [2, 2]],1223,850,1203,832
608141,6,113,104,[9, 6, 11, 3, 1, 4],[[1, 3], [2, 3], [3, 1], [3, 2], [1, 1], [2, 2]],1229,852,1217,848
608205,6,113,104,[9, 6, 11, 3, 1, 4],[[1, 3], [2, 3], [3, 1], [3, 2], [1, 1], [2, 2]],1223,872,1228,854
608265,6,113,104,[9, 6, 11, 3, 1, 4],[[1, 3], [2, 3], [3, 1], [3, 2], [1, 1], [2, 2]],1209,888,1243,863
608335,6,113,104,[9, 6, 11, 3, 1, 4],[[1, 3], [2, 3], [3, 1], [3, 2], [1, 1], [2, 2]],1192,887,1250,865
608392,6,113,104,[9, 6, 11, 3, 1, 4],[[1, 3], [2, 3], [3, 1], [3, 2], [1, 1], [2, 2]],1169,893,1251,865
608456,6,113,104,[9, 6, 11, 3, 1, 4],[[1, 3], [2, 3], [3, 1], [3, 2], [1, 1], [2, 2]],1174,912,1251,869
608518,6,113,104,[9, 6, 11, 3, 1, 4],[[1, 3], [2, 3], [3, 1], [3, 2], [1, 1], [2, 2]],1169,909,1251,879
608580,6,113,104,[9, 6, 11, 3, 1, 4],[[1, 3], [2, 3], [3, 1], [3, 2], [1, 1], [2, 2]],1149,910,1250,896
608619,6,113,104,[9, 6, 11, 3, 1, 4],[[1, 3], [2, 3], [3, 1], [3, 2], [1, 1], [2, 2]],1156,926,1245,907
608711,6,113,104,[9, 6, 11, 3, 1, 4],[[1, 3], [2, 3], [3, 1], [3, 2], [1, 1], [2, 2]],1157,929,1236,918
608772,6,113,104,[9, 6, 11, 3, 1, 4],[[1, 3], [2, 3], [3, 1], [3, 2], [1, 1], [2, 2]],1170,927,1207,925
608842,6,113,104,[9, 6, 11, 3, 1, 4],[[1, 3], [2, 3], [3, 1], [3, 2], [1, 1], [2, 2]],1171,901,1203,925
608893,6,113,104,[9, 6, 11, 3, 1, 4],[[1, 3], [2, 3], [3, 1], [3, 2], [1, 1], [2, 2]],1188,893,1200,925
608975,6,113,104,[9, 6, 11, 3, 1, 4],[[1, 3], [2, 3], [3, 1], [3, 2], [1, 1], [2, 2]],1187,873,1183,924
609031,6,113,104,[9, 6, 11, 3, 1, 4],[[1, 3], [2, 3], [3, 1], [3, 2], [1, 1], [2, 2]],1179,889,1168,922
609090,6,113,104,[9, 6, 11, 3, 1, 4],[[1, 3], [2, 3], [3, 1], [3, 2], [1, 1], [2, 2]],1194,878,1165,921
609153,6,113,104,[9, 6, 11, 3, 1, 4],[[1, 3], [2, 3], [3, 1], [3, 2], [1, 1], [2, 2]],1215,854,1165,921
609211,6,113,104,[9, 6, 11, 3, 1, 4],[[1, 3], [2, 3], [3, 1], [3, 2], [1, 1], [2, 2]],1232,858,1169,912
609280,6,113,104,[9, 6, 11, 3, 1, 4],[[1, 3], [2, 3], [3, 1], [3, 2], [1, 1], [2, 2]],1247,864,1185,911
609339,6,113,104,[9, 6, 11, 3, 1, 4],[[1, 3], [2, 3], [3, 1], [3, 2], [1, 1], [2, 2]],1229,860,1199,910
609392,6,113,104,[9, 6, 11, 3, 1, 4],[[1, 3], [2, 3], [3, 1], [3, 2], [1, 1], [2, 2]],1219,847,1210,897
609452,6,113,104,[9, 6, 11, 3, 1, 4],[[1, 3], [2, 3], [3, 1], [3, 2], [1, 1], [2, 2]],1228,837,1220,878
609526,6,113,104,[9, 6, 11, 3, 1, 4],[[1, 3], [2, 3], [3, 1], [3, 2], [1, 1], [2, 2]],1240,816,1223,874
609567,6,113,104,[9, 6, 11, 3, 1, 4],[[1, 3], [2, 3], [3, 1], [3, 2], [1, 1], [2, 2]],1237,843,1223,873
609637,6,113,104,[9, 6, 11, 3, 1, 4],[[1, 3], [2, 3], [3, 1], [3, 2], [1, 1], [2, 2]],1227,821,1223,873
609689,6,113,104,[9, 6, 11, 3, 1, 4],[[1, 3], [2, 3], [3, 1], [3, 2], [1, 1], [2, 2]],1231,793,1223,873
609748,6,113,104,[9, 6, 11, 3, 1, 4],[[1, 3], [2, 3], [3, 1], [3, 2], [1, 1], [2, 2]],1238,817,1223,873
609796,6,113,104,[9, 6, 11, 3, 1, 4],[[1, 3], [2, 3], [3, 1], [3, 2], [1, 1], [2, 2]],1235,816,1223,869
609834,6,113,104,[9, 6, 11, 3, 1, 4],[[1, 3], [2, 3], [3, 1], [3, 2], [1, 1], [2, 2]],1226,805,1222,862
609898,6,113,104,[9, 6, 11, 3, 1, 4],[[1, 3], [2, 3], [3, 1], [3, 2], [1, 1], [2, 2]],1225,797,1231,854
609951,6,113,104,[9, 6, 11, 3, 1, 4],[[1, 3], [2, 3], [3, 1], [3, 2], [1, 1], [2, 2]],1226,834,1252,844
610010,6,113,104,[9, 6, 11, 3, 1, 4],[[1, 3], [2, 3], [3, 1], [3, 2], [1, 1], [2, 2]],1241,830,1262,828
610068,6,113,104,[9, 6, 11, 3, 1, 4],[[1, 3], [2, 3], [3, 1], [3, 2], [1, 1], [2, 2]],1249,818,1252,820
610127,6,113,104,[9, 6, 11, 3, 1, 4],[[1, 3], [2, 3], [3, 1], [3, 2], [1, 1], [2, 2]],1215,832,1254,812
610190,6,113,104,[9, 6, 11, 3, 1, 4],[[1, 3], [2, 3], [3, 1], [3, 2], [1, 1], [2, 2]],1230,821,1255,808
610253,6,114,49,[7, 12, 10, 2, 5, 8],[[2, 1], [3, 1], [3, 2], [3, 3], [1, 3], [2, 2]],1234,840,1259,808
610312,6,114,49,[7, 12, 10, 2, 5, 8],[[2, 1], [3, 1], [3, 2], [3, 3], [1, 3], [2, 2]],1236,818,1271,815
610360,6,114,49,[7, 12, 10, 2, 5, 8],[[2, 1], [3, 1], [3, 2], [3, 3], [1, 3], [2, 2]],1244,811,1274,815
610402,6,114,49,[7, 12, 10, 2, 5, 8],[[2, 1], [3, 1], [3, 2], [3, 3], [1, 3], [2, 2]],1237,810,1274,815
610452,6,114,49,[7, 12, 10, 2, 5, 8],[[2, 1], [3, 1], [3, 2], [3, 3], [1, 3], [2, 2]],1247,836,1277,817
610520,6,114,49,[7, 12, 10, 2, 5, 8],[[2, 1], [3, 1], [3, 2], [3, 3], [1, 3], [2, 2]],1218,834,1277,820
610566,6,114,49,[7, 12, 10, 2, 5, 8],[[2, 1], [3, 1], [3, 2], [3, 3], [1, 3], [2, 2]],1227,818,1259,827
610640,6,114,49,[7, 12, 10, 2, 5, 8],[[2, 1], [3, 1], [3, 2], [3, 3], [1, 3], [2, 2]],1217,855,1205,825
610691,6,114,49,[7, 12, 10, 2, 5, 8],[[2, 1], [3, 1], [3, 2], [3, 3], [1, 3], [2, 2]],1227,872,1175,825
610771,6,114,49,[7, 12, 10, 2, 5, 8],[[2, 1], [3, 1], [3, 2], [3, 3], [1, 3], [2, 2]],1215,886,1174,826
610852,6,114,49,[7, 12, 10, 2, 5, 8],[[2, 1], [3, 1], [3, 2], [3, 3], [1, 3], [2, 2]],1199,915,1168,829
610909,6,114,49,[7, 12, 10, 2, 5, 8],[[2, 1], [3, 1], [3, 2], [3, 3], [1, 3], [2, 2]],1220,927,1127,832
610980,6,114,49,[7, 12, 10, 2, 5, 8],[[2, 1], [3, 1], [3, 2], [3, 3], [1, 3], [2, 2]],1213,926,1107,833
611042,6,114,49,[7, 12, 10, 2, 5, 8],[[2, 1], [3, 1], [3, 2], [3, 3], [1, 3], [2, 2]],1193,932,1137,877
611092,6,114,49,[7, 12, 10, 2, 5, 8],[[2, 1], [3, 1], [3, 2], [3, 3], [1, 3], [2, 2]],1193,949,1152,892
611133,6,114,49,[7, 12, 10, 2, 5, 8],[[2, 1], [3, 1], [3, 2], [3, 3], [1, 3], [2, 2]],1195,950,1153,894
611181,6,114,49,[7, 12, 10, 2, 5, 8],[[2, 1], [3, 1], [3, 2], [3, 3], [1, 3], [2, 2]],1179,932,1154,895
611217,6,114,49,[7, 12, 10, 2, 5, 8],[[2, 1], [3, 1], [3, 2], [3, 3], [1, 3], [2, 2]],1158,938,1173,909
611275,6,114,49,[7, 12, 10, 2, 5, 8],[[2, 1], [3, 1], [3, 2], [3, 3], [1, 3], [2, 2]],1139,980,1198,917
611329,6,114,49,[7, 12, 10, 2, 5, 8],[[2, 1], [3, 1], [3, 2], [3, 3], [1, 3], [2, 2]],1129,982,1227,929
611413,6,114,49,[7, 12, 10, 2, 5, 8],[[2, 1], [3, 1], [3, 2], [3, 3], [1, 3], [2, 2]],1129,981,1235,932
611482,6,114,49,[7, 12, 10, 2, 5, 8],[[2, 1], [3, 1], [3, 2], [3, 3], [1, 3], [2, 2]],1128,967,1238,943
611536,6,114,49,[7, 12, 10, 2, 5, 8],[[2, 1], [3, 1], [3, 2], [3, 3], [1, 3], [2, 2]],1139,959,1231,956
611610,6,114,49,[7, 12, 10, 2, 5, 8],[[2, 1], [3, 1], [3, 2], [3, 3], [1, 3], [2, 2]],1145,975,1189,966
611656,6,114,49,[7, 12, 10, 2, 5, 8],[[2, 1], [3, 1], [3, 2], [3, 3], [1, 3], [2, 2]],1140,984,1157,965
611713,6,114,49,[7, 12, 10, 2, 5, 8],[[2, 1], [3, 1], [3, 2], [3, 3], [1, 3], [2, 2]],1139,985,1129,960
611768,6,114,49,[7, 12, 10, 2, 5, 8],[[2, 1], [3, 1], [3, 2], [3, 3], [1, 3], [2, 2]],1136,983,1127,960
611827,6,114,49,[7, 12, 10, 2, 5, 8],[[2, 1], [3, 1], [3, 2], [3, 3], [1, 3], [2, 2]],1156,982,1117,955
611894,6,114,49,[7, 12, 10, 2, 5, 8],[[2, 1], [3, 1], [3, 2], [3, 3], [1, 3], [2, 2]],1150,980,1115,953
611939,6,114,49,[7, 12, 10, 2, 5, 8],[[2, 1], [3, 1], [3, 2], [3, 3], [1, 3], [2, 2]],1155,987,1116,953
612000,6,114,49,[7, 12, 10, 2, 5, 8],[[2, 1], [3, 1], [3, 2], [3, 3], [1, 3], [2, 2]],1152,1003,1159,950
612044,6,114,49,[7, 12, 10, 2, 5, 8],[[2, 1], [3, 1], [3, 2], [3, 3], [1, 3], [2, 2]],1179,1007,1184,950
612124,6,114,49,[7, 12, 10, 2, 5, 8],[[2, 1], [3, 1], [3, 2], [3, 3], [1, 3], [2, 2]],1168,981,1192,945
612207,6,114,49,[7, 12, 10, 2, 5, 8],[[2, 1], [3, 1], [3, 2], [3, 3], [1, 3], [2, 2]],1191,995,1192,945
612270,6,114,49,[7, 12, 10, 2, 5, 8],[[2, 1], [3, 1], [3, 2], [3, 3], [1, 3], [2, 2]],1190,988,1186,945
612328,6,114,49,[7, 12, 10, 2, 5, 8],[[2, 1], [3, 1], [3, 2], [3, 3], [1, 3], [2, 2]],1196,1000,1159,954
612388,6,114,49,[7, 12, 10, 2, 5, 8],[[2, 1], [3, 1], [3, 2], [3, 3], [1, 3], [2, 2]],1204,971,1145,965
612426,6,114,49,[7, 12, 10, 2, 5, 8],[[2, 1], [3, 1], [3, 2], [3, 3], [1, 3], [2, 2]],1198,974,1142,972
612504,6,114,49,[7, 12, 10, 2, 5, 8],[[2, 1], [3, 1], [3, 2], [3, 3], [1, 3], [2, 2]],1189,994,1139,979
612562,6,114,49,[7, 12, 10, 2, 5, 8],[[2, 1], [3, 1], [3, 2], [3, 3], [1, 3], [2, 2]],1181,995,1122,1007
612621,6,114,49,[7, 12, 10, 2, 5, 8],[[2, 1], [3, 1], [3, 2], [3, 3], [1, 3], [2, 2]],1163,994,1120,1011
612697,6,114,49,[7, 12, 10, 2, 5, 8],[[2, 1], [3, 1], [3, 2], [3, 3], [1, 3], [2, 2]],1179,977,1113,1001
612771,6,114,49,[7, 12, 10, 2, 5, 8],[[2, 1], [3, 1], [3, 2], [3, 3], [1, 3], [2, 2]],1193,975,1118,975
612828,6,114,49,[7, 12, 10, 2, 5, 8],[[2, 1], [3, 1], [3, 2], [3, 3], [1, 3], [2, 2]],1187,996,1158,961
612888,6,114,49,[7, 12, 10, 2, 5, 8],[[2, 1], [3, 1], [3, 2], [3, 3], [1, 3], [2, 2]],1198,983,1186,962
612941,6,114,49,[7, 12, 10, 2, 5, 8],[[2, 1], [3, 1], [3, 2], [3, 3], [1, 3], [2, 2]],1231,982,1189,962
613015,6,114,49,[7, 12, 10, 2, 5, 8],[[2, 1], [3, 1], [3, 2], [3, 3], [1, 3], [2, 2]],1250,982,1189,962
613080,6,114,49,[7, 12, 10, 2, 5, 8],[[2, 1], [3, 1], [3, 2], [3, 3], [1, 3], [2, 2]],1250,1012,1211,955
613133,6,114,49,[7, 12, 10, 2, 5, 8],[[2, 1], [3, 1], [3, 2], [3, 3], [1, 3], [2, 2]],1258,1019,1236,952
613197,6,114,49,[7, 12, 10, 2, 5, 8],[[2, 1], [3, 1], [3, 2], [3, 3], [1, 3], [2, 2]],1286,991,1241,952
613238,6,114,49,[7, 12, 10, 2, 5, 8],[[2, 1], [3, 1], [3, 2], [3, 3], [1, 3], [2, 2]],1291,996,1241,958
613281,6,114,49,[7, 12, 10, 2, 5, 8],[[2, 1], [3, 1], [3, 2], [3, 3], [1, 3], [2, 2]],1318,984,1242,963
613340,6,114,49,[7, 12, 10, 2, 5, 8],[[2, 1], [3, 1], [3, 2], [3, 3], [1, 3], [2, 2]],1326,981,1242,967
613383,6,114,49,[7, 12, 10, 2, 5, 8],[[2, 1], [3, 1], [3, 2], [3, 3], [1, 3], [2, 2]],1323,976,1244,977
613457,6,114,49,[7, 12, 10, 2, 5, 8],[[2, 1], [3, 1], [3, 2], [3, 3], [1, 3], [2, 2]],1311,998,1245,990
613499,6,114,49,[7, 12, 10, 2, 5, 8],[[2, 1], [3, 1], [3, 2], [3, 3], [1, 3], [2, 2]],1315,988,1245,990
613581,6,114,49,[7, 12, 10, 2, 5, 8],[[2, 1], [3, 1], [3, 2], [3, 3], [1, 3], [2, 2]],1288,984,1269,978
613645,6,114,49,[7, 12, 10, 2, 5, 8],[[2, 1], [3, 1], [3, 2], [3, 3], [1, 3], [2, 2]],1279,967,1319,977
613722,6,114,49,[7, 12, 10, 2, 5, 8],[[2, 1], [3, 1], [3, 2], [3, 3], [1, 3], [2, 2]],1298,977,1429,994
613778,6,114,49,[7, 12, 10, 2, 5, 8],[[2, 1], [3, 1], [3, 2], [3, 3], [1, 3], [2, 2]],1290,972,1430,997
613849,6,114,49,[7, 12, 10, 2, 5, 8],[[2, 1], [3, 1], [3, 2], [3, 3], [1, 3], [2, 2]],1292,982,1424,998
613903,6,114,49,[7, 12, 10, 2, 5, 8],[[2, 1], [3, 1], [3, 2], [3, 3], [1, 3], [2, 2]],1302,983,1422,998
613938,6,114,49,[7, 12, 10, 2, 5, 8],[[2, 1], [3, 1], [3, 2], [3, 3], [1, 3], [2, 2]],1291,979,1422,998
614000,6,114,49,[7, 12, 10, 2, 5, 8],[[2, 1], [3, 1], [3, 2], [3, 3], [1, 3], [2, 2]],1292,979,1392,1005
614066,6,114,49,[7, 12, 10, 2, 5, 8],[[2, 1], [3, 1], [3, 2], [3, 3], [1, 3], [2, 2]],1288,997,1366,1005
614117,6,114,49,[7, 12, 10, 2, 5, 8],[[2, 1], [3, 1], [3, 2], [3, 3], [1, 3], [2, 2]],1284,997,1343,988
614165,6,114,49,[7, 12, 10, 2, 5, 8],[[2, 1], [3, 1], [3, 2], [3, 3], [1, 3], [2, 2]],1277,970,1312,974
614215,6,114,49,[7, 12, 10, 2, 5, 8],[[2, 1], [3, 1], [3, 2], [3, 3], [1, 3], [2, 2]],1273,968,1294,964
614306,6,115,3,[7, 12, 11, 3, 5, 8],[[1, 1], [2, 1], [1, 2], [1, 3], [2, 3], [3, 2]],1262,966,1294,960
614356,6,115,3,[7, 12, 11, 3, 5, 8],[[1, 1], [2, 1], [1, 2], [1, 3], [2, 3], [3, 2]],1259,971,1303,951
614430,6,115,3,[7, 12, 11, 3, 5, 8],[[1, 1], [2, 1], [1, 2], [1, 3], [2, 3], [3, 2]],1257,992,1334,942
614486,6,115,3,[7, 12, 11, 3, 5, 8],[[1, 1], [2, 1], [1, 2], [1, 3], [2, 3], [3, 2]],1276,992,1340,946
614556,6,115,3,[7, 12, 11, 3, 5, 8],[[1, 1], [2, 1], [1, 2], [1, 3], [2, 3], [3, 2]],1267,993,1336,950
614623,6,115,3,[7, 12, 11, 3, 5, 8],[[1, 1], [2, 1], [1, 2], [1, 3], [2, 3], [3, 2]],1294,993,1318,954
614688,6,115,3,[7, 12, 11, 3, 5, 8],[[1, 1], [2, 1], [1, 2], [1, 3], [2, 3], [3, 2]],1305,1001,1299,955
614746,6,115,3,[7, 12, 11, 3, 5, 8],[[1, 1], [2, 1], [1, 2], [1, 3], [2, 3], [3, 2]],1286,996,1299,955
614811,6,115,3,[7, 12, 11, 3, 5, 8],[[1, 1], [2, 1], [1, 2], [1, 3], [2, 3], [3, 2]],1277,980,1299,955
614870,6,115,3,[7, 12, 11, 3, 5, 8],[[1, 1], [2, 1], [1, 2], [1, 3], [2, 3], [3, 2]],1294,982,1287,968
614941,6,115,3,[7, 12, 11, 3, 5, 8],[[1, 1], [2, 1], [1, 2], [1, 3], [2, 3], [3, 2]],1278,977,1284,999
615008,6,115,3,[7, 12, 11, 3, 5, 8],[[1, 1], [2, 1], [1, 2], [1, 3], [2, 3], [3, 2]],1306,975,1299,1008
615076,6,115,3,[7, 12, 11, 3, 5, 8],[[1, 1], [2, 1], [1, 2], [1, 3], [2, 3], [3, 2]],1288,970,1346,1014
615134,6,115,3,[7, 12, 11, 3, 5, 8],[[1, 1], [2, 1], [1, 2], [1, 3], [2, 3], [3, 2]],1276,997,1356,1016
615193,6,115,3,[7, 12, 11, 3, 5, 8],[[1, 1], [2, 1], [1, 2], [1, 3], [2, 3], [3, 2]],1273,995,1358,1023
615262,6,115,3,[7, 12, 11, 3, 5, 8],[[1, 1], [2, 1], [1, 2], [1, 3], [2, 3], [3, 2]],1273,976,1346,1031
615303,6,115,3,[7, 12, 11, 3, 5, 8],[[1, 1], [2, 1], [1, 2], [1, 3], [2, 3], [3, 2]],1270,982,1340,1032
615361,6,115,3,[7, 12, 11, 3, 5, 8],[[1, 1], [2, 1], [1, 2], [1, 3], [2, 3], [3, 2]],1274,966,1340,1032
615404,6,115,3,[7, 12, 11, 3, 5, 8],[[1, 1], [2, 1], [1, 2], [1, 3], [2, 3], [3, 2]],1284,987,1340,1032
615462,6,115,3,[7, 12, 11, 3, 5, 8],[[1, 1], [2, 1], [1, 2], [1, 3], [2, 3], [3, 2]],1283,953,1355,1025
615521,6,115,3,[7, 12, 11, 3, 5, 8],[[1, 1], [2, 1], [1, 2], [1, 3], [2, 3], [3, 2]],1268,982,1353,1023
615575,6,115,3,[7, 12, 11, 3, 5, 8],[[1, 1], [2, 1], [1, 2], [1, 3], [2, 3], [3, 2]],1289,955,1328,1011
615634,6,115,3,[7, 12, 11, 3, 5, 8],[[1, 1], [2, 1], [1, 2], [1, 3], [2, 3], [3, 2]],1291,999,1256,989
615696,6,115,3,[7, 12, 11, 3, 5, 8],[[1, 1], [2, 1], [1, 2], [1, 3], [2, 3], [3, 2]],1277,1020,1250,988
615755,6,115,3,[7, 12, 11, 3, 5, 8],[[1, 1], [2, 1], [1, 2], [1, 3], [2, 3], [3, 2]],1257,971,1250,988
615805,6,115,3,[7, 12, 11, 3, 5, 8],[[1, 1], [2, 1], [1, 2], [1, 3], [2, 3], [3, 2]],1258,988,1250,988
615858,6,115,3,[7, 12, 11, 3, 5, 8],[[1, 1], [2, 1], [1, 2], [1, 3], [2, 3], [3, 2]],1237,1009,1250,991
615920,6,115,3,[7, 12, 11, 3, 5, 8],[[1, 1], [2, 1], [1, 2], [1, 3], [2, 3], [3, 2]],1251,985,1271,1014
615975,6,115,3,[7, 12, 11, 3, 5, 8],[[1, 1], [2, 1], [1, 2], [1, 3], [2, 3], [3, 2]],1283,982,1275,1019
616029,6,115,3,[7, 12, 11, 3, 5, 8],[[1, 1], [2, 1], [1, 2], [1, 3], [2, 3], [3, 2]],1292,972,1278,1019
616082,6,115,3,[7, 12, 11, 3, 5, 8],[[1, 1], [2, 1], [1, 2], [1, 3], [2, 3], [3, 2]],1295,942,1280,1020
616138,6,115,3,[7, 12, 11, 3, 5, 8],[[1, 1], [2, 1], [1, 2], [1, 3], [2, 3], [3, 2]],1291,946,1296,1018
616196,6,115,3,[7, 12, 11, 3, 5, 8],[[1, 1], [2, 1], [1, 2], [1, 3], [2, 3], [3, 2]],1293,938,1308,1009
616257,6,115,3,[7, 12, 11, 3, 5, 8],[[1, 1], [2, 1], [1, 2], [1, 3], [2, 3], [3, 2]],1325,966,1294,995
616312,6,115,3,[7, 12, 11, 3, 5, 8],[[1, 1], [2, 1], [1, 2], [1, 3], [2, 3], [3, 2]],1348,980,1279,987
616397,6,115,3,[7, 12, 11, 3, 5, 8],[[1, 1], [2, 1], [1, 2], [1, 3], [2, 3], [3, 2]],1374,984,1269,974
616455,6,115,3,[7, 12, 11, 3, 5, 8],[[1, 1], [2, 1], [1, 2], [1, 3], [2, 3], [3, 2]],1371,1003,1273,957
616544,6,115,3,[7, 12, 11, 3, 5, 8],[[1, 1], [2, 1], [1, 2], [1, 3], [2, 3], [3, 2]],1367,1029,1292,930
616628,6,115,3,[7, 12, 11, 3, 5, 8],[[1, 1], [2, 1], [1, 2], [1, 3], [2, 3], [3, 2]],1369,970,1302,929
616714,6,115,3,[7, 12, 11, 3, 5, 8],[[1, 1], [2, 1], [1, 2], [1, 3], [2, 3], [3, 2]],1366,966,1390,961
616783,6,115,3,[7, 12, 11, 3, 5, 8],[[1, 1], [2, 1], [1, 2], [1, 3], [2, 3], [3, 2]],1335,964,1438,966
616849,6,115,3,[7, 12, 11, 3, 5, 8],[[1, 1], [2, 1], [1, 2], [1, 3], [2, 3], [3, 2]],1351,965,1438,966
616912,6,115,3,[7, 12, 11, 3, 5, 8],[[1, 1], [2, 1], [1, 2], [1, 3], [2, 3], [3, 2]],1367,975,1461,980
616992,6,115,3,[7, 12, 11, 3, 5, 8],[[1, 1], [2, 1], [1, 2], [1, 3], [2, 3], [3, 2]],1372,958,1478,994
617049,6,115,3,[7, 12, 11, 3, 5, 8],[[1, 1], [2, 1], [1, 2], [1, 3], [2, 3], [3, 2]],1415,954,1450,1008
617122,6,115,3,[7, 12, 11, 3, 5, 8],[[1, 1], [2, 1], [1, 2], [1, 3], [2, 3], [3, 2]],1418,969,1401,1010
617165,6,115,3,[7, 12, 11, 3, 5, 8],[[1, 1], [2, 1], [1, 2], [1, 3], [2, 3], [3, 2]],1435,972,1354,999
617238,6,115,3,[7, 12, 11, 3, 5, 8],[[1, 1], [2, 1], [1, 2], [1, 3], [2, 3], [3, 2]],1435,967,1294,983
617294,6,115,3,[7, 12, 11, 3, 5, 8],[[1, 1], [2, 1], [1, 2], [1, 3], [2, 3], [3, 2]],1431,971,1296,978
617378,6,115,3,[7, 12, 11, 3, 5, 8],[[1, 1], [2, 1], [1, 2], [1, 3], [2, 3], [3, 2]],1410,978,1337,945
617424,6,115,3,[7, 12, 11, 3, 5, 8],[[1, 1], [2, 1], [1, 2], [1, 3], [2, 3], [3, 2]],1412,980,1365,938
617487,6,115,3,[7, 12, 11, 3, 5, 8],[[1, 1], [2, 1], [1, 2], [1, 3], [2, 3], [3, 2]],1407,975,1392,938
617538,6,115,3,[7, 12, 11, 3, 5, 8],[[1, 1], [2, 1], [1, 2], [1, 3], [2, 3], [3, 2]],1420,991,1401,951
617578,6,115,3,[7, 12, 11, 3, 5, 8],[[1, 1], [2, 1], [1, 2], [1, 3], [2, 3], [3, 2]],1417,976,1402,964
617637,6,115,3,[7, 12, 11, 3, 5, 8],[[1, 1], [2, 1], [1, 2], [1, 3], [2, 3], [3, 2]],1430,968,1402,979
617690,6,115,3,[7, 12, 11, 3, 5, 8],[[1, 1], [2, 1], [1, 2], [1, 3], [2, 3], [3, 2]],1420,950,1401,982
617744,6,115,3,[7, 12, 11, 3, 5, 8],[[1, 1], [2, 1], [1, 2], [1, 3], [2, 3], [3, 2]],1411,919,1399,982
617807,6,115,3,[7, 12, 11, 3, 5, 8],[[1, 1], [2, 1], [1, 2], [1, 3], [2, 3], [3, 2]],1402,915,1397,981
617850,6,115,3,[7, 12, 11, 3, 5, 8],[[1, 1], [2, 1], [1, 2], [1, 3], [2, 3], [3, 2]],1391,921,1397,981
617909,6,115,3,[7, 12, 11, 3, 5, 8],[[1, 1], [2, 1], [1, 2], [1, 3], [2, 3], [3, 2]],1396,896,1387,974
617954,6,115,3,[7, 12, 11, 3, 5, 8],[[1, 1], [2, 1], [1, 2], [1, 3], [2, 3], [3, 2]],1396,900,1385,967
618033,6,115,3,[7, 12, 11, 3, 5, 8],[[1, 1], [2, 1], [1, 2], [1, 3], [2, 3], [3, 2]],1375,923,1391,948
618091,6,115,3,[7, 12, 11, 3, 5, 8],[[1, 1], [2, 1], [1, 2], [1, 3], [2, 3], [3, 2]],1378,909,1406,925
618138,6,115,3,[7, 12, 11, 3, 5, 8],[[1, 1], [2, 1], [1, 2], [1, 3], [2, 3], [3, 2]],1371,915,1406,921
618208,6,115,3,[7, 12, 11, 3, 5, 8],[[1, 1], [2, 1], [1, 2], [1, 3], [2, 3], [3, 2]],1382,914,1401,920
618269,6,115,3,[7, 12, 11, 3, 5, 8],[[1, 1], [2, 1], [1, 2], [1, 3], [2, 3], [3, 2]],1381,930,1409,905
618324,6,115,3,[7, 12, 11, 3, 5, 8],[[1, 1], [2, 1], [1, 2], [1, 3], [2, 3], [3, 2]],1380,929,1409,903
618371,6,115,3,[7, 12, 11, 3, 5, 8],[[1, 1], [2, 1], [1, 2], [1, 3], [2, 3], [3, 2]],1411,930,1400,918
618420,6,116,61,[7, 12, 10, 2, 5, 8],[[2, 1], [3, 1], [1, 1], [1, 2], [2, 3], [3, 2]],1433,945,1398,919
618510,6,116,61,[7, 12, 10, 2, 5, 8],[[2, 1], [3, 1], [1, 1], [1, 2], [2, 3], [3, 2]],1428,955,1390,901
618591,6,116,61,[7, 12, 10, 2, 5, 8],[[2, 1], [3, 1], [1, 1], [1, 2], [2, 3], [3, 2]],1417,933,1388,887
618663,6,116,61,[7, 12, 10, 2, 5, 8],[[2, 1], [3, 1], [1, 1], [1, 2], [2, 3], [3, 2]],1437,956,1407,899
618751,6,116,61,[7, 12, 10, 2, 5, 8],[[2, 1], [3, 1], [1, 1], [1, 2], [2, 3], [3, 2]],1431,985,1416,920
618836,6,116,61,[7, 12, 10, 2, 5, 8],[[2, 1], [3, 1], [1, 1], [1, 2], [2, 3], [3, 2]],1433,957,1458,965
618884,6,116,61,[7, 12, 10, 2, 5, 8],[[2, 1], [3, 1], [1, 1], [1, 2], [2, 3], [3, 2]],1409,930,1458,965
618947,6,116,61,[7, 12, 10, 2, 5, 8],[[2, 1], [3, 1], [1, 1], [1, 2], [2, 3], [3, 2]],1379,928,1464,979
619020,6,116,61,[7, 12, 10, 2, 5, 8],[[2, 1], [3, 1], [1, 1], [1, 2], [2, 3], [3, 2]],1374,944,1466,989
619084,6,116,61,[7, 12, 10, 2, 5, 8],[[2, 1], [3, 1], [1, 1], [1, 2], [2, 3], [3, 2]],1395,935,1460,1028
619143,6,116,61,[7, 12, 10, 2, 5, 8],[[2, 1], [3, 1], [1, 1], [1, 2], [2, 3], [3, 2]],1397,928,1444,1020
619211,6,116,61,[7, 12, 10, 2, 5, 8],[[2, 1], [3, 1], [1, 1], [1, 2], [2, 3], [3, 2]],1394,937,1420,1005
619273,6,116,61,[7, 12, 10, 2, 5, 8],[[2, 1], [3, 1], [1, 1], [1, 2], [2, 3], [3, 2]],1386,937,1401,988
619342,6,116,61,[7, 12, 10, 2, 5, 8],[[2, 1], [3, 1], [1, 1], [1, 2], [2, 3], [3, 2]],1401,932,1381,966
619418,6,116,61,[7, 12, 10, 2, 5, 8],[[2, 1], [3, 1], [1, 1], [1, 2], [2, 3], [3, 2]],1380,906,1375,948
619471,6,116,61,[7, 12, 10, 2, 5, 8],[[2, 1], [3, 1], [1, 1], [1, 2], [2, 3], [3, 2]],1378,909,1359,908
619524,6,116,61,[7, 12, 10, 2, 5, 8],[[2, 1], [3, 1], [1, 1], [1, 2], [2, 3], [3, 2]],1384,945,1362,901
619583,6,116,61,[7, 12, 10, 2, 5, 8],[[2, 1], [3, 1], [1, 1], [1, 2], [2, 3], [3, 2]],1396,960,1390,885
619641,6,116,61,[7, 12, 10, 2, 5, 8],[[2, 1], [3, 1], [1, 1], [1, 2], [2, 3], [3, 2]],1410,960,1399,882
619696,6,116,61,[7, 12, 10, 2, 5, 8],[[2, 1], [3, 1], [1, 1], [1, 2], [2, 3], [3, 2]],1410,934,1399,882
619754,6,116,61,[7, 12, 10, 2, 5, 8],[[2, 1], [3, 1], [1, 1], [1, 2], [2, 3], [3, 2]],1413,924,1398,874
619808,6,116,61,[7, 12, 10, 2, 5, 8],[[2, 1], [3, 1], [1, 1], [1, 2], [2, 3], [3, 2]],1402,917,1396,873
619862,6,116,61,[7, 12, 10, 2, 5, 8],[[2, 1], [3, 1], [1, 1], [1, 2], [2, 3], [3, 2]],1381,928,1388,877
619915,6,116,61,[7, 12, 10, 2, 5, 8],[[2, 1], [3, 1], [1, 1], [1, 2], [2, 3], [3, 2]],1370,928,1377,913
619973,6,116,61,[7, 12, 10, 2, 5, 8],[[2, 1], [3, 1], [1, 1], [1, 2], [2, 3], [3, 2]],1377,962,1388,943
620027,6,116,61,[7, 12, 10, 2, 5, 8],[[2, 1], [3, 1], [1, 1], [1, 2], [2, 3], [3, 2]],1363,963,1406,958
620090,6,116,61,[7, 12, 10, 2, 5, 8],[[2, 1], [3, 1], [1, 1], [1, 2], [2, 3], [3, 2]],1364,955,1421,974
620164,6,116,61,[7, 12, 10, 2, 5, 8],[[2, 1], [3, 1], [1, 1], [1, 2], [2, 3], [3, 2]],1359,962,1425,986
620219,6,116,61,[7, 12, 10, 2, 5, 8],[[2, 1], [3, 1], [1, 1], [1, 2], [2, 3], [3, 2]],1359,988,1412,1005
620277,6,116,61,[7, 12, 10, 2, 5, 8],[[2, 1], [3, 1], [1, 1], [1, 2], [2, 3], [3, 2]],1338,989,1360,1023
620351,6,116,61,[7, 12, 10, 2, 5, 8],[[2, 1], [3, 1], [1, 1], [1, 2], [2, 3], [3, 2]],1328,993,1308,1025
620415,6,116,61,[7, 12, 10, 2, 5, 8],[[2, 1], [3, 1], [1, 1], [1, 2], [2, 3], [3, 2]],1325,974,1277,1008
620471,6,116,61,[7, 12, 10, 2, 5, 8],[[2, 1], [3, 1], [1, 1], [1, 2], [2, 3], [3, 2]],1365,978,1274,995
620532,6,116,61,[7, 12, 10, 2, 5, 8],[[2, 1], [3, 1], [1, 1], [1, 2], [2, 3], [3, 2]],1381,956,1282,985
620598,6,116,61,[7, 12, 10, 2, 5, 8],[[2, 1], [3, 1], [1, 1], [1, 2], [2, 3], [3, 2]],1369,950,1306,972
620649,6,116,61,[7, 12, 10, 2, 5, 8],[[2, 1], [3, 1], [1, 1], [1, 2], [2, 3], [3, 2]],1361,973,1320,968
620722,6,116,61,[7, 12, 10, 2, 5, 8],[[2, 1], [3, 1], [1, 1], [1, 2], [2, 3], [3, 2]],1353,991,1321,968
620780,6,116,61,[7, 12, 10, 2, 5, 8],[[2, 1], [3, 1], [1, 1], [1, 2], [2, 3], [3, 2]],1369,984,1324,960
620824,6,116,61,[7, 12, 10, 2, 5, 8],[[2, 1], [3, 1], [1, 1], [1, 2], [2, 3], [3, 2]],1363,1000,1337,949
620879,6,116,61,[7, 12, 10, 2, 5, 8],[[2, 1], [3, 1], [1, 1], [1, 2], [2, 3], [3, 2]],1380,1019,1365,943
620946,6,116,61,[7, 12, 10, 2, 5, 8],[[2, 1], [3, 1], [1, 1], [1, 2], [2, 3], [3, 2]],1385,989,1382,941
620992,6,116,61,[7, 12, 10, 2, 5, 8],[[2, 1], [3, 1], [1, 1], [1, 2], [2, 3], [3, 2]],1370,974,1391,936
621037,6,116,61,[7, 12, 10, 2, 5, 8],[[2, 1], [3, 1], [1, 1], [1, 2], [2, 3], [3, 2]],1386,958,1397,933
621100,6,116,61,[7, 12, 10, 2, 5, 8],[[2, 1], [3, 1], [1, 1], [1, 2], [2, 3], [3, 2]],1382,966,1397,933
621147,6,116,61,[7, 12, 10, 2, 5, 8],[[2, 1], [3, 1], [1, 1], [1, 2], [2, 3], [3, 2]],1398,940,1401,933
621210,6,116,61,[7, 12, 10, 2, 5, 8],[[2, 1], [3, 1], [1, 1], [1, 2], [2, 3], [3, 2]],1402,955,1406,942
621256,6,116,61,[7, 12, 10, 2, 5, 8],[[2, 1], [3, 1], [1, 1], [1, 2], [2, 3], [3, 2]],1415,960,1400,958
621314,6,116,61,[7, 12, 10, 2, 5, 8],[[2, 1], [3, 1], [1, 1], [1, 2], [2, 3], [3, 2]],1388,960,1388,973
621357,6,116,61,[7, 12, 10, 2, 5, 8],[[2, 1], [3, 1], [1, 1], [1, 2], [2, 3], [3, 2]],1393,983,1386,980
621423,6,116,61,[7, 12, 10, 2, 5, 8],[[2, 1], [3, 1], [1, 1], [1, 2], [2, 3], [3, 2]],1388,991,1383,993
621467,6,116,61,[7, 12, 10, 2, 5, 8],[[2, 1], [3, 1], [1, 1], [1, 2], [2, 3], [3, 2]],1378,1008,1387,1007
621508,6,116,61,[7, 12, 10, 2, 5, 8],[[2, 1], [3, 1], [1, 1], [1, 2], [2, 3], [3, 2]],1376,1002,1389,1011
621553,6,116,61,[7, 12, 10, 2, 5, 8],[[2, 1], [3, 1], [1, 1], [1, 2], [2, 3], [3, 2]],1353,1007,1388,1020
621619,6,116,61,[7, 12, 10, 2, 5, 8],[[2, 1], [3, 1], [1, 1], [1, 2], [2, 3], [3, 2]],1325,979,1398,1031
621667,6,116,61,[7, 12, 10, 2, 5, 8],[[2, 1], [3, 1], [1, 1], [1, 2], [2, 3], [3, 2]],1348,969,1425,1032
621751,6,116,61,[7, 12, 10, 2, 5, 8],[[2, 1], [3, 1], [1, 1], [1, 2], [2, 3], [3, 2]],1363,981,1457,1021
621800,6,116,61,[7, 12, 10, 2, 5, 8],[[2, 1], [3, 1], [1, 1], [1, 2], [2, 3], [3, 2]],1329,984,1461,1025
621885,6,116,61,[7, 12, 10, 2, 5, 8],[[2, 1], [3, 1], [1, 1], [1, 2], [2, 3], [3, 2]],1307,993,1463,1036
621930,6,116,61,[7, 12, 10, 2, 5, 8],[[2, 1], [3, 1], [1, 1], [1, 2], [2, 3], [3, 2]],1322,1005,1464,1041
622025,6,116,61,[7, 12, 10, 2, 5, 8],[[2, 1], [3, 1], [1, 1], [1, 2], [2, 3], [3, 2]],1332,1010,1464,1041
622093,6,116,61,[7, 12, 10, 2, 5, 8],[[2, 1], [3, 1], [1, 1], [1, 2], [2, 3], [3, 2]],1308,1004,1453,1036
622207,6,116,61,[7, 12, 10, 2, 5, 8],[[2, 1], [3, 1], [1, 1], [1, 2], [2, 3], [3, 2]],1320,1001,1352,1030
622293,6,116,61,[7, 12, 10, 2, 5, 8],[[2, 1], [3, 1], [1, 1], [1, 2], [2, 3], [3, 2]],1305,981,1315,1035
622364,6,116,61,[7, 12, 10, 2, 5, 8],[[2, 1], [3, 1], [1, 1], [1, 2], [2, 3], [3, 2]],1327,974,1302,1036
622418,6,116,61,[7, 12, 10, 2, 5, 8],[[2, 1], [3, 1], [1, 1], [1, 2], [2, 3], [3, 2]],1320,972,1277,1013
622473,6,117,78,[9, 6, 10, 2, 1, 4],[[1, 3], [2, 3], [1, 1], [1, 2], [2, 1], [3, 2]],1327,980,1271,1008
622555,6,117,78,[9, 6, 10, 2, 1, 4],[[1, 3], [2, 3], [1, 1], [1, 2], [2, 1], [3, 2]],1328,989,1269,1007
622632,6,117,78,[9, 6, 10, 2, 1, 4],[[1, 3], [2, 3], [1, 1], [1, 2], [2, 1], [3, 2]],1345,990,1294,1003
622717,6,117,78,[9, 6, 10, 2, 1, 4],[[1, 3], [2, 3], [1, 1], [1, 2], [2, 1], [3, 2]],1348,1009,1358,1003
622771,6,117,78,[9, 6, 10, 2, 1, 4],[[1, 3], [2, 3], [1, 1], [1, 2], [2, 1], [3, 2]],1333,1003,1365,1004
622843,6,117,78,[9, 6, 10, 2, 1, 4],[[1, 3], [2, 3], [1, 1], [1, 2], [2, 1], [3, 2]],1329,1024,1411,1011
622908,6,117,78,[9, 6, 10, 2, 1, 4],[[1, 3], [2, 3], [1, 1], [1, 2], [2, 1], [3, 2]],1360,991,1427,1012
622995,6,117,78,[9, 6, 10, 2, 1, 4],[[1, 3], [2, 3], [1, 1], [1, 2], [2, 1], [3, 2]],1356,1004,1441,1015
623036,6,117,78,[9, 6, 10, 2, 1, 4],[[1, 3], [2, 3], [1, 1], [1, 2], [2, 1], [3, 2]],1352,1014,1442,1018
623083,6,117,78,[9, 6, 10, 2, 1, 4],[[1, 3], [2, 3], [1, 1], [1, 2], [2, 1], [3, 2]],1369,1001,1441,1029
623128,6,117,78,[9, 6, 10, 2, 1, 4],[[1, 3], [2, 3], [1, 1], [1, 2], [2, 1], [3, 2]],1345,982,1409,1048
623179,6,117,78,[9, 6, 10, 2, 1, 4],[[1, 3], [2, 3], [1, 1], [1, 2], [2, 1], [3, 2]],1347,962,1394,1053
623219,6,117,78,[9, 6, 10, 2, 1, 4],[[1, 3], [2, 3], [1, 1], [1, 2], [2, 1], [3, 2]],1325,935,1384,1056
623267,6,117,78,[9, 6, 10, 2, 1, 4],[[1, 3], [2, 3], [1, 1], [1, 2], [2, 1], [3, 2]],1321,941,1371,1058
623312,6,117,78,[9, 6, 10, 2, 1, 4],[[1, 3], [2, 3], [1, 1], [1, 2], [2, 1], [3, 2]],1309,906,1365,1058
623358,6,117,78,[9, 6, 10, 2, 1, 4],[[1, 3], [2, 3], [1, 1], [1, 2], [2, 1], [3, 2]],1306,924,1362,1058
623416,6,117,78,[9, 6, 10, 2, 1, 4],[[1, 3], [2, 3], [1, 1], [1, 2], [2, 1], [3, 2]],1301,931,1353,1054
623464,6,117,78,[9, 6, 10, 2, 1, 4],[[1, 3], [2, 3], [1, 1], [1, 2], [2, 1], [3, 2]],1312,931,1331,1039
623509,6,117,78,[9, 6, 10, 2, 1, 4],[[1, 3], [2, 3], [1, 1], [1, 2], [2, 1], [3, 2]],1315,941,1320,1017
623552,6,117,78,[9, 6, 10, 2, 1, 4],[[1, 3], [2, 3], [1, 1], [1, 2], [2, 1], [3, 2]],1297,926,1319,993
623593,6,117,78,[9, 6, 10, 2, 1, 4],[[1, 3], [2, 3], [1, 1], [1, 2], [2, 1], [3, 2]],1284,948,1325,974
623636,6,117,78,[9, 6, 10, 2, 1, 4],[[1, 3], [2, 3], [1, 1], [1, 2], [2, 1], [3, 2]],1282,969,1328,949
623695,6,117,78,[9, 6, 10, 2, 1, 4],[[1, 3], [2, 3], [1, 1], [1, 2], [2, 1], [3, 2]],1267,981,1328,943
623741,6,117,78,[9, 6, 10, 2, 1, 4],[[1, 3], [2, 3], [1, 1], [1, 2], [2, 1], [3, 2]],1276,986,1321,936
623782,6,117,78,[9, 6, 10, 2, 1, 4],[[1, 3], [2, 3], [1, 1], [1, 2], [2, 1], [3, 2]],1290,971,1319,935
623829,6,117,78,[9, 6, 10, 2, 1, 4],[[1, 3], [2, 3], [1, 1], [1, 2], [2, 1], [3, 2]],1293,938,1319,935
623870,6,117,78,[9, 6, 10, 2, 1, 4],[[1, 3], [2, 3], [1, 1], [1, 2], [2, 1], [3, 2]],1306,932,1319,935
623913,6,117,78,[9, 6, 10, 2, 1, 4],[[1, 3], [2, 3], [1, 1], [1, 2], [2, 1], [3, 2]],1309,936,1321,951
623971,6,117,78,[9, 6, 10, 2, 1, 4],[[1, 3], [2, 3], [1, 1], [1, 2], [2, 1], [3, 2]],1302,913,1319,977
624024,6,117,78,[9, 6, 10, 2, 1, 4],[[1, 3], [2, 3], [1, 1], [1, 2], [2, 1], [3, 2]],1294,885,1321,998
624098,6,117,78,[9, 6, 10, 2, 1, 4],[[1, 3], [2, 3], [1, 1], [1, 2], [2, 1], [3, 2]],1283,893,1323,1021
624144,6,117,78,[9, 6, 10, 2, 1, 4],[[1, 3], [2, 3], [1, 1], [1, 2], [2, 1], [3, 2]],1266,904,1328,1035
624209,6,117,78,[9, 6, 10, 2, 1, 4],[[1, 3], [2, 3], [1, 1], [1, 2], [2, 1], [3, 2]],1252,889,1346,1051
624301,6,117,78,[9, 6, 10, 2, 1, 4],[[1, 3], [2, 3], [1, 1], [1, 2], [2, 1], [3, 2]],1264,921,1371,1052
624374,6,117,78,[9, 6, 10, 2, 1, 4],[[1, 3], [2, 3], [1, 1], [1, 2], [2, 1], [3, 2]],1249,916,1373,1028
624435,6,117,78,[9, 6, 10, 2, 1, 4],[[1, 3], [2, 3], [1, 1], [1, 2], [2, 1], [3, 2]],1261,913,1350,982
624503,6,117,78,[9, 6, 10, 2, 1, 4],[[1, 3], [2, 3], [1, 1], [1, 2], [2, 1], [3, 2]],1266,912,1313,935
624564,6,117,78,[9, 6, 10, 2, 1, 4],[[1, 3], [2, 3], [1, 1], [1, 2], [2, 1], [3, 2]],1274,929,1287,892
624613,6,117,78,[9, 6, 10, 2, 1, 4],[[1, 3], [2, 3], [1, 1], [1, 2], [2, 1], [3, 2]],1250,938,1286,892
624704,6,117,78,[9, 6, 10, 2, 1, 4],[[1, 3], [2, 3], [1, 1], [1, 2], [2, 1], [3, 2]],1268,952,1285,882
624754,6,117,78,[9, 6, 10, 2, 1, 4],[[1, 3], [2, 3], [1, 1], [1, 2], [2, 1], [3, 2]],1274,955,1274,857
624826,6,117,78,[9, 6, 10, 2, 1, 4],[[1, 3], [2, 3], [1, 1], [1, 2], [2, 1], [3, 2]],1256,960,1260,857
624907,6,117,78,[9, 6, 10, 2, 1, 4],[[1, 3], [2, 3], [1, 1], [1, 2], [2, 1], [3, 2]],1248,955,1223,861
624966,6,117,78,[9, 6, 10, 2, 1, 4],[[1, 3], [2, 3], [1, 1], [1, 2], [2, 1], [3, 2]],1238,918,1217,879
625024,6,117,78,[9, 6, 10, 2, 1, 4],[[1, 3], [2, 3], [1, 1], [1, 2], [2, 1], [3, 2]],1250,925,1221,898
625082,6,117,78,[9, 6, 10, 2, 1, 4],[[1, 3], [2, 3], [1, 1], [1, 2], [2, 1], [3, 2]],1269,916,1230,906
625136,6,117,78,[9, 6, 10, 2, 1, 4],[[1, 3], [2, 3], [1, 1], [1, 2], [2, 1], [3, 2]],1274,880,1251,915
625194,6,117,78,[9, 6, 10, 2, 1, 4],[[1, 3], [2, 3], [1, 1], [1, 2], [2, 1], [3, 2]],1263,888,1293,938
625243,6,117,78,[9, 6, 10, 2, 1, 4],[[1, 3], [2, 3], [1, 1], [1, 2], [2, 1], [3, 2]],1248,885,1307,955
625278,6,117,78,[9, 6, 10, 2, 1, 4],[[1, 3], [2, 3], [1, 1], [1, 2], [2, 1], [3, 2]],1259,906,1310,969
625333,6,117,78,[9, 6, 10, 2, 1, 4],[[1, 3], [2, 3], [1, 1], [1, 2], [2, 1], [3, 2]],1275,892,1311,994
625385,6,117,78,[9, 6, 10, 2, 1, 4],[[1, 3], [2, 3], [1, 1], [1, 2], [2, 1], [3, 2]],1276,892,1312,1012
625454,6,117,78,[9, 6, 10, 2, 1, 4],[[1, 3], [2, 3], [1, 1], [1, 2], [2, 1], [3, 2]],1288,873,1312,1020
625502,6,117,78,[9, 6, 10, 2, 1, 4],[[1, 3], [2, 3], [1, 1], [1, 2], [2, 1], [3, 2]],1284,895,1314,1008
625566,6,117,78,[9, 6, 10, 2, 1, 4],[[1, 3], [2, 3], [1, 1], [1, 2], [2, 1], [3, 2]],1286,902,1298,907
625619,6,117,78,[9, 6, 10, 2, 1, 4],[[1, 3], [2, 3], [1, 1], [1, 2], [2, 1], [3, 2]],1266,913,1290,880
625714,6,117,78,[9, 6, 10, 2, 1, 4],[[1, 3], [2, 3], [1, 1], [1, 2], [2, 1], [3, 2]],1257,913,1307,869
625755,6,117,78,[9, 6, 10, 2, 1, 4],[[1, 3], [2, 3], [1, 1], [1, 2], [2, 1], [3, 2]],1266,912,1362,857
625858,6,117,78,[9, 6, 10, 2, 1, 4],[[1, 3], [2, 3], [1, 1], [1, 2], [2, 1], [3, 2]],1263,908,1398,799
625918,6,117,78,[9, 6, 10, 2, 1, 4],[[1, 3], [2, 3], [1, 1], [1, 2], [2, 1], [3, 2]],1291,872,1403,789
625970,6,117,78,[9, 6, 10, 2, 1, 4],[[1, 3], [2, 3], [1, 1], [1, 2], [2, 1], [3, 2]],1291,889,1407,789
626019,6,117,78,[9, 6, 10, 2, 1, 4],[[1, 3], [2, 3], [1, 1], [1, 2], [2, 1], [3, 2]],1259,923,1407,815
626066,6,117,78,[9, 6, 10, 2, 1, 4],[[1, 3], [2, 3], [1, 1], [1, 2], [2, 1], [3, 2]],1242,925,1373,859
626119,6,117,78,[9, 6, 10, 2, 1, 4],[[1, 3], [2, 3], [1, 1], [1, 2], [2, 1], [3, 2]],1231,930,1343,884
626167,6,117,78,[9, 6, 10, 2, 1, 4],[[1, 3], [2, 3], [1, 1], [1, 2], [2, 1], [3, 2]],1226,946,1326,906
626222,6,117,78,[9, 6, 10, 2, 1, 4],[[1, 3], [2, 3], [1, 1], [1, 2], [2, 1], [3, 2]],1217,945,1302,932
626264,6,117,78,[9, 6, 10, 2, 1, 4],[[1, 3], [2, 3], [1, 1], [1, 2], [2, 1], [3, 2]],1216,926,1294,945
626343,6,117,78,[9, 6, 10, 2, 1, 4],[[1, 3], [2, 3], [1, 1], [1, 2], [2, 1], [3, 2]],1201,947,1290,976
626406,6,117,78,[9, 6, 10, 2, 1, 4],[[1, 3], [2, 3], [1, 1], [1, 2], [2, 1], [3, 2]],1211,925,1292,1014
626476,6,117,78,[9, 6, 10, 2, 1, 4],[[1, 3], [2, 3], [1, 1], [1, 2], [2, 1], [3, 2]],1224,933,1276,1035
626555,6,118,103,[7, 12, 11, 3, 1, 4],[[1, 3], [2, 3], [3, 1], [3, 2], [1, 1], [2, 2]],1246,934,1257,1037
626619,6,118,103,[7, 12, 11, 3, 1, 4],[[1, 3], [2, 3], [3, 1], [3, 2], [1, 1], [2, 2]],1246,940,1206,1030
626700,6,118,103,[7, 12, 11, 3, 1, 4],[[1, 3], [2, 3], [3, 1], [3, 2], [1, 1], [2, 2]],1231,962,1191,1024
626753,6,118,103,[7, 12, 11, 3, 1, 4],[[1, 3], [2, 3], [3, 1], [3, 2], [1, 1], [2, 2]],1230,980,1179,1000
626839,6,118,103,[7, 12, 11, 3, 1, 4],[[1, 3], [2, 3], [3, 1], [3, 2], [1, 1], [2, 2]],1213,965,1194,967
626883,6,118,103,[7, 12, 11, 3, 1, 4],[[1, 3], [2, 3], [3, 1], [3, 2], [1, 1], [2, 2]],1239,973,1230,936
626942,6,118,103,[7, 12, 11, 3, 1, 4],[[1, 3], [2, 3], [3, 1], [3, 2], [1, 1], [2, 2]],1206,998,1257,906
627010,6,118,103,[7, 12, 11, 3, 1, 4],[[1, 3], [2, 3], [3, 1], [3, 2], [1, 1], [2, 2]],1180,1003,1266,855
627075,6,118,103,[7, 12, 11, 3, 1, 4],[[1, 3], [2, 3], [3, 1], [3, 2], [1, 1], [2, 2]],1180,1012,1249,826
627147,6,118,103,[7, 12, 11, 3, 1, 4],[[1, 3], [2, 3], [3, 1], [3, 2], [1, 1], [2, 2]],1184,1011,1241,822
627200,6,118,103,[7, 12, 11, 3, 1, 4],[[1, 3], [2, 3], [3, 1], [3, 2], [1, 1], [2, 2]],1184,1020,1238,833
627264,6,118,103,[7, 12, 11, 3, 1, 4],[[1, 3], [2, 3], [3, 1], [3, 2], [1, 1], [2, 2]],1158,996,1240,920
627323,6,118,103,[7, 12, 11, 3, 1, 4],[[1, 3], [2, 3], [3, 1], [3, 2], [1, 1], [2, 2]],1160,974,1259,964
627388,6,118,103,[7, 12, 11, 3, 1, 4],[[1, 3], [2, 3], [3, 1], [3, 2], [1, 1], [2, 2]],1155,962,1281,1005
627445,6,118,103,[7, 12, 11, 3, 1, 4],[[1, 3], [2, 3], [3, 1], [3, 2], [1, 1], [2, 2]],1168,974,1285,1022
627504,6,118,103,[7, 12, 11, 3, 1, 4],[[1, 3], [2, 3], [3, 1], [3, 2], [1, 1], [2, 2]],1155,1000,1277,1038
627562,6,118,103,[7, 12, 11, 3, 1, 4],[[1, 3], [2, 3], [3, 1], [3, 2], [1, 1], [2, 2]],1153,1007,1260,1045
627616,6,118,103,[7, 12, 11, 3, 1, 4],[[1, 3], [2, 3], [3, 1], [3, 2], [1, 1], [2, 2]],1152,1007,1224,1043
627679,6,118,103,[7, 12, 11, 3, 1, 4],[[1, 3], [2, 3], [3, 1], [3, 2], [1, 1], [2, 2]],1112,1009,1154,1015
627728,6,118,103,[7, 12, 11, 3, 1, 4],[[1, 3], [2, 3], [3, 1], [3, 2], [1, 1], [2, 2]],1100,982,1111,1003
627774,6,118,103,[7, 12, 11, 3, 1, 4],[[1, 3], [2, 3], [3, 1], [3, 2], [1, 1], [2, 2]],1119,960,1108,1001
627838,6,118,103,[7, 12, 11, 3, 1, 4],[[1, 3], [2, 3], [3, 1], [3, 2], [1, 1], [2, 2]],1097,957,1098,979
627886,6,118,103,[7, 12, 11, 3, 1, 4],[[1, 3], [2, 3], [3, 1], [3, 2], [1, 1], [2, 2]],1085,996,1099,969
627960,6,118,103,[7, 12, 11, 3, 1, 4],[[1, 3], [2, 3], [3, 1], [3, 2], [1, 1], [2, 2]],1066,1000,1143,967
628033,6,118,103,[7, 12, 11, 3, 1, 4],[[1, 3], [2, 3], [3, 1], [3, 2], [1, 1], [2, 2]],1050,1023,1179,987
628085,6,118,103,[7, 12, 11, 3, 1, 4],[[1, 3], [2, 3], [3, 1], [3, 2], [1, 1], [2, 2]],1023,954,1207,1004
628129,6,118,103,[7, 12, 11, 3, 1, 4],[[1, 3], [2, 3], [3, 1], [3, 2], [1, 1], [2, 2]],1039,955,1218,1008
628198,6,118,103,[7, 12, 11, 3, 1, 4],[[1, 3], [2, 3], [3, 1], [3, 2], [1, 1], [2, 2]],1042,928,1239,1009
628256,6,118,103,[7, 12, 11, 3, 1, 4],[[1, 3], [2, 3], [3, 1], [3, 2], [1, 1], [2, 2]],1048,950,1240,1009
628297,6,118,103,[7, 12, 11, 3, 1, 4],[[1, 3], [2, 3], [3, 1], [3, 2], [1, 1], [2, 2]],1081,980,1227,1000
628356,6,118,103,[7, 12, 11, 3, 1, 4],[[1, 3], [2, 3], [3, 1], [3, 2], [1, 1], [2, 2]],1081,973,1154,981
628426,6,118,103,[7, 12, 11, 3, 1, 4],[[1, 3], [2, 3], [3, 1], [3, 2], [1, 1], [2, 2]],1093,968,1111,981
628507,6,118,103,[7, 12, 11, 3, 1, 4],[[1, 3], [2, 3], [3, 1], [3, 2], [1, 1], [2, 2]],1125,968,1063,963
628559,6,118,103,[7, 12, 11, 3, 1, 4],[[1, 3], [2, 3], [3, 1], [3, 2], [1, 1], [2, 2]],1114,966,984,903
628620,6,118,103,[7, 12, 11, 3, 1, 4],[[1, 3], [2, 3], [3, 1], [3, 2], [1, 1], [2, 2]],1092,958,933,865
628678,6,118,103,[7, 12, 11, 3, 1, 4],[[1, 3], [2, 3], [3, 1], [3, 2], [1, 1], [2, 2]],1100,922,931,860
628735,6,118,103,[7, 12, 11, 3, 1, 4],[[1, 3], [2, 3], [3, 1], [3, 2], [1, 1], [2, 2]],1091,891,935,855
628800,6,118,103,[7, 12, 11, 3, 1, 4],[[1, 3], [2, 3], [3, 1], [3, 2], [1, 1], [2, 2]],1089,914,1000,871
628869,6,118,103,[7, 12, 11, 3, 1, 4],[[1, 3], [2, 3], [3, 1], [3, 2], [1, 1], [2, 2]],1101,917,1069,906
628935,6,118,103,[7, 12, 11, 3, 1, 4],[[1, 3], [2, 3], [3, 1], [3, 2], [1, 1], [2, 2]],1108,941,1109,930
628982,6,118,103,[7, 12, 11, 3, 1, 4],[[1, 3], [2, 3], [3, 1], [3, 2], [1, 1], [2, 2]],1107,936,1131,936
629031,6,118,103,[7, 12, 11, 3, 1, 4],[[1, 3], [2, 3], [3, 1], [3, 2], [1, 1], [2, 2]],1142,929,1165,948
629079,6,118,103,[7, 12, 11, 3, 1, 4],[[1, 3], [2, 3], [3, 1], [3, 2], [1, 1], [2, 2]],1139,922,1178,951
629139,6,118,103,[7, 12, 11, 3, 1, 4],[[1, 3], [2, 3], [3, 1], [3, 2], [1, 1], [2, 2]],1142,949,1196,935
629197,6,118,103,[7, 12, 11, 3, 1, 4],[[1, 3], [2, 3], [3, 1], [3, 2], [1, 1], [2, 2]],1122,945,1182,880
629251,6,118,103,[7, 12, 11, 3, 1, 4],[[1, 3], [2, 3], [3, 1], [3, 2], [1, 1], [2, 2]],1130,944,1125,838
629314,6,118,103,[7, 12, 11, 3, 1, 4],[[1, 3], [2, 3], [3, 1], [3, 2], [1, 1], [2, 2]],1114,964,1113,835
629377,6,118,103,[7, 12, 11, 3, 1, 4],[[1, 3], [2, 3], [3, 1], [3, 2], [1, 1], [2, 2]],1086,959,1110,843
629436,6,118,103,[7, 12, 11, 3, 1, 4],[[1, 3], [2, 3], [3, 1], [3, 2], [1, 1], [2, 2]],1075,964,1103,867
629489,6,118,103,[7, 12, 11, 3, 1, 4],[[1, 3], [2, 3], [3, 1], [3, 2], [1, 1], [2, 2]],1092,978,1106,925
629553,6,118,103,[7, 12, 11, 3, 1, 4],[[1, 3], [2, 3], [3, 1], [3, 2], [1, 1], [2, 2]],1071,986,1159,984
629622,6,118,103,[7, 12, 11, 3, 1, 4],[[1, 3], [2, 3], [3, 1], [3, 2], [1, 1], [2, 2]],1036,982,1210,1030
629671,6,118,103,[7, 12, 11, 3, 1, 4],[[1, 3], [2, 3], [3, 1], [3, 2], [1, 1], [2, 2]],1024,962,1216,1039
629735,6,118,103,[7, 12, 11, 3, 1, 4],[[1, 3], [2, 3], [3, 1], [3, 2], [1, 1], [2, 2]],1042,969,1215,1050
629798,6,118,103,[7, 12, 11, 3, 1, 4],[[1, 3], [2, 3], [3, 1], [3, 2], [1, 1], [2, 2]],1033,1005,1168,1064
629862,6,118,103,[7, 12, 11, 3, 1, 4],[[1, 3], [2, 3], [3, 1], [3, 2], [1, 1], [2, 2]],1024,1023,1122,1066
629921,6,118,103,[7, 12, 11, 3, 1, 4],[[1, 3], [2, 3], [3, 1], [3, 2], [1, 1], [2, 2]],1013,1000,1085,1061
629978,6,118,103,[7, 12, 11, 3, 1, 4],[[1, 3], [2, 3], [3, 1], [3, 2], [1, 1], [2, 2]],1030,982,1041,1043
630035,6,118,103,[7, 12, 11, 3, 1, 4],[[1, 3], [2, 3], [3, 1], [3, 2], [1, 1], [2, 2]],1011,972,1028,1028
630089,6,118,103,[7, 12, 11, 3, 1, 4],[[1, 3], [2, 3], [3, 1], [3, 2], [1, 1], [2, 2]],1027,985,1024,1003
630138,6,118,103,[7, 12, 11, 3, 1, 4],[[1, 3], [2, 3], [3, 1], [3, 2], [1, 1], [2, 2]],1053,974,1032,969
630195,6,118,103,[7, 12, 11, 3, 1, 4],[[1, 3], [2, 3], [3, 1], [3, 2], [1, 1], [2, 2]],1048,986,1031,951
630263,6,118,103,[7, 12, 11, 3, 1, 4],[[1, 3], [2, 3], [3, 1], [3, 2], [1, 1], [2, 2]],1027,994,1030,949
630349,6,118,103,[7, 12, 11, 3, 1, 4],[[1, 3], [2, 3], [3, 1], [3, 2], [1, 1], [2, 2]],1022,981,1024,953
630397,6,118,103,[7, 12, 11, 3, 1, 4],[[1, 3], [2, 3], [3, 1], [3, 2], [1, 1], [2, 2]],1026,948,999,965
630450,6,118,103,[7, 12, 11, 3, 1, 4],[[1, 3], [2, 3], [3, 1], [3, 2], [1, 1], [2, 2]],1036,960,993,969
630496,6,118,103,[7, 12, 11, 3, 1, 4],[[1, 3], [2, 3], [3, 1], [3, 2], [1, 1], [2, 2]],1042,950,989,989
630544,6,118,103,[7, 12, 11, 3, 1, 4],[[1, 3], [2, 3], [3, 1], [3, 2], [1, 1], [2, 2]],1033,949,1008,1014
630595,6,118,103,[7, 12, 11, 3, 1, 4],[[1, 3], [2, 3], [3, 1], [3, 2], [1, 1], [2, 2]],1032,925,1037,1029
630648,6,119,128,[9, 6, 11, 3, 1, 4],[[2, 3], [3, 3], [1, 2], [1, 3], [2, 1], [3, 2]],1043,939,1060,1036
630707,6,119,128,[9, 6, 11, 3, 1, 4],[[2, 3], [3, 3], [1, 2], [1, 3], [2, 1], [3, 2]],1053,970,1079,1039
630780,6,119,128,[9, 6, 11, 3, 1, 4],[[2, 3], [3, 3], [1, 2], [1, 3], [2, 1], [3, 2]],1057,980,1083,1039
630882,6,119,128,[9, 6, 11, 3, 1, 4],[[2, 3], [3, 3], [1, 2], [1, 3], [2, 1], [3, 2]],1046,998,1078,1044
630936,6,119,128,[9, 6, 11, 3, 1, 4],[[2, 3], [3, 3], [1, 2], [1, 3], [2, 1], [3, 2]],1043,994,1058,1051
630993,6,119,128,[9, 6, 11, 3, 1, 4],[[2, 3], [3, 3], [1, 2], [1, 3], [2, 1], [3, 2]],1032,996,1048,1055
631048,6,119,128,[9, 6, 11, 3, 1, 4],[[2, 3], [3, 3], [1, 2], [1, 3], [2, 1], [3, 2]],1036,1000,1028,1058
631134,6,119,128,[9, 6, 11, 3, 1, 4],[[2, 3], [3, 3], [1, 2], [1, 3], [2, 1], [3, 2]],1033,987,1013,1049
631181,6,119,128,[9, 6, 11, 3, 1, 4],[[2, 3], [3, 3], [1, 2], [1, 3], [2, 1], [3, 2]],1045,980,1017,1041
631239,6,119,128,[9, 6, 11, 3, 1, 4],[[2, 3], [3, 3], [1, 2], [1, 3], [2, 1], [3, 2]],1055,965,1039,1040
631282,6,119,128,[9, 6, 11, 3, 1, 4],[[2, 3], [3, 3], [1, 2], [1, 3], [2, 1], [3, 2]],1064,964,1047,1039
631341,6,119,128,[9, 6, 11, 3, 1, 4],[[2, 3], [3, 3], [1, 2], [1, 3], [2, 1], [3, 2]],1058,927,1049,1022
631385,6,119,128,[9, 6, 11, 3, 1, 4],[[2, 3], [3, 3], [1, 2], [1, 3], [2, 1], [3, 2]],1050,951,1030,1004
631443,6,119,128,[9, 6, 11, 3, 1, 4],[[2, 3], [3, 3], [1, 2], [1, 3], [2, 1], [3, 2]],1059,937,1000,987
631510,6,119,128,[9, 6, 11, 3, 1, 4],[[2, 3], [3, 3], [1, 2], [1, 3], [2, 1], [3, 2]],1062,941,990,951
631560,6,119,128,[9, 6, 11, 3, 1, 4],[[2, 3], [3, 3], [1, 2], [1, 3], [2, 1], [3, 2]],1056,935,996,933
631630,6,119,128,[9, 6, 11, 3, 1, 4],[[2, 3], [3, 3], [1, 2], [1, 3], [2, 1], [3, 2]],1048,946,1022,915
631694,6,119,128,[9, 6, 11, 3, 1, 4],[[2, 3], [3, 3], [1, 2], [1, 3], [2, 1], [3, 2]],1072,957,1037,909
631743,6,119,128,[9, 6, 11, 3, 1, 4],[[2, 3], [3, 3], [1, 2], [1, 3], [2, 1], [3, 2]],1084,977,1057,902
631807,6,119,128,[9, 6, 11, 3, 1, 4],[[2, 3], [3, 3], [1, 2], [1, 3], [2, 1], [3, 2]],1072,976,1083,892
631856,6,119,128,[9, 6, 11, 3, 1, 4],[[2, 3], [3, 3], [1, 2], [1, 3], [2, 1], [3, 2]],1087,986,1102,888
631921,6,119,128,[9, 6, 11, 3, 1, 4],[[2, 3], [3, 3], [1, 2], [1, 3], [2, 1], [3, 2]],1082,990,1126,885
631979,6,119,128,[9, 6, 11, 3, 1, 4],[[2, 3], [3, 3], [1, 2], [1, 3], [2, 1], [3, 2]],1090,1002,1136,885
632043,6,119,128,[9, 6, 11, 3, 1, 4],[[2, 3], [3, 3], [1, 2], [1, 3], [2, 1], [3, 2]],1116,1026,1138,886
632142,6,119,128,[9, 6, 11, 3, 1, 4],[[2, 3], [3, 3], [1, 2], [1, 3], [2, 1], [3, 2]],1130,993,1106,907
632206,6,119,128,[9, 6, 11, 3, 1, 4],[[2, 3], [3, 3], [1, 2], [1, 3], [2, 1], [3, 2]],1141,991,1079,927
632292,6,119,128,[9, 6, 11, 3, 1, 4],[[2, 3], [3, 3], [1, 2], [1, 3], [2, 1], [3, 2]],1130,971,1070,953
632368,6,119,128,[9, 6, 11, 3, 1, 4],[[2, 3], [3, 3], [1, 2], [1, 3], [2, 1], [3, 2]],1114,992,1076,980
632409,6,119,128,[9, 6, 11, 3, 1, 4],[[2, 3], [3, 3], [1, 2], [1, 3], [2, 1], [3, 2]],1107,992,1088,994
632500,6,119,128,[9, 6, 11, 3, 1, 4],[[2, 3], [3, 3], [1, 2], [1, 3], [2, 1], [3, 2]],1094,976,1130,1010
632554,6,119,128,[9, 6, 11, 3, 1, 4],[[2, 3], [3, 3], [1, 2], [1, 3], [2, 1], [3, 2]],1079,974,1176,1013
632591,6,119,128,[9, 6, 11, 3, 1, 4],[[2, 3], [3, 3], [1, 2], [1, 3], [2, 1], [3, 2]],1065,970,1208,1015
632652,6,119,128,[9, 6, 11, 3, 1, 4],[[2, 3], [3, 3], [1, 2], [1, 3], [2, 1], [3, 2]],1078,967,1226,1012
632697,6,119,128,[9, 6, 11, 3, 1, 4],[[2, 3], [3, 3], [1, 2], [1, 3], [2, 1], [3, 2]],1071,960,1232,1011
632754,6,119,128,[9, 6, 11, 3, 1, 4],[[2, 3], [3, 3], [1, 2], [1, 3], [2, 1], [3, 2]],1072,971,1232,1011
632797,6,119,128,[9, 6, 11, 3, 1, 4],[[2, 3], [3, 3], [1, 2], [1, 3], [2, 1], [3, 2]],1089,976,1210,1013
632846,6,119,128,[9, 6, 11, 3, 1, 4],[[2, 3], [3, 3], [1, 2], [1, 3], [2, 1], [3, 2]],1072,1002,1106,1015
632919,6,119,128,[9, 6, 11, 3, 1, 4],[[2, 3], [3, 3], [1, 2], [1, 3], [2, 1], [3, 2]],1105,1000,1038,1021
632960,6,119,128,[9, 6, 11, 3, 1, 4],[[2, 3], [3, 3], [1, 2], [1, 3], [2, 1], [3, 2]],1105,1020,1033,1024
633026,6,119,128,[9, 6, 11, 3, 1, 4],[[2, 3], [3, 3], [1, 2], [1, 3], [2, 1], [3, 2]],1082,971,1031,1025
633082,6,119,128,[9, 6, 11, 3, 1, 4],[[2, 3], [3, 3], [1, 2], [1, 3], [2, 1], [3, 2]],1086,971,1031,1025
633127,6,119,128,[9, 6, 11, 3, 1, 4],[[2, 3], [3, 3], [1, 2], [1, 3], [2, 1], [3, 2]],1082,965,1031,1025
633181,6,119,128,[9, 6, 11, 3, 1, 4],[[2, 3], [3, 3], [1, 2], [1, 3], [2, 1], [3, 2]],1098,951,1079,1053
633230,6,119,128,[9, 6, 11, 3, 1, 4],[[2, 3], [3, 3], [1, 2], [1, 3], [2, 1], [3, 2]],1103,938,1151,1079
633284,6,119,128,[9, 6, 11, 3, 1, 4],[[2, 3], [3, 3], [1, 2], [1, 3], [2, 1], [3, 2]],1134,941,1200,1079
633337,6,119,128,[9, 6, 11, 3, 1, 4],[[2, 3], [3, 3], [1, 2], [1, 3], [2, 1], [3, 2]],1120,923,1206,1079
633392,6,119,128,[9, 6, 11, 3, 1, 4],[[2, 3], [3, 3], [1, 2], [1, 3], [2, 1], [3, 2]],1103,927,1211,1074
633462,6,119,128,[9, 6, 11, 3, 1, 4],[[2, 3], [3, 3], [1, 2], [1, 3], [2, 1], [3, 2]],1112,913,1212,1064
633527,6,119,128,[9, 6, 11, 3, 1, 4],[[2, 3], [3, 3], [1, 2], [1, 3], [2, 1], [3, 2]],1116,907,1190,1027
633600,6,119,128,[9, 6, 11, 3, 1, 4],[[2, 3], [3, 3], [1, 2], [1, 3], [2, 1], [3, 2]],1114,924,1165,1009
633682,6,119,128,[9, 6, 11, 3, 1, 4],[[2, 3], [3, 3], [1, 2], [1, 3], [2, 1], [3, 2]],1092,920,1107,996
633740,6,119,128,[9, 6, 11, 3, 1, 4],[[2, 3], [3, 3], [1, 2], [1, 3], [2, 1], [3, 2]],1081,914,1079,991
633842,6,119,128,[9, 6, 11, 3, 1, 4],[[2, 3], [3, 3], [1, 2], [1, 3], [2, 1], [3, 2]],1098,916,1076,990
633896,6,119,128,[9, 6, 11, 3, 1, 4],[[2, 3], [3, 3], [1, 2], [1, 3], [2, 1], [3, 2]],1093,895,1074,977
633966,6,119,128,[9, 6, 11, 3, 1, 4],[[2, 3], [3, 3], [1, 2], [1, 3], [2, 1], [3, 2]],1076,884,1089,956
634034,6,119,128,[9, 6, 11, 3, 1, 4],[[2, 3], [3, 3], [1, 2], [1, 3], [2, 1], [3, 2]],1054,873,1115,940
634074,6,119,128,[9, 6, 11, 3, 1, 4],[[2, 3], [3, 3], [1, 2], [1, 3], [2, 1], [3, 2]],1071,845,1125,935
634143,6,119,128,[9, 6, 11, 3, 1, 4],[[2, 3], [3, 3], [1, 2], [1, 3], [2, 1], [3, 2]],1094,866,1162,918
634193,6,119,128,[9, 6, 11, 3, 1, 4],[[2, 3], [3, 3], [1, 2], [1, 3], [2, 1], [3, 2]],1077,870,1162,918
634234,6,119,128,[9, 6, 11, 3, 1, 4],[[2, 3], [3, 3], [1, 2], [1, 3], [2, 1], [3, 2]],1065,860,1172,915
634302,6,119,128,[9, 6, 11, 3, 1, 4],[[2, 3], [3, 3], [1, 2], [1, 3], [2, 1], [3, 2]],1066,865,1172,911
634367,6,119,128,[9, 6, 11, 3, 1, 4],[[2, 3], [3, 3], [1, 2], [1, 3], [2, 1], [3, 2]],1079,859,1160,893
634437,6,119,128,[9, 6, 11, 3, 1, 4],[[2, 3], [3, 3], [1, 2], [1, 3], [2, 1], [3, 2]],1077,859,1133,872
634487,6,119,128,[9, 6, 11, 3, 1, 4],[[2, 3], [3, 3], [1, 2], [1, 3], [2, 1], [3, 2]],1066,836,1118,862
634523,6,119,128,[9, 6, 11, 3, 1, 4],[[2, 3], [3, 3], [1, 2], [1, 3], [2, 1], [3, 2]],1057,834,1105,853
634585,6,119,128,[9, 6, 11, 3, 1, 4],[[2, 3], [3, 3], [1, 2], [1, 3], [2, 1], [3, 2]],1051,826,1085,850
634653,6,119,128,[9, 6, 11, 3, 1, 4],[[2, 3], [3, 3], [1, 2], [1, 3], [2, 1], [3, 2]],1067,860,1057,845
634708,6,120,69,[7, 12, 10, 2, 1, 4],[[2, 1], [3, 1], [1, 1], [1, 2], [2, 2], [3, 3]],1070,854,1048,842
634767,6,120,69,[7, 12, 10, 2, 1, 4],[[2, 1], [3, 1], [1, 1], [1, 2], [2, 2], [3, 3]],1061,858,1048,842
634827,6,120,69,[7, 12, 10, 2, 1, 4],[[2, 1], [3, 1], [1, 1], [1, 2], [2, 2], [3, 3]],1095,878,1048,841
634871,6,120,69,[7, 12, 10, 2, 1, 4],[[2, 1], [3, 1], [1, 1], [1, 2], [2, 2], [3, 3]],1093,871,1052,836
634921,6,120,69,[7, 12, 10, 2, 1, 4],[[2, 1], [3, 1], [1, 1], [1, 2], [2, 2], [3, 3]],1097,903,1060,826
634967,6,120,69,[7, 12, 10, 2, 1, 4],[[2, 1], [3, 1], [1, 1], [1, 2], [2, 2], [3, 3]],1101,908,1064,822
635018,6,120,69,[7, 12, 10, 2, 1, 4],[[2, 1], [3, 1], [1, 1], [1, 2], [2, 2], [3, 3]],1098,923,1078,806
635062,6,120,69,[7, 12, 10, 2, 1, 4],[[2, 1], [3, 1], [1, 1], [1, 2], [2, 2], [3, 3]],1114,956,1092,796
635151,6,120,69,[7, 12, 10, 2, 1, 4],[[2, 1], [3, 1], [1, 1], [1, 2], [2, 2], [3, 3]],1135,961,1118,796
635214,6,120,69,[7, 12, 10, 2, 1, 4],[[2, 1], [3, 1], [1, 1], [1, 2], [2, 2], [3, 3]],1118,994,1118,796
635282,6,120,69,[7, 12, 10, 2, 1, 4],[[2, 1], [3, 1], [1, 1], [1, 2], [2, 2], [3, 3]],1085,971,1096,826
635330,6,120,69,[7, 12, 10, 2, 1, 4],[[2, 1], [3, 1], [1, 1], [1, 2], [2, 2], [3, 3]],1092,973,1076,902
635371,6,120,69,[7, 12, 10, 2, 1, 4],[[2, 1], [3, 1], [1, 1], [1, 2], [2, 2], [3, 3]],1092,943,1074,942
635434,6,120,69,[7, 12, 10, 2, 1, 4],[[2, 1], [3, 1], [1, 1], [1, 2], [2, 2], [3, 3]],1103,949,1081,955
635488,6,120,69,[7, 12, 10, 2, 1, 4],[[2, 1], [3, 1], [1, 1], [1, 2], [2, 2], [3, 3]],1134,938,1101,969
635552,6,120,69,[7, 12, 10, 2, 1, 4],[[2, 1], [3, 1], [1, 1], [1, 2], [2, 2], [3, 3]],1130,928,1117,977
635621,6,120,69,[7, 12, 10, 2, 1, 4],[[2, 1], [3, 1], [1, 1], [1, 2], [2, 2], [3, 3]],1141,934,1126,990
635676,6,120,69,[7, 12, 10, 2, 1, 4],[[2, 1], [3, 1], [1, 1], [1, 2], [2, 2], [3, 3]],1145,950,1121,994
635752,6,120,69,[7, 12, 10, 2, 1, 4],[[2, 1], [3, 1], [1, 1], [1, 2], [2, 2], [3, 3]],1125,936,1101,999
635814,6,120,69,[7, 12, 10, 2, 1, 4],[[2, 1], [3, 1], [1, 1], [1, 2], [2, 2], [3, 3]],1137,978,1071,992
635862,6,120,69,[7, 12, 10, 2, 1, 4],[[2, 1], [3, 1], [1, 1], [1, 2], [2, 2], [3, 3]],1126,1004,1063,987
635914,6,120,69,[7, 12, 10, 2, 1, 4],[[2, 1], [3, 1], [1, 1], [1, 2], [2, 2], [3, 3]],1125,990,1068,979
635989,6,120,69,[7, 12, 10, 2, 1, 4],[[2, 1], [3, 1], [1, 1], [1, 2], [2, 2], [3, 3]],1133,1025,1129,982
636063,6,120,69,[7, 12, 10, 2, 1, 4],[[2, 1], [3, 1], [1, 1], [1, 2], [2, 2], [3, 3]],1149,1005,1175,1000
636147,6,120,69,[7, 12, 10, 2, 1, 4],[[2, 1], [3, 1], [1, 1], [1, 2], [2, 2], [3, 3]],1122,1002,1176,1001
636205,6,120,69,[7, 12, 10, 2, 1, 4],[[2, 1], [3, 1], [1, 1], [1, 2], [2, 2], [3, 3]],1114,1005,1155,1024
636262,6,120,69,[7, 12, 10, 2, 1, 4],[[2, 1], [3, 1], [1, 1], [1, 2], [2, 2], [3, 3]],1115,1027,1129,1044
636333,6,120,69,[7, 12, 10, 2, 1, 4],[[2, 1], [3, 1], [1, 1], [1, 2], [2, 2], [3, 3]],1117,1004,1135,1052
636405,6,120,69,[7, 12, 10, 2, 1, 4],[[2, 1], [3, 1], [1, 1], [1, 2], [2, 2], [3, 3]],1117,996,1188,1066
636480,6,120,69,[7, 12, 10, 2, 1, 4],[[2, 1], [3, 1], [1, 1], [1, 2], [2, 2], [3, 3]],1123,1019,1191,1068
636523,6,120,69,[7, 12, 10, 2, 1, 4],[[2, 1], [3, 1], [1, 1], [1, 2], [2, 2], [3, 3]],1116,968,1191,1068
636566,6,120,69,[7, 12, 10, 2, 1, 4],[[2, 1], [3, 1], [1, 1], [1, 2], [2, 2], [3, 3]],1142,993,1188,1067
636610,6,120,69,[7, 12, 10, 2, 1, 4],[[2, 1], [3, 1], [1, 1], [1, 2], [2, 2], [3, 3]],1130,1007,1173,1067
636680,6,120,69,[7, 12, 10, 2, 1, 4],[[2, 1], [3, 1], [1, 1], [1, 2], [2, 2], [3, 3]],1126,1032,1150,1063
636733,6,120,69,[7, 12, 10, 2, 1, 4],[[2, 1], [3, 1], [1, 1], [1, 2], [2, 2], [3, 3]],1121,990,1118,1055
636774,6,120,69,[7, 12, 10, 2, 1, 4],[[2, 1], [3, 1], [1, 1], [1, 2], [2, 2], [3, 3]],1128,975,1113,1052
636841,6,120,69,[7, 12, 10, 2, 1, 4],[[2, 1], [3, 1], [1, 1], [1, 2], [2, 2], [3, 3]],1131,949,1100,1025
636895,6,120,69,[7, 12, 10, 2, 1, 4],[[2, 1], [3, 1], [1, 1], [1, 2], [2, 2], [3, 3]],1138,968,1102,1014
636958,6,120,69,[7, 12, 10, 2, 1, 4],[[2, 1], [3, 1], [1, 1], [1, 2], [2, 2], [3, 3]],1160,949,1111,1002
637008,6,120,69,[7, 12, 10, 2, 1, 4],[[2, 1], [3, 1], [1, 1], [1, 2], [2, 2], [3, 3]],1155,968,1127,1001
637058,6,120,69,[7, 12, 10, 2, 1, 4],[[2, 1], [3, 1], [1, 1], [1, 2], [2, 2], [3, 3]],1174,979,1145,999
637099,6,120,69,[7, 12, 10, 2, 1, 4],[[2, 1], [3, 1], [1, 1], [1, 2], [2, 2], [3, 3]],1161,995,1145,999
637163,6,120,69,[7, 12, 10, 2, 1, 4],[[2, 1], [3, 1], [1, 1], [1, 2], [2, 2], [3, 3]],1156,1016,1145,999
637209,6,120,69,[7, 12, 10, 2, 1, 4],[[2, 1], [3, 1], [1, 1], [1, 2], [2, 2], [3, 3]],1155,1006,1142,1011
637271,6,120,69,[7, 12, 10, 2, 1, 4],[[2, 1], [3, 1], [1, 1], [1, 2], [2, 2], [3, 3]],1154,1001,1146,1016
637322,6,120,69,[7, 12, 10, 2, 1, 4],[[2, 1], [3, 1], [1, 1], [1, 2], [2, 2], [3, 3]],1150,1011,1148,1023
637362,6,120,69,[7, 12, 10, 2, 1, 4],[[2, 1], [3, 1], [1, 1], [1, 2], [2, 2], [3, 3]],1147,1011,1145,1025
637404,6,120,69,[7, 12, 10, 2, 1, 4],[[2, 1], [3, 1], [1, 1], [1, 2], [2, 2], [3, 3]],1145,990,1133,1028
637462,6,120,69,[7, 12, 10, 2, 1, 4],[[2, 1], [3, 1], [1, 1], [1, 2], [2, 2], [3, 3]],1164,973,1129,1028
637509,6,120,69,[7, 12, 10, 2, 1, 4],[[2, 1], [3, 1], [1, 1], [1, 2], [2, 2], [3, 3]],1197,975,1128,1023
637582,6,120,69,[7, 12, 10, 2, 1, 4],[[2, 1], [3, 1], [1, 1], [1, 2], [2, 2], [3, 3]],1207,985,1140,1017
637650,6,120,69,[7, 12, 10, 2, 1, 4],[[2, 1], [3, 1], [1, 1], [1, 2], [2, 2], [3, 3]],1202,1004,1173,1017
637703,6,120,69,[7, 12, 10, 2, 1, 4],[[2, 1], [3, 1], [1, 1], [1, 2], [2, 2], [3, 3]],1213,982,1180,1017
637772,6,120,69,[7, 12, 10, 2, 1, 4],[[2, 1], [3, 1], [1, 1], [1, 2], [2, 2], [3, 3]],1224,983,1185,1018
637833,6,120,69,[7, 12, 10, 2, 1, 4],[[2, 1], [3, 1], [1, 1], [1, 2], [2, 2], [3, 3]],1238,985,1185,1018
637896,6,120,69,[7, 12, 10, 2, 1, 4],[[2, 1], [3, 1], [1, 1], [1, 2], [2, 2], [3, 3]],1206,981,1229,1011
637960,6,120,69,[7, 12, 10, 2, 1, 4],[[2, 1], [3, 1], [1, 1], [1, 2], [2, 2], [3, 3]],1219,985,1262,1013
638032,6,120,69,[7, 12, 10, 2, 1, 4],[[2, 1], [3, 1], [1, 1], [1, 2], [2, 2], [3, 3]],1218,960,1263,1014
638086,6,120,69,[7, 12, 10, 2, 1, 4],[[2, 1], [3, 1], [1, 1], [1, 2], [2, 2], [3, 3]],1210,949,1263,1014
638153,6,120,69,[7, 12, 10, 2, 1, 4],[[2, 1], [3, 1], [1, 1], [1, 2], [2, 2], [3, 3]],1249,954,1265,1011
638206,6,120,69,[7, 12, 10, 2, 1, 4],[[2, 1], [3, 1], [1, 1], [1, 2], [2, 2], [3, 3]],1248,943,1267,1007
638279,6,120,69,[7, 12, 10, 2, 1, 4],[[2, 1], [3, 1], [1, 1], [1, 2], [2, 2], [3, 3]],1265,944,1277,1003
638318,6,120,69,[7, 12, 10, 2, 1, 4],[[2, 1], [3, 1], [1, 1], [1, 2], [2, 2], [3, 3]],1254,947,1277,1003
638390,6,120,69,[7, 12, 10, 2, 1, 4],[[2, 1], [3, 1], [1, 1], [1, 2], [2, 2], [3, 3]],1270,920,1280,1012
638445,6,120,69,[7, 12, 10, 2, 1, 4],[[2, 1], [3, 1], [1, 1], [1, 2], [2, 2], [3, 3]],1256,896,1267,1029
638529,6,120,69,[7, 12, 10, 2, 1, 4],[[2, 1], [3, 1], [1, 1], [1, 2], [2, 2], [3, 3]],1255,915,1226,1034
638568,6,120,69,[7, 12, 10, 2, 1, 4],[[2, 1], [3, 1], [1, 1], [1, 2], [2, 2], [3, 3]],1255,923,1199,1027
638635,6,120,69,[7, 12, 10, 2, 1, 4],[[2, 1], [3, 1], [1, 1], [1, 2], [2, 2], [3, 3]],1255,932,1193,1025
638689,6,120,69,[7, 12, 10, 2, 1, 4],[[2, 1], [3, 1], [1, 1], [1, 2], [2, 2], [3, 3]],1228,930,1193,1024
638731,6,120,69,[7, 12, 10, 2, 1, 4],[[2, 1], [3, 1], [1, 1], [1, 2], [2, 2], [3, 3]],1232,934,1208,1018
638792,6,121,106,[9, 6, 10, 2, 1, 4],[[1, 3], [2, 3], [3, 1], [3, 2], [2, 2], [3, 3]],1237,928,1221,1014
638843,6,121,106,[9, 6, 10, 2, 1, 4],[[1, 3], [2, 3], [3, 1], [3, 2], [2, 2], [3, 3]],1215,907,1241,988
638899,6,121,106,[9, 6, 10, 2, 1, 4],[[1, 3], [2, 3], [3, 1], [3, 2], [2, 2], [3, 3]],1215,898,1257,955
638956,6,121,106,[9, 6, 10, 2, 1, 4],[[1, 3], [2, 3], [3, 1], [3, 2], [2, 2], [3, 3]],1229,892,1262,925
639022,6,121,106,[9, 6, 10, 2, 1, 4],[[1, 3], [2, 3], [3, 1], [3, 2], [2, 2], [3, 3]],1219,907,1251,880
639098,6,121,106,[9, 6, 10, 2, 1, 4],[[1, 3], [2, 3], [3, 1], [3, 2], [2, 2], [3, 3]],1204,928,1246,873
639154,6,121,106,[9, 6, 10, 2, 1, 4],[[1, 3], [2, 3], [3, 1], [3, 2], [2, 2], [3, 3]],1191,922,1262,886
639193,6,121,106,[9, 6, 10, 2, 1, 4],[[1, 3], [2, 3], [3, 1], [3, 2], [2, 2], [3, 3]],1178,909,1280,909
639240,6,121,106,[9, 6, 10, 2, 1, 4],[[1, 3], [2, 3], [3, 1], [3, 2], [2, 2], [3, 3]],1144,907,1292,934
639280,6,121,106,[9, 6, 10, 2, 1, 4],[[1, 3], [2, 3], [3, 1], [3, 2], [2, 2], [3, 3]],1148,881,1296,951
639328,6,121,106,[9, 6, 10, 2, 1, 4],[[1, 3], [2, 3], [3, 1], [3, 2], [2, 2], [3, 3]],1162,880,1295,964
639385,6,121,106,[9, 6, 10, 2, 1, 4],[[1, 3], [2, 3], [3, 1], [3, 2], [2, 2], [3, 3]],1166,891,1242,1003
639431,6,121,106,[9, 6, 10, 2, 1, 4],[[1, 3], [2, 3], [3, 1], [3, 2], [2, 2], [3, 3]],1136,896,1208,1010
639494,6,121,106,[9, 6, 10, 2, 1, 4],[[1, 3], [2, 3], [3, 1], [3, 2], [2, 2], [3, 3]],1138,900,1190,1011
639548,6,121,106,[9, 6, 10, 2, 1, 4],[[1, 3], [2, 3], [3, 1], [3, 2], [2, 2], [3, 3]],1127,905,1131,992
639616,6,121,106,[9, 6, 10, 2, 1, 4],[[1, 3], [2, 3], [3, 1], [3, 2], [2, 2], [3, 3]],1121,887,1097,951
639682,6,121,106,[9, 6, 10, 2, 1, 4],[[1, 3], [2, 3], [3, 1], [3, 2], [2, 2], [3, 3]],1143,894,1080,929
639740,6,121,106,[9, 6, 10, 2, 1, 4],[[1, 3], [2, 3], [3, 1], [3, 2], [2, 2], [3, 3]],1148,889,1076,922
639820,6,121,106,[9, 6, 10, 2, 1, 4],[[1, 3], [2, 3], [3, 1], [3, 2], [2, 2], [3, 3]],1122,879,1079,910
639895,6,121,106,[9, 6, 10, 2, 1, 4],[[1, 3], [2, 3], [3, 1], [3, 2], [2, 2], [3, 3]],1117,847,1147,901
639956,6,121,106,[9, 6, 10, 2, 1, 4],[[1, 3], [2, 3], [3, 1], [3, 2], [2, 2], [3, 3]],1127,842,1156,908
640022,6,121,106,[9, 6, 10, 2, 1, 4],[[1, 3], [2, 3], [3, 1], [3, 2], [2, 2], [3, 3]],1146,873,1153,921
640087,6,121,106,[9, 6, 10, 2, 1, 4],[[1, 3], [2, 3], [3, 1], [3, 2], [2, 2], [3, 3]],1140,865,1109,952
640165,6,121,106,[9, 6, 10, 2, 1, 4],[[1, 3], [2, 3], [3, 1], [3, 2], [2, 2], [3, 3]],1158,859,1095,973
640226,6,121,106,[9, 6, 10, 2, 1, 4],[[1, 3], [2, 3], [3, 1], [3, 2], [2, 2], [3, 3]],1148,838,1097,994
640309,6,121,106,[9, 6, 10, 2, 1, 4],[[1, 3], [2, 3], [3, 1], [3, 2], [2, 2], [3, 3]],1133,832,1109,1009
640382,6,121,106,[9, 6, 10, 2, 1, 4],[[1, 3], [2, 3], [3, 1], [3, 2], [2, 2], [3, 3]],1116,852,1119,1005
640428,6,121,106,[9, 6, 10, 2, 1, 4],[[1, 3], [2, 3], [3, 1], [3, 2], [2, 2], [3, 3]],1104,848,1122,1001
640484,6,121,106,[9, 6, 10, 2, 1, 4],[[1, 3], [2, 3], [3, 1], [3, 2], [2, 2], [3, 3]],1107,854,1116,988
640546,6,121,106,[9, 6, 10, 2, 1, 4],[[1, 3], [2, 3], [3, 1], [3, 2], [2, 2], [3, 3]],1115,859,1070,963
640627,6,121,106,[9, 6, 10, 2, 1, 4],[[1, 3], [2, 3], [3, 1], [3, 2], [2, 2], [3, 3]],1115,890,1062,959
640672,6,121,106,[9, 6, 10, 2, 1, 4],[[1, 3], [2, 3], [3, 1], [3, 2], [2, 2], [3, 3]],1119,874,1062,959
640771,6,121,106,[9, 6, 10, 2, 1, 4],[[1, 3], [2, 3], [3, 1], [3, 2], [2, 2], [3, 3]],1108,853,1112,940
640845,6,121,106,[9, 6, 10, 2, 1, 4],[[1, 3], [2, 3], [3, 1], [3, 2], [2, 2], [3, 3]],1123,877,1116,936
640913,6,121,106,[9, 6, 10, 2, 1, 4],[[1, 3], [2, 3], [3, 1], [3, 2], [2, 2], [3, 3]],1127,845,1116,936
640959,6,121,106,[9, 6, 10, 2, 1, 4],[[1, 3], [2, 3], [3, 1], [3, 2], [2, 2], [3, 3]],1148,825,1129,945
641028,6,121,106,[9, 6, 10, 2, 1, 4],[[1, 3], [2, 3], [3, 1], [3, 2], [2, 2], [3, 3]],1138,828,1142,956
641079,6,121,106,[9, 6, 10, 2, 1, 4],[[1, 3], [2, 3], [3, 1], [3, 2], [2, 2], [3, 3]],1161,845,1145,966
641122,6,121,106,[9, 6, 10, 2, 1, 4],[[1, 3], [2, 3], [3, 1], [3, 2], [2, 2], [3, 3]],1150,858,1143,978
641172,6,121,106,[9, 6, 10, 2, 1, 4],[[1, 3], [2, 3], [3, 1], [3, 2], [2, 2], [3, 3]],1134,858,1142,987
641217,6,121,106,[9, 6, 10, 2, 1, 4],[[1, 3], [2, 3], [3, 1], [3, 2], [2, 2], [3, 3]],1146,850,1142,992
641263,6,121,106,[9, 6, 10, 2, 1, 4],[[1, 3], [2, 3], [3, 1], [3, 2], [2, 2], [3, 3]],1117,867,1146,993
641320,6,121,106,[9, 6, 10, 2, 1, 4],[[1, 3], [2, 3], [3, 1], [3, 2], [2, 2], [3, 3]],1123,868,1177,989
641367,6,121,106,[9, 6, 10, 2, 1, 4],[[1, 3], [2, 3], [3, 1], [3, 2], [2, 2], [3, 3]],1127,845,1188,980
641424,6,121,106,[9, 6, 10, 2, 1, 4],[[1, 3], [2, 3], [3, 1], [3, 2], [2, 2], [3, 3]],1107,837,1176,941
641483,6,121,106,[9, 6, 10, 2, 1, 4],[[1, 3], [2, 3], [3, 1], [3, 2], [2, 2], [3, 3]],1106,832,1148,922
641535,6,121,106,[9, 6, 10, 2, 1, 4],[[1, 3], [2, 3], [3, 1], [3, 2], [2, 2], [3, 3]],1121,842,1132,913
641588,6,121,106,[9, 6, 10, 2, 1, 4],[[1, 3], [2, 3], [3, 1], [3, 2], [2, 2], [3, 3]],1110,839,1127,912
641642,6,121,106,[9, 6, 10, 2, 1, 4],[[1, 3], [2, 3], [3, 1], [3, 2], [2, 2], [3, 3]],1107,849,1117,920
641694,6,121,106,[9, 6, 10, 2, 1, 4],[[1, 3], [2, 3], [3, 1], [3, 2], [2, 2], [3, 3]],1097,861,1116,931
641747,6,121,106,[9, 6, 10, 2, 1, 4],[[1, 3], [2, 3], [3, 1], [3, 2], [2, 2], [3, 3]],1091,865,1138,956
641795,6,121,106,[9, 6, 10, 2, 1, 4],[[1, 3], [2, 3], [3, 1], [3, 2], [2, 2], [3, 3]],1103,858,1147,980
641848,6,121,106,[9, 6, 10, 2, 1, 4],[[1, 3], [2, 3], [3, 1], [3, 2], [2, 2], [3, 3]],1097,871,1151,1000
641901,6,121,106,[9, 6, 10, 2, 1, 4],[[1, 3], [2, 3], [3, 1], [3, 2], [2, 2], [3, 3]],1094,855,1147,1020
641956,6,121,106,[9, 6, 10, 2, 1, 4],[[1, 3], [2, 3], [3, 1], [3, 2], [2, 2], [3, 3]],1105,862,1140,1029
642019,6,121,106,[9, 6, 10, 2, 1, 4],[[1, 3], [2, 3], [3, 1], [3, 2], [2, 2], [3, 3]],1100,854,1130,1033
642095,6,121,106,[9, 6, 10, 2, 1, 4],[[1, 3], [2, 3], [3, 1], [3, 2], [2, 2], [3, 3]],1091,847,1130,1034
642196,6,121,106,[9, 6, 10, 2, 1, 4],[[1, 3], [2, 3], [3, 1], [3, 2], [2, 2], [3, 3]],1094,864,1160,1037
642250,6,121,106,[9, 6, 10, 2, 1, 4],[[1, 3], [2, 3], [3, 1], [3, 2], [2, 2], [3, 3]],1098,854,1167,1037
642314,6,121,106,[9, 6, 10, 2, 1, 4],[[1, 3], [2, 3], [3, 1], [3, 2], [2, 2], [3, 3]],1101,875,1165,1035
642391,6,121,106,[9, 6, 10, 2, 1, 4],[[1, 3], [2, 3], [3, 1], [3, 2], [2, 2], [3, 3]],1105,842,1146,1022
642450,6,121,106,[9, 6, 10, 2, 1, 4],[[1, 3], [2, 3], [3, 1], [3, 2], [2, 2], [3, 3]],1116,828,1110,1005
642507,6,121,106,[9, 6, 10, 2, 1, 4],[[1, 3], [2, 3], [3, 1], [3, 2], [2, 2], [3, 3]],1139,853,1101,994
642567,6,121,106,[9, 6, 10, 2, 1, 4],[[1, 3], [2, 3], [3, 1], [3, 2], [2, 2], [3, 3]],1133,853,1101,977
642619,6,121,106,[9, 6, 10, 2, 1, 4],[[1, 3], [2, 3], [3, 1], [3, 2], [2, 2], [3, 3]],1159,843,1112,951
642691,6,121,106,[9, 6, 10, 2, 1, 4],[[1, 3], [2, 3], [3, 1], [3, 2], [2, 2], [3, 3]],1169,812,1121,943
642740,6,121,106,[9, 6, 10, 2, 1, 4],[[1, 3], [2, 3], [3, 1], [3, 2], [2, 2], [3, 3]],1165,810,1139,937
642801,6,122,95,[7, 12, 11, 3, 1, 4],[[1, 3], [2, 3], [3, 2], [3, 3], [1, 1], [2, 2]],1159,798,1155,940
642876,6,122,95,[7, 12, 11, 3, 1, 4],[[1, 3], [2, 3], [3, 2], [3, 3], [1, 1], [2, 2]],1172,802,1191,944
642922,6,122,95,[7, 12, 11, 3, 1, 4],[[1, 3], [2, 3], [3, 2], [3, 3], [1, 1], [2, 2]],1159,809,1202,949
642970,6,122,95,[7, 12, 11, 3, 1, 4],[[1, 3], [2, 3], [3, 2], [3, 3], [1, 1], [2, 2]],1182,813,1219,949
643051,6,122,95,[7, 12, 11, 3, 1, 4],[[1, 3], [2, 3], [3, 2], [3, 3], [1, 1], [2, 2]],1160,805,1232,937
643104,6,122,95,[7, 12, 11, 3, 1, 4],[[1, 3], [2, 3], [3, 2], [3, 3], [1, 1], [2, 2]],1175,773,1234,888
643166,6,122,95,[7, 12, 11, 3, 1, 4],[[1, 3], [2, 3], [3, 2], [3, 3], [1, 1], [2, 2]],1168,768,1229,850
643228,6,122,95,[7, 12, 11, 3, 1, 4],[[1, 3], [2, 3], [3, 2], [3, 3], [1, 1], [2, 2]],1171,782,1232,830
643273,6,122,95,[7, 12, 11, 3, 1, 4],[[1, 3], [2, 3], [3, 2], [3, 3], [1, 1], [2, 2]],1166,777,1246,815
643336,6,122,95,[7, 12, 11, 3, 1, 4],[[1, 3], [2, 3], [3, 2], [3, 3], [1, 1], [2, 2]],1179,764,1248,795
643386,6,122,95,[7, 12, 11, 3, 1, 4],[[1, 3], [2, 3], [3, 2], [3, 3], [1, 1], [2, 2]],1206,752,1238,782
643426,6,122,95,[7, 12, 11, 3, 1, 4],[[1, 3], [2, 3], [3, 2], [3, 3], [1, 1], [2, 2]],1200,767,1231,767
643474,6,122,95,[7, 12, 11, 3, 1, 4],[[1, 3], [2, 3], [3, 2], [3, 3], [1, 1], [2, 2]],1187,741,1209,750
643519,6,122,95,[7, 12, 11, 3, 1, 4],[[1, 3], [2, 3], [3, 2], [3, 3], [1, 1], [2, 2]],1200,712,1161,746
643564,6,122,95,[7, 12, 11, 3, 1, 4],[[1, 3], [2, 3], [3, 2], [3, 3], [1, 1], [2, 2]],1197,692,1149,745
643627,6,122,95,[7, 12, 11, 3, 1, 4],[[1, 3], [2, 3], [3, 2], [3, 3], [1, 1], [2, 2]],1205,710,1149,745
643672,6,122,95,[7, 12, 11, 3, 1, 4],[[1, 3], [2, 3], [3, 2], [3, 3], [1, 1], [2, 2]],1196,660,1145,744
643735,6,122,95,[7, 12, 11, 3, 1, 4],[[1, 3], [2, 3], [3, 2], [3, 3], [1, 1], [2, 2]],1184,626,1110,744
643810,6,122,95,[7, 12, 11, 3, 1, 4],[[1, 3], [2, 3], [3, 2], [3, 3], [1, 1], [2, 2]],1186,655,1104,744
643859,6,122,95,[7, 12, 11, 3, 1, 4],[[1, 3], [2, 3], [3, 2], [3, 3], [1, 1], [2, 2]],1167,653,1104,741
643916,6,122,95,[7, 12, 11, 3, 1, 4],[[1, 3], [2, 3], [3, 2], [3, 3], [1, 1], [2, 2]],1149,657,1145,717
643982,6,122,95,[7, 12, 11, 3, 1, 4],[[1, 3], [2, 3], [3, 2], [3, 3], [1, 1], [2, 2]],1152,658,1213,685
644053,6,122,95,[7, 12, 11, 3, 1, 4],[[1, 3], [2, 3], [3, 2], [3, 3], [1, 1], [2, 2]],1156,658,1250,653
644129,6,122,95,[7, 12, 11, 3, 1, 4],[[1, 3], [2, 3], [3, 2], [3, 3], [1, 1], [2, 2]],1184,642,1251,650
644198,6,122,95,[7, 12, 11, 3, 1, 4],[[1, 3], [2, 3], [3, 2], [3, 3], [1, 1], [2, 2]],1179,642,1254,645
644260,6,122,95,[7, 12, 11, 3, 1, 4],[[1, 3], [2, 3], [3, 2], [3, 3], [1, 1], [2, 2]],1189,637,1254,645
644357,6,122,95,[7, 12, 11, 3, 1, 4],[[1, 3], [2, 3], [3, 2], [3, 3], [1, 1], [2, 2]],1205,635,1234,648
644422,6,122,95,[7, 12, 11, 3, 1, 4],[[1, 3], [2, 3], [3, 2], [3, 3], [1, 1], [2, 2]],1207,645,1208,651
644498,6,122,95,[7, 12, 11, 3, 1, 4],[[1, 3], [2, 3], [3, 2], [3, 3], [1, 1], [2, 2]],1206,635,1194,652
644566,6,122,95,[7, 12, 11, 3, 1, 4],[[1, 3], [2, 3], [3, 2], [3, 3], [1, 1], [2, 2]],1194,625,1170,653
644637,6,122,95,[7, 12, 11, 3, 1, 4],[[1, 3], [2, 3], [3, 2], [3, 3], [1, 1], [2, 2]],1206,616,1164,653
644674,6,122,95,[7, 12, 11, 3, 1, 4],[[1, 3], [2, 3], [3, 2], [3, 3], [1, 1], [2, 2]],1206,580,1164,653
644744,6,122,95,[7, 12, 11, 3, 1, 4],[[1, 3], [2, 3], [3, 2], [3, 3], [1, 1], [2, 2]],1229,562,1164,653
644809,6,122,95,[7, 12, 11, 3, 1, 4],[[1, 3], [2, 3], [3, 2], [3, 3], [1, 1], [2, 2]],1234,548,1164,653
644854,6,122,95,[7, 12, 11, 3, 1, 4],[[1, 3], [2, 3], [3, 2], [3, 3], [1, 1], [2, 2]],1244,532,1164,653
644904,6,122,95,[7, 12, 11, 3, 1, 4],[[1, 3], [2, 3], [3, 2], [3, 3], [1, 1], [2, 2]],1216,557,1162,670
644947,6,122,95,[7, 12, 11, 3, 1, 4],[[1, 3], [2, 3], [3, 2], [3, 3], [1, 1], [2, 2]],1223,562,1163,673
645012,6,122,95,[7, 12, 11, 3, 1, 4],[[1, 3], [2, 3], [3, 2], [3, 3], [1, 1], [2, 2]],1231,612,1169,668
645065,6,122,95,[7, 12, 11, 3, 1, 4],[[1, 3], [2, 3], [3, 2], [3, 3], [1, 1], [2, 2]],1234,603,1191,653
645107,6,122,95,[7, 12, 11, 3, 1, 4],[[1, 3], [2, 3], [3, 2], [3, 3], [1, 1], [2, 2]],1229,600,1202,637
645156,6,122,95,[7, 12, 11, 3, 1, 4],[[1, 3], [2, 3], [3, 2], [3, 3], [1, 1], [2, 2]],1225,600,1213,601
645200,6,122,95,[7, 12, 11, 3, 1, 4],[[1, 3], [2, 3], [3, 2], [3, 3], [1, 1], [2, 2]],1219,614,1216,579
645266,6,122,95,[7, 12, 11, 3, 1, 4],[[1, 3], [2, 3], [3, 2], [3, 3], [1, 1], [2, 2]],1184,576,1216,553
645318,6,122,95,[7, 12, 11, 3, 1, 4],[[1, 3], [2, 3], [3, 2], [3, 3], [1, 1], [2, 2]],1182,578,1216,553
645377,6,122,95,[7, 12, 11, 3, 1, 4],[[1, 3], [2, 3], [3, 2], [3, 3], [1, 1], [2, 2]],1186,575,1220,562
645430,6,122,95,[7, 12, 11, 3, 1, 4],[[1, 3], [2, 3], [3, 2], [3, 3], [1, 1], [2, 2]],1157,561,1230,601
645482,6,122,95,[7, 12, 11, 3, 1, 4],[[1, 3], [2, 3], [3, 2], [3, 3], [1, 1], [2, 2]],1156,561,1231,630
645535,6,122,95,[7, 12, 11, 3, 1, 4],[[1, 3], [2, 3], [3, 2], [3, 3], [1, 1], [2, 2]],1172,532,1230,638
645587,6,122,95,[7, 12, 11, 3, 1, 4],[[1, 3], [2, 3], [3, 2], [3, 3], [1, 1], [2, 2]],1172,534,1230,638
645639,6,122,95,[7, 12, 11, 3, 1, 4],[[1, 3], [2, 3], [3, 2], [3, 3], [1, 1], [2, 2]],1207,531,1229,643
645692,6,122,95,[7, 12, 11, 3, 1, 4],[[1, 3], [2, 3], [3, 2], [3, 3], [1, 1], [2, 2]],1237,548,1231,646
645742,6,122,95,[7, 12, 11, 3, 1, 4],[[1, 3], [2, 3], [3, 2], [3, 3], [1, 1], [2, 2]],1231,554,1239,646
645795,6,122,95,[7, 12, 11, 3, 1, 4],[[1, 3], [2, 3], [3, 2], [3, 3], [1, 1], [2, 2]],1245,570,1240,637
645848,6,122,95,[7, 12, 11, 3, 1, 4],[[1, 3], [2, 3], [3, 2], [3, 3], [1, 1], [2, 2]],1226,562,1236,626
645920,6,122,95,[7, 12, 11, 3, 1, 4],[[1, 3], [2, 3], [3, 2], [3, 3], [1, 1], [2, 2]],1215,543,1215,598
645974,6,122,95,[7, 12, 11, 3, 1, 4],[[1, 3], [2, 3], [3, 2], [3, 3], [1, 1], [2, 2]],1225,544,1205,585
646022,6,122,95,[7, 12, 11, 3, 1, 4],[[1, 3], [2, 3], [3, 2], [3, 3], [1, 1], [2, 2]],1216,548,1196,574
646080,6,122,95,[7, 12, 11, 3, 1, 4],[[1, 3], [2, 3], [3, 2], [3, 3], [1, 1], [2, 2]],1236,569,1196,574
646134,6,122,95,[7, 12, 11, 3, 1, 4],[[1, 3], [2, 3], [3, 2], [3, 3], [1, 1], [2, 2]],1220,552,1197,566
646212,6,122,95,[7, 12, 11, 3, 1, 4],[[1, 3], [2, 3], [3, 2], [3, 3], [1, 1], [2, 2]],1202,537,1198,564
646264,6,122,95,[7, 12, 11, 3, 1, 4],[[1, 3], [2, 3], [3, 2], [3, 3], [1, 1], [2, 2]],1198,533,1205,564
646305,6,122,95,[7, 12, 11, 3, 1, 4],[[1, 3], [2, 3], [3, 2], [3, 3], [1, 1], [2, 2]],1196,540,1233,564
646362,6,122,95,[7, 12, 11, 3, 1, 4],[[1, 3], [2, 3], [3, 2], [3, 3], [1, 1], [2, 2]],1209,544,1259,564
646410,6,122,95,[7, 12, 11, 3, 1, 4],[[1, 3], [2, 3], [3, 2], [3, 3], [1, 1], [2, 2]],1194,530,1266,565
646458,6,122,95,[7, 12, 11, 3, 1, 4],[[1, 3], [2, 3], [3, 2], [3, 3], [1, 1], [2, 2]],1197,527,1272,570
646506,6,122,95,[7, 12, 11, 3, 1, 4],[[1, 3], [2, 3], [3, 2], [3, 3], [1, 1], [2, 2]],1200,550,1280,574
646557,6,122,95,[7, 12, 11, 3, 1, 4],[[1, 3], [2, 3], [3, 2], [3, 3], [1, 1], [2, 2]],1179,543,1280,574
646609,6,122,95,[7, 12, 11, 3, 1, 4],[[1, 3], [2, 3], [3, 2], [3, 3], [1, 1], [2, 2]],1190,558,1280,569
646659,6,122,95,[7, 12, 11, 3, 1, 4],[[1, 3], [2, 3], [3, 2], [3, 3], [1, 1], [2, 2]],1228,564,1271,554
646702,6,122,95,[7, 12, 11, 3, 1, 4],[[1, 3], [2, 3], [3, 2], [3, 3], [1, 1], [2, 2]],1240,546,1250,542
646772,6,122,95,[7, 12, 11, 3, 1, 4],[[1, 3], [2, 3], [3, 2], [3, 3], [1, 1], [2, 2]],1229,531,1215,523
646819,6,122,95,[7, 12, 11, 3, 1, 4],[[1, 3], [2, 3], [3, 2], [3, 3], [1, 1], [2, 2]],1269,544,1185,501
646873,6,123,137,[7, 12, 10, 2, 1, 4],[[2, 3], [3, 3], [3, 1], [3, 2], [1, 1], [2, 2]],1269,557,1166,493
646915,6,123,137,[7, 12, 10, 2, 1, 4],[[2, 3], [3, 3], [3, 1], [3, 2], [1, 1], [2, 2]],1280,537,1156,492
646996,6,123,137,[7, 12, 10, 2, 1, 4],[[2, 3], [3, 3], [3, 1], [3, 2], [1, 1], [2, 2]],1286,521,1151,515
647034,6,123,137,[7, 12, 10, 2, 1, 4],[[2, 3], [3, 3], [3, 1], [3, 2], [1, 1], [2, 2]],1263,499,1174,550
647093,6,123,137,[7, 12, 10, 2, 1, 4],[[2, 3], [3, 3], [3, 1], [3, 2], [1, 1], [2, 2]],1259,498,1203,551
647136,6,123,137,[7, 12, 10, 2, 1, 4],[[2, 3], [3, 3], [3, 1], [3, 2], [1, 1], [2, 2]],1245,505,1216,548
647197,6,123,137,[7, 12, 10, 2, 1, 4],[[2, 3], [3, 3], [3, 1], [3, 2], [1, 1], [2, 2]],1238,496,1222,548
647247,6,123,137,[7, 12, 10, 2, 1, 4],[[2, 3], [3, 3], [3, 1], [3, 2], [1, 1], [2, 2]],1214,506,1232,543
647288,6,123,137,[7, 12, 10, 2, 1, 4],[[2, 3], [3, 3], [3, 1], [3, 2], [1, 1], [2, 2]],1227,513,1246,540
647340,6,123,137,[7, 12, 10, 2, 1, 4],[[2, 3], [3, 3], [3, 1], [3, 2], [1, 1], [2, 2]],1236,505,1275,535
647403,6,123,137,[7, 12, 10, 2, 1, 4],[[2, 3], [3, 3], [3, 1], [3, 2], [1, 1], [2, 2]],1231,530,1279,530
647452,6,123,137,[7, 12, 10, 2, 1, 4],[[2, 3], [3, 3], [3, 1], [3, 2], [1, 1], [2, 2]],1182,534,1281,515
647519,6,123,137,[7, 12, 10, 2, 1, 4],[[2, 3], [3, 3], [3, 1], [3, 2], [1, 1], [2, 2]],1200,560,1256,488
647571,6,123,137,[7, 12, 10, 2, 1, 4],[[2, 3], [3, 3], [3, 1], [3, 2], [1, 1], [2, 2]],1171,566,1229,487
647634,6,123,137,[7, 12, 10, 2, 1, 4],[[2, 3], [3, 3], [3, 1], [3, 2], [1, 1], [2, 2]],1167,566,1198,487
647687,6,123,137,[7, 12, 10, 2, 1, 4],[[2, 3], [3, 3], [3, 1], [3, 2], [1, 1], [2, 2]],1178,548,1183,495
647750,6,123,137,[7, 12, 10, 2, 1, 4],[[2, 3], [3, 3], [3, 1], [3, 2], [1, 1], [2, 2]],1177,539,1179,503
647800,6,123,137,[7, 12, 10, 2, 1, 4],[[2, 3], [3, 3], [3, 1], [3, 2], [1, 1], [2, 2]],1144,508,1184,508
647857,6,123,137,[7, 12, 10, 2, 1, 4],[[2, 3], [3, 3], [3, 1], [3, 2], [1, 1], [2, 2]],1168,501,1200,516
647914,6,123,137,[7, 12, 10, 2, 1, 4],[[2, 3], [3, 3], [3, 1], [3, 2], [1, 1], [2, 2]],1170,475,1223,517
647989,6,123,137,[7, 12, 10, 2, 1, 4],[[2, 3], [3, 3], [3, 1], [3, 2], [1, 1], [2, 2]],1167,502,1244,515
648112,6,123,137,[7, 12, 10, 2, 1, 4],[[2, 3], [3, 3], [3, 1], [3, 2], [1, 1], [2, 2]],1164,505,1252,512
648147,6,123,137,[7, 12, 10, 2, 1, 4],[[2, 3], [3, 3], [3, 1], [3, 2], [1, 1], [2, 2]],1173,501,1252,512
648210,6,123,137,[7, 12, 10, 2, 1, 4],[[2, 3], [3, 3], [3, 1], [3, 2], [1, 1], [2, 2]],1185,495,1247,510
648272,6,123,137,[7, 12, 10, 2, 1, 4],[[2, 3], [3, 3], [3, 1], [3, 2], [1, 1], [2, 2]],1158,486,1222,510
648336,6,123,137,[7, 12, 10, 2, 1, 4],[[2, 3], [3, 3], [3, 1], [3, 2], [1, 1], [2, 2]],1174,494,1176,508
648403,6,123,137,[7, 12, 10, 2, 1, 4],[[2, 3], [3, 3], [3, 1], [3, 2], [1, 1], [2, 2]],1165,526,1149,510
648469,6,123,137,[7, 12, 10, 2, 1, 4],[[2, 3], [3, 3], [3, 1], [3, 2], [1, 1], [2, 2]],1179,525,1128,512
648538,6,123,137,[7, 12, 10, 2, 1, 4],[[2, 3], [3, 3], [3, 1], [3, 2], [1, 1], [2, 2]],1167,521,1121,513
648588,6,123,137,[7, 12, 10, 2, 1, 4],[[2, 3], [3, 3], [3, 1], [3, 2], [1, 1], [2, 2]],1163,538,1121,513
648626,6,123,137,[7, 12, 10, 2, 1, 4],[[2, 3], [3, 3], [3, 1], [3, 2], [1, 1], [2, 2]],1168,544,1121,513
648680,6,123,137,[7, 12, 10, 2, 1, 4],[[2, 3], [3, 3], [3, 1], [3, 2], [1, 1], [2, 2]],1173,519,1159,516
648747,6,123,137,[7, 12, 10, 2, 1, 4],[[2, 3], [3, 3], [3, 1], [3, 2], [1, 1], [2, 2]],1187,517,1229,530
648792,6,123,137,[7, 12, 10, 2, 1, 4],[[2, 3], [3, 3], [3, 1], [3, 2], [1, 1], [2, 2]],1223,508,1232,532
648838,6,123,137,[7, 12, 10, 2, 1, 4],[[2, 3], [3, 3], [3, 1], [3, 2], [1, 1], [2, 2]],1230,498,1233,532
648881,6,123,137,[7, 12, 10, 2, 1, 4],[[2, 3], [3, 3], [3, 1], [3, 2], [1, 1], [2, 2]],1199,514,1233,532
648936,6,123,137,[7, 12, 10, 2, 1, 4],[[2, 3], [3, 3], [3, 1], [3, 2], [1, 1], [2, 2]],1235,523,1227,531
649012,6,123,137,[7, 12, 10, 2, 1, 4],[[2, 3], [3, 3], [3, 1], [3, 2], [1, 1], [2, 2]],1191,549,1188,525
649095,6,123,137,[7, 12, 10, 2, 1, 4],[[2, 3], [3, 3], [3, 1], [3, 2], [1, 1], [2, 2]],1198,537,1165,521
649147,6,123,137,[7, 12, 10, 2, 1, 4],[[2, 3], [3, 3], [3, 1], [3, 2], [1, 1], [2, 2]],1193,533,1152,520
649207,6,123,137,[7, 12, 10, 2, 1, 4],[[2, 3], [3, 3], [3, 1], [3, 2], [1, 1], [2, 2]],1206,531,1152,520
649259,6,123,137,[7, 12, 10, 2, 1, 4],[[2, 3], [3, 3], [3, 1], [3, 2], [1, 1], [2, 2]],1205,535,1173,523
649317,6,123,137,[7, 12, 10, 2, 1, 4],[[2, 3], [3, 3], [3, 1], [3, 2], [1, 1], [2, 2]],1192,531,1218,520
649376,6,123,137,[7, 12, 10, 2, 1, 4],[[2, 3], [3, 3], [3, 1], [3, 2], [1, 1], [2, 2]],1214,527,1271,504
649438,6,123,137,[7, 12, 10, 2, 1, 4],[[2, 3], [3, 3], [3, 1], [3, 2], [1, 1], [2, 2]],1199,523,1286,491
649495,6,123,137,[7, 12, 10, 2, 1, 4],[[2, 3], [3, 3], [3, 1], [3, 2], [1, 1], [2, 2]],1212,513,1286,489
649548,6,123,137,[7, 12, 10, 2, 1, 4],[[2, 3], [3, 3], [3, 1], [3, 2], [1, 1], [2, 2]],1220,491,1272,469
649616,6,123,137,[7, 12, 10, 2, 1, 4],[[2, 3], [3, 3], [3, 1], [3, 2], [1, 1], [2, 2]],1219,493,1266,465
649679,6,123,137,[7, 12, 10, 2, 1, 4],[[2, 3], [3, 3], [3, 1], [3, 2], [1, 1], [2, 2]],1192,481,1263,464
649747,6,123,137,[7, 12, 10, 2, 1, 4],[[2, 3], [3, 3], [3, 1], [3, 2], [1, 1], [2, 2]],1187,484,1241,501
649818,6,123,137,[7, 12, 10, 2, 1, 4],[[2, 3], [3, 3], [3, 1], [3, 2], [1, 1], [2, 2]],1193,461,1237,552
649877,6,123,137,[7, 12, 10, 2, 1, 4],[[2, 3], [3, 3], [3, 1], [3, 2], [1, 1], [2, 2]],1209,458,1237,559
649957,6,123,137,[7, 12, 10, 2, 1, 4],[[2, 3], [3, 3], [3, 1], [3, 2], [1, 1], [2, 2]],1195,444,1237,559
649995,6,123,137,[7, 12, 10, 2, 1, 4],[[2, 3], [3, 3], [3, 1], [3, 2], [1, 1], [2, 2]],1199,434,1231,556
650069,6,123,137,[7, 12, 10, 2, 1, 4],[[2, 3], [3, 3], [3, 1], [3, 2], [1, 1], [2, 2]],1205,415,1171,515
650116,6,123,137,[7, 12, 10, 2, 1, 4],[[2, 3], [3, 3], [3, 1], [3, 2], [1, 1], [2, 2]],1203,417,1162,486
650160,6,123,137,[7, 12, 10, 2, 1, 4],[[2, 3], [3, 3], [3, 1], [3, 2], [1, 1], [2, 2]],1170,410,1158,455
650242,6,123,137,[7, 12, 10, 2, 1, 4],[[2, 3], [3, 3], [3, 1], [3, 2], [1, 1], [2, 2]],1167,411,1158,436
650313,6,123,137,[7, 12, 10, 2, 1, 4],[[2, 3], [3, 3], [3, 1], [3, 2], [1, 1], [2, 2]],1149,417,1166,427
650386,6,123,137,[7, 12, 10, 2, 1, 4],[[2, 3], [3, 3], [3, 1], [3, 2], [1, 1], [2, 2]],1172,411,1170,425
650468,6,123,137,[7, 12, 10, 2, 1, 4],[[2, 3], [3, 3], [3, 1], [3, 2], [1, 1], [2, 2]],1116,388,1170,425
650529,6,123,137,[7, 12, 10, 2, 1, 4],[[2, 3], [3, 3], [3, 1], [3, 2], [1, 1], [2, 2]],1101,389,1170,425
650577,6,123,137,[7, 12, 10, 2, 1, 4],[[2, 3], [3, 3], [3, 1], [3, 2], [1, 1], [2, 2]],1087,401,1170,424
650618,6,123,137,[7, 12, 10, 2, 1, 4],[[2, 3], [3, 3], [3, 1], [3, 2], [1, 1], [2, 2]],1093,413,1146,400
650669,6,123,137,[7, 12, 10, 2, 1, 4],[[2, 3], [3, 3], [3, 1], [3, 2], [1, 1], [2, 2]],1075,429,1069,354
650745,6,123,137,[7, 12, 10, 2, 1, 4],[[2, 3], [3, 3], [3, 1], [3, 2], [1, 1], [2, 2]],1049,424,1047,337
650787,6,123,137,[7, 12, 10, 2, 1, 4],[[2, 3], [3, 3], [3, 1], [3, 2], [1, 1], [2, 2]],1060,437,1046,334
650828,6,123,137,[7, 12, 10, 2, 1, 4],[[2, 3], [3, 3], [3, 1], [3, 2], [1, 1], [2, 2]],1085,443,1046,334
650873,6,123,137,[7, 12, 10, 2, 1, 4],[[2, 3], [3, 3], [3, 1], [3, 2], [1, 1], [2, 2]],1096,432,1052,350
650939,6,124,109,[7, 12, 10, 2, 5, 8],[[2, 3], [3, 3], [1, 1], [1, 2], [2, 2], [3, 1]],1103,419,1054,364
650986,6,124,109,[7, 12, 10, 2, 5, 8],[[2, 3], [3, 3], [1, 1], [1, 2], [2, 2], [3, 1]],1106,412,1048,373
651076,6,124,109,[7, 12, 10, 2, 5, 8],[[2, 3], [3, 3], [1, 1], [1, 2], [2, 2], [3, 1]],1104,426,1025,395
651119,6,124,109,[7, 12, 10, 2, 5, 8],[[2, 3], [3, 3], [1, 1], [1, 2], [2, 2], [3, 1]],1095,415,1021,410
651195,6,124,109,[7, 12, 10, 2, 5, 8],[[2, 3], [3, 3], [1, 1], [1, 2], [2, 2], [3, 1]],1081,414,1035,451
651252,6,124,109,[7, 12, 10, 2, 5, 8],[[2, 3], [3, 3], [1, 1], [1, 2], [2, 2], [3, 1]],1082,447,1056,449
651297,6,124,109,[7, 12, 10, 2, 5, 8],[[2, 3], [3, 3], [1, 1], [1, 2], [2, 2], [3, 1]],1072,406,1076,445
651342,6,124,109,[7, 12, 10, 2, 5, 8],[[2, 3], [3, 3], [1, 1], [1, 2], [2, 2], [3, 1]],1079,407,1084,442
651393,6,124,109,[7, 12, 10, 2, 5, 8],[[2, 3], [3, 3], [1, 1], [1, 2], [2, 2], [3, 1]],1067,401,1111,435
651438,6,124,109,[7, 12, 10, 2, 5, 8],[[2, 3], [3, 3], [1, 1], [1, 2], [2, 2], [3, 1]],1065,386,1126,435
651489,6,124,109,[7, 12, 10, 2, 5, 8],[[2, 3], [3, 3], [1, 1], [1, 2], [2, 2], [3, 1]],1063,425,1136,429
651529,6,124,109,[7, 12, 10, 2, 5, 8],[[2, 3], [3, 3], [1, 1], [1, 2], [2, 2], [3, 1]],1041,415,1148,421
651577,6,124,109,[7, 12, 10, 2, 5, 8],[[2, 3], [3, 3], [1, 1], [1, 2], [2, 2], [3, 1]],1031,445,1156,406
651638,6,124,109,[7, 12, 10, 2, 5, 8],[[2, 3], [3, 3], [1, 1], [1, 2], [2, 2], [3, 1]],1033,453,1149,402
651697,6,124,109,[7, 12, 10, 2, 5, 8],[[2, 3], [3, 3], [1, 1], [1, 2], [2, 2], [3, 1]],1048,449,1117,388
651755,6,124,109,[7, 12, 10, 2, 5, 8],[[2, 3], [3, 3], [1, 1], [1, 2], [2, 2], [3, 1]],1047,420,1112,385
651825,6,124,109,[7, 12, 10, 2, 5, 8],[[2, 3], [3, 3], [1, 1], [1, 2], [2, 2], [3, 1]],1036,414,1100,382
651887,6,124,109,[7, 12, 10, 2, 5, 8],[[2, 3], [3, 3], [1, 1], [1, 2], [2, 2], [3, 1]],1042,395,1065,379
651940,6,124,109,[7, 12, 10, 2, 5, 8],[[2, 3], [3, 3], [1, 1], [1, 2], [2, 2], [3, 1]],1022,395,1032,386
652003,6,124,109,[7, 12, 10, 2, 5, 8],[[2, 3], [3, 3], [1, 1], [1, 2], [2, 2], [3, 1]],1011,397,1007,398
652081,6,124,109,[7, 12, 10, 2, 5, 8],[[2, 3], [3, 3], [1, 1], [1, 2], [2, 2], [3, 1]],1014,420,1010,412
652132,6,124,109,[7, 12, 10, 2, 5, 8],[[2, 3], [3, 3], [1, 1], [1, 2], [2, 2], [3, 1]],979,415,1047,422
652209,6,124,109,[7, 12, 10, 2, 5, 8],[[2, 3], [3, 3], [1, 1], [1, 2], [2, 2], [3, 1]],972,447,1076,426
652257,6,124,109,[7, 12, 10, 2, 5, 8],[[2, 3], [3, 3], [1, 1], [1, 2], [2, 2], [3, 1]],964,470,1084,426
652314,6,124,109,[7, 12, 10, 2, 5, 8],[[2, 3], [3, 3], [1, 1], [1, 2], [2, 2], [3, 1]],996,478,1089,428
652371,6,124,109,[7, 12, 10, 2, 5, 8],[[2, 3], [3, 3], [1, 1], [1, 2], [2, 2], [3, 1]],999,491,1089,428
652452,6,124,109,[7, 12, 10, 2, 5, 8],[[2, 3], [3, 3], [1, 1], [1, 2], [2, 2], [3, 1]],1038,491,1065,417
652543,6,124,109,[7, 12, 10, 2, 5, 8],[[2, 3], [3, 3], [1, 1], [1, 2], [2, 2], [3, 1]],1009,508,1021,414
652608,6,124,109,[7, 12, 10, 2, 5, 8],[[2, 3], [3, 3], [1, 1], [1, 2], [2, 2], [3, 1]],1021,497,990,423
652675,6,124,109,[7, 12, 10, 2, 5, 8],[[2, 3], [3, 3], [1, 1], [1, 2], [2, 2], [3, 1]],1029,505,986,452
652735,6,124,109,[7, 12, 10, 2, 5, 8],[[2, 3], [3, 3], [1, 1], [1, 2], [2, 2], [3, 1]],1045,494,997,475
652799,6,124,109,[7, 12, 10, 2, 5, 8],[[2, 3], [3, 3], [1, 1], [1, 2], [2, 2], [3, 1]],1037,482,1016,490
652868,6,124,109,[7, 12, 10, 2, 5, 8],[[2, 3], [3, 3], [1, 1], [1, 2], [2, 2], [3, 1]],1040,469,1032,497
652924,6,124,109,[7, 12, 10, 2, 5, 8],[[2, 3], [3, 3], [1, 1], [1, 2], [2, 2], [3, 1]],1027,427,1044,521
652968,6,124,109,[7, 12, 10, 2, 5, 8],[[2, 3], [3, 3], [1, 1], [1, 2], [2, 2], [3, 1]],1033,420,1061,552
653050,6,124,109,[7, 12, 10, 2, 5, 8],[[2, 3], [3, 3], [1, 1], [1, 2], [2, 2], [3, 1]],1034,386,1079,560
653108,6,124,109,[7, 12, 10, 2, 5, 8],[[2, 3], [3, 3], [1, 1], [1, 2], [2, 2], [3, 1]],1029,352,1122,558
653172,6,124,109,[7, 12, 10, 2, 5, 8],[[2, 3], [3, 3], [1, 1], [1, 2], [2, 2], [3, 1]],1013,370,1123,517
653225,6,124,109,[7, 12, 10, 2, 5, 8],[[2, 3], [3, 3], [1, 1], [1, 2], [2, 2], [3, 1]],1006,381,1084,438
653283,6,124,109,[7, 12, 10, 2, 5, 8],[[2, 3], [3, 3], [1, 1], [1, 2], [2, 2], [3, 1]],972,397,1066,406
653341,6,124,109,[7, 12, 10, 2, 5, 8],[[2, 3], [3, 3], [1, 1], [1, 2], [2, 2], [3, 1]],968,399,1049,394
653395,6,124,109,[7, 12, 10, 2, 5, 8],[[2, 3], [3, 3], [1, 1], [1, 2], [2, 2], [3, 1]],940,386,1043,387
653453,6,124,109,[7, 12, 10, 2, 5, 8],[[2, 3], [3, 3], [1, 1], [1, 2], [2, 2], [3, 1]],953,388,1010,369
653517,6,124,109,[7, 12, 10, 2, 5, 8],[[2, 3], [3, 3], [1, 1], [1, 2], [2, 2], [3, 1]],951,369,986,356
653579,6,124,109,[7, 12, 10, 2, 5, 8],[[2, 3], [3, 3], [1, 1], [1, 2], [2, 2], [3, 1]],980,378,946,371
653627,6,124,109,[7, 12, 10, 2, 5, 8],[[2, 3], [3, 3], [1, 1], [1, 2], [2, 2], [3, 1]],986,363,923,409
653685,6,124,109,[7, 12, 10, 2, 5, 8],[[2, 3], [3, 3], [1, 1], [1, 2], [2, 2], [3, 1]],1003,372,923,439
653728,6,124,109,[7, 12, 10, 2, 5, 8],[[2, 3], [3, 3], [1, 1], [1, 2], [2, 2], [3, 1]],1023,350,935,455
653781,6,124,109,[7, 12, 10, 2, 5, 8],[[2, 3], [3, 3], [1, 1], [1, 2], [2, 2], [3, 1]],1033,362,951,468
653836,6,124,109,[7, 12, 10, 2, 5, 8],[[2, 3], [3, 3], [1, 1], [1, 2], [2, 2], [3, 1]],1006,378,960,476
653893,6,124,109,[7, 12, 10, 2, 5, 8],[[2, 3], [3, 3], [1, 1], [1, 2], [2, 2], [3, 1]],999,344,970,482
653965,6,124,109,[7, 12, 10, 2, 5, 8],[[2, 3], [3, 3], [1, 1], [1, 2], [2, 2], [3, 1]],1011,355,998,473
654032,6,124,109,[7, 12, 10, 2, 5, 8],[[2, 3], [3, 3], [1, 1], [1, 2], [2, 2], [3, 1]],1018,395,1038,445
654081,6,124,109,[7, 12, 10, 2, 5, 8],[[2, 3], [3, 3], [1, 1], [1, 2], [2, 2], [3, 1]],1043,408,1035,423
654125,6,124,109,[7, 12, 10, 2, 5, 8],[[2, 3], [3, 3], [1, 1], [1, 2], [2, 2], [3, 1]],1034,422,1032,417
654203,6,124,109,[7, 12, 10, 2, 5, 8],[[2, 3], [3, 3], [1, 1], [1, 2], [2, 2], [3, 1]],993,407,1015,392
654264,6,124,109,[7, 12, 10, 2, 5, 8],[[2, 3], [3, 3], [1, 1], [1, 2], [2, 2], [3, 1]],997,402,1012,389
654310,6,124,109,[7, 12, 10, 2, 5, 8],[[2, 3], [3, 3], [1, 1], [1, 2], [2, 2], [3, 1]],965,416,1012,389
654359,6,124,109,[7, 12, 10, 2, 5, 8],[[2, 3], [3, 3], [1, 1], [1, 2], [2, 2], [3, 1]],968,421,994,396
654414,6,124,109,[7, 12, 10, 2, 5, 8],[[2, 3], [3, 3], [1, 1], [1, 2], [2, 2], [3, 1]],960,422,978,418
654467,6,124,109,[7, 12, 10, 2, 5, 8],[[2, 3], [3, 3], [1, 1], [1, 2], [2, 2], [3, 1]],994,403,975,446
654517,6,124,109,[7, 12, 10, 2, 5, 8],[[2, 3], [3, 3], [1, 1], [1, 2], [2, 2], [3, 1]],980,388,977,460
654573,6,124,109,[7, 12, 10, 2, 5, 8],[[2, 3], [3, 3], [1, 1], [1, 2], [2, 2], [3, 1]],968,399,979,466
654626,6,124,109,[7, 12, 10, 2, 5, 8],[[2, 3], [3, 3], [1, 1], [1, 2], [2, 2], [3, 1]],980,405,979,467
654708,6,124,109,[7, 12, 10, 2, 5, 8],[[2, 3], [3, 3], [1, 1], [1, 2], [2, 2], [3, 1]],968,396,980,464
654751,6,124,109,[7, 12, 10, 2, 5, 8],[[2, 3], [3, 3], [1, 1], [1, 2], [2, 2], [3, 1]],971,414,980,440
654820,6,124,109,[7, 12, 10, 2, 5, 8],[[2, 3], [3, 3], [1, 1], [1, 2], [2, 2], [3, 1]],953,428,973,419
654890,6,124,109,[7, 12, 10, 2, 5, 8],[[2, 3], [3, 3], [1, 1], [1, 2], [2, 2], [3, 1]],930,451,969,414
654987,6,125,46,[9, 6, 10, 2, 1, 4],[[2, 1], [3, 1], [1, 2], [1, 3], [2, 2], [3, 3]],935,441,969,414
655051,6,125,46,[9, 6, 10, 2, 1, 4],[[2, 1], [3, 1], [1, 2], [1, 3], [2, 2], [3, 3]],941,461,969,414
655127,6,125,46,[9, 6, 10, 2, 1, 4],[[2, 1], [3, 1], [1, 2], [1, 3], [2, 2], [3, 3]],930,447,972,409
655199,6,125,46,[9, 6, 10, 2, 1, 4],[[2, 1], [3, 1], [1, 2], [1, 3], [2, 2], [3, 3]],910,440,983,402
655257,6,125,46,[9, 6, 10, 2, 1, 4],[[2, 1], [3, 1], [1, 2], [1, 3], [2, 2], [3, 3]],917,437,983,402
655323,6,125,46,[9, 6, 10, 2, 1, 4],[[2, 1], [3, 1], [1, 2], [1, 3], [2, 2], [3, 3]],934,451,965,434
655397,6,125,46,[9, 6, 10, 2, 1, 4],[[2, 1], [3, 1], [1, 2], [1, 3], [2, 2], [3, 3]],904,454,956,444
655441,6,125,46,[9, 6, 10, 2, 1, 4],[[2, 1], [3, 1], [1, 2], [1, 3], [2, 2], [3, 3]],878,432,949,451
655519,6,125,46,[9, 6, 10, 2, 1, 4],[[2, 1], [3, 1], [1, 2], [1, 3], [2, 2], [3, 3]],896,443,921,452
655595,6,125,46,[9, 6, 10, 2, 1, 4],[[2, 1], [3, 1], [1, 2], [1, 3], [2, 2], [3, 3]],901,442,873,441
655657,6,125,46,[9, 6, 10, 2, 1, 4],[[2, 1], [3, 1], [1, 2], [1, 3], [2, 2], [3, 3]],944,424,870,440
655698,6,125,46,[9, 6, 10, 2, 1, 4],[[2, 1], [3, 1], [1, 2], [1, 3], [2, 2], [3, 3]],966,418,870,438
655742,6,125,46,[9, 6, 10, 2, 1, 4],[[2, 1], [3, 1], [1, 2], [1, 3], [2, 2], [3, 3]],963,440,869,433
655810,6,125,46,[9, 6, 10, 2, 1, 4],[[2, 1], [3, 1], [1, 2], [1, 3], [2, 2], [3, 3]],979,428,875,416
655861,6,125,46,[9, 6, 10, 2, 1, 4],[[2, 1], [3, 1], [1, 2], [1, 3], [2, 2], [3, 3]],978,407,879,409
655901,6,125,46,[9, 6, 10, 2, 1, 4],[[2, 1], [3, 1], [1, 2], [1, 3], [2, 2], [3, 3]],933,409,887,400
655949,6,125,46,[9, 6, 10, 2, 1, 4],[[2, 1], [3, 1], [1, 2], [1, 3], [2, 2], [3, 3]],964,396,891,394
656014,6,125,46,[9, 6, 10, 2, 1, 4],[[2, 1], [3, 1], [1, 2], [1, 3], [2, 2], [3, 3]],958,401,891,393
656072,6,125,46,[9, 6, 10, 2, 1, 4],[[2, 1], [3, 1], [1, 2], [1, 3], [2, 2], [3, 3]],959,435,891,393
656112,6,125,46,[9, 6, 10, 2, 1, 4],[[2, 1], [3, 1], [1, 2], [1, 3], [2, 2], [3, 3]],948,425,891,393
656181,6,125,46,[9, 6, 10, 2, 1, 4],[[2, 1], [3, 1], [1, 2], [1, 3], [2, 2], [3, 3]],937,426,911,400
656240,6,125,46,[9, 6, 10, 2, 1, 4],[[2, 1], [3, 1], [1, 2], [1, 3], [2, 2], [3, 3]],927,407,947,407
656319,6,125,46,[9, 6, 10, 2, 1, 4],[[2, 1], [3, 1], [1, 2], [1, 3], [2, 2], [3, 3]],932,409,999,413
656405,6,125,46,[9, 6, 10, 2, 1, 4],[[2, 1], [3, 1], [1, 2], [1, 3], [2, 2], [3, 3]],937,383,1003,413
656467,6,125,46,[9, 6, 10, 2, 1, 4],[[2, 1], [3, 1], [1, 2], [1, 3], [2, 2], [3, 3]],944,366,1003,413
656522,6,125,46,[9, 6, 10, 2, 1, 4],[[2, 1], [3, 1], [1, 2], [1, 3], [2, 2], [3, 3]],941,367,984,413
656573,6,125,46,[9, 6, 10, 2, 1, 4],[[2, 1], [3, 1], [1, 2], [1, 3], [2, 2], [3, 3]],928,352,967,413
656639,6,125,46,[9, 6, 10, 2, 1, 4],[[2, 1], [3, 1], [1, 2], [1, 3], [2, 2], [3, 3]],931,376,941,428
656690,6,125,46,[9, 6, 10, 2, 1, 4],[[2, 1], [3, 1], [1, 2], [1, 3], [2, 2], [3, 3]],935,366,938,436
656768,6,125,46,[9, 6, 10, 2, 1, 4],[[2, 1], [3, 1], [1, 2], [1, 3], [2, 2], [3, 3]],928,337,963,453
656838,6,125,46,[9, 6, 10, 2, 1, 4],[[2, 1], [3, 1], [1, 2], [1, 3], [2, 2], [3, 3]],912,360,976,461
656898,6,125,46,[9, 6, 10, 2, 1, 4],[[2, 1], [3, 1], [1, 2], [1, 3], [2, 2], [3, 3]],937,340,981,463
656995,6,125,46,[9, 6, 10, 2, 1, 4],[[2, 1], [3, 1], [1, 2], [1, 3], [2, 2], [3, 3]],925,339,981,463
657061,6,125,46,[9, 6, 10, 2, 1, 4],[[2, 1], [3, 1], [1, 2], [1, 3], [2, 2], [3, 3]],916,348,943,464
657130,6,125,46,[9, 6, 10, 2, 1, 4],[[2, 1], [3, 1], [1, 2], [1, 3], [2, 2], [3, 3]],925,331,930,464
657190,6,125,46,[9, 6, 10, 2, 1, 4],[[2, 1], [3, 1], [1, 2], [1, 3], [2, 2], [3, 3]],926,327,929,464
657248,6,125,46,[9, 6, 10, 2, 1, 4],[[2, 1], [3, 1], [1, 2], [1, 3], [2, 2], [3, 3]],947,315,934,468
657315,6,125,46,[9, 6, 10, 2, 1, 4],[[2, 1], [3, 1], [1, 2], [1, 3], [2, 2], [3, 3]],952,331,951,467
657375,6,125,46,[9, 6, 10, 2, 1, 4],[[2, 1], [3, 1], [1, 2], [1, 3], [2, 2], [3, 3]],966,321,972,455
657434,6,125,46,[9, 6, 10, 2, 1, 4],[[2, 1], [3, 1], [1, 2], [1, 3], [2, 2], [3, 3]],967,331,969,432
657483,6,125,46,[9, 6, 10, 2, 1, 4],[[2, 1], [3, 1], [1, 2], [1, 3], [2, 2], [3, 3]],962,309,949,409
657542,6,125,46,[9, 6, 10, 2, 1, 4],[[2, 1], [3, 1], [1, 2], [1, 3], [2, 2], [3, 3]],934,317,935,380
657591,6,125,46,[9, 6, 10, 2, 1, 4],[[2, 1], [3, 1], [1, 2], [1, 3], [2, 2], [3, 3]],927,293,930,370
657632,6,125,46,[9, 6, 10, 2, 1, 4],[[2, 1], [3, 1], [1, 2], [1, 3], [2, 2], [3, 3]],933,277,927,363
657675,6,125,46,[9, 6, 10, 2, 1, 4],[[2, 1], [3, 1], [1, 2], [1, 3], [2, 2], [3, 3]],923,254,926,361
657739,6,125,46,[9, 6, 10, 2, 1, 4],[[2, 1], [3, 1], [1, 2], [1, 3], [2, 2], [3, 3]],928,250,926,360
657787,6,125,46,[9, 6, 10, 2, 1, 4],[[2, 1], [3, 1], [1, 2], [1, 3], [2, 2], [3, 3]],955,243,930,361
657832,6,125,46,[9, 6, 10, 2, 1, 4],[[2, 1], [3, 1], [1, 2], [1, 3], [2, 2], [3, 3]],953,236,952,367
657884,6,125,46,[9, 6, 10, 2, 1, 4],[[2, 1], [3, 1], [1, 2], [1, 3], [2, 2], [3, 3]],953,236,958,369
657919,6,125,46,[9, 6, 10, 2, 1, 4],[[2, 1], [3, 1], [1, 2], [1, 3], [2, 2], [3, 3]],949,223,959,369
657984,6,125,46,[9, 6, 10, 2, 1, 4],[[2, 1], [3, 1], [1, 2], [1, 3], [2, 2], [3, 3]],970,258,959,369
658047,6,125,46,[9, 6, 10, 2, 1, 4],[[2, 1], [3, 1], [1, 2], [1, 3], [2, 2], [3, 3]],968,263,951,367
658109,6,125,46,[9, 6, 10, 2, 1, 4],[[2, 1], [3, 1], [1, 2], [1, 3], [2, 2], [3, 3]],969,292,945,363
658190,6,125,46,[9, 6, 10, 2, 1, 4],[[2, 1], [3, 1], [1, 2], [1, 3], [2, 2], [3, 3]],988,276,935,360
658240,6,125,46,[9, 6, 10, 2, 1, 4],[[2, 1], [3, 1], [1, 2], [1, 3], [2, 2], [3, 3]],953,315,935,360
658290,6,125,46,[9, 6, 10, 2, 1, 4],[[2, 1], [3, 1], [1, 2], [1, 3], [2, 2], [3, 3]],989,338,929,360
658343,6,125,46,[9, 6, 10, 2, 1, 4],[[2, 1], [3, 1], [1, 2], [1, 3], [2, 2], [3, 3]],986,360,923,363
658414,6,125,46,[9, 6, 10, 2, 1, 4],[[2, 1], [3, 1], [1, 2], [1, 3], [2, 2], [3, 3]],993,344,939,366
658487,6,125,46,[9, 6, 10, 2, 1, 4],[[2, 1], [3, 1], [1, 2], [1, 3], [2, 2], [3, 3]],955,348,1001,343
658540,6,125,46,[9, 6, 10, 2, 1, 4],[[2, 1], [3, 1], [1, 2], [1, 3], [2, 2], [3, 3]],948,317,1021,322
658602,6,125,46,[9, 6, 10, 2, 1, 4],[[2, 1], [3, 1], [1, 2], [1, 3], [2, 2], [3, 3]],946,315,1022,318
658707,6,125,46,[9, 6, 10, 2, 1, 4],[[2, 1], [3, 1], [1, 2], [1, 3], [2, 2], [3, 3]],963,312,1035,349
658772,6,125,46,[9, 6, 10, 2, 1, 4],[[2, 1], [3, 1], [1, 2], [1, 3], [2, 2], [3, 3]],957,304,1022,381
658858,6,125,46,[9, 6, 10, 2, 1, 4],[[2, 1], [3, 1], [1, 2], [1, 3], [2, 2], [3, 3]],967,296,1012,383
658947,6,125,46,[9, 6, 10, 2, 1, 4],[[2, 1], [3, 1], [1, 2], [1, 3], [2, 2], [3, 3]],960,285,976,357
659002,6,125,46,[9, 6, 10, 2, 1, 4],[[2, 1], [3, 1], [1, 2], [1, 3], [2, 2], [3, 3]],968,290,966,348
659071,6,126,23,[7, 12, 11, 3, 1, 4],[[1, 1], [2, 1], [3, 2], [3, 3], [1, 2], [2, 3]],981,315,965,336
671566,7,126,23,[7, 12, 11, 3, 1, 4],[[1, 1], [2, 1], [3, 2], [3, 3], [1, 2], [2, 3]],955,531,960,548
671624,7,126,23,[7, 12, 11, 3, 1, 4],[[1, 1], [2, 1], [3, 2], [3, 3], [1, 2], [2, 3]],953,568,960,548
671678,7,126,23,[7, 12, 11, 3, 1, 4],[[1, 1], [2, 1], [3, 2], [3, 3], [1, 2], [2, 3]],938,552,960,548
671731,7,126,23,[7, 12, 11, 3, 1, 4],[[1, 1], [2, 1], [3, 2], [3, 3], [1, 2], [2, 3]],921,549,960,548
671789,7,126,23,[7, 12, 11, 3, 1, 4],[[1, 1], [2, 1], [3, 2], [3, 3], [1, 2], [2, 3]],951,548,960,548
671848,7,126,23,[7, 12, 11, 3, 1, 4],[[1, 1], [2, 1], [3, 2], [3, 3], [1, 2], [2, 3]],951,554,960,548
671906,7,126,23,[7, 12, 11, 3, 1, 4],[[1, 1], [2, 1], [3, 2], [3, 3], [1, 2], [2, 3]],977,570,960,548
671969,7,126,23,[7, 12, 11, 3, 1, 4],[[1, 1], [2, 1], [3, 2], [3, 3], [1, 2], [2, 3]],960,580,960,548
672038,7,126,23,[7, 12, 11, 3, 1, 4],[[1, 1], [2, 1], [3, 2], [3, 3], [1, 2], [2, 3]],958,593,960,548
672109,7,126,23,[7, 12, 11, 3, 1, 4],[[1, 1], [2, 1], [3, 2], [3, 3], [1, 2], [2, 3]],981,590,960,548
672172,7,126,23,[7, 12, 11, 3, 1, 4],[[1, 1], [2, 1], [3, 2], [3, 3], [1, 2], [2, 3]],967,620,984,561
672254,7,126,23,[7, 12, 11, 3, 1, 4],[[1, 1], [2, 1], [3, 2], [3, 3], [1, 2], [2, 3]],962,636,998,583
672325,7,126,23,[7, 12, 11, 3, 1, 4],[[1, 1], [2, 1], [3, 2], [3, 3], [1, 2], [2, 3]],946,620,995,589
672366,7,126,23,[7, 12, 11, 3, 1, 4],[[1, 1], [2, 1], [3, 2], [3, 3], [1, 2], [2, 3]],943,611,995,589
672434,7,126,23,[7, 12, 11, 3, 1, 4],[[1, 1], [2, 1], [3, 2], [3, 3], [1, 2], [2, 3]],948,610,1001,589
672481,7,126,23,[7, 12, 11, 3, 1, 4],[[1, 1], [2, 1], [3, 2], [3, 3], [1, 2], [2, 3]],971,611,1002,606
672547,7,126,23,[7, 12, 11, 3, 1, 4],[[1, 1], [2, 1], [3, 2], [3, 3], [1, 2], [2, 3]],970,622,986,626
672595,7,127,44,[9, 6, 11, 3, 1, 4],[[2, 1], [3, 1], [1, 2], [1, 3], [2, 2], [3, 3]],962,630,986,626
672676,7,127,44,[9, 6, 11, 3, 1, 4],[[2, 1], [3, 1], [1, 2], [1, 3], [2, 2], [3, 3]],946,636,971,613
672731,7,127,44,[9, 6, 11, 3, 1, 4],[[2, 1], [3, 1], [1, 2], [1, 3], [2, 2], [3, 3]],939,635,971,605
672782,7,127,44,[9, 6, 11, 3, 1, 4],[[2, 1], [3, 1], [1, 2], [1, 3], [2, 2], [3, 3]],955,611,972,605
672835,7,127,44,[9, 6, 11, 3, 1, 4],[[2, 1], [3, 1], [1, 2], [1, 3], [2, 2], [3, 3]],948,600,991,617
672885,7,127,44,[9, 6, 11, 3, 1, 4],[[2, 1], [3, 1], [1, 2], [1, 3], [2, 2], [3, 3]],918,595,993,628
672947,7,127,44,[9, 6, 11, 3, 1, 4],[[2, 1], [3, 1], [1, 2], [1, 3], [2, 2], [3, 3]],913,584,980,639
672996,7,127,44,[9, 6, 11, 3, 1, 4],[[2, 1], [3, 1], [1, 2], [1, 3], [2, 2], [3, 3]],927,575,980,639
673051,7,127,44,[9, 6, 11, 3, 1, 4],[[2, 1], [3, 1], [1, 2], [1, 3], [2, 2], [3, 3]],906,533,980,639
673100,7,127,44,[9, 6, 11, 3, 1, 4],[[2, 1], [3, 1], [1, 2], [1, 3], [2, 2], [3, 3]],904,543,980,639
673164,7,127,44,[9, 6, 11, 3, 1, 4],[[2, 1], [3, 1], [1, 2], [1, 3], [2, 2], [3, 3]],891,520,991,616
673212,7,127,44,[9, 6, 11, 3, 1, 4],[[2, 1], [3, 1], [1, 2], [1, 3], [2, 2], [3, 3]],875,532,989,607
673272,7,127,44,[9, 6, 11, 3, 1, 4],[[2, 1], [3, 1], [1, 2], [1, 3], [2, 2], [3, 3]],905,551,964,599
673321,7,127,44,[9, 6, 11, 3, 1, 4],[[2, 1], [3, 1], [1, 2], [1, 3], [2, 2], [3, 3]],908,569,962,590
673370,7,127,44,[9, 6, 11, 3, 1, 4],[[2, 1], [3, 1], [1, 2], [1, 3], [2, 2], [3, 3]],886,561,947,558
673429,7,127,44,[9, 6, 11, 3, 1, 4],[[2, 1], [3, 1], [1, 2], [1, 3], [2, 2], [3, 3]],884,544,946,549
673466,7,127,44,[9, 6, 11, 3, 1, 4],[[2, 1], [3, 1], [1, 2], [1, 3], [2, 2], [3, 3]],892,507,942,543
673534,7,127,44,[9, 6, 11, 3, 1, 4],[[2, 1], [3, 1], [1, 2], [1, 3], [2, 2], [3, 3]],874,486,941,543
673594,7,127,44,[9, 6, 11, 3, 1, 4],[[2, 1], [3, 1], [1, 2], [1, 3], [2, 2], [3, 3]],877,506,940,548
673658,7,127,44,[9, 6, 11, 3, 1, 4],[[2, 1], [3, 1], [1, 2], [1, 3], [2, 2], [3, 3]],885,478,935,558
673716,7,127,44,[9, 6, 11, 3, 1, 4],[[2, 1], [3, 1], [1, 2], [1, 3], [2, 2], [3, 3]],880,477,935,558
673781,7,127,44,[9, 6, 11, 3, 1, 4],[[2, 1], [3, 1], [1, 2], [1, 3], [2, 2], [3, 3]],895,508,935,558
673834,7,127,44,[9, 6, 11, 3, 1, 4],[[2, 1], [3, 1], [1, 2], [1, 3], [2, 2], [3, 3]],901,506,929,529
673899,7,127,44,[9, 6, 11, 3, 1, 4],[[2, 1], [3, 1], [1, 2], [1, 3], [2, 2], [3, 3]],892,491,928,512
673962,7,127,44,[9, 6, 11, 3, 1, 4],[[2, 1], [3, 1], [1, 2], [1, 3], [2, 2], [3, 3]],875,469,939,503
674002,7,127,44,[9, 6, 11, 3, 1, 4],[[2, 1], [3, 1], [1, 2], [1, 3], [2, 2], [3, 3]],899,451,939,502
674078,7,127,44,[9, 6, 11, 3, 1, 4],[[2, 1], [3, 1], [1, 2], [1, 3], [2, 2], [3, 3]],900,453,942,508
674149,7,127,44,[9, 6, 11, 3, 1, 4],[[2, 1], [3, 1], [1, 2], [1, 3], [2, 2], [3, 3]],915,454,964,530
674205,7,127,44,[9, 6, 11, 3, 1, 4],[[2, 1], [3, 1], [1, 2], [1, 3], [2, 2], [3, 3]],939,427,973,537
674279,7,127,44,[9, 6, 11, 3, 1, 4],[[2, 1], [3, 1], [1, 2], [1, 3], [2, 2], [3, 3]],917,397,973,537
674347,7,127,44,[9, 6, 11, 3, 1, 4],[[2, 1], [3, 1], [1, 2], [1, 3], [2, 2], [3, 3]],900,408,970,512
674409,7,127,44,[9, 6, 11, 3, 1, 4],[[2, 1], [3, 1], [1, 2], [1, 3], [2, 2], [3, 3]],896,404,964,494
674475,7,127,44,[9, 6, 11, 3, 1, 4],[[2, 1], [3, 1], [1, 2], [1, 3], [2, 2], [3, 3]],918,435,963,488
674544,7,127,44,[9, 6, 11, 3, 1, 4],[[2, 1], [3, 1], [1, 2], [1, 3], [2, 2], [3, 3]],889,448,962,478
674618,7,127,44,[9, 6, 11, 3, 1, 4],[[2, 1], [3, 1], [1, 2], [1, 3], [2, 2], [3, 3]],884,467,966,460
674703,7,127,44,[9, 6, 11, 3, 1, 4],[[2, 1], [3, 1], [1, 2], [1, 3], [2, 2], [3, 3]],898,449,967,460
674742,7,127,44,[9, 6, 11, 3, 1, 4],[[2, 1], [3, 1], [1, 2], [1, 3], [2, 2], [3, 3]],909,443,967,460
674800,7,127,44,[9, 6, 11, 3, 1, 4],[[2, 1], [3, 1], [1, 2], [1, 3], [2, 2], [3, 3]],921,432,967,460
674856,7,127,44,[9, 6, 11, 3, 1, 4],[[2, 1], [3, 1], [1, 2], [1, 3], [2, 2], [3, 3]],912,420,967,465
674925,7,127,44,[9, 6, 11, 3, 1, 4],[[2, 1], [3, 1], [1, 2], [1, 3], [2, 2], [3, 3]],890,403,955,492
675001,7,127,44,[9, 6, 11, 3, 1, 4],[[2, 1], [3, 1], [1, 2], [1, 3], [2, 2], [3, 3]],911,410,948,496
675058,7,127,44,[9, 6, 11, 3, 1, 4],[[2, 1], [3, 1], [1, 2], [1, 3], [2, 2], [3, 3]],911,380,924,496
675126,7,127,44,[9, 6, 11, 3, 1, 4],[[2, 1], [3, 1], [1, 2], [1, 3], [2, 2], [3, 3]],951,359,914,495
675179,7,127,44,[9, 6, 11, 3, 1, 4],[[2, 1], [3, 1], [1, 2], [1, 3], [2, 2], [3, 3]],948,357,908,493
675224,7,127,44,[9, 6, 11, 3, 1, 4],[[2, 1], [3, 1], [1, 2], [1, 3], [2, 2], [3, 3]],948,343,908,492
675289,7,127,44,[9, 6, 11, 3, 1, 4],[[2, 1], [3, 1], [1, 2], [1, 3], [2, 2], [3, 3]],936,338,911,475
675342,7,127,44,[9, 6, 11, 3, 1, 4],[[2, 1], [3, 1], [1, 2], [1, 3], [2, 2], [3, 3]],939,365,922,459
675396,7,127,44,[9, 6, 11, 3, 1, 4],[[2, 1], [3, 1], [1, 2], [1, 3], [2, 2], [3, 3]],932,344,932,446
675449,7,127,44,[9, 6, 11, 3, 1, 4],[[2, 1], [3, 1], [1, 2], [1, 3], [2, 2], [3, 3]],924,340,949,427
675503,7,127,44,[9, 6, 11, 3, 1, 4],[[2, 1], [3, 1], [1, 2], [1, 3], [2, 2], [3, 3]],923,355,957,412
675566,7,127,44,[9, 6, 11, 3, 1, 4],[[2, 1], [3, 1], [1, 2], [1, 3], [2, 2], [3, 3]],938,332,963,400
675608,7,127,44,[9, 6, 11, 3, 1, 4],[[2, 1], [3, 1], [1, 2], [1, 3], [2, 2], [3, 3]],919,333,963,395
675667,7,127,44,[9, 6, 11, 3, 1, 4],[[2, 1], [3, 1], [1, 2], [1, 3], [2, 2], [3, 3]],909,322,965,387
675710,7,127,44,[9, 6, 11, 3, 1, 4],[[2, 1], [3, 1], [1, 2], [1, 3], [2, 2], [3, 3]],905,301,965,387
675784,7,127,44,[9, 6, 11, 3, 1, 4],[[2, 1], [3, 1], [1, 2], [1, 3], [2, 2], [3, 3]],912,292,965,387
675845,7,127,44,[9, 6, 11, 3, 1, 4],[[2, 1], [3, 1], [1, 2], [1, 3], [2, 2], [3, 3]],887,297,972,382
675896,7,127,44,[9, 6, 11, 3, 1, 4],[[2, 1], [3, 1], [1, 2], [1, 3], [2, 2], [3, 3]],878,316,997,368
675949,7,127,44,[9, 6, 11, 3, 1, 4],[[2, 1], [3, 1], [1, 2], [1, 3], [2, 2], [3, 3]],863,320,1000,367
676026,7,127,44,[9, 6, 11, 3, 1, 4],[[2, 1], [3, 1], [1, 2], [1, 3], [2, 2], [3, 3]],887,306,995,370
676081,7,127,44,[9, 6, 11, 3, 1, 4],[[2, 1], [3, 1], [1, 2], [1, 3], [2, 2], [3, 3]],885,298,995,370
676143,7,127,44,[9, 6, 11, 3, 1, 4],[[2, 1], [3, 1], [1, 2], [1, 3], [2, 2], [3, 3]],870,292,995,370
676229,7,127,44,[9, 6, 11, 3, 1, 4],[[2, 1], [3, 1], [1, 2], [1, 3], [2, 2], [3, 3]],891,299,989,372
676281,7,127,44,[9, 6, 11, 3, 1, 4],[[2, 1], [3, 1], [1, 2], [1, 3], [2, 2], [3, 3]],887,293,945,353
676324,7,127,44,[9, 6, 11, 3, 1, 4],[[2, 1], [3, 1], [1, 2], [1, 3], [2, 2], [3, 3]],854,324,904,291
676389,7,127,44,[9, 6, 11, 3, 1, 4],[[2, 1], [3, 1], [1, 2], [1, 3], [2, 2], [3, 3]],854,326,892,260
676426,7,127,44,[9, 6, 11, 3, 1, 4],[[2, 1], [3, 1], [1, 2], [1, 3], [2, 2], [3, 3]],873,323,894,253
676485,7,127,44,[9, 6, 11, 3, 1, 4],[[2, 1], [3, 1], [1, 2], [1, 3], [2, 2], [3, 3]],863,312,894,253
676540,7,127,44,[9, 6, 11, 3, 1, 4],[[2, 1], [3, 1], [1, 2], [1, 3], [2, 2], [3, 3]],881,309,898,252
676596,7,127,44,[9, 6, 11, 3, 1, 4],[[2, 1], [3, 1], [1, 2], [1, 3], [2, 2], [3, 3]],864,300,926,258
676669,7,128,14,[9, 6, 10, 2, 5, 8],[[1, 1], [2, 1], [3, 2], [3, 3], [1, 3], [2, 2]],875,332,939,275
676746,7,128,14,[9, 6, 10, 2, 5, 8],[[1, 1], [2, 1], [3, 2], [3, 3], [1, 3], [2, 2]],866,321,927,316
676797,7,128,14,[9, 6, 10, 2, 5, 8],[[1, 1], [2, 1], [3, 2], [3, 3], [1, 3], [2, 2]],856,341,915,335
676857,7,128,14,[9, 6, 10, 2, 5, 8],[[1, 1], [2, 1], [3, 2], [3, 3], [1, 3], [2, 2]],871,375,915,336
676908,7,128,14,[9, 6, 10, 2, 5, 8],[[1, 1], [2, 1], [3, 2], [3, 3], [1, 3], [2, 2]],888,366,909,345
676988,7,128,14,[9, 6, 10, 2, 5, 8],[[1, 1], [2, 1], [3, 2], [3, 3], [1, 3], [2, 2]],882,376,906,357
677036,7,128,14,[9, 6, 10, 2, 5, 8],[[1, 1], [2, 1], [3, 2], [3, 3], [1, 3], [2, 2]],898,350,907,364
677089,7,128,14,[9, 6, 10, 2, 5, 8],[[1, 1], [2, 1], [3, 2], [3, 3], [1, 3], [2, 2]],907,360,915,369
677154,7,128,14,[9, 6, 10, 2, 5, 8],[[1, 1], [2, 1], [3, 2], [3, 3], [1, 3], [2, 2]],928,343,918,370
677207,7,128,14,[9, 6, 10, 2, 5, 8],[[1, 1], [2, 1], [3, 2], [3, 3], [1, 3], [2, 2]],947,312,934,394
677255,7,128,14,[9, 6, 10, 2, 5, 8],[[1, 1], [2, 1], [3, 2], [3, 3], [1, 3], [2, 2]],953,316,941,422
677298,7,128,14,[9, 6, 10, 2, 5, 8],[[1, 1], [2, 1], [3, 2], [3, 3], [1, 3], [2, 2]],946,320,944,448
677364,7,128,14,[9, 6, 10, 2, 5, 8],[[1, 1], [2, 1], [3, 2], [3, 3], [1, 3], [2, 2]],943,318,942,458
677433,7,128,14,[9, 6, 10, 2, 5, 8],[[1, 1], [2, 1], [3, 2], [3, 3], [1, 3], [2, 2]],935,333,941,469
677482,7,128,14,[9, 6, 10, 2, 5, 8],[[1, 1], [2, 1], [3, 2], [3, 3], [1, 3], [2, 2]],967,367,941,470
677536,7,128,14,[9, 6, 10, 2, 5, 8],[[1, 1], [2, 1], [3, 2], [3, 3], [1, 3], [2, 2]],980,394,949,475
677596,7,128,14,[9, 6, 10, 2, 5, 8],[[1, 1], [2, 1], [3, 2], [3, 3], [1, 3], [2, 2]],979,412,984,445
677653,7,128,14,[9, 6, 10, 2, 5, 8],[[1, 1], [2, 1], [3, 2], [3, 3], [1, 3], [2, 2]],984,410,976,405
677717,7,128,14,[9, 6, 10, 2, 5, 8],[[1, 1], [2, 1], [3, 2], [3, 3], [1, 3], [2, 2]],976,421,968,386
677771,7,128,14,[9, 6, 10, 2, 5, 8],[[1, 1], [2, 1], [3, 2], [3, 3], [1, 3], [2, 2]],1002,404,968,386
677835,7,128,14,[9, 6, 10, 2, 5, 8],[[1, 1], [2, 1], [3, 2], [3, 3], [1, 3], [2, 2]],990,389,994,386
677903,7,128,14,[9, 6, 10, 2, 5, 8],[[1, 1], [2, 1], [3, 2], [3, 3], [1, 3], [2, 2]],1006,385,1029,396
677962,7,128,14,[9, 6, 10, 2, 5, 8],[[1, 1], [2, 1], [3, 2], [3, 3], [1, 3], [2, 2]],1013,388,1040,405
678016,7,128,14,[9, 6, 10, 2, 5, 8],[[1, 1], [2, 1], [3, 2], [3, 3], [1, 3], [2, 2]],1014,406,1041,418
678072,7,128,14,[9, 6, 10, 2, 5, 8],[[1, 1], [2, 1], [3, 2], [3, 3], [1, 3], [2, 2]],1018,429,1038,436
678149,7,128,14,[9, 6, 10, 2, 5, 8],[[1, 1], [2, 1], [3, 2], [3, 3], [1, 3], [2, 2]],1000,448,1022,455
678231,7,128,14,[9, 6, 10, 2, 5, 8],[[1, 1], [2, 1], [3, 2], [3, 3], [1, 3], [2, 2]],1009,449,1012,460
678297,7,128,14,[9, 6, 10, 2, 5, 8],[[1, 1], [2, 1], [3, 2], [3, 3], [1, 3], [2, 2]],1009,441,1012,460
678360,7,128,14,[9, 6, 10, 2, 5, 8],[[1, 1], [2, 1], [3, 2], [3, 3], [1, 3], [2, 2]],1010,441,1012,460
678429,7,128,14,[9, 6, 10, 2, 5, 8],[[1, 1], [2, 1], [3, 2], [3, 3], [1, 3], [2, 2]],1036,446,1012,469
678486,7,128,14,[9, 6, 10, 2, 5, 8],[[1, 1], [2, 1], [3, 2], [3, 3], [1, 3], [2, 2]],1002,441,1008,484
678541,7,128,14,[9, 6, 10, 2, 5, 8],[[1, 1], [2, 1], [3, 2], [3, 3], [1, 3], [2, 2]],985,422,1005,490
678605,7,128,14,[9, 6, 10, 2, 5, 8],[[1, 1], [2, 1], [3, 2], [3, 3], [1, 3], [2, 2]],1005,424,993,496
678678,7,128,14,[9, 6, 10, 2, 5, 8],[[1, 1], [2, 1], [3, 2], [3, 3], [1, 3], [2, 2]],989,426,982,498
678723,7,128,14,[9, 6, 10, 2, 5, 8],[[1, 1], [2, 1], [3, 2], [3, 3], [1, 3], [2, 2]],969,422,980,499
678780,7,128,14,[9, 6, 10, 2, 5, 8],[[1, 1], [2, 1], [3, 2], [3, 3], [1, 3], [2, 2]],973,412,983,503
678838,7,128,14,[9, 6, 10, 2, 5, 8],[[1, 1], [2, 1], [3, 2], [3, 3], [1, 3], [2, 2]],987,402,998,506
678904,7,128,14,[9, 6, 10, 2, 5, 8],[[1, 1], [2, 1], [3, 2], [3, 3], [1, 3], [2, 2]],977,403,1004,504
678960,7,128,14,[9, 6, 10, 2, 5, 8],[[1, 1], [2, 1], [3, 2], [3, 3], [1, 3], [2, 2]],964,405,1004,494
679038,7,128,14,[9, 6, 10, 2, 5, 8],[[1, 1], [2, 1], [3, 2], [3, 3], [1, 3], [2, 2]],982,424,999,489
679076,7,128,14,[9, 6, 10, 2, 5, 8],[[1, 1], [2, 1], [3, 2], [3, 3], [1, 3], [2, 2]],1015,436,996,487
679146,7,128,14,[9, 6, 10, 2, 5, 8],[[1, 1], [2, 1], [3, 2], [3, 3], [1, 3], [2, 2]],1002,457,990,485
679190,7,128,14,[9, 6, 10, 2, 5, 8],[[1, 1], [2, 1], [3, 2], [3, 3], [1, 3], [2, 2]],992,428,987,480
679260,7,128,14,[9, 6, 10, 2, 5, 8],[[1, 1], [2, 1], [3, 2], [3, 3], [1, 3], [2, 2]],991,436,993,474
679308,7,128,14,[9, 6, 10, 2, 5, 8],[[1, 1], [2, 1], [3, 2], [3, 3], [1, 3], [2, 2]],1002,429,1016,464
679354,7,128,14,[9, 6, 10, 2, 5, 8],[[1, 1], [2, 1], [3, 2], [3, 3], [1, 3], [2, 2]],1000,425,1020,461
679399,7,128,14,[9, 6, 10, 2, 5, 8],[[1, 1], [2, 1], [3, 2], [3, 3], [1, 3], [2, 2]],1027,405,1026,456
679458,7,128,14,[9, 6, 10, 2, 5, 8],[[1, 1], [2, 1], [3, 2], [3, 3], [1, 3], [2, 2]],1020,405,1045,445
679506,7,128,14,[9, 6, 10, 2, 5, 8],[[1, 1], [2, 1], [3, 2], [3, 3], [1, 3], [2, 2]],1025,399,1067,445
679569,7,128,14,[9, 6, 10, 2, 5, 8],[[1, 1], [2, 1], [3, 2], [3, 3], [1, 3], [2, 2]],1038,390,1077,445
679617,7,128,14,[9, 6, 10, 2, 5, 8],[[1, 1], [2, 1], [3, 2], [3, 3], [1, 3], [2, 2]],1002,394,1077,454
679666,7,128,14,[9, 6, 10, 2, 5, 8],[[1, 1], [2, 1], [3, 2], [3, 3], [1, 3], [2, 2]],1002,379,1072,467
679728,7,128,14,[9, 6, 10, 2, 5, 8],[[1, 1], [2, 1], [3, 2], [3, 3], [1, 3], [2, 2]],973,377,1065,477
679781,7,128,14,[9, 6, 10, 2, 5, 8],[[1, 1], [2, 1], [3, 2], [3, 3], [1, 3], [2, 2]],952,351,1058,482
679842,7,128,14,[9, 6, 10, 2, 5, 8],[[1, 1], [2, 1], [3, 2], [3, 3], [1, 3], [2, 2]],934,357,1050,486
679906,7,128,14,[9, 6, 10, 2, 5, 8],[[1, 1], [2, 1], [3, 2], [3, 3], [1, 3], [2, 2]],944,387,1050,486
679955,7,128,14,[9, 6, 10, 2, 5, 8],[[1, 1], [2, 1], [3, 2], [3, 3], [1, 3], [2, 2]],951,401,1050,486
680027,7,128,14,[9, 6, 10, 2, 5, 8],[[1, 1], [2, 1], [3, 2], [3, 3], [1, 3], [2, 2]],958,405,1048,486
680067,7,128,14,[9, 6, 10, 2, 5, 8],[[1, 1], [2, 1], [3, 2], [3, 3], [1, 3], [2, 2]],967,392,1033,485
680117,7,128,14,[9, 6, 10, 2, 5, 8],[[1, 1], [2, 1], [3, 2], [3, 3], [1, 3], [2, 2]],971,387,1005,466
680179,7,128,14,[9, 6, 10, 2, 5, 8],[[1, 1], [2, 1], [3, 2], [3, 3], [1, 3], [2, 2]],973,366,968,388
680245,7,128,14,[9, 6, 10, 2, 5, 8],[[1, 1], [2, 1], [3, 2], [3, 3], [1, 3], [2, 2]],1007,369,955,356
680304,7,128,14,[9, 6, 10, 2, 5, 8],[[1, 1], [2, 1], [3, 2], [3, 3], [1, 3], [2, 2]],1007,382,954,353
680372,7,128,14,[9, 6, 10, 2, 5, 8],[[1, 1], [2, 1], [3, 2], [3, 3], [1, 3], [2, 2]],1008,379,948,363
680450,7,128,14,[9, 6, 10, 2, 5, 8],[[1, 1], [2, 1], [3, 2], [3, 3], [1, 3], [2, 2]],1020,383,944,393
680506,7,128,14,[9, 6, 10, 2, 5, 8],[[1, 1], [2, 1], [3, 2], [3, 3], [1, 3], [2, 2]],992,373,953,413
680591,7,128,14,[9, 6, 10, 2, 5, 8],[[1, 1], [2, 1], [3, 2], [3, 3], [1, 3], [2, 2]],990,385,959,415
680653,7,128,14,[9, 6, 10, 2, 5, 8],[[1, 1], [2, 1], [3, 2], [3, 3], [1, 3], [2, 2]],1016,421,993,417
680726,7,128,14,[9, 6, 10, 2, 5, 8],[[1, 1], [2, 1], [3, 2], [3, 3], [1, 3], [2, 2]],980,420,1034,415
680782,7,129,99,[7, 12, 11, 3, 5, 8],[[1, 3], [2, 3], [3, 1], [3, 2], [1, 2], [2, 1]],972,427,1039,413
680827,7,129,99,[7, 12, 11, 3, 5, 8],[[1, 3], [2, 3], [3, 1], [3, 2], [1, 2], [2, 1]],958,421,1040,409
680869,7,129,99,[7, 12, 11, 3, 5, 8],[[1, 3], [2, 3], [3, 1], [3, 2], [1, 2], [2, 1]],976,433,1038,403
680921,7,129,99,[7, 12, 11, 3, 5, 8],[[1, 3], [2, 3], [3, 1], [3, 2], [1, 2], [2, 1]],979,437,1048,395
680968,7,129,99,[7, 12, 11, 3, 5, 8],[[1, 3], [2, 3], [3, 1], [3, 2], [1, 2], [2, 1]],960,433,1050,394
681035,7,129,99,[7, 12, 11, 3, 5, 8],[[1, 3], [2, 3], [3, 1], [3, 2], [1, 2], [2, 1]],943,450,1056,404
681079,7,129,99,[7, 12, 11, 3, 5, 8],[[1, 3], [2, 3], [3, 1], [3, 2], [1, 2], [2, 1]],953,470,1056,404
681148,7,129,99,[7, 12, 11, 3, 5, 8],[[1, 3], [2, 3], [3, 1], [3, 2], [1, 2], [2, 1]],933,468,1058,413
681201,7,129,99,[7, 12, 11, 3, 5, 8],[[1, 3], [2, 3], [3, 1], [3, 2], [1, 2], [2, 1]],932,496,1058,415
681281,7,129,99,[7, 12, 11, 3, 5, 8],[[1, 3], [2, 3], [3, 1], [3, 2], [1, 2], [2, 1]],953,490,1043,416
681324,7,129,99,[7, 12, 11, 3, 5, 8],[[1, 3], [2, 3], [3, 1], [3, 2], [1, 2], [2, 1]],938,490,1021,419
681380,7,129,99,[7, 12, 11, 3, 5, 8],[[1, 3], [2, 3], [3, 1], [3, 2], [1, 2], [2, 1]],938,471,1009,424
681432,7,129,99,[7, 12, 11, 3, 5, 8],[[1, 3], [2, 3], [3, 1], [3, 2], [1, 2], [2, 1]],934,504,993,427
681486,7,129,99,[7, 12, 11, 3, 5, 8],[[1, 3], [2, 3], [3, 1], [3, 2], [1, 2], [2, 1]],951,517,983,434
681538,7,129,99,[7, 12, 11, 3, 5, 8],[[1, 3], [2, 3], [3, 1], [3, 2], [1, 2], [2, 1]],964,508,972,442
681592,7,129,99,[7, 12, 11, 3, 5, 8],[[1, 3], [2, 3], [3, 1], [3, 2], [1, 2], [2, 1]],965,513,967,446
681659,7,129,99,[7, 12, 11, 3, 5, 8],[[1, 3], [2, 3], [3, 1], [3, 2], [1, 2], [2, 1]],973,515,957,452
681716,7,129,99,[7, 12, 11, 3, 5, 8],[[1, 3], [2, 3], [3, 1], [3, 2], [1, 2], [2, 1]],977,519,937,458
681768,7,129,99,[7, 12, 11, 3, 5, 8],[[1, 3], [2, 3], [3, 1], [3, 2], [1, 2], [2, 1]],972,535,930,468
681809,7,129,99,[7, 12, 11, 3, 5, 8],[[1, 3], [2, 3], [3, 1], [3, 2], [1, 2], [2, 1]],963,556,929,479
681866,7,129,99,[7, 12, 11, 3, 5, 8],[[1, 3], [2, 3], [3, 1], [3, 2], [1, 2], [2, 1]],948,567,947,497
681925,7,129,99,[7, 12, 11, 3, 5, 8],[[1, 3], [2, 3], [3, 1], [3, 2], [1, 2], [2, 1]],964,565,966,513
681978,7,129,99,[7, 12, 11, 3, 5, 8],[[1, 3], [2, 3], [3, 1], [3, 2], [1, 2], [2, 1]],940,531,971,515
682038,7,129,99,[7, 12, 11, 3, 5, 8],[[1, 3], [2, 3], [3, 1], [3, 2], [1, 2], [2, 1]],942,514,973,515
682086,7,129,99,[7, 12, 11, 3, 5, 8],[[1, 3], [2, 3], [3, 1], [3, 2], [1, 2], [2, 1]],947,513,979,520
682139,7,129,99,[7, 12, 11, 3, 5, 8],[[1, 3], [2, 3], [3, 1], [3, 2], [1, 2], [2, 1]],939,548,982,532
682179,7,129,99,[7, 12, 11, 3, 5, 8],[[1, 3], [2, 3], [3, 1], [3, 2], [1, 2], [2, 1]],937,517,974,538
682243,7,129,99,[7, 12, 11, 3, 5, 8],[[1, 3], [2, 3], [3, 1], [3, 2], [1, 2], [2, 1]],953,513,964,539
682319,7,129,99,[7, 12, 11, 3, 5, 8],[[1, 3], [2, 3], [3, 1], [3, 2], [1, 2], [2, 1]],923,516,936,529
682377,7,129,99,[7, 12, 11, 3, 5, 8],[[1, 3], [2, 3], [3, 1], [3, 2], [1, 2], [2, 1]],901,537,930,521
682447,7,129,99,[7, 12, 11, 3, 5, 8],[[1, 3], [2, 3], [3, 1], [3, 2], [1, 2], [2, 1]],906,534,946,503
682500,7,129,99,[7, 12, 11, 3, 5, 8],[[1, 3], [2, 3], [3, 1], [3, 2], [1, 2], [2, 1]],935,551,952,500
682563,7,129,99,[7, 12, 11, 3, 5, 8],[[1, 3], [2, 3], [3, 1], [3, 2], [1, 2], [2, 1]],908,547,952,500
682613,7,129,99,[7, 12, 11, 3, 5, 8],[[1, 3], [2, 3], [3, 1], [3, 2], [1, 2], [2, 1]],914,541,950,500
682684,7,129,99,[7, 12, 11, 3, 5, 8],[[1, 3], [2, 3], [3, 1], [3, 2], [1, 2], [2, 1]],939,545,933,513
682737,7,129,99,[7, 12, 11, 3, 5, 8],[[1, 3], [2, 3], [3, 1], [3, 2], [1, 2], [2, 1]],942,552,918,531
682806,7,129,99,[7, 12, 11, 3, 5, 8],[[1, 3], [2, 3], [3, 1], [3, 2], [1, 2], [2, 1]],935,536,917,551
682881,7,129,99,[7, 12, 11, 3, 5, 8],[[1, 3], [2, 3], [3, 1], [3, 2], [1, 2], [2, 1]],912,546,945,587
682919,7,129,99,[7, 12, 11, 3, 5, 8],[[1, 3], [2, 3], [3, 1], [3, 2], [1, 2], [2, 1]],899,525,955,595
682961,7,129,99,[7, 12, 11, 3, 5, 8],[[1, 3], [2, 3], [3, 1], [3, 2], [1, 2], [2, 1]],901,532,955,596
683008,7,129,99,[7, 12, 11, 3, 5, 8],[[1, 3], [2, 3], [3, 1], [3, 2], [1, 2], [2, 1]],895,535,955,596
683072,7,129,99,[7, 12, 11, 3, 5, 8],[[1, 3], [2, 3], [3, 1], [3, 2], [1, 2], [2, 1]],903,519,953,563
683125,7,129,99,[7, 12, 11, 3, 5, 8],[[1, 3], [2, 3], [3, 1], [3, 2], [1, 2], [2, 1]],909,504,968,514
683177,7,129,99,[7, 12, 11, 3, 5, 8],[[1, 3], [2, 3], [3, 1], [3, 2], [1, 2], [2, 1]],913,508,970,510
683250,7,129,99,[7, 12, 11, 3, 5, 8],[[1, 3], [2, 3], [3, 1], [3, 2], [1, 2], [2, 1]],912,513,959,505
683304,7,129,99,[7, 12, 11, 3, 5, 8],[[1, 3], [2, 3], [3, 1], [3, 2], [1, 2], [2, 1]],910,503,948,503
683361,7,129,99,[7, 12, 11, 3, 5, 8],[[1, 3], [2, 3], [3, 1], [3, 2], [1, 2], [2, 1]],956,488,928,503
683408,7,129,99,[7, 12, 11, 3, 5, 8],[[1, 3], [2, 3], [3, 1], [3, 2], [1, 2], [2, 1]],976,464,915,504
683453,7,129,99,[7, 12, 11, 3, 5, 8],[[1, 3], [2, 3], [3, 1], [3, 2], [1, 2], [2, 1]],976,448,906,504
683504,7,129,99,[7, 12, 11, 3, 5, 8],[[1, 3], [2, 3], [3, 1], [3, 2], [1, 2], [2, 1]],983,456,896,502
683561,7,129,99,[7, 12, 11, 3, 5, 8],[[1, 3], [2, 3], [3, 1], [3, 2], [1, 2], [2, 1]],964,460,880,494
683610,7,129,99,[7, 12, 11, 3, 5, 8],[[1, 3], [2, 3], [3, 1], [3, 2], [1, 2], [2, 1]],978,438,879,478
683659,7,129,99,[7, 12, 11, 3, 5, 8],[[1, 3], [2, 3], [3, 1], [3, 2], [1, 2], [2, 1]],953,448,899,454
683707,7,129,99,[7, 12, 11, 3, 5, 8],[[1, 3], [2, 3], [3, 1], [3, 2], [1, 2], [2, 1]],960,485,948,445
683753,7,129,99,[7, 12, 11, 3, 5, 8],[[1, 3], [2, 3], [3, 1], [3, 2], [1, 2], [2, 1]],979,465,963,447
683814,7,129,99,[7, 12, 11, 3, 5, 8],[[1, 3], [2, 3], [3, 1], [3, 2], [1, 2], [2, 1]],990,471,979,455
683877,7,129,99,[7, 12, 11, 3, 5, 8],[[1, 3], [2, 3], [3, 1], [3, 2], [1, 2], [2, 1]],979,477,991,483
683912,7,129,99,[7, 12, 11, 3, 5, 8],[[1, 3], [2, 3], [3, 1], [3, 2], [1, 2], [2, 1]],988,505,992,516
683975,7,129,99,[7, 12, 11, 3, 5, 8],[[1, 3], [2, 3], [3, 1], [3, 2], [1, 2], [2, 1]],997,524,993,528
684049,7,129,99,[7, 12, 11, 3, 5, 8],[[1, 3], [2, 3], [3, 1], [3, 2], [1, 2], [2, 1]],989,568,995,544
684136,7,129,99,[7, 12, 11, 3, 5, 8],[[1, 3], [2, 3], [3, 1], [3, 2], [1, 2], [2, 1]],999,574,997,569
684232,7,129,99,[7, 12, 11, 3, 5, 8],[[1, 3], [2, 3], [3, 1], [3, 2], [1, 2], [2, 1]],991,599,1000,579
684289,7,129,99,[7, 12, 11, 3, 5, 8],[[1, 3], [2, 3], [3, 1], [3, 2], [1, 2], [2, 1]],980,607,976,577
684359,7,129,99,[7, 12, 11, 3, 5, 8],[[1, 3], [2, 3], [3, 1], [3, 2], [1, 2], [2, 1]],999,617,961,577
684449,7,129,99,[7, 12, 11, 3, 5, 8],[[1, 3], [2, 3], [3, 1], [3, 2], [1, 2], [2, 1]],990,618,979,609
684508,7,129,99,[7, 12, 11, 3, 5, 8],[[1, 3], [2, 3], [3, 1], [3, 2], [1, 2], [2, 1]],975,623,1002,632
684589,7,129,99,[7, 12, 11, 3, 5, 8],[[1, 3], [2, 3], [3, 1], [3, 2], [1, 2], [2, 1]],977,641,1004,641
684634,7,129,99,[7, 12, 11, 3, 5, 8],[[1, 3], [2, 3], [3, 1], [3, 2], [1, 2], [2, 1]],949,655,1002,652
684698,7,129,99,[7, 12, 11, 3, 5, 8],[[1, 3], [2, 3], [3, 1], [3, 2], [1, 2], [2, 1]],949,629,1002,655
684745,7,129,99,[7, 12, 11, 3, 5, 8],[[1, 3], [2, 3], [3, 1], [3, 2], [1, 2], [2, 1]],973,631,1002,655
684814,7,130,90,[9, 6, 10, 2, 5, 8],[[1, 3], [2, 3], [3, 2], [3, 3], [1, 2], [2, 1]],966,636,991,657
684909,7,130,90,[9, 6, 10, 2, 5, 8],[[1, 3], [2, 3], [3, 2], [3, 3], [1, 2], [2, 1]],960,630,981,665
684973,7,130,90,[9, 6, 10, 2, 5, 8],[[1, 3], [2, 3], [3, 2], [3, 3], [1, 2], [2, 1]],950,644,973,672
685041,7,130,90,[9, 6, 10, 2, 5, 8],[[1, 3], [2, 3], [3, 2], [3, 3], [1, 2], [2, 1]],971,641,960,671
685096,7,130,90,[9, 6, 10, 2, 5, 8],[[1, 3], [2, 3], [3, 2], [3, 3], [1, 2], [2, 1]],973,632,952,672
685138,7,130,90,[9, 6, 10, 2, 5, 8],[[1, 3], [2, 3], [3, 2], [3, 3], [1, 2], [2, 1]],977,600,948,676
685195,7,130,90,[9, 6, 10, 2, 5, 8],[[1, 3], [2, 3], [3, 2], [3, 3], [1, 2], [2, 1]],980,607,941,681
685252,7,130,90,[9, 6, 10, 2, 5, 8],[[1, 3], [2, 3], [3, 2], [3, 3], [1, 2], [2, 1]],998,632,942,683
685306,7,130,90,[9, 6, 10, 2, 5, 8],[[1, 3], [2, 3], [3, 2], [3, 3], [1, 2], [2, 1]],1009,626,943,690
685359,7,130,90,[9, 6, 10, 2, 5, 8],[[1, 3], [2, 3], [3, 2], [3, 3], [1, 2], [2, 1]],996,606,943,703
685410,7,130,90,[9, 6, 10, 2, 5, 8],[[1, 3], [2, 3], [3, 2], [3, 3], [1, 2], [2, 1]],996,591,943,703
685468,7,130,90,[9, 6, 10, 2, 5, 8],[[1, 3], [2, 3], [3, 2], [3, 3], [1, 2], [2, 1]],1012,579,961,687
685521,7,130,90,[9, 6, 10, 2, 5, 8],[[1, 3], [2, 3], [3, 2], [3, 3], [1, 2], [2, 1]],1018,584,974,676
685574,7,130,90,[9, 6, 10, 2, 5, 8],[[1, 3], [2, 3], [3, 2], [3, 3], [1, 2], [2, 1]],1039,565,975,676
685627,7,130,90,[9, 6, 10, 2, 5, 8],[[1, 3], [2, 3], [3, 2], [3, 3], [1, 2], [2, 1]],1072,574,993,669
685690,7,130,90,[9, 6, 10, 2, 5, 8],[[1, 3], [2, 3], [3, 2], [3, 3], [1, 2], [2, 1]],1094,567,1030,663
685742,7,130,90,[9, 6, 10, 2, 5, 8],[[1, 3], [2, 3], [3, 2], [3, 3], [1, 2], [2, 1]],1108,588,1031,663
685795,7,130,90,[9, 6, 10, 2, 5, 8],[[1, 3], [2, 3], [3, 2], [3, 3], [1, 2], [2, 1]],1109,579,1031,659
685853,7,130,90,[9, 6, 10, 2, 5, 8],[[1, 3], [2, 3], [3, 2], [3, 3], [1, 2], [2, 1]],1099,582,1019,643
685915,7,130,90,[9, 6, 10, 2, 5, 8],[[1, 3], [2, 3], [3, 2], [3, 3], [1, 2], [2, 1]],1104,599,1021,637
685975,7,130,90,[9, 6, 10, 2, 5, 8],[[1, 3], [2, 3], [3, 2], [3, 3], [1, 2], [2, 1]],1074,580,1042,625
686017,7,130,90,[9, 6, 10, 2, 5, 8],[[1, 3], [2, 3], [3, 2], [3, 3], [1, 2], [2, 1]],1097,601,1059,612
686076,7,130,90,[9, 6, 10, 2, 5, 8],[[1, 3], [2, 3], [3, 2], [3, 3], [1, 2], [2, 1]],1107,598,1121,586
686128,7,130,90,[9, 6, 10, 2, 5, 8],[[1, 3], [2, 3], [3, 2], [3, 3], [1, 2], [2, 1]],1147,592,1144,577
686211,7,130,90,[9, 6, 10, 2, 5, 8],[[1, 3], [2, 3], [3, 2], [3, 3], [1, 2], [2, 1]],1106,613,1154,568
686303,7,130,90,[9, 6, 10, 2, 5, 8],[[1, 3], [2, 3], [3, 2], [3, 3], [1, 2], [2, 1]],1101,608,1154,568
686376,7,130,90,[9, 6, 10, 2, 5, 8],[[1, 3], [2, 3], [3, 2], [3, 3], [1, 2], [2, 1]],1097,586,1111,588
686443,7,130,90,[9, 6, 10, 2, 5, 8],[[1, 3], [2, 3], [3, 2], [3, 3], [1, 2], [2, 1]],1131,571,1090,595
686492,7,130,90,[9, 6, 10, 2, 5, 8],[[1, 3], [2, 3], [3, 2], [3, 3], [1, 2], [2, 1]],1105,551,1063,609
686549,7,130,90,[9, 6, 10, 2, 5, 8],[[1, 3], [2, 3], [3, 2], [3, 3], [1, 2], [2, 1]],1075,542,1043,616
686602,7,130,90,[9, 6, 10, 2, 5, 8],[[1, 3], [2, 3], [3, 2], [3, 3], [1, 2], [2, 1]],1066,557,1025,624
686665,7,130,90,[9, 6, 10, 2, 5, 8],[[1, 3], [2, 3], [3, 2], [3, 3], [1, 2], [2, 1]],1061,558,1025,624
686710,7,130,90,[9, 6, 10, 2, 5, 8],[[1, 3], [2, 3], [3, 2], [3, 3], [1, 2], [2, 1]],1056,530,1040,632
686781,7,130,90,[9, 6, 10, 2, 5, 8],[[1, 3], [2, 3], [3, 2], [3, 3], [1, 2], [2, 1]],1070,540,1059,642
686834,7,130,90,[9, 6, 10, 2, 5, 8],[[1, 3], [2, 3], [3, 2], [3, 3], [1, 2], [2, 1]],1055,507,1059,642
686875,7,130,90,[9, 6, 10, 2, 5, 8],[[1, 3], [2, 3], [3, 2], [3, 3], [1, 2], [2, 1]],1059,494,1054,641
686942,7,130,90,[9, 6, 10, 2, 5, 8],[[1, 3], [2, 3], [3, 2], [3, 3], [1, 2], [2, 1]],1041,470,1032,623
686997,7,130,90,[9, 6, 10, 2, 5, 8],[[1, 3], [2, 3], [3, 2], [3, 3], [1, 2], [2, 1]],1061,449,1029,604
687079,7,130,90,[9, 6, 10, 2, 5, 8],[[1, 3], [2, 3], [3, 2], [3, 3], [1, 2], [2, 1]],1046,428,1023,582
687164,7,130,90,[9, 6, 10, 2, 5, 8],[[1, 3], [2, 3], [3, 2], [3, 3], [1, 2], [2, 1]],1035,413,1037,539
687213,7,130,90,[9, 6, 10, 2, 5, 8],[[1, 3], [2, 3], [3, 2], [3, 3], [1, 2], [2, 1]],1027,424,1056,473
687264,7,130,90,[9, 6, 10, 2, 5, 8],[[1, 3], [2, 3], [3, 2], [3, 3], [1, 2], [2, 1]],1034,430,1056,444
687321,7,130,90,[9, 6, 10, 2, 5, 8],[[1, 3], [2, 3], [3, 2], [3, 3], [1, 2], [2, 1]],1055,443,1050,434
687374,7,130,90,[9, 6, 10, 2, 5, 8],[[1, 3], [2, 3], [3, 2], [3, 3], [1, 2], [2, 1]],1049,448,1034,414
687426,7,130,90,[9, 6, 10, 2, 5, 8],[[1, 3], [2, 3], [3, 2], [3, 3], [1, 2], [2, 1]],1026,442,1012,384
687484,7,130,90,[9, 6, 10, 2, 5, 8],[[1, 3], [2, 3], [3, 2], [3, 3], [1, 2], [2, 1]],1031,448,982,334
687542,7,130,90,[9, 6, 10, 2, 5, 8],[[1, 3], [2, 3], [3, 2], [3, 3], [1, 2], [2, 1]],1018,425,981,332
687606,7,130,90,[9, 6, 10, 2, 5, 8],[[1, 3], [2, 3], [3, 2], [3, 3], [1, 2], [2, 1]],1041,402,971,330
687664,7,130,90,[9, 6, 10, 2, 5, 8],[[1, 3], [2, 3], [3, 2], [3, 3], [1, 2], [2, 1]],1081,417,954,344
687723,7,130,90,[9, 6, 10, 2, 5, 8],[[1, 3], [2, 3], [3, 2], [3, 3], [1, 2], [2, 1]],1091,390,970,388
687777,7,130,90,[9, 6, 10, 2, 5, 8],[[1, 3], [2, 3], [3, 2], [3, 3], [1, 2], [2, 1]],1101,401,1008,421
687836,7,130,90,[9, 6, 10, 2, 5, 8],[[1, 3], [2, 3], [3, 2], [3, 3], [1, 2], [2, 1]],1104,386,1026,436
687904,7,130,90,[9, 6, 10, 2, 5, 8],[[1, 3], [2, 3], [3, 2], [3, 3], [1, 2], [2, 1]],1110,377,1028,440
687963,7,130,90,[9, 6, 10, 2, 5, 8],[[1, 3], [2, 3], [3, 2], [3, 3], [1, 2], [2, 1]],1111,387,1028,448
688036,7,130,90,[9, 6, 10, 2, 5, 8],[[1, 3], [2, 3], [3, 2], [3, 3], [1, 2], [2, 1]],1119,388,1047,447
688095,7,130,90,[9, 6, 10, 2, 5, 8],[[1, 3], [2, 3], [3, 2], [3, 3], [1, 2], [2, 1]],1107,385,1113,391
688160,7,130,90,[9, 6, 10, 2, 5, 8],[[1, 3], [2, 3], [3, 2], [3, 3], [1, 2], [2, 1]],1099,395,1122,348
688229,7,130,90,[9, 6, 10, 2, 5, 8],[[1, 3], [2, 3], [3, 2], [3, 3], [1, 2], [2, 1]],1111,396,1103,329
688304,7,130,90,[9, 6, 10, 2, 5, 8],[[1, 3], [2, 3], [3, 2], [3, 3], [1, 2], [2, 1]],1112,391,1102,329
688366,7,130,90,[9, 6, 10, 2, 5, 8],[[1, 3], [2, 3], [3, 2], [3, 3], [1, 2], [2, 1]],1115,403,1102,329
688445,7,130,90,[9, 6, 10, 2, 5, 8],[[1, 3], [2, 3], [3, 2], [3, 3], [1, 2], [2, 1]],1122,413,1102,331
688494,7,130,90,[9, 6, 10, 2, 5, 8],[[1, 3], [2, 3], [3, 2], [3, 3], [1, 2], [2, 1]],1150,396,1119,360
688540,7,130,90,[9, 6, 10, 2, 5, 8],[[1, 3], [2, 3], [3, 2], [3, 3], [1, 2], [2, 1]],1143,395,1119,386
688594,7,130,90,[9, 6, 10, 2, 5, 8],[[1, 3], [2, 3], [3, 2], [3, 3], [1, 2], [2, 1]],1144,411,1107,408
688639,7,130,90,[9, 6, 10, 2, 5, 8],[[1, 3], [2, 3], [3, 2], [3, 3], [1, 2], [2, 1]],1129,391,1101,417
688689,7,130,90,[9, 6, 10, 2, 5, 8],[[1, 3], [2, 3], [3, 2], [3, 3], [1, 2], [2, 1]],1116,390,1101,419
688735,7,130,90,[9, 6, 10, 2, 5, 8],[[1, 3], [2, 3], [3, 2], [3, 3], [1, 2], [2, 1]],1121,362,1107,424
688789,7,130,90,[9, 6, 10, 2, 5, 8],[[1, 3], [2, 3], [3, 2], [3, 3], [1, 2], [2, 1]],1111,363,1119,430
688852,7,131,12,[9, 6, 11, 3, 1, 4],[[1, 1], [2, 1], [1, 2], [1, 3], [2, 2], [3, 3]],1121,345,1145,426
688904,7,131,12,[9, 6, 11, 3, 1, 4],[[1, 1], [2, 1], [1, 2], [1, 3], [2, 2], [3, 3]],1103,362,1171,408
688945,7,131,12,[9, 6, 11, 3, 1, 4],[[1, 1], [2, 1], [1, 2], [1, 3], [2, 2], [3, 3]],1104,347,1180,405
689026,7,131,12,[9, 6, 11, 3, 1, 4],[[1, 1], [2, 1], [1, 2], [1, 3], [2, 2], [3, 3]],1087,379,1180,403
689090,7,131,12,[9, 6, 11, 3, 1, 4],[[1, 1], [2, 1], [1, 2], [1, 3], [2, 2], [3, 3]],1093,359,1150,368
689160,7,131,12,[9, 6, 11, 3, 1, 4],[[1, 1], [2, 1], [1, 2], [1, 3], [2, 2], [3, 3]],1105,348,1123,340
689219,7,131,12,[9, 6, 11, 3, 1, 4],[[1, 1], [2, 1], [1, 2], [1, 3], [2, 2], [3, 3]],1099,342,1118,338
689261,7,131,12,[9, 6, 11, 3, 1, 4],[[1, 1], [2, 1], [1, 2], [1, 3], [2, 2], [3, 3]],1099,343,1104,334
689325,7,131,12,[9, 6, 11, 3, 1, 4],[[1, 1], [2, 1], [1, 2], [1, 3], [2, 2], [3, 3]],1111,362,1096,329
689377,7,131,12,[9, 6, 11, 3, 1, 4],[[1, 1], [2, 1], [1, 2], [1, 3], [2, 2], [3, 3]],1112,355,1086,323
689430,7,131,12,[9, 6, 11, 3, 1, 4],[[1, 1], [2, 1], [1, 2], [1, 3], [2, 2], [3, 3]],1118,367,1084,328
689483,7,131,12,[9, 6, 11, 3, 1, 4],[[1, 1], [2, 1], [1, 2], [1, 3], [2, 2], [3, 3]],1119,354,1082,350
689543,7,131,12,[9, 6, 11, 3, 1, 4],[[1, 1], [2, 1], [1, 2], [1, 3], [2, 2], [3, 3]],1095,357,1093,357
689601,7,131,12,[9, 6, 11, 3, 1, 4],[[1, 1], [2, 1], [1, 2], [1, 3], [2, 2], [3, 3]],1086,355,1102,361
689665,7,131,12,[9, 6, 11, 3, 1, 4],[[1, 1], [2, 1], [1, 2], [1, 3], [2, 2], [3, 3]],1093,369,1105,361
689733,7,131,12,[9, 6, 11, 3, 1, 4],[[1, 1], [2, 1], [1, 2], [1, 3], [2, 2], [3, 3]],1085,381,1105,367
689792,7,131,12,[9, 6, 11, 3, 1, 4],[[1, 1], [2, 1], [1, 2], [1, 3], [2, 2], [3, 3]],1114,367,1105,371
689845,7,131,12,[9, 6, 11, 3, 1, 4],[[1, 1], [2, 1], [1, 2], [1, 3], [2, 2], [3, 3]],1105,352,1106,375
689899,7,131,12,[9, 6, 11, 3, 1, 4],[[1, 1], [2, 1], [1, 2], [1, 3], [2, 2], [3, 3]],1105,317,1107,380
689968,7,131,12,[9, 6, 11, 3, 1, 4],[[1, 1], [2, 1], [1, 2], [1, 3], [2, 2], [3, 3]],1127,307,1107,380
690030,7,131,12,[9, 6, 11, 3, 1, 4],[[1, 1], [2, 1], [1, 2], [1, 3], [2, 2], [3, 3]],1131,322,1107,380
690094,7,131,12,[9, 6, 11, 3, 1, 4],[[1, 1], [2, 1], [1, 2], [1, 3], [2, 2], [3, 3]],1135,319,1107,380
690154,7,131,12,[9, 6, 11, 3, 1, 4],[[1, 1], [2, 1], [1, 2], [1, 3], [2, 2], [3, 3]],1135,346,1107,380
690229,7,131,12,[9, 6, 11, 3, 1, 4],[[1, 1], [2, 1], [1, 2], [1, 3], [2, 2], [3, 3]],1107,369,1107,380
690282,7,131,12,[9, 6, 11, 3, 1, 4],[[1, 1], [2, 1], [1, 2], [1, 3], [2, 2], [3, 3]],1109,364,1142,363
690338,7,131,12,[9, 6, 11, 3, 1, 4],[[1, 1], [2, 1], [1, 2], [1, 3], [2, 2], [3, 3]],1103,362,1181,370
690410,7,131,12,[9, 6, 11, 3, 1, 4],[[1, 1], [2, 1], [1, 2], [1, 3], [2, 2], [3, 3]],1095,370,1191,381
690490,7,131,12,[9, 6, 11, 3, 1, 4],[[1, 1], [2, 1], [1, 2], [1, 3], [2, 2], [3, 3]],1090,357,1205,393
690542,7,131,12,[9, 6, 11, 3, 1, 4],[[1, 1], [2, 1], [1, 2], [1, 3], [2, 2], [3, 3]],1080,315,1202,400
690592,7,131,12,[9, 6, 11, 3, 1, 4],[[1, 1], [2, 1], [1, 2], [1, 3], [2, 2], [3, 3]],1105,333,1191,410
690655,7,131,12,[9, 6, 11, 3, 1, 4],[[1, 1], [2, 1], [1, 2], [1, 3], [2, 2], [3, 3]],1100,318,1167,410
690714,7,131,12,[9, 6, 11, 3, 1, 4],[[1, 1], [2, 1], [1, 2], [1, 3], [2, 2], [3, 3]],1118,288,1163,409
690775,7,131,12,[9, 6, 11, 3, 1, 4],[[1, 1], [2, 1], [1, 2], [1, 3], [2, 2], [3, 3]],1116,298,1155,405
690830,7,131,12,[9, 6, 11, 3, 1, 4],[[1, 1], [2, 1], [1, 2], [1, 3], [2, 2], [3, 3]],1133,307,1149,384
690914,7,131,12,[9, 6, 11, 3, 1, 4],[[1, 1], [2, 1], [1, 2], [1, 3], [2, 2], [3, 3]],1130,305,1146,362
690954,7,131,12,[9, 6, 11, 3, 1, 4],[[1, 1], [2, 1], [1, 2], [1, 3], [2, 2], [3, 3]],1128,304,1142,359
691015,7,131,12,[9, 6, 11, 3, 1, 4],[[1, 1], [2, 1], [1, 2], [1, 3], [2, 2], [3, 3]],1119,283,1145,341
691078,7,131,12,[9, 6, 11, 3, 1, 4],[[1, 1], [2, 1], [1, 2], [1, 3], [2, 2], [3, 3]],1122,275,1156,319
691130,7,131,12,[9, 6, 11, 3, 1, 4],[[1, 1], [2, 1], [1, 2], [1, 3], [2, 2], [3, 3]],1103,282,1163,313
691170,7,131,12,[9, 6, 11, 3, 1, 4],[[1, 1], [2, 1], [1, 2], [1, 3], [2, 2], [3, 3]],1093,277,1180,312
691233,7,131,12,[9, 6, 11, 3, 1, 4],[[1, 1], [2, 1], [1, 2], [1, 3], [2, 2], [3, 3]],1092,282,1197,320
691279,7,131,12,[9, 6, 11, 3, 1, 4],[[1, 1], [2, 1], [1, 2], [1, 3], [2, 2], [3, 3]],1060,270,1205,329
691357,7,131,12,[9, 6, 11, 3, 1, 4],[[1, 1], [2, 1], [1, 2], [1, 3], [2, 2], [3, 3]],1063,283,1198,349
691401,7,131,12,[9, 6, 11, 3, 1, 4],[[1, 1], [2, 1], [1, 2], [1, 3], [2, 2], [3, 3]],1062,263,1188,353
691447,7,131,12,[9, 6, 11, 3, 1, 4],[[1, 1], [2, 1], [1, 2], [1, 3], [2, 2], [3, 3]],1071,268,1170,354
691505,7,131,12,[9, 6, 11, 3, 1, 4],[[1, 1], [2, 1], [1, 2], [1, 3], [2, 2], [3, 3]],1062,284,1139,354
691548,7,131,12,[9, 6, 11, 3, 1, 4],[[1, 1], [2, 1], [1, 2], [1, 3], [2, 2], [3, 3]],1038,328,1124,350
691605,7,131,12,[9, 6, 11, 3, 1, 4],[[1, 1], [2, 1], [1, 2], [1, 3], [2, 2], [3, 3]],1004,325,1110,347
691669,7,131,12,[9, 6, 11, 3, 1, 4],[[1, 1], [2, 1], [1, 2], [1, 3], [2, 2], [3, 3]],1020,312,1091,345
691729,7,131,12,[9, 6, 11, 3, 1, 4],[[1, 1], [2, 1], [1, 2], [1, 3], [2, 2], [3, 3]],1003,303,1088,335
691774,7,131,12,[9, 6, 11, 3, 1, 4],[[1, 1], [2, 1], [1, 2], [1, 3], [2, 2], [3, 3]],1016,298,1086,326
691832,7,131,12,[9, 6, 11, 3, 1, 4],[[1, 1], [2, 1], [1, 2], [1, 3], [2, 2], [3, 3]],994,299,1093,318
691894,7,131,12,[9, 6, 11, 3, 1, 4],[[1, 1], [2, 1], [1, 2], [1, 3], [2, 2], [3, 3]],999,310,1093,318
691938,7,131,12,[9, 6, 11, 3, 1, 4],[[1, 1], [2, 1], [1, 2], [1, 3], [2, 2], [3, 3]],993,306,1092,322
691999,7,131,12,[9, 6, 11, 3, 1, 4],[[1, 1], [2, 1], [1, 2], [1, 3], [2, 2], [3, 3]],988,286,1071,330
692053,7,131,12,[9, 6, 11, 3, 1, 4],[[1, 1], [2, 1], [1, 2], [1, 3], [2, 2], [3, 3]],991,291,1059,331
692093,7,131,12,[9, 6, 11, 3, 1, 4],[[1, 1], [2, 1], [1, 2], [1, 3], [2, 2], [3, 3]],979,299,1040,331
692162,7,131,12,[9, 6, 11, 3, 1, 4],[[1, 1], [2, 1], [1, 2], [1, 3], [2, 2], [3, 3]],953,301,1010,332
692236,7,131,12,[9, 6, 11, 3, 1, 4],[[1, 1], [2, 1], [1, 2], [1, 3], [2, 2], [3, 3]],939,295,1010,332
692302,7,131,12,[9, 6, 11, 3, 1, 4],[[1, 1], [2, 1], [1, 2], [1, 3], [2, 2], [3, 3]],938,275,1011,345
692350,7,131,12,[9, 6, 11, 3, 1, 4],[[1, 1], [2, 1], [1, 2], [1, 3], [2, 2], [3, 3]],916,305,1022,362
692408,7,131,12,[9, 6, 11, 3, 1, 4],[[1, 1], [2, 1], [1, 2], [1, 3], [2, 2], [3, 3]],940,320,1028,371
692470,7,131,12,[9, 6, 11, 3, 1, 4],[[1, 1], [2, 1], [1, 2], [1, 3], [2, 2], [3, 3]],930,310,1034,372
692520,7,131,12,[9, 6, 11, 3, 1, 4],[[1, 1], [2, 1], [1, 2], [1, 3], [2, 2], [3, 3]],918,301,1042,373
692572,7,131,12,[9, 6, 11, 3, 1, 4],[[1, 1], [2, 1], [1, 2], [1, 3], [2, 2], [3, 3]],909,267,1046,367
692651,7,131,12,[9, 6, 11, 3, 1, 4],[[1, 1], [2, 1], [1, 2], [1, 3], [2, 2], [3, 3]],893,260,1016,335
692710,7,131,12,[9, 6, 11, 3, 1, 4],[[1, 1], [2, 1], [1, 2], [1, 3], [2, 2], [3, 3]],891,264,997,327
692759,7,131,12,[9, 6, 11, 3, 1, 4],[[1, 1], [2, 1], [1, 2], [1, 3], [2, 2], [3, 3]],873,262,962,316
692815,7,131,12,[9, 6, 11, 3, 1, 4],[[1, 1], [2, 1], [1, 2], [1, 3], [2, 2], [3, 3]],842,266,927,301
692888,7,131,12,[9, 6, 11, 3, 1, 4],[[1, 1], [2, 1], [1, 2], [1, 3], [2, 2], [3, 3]],857,260,890,264
692936,7,132,126,[9, 6, 10, 2, 1, 4],[[2, 3], [3, 3], [1, 2], [1, 3], [2, 1], [3, 2]],864,258,870,227
693038,7,132,126,[9, 6, 10, 2, 1, 4],[[2, 3], [3, 3], [1, 2], [1, 3], [2, 1], [3, 2]],845,261,856,189
693077,7,132,126,[9, 6, 10, 2, 1, 4],[[2, 3], [3, 3], [1, 2], [1, 3], [2, 1], [3, 2]],865,260,854,188
693148,7,132,126,[9, 6, 10, 2, 1, 4],[[2, 3], [3, 3], [1, 2], [1, 3], [2, 1], [3, 2]],843,291,821,200
693196,7,132,126,[9, 6, 10, 2, 1, 4],[[2, 3], [3, 3], [1, 2], [1, 3], [2, 1], [3, 2]],854,296,806,229
693264,7,132,126,[9, 6, 10, 2, 1, 4],[[2, 3], [3, 3], [1, 2], [1, 3], [2, 1], [3, 2]],862,317,817,295
693317,7,132,126,[9, 6, 10, 2, 1, 4],[[2, 3], [3, 3], [1, 2], [1, 3], [2, 1], [3, 2]],880,309,834,307
693358,7,132,126,[9, 6, 10, 2, 1, 4],[[2, 3], [3, 3], [1, 2], [1, 3], [2, 1], [3, 2]],879,307,849,314
693434,7,132,126,[9, 6, 10, 2, 1, 4],[[2, 3], [3, 3], [1, 2], [1, 3], [2, 1], [3, 2]],873,294,850,314
693498,7,132,126,[9, 6, 10, 2, 1, 4],[[2, 3], [3, 3], [1, 2], [1, 3], [2, 1], [3, 2]],877,264,850,325
693546,7,132,126,[9, 6, 10, 2, 1, 4],[[2, 3], [3, 3], [1, 2], [1, 3], [2, 1], [3, 2]],877,246,841,357
693609,7,132,126,[9, 6, 10, 2, 1, 4],[[2, 3], [3, 3], [1, 2], [1, 3], [2, 1], [3, 2]],863,245,839,374
693644,7,132,126,[9, 6, 10, 2, 1, 4],[[2, 3], [3, 3], [1, 2], [1, 3], [2, 1], [3, 2]],844,245,840,375
693702,7,132,126,[9, 6, 10, 2, 1, 4],[[2, 3], [3, 3], [1, 2], [1, 3], [2, 1], [3, 2]],804,244,882,387
693756,7,132,126,[9, 6, 10, 2, 1, 4],[[2, 3], [3, 3], [1, 2], [1, 3], [2, 1], [3, 2]],823,249,892,386
693804,7,132,126,[9, 6, 10, 2, 1, 4],[[2, 3], [3, 3], [1, 2], [1, 3], [2, 1], [3, 2]],810,227,897,375
693857,7,132,126,[9, 6, 10, 2, 1, 4],[[2, 3], [3, 3], [1, 2], [1, 3], [2, 1], [3, 2]],810,210,891,350
693906,7,132,126,[9, 6, 10, 2, 1, 4],[[2, 3], [3, 3], [1, 2], [1, 3], [2, 1], [3, 2]],803,199,872,337
693955,7,132,126,[9, 6, 10, 2, 1, 4],[[2, 3], [3, 3], [1, 2], [1, 3], [2, 1], [3, 2]],826,202,856,331
694018,7,132,126,[9, 6, 10, 2, 1, 4],[[2, 3], [3, 3], [1, 2], [1, 3], [2, 1], [3, 2]],844,204,843,336
694071,7,132,126,[9, 6, 10, 2, 1, 4],[[2, 3], [3, 3], [1, 2], [1, 3], [2, 1], [3, 2]],845,202,829,345
694138,7,132,126,[9, 6, 10, 2, 1, 4],[[2, 3], [3, 3], [1, 2], [1, 3], [2, 1], [3, 2]],831,214,828,346
694210,7,132,126,[9, 6, 10, 2, 1, 4],[[2, 3], [3, 3], [1, 2], [1, 3], [2, 1], [3, 2]],832,225,827,336
694262,7,132,126,[9, 6, 10, 2, 1, 4],[[2, 3], [3, 3], [1, 2], [1, 3], [2, 1], [3, 2]],801,258,833,312
694301,7,132,126,[9, 6, 10, 2, 1, 4],[[2, 3], [3, 3], [1, 2], [1, 3], [2, 1], [3, 2]],804,259,839,293
694367,7,132,126,[9, 6, 10, 2, 1, 4],[[2, 3], [3, 3], [1, 2], [1, 3], [2, 1], [3, 2]],803,254,849,260
694435,7,132,126,[9, 6, 10, 2, 1, 4],[[2, 3], [3, 3], [1, 2], [1, 3], [2, 1], [3, 2]],803,233,851,255
694502,7,132,126,[9, 6, 10, 2, 1, 4],[[2, 3], [3, 3], [1, 2], [1, 3], [2, 1], [3, 2]],805,237,851,255
694559,7,132,126,[9, 6, 10, 2, 1, 4],[[2, 3], [3, 3], [1, 2], [1, 3], [2, 1], [3, 2]],797,239,835,267
694616,7,132,126,[9, 6, 10, 2, 1, 4],[[2, 3], [3, 3], [1, 2], [1, 3], [2, 1], [3, 2]],793,242,820,292
694688,7,132,126,[9, 6, 10, 2, 1, 4],[[2, 3], [3, 3], [1, 2], [1, 3], [2, 1], [3, 2]],828,224,815,320
694793,7,132,126,[9, 6, 10, 2, 1, 4],[[2, 3], [3, 3], [1, 2], [1, 3], [2, 1], [3, 2]],842,217,819,332
694878,7,132,126,[9, 6, 10, 2, 1, 4],[[2, 3], [3, 3], [1, 2], [1, 3], [2, 1], [3, 2]],843,225,819,333
694971,7,132,126,[9, 6, 10, 2, 1, 4],[[2, 3], [3, 3], [1, 2], [1, 3], [2, 1], [3, 2]],824,240,819,338
695027,7,132,126,[9, 6, 10, 2, 1, 4],[[2, 3], [3, 3], [1, 2], [1, 3], [2, 1], [3, 2]],835,252,816,338
695085,7,132,126,[9, 6, 10, 2, 1, 4],[[2, 3], [3, 3], [1, 2], [1, 3], [2, 1], [3, 2]],816,254,812,329
695138,7,132,126,[9, 6, 10, 2, 1, 4],[[2, 3], [3, 3], [1, 2], [1, 3], [2, 1], [3, 2]],828,235,806,297
695188,7,132,126,[9, 6, 10, 2, 1, 4],[[2, 3], [3, 3], [1, 2], [1, 3], [2, 1], [3, 2]],831,231,830,254
695238,7,132,126,[9, 6, 10, 2, 1, 4],[[2, 3], [3, 3], [1, 2], [1, 3], [2, 1], [3, 2]],814,218,836,241
695315,7,132,126,[9, 6, 10, 2, 1, 4],[[2, 3], [3, 3], [1, 2], [1, 3], [2, 1], [3, 2]],818,241,835,240
695378,7,132,126,[9, 6, 10, 2, 1, 4],[[2, 3], [3, 3], [1, 2], [1, 3], [2, 1], [3, 2]],818,251,810,257
695437,7,132,126,[9, 6, 10, 2, 1, 4],[[2, 3], [3, 3], [1, 2], [1, 3], [2, 1], [3, 2]],809,246,799,264
695501,7,132,126,[9, 6, 10, 2, 1, 4],[[2, 3], [3, 3], [1, 2], [1, 3], [2, 1], [3, 2]],784,266,793,270
695559,7,132,126,[9, 6, 10, 2, 1, 4],[[2, 3], [3, 3], [1, 2], [1, 3], [2, 1], [3, 2]],799,279,788,285
695613,7,132,126,[9, 6, 10, 2, 1, 4],[[2, 3], [3, 3], [1, 2], [1, 3], [2, 1], [3, 2]],791,294,788,306
695670,7,132,126,[9, 6, 10, 2, 1, 4],[[2, 3], [3, 3], [1, 2], [1, 3], [2, 1], [3, 2]],810,315,788,306
695719,7,132,126,[9, 6, 10, 2, 1, 4],[[2, 3], [3, 3], [1, 2], [1, 3], [2, 1], [3, 2]],774,312,788,306
695772,7,132,126,[9, 6, 10, 2, 1, 4],[[2, 3], [3, 3], [1, 2], [1, 3], [2, 1], [3, 2]],768,320,795,310
695826,7,132,126,[9, 6, 10, 2, 1, 4],[[2, 3], [3, 3], [1, 2], [1, 3], [2, 1], [3, 2]],741,325,807,315
695879,7,132,126,[9, 6, 10, 2, 1, 4],[[2, 3], [3, 3], [1, 2], [1, 3], [2, 1], [3, 2]],737,307,817,320
695942,7,132,126,[9, 6, 10, 2, 1, 4],[[2, 3], [3, 3], [1, 2], [1, 3], [2, 1], [3, 2]],763,272,823,329
696001,7,132,126,[9, 6, 10, 2, 1, 4],[[2, 3], [3, 3], [1, 2], [1, 3], [2, 1], [3, 2]],761,252,823,335
696054,7,132,126,[9, 6, 10, 2, 1, 4],[[2, 3], [3, 3], [1, 2], [1, 3], [2, 1], [3, 2]],752,254,817,343
696103,7,132,126,[9, 6, 10, 2, 1, 4],[[2, 3], [3, 3], [1, 2], [1, 3], [2, 1], [3, 2]],745,245,809,347
696161,7,132,126,[9, 6, 10, 2, 1, 4],[[2, 3], [3, 3], [1, 2], [1, 3], [2, 1], [3, 2]],764,220,790,346
696219,7,132,126,[9, 6, 10, 2, 1, 4],[[2, 3], [3, 3], [1, 2], [1, 3], [2, 1], [3, 2]],759,184,779,340
696275,7,132,126,[9, 6, 10, 2, 1, 4],[[2, 3], [3, 3], [1, 2], [1, 3], [2, 1], [3, 2]],750,196,773,338
696353,7,132,126,[9, 6, 10, 2, 1, 4],[[2, 3], [3, 3], [1, 2], [1, 3], [2, 1], [3, 2]],741,191,771,337
696420,7,132,126,[9, 6, 10, 2, 1, 4],[[2, 3], [3, 3], [1, 2], [1, 3], [2, 1], [3, 2]],742,210,762,318
696472,7,132,126,[9, 6, 10, 2, 1, 4],[[2, 3], [3, 3], [1, 2], [1, 3], [2, 1], [3, 2]],747,189,762,309
696521,7,132,126,[9, 6, 10, 2, 1, 4],[[2, 3], [3, 3], [1, 2], [1, 3], [2, 1], [3, 2]],706,177,790,286
696571,7,132,126,[9, 6, 10, 2, 1, 4],[[2, 3], [3, 3], [1, 2], [1, 3], [2, 1], [3, 2]],716,195,795,276
696619,7,132,126,[9, 6, 10, 2, 1, 4],[[2, 3], [3, 3], [1, 2], [1, 3], [2, 1], [3, 2]],706,190,793,265
696674,7,132,126,[9, 6, 10, 2, 1, 4],[[2, 3], [3, 3], [1, 2], [1, 3], [2, 1], [3, 2]],689,185,779,244
696722,7,132,126,[9, 6, 10, 2, 1, 4],[[2, 3], [3, 3], [1, 2], [1, 3], [2, 1], [3, 2]],702,193,744,220
696777,7,132,126,[9, 6, 10, 2, 1, 4],[[2, 3], [3, 3], [1, 2], [1, 3], [2, 1], [3, 2]],686,191,709,200
696822,7,132,126,[9, 6, 10, 2, 1, 4],[[2, 3], [3, 3], [1, 2], [1, 3], [2, 1], [3, 2]],686,181,689,190
696895,7,132,126,[9, 6, 10, 2, 1, 4],[[2, 3], [3, 3], [1, 2], [1, 3], [2, 1], [3, 2]],702,187,682,187
696940,7,132,126,[9, 6, 10, 2, 1, 4],[[2, 3], [3, 3], [1, 2], [1, 3], [2, 1], [3, 2]],735,181,664,194
697010,7,133,124,[9, 6, 11, 3, 5, 8],[[2, 3], [3, 3], [1, 2], [1, 3], [2, 2], [3, 1]],734,188,665,194
697078,7,133,124,[9, 6, 11, 3, 5, 8],[[2, 3], [3, 3], [1, 2], [1, 3], [2, 2], [3, 1]],713,195,683,190
697145,7,133,124,[9, 6, 11, 3, 5, 8],[[2, 3], [3, 3], [1, 2], [1, 3], [2, 2], [3, 1]],704,186,706,172
697204,7,133,124,[9, 6, 11, 3, 5, 8],[[2, 3], [3, 3], [1, 2], [1, 3], [2, 2], [3, 1]],698,187,712,163
697270,7,133,124,[9, 6, 11, 3, 5, 8],[[2, 3], [3, 3], [1, 2], [1, 3], [2, 2], [3, 1]],697,168,713,161
697344,7,133,124,[9, 6, 11, 3, 5, 8],[[2, 3], [3, 3], [1, 2], [1, 3], [2, 2], [3, 1]],686,167,787,205
697384,7,133,124,[9, 6, 11, 3, 5, 8],[[2, 3], [3, 3], [1, 2], [1, 3], [2, 2], [3, 1]],683,159,804,229
697428,7,133,124,[9, 6, 11, 3, 5, 8],[[2, 3], [3, 3], [1, 2], [1, 3], [2, 2], [3, 1]],688,158,805,264
697485,7,133,124,[9, 6, 11, 3, 5, 8],[[2, 3], [3, 3], [1, 2], [1, 3], [2, 2], [3, 1]],721,155,805,281
697548,7,133,124,[9, 6, 11, 3, 5, 8],[[2, 3], [3, 3], [1, 2], [1, 3], [2, 2], [3, 1]],728,162,812,309
697604,7,133,124,[9, 6, 11, 3, 5, 8],[[2, 3], [3, 3], [1, 2], [1, 3], [2, 2], [3, 1]],712,156,815,316
697653,7,133,124,[9, 6, 11, 3, 5, 8],[[2, 3], [3, 3], [1, 2], [1, 3], [2, 2], [3, 1]],723,156,817,324
697695,7,133,124,[9, 6, 11, 3, 5, 8],[[2, 3], [3, 3], [1, 2], [1, 3], [2, 2], [3, 1]],708,141,817,330
697754,7,133,124,[9, 6, 11, 3, 5, 8],[[2, 3], [3, 3], [1, 2], [1, 3], [2, 2], [3, 1]],714,144,808,347
697823,7,133,124,[9, 6, 11, 3, 5, 8],[[2, 3], [3, 3], [1, 2], [1, 3], [2, 2], [3, 1]],700,146,807,345
697872,7,133,124,[9, 6, 11, 3, 5, 8],[[2, 3], [3, 3], [1, 2], [1, 3], [2, 2], [3, 1]],689,140,802,331
697932,7,133,124,[9, 6, 11, 3, 5, 8],[[2, 3], [3, 3], [1, 2], [1, 3], [2, 2], [3, 1]],681,137,800,274
697994,7,133,124,[9, 6, 11, 3, 5, 8],[[2, 3], [3, 3], [1, 2], [1, 3], [2, 2], [3, 1]],671,139,764,171
698049,7,133,124,[9, 6, 11, 3, 5, 8],[[2, 3], [3, 3], [1, 2], [1, 3], [2, 2], [3, 1]],675,160,728,115
698111,7,133,124,[9, 6, 11, 3, 5, 8],[[2, 3], [3, 3], [1, 2], [1, 3], [2, 2], [3, 1]],679,171,726,110
698163,7,133,124,[9, 6, 11, 3, 5, 8],[[2, 3], [3, 3], [1, 2], [1, 3], [2, 2], [3, 1]],685,155,715,89
698205,7,133,124,[9, 6, 11, 3, 5, 8],[[2, 3], [3, 3], [1, 2], [1, 3], [2, 2], [3, 1]],700,152,706,70
698279,7,133,124,[9, 6, 11, 3, 5, 8],[[2, 3], [3, 3], [1, 2], [1, 3], [2, 2], [3, 1]],734,160,696,50
698321,7,133,124,[9, 6, 11, 3, 5, 8],[[2, 3], [3, 3], [1, 2], [1, 3], [2, 2], [3, 1]],737,155,696,50
698402,7,133,124,[9, 6, 11, 3, 5, 8],[[2, 3], [3, 3], [1, 2], [1, 3], [2, 2], [3, 1]],754,149,691,71
698465,7,133,124,[9, 6, 11, 3, 5, 8],[[2, 3], [3, 3], [1, 2], [1, 3], [2, 2], [3, 1]],742,166,667,128
698535,7,133,124,[9, 6, 11, 3, 5, 8],[[2, 3], [3, 3], [1, 2], [1, 3], [2, 2], [3, 1]],751,168,676,184
698599,7,133,124,[9, 6, 11, 3, 5, 8],[[2, 3], [3, 3], [1, 2], [1, 3], [2, 2], [3, 1]],760,138,732,205
698682,7,133,124,[9, 6, 11, 3, 5, 8],[[2, 3], [3, 3], [1, 2], [1, 3], [2, 2], [3, 1]],770,143,768,201
698747,7,133,124,[9, 6, 11, 3, 5, 8],[[2, 3], [3, 3], [1, 2], [1, 3], [2, 2], [3, 1]],769,124,778,189
698804,7,133,124,[9, 6, 11, 3, 5, 8],[[2, 3], [3, 3], [1, 2], [1, 3], [2, 2], [3, 1]],752,126,793,177
698847,7,133,124,[9, 6, 11, 3, 5, 8],[[2, 3], [3, 3], [1, 2], [1, 3], [2, 2], [3, 1]],740,142,794,171
698896,7,133,124,[9, 6, 11, 3, 5, 8],[[2, 3], [3, 3], [1, 2], [1, 3], [2, 2], [3, 1]],750,144,793,165
698964,7,133,124,[9, 6, 11, 3, 5, 8],[[2, 3], [3, 3], [1, 2], [1, 3], [2, 2], [3, 1]],745,152,785,164
699012,7,133,124,[9, 6, 11, 3, 5, 8],[[2, 3], [3, 3], [1, 2], [1, 3], [2, 2], [3, 1]],741,138,777,162
699081,7,133,124,[9, 6, 11, 3, 5, 8],[[2, 3], [3, 3], [1, 2], [1, 3], [2, 2], [3, 1]],786,137,766,157
699129,7,133,124,[9, 6, 11, 3, 5, 8],[[2, 3], [3, 3], [1, 2], [1, 3], [2, 2], [3, 1]],813,135,752,148
699188,7,133,124,[9, 6, 11, 3, 5, 8],[[2, 3], [3, 3], [1, 2], [1, 3], [2, 2], [3, 1]],842,143,735,131
699254,7,133,124,[9, 6, 11, 3, 5, 8],[[2, 3], [3, 3], [1, 2], [1, 3], [2, 2], [3, 1]],843,145,723,114
699293,7,133,124,[9, 6, 11, 3, 5, 8],[[2, 3], [3, 3], [1, 2], [1, 3], [2, 2], [3, 1]],838,156,720,112
699358,7,133,124,[9, 6, 11, 3, 5, 8],[[2, 3], [3, 3], [1, 2], [1, 3], [2, 2], [3, 1]],853,144,718,111
699403,7,133,124,[9, 6, 11, 3, 5, 8],[[2, 3], [3, 3], [1, 2], [1, 3], [2, 2], [3, 1]],862,125,737,119
699454,7,133,124,[9, 6, 11, 3, 5, 8],[[2, 3], [3, 3], [1, 2], [1, 3], [2, 2], [3, 1]],822,134,798,124
699493,7,133,124,[9, 6, 11, 3, 5, 8],[[2, 3], [3, 3], [1, 2], [1, 3], [2, 2], [3, 1]],832,140,860,112
699541,7,133,124,[9, 6, 11, 3, 5, 8],[[2, 3], [3, 3], [1, 2], [1, 3], [2, 2], [3, 1]],846,141,897,93
699581,7,133,124,[9, 6, 11, 3, 5, 8],[[2, 3], [3, 3], [1, 2], [1, 3], [2, 2], [3, 1]],824,138,907,88
699640,7,133,124,[9, 6, 11, 3, 5, 8],[[2, 3], [3, 3], [1, 2], [1, 3], [2, 2], [3, 1]],857,164,909,87
699698,7,133,124,[9, 6, 11, 3, 5, 8],[[2, 3], [3, 3], [1, 2], [1, 3], [2, 2], [3, 1]],869,164,909,87
699757,7,133,124,[9, 6, 11, 3, 5, 8],[[2, 3], [3, 3], [1, 2], [1, 3], [2, 2], [3, 1]],884,201,909,87
699806,7,133,124,[9, 6, 11, 3, 5, 8],[[2, 3], [3, 3], [1, 2], [1, 3], [2, 2], [3, 1]],907,211,909,87
699876,7,133,124,[9, 6, 11, 3, 5, 8],[[2, 3], [3, 3], [1, 2], [1, 3], [2, 2], [3, 1]],916,186,865,87
699944,7,133,124,[9, 6, 11, 3, 5, 8],[[2, 3], [3, 3], [1, 2], [1, 3], [2, 2], [3, 1]],894,197,856,87
699996,7,133,124,[9, 6, 11, 3, 5, 8],[[2, 3], [3, 3], [1, 2], [1, 3], [2, 2], [3, 1]],891,216,858,99
700060,7,133,124,[9, 6, 11, 3, 5, 8],[[2, 3], [3, 3], [1, 2], [1, 3], [2, 2], [3, 1]],866,195,868,138
700112,7,133,124,[9, 6, 11, 3, 5, 8],[[2, 3], [3, 3], [1, 2], [1, 3], [2, 2], [3, 1]],867,167,873,173
700171,7,133,124,[9, 6, 11, 3, 5, 8],[[2, 3], [3, 3], [1, 2], [1, 3], [2, 2], [3, 1]],877,140,881,199
700245,7,133,124,[9, 6, 11, 3, 5, 8],[[2, 3], [3, 3], [1, 2], [1, 3], [2, 2], [3, 1]],894,148,891,212
700281,7,133,124,[9, 6, 11, 3, 5, 8],[[2, 3], [3, 3], [1, 2], [1, 3], [2, 2], [3, 1]],893,98,904,229
700352,7,133,124,[9, 6, 11, 3, 5, 8],[[2, 3], [3, 3], [1, 2], [1, 3], [2, 2], [3, 1]],912,98,904,230
700401,7,133,124,[9, 6, 11, 3, 5, 8],[[2, 3], [3, 3], [1, 2], [1, 3], [2, 2], [3, 1]],908,111,881,202
700471,7,133,124,[9, 6, 11, 3, 5, 8],[[2, 3], [3, 3], [1, 2], [1, 3], [2, 2], [3, 1]],889,122,840,171
700538,7,133,124,[9, 6, 11, 3, 5, 8],[[2, 3], [3, 3], [1, 2], [1, 3], [2, 2], [3, 1]],863,122,806,141
700596,7,133,124,[9, 6, 11, 3, 5, 8],[[2, 3], [3, 3], [1, 2], [1, 3], [2, 2], [3, 1]],869,101,802,113
700673,7,133,124,[9, 6, 11, 3, 5, 8],[[2, 3], [3, 3], [1, 2], [1, 3], [2, 2], [3, 1]],860,109,821,83
700730,7,133,124,[9, 6, 11, 3, 5, 8],[[2, 3], [3, 3], [1, 2], [1, 3], [2, 2], [3, 1]],876,94,872,81
700820,7,133,124,[9, 6, 11, 3, 5, 8],[[2, 3], [3, 3], [1, 2], [1, 3], [2, 2], [3, 1]],886,84,895,88
700868,7,133,124,[9, 6, 11, 3, 5, 8],[[2, 3], [3, 3], [1, 2], [1, 3], [2, 2], [3, 1]],873,82,895,91
700911,7,133,124,[9, 6, 11, 3, 5, 8],[[2, 3], [3, 3], [1, 2], [1, 3], [2, 2], [3, 1]],892,85,891,102
700982,7,133,124,[9, 6, 11, 3, 5, 8],[[2, 3], [3, 3], [1, 2], [1, 3], [2, 2], [3, 1]],892,97,855,137
701046,7,133,124,[9, 6, 11, 3, 5, 8],[[2, 3], [3, 3], [1, 2], [1, 3], [2, 2], [3, 1]],916,91,863,159
701101,7,134,89,[7, 12, 10, 2, 5, 8],[[1, 3], [2, 3], [3, 2], [3, 3], [1, 2], [2, 1]],894,104,898,177
701177,7,134,89,[7, 12, 10, 2, 5, 8],[[1, 3], [2, 3], [3, 2], [3, 3], [1, 2], [2, 1]],880,113,926,177
701211,7,134,89,[7, 12, 10, 2, 5, 8],[[1, 3], [2, 3], [3, 2], [3, 3], [1, 2], [2, 1]],870,110,927,177
701278,7,134,89,[7, 12, 10, 2, 5, 8],[[1, 3], [2, 3], [3, 2], [3, 3], [1, 2], [2, 1]],852,111,932,150
701325,7,134,89,[7, 12, 10, 2, 5, 8],[[1, 3], [2, 3], [3, 2], [3, 3], [1, 2], [2, 1]],849,108,934,124
701371,7,134,89,[7, 12, 10, 2, 5, 8],[[1, 3], [2, 3], [3, 2], [3, 3], [1, 2], [2, 1]],875,71,934,113
701416,7,134,89,[7, 12, 10, 2, 5, 8],[[1, 3], [2, 3], [3, 2], [3, 3], [1, 2], [2, 1]],892,92,934,102
701458,7,134,89,[7, 12, 10, 2, 5, 8],[[1, 3], [2, 3], [3, 2], [3, 3], [1, 2], [2, 1]],906,98,931,92
701518,7,134,89,[7, 12, 10, 2, 5, 8],[[1, 3], [2, 3], [3, 2], [3, 3], [1, 2], [2, 1]],924,74,930,85
701565,7,134,89,[7, 12, 10, 2, 5, 8],[[1, 3], [2, 3], [3, 2], [3, 3], [1, 2], [2, 1]],919,75,930,82
701607,7,134,89,[7, 12, 10, 2, 5, 8],[[1, 3], [2, 3], [3, 2], [3, 3], [1, 2], [2, 1]],918,60,930,77
701654,7,134,89,[7, 12, 10, 2, 5, 8],[[1, 3], [2, 3], [3, 2], [3, 3], [1, 2], [2, 1]],910,60,930,75
701708,7,134,89,[7, 12, 10, 2, 5, 8],[[1, 3], [2, 3], [3, 2], [3, 3], [1, 2], [2, 1]],941,120,930,75
701766,7,134,89,[7, 12, 10, 2, 5, 8],[[1, 3], [2, 3], [3, 2], [3, 3], [1, 2], [2, 1]],906,137,935,77
701825,7,134,89,[7, 12, 10, 2, 5, 8],[[1, 3], [2, 3], [3, 2], [3, 3], [1, 2], [2, 1]],907,147,943,81
701883,7,134,89,[7, 12, 10, 2, 5, 8],[[1, 3], [2, 3], [3, 2], [3, 3], [1, 2], [2, 1]],904,143,954,82
701952,7,134,89,[7, 12, 10, 2, 5, 8],[[1, 3], [2, 3], [3, 2], [3, 3], [1, 2], [2, 1]],910,166,963,82
702019,7,134,89,[7, 12, 10, 2, 5, 8],[[1, 3], [2, 3], [3, 2], [3, 3], [1, 2], [2, 1]],938,143,963,82
702069,7,134,89,[7, 12, 10, 2, 5, 8],[[1, 3], [2, 3], [3, 2], [3, 3], [1, 2], [2, 1]],939,123,948,86
702122,7,134,89,[7, 12, 10, 2, 5, 8],[[1, 3], [2, 3], [3, 2], [3, 3], [1, 2], [2, 1]],950,133,935,93
702175,7,134,89,[7, 12, 10, 2, 5, 8],[[1, 3], [2, 3], [3, 2], [3, 3], [1, 2], [2, 1]],933,125,922,98
702234,7,134,89,[7, 12, 10, 2, 5, 8],[[1, 3], [2, 3], [3, 2], [3, 3], [1, 2], [2, 1]],941,118,893,109
702288,7,134,89,[7, 12, 10, 2, 5, 8],[[1, 3], [2, 3], [3, 2], [3, 3], [1, 2], [2, 1]],941,141,890,112
702365,7,134,89,[7, 12, 10, 2, 5, 8],[[1, 3], [2, 3], [3, 2], [3, 3], [1, 2], [2, 1]],938,148,887,117
702451,7,134,89,[7, 12, 10, 2, 5, 8],[[1, 3], [2, 3], [3, 2], [3, 3], [1, 2], [2, 1]],953,145,890,120
702511,7,134,89,[7, 12, 10, 2, 5, 8],[[1, 3], [2, 3], [3, 2], [3, 3], [1, 2], [2, 1]],970,131,894,124
702594,7,134,89,[7, 12, 10, 2, 5, 8],[[1, 3], [2, 3], [3, 2], [3, 3], [1, 2], [2, 1]],997,144,894,124
702658,7,134,89,[7, 12, 10, 2, 5, 8],[[1, 3], [2, 3], [3, 2], [3, 3], [1, 2], [2, 1]],995,161,896,124
702736,7,134,89,[7, 12, 10, 2, 5, 8],[[1, 3], [2, 3], [3, 2], [3, 3], [1, 2], [2, 1]],971,162,945,128
702836,7,134,89,[7, 12, 10, 2, 5, 8],[[1, 3], [2, 3], [3, 2], [3, 3], [1, 2], [2, 1]],955,154,950,136
702889,7,134,89,[7, 12, 10, 2, 5, 8],[[1, 3], [2, 3], [3, 2], [3, 3], [1, 2], [2, 1]],940,185,950,147
702953,7,134,89,[7, 12, 10, 2, 5, 8],[[1, 3], [2, 3], [3, 2], [3, 3], [1, 2], [2, 1]],976,201,966,151
703035,7,134,89,[7, 12, 10, 2, 5, 8],[[1, 3], [2, 3], [3, 2], [3, 3], [1, 2], [2, 1]],958,251,989,152
703074,7,134,89,[7, 12, 10, 2, 5, 8],[[1, 3], [2, 3], [3, 2], [3, 3], [1, 2], [2, 1]],950,258,992,160
703116,7,134,89,[7, 12, 10, 2, 5, 8],[[1, 3], [2, 3], [3, 2], [3, 3], [1, 2], [2, 1]],932,258,991,169
703161,7,134,89,[7, 12, 10, 2, 5, 8],[[1, 3], [2, 3], [3, 2], [3, 3], [1, 2], [2, 1]],931,258,989,171
703229,7,134,89,[7, 12, 10, 2, 5, 8],[[1, 3], [2, 3], [3, 2], [3, 3], [1, 2], [2, 1]],912,242,986,170
703276,7,134,89,[7, 12, 10, 2, 5, 8],[[1, 3], [2, 3], [3, 2], [3, 3], [1, 2], [2, 1]],936,273,975,163
703362,7,134,89,[7, 12, 10, 2, 5, 8],[[1, 3], [2, 3], [3, 2], [3, 3], [1, 2], [2, 1]],948,284,960,191
703408,7,134,89,[7, 12, 10, 2, 5, 8],[[1, 3], [2, 3], [3, 2], [3, 3], [1, 2], [2, 1]],963,269,945,246
703448,7,134,89,[7, 12, 10, 2, 5, 8],[[1, 3], [2, 3], [3, 2], [3, 3], [1, 2], [2, 1]],934,263,935,261
703493,7,134,89,[7, 12, 10, 2, 5, 8],[[1, 3], [2, 3], [3, 2], [3, 3], [1, 2], [2, 1]],916,277,923,262
703543,7,134,89,[7, 12, 10, 2, 5, 8],[[1, 3], [2, 3], [3, 2], [3, 3], [1, 2], [2, 1]],922,257,914,262
703583,7,134,89,[7, 12, 10, 2, 5, 8],[[1, 3], [2, 3], [3, 2], [3, 3], [1, 2], [2, 1]],894,244,908,266
703636,7,134,89,[7, 12, 10, 2, 5, 8],[[1, 3], [2, 3], [3, 2], [3, 3], [1, 2], [2, 1]],883,261,921,311
703695,7,134,89,[7, 12, 10, 2, 5, 8],[[1, 3], [2, 3], [3, 2], [3, 3], [1, 2], [2, 1]],873,241,929,324
703738,7,134,89,[7, 12, 10, 2, 5, 8],[[1, 3], [2, 3], [3, 2], [3, 3], [1, 2], [2, 1]],880,270,929,324
703797,7,134,89,[7, 12, 10, 2, 5, 8],[[1, 3], [2, 3], [3, 2], [3, 3], [1, 2], [2, 1]],872,274,929,320
703845,7,134,89,[7, 12, 10, 2, 5, 8],[[1, 3], [2, 3], [3, 2], [3, 3], [1, 2], [2, 1]],885,271,913,299
703889,7,134,89,[7, 12, 10, 2, 5, 8],[[1, 3], [2, 3], [3, 2], [3, 3], [1, 2], [2, 1]],880,270,912,271
703936,7,134,89,[7, 12, 10, 2, 5, 8],[[1, 3], [2, 3], [3, 2], [3, 3], [1, 2], [2, 1]],914,292,908,221
703977,7,134,89,[7, 12, 10, 2, 5, 8],[[1, 3], [2, 3], [3, 2], [3, 3], [1, 2], [2, 1]],919,309,900,184
704025,7,134,89,[7, 12, 10, 2, 5, 8],[[1, 3], [2, 3], [3, 2], [3, 3], [1, 2], [2, 1]],908,308,895,171
704064,7,134,89,[7, 12, 10, 2, 5, 8],[[1, 3], [2, 3], [3, 2], [3, 3], [1, 2], [2, 1]],900,291,894,171
704144,7,134,89,[7, 12, 10, 2, 5, 8],[[1, 3], [2, 3], [3, 2], [3, 3], [1, 2], [2, 1]],899,283,895,275
704209,7,134,89,[7, 12, 10, 2, 5, 8],[[1, 3], [2, 3], [3, 2], [3, 3], [1, 2], [2, 1]],904,284,885,312
704256,7,134,89,[7, 12, 10, 2, 5, 8],[[1, 3], [2, 3], [3, 2], [3, 3], [1, 2], [2, 1]],901,264,885,321
704308,7,134,89,[7, 12, 10, 2, 5, 8],[[1, 3], [2, 3], [3, 2], [3, 3], [1, 2], [2, 1]],886,232,879,327
704355,7,134,89,[7, 12, 10, 2, 5, 8],[[1, 3], [2, 3], [3, 2], [3, 3], [1, 2], [2, 1]],886,238,878,331
704402,7,134,89,[7, 12, 10, 2, 5, 8],[[1, 3], [2, 3], [3, 2], [3, 3], [1, 2], [2, 1]],879,232,881,332
704456,7,134,89,[7, 12, 10, 2, 5, 8],[[1, 3], [2, 3], [3, 2], [3, 3], [1, 2], [2, 1]],882,242,918,335
704526,7,134,89,[7, 12, 10, 2, 5, 8],[[1, 3], [2, 3], [3, 2], [3, 3], [1, 2], [2, 1]],894,232,994,327
704585,7,134,89,[7, 12, 10, 2, 5, 8],[[1, 3], [2, 3], [3, 2], [3, 3], [1, 2], [2, 1]],916,233,994,327
704668,7,134,89,[7, 12, 10, 2, 5, 8],[[1, 3], [2, 3], [3, 2], [3, 3], [1, 2], [2, 1]],934,236,983,328
704772,7,134,89,[7, 12, 10, 2, 5, 8],[[1, 3], [2, 3], [3, 2], [3, 3], [1, 2], [2, 1]],912,241,930,290
704823,7,134,89,[7, 12, 10, 2, 5, 8],[[1, 3], [2, 3], [3, 2], [3, 3], [1, 2], [2, 1]],934,244,918,273
704906,7,134,89,[7, 12, 10, 2, 5, 8],[[1, 3], [2, 3], [3, 2], [3, 3], [1, 2], [2, 1]],926,236,916,236
704954,7,134,89,[7, 12, 10, 2, 5, 8],[[1, 3], [2, 3], [3, 2], [3, 3], [1, 2], [2, 1]],879,246,932,200
705015,7,134,89,[7, 12, 10, 2, 5, 8],[[1, 3], [2, 3], [3, 2], [3, 3], [1, 2], [2, 1]],903,243,936,196
705086,7,134,89,[7, 12, 10, 2, 5, 8],[[1, 3], [2, 3], [3, 2], [3, 3], [1, 2], [2, 1]],882,232,936,196
705148,7,135,77,[7, 12, 10, 2, 1, 4],[[1, 3], [2, 3], [1, 1], [1, 2], [2, 1], [3, 2]],863,240,936,196
705234,7,135,77,[7, 12, 10, 2, 1, 4],[[1, 3], [2, 3], [1, 1], [1, 2], [2, 1], [3, 2]],849,226,936,196
705297,7,135,77,[7, 12, 10, 2, 1, 4],[[1, 3], [2, 3], [1, 1], [1, 2], [2, 1], [3, 2]],844,222,936,225
705358,7,135,77,[7, 12, 10, 2, 1, 4],[[1, 3], [2, 3], [1, 1], [1, 2], [2, 1], [3, 2]],856,231,936,231
705422,7,135,77,[7, 12, 10, 2, 1, 4],[[1, 3], [2, 3], [1, 1], [1, 2], [2, 1], [3, 2]],849,229,935,233
705489,7,135,77,[7, 12, 10, 2, 1, 4],[[1, 3], [2, 3], [1, 1], [1, 2], [2, 1], [3, 2]],882,215,906,250
705548,7,135,77,[7, 12, 10, 2, 1, 4],[[1, 3], [2, 3], [1, 1], [1, 2], [2, 1], [3, 2]],879,220,905,250
705592,7,135,77,[7, 12, 10, 2, 1, 4],[[1, 3], [2, 3], [1, 1], [1, 2], [2, 1], [3, 2]],877,208,905,250
705638,7,135,77,[7, 12, 10, 2, 1, 4],[[1, 3], [2, 3], [1, 1], [1, 2], [2, 1], [3, 2]],890,215,898,254
705697,7,135,77,[7, 12, 10, 2, 1, 4],[[1, 3], [2, 3], [1, 1], [1, 2], [2, 1], [3, 2]],878,204,874,246
705744,7,135,77,[7, 12, 10, 2, 1, 4],[[1, 3], [2, 3], [1, 1], [1, 2], [2, 1], [3, 2]],902,208,811,215
705785,7,135,77,[7, 12, 10, 2, 1, 4],[[1, 3], [2, 3], [1, 1], [1, 2], [2, 1], [3, 2]],890,192,744,199
705829,7,135,77,[7, 12, 10, 2, 1, 4],[[1, 3], [2, 3], [1, 1], [1, 2], [2, 1], [3, 2]],884,165,724,192
705881,7,135,77,[7, 12, 10, 2, 1, 4],[[1, 3], [2, 3], [1, 1], [1, 2], [2, 1], [3, 2]],890,147,723,189
705935,7,135,77,[7, 12, 10, 2, 1, 4],[[1, 3], [2, 3], [1, 1], [1, 2], [2, 1], [3, 2]],883,151,727,178
705993,7,135,77,[7, 12, 10, 2, 1, 4],[[1, 3], [2, 3], [1, 1], [1, 2], [2, 1], [3, 2]],869,133,776,163
706056,7,135,77,[7, 12, 10, 2, 1, 4],[[1, 3], [2, 3], [1, 1], [1, 2], [2, 1], [3, 2]],873,122,843,170
706121,7,135,77,[7, 12, 10, 2, 1, 4],[[1, 3], [2, 3], [1, 1], [1, 2], [2, 1], [3, 2]],871,138,853,173
706177,7,135,77,[7, 12, 10, 2, 1, 4],[[1, 3], [2, 3], [1, 1], [1, 2], [2, 1], [3, 2]],882,148,878,164
706234,7,135,77,[7, 12, 10, 2, 1, 4],[[1, 3], [2, 3], [1, 1], [1, 2], [2, 1], [3, 2]],880,158,889,151
706289,7,135,77,[7, 12, 10, 2, 1, 4],[[1, 3], [2, 3], [1, 1], [1, 2], [2, 1], [3, 2]],866,182,883,141
706378,7,135,77,[7, 12, 10, 2, 1, 4],[[1, 3], [2, 3], [1, 1], [1, 2], [2, 1], [3, 2]],896,150,866,128
706437,7,135,77,[7, 12, 10, 2, 1, 4],[[1, 3], [2, 3], [1, 1], [1, 2], [2, 1], [3, 2]],886,191,844,110
706505,7,135,77,[7, 12, 10, 2, 1, 4],[[1, 3], [2, 3], [1, 1], [1, 2], [2, 1], [3, 2]],909,184,843,110
706554,7,135,77,[7, 12, 10, 2, 1, 4],[[1, 3], [2, 3], [1, 1], [1, 2], [2, 1], [3, 2]],939,168,843,99
706593,7,135,77,[7, 12, 10, 2, 1, 4],[[1, 3], [2, 3], [1, 1], [1, 2], [2, 1], [3, 2]],956,143,847,97
706677,7,135,77,[7, 12, 10, 2, 1, 4],[[1, 3], [2, 3], [1, 1], [1, 2], [2, 1], [3, 2]],981,132,862,99
706742,7,135,77,[7, 12, 10, 2, 1, 4],[[1, 3], [2, 3], [1, 1], [1, 2], [2, 1], [3, 2]],981,124,872,107
706826,7,135,77,[7, 12, 10, 2, 1, 4],[[1, 3], [2, 3], [1, 1], [1, 2], [2, 1], [3, 2]],955,122,900,135
706890,7,135,77,[7, 12, 10, 2, 1, 4],[[1, 3], [2, 3], [1, 1], [1, 2], [2, 1], [3, 2]],931,123,939,159
706938,7,135,77,[7, 12, 10, 2, 1, 4],[[1, 3], [2, 3], [1, 1], [1, 2], [2, 1], [3, 2]],937,107,954,149
706979,7,135,77,[7, 12, 10, 2, 1, 4],[[1, 3], [2, 3], [1, 1], [1, 2], [2, 1], [3, 2]],926,97,990,129
707026,7,135,77,[7, 12, 10, 2, 1, 4],[[1, 3], [2, 3], [1, 1], [1, 2], [2, 1], [3, 2]],937,93,1006,119
707067,7,135,77,[7, 12, 10, 2, 1, 4],[[1, 3], [2, 3], [1, 1], [1, 2], [2, 1], [3, 2]],936,100,1001,108
707115,7,135,77,[7, 12, 10, 2, 1, 4],[[1, 3], [2, 3], [1, 1], [1, 2], [2, 1], [3, 2]],933,96,986,101
707160,7,135,77,[7, 12, 10, 2, 1, 4],[[1, 3], [2, 3], [1, 1], [1, 2], [2, 1], [3, 2]],943,88,965,93
707216,7,135,77,[7, 12, 10, 2, 1, 4],[[1, 3], [2, 3], [1, 1], [1, 2], [2, 1], [3, 2]],948,94,927,69
707272,7,135,77,[7, 12, 10, 2, 1, 4],[[1, 3], [2, 3], [1, 1], [1, 2], [2, 1], [3, 2]],959,87,918,57
707327,7,135,77,[7, 12, 10, 2, 1, 4],[[1, 3], [2, 3], [1, 1], [1, 2], [2, 1], [3, 2]],948,91,910,50
707367,7,135,77,[7, 12, 10, 2, 1, 4],[[1, 3], [2, 3], [1, 1], [1, 2], [2, 1], [3, 2]],934,85,910,50
707415,7,135,77,[7, 12, 10, 2, 1, 4],[[1, 3], [2, 3], [1, 1], [1, 2], [2, 1], [3, 2]],939,89,910,46
707487,7,135,77,[7, 12, 10, 2, 1, 4],[[1, 3], [2, 3], [1, 1], [1, 2], [2, 1], [3, 2]],965,101,920,41
707537,7,135,77,[7, 12, 10, 2, 1, 4],[[1, 3], [2, 3], [1, 1], [1, 2], [2, 1], [3, 2]],936,109,961,55
707593,7,135,77,[7, 12, 10, 2, 1, 4],[[1, 3], [2, 3], [1, 1], [1, 2], [2, 1], [3, 2]],932,99,978,68
707661,7,135,77,[7, 12, 10, 2, 1, 4],[[1, 3], [2, 3], [1, 1], [1, 2], [2, 1], [3, 2]],935,74,979,99
707714,7,135,77,[7, 12, 10, 2, 1, 4],[[1, 3], [2, 3], [1, 1], [1, 2], [2, 1], [3, 2]],931,43,977,112
707767,7,135,77,[7, 12, 10, 2, 1, 4],[[1, 3], [2, 3], [1, 1], [1, 2], [2, 1], [3, 2]],952,89,969,117
707829,7,135,77,[7, 12, 10, 2, 1, 4],[[1, 3], [2, 3], [1, 1], [1, 2], [2, 1], [3, 2]],940,77,952,129
707882,7,135,77,[7, 12, 10, 2, 1, 4],[[1, 3], [2, 3], [1, 1], [1, 2], [2, 1], [3, 2]],962,99,927,145
707944,7,135,77,[7, 12, 10, 2, 1, 4],[[1, 3], [2, 3], [1, 1], [1, 2], [2, 1], [3, 2]],942,97,917,151
708000,7,135,77,[7, 12, 10, 2, 1, 4],[[1, 3], [2, 3], [1, 1], [1, 2], [2, 1], [3, 2]],926,102,896,147
708068,7,135,77,[7, 12, 10, 2, 1, 4],[[1, 3], [2, 3], [1, 1], [1, 2], [2, 1], [3, 2]],948,124,849,123
708134,7,135,77,[7, 12, 10, 2, 1, 4],[[1, 3], [2, 3], [1, 1], [1, 2], [2, 1], [3, 2]],939,114,853,93
708192,7,135,77,[7, 12, 10, 2, 1, 4],[[1, 3], [2, 3], [1, 1], [1, 2], [2, 1], [3, 2]],944,111,895,66
708239,7,135,77,[7, 12, 10, 2, 1, 4],[[1, 3], [2, 3], [1, 1], [1, 2], [2, 1], [3, 2]],927,111,904,65
708279,7,135,77,[7, 12, 10, 2, 1, 4],[[1, 3], [2, 3], [1, 1], [1, 2], [2, 1], [3, 2]],929,106,909,67
708330,7,135,77,[7, 12, 10, 2, 1, 4],[[1, 3], [2, 3], [1, 1], [1, 2], [2, 1], [3, 2]],940,109,917,72
708407,7,135,77,[7, 12, 10, 2, 1, 4],[[1, 3], [2, 3], [1, 1], [1, 2], [2, 1], [3, 2]],973,121,933,84
708488,7,135,77,[7, 12, 10, 2, 1, 4],[[1, 3], [2, 3], [1, 1], [1, 2], [2, 1], [3, 2]],957,90,940,95
708562,7,135,77,[7, 12, 10, 2, 1, 4],[[1, 3], [2, 3], [1, 1], [1, 2], [2, 1], [3, 2]],941,111,941,112
708615,7,135,77,[7, 12, 10, 2, 1, 4],[[1, 3], [2, 3], [1, 1], [1, 2], [2, 1], [3, 2]],935,116,941,120
708668,7,135,77,[7, 12, 10, 2, 1, 4],[[1, 3], [2, 3], [1, 1], [1, 2], [2, 1], [3, 2]],935,132,941,127
708722,7,135,77,[7, 12, 10, 2, 1, 4],[[1, 3], [2, 3], [1, 1], [1, 2], [2, 1], [3, 2]],937,104,940,128
708771,7,135,77,[7, 12, 10, 2, 1, 4],[[1, 3], [2, 3], [1, 1], [1, 2], [2, 1], [3, 2]],952,105,940,128
708829,7,135,77,[7, 12, 10, 2, 1, 4],[[1, 3], [2, 3], [1, 1], [1, 2], [2, 1], [3, 2]],950,112,940,128
708889,7,135,77,[7, 12, 10, 2, 1, 4],[[1, 3], [2, 3], [1, 1], [1, 2], [2, 1], [3, 2]],958,87,940,128
708936,7,135,77,[7, 12, 10, 2, 1, 4],[[1, 3], [2, 3], [1, 1], [1, 2], [2, 1], [3, 2]],937,79,940,128
708986,7,135,77,[7, 12, 10, 2, 1, 4],[[1, 3], [2, 3], [1, 1], [1, 2], [2, 1], [3, 2]],941,115,937,128
709031,7,135,77,[7, 12, 10, 2, 1, 4],[[1, 3], [2, 3], [1, 1], [1, 2], [2, 1], [3, 2]],946,131,936,128
709073,7,135,77,[7, 12, 10, 2, 1, 4],[[1, 3], [2, 3], [1, 1], [1, 2], [2, 1], [3, 2]],933,112,936,128
709120,7,135,77,[7, 12, 10, 2, 1, 4],[[1, 3], [2, 3], [1, 1], [1, 2], [2, 1], [3, 2]],913,109,936,128
709171,7,135,77,[7, 12, 10, 2, 1, 4],[[1, 3], [2, 3], [1, 1], [1, 2], [2, 1], [3, 2]],923,83,936,128
709217,7,136,140,[9, 6, 11, 3, 1, 4],[[2, 3], [3, 3], [3, 1], [3, 2], [1, 1], [2, 2]],947,71,936,128
709292,7,136,140,[9, 6, 11, 3, 1, 4],[[2, 3], [3, 3], [3, 1], [3, 2], [1, 1], [2, 2]],960,88,936,128
709361,7,136,140,[9, 6, 11, 3, 1, 4],[[2, 3], [3, 3], [3, 1], [3, 2], [1, 1], [2, 2]],969,76,936,128
709415,7,136,140,[9, 6, 11, 3, 1, 4],[[2, 3], [3, 3], [3, 1], [3, 2], [1, 1], [2, 2]],989,74,935,128
709469,7,136,140,[9, 6, 11, 3, 1, 4],[[2, 3], [3, 3], [3, 1], [3, 2], [1, 1], [2, 2]],968,93,928,123
709525,7,136,140,[9, 6, 11, 3, 1, 4],[[2, 3], [3, 3], [3, 1], [3, 2], [1, 1], [2, 2]],964,95,924,121
709573,7,136,140,[9, 6, 11, 3, 1, 4],[[2, 3], [3, 3], [3, 1], [3, 2], [1, 1], [2, 2]],941,97,923,120
709634,7,136,140,[9, 6, 11, 3, 1, 4],[[2, 3], [3, 3], [3, 1], [3, 2], [1, 1], [2, 2]],935,94,923,120
709678,7,136,140,[9, 6, 11, 3, 1, 4],[[2, 3], [3, 3], [3, 1], [3, 2], [1, 1], [2, 2]],953,108,923,120
709723,7,136,140,[9, 6, 11, 3, 1, 4],[[2, 3], [3, 3], [3, 1], [3, 2], [1, 1], [2, 2]],955,98,923,120
709771,7,136,140,[9, 6, 11, 3, 1, 4],[[2, 3], [3, 3], [3, 1], [3, 2], [1, 1], [2, 2]],968,120,923,120
709816,7,136,140,[9, 6, 11, 3, 1, 4],[[2, 3], [3, 3], [3, 1], [3, 2], [1, 1], [2, 2]],975,103,923,120
709863,7,136,140,[9, 6, 11, 3, 1, 4],[[2, 3], [3, 3], [3, 1], [3, 2], [1, 1], [2, 2]],961,94,923,120
709927,7,136,140,[9, 6, 11, 3, 1, 4],[[2, 3], [3, 3], [3, 1], [3, 2], [1, 1], [2, 2]],954,95,923,120
709981,7,136,140,[9, 6, 11, 3, 1, 4],[[2, 3], [3, 3], [3, 1], [3, 2], [1, 1], [2, 2]],960,95,931,113
710045,7,136,140,[9, 6, 11, 3, 1, 4],[[2, 3], [3, 3], [3, 1], [3, 2], [1, 1], [2, 2]],940,118,955,104
710124,7,136,140,[9, 6, 11, 3, 1, 4],[[2, 3], [3, 3], [3, 1], [3, 2], [1, 1], [2, 2]],976,116,982,118
710198,7,136,140,[9, 6, 11, 3, 1, 4],[[2, 3], [3, 3], [3, 1], [3, 2], [1, 1], [2, 2]],961,110,989,123
710275,7,136,140,[9, 6, 11, 3, 1, 4],[[2, 3], [3, 3], [3, 1], [3, 2], [1, 1], [2, 2]],972,131,1001,117
710338,7,136,140,[9, 6, 11, 3, 1, 4],[[2, 3], [3, 3], [3, 1], [3, 2], [1, 1], [2, 2]],992,103,1006,112
710401,7,136,140,[9, 6, 11, 3, 1, 4],[[2, 3], [3, 3], [3, 1], [3, 2], [1, 1], [2, 2]],956,107,1002,109
710454,7,136,140,[9, 6, 11, 3, 1, 4],[[2, 3], [3, 3], [3, 1], [3, 2], [1, 1], [2, 2]],933,100,995,108
710507,7,136,140,[9, 6, 11, 3, 1, 4],[[2, 3], [3, 3], [3, 1], [3, 2], [1, 1], [2, 2]],953,94,970,110
710559,7,136,140,[9, 6, 11, 3, 1, 4],[[2, 3], [3, 3], [3, 1], [3, 2], [1, 1], [2, 2]],949,101,956,112
710617,7,136,140,[9, 6, 11, 3, 1, 4],[[2, 3], [3, 3], [3, 1], [3, 2], [1, 1], [2, 2]],912,91,944,109
710670,7,136,140,[9, 6, 11, 3, 1, 4],[[2, 3], [3, 3], [3, 1], [3, 2], [1, 1], [2, 2]],892,94,930,107
710724,7,136,140,[9, 6, 11, 3, 1, 4],[[2, 3], [3, 3], [3, 1], [3, 2], [1, 1], [2, 2]],875,123,916,100
710798,7,136,140,[9, 6, 11, 3, 1, 4],[[2, 3], [3, 3], [3, 1], [3, 2], [1, 1], [2, 2]],873,119,906,93
710852,7,136,140,[9, 6, 11, 3, 1, 4],[[2, 3], [3, 3], [3, 1], [3, 2], [1, 1], [2, 2]],855,124,903,87
710928,7,136,140,[9, 6, 11, 3, 1, 4],[[2, 3], [3, 3], [3, 1], [3, 2], [1, 1], [2, 2]],846,115,906,81
711005,7,136,140,[9, 6, 11, 3, 1, 4],[[2, 3], [3, 3], [3, 1], [3, 2], [1, 1], [2, 2]],864,113,929,83
711074,7,136,140,[9, 6, 11, 3, 1, 4],[[2, 3], [3, 3], [3, 1], [3, 2], [1, 1], [2, 2]],870,118,939,92
711126,7,136,140,[9, 6, 11, 3, 1, 4],[[2, 3], [3, 3], [3, 1], [3, 2], [1, 1], [2, 2]],863,141,941,103
711193,7,136,140,[9, 6, 11, 3, 1, 4],[[2, 3], [3, 3], [3, 1], [3, 2], [1, 1], [2, 2]],848,147,932,112
711274,7,136,140,[9, 6, 11, 3, 1, 4],[[2, 3], [3, 3], [3, 1], [3, 2], [1, 1], [2, 2]],866,164,897,115
711338,7,136,140,[9, 6, 11, 3, 1, 4],[[2, 3], [3, 3], [3, 1], [3, 2], [1, 1], [2, 2]],857,141,851,114
711377,7,136,140,[9, 6, 11, 3, 1, 4],[[2, 3], [3, 3], [3, 1], [3, 2], [1, 1], [2, 2]],826,112,840,114
711459,7,136,140,[9, 6, 11, 3, 1, 4],[[2, 3], [3, 3], [3, 1], [3, 2], [1, 1], [2, 2]],815,115,828,113
711528,7,136,140,[9, 6, 11, 3, 1, 4],[[2, 3], [3, 3], [3, 1], [3, 2], [1, 1], [2, 2]],809,124,826,113
711579,7,136,140,[9, 6, 11, 3, 1, 4],[[2, 3], [3, 3], [3, 1], [3, 2], [1, 1], [2, 2]],819,134,814,107
711639,7,136,140,[9, 6, 11, 3, 1, 4],[[2, 3], [3, 3], [3, 1], [3, 2], [1, 1], [2, 2]],806,142,809,105
711701,7,136,140,[9, 6, 11, 3, 1, 4],[[2, 3], [3, 3], [3, 1], [3, 2], [1, 1], [2, 2]],795,148,807,103
711752,7,136,140,[9, 6, 11, 3, 1, 4],[[2, 3], [3, 3], [3, 1], [3, 2], [1, 1], [2, 2]],786,178,806,103
711806,7,136,140,[9, 6, 11, 3, 1, 4],[[2, 3], [3, 3], [3, 1], [3, 2], [1, 1], [2, 2]],799,207,806,99
711874,7,136,140,[9, 6, 11, 3, 1, 4],[[2, 3], [3, 3], [3, 1], [3, 2], [1, 1], [2, 2]],826,203,822,105
711916,7,136,140,[9, 6, 11, 3, 1, 4],[[2, 3], [3, 3], [3, 1], [3, 2], [1, 1], [2, 2]],799,211,829,108
711973,7,136,140,[9, 6, 11, 3, 1, 4],[[2, 3], [3, 3], [3, 1], [3, 2], [1, 1], [2, 2]],779,219,841,113
712019,7,136,140,[9, 6, 11, 3, 1, 4],[[2, 3], [3, 3], [3, 1], [3, 2], [1, 1], [2, 2]],784,227,854,119
712063,7,136,140,[9, 6, 11, 3, 1, 4],[[2, 3], [3, 3], [3, 1], [3, 2], [1, 1], [2, 2]],760,223,857,123
712113,7,136,140,[9, 6, 11, 3, 1, 4],[[2, 3], [3, 3], [3, 1], [3, 2], [1, 1], [2, 2]],765,227,871,130
712158,7,136,140,[9, 6, 11, 3, 1, 4],[[2, 3], [3, 3], [3, 1], [3, 2], [1, 1], [2, 2]],754,210,879,137
712208,7,136,140,[9, 6, 11, 3, 1, 4],[[2, 3], [3, 3], [3, 1], [3, 2], [1, 1], [2, 2]],750,221,881,141
712249,7,136,140,[9, 6, 11, 3, 1, 4],[[2, 3], [3, 3], [3, 1], [3, 2], [1, 1], [2, 2]],761,253,881,152
712307,7,136,140,[9, 6, 11, 3, 1, 4],[[2, 3], [3, 3], [3, 1], [3, 2], [1, 1], [2, 2]],778,246,868,191
712360,7,136,140,[9, 6, 11, 3, 1, 4],[[2, 3], [3, 3], [3, 1], [3, 2], [1, 1], [2, 2]],768,244,851,202
712418,7,136,140,[9, 6, 11, 3, 1, 4],[[2, 3], [3, 3], [3, 1], [3, 2], [1, 1], [2, 2]],762,250,791,210
712481,7,136,140,[9, 6, 11, 3, 1, 4],[[2, 3], [3, 3], [3, 1], [3, 2], [1, 1], [2, 2]],760,230,744,208
712536,7,136,140,[9, 6, 11, 3, 1, 4],[[2, 3], [3, 3], [3, 1], [3, 2], [1, 1], [2, 2]],775,223,735,227
712597,7,136,140,[9, 6, 11, 3, 1, 4],[[2, 3], [3, 3], [3, 1], [3, 2], [1, 1], [2, 2]],789,230,731,278
712695,7,136,140,[9, 6, 11, 3, 1, 4],[[2, 3], [3, 3], [3, 1], [3, 2], [1, 1], [2, 2]],814,236,723,299
712753,7,136,140,[9, 6, 11, 3, 1, 4],[[2, 3], [3, 3], [3, 1], [3, 2], [1, 1], [2, 2]],812,226,704,302
712811,7,136,140,[9, 6, 11, 3, 1, 4],[[2, 3], [3, 3], [3, 1], [3, 2], [1, 1], [2, 2]],795,229,693,299
712875,7,136,140,[9, 6, 11, 3, 1, 4],[[2, 3], [3, 3], [3, 1], [3, 2], [1, 1], [2, 2]],772,227,691,299
712933,7,136,140,[9, 6, 11, 3, 1, 4],[[2, 3], [3, 3], [3, 1], [3, 2], [1, 1], [2, 2]],749,209,691,299
712986,7,136,140,[9, 6, 11, 3, 1, 4],[[2, 3], [3, 3], [3, 1], [3, 2], [1, 1], [2, 2]],758,178,691,299
713072,7,136,140,[9, 6, 11, 3, 1, 4],[[2, 3], [3, 3], [3, 1], [3, 2], [1, 1], [2, 2]],751,160,691,298
713138,7,136,140,[9, 6, 11, 3, 1, 4],[[2, 3], [3, 3], [3, 1], [3, 2], [1, 1], [2, 2]],741,171,691,298
713196,7,136,140,[9, 6, 11, 3, 1, 4],[[2, 3], [3, 3], [3, 1], [3, 2], [1, 1], [2, 2]],743,145,691,298
713261,7,137,143,[7, 12, 11, 3, 5, 8],[[2, 3], [3, 3], [3, 1], [3, 2], [1, 3], [2, 2]],757,150,691,298
713338,7,137,143,[7, 12, 11, 3, 5, 8],[[2, 3], [3, 3], [3, 1], [3, 2], [1, 3], [2, 2]],766,150,691,298
713400,7,137,143,[7, 12, 11, 3, 5, 8],[[2, 3], [3, 3], [3, 1], [3, 2], [1, 3], [2, 2]],785,156,691,298
713456,7,137,143,[7, 12, 11, 3, 5, 8],[[2, 3], [3, 3], [3, 1], [3, 2], [1, 3], [2, 2]],771,159,709,279
713509,7,137,143,[7, 12, 11, 3, 5, 8],[[2, 3], [3, 3], [3, 1], [3, 2], [1, 3], [2, 2]],772,167,748,249
713560,7,137,143,[7, 12, 11, 3, 5, 8],[[2, 3], [3, 3], [3, 1], [3, 2], [1, 3], [2, 2]],777,151,781,227
713613,7,137,143,[7, 12, 11, 3, 5, 8],[[2, 3], [3, 3], [3, 1], [3, 2], [1, 3], [2, 2]],777,143,852,181
713666,7,137,143,[7, 12, 11, 3, 5, 8],[[2, 3], [3, 3], [3, 1], [3, 2], [1, 3], [2, 2]],774,127,873,159
713719,7,137,143,[7, 12, 11, 3, 5, 8],[[2, 3], [3, 3], [3, 1], [3, 2], [1, 3], [2, 2]],767,121,880,150
713777,7,137,143,[7, 12, 11, 3, 5, 8],[[2, 3], [3, 3], [3, 1], [3, 2], [1, 3], [2, 2]],798,139,892,119
713840,7,137,143,[7, 12, 11, 3, 5, 8],[[2, 3], [3, 3], [3, 1], [3, 2], [1, 3], [2, 2]],809,145,890,106
713888,7,137,143,[7, 12, 11, 3, 5, 8],[[2, 3], [3, 3], [3, 1], [3, 2], [1, 3], [2, 2]],811,148,881,97
713949,7,137,143,[7, 12, 11, 3, 5, 8],[[2, 3], [3, 3], [3, 1], [3, 2], [1, 3], [2, 2]],814,144,847,88
713995,7,137,143,[7, 12, 11, 3, 5, 8],[[2, 3], [3, 3], [3, 1], [3, 2], [1, 3], [2, 2]],805,134,833,84
714036,7,137,143,[7, 12, 11, 3, 5, 8],[[2, 3], [3, 3], [3, 1], [3, 2], [1, 3], [2, 2]],815,116,818,84
714083,7,137,143,[7, 12, 11, 3, 5, 8],[[2, 3], [3, 3], [3, 1], [3, 2], [1, 3], [2, 2]],805,136,812,84
714124,7,137,143,[7, 12, 11, 3, 5, 8],[[2, 3], [3, 3], [3, 1], [3, 2], [1, 3], [2, 2]],821,115,811,84
714171,7,137,143,[7, 12, 11, 3, 5, 8],[[2, 3], [3, 3], [3, 1], [3, 2], [1, 3], [2, 2]],821,101,797,84
714229,7,137,143,[7, 12, 11, 3, 5, 8],[[2, 3], [3, 3], [3, 1], [3, 2], [1, 3], [2, 2]],810,103,796,84
714272,7,137,143,[7, 12, 11, 3, 5, 8],[[2, 3], [3, 3], [3, 1], [3, 2], [1, 3], [2, 2]],807,92,796,84
714330,7,137,143,[7, 12, 11, 3, 5, 8],[[2, 3], [3, 3], [3, 1], [3, 2], [1, 3], [2, 2]],794,96,797,92
714377,7,137,143,[7, 12, 11, 3, 5, 8],[[2, 3], [3, 3], [3, 1], [3, 2], [1, 3], [2, 2]],792,118,798,94
714422,7,137,143,[7, 12, 11, 3, 5, 8],[[2, 3], [3, 3], [3, 1], [3, 2], [1, 3], [2, 2]],839,107,798,95
714477,7,137,143,[7, 12, 11, 3, 5, 8],[[2, 3], [3, 3], [3, 1], [3, 2], [1, 3], [2, 2]],840,87,803,104
714535,7,137,143,[7, 12, 11, 3, 5, 8],[[2, 3], [3, 3], [3, 1], [3, 2], [1, 3], [2, 2]],848,93,803,109
714586,7,137,143,[7, 12, 11, 3, 5, 8],[[2, 3], [3, 3], [3, 1], [3, 2], [1, 3], [2, 2]],864,70,803,111
714663,7,137,143,[7, 12, 11, 3, 5, 8],[[2, 3], [3, 3], [3, 1], [3, 2], [1, 3], [2, 2]],870,87,803,111
714734,7,137,143,[7, 12, 11, 3, 5, 8],[[2, 3], [3, 3], [3, 1], [3, 2], [1, 3], [2, 2]],896,84,803,111
714788,7,137,143,[7, 12, 11, 3, 5, 8],[[2, 3], [3, 3], [3, 1], [3, 2], [1, 3], [2, 2]],878,40,803,111
714879,7,137,143,[7, 12, 11, 3, 5, 8],[[2, 3], [3, 3], [3, 1], [3, 2], [1, 3], [2, 2]],862,125,811,109
714946,7,137,143,[7, 12, 11, 3, 5, 8],[[2, 3], [3, 3], [3, 1], [3, 2], [1, 3], [2, 2]],872,131,920,103
715033,7,137,143,[7, 12, 11, 3, 5, 8],[[2, 3], [3, 3], [3, 1], [3, 2], [1, 3], [2, 2]],891,112,981,99
715090,7,137,143,[7, 12, 11, 3, 5, 8],[[2, 3], [3, 3], [3, 1], [3, 2], [1, 3], [2, 2]],884,103,981,99
715173,7,137,143,[7, 12, 11, 3, 5, 8],[[2, 3], [3, 3], [3, 1], [3, 2], [1, 3], [2, 2]],920,115,981,99
715235,7,137,143,[7, 12, 11, 3, 5, 8],[[2, 3], [3, 3], [3, 1], [3, 2], [1, 3], [2, 2]],886,107,981,99
715310,7,137,143,[7, 12, 11, 3, 5, 8],[[2, 3], [3, 3], [3, 1], [3, 2], [1, 3], [2, 2]],885,133,981,99
715380,7,137,143,[7, 12, 11, 3, 5, 8],[[2, 3], [3, 3], [3, 1], [3, 2], [1, 3], [2, 2]],888,135,969,103
715438,7,137,143,[7, 12, 11, 3, 5, 8],[[2, 3], [3, 3], [3, 1], [3, 2], [1, 3], [2, 2]],897,131,957,107
715491,7,137,143,[7, 12, 11, 3, 5, 8],[[2, 3], [3, 3], [3, 1], [3, 2], [1, 3], [2, 2]],907,127,956,107
715554,7,137,143,[7, 12, 11, 3, 5, 8],[[2, 3], [3, 3], [3, 1], [3, 2], [1, 3], [2, 2]],885,112,946,103
715607,7,137,143,[7, 12, 11, 3, 5, 8],[[2, 3], [3, 3], [3, 1], [3, 2], [1, 3], [2, 2]],893,121,945,103
715684,7,137,143,[7, 12, 11, 3, 5, 8],[[2, 3], [3, 3], [3, 1], [3, 2], [1, 3], [2, 2]],900,118,947,93
715747,7,137,143,[7, 12, 11, 3, 5, 8],[[2, 3], [3, 3], [3, 1], [3, 2], [1, 3], [2, 2]],898,115,947,93
715800,7,137,143,[7, 12, 11, 3, 5, 8],[[2, 3], [3, 3], [3, 1], [3, 2], [1, 3], [2, 2]],922,155,947,93
715854,7,137,143,[7, 12, 11, 3, 5, 8],[[2, 3], [3, 3], [3, 1], [3, 2], [1, 3], [2, 2]],951,199,947,93
715912,7,137,143,[7, 12, 11, 3, 5, 8],[[2, 3], [3, 3], [3, 1], [3, 2], [1, 3], [2, 2]],927,210,947,93
715956,7,137,143,[7, 12, 11, 3, 5, 8],[[2, 3], [3, 3], [3, 1], [3, 2], [1, 3], [2, 2]],927,194,947,94
716008,7,137,143,[7, 12, 11, 3, 5, 8],[[2, 3], [3, 3], [3, 1], [3, 2], [1, 3], [2, 2]],936,219,947,94
716051,7,137,143,[7, 12, 11, 3, 5, 8],[[2, 3], [3, 3], [3, 1], [3, 2], [1, 3], [2, 2]],926,210,945,94
716102,7,137,143,[7, 12, 11, 3, 5, 8],[[2, 3], [3, 3], [3, 1], [3, 2], [1, 3], [2, 2]],937,190,945,94
716143,7,137,143,[7, 12, 11, 3, 5, 8],[[2, 3], [3, 3], [3, 1], [3, 2], [1, 3], [2, 2]],952,166,945,94
716191,7,137,143,[7, 12, 11, 3, 5, 8],[[2, 3], [3, 3], [3, 1], [3, 2], [1, 3], [2, 2]],959,158,945,94
716231,7,137,143,[7, 12, 11, 3, 5, 8],[[2, 3], [3, 3], [3, 1], [3, 2], [1, 3], [2, 2]],960,177,950,112
716283,7,137,143,[7, 12, 11, 3, 5, 8],[[2, 3], [3, 3], [3, 1], [3, 2], [1, 3], [2, 2]],953,144,967,127
716345,7,137,143,[7, 12, 11, 3, 5, 8],[[2, 3], [3, 3], [3, 1], [3, 2], [1, 3], [2, 2]],950,137,995,146
716387,7,137,143,[7, 12, 11, 3, 5, 8],[[2, 3], [3, 3], [3, 1], [3, 2], [1, 3], [2, 2]],944,152,1006,156
716440,7,137,143,[7, 12, 11, 3, 5, 8],[[2, 3], [3, 3], [3, 1], [3, 2], [1, 3], [2, 2]],932,145,1017,174
716491,7,137,143,[7, 12, 11, 3, 5, 8],[[2, 3], [3, 3], [3, 1], [3, 2], [1, 3], [2, 2]],907,153,1017,177
716547,7,137,143,[7, 12, 11, 3, 5, 8],[[2, 3], [3, 3], [3, 1], [3, 2], [1, 3], [2, 2]],884,163,1017,177
716606,7,137,143,[7, 12, 11, 3, 5, 8],[[2, 3], [3, 3], [3, 1], [3, 2], [1, 3], [2, 2]],897,174,1017,177
716683,7,137,143,[7, 12, 11, 3, 5, 8],[[2, 3], [3, 3], [3, 1], [3, 2], [1, 3], [2, 2]],903,158,1017,177
716733,7,137,143,[7, 12, 11, 3, 5, 8],[[2, 3], [3, 3], [3, 1], [3, 2], [1, 3], [2, 2]],897,141,1015,175
716787,7,137,143,[7, 12, 11, 3, 5, 8],[[2, 3], [3, 3], [3, 1], [3, 2], [1, 3], [2, 2]],889,115,1010,172
716842,7,137,143,[7, 12, 11, 3, 5, 8],[[2, 3], [3, 3], [3, 1], [3, 2], [1, 3], [2, 2]],868,128,1005,170
716897,7,137,143,[7, 12, 11, 3, 5, 8],[[2, 3], [3, 3], [3, 1], [3, 2], [1, 3], [2, 2]],865,122,998,168
716950,7,137,143,[7, 12, 11, 3, 5, 8],[[2, 3], [3, 3], [3, 1], [3, 2], [1, 3], [2, 2]],856,112,996,167
717010,7,137,143,[7, 12, 11, 3, 5, 8],[[2, 3], [3, 3], [3, 1], [3, 2], [1, 3], [2, 2]],833,90,984,163
717075,7,137,143,[7, 12, 11, 3, 5, 8],[[2, 3], [3, 3], [3, 1], [3, 2], [1, 3], [2, 2]],829,70,972,158
717129,7,137,143,[7, 12, 11, 3, 5, 8],[[2, 3], [3, 3], [3, 1], [3, 2], [1, 3], [2, 2]],804,58,968,158
717191,7,137,143,[7, 12, 11, 3, 5, 8],[[2, 3], [3, 3], [3, 1], [3, 2], [1, 3], [2, 2]],810,85,958,156
717258,7,137,143,[7, 12, 11, 3, 5, 8],[[2, 3], [3, 3], [3, 1], [3, 2], [1, 3], [2, 2]],825,99,942,155
717316,7,138,32,[9, 6, 11, 3, 1, 4],[[1, 1], [2, 1], [3, 1], [3, 2], [1, 2], [2, 3]],859,106,924,154
717367,7,138,32,[9, 6, 11, 3, 1, 4],[[1, 1], [2, 1], [3, 1], [3, 2], [1, 2], [2, 3]],883,113,901,149
717408,7,138,32,[9, 6, 11, 3, 1, 4],[[1, 1], [2, 1], [3, 1], [3, 2], [1, 2], [2, 3]],880,102,878,146
717480,7,138,32,[9, 6, 11, 3, 1, 4],[[1, 1], [2, 1], [3, 1], [3, 2], [1, 2], [2, 3]],863,110,832,142
717543,7,138,32,[9, 6, 11, 3, 1, 4],[[1, 1], [2, 1], [3, 1], [3, 2], [1, 2], [2, 3]],892,120,801,139
717606,7,138,32,[9, 6, 11, 3, 1, 4],[[1, 1], [2, 1], [3, 1], [3, 2], [1, 2], [2, 3]],906,115,792,135
717674,7,138,32,[9, 6, 11, 3, 1, 4],[[1, 1], [2, 1], [3, 1], [3, 2], [1, 2], [2, 3]],884,87,789,135
717738,7,138,32,[9, 6, 11, 3, 1, 4],[[1, 1], [2, 1], [3, 1], [3, 2], [1, 2], [2, 3]],889,85,789,135
717816,7,138,32,[9, 6, 11, 3, 1, 4],[[1, 1], [2, 1], [3, 1], [3, 2], [1, 2], [2, 3]],883,94,806,138
717858,7,138,32,[9, 6, 11, 3, 1, 4],[[1, 1], [2, 1], [3, 1], [3, 2], [1, 2], [2, 3]],895,81,833,141
717917,7,138,32,[9, 6, 11, 3, 1, 4],[[1, 1], [2, 1], [3, 1], [3, 2], [1, 2], [2, 3]],885,61,923,126
717961,7,138,32,[9, 6, 11, 3, 1, 4],[[1, 1], [2, 1], [3, 1], [3, 2], [1, 2], [2, 3]],867,73,956,120
718018,7,138,32,[9, 6, 11, 3, 1, 4],[[1, 1], [2, 1], [3, 1], [3, 2], [1, 2], [2, 3]],853,83,962,117
718084,7,138,32,[9, 6, 11, 3, 1, 4],[[1, 1], [2, 1], [3, 1], [3, 2], [1, 2], [2, 3]],839,68,965,101
718138,7,138,32,[9, 6, 11, 3, 1, 4],[[1, 1], [2, 1], [3, 1], [3, 2], [1, 2], [2, 3]],833,86,966,79
718191,7,138,32,[9, 6, 11, 3, 1, 4],[[1, 1], [2, 1], [3, 1], [3, 2], [1, 2], [2, 3]],828,107,969,62
718244,7,138,32,[9, 6, 11, 3, 1, 4],[[1, 1], [2, 1], [3, 1], [3, 2], [1, 2], [2, 3]],872,121,965,53
718293,7,138,32,[9, 6, 11, 3, 1, 4],[[1, 1], [2, 1], [3, 1], [3, 2], [1, 2], [2, 3]],869,124,946,51
718349,7,138,32,[9, 6, 11, 3, 1, 4],[[1, 1], [2, 1], [3, 1], [3, 2], [1, 2], [2, 3]],872,107,873,47
718409,7,138,32,[9, 6, 11, 3, 1, 4],[[1, 1], [2, 1], [3, 1], [3, 2], [1, 2], [2, 3]],876,103,835,39
718461,7,138,32,[9, 6, 11, 3, 1, 4],[[1, 1], [2, 1], [3, 1], [3, 2], [1, 2], [2, 3]],884,99,833,39
718516,7,138,32,[9, 6, 11, 3, 1, 4],[[1, 1], [2, 1], [3, 1], [3, 2], [1, 2], [2, 3]],881,92,833,39
718575,7,138,32,[9, 6, 11, 3, 1, 4],[[1, 1], [2, 1], [3, 1], [3, 2], [1, 2], [2, 3]],883,93,832,39
718622,7,138,32,[9, 6, 11, 3, 1, 4],[[1, 1], [2, 1], [3, 1], [3, 2], [1, 2], [2, 3]],883,98,822,41
718681,7,138,32,[9, 6, 11, 3, 1, 4],[[1, 1], [2, 1], [3, 1], [3, 2], [1, 2], [2, 3]],879,112,816,51
718746,7,138,32,[9, 6, 11, 3, 1, 4],[[1, 1], [2, 1], [3, 1], [3, 2], [1, 2], [2, 3]],873,107,841,63
718804,7,138,32,[9, 6, 11, 3, 1, 4],[[1, 1], [2, 1], [3, 1], [3, 2], [1, 2], [2, 3]],881,75,852,65
718870,7,138,32,[9, 6, 11, 3, 1, 4],[[1, 1], [2, 1], [3, 1], [3, 2], [1, 2], [2, 3]],931,76,864,69
718917,7,138,32,[9, 6, 11, 3, 1, 4],[[1, 1], [2, 1], [3, 1], [3, 2], [1, 2], [2, 3]],936,87,875,74
718978,7,138,32,[9, 6, 11, 3, 1, 4],[[1, 1], [2, 1], [3, 1], [3, 2], [1, 2], [2, 3]],937,86,878,76
719040,7,138,32,[9, 6, 11, 3, 1, 4],[[1, 1], [2, 1], [3, 1], [3, 2], [1, 2], [2, 3]],943,55,884,78
719109,7,138,32,[9, 6, 11, 3, 1, 4],[[1, 1], [2, 1], [3, 1], [3, 2], [1, 2], [2, 3]],939,88,890,82
719163,7,138,32,[9, 6, 11, 3, 1, 4],[[1, 1], [2, 1], [3, 1], [3, 2], [1, 2], [2, 3]],919,113,897,86
719225,7,138,32,[9, 6, 11, 3, 1, 4],[[1, 1], [2, 1], [3, 1], [3, 2], [1, 2], [2, 3]],945,129,897,86
719273,7,138,32,[9, 6, 11, 3, 1, 4],[[1, 1], [2, 1], [3, 1], [3, 2], [1, 2], [2, 3]],980,131,905,90
719336,7,138,32,[9, 6, 11, 3, 1, 4],[[1, 1], [2, 1], [3, 1], [3, 2], [1, 2], [2, 3]],995,141,913,93
719390,7,138,32,[9, 6, 11, 3, 1, 4],[[1, 1], [2, 1], [3, 1], [3, 2], [1, 2], [2, 3]],998,155,931,103
719447,7,138,32,[9, 6, 11, 3, 1, 4],[[1, 1], [2, 1], [3, 1], [3, 2], [1, 2], [2, 3]],989,151,932,103
719499,7,138,32,[9, 6, 11, 3, 1, 4],[[1, 1], [2, 1], [3, 1], [3, 2], [1, 2], [2, 3]],1002,153,932,105
719557,7,138,32,[9, 6, 11, 3, 1, 4],[[1, 1], [2, 1], [3, 1], [3, 2], [1, 2], [2, 3]],1013,151,932,110
719598,7,138,32,[9, 6, 11, 3, 1, 4],[[1, 1], [2, 1], [3, 1], [3, 2], [1, 2], [2, 3]],1005,167,932,111
719668,7,138,32,[9, 6, 11, 3, 1, 4],[[1, 1], [2, 1], [3, 1], [3, 2], [1, 2], [2, 3]],995,195,931,112
719729,7,138,32,[9, 6, 11, 3, 1, 4],[[1, 1], [2, 1], [3, 1], [3, 2], [1, 2], [2, 3]],1016,204,927,118
719793,7,138,32,[9, 6, 11, 3, 1, 4],[[1, 1], [2, 1], [3, 1], [3, 2], [1, 2], [2, 3]],1013,196,927,118
719839,7,138,32,[9, 6, 11, 3, 1, 4],[[1, 1], [2, 1], [3, 1], [3, 2], [1, 2], [2, 3]],1011,209,926,121
719897,7,138,32,[9, 6, 11, 3, 1, 4],[[1, 1], [2, 1], [3, 1], [3, 2], [1, 2], [2, 3]],1006,183,925,125
719956,7,138,32,[9, 6, 11, 3, 1, 4],[[1, 1], [2, 1], [3, 1], [3, 2], [1, 2], [2, 3]],1017,177,925,125
720009,7,138,32,[9, 6, 11, 3, 1, 4],[[1, 1], [2, 1], [3, 1], [3, 2], [1, 2], [2, 3]],989,180,925,125
720063,7,138,32,[9, 6, 11, 3, 1, 4],[[1, 1], [2, 1], [3, 1], [3, 2], [1, 2], [2, 3]],988,189,925,125
720116,7,138,32,[9, 6, 11, 3, 1, 4],[[1, 1], [2, 1], [3, 1], [3, 2], [1, 2], [2, 3]],977,199,925,125
720175,7,138,32,[9, 6, 11, 3, 1, 4],[[1, 1], [2, 1], [3, 1], [3, 2], [1, 2], [2, 3]],972,184,951,139
720228,7,138,32,[9, 6, 11, 3, 1, 4],[[1, 1], [2, 1], [3, 1], [3, 2], [1, 2], [2, 3]],953,195,988,153
720298,7,138,32,[9, 6, 11, 3, 1, 4],[[1, 1], [2, 1], [3, 1], [3, 2], [1, 2], [2, 3]],960,177,1014,167
720369,7,138,32,[9, 6, 11, 3, 1, 4],[[1, 1], [2, 1], [3, 1], [3, 2], [1, 2], [2, 3]],935,201,1014,168
720427,7,138,32,[9, 6, 11, 3, 1, 4],[[1, 1], [2, 1], [3, 1], [3, 2], [1, 2], [2, 3]],906,183,1013,176
720465,7,138,32,[9, 6, 11, 3, 1, 4],[[1, 1], [2, 1], [3, 1], [3, 2], [1, 2], [2, 3]],928,163,1007,186
720528,7,138,32,[9, 6, 11, 3, 1, 4],[[1, 1], [2, 1], [3, 1], [3, 2], [1, 2], [2, 3]],913,184,1002,190
720566,7,138,32,[9, 6, 11, 3, 1, 4],[[1, 1], [2, 1], [3, 1], [3, 2], [1, 2], [2, 3]],917,169,998,194
720616,7,138,32,[9, 6, 11, 3, 1, 4],[[1, 1], [2, 1], [3, 1], [3, 2], [1, 2], [2, 3]],916,203,988,199
720678,7,138,32,[9, 6, 11, 3, 1, 4],[[1, 1], [2, 1], [3, 1], [3, 2], [1, 2], [2, 3]],908,198,976,201
720731,7,138,32,[9, 6, 11, 3, 1, 4],[[1, 1], [2, 1], [3, 1], [3, 2], [1, 2], [2, 3]],936,209,970,201
720773,7,138,32,[9, 6, 11, 3, 1, 4],[[1, 1], [2, 1], [3, 1], [3, 2], [1, 2], [2, 3]],914,214,964,201
720830,7,138,32,[9, 6, 11, 3, 1, 4],[[1, 1], [2, 1], [3, 1], [3, 2], [1, 2], [2, 3]],896,228,949,196
720911,7,138,32,[9, 6, 11, 3, 1, 4],[[1, 1], [2, 1], [3, 1], [3, 2], [1, 2], [2, 3]],948,237,903,162
720969,7,138,32,[9, 6, 11, 3, 1, 4],[[1, 1], [2, 1], [3, 1], [3, 2], [1, 2], [2, 3]],944,241,886,142
721036,7,138,32,[9, 6, 11, 3, 1, 4],[[1, 1], [2, 1], [3, 1], [3, 2], [1, 2], [2, 3]],958,251,883,134
721104,7,138,32,[9, 6, 11, 3, 1, 4],[[1, 1], [2, 1], [3, 1], [3, 2], [1, 2], [2, 3]],966,256,881,127
721143,7,138,32,[9, 6, 11, 3, 1, 4],[[1, 1], [2, 1], [3, 1], [3, 2], [1, 2], [2, 3]],967,256,882,121
721215,7,138,32,[9, 6, 11, 3, 1, 4],[[1, 1], [2, 1], [3, 1], [3, 2], [1, 2], [2, 3]],989,257,886,109
721271,7,138,32,[9, 6, 11, 3, 1, 4],[[1, 1], [2, 1], [3, 1], [3, 2], [1, 2], [2, 3]],958,285,890,103
721326,7,138,32,[9, 6, 11, 3, 1, 4],[[1, 1], [2, 1], [3, 1], [3, 2], [1, 2], [2, 3]],967,275,892,99
721378,7,139,93,[7, 12, 10, 2, 1, 4],[[1, 3], [2, 3], [3, 2], [3, 3], [1, 1], [2, 2]],967,280,897,90
721432,7,139,93,[7, 12, 10, 2, 1, 4],[[1, 3], [2, 3], [3, 2], [3, 3], [1, 1], [2, 2]],986,281,901,84
721504,7,139,93,[7, 12, 10, 2, 1, 4],[[1, 3], [2, 3], [3, 2], [3, 3], [1, 1], [2, 2]],1015,299,911,86
721557,7,139,93,[7, 12, 10, 2, 1, 4],[[1, 3], [2, 3], [3, 2], [3, 3], [1, 1], [2, 2]],1011,292,930,106
721626,7,139,93,[7, 12, 10, 2, 1, 4],[[1, 3], [2, 3], [3, 2], [3, 3], [1, 1], [2, 2]],999,292,949,162
721688,7,139,93,[7, 12, 10, 2, 1, 4],[[1, 3], [2, 3], [3, 2], [3, 3], [1, 1], [2, 2]],1007,322,972,220
721729,7,139,93,[7, 12, 10, 2, 1, 4],[[1, 3], [2, 3], [3, 2], [3, 3], [1, 1], [2, 2]],989,287,998,285
721802,7,139,93,[7, 12, 10, 2, 1, 4],[[1, 3], [2, 3], [3, 2], [3, 3], [1, 1], [2, 2]],1012,305,1021,337
721880,7,139,93,[7, 12, 10, 2, 1, 4],[[1, 3], [2, 3], [3, 2], [3, 3], [1, 1], [2, 2]],1007,312,1048,363
721933,7,139,93,[7, 12, 10, 2, 1, 4],[[1, 3], [2, 3], [3, 2], [3, 3], [1, 1], [2, 2]],1013,335,1069,377
721992,7,139,93,[7, 12, 10, 2, 1, 4],[[1, 3], [2, 3], [3, 2], [3, 3], [1, 1], [2, 2]],1011,351,1103,397
722032,7,139,93,[7, 12, 10, 2, 1, 4],[[1, 3], [2, 3], [3, 2], [3, 3], [1, 1], [2, 2]],1024,320,1109,401
722076,7,139,93,[7, 12, 10, 2, 1, 4],[[1, 3], [2, 3], [3, 2], [3, 3], [1, 1], [2, 2]],1031,327,1104,399
722116,7,139,93,[7, 12, 10, 2, 1, 4],[[1, 3], [2, 3], [3, 2], [3, 3], [1, 1], [2, 2]],1048,333,1092,391
722159,7,139,93,[7, 12, 10, 2, 1, 4],[[1, 3], [2, 3], [3, 2], [3, 3], [1, 1], [2, 2]],1053,339,1083,380
722225,7,139,93,[7, 12, 10, 2, 1, 4],[[1, 3], [2, 3], [3, 2], [3, 3], [1, 1], [2, 2]],1049,357,1060,350
722284,7,139,93,[7, 12, 10, 2, 1, 4],[[1, 3], [2, 3], [3, 2], [3, 3], [1, 1], [2, 2]],1042,345,1056,338
722364,7,139,93,[7, 12, 10, 2, 1, 4],[[1, 3], [2, 3], [3, 2], [3, 3], [1, 1], [2, 2]],1047,351,1057,310
722424,7,139,93,[7, 12, 10, 2, 1, 4],[[1, 3], [2, 3], [3, 2], [3, 3], [1, 1], [2, 2]],1066,344,1068,283
722485,7,139,93,[7, 12, 10, 2, 1, 4],[[1, 3], [2, 3], [3, 2], [3, 3], [1, 1], [2, 2]],1082,337,1073,279
722540,7,139,93,[7, 12, 10, 2, 1, 4],[[1, 3], [2, 3], [3, 2], [3, 3], [1, 1], [2, 2]],1067,350,1073,279
722603,7,139,93,[7, 12, 10, 2, 1, 4],[[1, 3], [2, 3], [3, 2], [3, 3], [1, 1], [2, 2]],1055,309,1073,279
722646,7,139,93,[7, 12, 10, 2, 1, 4],[[1, 3], [2, 3], [3, 2], [3, 3], [1, 1], [2, 2]],1037,340,1073,279
722723,7,139,93,[7, 12, 10, 2, 1, 4],[[1, 3], [2, 3], [3, 2], [3, 3], [1, 1], [2, 2]],1049,329,1073,279
722800,7,139,93,[7, 12, 10, 2, 1, 4],[[1, 3], [2, 3], [3, 2], [3, 3], [1, 1], [2, 2]],1052,346,1073,279
722857,7,139,93,[7, 12, 10, 2, 1, 4],[[1, 3], [2, 3], [3, 2], [3, 3], [1, 1], [2, 2]],1041,325,1084,280
722893,7,139,93,[7, 12, 10, 2, 1, 4],[[1, 3], [2, 3], [3, 2], [3, 3], [1, 1], [2, 2]],1077,335,1103,292
722962,7,139,93,[7, 12, 10, 2, 1, 4],[[1, 3], [2, 3], [3, 2], [3, 3], [1, 1], [2, 2]],1079,316,1130,324
723016,7,139,93,[7, 12, 10, 2, 1, 4],[[1, 3], [2, 3], [3, 2], [3, 3], [1, 1], [2, 2]],1092,304,1131,334
723076,7,139,93,[7, 12, 10, 2, 1, 4],[[1, 3], [2, 3], [3, 2], [3, 3], [1, 1], [2, 2]],1084,307,1129,338
723153,7,139,93,[7, 12, 10, 2, 1, 4],[[1, 3], [2, 3], [3, 2], [3, 3], [1, 1], [2, 2]],1063,303,1120,344
723212,7,139,93,[7, 12, 10, 2, 1, 4],[[1, 3], [2, 3], [3, 2], [3, 3], [1, 1], [2, 2]],1048,288,1116,347
723278,7,139,93,[7, 12, 10, 2, 1, 4],[[1, 3], [2, 3], [3, 2], [3, 3], [1, 1], [2, 2]],1079,283,1116,354
723340,7,139,93,[7, 12, 10, 2, 1, 4],[[1, 3], [2, 3], [3, 2], [3, 3], [1, 1], [2, 2]],1080,286,1118,360
723420,7,139,93,[7, 12, 10, 2, 1, 4],[[1, 3], [2, 3], [3, 2], [3, 3], [1, 1], [2, 2]],1082,290,1119,361
723482,7,139,93,[7, 12, 10, 2, 1, 4],[[1, 3], [2, 3], [3, 2], [3, 3], [1, 1], [2, 2]],1076,295,1120,361
723535,7,139,93,[7, 12, 10, 2, 1, 4],[[1, 3], [2, 3], [3, 2], [3, 3], [1, 1], [2, 2]],1085,288,1127,357
723593,7,139,93,[7, 12, 10, 2, 1, 4],[[1, 3], [2, 3], [3, 2], [3, 3], [1, 1], [2, 2]],1077,295,1142,352
723662,7,139,93,[7, 12, 10, 2, 1, 4],[[1, 3], [2, 3], [3, 2], [3, 3], [1, 1], [2, 2]],1086,265,1154,351
723725,7,139,93,[7, 12, 10, 2, 1, 4],[[1, 3], [2, 3], [3, 2], [3, 3], [1, 1], [2, 2]],1080,280,1161,351
723774,7,139,93,[7, 12, 10, 2, 1, 4],[[1, 3], [2, 3], [3, 2], [3, 3], [1, 1], [2, 2]],1087,276,1161,351
723833,7,139,93,[7, 12, 10, 2, 1, 4],[[1, 3], [2, 3], [3, 2], [3, 3], [1, 1], [2, 2]],1098,274,1158,351
723888,7,139,93,[7, 12, 10, 2, 1, 4],[[1, 3], [2, 3], [3, 2], [3, 3], [1, 1], [2, 2]],1118,290,1149,342
723952,7,139,93,[7, 12, 10, 2, 1, 4],[[1, 3], [2, 3], [3, 2], [3, 3], [1, 1], [2, 2]],1112,304,1135,306
724019,7,139,93,[7, 12, 10, 2, 1, 4],[[1, 3], [2, 3], [3, 2], [3, 3], [1, 1], [2, 2]],1121,299,1129,296
724072,7,139,93,[7, 12, 10, 2, 1, 4],[[1, 3], [2, 3], [3, 2], [3, 3], [1, 1], [2, 2]],1101,293,1125,295
724126,7,139,93,[7, 12, 10, 2, 1, 4],[[1, 3], [2, 3], [3, 2], [3, 3], [1, 1], [2, 2]],1076,289,1121,294
724184,7,139,93,[7, 12, 10, 2, 1, 4],[[1, 3], [2, 3], [3, 2], [3, 3], [1, 1], [2, 2]],1066,277,1130,298
724237,7,139,93,[7, 12, 10, 2, 1, 4],[[1, 3], [2, 3], [3, 2], [3, 3], [1, 1], [2, 2]],1054,267,1170,321
724290,7,139,93,[7, 12, 10, 2, 1, 4],[[1, 3], [2, 3], [3, 2], [3, 3], [1, 1], [2, 2]],1046,259,1185,330
724344,7,139,93,[7, 12, 10, 2, 1, 4],[[1, 3], [2, 3], [3, 2], [3, 3], [1, 1], [2, 2]],1032,248,1186,335
724399,7,139,93,[7, 12, 10, 2, 1, 4],[[1, 3], [2, 3], [3, 2], [3, 3], [1, 1], [2, 2]],1058,233,1183,339
724455,7,139,93,[7, 12, 10, 2, 1, 4],[[1, 3], [2, 3], [3, 2], [3, 3], [1, 1], [2, 2]],1052,261,1170,348
724517,7,139,93,[7, 12, 10, 2, 1, 4],[[1, 3], [2, 3], [3, 2], [3, 3], [1, 1], [2, 2]],1048,255,1146,360
724592,7,139,93,[7, 12, 10, 2, 1, 4],[[1, 3], [2, 3], [3, 2], [3, 3], [1, 1], [2, 2]],1008,239,1141,361
724664,7,139,93,[7, 12, 10, 2, 1, 4],[[1, 3], [2, 3], [3, 2], [3, 3], [1, 1], [2, 2]],1039,214,1128,363
724705,7,139,93,[7, 12, 10, 2, 1, 4],[[1, 3], [2, 3], [3, 2], [3, 3], [1, 1], [2, 2]],1040,221,1128,355
724774,7,139,93,[7, 12, 10, 2, 1, 4],[[1, 3], [2, 3], [3, 2], [3, 3], [1, 1], [2, 2]],1045,189,1138,315
724818,7,139,93,[7, 12, 10, 2, 1, 4],[[1, 3], [2, 3], [3, 2], [3, 3], [1, 1], [2, 2]],1052,187,1157,294
724884,7,139,93,[7, 12, 10, 2, 1, 4],[[1, 3], [2, 3], [3, 2], [3, 3], [1, 1], [2, 2]],1050,182,1164,289
724937,7,139,93,[7, 12, 10, 2, 1, 4],[[1, 3], [2, 3], [3, 2], [3, 3], [1, 1], [2, 2]],1036,176,1164,289
724989,7,139,93,[7, 12, 10, 2, 1, 4],[[1, 3], [2, 3], [3, 2], [3, 3], [1, 1], [2, 2]],1021,179,1164,289
725039,7,139,93,[7, 12, 10, 2, 1, 4],[[1, 3], [2, 3], [3, 2], [3, 3], [1, 1], [2, 2]],1018,201,1164,289
725082,7,139,93,[7, 12, 10, 2, 1, 4],[[1, 3], [2, 3], [3, 2], [3, 3], [1, 1], [2, 2]],1001,210,1158,283
725164,7,139,93,[7, 12, 10, 2, 1, 4],[[1, 3], [2, 3], [3, 2], [3, 3], [1, 1], [2, 2]],975,204,1117,183
725216,7,139,93,[7, 12, 10, 2, 1, 4],[[1, 3], [2, 3], [3, 2], [3, 3], [1, 1], [2, 2]],943,181,1064,120
725291,7,139,93,[7, 12, 10, 2, 1, 4],[[1, 3], [2, 3], [3, 2], [3, 3], [1, 1], [2, 2]],950,168,1007,99
725335,7,139,93,[7, 12, 10, 2, 1, 4],[[1, 3], [2, 3], [3, 2], [3, 3], [1, 1], [2, 2]],954,180,1003,106
725382,7,139,93,[7, 12, 10, 2, 1, 4],[[1, 3], [2, 3], [3, 2], [3, 3], [1, 1], [2, 2]],943,188,984,170
725438,7,140,58,[9, 6, 10, 2, 1, 4],[[2, 1], [3, 1], [3, 2], [3, 3], [1, 1], [2, 2]],932,180,972,206
725493,7,140,58,[9, 6, 10, 2, 1, 4],[[2, 1], [3, 1], [3, 2], [3, 3], [1, 1], [2, 2]],916,186,951,217
725543,7,140,58,[9, 6, 10, 2, 1, 4],[[2, 1], [3, 1], [3, 2], [3, 3], [1, 1], [2, 2]],890,182,950,217
725587,7,140,58,[9, 6, 10, 2, 1, 4],[[2, 1], [3, 1], [3, 2], [3, 3], [1, 1], [2, 2]],894,181,932,204
725637,7,140,58,[9, 6, 10, 2, 1, 4],[[2, 1], [3, 1], [3, 2], [3, 3], [1, 1], [2, 2]],900,219,930,204
725682,7,140,58,[9, 6, 10, 2, 1, 4],[[2, 1], [3, 1], [3, 2], [3, 3], [1, 1], [2, 2]],904,223,926,206
725745,7,140,58,[9, 6, 10, 2, 1, 4],[[2, 1], [3, 1], [3, 2], [3, 3], [1, 1], [2, 2]],899,245,921,221
725786,7,140,58,[9, 6, 10, 2, 1, 4],[[2, 1], [3, 1], [3, 2], [3, 3], [1, 1], [2, 2]],929,252,922,221
725834,7,140,58,[9, 6, 10, 2, 1, 4],[[2, 1], [3, 1], [3, 2], [3, 3], [1, 1], [2, 2]],913,287,922,221
725911,7,140,58,[9, 6, 10, 2, 1, 4],[[2, 1], [3, 1], [3, 2], [3, 3], [1, 1], [2, 2]],940,329,918,219
725952,7,140,58,[9, 6, 10, 2, 1, 4],[[2, 1], [3, 1], [3, 2], [3, 3], [1, 1], [2, 2]],924,312,917,219
726010,7,140,58,[9, 6, 10, 2, 1, 4],[[2, 1], [3, 1], [3, 2], [3, 3], [1, 1], [2, 2]],890,333,917,219
726073,7,140,58,[9, 6, 10, 2, 1, 4],[[2, 1], [3, 1], [3, 2], [3, 3], [1, 1], [2, 2]],903,342,917,219
726136,7,140,58,[9, 6, 10, 2, 1, 4],[[2, 1], [3, 1], [3, 2], [3, 3], [1, 1], [2, 2]],922,332,934,256
726199,7,140,58,[9, 6, 10, 2, 1, 4],[[2, 1], [3, 1], [3, 2], [3, 3], [1, 1], [2, 2]],907,309,954,291
726262,7,140,58,[9, 6, 10, 2, 1, 4],[[2, 1], [3, 1], [3, 2], [3, 3], [1, 1], [2, 2]],907,288,963,306
726320,7,140,58,[9, 6, 10, 2, 1, 4],[[2, 1], [3, 1], [3, 2], [3, 3], [1, 1], [2, 2]],933,300,961,312
726384,7,140,58,[9, 6, 10, 2, 1, 4],[[2, 1], [3, 1], [3, 2], [3, 3], [1, 1], [2, 2]],968,310,960,328
726432,7,140,58,[9, 6, 10, 2, 1, 4],[[2, 1], [3, 1], [3, 2], [3, 3], [1, 1], [2, 2]],967,318,961,347
726491,7,140,58,[9, 6, 10, 2, 1, 4],[[2, 1], [3, 1], [3, 2], [3, 3], [1, 1], [2, 2]],980,307,960,354
726554,7,140,58,[9, 6, 10, 2, 1, 4],[[2, 1], [3, 1], [3, 2], [3, 3], [1, 1], [2, 2]],978,304,949,351
726625,7,140,58,[9, 6, 10, 2, 1, 4],[[2, 1], [3, 1], [3, 2], [3, 3], [1, 1], [2, 2]],989,298,943,339
726691,7,140,58,[9, 6, 10, 2, 1, 4],[[2, 1], [3, 1], [3, 2], [3, 3], [1, 1], [2, 2]],995,319,944,301
726746,7,140,58,[9, 6, 10, 2, 1, 4],[[2, 1], [3, 1], [3, 2], [3, 3], [1, 1], [2, 2]],987,343,955,293
726792,7,140,58,[9, 6, 10, 2, 1, 4],[[2, 1], [3, 1], [3, 2], [3, 3], [1, 1], [2, 2]],959,343,986,307
726870,7,140,58,[9, 6, 10, 2, 1, 4],[[2, 1], [3, 1], [3, 2], [3, 3], [1, 1], [2, 2]],907,359,1024,325
726916,7,140,58,[9, 6, 10, 2, 1, 4],[[2, 1], [3, 1], [3, 2], [3, 3], [1, 1], [2, 2]],912,364,1059,334
726973,7,140,58,[9, 6, 10, 2, 1, 4],[[2, 1], [3, 1], [3, 2], [3, 3], [1, 1], [2, 2]],913,368,1107,350
727039,7,140,58,[9, 6, 10, 2, 1, 4],[[2, 1], [3, 1], [3, 2], [3, 3], [1, 1], [2, 2]],942,363,1106,367
727109,7,140,58,[9, 6, 10, 2, 1, 4],[[2, 1], [3, 1], [3, 2], [3, 3], [1, 1], [2, 2]],946,363,1081,386
727160,7,140,58,[9, 6, 10, 2, 1, 4],[[2, 1], [3, 1], [3, 2], [3, 3], [1, 1], [2, 2]],966,348,1045,388
727205,7,140,58,[9, 6, 10, 2, 1, 4],[[2, 1], [3, 1], [3, 2], [3, 3], [1, 1], [2, 2]],1001,348,1009,379
727253,7,140,58,[9, 6, 10, 2, 1, 4],[[2, 1], [3, 1], [3, 2], [3, 3], [1, 1], [2, 2]],996,325,968,362
727314,7,140,58,[9, 6, 10, 2, 1, 4],[[2, 1], [3, 1], [3, 2], [3, 3], [1, 1], [2, 2]],1012,330,958,352
727360,7,140,58,[9, 6, 10, 2, 1, 4],[[2, 1], [3, 1], [3, 2], [3, 3], [1, 1], [2, 2]],1016,335,956,349
727421,7,140,58,[9, 6, 10, 2, 1, 4],[[2, 1], [3, 1], [3, 2], [3, 3], [1, 1], [2, 2]],1023,350,956,349
727474,7,140,58,[9, 6, 10, 2, 1, 4],[[2, 1], [3, 1], [3, 2], [3, 3], [1, 1], [2, 2]],1029,344,956,349
727538,7,140,58,[9, 6, 10, 2, 1, 4],[[2, 1], [3, 1], [3, 2], [3, 3], [1, 1], [2, 2]],1004,351,963,351
727605,7,140,58,[9, 6, 10, 2, 1, 4],[[2, 1], [3, 1], [3, 2], [3, 3], [1, 1], [2, 2]],1006,376,972,349
727659,7,140,58,[9, 6, 10, 2, 1, 4],[[2, 1], [3, 1], [3, 2], [3, 3], [1, 1], [2, 2]],997,416,989,350
727726,7,140,58,[9, 6, 10, 2, 1, 4],[[2, 1], [3, 1], [3, 2], [3, 3], [1, 1], [2, 2]],1000,443,1019,357
727796,7,140,58,[9, 6, 10, 2, 1, 4],[[2, 1], [3, 1], [3, 2], [3, 3], [1, 1], [2, 2]],1000,442,1020,358
727867,7,140,58,[9, 6, 10, 2, 1, 4],[[2, 1], [3, 1], [3, 2], [3, 3], [1, 1], [2, 2]],975,416,1020,361
727917,7,140,58,[9, 6, 10, 2, 1, 4],[[2, 1], [3, 1], [3, 2], [3, 3], [1, 1], [2, 2]],993,434,1026,388
727982,7,140,58,[9, 6, 10, 2, 1, 4],[[2, 1], [3, 1], [3, 2], [3, 3], [1, 1], [2, 2]],973,431,1067,448
728038,7,140,58,[9, 6, 10, 2, 1, 4],[[2, 1], [3, 1], [3, 2], [3, 3], [1, 1], [2, 2]],970,436,1069,465
728094,7,140,58,[9, 6, 10, 2, 1, 4],[[2, 1], [3, 1], [3, 2], [3, 3], [1, 1], [2, 2]],979,445,1065,474
728143,7,140,58,[9, 6, 10, 2, 1, 4],[[2, 1], [3, 1], [3, 2], [3, 3], [1, 1], [2, 2]],985,453,1049,488
728208,7,140,58,[9, 6, 10, 2, 1, 4],[[2, 1], [3, 1], [3, 2], [3, 3], [1, 1], [2, 2]],988,459,1035,502
728266,7,140,58,[9, 6, 10, 2, 1, 4],[[2, 1], [3, 1], [3, 2], [3, 3], [1, 1], [2, 2]],988,453,1020,502
728338,7,140,58,[9, 6, 10, 2, 1, 4],[[2, 1], [3, 1], [3, 2], [3, 3], [1, 1], [2, 2]],1015,471,997,472
728403,7,140,58,[9, 6, 10, 2, 1, 4],[[2, 1], [3, 1], [3, 2], [3, 3], [1, 1], [2, 2]],1021,477,1003,443
728468,7,140,58,[9, 6, 10, 2, 1, 4],[[2, 1], [3, 1], [3, 2], [3, 3], [1, 1], [2, 2]],1035,450,1003,442
728525,7,140,58,[9, 6, 10, 2, 1, 4],[[2, 1], [3, 1], [3, 2], [3, 3], [1, 1], [2, 2]],1034,472,1008,432
728590,7,140,58,[9, 6, 10, 2, 1, 4],[[2, 1], [3, 1], [3, 2], [3, 3], [1, 1], [2, 2]],1035,457,1010,429
728666,7,140,58,[9, 6, 10, 2, 1, 4],[[2, 1], [3, 1], [3, 2], [3, 3], [1, 1], [2, 2]],1022,463,1011,427
728705,7,140,58,[9, 6, 10, 2, 1, 4],[[2, 1], [3, 1], [3, 2], [3, 3], [1, 1], [2, 2]],1035,470,1050,444
728776,7,140,58,[9, 6, 10, 2, 1, 4],[[2, 1], [3, 1], [3, 2], [3, 3], [1, 1], [2, 2]],1040,468,1081,464
728851,7,140,58,[9, 6, 10, 2, 1, 4],[[2, 1], [3, 1], [3, 2], [3, 3], [1, 1], [2, 2]],1032,485,1085,477
728927,7,140,58,[9, 6, 10, 2, 1, 4],[[2, 1], [3, 1], [3, 2], [3, 3], [1, 1], [2, 2]],1026,494,1085,503
729001,7,140,58,[9, 6, 10, 2, 1, 4],[[2, 1], [3, 1], [3, 2], [3, 3], [1, 1], [2, 2]],1015,475,1085,515
729065,7,140,58,[9, 6, 10, 2, 1, 4],[[2, 1], [3, 1], [3, 2], [3, 3], [1, 1], [2, 2]],1025,485,1103,530
729109,7,140,58,[9, 6, 10, 2, 1, 4],[[2, 1], [3, 1], [3, 2], [3, 3], [1, 1], [2, 2]],1057,457,1115,535
729179,7,140,58,[9, 6, 10, 2, 1, 4],[[2, 1], [3, 1], [3, 2], [3, 3], [1, 1], [2, 2]],1054,443,1138,535
729217,7,140,58,[9, 6, 10, 2, 1, 4],[[2, 1], [3, 1], [3, 2], [3, 3], [1, 1], [2, 2]],1056,437,1139,535
729278,7,140,58,[9, 6, 10, 2, 1, 4],[[2, 1], [3, 1], [3, 2], [3, 3], [1, 1], [2, 2]],1051,454,1125,528
729317,7,140,58,[9, 6, 10, 2, 1, 4],[[2, 1], [3, 1], [3, 2], [3, 3], [1, 1], [2, 2]],1028,434,1106,515
729393,7,140,58,[9, 6, 10, 2, 1, 4],[[2, 1], [3, 1], [3, 2], [3, 3], [1, 1], [2, 2]],1030,459,1073,493
729445,7,140,58,[9, 6, 10, 2, 1, 4],[[2, 1], [3, 1], [3, 2], [3, 3], [1, 1], [2, 2]],1034,457,1049,477
729508,7,141,53,[7, 12, 10, 2, 1, 4],[[2, 1], [3, 1], [3, 2], [3, 3], [1, 2], [2, 3]],1021,457,1036,454
729570,7,141,53,[7, 12, 10, 2, 1, 4],[[2, 1], [3, 1], [3, 2], [3, 3], [1, 2], [2, 3]],1037,449,1053,432
729633,7,141,53,[7, 12, 10, 2, 1, 4],[[2, 1], [3, 1], [3, 2], [3, 3], [1, 2], [2, 3]],1028,426,1053,431
729706,7,141,53,[7, 12, 10, 2, 1, 4],[[2, 1], [3, 1], [3, 2], [3, 3], [1, 2], [2, 3]],995,444,1046,431
729769,7,141,53,[7, 12, 10, 2, 1, 4],[[2, 1], [3, 1], [3, 2], [3, 3], [1, 2], [2, 3]],1007,446,1010,454
729827,7,141,53,[7, 12, 10, 2, 1, 4],[[2, 1], [3, 1], [3, 2], [3, 3], [1, 2], [2, 3]],1009,458,1001,475
729891,7,141,53,[7, 12, 10, 2, 1, 4],[[2, 1], [3, 1], [3, 2], [3, 3], [1, 2], [2, 3]],1012,431,996,490
729948,7,141,53,[7, 12, 10, 2, 1, 4],[[2, 1], [3, 1], [3, 2], [3, 3], [1, 2], [2, 3]],1056,451,996,490
729997,7,141,53,[7, 12, 10, 2, 1, 4],[[2, 1], [3, 1], [3, 2], [3, 3], [1, 2], [2, 3]],1029,420,996,490
730050,7,141,53,[7, 12, 10, 2, 1, 4],[[2, 1], [3, 1], [3, 2], [3, 3], [1, 2], [2, 3]],1015,420,1005,450
730097,7,141,53,[7, 12, 10, 2, 1, 4],[[2, 1], [3, 1], [3, 2], [3, 3], [1, 2], [2, 3]],1015,419,982,403
730155,7,141,53,[7, 12, 10, 2, 1, 4],[[2, 1], [3, 1], [3, 2], [3, 3], [1, 2], [2, 3]],1011,426,912,311
730209,7,141,53,[7, 12, 10, 2, 1, 4],[[2, 1], [3, 1], [3, 2], [3, 3], [1, 2], [2, 3]],1014,397,864,269
730271,7,141,53,[7, 12, 10, 2, 1, 4],[[2, 1], [3, 1], [3, 2], [3, 3], [1, 2], [2, 3]],984,406,863,268
730354,7,141,53,[7, 12, 10, 2, 1, 4],[[2, 1], [3, 1], [3, 2], [3, 3], [1, 2], [2, 3]],998,396,867,270
730393,7,141,53,[7, 12, 10, 2, 1, 4],[[2, 1], [3, 1], [3, 2], [3, 3], [1, 2], [2, 3]],983,376,908,295
730441,7,141,53,[7, 12, 10, 2, 1, 4],[[2, 1], [3, 1], [3, 2], [3, 3], [1, 2], [2, 3]],969,385,989,350
730523,7,141,53,[7, 12, 10, 2, 1, 4],[[2, 1], [3, 1], [3, 2], [3, 3], [1, 2], [2, 3]],987,394,1050,417
730564,7,141,53,[7, 12, 10, 2, 1, 4],[[2, 1], [3, 1], [3, 2], [3, 3], [1, 2], [2, 3]],987,347,1059,439
730633,7,141,53,[7, 12, 10, 2, 1, 4],[[2, 1], [3, 1], [3, 2], [3, 3], [1, 2], [2, 3]],987,328,1056,455
730675,7,141,53,[7, 12, 10, 2, 1, 4],[[2, 1], [3, 1], [3, 2], [3, 3], [1, 2], [2, 3]],983,326,1055,462
730745,7,141,53,[7, 12, 10, 2, 1, 4],[[2, 1], [3, 1], [3, 2], [3, 3], [1, 2], [2, 3]],1000,321,1064,489
730798,7,141,53,[7, 12, 10, 2, 1, 4],[[2, 1], [3, 1], [3, 2], [3, 3], [1, 2], [2, 3]],988,303,1065,489
730835,7,141,53,[7, 12, 10, 2, 1, 4],[[2, 1], [3, 1], [3, 2], [3, 3], [1, 2], [2, 3]],988,282,1065,489
730890,7,141,53,[7, 12, 10, 2, 1, 4],[[2, 1], [3, 1], [3, 2], [3, 3], [1, 2], [2, 3]],973,267,1074,475
730958,7,141,53,[7, 12, 10, 2, 1, 4],[[2, 1], [3, 1], [3, 2], [3, 3], [1, 2], [2, 3]],993,263,1098,448
731018,7,141,53,[7, 12, 10, 2, 1, 4],[[2, 1], [3, 1], [3, 2], [3, 3], [1, 2], [2, 3]],995,261,1095,443
731085,7,141,53,[7, 12, 10, 2, 1, 4],[[2, 1], [3, 1], [3, 2], [3, 3], [1, 2], [2, 3]],993,250,1082,435
731139,7,141,53,[7, 12, 10, 2, 1, 4],[[2, 1], [3, 1], [3, 2], [3, 3], [1, 2], [2, 3]],1008,252,1031,372
731217,7,141,53,[7, 12, 10, 2, 1, 4],[[2, 1], [3, 1], [3, 2], [3, 3], [1, 2], [2, 3]],981,252,967,274
731277,7,141,53,[7, 12, 10, 2, 1, 4],[[2, 1], [3, 1], [3, 2], [3, 3], [1, 2], [2, 3]],996,238,921,238
731332,7,141,53,[7, 12, 10, 2, 1, 4],[[2, 1], [3, 1], [3, 2], [3, 3], [1, 2], [2, 3]],983,237,887,213
731404,7,141,53,[7, 12, 10, 2, 1, 4],[[2, 1], [3, 1], [3, 2], [3, 3], [1, 2], [2, 3]],1006,236,882,196
731471,7,141,53,[7, 12, 10, 2, 1, 4],[[2, 1], [3, 1], [3, 2], [3, 3], [1, 2], [2, 3]],993,234,883,169
731528,7,141,53,[7, 12, 10, 2, 1, 4],[[2, 1], [3, 1], [3, 2], [3, 3], [1, 2], [2, 3]],993,210,917,180
731596,7,141,53,[7, 12, 10, 2, 1, 4],[[2, 1], [3, 1], [3, 2], [3, 3], [1, 2], [2, 3]],986,209,949,199
731654,7,141,53,[7, 12, 10, 2, 1, 4],[[2, 1], [3, 1], [3, 2], [3, 3], [1, 2], [2, 3]],1004,220,967,214
731717,7,141,53,[7, 12, 10, 2, 1, 4],[[2, 1], [3, 1], [3, 2], [3, 3], [1, 2], [2, 3]],1021,233,982,231
731790,7,141,53,[7, 12, 10, 2, 1, 4],[[2, 1], [3, 1], [3, 2], [3, 3], [1, 2], [2, 3]],1018,226,987,233
731839,7,141,53,[7, 12, 10, 2, 1, 4],[[2, 1], [3, 1], [3, 2], [3, 3], [1, 2], [2, 3]],1005,209,988,233
731934,7,141,53,[7, 12, 10, 2, 1, 4],[[2, 1], [3, 1], [3, 2], [3, 3], [1, 2], [2, 3]],1032,209,1027,257
732012,7,141,53,[7, 12, 10, 2, 1, 4],[[2, 1], [3, 1], [3, 2], [3, 3], [1, 2], [2, 3]],1046,210,1030,325
732072,7,141,53,[7, 12, 10, 2, 1, 4],[[2, 1], [3, 1], [3, 2], [3, 3], [1, 2], [2, 3]],1058,208,1026,350
732130,7,141,53,[7, 12, 10, 2, 1, 4],[[2, 1], [3, 1], [3, 2], [3, 3], [1, 2], [2, 3]],1074,204,1035,379
732197,7,141,53,[7, 12, 10, 2, 1, 4],[[2, 1], [3, 1], [3, 2], [3, 3], [1, 2], [2, 3]],1083,199,1038,398
732252,7,141,53,[7, 12, 10, 2, 1, 4],[[2, 1], [3, 1], [3, 2], [3, 3], [1, 2], [2, 3]],1077,190,1045,411
732326,7,141,53,[7, 12, 10, 2, 1, 4],[[2, 1], [3, 1], [3, 2], [3, 3], [1, 2], [2, 3]],1074,196,1058,420
732376,7,141,53,[7, 12, 10, 2, 1, 4],[[2, 1], [3, 1], [3, 2], [3, 3], [1, 2], [2, 3]],1083,190,1073,430
732443,7,141,53,[7, 12, 10, 2, 1, 4],[[2, 1], [3, 1], [3, 2], [3, 3], [1, 2], [2, 3]],1057,213,1073,430
732511,7,141,53,[7, 12, 10, 2, 1, 4],[[2, 1], [3, 1], [3, 2], [3, 3], [1, 2], [2, 3]],1043,215,1073,430
732560,7,141,53,[7, 12, 10, 2, 1, 4],[[2, 1], [3, 1], [3, 2], [3, 3], [1, 2], [2, 3]],1040,201,1067,430
732635,7,141,53,[7, 12, 10, 2, 1, 4],[[2, 1], [3, 1], [3, 2], [3, 3], [1, 2], [2, 3]],1046,187,1064,430
732683,7,141,53,[7, 12, 10, 2, 1, 4],[[2, 1], [3, 1], [3, 2], [3, 3], [1, 2], [2, 3]],1048,174,1063,430
732749,7,141,53,[7, 12, 10, 2, 1, 4],[[2, 1], [3, 1], [3, 2], [3, 3], [1, 2], [2, 3]],1050,171,1059,428
732787,7,141,53,[7, 12, 10, 2, 1, 4],[[2, 1], [3, 1], [3, 2], [3, 3], [1, 2], [2, 3]],1063,130,1072,403
732848,7,141,53,[7, 12, 10, 2, 1, 4],[[2, 1], [3, 1], [3, 2], [3, 3], [1, 2], [2, 3]],1062,101,1076,368
732918,7,141,53,[7, 12, 10, 2, 1, 4],[[2, 1], [3, 1], [3, 2], [3, 3], [1, 2], [2, 3]],1076,117,1071,364
732977,7,141,53,[7, 12, 10, 2, 1, 4],[[2, 1], [3, 1], [3, 2], [3, 3], [1, 2], [2, 3]],1060,100,1057,348
733020,7,141,53,[7, 12, 10, 2, 1, 4],[[2, 1], [3, 1], [3, 2], [3, 3], [1, 2], [2, 3]],1069,109,1048,327
733089,7,141,53,[7, 12, 10, 2, 1, 4],[[2, 1], [3, 1], [3, 2], [3, 3], [1, 2], [2, 3]],1096,118,1019,264
733138,7,141,53,[7, 12, 10, 2, 1, 4],[[2, 1], [3, 1], [3, 2], [3, 3], [1, 2], [2, 3]],1067,128,1014,214
733184,7,141,53,[7, 12, 10, 2, 1, 4],[[2, 1], [3, 1], [3, 2], [3, 3], [1, 2], [2, 3]],1051,124,1027,159
733245,7,141,53,[7, 12, 10, 2, 1, 4],[[2, 1], [3, 1], [3, 2], [3, 3], [1, 2], [2, 3]],1034,150,1055,106
733314,7,141,53,[7, 12, 10, 2, 1, 4],[[2, 1], [3, 1], [3, 2], [3, 3], [1, 2], [2, 3]],1006,146,1057,75
733393,7,141,53,[7, 12, 10, 2, 1, 4],[[2, 1], [3, 1], [3, 2], [3, 3], [1, 2], [2, 3]],1030,123,1045,52
733458,7,141,53,[7, 12, 10, 2, 1, 4],[[2, 1], [3, 1], [3, 2], [3, 3], [1, 2], [2, 3]],1051,128,1043,48
733516,7,142,73,[7, 12, 10, 2, 5, 8],[[1, 3], [2, 3], [1, 1], [1, 2], [2, 2], [3, 1]],1072,111,1043,48
733575,7,142,73,[7, 12, 10, 2, 5, 8],[[1, 3], [2, 3], [1, 1], [1, 2], [2, 2], [3, 1]],1063,121,1042,52
733638,7,142,73,[7, 12, 10, 2, 5, 8],[[1, 3], [2, 3], [1, 1], [1, 2], [2, 2], [3, 1]],1085,124,1027,111
733701,7,142,73,[7, 12, 10, 2, 5, 8],[[1, 3], [2, 3], [1, 1], [1, 2], [2, 2], [3, 1]],1083,109,1006,134
733754,7,142,73,[7, 12, 10, 2, 5, 8],[[1, 3], [2, 3], [1, 1], [1, 2], [2, 2], [3, 1]],1078,98,1005,135
733821,7,142,73,[7, 12, 10, 2, 5, 8],[[1, 3], [2, 3], [1, 1], [1, 2], [2, 2], [3, 1]],1103,99,1005,140
733865,7,142,73,[7, 12, 10, 2, 5, 8],[[1, 3], [2, 3], [1, 1], [1, 2], [2, 2], [3, 1]],1098,86,1034,169
733928,7,142,73,[7, 12, 10, 2, 5, 8],[[1, 3], [2, 3], [1, 1], [1, 2], [2, 2], [3, 1]],1067,70,1100,217
733987,7,142,73,[7, 12, 10, 2, 5, 8],[[1, 3], [2, 3], [1, 1], [1, 2], [2, 2], [3, 1]],1066,71,1107,222
734057,7,142,73,[7, 12, 10, 2, 5, 8],[[1, 3], [2, 3], [1, 1], [1, 2], [2, 2], [3, 1]],1053,87,1107,222
734110,7,142,73,[7, 12, 10, 2, 5, 8],[[1, 3], [2, 3], [1, 1], [1, 2], [2, 2], [3, 1]],1039,81,1116,211
734160,7,142,73,[7, 12, 10, 2, 5, 8],[[1, 3], [2, 3], [1, 1], [1, 2], [2, 2], [3, 1]],1031,82,1132,169
734224,7,142,73,[7, 12, 10, 2, 5, 8],[[1, 3], [2, 3], [1, 1], [1, 2], [2, 2], [3, 1]],1028,89,1124,147
734286,7,142,73,[7, 12, 10, 2, 5, 8],[[1, 3], [2, 3], [1, 1], [1, 2], [2, 2], [3, 1]],1028,81,1117,142
734346,7,142,73,[7, 12, 10, 2, 5, 8],[[1, 3], [2, 3], [1, 1], [1, 2], [2, 2], [3, 1]],1032,89,1108,137
734404,7,142,73,[7, 12, 10, 2, 5, 8],[[1, 3], [2, 3], [1, 1], [1, 2], [2, 2], [3, 1]],1038,82,1103,135
734473,7,142,73,[7, 12, 10, 2, 5, 8],[[1, 3], [2, 3], [1, 1], [1, 2], [2, 2], [3, 1]],1047,97,1101,135
734522,7,142,73,[7, 12, 10, 2, 5, 8],[[1, 3], [2, 3], [1, 1], [1, 2], [2, 2], [3, 1]],1049,82,1082,132
734600,7,142,73,[7, 12, 10, 2, 5, 8],[[1, 3], [2, 3], [1, 1], [1, 2], [2, 2], [3, 1]],1050,55,1071,132
734663,7,142,73,[7, 12, 10, 2, 5, 8],[[1, 3], [2, 3], [1, 1], [1, 2], [2, 2], [3, 1]],1047,127,1076,137
734712,7,142,73,[7, 12, 10, 2, 5, 8],[[1, 3], [2, 3], [1, 1], [1, 2], [2, 2], [3, 1]],1031,125,1081,134
734756,7,142,73,[7, 12, 10, 2, 5, 8],[[1, 3], [2, 3], [1, 1], [1, 2], [2, 2], [3, 1]],1038,109,1097,123
734827,7,142,73,[7, 12, 10, 2, 5, 8],[[1, 3], [2, 3], [1, 1], [1, 2], [2, 2], [3, 1]],1056,103,1118,112
734875,7,142,73,[7, 12, 10, 2, 5, 8],[[1, 3], [2, 3], [1, 1], [1, 2], [2, 2], [3, 1]],1074,94,1122,112
734947,7,142,73,[7, 12, 10, 2, 5, 8],[[1, 3], [2, 3], [1, 1], [1, 2], [2, 2], [3, 1]],1106,117,1123,114
735010,7,142,73,[7, 12, 10, 2, 5, 8],[[1, 3], [2, 3], [1, 1], [1, 2], [2, 2], [3, 1]],1145,93,1125,121
735060,7,142,73,[7, 12, 10, 2, 5, 8],[[1, 3], [2, 3], [1, 1], [1, 2], [2, 2], [3, 1]],1145,75,1123,132
735124,7,142,73,[7, 12, 10, 2, 5, 8],[[1, 3], [2, 3], [1, 1], [1, 2], [2, 2], [3, 1]],1138,71,1116,141
735185,7,142,73,[7, 12, 10, 2, 5, 8],[[1, 3], [2, 3], [1, 1], [1, 2], [2, 2], [3, 1]],1158,80,1109,148
735259,7,142,73,[7, 12, 10, 2, 5, 8],[[1, 3], [2, 3], [1, 1], [1, 2], [2, 2], [3, 1]],1155,83,1098,157
735332,7,142,73,[7, 12, 10, 2, 5, 8],[[1, 3], [2, 3], [1, 1], [1, 2], [2, 2], [3, 1]],1183,47,1123,180
735388,7,142,73,[7, 12, 10, 2, 5, 8],[[1, 3], [2, 3], [1, 1], [1, 2], [2, 2], [3, 1]],1202,114,1145,187
735452,7,142,73,[7, 12, 10, 2, 5, 8],[[1, 3], [2, 3], [1, 1], [1, 2], [2, 2], [3, 1]],1193,106,1180,169
735512,7,142,73,[7, 12, 10, 2, 5, 8],[[1, 3], [2, 3], [1, 1], [1, 2], [2, 2], [3, 1]],1191,94,1187,163
735576,7,142,73,[7, 12, 10, 2, 5, 8],[[1, 3], [2, 3], [1, 1], [1, 2], [2, 2], [3, 1]],1189,83,1180,147
735635,7,142,73,[7, 12, 10, 2, 5, 8],[[1, 3], [2, 3], [1, 1], [1, 2], [2, 2], [3, 1]],1181,81,1171,131
735692,7,142,73,[7, 12, 10, 2, 5, 8],[[1, 3], [2, 3], [1, 1], [1, 2], [2, 2], [3, 1]],1172,106,1170,124
735751,7,142,73,[7, 12, 10, 2, 5, 8],[[1, 3], [2, 3], [1, 1], [1, 2], [2, 2], [3, 1]],1147,95,1174,117
735816,7,142,73,[7, 12, 10, 2, 5, 8],[[1, 3], [2, 3], [1, 1], [1, 2], [2, 2], [3, 1]],1138,109,1181,115
735870,7,142,73,[7, 12, 10, 2, 5, 8],[[1, 3], [2, 3], [1, 1], [1, 2], [2, 2], [3, 1]],1113,86,1192,117
735928,7,142,73,[7, 12, 10, 2, 5, 8],[[1, 3], [2, 3], [1, 1], [1, 2], [2, 2], [3, 1]],1110,71,1193,117
735982,7,142,73,[7, 12, 10, 2, 5, 8],[[1, 3], [2, 3], [1, 1], [1, 2], [2, 2], [3, 1]],1150,67,1193,117
736046,7,142,73,[7, 12, 10, 2, 5, 8],[[1, 3], [2, 3], [1, 1], [1, 2], [2, 2], [3, 1]],1141,54,1197,120
736115,7,142,73,[7, 12, 10, 2, 5, 8],[[1, 3], [2, 3], [1, 1], [1, 2], [2, 2], [3, 1]],1128,122,1191,136
736185,7,142,73,[7, 12, 10, 2, 5, 8],[[1, 3], [2, 3], [1, 1], [1, 2], [2, 2], [3, 1]],1122,131,1178,149
736249,7,142,73,[7, 12, 10, 2, 5, 8],[[1, 3], [2, 3], [1, 1], [1, 2], [2, 2], [3, 1]],1097,147,1166,156
736303,7,142,73,[7, 12, 10, 2, 5, 8],[[1, 3], [2, 3], [1, 1], [1, 2], [2, 2], [3, 1]],1086,125,1161,159
736367,7,142,73,[7, 12, 10, 2, 5, 8],[[1, 3], [2, 3], [1, 1], [1, 2], [2, 2], [3, 1]],1093,134,1157,162
736432,7,142,73,[7, 12, 10, 2, 5, 8],[[1, 3], [2, 3], [1, 1], [1, 2], [2, 2], [3, 1]],1099,134,1145,162
736493,7,142,73,[7, 12, 10, 2, 5, 8],[[1, 3], [2, 3], [1, 1], [1, 2], [2, 2], [3, 1]],1099,130,1137,161
736556,7,142,73,[7, 12, 10, 2, 5, 8],[[1, 3], [2, 3], [1, 1], [1, 2], [2, 2], [3, 1]],1097,111,1123,157
736613,7,142,73,[7, 12, 10, 2, 5, 8],[[1, 3], [2, 3], [1, 1], [1, 2], [2, 2], [3, 1]],1084,149,1119,156
736667,7,142,73,[7, 12, 10, 2, 5, 8],[[1, 3], [2, 3], [1, 1], [1, 2], [2, 2], [3, 1]],1076,150,1118,155
736729,7,142,73,[7, 12, 10, 2, 5, 8],[[1, 3], [2, 3], [1, 1], [1, 2], [2, 2], [3, 1]],1069,145,1117,149
736801,7,142,73,[7, 12, 10, 2, 5, 8],[[1, 3], [2, 3], [1, 1], [1, 2], [2, 2], [3, 1]],1075,151,1126,134
736859,7,142,73,[7, 12, 10, 2, 5, 8],[[1, 3], [2, 3], [1, 1], [1, 2], [2, 2], [3, 1]],1058,141,1132,127
736925,7,142,73,[7, 12, 10, 2, 5, 8],[[1, 3], [2, 3], [1, 1], [1, 2], [2, 2], [3, 1]],1073,118,1138,119
736987,7,142,73,[7, 12, 10, 2, 5, 8],[[1, 3], [2, 3], [1, 1], [1, 2], [2, 2], [3, 1]],1068,168,1138,119
737056,7,142,73,[7, 12, 10, 2, 5, 8],[[1, 3], [2, 3], [1, 1], [1, 2], [2, 2], [3, 1]],1083,178,1138,119
737122,7,142,73,[7, 12, 10, 2, 5, 8],[[1, 3], [2, 3], [1, 1], [1, 2], [2, 2], [3, 1]],1079,196,1138,119
737194,7,142,73,[7, 12, 10, 2, 5, 8],[[1, 3], [2, 3], [1, 1], [1, 2], [2, 2], [3, 1]],1080,186,1138,119
737267,7,142,73,[7, 12, 10, 2, 5, 8],[[1, 3], [2, 3], [1, 1], [1, 2], [2, 2], [3, 1]],1066,184,1138,119
737329,7,142,73,[7, 12, 10, 2, 5, 8],[[1, 3], [2, 3], [1, 1], [1, 2], [2, 2], [3, 1]],1058,169,1120,145
737388,7,142,73,[7, 12, 10, 2, 5, 8],[[1, 3], [2, 3], [1, 1], [1, 2], [2, 2], [3, 1]],1069,188,1115,175
737453,7,142,73,[7, 12, 10, 2, 5, 8],[[1, 3], [2, 3], [1, 1], [1, 2], [2, 2], [3, 1]],1081,209,1114,199
737505,7,142,73,[7, 12, 10, 2, 5, 8],[[1, 3], [2, 3], [1, 1], [1, 2], [2, 2], [3, 1]],1091,222,1111,208
737568,7,143,122,[9, 6, 10, 2, 5, 8],[[2, 3], [3, 3], [1, 2], [1, 3], [2, 2], [3, 1]],1098,203,1104,218
737619,7,143,122,[9, 6, 10, 2, 5, 8],[[2, 3], [3, 3], [1, 2], [1, 3], [2, 2], [3, 1]],1093,182,1102,220
737668,7,143,122,[9, 6, 10, 2, 5, 8],[[2, 3], [3, 3], [1, 2], [1, 3], [2, 2], [3, 1]],1117,190,1102,220
737708,7,143,122,[9, 6, 10, 2, 5, 8],[[2, 3], [3, 3], [1, 2], [1, 3], [2, 2], [3, 1]],1126,193,1102,220
737767,7,143,122,[9, 6, 10, 2, 5, 8],[[2, 3], [3, 3], [1, 2], [1, 3], [2, 2], [3, 1]],1126,188,1102,220
737815,7,143,122,[9, 6, 10, 2, 5, 8],[[2, 3], [3, 3], [1, 2], [1, 3], [2, 2], [3, 1]],1120,185,1102,220
737874,7,143,122,[9, 6, 10, 2, 5, 8],[[2, 3], [3, 3], [1, 2], [1, 3], [2, 2], [3, 1]],1131,162,1102,220
737922,7,143,122,[9, 6, 10, 2, 5, 8],[[2, 3], [3, 3], [1, 2], [1, 3], [2, 2], [3, 1]],1130,182,1102,220
737979,7,143,122,[9, 6, 10, 2, 5, 8],[[2, 3], [3, 3], [1, 2], [1, 3], [2, 2], [3, 1]],1133,170,1103,222
738022,7,143,122,[9, 6, 10, 2, 5, 8],[[2, 3], [3, 3], [1, 2], [1, 3], [2, 2], [3, 1]],1122,125,1108,223
738086,7,143,122,[9, 6, 10, 2, 5, 8],[[2, 3], [3, 3], [1, 2], [1, 3], [2, 2], [3, 1]],1143,161,1123,222
738137,7,143,122,[9, 6, 10, 2, 5, 8],[[2, 3], [3, 3], [1, 2], [1, 3], [2, 2], [3, 1]],1126,152,1133,218
738188,7,143,122,[9, 6, 10, 2, 5, 8],[[2, 3], [3, 3], [1, 2], [1, 3], [2, 2], [3, 1]],1140,148,1135,215
738242,7,143,122,[9, 6, 10, 2, 5, 8],[[2, 3], [3, 3], [1, 2], [1, 3], [2, 2], [3, 1]],1135,136,1138,208
738286,7,143,122,[9, 6, 10, 2, 5, 8],[[2, 3], [3, 3], [1, 2], [1, 3], [2, 2], [3, 1]],1124,138,1138,205
738360,7,143,122,[9, 6, 10, 2, 5, 8],[[2, 3], [3, 3], [1, 2], [1, 3], [2, 2], [3, 1]],1095,122,1128,198
738439,7,143,122,[9, 6, 10, 2, 5, 8],[[2, 3], [3, 3], [1, 2], [1, 3], [2, 2], [3, 1]],1078,131,1115,186
738515,7,143,122,[9, 6, 10, 2, 5, 8],[[2, 3], [3, 3], [1, 2], [1, 3], [2, 2], [3, 1]],1087,137,1147,168
738583,7,143,122,[9, 6, 10, 2, 5, 8],[[2, 3], [3, 3], [1, 2], [1, 3], [2, 2], [3, 1]],1069,130,1152,166
738627,7,143,122,[9, 6, 10, 2, 5, 8],[[2, 3], [3, 3], [1, 2], [1, 3], [2, 2], [3, 1]],1015,124,1152,166
738683,7,143,122,[9, 6, 10, 2, 5, 8],[[2, 3], [3, 3], [1, 2], [1, 3], [2, 2], [3, 1]],1014,131,1137,148
738768,7,143,122,[9, 6, 10, 2, 5, 8],[[2, 3], [3, 3], [1, 2], [1, 3], [2, 2], [3, 1]],1038,135,1114,118
738833,7,143,122,[9, 6, 10, 2, 5, 8],[[2, 3], [3, 3], [1, 2], [1, 3], [2, 2], [3, 1]],1030,110,1088,106
738891,7,143,122,[9, 6, 10, 2, 5, 8],[[2, 3], [3, 3], [1, 2], [1, 3], [2, 2], [3, 1]],1049,75,1062,106
738957,7,143,122,[9, 6, 10, 2, 5, 8],[[2, 3], [3, 3], [1, 2], [1, 3], [2, 2], [3, 1]],1037,60,1050,108
739027,7,143,122,[9, 6, 10, 2, 5, 8],[[2, 3], [3, 3], [1, 2], [1, 3], [2, 2], [3, 1]],1054,90,1040,111
739097,7,143,122,[9, 6, 10, 2, 5, 8],[[2, 3], [3, 3], [1, 2], [1, 3], [2, 2], [3, 1]],1072,75,1039,111
739174,7,143,122,[9, 6, 10, 2, 5, 8],[[2, 3], [3, 3], [1, 2], [1, 3], [2, 2], [3, 1]],1057,79,1037,122
739262,7,143,122,[9, 6, 10, 2, 5, 8],[[2, 3], [3, 3], [1, 2], [1, 3], [2, 2], [3, 1]],1090,76,1061,129
739317,7,143,122,[9, 6, 10, 2, 5, 8],[[2, 3], [3, 3], [1, 2], [1, 3], [2, 2], [3, 1]],1085,94,1083,129
739368,7,143,122,[9, 6, 10, 2, 5, 8],[[2, 3], [3, 3], [1, 2], [1, 3], [2, 2], [3, 1]],1099,109,1108,127
739409,7,143,122,[9, 6, 10, 2, 5, 8],[[2, 3], [3, 3], [1, 2], [1, 3], [2, 2], [3, 1]],1097,102,1124,125
739489,7,143,122,[9, 6, 10, 2, 5, 8],[[2, 3], [3, 3], [1, 2], [1, 3], [2, 2], [3, 1]],1100,114,1137,121
739533,7,143,122,[9, 6, 10, 2, 5, 8],[[2, 3], [3, 3], [1, 2], [1, 3], [2, 2], [3, 1]],1123,105,1139,120
739578,7,143,122,[9, 6, 10, 2, 5, 8],[[2, 3], [3, 3], [1, 2], [1, 3], [2, 2], [3, 1]],1127,104,1142,120
739634,7,143,122,[9, 6, 10, 2, 5, 8],[[2, 3], [3, 3], [1, 2], [1, 3], [2, 2], [3, 1]],1142,120,1147,120
739708,7,143,122,[9, 6, 10, 2, 5, 8],[[2, 3], [3, 3], [1, 2], [1, 3], [2, 2], [3, 1]],1144,123,1148,120
739753,7,143,122,[9, 6, 10, 2, 5, 8],[[2, 3], [3, 3], [1, 2], [1, 3], [2, 2], [3, 1]],1132,125,1148,125
739794,7,143,122,[9, 6, 10, 2, 5, 8],[[2, 3], [3, 3], [1, 2], [1, 3], [2, 2], [3, 1]],1118,132,1145,132
739843,7,143,122,[9, 6, 10, 2, 5, 8],[[2, 3], [3, 3], [1, 2], [1, 3], [2, 2], [3, 1]],1100,133,1128,145
739883,7,143,122,[9, 6, 10, 2, 5, 8],[[2, 3], [3, 3], [1, 2], [1, 3], [2, 2], [3, 1]],1084,132,1118,147
739932,7,143,122,[9, 6, 10, 2, 5, 8],[[2, 3], [3, 3], [1, 2], [1, 3], [2, 2], [3, 1]],1065,111,1097,140
739972,7,143,122,[9, 6, 10, 2, 5, 8],[[2, 3], [3, 3], [1, 2], [1, 3], [2, 2], [3, 1]],1059,100,1073,130
740036,7,143,122,[9, 6, 10, 2, 5, 8],[[2, 3], [3, 3], [1, 2], [1, 3], [2, 2], [3, 1]],1056,98,1055,124
740095,7,143,122,[9, 6, 10, 2, 5, 8],[[2, 3], [3, 3], [1, 2], [1, 3], [2, 2], [3, 1]],1059,111,1034,120
740158,7,143,122,[9, 6, 10, 2, 5, 8],[[2, 3], [3, 3], [1, 2], [1, 3], [2, 2], [3, 1]],1059,77,1012,120
740195,7,143,122,[9, 6, 10, 2, 5, 8],[[2, 3], [3, 3], [1, 2], [1, 3], [2, 2], [3, 1]],1075,51,1011,120
740258,7,143,122,[9, 6, 10, 2, 5, 8],[[2, 3], [3, 3], [1, 2], [1, 3], [2, 2], [3, 1]],1074,77,1005,124
740312,7,143,122,[9, 6, 10, 2, 5, 8],[[2, 3], [3, 3], [1, 2], [1, 3], [2, 2], [3, 1]],1077,96,999,131
740366,7,143,122,[9, 6, 10, 2, 5, 8],[[2, 3], [3, 3], [1, 2], [1, 3], [2, 2], [3, 1]],1076,99,1003,135
740433,7,143,122,[9, 6, 10, 2, 5, 8],[[2, 3], [3, 3], [1, 2], [1, 3], [2, 2], [3, 1]],1051,105,1012,138
740497,7,143,122,[9, 6, 10, 2, 5, 8],[[2, 3], [3, 3], [1, 2], [1, 3], [2, 2], [3, 1]],1037,98,1024,136
740569,7,143,122,[9, 6, 10, 2, 5, 8],[[2, 3], [3, 3], [1, 2], [1, 3], [2, 2], [3, 1]],1013,95,1058,127
740640,7,143,122,[9, 6, 10, 2, 5, 8],[[2, 3], [3, 3], [1, 2], [1, 3], [2, 2], [3, 1]],1018,98,1076,124
740714,7,143,122,[9, 6, 10, 2, 5, 8],[[2, 3], [3, 3], [1, 2], [1, 3], [2, 2], [3, 1]],1017,100,1110,122
740752,7,143,122,[9, 6, 10, 2, 5, 8],[[2, 3], [3, 3], [1, 2], [1, 3], [2, 2], [3, 1]],1027,112,1113,122
740825,7,143,122,[9, 6, 10, 2, 5, 8],[[2, 3], [3, 3], [1, 2], [1, 3], [2, 2], [3, 1]],1031,86,1120,130
740893,7,143,122,[9, 6, 10, 2, 5, 8],[[2, 3], [3, 3], [1, 2], [1, 3], [2, 2], [3, 1]],1026,77,1122,134
740982,7,143,122,[9, 6, 10, 2, 5, 8],[[2, 3], [3, 3], [1, 2], [1, 3], [2, 2], [3, 1]],1020,94,1122,134
741044,7,143,122,[9, 6, 10, 2, 5, 8],[[2, 3], [3, 3], [1, 2], [1, 3], [2, 2], [3, 1]],1042,89,1100,138
741098,7,143,122,[9, 6, 10, 2, 5, 8],[[2, 3], [3, 3], [1, 2], [1, 3], [2, 2], [3, 1]],1027,99,1091,137
741206,7,143,122,[9, 6, 10, 2, 5, 8],[[2, 3], [3, 3], [1, 2], [1, 3], [2, 2], [3, 1]],1037,106,1054,122
741281,7,143,122,[9, 6, 10, 2, 5, 8],[[2, 3], [3, 3], [1, 2], [1, 3], [2, 2], [3, 1]],1057,92,1034,109
741363,7,143,122,[9, 6, 10, 2, 5, 8],[[2, 3], [3, 3], [1, 2], [1, 3], [2, 2], [3, 1]],1081,106,1025,88
741409,7,143,122,[9, 6, 10, 2, 5, 8],[[2, 3], [3, 3], [1, 2], [1, 3], [2, 2], [3, 1]],1073,93,1021,83
741457,7,143,122,[9, 6, 10, 2, 5, 8],[[2, 3], [3, 3], [1, 2], [1, 3], [2, 2], [3, 1]],1081,51,1021,80
741509,7,143,122,[9, 6, 10, 2, 5, 8],[[2, 3], [3, 3], [1, 2], [1, 3], [2, 2], [3, 1]],1093,85,1020,68
741554,7,143,122,[9, 6, 10, 2, 5, 8],[[2, 3], [3, 3], [1, 2], [1, 3], [2, 2], [3, 1]],1092,75,1024,60
741604,7,144,110,[9, 6, 10, 2, 5, 8],[[2, 3], [3, 3], [1, 1], [1, 2], [2, 2], [3, 1]],1079,53,1052,51
