"Block","Tracked_x","Tracked_y","Mouse_x","Mouse_y"
0,950,531,961,549
0,952,528,961,549
0,957,530,961,549
0,973,549,961,549
0,958,568,961,549
0,972,556,961,549
0,981,551,961,549
0,950,566,961,549
0,935,572,961,549
0,942,589,961,549
0,952,592,961,549
0,956,609,961,549
0,984,603,961,549
0,957,590,962,549
0,926,578,962,549
0,944,582,962,549
0,933,586,962,549
0,924,588,962,549
0,913,598,962,549
0,905,581,962,549
0,905,571,962,549
0,879,594,962,549
0,873,589,962,549
0,871,589,962,549
0,883,596,962,549
0,884,587,962,549
0,866,597,962,549
0,848,588,962,549
0,870,599,962,549
0,870,615,962,549
0,846,608,962,549
0,851,609,962,549
0,848,587,962,549
0,839,584,962,549
0,853,579,962,549
0,868,577,962,549
0,863,575,962,549
0,867,557,962,549
0,862,554,962,549
0,852,554,962,549
0,867,542,962,549
0,834,540,962,549
0,843,524,962,549
0,875,537,958,549
0,885,535,955,550
0,874,564,950,551
0,872,560,947,554
0,878,566,944,554
0,886,570,940,555
0,880,555,937,556
0,894,548,935,556
0,891,544,933,556
0,911,540,933,556
0,923,545,932,556
0,923,515,930,556
0,935,510,925,555
0,918,517,918,555
0,912,520,912,552
0,903,525,910,551
0,894,542,910,550
0,886,568,910,549
0,918,578,910,549
0,921,579,910,549
0,933,591,910,549
0,932,596,910,549
0,935,602,910,549
0,939,623,910,549
0,925,628,913,546
0,935,613,920,543
0,913,599,925,541
0,912,574,931,539
0,899,601,934,538
0,908,596,938,538
0,927,597,938,538
0,921,578,938,540
0,932,590,938,544
0,917,588,938,546
0,917,575,938,550
0,898,580,939,552
0,885,578,939,556
0,887,561,939,560
0,880,574,939,563
0,896,612,935,569
0,876,574,933,574
0,869,591,928,580
0,894,591,926,582
0,914,595,925,583
0,912,592,925,583
0,934,586,925,583
0,899,562,926,584
0,897,580,926,584
0,912,583,926,585
0,898,565,926,585
0,901,544,924,588
0,888,554,917,589
0,891,557,914,590
0,900,556,911,590
0,901,540,910,590
0,896,541,909,590
0,883,533,909,590
0,890,518,909,590
0,870,515,909,590
0,885,529,909,589
0,873,553,911,589
0,856,563,912,589
0,844,552,914,589
0,833,555,920,591
0,834,573,923,592
0,851,565,926,592
0,848,562,926,592
0,849,573,926,592
0,867,547,926,589
0,875,566,922,586
0,894,538,916,581
0,889,549,911,579
0,863,530,910,578
0,849,532,909,578
0,857,540,908,578
0,841,546,908,578
0,842,549,904,578
0,847,554,901,578
0,854,556,895,576
0,844,550,894,576
0,857,554,894,576
0,851,513,894,575
0,871,494,894,575
0,891,498,894,573
0,893,508,894,572
0,898,506,894,571
0,916,504,894,569
0,945,481,894,568
0,943,480,891,567
0,950,481,884,567
0,940,486,875,567
0,932,478,868,567
0,932,491,866,567
0,927,482,865,567
0,929,495,865,567
0,907,507,865,567
0,922,500,865,567
0,909,480,865,567
0,922,487,865,566
0,906,483,866,565
0,886,494,868,562
0,898,493,870,561
0,895,508,874,560
0,875,511,878,560
0,893,513,880,558
0,890,495,881,557
0,913,500,881,556
0,916,524,881,554
0,899,523,881,553
0,909,544,882,551
0,916,584,886,545
0,912,578,891,532
0,920,579,892,531
0,942,570,892,531
0,943,571,892,530
0,957,538,892,530
0,971,522,888,531
0,987,507,888,531
0,1011,501,888,530
0,1013,494,889,525
0,1010,494,892,522
0,1046,518,894,522
0,1046,529,895,522
0,1049,530,895,525
0,1055,571,896,533
0,1045,570,896,547
0,1074,592,896,558
0,1071,588,897,560
0,1079,576,898,560
0,1066,566,900,560
0,1043,555,908,557
0,1042,540,915,556
0,1041,541,923,554
0,1046,527,930,554
0,1026,539,932,554
0,1037,542,935,558
0,1026,551,938,565
0,1033,538,942,578
0,1030,533,957,592
0,1028,540,961,592
0,1034,562,978,589
0,1054,583,996,582
0,1043,576,1005,578
0,1054,589,1006,577
0,1069,584,1006,577
0,1063,590,1006,577
0,1069,582,1005,582
0,1063,579,1005,582
0,1042,558,1006,582
0,1019,576,1006,582
0,1029,589,1006,582
0,1022,592,1005,580
0,1012,572,1003,578
0,1028,566,1000,576
0,1030,580,992,572
0,1040,584,984,570
0,1023,582,972,569
0,1021,576,963,569
0,1016,557,958,569
0,1016,553,957,569
0,1071,546,956,569
0,1068,516,957,569
0,1059,491,960,569
0,1068,499,965,569
0,1075,520,969,569
0,1104,490,973,570
0,1104,491,975,570
0,1097,504,976,570
0,1098,519,978,570
0,1095,531,980,571
0,1069,525,986,571
0,1067,516,991,572
0,1063,517,992,572
0,1086,534,992,572
0,1082,525,993,572
0,1109,515,998,572
0,1095,503,1003,569
0,1110,504,1011,565
0,1100,493,1018,562
0,1075,511,1026,561
0,1079,522,1032,559
0,1066,512,1037,559
0,1077,517,1041,559
0,1079,509,1043,559
0,1078,496,1044,559
0,1063,476,1044,559
0,1075,462,1044,559
0,1074,477,1044,559
0,1054,479,1044,559
0,1039,489,1048,559
0,1038,504,1053,558
0,1038,481,1058,557
0,1050,490,1060,555
0,1016,476,1060,554
0,995,488,1059,554
0,969,458,1054,553
0,955,464,1047,553
0,959,449,1043,549
0,965,439,1037,543
0,972,443,1031,534
0,996,406,1026,527
0,1013,429,1022,520
0,1006,433,1021,519
0,992,411,1020,519
0,1005,439,1016,519
0,1008,434,1012,519
0,997,447,1007,519
0,988,444,1004,519
0,976,425,1001,515
0,974,413,998,508
0,979,402,995,501
0,964,419,995,500
0,968,411,995,499
0,964,400,995,499
0,952,397,998,496
0,961,432,1001,495
0,967,414,1002,494
0,954,434,1004,493
0,942,424,1005,493
0,969,437,1005,492
0,954,425,1005,492
0,982,412,1005,492
0,990,401,1005,492
0,970,400,1003,492
0,970,410,1003,489
0,966,407,1003,483
0,970,418,1003,474
0,963,417,1002,464
0,980,412,997,453
0,992,426,996,447
0,994,447,995,446
0,982,427,995,446
0,960,420,992,446
0,946,403,991,445
0,942,421,991,443
0,918,411,991,439
0,900,412,991,433
0,907,415,991,430
0,920,388,991,428
0,936,397,991,427
0,938,399,991,427
0,946,398,991,427
0,937,385,991,427
0,937,380,991,427
0,933,396,994,427
0,920,397,996,427
0,942,376,1000,429
0,939,358,1005,433
0,940,349,1007,435
0,951,337,1007,435
0,969,327,1007,435
0,967,319,1005,435
0,985,327,1001,434
0,970,328,999,433
0,964,327,999,430
0,966,346,998,428
0,942,329,997,423
0,941,317,994,419
0,922,334,993,416
0,933,327,991,412
0,933,336,984,405
0,934,366,983,402
0,926,370,979,396
0,934,350,979,393
0,929,337,978,387
0,905,331,978,379
0,901,339,978,372
0,896,347,980,363
0,905,364,981,359
0,913,335,982,357
0,910,328,982,355
0,915,337,982,354
0,910,336,982,350
0,926,346,980,348
0,903,348,977,347
0,893,336,977,347
0,898,306,977,347
0,891,304,976,347
0,886,307,974,348
0,893,302,972,349
0,907,301,969,349
0,906,295,964,349
0,899,287,961,349
0,912,259,960,350
0,909,253,958,352
0,905,229,956,353
0,875,258,955,356
0,875,249,953,361
0,897,271,952,362
0,882,278,950,362
0,897,265,950,362
0,914,253,949,361
0,907,272,945,353
0,925,286,941,348
0,932,271,940,346
0,928,271,940,343
0,917,287,938,340
0,930,267,938,332
0,937,261,938,326
0,926,243,938,321
0,923,211,935,319
0,915,233,934,318
0,910,249,932,317
0,927,245,931,316
0,910,252,931,311
0,893,241,931,300
0,889,225,931,292
0,903,244,931,286
0,916,257,931,284
0,926,250,931,283
0,941,241,931,283
0,939,267,931,282
0,977,228,933,279
0,980,237,935,274
0,941,202,937,270
0,949,228,937,269
0,942,235,938,268
0,950,259,938,267
0,915,284,938,266
0,901,273,938,263
0,911,268,938,262
0,940,275,938,262
0,930,275,938,262
0,940,292,939,265
0,950,283,943,269
0,930,294,946,270
0,918,265,948,271
0,917,248,949,271
0,928,231,950,271
0,921,221,951,273
0,897,233,951,276
0,899,228,953,289
0,892,212,953,301
0,908,215,952,310
0,902,230,952,315
0,898,224,952,318
0,890,236,953,318
0,884,239,953,319
0,901,250,953,319
0,890,248,953,319
0,858,229,953,319
0,827,229,953,319
0,830,237,952,319
0,840,204,948,307
0,827,206,944,297
0,806,206,941,288
0,803,191,939,282
0,807,198,939,281
0,820,204,939,280
0,817,223,939,280
0,829,203,939,280
0,811,216,939,280
0,824,212,939,280
0,817,220,939,280
0,802,226,936,280
0,789,239,932,278
0,784,253,923,275
0,820,254,914,270
0,838,275,904,264
0,813,254,896,261
0,808,273,886,258
0,797,271,874,254
0,816,264,871,250
0,807,266,868,248
0,840,275,868,246
0,844,263,867,244
0,821,271,865,239
0,822,278,859,236
0,825,283,852,234
0,833,280,842,234
0,830,282,828,234
0,809,317,807,240
0,806,313,790,245
0,818,305,777,248
0,805,296,769,249
0,820,309,767,252
0,824,323,767,254
0,805,328,767,254
0,804,318,767,254
0,798,312,767,257
0,792,343,767,264
0,790,355,772,273
0,799,347,776,281
0,804,354,780,286
0,790,348,785,292
0,809,378,790,296
0,791,366,815,305
0,784,375,838,311
0,769,385,851,318
0,779,376,860,321
0,772,357,860,322
0,761,351,860,325
0,764,352,855,334
0,741,359,848,350
0,722,384,840,359
0,724,389,834,369
0,713,400,833,374
0,721,412,833,379
0,741,397,838,391
0,749,418,850,401
0,745,422,854,404
0,749,444,865,411
0,772,458,867,412
0,778,461,867,414
0,787,498,867,419
0,775,503,865,425
0,808,501,863,429
0,806,476,859,431
0,815,467,852,435
0,830,467,843,438
0,831,459,833,440
0,824,436,820,443
0,837,421,808,443
0,829,397,801,446
0,841,413,800,447
0,845,393,797,449
0,847,393,796,456
0,872,368,795,461
0,876,357,794,468
0,887,348,794,473
0,861,351,797,482
0,869,358,804,486
0,848,336,813,486
0,851,339,820,486
0,878,367,829,484
0,882,361,846,476
0,902,357,854,468
0,905,380,864,454
0,896,375,868,447
0,902,371,874,441
0,913,372,880,432
0,899,401,888,419
0,918,409,891,406
0,961,380,891,396
0,977,388,890,391
0,989,372,889,389
0,990,360,886,388
0,975,367,885,388
0,974,351,884,387
0,984,322,883,387
0,985,299,883,387
0,1000,292,884,387
0,983,319,917,391
0,977,330,930,391
0,979,324,950,391
0,1002,310,958,391
0,1028,322,963,392
0,1018,312,967,393
0,1042,320,977,393
0,1048,306,988,391
0,1047,314,1001,385
0,1064,318,1008,382
0,1076,342,1009,381
0,1073,320,1009,381
0,1057,310,1009,380
0,1066,299,1009,378
0,1055,310,1008,374
0,1077,341,1006,373
0,1069,325,1002,372
0,1086,325,1002,372
0,1076,356,1002,371
0,1077,353,1007,361
0,1072,364,1013,351
0,1084,374,1016,348
0,1103,362,1016,348
0,1100,382,1016,348
0,1069,377,1015,348
0,1075,386,1014,353
0,1050,397,1014,362
0,1051,377,1017,363
0,1059,411,1044,355
0,1066,398,1061,346
0,1058,379,1105,321
0,1061,398,1126,312
0,1068,409,1129,311
0,1063,427,1129,311
0,1058,416,1129,311
0,1058,423,1129,317
0,1064,413,1129,323
0,1066,416,1129,324
0,1077,395,1129,325
0,1072,377,1129,328
0,1079,381,1129,333
0,1080,367,1129,339
0,1093,359,1127,349
0,1092,343,1123,358
0,1094,332,1114,371
0,1095,330,1107,380
0,1076,356,1099,386
0,1082,364,1095,392
0,1062,393,1093,394
0,1061,380,1093,396
0,1074,371,1093,397
0,1081,395,1093,397
0,1074,396,1093,397
0,1076,399,1093,397
0,1081,405,1093,397
0,1047,407,1093,397
0,1058,423,1098,396
0,1063,389,1100,394
0,1064,401,1101,390
0,1063,406,1101,389
0,1062,398,1101,388
0,1065,369,1101,387
0,1072,385,1101,387
0,1057,389,1100,387
0,1062,371,1100,388
0,1075,374,1100,388
0,1084,371,1100,389
0,1074,386,1100,391
0,1068,402,1100,392
0,1051,399,1099,394
0,1062,394,1098,395
0,1063,383,1096,399
0,1067,377,1094,401
0,1050,391,1093,402
0,1075,414,1093,403
0,1084,404,1092,403
0,1109,391,1092,403
0,1121,414,1092,403
0,1105,408,1092,403
0,1107,394,1092,403
0,1096,383,1092,403
0,1123,371,1092,403
0,1114,410,1092,403
0,1132,414,1092,403
0,1121,418,1091,403
0,1124,390,1091,403
0,1140,361,1091,402
0,1100,348,1093,401
0,1114,345,1097,400
0,1128,339,1098,399
0,1137,327,1098,399
0,1133,313,1098,399
0,1144,326,1103,401
0,1142,339,1108,405
0,1148,328,1111,405
0,1141,346,1111,407
0,1127,353,1111,407
0,1136,349,1111,407
0,1147,328,1111,407
0,1170,345,1111,407
0,1180,334,1111,407
0,1172,343,1111,407
0,1151,340,1112,406
0,1161,347,1113,404
0,1169,316,1114,404
0,1180,328,1116,402
0,1191,300,1120,400
0,1169,293,1127,392
0,1174,311,1130,388
0,1187,315,1131,387
0,1190,348,1131,387
0,1183,325,1131,387
0,1181,329,1132,387
0,1184,324,1136,386
0,1182,295,1146,381
0,1179,299,1153,379
0,1179,283,1158,377
0,1187,287,1163,376
0,1190,285,1167,373
0,1177,308,1173,366
0,1181,279,1175,359
0,1187,275,1180,354
0,1186,280,1182,351
0,1190,287,1186,349
0,1182,298,1191,346
0,1193,282,1196,345
0,1187,282,1199,345
0,1182,277,1201,345
0,1204,278,1202,345
0,1213,286,1202,345
0,1202,295,1202,345
0,1214,283,1202,344
0,1218,264,1203,340
0,1211,264,1206,333
0,1176,259,1209,329
0,1176,273,1210,327
0,1190,277,1210,327
0,1181,269,1210,327
0,1182,271,1210,327
0,1174,274,1210,326
0,1172,259,1210,325
0,1169,265,1208,321
0,1159,270,1207,318
0,1161,272,1207,315
0,1178,262,1207,314
0,1191,290,1207,314
0,1177,292,1207,314
0,1166,308,1207,313
0,1177,323,1206,312
0,1139,339,1205,312
0,1145,324,1199,308
0,1159,311,1191,305
0,1177,284,1180,297
0,1164,288,1164,289
0,1156,292,1150,282
0,1159,331,1141,277
0,1149,356,1134,274
0,1123,354,1133,274
0,1140,349,1133,274
0,1099,358,1133,275
0,1076,368,1130,277
0,1086,342,1129,279
0,1118,343,1127,281
0,1127,350,1126,282
0,1123,346,1125,283
0,1128,331,1123,284
0,1113,332,1123,284
0,1115,328,1123,287
0,1091,355,1123,293
0,1080,369,1122,301
0,1079,366,1117,312
0,1072,358,1108,332
0,1047,318,1094,347
0,1059,303,1082,357
0,1066,309,1069,360
0,1059,308,1062,362
0,1051,284,1053,363
0,1063,286,1038,368
0,1064,276,1016,374
0,1050,300,1003,390
0,1014,323,992,402
0,1001,316,988,406
0,992,339,988,406
0,1008,337,988,406
0,1006,337,989,406
0,997,329,990,403
0,985,340,991,400
0,985,320,992,394
0,968,337,994,390
0,936,343,993,388
0,934,364,993,385
0,918,371,992,384
0,917,375,991,382
0,908,412,991,377
0,881,391,994,368
0,875,401,996,361
0,870,405,996,359
0,865,407,996,358
0,869,399,995,358
0,878,406,989,360
0,857,409,976,370
0,848,412,964,380
0,842,405,953,386
0,867,418,952,386
0,867,418,951,386
0,855,415,952,384
0,828,427,952,383
0,825,424,952,383
0,818,429,952,382
0,829,460,952,382
0,831,452,952,382
0,819,451,952,382
0,816,454,948,382
0,813,448,941,382
0,804,460,932,382
0,804,438,928,382
0,821,428,925,382
0,825,423,922,382
0,818,432,920,382
0,819,425,915,382
0,805,415,906,385
0,809,433,897,389
0,813,433,887,394
0,824,448,880,398
0,831,447,871,404
0,826,453,859,414
0,824,468,847,424
0,826,460,835,436
0,811,455,829,442
0,808,451,826,443
0,815,433,826,443
0,814,410,826,443
0,806,423,826,443
0,806,413,826,443
0,801,399,826,443
0,824,404,826,443
0,803,390,825,443
0,796,383,823,444
0,798,374,820,448
0,810,370,820,451
0,821,363,818,457
0,836,404,819,459
0,813,414,819,459
0,819,401,820,459
0,814,400,820,459
0,809,405,820,459
0,797,407,820,459
0,805,404,821,459
0,818,393,823,459
0,784,395,827,459
0,776,392,829,456
0,762,392,833,451
0,753,392,842,447
0,745,404,864,437
0,768,393,879,433
0,780,401,896,427
0,756,405,909,423
0,737,417,914,420
0,743,422,916,420
0,738,430,914,418
0,717,427,913,418
0,724,430,907,415
0,728,439,903,413
0,719,448,901,410
0,712,458,897,407
0,705,448,895,406
0,709,441,895,406
0,736,463,895,406
0,736,466,895,406
0,736,459,895,406
0,740,480,894,406
0,722,478,889,407
0,720,477,873,414
0,728,491,854,425
0,713,504,835,429
0,747,509,809,437
0,765,537,781,447
0,767,561,755,455
0,769,546,737,462
0,768,531,728,465
0,756,546,728,466
0,776,566,728,466
0,774,546,728,466
0,770,553,728,466
0,766,544,728,467
0,755,552,728,469
0,774,546,728,469
0,769,555,728,471
0,761,587,728,473
0,776,611,730,478
0,790,624,741,494
0,798,607,757,520
0,797,578,771,544
0,817,596,779,550
0,839,590,792,561
0,824,564,805,576
0,836,557,809,581
0,836,553,809,584
0,821,544,809,585
0,813,564,809,585
0,816,559,809,585
0,815,578,809,585
0,814,578,809,585
0,796,555,809,585
0,799,537,811,585
0,818,536,816,586
0,812,527,825,588
0,814,529,834,589
0,818,532,839,589
0,845,537,842,589
0,853,545,848,587
0,877,527,853,585
0,885,530,862,579
0,895,548,877,570
0,910,543,881,566
0,921,539,881,565
0,920,535,881,562
0,923,539,881,558
0,920,539,881,553
0,931,545,881,548
0,939,544,879,543
0,926,539,878,541
0,928,560,875,537
0,951,541,875,535
0,973,533,876,532
0,957,534,879,530
0,965,524,883,529
0,966,522,891,529
0,979,515,900,529
0,978,504,912,529
0,977,515,934,529
0,979,500,953,527
0,955,509,964,526
0,957,529,967,523
0,936,544,967,523
0,943,551,967,523
0,948,554,967,523
0,935,568,974,526
0,907,573,979,526
0,920,569,981,526
0,910,572,982,526
0,888,584,983,526
0,914,576,985,525
0,948,599,987,521
0,939,600,991,514
0,952,612,994,505
0,938,618,996,495
0,959,612,996,491
0,973,618,994,488
0,970,619,993,486
0,979,616,992,486
0,986,592,990,486
0,977,614,980,487
0,983,633,969,491
0,990,630,948,503
0,995,604,923,528
0,983,611,904,552
0,986,634,896,562
0,993,639,896,563
0,965,661,899,564
0,961,659,905,564
0,981,658,913,567
0,1005,673,918,568
0,1013,699,925,571
0,1005,663,927,572
0,1002,670,931,576
0,1004,646,935,583
0,1003,647,941,592
0,1012,651,949,601
0,1018,655,960,607
0,1009,672,967,609
0,1009,683,968,610
0,999,665,969,610
0,1039,655,967,615
0,1034,637,964,633
0,1057,643,960,663
0,1059,646,963,701
0,1053,654,974,717
0,1038,668,983,720
0,1019,668,988,721
0,1036,646,1000,723
0,1000,620,1009,723
0,1016,639,1013,722
0,1002,650,1014,720
0,1011,652,1014,717
0,1006,654,1012,715
0,1014,656,1012,715
0,1043,680,1012,715
0,1041,672,1013,715
0,1015,690,1020,714
0,1001,697,1024,710
0,981,699,1025,706
0,963,688,1025,696
0,954,673,1025,675
0,944,665,1029,660
0,928,675,1033,653
0,950,651,1036,647
0,947,663,1037,643
0,953,689,1037,637
0,976,674,1035,628
0,981,673,1034,622
0,1005,672,1034,622
0,974,679,1034,622
0,981,682,1034,632
0,989,699,1030,640
0,986,719,1029,640
0,981,740,1025,642
0,980,735,1016,645
0,953,726,1003,651
0,942,716,992,658
0,954,730,985,659
0,951,735,984,659
0,944,733,984,659
0,940,735,983,659
0,952,752,979,660
0,923,748,977,661
0,920,755,977,662
0,923,768,977,662
0,910,761,977,662
0,916,742,978,662
0,917,755,980,662
0,931,731,980,662
0,932,730,980,662
0,931,754,977,665
0,928,756,970,671
0,947,754,962,680
0,946,784,948,690
0,932,757,944,693
0,938,766,938,701
0,920,737,931,710
0,934,746,928,719
0,961,748,925,725
0,980,755,923,727
0,983,764,921,730
0,981,755,918,732
0,979,751,918,732
0,983,723,918,732
0,971,716,918,732
0,965,718,918,732
0,974,726,917,732
0,981,729,916,732
0,996,705,915,733
0,1036,698,915,734
0,1036,688,916,734
0,1018,681,921,732
0,1009,683,930,719
0,1001,694,936,706
0,1010,706,936,697
0,1035,719,936,688
0,1047,707,935,687
0,1066,710,935,687
0,1081,698,935,686
0,1096,711,935,686
0,1104,727,935,686
0,1071,687,937,686
0,1076,677,947,682
0,1065,684,953,679
0,1056,695,968,662
0,1047,697,974,657
0,1029,711,975,656
0,1032,716,976,654
0,1025,712,977,653
0,1041,717,979,651
0,1038,708,985,647
0,1048,726,994,645
0,1054,717,1001,645
0,1022,733,1004,645
0,1020,729,1005,645
0,1027,727,1011,647
0,1029,740,1014,647
0,1012,746,1015,647
0,1017,749,1015,647
0,994,772,1015,648
0,999,788,1017,654
0,978,775,1019,663
0,959,785,1021,670
0,951,785,1021,672
0,964,789,1022,674
0,950,806,1023,677
0,942,799,1027,682
0,911,802,1031,685
0,901,787,1032,685
0,917,760,1032,686
0,901,743,1032,686
0,906,749,1031,687
0,914,730,1029,690
0,910,730,1025,691
0,910,749,1021,693
0,868,758,1016,699
0,841,751,1007,705
0,861,742,1001,712
0,865,711,992,716
0,875,683,987,716
0,866,700,984,716
0,847,689,979,716
0,885,705,975,716
0,883,713,973,714
0,880,691,969,710
0,876,689,968,705
0,847,690,968,701
0,829,710,968,699
0,795,720,968,699
0,830,743,967,699
0,811,737,964,699
0,810,726,959,702
0,797,716,956,703
0,787,731,956,703
0,811,722,955,699
0,794,745,957,694
0,794,719,959,687
0,804,720,959,681
0,822,721,956,676
0,830,744,953,672
0,828,749,950,671
0,826,711,949,671
0,829,732,949,670
0,818,724,949,666
0,841,737,949,664
0,844,748,947,660
0,843,741,943,658
0,849,751,936,655
0,866,756,927,651
0,860,757,917,649
0,844,772,905,649
0,833,786,891,648
0,823,785,879,648
0,817,799,864,644
0,825,796,853,641
0,851,798,849,640
0,842,798,847,639
0,842,797,846,639
0,832,804,844,639
0,857,779,841,639
0,860,778,840,639
0,868,758,837,641
0,862,777,834,645
0,879,775,831,652
0,886,755,831,660
0,877,754,830,675
0,873,761,830,687
0,869,764,834,709
0,865,774,841,727
0,868,774,843,747
0,867,772,843,759
0,862,739,843,766
0,883,742,843,768
0,901,718,844,769
0,919,725,847,769
0,937,695,853,771
0,931,686,857,771
0,918,713,867,771
0,921,734,883,771
0,896,737,911,767
0,878,759,924,762
0,868,755,928,756
0,849,748,930,753
0,837,727,928,750
0,836,734,927,743
0,820,746,922,734
0,810,738,918,723
0,803,742,913,716
0,828,716,913,715
0,818,723,912,714
0,804,714,912,712
0,835,706,912,710
0,845,672,912,709
0,836,669,912,709
0,825,675,911,709
0,825,692,904,711
0,824,666,893,717
0,805,650,880,725
0,797,645,865,732
0,807,654,861,735
0,848,666,858,735
0,823,684,856,736
0,815,685,854,736
0,816,684,851,736
0,803,703,850,736
0,814,685,850,733
0,821,699,851,728
0,809,675,861,713
0,806,677,865,702
0,798,648,866,693
0,809,655,864,686
0,803,663,862,681
0,802,666,857,673
0,785,676,855,669
0,780,666,855,668
0,764,667,855,668
0,774,662,855,668
0,774,633,854,668
0,785,635,854,667
0,762,621,852,667
0,753,601,850,666
0,735,596,846,665
0,727,624,843,664
0,721,611,842,662
0,698,601,842,662
0,691,600,842,662
0,666,602,842,662
0,663,614,841,662
0,642,626,835,663
0,631,610,827,664
0,624,610,822,664
0,614,628,818,663
0,602,633,816,655
0,591,629,815,648
0,595,647,809,639
0,629,629,798,629
0,627,662,785,623
0,600,666,774,621
0,584,657,764,621
0,581,640,757,622
0,578,659,752,625
0,593,678,743,631
0,595,671,726,631
0,604,666,704,632
0,612,652,682,632
0,620,640,673,630
0,643,646,668,630
0,630,664,668,630
0,641,677,666,631
0,642,694,655,634
0,645,687,639,641
0,649,689,609,649
0,668,673,578,661
0,689,669,565,676
0,665,670,561,684
0,637,675,561,687
0,638,687,563,687
0,625,695,567,687
0,645,692,574,686
0,655,692,586,683
0,644,696,595,682
0,650,707,603,680
0,662,725,609,680
0,676,740,612,680
0,676,757,617,680
0,701,743,636,680
0,719,768,663,680
0,725,781,696,675
0,734,779,721,674
0,735,771,735,674
0,750,768,742,674
0,777,753,742,674
0,780,772,742,674
0,806,744,742,674
0,794,746,742,674
0,786,746,742,674
0,788,752,742,674
0,772,760,742,678
0,788,766,742,686
0,789,745,745,697
0,792,740,746,709
0,797,731,751,724
0,803,721,767,746
0,800,712,796,760
0,792,698,814,767
0,817,685,827,769
0,822,672,839,769
0,816,679,850,762
0,811,673,851,759
0,793,668,851,759
0,800,646,851,759
0,809,666,851,758
0,815,659,851,758
0,827,631,851,758
0,825,643,851,758
0,815,660,851,758
0,827,676,851,758
0,808,666,855,756
0,803,670,860,752
0,813,651,860,750
0,818,657,860,746
0,814,660,856,741
0,813,681,849,725
0,813,696,843,700
0,788,707,834,684
0,777,717,831,680
0,774,715,831,680
0,770,726,831,680
0,773,717,831,680
0,769,731,831,680
0,779,734,831,680
0,780,746,831,679
0,762,736,831,677
0,764,738,830,676
0,749,726,830,676
0,729,725,830,676
0,721,753,828,676
0,741,787,828,676
0,746,779,827,676
0,766,773,827,676
0,767,799,828,675
0,762,789,829,675
0,766,778,829,674
0,775,781,829,674
0,788,770,829,674
0,784,771,829,674
0,793,780,829,674
0,809,782,829,674
0,783,761,828,674
0,798,774,824,677
0,770,755,822,679
0,774,755,821,680
0,770,768,821,681
0,782,750,820,682
0,779,761,818,691
0,783,771,818,703
0,794,769,817,719
0,779,747,817,722
0,781,720,818,723
0,774,707,822,724
0,764,720,825,725
0,785,717,826,727
0,787,712,832,731
0,808,716,839,734
0,812,708,844,738
0,832,699,850,739
0,839,685,852,739
0,845,667,852,739
0,828,675,851,740
0,821,695,849,740
0,789,697,849,740
0,803,698,849,739
0,815,695,849,738
0,829,703,847,735
0,843,698,845,733
0,827,709,842,732
0,800,717,838,729
0,805,739,832,727
0,809,731,830,726
0,807,734,828,723
0,820,714,828,716
0,821,731,830,710
0,811,739,832,706
0,840,751,832,705
0,835,761,832,705
0,845,762,832,705
0,837,763,831,705
0,844,750,831,705
0,828,762,831,705
0,807,771,831,705
0,802,759,831,705
0,802,753,835,705
0,789,725,837,707
0,816,725,840,708
0,774,712,844,708
0,792,702,848,708
0,792,688,850,700
0,813,702,854,696
0,811,693,858,694
0,832,725,858,694
0,838,756,858,694
0,825,771,858,694
0,829,763,856,696
0,830,752,853,699
0,825,739,853,704
0,840,722,852,708
0,814,714,852,711
0,803,723,852,711
0,795,735,852,711
0,783,721,852,711
0,793,726,852,711
0,797,710,852,711
0,810,704,852,711
0,813,686,852,711
0,776,656,852,711
0,768,661,852,711
0,778,655,851,711
0,795,640,850,711
0,774,604,850,708
0,789,621,854,702
0,798,629,855,699
0,808,630,856,697
0,812,633,856,697
0,779,618,853,695
0,778,629,847,695
0,795,647,845,695
0,792,647,843,695
0,777,656,839,695
0,751,662,834,697
0,738,664,825,697
0,755,664,822,697
0,765,674,818,697
0,782,667,817,697
0,780,675,815,695
0,782,685,812,695
0,782,681,812,695
0,785,684,812,694
0,797,670,813,692
0,800,675,816,691
0,788,680,818,689
0,785,670,821,681
0,784,663,821,679
0,763,659,820,677
0,767,654,818,677
0,765,654,815,677
0,770,672,812,678
0,798,672,808,681
0,803,677,807,683
0,807,675,807,684
0,798,668,817,689
0,791,672,826,697
0,768,670,833,701
0,764,699,841,706
0,764,681,846,707
0,754,674,847,705
0,750,660,847,698
0,766,649,847,691
0,735,637,844,687
0,744,627,842,685
0,739,643,841,685
0,721,628,841,685
0,705,631,841,685
0,720,640,841,684
0,708,631,839,681
0,718,626,834,678
0,733,646,830,674
0,713,636,829,672
0,703,625,829,670
0,698,630,829,669
0,698,628,829,669
0,700,661,829,667
0,712,655,826,663
0,707,679,819,654
0,695,660,809,645
0,697,655,802,641
0,675,645,802,641
0,679,632,802,641
0,661,606,802,640
0,656,614,801,638
0,648,583,792,634
0,666,580,782,632
0,674,588,771,631
0,689,582,766,629
0,686,603,765,629
0,667,617,764,629
0,655,611,761,631
0,645,609,754,638
0,664,616,744,649
0,705,625,734,665
0,717,601,724,670
0,730,608,721,670
0,748,589,715,668
0,757,592,706,663
0,757,604,694,662
0,765,623,684,659
0,761,606,681,658
0,762,614,681,657
0,759,600,681,655
0,765,602,682,653
0,772,587,683,650
0,787,574,683,646
0,774,576,683,646
0,764,588,683,646
0,755,598,683,646
0,766,606,683,646
0,763,621,685,645
0,759,640,694,642
0,742,649,724,638
0,719,624,754,636
0,702,630,773,636
0,688,642,785,636
0,680,648,794,636
0,684,634,804,634
0,688,644,808,632
0,710,639,809,632
0,706,626,809,631
0,713,630,808,630
0,701,637,807,630
0,688,635,807,628
0,692,635,806,628
0,675,629,803,627
0,675,618,797,627
0,654,599,790,627
0,635,606,781,627
0,628,595,769,627
0,630,595,749,629
0,603,597,739,629
0,595,612,732,629
0,582,618,731,629
0,596,617,731,629
0,590,613,731,629
0,589,609,731,629
0,596,586,731,629
0,586,567,727,629
0,593,551,719,628
0,576,547,712,626
0,594,504,707,626
0,619,538,703,625
0,651,534,696,624
0,621,522,684,624
0,627,553,672,624
0,643,548,662,624
0,651,530,657,624
0,650,518,656,624
0,648,523,656,624
0,650,529,656,624
0,634,528,654,620
0,605,524,658,610
0,608,509,662,606
0,622,491,669,599
0,641,485,676,593
0,630,475,682,591
0,631,475,686,590
0,620,473,691,589
0,631,462,701,589
0,626,442,712,586
0,623,455,722,581
0,614,467,725,579
0,614,451,725,578
0,583,428,724,577
0,570,416,721,576
0,557,430,719,574
0,562,424,713,569
0,560,433,701,557
0,582,451,687,545
0,574,467,679,537
0,599,457,677,534
0,571,450,677,528
0,556,441,680,520
0,573,449,680,508
0,586,442,680,504
0,584,462,674,489
0,573,480,664,463
0,584,472,653,447
0,589,465,645,437
0,578,474,638,434
0,542,462,633,434
0,559,480,621,434
0,619,502,607,435
0,612,504,598,434
0,632,483,591,430
0,642,485,585,427
0,635,477,580,426
0,619,488,578,426
0,610,522,578,426
0,627,529,578,426
0,623,518,576,431
0,622,523,575,433
0,607,497,575,435
0,577,496,575,436
0,583,502,575,441
0,570,479,583,449
0,560,488,589,458
0,556,495,593,465
0,547,476,595,476
0,539,480,596,482
0,586,488,605,507
0,588,482,619,517
0,610,464,630,520
0,629,474,634,522
0,650,483,634,522
0,641,500,634,522
0,628,498,634,522
0,638,482,634,522
0,617,464,634,522
0,593,464,630,524
0,590,452,627,524
0,576,452,620,524
0,573,425,613,522
0,588,432,608,521
0,586,418,604,517
0,569,412,602,514
0,591,426,602,510
0,597,442,602,509
0,582,431,604,509
0,600,445,609,508
0,609,462,613,508
0,604,454,617,508
0,611,464,617,508
0,612,458,618,508
0,632,459,619,506
0,650,442,622,501
0,648,452,624,497
0,662,455,626,493
0,650,467,631,488
0,647,468,632,487
0,633,459,632,486
0,647,454,632,486
0,650,472,632,486
0,654,483,633,486
0,668,466,634,486
0,657,482,638,486
0,677,452,643,487
0,666,445,651,489
0,664,440,664,489
0,650,445,674,492
0,658,459,683,494
0,663,457,689,497
0,667,444,697,501
0,658,434,712,506
0,650,449,721,509
0,656,452,728,512
0,652,450,732,513
0,657,451,732,513
0,647,425,732,513
0,637,419,732,513
0,648,432,732,513
0,646,422,733,515
0,657,423,735,517
0,648,409,738,518
0,661,410,743,521
0,661,420,750,522
0,670,418,753,522
0,661,410,755,522
0,671,410,756,522
0,673,387,756,522
0,662,370,752,517
0,664,367,751,513
0,676,339,749,506
0,674,345,746,497
0,694,332,739,482
0,698,315,727,458
0,688,313,723,446
0,685,304,713,427
0,681,321,703,416
0,688,312,698,410
0,696,319,696,400
0,699,300,696,388
0,704,297,696,374
0,722,310,693,362
0,720,296,690,345
0,700,278,689,339
0,727,264,689,338
0,718,264,689,337
0,735,294,689,336
0,751,325,690,332
0,742,334,691,327
0,723,341,693,320
0,716,326,694,310
0,718,317,694,299
0,724,310,694,294
0,705,326,694,293
0,708,324,694,293
0,726,352,694,293
0,713,339,694,293
0,717,340,695,289
0,702,360,701,285
0,708,377,703,283
0,707,394,703,283
0,716,389,703,283
0,702,401,709,287
0,702,422,717,303
0,689,420,730,324
0,676,426,738,334
0,663,412,741,341
0,656,407,741,343
0,649,423,741,345
0,642,416,741,347
0,637,409,743,347
0,655,458,743,348
0,635,493,742,351
0,641,500,739,360
0,653,497,738,374
0,645,513,738,381
0,644,514,738,385
0,652,523,737,386
0,638,524,734,391
0,652,504,722,401
0,657,496,707,406
0,651,501,697,408
0,635,505,686,408
0,632,518,676,407
0,623,523,671,407
0,640,530,671,407
0,629,529,669,407
0,637,532,670,411
0,649,530,672,416
0,641,533,675,422
0,634,519,677,427
0,623,524,679,436
0,634,520,682,445
0,636,521,684,453
0,654,496,685,462
0,645,497,685,467
0,647,496,692,479
0,621,522,698,486
0,625,532,704,492
0,626,531,707,496
0,615,550,708,498
0,613,567,708,498
0,619,581,708,500
0,646,609,708,503
0,619,591,708,505
0,617,588,708,505
0,612,586,709,505
0,613,569,715,488
0,623,545,717,472
0,618,560,721,468
0,612,537,725,461
0,606,549,730,450
0,592,515,731,438
0,568,530,729,431
0,552,515,728,431
0,565,522,728,431
0,567,528,727,435
0,572,533,720,450
0,574,506,709,471
0,600,506,701,480
0,608,489,697,487
0,590,462,695,493
0,587,484,693,497
0,584,472,686,506
0,572,474,683,510
0,583,480,681,512
0,570,485,676,516
0,560,483,672,519
0,573,467,665,523
0,613,466,656,526
0,627,480,645,529
0,626,480,635,532
0,623,493,628,532
0,629,480,624,532
0,630,482,621,532
0,614,488,619,532
0,616,508,617,532
0,616,522,615,533
0,618,562,608,533
0,576,563,601,533
0,572,569,599,533
0,567,556,600,531
0,576,553,605,528
0,585,555,609,524
0,592,562,623,514
0,580,557,643,490
0,608,577,653,480
0,603,578,656,476
0,620,576,657,476
0,625,570,657,476
0,634,536,658,478
0,645,535,659,489
0,640,526,660,494
0,658,522,662,496
0,633,505,662,498
0,634,521,661,500
0,629,531,660,502
0,625,509,658,507
0,638,477,652,515
0,651,465,645,520
0,658,476,639,523
0,662,457,638,523
0,665,441,638,523
0,661,436,638,523
0,631,451,638,523
0,637,444,638,523
0,652,459,639,524
0,669,462,640,525
0,657,451,643,527
0,655,448,646,527
0,650,453,651,526
0,669,460,655,524
0,662,455,658,521
0,669,437,659,519
0,663,462,663,514
0,657,465,664,507
0,664,471,668,501
0,691,452,670,497
0,693,439,670,495
0,666,421,667,491
0,664,457,661,487
0,659,455,655,483
0,679,465,648,477
0,695,473,644,475
0,676,472,640,473
0,679,452,637,472
0,672,453,634,472
0,646,438,632,471
0,658,443,627,468
0,668,445,621,467
0,660,434,619,467
0,651,449,618,467
0,662,449,618,467
0,665,462,618,468
0,684,437,618,468
0,694,435,618,469
0,679,433,619,472
0,687,433,620,474
0,671,418,626,479
0,664,424,635,485
0,665,439,642,486
0,662,446,647,491
0,660,448,651,493
0,653,410,654,495
0,642,410,661,501
0,658,411,665,503
0,664,412,668,505
0,652,422,674,506
0,646,438,677,506
0,649,434,682,506
0,644,430,689,506
0,652,445,694,506
0,669,437,700,506
0,661,459,701,500
0,675,456,696,493
0,692,465,688,482
0,707,447,686,478
0,701,433,686,477
0,701,440,684,473
0,711,427,683,467
0,702,422,677,459
0,707,423,672,455
0,717,412,668,452
0,720,436,665,452
0,740,441,664,452
0,747,426,664,452
0,708,419,664,452
0,696,451,664,452
0,725,448,664,452
0,725,425,668,452
0,738,433,672,453
0,765,428,675,454
0,769,450,681,454
0,776,419,688,450
0,762,412,693,446
0,766,435,703,438
0,740,452,708,435
0,724,429,713,434
0,746,420,715,433
0,763,434,715,433
0,773,446,715,433
0,782,453,715,433
0,824,445,715,433
0,821,444,716,433
0,818,447,721,434
0,804,434,732,436
0,843,416,750,436
0,844,404,761,432
0,835,417,767,431
0,838,434,767,431
0,801,414,767,431
0,800,412,767,431
0,803,427,770,435
0,789,430,777,436
0,779,443,781,438
0,762,459,781,438
0,794,430,781,438
0,815,436,781,438
0,831,420,781,440
0,813,406,783,444
0,810,428,786,446
0,826,416,788,448
0,844,406,790,451
0,835,420,790,451
0,859,414,790,451
0,856,391,790,451
0,864,416,789,452
0,843,437,785,456
0,859,438,772,460
0,846,446,757,468
0,844,462,756,468
0,829,468,759,468
0,821,503,771,463
0,800,497,780,458
0,818,468,789,455
0,811,465,809,450
0,827,480,831,448
0,809,488,863,448
0,774,465,877,449
0,771,468,883,451
0,768,476,884,451
0,771,472,884,453
0,773,484,882,456
0,785,481,880,457
0,765,496,880,458
0,740,497,880,459
0,751,499,881,465
0,755,506,882,471
0,724,513,885,478
0,715,473,886,482
0,750,474,886,483
0,732,451,885,484
0,737,459,880,485
0,745,464,871,490
0,757,451,867,491
0,766,450,866,491
0,769,450,866,491
0,783,445,864,491
0,777,436,857,488
0,785,422,854,487
0,797,416,852,486
0,785,404,849,486
0,802,426,847,486
0,825,413,845,486
0,811,398,837,486
0,823,398,828,486
0,830,395,818,486
0,834,375,809,484
0,826,356,806,484
0,830,358,803,484
0,819,364,802,484
0,807,364,802,484
0,806,354,802,484
0,801,335,812,480
0,796,351,834,466
0,787,330,843,459
0,799,320,848,454
0,793,311,852,452
0,798,309,855,447
0,783,298,858,438
0,774,304,863,422
0,778,335,863,414
0,783,329,861,405
0,780,320,856,400
0,776,319,852,400
0,788,352,849,398
0,806,370,838,393
0,790,363,822,386
0,769,379,801,377
0,760,408,786,370
0,757,433,778,362
0,752,447,775,353
0,754,432,775,345
0,743,417,775,335
0,775,404,775,327
0,783,375,775,319
0,772,375,775,316
0,783,363,775,314
0,785,356,775,312
0,786,362,775,309
0,791,366,775,304
0,791,362,775,300
0,798,341,774,298
0,807,339,774,297
0,783,344,774,297
0,777,353,774,297
0,789,361,768,317
0,764,374,764,349
0,753,377,764,371
0,753,371,767,378
0,757,366,773,380
0,754,382,776,381
0,754,370,782,382
0,742,368,785,382
0,738,352,792,384
0,734,331,799,385
0,748,351,806,385
0,761,332,810,385
0,751,317,811,383
0,764,306,811,381
0,745,287,809,379
0,740,273,807,373
0,748,278,804,367
0,752,275,802,364
0,744,288,802,364
0,740,275,802,364
0,754,272,800,364
0,747,288,797,367
0,742,308,790,370
0,752,308,778,371
0,774,326,770,373
0,779,327,766,374
0,779,349,763,375
0,791,343,762,376
0,793,376,761,377
0,810,368,760,377
0,800,361,756,377
0,811,381,750,374
0,840,367,744,365
0,827,361,744,364
0,814,341,744,358
0,781,350,746,357
0,796,373,746,357
0,783,361,746,357
0,783,351,746,357
0,753,352,748,361
0,731,342,752,370
0,734,311,755,377
0,717,302,759,379
0,713,291,763,383
0,733,275,770,388
0,739,296,782,391
0,760,303,789,392
0,793,287,798,393
0,783,269,802,393
0,794,291,802,393
0,788,278,802,393
0,814,263,796,392
0,816,239,793,392
0,813,234,786,389
0,833,218,779,386
0,847,189,770,382
0,865,204,764,378
0,862,198,764,377
0,847,220,763,374
0,848,226,765,367
0,856,251,772,362
0,851,254,781,356
0,866,259,790,354
0,856,236,805,349
0,868,253,818,342
0,865,274,832,334
0,872,278,844,320
0,896,269,864,302
0,925,276,886,284
0,957,290,895,280
0,969,297,900,278
0,979,310,902,279
0,974,276,903,281
0,999,268,903,282
0,987,244,903,286
0,981,244,903,286
0,966,231,901,288
0,972,209,900,288
0,971,205,900,288
0,979,194,900,288
0,974,181,905,288
0,974,174,912,288
0,987,171,919,288
0,993,160,928,296
0,980,162,940,308
0,981,167,957,326
0,987,165,971,340
0,979,170,977,347
0,972,133,980,350
0,980,134,982,351
0,997,159,985,352
0,969,132,992,352
0,979,123,998,350
0,983,140,1000,349
0,1002,137,1004,349
0,999,150,1009,349
0,989,156,1016,352
0,982,139,1027,358
0,983,133,1038,364
0,1004,136,1041,368
0,1021,144,1041,371
0,1031,157,1040,372
0,1009,153,1037,372
0,986,156,1033,372
0,1000,137,1031,371
0,1019,117,1026,366
0,1024,135,1023,356
0,1010,119,1020,336
0,986,139,1015,323
0,1008,142,1009,315
0,1020,138,1006,312
0,1010,160,1005,310
0,1002,160,1008,307
0,987,138,1017,301
0,959,168,1028,298
0,965,157,1030,298
0,958,194,1030,298
0,977,196,1034,298
0,964,200,1040,298
0,962,202,1042,298
0,955,194,1045,295
0,952,184,1047,292
0,931,198,1049,287
0,896,190,1055,282
0,897,176,1057,279
0,921,182,1057,277
0,938,190,1053,275
0,942,181,1039,269
0,947,206,1010,257
0,949,202,982,249
0,952,215,970,244
0,955,214,968,244
0,958,219,968,244
0,943,241,967,244
0,953,245,958,248
0,966,230,942,255
0,949,219,926,264
0,944,214,917,269
0,920,205,915,271
0,917,200,914,271
0,932,206,914,271
0,936,195,914,271
0,946,203,915,268
0,952,196,922,255
0,949,207,930,244
0,932,171,936,235
0,922,191,937,229
0,897,188,937,227
0,916,201,937,227
0,929,197,937,226
0,916,176,939,225
0,921,205,941,224
0,914,227,941,223
0,914,194,941,223
0,926,186,940,223
0,913,177,940,223
0,903,170,939,223
0,888,166,939,226
0,886,185,939,230
0,887,187,938,234
0,886,179,938,236
0,884,187,938,236
0,907,174,938,236
0,890,178,938,236
0,861,162,938,236
0,831,181,938,235
0,801,170,939,232
0,773,144,939,229
0,791,136,939,225
0,768,131,939,222
0,765,139,939,217
0,777,144,937,214
0,779,146,936,211
0,763,165,930,209
0,779,180,922,206
0,793,171,911,206
0,797,172,893,206
0,821,180,879,209
0,823,190,861,212
0,826,206,834,214
0,842,186,799,214
0,840,199,772,214
0,817,182,740,214
0,836,178,723,213
0,816,145,717,213
0,822,140,714,213
0,796,157,714,213
0,793,158,714,213
0,786,169,714,214
0,765,188,714,216
0,768,202,727,217
0,758,215,741,217
0,759,205,756,215
0,769,225,773,209
0,753,213,782,206
0,760,228,793,203
0,742,222,803,202
0,730,223,810,201
0,742,235,813,200
0,729,235,814,200
0,733,230,814,197
0,749,260,814,196
0,751,251,809,195
0,758,251,805,194
0,776,235,797,191
0,766,236,779,189
0,736,210,736,185
0,763,234,693,183
0,754,225,666,181
0,729,214,653,181
0,725,242,652,181
0,725,223,652,181
0,717,213,652,182
0,713,240,652,187
0,713,253,652,188
0,721,253,650,192
0,731,265,650,192
0,736,245,650,194
0,757,247,650,196
0,752,269,650,196
0,738,258,652,199
0,748,237,656,201
0,721,233,672,209
0,709,237,682,214
0,717,231,691,219
0,696,263,691,221
0,698,255,692,227
0,714,242,696,237
0,709,256,701,244
0,713,256,715,255
0,718,235,726,264
0,711,249,734,272
0,701,238,738,277
0,718,238,739,285
0,705,252,741,288
0,685,251,742,289
0,700,243,742,290
0,706,252,742,290
0,710,237,742,290
0,710,258,742,290
0,706,270,742,290
0,670,285,742,290
0,682,299,742,290
0,678,309,742,290
0,689,316,742,290
0,701,336,734,290
0,697,321,722,288
0,688,334,709,292
0,665,343,705,296
0,661,333,700,299
0,660,339,699,300
0,693,344,697,300
0,722,339,696,300
0,706,335,696,300
0,719,316,696,300
0,729,335,696,300
0,740,363,696,300
0,733,364,696,301
0,738,382,695,303
0,742,411,692,309
0,728,402,690,314
0,713,400,690,321
0,689,407,690,328
0,678,412,690,333
0,693,404,690,337
0,693,404,692,341
0,691,412,697,348
0,690,391,704,359
0,685,393,721,375
0,675,393,733,385
0,648,401,740,390
0,640,392,742,391
0,642,428,742,392
0,647,416,739,396
0,647,396,736,401
0,648,377,733,407
0,629,362,729,412
0,622,383,723,419
0,629,381,716,431
0,636,398,710,438
0,668,394,701,448
0,655,389,695,452
0,655,391,694,454
0,675,395,694,454
0,646,376,694,454
0,634,353,694,454
0,635,367,691,453
0,613,375,683,448
0,637,360,681,447
0,637,384,681,447
0,622,363,681,447
0,641,364,679,447
0,652,370,678,447
0,666,362,676,447
0,672,351,676,447
0,662,346,676,447
0,659,350,676,447
0,632,364,677,447
0,656,352,677,447
0,632,367,677,447
0,647,366,677,447
0,673,373,677,447
0,671,405,677,447
0,669,403,678,446
0,680,394,681,445
0,681,393,682,444
0,703,395,682,439
0,689,399,685,432
0,677,391,689,426
0,663,399,693,420
0,642,404,696,418
0,647,396,696,418
0,648,395,696,417
0,655,398,694,417
0,652,396,693,417
0,636,408,693,417
0,646,420,693,419
0,648,430,694,423
0,651,449,696,428
0,631,452,699,430
0,638,458,702,433
0,629,464,703,433
0,639,466,703,433
0,627,490,704,434
0,622,492,706,435
0,612,483,706,436
0,595,474,706,436
0,584,518,705,437
0,576,500,701,441
0,582,472,695,444
0,581,474,690,447
0,575,459,687,450
0,577,452,685,450
0,582,457,685,452
0,561,442,684,454
0,551,467,681,458
0,542,477,678,465
0,515,467,674,472
0,582,457,670,477
0,570,484,663,483
0,555,488,657,488
0,547,518,653,490
0,555,512,652,490
0,568,504,652,490
0,588,494,651,490
0,567,513,649,490
0,561,511,642,486
0,576,492,634,480
0,587,502,630,476
0,584,527,629,476
0,602,542,629,476
0,605,535,622,476
0,609,526,588,490
0,616,559,557,500
0,653,552,516,509
0,641,562,483,522
0,651,585,463,537
0,663,581,457,543
0,661,579,456,543
0,638,596,456,543
0,657,610,458,542
0,633,623,459,542
0,656,621,459,542
0,651,606,461,544
0,654,595,467,548
0,648,601,494,557
0,647,635,517,564
0,682,615,548,573
0,697,605,579,583
0,684,602,612,589
0,673,617,659,589
0,674,627,690,584
0,680,644,695,584
0,672,643,695,584
0,675,647,694,584
0,673,648,690,585
0,675,650,685,589
0,692,635,677,597
0,682,645,672,607
0,688,644,670,614
0,726,653,670,616
0,734,629,674,617
0,746,609,681,619
0,728,591,694,623
0,715,590,703,626
0,706,584,709,632
0,693,597,709,635
0,686,595,709,637
0,697,616,709,638
0,701,600,709,638
0,695,579,708,639
0,680,574,706,641
0,682,563,703,646
0,690,578,702,646
0,689,597,702,646
0,677,589,702,646
0,701,597,707,646
0,699,605,715,646
0,718,601,722,646
0,695,610,729,646
0,682,613,743,646
0,675,641,748,642
0,696,648,750,636
0,680,682,750,633
0,679,662,749,629
0,682,668,750,628
0,678,667,750,628
0,678,682,750,628
0,665,682,750,627
0,672,650,750,620
0,695,642,748,615
0,702,636,748,612
0,685,631,748,611
0,686,651,748,611
0,687,623,747,610
0,697,616,743,610
0,675,602,741,609
0,693,609,739,613
0,688,582,739,621
0,709,559,739,626
0,700,534,739,631
0,711,548,739,635
0,730,561,736,640
0,747,551,733,647
0,762,528,732,654
0,759,534,730,660
0,746,522,730,661
0,736,498,730,661
0,725,493,728,661
0,741,528,727,661
0,741,519,727,654
0,748,546,727,644
0,754,543,729,629
0,766,537,729,613
0,772,559,731,601
0,755,547,731,595
0,744,540,736,587
0,748,546,741,581
0,732,557,743,579
0,752,568,743,579
0,772,563,741,578
0,780,575,735,575
0,780,586,733,573
0,803,597,731,570
0,808,601,730,569
0,819,569,730,569
0,841,555,734,569
0,839,557,740,573
0,850,542,748,582
0,843,543,753,589
0,819,536,760,591
0,838,553,763,592
0,843,545,763,592
0,851,529,765,593
0,844,524,766,596
0,822,544,772,601
0,829,555,781,609
0,863,552,792,614
0,874,556,808,615
0,867,540,815,615
0,850,541,820,609
0,840,552,822,605
0,837,550,825,602
0,814,575,830,599
0,842,555,841,594
0,852,568,850,587
0,857,562,858,579
0,881,570,859,568
0,852,562,856,560
0,846,543,847,553
0,854,551,841,549
0,852,534,839,547
0,870,542,837,546
0,861,555,835,546
0,868,546,834,545
0,879,549,832,545
0,850,580,832,545
0,868,576,832,545
0,848,631,832,545
0,847,651,832,545
0,855,646,832,545
0,874,662,832,545
0,897,668,832,549
0,897,677,830,554
0,895,667,831,556
0,896,693,833,558
0,913,680,835,558
0,908,682,839,559
0,879,663,841,559
0,906,686,843,560
0,892,663,847,560
0,890,665,852,558
0,873,658,856,558
0,860,648,857,558
0,870,640,858,560
0,872,633,862,565
0,886,622,866,572
0,879,629,872,581
0,876,625,888,592
0,881,615,906,599
0,883,631,917,602
0,865,632,924,607
0,866,623,925,609
0,875,626,925,609
0,893,631,925,610
0,911,661,924,611
0,887,649,924,611
0,879,635,924,611
0,894,625,922,611
0,883,618,921,610
0,885,626,921,610
0,905,623,920,610
0,903,628,918,610
0,924,629,918,610
0,941,634,918,607
0,914,644,914,600
0,919,644,910,595
0,912,620,906,591
0,910,611,905,589
0,913,588,905,589
0,923,577,905,589
0,921,566,905,589
0,911,578,905,589
0,934,564,911,597
0,923,569,917,606
0,913,576,922,613
0,927,564,927,618
0,913,570,927,621
0,917,593,928,622
0,919,596,930,624
0,919,545,931,625
0,917,557,933,628
0,924,539,935,628
0,908,524,935,628
0,909,532,935,628
0,944,524,935,628
0,929,517,936,628
0,931,517,937,628
0,915,540,939,627
0,906,569,941,627
0,934,561,941,625
0,929,567,941,623
0,922,572,940,619
0,930,592,938,617
0,917,602,938,616
0,902,601,938,614
0,899,582,938,611
0,912,585,937,608
0,919,561,935,604
0,932,566,934,603
0,920,566,934,603
0,927,585,934,603
0,922,571,934,602
0,922,568,935,599
0,915,577,935,596
0,920,587,934,594
0,912,579,933,592
0,920,546,933,592
0,918,566,932,593
0,953,566,931,595
0,947,564,930,596
0,921,566,930,596
0,909,570,927,596
0,913,551,927,597
0,911,535,926,597
0,892,534,926,597
0,890,542,926,598
0,879,546,927,599
0,857,552,929,599
0,863,545,929,599
0,851,543,929,599
0,848,556,929,599
0,834,550,931,599
0,827,509,934,599
0,823,507,938,598
0,827,503,942,596
0,824,509,943,593
0,808,521,943,591
0,793,527,936,586
0,760,541,928,574
0,765,511,922,566
0,746,527,916,557
0,766,509,911,549
0,766,508,900,541
0,760,504,893,536
0,744,512,889,534
0,764,525,889,533
0,764,511,889,533
0,756,508,889,532
0,776,528,889,532
0,781,506,889,532
0,773,489,884,532
0,783,499,875,534
0,761,510,860,537
0,761,532,819,543
0,761,536,799,547
0,755,551,784,550
0,749,542,773,550
0,762,556,764,547
0,761,561,752,537
0,742,567,744,533
0,747,571,738,530
0,780,578,738,530
0,789,565,738,530
0,772,560,737,530
0,765,585,737,530
0,764,596,737,530
0,794,598,737,530
0,807,595,737,530
0,784,591,737,530
0,775,567,737,530
0,778,590,737,530
0,756,591,737,530
0,752,595,737,531
0,751,584,741,535
0,744,577,744,540
0,736,576,747,551
0,708,575,750,563
0,709,577,754,567
0,724,548,758,570
0,728,551,764,571
0,713,556,773,572
0,720,559,781,572
0,721,574,788,572
0,743,583,793,574
0,727,586,799,576
0,718,589,803,578
0,724,584,805,578
0,714,588,805,578
0,717,589,800,577
0,717,586,797,576
0,699,577,782,573
0,707,587,775,573
0,727,578,770,575
0,726,582,764,579
0,704,553,757,582
0,680,515,754,582
0,669,531,754,582
0,662,526,754,583
0,670,534,754,583
0,653,526,754,583
0,639,523,754,583
0,619,522,754,583
0,633,494,754,583
0,645,510,753,584
0,634,533,753,585
0,624,544,753,585
0,606,554,755,587
0,607,560,759,589
0,620,568,761,590
0,602,588,761,590
0,591,576,761,590
0,586,604,761,590
0,593,609,761,588
0,591,597,761,581
0,584,604,755,572
0,587,609,741,549
0,610,599,726,528
0,594,601,715,513
0,592,582,706,504
0,581,624,702,501
0,594,612,699,500
0,585,635,699,500
0,577,645,698,504
0,598,643,693,517
0,588,665,683,531
0,587,664,675,542
0,587,685,672,548
0,593,692,671,553
0,597,691,671,558
0,582,701,672,563
0,598,708,672,567
0,587,693,672,569
0,584,659,672,572
0,566,650,670,574
0,564,620,666,580
0,561,643,659,585
0,542,647,648,591
0,556,645,635,597
0,557,658,628,602
0,530,674,624,606
0,570,682,622,609
0,579,655,619,620
0,580,655,616,635
0,595,658,613,649
0,579,672,608,660
0,569,676,604,666
0,567,660,603,667
0,568,687,603,667
0,537,671,603,667
0,567,661,603,667
0,568,656,603,663
0,571,663,602,658
0,586,647,596,654
0,593,656,591,650
0,603,683,585,648
0,596,703,581,646
0,601,688,579,641
0,595,698,578,630
0,637,715,581,625
0,650,693,584,624
0,676,708,585,622
0,669,727,585,622
0,661,728,585,622
0,656,705,585,623
0,683,700,590,631
0,686,667,596,640
0,701,678,605,646
0,715,671,609,650
0,736,678,610,651
0,718,669,610,653
0,715,646,613,662
0,696,649,623,673
0,690,653,640,691
0,664,641,656,704
0,658,639,673,717
0,683,624,676,719
0,698,626,682,723
0,684,623,692,725
0,696,627,699,725
0,695,617,711,725
0,710,630,723,724
0,706,627,740,723
0,708,634,749,720
0,700,648,756,717
0,717,641,761,711
0,703,673,762,708
0,690,649,762,705
0,683,646,762,703
0,692,640,762,701
0,688,652,761,696
0,674,663,759,692
0,680,660,759,691
0,684,653,758,690
0,683,649,757,689
0,683,641,754,688
0,685,636,744,677
0,679,601,736,666
0,650,595,732,658
0,669,587,731,656
0,675,588,731,656
0,670,576,731,656
0,679,585,731,657
0,718,593,733,658
0,709,584,734,658
0,722,591,738,657
0,703,567,742,653
0,717,562,742,650
0,725,571,742,649
0,698,594,740,649
0,699,588,735,647
0,705,598,728,645
0,703,591,727,644
0,702,585,724,635
0,715,583,718,626
0,707,610,714,619
0,708,627,712,615
0,719,632,713,608
0,714,637,722,593
0,706,631,728,584
0,721,619,734,576
0,726,634,736,575
0,701,627,739,574
0,687,633,740,574
0,690,652,742,572
0,674,635,747,565
0,682,638,753,556
0,688,643,759,550
0,694,662,765,547
0,716,660,767,547
0,727,672,768,547
0,723,671,768,547
0,726,685,768,554
0,756,703,767,557
0,780,691,768,558
0,776,677,769,562
0,811,665,770,566
0,822,659,770,572
0,832,645,768,579
0,829,653,764,588
0,824,649,754,598
0,830,644,742,612
0,822,645,734,621
0,817,659,731,630
0,810,680,730,635
0,795,678,732,638
0,797,675,765,647
0,787,666,790,651
0,787,665,823,659
0,839,655,843,661
0,867,639,867,661
0,864,632,893,648
0,870,656,916,620
0,865,654,922,610
0,865,650,924,602
0,873,636,920,600
0,875,643,916,600
0,863,612,911,600
0,848,616,909,601
0,861,611,909,601
0,863,620,909,601
0,846,622,909,601
0,847,603,909,601
0,828,621,909,601
0,813,653,909,601
0,800,656,909,601
0,779,665,905,601
0,780,660,904,601
0,778,661,904,601
0,761,678,904,601
0,790,692,904,601
0,774,696,904,601
0,768,677,904,601
0,759,687,904,601
0,759,715,904,602
0,757,723,907,598
0,782,733,907,594
0,753,740,905,592
0,739,754,903,592
0,761,738,899,592
0,761,729,889,599
0,770,713,879,606
0,766,717,866,618
0,782,718,857,627
0,756,707,850,634
0,754,695,844,636
0,744,688,842,636
0,721,692,842,636
0,719,711,842,636
0,719,703,842,636
0,720,717,841,637
0,732,701,835,644
0,737,707,825,656
0,733,710,811,672
0,730,700,807,677
0,726,690,804,680
0,742,687,800,689
0,741,696,796,699
0,756,695,794,708
0,768,711,794,712
0,802,694,792,712
0,828,685,789,713
0,855,689,783,713
0,862,682,763,707
0,850,666,742,707
0,856,669,731,707
0,846,638,724,708
0,822,641,721,709
0,835,660,718,710
0,843,639,718,710
0,833,661,719,709
0,841,660,723,703
0,818,655,728,702
0,794,628,734,699
0,791,607,741,696
0,790,607,761,691
0,768,590,791,682
0,760,595,815,675
0,758,567,841,668
0,755,552,858,666
0,775,578,867,665
0,744,567,869,664
0,760,578,869,660
0,780,593,869,656
0,769,611,866,652
0,739,606,864,650
0,736,601,860,649
0,748,596,857,647
0,743,579,853,643
0,740,563,848,635
0,765,569,842,622
0,754,566,837,614
0,759,586,834,611
0,751,610,831,609
0,758,597,829,606
0,750,596,823,599
0,752,603,814,592
0,748,617,805,584
0,755,607,796,581
0,754,574,787,577
0,797,570,779,573
0,807,586,778,571
0,804,620,776,564
0,794,627,772,557
0,789,636,763,552
0,785,653,756,551
0,800,642,755,551
0,793,654,755,551
0,785,653,757,554
0,760,627,766,561
0,763,620,775,567
0,774,638,782,573
0,760,661,787,587
0,773,656,787,595
0,771,625,777,618
0,768,629,775,620
0,759,601,774,620
0,752,574,774,620
0,755,585,774,616
0,749,583,774,615
0,752,587,774,615
0,771,589,774,615
0,774,579,774,615
0,762,602,774,617
0,776,595,774,618
0,770,581,774,618
0,779,598,774,618
0,760,572,774,618
0,759,588,774,620
0,768,572,778,624
0,753,583,783,625
0,735,603,784,626
0,733,621,784,626
0,736,600,784,626
0,729,600,784,624
0,733,613,784,615
0,729,580,784,608
0,733,578,784,603
0,725,599,785,601
0,733,609,785,597
0,758,601,785,594
0,738,619,785,590
0,716,609,784,586
0,697,608,779,581
0,704,599,777,581
0,719,617,776,580
0,701,621,774,580
0,685,624,769,581
0,674,624,762,586
0,677,631,753,589
0,682,640,749,591
0,699,619,748,592
0,709,617,748,593
0,689,616,748,594
0,681,615,752,597
0,686,624,757,600
0,689,609,763,604
0,700,615,768,608
0,731,624,771,613
0,716,616,772,613
0,725,623,772,613
0,706,614,768,613
0,708,602,763,612
0,702,612,762,612
0,718,589,761,612
0,709,578,761,612
0,701,566,761,612
0,702,559,761,612
0,692,551,761,612
0,690,558,761,612
0,704,566,760,612
0,700,549,760,612
0,683,558,760,611
0,667,547,765,607
0,680,541,766,606
0,676,547,766,606
0,674,543,767,606
0,683,569,767,606
0,695,566,767,606
0,674,582,767,606
0,659,576,767,605
0,667,594,767,592
0,663,592,769,582
0,678,595,768,577
0,696,596,763,571
0,690,574,757,568
0,646,582,748,559
0,677,583,742,553
0,684,584,733,549
0,687,614,726,549
0,699,645,723,549
0,693,636,720,551
0,680,615,719,553
0,671,623,718,557
0,687,635,718,562
0,695,626,718,566
0,705,630,718,567
0,719,639,718,567
0,704,647,718,569
0,705,661,718,573
0,710,657,718,575
0,715,657,719,580
0,736,659,719,581
0,740,644,720,582
0,754,647,720,582
0,753,645,720,582
0,737,637,720,582
0,742,666,722,588
0,739,624,725,591
0,722,633,726,595
0,741,632,727,598
0,733,615,727,600
0,724,602,728,602
0,709,589,731,610
0,699,557,733,623
0,703,551,736,630
0,726,538,746,634
0,711,513,755,636
0,704,496,762,635
0,686,486,769,630
0,667,517,777,623
0,692,500,783,615
0,653,501,786,611
0,662,486,786,609
0,666,494,779,605
0,678,498,770,599
0,689,507,761,588
0,718,497,743,571
0,713,512,734,563
0,711,499,731,562
0,702,485,728,559
0,714,491,724,559
0,702,497,716,558
0,692,512,704,558
0,696,501,692,558
0,695,477,679,558
0,706,473,672,557
0,714,474,671,557
0,706,465,671,557
0,672,464,680,555
0,662,486,684,555
0,640,480,713,544
0,631,465,740,528
0,618,460,753,506
0,621,469,766,492
0,612,473,769,483
0,602,490,769,478
0,606,476,769,477
0,622,462,769,477
0,616,480,773,474
0,620,490,780,470
0,614,495,787,466
0,610,494,790,460
0,606,496,790,457
0,600,489,790,455
0,599,494,788,454
0,620,481,785,454
0,615,479,778,453
0,609,475,767,450
0,635,474,752,446
0,608,486,735,441
0,606,461,724,439
0,589,450,719,439
0,600,436,718,439
0,595,438,718,445
0,597,421,716,452
0,593,431,712,461
0,559,449,706,473
0,553,454,704,478
0,540,465,702,484
0,555,442,701,490
0,549,457,696,509
0,585,439,690,518
0,579,456,690,518
0,600,454,690,518
0,598,459,687,512
0,583,449,681,504
0,569,454,676,500
0,569,468,666,496
0,558,474,658,488
0,579,490,650,477
0,578,492,643,468
0,572,492,634,463
0,575,519,619,462
0,568,494,609,462
0,561,494,600,465
0,572,474,593,470
0,574,472,587,475
0,571,481,578,483
0,544,487,572,486
0,554,504,569,488
0,577,490,567,489
0,561,490,567,490
0,583,481,567,493
0,587,473,568,499
0,610,469,569,506
0,624,441,571,515
0,595,429,578,524
0,603,426,589,529
0,599,424,596,532
0,604,441,598,533
0,591,460,598,535
0,590,470,597,536
0,595,472,596,538
0,587,478,594,541
0,574,484,594,542
0,572,478,590,544
0,570,467,586,547
0,569,468,581,548
0,572,477,581,548
0,562,490,581,547
0,575,477,582,538
0,607,474,585,523
0,609,498,585,515
0,612,500,585,512
0,648,495,585,511
0,651,515,585,511
0,650,504,585,511
0,632,505,586,510
0,643,514,586,510
0,640,504,586,510
0,636,497,586,510
0,627,497,586,510
0,620,513,586,510
0,600,500,585,510
0,631,536,585,511
0,638,545,585,512
0,637,557,585,513
0,633,584,592,515
0,645,570,596,516
0,617,576,605,518
0,594,567,614,524
0,604,567,632,537
0,599,572,641,538
0,605,586,641,538
0,619,591,642,538
0,609,584,642,538
0,616,600,642,538
0,621,601,642,540
0,639,582,642,540
0,639,584,642,541
0,656,571,642,542
0,666,567,642,545
0,664,542,642,551
0,654,569,640,554
0,673,564,639,558
0,672,560,635,561
0,688,570,635,567
0,722,562,634,574
0,702,566,634,581
0,709,557,638,587
0,725,554,646,590
0,762,564,650,591
0,746,553,654,592
0,741,552,660,594
0,767,549,664,595
0,776,558,669,596
0,779,568,672,596
0,765,559,673,596
0,787,579,673,596
0,817,579,673,594
0,805,587,671,593
0,831,577,671,593
0,855,575,671,592
0,843,594,671,588
0,835,591,674,582
0,856,589,677,574
0,859,588,679,571
0,868,574,683,570
0,869,580,692,569
0,861,578,722,578
0,882,583,755,586
0,892,584,792,603
0,871,590,840,624
0,880,590,856,635
0,880,604,881,639
0,870,588,911,636
0,902,588,940,621
0,905,581,953,615
0,908,578,963,611
0,926,568,964,611
0,918,553,964,611
0,906,569,964,611
0,915,575,965,611
0,908,574,968,611
0,900,546,969,611
0,911,564,969,611
0,923,563,966,611
0,910,538,965,611
0,912,522,961,612
0,926,538,959,612
0,939,535,958,612
0,942,560,958,612
0,930,549,958,612
0,959,549,958,612
0,947,548,958,612
0,976,545,950,612
0,943,531,934,612
0,969,538,923,613
0,941,563,913,613
0,950,567,912,613
0,954,569,914,610
0,946,563,920,606
0,938,558,929,603
0,932,536,934,602
0,951,543,941,599
0,989,550,942,597
0,991,533,943,595
0,987,541,943,592
0,979,529,944,592
0,976,529,944,591
0,982,510,948,589
0,944,508,954,585
0,966,495,955,584
0,956,500,954,584
0,961,498,952,582
0,965,498,948,582
0,949,520,946,582
0,941,513,945,582
0,929,512,945,582
0,921,529,948,580
0,893,544,953,577
0,898,547,958,574
0,889,540,959,573
0,884,523,960,571
0,895,520,963,566
0,880,526,967,555
0,866,537,972,545
0,872,512,973,541
0,863,524,973,539
0,854,514,972,538
0,832,491,967,536
0,861,459,956,535
0,889,447,946,533
0,895,466,930,532
0,907,460,910,530
0,905,453,894,530
0,926,428,881,530
0,925,423,874,532
0,902,432,872,532
0,898,431,871,533
0,884,420,870,536
0,878,430,863,541
0,877,446,852,549
0,861,471,840,553
0,860,457,840,553
0,878,434,840,553
0,877,441,840,553
0,885,429,843,552
0,886,443,853,542
0,883,456,873,522
0,879,464,881,511
0,873,447,885,500
0,868,444,887,495
0,874,432,884,493
0,894,409,880,490
0,899,392,873,487
0,899,378,868,486
0,893,368,863,486
0,904,357,857,485
0,922,354,852,482
0,910,336,841,479
0,907,320,833,477
0,903,319,825,475
0,909,331,825,475
0,912,342,825,475
0,891,350,825,475
0,890,345,825,475
0,892,362,825,474
0,911,355,825,474
0,920,362,825,474
0,932,350,825,474
0,928,342,830,471
0,932,365,836,464
0,954,360,842,451
0,951,372,850,443
0,958,352,859,439
0,979,350,871,436
0,984,329,880,433
0,961,345,887,430
0,965,342,888,430
0,970,364,888,430
0,958,381,888,430
0,978,394,890,432
0,959,401,892,432
0,947,395,895,432
0,963,373,901,430
0,974,403,908,423
0,987,444,916,419
0,956,450,926,416
0,958,483,933,414
0,962,485,942,414
0,975,482,964,410
0,968,488,984,405
0,975,485,1007,401
0,973,476,1019,401
0,969,490,1028,401
0,960,479,1029,401
0,983,456,1029,403
0,982,457,1027,408
0,967,462,1022,415
0,973,455,1019,421
0,974,439,1015,426
0,966,423,1004,442
0,952,450,988,466
0,938,479,970,488
0,919,475,959,502
0,929,474,955,507
0,940,478,954,508
0,916,455,954,510
0,918,458,954,510
0,889,466,954,510
0,865,476,955,511
0,879,478,955,512
0,863,463,953,514
0,859,458,950,516
0,879,472,950,516
0,873,457,950,516
0,856,441,953,516
0,881,443,954,515
0,878,431,954,514
0,854,416,955,514
0,845,421,955,514
0,865,398,955,514
0,860,428,955,514
0,872,416,946,514
0,854,415,937,516
0,841,403,926,519
0,850,383,909,524
0,861,381,884,530
0,846,390,846,540
0,833,382,813,549
0,830,365,802,549
0,842,367,798,542
0,860,377,800,530
0,859,383,802,523
0,859,382,802,517
0,874,385,799,514
0,851,380,798,510
0,849,355,798,504
0,826,352,799,493
0,821,374,802,482
0,817,364,802,479
0,822,377,802,477
0,834,382,801,477
0,866,364,800,476
0,866,339,799,474
0,832,336,799,470
0,844,348,799,468
0,845,350,799,466
0,841,342,799,461
0,841,337,802,452
0,861,331,807,443
0,858,332,810,439
0,865,292,814,436
0,878,284,823,433
0,909,317,834,425
0,900,275,851,414
0,896,285,864,408
0,935,298,871,403
0,915,292,879,399
0,934,291,889,396
0,928,312,907,391
0,953,311,921,387
0,952,305,930,384
0,946,306,932,383
0,935,288,932,382
0,912,252,932,382
0,926,243,932,381
0,921,246,932,374
0,935,226,936,359
0,935,248,941,348
0,943,240,944,343
0,943,232,946,343
0,937,255,946,343
0,916,264,949,343
0,889,265,962,344
0,880,288,968,344
0,878,271,975,344
0,862,273,981,343
0,860,260,983,342
0,852,260,986,342
0,858,239,990,342
0,848,258,1000,337
0,857,267,1003,336
0,864,276,1005,331
0,840,269,1005,331
0,831,283,1005,331
0,845,274,1005,331
0,867,274,1002,331
0,880,291,994,332
0,888,297,979,331
0,873,319,956,323
0,869,329,932,308
0,876,325,906,293
0,882,321,904,291
0,864,312,897,290
0,873,326,896,290
0,849,332,895,290
0,862,328,892,292
0,863,315,890,295
0,876,314,889,296
0,908,318,889,296
0,923,332,889,297
0,928,340,890,297
0,919,342,890,297
0,915,363,890,297
0,936,366,890,297
0,915,371,890,297
0,917,385,890,297
0,927,384,890,298
0,904,399,890,299
0,902,410,890,302
0,906,431,890,313
0,916,430,898,320
0,923,438,902,321
0,936,448,909,326
0,921,454,916,331
0,906,449,932,342
0,914,446,944,354
0,917,443,954,368
0,924,451,956,378
0,916,445,956,388
0,909,439,952,403
0,898,456,941,433
0,928,452,932,447
0,944,462,931,450
0,936,469,931,451
0,942,467,931,451
0,955,455,930,451
0,976,447,930,451
0,969,448,930,451
0,946,426,930,453
0,943,431,925,459
0,952,430,920,466
0,983,459,915,470
0,976,457,913,472
0,985,441,910,472
0,980,441,910,472
0,981,446,910,472
0,978,465,909,474
0,975,469,909,474
0,971,453,909,474
0,948,473,909,474
0,923,483,909,474
0,906,476,912,474
0,897,487,913,474
0,906,502,914,474
0,895,498,924,469
0,895,501,935,463
0,880,497,942,456
0,879,484,945,453
0,882,489,947,453
0,882,487,949,453
0,880,488,952,453
0,869,484,953,453
0,886,474,954,453
0,878,488,954,453
0,861,495,954,453
0,867,503,954,453
0,880,508,954,455
0,871,534,951,456
0,889,527,948,458
0,874,532,941,462
0,889,547,930,467
0,869,561,914,474
0,855,562,901,479
0,850,542,893,485
0,842,543,892,485
0,857,562,892,485
0,836,551,892,485
0,834,535,892,485
0,822,544,882,482
0,834,548,879,482
0,846,551,878,482
0,833,559,876,482
0,829,554,876,486
0,798,575,876,489
0,787,573,876,499
0,804,566,874,508
0,789,561,865,526
0,781,555,861,537
0,762,557,856,558
0,750,560,852,566
0,741,551,849,570
0,732,573,848,571
0,737,566,847,572
0,736,559,846,573
0,745,546,846,573
0,720,570,846,573
0,717,556,846,573
0,749,564,846,573
0,743,573,845,574
0,759,589,841,575
0,743,574,836,579
0,773,578,830,584
0,792,581,825,585
0,787,578,821,585
0,804,570,809,584
0,836,574,780,577
0,813,569,755,573
0,790,572,738,571
0,786,583,725,565
0,774,581,716,557
0,759,576,711,552
0,739,571,708,549
0,755,562,703,549
0,767,542,699,549
0,762,536,698,549
0,745,540,698,549
0,750,531,697,548
0,762,538,697,547
0,751,540,698,546
0,745,540,698,546
0,752,538,699,546
0,754,558,703,545
0,769,548,709,545
0,769,548,716,543
0,772,536,720,542
0,759,552,720,541
0,747,553,720,541
0,738,553,720,541
0,786,554,722,541
0,775,552,722,541
0,782,548,723,541
0,775,521,723,541
0,767,530,722,541
0,746,543,720,541
0,761,537,719,541
0,778,549,718,541
0,795,564,714,541
0,796,564,709,541
0,830,589,702,541
0,840,571,697,539
0,860,571,696,539
0,868,576,696,539
0,858,586,696,538
0,868,569,696,538
0,882,563,696,538
0,890,568,696,538
0,873,574,696,538
0,876,577,696,538
0,881,552,696,538
0,869,536,696,538
0,862,537,696,538
0,879,536,696,538
0,855,510,701,539
0,851,503,713,540
0,848,514,737,544
0,859,499,770,552
0,874,496,811,563
0,884,497,847,569
0,867,471,869,571
0,897,476,896,571
0,897,455,915,571
0,902,445,920,571
0,888,470,920,571
0,879,478,920,571
0,875,490,916,571
0,886,502,908,568
0,874,500,905,565
0,862,491,901,561
0,846,478,898,557
0,841,485,897,552
0,832,482,897,547
0,835,487,897,544
0,824,502,905,536
0,837,514,912,527
0,862,497,917,520
0,852,496,919,513
0,855,481,921,507
0,846,475,921,505
0,857,483,921,504
0,863,485,921,503
0,864,483,918,502
0,879,482,916,502
0,878,463,914,501
0,895,447,913,499
0,902,434,912,499
0,903,454,912,498
0,911,466,910,498
0,894,445,905,499
0,887,425,900,500
0,891,444,890,503
0,894,446,881,503
0,911,415,874,503
0,901,419,863,503
0,901,427,856,503
0,904,434,853,503
0,895,438,852,503
0,869,421,851,503
0,867,422,849,503
0,856,384,847,503
0,852,375,847,503
0,838,386,847,503
0,834,358,847,502
0,845,343,848,502
0,821,353,848,502
0,830,356,848,502
0,846,364,848,501
0,828,370,851,496
0,824,350,855,485
0,841,345,859,473
0,828,351,860,469
0,856,351,860,466
0,855,355,857,466
0,859,344,850,464
0,836,328,842,452
0,847,335,829,411
0,861,364,812,372
0,853,368,803,358
0,861,376,798,351
0,863,355,796,350
0,833,357,796,350
0,842,361,796,350
0,829,377,796,350
0,824,394,796,350
0,844,417,796,350
0,841,406,795,350
0,834,417,795,350
0,824,397,795,350
0,811,400,795,350
0,810,395,795,350
0,805,396,795,350
0,826,409,795,350
0,844,394,795,350
0,846,405,795,350
0,845,401,804,350
0,860,411,819,353
0,872,421,828,358
0,889,424,835,362
0,865,400,836,366
0,880,421,837,368
0,873,409,836,372
0,868,406,833,379
0,878,416,833,391
0,893,408,831,399
0,879,409,831,401
0,874,415,831,401
0,874,427,831,401
0,873,408,831,401
0,856,409,831,401
0,843,404,831,401
0,828,389,831,401
0,840,379,830,401
0,859,382,829,401
0,869,375,829,401
0,862,350,829,401
0,866,352,829,401
0,876,350,829,401
0,878,342,829,401
0,878,327,829,401
0,882,348,829,401
0,863,342,830,402
0,867,355,834,402
0,867,348,838,404
0,867,378,839,404
0,878,364,839,405
0,880,370,840,405
0,868,374,840,405
0,866,363,840,405
0,881,390,840,405
0,905,394,840,405
0,913,404,844,405
0,906,400,845,403
0,925,403,845,403
0,937,415,845,403
0,942,400,845,403
0,945,387,845,403
0,961,383,845,403
0,945,377,845,403
0,922,362,845,403
0,901,355,845,403
0,909,349,845,403
0,919,387,845,403
0,897,413,845,403
0,912,432,845,403
0,929,415,845,403
0,943,420,845,403
0,934,414,848,403
0,937,409,862,403
0,937,397,869,403
0,950,408,886,408
0,940,416,893,409
0,972,383,899,409
0,971,408,906,407
0,963,413,908,406
0,962,427,908,406
0,963,450,908,406
0,956,456,907,406
0,966,459,906,406
0,968,458,905,406
0,978,463,905,406
0,981,451,905,406
0,997,452,905,406
0,979,441,905,406
0,1004,444,905,406
0,1023,420,905,406
0,1016,411,905,406
0,1019,415,905,406
0,1022,431,907,406
0,1017,463,912,405
0,1017,481,917,405
0,1009,461,919,405
0,1013,471,926,407
0,1008,458,933,412
0,998,459,941,420
0,1000,426,948,429
0,1009,395,956,440
0,1021,406,959,444
0,1038,420,961,445
0,1036,416,961,445
0,1041,417,962,445
0,1016,405,962,445
0,1009,427,962,445
0,1006,446,962,445
0,997,454,962,446
0,1013,480,962,451
0,1001,452,964,457
0,1029,454,968,466
0,1052,467,970,468
0,1052,478,970,468
0,1058,471,970,469
0,1040,470,970,469
0,1034,470,970,469
0,1032,448,970,469
0,1064,438,970,469
0,1065,444,971,469
0,1054,453,971,469
0,1060,489,971,469
0,1059,482,971,470
0,1066,474,975,472
0,1077,471,976,474
0,1064,482,979,476
0,1044,494,979,476
0,1031,511,979,477
0,1015,507,978,478
0,1022,508,978,479
0,1045,476,979,481
0,1042,471,985,487
0,1045,465,989,490
0,1030,444,993,492
0,1017,458,995,495
0,1018,446,995,495
0,1004,451,996,496
0,1022,457,996,497
0,1026,482,997,498
0,1016,483,997,498
0,1023,474,997,498
0,1024,436,997,498
0,1039,427,997,498
0,1017,395,997,499
0,1024,403,997,499
0,1017,411,997,500
0,1026,380,997,500
0,1017,392,997,500
0,1025,414,997,500
0,1021,401,997,500
0,1020,381,997,500
0,1035,399,997,500
0,1013,390,997,500
0,1010,408,995,500
0,1023,395,991,500
0,1010,399,987,499
0,1008,397,977,499
0,1009,391,970,499
0,993,389,968,498
0,986,415,968,495
0,968,422,968,489
0,978,417,970,481
0,986,429,976,470
0,970,438,978,468
0,959,441,980,465
0,967,465,984,460
0,968,446,989,453
0,964,469,991,446
0,981,477,993,440
0,989,483,994,439
0,1003,485,994,439
0,987,495,994,439
0,979,503,994,439
0,977,491,993,438
0,980,502,991,437
0,981,514,987,437
0,998,550,982,437
0,971,548,971,437
0,993,553,961,439
0,1003,574,948,445
0,1009,575,943,446
0,998,592,943,446
0,1004,583,943,446
0,1012,600,943,446
0,1040,600,943,446
0,1061,615,943,446
0,1028,626,943,448
0,1041,614,944,450
0,1018,611,945,453
0,1002,602,948,459
0,1014,594,952,463
0,1006,597,955,467
0,1004,581,956,469
0,1036,565,956,474
0,1036,547,956,481
0,1005,541,955,490
0,995,553,955,497
0,1013,537,958,502
0,1018,518,960,502
0,1038,516,962,503
0,1043,531,963,503
0,1050,562,963,503
0,1039,556,963,503
0,1035,534,963,503
0,1059,535,963,503
0,1075,548,964,503
0,1081,550,964,503
0,1070,567,964,503
0,1070,571,964,503
0,1057,568,964,503
0,1047,571,964,503
0,1040,568,964,503
0,1035,558,969,503
0,1027,577,973,503
0,1024,565,976,501
0,1037,600,976,501
0,1031,574,978,501
0,1040,579,979,501
0,1045,570,982,501
0,1065,571,989,502
0,1086,570,995,507
0,1098,576,1004,513
0,1113,567,1015,521
0,1112,552,1031,527
0,1116,557,1040,528
0,1112,563,1043,528
0,1105,567,1043,528
0,1120,537,1043,528
0,1134,533,1043,529
0,1115,535,1043,529
0,1125,532,1043,532
0,1124,514,1043,533
0,1120,506,1043,534
0,1125,506,1043,534
0,1117,519,1043,534
0,1101,504,1046,535
0,1088,526,1053,535
0,1084,534,1072,535
0,1094,535,1083,535
0,1106,523,1102,535
0,1112,502,1114,535
0,1103,534,1122,535
0,1074,545,1128,535
0,1074,545,1134,535
0,1074,548,1149,533
0,1075,557,1170,528
0,1082,550,1174,528
0,1068,548,1174,528
0,1061,561,1174,527
0,1066,555,1170,526
0,1068,539,1163,523
0,1062,544,1154,520
0,1058,562,1146,519
0,1066,581,1135,519
0,1083,601,1114,519
0,1069,613,1099,519
0,1051,622,1091,519
0,1047,614,1089,519
0,1054,601,1089,519
0,1052,595,1089,519
0,1030,591,1090,521
0,1059,572,1090,524
0,1042,577,1090,524
0,1065,565,1090,526
0,1076,550,1089,527
0,1061,541,1089,529
0,1061,546,1089,529
0,1056,523,1089,530
0,1073,547,1089,530
0,1071,545,1089,530
0,1096,554,1089,532
0,1089,561,1086,535
0,1093,571,1079,540
0,1085,570,1070,542
0,1085,566,1057,547
0,1096,584,1049,549
0,1067,575,1042,549
0,1055,577,1033,545
0,1056,566,1024,541
0,1067,589,1015,534
0,1069,579,1006,527
0,1079,569,1004,524
0,1068,576,1006,522
0,1057,564,1008,522
0,1047,578,1008,522
0,1047,573,1008,522
0,1055,555,1008,522
0,1065,553,1009,523
0,1055,554,1012,527
0,1084,538,1019,533
0,1086,528,1026,535
0,1085,543,1030,538
0,1067,545,1032,541
0,1068,548,1033,543
0,1084,559,1033,544
0,1078,551,1033,544
0,1083,543,1033,544
0,1086,560,1033,544
0,1082,564,1033,545
0,1075,572,1033,547
0,1052,567,1031,550
0,1057,562,1030,552
0,1053,568,1030,559
0,1064,577,1035,566
0,1063,572,1040,572
0,1056,584,1048,576
0,1071,595,1053,579
0,1060,605,1054,579
0,1043,612,1054,579
0,1048,591,1054,579
0,1019,607,1054,578
0,1005,619,1054,576
0,1020,599,1054,576
0,1036,611,1054,576
0,1037,616,1054,576
0,1031,605,1053,575
0,1011,596,1051,574
0,1029,588,1049,574
0,1024,597,1049,574
0,1028,609,1049,574
0,1042,591,1049,574
0,1056,576,1046,577
0,1054,582,1041,580
0,1049,579,1030,588
0,1080,591,1018,598
0,1099,584,1010,609
0,1088,571,1008,613
0,1092,556,1007,613
0,1117,582,1007,613
0,1095,594,1005,614
0,1093,599,1004,614
0,1114,622,1004,614
0,1113,642,1004,614
0,1102,671,1004,614
0,1099,672,1004,614
0,1095,664,1004,614
0,1108,668,1004,614
0,1094,658,1004,616
0,1087,672,1002,616
0,1067,655,1002,616
0,1078,645,1002,616
0,1073,675,1007,615
0,1064,674,1016,611
0,1069,689,1022,603
0,1023,698,1028,598
0,1027,695,1032,595
0,1023,718,1033,594
0,1022,701,1034,594
0,1005,680,1034,594
0,1014,687,1034,594
0,1030,693,1034,595
0,1010,711,1034,597
0,1009,692,1034,601
0,1018,703,1034,608
0,1013,705,1034,615
0,997,692,1034,618
0,999,671,1033,619
0,998,682,1032,620
0,994,671,1029,625
0,993,671,1026,631
0,998,662,1024,638
0,984,656,1018,645
0,1000,681,1012,653
0,992,689,1006,658
0,993,679,1004,659
0,994,668,1004,659
0,1007,675,1004,659
0,1008,651,1004,659
0,993,617,1004,659
0,992,636,1004,659
0,1016,633,1004,659
0,1023,653,1004,659
0,1017,652,1004,659
0,1014,644,1004,659
0,1009,648,1004,659
0,1013,666,1004,659
0,1019,659,1004,659
0,1018,649,1004,659
0,1014,661,1004,659
0,1007,652,1004,659
0,1010,658,1004,659
0,1017,694,1004,659
0,1015,701,1004,659
0,1007,711,1004,659
0,1014,719,1004,659
0,1022,720,1004,659
0,983,711,1004,659
0,964,684,1004,659
0,974,679,1004,659
0,966,689,1004,659
0,971,688,1004,659
0,959,663,1004,659
0,940,653,1004,659
0,954,658,1004,659
0,951,647,1004,659
0,939,662,1004,659
0,917,634,1004,661
0,939,662,1004,662
0,948,665,1005,665
0,963,684,1005,669
0,953,663,1005,674
0,958,673,1002,680
0,977,650,999,685
0,1008,633,997,686
0,1016,639,997,686
0,1008,634,996,686
0,1014,658,995,686
0,1009,655,991,685
0,992,657,982,677
0,986,658,976,666
0,980,668,972,657
0,982,674,970,655
0,1004,670,968,655
0,1012,671,966,654
0,998,680,959,654
0,973,672,953,654
0,975,687,950,654
0,978,699,949,653
0,995,700,949,652
0,1012,687,950,651
0,1007,690,953,651
0,1010,672,963,648
0,1010,661,975,638
0,1004,653,987,626
0,991,644,991,622
0,987,628,991,622
0,989,642,991,622
0,1012,607,991,622
0,1010,604,992,623
0,1011,600,992,623
0,989,573,992,626
0,971,567,990,628
0,1011,571,987,630
0,1034,569,986,633
0,1047,563,986,634
0,1036,577,986,634
0,1039,543,986,634
0,1034,551,986,634
0,1047,522,986,634
0,1050,525,986,634
0,1039,501,986,634
0,1049,530,986,634
0,1067,515,986,630
0,1065,523,982,621
0,1065,494,977,612
0,1041,483,977,610
0,1059,498,977,610
0,1075,515,977,609
0,1099,527,984,605
0,1091,528,993,599
0,1103,548,997,594
0,1093,565,999,593
0,1089,543,1002,592
0,1070,523,1006,588
0,1085,520,1010,573
0,1106,525,1020,548
0,1087,548,1028,522
0,1102,551,1030,513
0,1098,578,1031,513
0,1098,590,1031,513
0,1091,607,1031,513
0,1094,620,1031,513
0,1105,585,1033,510
0,1105,563,1037,495
0,1108,572,1040,482
0,1130,583,1041,480
0,1118,560,1041,480
0,1107,591,1041,480
0,1130,565,1041,480
0,1132,576,1041,480
0,1140,578,1041,480
0,1129,591,1043,480
0,1146,561,1044,479
0,1155,572,1044,479
0,1131,566,1044,479
0,1160,551,1046,479
0,1191,533,1052,483
0,1166,519,1058,491
0,1174,501,1064,500
0,1176,478,1070,507
0,1174,485,1073,510
0,1193,480,1079,514
0,1200,497,1092,520
0,1175,516,1132,536
0,1182,514,1155,544
0,1182,523,1175,548
0,1184,491,1178,548
0,1165,501,1180,548
0,1179,504,1180,548
0,1178,517,1182,547
0,1187,523,1186,544
0,1192,516,1188,540
0,1169,511,1189,538
0,1190,512,1190,535
0,1174,521,1192,533
0,1187,530,1197,529
0,1175,525,1206,523
0,1201,518,1215,517
0,1190,539,1222,512
0,1173,526,1226,512
0,1168,533,1226,512
0,1159,529,1226,512
0,1157,550,1226,512
0,1144,542,1226,511
0,1115,551,1223,511
0,1116,523,1221,511
0,1109,536,1213,511
0,1085,551,1201,511
0,1077,563,1182,509
0,1094,574,1170,509
0,1103,585,1158,509
0,1110,577,1146,509
0,1130,585,1140,510
0,1127,588,1136,514
0,1099,613,1132,516
0,1102,597,1132,516
0,1103,579,1132,516
0,1093,583,1132,516
0,1095,586,1132,516
0,1088,562,1130,516
0,1093,557,1123,519
0,1093,549,1110,528
0,1089,549,1100,536
0,1110,535,1093,545
0,1105,523,1088,550
0,1130,489,1088,552
0,1102,492,1088,552
0,1103,509,1087,553
0,1093,486,1086,554
0,1106,490,1085,555
0,1106,495,1085,556
0,1097,507,1084,560
0,1099,491,1081,563
0,1070,493,1077,571
0,1059,495,1073,575
0,1086,492,1072,577
0,1073,502,1072,577
0,1080,471,1073,577
0,1091,477,1083,574
0,1088,469,1098,569
0,1092,476,1117,560
0,1070,475,1131,549
0,1059,495,1134,541
0,1051,488,1134,537
0,1048,477,1127,533
0,1052,467,1123,532
0,1040,468,1118,529
0,1046,483,1115,528
0,1041,495,1113,526
0,1008,492,1112,524
0,1011,494,1108,523
0,1027,481,1103,520
0,1061,491,1094,519
0,1049,493,1085,516
0,1055,492,1077,513
0,1058,535,1068,510
0,1079,553,1058,507
0,1091,563,1056,506
0,1115,575,1055,506
0,1113,583,1055,505
0,1097,585,1054,505
0,1081,562,1054,505
0,1051,576,1052,505
0,1070,565,1051,505
0,1062,567,1049,505
0,1072,574,1045,505
0,1081,565,1033,506
0,1093,557,990,517
0,1077,555,972,526
0,1054,544,966,532
0,1038,545,965,533
0,1054,555,967,533
0,1075,567,977,533
0,1067,555,990,533
0,1052,572,1000,533
0,1044,584,1012,533
0,1012,578,1031,533
0,1003,589,1043,533
0,992,587,1055,533
0,988,595,1063,533
0,989,598,1065,533
0,998,593,1068,533
0,986,603,1071,533
0,978,602,1075,533
0,988,613,1076,533
0,980,609,1076,533
0,980,604,1076,533
0,990,613,1077,532
0,1005,612,1078,532
0,997,618,1079,532
0,998,600,1083,532
0,1001,601,1084,532
0,1023,592,1084,532
0,1009,592,1084,532
0,1020,624,1083,532
0,1039,646,1079,533
0,1040,643,1074,535
0,1049,623,1069,537
0,1049,625,1064,540
0,1051,631,1063,541
0,1054,607,1062,541
0,1043,599,1061,542
0,1028,611,1057,544
0,1030,607,1053,550
0,1014,613,1049,555
0,1019,601,1046,564
0,1021,600,1043,569
0,1034,612,1042,571
0,1047,599,1042,571
0,1062,617,1043,573
0,1072,621,1045,575
0,1089,624,1050,579
0,1100,619,1053,583
0,1096,582,1056,584
0,1099,565,1057,584
0,1120,567,1061,584
0,1112,597,1066,583
0,1107,624,1073,581
0,1100,634,1082,579
0,1104,640,1089,577
0,1075,650,1090,577
0,1084,658,1090,577
0,1076,689,1090,577
0,1079,711,1090,577
0,1067,712,1091,576
0,1063,711,1092,574
0,1089,726,1092,571
0,1089,732,1091,571
0,1093,723,1091,571
0,1087,716,1091,571
0,1093,713,1091,571
0,1083,724,1091,571
0,1071,686,1091,571
0,1092,672,1091,572
0,1096,660,1088,579
0,1077,661,1087,586
0,1086,659,1085,594
0,1081,680,1084,604
0,1096,682,1084,606
0,1108,671,1084,610
0,1132,669,1083,612
0,1132,661,1082,614
0,1138,653,1082,614
0,1144,638,1081,616
0,1138,642,1081,617
0,1126,654,1078,620
0,1117,635,1077,627
0,1120,624,1076,633
0,1128,625,1074,641
0,1124,644,1074,647
0,1150,635,1074,651
0,1161,646,1074,652
0,1141,671,1074,653
0,1146,696,1074,653
0,1146,679,1074,653
0,1167,679,1076,653
0,1169,697,1080,653
0,1188,678,1086,653
0,1184,669,1095,651
0,1178,657,1102,649
0,1188,647,1109,643
0,1201,664,1113,642
0,1191,662,1114,640
0,1209,624,1115,640
0,1186,615,1115,638
0,1200,619,1115,638
0,1180,614,1115,638
0,1175,628,1115,638
0,1187,617,1115,638
0,1193,625,1116,639
0,1194,646,1117,640
0,1171,659,1120,641
0,1183,628,1126,642
0,1176,659,1138,642
0,1176,652,1154,642
0,1180,662,1173,642
0,1191,640,1185,642
0,1187,650,1192,644
0,1203,654,1193,645
0,1207,652,1193,645
0,1198,653,1193,645
0,1198,648,1193,645
0,1195,641,1193,645
0,1183,643,1193,645
0,1192,657,1193,645
0,1192,630,1193,645
0,1162,619,1193,645
0,1158,620,1194,645
0,1153,609,1196,645
0,1147,613,1197,643
0,1161,614,1197,643
0,1142,630,1195,643
0,1155,655,1194,643
0,1141,655,1191,644
0,1122,672,1188,644
0,1141,660,1187,644
0,1149,674,1186,645
0,1146,704,1185,645
0,1125,659,1178,645
0,1146,652,1168,643
0,1158,658,1159,640
0,1169,646,1152,637
0,1168,644,1145,634
0,1157,632,1138,633
0,1143,620,1129,631
0,1155,613,1122,631
0,1141,599,1117,631
0,1145,600,1117,631
0,1162,594,1117,631
0,1171,591,1117,631
0,1158,591,1115,631
0,1149,572,1115,631
0,1132,555,1114,631
0,1136,570,1114,631
0,1133,560,1114,631
0,1127,573,1114,631
0,1146,558,1114,631
0,1150,555,1114,631
0,1159,561,1114,631
0,1180,548,1114,631
0,1185,542,1116,630
0,1164,561,1120,627
0,1161,552,1124,625
0,1149,560,1125,622
0,1138,554,1125,622
0,1147,561,1125,620
0,1154,565,1122,618
0,1145,554,1116,610
0,1125,553,1105,594
0,1138,536,1096,581
0,1124,527,1088,569
0,1106,524,1088,566
0,1089,527,1088,566
0,1086,549,1088,566
0,1088,556,1091,567
0,1121,543,1098,567
0,1117,538,1113,563
0,1127,533,1123,560
0,1130,540,1134,555
0,1139,545,1138,554
0,1116,555,1138,554
0,1114,541,1138,554
0,1129,563,1138,554
0,1150,561,1138,554
0,1148,568,1137,552
0,1149,563,1135,550
0,1115,573,1131,548
0,1086,590,1124,543
0,1107,602,1118,539
0,1104,615,1111,535
0,1089,599,1105,531
0,1096,598,1098,523
0,1051,609,1089,517
0,1050,605,1083,513
0,1046,608,1076,509
1,950,557,958,548
1,987,553,958,548
1,980,531,958,548
1,976,543,958,548
1,972,525,958,548
1,977,514,958,548
1,969,508,958,548
1,985,485,958,548
1,994,470,958,548
1,974,454,958,548
1,959,458,958,548
1,960,456,958,548
1,961,455,958,548
1,971,461,958,548
1,970,458,958,548
1,967,466,958,548
1,962,441,958,548
1,948,476,958,548
1,953,485,958,548
1,951,485,958,548
1,967,485,958,548
1,966,484,958,548
1,983,455,958,548
1,972,463,958,548
1,967,464,955,542
1,961,462,948,537
1,976,461,945,531
1,977,478,944,527
1,984,476,943,525
1,976,488,943,523
1,986,497,943,523
1,973,491,943,523
1,962,481,948,523
1,942,486,949,523
1,968,472,951,523
1,942,482,954,523
1,940,499,958,517
1,973,498,960,512
1,972,501,962,506
1,959,518,965,504
1,953,503,969,504
1,939,515,970,503
1,938,509,972,503
1,935,487,981,506
1,931,479,992,511
1,911,477,1001,515
1,912,478,1006,515
1,896,472,1006,515
1,901,495,1005,515
1,897,478,998,515
1,892,466,990,515
1,897,483,984,515
1,892,479,981,517
1,908,480,978,519
1,907,476,976,520
1,908,471,968,520
1,923,466,959,520
1,929,490,944,513
1,918,475,936,509
1,910,496,934,507
1,904,516,933,504
1,904,512,932,504
1,923,518,931,504
1,911,506,929,504
1,906,504,929,504
1,877,509,929,505
1,876,500,930,506
1,850,520,933,506
1,842,484,935,506
1,857,490,938,503
1,847,491,940,502
1,839,471,941,502
1,835,466,941,502
1,845,492,940,505
1,839,479,933,507
1,816,497,926,512
1,779,485,920,516
1,784,474,919,519
1,807,480,919,522
1,813,481,920,524
1,808,508,924,525
1,803,501,925,525
1,806,507,925,525
1,780,517,923,526
1,778,542,919,526
1,788,539,914,526
1,802,522,904,525
1,807,524,883,519
1,799,533,831,504
1,789,518,798,494
1,815,509,777,486
1,803,528,762,483
1,787,500,755,479
1,789,516,755,477
1,774,524,755,472
1,782,522,754,468
1,771,547,753,466
1,758,549,753,465
1,754,560,753,465
1,738,584,753,466
1,745,612,753,469
1,748,603,754,474
1,728,615,759,478
1,754,598,766,484
1,772,609,779,489
1,773,564,797,494
1,761,546,812,497
1,742,533,827,499
1,726,523,832,499
1,729,514,832,500
1,733,500,824,505
1,755,506,810,508
1,750,506,794,513
1,765,469,780,523
1,748,481,772,537
1,736,475,770,547
1,717,457,772,559
1,715,455,776,563
1,726,426,777,564
1,716,421,777,564
1,701,394,777,564
1,726,369,777,564
1,728,357,777,564
1,709,353,777,564
1,712,345,777,564
1,702,337,775,557
1,703,348,775,552
1,680,333,775,541
1,695,336,775,532
1,679,341,769,519
1,703,345,758,500
1,704,347,739,480
1,715,370,723,461
1,698,381,713,430
1,684,389,713,390
1,673,393,719,372
1,688,387,724,363
1,704,383,727,353
1,691,397,727,342
1,698,398,721,332
1,689,397,711,315
1,673,386,689,295
1,680,376,684,292
1,695,350,680,288
1,689,348,680,288
1,686,317,679,288
1,685,294,676,291
1,681,279,668,300
1,674,286,652,323
1,699,280,643,339
1,700,246,641,345
1,712,236,641,350
1,712,252,642,359
1,686,263,656,369
1,696,236,666,378
1,698,249,685,392
1,687,244,698,398
1,676,250,707,398
1,680,230,708,391
1,702,227,708,372
1,708,225,698,351
1,715,212,681,322
1,723,205,673,308
1,731,191,673,304
1,710,186,680,299
1,687,217,686,294
1,668,210,689,293
1,702,204,690,293
1,684,194,690,293
1,672,187,690,293
1,665,208,690,293
1,650,223,690,293
1,655,189,691,293
1,649,199,698,294
1,659,201,707,294
1,640,186,720,286
1,633,179,733,272
1,620,173,737,263
1,633,187,737,258
1,646,170,737,256
1,645,170,737,256
1,639,174,737,253
1,611,167,737,251
1,604,162,733,246
1,608,147,728,245
1,618,158,721,245
1,614,152,710,248
1,619,179,697,257
1,629,172,689,263
1,650,160,687,264
1,671,174,685,264
1,663,171,681,260
1,662,168,672,256
1,631,169,663,253
1,646,185,655,253
1,639,179,646,250
1,658,157,644,241
1,675,178,647,220
1,673,205,648,216
1,657,202,651,203
1,654,193,651,196
1,667,170,651,189
1,660,152,651,188
1,668,163,651,188
1,669,163,651,188
1,664,149,665,201
1,696,166,677,212
1,686,165,695,221
1,704,159,702,224
1,705,158,705,225
1,720,160,706,226
1,744,178,709,230
1,712,192,715,235
1,715,205,719,244
1,682,185,721,250
1,678,195,719,258
1,693,216,715,262
1,713,205,714,264
1,728,211,714,264
1,728,215,717,258
1,721,225,733,241
1,726,232,747,222
1,739,215,763,209
1,751,190,776,208
1,749,201,780,208
1,770,199,780,209
1,791,200,775,216
1,797,183,764,226
1,814,200,751,238
1,793,191,747,244
1,798,189,747,245
1,808,190,747,245
1,805,221,751,246
1,818,201,755,246
1,787,196,757,247
1,790,203,757,248
1,787,213,757,251
1,766,228,753,253
1,784,195,752,257
1,778,195,752,258
1,776,212,754,258
1,777,210,770,254
1,792,211,774,251
1,791,212,802,244
1,796,214,814,241
1,786,209,819,241
1,792,237,821,241
1,772,224,822,245
1,759,227,822,246
1,776,229,822,246
1,770,230,822,246
1,748,206,822,246
1,761,197,822,246
1,776,208,822,246
1,774,227,822,246
1,796,218,817,246
1,800,217,810,242
1,782,234,804,240
1,769,215,799,238
1,784,200,795,237
1,800,187,795,237
1,792,175,793,238
1,796,193,789,241
1,796,188,785,244
1,808,178,784,245
1,843,172,784,245
1,843,191,784,245
1,837,180,786,245
1,845,195,791,244
1,873,211,802,243
1,885,216,814,241
1,881,212,821,240
1,885,196,824,240
1,861,202,824,240
1,867,182,824,240
1,862,180,824,240
1,867,172,824,241
1,850,184,824,241
1,884,202,821,241
1,894,178,813,241
1,876,170,806,241
1,857,186,806,241
1,844,196,806,241
1,850,187,808,241
1,838,167,820,243
1,838,160,834,244
1,837,150,852,248
1,821,153,865,249
1,808,146,870,251
1,802,167,871,251
1,809,155,871,251
1,806,162,871,251
1,822,171,871,250
1,792,168,871,248
1,772,165,872,247
1,790,174,872,247
1,811,167,872,246
1,815,169,872,246
1,811,180,867,245
1,784,175,867,247
1,769,187,862,247
1,758,161,857,247
1,773,162,846,247
1,790,161,837,246
1,784,161,833,246
1,792,153,825,243
1,800,122,821,242
1,794,163,821,242
1,780,155,821,242
1,784,136,821,242
1,777,136,821,242
1,793,157,821,242
1,793,167,821,239
1,808,173,821,235
1,817,185,818,230
1,816,201,814,226
1,817,189,809,222
1,804,178,808,221
1,811,185,808,221
1,784,174,808,220
1,762,185,808,220
1,769,174,809,220
1,766,164,820,223
1,754,169,840,230
1,742,161,864,238
1,760,170,878,240
1,790,172,887,240
1,803,178,887,240
1,804,164,881,238
1,798,161,871,235
1,812,158,864,232
1,822,177,860,228
1,800,177,855,227
1,807,165,846,224
1,805,165,835,218
1,808,157,815,211
1,796,153,800,207
1,806,148,787,206
1,809,179,786,206
1,815,143,786,206
1,814,146,786,207
1,842,142,788,209
1,835,131,792,211
1,852,140,799,211
1,853,121,807,212
1,861,147,817,212
1,867,145,824,212
1,857,161,829,212
1,858,156,833,210
1,856,160,837,209
1,846,163,838,208
1,841,158,839,208
1,848,152,839,207
1,846,144,835,205
1,848,152,832,204
1,834,159,829,202
1,837,163,832,201
1,868,156,858,201
1,884,158,880,201
1,871,130,909,202
1,890,138,926,205
1,863,135,929,205
1,847,139,929,205
1,836,136,929,205
1,861,145,928,205
1,886,127,926,205
1,892,132,923,205
1,896,149,923,204
1,894,159,923,203
1,907,145,923,203
1,906,148,921,203
1,905,140,920,203
1,889,126,915,203
1,890,126,903,203
1,875,132,884,205
1,878,142,872,205
1,886,132,869,205
1,894,151,870,203
1,870,147,870,202
1,895,158,871,202
1,915,176,871,202
1,936,177,872,202
1,920,182,894,202
1,920,184,934,202
1,923,150,966,202
1,909,136,979,203
1,893,133,982,203
1,889,151,980,203
1,877,156,962,201
1,867,147,948,200
1,850,142,936,198
1,865,150,927,197
1,869,159,923,195
1,862,168,922,195
1,845,159,922,195
1,831,155,925,198
1,845,155,927,199
1,849,162,928,200
1,849,168,929,200
1,859,171,929,201
1,844,169,930,205
1,831,191,930,207
1,820,187,930,211
1,851,179,929,214
1,873,191,926,218
1,853,197,925,221
1,866,198,923,222
1,863,181,919,223
1,868,186,910,226
1,879,183,899,226
1,891,196,891,224
1,872,201,886,217
1,889,215,883,213
1,890,192,883,212
1,918,184,883,212
1,898,159,883,212
1,930,154,883,212
1,927,129,883,213
1,915,139,883,215
1,937,114,884,219
1,946,124,889,224
1,948,127,897,226
1,958,120,906,226
1,966,135,913,227
1,942,107,918,229
1,954,144,925,231
1,920,151,933,236
1,908,141,938,237
1,917,106,940,237
1,910,154,941,237
1,908,169,941,236
1,912,152,941,234
1,916,167,942,226
1,932,178,947,219
1,942,171,952,211
1,918,163,952,207
1,920,145,952,207
1,892,139,952,207
1,877,136,952,207
1,863,168,953,206
1,898,147,953,206
1,909,118,952,207
1,900,107,945,210
1,888,129,936,213
1,902,138,928,213
1,913,133,917,213
1,907,125,912,213
1,936,138,912,213
1,943,130,912,213
1,958,129,912,213
1,966,110,912,213
1,946,152,911,213
1,959,142,904,212
1,988,117,892,210
1,983,132,883,211
1,1004,154,881,211
1,1005,132,879,212
1,1034,126,880,212
1,1055,128,883,208
1,1036,130,886,204
1,1034,119,887,202
1,993,139,889,202
1,1014,137,893,201
1,1017,153,903,201
1,1012,143,925,197
1,1011,161,944,197
1,1009,189,966,200
1,1000,188,977,203
1,1005,156,990,207
1,1002,150,998,210
1,1008,140,1010,210
1,1000,122,1023,210
1,995,132,1026,208
1,980,117,1025,208
1,982,123,1023,208
1,973,159,1020,205
1,977,169,1014,203
1,984,146,1011,199
1,979,159,1008,195
1,972,161,1007,193
1,973,165,1006,191
1,945,174,1005,191
1,952,166,1001,190
1,942,201,1000,190
1,938,204,1001,189
1,913,220,1005,189
1,905,209,1008,189
1,926,196,1009,189
1,930,190,1009,189
1,918,199,1009,189
1,922,210,1009,189
1,883,207,1009,189
1,891,205,1009,189
1,902,209,1009,189
1,919,194,1008,189
1,903,187,1001,191
1,889,166,975,196
1,891,150,960,199
1,896,154,937,207
1,907,159,916,216
1,915,162,907,225
1,906,166,898,231
1,888,144,893,240
1,868,133,889,248
1,857,112,886,253
1,846,143,886,254
1,834,144,888,254
1,846,144,891,253
1,831,153,896,249
1,828,146,899,247
1,790,150,899,244
1,791,146,900,242
1,801,144,904,236
1,791,158,910,231
1,801,153,915,225
1,783,152,917,223
1,762,175,916,220
1,769,159,911,219
1,800,163,901,219
1,824,180,882,222
1,825,187,861,223
1,796,185,840,231
1,807,209,815,239
1,801,232,797,244
1,800,228,790,244
1,780,235,789,244
1,796,253,789,244
1,786,245,789,244
1,812,243,789,244
1,787,250,789,244
1,786,272,789,244
1,827,270,789,244
1,834,284,793,243
1,839,292,800,240
1,848,297,808,237
1,878,299,813,236
1,877,294,818,234
1,901,295,820,233
1,909,284,822,232
1,912,266,822,232
1,910,290,822,232
1,908,304,822,233
1,921,289,821,238
1,937,304,821,249
1,959,283,819,270
1,960,294,819,297
1,946,291,827,332
1,932,287,849,348
1,920,262,864,353
1,922,270,875,355
1,943,293,889,355
1,953,267,897,351
1,954,259,903,346
1,943,268,910,340
1,938,264,916,334
1,922,245,919,326
1,931,236,921,324
1,917,195,921,322
1,922,200,921,320
1,936,199,924,317
1,918,174,929,313
1,903,166,931,310
1,890,172,934,308
1,889,150,934,307
1,893,174,934,307
1,888,162,932,307
1,898,171,928,308
1,902,163,926,309
1,912,186,926,309
1,904,182,926,308
1,876,161,927,306
1,894,184,928,299
1,889,184,928,290
1,911,193,928,280
1,900,167,923,269
1,898,183,917,260
1,898,201,911,254
1,908,178,904,250
1,891,181,895,244
1,889,166,890,241
1,882,177,886,240
1,890,188,885,240
1,893,182,883,240
1,877,160,881,240
1,847,164,878,240
1,833,160,876,243
1,837,149,876,243
1,839,117,876,245
1,840,145,879,247
1,846,129,888,249
1,872,141,900,249
1,857,131,918,248
1,860,130,927,245
1,854,118,931,243
1,844,164,932,243
1,862,171,931,243
1,855,200,927,239
1,854,171,921,231
1,831,172,914,224
1,835,152,906,218
1,831,144,897,214
1,837,147,885,211
1,826,125,874,208
1,829,148,871,206
1,831,148,870,206
1,842,145,870,205
1,820,168,870,205
1,836,162,870,205
1,831,159,870,205
1,840,170,871,205
1,841,163,873,205
1,839,162,874,205
1,805,171,875,205
1,758,161,875,205
1,756,170,875,205
1,757,179,875,205
1,774,196,875,203
1,770,202,875,200
1,756,203,875,195
1,769,199,871,190
1,774,223,864,187
1,760,231,855,183
1,771,227,849,180
1,762,213,845,176
1,766,224,844,175
1,745,222,841,175
1,729,205,834,175
1,724,211,825,178
1,742,190,814,186
1,733,189,799,201
1,732,179,788,210
1,731,172,786,213
1,716,174,786,215
1,682,167,786,219
1,682,142,786,224
1,671,182,787,226
1,664,152,791,230
1,632,140,795,234
1,622,121,796,238
1,636,136,796,240
1,628,156,792,244
1,619,160,783,247
1,616,159,775,247
1,604,155,769,245
1,609,129,761,231
1,591,141,744,214
1,594,125,726,209
1,604,136,714,208
1,603,144,705,205
1,612,153,701,203
1,627,157,700,202
1,595,150,699,202
1,605,167,698,202
1,602,171,693,202
1,601,186,689,201
1,605,189,682,194
1,625,181,673,188
1,605,192,662,181
1,601,185,652,181
1,588,172,637,180
1,574,197,629,180
1,567,220,624,180
1,541,209,618,182
1,564,204,602,194
1,567,208,597,200
1,532,189,596,204
1,590,206,596,206
1,599,223,602,212
1,617,212,612,217
1,635,223,618,221
1,629,239,622,226
1,646,255,622,230
1,661,273,622,237
1,666,289,620,242
1,674,305,619,243
1,671,308,619,243
1,677,307,619,243
1,681,336,615,243
1,683,337,603,245
1,639,331,589,248
1,640,329,576,248
1,652,337,574,248
1,658,321,574,248
1,650,331,574,247
1,670,342,579,247
1,688,308,595,254
1,699,324,609,266
1,718,325,626,286
1,694,326,640,309
1,700,308,648,335
1,705,300,650,352
1,713,291,652,367
1,721,287,655,384
1,721,295,665,407
1,734,286,680,435
1,743,282,682,441
1,754,283,683,442
1,765,307,683,442
1,762,302,683,442
1,765,304,685,442
1,778,318,686,442
1,777,312,686,442
1,795,312,689,442
1,805,308,700,439
1,789,306,715,436
1,797,293,733,429
1,788,284,749,420
1,760,283,764,398
1,776,287,775,360
1,762,301,781,339
1,765,298,784,336
1,766,302,790,328
1,755,275,796,323
1,769,277,798,321
1,753,301,798,321
1,762,312,798,321
1,757,334,802,327
1,755,325,810,335
1,751,313,825,340
1,765,310,842,342
1,733,304,853,340
1,721,319,863,337
1,698,312,870,337
1,705,283,881,335
1,714,262,886,335
1,710,278,893,333
1,686,270,895,331
1,676,275,895,330
1,666,269,894,330
1,646,258,889,330
1,632,247,884,335
1,603,234,880,336
1,594,231,869,342
1,578,227,845,353
1,587,204,821,365
1,587,198,815,365
1,580,201,805,363
1,577,185,785,349
1,587,161,768,338
1,599,155,759,329
1,577,168,755,322
1,577,188,749,315
1,567,190,743,310
1,575,171,733,307
1,576,188,712,306
1,565,188,694,302
1,581,172,681,295
1,579,195,674,290
1,570,184,669,284
1,546,193,668,279
1,532,180,665,267
1,584,163,665,265
1,591,151,665,249
1,626,170,666,225
1,628,164,667,210
1,632,167,667,204
1,624,156,667,201
1,609,165,667,201
1,620,164,667,201
1,637,164,667,200
1,629,178,667,200
1,626,179,667,200
1,585,183,667,200
1,583,192,666,200
1,606,182,660,208
1,624,200,656,215
1,622,187,654,222
1,617,175,654,223
1,634,147,658,226
1,644,128,669,226
1,634,139,681,223
1,638,124,700,212
1,655,134,703,203
1,641,128,703,200
1,649,161,703,197
1,657,154,702,197
1,646,156,693,197
1,662,163,684,201
1,653,165,677,201
1,663,172,671,201
1,652,168,668,200
1,667,181,667,199
1,648,155,667,199
1,651,152,669,198
1,639,150,674,195
1,648,165,680,190
1,655,171,683,186
1,663,176,683,185
1,668,185,683,185
1,655,195,683,185
1,650,206,684,185
1,614,219,686,188
1,593,261,687,189
1,594,220,688,189
1,591,193,688,189
1,607,217,689,189
1,606,209,693,191
1,588,213,698,192
1,601,209,704,193
1,613,225,706,193
1,627,225,707,195
1,655,241,707,196
1,627,252,705,197
1,637,247,699,204
1,634,250,690,214
1,641,267,679,232
1,651,271,659,252
1,653,275,641,270
1,645,262,641,270
1,645,246,641,270
1,662,232,643,271
1,658,227,644,272
1,667,246,646,273
1,652,241,647,275
1,675,249,648,275
1,688,242,649,274
1,702,251,652,273
1,687,259,652,273
1,700,269,652,273
1,696,274,652,273
1,720,271,652,281
1,725,280,653,282
1,725,275,655,282
1,724,273,664,277
1,705,289,673,274
1,707,288,680,273
1,699,319,684,273
1,709,309,686,274
1,701,306,688,276
1,695,316,690,279
1,689,312,692,279
1,694,310,694,280
1,685,304,695,284
1,673,308,703,295
1,655,331,714,311
1,655,340,728,334
1,681,349,731,337
1,645,364,736,338
1,645,377,736,338
1,655,371,736,338
1,674,376,736,338
1,669,368,736,338
1,674,379,735,339
1,662,390,733,339
1,681,402,728,342
1,685,421,722,346
1,681,425,715,347
1,688,416,711,349
1,708,406,710,349
1,725,407,708,347
1,747,410,707,345
1,722,421,706,344
1,739,436,706,344
1,735,440,706,344
1,741,448,706,342
1,729,431,703,343
1,737,433,702,343
1,762,405,699,344
1,755,416,696,345
1,747,428,695,345
1,758,444,694,347
1,769,474,694,351
1,755,470,694,355
1,752,447,700,361
1,758,446,719,369
1,743,445,745,385
1,759,436,759,393
1,766,439,770,400
1,764,467,774,402
1,744,466,775,402
1,736,463,775,402
1,721,459,775,404
1,733,462,775,404
1,723,451,775,406
1,736,475,775,411
1,748,473,775,417
1,733,465,777,421
1,749,454,777,424
1,755,445,777,429
1,749,474,777,434
1,757,468,779,438
1,756,474,781,441
1,755,479,782,443
1,752,466,784,445
1,745,483,790,449
1,751,461,795,454
1,738,467,799,458
1,732,460,800,460
1,734,450,801,463
1,728,442,803,465
1,745,434,807,469
1,744,439,810,474
1,723,433,811,478
1,718,454,811,479
1,717,466,810,480
1,704,459,806,480
1,699,491,804,479
1,705,479,804,476
1,696,492,804,475
1,698,473,805,473
1,707,480,805,470
1,705,463,807,459
1,702,480,806,449
1,721,477,803,434
1,741,476,799,417
1,728,469,798,413
1,740,477,798,413
1,744,475,798,413
1,731,494,798,413
1,711,488,794,416
1,694,520,780,441
1,677,531,768,463
1,674,545,764,472
1,679,551,761,478
1,664,568,760,480
1,655,554,760,480
1,677,541,760,481
1,689,535,760,482
1,706,530,761,483
1,692,540,763,484
1,713,556,764,486
1,694,561,766,486
1,694,565,767,487
1,695,579,767,489
1,682,598,767,493
1,700,589,765,501
1,712,602,762,514
1,717,623,757,529
1,720,629,752,540
1,722,620,746,544
1,734,628,741,547
1,704,639,736,548
1,709,636,733,548
1,727,639,733,549
1,760,671,733,549
1,754,671,733,549
1,734,667,733,551
1,726,637,733,558
1,713,648,735,565
1,697,641,737,574
1,695,630,739,580
1,665,636,741,589
1,667,633,754,614
1,663,644,767,636
1,671,650,782,653
1,661,637,795,667
1,659,650,801,676
1,666,625,806,683
1,677,659,816,691
1,649,644,823,696
1,658,640,827,699
1,668,649,828,701
1,687,632,828,704
1,700,613,828,708
1,706,608,833,714
1,697,593,834,716
1,686,602,836,717
1,681,624,837,718
1,688,632,837,718
1,714,650,833,718
1,714,624,825,718
1,689,625,810,714
1,671,627,789,703
1,682,623,758,670
1,691,621,725,609
1,690,597,716,585
1,687,587,714,581
1,689,586,714,580
1,695,595,714,580
1,708,591,714,580
1,719,589,714,580
1,734,604,714,580
1,743,620,714,584
1,729,609,714,594
1,722,614,714,608
1,727,616,714,619
1,721,613,714,622
1,727,618,714,623
1,725,639,712,626
1,728,629,707,630
1,694,635,701,636
1,726,654,691,637
1,736,670,676,638
1,729,674,663,629
1,712,665,652,613
1,738,679,649,606
1,715,660,649,602
1,715,655,653,599
1,711,665,660,594
1,709,666,671,588
1,703,653,682,582
1,724,644,693,574
1,714,652,703,571
1,709,669,714,571
1,733,656,725,571
1,744,656,728,572
1,734,658,728,573
1,747,650,728,575
1,709,647,727,575
1,708,654,726,577
1,707,677,725,578
1,704,692,725,578
1,709,686,724,579
1,704,703,719,583
1,695,714,710,587
1,712,708,706,590
1,718,706,704,591
1,694,704,704,593
1,673,689,704,593
1,689,680,704,594
1,680,681,704,596
1,703,661,706,596
1,710,665,710,596
1,721,664,715,597
1,720,660,724,599
1,691,648,733,602
1,688,649,739,603
1,678,637,743,606
1,686,612,744,607
1,669,599,744,609
1,658,592,744,611
1,658,590,744,614
1,635,590,743,616
1,650,583,741,618
1,648,561,739,622
1,640,553,737,626
1,646,570,736,628
1,647,563,735,628
1,617,584,735,629
1,600,592,735,629
1,586,589,736,630
1,578,574,737,630
1,563,568,738,630
1,532,590,738,630
1,581,578,737,627
1,588,573,722,610
1,587,573,719,606
1,569,572,700,585
1,561,562,696,578
1,552,579,696,572
1,573,545,699,554
1,582,543,701,547
1,601,546,701,547
1,586,547,701,547
1,592,560,697,547
1,595,560,687,547
1,607,579,666,553
1,600,566,646,560
1,589,573,627,571
1,584,565,608,583
1,579,574,599,591
1,556,586,597,592
1,542,579,597,592
1,562,590,597,592
1,557,591,597,592
1,572,584,600,592
1,568,554,604,592
1,555,554,606,592
1,557,552,608,592
1,559,544,608,592
1,561,553,608,592
1,560,555,608,592
1,540,562,612,592
1,565,553,618,592
1,583,554,622,592
1,585,562,624,591
1,557,549,624,589
1,550,524,624,589
1,543,516,624,589
1,550,508,624,589
1,555,530,624,589
1,558,546,624,589
1,560,530,621,589
1,588,513,614,586
1,580,527,607,580
1,595,523,603,575
1,578,538,603,574
1,571,528,603,573
1,554,529,603,573
1,535,517,603,573
1,596,542,604,569
1,619,533,612,563
1,604,537,619,560
1,611,543,624,557
1,583,572,627,557
1,587,568,628,556
1,586,577,631,556
1,622,601,636,554
1,626,614,639,553
1,612,605,639,553
1,612,595,639,553
1,618,591,639,553
1,601,597,639,553
1,591,589,638,553
1,597,592,638,553
1,602,580,637,553
1,601,576,636,553
1,611,591,636,553
1,606,580,636,553
1,604,558,636,550
1,589,531,637,549
1,582,543,637,549
1,588,556,637,549
1,575,566,637,549
1,577,576,639,551
1,578,565,641,552
1,583,570,643,553
1,555,573,643,553
1,554,575,643,553
1,579,596,639,554
1,575,593,637,554
1,547,576,625,557
1,545,582,620,557
1,537,590,617,557
1,571,601,617,557
1,581,583,619,556
1,557,562,623,555
1,553,562,630,554
1,579,559,635,554
1,598,548,640,557
1,595,532,643,565
1,587,545,643,572
1,603,563,639,579
1,604,567,632,585
1,597,585,626,587
1,595,575,621,589
1,592,559,618,589
1,607,543,615,589
1,598,522,614,589
1,587,516,613,589
1,589,514,612,589
1,587,510,612,588
1,574,489,613,585
1,592,501,617,581
1,568,498,621,579
1,584,482,621,576
1,571,481,622,575
1,569,489,622,575
1,556,472,622,575
1,591,474,622,575
1,612,484,622,575
1,626,480,622,573
1,607,494,620,567
1,623,484,615,563
1,632,464,604,557
1,625,499,593,549
1,635,512,589,542
1,606,508,587,538
1,613,538,586,535
1,605,544,586,528
1,589,537,586,523
1,567,540,587,520
1,561,532,587,519
1,559,522,593,519
1,563,531,611,519
1,537,515,632,523
1,545,509,651,525
1,579,519,666,525
1,571,511,672,525
1,562,537,672,525
1,557,553,673,525
1,563,560,675,529
1,556,560,676,531
1,544,542,677,533
1,592,520,675,540
1,587,525,671,542
1,579,535,664,545
1,572,531,662,546
1,587,555,656,546
1,594,553,649,545
1,615,551,642,543
1,611,544,633,538
1,647,531,629,531
1,653,538,629,527
1,640,530,630,525
1,618,522,632,524
1,623,540,636,524
1,651,561,642,528
1,642,545,643,532
1,654,498,644,534
1,643,501,644,535
1,665,494,644,535
1,702,482,644,535
1,713,474,645,535
1,703,479,645,535
1,705,474,645,538
1,686,483,646,539
1,693,480,649,540
1,679,466,652,540
1,675,488,659,540
1,655,468,666,541
1,662,475,677,544
1,670,471,685,544
1,674,479,690,544
1,686,455,697,544
1,680,441,703,540
1,690,425,707,539
1,685,456,707,538
1,677,435,707,538
1,653,417,707,538
1,662,407,707,538
1,647,406,703,536
1,644,409,700,535
1,622,405,693,531
1,636,398,683,523
1,656,406,670,515
1,672,384,653,508
1,660,382,646,507
1,651,397,644,507
1,641,406,644,507
1,654,395,644,507
1,623,406,644,511
1,613,420,648,518
1,625,423,652,521
1,640,433,659,522
1,672,423,665,520
1,673,430,672,513
1,665,432,675,502
1,672,427,677,495
1,668,418,674,486
1,670,423,667,463
1,678,436,658,442
1,691,431,651,433
1,693,431,650,432
1,688,443,649,430
1,684,424,649,430
1,663,406,649,431
1,662,377,644,437
1,659,380,641,446
1,683,388,640,453
1,690,366,640,456
1,685,363,640,458
1,697,376,644,458
1,678,382,652,458
1,680,370,659,460
1,648,391,667,464
1,640,394,673,469
1,643,391,675,471
1,624,380,675,471
1,629,411,675,471
1,648,407,675,471
1,657,416,675,471
1,646,418,675,471
1,624,414,675,471
1,624,447,674,471
1,642,434,673,470
1,651,427,671,466
1,662,424,666,460
1,653,425,661,455
1,653,416,657,451
1,653,438,656,450
1,655,458,656,449
1,639,474,656,448
1,629,479,659,446
1,593,489,662,441
1,577,509,669,438
1,584,512,678,437
1,578,495,688,437
1,558,485,695,440
1,571,468,697,442
1,549,456,697,446
1,553,445,696,449
1,569,425,695,451
1,535,416,692,451
1,565,417,688,451
1,572,423,683,449
1,559,424,674,441
1,553,426,663,427
1,567,430,660,422
1,572,420,660,421
1,571,437,661,419
1,555,429,664,419
1,525,453,665,419
1,559,462,665,419
1,550,452,665,421
1,541,435,664,423
1,594,437,661,424
1,591,459,659,425
1,580,474,657,425
1,567,459,652,425
1,567,474,639,420
1,581,472,623,409
1,559,487,614,403
1,562,490,605,400
1,601,494,599,400
1,611,493,597,402
1,598,512,597,405
1,594,498,594,416
1,587,501,589,429
1,594,508,576,461
1,579,499,570,494
1,606,501,566,514
1,602,507,567,521
1,619,500,570,524
1,644,504,571,525
1,644,490,578,528
1,619,480,587,532
1,606,476,592,532
1,611,494,599,533
1,613,496,607,529
1,594,475,611,525
1,584,474,613,524
1,587,480,613,524
1,589,465,613,524
1,591,460,613,524
1,594,453,608,524
1,594,445,599,522
1,576,459,591,522
1,566,442,587,522
1,571,452,586,522
1,596,442,587,522
1,596,434,592,522
1,586,431,599,522
1,603,441,609,522
1,596,446,626,523
1,604,436,644,523
1,609,422,664,526
1,592,420,673,531
1,587,415,676,533
1,580,445,676,534
1,578,454,673,534
1,590,442,666,534
1,591,446,659,525
1,580,430,648,504
1,578,414,647,503
1,586,422,647,503
1,583,427,646,501
1,581,405,646,500
1,592,420,646,495
1,609,425,648,482
1,605,434,648,473
1,616,428,648,471
1,609,443,648,471
1,610,428,648,470
1,615,406,642,470
1,643,437,634,470
1,635,421,627,468
1,648,418,623,468
1,650,420,623,468
1,684,420,623,467
1,720,404,623,467
1,734,419,623,467
1,739,421,623,464
1,722,425,623,458
1,729,437,623,453
1,705,442,628,449
1,710,448,634,446
1,723,459,641,444
1,726,430,647,439
1,741,401,650,436
1,733,407,651,432
1,728,428,654,431
1,746,417,656,431
1,774,417,658,431
1,758,420,663,434
1,765,444,669,435
1,764,449,672,435
1,746,448,674,434
1,764,431,674,434
1,755,438,674,434
1,757,428,675,434
1,743,441,675,434
1,731,439,677,434
1,720,459,679,436
1,708,482,682,438
1,724,478,685,440
1,708,452,692,440
1,704,465,697,439
1,724,464,703,436
1,716,447,704,434
1,707,450,706,434
1,729,450,709,433
1,736,453,712,433
1,718,458,716,433
1,720,461,717,433
1,708,442,717,433
1,733,452,717,433
1,745,481,717,433
1,739,492,713,434
1,745,502,707,440
1,742,512,703,449
1,723,509,698,464
1,721,510,698,467
1,748,519,698,467
1,755,514,698,467
1,792,533,698,467
1,810,540,698,467
1,789,514,698,467
1,760,505,695,465
1,727,502,687,462
1,763,501,679,456
1,764,531,671,452
1,744,544,669,451
1,745,550,668,450
1,739,566,668,450
1,736,565,668,450
1,742,576,667,448
1,741,589,667,444
1,745,608,668,442
1,745,607,673,440
1,744,605,675,439
1,725,611,678,439
1,723,583,684,439
1,697,589,688,440
1,700,571,695,444
1,698,562,703,450
1,702,552,710,454
1,721,549,715,455
1,762,541,719,459
1,752,562,719,459
1,767,544,720,459
1,777,558,720,459
1,779,537,720,459
1,783,572,718,461
1,799,604,714,462
1,773,592,709,464
1,763,617,702,464
1,762,636,692,466
1,730,635,682,467
1,733,645,677,471
1,728,642,677,472
1,727,623,676,472
1,721,613,676,472
1,713,610,679,472
1,716,602,682,471
1,738,609,697,475
1,736,593,719,491
1,742,600,732,503
1,734,575,743,513
1,762,584,749,522
1,780,602,749,534
1,780,596,743,554
1,788,605,737,574
1,804,629,733,599
1,790,643,730,607
1,780,632,730,607
1,759,631,729,607
1,754,621,725,606
1,776,613,723,605
1,776,617,723,605
1,785,627,723,603
1,780,650,723,603
1,757,634,723,603
1,761,641,723,600
1,765,674,723,595
1,760,654,720,589
1,789,643,719,588
1,802,659,719,588
1,811,667,723,588
1,800,677,724,588
1,816,664,724,588
1,816,677,725,589
1,814,663,729,596
1,816,656,736,609
1,812,664,742,620
1,803,675,748,629
1,792,657,751,635
1,774,693,752,637
1,776,688,753,639
1,790,692,755,643
1,797,692,759,650
1,795,700,764,655
1,808,688,764,658
1,811,699,764,658
1,832,700,763,661
1,849,711,762,666
1,869,685,762,673
1,852,681,765,680
1,838,674,776,691
1,834,654,786,692
1,844,676,793,694
1,837,668,802,695
1,837,650,810,697
1,860,659,817,698
1,866,669,824,700
1,862,701,831,700
1,866,707,838,696
1,843,717,844,690
1,829,715,854,686
1,841,734,859,685
1,834,744,863,685
1,831,747,863,684
1,839,758,863,681
1,832,753,861,676
1,844,740,860,670
1,840,747,860,669
1,827,728,860,667
1,820,735,861,666
1,811,733,861,665
1,788,728,861,662
1,799,729,861,660
1,796,733,861,659
1,805,743,862,659
1,796,762,862,659
1,808,767,862,659
1,816,772,861,661
1,831,802,857,668
1,813,794,848,681
1,794,781,843,694
1,785,768,841,703
1,784,781,838,707
1,809,778,838,707
1,833,791,834,707
1,848,798,828,706
1,843,815,817,703
1,812,789,810,703
1,798,793,808,703
1,809,791,806,704
1,793,765,805,704
1,783,782,805,708
1,774,797,804,713
1,770,784,809,726
1,793,792,812,735
1,785,795,813,740
1,769,782,813,743
1,748,766,813,744
1,760,776,813,745
1,751,783,815,745
1,761,767,817,745
1,736,779,817,746
1,753,793,817,746
1,753,770,817,746
1,732,781,817,746
1,702,787,817,746
1,684,772,817,746
1,680,780,816,747
1,666,778,810,750
1,695,773,803,753
1,712,760,793,757
1,736,773,780,760
1,752,782,766,762
1,723,781,755,762
1,690,787,755,762
1,695,761,755,762
1,690,749,753,762
1,689,769,752,761
1,712,771,750,760
1,692,778,749,760
1,741,753,748,757
1,745,745,747,756
1,747,749,744,754
1,750,723,736,752
1,741,705,723,752
1,723,694,709,753
1,703,686,697,753
1,702,682,692,754
1,721,690,691,754
1,709,692,691,754
1,703,704,691,754
1,712,685,691,754
1,709,687,690,754
1,710,684,690,754
1,700,689,690,754
1,693,704,690,754
1,696,710,690,754
1,659,691,688,754
1,658,705,686,751
1,638,708,677,741
1,630,705,668,730
1,635,727,667,721
1,640,714,667,716
1,639,724,667,712
1,626,702,667,704
1,628,707,665,696
1,626,720,662,685
1,622,752,657,678
1,612,774,655,677
1,615,765,655,677
1,612,750,655,677
1,589,769,655,677
1,582,757,655,677
1,573,731,652,677
1,534,719,647,677
1,549,717,640,677
1,522,708,632,674
1,583,707,627,673
1,583,719,624,672
1,573,731,624,672
1,587,732,624,672
1,570,750,624,672
1,586,771,626,674
1,589,786,630,678
1,588,779,637,682
1,593,793,644,688
1,615,783,648,692
1,596,778,649,694
1,578,770,649,696
1,611,767,648,697
1,621,775,643,698
1,627,770,634,701
1,630,757,620,702
1,652,758,608,704
1,664,773,592,704
1,651,763,583,704
1,648,760,578,702
1,671,757,576,701
1,658,783,576,700
1,659,772,578,699
1,643,794,578,699
1,634,823,579,699
1,655,822,581,701
1,673,815,585,704
1,646,825,590,709
1,644,816,596,715
1,615,812,600,719
1,613,815,601,721
1,630,847,602,722
1,608,874,604,724
1,607,863,606,726
1,626,854,608,726
1,621,834,608,726
1,618,833,609,726
1,599,841,610,727
1,594,865,616,729
1,594,869,632,736
1,591,865,648,743
1,602,863,654,745
1,612,858,669,749
1,626,888,671,750
1,635,866,674,751
1,610,890,674,751
1,618,875,674,753
1,612,861,674,754
1,602,893,674,756
1,607,860,673,757
1,612,863,672,759
1,611,871,669,762
1,585,860,666,764
1,582,848,666,766
1,586,834,664,770
1,591,832,664,772
1,577,853,665,773
1,564,854,665,776
1,549,862,663,778
1,547,849,656,784
1,566,843,647,790
1,575,833,640,794
1,571,833,635,797
1,566,829,629,798
1,581,835,628,798
1,580,841,628,798
1,577,846,627,798
1,575,852,627,798
1,572,840,628,798
1,586,844,632,798
1,594,830,634,799
1,588,803,636,801
1,567,789,639,803
1,542,774,640,805
1,561,752,641,807
1,546,751,643,810
1,573,728,644,811
1,580,730,646,812
1,596,733,646,813
1,590,722,647,813
1,578,738,647,813
1,599,711,647,814
1,573,718,648,815
1,560,727,650,815
1,566,712,652,815
1,579,719,652,813
1,578,730,652,810
1,554,726,648,801
1,550,749,640,778
1,566,762,636,753
1,577,778,633,728
1,577,784,631,721
1,577,789,631,718
1,552,779,631,715
1,535,782,630,713
1,576,822,629,712
1,576,808,628,711
1,548,807,624,710
1,543,805,623,710
1,557,826,622,710
1,539,789,620,710
1,586,784,617,710
1,598,795,614,710
1,584,813,609,710
1,569,807,602,708
1,562,804,596,702
1,555,784,587,693
1,580,791,576,684
1,599,787,573,683
1,592,793,570,683
1,612,796,570,683
1,611,814,570,683
1,613,804,572,684
1,632,833,576,688
1,621,838,580,697
1,634,848,584,706
1,621,850,584,713
1,624,853,586,720
1,608,863,589,727
1,582,868,593,731
1,570,883,594,732
1,575,872,595,733
1,562,888,596,734
1,578,907,596,734
1,577,919,596,735
1,574,909,596,735
1,580,889,597,735
1,551,894,598,736
1,568,911,599,737
1,554,925,602,741
1,557,908,606,746
1,571,908,613,754
1,565,907,619,761
1,589,906,626,770
1,590,890,629,775
1,587,889,629,778
1,608,878,626,779
1,610,893,611,784
1,602,875,600,794
1,596,890,594,803
1,575,891,589,810
1,558,907,584,822
1,565,888,574,833
1,580,908,559,850
1,594,902,552,861
1,605,880,552,865
1,617,870,552,866
1,607,873,557,867
1,631,888,564,866
1,619,899,571,864
1,627,900,578,863
1,621,907,587,861
1,612,923,599,860
1,595,935,604,860
1,623,919,605,860
1,632,934,605,860
1,658,928,607,861
1,663,927,608,861
1,662,914,610,860
1,657,903,615,857
1,652,883,623,853
1,641,907,630,850
1,631,913,637,847
1,642,894,641,846
1,647,868,643,845
1,657,835,643,845
1,660,844,643,845
1,642,844,645,845
1,648,831,649,847
1,663,828,654,849
1,680,848,659,851
1,679,865,666,853
1,679,864,679,854
1,684,863,689,854
1,700,873,692,856
1,701,858,693,857
1,690,855,693,858
1,704,842,693,859
1,700,846,693,859
1,698,862,693,859
1,734,867,693,859
1,714,856,693,859
1,706,848,695,857
1,753,855,704,854
1,737,836,711,854
1,731,859,718,851
1,735,850,721,850
1,761,867,722,850
1,771,854,722,848
1,767,855,719,848
1,771,835,717,847
1,782,850,717,847
1,784,871,717,847
1,798,876,717,847
1,805,872,717,847
1,800,863,717,847
1,818,841,717,847
1,820,833,717,845
1,823,844,717,844
1,824,841,717,843
1,839,844,717,842
1,841,843,717,841
1,841,835,716,841
1,838,826,716,841
1,832,829,716,840
1,820,830,721,838
1,810,853,738,832
1,809,855,759,827
1,833,805,769,822
1,843,810,782,818
1,842,827,789,818
1,819,816,791,818
1,793,832,797,818
1,798,815,803,818
1,804,823,810,816
1,784,835,814,816
1,784,820,818,815
1,799,826,820,815
1,790,805,825,815
1,781,794,830,815
1,763,770,837,815
1,738,778,845,815
1,697,763,845,815
1,685,769,847,814
1,690,750,847,814
1,689,788,847,814
1,661,774,847,814
1,661,758,837,814
1,667,751,823,814
1,657,762,813,814
1,661,773,803,814
1,669,763,793,814
1,682,772,784,812
1,668,764,762,810
1,661,770,733,810
1,672,747,713,807
1,655,761,689,802
1,633,774,674,799
1,612,778,660,797
1,599,776,649,795
1,614,793,647,794
1,615,782,646,793
1,619,786,646,789
1,615,784,647,788
1,610,776,647,786
1,604,801,647,782
1,577,792,644,779
1,592,770,638,774
1,617,744,631,766
1,595,740,622,757
1,614,742,614,751
1,625,772,609,747
1,603,789,606,744
1,602,792,601,741
1,612,795,596,741
1,623,789,589,741
1,624,797,580,741
1,624,797,576,741
1,653,795,571,741
1,643,790,566,742
1,649,784,562,743
1,670,801,561,744
1,678,801,561,744
1,686,794,561,744
1,672,807,561,744
1,655,809,561,744
1,679,790,561,744
1,674,782,561,743
1,678,808,563,742
1,664,812,564,741
1,674,837,564,740
1,694,853,567,739
1,706,832,576,739
1,702,831,593,743
1,697,836,614,744
1,713,831,634,746
1,721,835,653,750
1,739,799,673,752
1,741,797,688,755
1,722,797,698,757
1,743,796,709,758
1,751,768,711,760
1,751,766,711,760
1,784,756,709,762
1,795,784,701,765
1,782,800,700,766
1,797,804,700,767
1,800,823,700,768
1,813,795,700,768
1,806,810,702,768
1,814,809,704,769
1,828,800,711,771
1,810,816,723,772
1,795,828,744,774
1,777,810,764,776
1,775,799,783,776
1,767,795,796,776
1,784,789,796,776
1,784,776,796,776
1,813,798,796,776
1,810,782,796,776
1,806,775,796,776
1,803,767,796,776
1,781,767,796,776
1,775,777,796,776
1,777,757,797,776
1,774,768,801,778
1,783,775,804,779
1,795,778,804,779
1,800,798,804,781
1,810,798,803,782
1,825,785,800,783
1,819,790,797,785
1,824,780,796,786
1,817,783,796,786
1,835,784,795,786
1,856,802,789,788
1,849,802,779,788
1,839,802,760,787
1,816,796,736,787
1,807,788,711,783
1,797,775,691,778
1,801,757,689,775
1,788,781,688,773
1,799,764,688,772
1,795,790,691,772
1,792,801,696,772
1,810,804,714,772
1,821,826,726,774
1,827,844,748,776
1,805,830,768,779
1,828,805,782,781
1,831,792,793,782
1,856,819,800,784
1,888,814,801,785
1,898,807,801,785
1,884,823,801,785
1,881,830,798,785
1,903,806,796,785
1,913,825,794,786
1,920,842,794,786
1,911,876,794,786
1,917,881,794,786
1,923,883,798,788
1,933,906,805,791
1,961,900,809,794
1,974,914,810,795
1,987,902,810,795
1,986,905,810,796
1,982,922,811,796
1,997,943,813,796
1,1030,930,817,796
1,1017,922,819,796
1,1004,934,820,796
1,995,957,820,796
1,987,934,821,796
1,975,951,844,805
1,949,976,861,808
1,935,903,889,814
1,938,867,919,820
1,920,872,949,824
1,939,874,982,830
1,930,858,1026,839
1,906,860,1074,848
1,909,885,1122,854
1,908,921,1160,861
1,909,921,1176,864
1,900,895,1177,867
1,895,885,1167,868
1,911,860,1151,868
1,905,853,1139,868
1,901,837,1128,868
1,881,838,1114,868
1,894,841,1082,865
1,889,824,1045,865
1,876,814,1004,861
1,886,792,969,855
1,886,770,939,851
1,877,780,921,849
1,891,785,916,848
1,923,801,916,848
1,935,808,916,846
1,926,798,916,846
1,944,805,917,846
1,956,819,917,846
1,974,818,917,846
1,966,803,919,844
1,986,801,921,843
1,995,817,921,836
1,996,783,922,828
1,1008,756,920,815
1,1014,758,913,802
1,1011,722,905,788
1,1007,711,894,769
1,1006,685,880,759
1,1004,703,869,756
1,1019,719,862,756
1,1012,718,861,755
1,992,749,861,755
1,999,737,861,753
1,1035,726,862,745
1,1018,704,862,738
1,1026,719,862,729
1,1051,733,863,726
1,1066,742,867,720
1,1073,737,888,711
1,1081,726,916,699
1,1103,733,934,693
1,1085,756,943,693
1,1101,767,948,693
1,1103,776,953,693
1,1096,779,958,693
1,1112,783,960,692
1,1116,772,962,690
1,1130,768,966,688
1,1117,762,967,688
1,1096,775,969,688
1,1095,760,973,688
1,1071,776,980,690
1,1062,757,1007,698
1,1059,743,1040,708
1,1041,738,1073,719
1,1083,746,1096,725
1,1089,747,1114,730
1,1088,753,1125,736
1,1106,728,1130,740
1,1100,726,1132,743
1,1115,707,1132,745
1,1115,711,1132,748
1,1124,677,1133,752
1,1120,685,1133,754
1,1132,668,1133,756
1,1151,684,1133,758
1,1131,695,1126,762
1,1145,672,1115,768
1,1149,671,1109,775
1,1146,669,1104,780
1,1134,698,1098,785
1,1148,702,1092,788
1,1163,696,1087,791
1,1149,706,1082,786
1,1164,720,1082,776
1,1167,704,1082,771
1,1168,695,1083,767
1,1183,687,1090,763
1,1195,673,1106,754
1,1204,658,1118,742
1,1180,679,1122,740
1,1174,657,1123,740
1,1180,671,1123,740
1,1168,697,1123,740
1,1148,718,1123,740
1,1162,734,1123,740
1,1153,707,1123,740
1,1189,707,1123,740
1,1189,695,1123,740
1,1185,701,1123,740
1,1174,687,1123,740
1,1190,677,1123,740
1,1179,669,1126,737
1,1196,667,1129,734
1,1190,682,1138,731
1,1189,687,1153,724
1,1177,687,1160,721
1,1182,685,1167,718
1,1206,679,1170,718
1,1199,660,1170,718
1,1191,647,1170,718
1,1169,661,1170,718
1,1168,671,1170,718
1,1179,642,1170,718
1,1188,659,1171,721
1,1197,680,1171,723
1,1220,691,1170,728
1,1216,689,1170,732
1,1231,691,1170,733
1,1245,676,1170,733
1,1269,657,1170,733
1,1278,658,1170,733
1,1309,655,1170,733
1,1300,667,1170,733
1,1321,672,1170,733
1,1314,671,1170,733
1,1329,671,1170,733
1,1338,653,1170,733
1,1342,659,1174,734
1,1340,672,1185,737
1,1349,692,1191,739
1,1340,686,1191,739
1,1349,696,1191,739
1,1341,699,1191,739
1,1357,698,1193,741
1,1354,677,1198,745
1,1348,689,1212,755
1,1332,704,1233,769
1,1353,744,1254,778
1,1342,746,1272,782
1,1359,743,1291,781
1,1353,740,1293,781
1,1352,756,1299,779
1,1323,786,1305,779
1,1323,770,1310,779
1,1308,769,1316,779
1,1318,761,1327,776
1,1300,768,1340,773
1,1306,763,1350,770
1,1309,785,1357,765
1,1292,770,1368,764
1,1291,767,1380,761
1,1294,750,1391,759
1,1289,759,1398,758
1,1267,758,1398,758
1,1268,736,1398,758
1,1270,739,1396,758
1,1275,732,1391,758
1,1267,728,1386,758
1,1288,703,1377,763
1,1265,700,1368,766
1,1234,706,1361,769
1,1189,718,1356,771
1,1174,742,1351,772
1,1168,760,1344,772
1,1166,749,1337,772
1,1158,746,1328,774
1,1175,727,1318,775
1,1175,724,1306,775
1,1160,721,1288,775
1,1180,722,1279,775
1,1177,717,1274,772
1,1170,709,1269,771
1,1175,681,1264,768
1,1181,692,1253,762
1,1182,663,1231,760
1,1171,668,1207,760
1,1154,710,1198,760
1,1132,693,1184,760
1,1152,696,1173,759
1,1165,699,1166,757
1,1178,706,1157,756
1,1183,715,1149,753
1,1158,732,1138,750
1,1156,706,1123,745
1,1146,706,1105,738
1,1153,712,1097,735
1,1148,699,1095,734
1,1149,677,1094,729
1,1153,669,1095,717
1,1171,682,1098,702
1,1173,672,1099,693
1,1158,661,1099,686
1,1137,667,1102,681
1,1120,669,1105,674
1,1110,691,1108,666
1,1100,675,1109,664
1,1115,679,1109,663
1,1120,670,1109,663
1,1115,687,1113,664
1,1113,672,1135,669
1,1124,690,1188,669
1,1131,700,1223,669
1,1127,700,1242,669
1,1130,697,1257,667
1,1101,722,1259,667
1,1097,748,1260,667
1,1084,765,1264,667
1,1093,749,1264,667
1,1109,745,1264,667
1,1085,753,1261,669
1,1121,741,1252,672
1,1108,727,1235,674
1,1107,726,1211,674
1,1113,731,1184,674
1,1124,741,1160,674
1,1110,765,1146,674
1,1115,782,1136,675
1,1142,768,1127,678
1,1146,766,1119,684
1,1151,771,1112,693
1,1160,790,1107,702
1,1135,784,1106,707
1,1130,789,1103,711
1,1104,767,1103,716
1,1072,773,1102,720
1,1062,766,1102,724
1,1070,796,1102,726
1,1063,802,1103,728
1,1076,800,1105,733
1,1079,806,1111,742
1,1094,789,1116,749
1,1078,784,1122,754
1,1066,758,1131,764
1,1046,763,1136,770
1,1042,735,1139,774
1,1067,761,1142,777
1,1084,767,1142,781
1,1057,746,1142,782
1,1047,745,1139,784
1,1011,743,1128,786
1,1023,760,1121,790
1,1019,778,1114,793
1,1028,757,1108,794
1,1032,744,1101,798
1,1018,758,1094,801
1,1027,730,1087,804
1,1033,710,1082,808
1,1032,707,1081,809
1,1067,698,1078,809
1,1068,698,1076,810
1,1059,706,1074,810
1,1059,673,1072,810
1,1060,675,1063,804
1,1054,653,1048,799
1,1066,671,1031,796
1,1064,668,1011,794
1,1078,657,994,789
1,1068,664,985,786
1,1077,668,981,780
1,1067,632,981,773
1,1059,604,981,764
1,1031,596,983,754
1,1033,610,987,745
1,1064,616,999,735
1,1061,598,1005,728
1,1047,594,1010,723
1,1040,573,1011,722
1,1039,566,1012,722
1,1054,566,1015,722
1,1041,539,1018,720
1,1033,553,1023,718
1,1024,569,1027,714
1,1027,585,1028,709
1,1030,597,1029,699
1,1032,581,1029,688
1,1028,578,1029,680
1,1015,586,1027,665
1,1033,593,1017,639
1,1031,585,1005,613
1,1012,589,1000,593
1,990,577,996,567
1,996,593,997,545
1,996,568,999,535
1,981,559,995,527
1,1001,518,993,525
1,1015,487,992,524
1,1001,472,991,522
1,982,489,989,522
1,972,526,989,522
1,975,518,987,524
1,976,530,981,530
1,976,553,976,532
1,1013,522,969,532
1,1017,523,958,526
1,1037,540,948,521
1,1049,527,948,521
1,1046,530,948,521
1,1040,527,948,521
1,1034,558,946,523
1,1033,552,943,524
1,1036,546,943,524
1,1063,529,942,524
1,1050,520,941,512
1,1039,524,941,504
1,1031,518,941,503
1,1030,502,941,503
1,1025,521,941,503
1,1042,536,941,503
1,1054,534,943,503
1,1067,493,946,503
1,1067,494,949,503
1,1057,468,954,504
1,1066,462,963,507
1,1058,468,978,514
1,1058,474,987,518
1,1060,481,1000,523
1,1074,500,1010,526
1,1071,494,1016,528
1,1094,450,1020,529
1,1114,451,1022,531
1,1119,454,1023,532
1,1129,454,1023,532
1,1147,424,1023,532
1,1137,436,1023,532
1,1153,442,1024,531
1,1139,438,1026,522
1,1130,438,1027,514
1,1131,459,1031,508
1,1115,468,1033,507
1,1143,484,1037,505
1,1115,488,1039,502
1,1115,465,1044,496
1,1090,465,1051,491
1,1095,482,1056,489
1,1100,475,1060,488
1,1107,476,1065,488
1,1119,464,1072,491
1,1131,454,1091,493
1,1134,455,1108,491
1,1164,459,1126,484
1,1182,482,1132,478
1,1180,483,1136,477
1,1193,448,1136,475
1,1157,480,1137,475
1,1148,457,1138,475
1,1128,457,1139,476
1,1101,450,1139,476
1,1096,484,1139,478
1,1088,483,1140,481
1,1111,476,1140,483
1,1084,455,1140,484
1,1063,445,1140,487
1,1063,434,1140,490
1,1071,418,1155,510
1,1075,425,1175,528
1,1086,411,1188,538
1,1093,421,1205,548
1,1089,424,1223,554
1,1077,438,1235,553
1,1064,441,1255,549
1,1063,449,1267,548
1,1068,443,1271,548
1,1094,425,1271,548
1,1086,417,1271,548
1,1087,431,1270,548
1,1082,406,1264,545
1,1076,413,1250,531
1,1087,420,1231,514
1,1084,405,1207,497
1,1066,396,1191,487
1,1070,415,1183,481
1,1104,435,1178,475
1,1110,429,1175,471
1,1115,422,1173,468
1,1115,428,1171,466
1,1108,411,1167,464
1,1107,427,1165,462
1,1114,430,1161,460
1,1115,430,1159,459
1,1100,464,1155,455
1,1111,459,1151,453
1,1109,459,1146,451
1,1114,476,1137,446
1,1126,458,1131,442
1,1106,473,1124,436
1,1110,469,1118,432
1,1115,468,1107,426
1,1089,476,1093,424
1,1110,502,1080,422
1,1110,500,1074,422
1,1126,493,1073,422
1,1122,476,1073,422
1,1123,492,1073,421
1,1103,514,1073,419
1,1095,513,1075,418
1,1072,496,1079,415
1,1075,506,1087,415
1,1079,514,1096,416
1,1079,517,1103,419
1,1081,524,1110,421
1,1093,523,1121,428
1,1112,498,1137,438
1,1106,505,1159,454
1,1110,524,1176,471
1,1116,518,1197,487
1,1117,516,1200,491
1,1104,505,1200,492
1,1112,514,1198,496
1,1111,511,1193,500
1,1119,533,1187,503
1,1120,513,1185,507
1,1140,494,1181,511
1,1142,504,1175,516
1,1122,522,1169,521
1,1137,513,1167,523
1,1131,505,1166,530
1,1130,492,1166,532
1,1141,487,1166,533
1,1136,481,1164,535
1,1120,503,1164,536
1,1120,496,1162,539
1,1129,508,1160,542
1,1120,488,1158,548
1,1101,483,1158,550
1,1081,503,1158,551
1,1106,523,1158,552
1,1095,527,1160,553
1,1133,517,1162,557
1,1145,508,1171,563
1,1144,492,1182,568
1,1119,480,1190,569
1,1116,466,1195,569
1,1115,473,1197,569
1,1112,482,1197,569
1,1127,483,1197,569
1,1115,470,1194,567
1,1116,470,1186,559
1,1098,460,1175,549
1,1111,477,1156,538
1,1119,468,1143,533
1,1124,455,1138,532
1,1146,451,1137,532
1,1148,459,1136,532
1,1165,436,1135,532
1,1154,432,1133,532
1,1159,438,1132,531
1,1169,432,1130,528
1,1154,456,1128,526
1,1142,434,1124,525
1,1136,426,1119,522
1,1126,431,1113,519
1,1152,424,1104,515
1,1162,421,1103,511
1,1170,441,1103,508
1,1167,457,1107,504
1,1162,439,1111,500
1,1177,452,1113,496
1,1165,446,1124,492
1,1157,462,1132,484
1,1152,467,1144,474
1,1140,459,1150,472
1,1153,466,1156,472
1,1165,497,1163,474
1,1141,498,1172,477
1,1141,487,1179,480
1,1140,494,1182,484
1,1129,477,1184,487
1,1117,495,1185,494
1,1129,478,1185,504
1,1132,477,1185,515
1,1112,464,1185,520
1,1100,441,1182,525
1,1126,447,1178,528
1,1107,439,1173,530
1,1097,432,1170,530
1,1105,417,1163,530
1,1122,392,1154,528
1,1139,369,1145,524
1,1127,405,1141,520
1,1118,402,1140,517
1,1087,411,1140,513
1,1078,416,1139,508
1,1065,423,1139,503
1,1046,414,1139,499
1,1026,389,1140,496
1,1035,375,1142,492
1,1036,371,1147,483
1,1034,355,1154,477
1,1035,363,1158,475
1,1028,352,1163,472
1,1027,347,1166,471
1,1008,336,1168,471
1,980,328,1169,471
1,996,316,1169,474
1,988,291,1169,476
1,996,283,1165,479
1,1007,261,1158,479
1,996,267,1151,479
1,993,265,1144,475
1,986,257,1139,466
1,980,246,1128,440
1,994,231,1108,408
1,1019,247,1076,359
1,1012,244,1051,334
1,1023,221,1042,330
1,1030,218,1021,324
1,1025,194,1004,321
1,1036,201,992,317
1,1040,188,986,313
1,1037,173,980,300
1,1021,179,977,295
1,999,203,974,286
1,981,182,970,275
1,995,170,965,265
1,1021,178,964,262
1,1034,170,964,262
1,1018,148,964,262
1,1024,155,964,261
1,1012,149,964,258
1,989,151,964,253
1,991,131,962,250
1,985,134,962,250
1,999,140,962,250
1,998,144,962,250
1,996,145,962,255
1,1004,148,962,259
1,991,155,962,260
1,993,158,962,259
1,983,167,965,250
1,998,159,977,240
1,990,173,1002,234
1,976,200,1047,220
1,955,197,1062,209
1,952,197,1067,205
1,939,180,1067,203
1,946,182,1067,202
1,937,165,1067,201
1,930,184,1066,199
1,935,175,1062,197
1,949,165,1059,196
1,933,177,1057,194
1,936,185,1056,189
1,938,195,1056,183
1,933,207,1058,174
1,923,214,1058,171
1,919,207,1058,171
1,921,201,1058,171
1,910,203,1058,171
1,922,224,1058,171
1,910,225,1050,175
1,931,225,1041,179
1,924,249,1034,180
1,930,236,1031,180
1,939,207,1030,180
1,910,212,1027,179
1,911,217,1025,177
1,895,202,1022,177
1,899,191,1020,178
1,910,214,1018,180
1,884,232,1012,187
1,868,237,1001,197
1,882,237,989,209
1,876,231,971,233
1,874,244,954,270
1,853,252,938,313
1,847,263,937,356
1,850,258,942,365
1,848,241,946,370
1,854,220,946,370
1,855,239,948,366
1,880,230,953,355
1,901,265,956,342
1,888,266,956,326
1,895,275,951,303
1,877,275,943,293
1,877,288,936,290
1,864,282,927,287
1,856,292,920,287
1,856,297,910,287
1,862,284,897,291
1,852,263,882,298
1,859,256,872,302
1,870,242,866,304
1,843,222,863,304
1,841,220,856,299
1,854,209,846,294
1,870,203,839,291
1,862,188,834,290
1,889,191,829,287
1,879,168,828,285
1,859,174,825,271
1,868,171,821,251
1,872,171,813,232
1,875,186,809,229
1,912,206,809,229
1,887,213,809,229
1,913,211,809,229
1,902,226,807,233
1,896,204,806,236
1,913,209,806,237
1,900,214,809,238
1,907,200,810,240
1,883,205,812,240
1,894,200,812,240
1,885,191,817,237
1,890,199,847,216
1,866,222,875,201
1,891,218,888,200
1,868,230,896,200
1,846,250,905,205
1,880,272,915,213
1,882,256,923,224
1,867,261,931,233
1,878,253,932,240
1,901,205,932,254
1,889,201,930,271
1,873,215,930,282
1,853,203,930,283
1,866,215,930,283
1,866,218,930,283
1,880,231,928,283
1,880,232,928,283
1,889,217,928,283
1,908,215,928,283
1,902,217,923,284
1,905,203,921,286
1,882,232,921,289
1,873,230,920,290
1,858,241,920,290
1,849,230,920,290
1,879,247,920,290
1,891,235,920,290
1,903,213,918,286
1,895,194,916,284
1,899,195,915,283
1,908,208,914,283
1,912,266,910,281
1,892,257,907,279
1,885,241,902,272
1,868,220,901,261
1,891,234,901,253
1,902,248,903,247
1,884,236,904,245
1,875,253,905,244
1,877,224,905,243
1,876,222,905,241
1,870,239,904,238
1,875,238,904,237
1,892,243,906,234
1,916,251,910,233
1,908,254,914,231
1,908,265,916,230
1,923,241,920,231
1,938,246,925,234
1,938,231,934,244
1,923,246,944,255
1,928,232,945,259
1,927,254,945,260
1,919,242,945,260
1,921,271,938,258
1,883,290,931,254
1,881,269,928,252
1,880,277,922,249
1,880,282,921,248
1,903,282,921,248
1,870,297,920,248
1,879,274,919,249
1,878,248,919,251
1,880,266,921,254
1,859,274,924,255
1,852,256,930,259
1,842,253,935,262
1,838,237,941,269
1,836,254,946,273
1,837,254,948,276
1,880,231,947,279
1,856,237,940,286
1,889,241,936,288
1,895,233,929,291
1,892,241,925,293
1,871,251,924,294
1,876,239,923,294
1,869,250,923,289
1,893,260,923,279
1,880,258,923,269
1,876,281,920,259
1,879,261,918,256
1,884,263,916,255
1,883,246,916,254
1,880,242,915,252
1,873,248,913,248
1,855,267,913,246
1,869,272,913,245
1,880,284,913,245
1,887,299,914,245
1,887,317,918,247
1,887,288,920,248
1,871,276,922,250
1,886,285,923,251
1,889,285,926,254
1,896,252,929,262
1,894,253,930,267
1,890,278,930,269
1,877,287,930,273
1,862,305,928,276
1,858,269,924,280
1,855,273,919,289
1,857,273,917,294
1,852,256,912,303
1,853,251,909,306
1,850,258,909,306
1,849,228,909,306
1,861,261,912,311
1,850,257,916,315
1,849,256,923,317
1,828,261,927,320
1,818,253,929,320
1,806,249,929,320
1,806,243,929,320
1,795,249,929,320
1,810,238,929,322
1,806,230,922,325
1,781,251,902,328
1,788,267,888,330
1,775,268,877,326
1,771,254,873,321
1,781,260,872,312
1,769,255,872,294
1,792,243,872,278
1,778,231,872,275
1,785,202,872,274
1,794,190,872,274
1,782,193,872,274
1,803,184,867,274
1,800,181,862,274
1,786,192,855,274
1,779,199,848,279
1,779,202,839,285
1,789,188,823,291
1,791,188,793,298
1,809,186,770,303
1,806,199,757,305
1,788,198,756,305
1,780,231,759,300
1,785,246,765,288
1,798,249,776,267
1,787,267,789,236
1,800,253,805,211
1,826,244,811,204
1,841,241,813,203
1,849,259,814,203
1,870,244,814,203
1,889,232,816,202
1,882,235,819,199
1,906,250,826,197
1,901,268,833,195
1,905,278,834,195
1,909,271,834,195
1,908,281,834,195
1,906,291,834,195
1,907,286,834,198
1,924,264,833,206
1,922,289,833,216
1,929,278,833,226
1,955,265,838,237
1,926,271,853,254
1,945,252,874,270
1,951,242,888,276
1,950,253,900,284
1,937,248,907,288
1,936,247,911,292
1,925,263,912,292
1,957,257,914,292
1,957,265,918,291
1,972,245,923,286
1,1005,245,927,282
1,1024,245,933,278
1,1011,246,935,278
1,1000,247,937,278
1,987,257,941,278
1,1003,274,943,278
1,998,280,944,278
1,991,270,947,273
1,1005,259,947,266
1,985,242,948,264
1,985,227,948,263
1,972,244,949,261
1,975,224,950,259
1,971,243,951,259
1,978,238,960,261
1,984,255,974,273
1,999,235,995,286
1,978,219,1037,304
1,988,211,1078,313
1,979,193,1088,313
1,963,201,1092,313
1,978,204,1092,311
1,972,207,1089,309
1,987,237,1085,308
1,974,246,1074,303
1,969,260,1066,300
1,977,235,1056,296
1,965,237,1044,286
1,987,240,1023,272
1,1007,230,1001,254
1,1016,238,972,236
1,1019,238,955,225
1,1013,228,947,218
1,1007,217,947,216
1,1008,197,948,209
1,1003,204,955,202
1,1000,191,961,193
1,1010,179,965,189
1,1020,180,967,188
1,1031,197,970,187
1,1014,194,981,189
1,1016,192,989,190
1,1007,198,999,190
1,1007,201,1004,190
1,970,216,1008,190
1,948,203,1013,190
1,946,207,1024,193
1,950,206,1029,196
1,963,198,1032,202
1,963,188,1032,208
1,959,189,1032,219
1,986,186,1032,224
1,974,186,1042,229
1,950,177,1056,234
1,944,173,1074,239
1,945,181,1080,244
1,967,177,1081,244
1,986,188,1077,243
1,985,198,1070,242
1,1025,201,1061,239
1,1032,208,1054,235
1,988,218,1052,231
1,987,223,1051,224
1,977,242,1047,219
1,987,250,1035,211
1,1002,226,1028,210
1,980,222,1020,210
1,968,223,1014,207
1,980,211,1013,203
1,995,227,1012,198
1,990,221,1010,197
1,988,240,1010,197
1,987,229,1010,197
1,984,249,1010,197
1,981,238,1010,197
1,966,247,1012,197
1,970,251,1013,198
1,982,258,1013,198
1,981,267,1013,198
1,991,248,1015,201
1,1012,231,1021,208
1,1020,219,1029,218
1,1041,218,1034,223
1,1044,236,1034,227
1,1016,232,1032,229
1,1034,239,1028,235
1,1034,248,1023,239
1,1031,243,1017,245
1,1026,265,1014,248
1,1041,260,1013,252
1,1023,256,1012,255
1,1041,261,1012,258
1,1016,261,1007,264
1,987,269,1002,268
1,1011,255,1001,270
1,1027,232,1001,270
1,1046,228,1001,270
1,1042,201,1001,270
1,1023,209,1001,270
1,1027,213,1002,270
1,1031,230,1003,270
1,1030,209,1004,270
1,1009,223,1011,274
1,990,209,1024,279
1,990,211,1031,281
1,995,209,1032,281
1,981,189,1033,282
1,963,193,1033,282
1,974,220,1033,283
1,982,216,1033,284
1,966,224,1031,286
1,981,229,1029,286
1,978,247,1022,286
1,976,234,1018,285
1,974,234,1015,274
1,985,251,1016,262
1,963,242,1021,249
1,962,255,1021,244
1,956,258,1021,242
1,973,274,1015,238
1,974,269,1010,236
1,961,263,1005,235
1,965,281,987,244
1,973,291,971,254
1,974,288,960,261
1,974,291,957,264
1,1007,293,957,265
1,1003,291,957,265
1,1003,309,961,263
1,1002,327,964,263
1,1024,340,967,263
1,1037,345,970,264
1,1029,356,973,269
1,1007,339,977,274
1,1019,344,979,278
1,1025,348,980,279
1,1028,338,982,279
1,1020,358,983,280
1,1018,361,986,283
1,1004,358,989,285
1,986,367,991,287
1,989,376,993,288
1,981,357,997,290
1,995,348,1002,292
1,991,357,1006,294
1,985,353,1008,295
1,973,340,1008,296
1,973,351,1008,296
1,982,341,1008,297
1,989,363,1009,298
1,1014,332,1009,299
1,1018,334,1011,300
1,998,345,1010,308
1,1006,324,1007,315
1,1035,319,1003,319
1,1051,298,995,324
1,1040,296,984,327
1,1043,318,972,328
1,1046,305,964,331
1,1041,324,957,332
1,1031,315,953,332
1,1021,330,952,331
1,1020,342,952,321
1,1042,355,958,313
1,1018,338,962,311
1,1025,354,965,310
1,1033,366,972,308
1,1028,355,983,307
1,1026,346,1009,305
1,1024,335,1018,305
1,1021,327,1025,305
1,1018,344,1029,304
1,983,329,1031,302
1,985,329,1032,302
1,991,332,1032,302
1,985,357,1032,303
1,998,361,1029,308
1,1010,363,1023,323
1,1016,362,1018,334
1,1008,354,1015,341
1,1020,335,1015,342
1,987,332,1014,344
1,969,361,1013,346
1,950,360,1013,349
1,942,369,1011,351
1,956,361,1009,351
1,976,386,1007,351
1,977,372,1002,351
1,979,354,1001,351
1,970,336,1001,350
1,980,334,1001,350
1,963,324,1001,350
1,951,332,1001,348
1,967,309,1006,347
1,949,279,1011,347
1,960,277,1019,348
1,952,283,1023,349
1,957,271,1023,350
1,967,256,1022,353
1,971,273,1013,358
1,955,272,1000,367
1,956,256,989,381
1,967,226,976,389
1,953,220,965,399
1,964,244,964,400
1,949,252,964,400
1,931,251,964,400
1,929,267,963,400
1,937,262,963,400
1,937,260,963,400
1,953,264,963,400
1,936,274,963,400
1,906,278,961,400
1,929,293,959,393
1,905,287,959,381
1,904,300,959,360
1,918,296,960,347
1,945,296,963,337
1,943,303,970,319
1,923,309,978,291
1,928,292,980,275
1,918,268,979,263
1,914,283,974,260
1,929,288,973,259
1,925,273,969,259
1,930,273,965,265
1,935,297,957,272
1,935,318,948,280
1,911,334,937,286
1,904,344,930,290
1,923,329,925,299
1,941,332,925,311
1,940,307,925,319
1,954,291,926,326
1,996,285,927,329
1,1010,284,930,332
1,1017,279,931,336
1,1009,297,932,337
1,998,283,932,337
1,1001,284,932,337
1,994,278,932,337
1,987,269,932,337
1,985,263,932,338
1,986,238,931,338
1,984,242,929,340
1,1002,252,923,344
1,982,241,916,349
1,986,249,909,355
1,995,245,901,359
1,1011,254,894,365
1,996,250,885,369
1,976,264,883,373
1,979,281,883,374
1,972,304,883,374
1,959,323,897,372
1,976,321,911,360
1,981,309,925,347
1,988,331,935,339
1,965,321,947,326
1,986,313,960,311
1,994,302,963,309
1,995,300,965,308
1,995,315,966,308
1,995,301,966,307
1,992,275,966,307
1,999,252,964,307
1,990,291,962,311
1,1001,265,957,326
1,1019,278,952,333
1,1009,263,951,337
1,1020,271,951,338
1,1020,276,952,338
1,1015,275,959,339
1,1021,274,966,339
1,1023,262,970,339
1,1005,251,975,339
1,998,240,985,339
1,982,255,993,332
1,963,254,998,326
1,945,251,1002,324
1,955,260,1005,324
1,978,281,1008,324
1,983,276,1009,325
1,986,256,1010,325
1,990,248,1012,326
1,995,233,1013,326
1,979,224,1015,326
1,983,190,1022,324
1,987,182,1027,317
1,992,174,1030,314
1,979,164,1030,313
1,986,157,1030,313
1,1005,175,1028,313
1,992,167,1019,313
1,979,161,1007,313
1,1007,163,996,313
1,1013,148,993,312
1,1028,135,992,312
1,1033,120,991,311
1,1030,142,989,311
1,1017,143,989,311
1,1017,169,989,311
1,1018,182,990,308
1,1006,165,991,301
1,1006,177,992,293
1,1013,191,991,287
1,1013,174,988,282
1,1011,180,988,278
1,1032,197,987,271
1,1058,219,990,261
1,1052,222,996,252
1,1058,229,1000,248
1,1050,225,1002,247
1,1053,224,1005,240
1,1055,240,1014,228
1,1051,259,1022,219
1,1051,242,1027,218
1,1064,219,1028,218
1,1068,228,1028,218
1,1091,238,1028,218
1,1080,235,1028,219
1,1087,246,1028,219
1,1081,260,1028,219
1,1099,279,1028,219
1,1095,292,1028,219
1,1083,292,1028,219
1,1098,288,1029,219
1,1094,265,1030,220
1,1087,255,1030,221
1,1090,252,1030,226
1,1072,274,1027,235
1,1066,266,1022,250
1,1055,259,1015,265
1,1046,259,1014,269
1,1032,263,1015,270
1,1052,268,1019,273
1,1035,257,1021,274
1,1046,229,1025,276
1,1061,225,1029,281
1,1093,207,1033,287
1,1096,203,1035,289
1,1091,194,1037,290
1,1097,193,1040,290
1,1083,190,1042,291
1,1073,206,1042,291
1,1016,167,1042,291
1,1013,153,1042,291
1,1033,184,1042,291
1,1061,194,1043,291
1,1079,197,1043,288
1,1060,168,1040,278
1,1055,162,1032,268
1,1071,163,1028,263
1,1072,144,1027,262
1,1077,148,1027,262
1,1071,140,1027,262
1,1066,157,1027,262
1,1071,154,1027,262
1,1071,164,1027,262
1,1080,166,1027,262
1,1085,163,1024,260
1,1065,145,1023,259
1,1074,152,1023,259
1,1042,142,1023,259
1,1048,143,1022,258
1,1053,135,1022,255
1,1082,129,1023,248
1,1094,134,1029,235
1,1103,151,1038,219
1,1111,141,1047,210
1,1091,112,1053,207
1,1099,154,1057,203
1,1063,144,1060,202
1,1043,142,1062,198
1,1056,143,1067,195
1,1061,186,1071,191
1,1055,196,1073,188
1,1030,169,1073,188
1,1049,176,1072,185
1,1054,186,1069,184
1,1060,185,1063,183
1,1057,180,1061,183
1,1059,173,1061,183
1,1069,175,1061,183
1,1051,144,1064,184
1,1077,139,1072,187
1,1069,129,1081,192
1,1080,122,1093,193
1,1101,115,1110,191
1,1093,118,1133,185
1,1096,126,1144,182
1,1074,97,1146,181
1,1087,146,1146,181
1,1077,149,1146,181
1,1095,165,1141,184
1,1088,175,1139,186
1,1108,190,1139,186
1,1096,196,1139,186
1,1100,186,1139,187
1,1089,183,1138,190
1,1091,156,1137,193
1,1061,161,1131,201
1,1054,161,1127,206
1,1066,187,1125,208
1,1059,185,1122,208
1,1039,180,1121,208
1,1015,187,1119,208
1,1013,202,1115,210
1,1018,205,1109,213
1,1016,205,1106,213
1,1003,201,1104,213
1,990,219,1104,213
1,1031,208,1104,213
1,1036,225,1104,213
1,1012,245,1104,213
1,1037,240,1103,213
1,1063,241,1102,213
1,1053,264,1102,213
1,1037,273,1100,212
1,1032,235,1097,210
1,1038,235,1092,209
1,1042,233,1086,209
1,1049,253,1076,209
1,1024,219,1066,209
1,1039,233,1053,216
1,1043,234,1042,220
1,1053,238,1032,227
1,1045,249,1031,227
1,1054,239,1031,227
1,1036,245,1034,228
1,1053,243,1041,229
1,1046,259,1043,232
1,1035,273,1045,238
1,1065,250,1047,245
1,1036,236,1048,248
1,1019,227,1048,251
1,1008,230,1049,252
1,1005,249,1050,252
1,1027,254,1053,254
1,1033,255,1059,259
1,1025,261,1060,261
1,1010,249,1062,265
1,1021,247,1063,267
1,1010,242,1063,268
1,1027,248,1063,268
1,1046,250,1063,268
1,1036,238,1063,267
1,988,237,1064,263
1,960,233,1061,261
1,942,236,1060,260
1,964,227,1058,260
1,957,218,1053,260
1,933,227,1047,260
1,938,208,1043,260
1,934,207,1034,265
1,941,206,1023,271
1,932,191,1007,285
1,941,168,995,297
1,945,180,991,300
1,921,172,991,300
1,913,157,991,300
1,941,162,991,300
1,945,178,991,300
1,933,192,991,300
1,948,209,991,300
1,959,195,986,300
1,955,186,978,299
1,975,181,976,297
1,972,208,970,286
1,971,220,968,275
1,969,232,968,269
1,972,233,969,262
1,970,239,972,237
1,978,248,980,214
1,987,233,982,195
1,986,221,983,180
1,1014,216,983,172
1,990,191,981,169
1,1000,233,979,169
1,1018,246,979,169
1,1022,257,978,169
1,1015,281,977,170
1,1019,268,977,174
1,999,258,984,176
1,1002,290,993,179
1,976,276,997,181
1,980,263,1002,183
1,973,271,1013,186
1,993,269,1025,189
1,985,284,1038,194
1,984,300,1047,200
1,988,296,1053,204
1,969,294,1056,208
1,947,295,1056,210
1,923,282,1057,213
1,913,270,1057,213
1,929,251,1057,214
1,937,247,1052,216
1,966,240,1034,234
1,985,240,1019,242
1,981,241,1004,255
1,975,241,993,263
1,982,236,986,269
1,994,230,979,270
1,1012,217,972,270
1,1002,221,969,266
1,973,223,966,257
1,970,227,959,239
1,1004,220,952,228
1,998,225,952,227
1,1016,214,952,227
1,1020,210,955,227
1,1003,200,958,226
1,984,229,967,226
1,974,225,976,223
1,1005,235,982,222
1,1008,232,986,225
1,994,245,993,231
1,991,242,999,238
1,1011,249,1003,245
1,1010,269,1004,249
1,1025,280,1004,250
1,1023,284,1006,250
1,1031,298,1006,250
1,1039,290,1006,250
1,1042,303,1006,250
1,1049,315,1006,250
1,1032,336,1003,251
1,1050,342,999,253
1,1064,355,997,254
1,1048,352,997,254
1,1033,329,997,254
1,1055,318,997,254
1,1064,313,997,254
1,1067,312,997,254
1,1086,296,996,256
1,1074,307,993,261
1,1073,314,992,268
1,1066,354,989,277
1,1079,361,980,301
1,1079,368,975,310
1,1086,379,971,323
1,1084,383,971,327
1,1072,397,971,328
1,1061,390,971,328
1,1087,399,971,328
1,1062,399,971,328
1,1056,363,971,328
1,1065,355,972,329
1,1086,334,974,331
1,1106,341,979,333
1,1112,353,983,335
1,1136,349,985,336
1,1138,350,990,339
1,1157,361,1002,349
1,1160,353,1017,359
1,1146,327,1033,370
1,1153,321,1043,379
1,1134,330,1047,388
1,1135,323,1047,395
1,1137,328,1047,403
1,1139,354,1047,409
1,1160,353,1047,410
1,1167,369,1047,410
1,1192,370,1047,411
1,1194,357,1047,411
1,1190,369,1047,412
1,1192,384,1055,413
1,1208,372,1073,407
1,1199,368,1087,396
1,1203,355,1101,384
1,1210,351,1113,374
1,1232,340,1133,369
1,1229,328,1149,362
1,1222,339,1160,354
1,1219,323,1162,351
1,1228,311,1162,351
1,1222,330,1162,351
1,1236,356,1162,351
1,1228,377,1162,351
1,1226,374,1162,351
1,1203,371,1162,351
1,1208,348,1162,351
1,1198,337,1163,351
1,1196,324,1171,360
1,1185,322,1185,370
1,1181,322,1208,380
1,1188,309,1239,387
1,1201,325,1251,389
1,1193,323,1255,390
1,1180,317,1255,390
1,1198,305,1255,390
1,1192,313,1255,390
1,1193,312,1255,393
1,1184,311,1254,395
1,1167,296,1249,399
1,1167,283,1240,403
1,1163,293,1233,408
1,1151,321,1228,408
1,1166,303,1224,406
1,1186,309,1208,390
1,1186,303,1193,374
1,1197,296,1170,353
1,1182,288,1155,332
1,1195,279,1152,321
1,1200,268,1154,311
1,1204,289,1158,298
1,1232,301,1163,283
1,1241,312,1166,274
1,1239,332,1166,272
1,1223,316,1166,272
1,1225,306,1166,272
1,1216,323,1166,272
1,1198,324,1166,276
1,1182,325,1162,285
1,1179,320,1160,295
1,1186,356,1160,299
1,1192,337,1165,302
1,1189,353,1171,304
1,1204,348,1175,306
1,1176,337,1180,308
1,1198,328,1187,313
1,1214,309,1206,328
1,1209,284,1223,338
1,1184,275,1232,344
1,1184,304,1236,348
1,1179,293,1236,349
1,1193,291,1234,349
1,1198,296,1232,351
1,1170,290,1229,356
1,1160,269,1226,362
1,1179,296,1223,363
1,1179,302,1219,363
1,1195,292,1214,363
1,1190,307,1206,363
1,1198,315,1203,363
1,1211,340,1201,364
1,1233,352,1200,364
1,1239,366,1200,364
1,1245,365,1200,364
1,1233,375,1200,364
1,1218,392,1199,364
1,1237,385,1195,361
1,1219,397,1194,356
1,1222,384,1194,344
1,1231,372,1194,332
1,1225,356,1192,322
1,1218,357,1190,316
1,1198,377,1188,314
1,1203,386,1187,314
1,1224,398,1187,314
1,1227,410,1187,314
1,1230,426,1187,320
1,1267,424,1190,339
1,1268,433,1202,359
1,1287,447,1206,368
1,1289,433,1209,375
1,1301,442,1211,379
1,1308,440,1214,380
1,1306,426,1214,380
1,1320,451,1214,380
1,1323,463,1214,380
1,1329,474,1214,380
1,1328,493,1214,380
1,1320,514,1214,380
1,1312,519,1214,381
1,1316,527,1214,382
1,1329,507,1214,382
1,1339,514,1219,388
1,1354,500,1228,395
1,1348,489,1242,402
1,1325,489,1257,407
1,1332,475,1270,412
1,1322,463,1281,417
1,1307,461,1290,423
1,1332,441,1301,432
1,1342,421,1308,440
1,1332,410,1314,449
1,1336,404,1316,456
1,1313,421,1316,463
1,1306,420,1315,476
1,1310,422,1315,482
1,1302,393,1315,483
1,1297,379,1315,483
1,1296,365,1315,483
1,1310,391,1315,483
1,1291,412,1315,485
1,1285,414,1316,485
1,1270,414,1316,485
1,1264,406,1316,486
1,1252,408,1315,486
1,1244,422,1314,486
1,1275,437,1313,486
1,1280,426,1313,483
1,1265,425,1311,459
1,1251,437,1302,421
1,1257,435,1287,384
1,1224,448,1275,370
1,1203,421,1274,367
1,1210,436,1274,367
1,1216,441,1274,365
1,1222,430,1276,361
1,1194,425,1279,352
1,1209,417,1279,345
1,1214,433,1272,337
1,1206,427,1268,335
1,1208,427,1266,335
1,1216,441,1261,335
1,1230,423,1257,338
1,1223,449,1248,344
1,1225,447,1242,348
1,1208,470,1237,351
1,1209,488,1231,358
1,1227,512,1225,367
1,1234,524,1222,384
1,1228,528,1222,403
1,1224,506,1225,417
1,1234,467,1228,422
1,1229,487,1231,428
1,1201,483,1232,431
1,1212,503,1233,440
1,1223,502,1241,459
1,1230,503,1253,480
1,1212,490,1254,489
1,1229,484,1257,492
1,1211,516,1257,492
1,1201,529,1257,492
1,1223,495,1256,492
1,1240,503,1256,493
1,1232,502,1256,495
1,1237,511,1256,495
1,1232,494,1256,495
1,1249,497,1254,496
1,1245,505,1249,498
1,1272,500,1243,504
1,1255,494,1239,508
1,1238,503,1235,512
1,1243,506,1233,516
1,1252,502,1231,518
1,1236,480,1231,521
1,1235,517,1230,522
1,1221,526,1231,524
1,1200,537,1232,524
1,1180,530,1232,520
1,1184,518,1232,509
1,1180,517,1231,506
1,1165,515,1231,506
1,1168,523,1231,506
1,1166,507,1231,506
1,1182,505,1231,506
1,1178,483,1233,499
1,1183,501,1240,475
1,1182,510,1245,460
1,1207,521,1248,456
1,1212,499,1248,456
1,1210,501,1248,456
1,1216,492,1248,457
1,1236,511,1247,461
1,1242,511,1242,466
1,1242,535,1233,472
1,1248,548,1226,476
1,1262,540,1219,479
1,1289,536,1212,482
1,1272,554,1205,485
1,1291,536,1201,486
1,1291,507,1196,483
1,1311,546,1184,469
1,1314,547,1172,459
1,1305,538,1167,458
1,1311,559,1167,458
1,1284,552,1167,458
1,1269,543,1167,458
1,1277,536,1168,460
1,1262,525,1176,468
1,1260,526,1187,474
1,1263,512,1203,485
1,1295,522,1221,496
1,1291,535,1227,505
1,1292,527,1235,518
1,1291,508,1241,526
1,1278,505,1244,530
1,1284,507,1244,530
1,1303,525,1243,532
1,1299,537,1238,533
1,1316,562,1230,537
1,1294,584,1224,542
1,1305,588,1217,549
1,1292,570,1214,553
1,1283,570,1214,553
1,1280,579,1214,553
1,1284,597,1221,553
1,1293,597,1250,553
1,1295,585,1272,557
1,1297,578,1283,557
1,1283,593,1308,564
1,1310,596,1321,569
1,1309,633,1321,569
1,1331,600,1321,570
1,1321,608,1319,575
1,1306,610,1313,581
1,1307,625,1309,586
1,1301,639,1300,591
1,1302,638,1291,598
1,1302,641,1282,607
1,1300,641,1276,615
1,1299,645,1272,620
1,1316,643,1271,623
1,1316,657,1270,626
1,1328,655,1268,632
1,1351,651,1268,634
1,1358,644,1266,637
1,1367,642,1261,644
1,1359,648,1261,646
1,1381,655,1260,656
1,1374,663,1264,665
1,1373,657,1269,670
1,1365,651,1281,679
1,1372,649,1285,681
1,1374,646,1285,681
1,1362,639,1285,682
1,1360,664,1283,683
1,1358,681,1281,686
1,1361,642,1277,687
1,1365,662,1276,688
1,1354,667,1273,688
1,1380,652,1269,688
1,1370,645,1267,688
1,1384,635,1267,688
1,1361,657,1267,687
1,1389,639,1271,683
1,1348,643,1277,677
1,1347,648,1294,674
1,1360,643,1320,666
1,1380,646,1341,653
1,1340,641,1354,644
1,1349,638,1356,640
1,1340,631,1356,638
1,1360,624,1356,637
1,1375,660,1353,633
1,1372,673,1347,631
1,1371,669,1340,625
1,1334,666,1332,617
1,1321,675,1324,606
1,1314,647,1318,599
1,1324,638,1314,596
1,1346,668,1314,595
1,1345,654,1314,595
1,1338,649,1314,595
1,1325,629,1315,594
1,1324,639,1316,590
1,1334,638,1316,590
1,1345,613,1317,590
1,1347,598,1319,595
1,1362,620,1321,600
1,1370,607,1321,605
1,1335,610,1320,610
1,1326,612,1316,616
1,1336,617,1310,623
1,1323,622,1301,632
1,1344,596,1295,638
1,1320,596,1293,641
1,1302,610,1293,641
1,1299,620,1293,641
1,1303,643,1292,641
1,1328,642,1291,640
1,1317,642,1291,633
1,1296,639,1296,618
1,1268,622,1307,601
1,1260,627,1316,598
1,1259,638,1324,598
1,1286,637,1337,600
1,1259,618,1346,603
1,1266,608,1349,605
1,1269,595,1349,606
1,1254,597,1347,608
1,1257,587,1336,616
1,1259,600,1320,625
1,1277,606,1309,631
1,1284,599,1300,633
1,1302,613,1290,633
1,1297,596,1279,632
1,1285,607,1271,629
1,1268,583,1262,625
1,1296,556,1254,621
1,1323,563,1253,618
1,1321,566,1253,616
1,1297,570,1253,616
1,1302,575,1252,615
1,1291,562,1249,615
1,1273,572,1243,617
1,1276,589,1233,618
1,1291,561,1225,618
1,1288,535,1214,614
1,1293,529,1209,612
1,1274,518,1206,610
1,1308,507,1206,609
1,1311,507,1206,608
1,1324,510,1216,605
1,1316,486,1234,598
1,1317,464,1252,591
1,1306,505,1263,588
1,1293,503,1265,588
1,1284,490,1265,588
1,1283,481,1265,588
1,1260,492,1264,588
1,1271,499,1264,589
1,1267,512,1264,589
1,1272,520,1264,589
1,1280,553,1262,585
1,1282,546,1262,581
1,1274,549,1262,570
1,1272,559,1264,561
1,1272,534,1272,531
1,1249,512,1281,488
1,1253,522,1287,444
1,1238,502,1292,434
1,1252,491,1293,434
1,1250,511,1295,434
1,1271,527,1295,434
1,1261,524,1295,434
1,1256,520,1295,434
1,1255,542,1293,434
1,1261,525,1290,440
1,1249,528,1288,469
1,1263,506,1286,491
1,1267,491,1282,511
1,1262,472,1279,520
1,1264,452,1279,525
1,1271,458,1278,530
1,1262,453,1279,539
1,1257,462,1280,547
1,1257,451,1281,554
1,1263,466,1281,558
1,1267,483,1281,559
1,1264,499,1280,559
1,1273,503,1276,559
1,1290,499,1266,548
1,1276,513,1254,536
1,1259,525,1248,531
1,1279,522,1247,531
1,1277,520,1247,531
1,1299,534,1247,531
1,1308,526,1249,525
1,1311,529,1253,513
1,1311,521,1256,502
1,1308,524,1259,497
1,1321,518,1261,496
1,1312,544,1265,496
1,1318,535,1270,496
1,1304,542,1272,496
1,1261,522,1274,497
1,1252,527,1275,499
1,1249,545,1277,506
1,1241,544,1276,516
1,1223,554,1276,519
1,1227,574,1276,519
1,1262,587,1276,519
1,1247,577,1278,521
1,1243,591,1279,522
1,1236,595,1280,523
1,1227,602,1280,525
1,1239,571,1280,526
1,1218,581,1280,527
1,1197,587,1280,528
1,1186,587,1275,530
1,1175,578,1266,534
1,1176,583,1234,547
1,1174,625,1198,564
1,1141,615,1172,574
1,1112,613,1165,575
1,1118,600,1163,573
1,1118,583,1163,566
1,1132,601,1165,559
1,1133,606,1165,559
1,1121,617,1165,559
1,1113,628,1166,559
1,1125,640,1166,559
1,1133,643,1166,560
1,1129,653,1164,565
1,1101,670,1153,581
1,1087,671,1130,606
1,1089,644,1106,621
1,1091,659,1091,628
1,1096,662,1083,634
1,1113,657,1081,638
1,1122,659,1075,644
1,1108,647,1070,649
1,1108,623,1064,652
1,1107,619,1062,652
1,1126,586,1058,651
1,1134,603,1067,651
1,1114,603,1068,645
1,1148,575,1061,639
1,1173,570,1057,637
1,1170,558,1057,637
1,1166,554,1056,639
1,1171,562,1056,640
1,1160,550,1055,643
1,1168,520,1052,649
1,1176,518,1042,669
1,1182,505,1040,675
1,1190,527,1036,690
1,1164,534,1034,695
1,1154,536,1033,696
1,1132,530,1033,697
1,1146,527,1033,699
1,1144,535,1040,698
1,1132,520,1059,681
1,1126,539,1090,646
1,1094,547,1130,617
1,1091,535,1156,601
1,1087,543,1165,598
1,1068,531,1172,595
1,1058,547,1176,594
1,1058,520,1177,590
1,1055,515,1174,581
1,1060,508,1166,572
1,1064,499,1160,563
1,1089,502,1158,559
1,1080,491,1154,558
1,1088,501,1149,556
1,1094,514,1145,553
1,1090,529,1143,552
1,1079,531,1139,547
1,1084,547,1129,533
1,1093,540,1110,504
1,1082,529,1098,489
1,1088,502,1089,485
1,1091,480,1089,485
1,1094,486,1089,485
1,1110,485,1089,485
1,1093,477,1088,485
1,1106,487,1087,485
1,1118,510,1085,485
1,1115,541,1085,485
1,1117,531,1085,485
1,1119,517,1085,485
1,1133,529,1085,485
1,1124,540,1084,485
1,1102,564,1082,485
1,1111,566,1077,484
1,1079,571,1071,481
1,1069,540,1066,480
1,1068,527,1065,480
1,1072,529,1065,480
1,1081,548,1065,484
1,1076,536,1065,489
1,1094,530,1065,501
1,1089,540,1071,521
1,1058,538,1079,532
1,1071,551,1085,538
1,1086,554,1086,539
1,1105,569,1086,539
1,1109,588,1086,539
1,1114,602,1086,539
1,1109,600,1083,539
1,1107,574,1078,540
1,1115,574,1068,542
1,1097,584,1059,542
1,1090,582,1046,534
1,1092,587,1037,527
1,1105,586,1033,522
1,1110,581,1033,519
1,1112,585,1035,518
1,1101,590,1039,517
1,1104,610,1043,519
1,1085,608,1057,533
1,1068,619,1069,545
1,1086,602,1084,560
1,1081,594,1094,574
1,1073,594,1098,581
1,1074,587,1098,588
1,1076,567,1098,601
1,1092,545,1096,613
1,1096,579,1095,628
1,1087,569,1092,633
1,1089,570,1088,639
1,1088,593,1083,648
1,1085,581,1076,657
1,1102,586,1068,665
1,1071,553,1066,667
1,1083,562,1064,668
1,1082,554,1064,668
1,1066,563,1060,668
1,1075,560,1056,668
1,1102,572,1045,664
1,1108,597,1041,663
1,1122,619,1039,660
1,1135,613,1038,658
1,1141,632,1039,653
1,1147,622,1045,648
1,1132,627,1050,642
1,1134,628,1055,640
1,1109,630,1061,634
1,1104,628,1068,628
1,1083,637,1070,628
1,1084,641,1072,628
1,1090,623,1072,627
1,1087,626,1073,626
1,1104,650,1074,626
1,1111,643,1074,626
1,1113,633,1075,626
1,1124,633,1079,631
1,1101,630,1084,635
1,1119,608,1091,639
1,1107,616,1095,640
1,1110,606,1097,642
1,1121,632,1097,642
1,1116,617,1097,642
1,1099,644,1095,642
1,1095,654,1091,642
1,1091,660,1089,643
1,1083,678,1085,643
1,1060,664,1084,643
1,1052,656,1084,643
1,1080,673,1084,643
1,1062,683,1088,643
1,1063,652,1092,643
1,1056,646,1093,643
1,1065,645,1094,643
1,1083,655,1095,643
1,1092,635,1096,644
1,1071,648,1096,644
1,1066,657,1096,645
1,1060,675,1094,646
1,1054,665,1090,648
1,1050,658,1086,649
1,1063,659,1085,650
1,1043,640,1085,650
1,1047,662,1085,650
1,1036,661,1085,650
1,1050,664,1085,650
1,1044,651,1085,650
1,1032,632,1085,650
1,1032,647,1086,651
1,1029,684,1088,651
1,1016,685,1090,651
1,1005,669,1090,651
1,1002,660,1088,651
1,994,650,1083,651
1,986,640,1078,651
1,1000,638,1077,651
1,998,617,1077,651
1,1005,617,1077,651
1,1011,631,1077,651
1,1019,616,1077,651
1,1027,613,1077,651
1,1049,601,1077,651
1,1037,601,1072,651
1,1041,611,1067,650
1,1047,627,1063,650
1,1037,598,1058,648
1,1055,590,1047,645
1,1046,594,1029,638
1,1055,595,1010,622
1,1083,613,999,601
1,1109,612,997,589
1,1121,623,997,584
1,1093,625,999,578
1,1091,617,1001,576
1,1092,621,1003,575
1,1083,622,1012,571
1,1081,622,1026,566
1,1085,618,1037,564
1,1082,614,1041,564
1,1102,623,1043,566
1,1098,604,1045,569
1,1089,610,1053,575
1,1084,577,1068,584
1,1068,577,1087,597
1,1085,587,1107,612
1,1098,565,1122,625
1,1095,564,1131,634
1,1076,571,1135,641
1,1074,580,1135,645
1,1086,578,1132,652
1,1103,570,1125,662
1,1092,580,1123,664
1,1095,587,1123,664
1,1106,562,1122,664
1,1095,556,1117,664
1,1098,566,1106,658
1,1090,558,1095,650
1,1082,563,1087,644
1,1074,563,1087,640
1,1059,548,1087,632
1,1066,584,1087,618
1,1073,573,1084,609
1,1093,583,1082,605
1,1070,576,1081,604
1,1080,574,1081,604
1,1067,592,1081,604
1,1088,582,1081,604
1,1089,571,1081,604
1,1115,584,1078,602
1,1146,597,1078,602
1,1144,589,1078,602
1,1154,562,1078,601
1,1175,570,1080,600
1,1187,554,1080,599
1,1184,576,1080,596
1,1202,603,1079,596
1,1169,600,1079,596
1,1162,614,1079,596
1,1147,623,1079,596
1,1152,611,1079,596
1,1156,609,1080,596
1,1149,646,1080,596
1,1133,630,1080,595
1,1132,646,1080,595
1,1131,651,1081,595
1,1126,623,1083,595
1,1115,599,1087,595
1,1107,586,1089,595
1,1136,565,1094,597
1,1138,578,1101,598
1,1164,582,1112,603
1,1174,570,1123,609
1,1160,576,1130,612
1,1152,546,1132,614
1,1156,545,1132,618
1,1143,541,1131,620
1,1145,562,1125,622
1,1134,574,1120,622
1,1137,557,1106,622
1,1116,535,1101,622
1,1105,533,1094,620
1,1107,528,1092,618
1,1104,518,1092,618
1,1106,511,1097,612
1,1118,493,1100,603
1,1123,504,1101,596
1,1112,518,1102,595
1,1123,506,1104,594
1,1093,517,1107,591
1,1112,527,1109,590
1,1106,538,1111,588
1,1093,522,1111,586
1,1075,523,1111,583
1,1090,526,1110,583
1,1075,550,1109,582
1,1075,529,1108,579
1,1048,539,1108,575
1,1071,544,1108,572
1,1057,550,1108,570
1,1069,583,1108,569
1,1060,579,1108,569
1,1057,558,1108,569
1,1106,545,1108,569
1,1124,572,1108,569
1,1126,574,1108,569
1,1130,547,1108,569
1,1144,539,1108,569
1,1139,518,1108,569
1,1150,534,1108,569
1,1157,537,1108,569
1,1171,542,1108,569
1,1161,519,1107,569
1,1150,534,1105,569
1,1148,539,1103,571
1,1144,574,1102,571
1,1165,573,1102,571
1,1169,570,1101,571
1,1162,585,1099,571
1,1152,565,1099,571
1,1161,565,1100,569
1,1139,571,1104,567
1,1130,562,1107,564
1,1112,593,1110,561
1,1079,581,1112,559
1,1060,601,1112,556
1,1068,593,1112,554
1,1062,603,1112,554
1,1062,611,1112,554
1,1053,656,1112,554
1,1046,649,1112,554
1,1065,642,1112,554
1,1038,638,1112,554
1,1038,632,1112,554
1,1038,624,1112,554
1,1042,622,1112,554
1,1050,620,1112,554
1,1020,626,1112,554
1,1059,614,1112,554
1,1066,617,1112,554
1,1049,629,1112,554
1,1038,627,1112,554
1,1059,630,1112,554
1,1037,640,1112,554
1,1041,633,1112,554
1,1053,660,1112,554
1,1043,650,1112,554
1,1045,655,1112,554
1,1038,630,1112,554
1,1053,654,1112,554
1,1065,641,1112,554
1,1077,648,1112,554
1,1074,657,1112,554
1,1069,647,1112,554
1,1075,653,1112,554
1,1055,657,1112,554
1,1054,661,1112,554
1,1052,670,1112,554
1,1064,642,1112,554
1,1071,640,1112,554
1,1056,641,1111,555
1,1062,642,1107,561
1,1047,643,1102,576
1,1038,666,1099,586
1,1030,675,1097,593
1,1011,681,1097,593
1,1008,695,1097,593
1,993,694,1096,596
1,1013,697,1094,598
1,998,704,1093,602
1,1006,719,1091,603
1,1021,715,1091,604
1,1055,697,1090,605
1,1067,699,1089,606
1,1058,712,1088,607
1,1080,682,1081,617
1,1090,667,1077,628
1,1098,668,1072,638
1,1112,669,1068,646
1,1101,667,1062,654
1,1117,660,1046,665
1,1122,681,1018,671
1,1138,682,1002,674
1,1156,690,995,676
1,1143,698,994,676
1,1156,697,994,676
1,1161,691,994,676
1,1178,699,996,676
1,1205,682,1001,676
1,1198,683,1020,675
1,1199,683,1052,671
1,1197,667,1103,671
1,1185,671,1120,674
1,1180,655,1131,677
1,1185,675,1142,680
1,1199,655,1145,680
1,1206,653,1146,680
1,1200,659,1146,680
1,1176,679,1146,682
1,1175,691,1146,682
1,1203,720,1146,687
1,1224,740,1146,688
1,1225,738,1147,689
1,1204,740,1147,689
1,1207,741,1147,689
1,1213,734,1147,688
1,1197,715,1147,688
1,1194,706,1147,687
1,1180,712,1149,683
1,1174,700,1148,681
1,1181,674,1146,679
1,1174,676,1143,675
1,1170,696,1141,675
1,1184,709,1141,675
1,1179,720,1141,675
1,1211,726,1141,675
1,1206,718,1141,675
1,1208,753,1141,675
1,1197,756,1141,675
1,1186,752,1141,675
1,1178,756,1141,675
1,1176,742,1141,678
1,1159,729,1141,679
1,1168,722,1141,680
1,1158,714,1140,680
1,1133,699,1140,680
1,1149,687,1140,680
1,1164,685,1140,680
1,1180,694,1140,681
1,1179,698,1142,683
1,1194,695,1144,686
1,1215,696,1145,690
1,1215,711,1145,699
1,1206,703,1143,712
1,1203,701,1141,722
1,1226,677,1143,731
1,1225,679,1143,736
1,1231,674,1146,737
1,1245,639,1146,737
1,1236,623,1144,737
1,1216,633,1142,732
1,1213,644,1139,726
1,1236,639,1138,714
1,1214,626,1134,686
1,1199,610,1134,659
1,1217,617,1134,655
1,1229,636,1134,655
1,1225,629,1142,658
1,1242,636,1154,666
1,1256,651,1166,671
1,1246,636,1171,671
1,1255,628,1173,670
1,1263,620,1176,668
1,1264,617,1178,665
1,1255,637,1181,661
1,1260,647,1182,659
1,1280,637,1183,647
1,1269,608,1182,628
1,1254,593,1176,617
1,1228,566,1176,615
1,1203,556,1176,615
1,1202,565,1177,615
1,1182,578,1177,615
1,1181,592,1177,615
1,1158,610,1177,615
1,1167,612,1177,615
1,1171,635,1180,618
1,1184,648,1203,644
1,1169,655,1216,652
1,1182,645,1226,654
1,1174,678,1235,650
1,1166,665,1241,646
1,1154,667,1242,641
1,1145,667,1243,637
1,1154,658,1245,636
1,1172,663,1246,633
1,1193,677,1247,628
1,1199,659,1247,616
1,1211,633,1244,590
1,1225,623,1233,571
1,1222,622,1224,565
1,1203,620,1215,562
1,1197,611,1211,562
1,1206,599,1209,562
1,1181,579,1205,569
1,1218,552,1199,578
1,1221,575,1191,592
1,1182,592,1179,604
1,1181,606,1170,611
1,1154,615,1167,615
1,1143,613,1168,620
1,1149,624,1172,626
1,1151,628,1177,629
1,1156,641,1183,631
1,1162,624,1192,633
1,1159,614,1206,631
1,1172,617,1220,620
1,1174,613,1224,613
1,1168,611,1226,607
1,1175,628,1226,603
1,1166,629,1226,599
1,1161,623,1225,594
1,1139,647,1223,587
1,1194,636,1220,582
1,1174,610,1213,579
1,1184,605,1207,576
1,1196,604,1200,575
1,1202,609,1198,575
1,1184,614,1197,575
1,1191,615,1196,575
1,1210,619,1193,577
1,1210,613,1188,580
1,1214,615,1184,582
1,1184,583,1180,588
1,1203,578,1179,592
1,1184,590,1179,595
1,1180,558,1179,595
1,1163,546,1179,595
1,1147,575,1180,596
1,1152,546,1180,597
1,1165,543,1183,601
1,1137,543,1183,602
1,1163,528,1184,603
1,1189,552,1184,603
1,1165,550,1184,603
1,1151,532,1184,603
1,1148,512,1184,601
1,1141,512,1184,600
1,1113,531,1184,599
1,1116,535,1183,595
1,1097,498,1180,590
1,1102,485,1176,585
1,1093,480,1173,581
1,1089,499,1172,580
1,1110,517,1172,580
1,1111,515,1172,580
1,1101,529,1172,580
1,1082,515,1172,580
1,1063,523,1172,580
1,1073,515,1172,580
1,1072,517,1172,580
1,1091,503,1172,580
1,1092,505,1172,580
1,1076,490,1172,580
1,1096,478,1172,580
1,1121,466,1171,580
1,1115,473,1168,578
1,1123,472,1166,577
1,1132,460,1165,576
1,1139,446,1164,576
1,1147,480,1164,576
1,1164,470,1159,575
1,1142,454,1147,573
1,1125,441,1131,568
1,1115,404,1114,565
1,1115,385,1105,561
1,1090,388,1083,551
2,969,524,965,546
2,956,507,965,546
2,937,519,965,546
2,943,516,965,546
2,936,516,965,546
2,942,520,965,546
2,938,556,965,546
2,930,558,965,546
2,928,561,965,546
2,915,582,965,546
2,922,571,965,546
2,902,581,965,546
2,912,598,965,546
2,899,592,965,546
2,887,603,965,546
2,876,602,965,546
2,894,594,965,545
2,912,618,964,545
2,902,628,963,544
2,900,629,960,543
2,914,625,959,541
2,907,609,956,540
2,900,620,947,540
2,912,609,931,540
2,932,617,914,547
2,960,626,906,551
2,962,643,903,558
2,942,624,902,562
2,935,629,902,564
2,927,642,902,565
2,945,619,902,565
2,947,607,904,567
2,946,586,909,568
2,942,595,914,568
2,957,613,919,569
2,964,646,923,572
2,984,653,927,573
2,977,651,935,577
2,958,631,944,582
2,954,620,958,591
2,946,602,961,595
2,937,617,962,597
2,910,621,962,599
2,931,592,962,600
2,934,610,962,603
2,920,625,960,603
2,916,619,960,604
2,920,626,960,604
2,904,624,958,604
2,897,617,957,604
2,921,643,955,605
2,915,624,951,605
2,910,634,948,605
2,920,614,941,603
2,926,636,932,601
2,901,645,920,598
2,904,648,909,597
2,905,654,904,597
2,904,655,904,597
2,914,633,904,596
2,913,611,904,596
2,936,624,908,599
2,949,622,910,601
2,932,597,914,602
2,928,605,915,604
2,926,605,915,606
2,923,583,917,607
2,940,607,920,609
2,922,622,921,611
2,923,648,923,614
2,946,658,923,615
2,956,653,924,616
2,949,634,924,617
2,926,627,924,618
2,944,638,924,619
2,949,631,923,620
2,928,625,922,620
2,910,620,922,620
2,895,621,922,622
2,888,621,924,622
2,861,621,928,622
2,843,620,933,622
2,817,641,937,622
2,793,619,940,622
2,793,627,943,623
2,793,593,958,626
2,775,599,970,626
2,781,590,985,626
2,790,592,990,623
2,791,621,990,622
2,798,615,983,617
2,815,613,971,614
2,801,617,948,610
2,789,612,919,610
2,789,619,881,614
2,774,616,837,622
2,752,596,824,627
2,751,602,820,628
2,733,617,819,628
2,739,616,818,625
2,742,620,816,611
2,721,618,813,598
2,711,614,809,593
2,718,600,808,590
2,735,607,808,589
2,727,602,808,589
2,712,587,808,589
2,717,589,808,589
2,725,563,806,589
2,737,593,802,589
2,707,588,780,589
2,714,591,745,587
2,709,594,702,587
2,724,614,668,587
2,709,596,646,587
2,713,612,625,587
2,703,614,620,587
2,684,610,620,587
2,702,602,621,587
2,664,603,626,587
2,680,600,629,584
2,687,578,630,581
2,654,545,630,579
2,668,536,630,577
2,658,539,630,575
2,661,556,630,574
2,658,569,630,573
2,654,566,630,573
2,644,556,630,573
2,619,548,630,573
2,609,548,631,573
2,639,539,632,573
2,625,553,633,572
2,602,549,633,572
2,599,533,633,572
2,598,536,633,572
2,610,538,633,572
2,589,542,633,569
2,576,527,631,567
2,559,540,627,566
2,591,549,625,566
2,609,551,623,566
2,623,560,623,565
2,602,546,622,561
2,613,567,612,554
2,627,580,597,547
2,640,568,577,544
2,665,590,552,542
2,661,579,519,538
2,674,564,497,534
2,636,584,481,529
2,638,576,469,526
2,637,580,468,526
2,669,576,468,525
2,686,556,469,522
2,700,555,476,519
2,697,560,485,516
2,700,557,497,515
2,711,560,520,515
2,701,561,548,518
2,696,571,583,522
2,711,558,618,526
2,702,552,646,530
2,722,535,674,534
2,732,534,706,538
2,718,536,723,540
2,744,540,732,540
2,755,546,733,540
2,764,549,733,540
2,759,535,733,540
2,759,545,735,537
2,768,524,740,533
2,757,507,749,531
2,737,502,761,528
2,723,476,771,528
2,722,480,785,528
2,726,476,798,525
2,741,482,803,525
2,747,501,803,525
2,736,527,803,525
2,717,524,803,525
2,711,529,801,525
2,715,530,800,521
2,732,545,795,520
2,730,561,788,516
2,727,567,781,514
2,739,570,769,510
2,743,561,760,508
2,751,555,749,502
2,785,549,738,496
2,788,568,729,489
2,785,603,720,485
2,782,640,718,484
2,784,635,718,484
2,803,641,718,484
2,800,647,719,488
2,816,649,722,497
2,821,638,722,504
2,829,607,725,512
2,849,601,731,520
2,844,592,736,527
2,852,578,746,535
2,863,572,751,539
2,845,574,755,541
2,865,559,759,549
2,868,538,760,555
2,890,561,765,565
2,887,554,772,582
2,879,557,792,602
2,892,574,816,618
2,873,585,854,620
2,882,606,901,623
2,859,602,950,613
2,839,587,986,598
2,839,593,1003,583
2,840,586,1005,574
2,823,604,1001,563
2,810,633,982,552
2,795,630,970,542
2,800,636,966,537
2,827,611,964,535
2,826,606,964,535
2,802,617,964,535
2,814,625,964,539
2,825,593,959,546
2,806,590,951,557
2,813,570,938,578
2,819,555,926,597
2,822,545,919,615
2,810,557,916,624
2,805,559,916,630
2,805,567,915,631
2,766,585,910,635
2,786,580,901,637
2,792,593,890,638
2,795,594,884,638
2,813,639,880,637
2,834,637,878,627
2,837,614,878,613
2,849,593,875,596
2,843,581,873,579
2,876,566,874,564
2,872,560,875,547
2,876,579,878,538
2,887,597,878,537
2,903,611,878,536
2,883,623,872,538
2,857,614,864,546
2,851,624,855,567
2,836,638,850,581
2,810,646,847,590
2,811,652,847,595
2,781,656,848,597
2,792,642,853,600
2,783,637,860,601
2,782,621,877,603
2,781,626,892,602
2,779,617,899,596
2,753,646,900,594
2,756,664,897,592
2,747,669,886,590
2,740,680,881,591
2,722,693,875,593
2,737,672,874,597
2,727,637,873,601
2,718,619,872,604
2,723,630,869,608
2,714,653,864,612
2,704,656,855,615
2,699,657,843,618
2,702,670,833,618
2,691,645,824,616
2,686,636,817,612
2,676,637,808,610
2,677,648,794,611
2,691,652,780,618
2,712,655,768,622
2,692,666,759,628
2,669,674,755,630
2,648,668,748,632
2,656,677,733,637
2,639,676,720,642
2,634,687,713,646
2,616,701,704,652
2,616,697,690,666
2,600,703,673,685
2,604,702,653,703
2,611,691,641,710
2,615,696,637,711
2,632,660,636,711
2,632,653,635,706
2,638,656,634,699
2,655,675,631,694
2,642,664,630,691
2,629,657,629,689
2,632,652,627,688
2,630,650,625,688
2,625,642,623,688
2,629,627,621,688
2,618,641,621,684
2,628,650,626,668
2,631,639,634,656
2,627,667,643,649
2,634,638,647,643
2,649,643,652,643
2,649,629,657,642
2,659,654,657,642
2,665,649,659,642
2,667,634,659,642
2,701,630,659,642
2,704,638,659,642
2,707,625,652,642
2,738,614,639,642
2,737,609,625,644
2,740,605,615,644
2,739,616,601,637
2,780,616,600,627
2,774,633,605,606
2,762,644,610,584
2,771,645,617,568
2,790,667,620,564
2,800,669,621,563
2,817,652,622,563
2,813,641,624,562
2,829,630,629,562
2,838,657,641,564
2,851,642,656,565
2,839,652,675,565
2,857,657,692,569
2,885,643,720,577
2,888,635,748,585
2,865,643,771,592
2,857,661,788,605
2,852,664,801,622
2,868,648,821,641
2,882,677,849,651
2,880,691,879,653
2,882,688,899,649
2,876,703,929,647
2,921,684,949,645
2,915,709,968,645
2,913,730,984,645
2,872,731,998,645
2,860,725,1002,645
2,868,710,1002,645
2,843,680,1002,645
2,835,689,1002,645
2,810,695,1001,645
2,818,709,990,646
2,801,707,965,650
2,795,701,949,650
2,810,704,903,650
2,811,692,883,650
2,797,682,869,650
2,769,676,856,653
2,777,677,846,657
2,756,669,840,665
2,737,677,838,673
2,747,663,834,681
2,759,670,830,686
2,771,655,824,690
2,780,634,819,692
2,784,600,818,692
2,784,624,817,692
2,758,647,813,692
2,759,642,796,695
2,749,650,770,707
2,756,642,758,717
2,759,657,754,721
2,739,649,752,723
2,711,643,752,723
2,698,630,752,723
2,706,629,751,722
2,719,633,748,720
2,735,621,743,713
2,743,623,736,698
2,727,630,730,687
2,710,628,714,678
2,691,632,691,675
2,688,616,661,668
2,696,602,650,665
2,714,612,648,662
2,729,609,648,655
2,717,600,651,650
2,734,612,659,642
2,746,616,672,630
2,753,621,682,619
2,726,651,688,608
2,722,642,693,602
2,726,640,698,598
2,722,638,704,595
2,741,618,711,594
2,729,619,717,595
2,733,646,724,598
2,759,633,728,601
2,756,631,730,601
2,778,623,733,601
2,782,632,733,597
2,787,625,733,596
2,796,636,733,595
2,762,632,733,595
2,756,638,734,596
2,727,621,735,601
2,740,610,735,610
2,738,619,731,621
2,736,621,720,633
2,736,632,701,648
2,731,619,692,652
2,732,635,687,653
2,717,633,687,653
2,713,630,692,646
2,691,660,702,628
2,687,644,713,612
2,697,645,718,601
2,705,645,718,600
2,716,643,718,600
2,740,653,718,600
2,722,666,717,600
2,737,680,717,601
2,727,679,717,601
2,718,685,717,601
2,710,666,717,604
2,701,671,721,606
2,716,688,724,610
2,727,701,727,612
2,710,692,730,613
2,720,700,730,613
2,724,696,730,614
2,747,692,726,618
2,742,687,721,624
2,758,696,717,626
2,743,687,715,628
2,729,700,713,629
2,702,706,710,633
2,706,697,706,640
2,700,708,701,648
2,694,708,694,655
2,698,698,687,659
2,715,664,684,663
2,721,660,683,667
2,711,651,683,668
2,710,633,684,669
2,714,630,688,670
2,717,600,695,673
2,715,621,698,675
2,716,623,702,678
2,730,601,703,680
2,731,603,704,681
2,736,611,704,682
2,747,611,704,682
2,767,614,704,684
2,769,606,704,685
2,776,604,704,687
2,782,614,704,687
2,802,629,704,683
2,810,634,704,667
2,808,619,704,643
2,806,629,698,613
2,803,634,692,590
2,803,644,692,584
2,833,653,695,582
2,853,649,700,581
2,843,642,709,582
2,851,642,722,586
2,861,638,735,593
2,879,626,756,602
2,881,631,777,614
2,897,622,789,623
2,900,617,798,633
2,902,600,808,647
2,895,606,816,654
2,900,591,819,658
2,903,619,820,662
2,923,604,826,672
2,925,605,839,680
2,913,595,864,686
2,925,588,894,686
2,966,613,915,686
2,972,630,933,683
2,949,643,945,678
2,937,640,958,664
2,933,641,963,651
2,947,669,963,637
2,947,662,958,626
2,954,662,954,621
2,944,654,953,620
2,941,649,950,618
2,954,655,949,616
2,974,651,948,609
2,971,639,946,605
2,965,621,944,603
2,953,607,942,602
2,975,592,941,602
2,956,593,939,602
2,972,590,939,607
2,953,602,940,612
2,980,596,941,621
2,979,592,943,631
2,976,624,943,641
2,964,627,941,654
2,953,602,938,666
2,950,606,938,673
2,971,604,938,674
2,977,596,943,674
2,976,609,951,673
2,998,596,966,670
2,991,605,984,665
2,1004,614,995,657
2,1020,612,1002,652
2,1021,628,1008,647
2,1016,662,1011,641
2,997,648,1011,631
2,1001,657,1009,622
2,992,655,1002,617
2,998,643,1002,617
2,1008,637,1002,617
2,1010,633,1002,617
2,990,643,1000,617
2,989,639,999,616
2,984,640,997,615
2,996,638,995,615
2,1043,630,995,615
2,1021,606,996,615
2,1007,588,999,616
2,1005,584,1003,620
2,1010,575,1005,623
2,1017,559,1007,636
2,990,547,1008,651
2,999,523,1010,656
2,991,529,1012,659
2,965,519,1013,659
2,968,522,1014,658
2,948,515,1016,651
2,945,496,1012,646
2,933,499,1008,642
2,919,505,1005,639
2,917,505,1005,639
2,931,479,1005,636
2,888,452,1007,633
2,917,472,1009,628
2,933,454,1009,627
2,931,467,1009,625
2,929,454,1007,622
2,931,476,1000,617
2,933,487,989,609
2,936,502,963,597
2,954,496,934,585
2,952,480,893,574
2,965,494,863,568
2,962,508,845,563
2,970,511,835,560
2,962,490,829,547
2,969,507,829,539
2,944,499,833,523
2,935,498,845,513
2,937,525,860,504
2,940,547,867,499
2,950,521,878,492
2,923,531,887,487
2,928,544,896,484
2,898,529,903,483
2,922,533,910,480
2,937,544,919,480
2,967,541,927,480
2,963,555,938,484
2,965,566,942,491
2,976,566,944,501
2,971,560,944,505
2,971,560,944,509
2,943,563,942,511
2,949,522,942,512
2,949,555,942,514
2,935,572,944,516
2,942,566,945,519
2,941,589,944,527
2,953,585,940,538
2,918,586,935,544
2,932,563,925,556
2,937,572,907,566
2,928,547,907,566
2,930,570,910,565
2,920,565,924,553
2,923,568,942,546
2,923,564,951,544
2,941,565,961,544
2,918,551,964,547
2,925,569,964,554
2,914,557,959,563
2,924,564,949,574
2,928,579,942,587
2,932,557,938,596
2,930,538,935,603
2,950,522,934,605
2,953,531,934,605
2,962,538,934,604
2,950,542,936,602
2,931,521,936,602
2,925,522,936,602
2,932,544,935,602
2,926,532,931,602
2,927,519,923,602
2,922,522,914,599
2,931,543,913,592
2,930,532,913,585
2,939,514,916,580
2,968,520,922,571
2,982,499,939,554
2,970,486,962,529
2,976,465,975,522
2,985,492,977,521
2,966,486,977,521
2,976,467,977,525
2,989,456,977,527
2,983,465,977,527
2,986,460,977,527
2,985,466,976,527
2,1007,454,971,527
2,988,449,966,527
2,988,479,959,525
2,983,504,956,521
2,975,517,955,514
2,958,520,953,502
2,995,539,951,480
2,988,528,952,473
2,969,522,957,469
2,949,526,965,464
2,946,510,977,452
2,949,518,988,431
2,961,508,998,407
2,958,518,1004,397
2,973,547,1006,393
2,947,559,1006,393
2,936,565,1006,393
2,938,555,1006,393
2,951,536,1006,408
2,961,534,1006,428
2,944,531,1006,441
2,949,526,1003,452
2,961,517,1000,463
2,978,497,996,468
2,983,525,993,469
2,978,534,992,470
2,972,551,992,472
2,988,573,991,474
2,996,582,986,480
2,990,576,980,489
2,985,580,968,501
2,972,587,956,513
2,958,577,947,522
2,962,583,941,524
2,955,599,939,525
2,936,605,939,525
2,958,598,942,519
2,975,587,946,510
2,956,583,954,501
2,943,587,959,495
2,945,586,963,495
2,953,576,964,495
2,976,567,966,500
2,967,578,966,510
2,951,587,966,522
2,948,593,965,548
2,953,585,963,577
2,939,574,961,602
2,952,547,958,615
2,927,570,953,622
2,907,554,948,627
2,928,550,944,632
2,919,564,939,637
2,889,564,937,641
2,889,554,937,641
2,892,541,937,641
2,886,558,937,641
2,897,558,937,641
2,877,551,938,641
2,855,521,942,638
2,829,513,953,628
2,810,536,971,609
2,808,577,988,582
2,794,585,989,568
2,785,589,989,555
2,781,614,986,553
2,774,647,980,551
2,781,639,969,550
2,793,649,955,550
2,766,660,933,553
2,773,647,903,555
2,783,633,889,555
2,774,649,869,555
2,769,661,860,554
2,745,657,855,553
2,732,643,851,549
2,726,676,848,538
2,695,702,839,519
2,722,694,827,504
2,723,685,811,495
2,729,674,796,492
2,745,695,779,492
2,731,704,769,494
2,712,689,758,504
2,692,679,757,512
2,650,666,759,530
2,664,660,758,560
2,672,670,758,577
2,688,661,741,609
2,677,659,731,621
2,660,654,706,650
2,667,645,700,658
2,642,641,697,659
2,650,647,698,660
2,648,636,698,660
2,660,659,698,660
2,665,655,699,660
2,678,640,699,660
2,678,632,695,660
2,683,629,690,659
2,692,646,687,659
2,684,647,682,659
2,690,639,673,657
2,685,615,659,657
2,669,605,650,654
2,676,586,646,652
2,675,575,644,643
2,690,581,642,619
2,705,590,640,599
2,696,595,639,588
2,681,603,639,587
2,704,584,639,587
2,713,546,639,586
2,697,543,639,586
2,717,509,640,585
2,717,527,641,584
2,717,522,642,583
2,726,506,646,583
2,716,505,651,583
2,711,513,661,580
2,676,487,677,573
2,679,483,697,567
2,666,479,708,564
2,658,453,718,564
2,642,462,723,564
2,654,452,723,564
2,657,467,723,557
2,642,470,720,544
2,616,455,715,534
2,634,443,714,528
2,618,430,714,526
2,624,427,714,524
2,659,448,715,521
2,657,428,716,520
2,663,440,716,515
2,651,448,714,505
2,648,425,708,496
2,673,392,701,490
2,689,411,692,484
2,690,412,682,476
2,688,441,670,460
2,687,445,652,442
2,682,458,638,432
2,694,478,631,429
2,721,481,626,429
2,714,465,622,428
2,713,444,622,428
2,733,425,621,428
2,747,441,621,427
2,753,432,621,426
2,746,448,621,425
2,722,436,622,425
2,726,457,625,422
2,730,459,633,417
2,739,478,645,407
2,754,493,662,403
2,751,492,662,403
2,747,514,663,405
2,734,506,672,414
2,731,503,677,429
2,731,504,683,451
2,730,514,687,457
2,718,522,692,458
2,700,512,697,456
2,696,517,703,451
2,708,549,706,445
2,721,526,706,445
2,724,509,707,445
2,749,528,708,447
2,754,537,708,453
2,750,555,708,462
2,763,553,708,471
2,763,541,708,479
2,771,533,703,488
2,773,532,697,497
2,763,531,691,504
2,768,523,687,512
2,788,532,686,515
2,802,545,686,516
2,797,554,689,518
2,799,583,695,521
2,812,581,699,522
2,811,566,702,524
2,793,568,702,524
2,791,556,711,529
2,774,565,721,535
2,765,574,729,541
2,747,587,738,547
2,748,584,743,550
2,752,584,750,550
2,780,578,761,545
2,763,568,772,542
2,749,597,780,539
2,754,593,791,536
2,768,620,795,533
2,726,606,796,531
2,703,606,796,528
2,722,579,795,525
2,728,584,791,524
2,729,569,789,524
2,747,567,789,524
2,711,562,788,524
2,730,554,787,523
2,726,563,784,523
2,707,524,780,523
2,690,508,778,523
2,699,480,776,526
2,688,489,772,534
2,710,476,769,539
2,719,473,763,550
2,739,428,747,572
2,731,404,728,587
2,724,405,716,599
2,720,417,714,601
2,723,428,714,601
2,716,433,715,600
2,730,437,715,596
2,721,431,715,580
2,734,401,717,550
2,722,417,717,505
2,719,431,730,464
2,712,427,744,453
2,720,453,753,450
2,715,450,757,450
2,714,448,762,449
2,721,426,768,442
2,740,456,773,427
2,737,442,774,416
2,769,431,772,409
2,760,413,763,405
2,750,417,754,402
2,741,419,747,400
2,721,441,744,399
2,723,453,742,397
2,744,449,741,396
2,738,476,737,394
2,721,487,734,392
2,706,476,729,385
2,721,485,728,375
2,744,478,725,360
2,759,465,722,353
2,764,481,721,352
2,776,483,720,353
2,762,490,716,366
2,764,477,711,391
2,780,473,707,416
2,779,468,707,419
2,792,473,707,420
2,803,463,708,420
2,814,466,712,421
2,823,475,717,424
2,810,462,720,431
2,815,465,723,439
2,822,467,724,446
2,802,480,726,453
2,824,490,729,461
2,845,484,731,463
2,847,508,734,463
2,849,499,743,462
2,844,505,769,450
2,840,500,786,437
2,821,505,805,432
2,821,530,811,432
2,818,541,814,432
2,802,562,817,433
2,808,564,823,437
2,802,565,833,444
2,804,564,845,452
2,797,574,856,459
2,823,565,862,469
2,839,593,867,480
2,817,585,871,490
2,819,581,876,501
2,809,566,880,507
2,806,564,881,508
2,795,515,881,508
2,796,546,881,508
2,784,558,880,509
2,764,560,878,513
2,764,554,875,516
2,764,557,871,521
2,760,549,865,526
2,752,555,861,532
2,758,541,857,539
2,772,568,853,546
2,788,580,847,554
2,807,580,841,556
2,805,592,837,559
2,812,606,833,560
2,797,619,832,560
2,808,611,832,560
2,825,605,830,558
2,837,613,827,554
2,855,627,819,548
2,832,652,801,539
2,840,639,785,532
2,866,644,780,528
2,894,651,782,526
2,907,662,787,526
2,915,645,799,535
2,909,634,811,546
2,926,633,821,560
2,919,627,834,577
2,924,640,845,585
2,919,657,854,588
2,941,669,859,589
2,929,661,863,589
2,909,683,864,589
2,915,685,867,589
2,906,687,874,589
2,925,685,885,592
2,890,702,897,594
2,899,725,908,600
2,918,711,922,609
2,904,712,929,616
2,903,732,934,625
2,874,717,936,638
2,876,708,941,644
2,880,728,945,648
2,890,723,946,649
2,879,717,946,649
2,869,713,946,651
2,871,711,945,658
2,869,722,943,665
2,895,723,940,672
2,886,717,936,678
2,885,703,934,683
2,894,695,930,689
2,892,721,924,696
2,889,729,920,703
2,908,745,915,718
2,897,726,912,723
2,884,735,911,729
2,870,737,911,730
2,869,722,911,731
2,903,731,911,732
2,917,721,911,734
2,921,724,911,735
2,921,732,911,737
2,916,736,911,737
2,917,752,911,737
2,916,783,910,736
2,922,779,909,730
2,902,779,918,718
2,906,799,928,704
2,903,789,935,701
2,917,782,936,701
2,923,784,938,701
2,938,773,938,705
2,929,792,938,715
2,937,778,938,726
2,935,801,938,738
2,972,803,938,744
2,939,790,937,750
2,946,811,937,753
2,945,805,937,756
2,930,797,938,758
2,911,810,938,758
2,908,819,938,759
2,909,818,938,763
2,931,822,937,774
2,931,830,938,790
2,907,824,943,805
2,915,812,951,815
2,898,780,956,821
2,874,789,964,827
2,881,782,971,831
2,858,797,978,832
2,857,790,986,834
2,847,764,997,835
2,835,771,1010,840
2,840,776,1021,843
2,835,766,1028,846
2,854,784,1036,846
2,878,769,1043,846
2,889,742,1060,840
2,872,738,1075,835
2,875,721,1088,831
2,882,729,1094,828
2,879,744,1092,827
2,874,751,1082,827
2,896,734,1062,829
2,889,745,1036,829
2,894,769,1000,826
2,884,754,959,817
2,882,769,929,809
2,873,753,920,804
2,865,764,916,803
2,873,780,916,803
2,871,787,917,803
2,864,780,921,802
2,861,785,923,795
2,851,766,928,780
2,823,777,928,765
2,825,791,926,753
2,823,784,920,744
2,803,792,913,735
2,798,827,907,729
2,791,841,907,728
2,804,822,907,728
2,782,839,907,728
2,770,833,904,728
2,785,840,899,731
2,775,826,891,734
2,767,836,882,737
2,750,820,875,739
2,748,810,869,745
2,734,795,861,754
2,715,794,854,763
2,711,794,848,769
2,717,785,845,778
2,717,799,841,787
2,726,807,836,794
2,727,801,829,801
2,720,791,822,806
2,725,803,813,809
2,695,821,802,810
2,696,827,788,810
2,695,818,771,808
2,708,825,749,806
2,713,841,723,800
2,697,844,711,798
2,704,848,698,798
2,704,829,697,798
2,699,830,697,798
2,717,825,697,797
2,711,821,695,791
2,679,821,695,784
2,682,809,695,777
2,698,803,694,772
2,724,786,694,766
2,718,798,693,761
2,730,798,693,756
2,710,798,693,751
2,668,789,697,744
2,672,824,707,719
2,675,828,719,688
2,667,839,724,655
2,662,819,725,651
2,668,821,726,651
2,658,804,726,651
2,631,816,726,651
2,649,836,726,668
2,616,842,724,689
2,603,837,722,709
2,589,828,717,726
2,586,825,712,735
2,583,812,711,744
2,591,817,710,749
2,593,821,709,752
2,557,815,707,756
2,568,801,705,763
2,595,814,702,770
2,596,834,698,776
2,608,836,692,785
2,589,863,686,791
2,598,857,675,797
2,590,869,661,798
2,609,892,639,798
2,620,906,622,798
2,631,907,592,794
2,640,906,564,790
2,651,905,529,783
2,653,900,503,773
2,639,889,487,767
2,637,901,479,762
2,621,891,479,761
2,637,890,479,761
2,623,915,480,760
2,638,915,481,760
2,621,927,485,760
2,632,916,492,762
2,638,921,503,768
2,636,938,521,775
2,621,944,546,781
2,608,961,569,786
2,600,944,599,795
2,577,951,622,800
2,583,947,638,809
2,585,961,652,818
2,585,939,671,822
2,603,939,675,824
2,595,943,676,825
2,598,940,676,827
2,622,920,676,829
2,644,925,675,833
2,676,944,675,835
2,657,962,675,836
2,656,922,673,839
2,642,936,668,843
2,653,930,661,845
2,664,937,657,848
2,658,923,652,849
2,646,918,649,852
2,642,913,647,853
2,657,940,647,854
2,652,952,646,854
2,668,962,646,854
2,685,941,646,854
2,679,957,646,854
2,661,940,646,854
2,639,922,648,855
2,656,932,651,856
2,668,924,656,858
2,679,936,661,860
2,679,956,669,866
2,691,944,674,869
2,678,934,676,871
2,669,920,677,872
2,681,917,677,872
2,677,921,677,872
2,673,927,677,872
2,668,920,677,872
2,643,919,681,872
2,633,895,685,872
2,623,897,696,877
2,639,881,705,880
2,642,903,707,883
2,662,885,713,889
2,655,892,717,896
2,690,895,723,903
2,685,880,734,911
2,681,860,741,917
2,692,861,744,921
2,708,871,745,923
2,696,870,745,923
2,699,840,745,923
2,698,858,743,923
2,708,845,735,923
2,724,843,724,923
2,726,832,714,921
2,721,829,707,917
2,737,807,700,908
2,706,800,696,899
2,715,796,691,887
2,719,809,691,878
2,725,817,691,868
2,738,804,690,857
2,725,793,690,854
2,732,796,690,854
2,725,799,690,854
2,719,805,691,854
2,728,793,692,855
2,744,787,694,855
2,743,799,697,852
2,733,813,699,849
2,724,826,701,842
2,707,809,707,829
2,707,818,717,805
2,729,797,723,775
2,738,808,723,745
2,738,813,722,739
2,730,784,723,738
2,725,767,727,738
2,706,760,727,738
2,716,752,728,738
2,710,737,728,738
2,730,735,728,738
2,728,733,728,738
2,725,747,728,738
2,743,756,728,738
2,731,741,728,738
2,725,733,728,747
2,752,734,726,761
2,754,725,725,772
2,742,712,725,778
2,757,713,724,779
2,736,702,724,779
2,748,703,722,780
2,754,701,721,780
2,733,695,719,780
2,723,716,717,780
2,743,725,714,774
2,725,733,711,760
2,742,752,709,756
2,765,751,707,752
2,766,764,707,751
2,782,748,707,751
2,803,758,710,747
2,802,771,725,731
2,812,771,747,710
2,818,766,760,696
2,835,764,767,692
2,837,766,767,691
2,837,761,763,688
2,819,731,755,685
2,802,710,748,681
2,802,720,744,680
2,805,705,744,680
2,791,729,743,683
2,813,738,744,690
2,815,743,748,698
2,814,744,755,704
2,795,753,764,706
2,802,755,771,709
2,812,759,778,712
2,820,747,787,718
2,826,758,793,722
2,809,746,798,722
2,816,747,802,722
2,807,728,804,718
2,799,739,809,712
2,784,731,812,709
2,780,722,820,705
2,793,722,823,704
2,799,755,829,699
2,790,752,836,689
2,791,724,836,684
2,782,707,836,681
2,766,706,836,677
2,773,702,834,675
2,773,678,832,673
2,752,685,829,672
2,750,657,824,672
2,745,655,815,673
2,740,647,806,674
2,752,651,802,676
2,733,649,801,676
2,757,642,801,676
2,757,640,801,676
2,755,640,801,674
2,765,654,802,674
2,764,669,802,674
2,769,675,802,674
2,774,667,802,674
2,767,668,802,674
2,751,676,802,672
2,760,684,802,667
2,783,698,802,658
2,785,673,800,648
2,775,687,798,639
2,782,669,791,628
2,805,663,787,621
2,835,644,786,621
2,814,656,786,621
2,825,642,786,621
2,808,641,786,621
2,826,647,786,621
2,834,651,790,621
2,835,676,793,624
2,840,658,799,625
2,849,671,805,625
2,867,665,811,625
2,875,655,812,625
2,863,651,814,625
2,883,649,819,629
2,889,625,824,634
2,909,616,829,636
2,920,627,832,636
2,938,623,838,634
2,944,611,841,629
2,917,622,841,627
2,937,622,841,626
2,924,599,840,623
2,904,601,840,620
2,915,600,844,611
2,920,598,849,604
2,920,606,857,599
2,908,572,861,596
2,897,555,864,596
2,880,573,873,593
2,854,558,884,590
2,850,518,894,589
2,857,501,903,589
2,869,500,910,587
2,891,507,913,587
2,884,479,915,586
2,881,477,916,584
2,893,474,916,584
2,902,469,916,583
2,889,460,916,582
2,908,496,912,580
2,895,487,905,579
2,894,470,896,575
2,891,444,889,565
2,879,426,880,550
2,887,422,876,539
2,884,399,874,534
2,916,404,874,533
2,924,421,875,530
2,911,404,877,529
2,912,409,878,528
2,910,402,881,528
2,911,417,885,528
2,916,425,887,528
2,901,403,892,528
2,896,406,901,523
2,887,397,907,516
2,922,386,910,509
2,897,394,913,503
2,884,376,922,496
2,882,371,933,482
2,911,339,946,461
2,917,333,960,442
2,932,333,968,428
2,932,327,970,417
2,931,342,968,409
2,912,360,953,384
2,916,335,950,377
2,912,324,944,364
2,915,321,943,358
2,926,309,940,353
2,915,297,939,352
2,905,306,938,351
2,900,338,934,350
2,899,346,929,350
2,892,352,920,355
2,905,335,909,363
2,906,313,898,372
2,903,307,892,380
2,884,290,892,380
2,885,276,898,377
2,909,260,916,366
2,904,244,924,358
2,911,230,928,353
2,925,204,930,349
2,925,187,930,344
2,932,190,929,334
2,936,203,925,333
2,938,213,923,331
2,944,210,919,331
2,930,222,914,329
2,925,227,909,327
2,925,228,903,321
2,914,233,898,315
2,908,217,893,303
2,927,220,890,290
2,932,224,887,278
2,944,238,884,269
2,935,233,884,262
2,925,251,884,255
2,912,254,884,249
2,905,248,884,239
2,913,241,884,237
2,912,254,886,225
2,905,244,889,216
2,928,253,890,211
2,920,260,891,210
2,949,248,891,210
2,945,254,891,210
2,941,252,891,210
2,949,224,892,209
2,927,206,896,208
2,923,202,903,202
2,920,187,904,200
2,908,194,904,198
2,918,185,905,198
2,900,181,905,198
2,932,198,905,199
2,932,203,905,204
2,925,226,902,214
2,907,241,895,232
2,901,237,889,255
2,882,239,886,267
2,887,254,887,269
2,905,253,896,268
2,897,249,903,263
2,907,246,906,261
2,907,234,909,259
2,894,232,910,250
2,912,211,915,238
2,954,206,918,220
2,947,208,918,210
2,942,210,915,204
2,940,221,913,203
2,927,221,909,203
2,946,202,904,205
2,944,205,896,208
2,938,205,893,208
2,941,198,891,208
2,952,217,891,208
2,969,211,890,209
2,965,233,890,210
2,955,240,889,212
2,937,241,889,212
2,930,234,892,212
2,930,223,905,204
2,950,224,915,199
2,945,249,921,197
2,957,263,928,197
2,951,255,937,195
2,963,238,941,194
2,946,219,948,190
2,953,223,955,187
2,949,213,959,187
2,950,232,961,187
2,960,202,964,188
2,959,221,968,194
2,952,223,972,201
2,949,221,976,208
2,938,237,981,214
2,932,231,982,216
2,945,262,983,217
2,927,267,983,217
2,950,267,983,217
2,946,260,983,217
2,937,244,983,217
2,949,231,983,217
2,959,227,983,217
2,983,236,983,217
2,987,208,983,218
2,983,201,983,220
2,993,196,982,221
2,982,176,978,225
2,1021,150,977,225
2,1025,146,977,225
2,1012,122,977,225
2,990,113,975,225
2,998,158,973,225
2,1003,168,973,225
2,1004,189,972,225
2,987,179,972,225
2,993,165,975,223
2,979,168,980,219
2,968,146,986,216
2,969,153,988,216
2,972,142,995,215
2,982,159,1010,208
2,957,184,1019,203
2,945,172,1020,203
2,937,175,1020,202
2,927,191,1020,202
2,935,188,1019,202
2,940,152,1015,204
2,951,154,1015,204
2,973,158,1015,204
2,957,147,1015,202
2,948,134,1013,198
2,954,133,1011,196
2,943,108,1005,188
2,913,147,1002,181
2,919,144,1002,178
2,936,145,1001,177
2,924,144,1001,177
2,895,129,1001,172
2,908,150,1001,164
2,920,166,998,155
2,910,163,995,151
2,931,158,991,150
2,930,165,987,150
2,917,151,980,154
2,932,144,975,156
2,943,127,974,156
2,958,101,974,156
2,957,162,974,156
2,951,172,974,157
2,952,195,972,157
2,956,190,965,158
2,972,180,958,159
2,989,190,949,162
2,979,202,939,164
2,965,193,928,169
2,975,190,921,172
2,1004,189,921,172
2,986,170,926,165
2,994,181,930,157
2,993,180,934,153
2,989,175,935,150
2,995,164,935,149
2,1018,166,936,149
2,1017,153,937,149
2,1006,153,937,149
2,994,121,937,149
2,993,148,939,154
2,988,147,940,165
2,1003,133,946,182
2,1013,133,952,196
2,1000,146,963,202
2,1004,144,972,208
2,988,185,975,209
2,998,173,976,209
2,1012,200,976,210
2,1011,209,977,211
2,990,202,977,214
2,981,206,977,214
2,991,204,979,214
2,986,207,980,215
2,961,211,981,216
2,972,187,984,220
2,952,185,985,221
2,969,178,987,222
2,940,173,988,222
2,923,166,989,222
2,951,183,989,222
2,942,199,991,222
2,936,213,991,217
2,942,206,991,208
2,942,224,993,203
2,948,234,993,202
2,965,255,993,202
2,953,281,993,202
2,956,283,993,204
2,957,279,989,211
2,949,271,986,214
2,952,287,986,214
2,933,310,986,214
2,920,308,986,211
2,921,305,986,210
2,921,287,985,210
2,936,282,985,210
2,950,297,985,210
2,959,287,982,210
2,979,292,978,213
2,981,302,974,218
2,985,292,973,223
2,984,279,973,225
2,985,284,973,233
2,983,290,973,244
2,970,282,973,254
2,959,272,968,265
2,948,244,964,274
2,935,246,959,279
2,935,260,959,279
2,925,251,959,279
2,960,268,959,279
2,946,290,959,279
2,942,277,959,280
2,956,254,959,283
2,970,253,961,286
2,979,243,962,289
2,982,233,963,291
2,951,233,964,292
2,974,219,964,292
2,988,224,964,293
2,995,232,964,295
2,1007,245,964,297
2,995,234,964,300
2,971,222,963,302
2,987,237,963,304
2,989,237,963,305
2,1003,239,962,306
2,988,248,961,306
2,967,259,961,306
2,969,248,961,307
2,985,257,961,307
2,973,262,961,307
2,977,263,961,307
2,956,253,961,307
2,938,254,961,307
2,925,239,961,307
2,922,265,961,307
2,898,257,961,307
2,895,238,961,307
2,893,239,961,307
2,891,228,961,307
2,880,253,961,307
2,895,272,961,308
2,898,252,962,308
2,923,252,962,308
2,920,237,963,308
2,930,240,963,308
2,937,246,964,308
2,942,253,964,308
2,932,257,964,308
2,944,246,964,308
2,961,242,962,308
2,968,231,961,308
2,973,227,961,308
2,953,210,961,308
2,927,216,961,308
2,964,206,959,308
2,967,195,959,308
2,981,189,959,308
2,950,182,959,308
2,957,179,959,308
2,972,169,959,308
2,968,160,959,308
2,979,159,959,308
2,982,151,959,308
2,985,154,959,308
2,988,173,959,308
2,982,171,959,308
2,976,187,959,308
2,985,173,959,308
2,994,207,959,308
2,1010,231,959,308
2,1011,215,959,308
2,1000,198,959,308
2,994,189,959,308
2,1001,192,959,308
2,1009,194,959,308
2,1011,219,959,308
2,1026,214,959,308
2,1027,209,959,308
2,1019,217,959,308
2,1036,202,959,308
2,1027,172,959,308
2,1010,197,959,308
2,1011,186,959,308
2,1027,200,959,308
2,1044,194,959,308
2,1051,208,959,308
2,1064,221,959,308
2,1078,241,959,308
2,1071,234,959,308
2,1082,239,959,308
2,1082,235,965,304
2,1083,223,974,300
2,1088,226,980,295
2,1080,214,982,294
2,1085,230,986,290
2,1069,230,989,286
2,1072,209,989,283
2,1075,220,989,282
2,1072,200,989,282
2,1083,212,989,282
2,1078,237,989,282
2,1099,245,991,282
2,1077,233,992,281
2,1092,224,992,281
2,1082,245,994,281
2,1104,246,997,281
2,1111,244,1002,278
2,1094,254,1007,277
2,1082,255,1009,276
2,1077,241,1011,274
2,1053,235,1011,274
2,1075,245,1014,274
2,1056,256,1016,273
2,1049,233,1017,273
2,1012,243,1020,273
2,1021,254,1020,273
2,1019,258,1021,273
2,1019,259,1021,273
2,1022,246,1021,273
2,1013,245,1022,273
2,1027,243,1027,275
2,1037,253,1032,276
2,1042,258,1036,279
2,1039,254,1039,280
2,1039,250,1040,281
2,1046,269,1040,281
2,1049,264,1040,281
2,1061,265,1040,283
2,1043,266,1041,284
2,1059,274,1041,284
2,1088,292,1041,285
2,1096,296,1041,287
2,1103,294,1041,287
2,1097,306,1041,287
2,1085,316,1041,287
2,1075,316,1041,287
2,1075,329,1041,287
2,1080,327,1041,287
2,1091,320,1041,287
2,1093,323,1041,287
2,1059,326,1041,287
2,1065,345,1041,287
2,1083,316,1041,287
2,1105,299,1041,287
2,1110,283,1041,287
2,1112,288,1041,287
2,1133,302,1041,287
2,1134,296,1041,288
2,1146,280,1042,291
2,1129,296,1044,294
2,1125,293,1045,296
2,1104,299,1047,298
2,1100,299,1047,300
2,1103,307,1047,302
2,1085,296,1048,304
2,1074,322,1049,309
2,1090,323,1050,311
2,1092,302,1051,313
2,1102,296,1054,313
2,1088,303,1055,315
2,1088,299,1057,315
2,1082,274,1059,316
2,1077,299,1062,316
2,1093,305,1062,316
2,1085,306,1062,316
2,1086,293,1062,316
2,1072,309,1062,316
2,1082,323,1062,316
2,1052,322,1062,316
2,1039,323,1062,316
2,1029,339,1062,316
2,1042,345,1062,316
2,1038,364,1062,317
2,1031,335,1062,319
2,1057,347,1062,320
2,1058,349,1062,320
2,1060,346,1063,321
2,1048,349,1063,322
2,1052,359,1063,325
2,1057,383,1063,325
2,1072,367,1063,327
2,1057,370,1063,327
2,1062,389,1063,328
2,1072,389,1063,329
2,1100,374,1062,332
2,1121,387,1062,335
2,1137,401,1061,337
2,1138,381,1061,338
2,1142,380,1061,338
2,1172,377,1061,339
2,1180,388,1061,340
2,1177,398,1061,342
2,1170,427,1063,344
2,1168,426,1063,348
2,1165,432,1065,350
2,1174,427,1065,353
2,1168,434,1065,355
2,1176,433,1065,356
2,1151,417,1065,357
2,1151,425,1066,357
2,1179,412,1066,358
2,1184,402,1066,361
2,1173,417,1067,362
2,1152,399,1068,363
2,1163,436,1069,365
2,1181,423,1069,367
2,1197,438,1070,369
2,1187,428,1072,370
2,1157,413,1072,370
2,1143,421,1072,370
2,1142,414,1074,373
2,1160,400,1080,378
2,1174,386,1084,382
2,1172,388,1087,383
2,1157,369,1089,385
2,1176,393,1090,387
2,1186,395,1090,390
2,1175,390,1090,392
2,1174,389,1090,394
2,1196,389,1090,395
2,1219,404,1091,396
2,1226,399,1092,399
2,1208,428,1093,401
2,1190,446,1093,403
2,1206,435,1097,408
2,1211,438,1098,410
2,1219,435,1099,411
2,1207,418,1100,413
2,1247,458,1103,415
2,1231,467,1105,417
2,1238,464,1107,420
2,1246,464,1111,421
2,1252,450,1116,421
2,1249,466,1123,422
2,1245,451,1130,422
2,1269,442,1135,422
2,1274,453,1137,424
2,1275,432,1141,427
2,1276,416,1143,429
2,1278,415,1145,433
2,1282,437,1147,434
2,1268,412,1148,438
2,1263,443,1149,441
2,1280,452,1153,448
2,1258,445,1159,462
2,1253,458,1162,470
2,1235,456,1164,477
2,1254,446,1165,481
2,1260,448,1166,485
2,1259,432,1169,487
2,1253,419,1171,488
2,1287,384,1173,488
2,1279,360,1177,490
2,1274,373,1179,491
2,1274,373,1181,493
2,1289,376,1185,494
2,1291,400,1190,496
2,1294,408,1192,497
2,1286,394,1199,497
2,1299,369,1203,497
2,1304,407,1206,497
2,1286,379,1209,497
2,1278,360,1210,497
2,1271,356,1211,497
2,1266,354,1212,497
2,1244,348,1212,497
2,1244,349,1212,497
2,1233,334,1212,497
2,1241,345,1211,498
2,1228,334,1211,499
2,1231,351,1211,499
2,1199,340,1216,499
2,1168,335,1226,499
2,1161,329,1243,495
2,1161,348,1256,490
2,1165,345,1263,487
2,1175,359,1266,483
2,1172,355,1269,473
2,1186,348,1270,443
2,1171,358,1270,430
2,1153,363,1270,415
2,1149,369,1265,408
2,1117,381,1259,399
2,1111,365,1251,386
2,1097,349,1235,364
2,1090,354,1221,350
2,1096,360,1207,339
2,1082,371,1199,333
2,1093,370,1192,328
2,1091,369,1188,322
2,1072,348,1186,321
2,1077,334,1185,320
2,1069,342,1182,320
2,1058,356,1180,320
2,1024,374,1176,320
2,1039,374,1169,324
2,1047,376,1160,332
2,1047,369,1150,338
2,1041,374,1143,343
2,1031,381,1141,343
2,1028,392,1139,343
2,1038,415,1137,344
2,1048,407,1135,345
2,1052,432,1130,349
2,1054,442,1124,353
2,1047,460,1117,356
2,1054,454,1108,359
2,1044,467,1101,365
2,1057,470,1095,369
2,1060,479,1088,374
2,1072,487,1086,376
2,1066,456,1085,376
2,1089,460,1084,377
2,1069,434,1082,378
2,1059,441,1080,380
2,1049,452,1078,384
2,1035,441,1074,389
2,1045,434,1070,395
2,1041,422,1067,402
2,1040,425,1064,413
2,1016,431,1061,425
2,1020,413,1058,435
2,1026,413,1058,444
2,1001,421,1056,453
2,983,407,1057,461
2,973,409,1063,467
2,977,395,1066,471
2,976,394,1070,473
2,987,418,1074,475
2,983,425,1075,476
2,972,436,1077,479
2,973,442,1083,482
2,975,438,1085,483
2,961,451,1090,486
2,966,450,1092,487
2,948,462,1093,488
2,947,468,1093,489
2,940,454,1095,489
2,954,440,1095,489
2,935,426,1095,486
2,932,438,1092,463
2,927,450,1090,461
2,921,464,1086,459
2,932,461,1084,458
2,944,458,1081,458
2,968,462,1078,458
2,977,434,1076,458
2,994,419,1071,458
2,1004,414,1064,461
2,990,410,1057,464
2,976,395,1054,464
2,966,387,1054,464
2,993,380,1053,464
2,971,385,1051,465
2,975,393,1050,466
2,979,396,1046,467
2,984,397,1042,472
2,998,410,1038,476
2,983,413,1034,479
2,973,408,1033,480
2,982,407,1033,480
2,987,429,1033,480
2,998,445,1033,480
2,1011,421,1033,480
2,1022,413,1033,480
2,1035,434,1033,480
2,1018,438,1032,480
2,1013,433,1027,481
2,987,436,1022,483
2,984,452,1015,486
2,995,459,1008,487
2,1004,449,1005,488
2,1006,441,1003,488
2,1008,441,1002,488
2,1014,451,1001,488
2,1014,453,1000,489
2,1014,448,999,489
2,1021,470,999,489
2,1039,480,999,490
2,1030,471,999,491
2,1035,490,999,493
2,1021,479,996,494
2,1006,472,994,495
2,993,491,992,496
2,1011,494,988,497
2,1011,504,987,498
2,1009,519,985,501
2,993,506,984,501
2,1004,504,982,502
2,983,492,981,502
2,1019,495,981,502
2,1002,505,981,502
2,995,486,981,502
2,994,485,981,502
2,1003,509,981,502
2,1012,505,981,503
2,998,527,980,504
2,1001,507,979,505
2,987,524,977,507
2,995,534,974,509
2,986,530,972,510
2,974,528,969,511
2,986,524,963,514
2,966,533,958,516
2,947,523,955,518
2,946,519,953,519
2,947,525,952,519
2,965,524,951,519
2,948,522,950,520
2,968,538,949,520
2,955,542,947,520
2,956,542,947,520
2,945,534,946,520
2,955,541,946,520
2,944,552,946,520
2,926,553,946,520
2,910,502,946,520
2,910,501,946,520
2,898,489,946,520
2,902,487,946,520
2,880,472,946,520
2,896,475,946,520
2,865,481,946,520
2,856,469,946,520
2,857,473,946,520
2,865,483,945,520
2,862,504,943,521
2,858,504,939,522
2,848,504,937,523
2,842,462,933,523
2,866,442,930,523
2,858,438,926,523
2,819,432,921,523
2,819,431,913,523
2,836,442,901,521
2,841,436,897,517
2,826,450,892,515
2,811,467,889,512
2,811,485,887,511
2,802,469,885,511
2,800,467,883,510
2,826,437,879,510
2,814,455,875,509
2,833,429,872,507
2,832,413,868,506
2,825,411,864,506
2,825,404,859,505
2,821,400,858,504
2,848,384,852,501
2,855,403,848,500
2,848,386,844,497
2,877,397,842,495
2,889,388,840,495
2,891,392,838,494
2,854,431,838,494
2,868,434,836,493
2,876,440,835,491
2,885,450,831,488
2,884,436,830,487
2,869,458,827,485
2,876,439,824,484
2,889,429,822,482
2,856,447,822,480
2,874,469,821,471
2,868,494,821,458
2,867,469,821,454
2,862,492,821,450
2,852,498,821,447
2,828,481,821,442
2,816,476,824,436
2,801,474,826,434
2,805,492,827,433
2,796,489,828,433
2,788,488,828,433
2,772,466,829,433
2,763,465,832,433
2,763,448,833,433
2,760,438,833,433
2,749,438,835,433
2,757,420,837,434
2,753,428,840,438
2,750,430,843,443
2,761,419,843,446
2,736,395,844,448
2,722,398,844,451
2,695,416,844,456
2,699,419,843,463
2,713,406,838,470
2,727,393,833,473
2,724,383,832,473
2,745,383,830,474
2,741,348,828,474
2,725,352,827,473
2,726,333,824,472
2,736,380,822,469
2,726,389,819,465
2,727,390,815,462
2,734,390,814,459
2,737,409,813,457
2,729,397,813,457
2,697,389,813,457
2,702,406,813,457
2,707,414,813,457
2,708,399,812,456
2,698,391,812,454
2,694,378,812,453
2,698,357,812,453
2,705,361,812,453
2,683,366,812,453
2,686,386,812,453
2,691,383,812,451
2,672,382,812,449
2,663,396,812,444
2,646,397,812,442
2,655,363,812,441
2,623,387,812,441
2,621,376,812,441
2,598,358,813,440
2,607,369,813,439
2,612,388,813,436
2,618,403,813,434
2,629,401,813,432
2,638,391,813,431
2,659,393,813,429
2,662,398,808,428
2,669,402,802,427
2,656,379,794,425
2,639,386,785,424
2,624,385,774,418
2,620,367,767,413
2,618,376,760,407
2,618,386,748,404
2,596,375,744,404
2,587,371,735,404
2,597,397,730,404
2,610,379,719,408
2,612,380,708,412
2,616,394,700,415
2,634,384,694,418
2,644,384,689,421
2,661,376,682,424
2,677,364,676,426
2,662,363,671,429
2,666,371,665,432
2,655,358,661,434
2,664,332,657,438
2,627,357,652,441
2,599,376,650,442
2,595,379,649,442
2,586,374,648,444
2,585,386,646,445
2,581,397,643,447
2,581,395,642,449
2,598,377,640,451
2,621,393,640,453
2,617,376,639,455
2,630,381,639,459
2,638,387,639,463
2,645,410,639,465
2,633,421,639,467
2,645,435,639,467
2,648,427,640,467
2,638,426,644,467
2,637,446,647,467
2,653,450,647,467
2,619,436,647,467
2,627,425,647,466
2,641,427,647,466
2,653,433,647,466
2,628,438,647,466
2,637,419,647,466
2,649,412,647,461
2,656,425,647,453
2,653,420,647,452
2,647,397,647,452
2,612,401,647,452
2,575,419,647,452
2,567,423,647,452
2,566,430,644,452
2,562,435,643,452
2,551,448,643,452
2,510,465,643,452
2,607,481,643,452
2,599,473,642,452
2,592,481,642,452
2,601,455,642,452
2,585,462,642,452
2,598,462,642,452
2,598,460,642,452
2,602,428,643,452
2,613,416,644,452
2,603,407,645,452
2,591,418,645,452
2,593,408,645,452
2,603,388,645,452
2,614,408,645,452
2,617,423,644,452
2,614,426,644,452
2,634,431,643,452
2,649,447,643,451
2,644,424,643,451
2,651,410,643,451
2,649,429,643,451
2,652,435,643,451
2,626,428,643,451
2,617,440,643,451
2,621,478,643,451
2,618,489,643,451
2,621,490,643,451
2,611,494,643,451
2,590,481,643,451
2,591,473,643,451
2,583,475,643,451
2,615,470,643,451
2,621,473,643,451
2,629,457,643,451
2,638,436,643,451
2,649,430,643,451
2,667,460,643,451
2,643,468,643,451
2,665,470,643,451
2,641,447,643,451
2,624,452,643,451
2,612,445,643,451
2,608,456,643,451
2,575,449,643,451
2,569,458,643,451
2,553,461,643,451
2,560,467,643,451
2,555,477,643,451
2,537,469,643,451
2,560,470,643,451
2,555,476,643,451
2,552,479,643,451
2,529,489,643,451
2,579,496,645,451
2,597,473,646,452
2,576,465,648,452
2,541,452,648,452
2,570,451,648,452
2,570,449,648,452
2,552,431,648,452
2,547,432,648,452
2,570,429,648,452
2,566,421,648,452
2,569,418,648,453
2,565,413,648,453
2,565,400,648,453
2,576,375,648,453
2,568,395,648,453
2,533,397,648,453
2,565,380,648,453
2,571,380,648,453
2,563,370,648,453
2,536,379,648,453
2,544,390,648,453
2,563,373,648,453
2,565,377,648,453
2,558,354,648,453
2,541,351,648,453
2,567,331,648,453
2,558,319,648,453
2,535,332,648,453
2,570,334,648,449
2,583,321,648,444
2,593,313,646,436
2,607,313,643,427
2,617,321,638,417
2,634,351,635,402
2,627,368,632,393
2,618,342,629,386
2,629,367,627,383
2,609,378,625,381
2,612,389,621,375
2,627,388,619,368
2,614,369,618,360
2,592,362,618,353
2,593,345,618,349
2,595,345,618,347
2,609,334,618,347
2,602,314,617,332
2,582,304,618,315
2,562,329,621,305
2,580,323,625,299
2,587,341,625,298
2,608,345,626,297
2,629,335,628,297
2,623,343,630,296
2,614,342,632,293
2,640,345,633,293
2,651,316,635,292
2,660,326,638,292
2,649,340,642,298
2,668,353,649,314
2,679,372,652,341
2,672,398,654,364
2,653,367,654,369
2,635,367,654,371
2,628,390,655,372
2,637,388,655,373
2,625,389,655,373
2,637,391,655,373
2,628,374,655,373
2,600,361,655,373
2,627,352,655,373
2,647,351,655,375
2,663,337,655,375
2,681,330,655,376
2,685,312,655,377
2,696,298,656,378
2,709,295,659,378
2,708,310,661,378
2,721,324,662,378
2,703,305,662,378
2,681,294,662,378
2,684,307,662,378
2,679,296,662,378
2,690,318,662,378
2,676,297,662,379
2,674,295,659,384
2,678,297,659,384
2,664,268,663,382
2,652,259,679,374
2,641,256,686,370
2,660,253,692,368
2,672,277,694,368
2,696,282,694,368
2,687,298,694,368
2,687,290,694,368
2,686,281,695,368
2,707,289,696,367
2,708,281,697,367
2,718,272,701,363
2,707,259,704,358
2,717,247,705,351
2,695,206,706,349
2,705,216,706,347
2,700,215,706,347
2,702,225,706,346
2,723,227,706,343
2,721,232,706,330
2,717,242,706,321
2,714,240,707,319
2,706,264,708,319
2,693,269,708,319
2,702,239,708,319
2,694,252,708,319
2,677,277,708,319
2,663,269,708,319
2,687,274,708,319
2,672,260,708,319
2,662,252,710,317
2,636,276,711,313
2,633,280,713,311
2,641,303,713,311
2,638,310,713,311
2,637,329,713,311
2,647,304,713,311
2,647,299,713,314
2,614,297,713,314
2,597,302,716,313
2,593,305,719,306
2,582,308,720,301
2,594,293,721,294
2,590,294,721,289
2,598,297,716,280
2,603,285,709,277
2,593,282,707,276
2,607,279,703,276
2,616,285,701,276
2,606,292,701,276
2,586,271,700,276
2,559,302,699,276
2,549,331,695,276
2,518,345,693,276
2,597,336,688,276
2,575,349,686,276
2,585,346,682,276
2,584,333,679,276
2,577,341,674,276
2,586,327,667,277
2,578,342,657,284
2,562,287,653,288
2,562,308,645,295
2,529,306,635,304
2,592,311,629,315
2,591,322,622,323
2,590,344,620,325
2,598,353,619,326
2,595,335,618,327
2,589,345,617,330
2,587,358,617,331
2,594,362,616,333
2,579,350,615,335
2,569,352,612,336
2,570,368,612,336
2,547,374,612,336
2,543,389,612,336
2,558,392,612,336
2,578,375,612,336
2,584,377,612,336
2,594,372,611,337
2,582,359,609,337
2,597,366,608,339
2,602,375,603,339
2,585,353,595,340
2,580,358,590,341
2,592,344,585,341
2,619,334,581,341
2,607,309,577,341
2,627,310,577,341
2,637,305,576,341
2,639,283,576,341
2,635,284,576,340
2,618,279,576,340
2,638,294,576,340
2,651,315,576,340
2,651,308,576,340
2,638,315,576,344
2,644,334,575,347
2,646,334,575,354
2,650,310,575,358
2,666,307,576,362
2,693,277,577,364
2,667,268,579,365
2,661,265,579,365
2,656,270,579,366
2,651,250,579,367
2,652,263,580,367
2,633,275,580,369
2,622,275,580,371
2,607,266,580,372
2,593,250,581,373
2,592,259,582,375
2,585,253,583,377
2,580,239,585,380
2,566,249,589,382
2,575,252,595,385
2,563,232,598,385
2,554,231,602,385
2,578,233,605,385
2,553,243,609,383
2,527,220,613,380
2,556,227,617,376
2,565,254,621,370
2,572,278,623,358
2,573,270,624,339
2,589,273,624,315
2,573,244,622,297
2,580,237,617,288
2,577,221,613,284
2,592,207,611,280
2,583,199,606,279
2,612,195,602,275
2,612,205,596,271
2,614,210,594,266
2,605,216,592,258
2,593,199,591,254
2,622,226,590,249
2,615,250,590,246
2,618,244,590,245
2,583,243,587,242
2,587,234,586,238
2,590,229,585,234
2,574,218,585,232
2,583,222,585,231
2,557,212,585,230
2,552,208,585,230
2,526,205,587,230
2,571,196,591,230
2,575,213,593,231
2,554,230,597,234
2,540,218,599,237
2,526,208,602,239
2,570,190,603,242
2,590,188,604,244
2,604,207,605,246
2,624,220,606,247
2,644,227,608,250
2,652,232,608,250
2,644,238,608,250
2,630,239,608,250
2,646,242,608,251
2,638,242,608,251
2,658,217,608,251
2,671,193,608,251
2,652,203,608,248
2,678,205,610,245
2,664,200,610,244
2,668,197,610,240
2,644,225,612,237
2,669,235,617,233
2,669,270,617,232
2,664,274,620,231
2,658,257,623,229
2,656,261,626,227
2,643,262,627,226
2,633,277,628,226
2,642,292,632,225
2,637,314,636,222
2,630,346,638,221
2,622,363,639,220
2,624,341,640,220
2,604,328,640,220
2,591,339,640,220
2,588,347,640,220
2,585,357,640,220
2,576,371,640,220
2,589,361,640,220
2,584,370,640,220
2,592,358,640,220
2,603,360,640,220
2,611,356,640,220
2,614,353,637,228
2,625,373,628,243
2,624,373,618,267
2,604,378,611,279
2,589,397,609,288
2,584,397,607,293
2,576,400,605,297
2,573,399,602,302
2,586,392,599,309
2,597,379,595,315
2,579,407,594,320
2,591,404,592,321
2,618,400,592,321
2,619,387,593,321
2,652,385,595,322
2,665,380,598,326
2,662,377,603,331
2,634,361,604,336
2,638,372,610,353
2,630,375,610,357
2,623,391,612,377
2,630,389,610,390
2,619,386,608,395
2,593,402,607,402
2,576,398,607,407
2,598,362,608,408
2,579,367,609,408
2,577,335,610,408
2,574,312,610,408
2,573,298,610,408
2,571,299,610,409
2,562,301,612,411
2,562,285,612,415
2,576,283,613,417
2,571,297,613,418
2,574,286,613,418
2,577,267,613,419
2,581,240,613,419
2,580,249,613,419
2,594,232,613,419
2,585,245,613,419
2,573,241,613,419
2,601,221,613,419
2,602,210,613,419
2,613,225,613,419
2,612,248,614,417
2,635,246,615,406
2,642,220,615,394
2,641,237,614,385
2,639,231,610,359
2,625,223,611,324
2,635,229,613,299
2,612,248,617,288
2,630,266,622,279
2,642,241,626,274
2,631,211,630,271
2,622,179,635,268
2,627,149,641,264
2,634,153,645,259
2,635,158,646,257
2,639,175,647,256
2,638,181,647,256
2,648,181,647,256
2,649,157,647,256
2,666,151,648,256
2,681,159,649,256
2,661,147,651,256
2,645,178,652,256
2,627,219,652,256
2,614,224,652,259
2,608,224,652,259
2,606,232,653,261
2,611,265,655,262
2,606,253,657,262
2,608,249,660,263
2,605,249,661,263
2,604,222,661,263
2,587,234,661,263
2,590,253,661,263
2,583,257,661,263
2,569,265,661,263
2,548,261,661,263
2,557,270,661,263
2,544,260,661,263
2,575,236,661,263
2,572,270,661,263
2,545,252,658,264
2,551,240,658,264
2,548,258,658,264
2,555,263,658,264
2,536,277,658,264
2,550,264,658,264
2,539,246,658,266
2,574,229,659,267
2,583,237,659,267
2,607,252,659,269
2,601,251,658,273
2,622,265,656,275
2,612,262,652,279
2,636,284,647,283
2,640,297,638,290
2,639,268,633,294
2,628,268,629,296
2,599,289,625,299
2,605,309,624,299
2,614,309,624,299
2,630,308,624,299
2,631,310,624,290
2,628,291,627,281
2,617,273,627,278
2,637,291,629,278
2,627,288,631,276
2,631,289,631,276
2,626,281,631,276
2,621,302,631,276
2,625,291,631,276
2,613,304,631,276
2,602,284,631,280
2,613,287,631,286
2,630,269,631,289
2,634,299,631,292
2,627,281,632,295
2,595,267,632,299
2,591,263,631,301
2,586,250,629,302
2,574,230,629,302
2,582,212,629,302
2,573,204,629,302
2,563,204,629,302
2,593,218,629,302
2,604,250,629,302
2,611,244,629,303
2,620,253,629,304
2,643,255,628,306
2,656,264,627,306
2,657,244,626,307
2,640,232,624,308
2,649,246,620,309
2,643,218,620,309
2,629,248,620,309
2,599,246,620,309
2,598,249,620,309
2,591,281,620,309
2,609,291,623,309
2,632,267,625,309
2,631,295,629,308
2,625,305,631,306
2,629,294,632,305
2,642,308,634,304
2,631,312,639,301
2,610,302,642,297
2,589,313,644,296
2,561,307,644,295
2,552,309,644,295
2,565,311,644,295
2,573,330,640,297
2,593,313,636,303
2,565,324,630,309
2,555,321,630,309
2,543,310,630,309
2,558,304,630,309
2,531,296,630,310
2,542,282,630,312
2,577,282,633,313
2,595,267,634,314
2,590,277,634,314
2,598,295,634,314
2,585,289,634,314
2,582,302,634,314
2,590,257,634,314
2,591,244,634,314
2,585,233,634,316
2,586,239,634,317
2,584,232,634,319
2,569,243,633,320
2,565,242,631,322
2,569,227,631,322
2,563,210,631,322
2,545,221,631,322
2,552,203,631,322
2,554,187,631,322
2,545,183,631,322
2,575,160,631,322
2,550,142,631,322
2,552,144,631,322
2,532,135,631,322
2,586,111,630,322
2,591,132,630,322
2,600,140,630,322
2,592,143,630,322
2,603,147,630,322
2,590,151,630,322
2,604,149,630,322
2,586,147,630,322
2,573,149,630,322
2,561,172,630,322
2,558,157,630,322
2,555,169,630,322
2,576,160,630,322
2,603,129,630,322
2,614,133,630,322
2,607,149,630,322
2,621,131,630,323
2,621,162,630,323
2,623,151,630,322
2,623,160,630,314
2,636,149,631,297
2,650,163,633,268
2,656,191,638,250
2,685,157,640,241
2,682,125,640,236
2,672,152,640,234
2,651,121,640,233
2,642,135,641,226
2,657,117,644,219
2,654,113,644,213
2,672,144,645,212
2,661,162,645,212
2,660,182,645,211
2,625,196,645,211
2,627,201,645,211
2,632,206,650,211
2,616,186,656,211
2,603,210,661,211
2,617,227,666,211
2,621,202,669,211
2,616,198,672,211
2,561,196,675,209
2,548,208,677,208
2,551,192,678,208
2,559,207,678,208
2,554,195,678,207
2,566,198,678,206
2,552,201,678,204
2,574,175,676,196
2,573,161,675,195
2,576,116,674,193
2,563,158,671,192
2,582,191,668,192
2,581,177,665,194
2,569,180,657,202
2,565,176,650,208
2,570,179,646,210
2,564,173,646,211
2,580,141,645,211
2,590,131,645,213
2,585,157,645,213
2,608,158,645,213
2,608,136,645,213
2,602,129,644,214
2,600,139,644,214
2,578,128,644,214
2,590,158,644,214
2,557,136,644,214
2,571,143,647,211
2,558,138,651,209
2,574,139,651,208
2,592,171,651,208
2,581,178,651,208
2,590,176,651,207
2,594,186,651,203
2,571,174,651,201
2,564,159,651,197
2,562,181,651,196
2,562,188,651,195
2,560,180,649,195
2,571,200,649,195
2,573,212,648,195
2,561,203,648,195
2,563,205,648,195
2,583,217,648,195
2,557,213,648,195
2,576,192,648,195
2,567,210,648,195
2,584,233,648,195
2,608,232,648,195
2,582,207,648,195
2,593,203,648,195
2,587,212,648,195
2,580,223,648,195
2,567,220,648,195
2,540,239,648,195
2,571,238,648,195
2,567,249,647,195
2,566,253,646,195
2,549,258,645,196
2,542,242,644,200
2,554,229,642,203
2,534,253,642,207
2,566,267,642,210
2,590,262,643,214
2,585,264,643,219
2,572,249,643,223
2,562,248,643,224
2,556,259,643,224
2,556,271,643,224
2,552,273,643,225
2,542,287,638,228
2,584,293,630,234
2,579,271,619,238
2,571,271,610,241
2,579,293,606,241
2,570,299,606,241
2,567,310,606,241
2,569,305,605,241
2,561,281,605,241
2,588,274,605,245
2,580,269,603,248
2,565,261,601,257
2,578,253,598,266
2,562,258,597,276
2,554,263,595,288
2,565,259,595,299
2,583,302,595,300
2,589,289,595,300
2,575,298,596,302
2,590,288,596,303
2,591,272,596,304
2,605,266,596,305
2,616,262,596,307
2,615,243,596,308
2,625,243,593,309
2,621,235,592,311
2,644,229,592,311
2,633,226,591,311
2,615,210,589,311
2,604,222,589,311
2,608,202,589,311
2,610,206,589,311
2,625,191,589,311
2,628,189,589,311
2,638,195,589,313
2,641,194,589,318
2,647,176,589,322
2,643,192,589,327
2,642,198,589,332
2,653,170,589,336
2,642,164,590,337
2,660,167,591,338
2,650,148,592,338
2,637,161,593,338
2,622,174,595,338
2,593,170,595,338
2,606,172,596,338
2,626,181,599,338
2,638,197,602,338
2,621,194,609,333
2,624,191,617,326
2,625,188,622,315
2,643,181,628,302
2,644,161,631,290
2,657,150,634,277
2,677,131,640,259
2,700,145,641,243
2,712,158,641,240
2,731,144,637,236
2,711,142,636,235
2,706,125,631,234
2,688,132,627,231
2,712,137,622,230
2,727,147,621,230
2,712,157,621,228
2,685,160,622,224
2,685,143,627,222
2,660,151,629,218
2,653,180,632,217
2,634,154,632,217
2,629,146,632,217
2,617,120,633,217
2,632,146,637,217
2,653,125,644,217
2,663,138,649,214
2,668,128,652,213
2,655,140,654,213
2,696,163,654,213
2,708,163,654,213
2,708,181,654,213
2,695,185,654,213
2,693,184,656,213
2,684,190,658,213
2,661,181,660,211
2,692,172,660,211
2,691,178,660,211
2,678,178,660,211
2,698,180,660,209
2,686,176,660,209
2,689,165,660,209
2,703,142,660,209
2,694,144,660,209
2,695,149,659,209
2,696,161,659,209
2,684,156,659,209
2,672,145,659,209
2,660,167,659,209
2,660,151,660,209
2,674,175,661,209
2,670,181,663,209
2,678,170,665,209
2,671,160,667,210
2,689,170,669,212
2,700,174,672,214
2,688,185,675,215
2,678,158,678,217
2,675,166,678,217
2,670,171,678,217
2,686,154,678,217
2,693,152,679,217
2,704,140,681,215
2,726,139,685,212
2,749,128,687,207
2,738,141,688,205
2,730,153,688,204
2,742,145,688,203
2,759,121,689,202
2,746,130,689,200
2,750,139,689,199
2,757,124,689,196
2,760,137,689,195
2,749,162,689,194
2,745,150,689,194
2,743,161,689,192
2,713,144,689,191
2,684,150,689,189
2,690,168,689,189
2,688,164,689,189
2,686,175,689,189
2,676,172,688,189
2,670,180,688,189
2,666,163,688,189
2,653,141,688,189
2,647,143,691,189
2,652,116,694,189
2,663,120,699,189
2,673,142,705,189
2,657,129,711,189
2,664,124,713,190
2,665,135,715,190
2,659,150,715,190
2,660,123,715,190
2,675,143,715,191
2,686,156,713,192
2,678,158,712,192
2,662,152,710,193
2,687,174,709,193
2,662,149,708,193
2,679,163,707,193
2,684,145,707,193
2,665,162,707,193
2,664,148,707,193
2,657,133,707,193
2,622,135,707,193
2,614,138,707,193
2,592,141,707,193
2,617,137,708,193
2,626,114,708,193
2,610,138,708,192
2,626,155,709,192
2,602,169,709,192
2,624,159,709,192
2,610,161,709,192
2,613,163,709,192
2,590,168,709,192
2,610,197,709,192
2,616,197,709,192
2,616,206,709,192
2,608,215,709,192
2,636,213,709,192
2,628,228,709,192
2,645,227,709,192
2,629,217,709,192
2,639,210,709,191
2,642,217,709,189
2,626,213,709,188
2,630,207,708,188
2,623,225,708,188
2,637,213,707,188
2,623,224,707,188
2,630,217,706,188
2,608,177,705,188
2,612,176,701,189
2,596,161,696,191
2,582,128,693,194
2,603,155,692,197
2,592,141,691,197
2,596,130,691,198
2,571,121,691,199
2,559,124,691,200
2,548,146,691,203
2,561,160,691,204
2,572,156,691,204
2,586,157,691,204
2,577,151,691,204
2,588,157,689,205
2,602,159,687,206
2,604,166,679,206
2,587,163,675,203
2,584,170,670,196
2,574,180,660,173
2,622,208,654,157
2,599,185,644,150
2,568,178,639,147
2,578,170,634,147
2,597,164,630,149
2,591,169,624,151
2,608,212,621,157
2,612,219,621,157
2,628,210,621,157
2,607,217,621,157
2,594,233,621,157
2,578,242,621,158
2,601,254,621,159
2,610,269,619,163
2,597,263,619,166
2,573,277,619,171
2,563,273,619,175
2,572,271,619,175
2,562,248,619,176
2,592,243,619,176
2,591,237,619,176
2,564,256,619,176
2,560,245,619,177
2,567,257,619,178
2,583,256,618,178
2,560,275,617,182
2,566,281,615,184
2,573,265,609,191
2,578,273,605,199
2,565,285,597,210
2,556,281,591,217
2,569,290,589,221
2,572,285,587,224
2,573,288,585,225
2,543,290,583,227
2,580,336,581,228
2,575,329,580,229
2,586,335,579,231
2,579,346,579,231
2,558,369,577,233
2,569,370,576,234
2,541,356,575,236
2,564,368,572,240
2,552,397,569,248
2,542,414,565,257
2,558,408,562,264
2,549,425,559,271
2,543,409,558,274
2,590,435,558,275
2,577,407,558,278
2,578,421,560,287
2,573,405,561,295
2,566,419,563,302
2,589,411,564,311
2,594,421,564,319
2,572,426,564,330
2,582,422,564,346
2,584,394,564,364
2,580,421,564,374
2,584,398,564,381
2,590,410,562,387
2,608,398,562,392
2,620,385,562,400
2,600,386,562,407
2,613,372,561,412
2,623,356,561,418
2,646,367,559,423
2,629,340,558,427
2,638,346,558,433
2,655,341,558,438
2,664,330,558,443
2,674,334,558,444
2,653,347,558,445
2,672,361,558,448
2,662,342,558,449
2,669,360,559,451
2,650,377,563,451
2,657,350,570,451
2,630,320,579,449
2,651,310,582,447
2,670,324,586,444
2,659,332,588,443
2,661,332,593,439
2,652,358,601,428
2,653,369,606,421
2,636,361,620,403
2,613,359,625,400
2,624,371,628,399
2,625,361,628,399
2,644,341,628,399
2,649,353,628,399
2,628,369,628,399
2,622,361,628,399
2,633,370,630,399
2,643,363,635,399
2,635,372,642,399
2,633,362,649,398
2,648,364,654,398
2,656,373,655,398
2,663,351,656,398
2,682,360,656,398
2,681,357,658,398
2,683,348,663,398
2,671,350,669,398
2,655,345,677,396
2,659,350,679,396
2,656,363,679,396
2,651,361,679,396
2,640,352,679,398
2,667,352,677,400
2,686,353,675,404
2,668,361,674,407
2,660,389,674,410
2,662,397,674,410
2,639,376,674,411
2,639,371,676,411
2,641,363,683,409
2,618,363,690,406
2,639,359,691,406
2,625,371,691,406
2,628,373,691,406
2,632,343,691,406
2,608,336,691,406
2,615,344,691,406
2,625,337,694,405
2,631,348,695,403
2,617,347,696,403
2,620,352,696,402
2,603,358,696,402
2,632,349,696,402
2,643,354,693,401
2,645,328,691,401
2,606,322,686,401
2,592,322,684,400
2,586,335,680,400
2,584,319,678,400
2,568,332,677,400
2,540,337,677,400
2,560,304,677,399
2,586,310,677,396
2,589,300,676,390
2,597,311,676,390
2,586,345,675,390
2,597,329,675,390
2,595,338,675,389
2,611,354,675,389
2,610,373,675,389
2,600,364,675,389
2,613,375,675,388
2,623,372,675,388
2,619,374,675,388
2,628,349,675,387
2,622,350,675,387
2,593,332,675,387
2,580,344,675,387
2,569,349,675,387
2,572,366,675,387
2,565,358,675,387
2,548,339,673,387
2,547,337,673,383
2,556,355,673,381
2,550,347,673,380
2,541,351,674,379
2,583,341,674,377
2,581,361,674,377
2,568,366,674,377
2,583,356,674,377
2,599,350,674,377
2,611,345,674,377
2,599,357,674,377
2,614,350,674,378
2,603,347,672,379
2,584,330,670,380
2,579,337,668,380
2,582,338,668,380
2,563,321,667,381
2,543,317,664,381
2,577,346,659,381
2,596,362,657,378
2,605,359,654,373
2,603,341,651,371
2,601,355,651,367
2,602,363,650,365
2,579,375,650,361
2,571,376,650,359
2,567,367,650,359
2,547,383,650,359
2,546,384,650,358
2,555,372,650,354
2,551,366,650,351
2,536,361,650,350
2,576,358,650,350
2,566,360,650,348
2,557,378,650,348
2,570,385,648,349
2,588,382,647,349
2,594,365,646,350
2,597,358,645,350
2,614,359,640,352
2,604,357,638,353
2,583,341,634,353
2,588,329,632,353
2,592,304,632,353
2,604,299,632,353
2,626,313,632,353
2,639,292,632,353
2,627,302,632,353
2,642,303,632,353
2,645,275,632,353
2,637,270,632,353
2,646,275,632,353
2,632,254,632,353
2,612,243,632,353
2,613,262,632,353
2,613,272,632,353
2,611,264,632,353
2,579,280,632,353
2,584,292,632,353
2,570,287,632,353
2,570,274,632,353
2,588,266,633,353
2,570,277,635,353
2,558,272,636,352
2,568,257,637,352
2,572,269,637,352
2,548,259,637,352
2,546,265,637,352
2,564,254,637,351
2,558,265,639,350
2,562,223,639,349
2,579,231,640,349
2,588,230,640,349
2,580,210,640,349
2,564,220,641,347
2,576,227,641,347
2,599,220,641,347
2,593,216,641,346
2,615,198,643,346
2,615,197,643,346
2,617,213,643,346
2,601,216,643,346
2,593,219,643,346
2,572,203,643,346
2,572,221,643,346
2,563,225,643,346
2,560,224,642,346
2,578,228,642,344
2,601,278,642,339
2,612,267,642,327
2,600,258,642,308
2,601,249,643,295
2,604,238,645,288
2,616,229,645,283
2,593,247,648,272
2,580,266,651,252
2,588,278,653,235
2,626,283,653,223
2,630,289,650,216
2,613,301,646,212
2,620,286,640,209
2,615,250,636,207
2,604,236,633,203
2,600,224,632,202
2,611,237,631,201
2,592,265,630,201
2,556,269,630,201
2,543,262,629,200
2,579,259,629,198
2,584,269,627,197
2,566,282,624,195
2,587,291,622,194
2,567,282,618,195
2,602,285,613,197
2,599,308,610,200
2,622,313,606,205
2,628,311,602,216
2,623,294,597,231
2,644,298,593,243
2,655,289,592,247
2,663,275,591,248
2,666,277,591,248
2,666,251,591,248
2,637,227,591,248
2,655,227,591,248
2,676,224,591,252
2,680,189,590,256
2,699,171,590,261
2,696,167,588,268
2,687,155,588,275
2,711,150,589,281
2,707,189,589,284
2,711,195,591,286
2,703,179,595,290
2,704,186,598,291
2,719,157,602,291
2,727,158,612,287
2,711,165,622,277
2,727,167,630,271
2,725,160,637,269
2,694,164,641,265
2,685,166,643,262
2,673,165,644,261
2,673,170,644,258
2,656,152,644,257
2,644,149,643,254
2,638,151,643,254
2,626,149,643,254
2,636,154,643,254
2,628,149,643,254
2,632,122,644,253
2,647,114,650,248
2,631,143,654,239
2,652,152,657,233
2,642,151,658,231
2,656,132,658,230
2,664,138,655,228
2,663,145,650,227
2,671,162,642,224
2,661,157,637,222
2,642,142,633,220
2,630,130,631,220
2,638,142,629,220
2,644,138,627,220
2,663,121,626,222
2,659,156,625,223
2,675,144,625,223
2,704,122,624,225
2,705,123,624,226
2,709,117,624,228
2,715,141,625,231
2,750,150,628,232
2,752,125,630,232
2,752,129,633,233
2,779,153,638,233
2,786,165,646,225
2,759,183,652,214
2,769,205,655,209
2,767,205,655,205
2,754,185,655,204
2,759,180,655,204
2,741,163,655,204
2,740,176,655,204
2,726,170,656,204
2,724,167,658,203
2,708,188,662,203
2,691,168,665,203
2,683,154,668,206
2,691,141,672,212
2,682,156,676,221
2,678,163,681,232
2,683,143,687,238
2,693,115,690,239
2,691,154,690,239
2,676,148,690,239
2,710,143,690,239
2,695,133,690,239
2,707,127,690,239
2,720,115,696,229
2,714,154,710,208
2,748,139,718,197
2,714,116,721,189
2,714,130,721,186
2,727,132,721,185
2,714,153,720,185
2,719,157,719,185
2,713,164,718,183
2,702,189,717,181
2,720,204,715,179
2,713,213,714,177
2,721,207,714,177
2,744,231,714,176
2,746,237,714,176
2,753,256,714,176
2,758,244,714,176
2,757,231,714,172
2,764,225,715,165
2,761,242,718,158
2,762,248,720,156
2,761,239,722,153
2,756,241,723,153
2,767,249,724,152
2,762,248,724,152
2,774,232,724,152
2,769,238,724,152
2,760,227,726,161
2,739,216,726,170
2,729,212,722,186
2,756,205,715,204
2,738,214,712,209
2,727,214,712,211
2,728,208,712,212
2,729,199,712,212
2,707,201,712,213
2,728,222,717,214
2,731,213,726,216
2,718,205,735,215
2,735,204,741,215
2,749,211,747,215
2,739,224,749,215
2,715,192,753,218
2,730,202,758,219
2,743,219,763,219
2,750,233,766,219
2,735,253,769,219
2,737,243,770,220
2,753,242,771,220
2,744,230,771,221
2,759,215,769,222
2,745,227,766,223
2,742,210,762,227
2,786,204,759,231
2,785,184,755,235
2,804,194,754,236
2,816,184,754,236
2,828,148,754,236
2,819,146,755,236
2,808,158,756,236
2,806,135,756,236
2,814,131,756,236
2,812,130,757,236
2,822,150,759,236
2,818,142,760,237
2,819,161,761,238
2,805,153,762,241
2,817,166,763,241
2,834,164,767,242
2,837,171,770,242
2,823,141,774,242
2,832,144,778,242
2,826,139,780,242
2,819,138,780,242
2,818,132,781,242
2,806,136,782,242
2,828,121,783,242
2,829,148,785,242
2,837,155,791,239
2,848,154,798,236
2,874,122,802,235
2,887,154,804,234
2,894,147,804,234
2,881,143,804,234
2,885,175,804,234
2,859,188,804,234
2,855,183,805,234
2,827,171,809,234
2,812,166,815,234
2,820,176,818,234
2,809,198,821,233
2,812,220,822,231
2,826,210,823,231
2,821,230,823,231
2,849,235,824,231
2,847,224,825,231
2,872,207,826,231
2,876,203,828,231
2,896,227,833,231
2,895,237,840,230
2,907,198,846,230
2,891,195,850,230
2,887,189,852,230
2,892,167,852,230
2,883,162,852,230
2,895,132,852,230
2,882,154,852,230
2,884,164,852,230
2,875,168,852,230
2,885,157,852,230
2,893,153,854,230
2,889,160,855,230
2,886,183,857,230
2,879,193,857,230
2,863,179,858,230
2,874,136,858,230
2,870,143,859,229
2,881,142,860,225
2,887,147,862,218
2,873,155,862,215
2,909,160,863,211
2,895,156,864,208
2,905,168,864,206
2,919,150,864,205
2,916,153,864,203
2,902,124,864,201
2,902,154,864,200
2,891,162,864,200
2,905,169,864,200
2,869,165,864,200
2,878,179,864,200
2,880,185,864,199
2,876,173,868,196
2,866,179,871,192
2,876,203,875,190
2,874,191,876,188
2,883,200,877,186
2,883,176,880,185
2,880,191,880,185
2,857,173,880,185
2,854,174,881,185
2,831,175,882,184
2,842,191,883,183
2,840,210,883,182
2,882,220,884,181
2,851,233,885,181
2,834,222,887,181
2,833,215,887,181
2,831,211,887,182
2,850,213,886,187
2,854,215,885,196
2,858,204,885,197
2,852,212,885,197
2,848,240,885,197
2,832,247,885,197
2,849,229,885,198
2,852,209,886,198
2,854,223,886,198
2,842,185,886,200
2,833,190,886,202
2,825,172,886,204
2,802,163,884,209
2,809,158,883,212
2,818,154,881,214
2,844,145,877,216
2,839,138,875,220
2,830,106,871,226
2,817,167,868,233
2,790,181,867,235
2,788,188,867,235
2,766,201,867,235
2,737,200,867,236
2,764,222,867,236
2,763,198,867,237
2,758,195,867,238
2,759,179,867,238
2,750,168,867,238
2,776,148,867,238
2,787,158,868,235
2,783,172,868,231
2,788,184,868,230
2,760,191,866,229
2,752,175,863,227
2,752,149,860,226
2,746,147,859,226
2,760,152,858,226
2,742,195,853,227
2,755,190,849,229
2,721,189,847,230
2,713,192,845,230
2,719,190,845,230
2,715,160,845,230
2,711,169,846,230
2,725,168,848,230
2,740,172,848,230
2,727,160,848,230
2,709,155,848,230
2,706,142,848,230
2,717,144,848,230
2,722,142,846,230
2,720,128,842,231
2,722,137,839,233
2,713,142,832,234
2,706,120,825,236
2,672,140,814,237
2,662,141,804,239
2,668,125,795,240
2,675,138,785,242
2,631,142,776,244
2,628,130,772,246
2,610,118,765,246
2,594,146,761,246
2,644,141,760,246
2,656,142,759,246
2,673,147,758,246
2,661,149,757,246
2,671,181,757,243
2,688,182,755,237
2,659,172,754,225
2,659,158,751,217
2,681,191,749,215
2,676,200,744,214
2,658,209,732,213
2,641,215,722,211
2,634,212,715,208
2,624,214,708,207
2,615,199,703,205
2,620,212,699,204
2,616,200,697,204
2,614,193,697,204
2,599,191,697,204
2,583,196,695,204
2,600,194,695,203
2,587,192,695,203
2,566,189,695,203
2,582,202,694,203
2,579,192,692,204
2,576,171,687,210
2,588,175,677,219
2,592,170,666,229
2,613,186,659,231
2,621,194,652,231
2,613,181,642,231
2,630,189,631,233
2,624,191,613,234
2,609,197,605,234
2,622,200,599,234
2,610,205,597,234
2,591,193,596,236
2,605,205,596,236
2,621,182,596,236
2,598,197,596,236
2,575,208,596,236
2,602,202,596,236
2,591,205,596,236
2,591,212,596,236
2,600,227,596,236
2,629,239,596,236
2,629,232,598,234
2,612,215,602,233
2,613,205,603,232
2,615,195,605,232
2,600,194,609,231
2,603,183,614,228
2,589,173,617,224
2,596,172,619,223
2,581,183,619,223
2,579,161,619,223
2,567,163,619,223
2,572,174,617,224
2,578,180,614,227
2,557,179,614,227
2,540,173,614,227
2,536,196,614,227
2,570,211,614,227
2,568,233,614,228
2,580,221,614,229
2,573,216,614,229
2,574,234,614,229
2,566,234,614,229
2,584,233,614,229
2,560,214,613,229
2,547,232,612,229
2,572,214,611,229
2,536,210,610,229
2,574,205,609,229
2,543,205,607,229
2,562,212,607,229
2,552,203,606,229
2,553,221,604,229
2,551,213,603,230
2,566,179,602,231
2,569,156,602,231
2,577,167,602,231
2,579,172,602,231
2,584,187,602,231
2,580,151,602,231
2,602,177,602,232
2,585,186,602,232
2,598,188,602,232
2,591,167,602,232
2,575,167,602,232
2,578,188,602,232
2,565,194,602,232
2,575,188,601,233
2,567,212,601,233
2,565,225,600,235
2,547,254,600,235
2,552,247,600,235
2,565,251,600,235
2,585,252,600,235
2,574,229,600,235
2,590,230,600,235
2,590,245,600,235
2,596,253,600,235
2,599,256,600,235
2,608,254,600,235
2,634,256,600,235
2,629,262,600,235
2,645,252,600,235
2,664,242,600,235
2,692,228,600,235
2,699,231,600,235
2,696,216,600,235
2,697,223,600,235
2,710,218,600,235
2,675,204,600,235
2,701,221,600,235
2,698,230,602,236
2,715,227,609,243
2,722,222,616,248
2,730,216,624,256
2,722,211,631,260
2,710,224,640,260
2,724,247,648,260
2,727,264,660,260
2,759,279,675,256
2,743,295,682,254
2,744,316,686,254
2,752,291,688,254
2,734,287,689,254
2,734,284,689,254
2,726,284,690,252
2,715,271,690,252
2,725,270,692,252
2,720,266,692,252
2,694,270,692,252
2,720,256,692,252
2,730,238,694,252
2,738,241,696,253
2,783,256,697,256
2,776,264,699,261
2,775,253,700,270
2,788,248,700,290
2,795,253,703,302
2,789,254,705,307
2,801,272,706,307
2,804,263,707,307
2,792,235,708,307
2,792,222,710,306
2,790,224,711,306
2,797,231,711,306
2,797,223,713,306
2,796,229,714,306
2,815,205,715,306
2,821,184,716,307
2,823,185,720,307
2,842,166,722,307
2,865,166,724,307
2,888,158,728,307
2,908,138,729,307
2,916,154,734,307
2,924,146,736,307
2,894,147,737,307
2,908,141,740,307
2,920,150,742,307
2,913,164,747,307
2,925,162,758,303
2,901,151,765,298
2,881,148,772,297
2,897,165,779,295
2,899,167,788,294
2,885,167,803,287
2,884,157,819,279
2,885,135,832,274
2,881,141,843,266
2,878,139,851,262
2,898,168,858,260
2,875,171,860,260
2,847,151,860,260
2,849,140,860,260
2,862,163,861,260
2,882,159,866,260
2,885,118,871,260
2,895,116,878,260
2,883,158,882,259
2,891,147,885,259
2,882,162,888,259
2,870,159,891,256
2,858,164,902,245
2,859,165,908,233
2,867,176,912,226
2,862,185,912,223
2,874,188,912,220
2,879,174,911,217
2,884,156,906,211
2,870,142,901,206
2,861,134,896,198
2,878,137,891,191
2,865,130,891,184
2,846,125,891,181
2,835,111,891,181
2,821,136,891,181
2,837,113,890,181
2,833,147,889,181
2,845,154,883,180
2,860,157,875,175
2,853,168,871,170
2,860,175,865,162
2,868,171,861,160
2,850,189,860,159
2,863,218,860,159
2,863,216,860,159
2,852,193,858,159
2,869,222,855,159
2,879,220,850,160
2,871,261,846,164
2,857,285,840,170
2,866,253,836,177
2,880,258,835,181
2,888,274,835,182
2,882,281,835,182
2,873,324,835,183
2,852,320,836,184
2,841,311,837,186
2,832,328,841,192
2,848,321,849,201
2,862,322,857,212
2,869,296,861,223
2,852,298,866,233
2,873,310,867,243
2,856,290,867,254
2,859,288,861,274
2,877,301,854,295
2,858,279,848,312
2,862,274,846,320
2,860,293,846,321
2,862,297,846,321
2,875,323,846,321
2,879,328,846,322
2,889,314,848,327
2,902,317,850,332
2,904,329,851,337
2,880,342,852,343
2,888,317,852,345
2,881,332,852,345
2,900,305,854,345
2,879,294,854,346
2,908,305,854,347
2,902,299,856,350
2,914,298,860,353
2,904,307,862,357
2,893,301,863,357
2,908,290,865,357
2,902,289,866,357
2,890,266,869,357
2,886,280,872,358
2,887,284,875,361
2,886,283,884,362
2,869,308,892,363
2,895,310,899,363
2,895,294,904,363
2,881,314,911,366
2,901,331,918,371
2,894,336,927,377
2,894,339,934,378
2,880,303,941,378
2,848,335,948,373
2,855,346,951,366
2,841,344,951,361
2,856,384,945,355
2,864,388,938,351
2,861,379,933,351
2,834,399,918,348
2,818,406,906,343
2,814,399,891,340
2,801,410,880,340
2,813,396,875,340
2,786,380,872,340
2,797,371,871,340
2,796,374,871,340
2,790,374,871,340
2,771,352,871,340
2,750,352,868,342
2,733,357,866,344
2,739,369,864,346
2,733,375,863,348
2,739,365,861,351
2,724,351,859,354
2,721,327,857,357
2,722,301,857,359
2,728,299,856,361
2,733,303,856,362
2,746,321,856,363
2,738,327,854,363
2,727,318,853,365
2,712,295,850,366
2,721,294,845,367
2,709,292,838,370
2,705,282,827,370
2,710,312,815,370
2,707,307,803,368
2,672,315,787,359
2,661,313,775,347
2,653,306,770,330
2,660,320,765,314
2,639,321,762,307
2,648,341,761,305
2,647,333,761,305
2,629,329,761,305
2,634,325,761,305
2,605,297,761,303
2,577,306,759,299
2,570,299,757,296
2,577,317,757,296
2,578,319,755,296
2,567,310,753,296
2,574,290,747,301
2,568,305,738,308
2,536,304,726,320
2,558,293,712,330
2,563,319,699,336
2,549,326,693,338
2,554,340,688,339
2,546,341,683,342
2,550,359,679,344
2,547,341,673,347
2,574,346,665,350
2,572,325,654,351
2,586,330,638,353
2,570,328,624,353
2,572,318,610,353
2,582,295,595,353
2,581,300,570,349
2,569,283,557,343
2,562,264,546,338
2,579,242,536,335
2,593,215,531,334
2,610,199,527,334
2,585,207,525,334
2,548,213,523,334
2,531,222,523,334
2,587,217,523,334
2,585,210,523,334
2,598,196,523,334
2,600,202,525,333
2,599,206,532,330
2,596,187,537,329
2,559,180,542,327
2,546,170,555,323
2,530,169,581,304
2,554,194,604,277
2,548,204,605,272
2,546,202,605,270
2,554,217,604,270
2,547,241,600,267
2,528,235,596,263
2,575,229,593,254
2,585,221,593,240
2,603,202,592,230
2,645,212,592,225
2,650,199,592,221
2,642,196,592,217
2,627,194,595,212
2,606,196,597,208
2,615,199,597,208
2,612,206,597,207
2,609,191,597,207
2,609,186,594,206
2,615,195,591,205
2,628,214,589,205
2,603,207,588,205
2,620,182,584,206
2,593,172,584,210
2,593,188,584,211
2,594,184,585,214
2,602,203,590,220
2,620,204,600,227
2,613,211,603,229
2,632,204,608,230
2,599,199,612,230
2,589,210,618,229
2,578,218,620,226
2,580,215,621,225
2,579,221,621,225
2,564,225,622,224
2,573,232,626,221
2,584,212,628,219
2,605,221,629,217
2,582,215,629,215
2,574,233,629,212
2,577,232,629,207
2,578,256,630,197
2,561,256,630,190
2,551,254,630,188
2,549,268,630,186
2,547,280,630,185
2,560,297,630,185
2,546,286,628,185
2,545,299,626,185
2,554,282,623,188
2,565,282,616,192
2,564,295,611,196
2,543,310,605,202
2,551,316,605,202
2,540,312,605,202
2,545,284,605,203
2,565,268,605,204
2,577,279,605,207
2,599,275,604,210
2,584,293,602,228
2,580,287,602,233
2,593,324,597,248
2,588,320,594,262
2,575,326,587,280
2,565,350,586,288
2,578,361,585,291
2,571,368,585,293
2,567,365,585,296
2,565,380,585,297
2,557,375,585,297
2,566,362,585,298
2,585,357,585,300
2,571,358,585,303
2,596,363,585,304
2,604,356,585,304
2,594,367,586,304
2,606,352,588,304
2,608,368,589,305
2,576,380,590,305
2,541,379,592,306
2,584,373,594,308
2,568,370,596,311
2,579,388,600,312
2,582,387,603,312
2,573,382,607,312
2,579,390,607,312
2,589,391,608,312
2,578,382,608,312
2,582,358,608,313
2,588,314,608,315
2,595,299,607,320
2,592,305,604,326
2,600,302,601,334
2,603,280,601,336
2,615,270,600,339
2,592,243,597,346
2,597,244,594,355
2,598,254,589,364
2,605,270,586,373
2,628,273,585,380
2,620,278,584,385
2,631,264,582,387
2,637,273,582,390
2,678,287,582,393
2,673,261,582,397
2,661,260,583,402
2,667,266,585,407
2,650,246,586,410
2,661,229,589,412
2,633,232,590,412
2,660,260,594,407
2,673,264,602,398
2,668,253,609,387
2,677,243,621,379
2,672,237,633,365
2,692,231,642,355
2,711,253,649,348
2,714,258,649,348
2,721,274,649,348
2,714,284,649,348
2,715,303,649,348
2,705,306,651,347
2,690,313,654,344
2,693,311,655,341
2,685,304,656,338
2,710,288,657,335
2,718,282,657,333
2,692,275,657,333
2,687,282,658,332
2,670,283,658,332
2,669,291,658,332
2,657,303,661,332
2,657,293,662,332
2,633,293,665,332
2,651,299,672,332
2,655,317,681,334
2,651,337,690,337
2,659,329,699,341
2,670,339,708,347
2,672,350,715,347
2,686,358,720,347
2,666,343,726,347
2,652,341,732,347
2,652,339,737,346
2,667,349,739,344
2,666,326,741,344
2,671,329,744,343
2,672,331,745,342
2,652,328,745,341
2,674,335,745,341
2,693,329,745,340
2,709,332,742,340
2,713,327,741,340
2,688,323,740,340
2,711,325,739,340
2,718,314,738,340
2,711,306,736,341
2,716,310,733,342
2,720,299,731,343
2,721,286,729,343
2,729,306,728,345
2,728,295,727,346
2,745,286,727,346
2,742,291,727,346
2,734,294,725,346
2,725,304,725,346
2,735,296,725,346
2,756,298,725,346
2,771,310,725,346
2,789,282,725,346
2,835,269,725,346
2,823,268,725,346
2,831,275,726,346
2,841,255,727,346
2,859,257,728,346
2,842,225,728,346
2,835,208,728,346
2,842,182,730,346
2,820,180,734,344
2,789,206,741,340
2,801,196,745,338
2,787,187,746,338
2,763,183,746,338
2,750,119,747,338
2,748,159,747,338
2,749,160,755,336
2,717,153,760,335
2,716,167,764,334
2,724,191,766,334
2,728,222,773,334
2,726,239,776,334
2,738,241,785,332
2,724,245,790,331
2,737,228,792,330
2,720,239,792,329
2,718,246,794,329
2,720,255,794,328
2,713,244,793,326
2,701,237,791,324
2,698,258,787,320
2,715,249,785,319
2,700,257,783,319
2,698,290,781,319
2,694,299,780,319
2,694,278,778,319
2,692,270,778,319
2,698,242,777,319
2,699,262,776,319
2,694,277,773,318
2,708,290,769,318
2,754,292,768,318
2,758,300,767,318
2,758,303,766,318
2,744,285,766,318
2,734,288,766,317
2,737,275,766,317
2,744,272,766,317
2,743,259,766,317
2,735,289,766,317
2,732,296,766,317
2,749,296,766,317
2,716,281,766,317
2,703,319,766,317
2,714,344,766,317
2,711,364,766,317
2,718,376,766,317
2,727,431,766,317
2,733,457,766,317
2,740,481,766,317
2,741,497,766,317
2,751,533,766,317
2,769,550,766,317
2,756,531,766,317
2,792,535,766,317
2,774,523,766,317
2,797,516,766,317
2,777,501,766,317
2,788,489,766,317
2,782,483,766,317
2,802,505,766,317
2,803,517,766,317
2,807,518,766,317
2,814,510,766,323
2,812,506,766,335
2,811,509,764,347
2,805,489,764,357
2,832,472,765,365
2,847,465,766,369
2,839,485,766,370
2,824,484,767,373
2,823,495,768,374
2,818,483,769,378
2,815,482,769,379
2,828,490,773,389
2,859,493,776,399
2,838,489,781,412
2,831,502,783,418
2,811,501,789,436
2,812,489,798,442
2,829,507,809,448
2,820,528,816,451
2,798,548,821,453
2,827,560,822,455
2,806,552,824,455
2,821,547,824,456
2,825,546,825,456
2,827,535,830,456
2,823,539,835,456
2,838,544,842,462
2,841,554,849,466
2,844,542,852,468
2,839,530,855,474
2,864,532,861,480
2,865,528,863,482
2,885,529,864,484
2,897,523,864,487
2,910,502,864,490
2,901,523,864,494
2,904,497,865,499
2,910,518,865,503
2,939,537,865,508
2,955,531,865,513
2,960,509,865,518
2,950,524,865,525
2,947,523,865,534
2,946,543,865,537
2,942,522,865,537
2,962,551,865,539
2,980,538,866,540
2,972,536,868,541
2,978,525,870,543
2,964,525,873,545
2,975,510,879,546
2,973,497,884,549
2,968,494,893,552
2,969,513,908,555
2,941,522,925,558
2,928,546,941,563
2,925,564,954,565
2,921,565,964,565
2,922,568,969,565
2,922,546,972,565
2,922,548,973,564
2,918,532,974,562
2,904,533,974,561
2,904,523,974,561
2,899,531,974,560
2,890,541,974,557
2,887,539,974,553
2,880,522,974,548
2,890,521,974,545
2,890,508,974,542
2,908,505,973,541
2,910,484,972,540
2,899,482,972,540
2,887,492,972,540
2,879,495,970,540
2,901,491,970,541
2,915,500,969,545
2,881,510,967,549
2,896,494,966,552
2,872,505,964,553
2,864,527,964,553
2,891,543,964,554
2,892,541,964,554
2,895,549,964,554
2,898,540,964,554
2,902,518,964,554
2,888,517,963,554
2,900,509,962,553
2,884,510,960,551
2,868,511,959,550
2,851,516,959,548
2,858,509,958,546
2,862,524,958,545
2,846,519,957,544
2,854,533,957,544
2,857,528,957,544
2,837,527,957,544
2,829,518,957,544
2,841,534,957,544
2,823,529,957,544
2,795,533,957,544
2,798,546,957,544
2,786,550,957,544
2,807,564,957,544
2,822,546,955,543
2,832,540,955,542
2,869,567,954,542
2,875,546,952,542
2,867,539,949,542
2,872,543,945,542
2,863,524,943,542
2,883,509,939,542
2,885,538,932,543
2,877,564,917,547
2,878,562,900,552
2,868,577,885,552
2,873,553,873,552
2,879,525,866,550
2,897,532,859,547
2,894,543,857,547
2,907,527,856,546
2,885,514,856,546
2,882,534,856,546
2,861,524,857,546
3,970,530,966,549
3,966,514,966,549
3,974,514,966,549
3,966,530,966,549
3,966,512,966,549
3,977,521,966,549
3,967,522,966,549
3,969,504,966,549
3,969,504,966,549
3,958,477,966,549
3,958,491,966,549
3,938,495,965,549
3,931,482,965,548
3,931,491,964,547
3,947,498,964,546
3,961,510,962,545
3,934,516,960,544
3,944,495,959,543
3,945,490,958,541
3,973,490,958,541
3,986,490,958,541
3,1013,469,958,539
3,1000,473,958,538
3,1023,457,958,536
3,1009,445,958,533
3,1010,454,958,532
3,1003,465,957,532
3,987,455,957,532
3,985,439,957,531
3,975,418,957,530
3,942,419,957,529
3,919,442,958,529
3,912,457,962,528
3,903,483,968,525
3,893,476,983,522
3,900,502,998,517
3,896,496,1014,512
3,886,513,1021,509
3,883,513,1023,508
3,860,514,1023,508
3,865,513,1022,507
3,849,512,1014,502
3,853,528,994,491
3,880,527,972,486
3,898,533,943,478
3,902,526,927,476
3,887,523,918,476
3,891,513,917,476
3,888,507,917,476
3,879,512,917,476
3,892,509,917,476
3,894,513,917,477
3,872,505,917,478
3,867,509,917,479
3,878,506,908,485
3,865,497,886,495
3,868,501,874,504
3,847,498,868,509
3,882,481,867,512
3,887,492,869,514
3,895,497,874,516
3,905,517,879,520
3,893,514,884,522
3,860,515,888,524
3,866,503,888,525
3,862,518,888,525
3,843,531,885,527
3,832,548,878,528
3,863,547,868,531
3,890,561,857,534
3,888,564,856,534
3,880,566,855,533
3,898,574,855,531
3,881,573,858,529
3,875,578,858,528
3,865,598,858,528
3,868,604,858,528
3,891,596,858,528
3,900,587,858,531
3,898,595,859,532
3,901,573,860,533
3,896,581,861,534
3,889,566,862,534
3,913,601,865,535
3,904,610,872,538
3,885,599,884,538
3,909,574,898,541
3,908,584,904,545
3,909,617,906,549
3,900,620,907,552
3,901,651,907,556
3,899,643,907,561
3,893,654,907,565
3,869,672,907,566
3,860,681,907,567
3,852,679,907,567
3,822,684,907,568
3,816,696,908,570
3,809,689,909,574
3,792,718,913,578
3,776,720,918,583
3,774,761,922,587
3,742,746,926,593
3,719,772,933,597
3,739,763,939,603
3,762,770,943,612
3,746,781,946,619
3,753,780,946,627
3,729,769,943,635
3,731,762,936,641
3,734,800,928,646
3,722,795,918,650
3,731,795,907,653
3,748,773,895,656
3,749,767,880,662
3,747,757,869,665
3,744,763,856,671
3,750,778,847,677
3,769,793,840,683
3,794,792,830,689
3,800,801,818,701
3,777,818,808,713
3,778,806,801,729
3,767,830,798,736
3,747,834,796,741
3,746,841,792,750
3,774,842,786,757
3,769,842,782,761
3,765,837,780,764
3,757,840,779,764
3,759,827,779,764
3,791,833,779,764
3,795,811,779,764
3,812,821,779,764
3,849,822,779,765
3,835,834,779,767
3,851,833,780,769
3,829,816,780,773
3,822,810,777,794
3,816,818,764,813
3,817,824,752,825
3,808,839,744,832
3,794,816,740,836
3,756,802,740,836
3,758,818,740,836
3,738,826,740,836
3,739,812,742,836
3,735,795,745,836
3,710,798,776,831
3,716,824,801,827
3,694,830,817,827
3,685,823,828,827
3,690,807,835,829
3,673,818,839,830
3,661,822,841,830
3,683,845,841,830
3,669,840,841,830
3,661,840,838,829
3,704,835,830,827
3,705,830,821,826
3,682,841,803,826
3,682,854,785,826
3,687,839,764,826
3,699,800,738,826
3,695,805,711,826
3,706,804,700,823
3,697,806,697,822
3,715,789,695,822
3,711,787,695,822
3,710,774,695,822
3,697,760,695,822
3,704,767,696,823
3,722,779,697,823
3,733,767,697,823
3,745,761,697,826
3,765,763,697,828
3,755,759,697,831
3,782,749,697,833
3,787,745,695,833
3,794,750,694,833
3,828,726,694,833
3,838,733,694,833
3,848,713,693,833
3,846,722,692,829
3,849,694,690,826
3,850,690,688,819
3,841,678,688,812
3,840,670,687,806
3,858,682,686,803
3,841,691,685,798
3,804,677,685,794
3,785,656,688,783
3,785,661,698,769
3,804,681,705,762
3,806,673,729,752
3,816,679,745,743
3,829,701,756,737
3,859,727,769,734
3,845,721,777,730
3,864,709,785,725
3,879,733,790,720
3,879,724,795,714
3,881,721,796,710
3,864,718,797,710
3,863,699,797,710
3,864,694,797,710
3,882,696,797,709
3,889,684,797,709
3,886,681,797,709
3,882,700,797,709
3,880,696,797,709
3,861,666,798,710
3,855,666,801,714
3,886,650,809,720
3,878,632,816,725
3,867,615,825,731
3,855,577,833,741
3,860,573,839,748
3,850,565,845,754
3,876,561,856,754
3,889,556,865,750
3,910,535,874,746
3,880,538,883,740
3,890,543,890,735
3,899,548,894,733
3,904,540,896,729
3,924,533,896,726
3,944,523,896,717
3,942,525,890,697
3,926,514,882,669
3,936,519,877,646
3,952,539,879,626
3,959,556,883,617
3,967,537,885,608
3,964,538,890,602
3,941,545,895,595
3,942,542,900,589
3,964,549,905,584
3,947,517,910,576
3,948,510,917,566
3,966,511,923,557
3,973,499,927,551
3,962,504,929,547
3,981,516,936,542
3,989,507,943,539
3,988,467,948,535
3,993,485,957,528
3,984,500,970,515
3,975,509,981,503
3,963,513,991,494
3,995,533,996,490
3,1009,524,999,489
3,1000,529,1000,488
3,1003,536,1001,487
3,999,557,1002,487
3,1002,565,1002,485
3,993,569,1003,485
3,1006,578,1004,485
3,1007,571,1005,485
3,996,571,1007,486
3,989,581,1007,492
3,963,564,1007,503
3,953,566,1006,517
3,957,575,1004,531
3,951,569,1003,540
3,960,572,1003,544
3,968,577,1005,544
3,954,571,1005,544
3,937,581,1006,544
3,946,580,1007,544
3,978,569,1009,544
3,988,560,1009,544
3,988,562,1009,544
3,1020,555,1009,544
3,1004,554,1008,544
3,1014,544,1007,545
3,977,527,1000,552
3,975,509,986,566
3,981,527,982,570
3,996,518,982,570
3,991,505,982,569
3,984,491,982,566
3,961,481,984,566
3,972,469,984,566
3,968,478,984,566
3,975,479,987,566
3,990,466,993,566
3,1009,469,1010,562
3,1028,486,1022,553
3,1049,496,1028,552
3,1013,521,1030,550
3,1007,522,1031,548
3,1003,523,1031,544
3,1005,530,1027,535
3,1005,526,1022,525
3,982,518,1016,514
3,969,512,1008,504
3,981,502,1004,500
3,971,511,1002,498
3,958,494,1002,496
3,951,512,1003,494
3,969,515,1005,491
3,976,522,1008,490
3,953,528,1012,489
3,956,529,1015,489
3,932,530,1015,489
3,915,529,1017,494
3,916,517,1017,499
3,906,504,1017,504
3,901,492,1017,505
3,908,513,1017,505
3,902,521,1017,505
3,890,513,1017,505
3,882,515,1017,505
3,876,493,1017,506
3,873,515,1013,509
3,859,517,1003,512
3,871,513,994,517
3,875,507,987,521
3,841,537,986,523
3,861,528,985,523
3,861,507,985,523
3,861,510,985,523
3,873,507,985,523
3,886,511,983,525
3,876,489,982,529
3,883,485,982,529
3,892,473,979,531
3,896,468,969,539
3,872,447,951,548
3,870,460,928,552
3,865,458,909,552
3,861,474,901,550
3,851,470,893,546
3,850,474,891,540
3,845,468,888,536
3,831,485,887,535
3,831,512,887,534
3,857,514,887,532
3,865,508,890,523
3,868,509,894,510
3,874,487,898,501
3,873,455,901,497
3,874,460,901,496
3,876,464,901,495
3,888,463,900,492
3,904,467,896,485
3,919,471,892,478
3,906,473,880,474
3,903,484,872,474
3,909,491,868,474
3,900,497,854,477
3,892,504,849,480
3,885,493,846,483
3,886,485,845,487
3,883,494,845,487
3,869,492,846,491
3,868,504,854,494
3,901,524,862,498
3,896,546,871,501
3,893,584,880,504
3,883,594,892,508
3,850,589,895,510
3,866,592,899,510
3,855,597,900,510
3,850,599,902,511
3,831,592,907,512
3,857,571,915,515
3,852,546,920,519
3,854,562,924,522
3,857,540,927,529
3,856,540,927,536
3,871,543,917,552
3,871,546,909,563
3,876,563,900,577
3,854,551,890,588
3,839,541,883,596
3,828,550,876,600
3,825,531,868,604
3,832,532,861,609
3,819,534,854,611
3,822,550,852,611
3,818,551,852,611
3,809,549,862,598
3,789,544,868,589
3,777,548,871,579
3,772,506,874,572
3,771,486,875,567
3,773,474,876,563
3,752,494,876,563
3,742,472,876,563
3,726,484,876,563
3,722,486,875,563
3,732,484,869,563
3,700,470,864,568
3,680,444,858,572
3,660,454,847,578
3,659,436,838,582
3,660,439,831,584
3,647,436,824,583
3,643,436,818,577
3,636,441,815,562
3,655,445,811,540
3,644,439,811,516
3,647,419,811,489
3,665,413,807,464
3,662,402,802,451
3,655,405,800,446
3,661,434,797,438
3,663,448,795,430
3,630,451,792,421
3,654,477,788,412
3,663,479,784,407
3,677,471,781,401
3,676,481,773,394
3,660,485,764,388
3,639,495,753,386
3,619,522,746,386
3,617,525,740,386
3,603,528,731,386
3,612,523,722,386
3,617,513,714,386
3,624,532,703,388
3,619,538,698,394
3,611,545,693,404
3,604,557,688,422
3,584,568,684,440
3,583,544,684,454
3,580,551,685,466
3,583,550,689,475
3,595,521,691,482
3,607,519,692,487
3,587,537,692,492
3,594,532,694,500
3,599,519,695,509
3,572,501,695,517
3,580,499,681,538
3,568,502,661,560
3,572,533,633,568
3,564,520,603,574
3,547,516,566,574
3,544,498,523,574
3,555,519,488,578
3,544,537,476,578
3,562,543,469,575
3,563,525,469,569
3,554,531,470,560
3,523,519,472,553
3,620,530,474,549
3,592,529,475,545
3,591,507,478,538
3,582,503,482,528
3,573,522,482,524
3,563,527,482,524
3,561,545,482,524
3,530,539,481,538
3,549,520,481,557
3,536,517,485,572
3,560,531,489,578
3,562,560,496,580
3,545,562,505,581
3,565,566,515,581
3,588,573,532,577
3,582,572,545,572
3,583,556,557,568
3,584,567,561,567
3,580,589,561,567
3,591,591,558,567
3,580,582,555,568
3,584,594,543,568
3,561,597,535,566
3,531,587,524,565
3,558,593,519,565
3,544,594,518,565
3,544,586,518,565
3,559,590,518,565
3,571,628,518,566
3,574,629,516,577
3,590,644,515,589
3,584,646,515,599
3,599,648,515,606
3,598,645,515,607
3,606,644,515,608
3,602,667,516,608
3,601,662,516,608
3,591,647,516,608
3,600,658,516,612
3,607,672,516,615
3,615,679,513,623
3,658,674,509,627
3,633,674,506,629
3,618,696,505,630
3,659,691,507,631
3,659,691,518,636
3,652,683,528,641
3,646,683,534,643
3,647,679,541,652
3,661,687,549,661
3,639,665,561,675
3,618,655,582,687
3,621,636,615,691
3,602,631,658,697
3,615,606,706,701
3,616,622,746,701
3,619,635,786,704
3,637,625,818,704
3,621,619,846,704
3,638,615,856,704
3,645,635,860,703
3,647,648,865,702
3,644,658,865,700
3,631,657,865,695
3,633,655,865,689
3,623,640,861,682
3,629,630,856,673
3,589,633,852,669
3,556,647,848,667
3,552,639,843,663
3,558,632,834,658
3,560,633,819,650
3,553,643,790,635
3,548,628,759,623
3,573,627,729,621
3,556,609,720,621
3,558,617,712,621
3,537,626,707,621
3,557,621,701,621
3,573,623,695,621
3,578,607,687,621
3,561,597,678,621
3,564,599,661,619
3,584,599,629,619
3,593,615,583,625
3,611,593,527,629
3,570,591,485,629
3,551,588,468,629
3,548,598,463,626
3,564,594,462,625
3,563,615,463,623
3,551,611,467,617
3,571,612,473,613
3,573,627,475,613
3,586,640,477,613
3,583,646,481,613
3,594,657,484,613
3,594,659,489,613
3,572,669,500,610
3,594,670,512,610
3,609,666,524,611
3,617,676,533,615
3,638,684,538,616
3,646,705,540,618
3,622,710,540,618
3,601,706,544,611
3,607,696,546,608
3,586,730,546,608
3,573,727,546,608
3,581,736,547,608
3,611,747,547,612
3,554,760,548,617
3,540,768,556,626
3,569,766,561,631
3,594,747,565,632
3,616,730,567,634
3,606,724,576,644
3,602,721,580,648
3,607,719,589,656
3,594,730,599,662
3,595,736,602,663
3,561,727,603,664
3,569,704,603,664
3,537,688,603,665
3,553,711,597,669
3,544,721,591,678
3,536,726,582,696
3,545,742,570,710
3,566,716,561,726
3,581,714,561,738
3,555,723,562,749
3,561,718,564,756
3,582,710,569,760
3,590,719,573,771
3,606,729,578,782
3,595,719,584,793
3,576,741,590,800
3,566,714,594,800
3,575,723,596,795
3,557,747,596,782
3,562,740,594,772
3,539,725,593,769
3,563,737,593,768
3,564,740,593,766
3,580,725,593,761
3,589,727,595,752
3,604,724,594,745
3,595,752,594,742
3,601,745,594,741
3,622,724,594,741
3,642,726,594,741
3,649,711,594,741
3,639,679,595,741
3,608,695,595,741
3,600,692,595,743
3,616,684,595,745
3,614,675,595,747
3,623,666,594,748
3,622,643,593,749
3,642,642,593,749
3,628,654,593,749
3,639,667,595,751
3,632,665,602,751
3,632,679,609,751
3,657,679,616,749
3,641,698,622,743
3,646,730,623,739
3,643,723,624,734
3,652,713,629,724
3,654,706,639,698
3,636,716,650,676
3,635,734,653,666
3,654,729,654,662
3,680,722,654,661
3,704,730,654,661
3,719,714,654,661
3,713,697,654,661
3,714,682,654,661
3,722,685,653,661
3,741,684,648,670
3,728,693,646,680
3,729,698,645,687
3,722,688,645,691
3,716,701,645,692
3,710,707,645,693
3,717,697,646,694
3,692,677,650,698
3,701,682,662,703
3,711,697,690,704
3,720,689,723,699
3,725,692,756,691
3,748,716,780,689
3,755,736,799,689
3,777,741,814,687
3,783,748,823,684
3,801,751,826,682
3,806,756,824,680
3,807,749,817,679
3,780,732,806,679
3,781,742,800,679
3,764,740,798,679
3,754,741,796,679
3,776,746,793,679
3,772,778,793,679
3,791,768,793,678
3,788,747,793,675
3,779,728,793,674
3,789,739,793,674
3,776,743,793,674
3,777,741,793,674
3,776,765,793,676
3,784,779,797,677
3,791,778,798,678
3,797,763,801,679
3,815,756,802,679
3,820,758,804,680
3,815,784,808,680
3,789,784,810,680
3,797,790,811,683
3,803,792,814,686
3,808,779,816,691
3,830,789,817,692
3,818,800,817,692
3,810,793,821,694
3,826,798,827,698
3,813,821,834,700
3,814,842,841,705
3,825,829,842,706
3,828,819,842,709
3,825,838,837,717
3,806,824,825,731
3,788,828,816,746
3,787,836,809,756
3,786,838,805,759
3,787,841,804,760
3,785,837,804,760
3,790,826,804,760
3,804,847,805,761
3,789,848,805,761
3,775,836,806,761
3,759,851,806,761
3,747,838,807,764
3,745,821,809,766
3,748,838,810,769
3,743,857,811,777
3,729,882,812,781
3,738,891,814,789
3,730,900,814,797
3,712,904,813,802
3,718,897,812,806
3,712,890,811,809
3,697,913,806,812
3,706,901,797,815
3,702,899,788,817
3,701,909,779,817
3,686,909,767,814
3,690,903,743,807
3,678,903,731,803
3,658,900,722,802
3,695,913,720,801
3,695,919,720,801
3,700,902,720,801
3,693,902,720,801
3,695,877,718,801
3,687,875,714,801
3,660,892,712,801
3,650,897,711,805
3,679,903,708,812
3,651,903,703,819
3,644,916,696,828
3,656,886,680,839
3,693,867,669,844
3,693,846,661,847
3,706,828,648,850
3,726,807,620,858
3,725,811,596,858
3,711,810,576,860
3,724,803,566,860
3,739,802,563,860
3,729,801,563,860
3,721,834,563,860
3,710,849,563,860
3,723,849,563,860
3,723,856,565,860
3,709,855,567,858
3,717,856,569,856
3,710,849,574,852
3,728,885,591,839
3,731,896,623,811
3,722,892,658,781
3,734,886,685,764
3,734,926,721,745
3,730,924,728,737
3,750,914,729,737
3,769,917,729,737
3,784,886,729,737
3,771,922,729,736
3,783,916,729,734
3,785,894,729,733
3,778,891,728,733
3,752,891,728,733
3,748,909,726,733
3,744,934,726,733
3,749,949,726,733
3,751,971,726,733
3,741,931,726,733
3,733,945,726,733
3,726,951,726,734
3,715,937,726,735
3,727,931,728,736
3,717,929,733,736
3,723,912,739,734
3,736,907,746,732
3,740,918,751,730
3,758,893,752,730
3,743,891,755,730
3,726,898,755,730
3,704,929,755,730
3,701,964,755,733
3,703,953,753,741
3,722,947,750,753
3,724,936,744,764
3,731,923,736,772
3,734,916,732,776
3,737,915,732,777
3,730,921,731,778
3,743,927,731,779
3,724,930,731,780
3,714,946,731,783
3,701,935,731,787
3,674,948,730,796
3,675,941,730,805
3,676,955,728,813
3,667,949,727,822
3,674,951,725,827
3,671,932,725,830
3,666,925,725,831
3,681,925,728,832
3,664,926,732,833
3,662,912,733,834
3,673,904,735,837
3,656,918,740,839
3,654,933,744,843
3,661,923,748,850
3,681,915,748,855
3,668,890,748,858
3,690,898,739,866
3,674,898,730,874
3,661,869,724,876
3,647,877,720,878
3,667,906,718,878
3,666,888,717,878
3,658,862,716,878
3,664,878,715,878
3,672,863,715,878
3,660,868,715,876
3,672,861,715,875
3,670,862,715,873
3,675,883,716,872
3,680,891,716,870
3,675,867,716,867
3,689,864,716,864
3,688,879,717,858
3,709,872,717,854
3,697,868,717,852
3,701,848,715,851
3,690,846,715,851
3,682,844,715,851
3,690,854,714,850
3,682,870,713,849
3,669,861,710,848
3,688,847,708,846
3,675,842,707,845
3,685,844,707,843
3,683,838,707,843
3,681,832,707,843
3,687,807,707,843
3,708,778,707,841
3,699,769,706,840
3,725,771,705,840
3,744,757,705,839
3,765,740,702,837
3,759,720,701,835
3,771,678,698,833
3,756,686,695,832
3,751,663,694,831
3,766,684,693,831
3,782,675,693,831
3,766,684,693,831
3,765,697,693,821
3,776,698,693,809
3,756,675,693,800
3,781,695,696,791
3,778,713,698,779
3,794,696,704,749
3,811,685,709,728
3,814,676,714,715
3,822,691,719,709
3,806,705,722,702
3,791,729,723,695
3,778,730,724,684
3,769,755,726,671
3,762,749,729,658
3,784,716,734,647
3,781,725,738,638
3,752,721,739,636
3,742,714,739,636
3,768,715,740,636
3,762,733,744,638
3,755,753,758,649
3,770,757,771,652
3,786,752,782,654
3,763,741,791,657
3,748,779,796,659
3,706,771,796,662
3,730,764,797,667
3,724,775,796,671
3,736,757,790,679
3,729,753,781,687
3,747,777,774,690
3,715,810,770,691
3,712,796,769,691
3,717,812,769,691
3,713,850,771,691
3,722,828,775,689
3,718,833,777,688
3,743,804,777,688
3,755,811,777,688
3,762,827,776,688
3,764,793,772,695
3,777,808,769,700
3,802,824,765,709
3,819,814,762,712
3,810,805,758,718
3,820,806,756,719
3,836,792,754,720
3,811,810,752,721
3,811,777,752,724
3,811,763,751,727
3,795,752,750,732
3,800,757,750,739
3,790,765,750,742
3,788,773,752,743
3,771,769,756,744
3,797,781,763,744
3,806,802,773,745
3,802,805,782,745
3,787,794,797,752
3,794,779,807,755
3,820,787,814,757
3,811,800,820,757
3,812,796,822,757
3,827,792,822,757
3,849,788,823,756
3,837,762,823,755
3,835,771,823,754
3,845,778,823,754
3,815,761,823,753
3,811,777,823,752
3,811,789,823,752
3,793,800,823,752
3,796,797,825,752
3,826,801,828,752
3,818,830,829,753
3,806,831,832,757
3,831,857,842,763
3,837,884,860,770
3,846,897,878,775
3,854,905,893,778
3,881,918,905,780
3,890,912,913,783
3,903,899,912,784
3,891,896,907,784
3,895,898,897,784
3,890,905,885,784
3,887,900,873,783
3,859,860,858,780
3,848,870,850,780
3,842,872,846,780
3,842,854,846,780
3,824,865,846,780
3,845,854,848,781
3,794,838,854,788
3,786,836,865,796
3,811,844,882,811
3,838,853,898,823
3,846,859,912,836
3,823,870,922,844
3,809,855,931,851
3,819,881,936,854
3,827,864,936,855
3,831,861,936,855
3,817,871,936,855
3,806,867,933,856
3,806,843,930,856
3,799,864,924,857
3,821,843,918,857
3,824,852,904,857
3,848,832,895,859
3,846,850,888,860
3,835,885,886,859
3,854,872,883,858
3,863,867,882,857
3,857,865,881,854
3,843,843,880,854
3,855,834,880,854
3,857,874,879,853
3,856,852,878,853
3,840,862,878,852
3,835,857,877,852
3,844,853,877,852
3,838,855,877,852
3,849,831,874,851
3,840,842,867,849
3,841,838,861,849
3,855,825,855,848
3,861,842,853,847
3,864,808,852,846
3,853,795,852,845
3,856,792,852,842
3,849,807,856,837
3,827,813,860,831
3,811,798,862,829
3,811,807,862,829
3,820,795,862,829
3,814,795,862,829
3,814,781,860,829
3,822,783,858,829
3,818,777,857,829
3,826,776,855,829
3,821,775,855,828
3,812,761,855,828
3,816,762,854,828
3,834,753,854,828
3,841,753,854,828
3,837,750,854,828
3,827,738,854,828
3,830,724,854,828
3,817,736,854,828
3,811,750,854,828
3,789,762,854,828
3,821,758,853,828
3,822,751,851,827
3,831,738,849,825
3,816,721,844,822
3,821,728,837,821
3,818,735,830,819
3,813,738,826,819
3,813,750,824,818
3,819,745,824,818
3,821,734,824,818
3,820,747,824,816
3,828,747,824,814
3,832,740,824,814
3,873,737,824,812
3,880,736,824,810
3,885,746,825,803
3,886,747,825,793
3,885,747,820,782
3,868,762,817,775
3,862,777,816,771
3,845,787,816,768
3,858,782,816,759
3,839,773,818,752
3,843,758,818,750
3,866,737,819,750
3,865,729,820,750
3,865,728,825,750
3,857,736,830,750
3,862,739,835,751
3,836,711,839,753
3,855,704,844,754
3,845,725,850,758
3,848,733,854,762
3,850,743,857,766
3,833,746,857,767
3,845,751,857,771
3,829,742,857,773
3,846,729,855,774
3,831,695,854,775
3,820,715,854,775
3,816,727,854,775
3,846,737,852,774
3,840,765,852,770
3,844,749,850,766
3,836,754,848,763
3,848,755,845,759
3,840,774,845,755
3,852,795,845,749
3,847,786,847,740
3,868,762,848,738
3,870,745,848,738
3,874,777,848,738
3,891,777,848,738
3,892,779,849,735
3,906,754,852,733
3,939,751,853,732
3,918,773,853,732
3,911,763,853,732
3,921,775,853,732
3,912,787,853,732
3,895,782,854,731
3,873,787,854,730
3,879,780,854,728
3,874,774,854,728
3,864,781,853,727
3,870,769,852,727
3,847,773,852,727
3,851,795,852,727
3,841,791,850,726
3,856,795,850,726
3,858,805,850,726
3,855,804,852,726
3,842,802,855,726
3,862,811,858,725
3,885,783,860,725
3,908,771,861,725
3,922,787,863,727
3,923,792,864,730
3,946,778,866,731
3,951,773,866,731
3,924,745,866,731
3,928,726,866,731
3,930,718,865,732
3,932,717,864,733
3,947,678,864,733
3,958,652,864,733
3,949,648,864,734
3,944,658,863,735
3,969,651,863,737
3,950,637,863,739
3,948,646,863,739
3,950,608,866,740
3,939,587,869,740
3,913,567,873,740
3,941,571,875,741
3,954,549,878,741
3,960,550,879,742
3,948,555,881,741
3,941,586,883,737
3,930,589,887,733
3,929,622,891,731
3,950,629,895,728
3,987,617,899,726
3,995,614,902,724
3,990,590,905,723
3,985,576,905,723
3,973,561,905,720
3,990,556,906,713
3,1018,534,909,708
3,1005,549,911,704
3,995,543,915,700
3,985,547,917,698
3,976,525,920,696
3,981,516,922,693
3,993,537,925,687
3,994,549,925,683
3,995,535,925,682
3,1003,541,925,682
3,1008,545,925,682
3,995,555,926,682
3,1012,550,931,679
3,1019,555,940,669
3,1019,554,953,655
3,1005,553,963,643
3,1006,544,969,634
3,994,571,970,629
3,996,586,970,627
3,985,584,970,620
3,975,591,970,608
3,979,580,972,588
3,975,602,975,576
3,986,608,977,569
3,961,618,979,567
3,973,635,979,567
3,983,648,979,567
3,998,668,979,567
3,988,659,979,565
3,1025,656,979,565
3,1014,651,979,565
3,1013,652,979,565
3,1032,674,979,565
3,1027,702,979,568
3,1016,698,979,570
3,1043,677,979,571
3,1070,689,979,574
3,1063,669,977,581
3,1082,646,974,590
3,1076,667,973,604
3,1108,659,971,619
3,1110,674,971,624
3,1098,673,973,624
3,1074,673,978,624
3,1089,665,983,624
3,1082,648,988,624
3,1091,677,992,624
3,1099,695,995,626
3,1109,713,999,630
3,1118,715,1005,635
3,1132,699,1008,638
3,1120,689,1010,644
3,1116,715,1012,645
3,1115,711,1018,646
3,1117,719,1026,649
3,1139,708,1037,651
3,1153,694,1054,652
3,1157,701,1064,656
3,1167,689,1069,659
3,1158,674,1073,661
3,1157,674,1080,667
3,1138,679,1087,672
3,1136,701,1093,676
3,1126,700,1097,683
3,1139,702,1103,689
3,1136,703,1106,694
3,1143,694,1113,704
3,1119,682,1115,707
3,1113,674,1121,710
3,1116,678,1125,711
3,1112,685,1128,711
3,1117,685,1129,712
3,1105,680,1131,713
3,1143,662,1134,713
3,1150,614,1137,713
3,1152,644,1146,713
3,1147,613,1153,713
3,1133,626,1160,710
3,1121,623,1164,707
3,1120,624,1165,703
3,1127,609,1165,702
3,1122,611,1165,700
3,1107,592,1165,699
3,1102,585,1164,695
3,1084,573,1161,692
3,1085,573,1159,689
3,1065,582,1155,688
3,1060,587,1153,687
3,1078,581,1153,686
3,1071,551,1153,685
3,1064,562,1156,682
3,1061,551,1159,676
3,1039,533,1163,667
3,1044,537,1164,660
3,1044,521,1164,657
3,1029,518,1164,653
3,1006,509,1164,643
3,1027,518,1161,629
3,1000,514,1157,609
3,1026,512,1154,602
3,1002,518,1150,598
3,998,526,1147,598
3,1003,533,1140,596
3,987,539,1133,594
3,987,551,1121,588
3,984,563,1111,582
3,983,549,1102,576
3,994,527,1091,571
3,1006,520,1076,568
3,1009,529,1064,565
3,1019,531,1044,563
3,1008,540,1029,556
3,1025,522,1011,550
3,1033,543,995,544
3,1020,550,985,541
3,1016,532,972,537
3,993,536,960,537
3,985,516,950,536
3,985,537,940,536
3,958,535,935,537
3,958,535,931,542
3,953,533,928,549
3,942,536,924,556
3,943,507,922,565
3,939,504,921,575
3,947,468,919,582
3,931,462,919,591
3,917,461,920,597
3,910,448,923,605
3,932,431,927,610
3,951,422,933,614
3,942,418,938,616
3,946,439,942,617
3,926,440,943,618
3,921,453,943,618
3,920,476,943,618
3,934,469,943,618
3,937,479,946,618
3,939,460,950,618
3,920,446,957,615
3,905,424,965,608
3,891,428,972,602
3,924,434,981,586
3,934,442,985,571
3,943,468,987,543
3,952,456,987,524
3,948,462,985,512
3,925,465,981,508
3,921,457,974,504
3,905,457,967,501
3,879,478,958,500
3,891,488,944,496
3,889,515,932,496
3,885,510,910,495
3,863,507,897,493
3,873,519,881,491
3,861,509,872,490
3,868,503,868,490
3,877,476,868,490
3,887,482,868,490
3,880,475,868,490
3,892,487,868,490
3,866,476,868,490
3,870,461,868,490
3,885,457,868,491
3,887,451,867,495
3,902,448,866,498
3,906,457,862,510
3,892,459,857,519
3,901,454,854,528
3,914,435,852,530
3,906,433,852,530
3,924,433,852,532
3,922,421,852,532
3,931,427,852,532
3,934,433,852,532
3,937,437,852,531
3,924,451,851,531
3,928,438,851,530
3,903,452,849,529
3,909,452,850,524
3,926,440,851,520
3,941,448,855,515
3,923,475,857,512
3,913,477,864,508
3,928,499,873,502
3,923,491,882,496
3,925,495,887,494
3,921,514,889,494
3,956,514,889,493
3,957,524,889,493
3,963,511,889,493
3,992,504,891,493
3,991,505,893,493
3,985,500,894,493
3,981,482,895,493
3,985,503,896,493
3,972,488,896,493
3,956,501,898,493
3,964,520,899,493
3,941,526,900,493
3,960,506,901,493
3,993,512,902,493
3,969,540,904,493
3,986,520,908,494
3,1004,500,912,494
3,992,511,915,494
3,973,533,919,495
3,963,548,921,496
3,944,554,926,498
3,983,550,931,498
3,972,567,940,498
3,982,574,944,498
3,1000,589,947,498
3,977,571,949,498
3,977,581,951,499
3,1005,601,951,499
3,1011,592,953,499
3,1027,599,954,499
3,1025,605,956,500
3,1033,603,958,501
3,1020,614,960,502
3,1031,598,961,502
3,1004,577,961,503
3,1022,554,961,503
3,1030,544,961,505
3,1022,559,961,507
3,1030,565,962,510
3,1030,561,963,514
3,1007,560,966,523
3,1012,578,969,533
3,1027,592,972,540
3,1035,619,976,546
3,1068,603,980,550
3,1062,621,985,552
3,1096,632,996,557
3,1112,640,1006,559
3,1137,636,1015,560
3,1135,632,1028,562
3,1119,624,1033,562
3,1132,640,1035,562
3,1129,642,1039,562
3,1112,653,1044,560
3,1117,668,1046,557
3,1123,652,1048,556
3,1115,662,1048,554
3,1132,645,1050,550
3,1118,638,1051,546
3,1144,648,1051,546
3,1129,665,1053,546
3,1117,678,1053,546
3,1113,666,1056,548
3,1128,660,1069,553
3,1110,695,1084,555
3,1114,692,1101,556
3,1113,702,1128,558
3,1106,695,1150,562
3,1108,706,1175,566
3,1137,727,1193,573
3,1119,743,1204,576
3,1109,741,1222,578
3,1108,731,1228,579
3,1108,697,1229,580
3,1101,690,1229,580
3,1087,703,1229,581
3,1066,702,1227,585
3,1064,719,1223,594
3,1066,725,1216,607
3,1061,721,1211,624
3,1085,729,1202,642
3,1091,737,1196,650
3,1088,731,1193,654
3,1100,712,1186,659
3,1119,696,1182,662
3,1122,687,1165,677
3,1104,713,1153,692
3,1100,730,1141,702
3,1110,738,1134,709
3,1108,743,1126,714
3,1104,741,1115,722
3,1096,739,1102,728
3,1089,752,1093,733
3,1093,729,1088,733
3,1111,739,1088,733
3,1102,725,1087,734
3,1109,737,1083,739
3,1116,745,1074,747
3,1143,694,1065,755
3,1141,688,1060,762
3,1127,703,1056,766
3,1150,726,1055,768
3,1149,723,1054,769
3,1157,738,1054,769
3,1151,725,1054,771
3,1156,736,1055,772
3,1142,745,1055,773
3,1138,755,1056,773
3,1125,730,1059,773
3,1094,736,1064,769
3,1114,728,1070,762
3,1116,725,1076,751
3,1109,724,1083,735
3,1093,716,1086,718
3,1090,734,1090,709
3,1108,709,1090,707
3,1106,702,1090,707
3,1105,685,1090,707
3,1100,681,1090,707
3,1110,692,1090,707
3,1092,689,1090,707
3,1115,688,1090,709
3,1103,674,1089,711
3,1084,668,1087,715
3,1104,678,1083,718
3,1102,679,1080,722
3,1114,692,1076,726
3,1107,675,1073,727
3,1104,666,1072,728
3,1113,673,1071,728
3,1123,669,1067,730
3,1098,666,1062,732
3,1114,659,1054,735
3,1105,650,1050,736
3,1128,633,1049,736
3,1126,662,1047,736
3,1129,658,1046,736
3,1130,670,1042,732
3,1130,688,1039,729
3,1141,668,1037,726
3,1140,668,1036,725
3,1129,660,1035,724
3,1138,643,1035,722
3,1122,635,1035,714
3,1130,658,1035,702
3,1144,672,1036,693
3,1129,689,1037,691
3,1116,688,1037,691
3,1131,664,1038,690
3,1144,647,1043,687
3,1132,647,1054,682
3,1125,655,1063,678
3,1134,667,1078,672
3,1125,652,1085,669
3,1111,650,1089,668
3,1137,649,1092,667
3,1141,635,1096,667
3,1155,631,1100,665
3,1124,624,1101,665
3,1139,607,1103,664
3,1144,621,1103,664
3,1127,608,1103,664
3,1105,594,1103,664
3,1118,577,1103,664
3,1139,573,1103,664
3,1140,575,1104,663
3,1140,589,1104,663
3,1155,601,1104,663
3,1149,594,1104,663
3,1144,602,1104,663
3,1155,600,1104,663
3,1148,625,1104,663
3,1153,582,1104,664
3,1143,617,1102,664
3,1136,597,1101,664
3,1153,597,1098,664
3,1159,599,1093,661
3,1182,602,1085,642
3,1176,595,1083,622
3,1189,571,1082,610
3,1204,565,1082,600
3,1201,570,1086,591
3,1188,570,1089,584
3,1147,559,1091,577
3,1142,591,1094,573
3,1117,610,1094,572
3,1120,578,1094,572
3,1123,560,1094,572
3,1116,537,1094,572
3,1108,498,1094,572
3,1106,500,1094,575
3,1119,481,1094,576
3,1105,514,1094,578
3,1103,496,1094,578
3,1095,463,1094,578
3,1101,442,1094,579
3,1106,430,1094,579
3,1107,433,1094,580
3,1107,432,1094,580
3,1114,422,1094,580
3,1117,421,1094,580
3,1110,413,1094,580
3,1111,410,1094,580
3,1101,413,1094,580
3,1097,422,1094,577
3,1112,423,1095,567
3,1116,424,1097,557
3,1126,416,1098,540
3,1133,415,1102,512
3,1141,410,1106,485
3,1127,385,1110,465
3,1138,401,1110,453
3,1136,400,1114,442
3,1142,383,1117,429
3,1134,362,1121,414
3,1134,365,1121,402
3,1155,361,1119,395
3,1159,374,1118,393
3,1143,376,1116,393
3,1154,381,1116,393
3,1143,381,1112,393
3,1144,372,1108,395
3,1153,387,1106,397
3,1135,384,1106,397
3,1137,369,1106,397
3,1131,382,1106,397
3,1131,372,1106,397
3,1130,388,1106,397
3,1115,393,1106,397
3,1094,383,1106,397
3,1100,401,1106,397
3,1111,400,1106,397
3,1113,381,1106,397
3,1125,385,1106,397
3,1116,409,1106,397
3,1106,401,1106,397
3,1101,397,1106,397
3,1074,388,1106,397
3,1078,385,1106,397
3,1068,382,1106,397
3,1105,398,1108,396
3,1107,397,1108,395
3,1102,430,1108,395
3,1093,419,1108,395
3,1077,423,1108,395
3,1040,430,1108,395
3,1017,428,1105,396
3,1032,421,1097,400
3,1047,423,1093,401
3,1058,416,1093,401
3,1053,418,1093,401
3,1044,437,1092,401
3,1055,442,1092,401
3,1055,440,1092,401
3,1046,417,1092,401
3,1042,422,1092,401
3,1056,426,1092,401
3,1075,431,1092,401
3,1089,418,1092,401
3,1095,427,1092,401
3,1117,432,1092,401
3,1107,454,1092,401
3,1115,452,1088,402
3,1098,450,1079,408
3,1107,462,1069,413
3,1113,445,1060,416
3,1104,436,1051,416
3,1107,432,1048,416
3,1103,398,1046,416
3,1098,420,1046,416
3,1100,416,1046,416
3,1087,423,1045,416
3,1083,416,1045,416
3,1069,444,1045,416
3,1075,436,1045,416
3,1064,439,1045,416
3,1065,432,1045,416
3,1034,438,1045,416
3,1048,430,1045,416
3,1038,438,1045,416
3,1058,470,1045,416
3,1061,459,1045,418
3,1061,455,1046,423
3,1070,462,1046,427
3,1068,454,1046,427
3,1074,464,1046,427
3,1070,446,1046,427
3,1046,446,1046,427
3,1051,432,1046,427
3,1054,463,1046,427
3,1048,446,1046,427
3,1035,439,1046,427
3,1046,436,1046,427
3,1029,435,1045,428
3,1018,442,1043,429
3,1014,442,1040,432
3,1020,430,1036,434
3,1033,450,1034,435
3,1048,442,1034,435
3,1028,434,1034,435
3,1029,421,1034,435
3,1030,410,1034,435
3,1037,408,1034,435
3,1037,400,1034,435
3,1048,407,1034,435
3,1045,405,1034,435
3,1062,414,1034,435
3,1064,430,1034,435
3,1047,417,1034,435
3,1035,401,1031,435
3,1052,398,1024,436
3,1078,370,1020,438
3,1065,365,1017,438
3,1066,396,1016,438
3,1083,397,1016,438
3,1083,411,1016,438
3,1067,411,1016,438
3,1058,390,1016,438
3,1072,385,1016,438
3,1060,376,1016,438
3,1060,390,1016,438
3,1040,393,1016,438
3,1024,389,1016,438
3,1025,387,1016,438
3,1013,420,1016,438
3,1022,423,1016,438
3,1002,434,1016,438
3,985,435,1016,438
3,998,428,1016,438
3,1021,407,1016,438
3,1028,409,1016,438
3,1010,404,1016,438
3,1020,415,1016,438
3,1017,417,1016,438
3,1014,394,1016,438
3,1033,424,1016,438
3,1045,419,1016,438
3,1037,433,1016,438
3,1052,423,1016,438
3,1023,417,1016,438
3,1035,411,1016,438
3,1046,404,1016,438
3,1049,411,1016,438
3,1049,406,1016,438
3,1073,394,1016,438
3,1074,395,1016,438
3,1081,388,1016,438
3,1060,387,1016,438
3,1056,380,1016,438
3,1064,380,1016,438
3,1061,407,1016,438
3,1070,404,1016,438
3,1051,402,1016,438
3,1030,407,1016,438
3,1038,423,1016,438
3,1047,425,1016,438
3,1049,446,1016,438
3,1034,468,1016,438
3,1033,481,1016,438
3,1018,478,1016,438
3,1008,509,1016,438
3,981,490,1017,435
3,976,479,1017,434
3,961,468,1017,430
3,948,464,1017,428
3,942,474,1017,428
3,942,473,1017,428
3,975,490,1017,428
3,948,496,1017,428
3,928,478,1017,428
3,949,452,1017,428
3,954,448,1017,428
3,984,452,1017,428
3,984,437,1016,428
3,989,438,1014,430
3,974,430,1011,435
3,978,436,1006,439
3,990,431,1005,441
3,973,407,1003,441
3,975,408,1003,441
3,971,406,1003,441
3,980,411,1003,441
3,969,417,1002,441
3,956,391,1002,441
3,960,365,1002,441
3,950,353,1002,441
3,943,344,1000,441
3,978,343,999,441
3,1003,352,998,441
3,986,328,997,441
3,994,351,995,441
3,1012,371,994,443
3,1029,371,993,448
3,1044,367,992,452
3,1047,361,991,455
3,1025,351,991,456
3,1039,349,991,456
3,1028,365,988,458
3,1016,377,982,458
3,1019,387,975,458
3,1034,392,971,454
3,1062,378,970,451
3,1057,401,968,446
3,1063,413,968,439
3,1075,404,968,437
3,1079,397,968,435
3,1097,396,968,435
3,1085,394,969,435
3,1087,406,972,435
3,1087,412,975,435
3,1077,425,977,436
3,1052,435,980,438
3,1063,408,981,439
3,1047,405,981,440
3,1049,423,982,440
3,1044,438,984,440
3,1039,453,988,440
3,1037,464,991,440
3,1058,483,993,440
3,1038,467,995,441
3,1061,469,997,443
3,1078,456,1001,445
3,1057,455,1002,446
3,1077,456,1002,446
3,1081,435,1002,446
3,1096,425,1002,446
3,1102,409,1002,446
3,1099,391,1001,447
3,1101,423,997,447
3,1097,440,993,447
3,1071,460,989,447
3,1059,485,986,448
3,1047,468,984,449
3,1035,467,984,449
3,1043,498,985,449
3,1057,513,986,449
3,1067,497,988,449
3,1083,491,989,448
3,1069,506,989,448
3,1057,490,989,448
3,1039,488,989,448
3,1052,468,989,448
3,1032,460,989,448
3,1011,443,989,448
3,1013,455,989,447
3,1004,465,989,446
3,992,483,990,444
3,1005,495,991,443
3,1003,469,993,443
3,1005,472,994,442
3,1009,481,995,442
3,1020,470,995,442
3,1009,474,995,442
3,1000,464,996,442
3,1005,464,997,445
3,1004,485,998,448
3,991,464,998,448
3,1016,450,998,448
3,1026,454,998,451
3,1046,441,997,451
3,1065,431,995,452
3,1042,432,994,452
3,1028,434,992,453
3,1038,416,991,454
3,1022,416,989,455
3,1043,431,989,456
3,1062,422,990,459
3,1043,399,994,461
3,1059,409,996,461
3,1055,427,998,462
3,1048,425,998,463
3,1038,443,998,464
3,1034,418,997,465
3,1046,415,997,465
3,1033,383,997,465
3,1049,393,997,465
3,1044,379,998,462
3,1022,400,1000,459
3,1022,423,1000,459
3,1044,415,1002,459
3,1042,433,1004,458
3,1056,421,1006,457
3,1060,410,1008,456
3,1068,423,1008,456
3,1097,428,1008,456
3,1120,430,1008,458
3,1124,411,1009,462
3,1130,418,1009,464
3,1128,427,1008,466
3,1116,437,1008,466
3,1115,446,1008,466
3,1137,446,1008,466
3,1151,438,1012,461
3,1165,437,1016,457
3,1165,411,1018,457
3,1171,421,1018,456
3,1171,414,1018,456
3,1188,425,1018,456
3,1173,428,1018,456
3,1155,435,1018,456
3,1152,436,1017,457
3,1149,453,1017,457
3,1165,474,1017,457
3,1168,490,1017,458
3,1160,489,1016,458
3,1174,487,1016,458
3,1171,488,1016,458
3,1153,492,1016,458
3,1150,463,1019,457
3,1157,427,1024,457
3,1179,388,1027,457
3,1183,392,1031,458
3,1196,377,1033,459
3,1184,361,1037,460
3,1165,357,1043,460
3,1182,352,1050,463
3,1182,335,1059,469
3,1180,311,1068,477
3,1156,311,1077,484
3,1143,281,1090,491
3,1127,290,1104,498
3,1127,294,1111,503
3,1119,300,1115,509
3,1102,312,1115,514
3,1085,339,1114,515
3,1098,342,1113,515
3,1113,353,1113,513
3,1122,378,1115,499
3,1141,356,1124,485
3,1162,346,1129,470
3,1159,373,1130,455
3,1156,380,1130,439
3,1144,400,1128,429
3,1153,388,1122,419
3,1146,401,1115,412
3,1152,430,1108,407
3,1144,437,1097,404
3,1125,435,1083,405
3,1118,457,1071,405
3,1135,465,1062,405
3,1137,451,1059,405
3,1171,438,1057,404
3,1173,447,1057,404
3,1163,466,1057,404
3,1155,436,1059,402
3,1153,428,1063,401
3,1160,442,1075,398
3,1166,449,1100,395
3,1176,458,1132,393
3,1182,444,1154,391
3,1164,430,1177,393
3,1173,419,1185,396
3,1173,418,1189,400
3,1164,400,1191,405
3,1168,409,1189,412
3,1180,397,1179,422
3,1185,377,1168,441
3,1178,364,1159,457
3,1149,374,1155,464
3,1162,366,1156,465
3,1163,357,1160,465
3,1152,351,1161,465
3,1154,344,1161,465
3,1141,327,1162,469
3,1123,340,1162,472
3,1107,351,1163,473
3,1092,314,1163,476
3,1102,309,1163,477
3,1160,289,1163,478
3,1172,303,1163,481
3,1181,301,1164,483
3,1177,288,1167,483
3,1175,265,1171,478
3,1174,264,1176,459
3,1181,259,1177,441
3,1194,263,1170,426
3,1196,270,1158,414
3,1179,296,1149,406
3,1165,288,1143,403
3,1156,291,1141,402
3,1137,267,1141,402
3,1139,283,1141,402
3,1141,279,1141,402
3,1164,274,1145,398
3,1159,248,1151,391
3,1171,258,1158,384
3,1171,251,1164,378
3,1187,217,1166,377
3,1179,236,1167,376
3,1179,224,1169,376
3,1163,231,1169,376
3,1194,259,1169,376
3,1201,255,1169,376
3,1205,264,1171,374
3,1232,257,1174,373
3,1220,223,1179,369
3,1216,233,1183,365
3,1218,240,1184,361
3,1198,209,1184,359
3,1191,222,1184,357
3,1216,213,1184,352
3,1194,239,1185,345
3,1192,244,1190,330
3,1210,253,1200,309
3,1199,248,1205,296
3,1209,259,1206,289
3,1189,265,1206,288
3,1194,243,1206,288
3,1205,237,1206,288
3,1211,232,1205,287
3,1205,240,1204,286
3,1194,217,1202,280
3,1203,225,1202,278
3,1201,260,1202,276
3,1206,279,1202,276
3,1204,274,1202,276
3,1221,242,1202,276
3,1230,233,1202,275
3,1258,254,1203,270
3,1267,259,1204,261
3,1275,254,1204,254
3,1281,247,1204,250
3,1264,264,1204,250
3,1272,260,1204,250
3,1286,256,1203,251
3,1290,225,1200,252
3,1300,233,1194,256
3,1298,221,1191,256
3,1277,233,1190,257
3,1243,228,1190,257
3,1237,218,1189,257
3,1256,224,1189,257
3,1259,220,1189,258
3,1282,206,1191,263
3,1289,193,1192,272
3,1298,158,1195,284
3,1305,157,1197,299
3,1318,159,1198,306
3,1312,153,1202,307
3,1315,146,1210,307
3,1300,140,1221,302
3,1294,125,1227,298
3,1306,127,1229,295
3,1332,128,1233,290
3,1330,143,1239,277
3,1314,139,1242,265
3,1346,144,1242,254
3,1348,171,1243,251
3,1341,163,1247,247
3,1354,170,1258,238
3,1375,171,1275,227
3,1347,135,1288,219
3,1366,135,1297,213
3,1370,151,1303,209
3,1365,128,1307,205
3,1369,120,1307,204
3,1358,155,1307,204
3,1370,175,1307,203
3,1352,163,1307,203
3,1338,138,1307,203
3,1346,160,1307,203
3,1351,161,1305,204
3,1343,169,1305,206
3,1355,160,1305,212
3,1370,150,1310,220
3,1363,161,1316,224
3,1328,164,1325,227
3,1322,177,1349,227
3,1323,167,1374,227
3,1320,152,1385,231
3,1321,175,1392,236
3,1343,188,1395,238
3,1329,192,1395,240
3,1331,182,1395,240
3,1356,193,1395,240
3,1373,181,1395,240
3,1365,191,1394,236
3,1392,190,1393,229
3,1346,194,1388,220
3,1343,204,1381,205
3,1338,214,1373,199
3,1348,197,1365,196
3,1348,226,1356,196
3,1362,222,1345,198
3,1328,248,1330,207
3,1330,264,1311,217
3,1340,261,1301,225
3,1308,289,1300,225
3,1302,312,1300,225
3,1280,295,1299,225
3,1280,307,1299,225
3,1269,330,1299,225
3,1251,339,1299,225
3,1261,346,1299,225
3,1277,372,1299,225
3,1288,362,1301,225
3,1310,371,1308,221
3,1326,370,1310,220
3,1304,366,1310,220
3,1307,374,1310,220
3,1308,363,1310,220
3,1275,356,1310,220
3,1269,367,1308,229
3,1244,362,1296,250
3,1239,345,1280,274
3,1233,341,1258,302
3,1225,361,1239,328
3,1213,381,1223,350
3,1222,395,1212,369
3,1236,398,1209,374
3,1221,393,1209,375
3,1195,375,1216,375
3,1200,377,1223,375
3,1189,381,1227,376
3,1199,386,1231,380
3,1212,400,1232,384
3,1231,417,1232,389
3,1246,424,1232,393
3,1235,439,1230,396
3,1224,435,1223,405
3,1206,436,1218,413
3,1202,413,1211,420
3,1183,401,1210,420
3,1179,395,1210,420
3,1200,391,1210,420
3,1191,378,1210,420
3,1204,368,1210,420
3,1211,354,1210,420
3,1199,335,1210,422
3,1191,323,1209,422
3,1199,336,1209,422
3,1195,354,1209,422
3,1195,355,1209,422
3,1205,356,1209,424
3,1217,369,1206,425
3,1222,361,1204,428
3,1225,346,1202,429
3,1220,358,1202,431
3,1207,346,1202,431
3,1221,317,1202,431
3,1206,329,1202,431
3,1207,316,1202,431
3,1207,302,1202,431
3,1205,295,1202,431
3,1226,279,1202,430
3,1216,267,1200,428
3,1212,271,1199,427
3,1211,281,1199,427
3,1195,272,1197,427
3,1193,277,1197,427
3,1210,281,1194,427
3,1201,246,1194,427
3,1213,237,1191,427
3,1195,225,1190,427
3,1184,234,1189,427
3,1164,228,1189,427
3,1171,189,1189,426
3,1186,188,1189,421
3,1173,192,1192,392
3,1143,169,1196,365
3,1148,140,1197,353
3,1134,144,1197,347
3,1179,139,1197,345
3,1183,147,1197,344
3,1182,152,1197,343
3,1188,164,1196,338
3,1175,177,1190,318
3,1188,162,1183,298
3,1195,167,1176,284
3,1207,196,1167,277
3,1244,193,1162,274
3,1237,183,1158,274
3,1230,199,1153,274
3,1248,163,1148,271
3,1239,137,1145,268
3,1237,150,1144,264
3,1226,149,1143,257
3,1222,156,1141,249
3,1207,164,1140,243
3,1210,178,1140,238
3,1225,174,1140,236
3,1232,183,1140,235
3,1243,198,1140,234
3,1259,192,1145,232
3,1259,179,1154,229
3,1268,179,1165,228
3,1266,179,1170,228
3,1266,184,1172,228
3,1269,172,1173,229
3,1253,185,1175,229
3,1245,202,1183,223
3,1246,199,1195,216
3,1242,202,1200,212
3,1253,197,1203,211
3,1249,200,1203,211
3,1258,225,1203,211
3,1261,216,1203,211
3,1235,193,1203,211
3,1221,224,1203,211
3,1212,215,1206,211
3,1216,182,1210,211
3,1244,172,1212,212
3,1225,168,1216,212
3,1220,166,1223,212
3,1201,167,1232,207
3,1226,171,1239,205
3,1242,151,1244,202
3,1240,146,1250,202
3,1253,138,1256,200
3,1256,131,1264,199
3,1237,123,1271,199
3,1224,117,1274,199
3,1214,140,1274,199
3,1225,134,1274,199
3,1193,114,1272,199
3,1160,158,1266,202
3,1174,151,1260,206
3,1187,134,1245,211
3,1180,135,1236,216
3,1166,148,1235,216
3,1173,143,1234,216
3,1140,135,1234,216
3,1147,116,1234,216
3,1156,149,1235,213
3,1151,141,1238,211
3,1159,117,1238,211
3,1136,136,1238,211
3,1131,134,1238,211
3,1098,150,1235,213
3,1082,173,1226,217
3,1077,223,1219,220
3,1059,220,1218,220
3,1072,211,1218,220
3,1047,211,1218,220
3,1046,204,1218,220
3,1009,202,1218,220
3,1004,212,1218,220
3,1013,202,1218,220
3,1053,224,1216,217
3,1066,223,1211,213
3,1054,231,1202,210
3,1058,253,1188,207
3,1056,261,1176,207
3,1032,241,1164,208
3,1017,264,1148,215
3,1012,265,1124,233
3,985,264,1100,247
3,987,242,1083,260
3,982,245,1078,262
3,991,267,1077,262
3,992,270,1077,262
3,976,283,1077,262
3,957,305,1077,262
3,951,301,1075,265
3,949,319,1074,266
3,947,335,1074,266
3,958,331,1073,268
3,956,342,1073,270
3,965,326,1071,273
3,943,324,1069,278
3,929,329,1067,283
3,905,356,1059,289
3,901,342,1050,295
3,876,352,1041,301
3,864,350,1033,307
3,872,364,1025,313
3,870,369,1020,317
3,856,375,1012,320
3,842,394,1010,321
3,848,378,1009,322
3,842,402,1004,323
3,840,385,1003,325
3,818,377,1001,326
3,819,370,998,328
3,822,386,995,330
3,804,401,989,333
3,819,399,984,337
3,836,386,976,343
3,841,399,967,349
3,845,403,958,357
3,863,422,949,363
3,882,415,938,368
3,867,421,926,376
3,856,409,924,379
3,849,406,915,384
3,836,398,911,388
3,835,405,906,394
3,839,392,898,400
3,812,407,893,407
3,804,408,885,412
3,821,389,878,417
3,806,374,869,422
3,810,373,860,425
3,814,370,853,429
3,822,401,846,432
3,814,379,840,435
3,799,392,838,436
3,810,390,837,436
3,798,390,836,437
3,812,381,835,438
3,821,356,834,438
3,835,351,834,438
3,834,329,834,438
3,819,331,834,438
3,821,327,834,438
3,820,322,834,438
3,857,339,832,438
3,844,306,830,438
3,842,296,829,439
3,833,300,828,439
3,820,296,828,439
3,818,279,827,439
3,833,275,826,440
3,853,292,825,440
3,852,271,825,440
3,869,290,825,440
3,866,285,825,440
3,862,294,825,440
3,883,281,825,440
3,901,300,825,440
3,918,315,825,440
3,927,327,825,440
3,941,334,825,440
3,940,329,825,440
3,936,327,825,440
3,944,315,825,440
3,935,327,825,440
3,929,320,825,440
3,913,330,825,440
3,902,325,825,440
3,898,339,826,440
3,891,352,827,440
3,888,344,827,440
3,887,369,828,438
3,901,345,829,436
3,908,347,831,433
3,914,346,833,432
3,906,354,834,432
3,894,342,836,431
3,901,346,842,430
3,875,351,848,427
3,882,339,851,424
3,857,323,855,422
3,865,308,856,421
3,860,282,856,421
3,860,301,856,421
3,855,293,856,421
3,847,282,856,421
3,861,297,856,421
3,841,321,856,421
3,836,314,856,421
3,838,311,856,421
3,838,318,856,421
3,838,309,856,421
3,831,297,856,421
3,835,315,856,421
3,864,337,856,421
3,876,332,856,421
3,867,357,856,421
3,825,369,856,421
3,837,365,856,421
3,862,336,856,421
3,847,335,856,421
3,861,352,856,421
3,859,374,856,421
3,883,369,856,421
3,864,404,856,421
3,855,387,856,421
3,860,372,856,421
3,847,353,856,421
3,867,359,856,421
3,861,347,856,421
3,865,335,856,421
3,900,334,857,419
3,895,341,858,416
3,919,358,859,415
3,906,344,859,414
3,892,329,859,414
3,900,318,859,414
3,885,339,859,414
3,874,325,859,414
3,844,311,859,414
3,815,321,859,414
3,803,331,859,414
3,807,338,859,414
3,816,338,859,414
3,824,337,859,414
3,825,350,861,413
3,828,332,862,412
3,826,338,863,408
3,822,365,864,406
3,835,370,865,404
3,818,364,866,403
3,826,376,867,402
3,853,371,870,399
3,865,378,875,398
3,861,384,880,397
3,862,376,886,394
3,868,392,888,393
3,868,399,889,393
3,843,374,889,393
3,806,356,889,393
3,805,365,890,393
3,818,351,890,393
3,789,341,890,391
3,813,360,890,391
3,794,327,890,391
3,803,324,890,391
3,818,345,890,391
3,835,301,890,391
3,844,296,889,392
3,839,300,888,392
3,848,299,888,392
3,823,307,885,393
3,808,300,884,393
3,810,302,883,394
3,799,288,882,395
3,786,293,880,396
3,793,284,879,397
3,803,276,878,398
3,800,271,876,400
3,790,273,875,400
3,790,309,874,400
3,779,316,873,400
3,772,320,873,401
3,753,327,873,401
3,755,328,874,401
3,757,314,874,401
3,753,308,874,401
3,749,335,874,401
3,750,379,874,401
3,758,374,874,401
3,773,360,874,402
3,775,335,873,403
3,794,328,868,404
3,802,322,860,406
3,818,297,855,406
3,822,300,854,407
3,816,305,850,408
3,802,311,846,411
3,828,337,841,415
3,822,343,839,416
3,821,359,839,417
3,798,383,837,418
3,789,378,837,418
3,799,366,837,419
3,782,348,837,419
3,768,374,837,419
3,773,391,839,419
3,759,389,847,408
3,755,395,857,396
3,760,410,862,392
3,780,414,863,391
3,779,428,863,391
3,789,417,863,391
3,772,420,863,391
3,778,398,862,391
3,776,387,861,391
3,780,370,861,392
3,786,374,861,392
3,795,369,861,392
3,809,377,861,392
3,802,368,861,392
3,811,372,861,392
3,805,348,861,392
3,785,348,861,392
3,783,333,857,395
3,792,322,855,400
3,811,324,851,404
3,826,350,850,406
3,814,343,850,406
3,834,349,848,407
3,828,375,848,407
3,821,395,847,409
3,816,394,847,409
3,790,389,846,410
3,785,368,845,412
3,785,415,843,414
3,796,425,840,418
3,798,409,838,422
3,797,407,835,423
3,810,387,834,424
3,799,398,834,426
3,799,408,834,428
3,805,426,834,430
3,820,441,836,431
3,827,453,837,432
3,838,457,838,433
3,830,454,838,434
3,804,452,838,434
3,814,450,838,435
3,826,455,838,438
3,840,452,838,439
3,852,439,838,441
3,845,435,836,445
3,834,445,835,449
3,823,439,834,450
3,815,438,833,452
3,798,451,833,454
3,791,433,832,456
3,782,444,832,460
3,770,409,832,462
3,766,414,832,466
3,778,432,832,466
3,779,417,832,469
3,774,403,832,472
3,766,424,833,477
3,759,424,837,485
3,775,425,838,489
3,797,446,839,492
3,805,448,843,493
3,797,470,848,495
3,816,469,855,498
3,811,488,858,499
3,796,506,860,500
3,795,500,861,500
3,800,466,861,500
3,799,464,861,500
3,804,455,861,500
3,793,437,862,500
3,778,433,862,500
3,774,452,862,500
3,772,441,863,500
3,748,424,863,499
3,733,408,865,497
3,755,397,866,495
3,760,419,866,495
3,743,406,867,494
3,755,377,867,494
3,748,344,867,494
3,737,343,867,493
3,744,366,868,492
3,765,341,868,489
3,742,313,868,488
3,762,308,868,487
3,759,331,868,487
3,732,329,868,487
3,744,314,868,486
3,770,334,868,485
3,784,327,865,481
3,793,323,862,477
3,799,325,858,473
3,801,323,855,467
3,812,324,855,463
3,811,349,855,454
3,832,374,854,449
3,843,346,852,445
3,838,312,852,444
3,863,287,851,443
3,849,296,851,440
3,853,302,851,439
3,826,288,851,436
3,808,287,851,434
3,786,288,851,433
3,788,285,851,431
3,802,300,851,429
3,801,313,851,427
3,793,311,851,424
3,771,310,851,422
3,769,290,853,421
3,768,311,853,421
3,780,313,854,420
3,770,311,857,417
3,778,313,862,410
3,775,316,866,401
3,795,316,872,392
3,785,299,873,385
3,793,326,873,380
3,760,346,873,376
3,757,337,872,374
3,759,334,871,373
3,754,333,871,373
3,778,328,871,371
3,787,325,871,364
3,782,350,874,355
3,780,353,876,351
3,795,341,876,349
3,786,343,875,347
3,760,354,872,344
3,765,353,868,340
3,785,370,864,336
3,799,371,862,334
3,801,375,860,332
3,777,360,859,332
3,782,373,858,330
3,764,362,858,330
3,781,360,857,330
3,775,383,856,330
3,763,376,855,330
3,786,382,851,329
3,768,373,850,329
3,759,396,848,329
3,755,417,844,331
3,762,428,840,333
3,778,433,835,340
3,779,411,834,345
3,797,407,832,350
3,778,424,831,355
3,772,407,831,359
3,785,420,831,361
3,776,414,831,363
3,779,412,831,365
3,784,435,831,366
3,792,448,831,369
3,803,427,831,373
3,798,404,831,382
3,796,413,829,388
3,812,406,827,392
3,815,398,826,397
3,827,381,823,404
3,822,378,823,406
3,812,373,823,408
3,811,367,822,412
3,834,365,822,415
3,849,355,822,419
3,853,386,823,424
3,845,393,826,431
3,842,392,829,437
3,852,422,833,442
3,863,415,836,446
3,876,403,838,450
3,874,410,840,451
3,863,396,844,451
3,869,426,848,451
3,867,433,850,451
3,858,419,858,447
3,845,410,860,443
3,819,388,862,442
3,835,384,863,442
3,839,380,863,441
3,829,365,863,441
3,833,358,863,441
3,842,357,863,441
3,811,373,864,441
3,798,381,864,438
3,798,381,864,437
3,820,378,864,436
3,800,380,865,436
3,832,381,866,436
3,827,378,866,436
3,848,364,867,436
3,855,367,870,436
3,854,347,873,436
3,859,367,874,436
3,878,354,875,436
3,856,355,875,436
3,851,368,876,436
3,840,368,876,436
3,833,352,876,435
3,846,338,875,431
3,866,364,865,420
3,844,389,842,389
3,855,374,837,384
3,874,378,833,378
3,862,369,832,377
3,853,375,832,377
3,891,366,832,374
3,894,358,838,366
3,878,361,842,361
3,892,377,844,359
3,908,373,846,358
3,921,388,846,358
3,953,396,847,358
3,918,412,848,357
3,887,423,849,357
3,887,424,850,357
3,908,443,850,357
3,903,437,851,357
3,921,397,852,357
3,918,404,855,357
3,922,415,860,357
3,906,416,868,357
3,885,412,875,357
3,905,393,878,357
3,883,385,882,357
3,852,379,884,360
3,851,376,886,363
3,882,367,886,368
3,863,374,886,372
3,883,368,883,381
3,877,379,879,389
3,897,373,875,394
3,901,355,875,396
3,876,352,874,398
3,884,345,874,400
3,897,333,874,401
3,891,325,874,403
3,899,331,874,405
3,884,360,874,407
3,885,361,873,408
3,871,374,873,408
3,900,337,873,408
3,871,324,873,408
3,883,316,873,408
3,879,301,874,408
3,899,305,875,408
3,909,308,875,408
3,912,335,875,408
3,945,316,875,408
3,922,313,875,408
3,931,316,874,408
3,935,299,873,409
3,925,306,871,410
3,945,281,871,411
3,955,299,869,413
3,949,280,868,417
3,950,290,868,420
3,963,304,868,422
3,979,302,869,423
3,976,279,872,423
3,984,285,875,423
3,981,282,879,425
3,987,279,884,428
3,990,276,893,429
3,1001,282,905,429
3,1005,283,917,424
3,992,296,924,421
3,1018,311,929,419
3,1025,304,930,417
3,1029,292,931,417
3,1045,258,931,417
3,1050,254,935,416
3,1051,251,947,406
3,1074,249,950,399
3,1065,244,958,392
3,1084,233,964,387
3,1065,236,967,384
3,1067,252,970,381
3,1081,232,974,377
3,1087,230,980,371
3,1088,232,982,367
3,1067,210,983,367
3,1062,213,983,366
3,1057,223,983,366
3,1036,232,985,366
3,1028,197,992,361
3,1031,167,1005,350
3,1046,160,1024,341
3,1060,189,1033,335
3,1060,212,1041,331
3,1063,235,1049,325
3,1063,205,1058,320
3,1080,217,1063,317
3,1085,248,1068,314
3,1085,229,1069,314
3,1093,231,1070,314
3,1095,235,1074,313
3,1095,222,1077,309
3,1106,202,1082,300
3,1108,201,1086,291
3,1106,214,1089,287
3,1084,209,1089,286
3,1111,212,1089,286
3,1123,203,1089,286
3,1136,186,1088,284
3,1137,184,1087,271
3,1138,186,1094,253
3,1151,195,1097,245
3,1146,181,1101,243
3,1140,157,1101,243
3,1139,161,1101,243
3,1172,156,1101,243
3,1171,154,1101,243
3,1191,159,1103,243
3,1179,150,1108,241
3,1184,160,1116,238
3,1194,170,1117,238
3,1217,153,1117,238
3,1222,166,1117,238
3,1247,157,1117,238
3,1246,167,1120,236
3,1239,155,1129,231
3,1233,154,1136,229
3,1208,145,1138,229
3,1226,147,1138,229
3,1207,149,1138,229
3,1202,135,1138,229
3,1198,121,1138,229
3,1192,158,1140,227
3,1168,175,1150,223
3,1163,198,1166,216
3,1171,200,1176,213
3,1175,200,1187,211
3,1177,206,1194,209
3,1165,187,1203,206
3,1157,180,1205,203
3,1170,181,1206,202
3,1154,192,1208,202
3,1135,185,1210,200
3,1111,180,1213,196
3,1120,180,1217,193
3,1136,178,1218,190
3,1131,151,1219,190
3,1097,146,1219,190
3,1095,137,1213,191
3,1081,142,1201,196
3,1098,165,1170,208
3,1105,172,1154,215
3,1093,155,1154,215
3,1100,140,1154,215
3,1094,149,1154,215
3,1084,155,1154,215
3,1087,151,1154,215
3,1083,178,1154,215
3,1072,178,1154,215
3,1078,164,1154,215
3,1097,160,1154,215
3,1088,161,1152,215
3,1085,161,1149,215
3,1106,152,1148,215
3,1094,159,1147,212
3,1098,180,1143,211
3,1084,151,1138,209
3,1061,146,1133,207
3,1037,141,1126,206
3,1031,140,1119,206
3,1015,138,1115,205
3,1005,109,1112,202
3,1003,144,1108,200
3,1019,162,1107,199
3,1047,170,1107,199
3,1022,192,1107,199
3,1030,194,1107,199
3,1021,203,1107,199
3,1016,217,1107,199
3,1021,223,1107,199
3,1019,240,1097,194
3,1032,237,1088,190
3,1010,222,1077,185
3,1001,225,1067,181
3,988,253,1060,178
3,1005,240,1054,175
3,1008,231,1053,175
3,1021,256,1051,174
3,1020,258,1048,173
3,1017,274,1045,173
3,1016,287,1044,173
3,1003,289,1043,173
3,986,285,1040,173
3,999,301,1035,179
3,1012,300,1029,188
3,1020,271,1018,202
3,1022,275,1011,217
3,1043,307,1006,228
3,1067,297,1005,239
3,1085,309,1003,249
3,1105,320,1003,258
3,1097,331,1002,265
3,1120,347,1000,272
3,1126,343,1000,277
3,1124,320,999,280
3,1136,296,999,284
3,1132,305,998,289
3,1133,313,996,293
3,1120,304,994,298
3,1100,300,991,304
3,1097,305,991,309
3,1089,306,990,315
3,1073,302,990,320
3,1080,301,990,324
3,1098,295,990,329
3,1107,276,990,333
3,1115,309,990,336
3,1114,316,990,343
3,1099,292,995,350
3,1098,277,1000,358
3,1094,290,1004,361
3,1092,277,1010,364
3,1061,268,1020,366
3,1057,240,1034,366
3,1060,279,1041,365
3,1046,281,1045,364
3,1042,274,1047,364
3,1039,286,1048,364
3,1024,276,1048,364
3,1015,288,1050,364
3,1017,286,1050,364
3,1015,303,1050,364
3,1024,291,1051,363
3,1016,284,1051,363
3,1011,279,1052,363
3,1005,278,1055,362
3,1004,304,1061,359
3,1015,330,1064,358
3,1009,349,1066,357
3,1010,344,1066,357
3,1028,345,1066,357
3,1040,312,1066,357
3,1053,305,1066,357
3,1042,276,1066,357
3,1039,283,1064,354
3,1051,293,1062,353
3,1044,322,1060,352
3,1040,313,1058,351
3,1037,312,1058,351
3,1059,297,1057,351
3,1056,302,1057,350
3,1048,295,1056,350
3,1046,261,1054,350
3,1039,273,1053,350
3,1035,256,1052,349
3,1023,285,1052,349
3,1029,285,1049,349
3,1022,303,1048,349
3,1040,286,1047,349
3,1041,324,1047,349
3,1072,298,1047,349
3,1063,300,1047,349
3,1071,274,1047,349
3,1043,286,1047,349
3,1018,302,1047,349
3,1030,288,1047,349
3,1025,279,1047,349
3,1005,286,1047,349
3,991,291,1047,349
3,982,273,1047,349
3,957,280,1047,349
3,953,283,1047,349
3,949,325,1047,349
3,924,348,1047,349
3,928,321,1047,349
3,904,354,1047,349
3,908,354,1047,349
3,910,353,1047,349
3,889,366,1047,349
3,876,378,1047,349
3,862,385,1047,349
3,861,366,1047,349
3,841,374,1047,349
3,868,384,1047,349
3,884,368,1047,349
3,869,365,1047,349
3,856,366,1047,349
3,869,380,1047,349
3,865,398,1041,349
3,880,436,1036,349
3,867,457,1032,349
3,877,483,1027,353
3,885,508,1018,359
3,895,541,1004,366
3,922,526,976,378
3,937,518,952,394
3,932,531,933,405
3,922,543,924,407
3,937,558,922,406
3,920,582,920,404
3,933,574,919,403
3,937,616,919,403
3,930,615,917,403
3,943,608,915,406
3,947,601,907,417
3,919,590,892,444
3,925,575,890,456
3,932,562,892,466
3,939,588,906,487
3,949,588,914,500
3,934,586,920,508
3,957,580,923,511
3,942,594,924,512
3,940,613,926,512
3,942,600,927,513
3,905,594,928,515
3,893,593,931,519
3,874,580,931,524
3,882,608,932,531
3,873,620,935,543
3,851,610,937,555
3,880,604,940,564
3,885,588,940,569
3,878,606,940,572
3,881,591,941,574
3,884,591,942,576
3,889,614,943,578
3,910,649,944,579
3,930,632,944,580
3,954,626,944,580
3,942,627,944,580
3,937,631,944,580
3,933,622,944,580
3,931,602,944,580
3,932,594,939,580
3,925,594,934,580
3,899,624,927,580
3,913,587,920,578
3,929,567,915,575
3,919,594,914,575
3,901,599,914,574
3,894,586,914,574
3,885,562,914,574
3,867,565,914,574
3,849,587,914,574
3,836,595,914,574
3,821,588,915,574
3,832,585,918,577
3,826,616,920,578
3,818,618,923,579
3,800,621,927,579
3,816,610,928,579
3,806,617,928,579
3,838,636,929,579
3,856,622,929,579
3,863,619,930,579
3,872,619,931,579
3,867,622,931,579
3,866,627,931,578
3,849,634,931,577
3,862,603,926,577
3,837,601,918,577
3,832,603,911,577
3,849,594,902,577
3,849,579,893,581
3,839,577,888,586
3,852,567,888,587
3,843,554,888,587
3,842,564,888,587
3,832,567,888,587
3,833,546,888,588
3,809,545,888,588
3,804,524,887,589
3,794,535,887,591
3,795,522,887,594
3,797,519,885,599
3,824,521,885,604
3,859,543,885,606
3,864,537,885,606
3,868,546,885,606
3,857,548,885,606
3,824,543,885,606
3,834,550,885,606
3,844,560,885,606
3,829,585,884,601
3,854,579,869,543
3,823,592,861,507
3,829,598,861,488
3,855,598,863,466
3,840,574,872,452
3,827,563,878,445
3,828,552,883,444
3,826,548,883,443
3,825,551,883,443
3,836,550,884,443
3,819,545,886,447
3,816,554,886,453
3,830,553,886,459
3,821,552,883,462
3,826,538,879,466
3,827,539,875,471
3,824,568,874,480
3,824,582,869,491
3,829,582,862,506
3,850,575,848,530
3,853,560,834,543
3,820,554,827,549
3,837,575,823,553
3,838,582,822,554
3,838,606,821,555
3,826,577,821,556
3,812,591,821,556
3,811,598,821,556
3,789,581,821,556
3,777,578,821,556
3,757,581,821,556
3,757,590,821,556
3,759,594,821,556
3,736,587,821,556
3,760,572,821,556
3,743,566,821,561
3,742,557,823,565
3,746,557,830,566
3,754,544,835,566
3,760,552,838,567
3,769,550,839,567
3,751,552,839,567
3,762,534,839,569
3,774,538,836,572
3,763,555,831,574
3,761,578,824,579
3,768,595,810,587
3,781,579,794,598
3,780,580,783,603
3,772,578,779,599
3,781,578,773,592
3,793,538,767,583
3,760,520,765,579
3,743,526,764,577
3,767,532,764,577
3,767,489,764,576
3,789,508,762,576
3,794,507,762,575
3,786,500,761,574
3,777,486,761,574
3,767,466,761,574
3,749,467,761,574
3,740,470,761,572
3,744,511,764,572
3,725,521,773,576
3,728,532,781,579
3,726,532,790,578
3,743,534,799,574
3,746,528,807,565
3,749,516,808,559
3,734,521,808,557
3,746,544,808,555
3,738,562,808,555
3,739,547,806,554
3,732,556,799,552
3,738,551,792,552
3,740,551,788,552
3,750,562,785,551
3,754,564,781,550
3,766,572,777,546
3,754,585,773,544
3,751,602,771,542
3,767,574,771,542
3,779,563,771,542
3,782,565,771,542
3,782,575,770,542
3,777,566,769,542
3,772,563,768,542
3,783,564,765,544
3,811,569,764,546
3,823,569,764,546
3,829,550,763,546
3,832,516,763,547
3,853,505,762,548
3,850,522,760,551
3,854,537,760,555
3,846,536,758,559
3,824,508,757,564
3,822,509,757,571
3,836,522,762,580
3,831,538,770,587
3,852,543,777,592
3,855,554,785,592
3,861,548,796,588
3,875,530,805,584
3,875,522,811,581
3,891,521,815,577
3,890,518,818,574
3,894,524,819,573
3,932,524,820,573
3,956,530,823,572
3,938,539,825,570
3,957,543,829,570
3,935,566,830,569
3,941,555,830,569
3,948,544,830,569
3,950,552,830,569
3,951,538,832,568
3,956,548,837,566
3,936,557,841,566
3,928,568,844,566
3,942,568,849,566
3,954,544,856,566
3,930,530,866,566
3,937,524,877,563
3,951,516,886,562
3,941,491,893,560
3,951,530,896,560
3,970,510,899,560
3,992,536,904,561
3,992,528,905,561
3,987,526,911,561
3,977,523,916,561
3,979,555,921,561
3,978,561,926,561
3,974,562,933,562
3,965,550,942,562
3,969,542,958,560
3,972,511,967,557
3,978,525,976,554
3,965,538,983,554
3,974,540,988,554
3,988,556,995,554
3,992,551,1003,553
3,984,547,1009,551
3,964,554,1010,550
3,949,571,1011,550
3,923,576,1011,550
3,934,566,1011,550
3,917,575,1011,549
3,948,568,1010,548
3,946,591,1009,546
3,926,579,1009,545
3,904,558,1009,541
3,901,584,1009,538
3,911,586,1009,537
3,893,583,1004,533
3,912,599,997,531
3,908,597,983,531
3,878,615,960,541
3,858,629,941,552
3,853,644,925,561
3,858,628,922,561
3,863,633,922,561
3,881,633,921,561
3,883,637,921,561
3,909,662,921,559
3,921,662,921,559
3,925,649,920,559
3,917,663,920,559
3,905,653,918,560
3,937,671,914,561
3,938,672,910,563
3,922,646,909,566
3,891,653,902,570
3,892,670,891,578
3,894,647,871,591
3,904,653,862,598
3,915,661,859,601
3,905,671,859,605
3,931,679,859,608
3,966,675,859,612
3,980,681,859,613
3,981,691,859,615
3,983,683,860,617
3,979,652,865,618
3,966,667,872,619
3,953,653,878,621
3,940,678,883,624
3,938,680,887,628
3,931,686,893,632
3,949,687,898,632
3,961,696,902,632
3,999,695,904,632
3,1012,698,906,632
3,1007,707,909,635
3,1012,697,915,640
3,1019,689,919,646
3,998,687,922,651
3,985,703,923,657
3,985,705,927,666
3,1000,701,934,676
3,1005,704,945,684
3,1009,695,959,687
3,974,711,968,687
3,990,734,973,687
3,965,715,974,687
3,961,666,974,687
3,975,664,978,686
3,980,702,980,689
3,977,680,986,691
3,977,687,993,694
3,975,678,1001,695
3,978,662,1009,697
3,980,688,1018,700
3,992,674,1027,704
3,1013,694,1032,710
3,1022,694,1032,711
3,1046,692,1033,712
3,1049,686,1034,715
3,1054,685,1038,718
3,1070,678,1043,721
3,1074,675,1053,722
3,1087,670,1061,720
3,1084,670,1061,718
3,1067,680,1059,713
3,1087,653,1050,702
3,1080,635,1032,682
3,1087,632,1022,672
3,1095,639,1014,668
3,1072,642,1007,666
3,1068,644,1004,666
3,1057,650,1003,666
3,1061,649,1003,666
3,1031,646,1003,666
3,1008,638,1018,664
3,1003,646,1049,654
3,978,656,1077,646
3,968,658,1092,644
3,974,654,1101,644
3,947,637,1102,645
3,936,640,1102,645
3,948,667,1103,645
3,942,666,1122,638
3,965,678,1128,635
3,957,680,1137,628
3,968,665,1138,627
3,960,682,1135,625
3,965,675,1127,623
3,972,691,1118,623
3,983,698,1109,624
3,974,724,1106,624
3,951,723,1103,621
3,980,716,1101,617
3,989,729,1094,613
3,986,742,1087,610
3,970,787,1081,610
3,975,781,1071,610
3,977,780,1061,610
3,971,803,1053,612
3,968,782,1052,614
3,956,784,1049,615
3,992,785,1046,616
3,980,789,1045,619
3,948,808,1039,621
3,939,834,1036,624
3,956,831,1030,630
3,966,848,1023,637
3,970,833,1017,646
3,969,839,1011,655
3,933,859,1005,662
3,944,855,995,671
3,964,847,989,677
3,1001,840,983,684
3,995,839,979,690
3,1018,850,975,695
3,1027,860,972,699
3,1000,864,972,702
3,981,856,971,704
3,1001,862,971,709
3,1015,847,971,714
3,994,860,970,721
3,991,871,970,728
3,1032,865,970,741
3,1033,872,970,749
3,1015,860,970,763
3,1028,851,975,772
3,1021,870,985,784
3,1021,876,997,797
3,1021,899,1014,809
3,1003,888,1023,815
3,1013,881,1025,819
3,1013,912,1027,820
3,1023,904,1027,823
3,1003,908,1027,828
3,1030,896,1028,838
3,1042,899,1030,847
3,1038,899,1030,854
3,1053,904,1029,856
3,1068,914,1029,857
3,1073,918,1029,861
3,1069,908,1029,864
3,1085,925,1029,868
3,1081,936,1029,871
3,1068,906,1029,873
3,1059,932,1029,874
3,1049,947,1029,874
3,1067,935,1029,875
3,1082,920,1026,877
3,1082,907,1023,884
3,1082,908,1017,895
3,1103,889,1009,907
3,1072,907,1008,909
3,1077,923,1007,909
3,1080,925,1007,909
3,1076,939,1007,909
3,1084,971,1012,909
3,1074,938,1023,903
3,1072,951,1032,898
3,1061,963,1036,896
3,1081,930,1038,896
3,1073,940,1042,900
3,1077,917,1046,905
3,1087,893,1050,908
3,1095,898,1050,909
3,1103,893,1050,909
3,1111,916,1050,909
3,1101,930,1050,909
3,1102,952,1050,909
3,1092,946,1051,909
3,1114,944,1052,909
3,1115,959,1053,909
3,1089,936,1053,909
3,1091,920,1053,909
3,1094,916,1053,909
3,1099,917,1055,909
3,1094,908,1055,909
3,1093,915,1055,909
3,1073,908,1055,909
3,1053,903,1057,911
3,1036,918,1059,913
3,1018,900,1065,919
3,1007,891,1073,928
3,1024,880,1076,931
3,1004,837,1078,933
3,996,841,1078,934
3,1004,842,1080,939
3,999,823,1081,948
3,1001,808,1084,955
3,998,812,1086,959
3,1001,801,1086,960
3,1021,817,1086,960
3,1025,823,1086,960
3,1039,844,1086,960
3,1018,844,1078,943
3,1010,848,1069,936
3,1030,860,1051,932
3,1032,871,1031,929
3,1031,880,1024,924
3,1051,909,1020,919
3,1058,922,1018,908
3,1041,917,1019,896
3,1026,904,1023,886
3,1000,895,1031,877
3,1018,893,1037,871
3,1012,878,1038,868
3,993,879,1039,868
3,987,887,1039,868
3,988,884,1040,868
3,992,884,1044,866
3,997,882,1052,866
3,1010,866,1059,866
3,1029,851,1062,866
3,1016,848,1062,866
3,1024,863,1063,866
3,1020,880,1061,866
3,1020,866,1058,869
3,1020,880,1054,873
3,1025,876,1049,878
3,1012,885,1048,881
3,1006,866,1048,881
3,1019,894,1048,881
3,1016,877,1048,881
3,1003,873,1047,881
3,982,895,1046,882
3,990,911,1042,882
3,992,897,1040,882
3,992,878,1039,882
3,993,866,1039,882
3,987,886,1043,879
3,997,885,1048,877
3,980,902,1051,875
3,987,887,1052,875
3,973,861,1052,875
3,996,848,1052,875
3,1012,847,1053,875
3,997,841,1054,874
3,991,845,1056,874
3,982,879,1056,874
3,962,898,1056,874
3,955,883,1056,874
3,960,887,1055,874
3,958,887,1050,876
3,979,916,1048,877
3,995,920,1047,877
3,984,928,1047,877
3,958,918,1047,877
3,944,905,1047,874
3,934,911,1048,872
3,940,905,1050,870
3,968,906,1050,866
3,960,902,1050,865
3,964,881,1050,864
3,934,868,1047,863
3,916,859,1042,863
3,916,844,1034,864
3,911,851,1027,867
3,910,879,1022,870
3,903,869,1019,873
3,930,862,1017,875
3,935,867,1016,876
3,936,869,1014,877
3,931,877,1011,878
3,926,897,1009,880
3,914,905,1008,881
3,909,894,1007,881
3,915,905,1007,882
3,937,896,1007,882
3,917,922,1007,882
3,926,925,1007,882
3,907,901,1002,881
3,910,873,996,881
3,910,864,986,879
3,930,872,976,874
3,924,891,967,871
3,920,901,963,871
3,906,900,963,871
3,914,908,962,870
3,909,896,961,869
3,912,910,960,868
3,926,934,960,868
3,919,925,960,868
3,920,942,959,868
3,919,930,955,868
3,936,938,951,868
3,935,941,949,870
3,937,919,949,872
3,910,921,948,874
3,901,917,948,876
3,912,928,947,878
3,941,936,947,881
3,952,931,946,882
3,939,895,945,884
3,928,917,945,885
3,916,936,943,886
3,929,930,943,889
3,930,952,942,891
3,916,950,939,892
3,939,954,936,895
3,965,941,935,897
3,948,949,934,902
3,939,937,934,903
3,884,937,933,904
3,874,937,933,904
3,904,934,933,905
3,890,933,938,905
3,896,925,948,905
3,885,925,967,905
3,885,944,987,901
3,887,921,996,896
3,883,924,998,891
3,884,918,995,888
3,887,924,986,885
3,910,925,978,885
3,920,915,969,887
3,916,907,963,890
3,934,918,962,891
3,930,908,962,891
3,939,915,962,891
3,927,887,962,891
3,942,860,962,891
3,936,871,962,891
3,941,884,960,891
3,948,888,956,891
3,953,882,949,891
3,975,881,945,892
3,993,866,943,893
3,988,852,941,895
3,975,857,938,895
3,958,854,936,896
3,927,826,932,896
3,930,827,932,896
3,925,834,932,896
3,929,838,932,896
3,922,834,932,896
3,927,860,932,896
3,895,853,932,896
3,884,865,932,896
3,908,879,932,896
3,920,871,932,896
3,896,853,936,895
3,896,862,939,894
3,891,862,941,893
3,899,866,945,892
3,905,850,956,886
3,905,841,975,870
3,905,829,988,851
3,884,813,990,843
3,897,795,988,842
3,896,784,982,839
3,918,768,965,833
3,916,787,951,833
3,928,783,942,831
3,919,765,940,830
3,910,763,938,830
3,901,756,938,829
3,899,780,938,829
3,925,771,938,829
3,904,767,937,829
3,900,782,937,829
3,900,761,937,829
3,884,763,935,829
3,881,782,933,829
3,894,762,931,830
3,893,755,931,830
3,895,745,931,830
3,899,737,931,830
3,911,750,938,827
3,888,741,944,820
3,871,774,948,805
3,886,792,949,792
3,909,783,949,789
3,914,769,949,786
3,910,781,947,785
3,925,775,947,785
3,930,786,943,784
3,936,767,938,780
3,926,757,936,779
3,934,738,936,778
3,937,736,936,776
3,942,752,934,774
3,945,759,935,767
3,937,741,936,759
3,957,766,937,756
3,952,754,937,756
3,947,713,937,756
3,942,736,936,756
3,925,756,932,758
3,939,767,929,758
3,971,764,929,758
3,944,745,929,758
3,946,743,929,758
3,964,756,928,755
3,965,771,928,755
3,968,783,928,755
3,976,779,928,755
3,987,796,928,755
3,972,804,928,755
3,969,813,929,754
3,983,829,931,753
3,988,828,934,753
3,988,834,935,753
3,1005,852,935,753
3,984,847,936,753
3,981,838,941,752
3,1000,848,948,747
3,979,846,955,742
3,989,832,964,740
3,992,818,969,740
3,998,813,971,743
3,995,789,971,745
3,995,783,971,751
3,1008,807,969,759
3,999,795,969,762
3,1002,817,969,765
3,1018,817,969,768
3,1006,810,971,773
3,1009,815,972,777
3,990,822,973,780
3,996,803,973,782
3,988,799,973,782
3,1001,789,973,784
3,1000,788,973,785
3,993,781,973,785
3,1031,787,973,787
3,1024,802,973,787
3,1044,814,976,788
3,1056,821,977,789
3,1083,812,978,789
3,1106,828,978,790
3,1132,806,979,790
3,1129,830,983,790
3,1148,826,986,790
3,1139,840,987,790
3,1138,844,990,791
3,1143,839,991,792
3,1153,845,991,793
3,1137,844,991,793
3,1123,841,993,793
3,1108,847,1000,795
3,1118,833,1015,801
3,1120,836,1031,810
3,1130,838,1048,818
3,1107,834,1057,820
3,1086,826,1061,820
3,1097,802,1069,820
3,1109,790,1090,817
3,1081,791,1121,811
3,1108,781,1138,809
3,1120,783,1145,808
3,1101,783,1150,808
3,1092,767,1155,806
3,1092,742,1166,803
3,1106,707,1178,800
3,1085,704,1188,799
3,1082,719,1188,799
3,1100,728,1188,797
3,1095,739,1188,797
3,1077,733,1188,797
3,1059,706,1185,799
3,1075,689,1178,803
3,1085,705,1163,810
3,1081,693,1150,815
3,1093,696,1134,823
3,1092,680,1119,829
3,1082,681,1110,827
3,1098,664,1106,812
3,1099,657,1105,794
3,1086,632,1107,783
3,1077,637,1111,777
3,1075,657,1114,773
3,1100,653,1114,771
3,1088,670,1115,769
3,1110,659,1115,768
3,1117,660,1112,761
3,1129,668,1112,754
3,1133,651,1115,745
3,1129,662,1123,734
3,1161,659,1136,720
3,1145,676,1140,714
3,1144,692,1142,709
3,1133,701,1142,704
3,1107,692,1139,695
3,1097,707,1134,684
3,1088,685,1130,677
3,1087,679,1126,665
3,1095,685,1125,660
3,1105,702,1125,655
3,1117,716,1129,648
3,1108,702,1135,643
3,1108,713,1139,642
3,1108,728,1144,639
3,1099,736,1146,638
3,1104,736,1148,638
3,1114,733,1152,638
3,1138,752,1154,638
3,1132,762,1157,638
3,1135,755,1160,638
3,1113,760,1169,636
3,1106,797,1178,635
3,1087,807,1181,635
3,1109,793,1183,638
3,1091,809,1183,641
3,1084,803,1183,643
3,1097,804,1183,643
3,1101,810,1184,643
3,1099,829,1186,643
3,1092,851,1187,643
3,1106,831,1187,647
3,1091,830,1187,652
3,1091,833,1187,657
3,1083,829,1187,660
3,1066,822,1186,663
3,1076,819,1185,667
3,1084,817,1181,670
3,1080,796,1173,678
3,1092,815,1158,686
3,1104,820,1141,699
3,1095,836,1117,713
3,1115,820,1105,727
3,1127,789,1091,742
3,1117,792,1079,760
3,1100,794,1076,770
3,1107,826,1074,785
3,1108,816,1074,790
3,1101,795,1074,795
3,1094,801,1073,801
3,1104,809,1069,808
3,1090,803,1066,817
3,1089,820,1062,824
3,1081,812,1060,829
3,1080,803,1060,830
3,1095,803,1060,831
3,1091,812,1063,834
3,1104,830,1066,837
3,1106,833,1072,842
3,1122,850,1076,843
3,1117,851,1078,843
3,1117,860,1079,843
3,1116,847,1079,843
3,1125,860,1082,845
3,1118,865,1085,848
3,1131,872,1087,851
3,1145,867,1092,851
3,1136,884,1097,849
3,1130,893,1101,848
3,1130,898,1102,848
3,1124,906,1102,847
3,1137,905,1100,844
3,1148,889,1089,840
3,1143,902,1078,837
3,1145,889,1075,837
3,1157,886,1075,837
3,1158,874,1075,837
3,1146,877,1078,838
3,1160,913,1082,839
3,1189,935,1086,839
3,1191,934,1092,839
3,1180,939,1096,839
3,1185,930,1100,839
3,1165,897,1103,839
3,1147,906,1106,840
3,1164,914,1106,841
3,1161,904,1107,841
3,1182,931,1109,841
3,1194,936,1114,843
3,1181,925,1119,844
3,1186,933,1122,845
3,1192,930,1124,845
3,1197,941,1126,846
3,1186,951,1130,846
3,1183,959,1132,846
3,1178,932,1137,846
3,1173,923,1138,847
3,1175,905,1139,848
3,1173,935,1139,848
3,1155,961,1140,850
3,1156,941,1141,850
3,1189,938,1146,850
3,1211,922,1153,850
3,1217,929,1164,854
3,1217,932,1169,856
3,1205,925,1172,856
3,1188,920,1172,856
3,1187,927,1173,857
3,1175,930,1175,857
3,1185,937,1180,858
3,1170,943,1185,858
3,1163,959,1186,858
3,1173,965,1186,858
3,1197,937,1186,858
3,1187,946,1186,858
3,1171,953,1186,858
3,1180,936,1186,858
3,1209,955,1185,858
3,1194,962,1185,858
3,1186,908,1185,858
3,1185,925,1185,858
3,1190,926,1184,858
3,1174,917,1179,858
3,1200,917,1177,857
3,1193,911,1175,857
3,1199,913,1172,857
3,1195,907,1172,857
3,1195,891,1172,857
3,1213,889,1171,857
3,1203,900,1170,858
3,1195,884,1168,860
3,1192,887,1168,864
3,1211,913,1167,867
3,1225,904,1165,870
3,1229,883,1165,872
3,1245,876,1166,875
3,1246,877,1168,878
3,1246,864,1171,882
3,1258,861,1172,886
3,1241,825,1173,887
3,1227,825,1173,888
3,1234,822,1174,889
3,1235,816,1174,890
3,1234,851,1174,890
3,1228,862,1175,890
3,1209,845,1175,890
3,1209,849,1176,890
3,1210,826,1178,890
3,1232,812,1196,882
3,1242,780,1203,874
3,1234,790,1209,867
3,1217,753,1212,858
3,1214,752,1212,844
3,1226,755,1208,831
3,1238,767,1208,830
3,1245,778,1208,830
3,1237,784,1208,830
3,1222,777,1207,830
3,1226,763,1207,830
3,1198,784,1206,830
3,1210,802,1206,830
3,1209,829,1206,830
3,1207,843,1206,830
3,1236,832,1206,830
3,1226,815,1206,830
3,1242,818,1206,830
3,1237,788,1206,830
3,1256,789,1206,825
3,1282,803,1209,820
3,1296,803,1213,814
3,1306,791,1214,812
3,1296,787,1217,812
3,1311,762,1218,811
3,1307,766,1220,810
3,1321,777,1223,806
3,1305,758,1226,801
3,1277,722,1226,798
3,1277,738,1226,795
3,1297,730,1224,790
3,1299,744,1218,785
3,1304,756,1213,784
3,1287,730,1210,783
3,1300,729,1206,783
3,1301,728,1204,784
3,1259,712,1203,784
3,1271,737,1203,784
3,1273,731,1205,784
3,1263,720,1208,784
3,1270,723,1211,784
3,1269,734,1214,783
3,1276,739,1220,780
3,1288,742,1238,775
3,1264,734,1249,767
3,1259,721,1261,761
3,1279,740,1265,758
3,1277,753,1268,756
3,1287,757,1276,750
3,1315,767,1293,735
3,1329,790,1302,719
3,1308,778,1308,708
3,1329,754,1309,704
3,1360,751,1309,703
3,1377,757,1309,702
3,1334,758,1309,699
3,1294,781,1311,693
3,1273,773,1311,688
3,1268,779,1311,686
3,1254,778,1307,679
3,1247,764,1303,670
3,1230,743,1287,659
3,1202,739,1282,658
3,1191,737,1280,658
3,1172,726,1277,658
3,1197,704,1274,659
3,1204,711,1269,662
3,1232,694,1260,668
3,1245,703,1250,676
3,1242,723,1246,685
3,1252,729,1246,686
3,1259,710,1246,686
3,1246,713,1248,686
3,1264,719,1253,687
3,1265,702,1254,690
3,1270,686,1254,692
3,1303,692,1254,693
3,1315,712,1254,694
3,1308,709,1252,697
3,1321,696,1247,698
3,1335,685,1243,700
3,1346,686,1243,700
3,1324,712,1243,700
3,1333,707,1246,699
3,1326,711,1248,699
3,1321,713,1248,699
3,1299,700,1248,699
3,1324,704,1248,698
3,1334,701,1247,698
3,1351,678,1244,697
3,1360,668,1243,697
3,1348,641,1243,697
3,1350,626,1243,697
3,1345,638,1247,695
3,1342,648,1266,692
3,1329,635,1284,686
3,1340,627,1292,684
3,1367,593,1293,684
3,1372,610,1295,684
3,1360,604,1296,685
3,1364,621,1298,685
3,1361,612,1303,685
3,1338,617,1314,682
3,1345,615,1323,679
3,1349,598,1330,676
3,1351,603,1332,674
3,1365,597,1332,669
3,1384,588,1328,660
3,1367,578,1315,641
3,1368,571,1311,637
3,1372,569,1310,636
3,1377,545,1310,634
3,1351,553,1310,631
3,1347,558,1310,624
3,1327,556,1311,620
3,1302,550,1313,620
3,1322,512,1313,620
3,1351,524,1314,620
3,1351,528,1316,620
3,1341,545,1326,620
3,1333,556,1350,617
3,1324,556,1367,615
3,1302,547,1377,615
3,1300,545,1386,615
3,1292,533,1393,613
3,1279,530,1398,611
3,1302,541,1404,605
3,1311,532,1402,602
3,1316,522,1396,596
3,1303,540,1389,588
3,1277,530,1384,579
3,1261,537,1379,566
3,1258,562,1379,556
3,1270,574,1379,551
3,1315,555,1378,549
3,1315,538,1376,547
3,1321,502,1372,547
3,1341,518,1364,547
3,1344,491,1354,546
3,1356,454,1345,542
3,1341,486,1337,532
3,1331,514,1335,527
3,1326,516,1333,523
3,1322,516,1331,522
3,1349,529,1331,522
3,1336,532,1329,521
3,1359,528,1324,521
3,1374,538,1320,521
3,1390,541,1317,521
3,1360,538,1314,521
3,1370,546,1314,522
3,1392,543,1312,523
3,1333,556,1309,526
3,1308,592,1309,527
3,1307,585,1309,527
3,1343,596,1309,527
3,1352,600,1312,528
3,1330,589,1319,528
3,1342,602,1328,526
3,1348,581,1335,522
3,1352,621,1336,519
3,1348,596,1338,518
3,1362,590,1338,518
3,1351,591,1338,519
3,1353,604,1340,519
3,1349,627,1345,519
3,1329,616,1346,519
3,1324,582,1347,518
3,1333,613,1347,518
3,1332,624,1347,518
3,1346,609,1343,520
3,1340,604,1334,522
3,1338,619,1325,527
3,1353,601,1316,531
3,1333,612,1312,536
3,1336,597,1312,539
3,1316,596,1313,544
3,1315,573,1314,548
3,1300,566,1315,552
3,1286,587,1315,554
3,1296,598,1315,556
3,1276,571,1315,563
3,1272,564,1314,572
3,1276,582,1312,579
3,1259,592,1309,586
3,1269,591,1308,590
3,1263,586,1308,593
3,1248,602,1308,597
3,1263,610,1308,602
3,1249,607,1308,606
3,1261,579,1310,606
3,1271,571,1311,606
3,1288,576,1318,605
3,1303,561,1333,599
3,1316,588,1340,589
3,1310,564,1342,584
3,1318,568,1342,580
3,1306,552,1336,578
3,1289,544,1328,576
3,1308,566,1319,575
3,1315,579,1312,575
3,1337,593,1307,576
3,1317,566,1303,578
3,1321,555,1301,580
3,1326,540,1297,581
3,1309,529,1296,581
3,1299,505,1296,581
3,1297,501,1296,581
3,1310,492,1296,582
3,1294,471,1295,582
3,1261,452,1295,582
3,1258,461,1295,582
3,1240,481,1295,582
3,1229,469,1295,582
3,1227,472,1293,582
3,1236,469,1289,581
3,1237,482,1289,581
3,1251,498,1289,581
3,1236,499,1289,581
3,1258,513,1289,581
3,1261,503,1289,581
3,1252,483,1288,579
3,1238,483,1288,575
3,1249,477,1288,574
3,1249,462,1288,572
3,1253,455,1287,570
3,1274,449,1287,570
3,1271,456,1287,570
3,1243,450,1286,569
3,1237,445,1285,569
3,1232,430,1283,568
3,1238,433,1281,566
3,1229,420,1280,562
3,1243,445,1277,557
3,1245,431,1276,556
3,1255,446,1275,555
3,1215,446,1274,555
3,1202,438,1273,551
3,1202,443,1273,541
3,1182,447,1273,529
3,1202,446,1273,521
3,1196,444,1275,514
3,1176,433,1275,506
3,1196,416,1276,499
3,1197,392,1276,487
3,1188,385,1276,473
3,1192,351,1276,459
3,1206,343,1276,452
3,1219,345,1276,446
3,1211,344,1274,440
3,1221,329,1274,432
3,1239,323,1273,423
3,1256,342,1271,416
3,1260,369,1270,414
3,1270,369,1270,414
3,1267,372,1269,414
3,1267,364,1264,414
3,1258,364,1253,419
3,1269,362,1242,424
3,1256,358,1235,428
3,1268,381,1235,428
3,1272,371,1235,428
3,1283,366,1243,417
3,1292,364,1249,406
3,1291,374,1250,402
3,1294,374,1250,400
3,1293,358,1250,396
3,1301,345,1251,388
3,1299,353,1253,379
3,1309,368,1254,373
3,1317,395,1254,372
3,1318,418,1254,371
3,1316,396,1253,369
3,1292,421,1253,365
3,1300,423,1251,360
3,1309,429,1249,355
3,1304,437,1246,353
3,1294,463,1246,352
3,1275,482,1245,351
3,1283,482,1245,351
3,1268,484,1245,349
3,1272,470,1245,348
3,1278,467,1245,345
3,1290,450,1247,344
3,1292,461,1247,343
3,1293,460,1248,343
3,1284,468,1250,348
3,1296,449,1252,365
3,1317,455,1251,387
3,1323,454,1245,407
3,1327,462,1238,422
3,1334,455,1232,432
3,1320,468,1232,435
3,1322,484,1232,436
3,1328,481,1232,438
3,1331,469,1232,445
3,1352,478,1232,455
3,1352,476,1232,473
3,1359,467,1229,496
3,1376,480,1223,523
3,1376,470,1215,546
3,1367,456,1211,564
3,1352,453,1210,576
3,1348,461,1210,582
3,1367,460,1210,584
3,1365,448,1210,585
3,1366,467,1210,585
3,1342,467,1210,585
3,1340,457,1210,585
3,1341,464,1210,585
3,1341,453,1210,585
3,1334,455,1210,585
3,1318,451,1210,585
3,1346,422,1213,585
3,1349,424,1219,580
3,1377,445,1224,575
3,1373,462,1236,562
3,1397,449,1255,544
3,1340,451,1269,525
3,1344,421,1279,517
3,1367,423,1280,515
3,1360,432,1280,515
3,1343,446,1280,515
3,1364,444,1280,515
3,1375,434,1280,515
3,1344,423,1280,515
3,1353,438,1280,515
3,1348,447,1278,515
3,1355,464,1277,515
3,1366,464,1277,515
3,1362,475,1284,513
3,1353,452,1289,512
3,1361,457,1292,511
3,1347,470,1292,511
3,1328,489,1292,511
3,1322,468,1292,511
3,1291,461,1290,511
3,1322,459,1290,507
3,1315,449,1296,491
3,1302,439,1307,478
3,1312,410,1312,471
3,1296,402,1312,471
3,1310,400,1312,471
3,1322,428,1311,471
3,1316,447,1305,474
3,1321,441,1301,475
3,1321,450,1300,475
3,1321,422,1299,476
3,1321,455,1299,476
3,1301,424,1299,476
3,1307,420,1298,476
3,1280,403,1296,478
3,1251,404,1292,480
3,1241,407,1287,482
3,1226,406,1283,483
3,1230,415,1283,485
3,1277,416,1288,480
3,1266,421,1300,466
3,1278,414,1309,462
3,1283,399,1314,459
3,1279,374,1316,459
3,1268,355,1316,459
3,1276,356,1316,459
3,1287,357,1316,459
3,1289,370,1316,459
3,1299,379,1316,459
3,1310,382,1308,459
3,1309,406,1296,463
3,1317,408,1284,466
3,1323,426,1271,466
3,1307,426,1266,465
3,1339,424,1266,464
3,1339,428,1266,461
3,1358,407,1269,453
3,1357,407,1274,443
3,1370,418,1276,439
3,1349,405,1277,438
3,1357,396,1279,435
3,1360,411,1281,432
3,1350,405,1283,428
3,1345,402,1285,424
3,1329,419,1285,424
3,1334,394,1285,424
3,1336,406,1285,424
3,1333,411,1283,424
3,1328,408,1280,426
3,1325,389,1280,426
3,1317,404,1280,426
3,1322,416,1280,423
3,1317,424,1280,418
3,1297,410,1281,417
3,1286,421,1281,417
3,1283,402,1281,417
3,1256,397,1281,417
3,1239,397,1284,415
3,1249,386,1289,409
3,1230,362,1294,404
3,1222,359,1294,404
3,1203,359,1294,404
3,1201,377,1294,404
3,1195,399,1294,404
3,1209,390,1294,404
3,1185,397,1294,404
3,1196,392,1294,404
3,1209,387,1289,404
3,1224,376,1282,407
3,1240,401,1277,407
3,1238,409,1276,407
3,1232,374,1276,407
3,1240,371,1274,406
3,1233,377,1271,404
3,1229,362,1270,404
3,1241,337,1268,404
3,1239,350,1268,403
3,1225,357,1268,403
3,1251,348,1268,403
3,1235,341,1268,403
3,1222,347,1268,403
3,1215,362,1268,403
3,1210,337,1268,403
3,1198,341,1268,403
3,1186,336,1268,403
3,1177,350,1268,403
3,1174,355,1268,403
3,1174,347,1268,403
3,1165,367,1268,403
3,1155,368,1268,403
3,1160,374,1267,402
3,1173,349,1267,396
3,1168,339,1265,391
3,1172,321,1262,388
3,1150,324,1259,386
3,1161,319,1257,382
3,1167,328,1253,379
3,1164,319,1249,376
3,1155,304,1246,375
3,1124,286,1242,375
3,1112,265,1240,375
3,1121,278,1236,375
3,1123,252,1230,377
3,1139,240,1221,378
3,1105,231,1219,379
3,1097,246,1218,379
3,1082,256,1218,379
3,1090,243,1218,379
3,1079,262,1216,378
3,1084,255,1214,377
3,1063,236,1209,373
3,1071,231,1204,369
3,1081,223,1198,366
3,1094,229,1196,365
3,1111,209,1194,364
3,1100,217,1191,363
3,1116,222,1189,362
3,1114,231,1185,359
3,1108,230,1182,357
3,1111,237,1179,356
3,1104,244,1178,356
3,1113,227,1174,354
3,1158,220,1172,354
3,1161,252,1169,353
3,1183,243,1167,353
3,1177,238,1163,352
3,1180,254,1162,351
3,1196,244,1160,350
3,1195,264,1159,348
3,1187,237,1157,347
3,1163,216,1152,345
3,1167,213,1142,338
3,1150,215,1134,330
3,1167,222,1128,319
3,1178,232,1123,311
3,1183,228,1121,307
3,1193,237,1121,306
3,1162,233,1121,305
3,1169,241,1121,305
3,1176,253,1123,303
3,1146,256,1126,302
3,1150,248,1126,302
3,1129,251,1127,302
3,1107,258,1128,302
3,1114,276,1132,300
3,1108,283,1141,295
3,1111,269,1149,293
3,1110,286,1153,290
3,1109,292,1155,290
3,1084,301,1155,289
3,1060,277,1156,289
3,1048,277,1158,287
3,1059,259,1160,284
3,1070,263,1162,282
3,1058,258,1164,279
3,1078,254,1164,279
3,1097,266,1164,277
3,1091,248,1167,273
3,1078,256,1168,270
3,1089,251,1168,268
3,1060,246,1168,267
3,1068,271,1164,266
3,1080,283,1159,266
3,1066,263,1151,266
3,1057,274,1140,266
3,1038,276,1123,270
3,1030,269,1116,271
3,1022,264,1114,271
3,1056,265,1114,271
3,1053,277,1112,268
3,1068,284,1112,266
3,1081,263,1111,264
4,964,553,958,550
4,971,578,958,550
4,971,578,958,550
4,979,581,958,550
4,985,592,958,550
4,996,597,958,550
4,990,585,958,550
4,1006,575,958,550
4,987,572,958,550
4,979,558,958,550
4,991,545,958,550
4,979,562,958,550
4,976,538,958,550
4,956,533,958,550
4,994,505,958,550
4,993,513,958,550
4,988,541,958,550
4,968,522,958,550
4,970,503,957,550
4,986,513,956,549
4,988,499,955,547
4,979,499,955,545
4,993,454,954,544
4,1007,446,952,542
4,1020,454,951,538
4,1014,455,950,533
4,1014,439,949,526
4,1005,448,947,521
4,1001,449,946,517
4,970,478,945,515
4,949,495,945,515
4,942,488,945,514
4,932,477,945,514
4,922,488,945,512
4,922,475,946,510
4,910,468,948,506
4,887,493,951,503
4,872,477,953,501
4,887,473,957,499
4,873,479,957,498
4,881,477,957,498
4,881,457,957,498
4,873,456,957,498
4,868,434,957,498
4,834,420,957,498
4,841,415,952,497
4,844,417,942,494
4,839,422,930,494
4,832,403,913,492
4,819,374,895,488
4,801,355,883,487
4,818,353,876,487
4,840,350,871,487
4,839,348,870,487
4,849,346,870,487
4,836,365,870,487
4,852,384,869,485
4,836,341,869,477
4,826,329,862,466
4,823,302,848,451
4,824,279,829,440
4,846,270,813,431
4,860,270,800,426
4,864,266,795,423
4,846,244,794,421
4,878,215,794,415
4,866,226,797,407
4,844,213,798,403
4,846,202,798,401
4,847,241,799,399
4,834,239,800,396
4,837,245,802,394
4,856,218,809,390
4,849,226,816,386
4,855,254,825,384
4,865,252,830,383
4,872,266,840,383
4,863,278,857,383
4,846,270,877,379
4,869,269,890,374
4,865,265,899,368
4,843,262,899,361
4,852,259,896,354
4,863,273,886,343
4,886,290,876,331
4,849,276,871,317
4,855,267,866,303
4,838,270,861,283
4,818,266,853,254
4,810,242,850,245
4,823,240,847,238
4,796,248,847,236
4,800,248,847,234
4,815,248,847,232
4,809,224,847,231
4,804,248,847,231
4,824,259,847,235
4,823,246,847,244
4,825,263,848,254
4,829,246,849,264
4,821,247,851,273
4,796,238,851,282
4,775,231,851,285
4,791,224,851,285
4,785,208,851,285
4,789,202,849,277
4,807,209,843,270
4,773,195,839,267
4,786,184,837,266
4,786,174,836,265
4,762,200,836,265
4,774,208,836,264
4,780,193,836,264
4,788,202,836,264
4,778,205,836,264
4,781,171,836,264
4,771,162,834,262
4,772,170,828,257
4,763,173,823,252
4,768,157,822,248
4,760,178,822,243
4,734,173,824,238
4,716,173,828,229
4,701,162,831,220
4,716,185,831,215
4,715,199,831,210
4,725,216,831,203
4,717,209,831,200
4,743,195,831,199
4,736,201,830,197
4,721,217,827,197
4,731,218,822,195
4,728,201,817,194
4,735,166,809,192
4,738,161,802,192
4,731,146,795,192
4,723,159,787,196
4,702,157,778,200
4,676,163,770,206
4,680,167,766,212
4,682,183,763,214
4,683,191,762,214
4,696,192,762,214
4,701,201,762,214
4,695,188,761,214
4,690,193,760,215
4,691,194,760,215
4,695,209,760,215
4,705,190,759,210
4,686,209,756,204
4,702,205,752,200
4,703,201,745,199
4,691,219,738,197
4,694,230,733,196
4,710,218,726,196
4,711,233,717,196
4,730,241,710,199
4,720,237,705,202
4,742,219,702,204
4,709,190,700,205
4,734,164,697,205
4,740,163,693,205
4,732,165,693,205
4,740,160,693,205
4,697,153,693,205
4,719,164,693,205
4,708,161,693,205
4,690,163,694,208
4,682,143,698,210
4,690,150,705,213
4,704,160,715,213
4,699,149,728,211
4,688,159,737,206
4,678,174,742,205
4,711,153,743,204
4,712,168,743,204
4,722,164,743,204
4,704,148,742,204
4,684,156,738,204
4,691,164,732,204
4,706,170,726,204
4,681,174,718,202
4,692,167,706,202
4,690,205,697,201
4,666,188,692,201
4,672,207,687,201
4,682,207,686,201
4,690,207,686,201
4,687,200,686,201
4,710,187,687,201
4,737,190,689,199
4,752,222,691,198
4,749,217,691,196
4,746,218,691,196
4,762,236,691,196
4,740,226,691,196
4,744,217,691,196
4,745,197,691,196
4,729,199,691,196
4,734,224,691,197
4,744,247,691,201
4,780,235,689,206
4,768,237,687,212
4,787,226,687,214
4,774,220,688,217
4,778,215,692,218
4,789,231,696,220
4,768,231,699,221
4,761,247,704,223
4,727,236,707,223
4,724,217,709,224
4,724,215,710,224
4,727,222,710,225
4,730,225,712,226
4,713,214,712,227
4,705,207,713,229
4,689,191,715,230
4,694,189,716,230
4,705,201,716,231
4,711,219,717,231
4,702,209,717,231
4,714,191,717,233
4,716,180,717,238
4,702,175,714,244
4,720,168,709,251
4,729,178,706,253
4,731,172,705,254
4,738,159,704,254
4,736,197,702,254
4,743,202,702,254
4,725,185,701,252
4,732,180,701,250
4,732,186,701,250
4,733,202,701,250
4,750,191,701,250
4,765,193,701,250
4,755,190,701,250
4,766,198,702,248
4,772,212,705,248
4,783,214,709,247
4,783,220,718,246
4,795,224,721,246
4,799,231,728,245
4,774,219,734,243
4,794,230,734,243
4,789,219,734,243
4,784,237,734,243
4,791,245,736,244
4,793,243,736,247
4,778,257,737,247
4,767,251,738,248
4,781,239,740,248
4,771,232,744,248
4,777,232,754,251
4,775,227,766,253
4,760,216,774,255
4,721,221,779,257
4,729,229,783,259
4,741,248,784,262
4,728,255,788,267
4,710,245,792,274
4,729,258,796,279
4,728,254,802,288
4,679,276,804,290
4,646,274,804,291
4,635,270,804,292
4,624,274,804,292
4,649,255,804,292
4,660,261,803,292
4,658,262,799,291
4,680,247,794,290
4,661,234,787,288
4,647,250,782,287
4,639,255,780,285
4,608,254,777,282
4,622,268,775,281
4,615,267,770,280
4,596,257,765,280
4,579,269,756,280
4,573,252,741,285
4,563,256,724,289
4,573,270,711,291
4,575,273,703,291
4,585,264,701,292
4,589,258,701,292
4,617,260,701,292
4,613,262,701,292
4,611,247,701,292
4,600,260,700,292
4,594,266,697,293
4,595,260,691,294
4,607,261,688,296
4,609,264,684,297
4,597,252,679,298
4,602,255,672,301
4,609,271,663,304
4,616,256,656,304
4,622,248,651,304
4,626,256,646,304
4,620,261,641,304
4,617,251,634,304
4,618,277,627,304
4,602,283,618,304
4,586,304,617,304
4,594,273,616,304
4,595,276,618,303
4,581,267,620,300
4,593,262,624,298
4,595,242,628,295
4,603,257,634,294
4,603,265,641,291
4,616,278,645,289
4,628,294,650,288
4,626,298,651,286
4,633,306,651,286
4,638,290,651,286
4,646,300,651,286
4,641,300,648,287
4,654,312,644,289
4,662,309,637,294
4,643,328,629,298
4,622,337,627,299
4,628,334,627,299
4,614,346,627,299
4,623,335,628,299
4,599,340,631,298
4,579,336,632,297
4,579,320,632,297
4,566,306,632,297
4,566,314,632,297
4,558,320,632,297
4,570,279,632,297
4,575,274,632,300
4,584,287,633,305
4,593,285,633,305
4,586,278,635,309
4,596,310,635,311
4,571,336,635,316
4,566,314,634,319
4,575,297,634,322
4,589,290,632,323
4,573,288,631,324
4,555,269,627,324
4,549,275,622,324
4,546,253,621,324
4,559,254,621,324
4,551,254,621,323
4,544,248,621,321
4,551,265,621,317
4,564,269,621,316
4,568,257,621,315
4,568,277,621,315
4,562,272,621,315
4,538,282,621,315
4,531,268,621,315
4,579,254,621,315
4,577,270,621,316
4,570,262,621,317
4,551,259,620,317
4,563,243,619,317
4,551,252,618,317
4,581,266,615,313
4,580,240,611,309
4,590,243,610,304
4,583,276,608,299
4,580,272,608,298
4,587,278,609,297
4,573,278,609,295
4,565,259,609,295
4,570,263,610,295
4,554,265,610,295
4,557,260,610,295
4,553,233,608,297
4,536,238,607,299
4,540,247,606,300
4,561,222,603,301
4,573,246,600,301
4,587,250,599,300
4,604,257,598,295
4,593,238,597,292
4,612,236,597,292
4,598,247,597,292
4,605,230,597,290
4,602,242,597,290
4,602,250,597,291
4,598,249,597,293
4,605,255,596,295
4,592,241,594,296
4,587,272,594,296
4,589,264,593,296
4,552,263,593,296
4,528,264,593,293
4,572,263,595,290
4,583,279,597,289
4,612,295,599,288
4,619,327,603,288
4,619,335,609,288
4,621,318,617,291
4,614,315,624,293
4,609,292,629,293
4,601,282,629,293
4,617,273,629,294
4,644,236,621,297
4,646,231,608,300
4,659,241,596,300
4,651,236,585,300
4,643,253,583,300
4,624,259,584,298
4,606,288,585,298
4,614,295,590,298
4,599,283,597,298
4,588,265,602,298
4,584,275,607,300
4,567,310,609,301
4,573,320,611,302
4,560,321,613,302
4,568,311,614,302
4,561,295,615,302
4,570,280,619,297
4,586,281,622,292
4,580,271,624,289
4,552,262,624,288
4,535,264,623,288
4,549,279,620,288
4,542,305,618,288
4,547,323,616,289
4,546,335,614,291
4,557,343,611,294
4,554,342,610,296
4,543,335,610,297
4,557,347,610,297
4,551,348,610,297
4,545,372,610,297
4,549,371,610,297
4,556,360,610,297
4,557,371,609,297
4,561,343,606,298
4,556,326,603,301
4,551,337,602,303
4,553,327,599,307
4,546,328,599,312
4,567,332,600,315
4,567,357,604,319
4,570,378,606,323
4,559,366,610,327
4,546,381,617,335
4,543,373,618,338
4,576,375,624,344
4,579,392,629,348
4,560,388,631,348
4,544,384,631,348
4,564,373,631,348
4,576,382,631,349
4,564,371,630,349
4,557,400,628,349
4,542,391,626,348
4,566,383,621,346
4,556,380,617,346
4,550,398,616,346
4,564,385,615,346
4,587,403,612,348
4,588,377,610,350
4,583,392,606,355
4,586,374,602,362
4,602,379,597,368
4,600,402,593,374
4,604,405,591,376
4,609,371,591,377
4,621,358,591,378
4,592,348,591,378
4,597,369,591,383
4,591,393,591,386
4,601,407,590,389
4,620,393,590,395
4,636,400,591,398
4,656,402,594,400
4,675,418,596,402
4,681,413,598,403
4,680,399,600,406
4,677,427,603,407
4,662,421,605,408
4,669,389,607,408
4,670,388,611,409
4,653,390,613,410
4,621,402,615,410
4,612,392,616,411
4,609,393,617,411
4,613,409,617,411
4,604,402,617,411
4,598,406,620,413
4,615,417,625,414
4,608,426,630,415
4,612,421,637,417
4,640,411,642,418
4,653,411,646,420
4,633,403,648,421
4,664,405,648,423
4,685,390,648,423
4,691,405,648,423
4,673,400,648,423
4,663,395,645,425
4,681,386,637,426
4,690,364,631,428
4,655,389,629,428
4,638,363,627,428
4,619,345,627,426
4,621,345,625,426
4,630,357,625,426
4,619,337,625,426
4,614,331,625,426
4,587,332,625,426
4,574,312,625,426
4,579,311,625,426
4,586,323,625,426
4,592,317,627,425
4,603,322,629,425
4,600,289,633,424
4,583,285,636,422
4,568,273,637,422
4,575,255,639,422
4,583,239,639,419
4,550,250,641,411
4,560,250,641,399
4,557,269,639,386
4,566,258,636,378
4,584,285,634,374
4,580,315,632,372
4,561,326,630,365
4,536,340,629,364
4,541,331,625,359
4,580,296,623,357
4,563,291,620,352
4,578,277,617,345
4,591,280,614,328
4,606,271,606,297
4,595,250,597,284
4,597,250,593,280
4,603,261,592,279
4,586,252,592,279
4,575,249,591,279
4,570,228,592,279
4,588,241,596,281
4,587,244,599,287
4,589,251,600,296
4,575,261,600,302
4,588,277,602,308
4,596,299,604,310
4,602,262,605,311
4,618,254,606,311
4,596,245,608,311
4,602,270,609,311
4,615,281,610,311
4,615,257,615,311
4,611,275,620,311
4,603,281,629,307
4,611,277,636,299
4,585,268,639,294
4,591,279,639,291
4,598,266,639,290
4,583,258,637,289
4,569,265,634,288
4,540,262,631,287
4,550,265,630,285
4,556,295,628,285
4,579,261,628,285
4,582,258,628,288
4,591,253,629,295
4,588,242,632,302
4,564,253,633,307
4,575,251,635,310
4,596,239,640,310
4,605,240,643,310
4,593,240,644,310
4,597,240,644,310
4,580,242,644,310
4,601,219,640,307
4,616,216,636,305
4,621,230,633,303
4,628,228,630,301
4,635,233,627,298
4,642,235,624,290
4,653,227,621,287
4,654,212,620,284
4,643,201,617,282
4,634,223,614,278
4,618,222,613,276
4,597,221,612,272
4,595,234,612,267
4,608,210,613,265
4,625,218,614,263
4,639,197,616,263
4,635,224,618,263
4,646,227,620,263
4,622,205,625,263
4,603,201,632,262
4,590,197,637,261
4,595,190,643,258
4,577,201,644,258
4,555,211,644,258
4,553,201,644,258
4,549,201,642,258
4,543,205,639,258
4,573,185,638,258
4,592,186,637,257
4,602,192,637,256
4,590,183,637,255
4,592,186,637,255
4,574,157,637,252
4,565,164,637,250
4,583,182,637,249
4,589,161,637,248
4,590,139,635,248
4,609,165,630,248
4,618,163,625,248
4,630,170,618,248
4,645,165,611,248
4,665,171,610,248
4,642,174,610,247
4,627,187,610,244
4,637,198,610,241
4,620,209,611,241
4,625,216,611,240
4,614,231,612,238
4,612,231,615,232
4,613,222,616,229
4,630,233,616,228
4,634,231,616,226
4,628,251,616,223
4,639,244,616,219
4,649,225,616,214
4,641,226,616,212
4,630,194,615,210
4,643,206,615,210
4,639,197,615,210
4,649,207,615,210
4,658,193,615,210
4,656,192,613,214
4,647,209,613,219
4,652,209,613,226
4,652,190,614,233
4,646,200,615,241
4,660,196,616,247
4,661,203,620,251
4,677,199,626,252
4,683,221,633,253
4,668,220,645,255
4,651,239,659,255
4,653,252,667,255
4,677,253,674,255
4,673,259,678,255
4,651,270,679,255
4,674,249,679,255
4,673,218,679,255
4,670,216,678,254
4,692,227,675,253
4,701,220,673,250
4,692,203,670,250
4,668,206,670,250
4,652,222,670,250
4,640,211,670,250
4,630,204,670,254
4,653,191,674,262
4,631,205,680,265
4,615,198,682,267
4,605,229,683,267
4,614,214,683,268
4,645,225,683,270
4,614,233,680,274
4,622,258,677,274
4,618,263,674,275
4,609,258,673,275
4,592,252,673,275
4,591,236,672,275
4,612,243,670,272
4,609,264,665,266
4,590,259,658,262
4,610,262,653,257
4,621,273,650,256
4,607,280,650,255
4,591,271,650,255
4,599,248,650,254
4,612,278,650,254
4,598,281,650,256
4,563,290,649,260
4,551,302,643,272
4,557,311,642,273
4,553,281,641,274
4,547,281,641,274
4,566,272,639,274
4,552,279,634,276
4,555,294,628,277
4,552,280,625,277
4,564,278,621,277
4,560,275,620,277
4,565,272,619,277
4,551,293,618,278
4,554,300,611,281
4,550,339,605,282
4,542,338,599,283
4,579,341,593,283
4,556,331,590,283
4,547,355,590,283
4,529,374,590,283
4,578,380,590,283
4,583,373,590,283
4,577,353,589,283
4,582,339,588,284
4,557,356,588,284
4,584,355,588,284
4,611,363,588,284
4,574,358,588,284
4,573,350,588,284
4,586,330,588,293
4,571,334,588,301
4,604,332,587,313
4,596,326,587,327
4,588,355,587,339
4,586,342,587,348
4,581,329,587,353
4,561,298,589,358
4,562,319,589,360
4,537,324,591,361
4,562,290,592,363
4,555,288,592,365
4,562,303,592,367
4,543,316,593,370
4,559,329,593,372
4,561,320,593,377
4,549,333,591,382
4,531,337,591,389
4,562,345,591,394
4,556,356,591,397
4,560,323,591,397
4,553,332,591,397
4,557,340,591,397
4,572,316,591,395
4,584,316,592,388
4,586,309,592,380
4,602,297,592,374
4,590,310,591,366
4,573,311,588,357
4,591,324,583,353
4,586,327,577,350
4,600,359,570,350
4,594,369,569,350
4,595,380,568,350
4,588,384,567,350
4,578,371,566,355
4,605,357,566,362
4,593,350,566,368
4,589,342,568,371
4,595,360,569,373
4,592,347,571,376
4,624,367,572,378
4,609,360,572,378
4,625,382,572,378
4,627,397,573,378
4,650,419,573,378
4,646,379,573,378
4,679,393,573,378
4,691,387,573,378
4,712,382,573,378
4,724,389,574,378
4,700,404,574,378
4,688,412,574,378
4,691,415,574,378
4,677,440,574,378
4,688,401,574,379
4,663,412,576,380
4,645,438,577,381
4,644,429,580,384
4,651,422,587,390
4,670,423,596,394
4,667,427,608,396
4,661,455,628,399
4,652,486,647,401
4,643,466,660,406
4,654,466,665,407
4,650,476,668,410
4,640,474,668,410
4,620,476,668,412
4,603,486,668,414
4,599,497,668,419
4,600,500,668,423
4,590,493,668,426
4,570,488,666,431
4,607,503,666,434
4,603,508,666,436
4,618,499,666,438
4,601,497,664,442
4,591,506,658,454
4,586,499,655,458
4,601,497,650,465
4,587,500,647,466
4,595,471,646,466
4,610,455,642,466
4,598,428,636,467
4,584,411,633,470
4,589,409,630,471
4,586,398,628,471
4,562,395,627,471
4,573,365,627,471
4,571,375,626,471
4,567,376,626,471
4,579,361,626,471
4,561,364,626,471
4,563,349,626,471
4,560,352,626,471
4,564,369,626,471
4,555,381,626,471
4,566,372,626,470
4,558,380,627,466
4,540,415,628,462
4,563,403,630,457
4,558,410,631,451
4,562,406,631,447
4,551,390,632,445
4,568,404,632,443
4,604,425,632,439
4,590,450,632,432
4,583,458,632,425
4,605,457,632,419
4,613,476,627,400
4,604,488,622,387
4,601,455,616,381
4,595,461,614,379
4,597,456,613,379
4,605,444,612,379
4,606,434,609,379
4,584,401,608,379
4,602,411,604,381
4,608,395,602,382
4,636,402,600,383
4,653,419,598,386
4,649,420,596,389
4,635,415,596,393
4,639,424,596,399
4,622,425,597,406
4,633,439,601,414
4,618,434,604,420
4,626,422,607,425
4,623,412,608,429
4,628,448,609,431
4,635,419,609,431
4,624,444,609,431
4,608,417,609,432
4,589,428,609,432
4,578,450,606,432
4,588,453,604,432
4,598,451,601,430
4,611,438,598,426
4,638,450,597,425
4,652,422,595,423
4,669,434,594,422
4,679,438,594,421
4,712,435,594,419
4,724,452,593,418
4,714,486,593,418
4,714,498,593,418
4,726,477,593,418
4,719,479,593,418
4,719,473,593,418
4,727,461,593,418
4,714,462,594,423
4,736,453,594,426
4,730,451,595,428
4,735,451,595,430
4,729,456,595,430
4,716,440,595,431
4,734,449,595,431
4,742,447,595,431
4,755,435,595,431
4,777,424,595,431
4,758,399,596,432
4,750,428,600,432
4,750,434,607,432
4,766,419,614,434
4,771,433,622,434
4,787,443,629,435
4,795,457,633,435
4,759,466,638,435
4,776,449,641,435
4,774,460,644,433
4,777,445,645,432
4,792,474,645,432
4,790,468,646,432
4,795,453,647,431
4,801,464,649,431
4,800,444,651,428
4,780,473,652,427
4,798,469,652,427
4,790,459,652,427
4,802,453,653,427
4,782,444,654,427
4,800,419,656,430
4,808,422,660,431
4,785,430,663,433
4,779,429,667,437
4,781,406,674,441
4,793,414,680,445
4,820,401,689,451
4,806,404,696,454
4,833,408,705,459
4,844,398,712,460
4,823,415,719,461
4,821,418,727,461
4,836,414,729,461
4,826,435,733,461
4,840,399,738,461
4,844,397,741,461
4,838,413,746,461
4,852,405,750,460
4,836,420,754,458
4,849,400,755,455
4,862,418,755,454
4,864,434,756,452
4,881,448,758,451
4,876,427,762,449
4,899,442,764,448
4,908,441,768,447
4,907,434,776,446
4,931,415,783,444
4,906,425,791,444
4,907,403,805,444
4,918,433,827,444
4,921,410,851,444
4,918,411,873,443
4,912,407,886,441
4,910,435,893,440
4,928,403,898,440
4,928,411,903,440
4,930,404,905,440
4,903,406,906,439
4,924,416,906,439
4,921,414,907,437
4,900,404,907,436
4,917,389,909,435
4,903,390,912,434
4,904,412,914,433
4,888,414,918,432
4,876,409,920,432
4,884,392,920,432
4,856,368,921,431
4,861,339,923,429
4,839,329,923,429
4,841,333,926,428
4,809,309,927,427
4,780,311,929,427
4,771,285,929,427
4,764,286,930,427
4,758,286,931,426
4,763,307,934,425
4,737,291,938,425
4,724,270,940,425
4,694,254,940,425
4,701,266,940,425
4,720,267,938,426
4,719,268,933,427
4,735,274,921,429
4,745,266,897,429
4,730,293,865,426
4,720,299,840,420
4,719,303,821,413
4,724,292,807,409
4,710,289,789,404
4,731,276,774,401
4,728,280,761,396
4,724,266,749,393
4,732,284,734,388
4,731,288,714,380
4,739,309,701,374
4,749,296,687,362
4,737,305,675,348
4,737,317,665,330
4,736,329,661,321
4,726,322,657,310
4,719,339,654,307
4,730,330,653,305
4,739,322,653,304
4,734,318,653,298
4,740,303,656,289
4,741,292,661,277
4,761,311,662,271
4,758,304,662,270
4,744,298,663,269
4,733,313,667,268
4,746,313,676,265
4,739,317,689,263
4,723,328,693,264
4,716,336,706,270
4,709,327,715,276
4,715,321,718,281
4,707,319,721,287
4,733,332,724,294
4,734,322,727,302
4,725,338,731,308
4,716,344,735,310
4,706,362,736,311
4,689,362,736,311
4,700,366,736,311
4,732,373,736,311
4,721,394,736,311
4,701,398,736,311
4,714,387,733,313
4,695,372,731,313
4,694,390,725,312
4,712,390,720,311
4,727,409,714,310
4,752,406,704,310
4,748,432,696,310
4,758,457,685,310
4,749,443,681,312
4,766,460,680,313
4,757,447,678,314
4,761,441,677,318
4,760,429,675,326
4,759,435,675,340
4,775,447,674,350
4,785,454,674,361
4,780,473,676,368
4,772,457,678,375
4,797,465,686,388
4,807,458,693,397
4,808,466,725,427
4,821,467,735,437
4,824,481,766,463
4,801,468,778,471
4,821,480,803,487
4,846,500,833,506
4,852,499,838,507
4,824,503,851,509
4,825,477,854,509
4,817,478,854,509
4,806,493,854,509
4,820,467,854,509
4,841,465,854,509
4,849,485,855,510
4,843,500,857,510
4,837,509,859,511
4,827,524,861,514
4,831,516,862,514
4,804,515,862,515
4,790,524,862,515
4,780,496,862,515
4,782,504,862,515
4,770,504,862,515
4,791,540,862,515
4,789,547,862,515
4,785,554,862,515
4,794,551,862,515
4,800,566,862,515
4,804,563,862,515
4,815,539,862,515
4,841,528,860,515
4,834,545,855,515
4,842,559,853,513
4,843,571,852,512
4,842,557,851,512
4,845,551,851,512
4,839,547,851,512
4,863,552,851,512
4,850,561,851,512
4,841,581,851,512
4,849,575,851,512
4,864,607,851,512
4,856,625,849,512
4,861,611,847,512
4,855,613,846,512
4,864,619,846,512
4,862,606,846,512
4,869,593,846,512
4,886,643,846,512
4,883,639,849,514
4,880,639,852,517
4,876,632,856,521
4,846,631,860,528
4,845,623,865,536
4,839,621,869,544
4,834,609,872,555
4,860,611,875,566
4,861,608,877,576
4,830,619,877,583
4,851,621,874,592
4,873,649,872,599
4,883,640,872,604
4,884,641,872,608
4,862,636,872,610
4,851,655,872,612
4,885,682,872,615
4,892,684,872,618
4,907,680,872,620
4,892,679,872,622
4,894,709,872,624
4,904,705,872,625
4,896,700,872,625
4,907,701,872,625
4,907,691,871,625
4,912,715,869,623
4,933,742,868,621
4,950,709,867,619
4,964,678,867,619
4,959,678,867,619
4,950,659,867,619
4,957,646,867,619
4,926,650,867,620
4,888,660,867,624
4,873,671,867,626
4,876,669,867,630
4,861,670,867,632
4,860,653,868,636
4,867,628,870,639
4,872,617,875,645
4,873,619,883,657
4,887,626,891,664
4,893,617,898,668
4,872,607,907,671
4,860,598,914,676
4,857,607,925,680
4,848,593,935,682
4,859,585,950,683
4,878,593,966,683
4,881,606,976,683
4,864,603,981,683
4,850,603,981,683
4,849,587,981,681
4,845,574,977,674
4,825,588,970,661
4,828,608,964,652
4,819,609,952,640
4,802,589,943,632
4,787,586,930,624
4,729,581,920,621
4,722,547,911,618
4,718,545,907,616
4,717,542,904,614
4,736,551,901,613
4,726,530,901,612
4,753,514,900,612
4,766,494,900,611
4,756,516,900,611
4,760,502,899,609
4,742,510,898,608
4,763,519,895,608
4,752,527,892,606
4,773,528,887,606
4,776,519,878,603
4,766,523,868,602
4,752,513,857,597
4,760,528,850,594
4,755,523,838,589
4,742,522,836,586
4,736,498,834,585
4,737,495,833,582
4,754,479,833,578
4,773,485,832,574
4,785,478,831,572
4,777,476,830,570
4,777,468,830,567
4,776,466,829,565
4,765,481,827,564
4,748,487,826,564
4,715,520,825,563
4,728,511,824,560
4,735,519,822,559
4,733,494,819,558
4,728,508,816,558
4,753,529,812,558
4,736,530,811,558
4,714,533,809,557
4,710,570,809,557
4,727,564,808,551
4,727,542,808,546
4,733,529,805,542
4,729,536,801,538
4,722,545,794,537
4,725,535,785,534
4,718,534,775,534
4,737,542,765,534
4,760,527,755,534
4,780,542,744,534
4,769,545,734,534
4,786,541,726,534
4,787,520,720,534
4,768,512,718,536
4,767,503,717,537
4,768,512,717,538
4,772,487,717,540
4,782,515,717,544
4,773,494,719,547
4,789,507,720,554
4,804,534,724,558
4,820,545,729,562
4,794,528,734,565
4,804,528,738,566
4,806,505,744,566
4,792,507,757,566
4,791,513,762,566
4,785,504,769,564
4,786,501,772,564
4,768,480,775,563
4,765,484,775,561
4,759,487,776,554
4,776,479,776,546
4,774,502,776,539
4,777,495,776,536
4,776,465,776,535
4,782,456,776,535
4,787,446,776,535
4,807,460,776,535
4,795,452,778,534
4,776,463,782,532
4,773,484,784,530
4,776,495,786,528
4,767,479,788,528
4,762,469,788,527
4,771,460,788,527
4,786,491,786,525
4,779,477,783,523
4,791,475,777,521
4,802,467,768,517
4,813,458,753,512
4,809,466,738,505
4,797,468,725,498
4,796,451,718,495
4,780,474,715,494
4,813,440,714,493
4,825,445,714,493
4,808,431,714,493
4,799,445,714,489
4,800,437,714,487
4,812,432,714,486
4,804,422,717,483
4,778,435,719,481
4,789,429,723,477
4,769,430,732,474
4,802,443,744,471
4,807,450,761,466
4,810,420,773,466
4,807,436,781,466
4,803,433,788,466
4,803,441,792,466
4,796,453,794,466
4,800,462,794,466
4,797,469,794,465
4,775,492,796,465
4,788,488,796,464
4,787,495,797,463
4,777,470,799,461
4,787,471,800,457
4,779,469,803,450
4,800,462,804,444
4,809,439,804,439
4,838,451,804,436
4,831,440,804,434
4,801,427,804,434
4,804,423,804,432
4,799,401,804,429
4,819,403,804,425
4,795,398,802,423
4,787,409,802,423
4,773,395,801,423
4,770,388,801,423
4,778,409,800,423
4,769,420,799,424
4,748,435,799,426
4,707,445,799,427
4,718,453,799,431
4,722,448,799,433
4,718,448,799,434
4,728,437,799,434
4,725,442,799,434
4,728,441,799,434
4,734,441,799,429
4,723,431,800,425
4,713,454,800,422
4,706,467,800,420
4,686,470,799,420
4,709,467,794,420
4,715,467,789,420
4,722,461,784,420
4,743,452,777,420
4,751,470,771,423
4,739,477,766,426
4,718,462,762,428
4,719,462,758,432
4,713,448,756,434
4,722,455,752,437
4,719,449,748,442
4,718,462,747,446
4,728,469,744,453
4,711,472,740,462
4,732,484,732,470
4,731,485,725,479
4,751,475,718,483
4,747,481,714,484
4,736,482,709,487
4,749,469,705,489
4,743,451,704,493
4,722,436,704,496
4,720,436,704,497
4,729,404,704,497
4,737,421,704,497
4,742,422,704,497
4,748,447,704,497
4,750,479,704,497
4,752,458,704,497
4,760,435,704,497
4,736,447,703,497
4,730,447,703,497
4,729,460,703,497
4,725,457,703,497
4,717,452,703,497
4,694,454,703,497
4,674,458,703,497
4,672,440,703,497
4,663,444,703,490
4,672,426,706,481
4,669,412,707,476
4,666,409,707,473
4,696,424,708,471
4,713,403,710,466
4,714,415,710,464
4,730,421,711,462
4,751,406,711,462
4,763,411,711,462
4,763,406,711,462
4,762,408,711,462
4,750,405,708,462
4,744,396,704,459
4,744,413,695,454
4,728,400,685,451
4,716,408,676,450
4,725,394,669,445
4,732,356,668,440
4,724,357,668,430
4,746,338,668,421
4,762,354,670,414
4,733,346,672,411
4,733,346,676,408
4,740,332,681,406
4,740,341,688,406
4,736,341,696,406
4,744,343,705,406
4,736,340,711,404
4,757,353,714,403
4,774,348,719,402
4,786,369,724,400
4,787,396,725,400
4,804,399,725,400
4,801,403,725,400
4,771,414,726,399
4,763,413,727,396
4,791,413,728,392
4,800,432,730,391
4,814,430,731,390
4,820,427,731,390
4,809,439,732,390
4,799,459,734,387
4,816,491,741,383
4,822,496,750,380
4,809,497,759,379
4,799,505,764,379
4,802,489,767,379
4,802,505,768,379
4,817,499,771,381
4,861,488,772,384
4,841,484,774,385
4,820,489,775,387
4,814,524,778,391
4,827,540,782,400
4,831,558,787,415
4,846,551,793,435
4,843,542,798,448
4,837,550,799,458
4,842,539,799,465
4,842,540,799,469
4,836,569,799,472
4,845,556,801,479
4,838,543,808,488
4,843,533,825,498
4,838,536,844,501
4,853,552,858,503
4,862,531,878,509
4,858,548,885,514
4,844,551,888,515
4,842,545,889,516
4,843,542,890,518
4,836,564,891,519
4,818,561,891,519
4,804,574,891,520
4,773,588,892,520
4,782,600,892,520
4,772,601,892,522
4,774,601,892,523
4,772,623,893,524
4,787,621,896,524
4,775,648,898,524
4,786,679,900,524
4,767,671,901,524
4,797,642,901,524
4,783,640,901,524
4,806,651,901,524
4,802,650,900,524
4,788,637,893,524
4,767,649,872,526
4,772,651,854,529
4,728,634,844,534
4,720,618,832,542
4,741,612,829,545
4,752,619,824,558
4,744,608,825,565
4,747,603,829,574
4,743,614,843,588
4,718,619,851,599
4,717,611,856,609
4,709,631,859,616
4,696,636,862,628
4,664,619,865,641
4,638,616,874,659
4,661,619,884,676
4,659,619,884,681
4,635,609,885,687
4,636,606,885,688
4,617,613,884,691
4,590,609,876,691
4,605,618,864,691
4,612,626,839,684
4,613,628,810,671
4,631,642,790,651
4,638,640,767,624
4,622,647,750,611
4,627,663,739,605
4,657,667,732,603
4,674,665,724,602
4,687,692,719,602
4,690,691,713,599
4,679,677,709,598
4,692,673,704,595
4,699,671,695,592
4,711,658,678,589
4,685,662,650,585
4,680,655,638,582
4,679,646,629,582
4,685,642,624,582
4,699,638,623,582
4,692,623,623,582
4,696,621,624,586
4,694,600,631,593
4,660,609,652,603
4,643,618,669,616
4,631,623,680,624
4,648,623,696,633
4,678,611,703,638
4,672,604,710,641
4,670,601,713,641
4,696,588,718,641
4,694,583,722,640
4,672,568,722,640
4,662,558,723,638
4,663,541,723,636
4,700,534,719,629
4,700,553,710,617
4,705,565,705,613
4,698,562,699,612
4,672,559,696,611
4,643,548,689,611
4,649,539,680,611
4,663,534,675,614
4,680,524,673,615
4,676,523,673,615
4,674,553,671,615
4,684,569,672,615
4,685,590,677,609
4,681,583,681,602
4,701,589,684,598
4,712,592,688,590
4,702,585,692,582
4,699,605,695,572
4,697,635,698,565
4,698,635,698,560
4,719,640,698,558
4,727,639,698,558
4,747,617,698,558
4,738,593,698,558
4,734,574,699,556
4,739,583,699,554
4,751,591,699,552
4,738,584,699,551
4,716,577,699,551
4,743,583,699,551
4,764,584,699,551
4,756,581,699,551
4,760,588,699,551
4,772,607,699,553
4,752,593,699,558
4,778,616,707,566
4,789,633,716,573
4,797,637,727,579
4,803,651,737,582
4,773,647,748,585
4,792,651,752,588
4,802,647,753,589
4,814,623,754,590
4,827,598,754,590
4,829,593,754,588
4,833,572,754,586
4,816,551,754,585
4,827,543,754,585
4,826,558,754,585
4,839,569,754,585
4,824,576,755,589
4,825,588,757,594
4,840,591,761,602
4,856,602,763,609
4,849,600,767,617
4,820,589,773,622
4,823,568,785,623
4,821,566,798,622
4,791,544,811,616
4,806,532,822,610
4,802,529,829,604
4,792,522,837,598
4,774,527,843,591
4,763,542,847,580
4,763,509,849,571
4,748,527,849,566
4,754,521,848,565
4,741,511,848,565
4,737,514,848,565
4,729,493,849,565
4,720,491,850,565
4,730,494,850,565
4,732,490,850,564
4,725,472,850,564
4,723,481,844,561
4,724,478,831,555
4,691,475,820,552
4,692,473,808,549
4,704,481,796,546
4,729,484,785,543
4,740,493,780,541
4,750,472,779,541
4,745,469,779,541
4,770,454,777,541
4,755,457,777,543
4,787,456,777,544
4,816,453,776,545
4,825,446,775,545
4,825,469,775,546
4,821,485,773,547
4,831,491,772,547
4,832,474,771,547
4,834,459,768,547
4,837,441,764,542
4,813,440,760,535
4,800,440,760,526
4,788,448,760,517
4,797,440,763,509
4,792,421,768,500
4,755,427,776,488
4,760,417,779,480
4,756,430,781,471
4,760,395,787,462
4,744,407,794,451
4,750,410,796,446
4,749,411,796,444
4,746,389,796,444
4,757,397,796,444
4,767,409,796,442
4,787,401,798,437
4,764,418,798,432
4,766,410,798,429
4,753,422,796,428
4,755,428,794,427
4,761,439,791,425
4,753,428,788,422
4,737,422,784,418
4,751,410,781,416
4,751,402,777,415
4,758,401,776,415
4,765,406,776,415
4,758,398,776,412
4,761,387,776,409
4,765,405,776,408
4,755,390,776,407
4,754,388,776,407
4,752,378,776,407
4,760,393,776,407
4,760,389,776,404
4,735,387,776,403
4,753,374,776,403
4,744,373,776,403
4,744,373,776,403
4,735,393,776,406
4,713,369,777,413
4,725,373,780,418
4,719,387,783,421
4,705,384,785,422
4,689,394,785,422
4,692,417,786,423
4,695,375,786,423
4,701,374,786,423
4,693,365,786,423
4,685,372,786,423
4,663,381,786,421
4,692,379,786,417
4,698,361,785,413
4,686,335,782,410
4,710,331,778,406
4,696,360,774,399
4,697,359,768,391
4,689,365,764,386
4,699,348,757,383
4,699,348,750,383
4,701,342,743,383
4,710,361,736,383
4,691,359,731,385
4,693,369,726,388
4,681,364,720,392
4,693,351,717,393
4,703,366,716,393
4,716,398,716,393
4,706,400,716,393
4,703,405,716,392
4,689,425,716,392
4,710,443,716,387
4,714,445,717,376
4,694,438,717,364
4,686,420,718,356
4,708,402,718,346
4,710,388,718,346
4,702,368,718,346
4,696,379,718,345
4,722,383,718,345
4,719,394,718,343
4,699,387,718,339
4,694,362,718,337
4,715,345,718,337
4,707,332,718,337
4,697,329,718,337
4,677,309,718,337
4,654,322,717,342
4,642,348,714,355
4,622,357,711,365
4,622,339,709,370
4,611,341,708,373
4,602,346,708,375
4,617,340,708,376
4,591,349,708,377
4,600,352,708,377
4,591,338,708,377
4,580,354,709,377
4,585,352,713,370
4,588,328,718,363
4,592,347,718,355
4,605,321,715,351
4,604,308,709,348
4,612,285,702,347
4,638,277,697,345
4,626,291,686,341
4,629,300,676,339
4,622,288,667,338
4,633,270,659,338
4,622,280,652,338
4,624,254,646,340
4,632,246,641,342
4,596,225,640,342
4,615,206,639,344
4,611,219,639,344
4,627,203,639,344
4,620,203,640,339
4,613,189,641,332
4,608,184,643,324
4,611,173,643,318
4,621,188,643,314
4,624,182,643,310
4,647,163,642,308
4,626,180,639,306
4,613,177,637,298
4,602,177,634,291
4,582,163,631,282
4,587,194,627,276
4,569,204,621,268
4,576,173,619,263
4,603,153,616,256
4,610,168,614,247
4,587,196,613,238
4,583,193,611,231
4,564,195,610,230
4,570,169,610,230
4,573,168,610,230
4,590,174,610,230
4,595,190,610,230
4,603,190,609,228
4,582,194,609,227
4,588,162,609,227
4,562,185,609,227
4,602,184,609,227
4,602,180,608,227
4,576,192,608,227
4,579,185,608,227
4,588,186,608,227
4,602,185,608,227
4,605,170,608,227
4,612,187,608,227
4,597,197,608,227
4,601,188,608,222
4,627,171,608,215
4,621,139,608,210
4,614,156,608,208
4,638,156,608,204
4,652,173,608,203
4,637,177,607,202
4,618,173,607,201
4,608,174,607,201
4,622,166,607,201
4,623,213,607,201
4,594,203,607,201
4,582,197,607,201
4,572,185,607,201
4,601,165,607,201
4,595,143,607,201
4,605,139,607,201
4,616,122,607,201
4,616,124,607,201
4,603,142,607,201
4,609,148,607,201
4,609,140,612,205
4,585,147,621,211
4,595,119,632,217
4,584,128,641,224
4,587,124,643,225
4,595,136,643,225
4,619,141,643,225
4,610,158,643,225
4,618,146,643,225
4,623,142,643,225
4,628,151,643,225
4,637,146,643,225
4,646,149,643,222
4,625,131,644,219
4,636,106,644,218
4,621,143,644,218
4,603,125,644,218
4,583,123,644,218
4,575,121,644,218
4,590,146,644,218
4,590,132,644,218
4,580,146,644,218
4,576,139,644,218
4,550,133,644,218
4,541,128,644,218
4,539,134,644,218
4,565,156,644,218
4,572,166,644,218
4,575,144,644,218
4,588,113,644,218
4,564,128,644,216
4,565,135,644,215
4,580,121,644,215
4,576,179,644,214
4,553,196,644,214
4,559,172,642,212
4,560,168,638,211
4,576,155,636,210
4,585,164,632,210
4,594,157,632,210
4,609,142,630,210
4,626,155,630,210
4,644,154,630,210
4,636,150,630,210
4,665,133,630,210
4,655,113,630,210
4,636,140,630,210
4,633,136,630,210
4,640,128,630,210
4,644,125,630,210
4,636,148,630,210
4,651,140,630,210
4,643,155,630,210
4,646,162,630,210
4,654,179,630,210
4,654,178,630,210
4,682,177,630,210
4,673,179,630,210
4,669,175,631,210
4,660,193,634,210
4,651,194,636,209
4,640,190,638,209
4,623,190,644,212
4,620,188,653,218
4,611,196,656,224
4,588,192,657,230
4,583,211,663,238
4,602,210,664,239
4,585,215,664,239
4,615,242,664,239
4,615,248,665,238
4,624,264,667,235
4,636,245,666,229
4,647,242,666,224
4,651,250,666,220
4,637,243,666,216
4,608,249,666,213
4,612,258,666,209
4,635,274,666,207
4,631,263,666,205
4,617,247,666,204
4,652,265,666,204
4,661,251,665,204
4,677,265,663,204
4,703,254,659,211
4,699,263,651,220
4,681,272,644,246
4,675,252,639,264
4,692,243,639,274
4,670,238,637,285
4,671,239,637,293
4,669,243,637,302
4,686,217,637,310
4,688,221,637,314
4,681,222,637,314
4,674,212,637,314
4,673,230,637,314
4,693,244,641,314
4,715,235,649,317
4,715,226,656,320
4,707,242,660,320
4,705,221,663,322
4,707,235,664,322
4,733,243,664,322
4,749,241,666,322
4,738,243,668,322
4,721,239,669,320
4,713,243,671,317
4,710,229,671,312
4,714,213,669,305
4,713,209,663,294
4,712,226,658,285
4,728,236,654,281
4,719,217,651,277
4,711,224,650,272
4,723,251,647,266
4,739,257,643,261
4,773,235,639,259
4,750,231,637,259
4,750,231,637,259
4,748,216,636,259
4,738,186,635,259
4,763,165,634,259
4,749,159,631,259
4,729,164,631,262
4,705,143,630,265
4,684,149,633,268
4,688,136,638,269
4,663,126,645,270
4,689,101,650,272
4,681,156,657,272
4,678,153,666,272
4,671,169,673,271
4,664,170,676,271
4,652,171,680,270
4,655,178,684,269
4,671,169,689,267
4,670,162,702,263
4,677,179,722,257
4,687,203,732,256
4,682,195,741,256
4,705,186,744,256
4,673,175,748,256
4,674,184,755,251
4,657,166,768,243
4,676,163,786,235
4,679,155,790,234
4,670,151,792,234
4,685,171,792,234
4,695,134,792,233
4,684,151,785,230
4,684,154,776,225
4,671,140,769,219
4,661,135,757,216
4,675,146,744,213
4,698,155,728,213
4,708,125,711,212
4,699,154,700,210
4,705,147,697,209
4,719,151,694,209
4,708,143,694,209
4,704,122,694,209
4,683,136,694,209
4,669,143,694,209
4,672,151,699,202
4,667,144,702,195
4,669,128,704,191
4,651,116,704,190
4,649,165,704,187
4,644,157,704,179
4,651,149,704,172
4,664,133,704,167
4,666,118,705,165
4,646,118,706,163
4,640,153,706,163
4,631,168,706,163
4,629,184,708,163
4,621,176,708,162
4,622,169,708,162
4,604,166,708,162
4,590,167,708,162
4,577,171,708,162
4,583,163,708,162
4,586,172,708,162
4,582,164,706,162
4,575,150,700,161
4,549,154,693,158
4,542,171,686,157
4,552,173,681,157
4,552,172,678,157
4,566,175,677,157
4,565,161,677,157
4,554,164,675,159
4,552,151,671,166
4,547,177,665,172
4,555,170,658,179
4,539,165,652,182
4,589,152,651,183
4,596,162,650,183
4,584,161,650,183
4,583,180,648,183
4,574,189,647,185
4,568,159,644,188
4,530,180,642,191
4,571,182,640,193
4,589,192,640,193
4,576,193,640,193
4,611,208,640,193
4,609,197,640,193
4,606,201,640,193
4,626,200,640,193
4,621,228,640,193
4,632,199,640,193
4,628,206,640,193
4,619,186,639,193
4,622,161,632,193
4,643,164,629,193
4,642,147,622,193
4,641,146,615,195
4,667,147,606,198
4,685,141,599,201
4,697,144,590,204
4,709,159,585,205
4,710,157,584,207
4,704,150,584,208
4,701,164,584,209
4,690,173,584,211
4,689,165,586,211
4,669,181,590,212
4,654,185,597,214
4,643,202,605,214
4,672,215,628,215
4,655,222,642,215
4,663,212,652,215
4,661,233,663,213
4,632,241,672,212
4,636,194,676,209
4,645,201,681,206
4,645,164,682,206
4,680,155,682,206
4,693,137,682,206
4,693,141,682,206
4,699,140,682,206
4,715,131,682,206
4,705,127,681,208
4,710,132,677,210
4,696,145,675,213
4,694,147,671,218
4,690,124,665,222
4,678,127,663,226
4,671,127,661,228
4,691,130,661,228
4,671,120,661,228
4,658,120,661,228
4,685,119,661,228
4,670,146,661,228
4,689,148,661,228
4,687,162,661,228
4,671,162,661,228
4,682,170,661,228
4,669,178,661,228
4,655,169,661,228
4,681,172,666,227
4,684,181,674,221
4,681,173,677,220
4,684,177,677,220
4,665,172,677,219
4,676,190,677,215
4,688,192,678,208
4,692,185,678,202
4,682,194,678,202
4,681,216,679,202
4,674,213,679,202
4,691,199,679,202
4,679,175,677,205
4,690,187,676,208
4,711,182,674,210
4,696,187,674,210
4,697,186,674,211
4,675,196,673,213
4,671,196,673,214
4,647,212,672,217
4,631,201,671,218
4,659,216,671,218
4,666,209,671,218
4,676,230,671,218
4,677,229,671,219
4,674,249,671,219
4,688,252,671,219
4,692,250,672,219
4,714,240,687,219
4,726,252,706,219
4,699,243,718,218
4,696,235,727,218
4,691,237,728,218
4,706,246,728,217
4,714,234,728,217
4,722,236,726,217
4,703,218,720,216
4,703,261,714,216
4,713,272,711,216
4,708,293,708,217
4,702,308,707,218
4,715,298,707,222
4,707,297,706,224
4,694,322,706,228
4,691,310,706,235
4,694,349,708,243
4,691,350,711,252
4,695,356,715,258
4,710,344,719,261
4,694,335,721,264
4,687,349,722,266
4,687,369,726,272
4,696,387,729,279
4,693,389,732,290
4,686,382,733,299
4,713,371,735,304
4,697,368,737,309
4,701,370,740,317
4,712,376,742,327
4,709,389,745,342
4,697,416,746,354
4,685,423,746,370
4,679,422,746,386
4,650,423,746,408
4,630,411,746,427
4,642,394,744,438
4,658,401,741,445
4,641,415,740,450
4,640,407,739,457
4,668,420,734,468
4,673,437,727,481
4,687,446,721,492
4,670,475,717,497
4,686,470,714,500
4,681,479,711,501
4,714,480,710,501
4,684,496,709,502
4,689,482,707,502
4,696,461,706,503
4,677,474,694,500
4,671,478,680,483
4,690,511,666,462
4,677,521,657,441
4,670,494,657,436
4,677,485,657,432
4,683,471,659,430
4,671,472,660,428
4,678,440,662,425
4,658,436,663,424
4,655,431,663,424
4,675,443,663,424
4,678,444,663,425
4,674,414,663,430
4,676,434,663,439
4,687,427,663,451
4,691,403,663,461
4,699,398,664,485
4,703,395,665,498
4,709,406,667,514
4,711,407,668,519
4,720,412,668,524
4,749,410,669,530
4,752,425,671,535
4,744,432,671,539
4,769,417,672,544
4,767,417,672,545
4,760,425,672,546
4,753,427,672,546
4,729,428,672,546
4,713,408,672,545
4,701,405,673,536
4,695,410,675,523
4,698,401,675,521
4,711,402,676,520
4,737,416,676,519
4,739,405,679,515
4,728,397,685,502
4,721,378,695,492
4,718,380,700,489
4,713,385,703,489
4,730,385,703,489
4,736,389,703,489
4,752,376,703,489
4,771,346,703,489
4,776,321,703,489
4,786,298,703,489
4,803,296,703,489
4,787,309,703,489
4,784,316,705,484
4,776,335,711,477
4,770,352,717,468
4,760,343,721,462
4,792,323,727,459
4,800,333,731,452
4,805,346,737,445
4,833,365,741,434
4,838,374,746,427
4,828,367,750,424
4,842,380,751,423
4,850,404,751,423
4,861,413,751,423
4,866,415,751,421
4,864,414,752,420
4,883,420,752,417
4,864,394,752,416
4,873,363,752,416
4,868,381,752,416
4,893,366,752,416
4,875,352,752,416
4,859,370,752,416
4,850,368,752,416
4,871,370,752,416
4,854,370,754,416
4,839,362,763,421
4,818,369,780,430
4,823,350,802,435
4,815,356,821,437
4,853,335,840,437
4,852,340,857,435
4,845,341,872,433
4,841,338,882,433
4,850,339,889,433
4,838,318,898,428
4,849,302,904,420
4,846,294,905,413
4,844,296,905,406
4,863,283,905,399
4,856,285,902,392
4,853,282,899,387
4,827,295,898,383
4,842,304,897,380
4,843,300,896,378
4,845,295,892,376
4,820,279,888,375
4,802,250,883,371
4,808,207,879,368
4,816,224,877,363
4,829,237,873,354
4,853,233,872,347
4,867,220,871,344
4,862,232,869,341
4,872,251,868,338
4,886,251,868,335
4,877,261,868,328
4,885,276,868,320
4,903,264,868,308
4,884,236,869,299
4,892,220,868,294
4,875,218,864,290
4,862,220,861,289
4,865,203,858,287
4,853,222,853,281
4,855,242,851,276
4,865,239,848,270
4,853,225,847,266
4,851,222,845,265
4,869,215,844,264
4,876,230,844,264
4,864,241,843,264
4,887,242,843,262
4,862,249,840,255
4,844,234,838,245
4,850,237,835,242
4,841,262,835,242
4,817,278,835,242
4,798,280,835,242
4,799,269,835,242
4,798,270,835,242
4,798,282,835,242
4,786,294,835,242
4,803,299,835,242
4,777,313,835,242
4,784,329,837,242
4,803,334,841,245
4,811,353,846,249
4,785,368,852,255
4,771,355,854,257
4,765,372,856,259
4,751,385,856,260
4,745,386,856,261
4,726,393,854,263
4,709,407,851,265
4,714,401,843,269
4,723,413,836,274
4,711,385,827,275
4,728,387,824,275
4,748,384,821,275
4,768,359,821,275
4,766,355,821,275
4,776,364,821,275
4,771,384,821,279
4,761,385,817,290
4,749,364,814,299
4,761,356,805,317
4,762,363,797,338
4,769,372,791,347
4,757,383,787,349
4,768,390,787,349
4,755,391,787,349
4,744,417,787,349
4,735,417,787,349
4,734,402,787,349
4,744,407,786,351
4,732,409,785,355
4,764,383,784,358
4,763,346,784,360
4,773,351,784,361
4,782,341,784,361
4,786,344,784,362
4,785,368,784,366
4,773,380,784,378
4,780,380,784,392
4,763,386,783,413
4,774,408,778,428
4,776,387,770,445
4,774,406,762,456
4,760,403,749,475
4,766,376,737,487
4,781,387,730,495
4,774,400,726,499
4,777,408,726,499
4,794,382,725,499
4,785,402,725,499
4,780,413,725,499
4,803,398,725,499
4,817,397,725,499
4,843,406,725,499
4,829,416,725,499
4,844,407,725,499
4,866,423,725,497
4,865,437,732,468
4,869,431,737,456
4,865,442,740,445
4,860,456,741,440
4,856,439,741,440
4,869,437,741,439
4,845,442,741,439
4,854,450,741,439
4,849,422,741,439
4,842,420,741,439
4,835,410,741,441
4,833,425,743,448
4,847,435,744,454
4,835,436,747,457
4,852,445,749,459
4,862,459,750,461
4,860,489,756,469
4,860,478,758,478
4,856,482,761,485
4,853,482,764,492
4,864,492,768,496
4,864,508,772,499
4,900,483,774,500
4,894,487,779,502
4,924,480,783,505
4,923,479,787,508
4,930,462,790,510
4,921,448,794,511
4,929,448,798,511
4,925,423,800,511
4,934,403,802,511
4,925,380,807,511
4,944,377,810,511
4,952,387,815,512
4,958,369,819,515
4,951,358,824,519
4,936,389,831,523
4,934,380,844,529
4,953,364,864,533
4,931,338,883,533
4,903,344,898,536
4,888,344,914,536
4,893,345,939,536
4,880,360,953,536
4,873,370,963,535
4,861,358,971,533
4,890,375,980,530
4,886,385,993,524
4,884,380,1000,518
4,888,381,1005,515
4,864,368,1008,513
4,862,381,1008,512
4,846,381,1008,508
4,832,381,1000,495
4,829,403,988,473
4,822,380,974,450
4,821,400,958,435
4,814,419,942,428
4,816,412,931,425
4,812,408,923,423
4,809,411,914,422
4,826,437,905,422
4,820,461,900,420
4,799,469,900,423
4,813,460,898,423
4,834,440,889,417
4,844,442,885,414
4,834,459,874,401
4,848,482,870,395
4,858,481,865,394
4,868,483,864,393
4,843,477,863,393
4,858,469,857,393
4,833,472,850,400
4,831,477,842,416
4,824,483,828,435
4,833,484,818,449
4,852,473,814,456
4,874,502,813,458
4,870,498,814,460
4,854,504,819,466
4,856,502,827,473
4,856,494,832,479
4,854,509,838,483
4,847,520,843,484
4,828,540,850,484
4,831,550,855,484
4,830,552,859,484
4,833,561,861,484
4,849,543,863,485
4,848,548,864,485
4,864,529,866,485
4,854,517,866,485
4,852,507,866,485
4,843,507,866,485
4,837,493,866,485
4,827,484,866,485
4,829,499,866,485
4,850,492,866,485
4,840,496,866,485
4,819,514,866,485
4,799,543,866,485
4,791,535,866,485
4,792,534,865,485
4,791,560,865,488
4,805,551,864,489
4,794,544,863,490
4,777,531,863,491
4,780,520,863,491
4,757,528,862,492
4,753,516,857,495
4,754,497,850,498
4,749,499,843,498
4,758,472,833,498
4,734,480,821,497
4,722,465,818,497
4,718,446,814,497
4,720,455,811,497
4,729,471,808,500
4,713,477,808,503
4,714,478,807,507
4,702,479,807,510
4,691,497,806,514
4,673,507,805,516
4,667,507,804,517
4,662,503,804,517
4,645,504,804,517
4,649,510,800,517
4,658,514,793,514
4,627,521,786,508
4,622,559,778,497
4,609,579,775,488
4,614,555,774,484
4,616,577,774,483
4,621,574,774,483
4,645,583,774,483
4,626,582,774,483
4,637,571,771,483
4,642,586,760,487
4,657,607,735,495
4,655,641,712,500
4,658,654,689,508
4,636,665,676,513
4,615,663,667,517
4,609,656,660,523
4,595,671,651,529
4,580,684,643,536
4,606,691,639,540
4,587,706,635,543
4,609,719,634,543
4,617,712,634,543
4,605,717,633,543
4,595,706,633,544
4,588,709,633,546
4,601,725,634,551
4,607,711,633,557
4,617,747,633,564
4,607,762,634,574
4,610,765,634,584
4,613,769,633,599
4,598,773,628,625
4,585,741,626,635
4,604,757,627,647
4,624,782,628,658
4,619,780,631,667
4,623,783,637,676
4,631,762,642,686
4,666,778,647,699
4,638,787,648,709
4,641,778,650,720
4,656,779,653,735
4,665,762,654,740
4,683,741,654,746
4,687,719,654,749
4,688,696,654,750
4,701,693,652,752
4,724,651,650,752
4,712,664,649,753
4,720,675,648,755
4,703,668,648,755
4,671,666,648,755
4,678,679,647,756
4,655,679,647,758
4,639,685,647,759
4,622,667,647,759
4,618,688,647,759
4,615,705,651,760
4,635,694,660,760
4,631,707,680,754
4,641,717,700,747
4,656,722,721,735
4,675,722,733,727
4,673,707,738,722
4,682,717,740,721
4,687,732,740,719
4,672,707,739,718
4,666,687,737,717
4,645,691,735,716
4,658,686,731,715
4,650,681,728,714
4,649,688,722,712
4,667,684,720,711
4,671,667,718,710
4,674,653,716,709
4,664,664,715,705
4,664,648,714,703
4,655,656,713,702
4,660,679,712,701
4,646,644,712,701
4,661,655,711,701
4,660,670,711,701
4,678,694,711,701
4,685,693,711,701
4,704,691,711,701
4,698,709,711,701
4,720,700,711,701
4,732,699,711,701
4,732,694,711,701
4,721,697,711,701
4,743,700,711,701
4,730,699,711,701
4,749,690,708,701
4,742,667,705,701
4,754,642,698,699
4,749,651,694,695
4,740,649,691,691
4,737,626,691,687
4,732,637,691,686
4,727,653,691,685
4,720,655,691,685
4,726,686,692,685
4,723,695,695,685
4,717,705,697,685
4,746,722,699,686
4,744,721,703,688
4,738,699,708,689
4,719,691,713,689
4,720,680,715,689
4,695,698,719,688
4,687,677,721,685
4,709,649,721,683
4,712,630,721,678
4,738,641,721,671
4,741,625,715,665
4,742,623,709,660
4,730,642,706,659
4,718,656,705,659
4,727,656,705,659
4,726,650,705,659
4,723,665,705,664
4,743,671,705,669
4,745,674,705,674
4,753,695,705,679
4,764,699,705,682
4,769,712,705,683
4,787,702,708,683
4,804,703,711,683
4,790,690,713,683
4,799,686,714,683
4,811,709,716,680
4,802,695,717,675
4,806,700,718,670
4,822,702,718,665
4,832,705,718,662
4,810,695,716,660
4,805,664,715,660
4,814,654,713,659
4,815,656,712,659
4,807,651,712,659
4,808,660,712,659
4,785,683,712,659
4,789,666,714,659
4,784,660,718,662
4,787,691,723,666
4,771,671,732,670
4,790,660,750,677
4,793,671,765,680
4,816,663,783,688
4,821,662,806,695
4,820,679,850,705
4,819,661,872,707
4,820,668,891,707
4,826,664,902,707
4,832,646,915,703
4,826,667,930,698
4,824,665,937,697
4,828,683,940,697
4,827,658,942,697
4,841,652,941,693
4,834,677,938,684
4,829,683,922,660
4,853,671,902,634
4,853,648,897,631
4,869,663,889,626
4,861,656,887,624
4,857,646,884,624
4,855,648,877,620
4,859,652,872,619
4,851,649,868,619
4,842,677,868,619
4,838,692,868,619
4,853,678,868,619
4,864,672,867,619
4,844,686,866,619
4,823,687,861,619
4,807,684,852,619
4,783,657,847,619
4,785,676,846,619
4,792,694,846,619
4,808,695,846,619
4,825,690,846,619
4,839,693,846,620
4,855,680,847,621
4,871,644,850,626
4,866,612,853,634
4,869,605,857,641
4,856,610,861,648
4,857,606,864,650
4,859,612,864,653
4,848,618,864,655
4,824,648,862,660
4,825,658,857,666
4,816,643,851,671
4,820,653,844,676
4,827,703,840,676
4,825,717,836,674
4,812,713,834,669
4,799,732,832,665
4,794,696,832,661
4,777,710,834,658
4,800,702,836,654
4,801,709,838,649
4,785,699,839,643
4,786,714,840,641
4,767,727,842,641
4,778,723,842,641
4,792,725,842,641
4,794,744,843,645
4,770,721,844,650
4,772,737,844,663
4,741,716,844,668
4,753,730,844,675
4,738,743,842,677
4,743,715,838,680
4,733,722,834,680
4,741,716,829,680
4,735,706,821,679
4,722,682,815,678
4,722,690,811,677
4,726,704,809,675
4,722,674,809,674
4,711,669,809,673
4,725,678,810,671
4,709,672,813,669
4,721,655,813,669
4,704,639,814,669
4,723,629,814,669
4,728,631,816,672
4,715,612,819,676
4,726,613,820,680
4,713,625,821,683
4,718,638,821,687
4,730,634,821,689
4,740,626,821,689
4,753,624,820,689
4,733,632,814,684
4,713,652,809,679
4,728,649,804,670
4,731,644,796,653
4,720,640,793,642
4,721,638,793,638
4,696,655,793,635
4,701,683,795,633
4,694,704,801,628
4,681,719,805,624
4,675,717,807,621
4,675,711,808,621
4,664,707,808,621
4,668,709,809,622
4,651,715,809,626
4,659,722,809,631
4,660,727,807,638
4,676,713,806,642
4,672,700,804,644
4,668,700,800,647
4,646,700,795,648
4,636,714,790,649
4,649,701,788,649
4,632,678,785,649
4,629,673,784,649
4,618,671,783,649
4,628,688,783,649
4,628,686,782,649
4,614,685,781,650
4,646,720,780,650
4,636,727,779,652
4,653,745,779,652
4,663,748,777,655
4,650,773,777,657
4,653,768,777,661
4,638,771,776,662
4,655,781,775,669
4,672,770,771,675
4,671,779,760,676
4,665,783,752,676
4,637,802,741,674
4,627,816,729,671
4,604,793,720,668
4,578,752,715,667
4,604,768,714,667
4,602,779,714,667
4,585,767,714,667
4,582,792,714,668
4,573,814,714,672
4,542,828,714,677
4,567,839,714,679
4,609,859,714,683
4,623,872,715,685
4,611,880,715,689
4,633,898,715,696
4,622,888,709,703
4,614,877,703,709
4,634,893,694,712
4,654,887,686,713
4,649,871,675,715
4,629,874,665,716
4,617,863,650,718
4,627,862,638,721
4,639,847,629,724
4,622,849,622,725
4,635,836,620,725
4,648,839,619,726
4,635,834,619,729
4,617,821,619,732
4,613,806,621,742
4,627,780,625,747
4,614,788,628,755
4,650,783,632,763
4,671,768,637,771
4,660,754,639,778
4,618,740,642,783
4,627,745,643,787
4,631,748,644,788
4,639,772,646,789
4,651,770,647,790
4,647,770,649,790
4,690,756,654,790
4,675,762,659,789
4,657,744,663,786
4,671,755,664,785
4,661,770,666,785
4,646,769,666,785
4,654,784,666,785
4,635,774,666,784
4,625,768,668,779
4,629,767,671,770
4,637,756,675,764
4,643,765,678,759
4,651,746,679,756
4,645,748,679,756
4,632,759,679,755
4,626,765,680,754
4,612,780,681,754
4,620,785,683,754
4,596,781,683,754
4,599,764,683,754
4,593,778,683,755
4,565,791,682,758
4,561,774,680,761
4,546,790,677,767
4,547,766,676,774
4,575,766,672,777
4,591,767,671,780
4,601,773,671,780
4,609,773,671,780
4,595,765,671,780
4,607,782,670,780
4,603,783,668,780
4,601,782,665,780
4,576,784,663,779
4,579,777,658,778
4,568,759,649,778
4,560,730,636,778
4,554,716,633,778
4,541,727,629,778
4,532,708,628,777
4,548,693,628,777
4,552,705,629,775
4,559,687,635,770
4,564,687,636,767
4,564,696,638,765
4,562,694,640,765
4,555,715,641,764
4,535,692,642,764
4,545,695,642,764
4,552,712,642,764
4,539,709,642,764
4,565,699,642,764
4,548,695,641,764
4,555,699,639,764
4,564,701,637,763
4,549,696,634,756
4,581,707,628,747
4,566,683,624,740
4,561,687,620,734
4,530,671,617,728
4,586,657,617,726
4,579,636,617,726
4,585,644,617,726
4,611,631,617,726
4,622,610,617,726
4,603,608,617,726
4,602,601,617,726
4,630,584,617,729
4,658,589,616,735
4,666,590,613,741
4,654,576,609,744
4,649,578,607,746
4,637,583,604,746
4,644,585,602,742
4,662,585,601,731
4,663,577,599,719
4,673,562,598,709
4,662,565,598,697
4,670,555,596,676
4,662,555,594,649
4,668,546,599,633
4,674,540,626,617
4,701,553,650,603
4,700,545,673,589
4,718,545,688,576
4,716,550,697,569
4,724,562,702,564
4,727,563,702,564
4,698,549,702,564
4,700,545,702,564
4,674,546,702,561
4,681,545,702,558
4,679,556,705,554
4,665,533,706,551
4,691,516,708,551
4,677,525,708,550
4,665,511,708,550
4,663,492,709,550
4,651,497,709,550
4,682,501,711,545
4,705,483,712,540
4,686,468,715,536
4,704,464,717,534
4,698,455,719,534
4,691,481,719,534
4,703,498,719,534
4,697,506,719,534
4,682,514,719,534
4,671,504,719,534
4,650,507,719,534
4,637,481,719,534
4,639,471,719,534
4,624,468,719,534
4,653,445,719,534
4,650,432,720,533
4,652,450,723,530
4,663,454,725,527
4,695,452,728,520
4,701,433,729,515
4,704,438,729,514
4,665,422,729,514
4,659,403,729,514
4,652,422,729,514
4,621,420,729,514
4,618,416,729,511
4,612,395,725,504
4,588,410,719,497
4,605,405,715,488
4,598,397,712,476
4,627,400,707,465
4,634,412,704,456
4,641,398,703,453
4,613,385,703,453
4,638,372,704,452
4,654,352,705,451
4,643,348,714,442
4,665,346,723,428
4,697,341,725,417
4,706,336,725,415
4,732,311,725,414
4,739,321,725,411
4,746,342,725,410
4,716,336,725,405
4,701,337,724,400
4,686,349,721,395
4,692,358,717,389
4,700,367,714,388
4,699,401,712,387
4,720,420,712,387
4,707,418,712,384
4,738,428,709,377
4,724,438,705,362
4,716,431,703,358
4,725,433,703,357
4,721,425,703,357
4,714,433,703,355
4,724,424,706,350
4,737,431,709,344
4,729,454,712,337
4,714,470,713,333
4,724,452,713,333
4,701,436,713,333
4,702,436,713,333
4,684,440,714,333
4,682,451,716,335
4,675,445,722,340
4,669,436,726,347
4,665,437,730,353
4,662,426,737,357
4,668,418,743,361
4,658,428,748,363
4,646,442,752,365
4,650,441,756,366
4,646,429,758,369
4,658,424,762,371
4,650,420,764,373
4,672,428,764,373
4,658,410,764,373
4,661,403,764,375
4,658,406,763,375
4,651,395,761,377
4,648,398,758,379
4,637,406,752,387
4,627,411,744,394
4,640,411,739,398
4,654,422,735,399
4,654,401,733,399
4,647,409,733,399
4,641,413,732,398
4,662,427,729,393
4,650,413,728,388
4,647,433,726,377
4,649,418,726,365
4,661,409,726,355
4,671,405,725,350
4,681,391,723,349
4,679,405,721,349
4,670,396,719,349
4,671,377,716,350
4,664,391,712,358
4,675,400,705,369
4,686,397,697,384
4,665,383,690,395
4,658,368,684,404
4,652,386,684,404
4,664,368,684,404
4,658,371,684,404
4,668,376,684,404
4,660,375,684,404
4,679,365,684,404
4,673,362,684,404
4,646,394,684,404
4,653,384,684,398
4,655,381,683,392
4,661,398,678,388
4,660,399,674,386
4,683,387,670,385
4,699,407,670,383
4,718,379,669,382
4,704,374,669,376
4,678,367,668,371
4,676,378,668,364
4,699,367,668,362
4,706,376,668,362
4,704,372,668,361
4,703,358,668,360
4,695,349,668,360
4,692,352,668,358
4,659,361,669,358
4,690,343,671,357
4,697,344,674,357
4,721,335,679,358
4,726,347,684,360
4,722,356,688,363
4,720,361,690,365
4,744,341,691,366
4,732,325,692,367
4,726,333,692,367
4,758,348,692,367
4,755,359,692,367
4,749,367,692,370
4,721,368,691,370
4,740,367,691,371
4,749,371,691,371
4,752,359,691,371
4,771,368,691,371
4,759,383,691,371
4,769,367,691,371
4,781,360,691,369
4,779,367,695,368
4,789,378,701,367
4,817,391,708,365
4,802,370,715,365
4,810,351,719,365
4,799,336,721,365
4,802,327,721,365
4,773,322,721,365
4,788,316,721,365
4,792,322,721,365
4,797,288,721,365
4,784,289,721,365
4,779,306,721,365
4,807,289,721,365
4,823,297,723,365
4,836,295,734,365
4,826,282,746,365
4,835,271,758,365
4,835,289,774,365
4,837,299,787,366
4,852,302,794,366
4,867,305,797,366
4,841,312,797,366
4,845,322,797,366
4,861,314,797,365
4,855,316,797,363
4,849,336,797,361
4,864,299,797,359
4,853,293,799,353
4,849,295,801,348
4,880,309,803,344
4,887,287,803,342
4,894,265,802,342
4,897,254,802,342
4,905,251,802,341
4,896,269,804,341
4,882,250,807,339
4,851,237,815,337
4,843,230,817,337
4,832,240,821,337
4,847,254,823,336
4,863,269,824,336
4,845,276,826,336
4,830,271,827,335
4,832,269,830,331
4,817,264,836,327
4,815,256,841,324
4,790,251,850,323
4,773,246,857,320
4,775,241,861,319
4,786,270,862,319
4,788,262,863,318
4,802,277,863,317
4,805,255,863,312
4,796,242,863,305
4,813,236,863,302
4,808,243,863,302
4,826,222,863,302
4,823,230,863,302
4,836,227,863,302
4,839,227,863,302
4,844,246,863,302
4,848,229,862,302
4,868,235,862,302
4,833,251,862,302
4,852,240,862,298
4,853,229,864,294
4,845,229,864,293
4,857,229,864,293
4,860,205,864,293
4,856,200,864,293
4,839,194,864,293
4,821,197,863,293
4,815,187,859,287
4,822,190,859,278
4,849,196,858,273
4,876,222,858,268
4,892,249,858,265
4,895,262,858,260
4,898,283,863,255
4,908,279,866,246
4,910,283,868,237
4,902,283,871,233
4,904,284,871,231
4,898,307,871,231
4,885,324,871,230
4,915,327,871,225
4,914,311,871,220
4,910,308,871,213
4,898,301,871,206
4,892,286,871,204
4,901,303,871,203
4,905,294,870,203
4,888,317,869,202
4,878,306,866,200
4,884,284,864,199
4,899,281,859,198
4,897,274,855,198
4,899,258,850,201
4,888,248,846,208
4,895,236,842,221
4,911,244,841,228
4,912,247,841,233
4,919,239,842,235
4,889,246,845,239
4,905,244,849,245
4,906,244,853,251
4,890,247,858,260
4,869,247,861,267
4,872,241,863,272
4,889,227,864,276
4,881,220,864,277
4,900,250,864,278
4,920,260,865,278
4,918,270,868,278
4,908,284,871,277
4,905,287,877,275
4,893,270,879,275
4,894,262,881,275
4,898,253,884,275
4,911,237,885,275
4,909,227,885,275
4,901,204,885,274
4,902,193,885,274
4,892,199,885,274
4,900,196,885,274
4,910,222,885,274
4,918,234,885,274
4,929,255,885,275
4,920,250,885,277
4,931,209,886,280
4,909,195,886,283
4,933,199,887,285
4,933,198,887,287
4,926,204,887,287
4,906,205,887,287
4,888,180,891,287
4,877,173,894,285
4,880,188,896,282
4,876,195,900,278
4,874,191,902,277
4,899,173,903,276
4,880,168,905,274
4,900,170,908,272
4,896,150,913,270
4,912,176,918,266
4,937,176,918,266
4,958,187,918,265
4,958,189,918,264
4,969,213,913,262
4,992,221,908,257
4,986,242,904,251
4,965,258,900,244
4,960,256,896,238
4,947,261,892,237
4,940,277,889,236
4,937,265,887,236
4,914,263,887,236
4,921,264,887,236
4,931,268,887,235
4,943,265,888,235
4,954,278,892,237
4,952,276,894,239
4,951,294,901,244
4,944,279,907,248
4,956,277,912,250
4,959,276,914,252
4,967,266,914,253
4,984,275,914,255
4,964,273,913,257
4,970,279,911,260
4,967,290,908,261
4,975,285,906,261
4,993,276,904,261
4,981,260,900,257
4,992,231,896,251
4,1003,222,895,246
4,989,254,894,243
4,977,242,894,241
4,989,239,896,239
4,965,244,900,239
4,985,227,903,239
4,1002,216,907,239
4,990,196,910,240
4,991,197,913,242
4,962,201,915,244
4,971,204,916,245
4,979,196,916,247
4,981,199,916,249
4,998,226,916,251
4,992,230,916,251
4,988,230,916,252
4,962,242,915,252
4,936,266,915,252
4,924,276,914,249
4,910,282,912,247
4,878,288,912,245
4,860,270,913,243
4,870,277,918,238
4,872,282,925,236
4,894,271,930,236
4,912,274,934,236
4,909,299,936,236
4,909,299,937,236
4,903,309,938,236
4,891,311,940,236
4,870,322,940,236
4,867,341,940,236
4,857,332,940,236
4,868,349,940,237
4,871,367,938,238
4,881,366,936,242
4,893,373,932,244
4,885,353,928,245
4,864,351,925,245
4,867,346,917,244
4,880,358,916,241
4,868,376,916,238
4,867,374,916,238
4,907,378,917,238
4,932,377,917,238
4,938,405,917,243
4,911,401,917,248
4,926,391,914,261
4,905,385,908,278
4,911,396,908,289
4,903,402,909,300
4,887,396,912,305
4,884,403,914,312
4,900,394,916,317
4,896,380,917,321
4,897,363,917,325
4,885,355,915,327
4,876,349,910,337
4,882,357,909,344
4,864,358,908,351
4,880,380,906,356
4,861,395,905,363
4,873,409,905,366
4,879,400,903,370
4,861,401,903,374
4,883,409,901,376
4,879,407,900,378
4,907,397,900,380
4,920,423,899,382
4,916,410,899,385
4,910,389,897,387
4,947,407,897,390
4,960,407,897,393
4,967,412,896,396
4,978,425,896,398
4,979,456,896,400
4,1000,468,895,401
4,999,442,895,404
4,1040,455,895,406
4,1068,477,894,409
4,1069,490,891,413
4,1058,506,891,415
4,1040,523,891,418
4,1022,516,891,419
4,1033,516,890,421
4,1036,515,890,422
4,1044,520,890,423
4,1037,518,890,426
4,1059,528,891,429
4,1057,525,892,431
4,1039,546,896,435
4,1058,547,903,442
4,1054,558,913,451
4,1030,565,922,463
4,1009,548,935,480
4,1051,550,949,492
4,1032,561,956,499
4,1036,542,962,508
4,1031,520,967,516
4,1051,500,971,521
4,1047,495,973,525
4,1053,493,977,529
4,1045,511,983,533
4,1032,509,998,540
4,1024,512,1019,547
4,1032,521,1037,554
4,1020,529,1060,564
4,1019,521,1091,576
4,1018,530,1115,590
4,988,512,1151,605
4,1002,499,1204,618
4,1022,506,1217,620
4,1012,486,1253,621
4,1021,464,1261,615
4,1021,458,1263,611
4,1004,483,1263,609
4,1000,491,1260,608
4,999,505,1255,605
4,992,500,1250,601
4,986,512,1249,597
4,992,524,1246,590
4,972,515,1242,581
4,948,537,1236,576
4,950,532,1229,574
4,942,545,1222,573
4,944,535,1210,571
4,923,512,1198,571
4,935,521,1186,570
4,952,520,1173,565
4,936,525,1158,558
4,935,513,1147,554
4,945,489,1121,544
4,956,479,1106,537
4,959,472,1083,530
4,966,482,1060,522
4,970,473,1043,511
4,960,457,1025,498
4,945,455,1004,492
4,925,469,992,489
4,941,483,982,489
4,923,490,973,490
4,937,480,966,493
4,940,472,955,496
4,945,450,947,497
4,951,438,942,497
4,957,443,937,496
4,963,446,936,493
4,958,455,934,492
4,946,445,932,491
4,937,443,930,490
4,927,469,926,489
4,951,470,920,487
4,943,479,914,486
4,936,482,912,485
4,933,480,911,485
4,926,493,911,485
4,931,497,911,485
4,926,499,918,472
4,928,509,923,465
4,933,522,931,451
4,907,534,932,449
4,919,530,934,448
4,897,549,935,447
4,912,528,937,446
4,904,511,939,443
4,884,495,941,442
4,893,507,941,442
4,879,536,941,442
4,888,538,941,442
4,875,539,941,442
4,878,557,941,442
4,885,533,941,442
4,889,534,941,442
4,859,543,941,445
4,849,542,941,450
4,851,543,940,452
4,846,546,935,461
4,859,537,933,464
4,848,547,929,467
4,850,528,925,471
4,842,543,920,475
4,846,531,914,479
4,868,543,907,482
4,873,564,900,485
4,849,549,894,489
4,847,532,891,495
4,835,537,888,502
4,836,552,886,506
4,864,569,886,508
4,857,560,884,510
4,857,560,883,512
4,872,556,879,516
4,864,548,875,522
4,857,531,872,526
4,842,537,871,530
4,841,534,870,531
4,836,545,869,533
4,849,551,868,534
4,864,552,867,537
4,865,544,866,540
4,855,557,864,544
4,890,559,862,547
4,888,564,858,551
4,884,589,856,553
4,883,596,852,556
4,899,619,847,560
4,892,629,838,566
4,896,638,830,570
4,895,623,825,575
4,906,641,821,576
4,915,621,820,576
4,908,625,819,576
4,889,588,819,576
4,895,579,817,577
4,903,575,815,577
4,917,595,815,577
4,921,575,815,577
4,929,585,815,577
4,937,578,816,577
4,908,583,817,578
4,909,602,824,586
4,896,609,841,603
4,884,608,863,623
4,884,611,882,637
4,885,590,897,649
4,872,590,908,657
4,866,601,916,665
4,865,580,917,667
4,868,587,918,668
4,866,587,918,668
4,876,577,918,668
4,880,570,918,668
4,869,577,918,664
4,857,584,918,663
4,853,583,918,663
4,844,593,918,662
4,846,618,918,661
4,839,622,918,658
4,823,643,918,656
4,826,639,915,652
4,822,635,915,651
4,812,628,912,648
4,811,651,912,648
4,815,650,912,648
4,815,646,911,648
4,807,654,910,648
4,823,656,909,647
4,841,650,907,646
4,853,643,904,646
4,816,639,901,642
4,798,674,898,638
4,813,680,895,635
4,791,680,891,632
4,777,675,889,630
4,778,678,887,628
4,779,685,886,625
4,786,685,883,623
4,773,683,881,622
4,782,679,879,617
4,753,685,878,615
4,752,690,875,611
4,740,702,874,609
4,746,702,874,607
4,737,690,874,607
4,746,683,874,607
4,742,677,874,607
4,760,662,874,607
4,792,659,874,607
4,767,676,872,608
4,767,690,866,615
4,778,704,860,622
4,780,700,853,631
4,771,701,843,637
4,773,713,834,643
4,769,698,827,646
4,783,692,820,650
4,810,689,815,655
4,786,671,803,665
4,784,660,797,669
4,773,646,788,675
4,768,654,781,681
4,778,701,775,688
4,800,703,769,694
4,814,690,763,703
4,813,704,757,710
4,793,701,751,716
4,759,729,748,718
4,783,702,746,719
4,775,719,746,719
4,786,698,746,719
4,775,724,747,719
4,759,716,747,719
4,746,724,747,719
4,753,703,747,719
4,769,702,748,719
4,762,676,750,718
4,774,678,752,715
4,770,676,753,713
4,761,687,755,713
4,786,680,755,712
4,764,700,755,712
4,756,693,755,712
4,784,703,755,712
4,776,689,756,712
4,785,687,758,712
4,794,712,761,716
4,776,737,763,721
4,790,740,765,723
4,796,736,766,725
4,793,764,767,728
4,782,779,768,728
4,787,771,770,729
4,792,789,771,729
4,782,814,772,730
4,791,823,772,731
4,794,816,774,731
4,785,819,774,732
4,815,791,774,732
4,823,778,775,732
4,844,766,775,732
4,847,781,776,732
4,843,794,776,732
4,873,792,776,732
4,875,775,776,732
4,893,801,776,732
4,884,820,776,733
4,916,843,776,735
4,896,832,776,735
4,891,826,776,737
4,907,853,778,740
4,877,838,779,746
4,877,818,784,757
4,864,815,794,772
4,834,819,797,775
4,838,837,809,784
4,843,841,818,788
4,877,840,825,791
4,892,827,832,794
4,890,815,841,797
4,882,822,850,802
4,903,805,860,805
4,907,819,869,809
4,901,812,878,813
4,892,797,882,816
4,904,792,888,820
4,918,802,893,824
4,933,787,897,827
4,928,760,902,829
4,932,767,908,832
4,932,790,915,832
4,921,801,921,834
4,903,809,928,835
4,916,816,934,836
4,905,808,939,838
4,922,801,942,839
4,903,799,943,839
4,897,810,943,839
4,899,816,943,839
4,883,812,943,839
4,878,812,942,838
4,871,788,936,830
4,872,792,934,828
4,871,778,933,826
4,875,743,932,824
4,862,745,932,823
4,876,747,932,816
4,882,759,929,804
4,855,749,923,784
4,867,749,918,771
4,853,761,917,765
4,849,778,917,765
4,846,777,917,765
4,845,774,917,765
4,857,783,917,765
4,871,807,917,765
4,885,824,917,765
4,880,818,917,765
4,891,808,917,765
4,910,812,916,765
4,929,802,913,765
4,928,811,912,764
4,930,823,911,762
4,935,846,908,755
4,948,838,906,746
4,939,834,900,741
4,902,820,894,738
4,902,812,889,735
4,899,810,885,734
4,882,812,883,733
4,869,803,882,733
4,890,804,882,733
4,896,813,882,733
4,887,843,882,733
4,903,845,882,734
4,906,849,882,735
4,928,827,884,738
4,923,833,887,740
4,948,816,894,747
4,952,822,905,757
4,951,795,927,770
4,923,806,938,778
4,930,830,945,784
4,927,822,949,788
4,924,835,951,791
4,902,824,951,792
4,895,825,949,794
4,901,815,942,801
4,893,819,937,805
4,886,825,931,809
4,878,810,927,811
4,867,780,922,813
4,855,799,916,813
4,841,804,914,813
4,840,777,913,813
4,850,811,911,813
4,825,822,910,813
4,815,828,909,814
4,834,804,908,814
4,843,815,907,814
4,842,832,907,814
4,851,856,907,814
4,851,863,907,814
4,835,862,907,814
4,831,840,907,814
4,833,850,906,814
4,866,861,906,814
4,886,836,902,814
4,894,831,897,814
4,887,850,889,814
4,854,865,881,811
4,835,838,873,808
4,840,822,864,806
4,842,801,859,805
4,847,779,854,804
4,854,763,845,804
4,867,758,835,804
4,864,751,828,804
4,916,782,823,803
4,929,799,822,803
4,936,808,822,803
4,943,803,822,803
4,978,818,822,803
4,993,832,822,803
4,1009,812,823,805
4,1025,812,825,806
4,1018,818,827,807
4,1031,826,828,808
4,1037,824,828,808
4,1063,807,828,810
4,1038,807,829,810
4,1035,798,829,810
4,1046,797,829,810
4,1055,806,829,810
4,1076,805,831,810
4,1066,812,833,810
4,1083,840,840,810
4,1075,833,856,810
4,1077,878,875,810
4,1098,911,900,813
4,1096,906,928,815
4,1087,921,966,821
4,1080,907,981,821
4,1078,920,1005,821
4,1074,928,1034,821
4,1077,920,1059,818
4,1095,913,1079,817
4,1090,919,1095,813
4,1086,936,1103,813
4,1087,939,1112,813
4,1094,960,1117,813
4,1101,915,1119,812
4,1096,932,1120,811
4,1073,922,1121,809
4,1053,929,1121,809
4,1063,942,1121,809
4,1062,942,1121,809
4,1061,947,1121,809
4,1041,945,1121,809
4,1017,951,1121,809
4,1033,953,1121,809
4,1038,933,1121,809
4,1024,942,1121,814
4,1042,941,1123,824
4,1026,936,1131,837
4,1034,930,1140,845
4,1024,937,1148,851
4,1022,938,1159,858
4,1001,945,1163,861
4,1001,903,1164,864
4,985,897,1165,866
4,980,893,1164,869
4,972,911,1157,874
4,995,920,1141,879
4,980,910,1133,882
4,977,904,1126,883
4,997,915,1119,884
4,980,938,1112,884
4,974,933,1103,884
4,989,973,1098,884
4,973,949,1091,884
4,964,944,1086,884
4,975,946,1081,884
4,978,938,1074,884
4,978,926,1066,884
4,1006,922,1052,884
4,1045,955,1040,884
4,1050,941,1030,884
4,1017,939,1023,884
4,1030,923,1020,884
4,1021,915,1019,884
4,1037,934,1019,884
4,1073,959,1018,884
4,1051,947,1016,884
4,1084,952,1013,884
4,1073,937,1011,884
4,1076,952,1007,884
4,1067,940,1004,884
4,1079,944,1003,884
4,1085,959,1003,884
4,1055,927,1003,884
4,1040,917,1003,884
4,1029,929,1008,884
4,1026,955,1012,884
4,1041,928,1019,886
4,1040,938,1026,887
4,1052,961,1031,888
4,1032,953,1036,890
4,1030,952,1038,891
4,1024,947,1041,891
4,1034,945,1043,891
4,1036,942,1046,891
4,1042,946,1053,891
4,1054,985,1061,891
4,1048,927,1068,891
4,1063,942,1075,891
4,1062,922,1080,892
4,1048,936,1081,893
4,1023,940,1081,893
4,1037,935,1081,893
4,1037,950,1081,893
4,1052,954,1081,893
4,1023,943,1081,893
4,979,924,1081,893
4,984,954,1081,893
4,973,950,1081,893
4,964,979,1080,894
4,956,912,1071,894
4,963,892,1064,894
4,972,893,1055,894
4,965,870,1050,894
4,960,867,1049,894
4,964,857,1049,894
4,957,850,1049,894
4,937,884,1049,894
4,930,876,1049,893
4,935,885,1050,893
4,948,869,1050,893
4,941,864,1050,893
4,926,846,1050,893
4,903,852,1050,893
4,901,860,1050,893
4,882,856,1050,893
4,877,867,1050,893
4,877,875,1049,893
4,848,861,1041,893
4,849,870,1027,892
4,830,866,1013,890
4,825,862,993,886
4,813,882,980,883
4,828,887,965,878
4,812,894,947,873
4,794,883,927,867
4,795,879,904,861
4,820,894,884,856
4,826,877,869,851
4,803,873,860,848
4,803,895,851,846
4,786,891,849,845
4,796,901,847,845
4,769,901,844,845
4,768,915,843,845
4,778,909,841,845
4,778,914,835,846
4,784,871,829,846
4,768,892,821,846
4,782,900,818,846
4,796,899,817,846
4,777,905,817,846
4,770,874,817,846
4,788,862,817,846
4,797,859,816,846
4,812,866,812,847
4,804,862,807,847
4,798,870,800,847
4,806,882,792,847
4,822,900,787,847
4,818,897,787,847
4,789,871,787,847
4,810,879,787,847
4,822,905,787,847
4,812,933,787,847
4,836,919,787,847
4,819,934,787,847
4,820,917,787,847
4,823,927,788,847
4,807,931,789,847
4,799,932,793,847
4,818,939,794,847
4,803,952,794,847
4,807,956,794,847
4,835,964,794,847
4,816,918,794,847
4,820,910,794,847
4,835,923,794,847
4,815,914,794,847
4,847,902,794,847
4,846,902,794,847
4,839,891,794,847
4,838,868,794,847
4,817,868,794,847
4,801,879,794,847
4,801,902,794,847
4,818,931,794,847
4,850,922,794,847
4,851,918,794,847
4,839,904,794,847
4,849,919,794,847
4,852,900,794,847
4,857,910,794,847
4,869,905,794,847
4,869,911,794,847
4,871,898,794,847
4,882,885,794,847
4,883,866,794,847
4,901,886,794,847
4,896,890,794,847
4,904,876,794,847
4,919,855,794,847
4,923,850,794,847
4,915,853,794,847
4,897,827,794,847
4,892,827,794,847
4,902,820,794,847
4,881,802,794,847
4,886,803,794,847
4,886,836,796,847
4,906,846,800,847
4,921,839,811,847
4,904,818,812,847
4,879,829,817,847
4,877,814,819,848
4,874,795,821,848
4,851,802,825,848
4,861,805,830,848
4,867,789,835,848
4,878,791,837,848
4,888,809,840,848
4,900,802,840,848
4,871,802,841,848
4,871,808,841,848
4,855,794,841,848
4,851,793,842,847
4,839,788,842,847
4,844,805,842,847
4,845,812,842,847
4,848,814,842,847
4,848,806,842,847
4,843,783,842,844
4,828,762,843,841
4,844,758,843,838
4,879,777,843,837
4,877,768,843,836
4,879,785,843,836
4,878,786,843,836
4,873,782,843,835
4,868,798,843,833
4,890,799,843,832
4,922,803,843,829
4,918,808,843,828
4,910,800,843,827
4,893,802,843,826
4,878,805,843,826
4,887,791,843,825
4,865,776,843,824
4,889,758,842,823
4,896,761,841,821
4,914,775,841,821
4,887,779,841,821
4,852,763,841,821
4,829,755,841,821
4,828,748,841,821
4,824,742,841,821
4,823,734,841,821
4,819,722,841,821
4,830,713,841,820
4,823,705,843,820
4,826,688,845,819
4,837,672,848,819
4,847,673,850,819
4,866,692,851,819
4,877,703,851,819
4,867,692,851,819
4,892,692,851,819
4,879,696,851,819
4,875,705,851,819
4,863,685,851,819
4,891,656,851,819
4,873,627,851,819
4,881,609,851,819
4,868,598,851,819
4,881,579,851,819
4,885,601,851,819
4,902,598,851,819
4,899,610,851,819
4,900,602,851,818
4,890,628,852,817
4,898,603,852,816
4,894,599,855,813
4,879,605,858,810
4,883,576,862,804
4,868,585,865,799
4,870,564,867,797
4,879,589,867,796
4,900,600,868,796
4,900,617,869,793
4,914,616,872,788
4,915,621,875,783
4,909,627,876,778
4,907,650,876,774
4,911,651,876,773
4,905,667,876,771
4,905,673,876,766
4,907,665,877,757
4,916,676,877,743
4,909,679,873,728
4,888,681,870,719
4,920,700,869,713
4,922,720,869,708
4,911,720,868,706
4,931,719,868,701
4,941,717,868,696
4,939,707,868,694
4,954,701,868,690
4,949,681,868,688
4,953,690,868,685
4,950,707,868,680
4,942,696,868,671
4,930,715,869,662
4,918,727,870,659
4,922,739,870,659
4,912,705,870,658
4,958,696,870,658
4,974,709,870,658
4,975,696,870,658
4,987,701,870,658
4,977,718,870,658
4,987,731,870,658
4,995,746,870,658
4,1000,732,870,658
4,1004,716,870,658
4,1017,734,870,658
4,998,740,870,658
4,996,739,870,658
4,1000,727,870,658
4,997,726,871,658
4,1006,732,872,658
4,1006,733,874,659
4,998,733,877,659
4,1004,726,882,658
4,1014,734,890,658
4,987,723,897,659
4,972,717,908,663
4,983,708,920,665
4,995,719,929,668
4,1000,704,938,669
4,998,710,942,671
4,999,703,947,672
4,978,715,954,675
4,988,698,960,676
4,964,688,963,676
4,969,669,966,677
4,971,650,967,678
4,952,654,968,679
4,941,669,970,682
4,925,659,972,683
4,939,642,974,683
4,945,647,974,683
4,934,664,975,683
4,929,652,975,683
4,941,645,975,683
4,929,641,975,683
4,914,659,975,684
4,914,677,975,684
4,920,684,975,684
4,921,669,972,684
4,903,666,969,684
4,926,667,963,680
4,915,684,957,671
4,907,673,949,662
4,914,707,945,657
4,916,717,944,656
4,898,699,944,656
4,886,701,944,655
4,883,683,943,652
4,902,682,942,648
4,928,679,942,646
4,931,681,941,644
4,940,699,941,644
4,901,708,941,644
4,904,715,941,644
4,908,699,938,641
4,904,700,937,635
4,927,714,937,632
4,941,713,936,631
4,956,679,936,631
4,943,679,936,631
4,959,698,936,631
4,945,699,936,631
4,924,695,936,631
4,900,704,936,631
4,918,723,936,631
4,901,707,936,631
4,891,706,936,631
4,896,700,936,632
4,890,708,936,637
4,898,701,936,650
4,913,682,939,659
4,903,678,944,666
4,895,660,949,670
4,899,652,953,672
4,907,644,955,673
4,923,636,955,673
4,922,608,955,673
4,914,614,955,674
4,907,611,955,674
4,923,628,955,674
4,896,628,955,676
4,913,622,954,679
4,918,626,952,681
4,916,602,949,683
4,900,597,947,686
4,887,607,946,687
4,866,608,945,688
4,877,603,944,689
4,869,588,943,690
4,897,590,943,690
4,871,602,943,690
4,878,606,943,690
4,869,607,943,690
4,859,613,940,690
4,878,612,937,688
4,865,614,937,688
4,863,619,937,686
4,874,641,936,683
4,882,623,938,672
4,861,626,939,660
4,878,622,940,655
4,866,604,940,653
4,865,603,940,653
4,881,587,940,653
4,889,592,939,653
4,883,620,939,651
4,899,615,938,651
4,934,616,938,651
4,940,622,937,651
4,937,633,936,651
4,924,618,936,651
4,903,609,935,652
4,896,620,935,652
4,876,597,933,652
4,882,582,933,653
4,886,589,933,653
4,889,601,933,653
4,883,601,933,653
4,870,597,933,653
4,862,603,933,653
4,866,582,933,653
4,855,570,931,653
4,849,591,931,653
4,835,596,930,648
4,839,615,929,641
4,829,618,929,630
4,844,608,927,628
4,840,583,925,626
4,852,584,923,625
4,861,567,922,625
4,864,549,919,621
4,841,557,917,616
4,819,556,913,611
4,842,541,909,607
4,818,549,906,606
4,828,554,904,604
4,837,554,901,604
4,813,557,899,603
4,815,565,894,603
4,801,563,889,603
4,786,550,882,603
4,789,573,878,603
4,780,590,876,603
4,769,574,875,603
4,786,539,874,603
4,803,535,870,603
4,798,525,868,603
4,789,527,863,602
4,771,521,858,600
4,762,515,852,599
4,782,509,848,596
4,779,539,842,592
4,766,567,834,588
4,768,580,826,585
4,797,603,819,584
4,797,602,815,582
4,812,576,810,581
4,783,573,806,581
4,780,555,797,579
4,781,541,790,575
4,796,528,779,570
4,795,545,770,564
4,797,553,762,561
4,822,568,752,557
4,828,576,748,555
4,814,575,745,549
4,804,582,741,544
4,812,590,737,540
4,809,572,735,537
4,804,574,734,536
4,840,570,732,536
4,820,555,731,535
4,817,527,731,534
4,815,518,730,534
4,829,532,730,533
4,838,541,730,533
4,844,563,730,533
4,849,552,730,533
4,854,542,730,533
4,864,533,730,533
4,869,541,734,534
4,851,525,738,537
4,853,521,746,538
4,845,516,755,541
4,835,508,767,544
4,821,516,778,547
4,816,499,787,550
4,809,468,795,551
4,817,463,799,551
4,802,455,801,552
4,790,441,803,554
4,802,419,807,555
4,809,444,812,556
4,822,482,817,557
4,822,474,823,559
4,808,490,826,560
4,836,521,829,561
4,836,514,835,563
4,831,521,842,564
4,829,511,849,567
4,820,513,853,567
4,823,519,854,567
4,827,526,854,567
4,800,543,854,567
4,800,519,854,567
4,797,551,851,561
4,783,557,843,552
4,786,526,838,546
4,787,533,832,540
4,790,553,826,535
4,798,551,822,522
4,790,567,817,511
4,807,563,811,500
4,787,558,806,495
4,799,562,804,492
4,825,557,802,491
4,822,572,801,491
4,821,574,799,491
4,810,570,799,491
4,823,574,798,491
4,837,594,798,491
4,831,578,798,491
4,835,553,798,491
4,835,558,798,491
4,828,580,797,493
4,822,591,794,499
4,838,590,793,509
4,825,598,793,521
4,817,605,793,535
4,830,604,793,539
4,839,592,793,540
4,812,601,793,541
4,805,589,793,541
4,792,584,793,541
4,787,583,793,541
4,789,579,793,541
4,820,581,793,541
4,814,589,793,541
4,844,597,794,541
4,843,572,794,541
4,853,573,794,541
4,830,589,794,541
4,839,590,794,541
4,821,606,794,541
4,826,587,794,541
4,824,599,794,541
4,834,624,794,541
4,820,622,794,541
4,826,623,794,541
4,826,633,793,541
4,827,616,793,541
4,817,614,793,541
4,830,615,793,541
4,823,605,793,542
4,811,619,793,542
4,805,631,793,542
4,798,644,792,542
4,803,649,792,542
4,797,656,792,542
4,770,658,792,542
4,772,645,792,542
4,758,653,792,542
4,746,665,792,542
4,714,653,792,542
4,712,665,792,542
4,716,674,792,542
4,750,671,792,542
4,749,661,792,542
4,780,667,792,542
4,778,676,792,542
4,799,664,792,542
4,796,670,792,542
4,792,694,792,542
4,785,720,792,542
4,779,722,792,542
4,763,710,792,542
4,780,703,792,542
4,789,679,792,542
4,776,710,792,542
4,770,723,792,542
4,768,710,792,542
4,763,749,789,544
4,748,765,786,545
4,723,759,778,546
4,752,765,767,547
4,756,761,757,547
4,759,744,745,551
4,751,758,736,552
4,775,729,731,553
4,790,714,726,555
4,793,707,724,555
4,785,704,724,555
4,791,735,724,555
4,794,744,725,555
4,803,737,725,555
4,801,729,725,555
4,800,718,726,555
4,817,719,726,557
4,828,738,727,568
4,830,729,733,589
4,826,680,743,633
4,825,703,757,690
4,848,698,766,736
4,848,697,770,772
4,843,701,772,788
4,830,686,773,794
4,843,697,773,794
4,831,708,779,795
4,839,711,784,796
4,836,703,788,796
4,815,710,793,796
4,824,708,800,796
4,843,703,804,794
4,808,711,805,794
4,831,687,807,794
4,830,697,814,794
4,841,688,825,788
4,840,685,851,774
4,847,670,867,763
4,849,662,878,755
4,850,650,885,745
4,846,643,885,735
4,858,647,883,724
4,867,629,879,719
4,889,660,874,713
4,885,647,866,709
4,876,666,861,704
4,930,681,854,700
4,924,680,848,696
4,926,683,840,689
4,893,676,837,687
4,873,691,829,683
4,882,691,823,680
4,878,665,821,678
4,874,644,820,673
4,875,652,820,661
5,931,546,964,537
5,917,535,964,537
5,942,524,964,537
5,962,523,964,537
5,967,526,964,537
5,962,517,964,538
5,943,522,964,538
5,953,525,964,538
5,960,541,964,538
5,972,557,964,538
5,970,579,964,538
5,975,581,964,538
5,967,603,964,538
5,964,620,964,538
5,968,636,964,538
5,975,628,964,538
5,987,616,962,538
5,967,587,959,538
5,966,591,957,538
5,1001,593,955,538
5,1022,589,953,538
5,994,602,953,538
5,980,606,953,538
5,956,591,953,538
5,972,616,953,538
5,977,652,953,542
5,993,640,954,546
5,989,660,954,551
5,987,636,955,556
5,1002,638,959,558
5,995,652,960,560
5,982,612,962,560
5,1001,608,963,560
5,995,601,964,560
5,981,598,964,560
5,991,565,964,560
5,989,568,964,560
5,992,571,964,562
5,997,601,964,564
5,1006,611,966,568
5,988,610,967,571
5,990,611,969,574
5,977,601,972,576
5,987,623,974,578
5,993,625,974,578
5,1013,643,974,579
5,1010,680,975,579
5,1032,678,975,579
5,1053,678,977,579
5,1068,643,979,579
5,1075,631,979,579
5,1077,635,979,579
5,1090,641,979,579
5,1074,641,979,579
5,1067,639,979,579
5,1058,614,981,581
5,1063,606,981,581
5,1059,603,981,583
5,1055,600,984,587
5,1035,611,994,596
5,1020,606,1022,613
5,1040,592,1041,624
5,1033,584,1064,634
5,1020,581,1076,637
5,1031,583,1087,637
5,1040,582,1089,637
5,1060,564,1089,637
5,1035,587,1087,634
5,1036,579,1083,632
5,1054,581,1079,630
5,1033,582,1074,625
5,1013,582,1068,621
5,1002,569,1061,617
5,969,567,1052,612
5,974,548,1041,609
5,947,536,1034,608
5,948,512,1029,608
5,960,509,1029,610
5,976,510,1029,611
5,969,502,1029,612
5,941,520,1029,612
5,930,493,1029,612
5,935,495,1029,612
5,943,501,1027,609
5,940,475,1023,606
5,923,477,1018,600
5,915,469,1008,592
5,894,482,997,583
5,888,506,981,572
5,886,522,965,563
5,887,517,959,557
5,882,526,956,553
5,863,538,956,550
5,845,551,956,543
5,855,542,956,533
5,843,552,957,512
5,851,565,957,495
5,846,565,957,490
5,841,542,953,484
5,836,580,946,477
5,868,588,936,469
5,865,591,925,462
5,861,586,915,458
5,872,591,906,457
5,862,598,899,457
5,858,586,896,457
5,856,596,892,460
5,859,592,888,464
5,886,589,885,470
5,903,593,884,477
5,884,571,881,488
5,920,592,879,497
5,921,577,879,505
5,917,585,880,516
5,927,561,882,522
5,945,569,888,528
5,944,563,892,535
5,977,578,897,540
5,967,569,901,546
5,952,576,904,551
5,948,590,905,555
5,950,583,905,556
5,953,599,905,556
5,938,611,905,558
5,937,606,902,560
5,949,618,898,564
5,926,606,896,567
5,921,590,895,568
5,942,589,895,569
5,924,586,895,569
5,893,595,900,567
5,913,586,913,558
5,921,574,924,552
5,885,548,927,549
5,922,543,933,546
5,957,531,933,545
5,921,522,933,545
5,932,526,933,549
5,943,500,932,556
5,912,500,931,563
5,912,528,930,570
5,900,534,927,574
5,894,544,926,575
5,922,514,925,575
5,936,517,921,576
5,918,520,918,577
5,920,534,914,577
5,934,532,912,577
5,945,544,911,573
5,938,549,911,557
5,932,563,911,548
5,918,574,911,543
5,925,563,911,540
5,927,544,911,535
5,927,521,911,532
5,933,516,911,531
5,966,513,911,531
5,947,526,909,530
5,946,524,908,529
5,946,516,907,529
5,950,520,907,528
5,964,533,907,528
5,960,523,907,528
5,965,508,907,528
5,990,530,907,528
5,977,505,907,528
5,986,517,907,532
5,985,521,911,533
5,990,507,913,533
5,995,494,914,533
5,982,497,917,533
5,963,506,919,533
5,994,485,924,533
5,1011,473,931,534
5,1015,449,942,536
5,1005,449,948,537
5,993,442,955,537
5,999,436,968,536
5,975,431,975,534
5,972,410,980,532
5,968,398,983,531
5,947,410,984,530
5,942,388,985,529
5,914,387,985,528
5,902,370,985,524
5,919,384,985,520
5,936,395,984,516
5,929,376,983,514
5,942,359,983,510
5,942,365,983,504
5,935,349,983,497
5,910,350,984,490
5,943,350,984,483
5,959,370,984,478
5,970,358,983,474
5,965,347,980,471
5,983,343,975,468
5,995,350,969,464
5,1011,360,962,458
5,1009,378,956,455
5,1008,407,955,453
5,1005,383,955,452
5,1027,360,955,450
5,1024,353,955,446
5,1007,376,955,442
5,1027,376,955,440
5,1039,385,955,440
5,1032,377,955,438
5,1056,390,955,438
5,1054,396,955,437
5,1056,417,955,435
5,1064,428,958,433
5,1086,403,959,433
5,1088,406,960,431
5,1085,410,965,427
5,1083,380,973,419
5,1079,383,982,415
5,1107,404,991,409
5,1091,418,996,403
5,1072,431,1004,400
5,1048,430,1008,396
5,1047,442,1013,393
5,1037,424,1015,393
5,1032,402,1016,393
5,1039,409,1020,394
5,1037,391,1024,398
5,1032,409,1031,403
5,1040,406,1035,408
5,1023,390,1039,412
5,1018,396,1046,413
5,1021,406,1054,413
5,1017,396,1061,413
5,1006,388,1064,413
5,1025,382,1064,413
5,1029,384,1064,413
5,1030,379,1060,417
5,1051,401,1048,428
5,1043,417,1039,430
5,1047,415,1030,429
5,1061,411,1024,418
5,1048,430,1022,406
5,1036,421,1021,393
5,1031,415,1021,388
5,1040,423,1021,387
5,1043,444,1020,387
5,1070,447,1020,387
5,1073,447,1020,387
5,1051,426,1020,386
5,1066,428,1023,375
5,1059,412,1028,368
5,1052,397,1033,365
5,1059,402,1041,365
5,1070,398,1043,365
5,1044,411,1050,368
5,1044,416,1052,369
5,1050,409,1052,369
5,1097,402,1052,370
5,1094,428,1052,373
5,1093,410,1053,378
5,1089,432,1055,388
5,1094,430,1055,399
5,1113,419,1056,406
5,1111,406,1056,408
5,1106,382,1056,410
5,1120,384,1057,412
5,1135,398,1059,416
5,1135,410,1063,422
5,1141,403,1065,425
5,1138,398,1066,426
5,1147,399,1066,426
5,1146,398,1066,426
5,1175,395,1066,426
5,1156,384,1066,426
5,1149,378,1069,427
5,1143,372,1072,427
5,1153,359,1075,423
5,1141,361,1075,419
5,1109,350,1075,417
5,1094,323,1075,417
5,1077,323,1088,417
5,1088,337,1125,417
5,1085,335,1168,415
5,1063,319,1203,411
5,1048,308,1222,411
5,1057,299,1228,416
5,1067,302,1230,418
5,1077,294,1235,422
5,1078,272,1236,423
5,1097,286,1238,423
5,1106,301,1239,423
5,1115,322,1239,423
5,1132,358,1239,423
5,1138,342,1239,422
5,1162,327,1237,419
5,1127,342,1236,414
5,1117,329,1233,409
5,1106,338,1224,401
5,1109,356,1213,395
5,1119,370,1201,392
5,1113,369,1183,386
5,1113,365,1163,380
5,1102,362,1159,377
5,1117,352,1157,375
5,1110,358,1156,373
5,1118,347,1156,372
5,1134,353,1156,372
5,1139,346,1156,372
5,1144,354,1157,371
5,1153,353,1159,371
5,1168,360,1159,370
5,1177,358,1159,370
5,1181,359,1159,370
5,1182,375,1159,370
5,1177,388,1159,370
5,1183,353,1159,368
5,1188,348,1160,364
5,1192,315,1161,364
5,1213,298,1161,364
5,1203,307,1161,363
5,1220,307,1161,363
5,1225,289,1163,363
5,1229,277,1169,360
5,1220,305,1176,358
5,1198,334,1182,357
5,1169,331,1183,357
5,1155,329,1183,358
5,1163,313,1183,361
5,1169,289,1182,364
5,1157,289,1182,365
5,1151,294,1182,365
5,1141,304,1182,365
5,1129,317,1182,362
5,1154,298,1183,358
5,1148,277,1183,353
5,1132,269,1184,350
5,1153,265,1186,341
5,1165,267,1190,332
5,1148,291,1193,325
5,1153,276,1197,322
5,1159,296,1201,322
5,1154,295,1202,322
5,1122,292,1203,321
5,1107,282,1203,321
5,1113,281,1203,321
5,1121,282,1197,324
5,1085,277,1184,331
5,1107,259,1179,335
5,1093,252,1166,340
5,1093,238,1164,340
5,1084,227,1164,331
5,1096,252,1167,321
5,1107,231,1170,314
5,1093,234,1174,308
5,1080,235,1178,303
5,1081,241,1181,297
5,1095,237,1181,296
5,1091,228,1181,296
5,1098,220,1171,296
5,1104,200,1159,298
5,1088,196,1147,298
5,1091,196,1136,294
5,1099,203,1123,290
5,1106,208,1106,286
5,1119,217,1089,282
5,1110,235,1074,281
5,1102,235,1062,276
5,1108,235,1052,266
5,1117,248,1041,251
5,1109,253,1035,245
5,1109,241,1031,243
5,1114,260,1029,243
5,1121,250,1028,242
5,1138,275,1028,240
5,1139,285,1027,235
5,1149,297,1027,232
5,1146,303,1027,229
5,1145,329,1027,229
5,1144,312,1032,229
5,1126,326,1040,230
5,1151,326,1048,234
5,1159,329,1056,237
5,1156,334,1074,242
5,1148,346,1089,245
5,1172,345,1096,245
5,1169,347,1098,247
5,1166,346,1102,252
5,1176,327,1106,261
5,1166,312,1112,286
5,1162,340,1114,316
5,1163,324,1114,338
5,1137,304,1113,362
5,1118,317,1110,375
5,1118,306,1110,379
5,1117,294,1111,379
5,1122,313,1114,379
5,1133,331,1116,378
5,1157,330,1123,375
5,1178,313,1135,374
5,1167,325,1147,372
5,1161,341,1156,372
5,1165,334,1163,371
5,1162,339,1167,371
5,1159,354,1169,371
5,1152,354,1170,370
5,1157,365,1171,367
5,1157,361,1172,365
5,1157,384,1172,364
5,1161,382,1172,364
5,1181,402,1172,364
5,1200,405,1172,364
5,1187,410,1171,363
5,1161,390,1167,363
5,1144,374,1162,362
5,1144,376,1154,356
5,1149,401,1150,352
5,1180,400,1148,351
5,1186,375,1148,351
5,1169,377,1147,351
5,1167,373,1145,355
5,1188,364,1142,364
5,1178,376,1141,373
5,1178,376,1142,380
5,1182,364,1145,383
5,1193,351,1147,384
5,1174,358,1148,386
5,1176,350,1148,388
5,1151,335,1148,390
5,1181,300,1148,395
5,1191,300,1148,396
5,1188,291,1148,396
5,1189,295,1148,389
5,1181,308,1148,382
5,1169,294,1148,377
5,1152,278,1148,376
5,1148,289,1149,375
5,1150,295,1151,374
5,1147,306,1152,371
5,1167,282,1155,364
5,1166,305,1155,359
5,1165,297,1155,357
5,1185,298,1154,356
5,1187,313,1152,353
5,1182,322,1151,350
5,1175,312,1148,345
5,1178,328,1146,343
5,1182,319,1144,342
5,1193,310,1142,340
5,1190,300,1139,340
5,1206,304,1132,342
5,1198,303,1123,345
5,1214,310,1116,347
5,1230,309,1113,349
5,1222,305,1112,351
5,1233,302,1114,352
5,1228,321,1122,354
5,1231,322,1139,351
5,1238,343,1146,350
5,1241,358,1152,349
5,1247,359,1157,349
5,1254,345,1162,349
5,1252,360,1164,350
5,1237,353,1167,350
5,1227,351,1172,347
5,1224,331,1175,342
5,1206,323,1177,339
5,1218,320,1177,338
5,1211,317,1178,338
5,1204,300,1178,338
5,1228,303,1178,338
5,1246,304,1178,338
5,1270,281,1181,347
5,1288,285,1184,357
5,1279,286,1188,366
5,1300,291,1191,368
5,1291,285,1193,368
5,1294,282,1195,368
5,1283,272,1195,368
5,1314,273,1195,368
5,1329,273,1195,368
5,1332,264,1195,368
5,1338,276,1194,368
5,1348,269,1194,368
5,1333,263,1194,367
5,1335,273,1196,363
5,1325,269,1208,353
5,1331,266,1218,350
5,1320,271,1227,344
5,1311,264,1233,336
5,1326,264,1236,331
5,1343,288,1237,327
5,1344,295,1238,327
5,1349,320,1239,326
5,1348,323,1240,325
5,1334,325,1244,324
5,1339,307,1247,323
5,1335,303,1255,318
5,1354,310,1257,316
5,1362,300,1259,312
5,1361,305,1259,309
5,1370,291,1258,302
5,1366,287,1258,293
5,1348,297,1258,285
5,1346,323,1256,281
5,1354,344,1255,281
5,1363,353,1252,281
5,1361,345,1250,287
5,1366,351,1248,297
5,1362,353,1250,306
5,1373,347,1259,309
5,1386,344,1273,309
5,1377,331,1287,309
5,1373,341,1296,308
5,1362,364,1301,308
5,1348,366,1302,308
5,1347,348,1304,308
5,1337,335,1304,308
5,1351,326,1306,308
5,1360,327,1306,308
5,1337,320,1307,310
5,1367,329,1310,313
5,1367,325,1318,316
5,1378,337,1325,322
5,1386,315,1334,326
5,1371,325,1341,328
5,1400,306,1344,328
5,1345,281,1346,329
5,1341,264,1346,330
5,1345,263,1346,331
5,1342,265,1346,335
5,1328,238,1342,344
5,1330,238,1336,353
5,1333,229,1332,358
5,1339,245,1329,360
5,1328,262,1329,360
5,1340,251,1328,355
5,1331,265,1328,352
5,1302,265,1329,349
5,1282,266,1332,346
5,1256,254,1334,340
5,1269,228,1337,337
5,1247,221,1338,330
5,1214,219,1339,324
5,1221,231,1339,316
5,1215,232,1337,307
5,1192,238,1333,303
5,1211,247,1329,300
5,1198,261,1329,300
5,1207,280,1328,300
5,1213,274,1325,301
5,1214,257,1318,303
5,1230,277,1307,308
5,1219,274,1294,315
5,1227,284,1281,316
5,1243,279,1270,316
5,1266,282,1260,316
5,1278,278,1249,308
5,1275,293,1237,296
5,1284,265,1228,290
5,1269,287,1224,287
5,1273,269,1224,287
5,1282,259,1223,287
5,1303,250,1222,290
5,1305,265,1219,295
5,1290,248,1216,308
5,1284,248,1211,320
5,1268,267,1208,338
5,1285,263,1206,345
5,1280,253,1206,346
5,1298,265,1206,346
5,1314,261,1206,347
5,1331,274,1207,347
5,1328,272,1210,347
5,1334,264,1218,344
5,1337,276,1237,341
5,1325,293,1254,341
5,1341,301,1266,341
5,1318,290,1277,341
5,1328,304,1283,341
5,1324,318,1286,341
5,1323,295,1287,340
5,1315,293,1287,339
5,1335,300,1287,336
5,1349,299,1287,335
5,1363,308,1287,333
5,1333,289,1287,333
5,1326,277,1287,333
5,1330,271,1289,333
5,1323,252,1294,336
5,1322,253,1301,338
5,1324,265,1308,340
5,1319,272,1312,341
5,1316,275,1313,341
5,1295,271,1313,341
5,1297,285,1313,342
5,1283,284,1313,344
5,1259,286,1313,347
5,1287,273,1312,351
5,1239,266,1312,352
5,1230,253,1312,353
5,1247,249,1312,354
5,1241,236,1315,354
5,1269,251,1317,350
5,1267,243,1321,340
5,1239,237,1323,332
5,1248,235,1323,327
5,1269,243,1321,321
5,1281,245,1317,317
5,1263,232,1309,313
5,1292,213,1301,311
5,1314,195,1288,308
5,1316,204,1273,305
5,1313,220,1263,302
5,1319,219,1257,300
5,1335,211,1256,300
5,1348,205,1256,299
5,1360,170,1256,297
5,1351,191,1259,293
5,1369,176,1266,280
5,1378,169,1272,276
5,1365,146,1276,273
5,1382,140,1279,273
5,1344,162,1281,273
5,1357,167,1287,274
5,1362,208,1292,275
5,1373,223,1299,276
5,1390,217,1304,278
5,1354,217,1305,278
5,1362,208,1305,278
5,1373,202,1305,278
5,1356,198,1306,278
5,1363,176,1306,275
5,1369,177,1307,268
5,1326,170,1307,259
5,1337,166,1307,254
5,1327,170,1307,253
5,1329,149,1307,252
5,1327,163,1307,247
5,1349,155,1309,238
5,1331,147,1310,231
5,1356,140,1310,229
5,1343,136,1310,229
5,1341,130,1314,229
5,1329,132,1316,229
5,1310,121,1320,230
5,1321,134,1321,232
5,1303,130,1323,231
5,1296,120,1323,229
5,1328,144,1323,228
5,1330,135,1323,228
5,1324,111,1323,227
5,1292,147,1321,226
5,1257,158,1312,213
5,1248,152,1304,202
5,1235,159,1300,195
5,1235,160,1296,192
5,1191,170,1295,191
5,1202,166,1295,191
5,1195,167,1294,189
5,1205,166,1294,186
5,1196,153,1293,184
5,1195,144,1292,182
5,1194,140,1290,182
5,1202,112,1290,182
5,1204,127,1290,182
5,1205,125,1290,182
5,1210,117,1292,177
5,1197,134,1293,175
5,1207,148,1294,175
5,1251,139,1294,175
5,1265,162,1294,175
5,1262,174,1294,175
5,1255,129,1281,184
5,1246,126,1262,197
5,1248,103,1249,200
5,1248,156,1244,200
5,1253,133,1237,198
5,1240,153,1232,195
5,1242,152,1228,194
5,1252,154,1228,194
5,1251,174,1228,193
5,1254,180,1229,192
5,1237,193,1235,190
5,1231,179,1240,188
5,1229,176,1245,186
5,1231,182,1251,186
5,1268,172,1256,185
5,1286,187,1263,182
5,1288,186,1270,181
5,1274,194,1277,178
5,1274,203,1280,176
5,1288,197,1280,176
5,1284,207,1281,176
5,1276,219,1281,176
5,1284,214,1280,179
5,1279,187,1279,181
5,1269,198,1275,185
5,1261,188,1271,185
5,1269,190,1268,186
5,1274,166,1264,186
5,1270,158,1264,186
5,1263,138,1264,186
5,1271,143,1263,186
5,1288,153,1263,187
5,1282,160,1263,187
5,1305,163,1263,188
5,1296,172,1270,195
5,1270,156,1282,205
5,1312,157,1287,209
5,1314,151,1294,212
5,1313,135,1296,213
5,1288,137,1296,213
5,1315,166,1296,213
5,1319,136,1296,213
5,1317,157,1295,213
5,1315,170,1293,210
5,1334,184,1289,207
5,1337,217,1288,206
5,1343,203,1287,204
5,1325,197,1287,204
5,1310,203,1287,204
5,1317,210,1288,204
5,1306,197,1290,204
5,1324,202,1294,203
5,1314,197,1297,199
5,1317,193,1297,199
5,1293,200,1297,199
5,1287,205,1297,196
5,1289,210,1300,194
5,1326,183,1304,190
5,1304,165,1305,189
5,1317,168,1306,187
5,1328,157,1306,187
5,1306,133,1306,188
5,1287,149,1308,190
5,1284,140,1311,194
5,1265,151,1314,200
5,1255,178,1319,205
5,1243,156,1323,211
5,1264,183,1329,217
5,1276,179,1331,221
5,1275,166,1333,221
5,1294,174,1333,221
5,1269,211,1333,221
5,1276,212,1333,221
5,1261,229,1333,221
5,1285,217,1332,221
5,1261,231,1326,221
5,1300,228,1317,221
5,1287,243,1303,220
5,1302,253,1288,217
5,1327,264,1275,210
5,1310,278,1262,204
5,1304,286,1253,201
5,1303,265,1250,199
5,1305,265,1248,198
5,1313,285,1248,198
5,1312,304,1249,198
5,1336,300,1251,198
5,1342,280,1253,198
5,1342,248,1254,200
5,1332,258,1255,206
5,1345,258,1258,214
5,1351,268,1261,227
5,1352,279,1266,236
5,1369,301,1269,244
5,1372,310,1272,251
5,1373,324,1274,259
5,1370,330,1274,265
5,1383,333,1276,271
5,1349,333,1277,278
5,1362,337,1280,286
5,1372,338,1290,291
5,1369,349,1300,291
5,1374,349,1317,288
5,1373,358,1342,282
5,1382,366,1353,282
5,1371,377,1360,282
5,1359,392,1365,286
5,1355,403,1365,289
5,1337,410,1366,296
5,1349,403,1366,305
5,1312,422,1366,310
5,1315,425,1365,316
5,1310,425,1364,320
5,1300,433,1364,323
5,1276,437,1362,330
5,1273,453,1361,337
5,1262,461,1361,346
5,1244,458,1358,354
5,1239,467,1355,363
5,1229,473,1352,372
5,1251,460,1346,379
5,1246,496,1334,391
5,1259,494,1306,410
5,1255,514,1287,421
5,1229,523,1282,424
5,1234,504,1282,422
5,1245,512,1288,413
5,1255,533,1289,406
5,1249,515,1289,405
5,1238,526,1289,405
5,1260,533,1287,405
5,1268,527,1279,409
5,1262,492,1268,417
5,1250,507,1257,426
5,1251,504,1245,437
5,1275,503,1244,438
5,1263,508,1244,439
5,1268,502,1244,439
5,1248,502,1244,439
5,1254,466,1244,439
5,1234,484,1244,440
5,1238,488,1244,443
5,1264,475,1240,446
5,1290,489,1236,457
5,1306,481,1229,468
5,1328,494,1223,481
5,1353,484,1222,482
5,1368,493,1222,483
5,1368,483,1222,486
5,1369,497,1224,491
5,1403,513,1227,500
5,1324,519,1231,505
5,1330,533,1233,509
5,1330,527,1237,509
5,1341,509,1238,509
5,1328,506,1238,509
5,1328,511,1238,509
5,1332,506,1238,509
5,1346,509,1240,509
5,1348,497,1249,503
5,1346,519,1273,489
5,1341,520,1285,481
5,1348,513,1289,479
5,1338,516,1289,479
5,1329,547,1289,480
5,1325,537,1289,483
5,1318,520,1287,491
5,1313,515,1285,498
5,1307,517,1283,511
5,1298,517,1283,518
5,1311,505,1289,520
5,1307,504,1292,521
5,1312,505,1295,522
5,1289,520,1296,522
5,1290,523,1296,522
5,1311,532,1296,522
5,1289,523,1300,527
5,1295,494,1304,533
5,1302,495,1311,537
5,1322,503,1320,540
5,1324,513,1329,540
5,1342,535,1334,540
5,1344,536,1334,540
5,1360,529,1334,540
5,1331,512,1334,540
5,1328,520,1333,541
5,1313,532,1328,543
5,1324,552,1319,544
5,1317,545,1305,546
5,1295,558,1294,549
5,1297,578,1285,550
5,1296,592,1279,552
5,1285,590,1277,552
5,1306,587,1277,552
5,1314,611,1278,550
5,1356,613,1279,549
5,1362,626,1280,547
5,1364,634,1282,547
5,1364,644,1283,546
5,1382,683,1284,546
5,1339,646,1284,546
5,1341,657,1284,546
5,1328,645,1284,546
5,1311,663,1284,546
5,1322,667,1284,546
5,1336,670,1282,548
5,1357,665,1281,551
5,1370,670,1281,554
5,1385,675,1281,558
5,1345,667,1287,567
5,1348,662,1300,583
5,1360,665,1315,598
5,1371,667,1328,619
5,1370,680,1337,633
5,1371,700,1339,648
5,1376,682,1338,661
5,1382,707,1331,676
5,1376,709,1324,692
5,1339,698,1317,710
5,1339,684,1310,714
5,1355,690,1309,714
5,1365,676,1309,714
5,1380,675,1309,715
5,1363,660,1309,715
5,1384,691,1311,715
5,1352,682,1311,715
5,1342,681,1311,715
5,1318,666,1311,715
5,1300,662,1311,717
5,1307,643,1315,723
5,1302,658,1320,730
5,1291,641,1325,737
5,1289,633,1330,743
5,1294,630,1339,751
5,1287,638,1349,755
5,1283,617,1356,758
5,1307,596,1360,759
5,1330,576,1361,759
5,1325,540,1361,759
5,1336,552,1359,759
5,1349,558,1351,751
5,1353,558,1344,745
5,1372,559,1336,738
5,1369,555,1330,727
5,1380,572,1326,718
5,1369,549,1319,707
5,1369,540,1312,696
5,1377,550,1307,683
5,1374,565,1312,658
5,1346,556,1315,651
5,1334,560,1324,641
5,1353,559,1329,638
5,1359,559,1331,637
5,1346,551,1335,633
5,1334,540,1339,629
5,1327,545,1343,624
5,1338,556,1347,619
5,1308,573,1347,619
5,1313,575,1347,619
5,1321,603,1347,619
5,1341,572,1347,619
5,1368,560,1347,619
5,1377,561,1346,619
5,1347,565,1344,616
5,1362,568,1340,613
5,1351,581,1336,609
5,1348,565,1330,603
5,1347,551,1319,580
5,1356,559,1311,564
5,1356,547,1304,554
5,1358,566,1302,553
5,1357,577,1302,553
5,1355,591,1302,553
5,1376,596,1302,553
5,1355,611,1302,561
5,1355,614,1303,572
5,1357,602,1307,577
5,1352,604,1311,579
5,1343,607,1316,580
5,1369,582,1321,580
5,1363,582,1325,580
5,1362,585,1328,576
5,1379,581,1333,572
5,1363,589,1338,564
5,1376,581,1340,559
5,1373,557,1340,556
5,1363,583,1341,556
5,1385,576,1343,556
5,1344,561,1343,556
5,1339,572,1343,556
5,1326,575,1344,556
5,1340,566,1344,556
5,1330,558,1346,556
5,1323,573,1347,556
5,1331,599,1349,559
5,1329,614,1349,562
5,1318,607,1349,567
5,1309,599,1349,568
5,1325,589,1349,573
5,1312,581,1349,574
5,1307,601,1349,579
5,1294,612,1347,582
5,1286,612,1345,583
5,1280,631,1339,586
5,1269,646,1336,586
5,1265,655,1331,586
5,1274,646,1327,586
5,1263,646,1320,583
5,1283,628,1313,578
5,1280,619,1308,573
5,1274,635,1307,569
5,1276,609,1307,569
5,1263,585,1309,568
5,1268,579,1312,568
5,1270,593,1319,568
5,1279,614,1322,568
5,1264,618,1326,568
5,1291,604,1328,569
5,1307,623,1328,571
5,1311,638,1328,573
5,1309,639,1325,577
5,1303,632,1320,581
5,1301,653,1311,587
5,1336,635,1305,591
5,1368,645,1301,594
5,1370,652,1298,596
5,1395,628,1297,596
5,1316,618,1297,596
5,1330,597,1297,596
5,1331,594,1297,596
5,1340,606,1297,596
5,1339,589,1301,595
5,1374,570,1303,592
5,1365,574,1308,590
5,1351,572,1310,590
5,1368,571,1310,590
5,1365,594,1311,590
5,1382,589,1311,591
5,1341,573,1315,596
5,1320,588,1319,602
5,1328,583,1321,604
5,1315,583,1322,605
5,1307,568,1322,605
5,1292,551,1322,605
5,1299,556,1322,605
5,1305,558,1322,605
5,1293,566,1321,605
5,1312,562,1320,605
5,1302,561,1319,605
5,1290,546,1319,605
5,1286,549,1319,601
5,1305,581,1320,599
5,1324,592,1320,598
5,1312,604,1320,598
5,1316,629,1320,598
5,1305,616,1320,598
5,1274,627,1315,598
5,1273,605,1308,600
5,1291,613,1297,603
5,1283,630,1292,603
5,1255,617,1292,603
5,1258,607,1293,601
5,1275,612,1299,593
5,1287,587,1305,586
5,1283,570,1307,582
5,1295,565,1309,581
5,1280,557,1310,581
5,1266,560,1311,581
5,1251,571,1311,582
5,1255,575,1311,585
5,1280,595,1311,591
5,1257,614,1309,597
5,1282,595,1307,598
5,1273,593,1303,600
5,1271,580,1298,601
5,1255,556,1291,601
5,1241,565,1286,601
5,1235,595,1279,599
5,1229,595,1271,595
5,1219,575,1264,592
5,1222,567,1261,592
5,1257,590,1260,592
5,1271,543,1259,592
5,1273,551,1257,592
5,1294,560,1257,592
5,1293,520,1257,592
5,1278,514,1257,592
5,1271,532,1257,592
5,1254,527,1257,593
5,1247,539,1255,596
5,1258,541,1250,600
5,1250,570,1239,606
5,1247,580,1228,611
5,1242,584,1219,612
5,1250,586,1216,610
5,1252,570,1216,596
5,1234,554,1226,561
5,1249,549,1226,549
5,1236,533,1226,539
5,1201,540,1227,534
5,1188,524,1227,529
5,1182,530,1227,524
5,1179,543,1227,521
5,1181,533,1226,520
5,1183,551,1225,520
5,1185,539,1222,520
5,1186,547,1221,520
5,1185,543,1219,520
5,1199,548,1215,520
5,1220,563,1210,523
5,1229,550,1203,524
5,1213,550,1194,529
5,1226,559,1189,532
5,1220,529,1185,534
5,1236,532,1185,534
5,1242,526,1185,535
5,1220,540,1186,536
5,1215,551,1195,539
5,1219,529,1213,545
5,1187,509,1222,548
5,1203,508,1229,550
5,1203,530,1233,552
5,1219,537,1234,553
5,1209,561,1234,554
5,1211,582,1231,555
5,1197,566,1230,555
5,1192,572,1230,555
5,1177,566,1230,555
5,1186,586,1230,553
5,1173,601,1229,545
5,1172,587,1228,538
5,1175,576,1225,532
5,1171,588,1221,528
5,1181,601,1217,526
5,1165,624,1213,525
5,1134,639,1210,525
5,1137,646,1206,525
5,1141,649,1203,526
5,1137,665,1200,533
5,1159,682,1197,539
5,1173,696,1196,544
5,1169,703,1193,548
5,1180,708,1192,552
5,1183,706,1187,556
5,1171,712,1185,559
5,1186,686,1180,560
5,1201,695,1178,560
5,1207,688,1174,561
5,1200,721,1167,563
5,1187,737,1158,567
5,1198,760,1149,575
5,1191,771,1143,585
5,1203,743,1138,596
5,1218,702,1137,607
5,1238,705,1137,616
5,1261,745,1139,620
5,1245,744,1142,622
5,1225,761,1147,625
5,1224,733,1156,628
5,1219,731,1166,631
5,1207,726,1174,634
5,1210,735,1176,636
5,1217,737,1178,640
5,1229,748,1181,645
5,1219,730,1182,654
5,1217,742,1185,666
5,1220,751,1188,675
5,1201,735,1191,686
5,1198,729,1197,695
5,1228,709,1203,702
5,1269,714,1206,707
5,1274,699,1209,713
5,1288,690,1212,720
5,1295,698,1213,724
5,1310,680,1213,725
5,1327,687,1213,725
5,1317,702,1213,725
5,1302,728,1213,725
5,1298,736,1213,726
5,1313,725,1213,726
5,1319,736,1213,727
5,1335,748,1213,728
5,1312,738,1213,729
5,1302,739,1213,732
5,1291,730,1211,735
5,1271,729,1210,739
5,1269,718,1209,740
5,1259,707,1209,740
5,1261,710,1214,730
5,1236,706,1233,715
5,1263,689,1248,700
5,1269,671,1258,690
5,1273,657,1263,686
5,1288,672,1267,684
5,1279,682,1271,684
5,1257,689,1273,684
5,1278,694,1275,684
5,1259,684,1275,685
5,1287,687,1275,688
5,1305,684,1275,691
5,1327,699,1274,695
5,1355,681,1271,697
5,1371,694,1270,698
5,1404,687,1268,698
5,1359,697,1264,698
5,1353,699,1257,697
5,1360,702,1245,686
5,1343,701,1238,680
5,1311,683,1236,677
5,1303,676,1236,676
5,1317,697,1237,675
5,1323,705,1239,675
5,1330,699,1249,675
5,1301,714,1260,676
5,1292,736,1272,679
5,1282,729,1281,683
5,1281,727,1288,689
5,1283,730,1290,690
5,1239,723,1290,693
5,1248,716,1290,694
5,1249,700,1288,695
5,1260,711,1286,697
5,1242,727,1284,697
5,1243,741,1283,698
5,1247,742,1283,698
5,1263,738,1283,698
5,1262,725,1283,698
5,1264,726,1283,698
5,1242,739,1283,701
5,1274,746,1283,703
5,1294,734,1283,708
5,1323,741,1283,712
5,1310,759,1281,714
5,1301,753,1279,716
5,1324,755,1277,718
5,1287,768,1276,718
5,1296,767,1273,720
5,1310,748,1272,720
5,1299,738,1270,720
5,1292,731,1268,719
5,1266,736,1266,719
5,1240,715,1265,719
5,1251,709,1265,719
5,1224,708,1265,718
5,1227,693,1265,718
5,1208,690,1269,718
5,1225,686,1274,719
5,1223,698,1288,723
5,1221,711,1295,727
5,1227,695,1299,733
5,1254,688,1301,735
5,1251,684,1301,736
5,1272,682,1301,737
5,1269,689,1300,739
5,1254,667,1296,739
5,1226,668,1290,739
5,1241,683,1279,739
5,1241,689,1269,739
5,1255,664,1262,738
5,1249,677,1257,735
5,1262,704,1254,735
5,1281,702,1254,735
5,1303,692,1254,735
5,1307,696,1254,735
5,1305,685,1257,734
5,1288,681,1258,734
5,1276,659,1261,734
5,1287,662,1264,734
5,1287,643,1267,737
5,1286,653,1270,739
5,1295,644,1271,740
5,1290,628,1271,740
5,1295,644,1271,741
5,1298,639,1269,741
5,1301,660,1268,741
5,1289,665,1265,740
5,1296,678,1259,735
5,1281,657,1252,729
5,1283,655,1248,721
5,1291,645,1243,714
5,1282,648,1243,700
5,1278,639,1243,673
5,1284,637,1244,644
5,1285,627,1246,624
5,1297,632,1246,614
5,1305,602,1246,612
5,1308,597,1246,612
5,1342,599,1246,612
5,1343,606,1246,612
5,1335,608,1246,613
5,1326,592,1246,615
5,1326,593,1250,621
5,1313,583,1257,622
5,1324,569,1261,624
5,1329,556,1265,624
5,1337,551,1267,625
5,1322,549,1267,625
5,1305,561,1267,625
5,1306,579,1268,625
5,1300,551,1269,625
5,1308,537,1273,627
5,1326,542,1278,627
5,1296,550,1295,624
5,1274,550,1305,620
5,1311,572,1321,615
5,1311,580,1332,608
5,1297,578,1337,603
5,1308,578,1337,598
5,1339,584,1333,588
5,1344,595,1321,578
5,1355,590,1314,572
5,1369,596,1310,568
5,1364,581,1307,564
5,1366,573,1306,560
5,1363,549,1304,555
5,1384,543,1304,552
5,1341,569,1305,546
5,1346,555,1306,539
5,1345,562,1306,533
5,1328,573,1306,529
5,1298,567,1308,525
5,1288,575,1308,524
5,1286,575,1308,524
5,1286,555,1308,524
5,1281,540,1308,524
5,1289,564,1308,524
5,1286,553,1308,524
5,1283,565,1308,524
5,1278,581,1308,524
5,1289,602,1308,524
5,1274,627,1308,524
5,1271,608,1308,524
5,1273,593,1308,524
5,1288,576,1308,520
5,1266,562,1308,518
5,1266,562,1311,516
5,1283,581,1313,516
5,1269,575,1315,516
5,1276,592,1316,516
5,1268,578,1317,517
5,1261,585,1317,520
5,1254,598,1317,524
5,1241,639,1316,530
5,1234,635,1313,540
5,1271,612,1311,549
5,1272,594,1303,568
5,1271,583,1295,577
5,1256,578,1285,587
5,1243,580,1278,591
5,1214,584,1275,591
5,1197,563,1272,591
5,1187,543,1271,591
5,1194,543,1270,593
5,1176,561,1269,593
5,1190,553,1265,595
5,1200,569,1261,599
5,1195,550,1256,603
5,1182,554,1248,615
5,1196,530,1242,630
5,1218,544,1233,648
5,1219,536,1228,661
5,1199,531,1223,667
5,1197,531,1221,669
5,1220,539,1220,669
5,1216,528,1219,669
5,1215,530,1217,669
5,1209,514,1213,665
5,1217,492,1207,656
5,1228,488,1198,633
5,1225,477,1192,605
5,1248,464,1189,590
5,1256,473,1189,578
5,1246,459,1189,568
5,1261,443,1191,561
5,1263,442,1193,556
5,1270,416,1198,548
5,1283,418,1204,541
5,1299,426,1208,535
5,1289,424,1213,534
5,1283,417,1217,533
5,1278,415,1222,537
5,1266,398,1225,539
5,1263,384,1228,539
5,1251,369,1231,540
5,1241,348,1234,541
5,1235,338,1240,544
5,1239,338,1255,547
5,1244,319,1259,547
5,1259,328,1276,544
5,1252,326,1290,537
5,1230,308,1295,534
5,1261,314,1299,532
5,1258,316,1301,527
5,1289,345,1304,518
5,1295,349,1304,496
5,1297,330,1300,476
5,1295,368,1290,455
5,1310,357,1278,441
5,1296,368,1266,431
5,1321,361,1250,422
5,1347,361,1234,418
5,1346,320,1230,418
5,1366,307,1226,417
5,1368,327,1224,416
5,1346,329,1224,414
5,1337,351,1223,413
5,1353,322,1223,412
5,1345,317,1223,411
5,1325,330,1224,411
5,1325,319,1229,409
5,1325,313,1239,403
5,1338,328,1258,387
5,1362,324,1275,370
5,1403,309,1282,363
5,1315,309,1286,358
5,1310,313,1286,357
5,1309,322,1286,357
5,1322,356,1286,357
5,1333,353,1286,357
5,1327,340,1286,357
5,1342,358,1286,357
5,1354,365,1290,357
5,1382,355,1295,353
5,1353,343,1301,348
5,1363,352,1306,344
5,1344,352,1310,342
5,1319,352,1311,341
5,1323,347,1311,341
5,1336,337,1312,341
5,1347,334,1318,343
5,1330,330,1326,347
5,1323,353,1341,349
5,1346,344,1360,349
5,1342,354,1370,347
5,1366,342,1373,347
5,1368,332,1373,347
5,1343,353,1373,346
5,1370,338,1370,346
5,1383,335,1364,354
5,1348,354,1356,365
5,1340,362,1353,369
5,1339,369,1353,369
5,1347,363,1353,369
5,1367,349,1353,369
5,1352,370,1352,369
5,1367,375,1351,369
5,1359,354,1348,369
5,1355,348,1347,369
5,1341,351,1347,363
5,1341,336,1347,359
5,1327,346,1347,358
5,1331,328,1346,358
5,1323,358,1345,358
5,1306,373,1344,358
5,1299,369,1344,358
5,1294,353,1344,358
5,1284,366,1344,358
5,1286,387,1344,358
5,1301,385,1344,358
5,1278,397,1344,358
5,1277,417,1346,359
5,1283,457,1347,360
5,1301,458,1349,360
5,1309,431,1350,360
5,1286,412,1350,361
5,1270,410,1350,363
5,1268,416,1347,366
5,1298,410,1341,368
5,1296,401,1336,369
5,1310,443,1331,370
5,1304,441,1329,370
5,1303,448,1327,370
5,1293,442,1327,368
5,1291,434,1331,363
5,1281,466,1335,360
5,1276,457,1335,360
5,1297,469,1338,359
5,1299,476,1338,359
5,1297,483,1338,359
5,1314,501,1336,363
5,1304,488,1330,369
5,1320,478,1324,373
5,1311,504,1322,376
5,1297,510,1322,376
5,1315,510,1322,376
5,1306,496,1321,378
5,1300,502,1321,382
5,1301,487,1321,388
5,1301,476,1316,400
5,1299,496,1315,409
5,1310,483,1315,419
5,1329,485,1315,431
5,1329,493,1317,448
5,1354,510,1322,461
5,1374,510,1330,476
5,1351,521,1339,490
5,1360,533,1346,506
5,1339,521,1349,516
5,1346,497,1350,529
5,1329,511,1350,536
5,1327,520,1350,541
5,1348,539,1349,545
5,1359,545,1349,547
5,1347,527,1348,548
5,1350,532,1348,549
5,1365,537,1346,551
5,1378,526,1345,552
5,1366,546,1345,553
5,1361,548,1344,553
5,1371,570,1344,554
5,1386,565,1343,554
5,1353,554,1342,555
5,1377,533,1341,555
5,1360,514,1338,556
5,1365,533,1337,557
5,1364,542,1336,557
5,1338,528,1338,556
5,1326,550,1343,550
5,1312,541,1347,548
5,1309,524,1352,545
5,1295,516,1356,545
5,1288,497,1360,545
5,1314,513,1361,545
5,1302,521,1362,546
5,1302,510,1362,550
5,1285,487,1362,557
5,1299,494,1361,564
5,1307,495,1360,567
5,1328,523,1359,570
5,1327,529,1357,571
5,1323,523,1357,571
5,1328,530,1355,572
5,1334,521,1352,572
5,1329,524,1351,573
5,1343,531,1350,573
5,1339,511,1350,573
5,1364,531,1350,573
5,1364,535,1350,573
5,1369,538,1351,573
5,1364,516,1352,573
5,1346,499,1354,573
5,1353,504,1354,573
5,1376,519,1354,573
5,1355,531,1354,574
5,1352,545,1353,575
5,1368,556,1352,576
5,1367,539,1351,576
5,1382,530,1350,576
5,1387,523,1349,575
5,1366,495,1346,570
5,1372,507,1345,565
5,1373,513,1345,562
5,1366,489,1345,561
5,1375,492,1346,560
5,1348,505,1347,559
5,1325,529,1350,559
5,1306,517,1351,560
5,1314,487,1353,565
5,1343,468,1353,566
5,1324,459,1353,571
5,1339,464,1353,572
5,1354,474,1352,572
5,1380,477,1352,572
5,1359,482,1350,572
5,1355,489,1347,568
5,1364,475,1343,563
5,1360,482,1339,555
5,1358,474,1336,550
5,1341,467,1336,548
5,1341,462,1336,548
5,1329,472,1336,548
5,1326,466,1336,548
5,1338,444,1337,548
5,1330,461,1339,548
5,1335,453,1343,548
5,1332,473,1345,548
5,1325,503,1345,546
5,1295,483,1345,546
5,1277,484,1345,544
5,1288,485,1345,541
5,1288,520,1345,529
5,1280,525,1345,505
5,1284,525,1343,470
5,1291,543,1336,452
5,1298,539,1331,437
5,1304,543,1326,422
5,1321,532,1324,413
5,1333,522,1323,408
5,1340,520,1322,405
5,1315,516,1321,405
5,1313,510,1317,403
5,1317,521,1310,400
5,1326,543,1305,396
5,1303,529,1299,390
5,1304,531,1297,390
5,1330,529,1297,390
5,1327,509,1297,390
5,1342,511,1297,401
5,1328,526,1297,415
5,1348,548,1301,433
5,1344,543,1302,452
5,1348,546,1310,475
5,1359,551,1316,498
5,1368,560,1324,509
5,1366,531,1334,521
5,1355,512,1340,527
5,1377,529,1342,530
5,1365,525,1342,534
5,1348,538,1342,535
5,1370,526,1342,535
5,1375,532,1346,535
5,1377,534,1352,531
5,1374,535,1354,528
5,1377,535,1354,528
5,1361,552,1354,528
5,1325,549,1354,528
5,1324,558,1358,528
5,1350,533,1367,528
5,1338,539,1376,528
5,1358,522,1381,529
5,1363,479,1383,532
5,1334,488,1385,539
5,1338,463,1386,550
5,1330,489,1386,560
5,1331,499,1388,570
5,1330,510,1390,573
5,1358,496,1392,573
5,1339,498,1392,573
5,1339,485,1392,573
5,1324,485,1390,573
5,1325,505,1386,573
5,1317,511,1378,573
5,1303,520,1362,573
5,1298,517,1351,575
5,1303,543,1344,575
5,1317,528,1339,573
5,1322,521,1337,569
5,1320,498,1338,553
5,1348,490,1362,517
5,1348,489,1372,507
5,1354,495,1379,498
5,1362,489,1382,491
5,1372,483,1382,486
5,1379,477,1380,484
5,1361,482,1375,481
5,1362,477,1370,481
5,1351,472,1363,481
5,1339,452,1354,484
5,1354,444,1343,489
5,1338,422,1334,492
5,1342,403,1328,492
5,1331,389,1321,493
5,1318,409,1315,494
5,1305,421,1313,496
5,1289,425,1312,496
5,1254,431,1312,496
5,1263,450,1314,495
5,1263,447,1315,495
5,1294,464,1315,495
5,1285,460,1318,496
5,1279,479,1319,501
5,1282,446,1320,506
5,1288,463,1323,510
5,1291,452,1325,511
5,1272,462,1328,511
5,1269,465,1332,508
5,1279,509,1333,494
5,1277,501,1333,485
5,1297,521,1326,474
5,1298,504,1315,464
5,1280,501,1304,461
5,1279,491,1292,461
5,1285,485,1282,462
5,1268,470,1275,462
5,1273,474,1274,460
5,1283,480,1274,446
5,1269,500,1274,442
5,1268,488,1274,442
5,1287,508,1274,442
5,1281,524,1270,443
5,1277,522,1268,450
5,1269,547,1265,463
5,1256,548,1263,471
5,1274,557,1263,478
5,1288,553,1269,487
5,1273,551,1282,503
5,1258,556,1285,504
5,1237,557,1289,508
5,1208,545,1295,508
5,1199,552,1300,508
5,1187,538,1307,508
5,1188,517,1312,508
5,1192,503,1313,508
5,1213,477,1313,508
5,1196,477,1310,508
5,1196,473,1301,513
5,1181,495,1288,519
5,1179,485,1275,528
5,1191,483,1261,536
5,1168,472,1241,550
5,1149,467,1225,557
5,1137,449,1212,562
5,1125,445,1201,565
5,1138,437,1199,559
5,1119,428,1203,532
5,1091,422,1214,499
5,1106,432,1217,486
5,1100,428,1218,479
5,1099,389,1219,478
5,1096,381,1219,478
5,1083,376,1219,478
5,1075,386,1219,478
5,1081,419,1217,479
5,1100,438,1210,483
5,1107,430,1202,490
5,1085,396,1200,491
5,1070,410,1198,491
5,1072,439,1195,491
5,1061,446,1191,487
5,1055,456,1186,485
5,1083,496,1181,482
5,1084,504,1172,477
5,1077,484,1164,472
5,1077,504,1151,454
5,1076,502,1147,446
5,1099,489,1146,445
5,1075,498,1146,445
5,1073,512,1145,445
5,1065,523,1145,445
5,1072,519,1142,449
5,1057,531,1135,456
5,1048,529,1122,462
5,1059,543,1110,472
5,1060,537,1103,478
5,1036,537,1097,485
5,1028,513,1094,499
5,1031,505,1093,505
5,1032,499,1091,514
5,1026,488,1090,529
5,1006,487,1085,557
5,1001,473,1083,574
5,1026,468,1079,583
5,1009,481,1073,587
5,1015,495,1067,590
5,993,501,1059,591
5,987,523,1050,593
5,985,530,1040,594
5,988,498,1031,596
5,1004,511,1026,596
5,1033,501,1024,597
5,1020,492,1023,597
5,1032,472,1023,597
5,1015,453,1023,597
5,1038,469,1023,596
5,1051,466,1023,583
5,1047,440,1025,561
5,1060,469,1025,554
5,1077,478,1024,548
5,1081,486,1024,546
5,1082,482,1024,546
5,1085,488,1024,546
5,1065,497,1026,542
5,1063,501,1026,538
5,1064,481,1028,531
5,1053,480,1031,528
5,1054,461,1031,527
5,1044,459,1031,527
5,1041,449,1031,527
5,1039,442,1031,527
5,1061,406,1031,527
5,1094,402,1031,527
5,1106,398,1033,527
5,1081,385,1039,524
5,1075,380,1046,522
5,1061,366,1054,522
5,1066,383,1060,523
5,1059,365,1062,526
5,1063,332,1062,529
5,1055,341,1063,532
5,1057,315,1062,536
5,1039,313,1058,537
5,1044,307,1054,539
5,1041,314,1052,538
5,1049,326,1051,528
5,1047,320,1051,496
5,1070,288,1054,468
5,1070,285,1055,458
5,1070,291,1057,451
5,1066,295,1059,447
5,1063,305,1065,441
5,1038,315,1077,428
5,1043,329,1099,408
5,1036,349,1106,399
5,1027,366,1109,396
5,1027,381,1109,396
5,1027,368,1109,396
5,1059,352,1105,396
5,1078,339,1097,393
5,1097,311,1090,382
5,1085,302,1085,371
5,1082,284,1076,360
5,1079,276,1069,355
5,1084,285,1066,354
5,1093,278,1064,354
5,1116,274,1061,354
5,1153,258,1054,355
5,1149,251,1043,361
5,1142,239,1027,370
5,1134,262,1014,376
5,1123,249,1008,380
5,1140,250,1007,383
5,1138,268,1007,383
5,1143,255,1009,383
5,1151,253,1012,383
5,1185,272,1013,383
5,1203,272,1013,383
5,1205,280,1013,383
5,1198,266,1014,383
5,1208,251,1019,381
5,1181,232,1030,378
5,1178,239,1040,374
5,1188,243,1047,369
5,1218,231,1053,367
5,1203,214,1064,357
5,1197,210,1077,340
5,1196,224,1086,322
5,1193,238,1092,315
5,1204,214,1094,314
5,1215,231,1094,314
5,1197,212,1094,314
5,1191,220,1094,314
5,1179,215,1094,314
5,1178,207,1099,314
5,1179,220,1105,317
5,1196,227,1120,323
5,1216,231,1132,323
5,1217,220,1142,323
5,1232,223,1153,319
5,1209,217,1164,313
5,1215,221,1171,309
5,1206,207,1178,304
5,1214,204,1186,298
5,1216,177,1195,292
5,1222,175,1204,285
5,1254,183,1208,281
5,1253,195,1209,280
5,1243,172,1209,277
5,1263,167,1209,272
5,1259,200,1209,266
5,1283,213,1209,260
5,1294,225,1209,258
5,1286,242,1209,258
5,1298,242,1209,258
5,1297,238,1209,258
5,1281,230,1211,257
5,1289,241,1220,251
5,1307,239,1227,248
5,1290,234,1230,248
5,1286,238,1232,247
5,1280,202,1236,247
5,1279,189,1238,247
5,1253,204,1240,248
5,1248,182,1242,251
5,1247,185,1245,259
5,1241,167,1250,276
5,1253,154,1256,280
5,1257,162,1263,284
5,1249,153,1269,286
5,1243,156,1270,287
5,1245,174,1270,288
5,1244,158,1270,288
5,1268,147,1270,289
5,1288,150,1271,289
5,1277,166,1271,289
5,1276,177,1272,287
5,1273,177,1277,277
5,1253,202,1278,268
5,1268,206,1278,263
5,1274,186,1276,256
5,1292,192,1274,251
5,1304,182,1270,245
5,1343,191,1268,242
5,1320,188,1267,234
5,1301,171,1266,232
5,1310,176,1265,230
5,1309,180,1265,230
5,1307,200,1265,230
5,1322,198,1265,230
5,1322,197,1265,230
5,1311,199,1265,230
5,1322,205,1265,230
5,1315,206,1265,230
5,1333,189,1265,230
5,1309,207,1270,230
5,1298,214,1274,230
5,1285,223,1277,230
5,1289,209,1282,230
5,1274,197,1290,228
5,1265,202,1294,224
5,1284,182,1297,220
5,1308,187,1299,216
5,1323,197,1299,213
5,1313,210,1299,211
5,1309,216,1297,209
5,1303,216,1295,206
5,1308,212,1295,206
5,1319,194,1294,205
5,1330,208,1294,205
5,1334,198,1294,205
5,1359,221,1295,205
5,1342,187,1297,205
5,1347,176,1299,205
5,1350,178,1300,208
5,1349,214,1301,213
5,1344,196,1302,216
5,1362,171,1302,220
5,1382,168,1302,222
5,1375,147,1302,224
5,1366,178,1302,226
5,1329,205,1300,227
5,1350,205,1297,227
5,1325,218,1296,227
5,1321,213,1294,223
5,1346,219,1293,221
5,1335,209,1293,219
5,1343,232,1295,218
5,1343,233,1300,216
5,1333,262,1307,215
5,1330,268,1314,215
5,1340,286,1318,215
5,1358,287,1319,215
5,1349,308,1319,215
5,1356,307,1319,215
5,1362,296,1319,215
5,1342,282,1317,216
5,1366,294,1313,220
5,1385,291,1308,223
5,1361,280,1304,225
5,1374,250,1300,225
5,1358,280,1299,226
5,1373,266,1296,227
5,1359,255,1291,234
5,1381,261,1283,252
5,1356,270,1273,277
5,1344,252,1271,299
5,1342,252,1274,308
5,1341,283,1280,314
5,1335,274,1288,321
5,1348,285,1296,326
5,1333,285,1303,326
5,1327,290,1318,325
5,1309,307,1331,319
5,1306,333,1343,307
5,1301,340,1351,299
5,1318,327,1355,294
5,1306,343,1355,291
5,1309,348,1355,290
5,1326,357,1351,290
5,1321,352,1346,289
5,1327,353,1339,289
5,1326,351,1334,289
5,1333,373,1332,289
5,1339,375,1329,289
5,1333,369,1327,290
5,1346,365,1323,297
5,1355,359,1319,315
5,1362,362,1312,335
5,1358,356,1307,346
5,1357,363,1307,357
5,1356,358,1308,360
5,1359,334,1316,370
5,1360,331,1328,380
5,1379,305,1342,392
5,1368,313,1356,401
5,1367,301,1363,407
5,1358,294,1369,411
5,1344,286,1372,414
5,1346,309,1375,417
5,1337,322,1376,417
5,1339,313,1377,417
5,1345,328,1377,417
5,1356,334,1378,414
5,1358,297,1378,409
5,1370,298,1374,402
5,1364,299,1371,397
5,1375,318,1369,396
5,1367,339,1365,393
5,1362,356,1361,391
5,1392,353,1354,389
5,1341,338,1349,387
5,1331,355,1347,387
5,1327,341,1342,387
5,1337,332,1337,387
5,1353,352,1331,388
5,1369,351,1322,394
5,1372,331,1313,402
5,1345,331,1309,409
5,1343,324,1306,415
5,1341,320,1306,418
5,1317,296,1307,421
5,1322,287,1313,424
5,1308,279,1317,430
5,1300,261,1324,432
5,1323,291,1332,432
5,1338,283,1341,431
5,1339,298,1348,430
5,1344,314,1350,429
5,1351,304,1353,427
5,1352,287,1356,424
5,1386,275,1357,420
5,1353,262,1360,411
5,1362,263,1362,399
5,1378,258,1364,385
5,1349,258,1358,369
5,1326,243,1345,355
5,1325,230,1335,343
5,1306,241,1328,337
5,1324,240,1325,336
5,1301,236,1323,335
5,1296,232,1323,335
5,1316,225,1323,335
5,1297,201,1325,331
5,1298,192,1330,324
5,1315,183,1333,313
5,1345,168,1343,302
5,1341,156,1352,296
5,1347,155,1357,290
5,1324,163,1359,288
5,1334,165,1359,286
5,1302,141,1359,285
5,1321,142,1359,282
5,1332,145,1359,277
5,1337,141,1352,269
5,1339,152,1346,265
5,1341,146,1344,264
5,1320,139,1341,264
5,1326,141,1339,264
5,1327,133,1337,262
5,1311,136,1337,260
5,1320,145,1337,255
5,1324,146,1337,250
5,1315,129,1337,246
5,1306,129,1338,241
5,1309,133,1343,236
5,1333,145,1349,228
5,1317,140,1355,219
5,1331,128,1357,214
5,1343,114,1359,212
5,1351,131,1359,209
5,1361,132,1359,204
5,1379,132,1359,199
5,1367,151,1357,192
5,1398,141,1356,188
5,1341,129,1354,187
5,1341,141,1353,186
5,1315,143,1351,186
5,1337,134,1350,186
5,1319,124,1343,186
5,1322,138,1335,186
5,1332,121,1328,183
5,1336,147,1324,179
5,1324,119,1323,172
5,1328,156,1323,168
5,1325,152,1323,167
5,1330,136,1328,166
5,1342,135,1335,165
5,1354,119,1345,165
5,1333,127,1358,165
5,1333,142,1370,170
5,1323,167,1381,173
5,1318,184,1383,174
5,1304,185,1383,174
5,1312,207,1383,174
5,1320,191,1383,174
5,1332,213,1381,175
5,1353,241,1376,176
5,1350,251,1373,176
5,1346,240,1371,176
5,1379,226,1364,176
5,1350,217,1355,176
5,1356,209,1341,173
5,1338,216,1330,170
5,1353,199,1323,169
5,1345,214,1319,167
5,1352,193,1318,167
5,1316,179,1317,167
5,1311,166,1313,171
5,1310,174,1305,186
5,1334,159,1297,199
5,1343,157,1284,236
5,1325,156,1274,277
5,1333,167,1270,307
5,1332,193,1272,316
5,1356,202,1274,317
5,1394,201,1277,316
5,1350,185,1281,314
5,1356,202,1285,313
5,1360,161,1286,313
5,1394,186,1288,311
5,1386,181,1290,310
5,1350,149,1291,310
5,1341,138,1292,310
5,1327,153,1292,310
5,1341,148,1292,310
5,1319,144,1292,310
5,1330,134,1292,310
5,1335,124,1295,305
5,1358,126,1305,289
5,1360,134,1311,284
5,1355,118,1313,281
5,1378,163,1315,281
5,1367,165,1315,281
5,1368,152,1316,281
5,1374,172,1318,279
5,1409,190,1320,278
5,1307,191,1322,277
5,1319,195,1323,277
5,1326,208,1323,277
5,1347,215,1323,277
5,1336,216,1323,277
5,1329,216,1324,272
5,1307,224,1329,261
5,1305,230,1330,254
5,1321,213,1331,250
5,1293,224,1331,249
5,1291,222,1333,249
5,1266,194,1334,249
5,1281,176,1335,249
5,1287,163,1338,249
5,1285,166,1342,249
5,1281,186,1344,249
5,1309,185,1345,249
5,1286,226,1347,249
5,1300,212,1347,249
5,1323,215,1347,249
5,1315,233,1347,249
5,1328,232,1347,249
5,1333,228,1347,249
5,1338,197,1347,249
5,1359,218,1347,249
5,1374,201,1347,250
5,1349,211,1345,255
5,1355,234,1343,259
5,1350,235,1340,261
5,1376,251,1338,262
5,1357,249,1337,264
5,1374,256,1337,264
5,1383,268,1337,264
5,1354,263,1337,264
5,1333,243,1337,264
5,1322,252,1337,265
5,1338,237,1337,267
5,1339,252,1337,269
5,1351,257,1336,272
5,1329,270,1336,274
5,1341,269,1336,274
5,1338,281,1336,276
5,1352,265,1336,277
5,1334,267,1336,278
5,1328,257,1336,278
5,1322,283,1336,281
5,1294,287,1336,283
5,1276,308,1336,287
5,1294,310,1336,289
5,1278,306,1336,291
5,1270,313,1336,291
5,1269,287,1335,292
5,1292,274,1335,292
5,1284,275,1335,293
5,1276,283,1335,295
5,1265,289,1335,296
5,1255,296,1335,299
5,1276,309,1333,302
5,1273,303,1332,304
5,1257,291,1332,306
5,1274,279,1330,308
5,1242,289,1330,309
5,1234,261,1329,312
5,1234,277,1327,314
5,1221,259,1325,317
5,1214,231,1325,319
5,1185,242,1323,320
5,1178,218,1321,324
5,1169,219,1318,327
5,1168,190,1317,330
5,1194,203,1317,330
5,1166,201,1316,331
5,1181,218,1316,332
5,1174,209,1316,333
5,1172,211,1315,334
5,1175,206,1315,336
5,1183,228,1314,337
5,1187,231,1313,339
5,1199,225,1313,339
5,1190,196,1311,340
5,1185,195,1311,340
5,1172,201,1311,340
5,1188,200,1311,340
5,1174,200,1310,340
5,1164,165,1300,331
5,1167,153,1291,319
5,1189,171,1284,314
5,1180,166,1271,297
5,1154,181,1262,284
5,1168,162,1256,275
5,1180,164,1252,271
5,1162,186,1249,270
5,1174,218,1246,270
5,1189,207,1243,270
5,1187,220,1238,270
5,1211,226,1231,270
5,1187,235,1224,267
5,1176,255,1219,263
5,1172,257,1213,255
5,1156,264,1210,245
5,1152,271,1207,236
5,1146,272,1204,230
5,1147,290,1203,229
5,1133,295,1203,229
5,1137,273,1203,229
5,1135,274,1203,229
5,1154,272,1202,227
5,1177,242,1200,223
5,1153,230,1197,221
5,1165,229,1195,221
5,1159,231,1194,221
5,1190,228,1193,221
5,1174,235,1193,221
5,1186,228,1191,221
5,1200,236,1191,221
5,1207,246,1189,221
5,1236,281,1189,221
5,1229,273,1188,221
5,1239,268,1187,222
5,1237,254,1185,226
5,1245,254,1179,231
5,1240,255,1178,233
5,1233,237,1174,236
5,1280,250,1167,246
5,1287,242,1166,251
5,1280,257,1159,261
5,1281,252,1157,263
5,1286,252,1156,264
5,1264,221,1156,265
5,1267,223,1155,268
5,1254,222,1155,271
5,1275,229,1155,275
5,1288,243,1155,276
5,1302,233,1155,277
5,1274,251,1155,277
5,1272,283,1156,277
5,1265,284,1158,277
5,1283,298,1159,277
5,1284,281,1160,277
5,1291,294,1162,277
5,1284,284,1166,277
5,1263,294,1171,277
5,1279,282,1176,275
5,1302,285,1178,275
5,1313,282,1178,275
5,1296,294,1178,275
5,1299,287,1180,275
5,1307,265,1180,275
5,1307,253,1183,275
5,1297,240,1187,275
5,1284,246,1189,275
5,1272,256,1191,277
5,1261,248,1192,278
5,1242,242,1195,280
5,1212,255,1197,281
5,1214,266,1199,283
5,1219,279,1201,286
5,1212,275,1204,287
5,1204,292,1206,289
5,1221,294,1210,292
5,1236,297,1213,292
5,1237,302,1215,293
5,1209,321,1218,293
5,1190,295,1220,293
5,1199,295,1220,293
5,1215,300,1220,293
5,1250,287,1220,293
5,1270,266,1220,293
5,1271,265,1219,293
5,1311,268,1216,293
5,1304,251,1214,291
5,1312,243,1210,289
5,1303,260,1208,289
5,1310,250,1207,288
5,1312,250,1206,288
5,1327,243,1206,288
5,1347,248,1204,288
5,1345,243,1201,289
5,1357,234,1199,289
5,1373,256,1199,289
5,1329,288,1199,289
5,1307,280,1199,289
5,1308,270,1199,289
5,1331,279,1199,289
5,1321,286,1199,289
5,1311,284,1199,289
5,1311,291,1199,289
5,1321,323,1199,289
5,1299,341,1199,289
5,1298,312,1199,289
5,1293,319,1199,289
5,1298,333,1199,289
5,1299,336,1199,289
5,1295,358,1199,289
5,1301,372,1199,289
5,1306,364,1200,291
5,1303,374,1205,292
5,1299,407,1209,293
5,1283,379,1212,295
5,1280,391,1214,296
5,1280,386,1215,296
5,1284,380,1215,297
5,1286,403,1215,298
5,1274,414,1216,302
5,1265,417,1219,310
5,1283,419,1220,320
5,1280,423,1223,328
5,1258,440,1225,334
5,1268,464,1228,343
5,1279,466,1231,356
5,1280,433,1234,366
5,1297,429,1239,384
5,1293,425,1244,397
5,1288,394,1249,400
5,1284,410,1252,402
5,1268,423,1255,404
5,1267,423,1256,405
5,1262,402,1259,407
5,1248,417,1260,409
5,1229,414,1263,416
5,1246,407,1263,421
5,1220,419,1265,428
5,1215,441,1268,437
5,1219,445,1273,450
5,1206,450,1279,461
5,1212,445,1285,467
5,1204,453,1296,468
5,1192,451,1301,468
5,1186,435,1309,468
5,1185,448,1316,464
5,1194,451,1318,461
5,1198,440,1319,458
5,1194,408,1319,456
5,1189,433,1319,456
5,1167,431,1317,456
5,1196,428,1314,456
5,1217,436,1312,456
5,1221,421,1309,457
5,1221,426,1302,461
5,1254,407,1285,470
5,1250,398,1272,484
5,1254,399,1261,494
5,1277,402,1250,500
5,1284,402,1248,502
5,1311,384,1248,502
5,1279,407,1248,499
5,1261,416,1248,490
5,1264,425,1246,483
5,1271,416,1240,478
5,1252,412,1237,476
5,1246,405,1237,476
5,1251,408,1237,475
5,1236,407,1237,475
5,1222,421,1237,473
5,1207,425,1240,466
5,1214,403,1244,458
5,1207,393,1246,456
5,1195,387,1249,456
5,1204,389,1257,456
5,1202,363,1265,456
5,1191,356,1272,457
5,1186,358,1281,457
5,1181,366,1289,456
5,1185,351,1292,454
5,1180,332,1295,454
5,1186,316,1295,454
5,1179,305,1295,454
5,1183,291,1295,454
5,1190,267,1295,454
5,1211,248,1295,454
5,1233,244,1295,454
5,1222,247,1293,453
5,1244,252,1282,444
5,1252,255,1270,432
5,1257,263,1265,425
5,1274,272,1250,409
5,1274,282,1244,403
5,1299,295,1243,401
5,1302,316,1243,394
5,1326,314,1245,379
5,1329,327,1252,364
5,1340,346,1256,353
5,1352,342,1259,344
5,1396,331,1260,343
5,1361,327,1260,343
5,1392,308,1260,343
5,1340,303,1260,343
5,1333,308,1262,342
5,1350,307,1264,341
5,1342,306,1265,339
5,1341,299,1267,339
5,1325,296,1269,340
5,1342,270,1274,342
5,1354,270,1280,346
5,1349,256,1284,352
5,1350,238,1291,361
5,1334,249,1302,373
5,1320,239,1308,379
5,1322,263,1310,381
5,1315,259,1310,381
5,1314,260,1310,381
5,1326,254,1310,381
5,1313,245,1310,381
5,1317,259,1310,381
5,1330,268,1310,381
5,1317,257,1310,381
5,1308,258,1310,380
5,1305,258,1310,369
5,1278,241,1310,353
5,1256,232,1310,329
5,1256,210,1305,306
5,1238,196,1303,299
5,1240,192,1300,297
5,1239,192,1299,296
5,1228,195,1298,295
5,1231,210,1296,295
5,1206,201,1290,288
5,1204,211,1289,283
5,1201,196,1285,275
5,1230,175,1279,269
5,1233,175,1271,266
5,1224,165,1267,266
5,1205,142,1264,266
5,1238,127,1257,266
5,1224,123,1250,266
5,1234,123,1245,263
5,1255,154,1240,259
5,1237,149,1236,254
5,1257,162,1235,250
5,1267,161,1235,248
5,1286,165,1235,246
5,1285,175,1235,245
5,1281,187,1235,243
5,1287,171,1235,239
5,1276,198,1241,230
5,1256,203,1247,221
5,1232,208,1256,212
5,1240,225,1262,206
5,1240,226,1268,202
5,1237,217,1273,198
5,1213,216,1279,197
5,1226,205,1286,191
5,1241,205,1293,185
5,1248,199,1301,179
5,1257,192,1309,174
5,1275,199,1310,174
5,1268,185,1311,174
5,1228,180,1311,173
5,1223,177,1311,173
5,1212,184,1311,173
5,1207,160,1311,173
5,1225,167,1311,173
5,1266,166,1311,173
5,1281,168,1311,173
5,1280,160,1311,174
5,1288,173,1309,178
5,1275,169,1305,180
5,1278,188,1298,183
5,1271,184,1291,186
5,1265,195,1282,187
5,1261,206,1281,187
5,1266,185,1279,184
5,1266,178,1273,174
5,1253,165,1269,170
5,1245,152,1265,169
5,1256,143,1263,169
5,1257,164,1256,170
5,1252,152,1248,174
5,1248,142,1232,185
5,1247,127,1223,189
5,1242,137,1219,191
5,1220,131,1219,191
5,1213,132,1223,189
5,1220,119,1232,184
5,1210,139,1239,183
5,1211,111,1244,181
5,1198,158,1253,176
5,1213,135,1264,169
5,1206,146,1270,165
5,1228,128,1271,164
5,1242,118,1272,164
5,1251,127,1272,164
5,1254,132,1272,163
5,1263,141,1274,162
5,1276,140,1274,159
5,1297,137,1274,158
5,1296,151,1272,156
5,1288,129,1269,154
5,1301,108,1265,153
5,1305,163,1257,148
5,1304,164,1250,146
5,1291,177,1244,141
5,1279,168,1237,136
5,1282,172,1231,133
5,1289,176,1226,130
5,1259,189,1224,129
5,1252,183,1222,129
5,1250,162,1222,129
5,1281,179,1222,129
5,1284,155,1223,129
5,1275,138,1226,125
5,1286,128,1230,124
5,1267,127,1234,123
5,1253,117,1237,123
5,1246,142,1243,123
5,1243,123,1248,123
5,1240,147,1252,123
5,1231,135,1254,125
5,1236,138,1257,129
5,1226,161,1258,130
5,1232,196,1259,133
5,1226,198,1259,134
5,1227,198,1259,134
5,1223,195,1260,134
5,1242,193,1260,134
5,1253,198,1260,134
5,1269,192,1260,134
5,1273,207,1260,134
5,1279,198,1260,134
5,1301,204,1260,134
5,1311,191,1260,134
5,1328,181,1260,134
5,1319,181,1260,134
5,1327,185,1257,134
5,1294,192,1251,134
5,1313,182,1244,137
5,1291,187,1234,143
5,1280,190,1222,149
5,1290,186,1218,154
5,1308,197,1217,155
5,1320,181,1217,157
5,1326,194,1217,157
5,1323,196,1219,157
5,1317,197,1223,157
5,1310,211,1228,157
5,1299,183,1236,157
5,1312,195,1247,157
5,1320,201,1253,157
5,1320,214,1259,157
5,1293,219,1260,158
5,1287,223,1260,158
5,1267,228,1260,159
5,1273,237,1260,160
5,1272,250,1260,160
5,1258,220,1260,161
5,1260,216,1260,162
5,1251,226,1260,165
5,1261,221,1257,168
5,1302,221,1256,175
5,1312,215,1253,184
5,1313,200,1248,197
5,1327,219,1247,206
5,1322,247,1244,221
5,1310,272,1242,228
5,1304,278,1242,236
5,1334,286,1242,237
5,1339,315,1243,237
5,1343,333,1246,236
5,1340,308,1252,234
5,1371,309,1259,232
5,1376,313,1266,226
5,1346,309,1273,221
5,1344,287,1279,216
5,1336,259,1282,213
5,1352,256,1286,210
5,1349,252,1287,209
5,1357,255,1287,208
5,1351,264,1287,208
5,1347,252,1287,209
5,1355,246,1287,216
5,1357,223,1287,232
5,1350,234,1290,250
5,1333,249,1294,267
5,1345,238,1301,274
5,1368,245,1308,283
5,1385,254,1313,286
5,1353,274,1320,287
5,1358,278,1324,288
5,1365,302,1325,288
5,1354,299,1325,288
5,1355,304,1326,289
5,1360,298,1326,291
5,1370,291,1329,294
5,1366,283,1334,297
5,1359,285,1341,298
5,1351,309,1346,300
5,1355,299,1349,301
5,1344,325,1349,301
5,1353,337,1349,301
5,1354,343,1349,301
5,1353,359,1349,301
5,1336,336,1349,301
5,1339,364,1349,301
5,1332,374,1349,301
5,1337,375,1349,301
5,1331,381,1349,301
5,1318,391,1349,301
5,1322,396,1349,301
5,1309,388,1347,300
5,1308,395,1345,297
5,1299,409,1343,296
5,1302,404,1343,296
5,1314,422,1342,296
5,1312,437,1342,296
5,1325,457,1339,298
5,1334,463,1335,307
5,1342,469,1332,322
5,1348,468,1326,332
5,1327,481,1319,346
5,1337,462,1314,363
5,1325,454,1305,382
5,1328,453,1300,395
5,1313,426,1295,406
5,1288,441,1292,411
5,1271,443,1291,415
5,1286,455,1290,417
5,1300,453,1289,422
5,1286,425,1289,423
5,1293,429,1289,425
5,1297,442,1289,426
5,1275,445,1289,431
5,1275,455,1289,434
5,1279,452,1290,439
5,1294,420,1295,450
5,1289,416,1296,453
5,1302,416,1297,454
5,1324,403,1297,454
5,1321,404,1297,454
5,1326,411,1297,454
5,1326,423,1297,455
5,1305,423,1297,457
5,1310,410,1297,461
5,1298,400,1296,466
5,1283,408,1294,469
5,1303,394,1293,469
5,1332,401,1293,470
5,1347,412,1292,470
5,1351,400,1290,470
5,1363,441,1289,470
5,1400,438,1286,470
5,1320,424,1285,468
5,1316,403,1285,458
5,1342,421,1285,446
5,1347,415,1285,436
5,1354,404,1285,434
5,1350,429,1285,434
5,1373,422,1285,434
5,1373,434,1285,434
5,1377,449,1285,434
5,1381,455,1285,434
5,1366,462,1284,434
5,1380,459,1282,434
5,1360,470,1281,434
5,1353,482,1280,434
5,1355,461,1280,434
5,1364,456,1280,434
5,1363,471,1280,434
5,1358,464,1281,434
5,1323,474,1283,435
5,1321,479,1287,437
5,1310,460,1293,442
5,1313,478,1298,446
5,1323,471,1304,453
5,1310,469,1310,459
5,1307,453,1313,464
5,1303,455,1313,468
5,1283,482,1313,473
5,1286,466,1311,482
5,1286,445,1305,489
5,1307,438,1300,496
5,1305,435,1296,502
5,1308,454,1292,508
5,1332,483,1290,509
5,1337,480,1288,510
5,1340,481,1285,511
5,1333,471,1280,513
5,1326,478,1275,518
5,1307,482,1270,519
5,1293,489,1264,522
5,1280,505,1263,522
5,1272,510,1262,521
5,1269,520,1262,515
5,1267,499,1262,503
5,1253,504,1267,495
5,1254,515,1269,492
5,1250,489,1273,490
5,1226,505,1275,489
5,1248,516,1282,486
5,1254,473,1295,477
5,1250,471,1298,476
5,1227,493,1303,476
5,1232,484,1306,476
5,1228,490,1307,477
5,1226,494,1307,481
5,1209,504,1307,487
5,1224,494,1306,496
5,1215,496,1300,505
5,1199,461,1292,516
5,1175,433,1281,526
5,1197,401,1267,536
5,1190,417,1256,543
5,1195,411,1249,545
5,1179,424,1247,545
5,1177,401,1244,545
5,1164,384,1242,545
5,1171,367,1241,545
5,1184,349,1239,545
5,1184,358,1236,545
5,1184,348,1233,545
5,1191,326,1222,547
5,1195,311,1213,549
5,1196,343,1203,549
5,1197,343,1196,548
5,1208,340,1195,547
5,1207,345,1193,539
5,1193,358,1196,515
5,1198,356,1204,490
5,1203,365,1209,467
5,1204,354,1214,456
5,1195,369,1219,445
5,1186,374,1228,432
5,1177,362,1244,403
5,1169,353,1257,384
5,1160,372,1262,375
5,1169,364,1263,371
5,1184,355,1264,370
5,1157,347,1264,369
5,1184,348,1264,369
5,1209,357,1264,369
5,1234,354,1264,369
5,1228,339,1264,371
5,1223,348,1263,377
5,1216,341,1261,380
5,1239,336,1261,383
5,1222,319,1261,383
5,1185,293,1261,383
5,1210,297,1259,383
5,1213,317,1252,384
5,1231,302,1233,386
5,1229,269,1211,386
5,1234,279,1195,386
5,1234,296,1181,379
5,1226,264,1172,363
5,1204,256,1169,352
5,1208,273,1169,347
5,1198,271,1169,344
5,1201,243,1169,343
5,1204,255,1169,340
5,1183,251,1169,337
5,1192,255,1171,335
5,1224,255,1172,335
5,1232,225,1173,334
5,1232,238,1174,334
5,1223,206,1175,333
5,1206,216,1180,331
5,1237,201,1186,330
5,1243,187,1197,324
5,1245,201,1203,324
5,1259,155,1206,323
5,1244,141,1206,323
5,1243,160,1207,323
5,1216,169,1207,323
5,1234,165,1207,322
5,1254,181,1207,316
5,1249,200,1204,306
5,1258,190,1202,299
5,1229,181,1201,294
5,1227,185,1200,291
5,1222,181,1200,290
5,1219,209,1200,288
5,1224,202,1203,282
5,1213,213,1209,275
5,1224,215,1214,268
5,1234,195,1217,265
5,1216,181,1219,263
5,1216,212,1222,259
5,1221,212,1223,252
5,1244,210,1228,242
5,1229,217,1229,233
5,1234,205,1231,220
5,1229,221,1237,207
5,1229,249,1247,189
5,1222,283,1250,170
5,1218,279,1251,162
5,1220,265,1250,155
5,1230,285,1247,148
5,1230,300,1239,142
5,1227,325,1234,136
5,1222,337,1226,127
5,1223,354,1223,119
5,1182,332,1221,117
5,1197,333,1219,117
5,1208,324,1219,117
5,1212,300,1219,116
5,1200,286,1219,116
5,1214,271,1219,116
5,1186,272,1219,116
5,1171,269,1219,116
5,1168,281,1219,116
5,1173,274,1217,117
5,1184,243,1217,131
5,1184,242,1207,176
5,1176,256,1204,196
5,1170,291,1202,209
5,1164,283,1202,216
5,1169,287,1202,219
5,1161,293,1202,224
5,1171,278,1201,235
5,1163,265,1198,247
5,1161,281,1195,252
5,1175,282,1195,255
5,1164,284,1195,256
5,1132,272,1195,258
5,1148,259,1194,261
5,1095,282,1188,272
5,1069,280,1180,285
5,1092,292,1171,304
5,1106,313,1162,320
5,1119,285,1158,326
5,1086,285,1158,327
5,1069,257,1158,327
5,1063,263,1158,327
5,1062,268,1158,327
5,1038,297,1158,327
5,1044,306,1158,327
5,1026,330,1156,328
5,1033,338,1155,328
5,1034,350,1155,328
5,1017,348,1155,328
5,1037,345,1154,328
5,1018,360,1153,329
5,1023,374,1149,330
5,1023,402,1144,333
5,1009,395,1139,334
5,999,422,1133,336
5,983,411,1131,337
5,977,430,1127,339
5,978,460,1122,344
5,1005,481,1116,348
5,991,462,1111,353
5,993,454,1100,363
5,990,449,1088,373
5,1006,435,1076,387
5,995,414,1061,400
5,1011,388,1052,409
5,1027,377,1045,418
5,1028,370,1037,425
5,1015,349,1023,436
5,1008,350,1011,448
5,998,369,998,463
5,1006,366,987,474
5,1010,366,979,484
5,1010,377,975,486
5,1005,384,974,488
5,1012,379,974,488
5,1027,412,974,491
5,1034,423,974,492
5,1028,404,974,493
5,1039,429,975,494
5,1062,416,975,495
5,1029,395,975,495
5,1028,397,975,495
5,1047,385,978,495
5,1049,375,991,488
5,1040,387,1003,474
5,1056,405,1009,465
5,1038,405,1011,463
5,1026,422,1011,461
5,1010,422,1011,461
5,1005,413,1011,460
5,999,414,1013,458
5,995,405,1014,458
5,1015,394,1015,457
5,998,390,1015,457
5,994,396,1015,457
5,1005,405,1019,453
5,993,404,1031,439
5,981,401,1043,424
5,963,398,1051,417
5,980,410,1053,416
5,978,410,1053,416
5,970,401,1053,416
5,985,411,1053,416
5,984,412,1050,416
5,981,413,1043,422
5,976,415,1032,433
5,952,446,1012,453
5,959,450,999,459
5,966,452,996,461
5,977,439,995,461
5,999,466,993,458
5,1005,447,992,455
5,1003,437,989,446
5,1015,460,983,437
5,1012,455,977,426
5,1014,434,974,419
5,1035,459,973,415
5,1061,458,972,414
5,1087,453,972,413
5,1073,449,972,413
5,1068,437,972,413
5,1072,420,972,413
5,1047,442,971,413
5,1025,463,969,420
5,1006,449,966,431
5,1011,449,965,434
5,1006,467,965,437
5,1008,495,967,438
5,1015,483,968,440
5,985,489,978,441
5,966,512,986,441
5,978,521,1011,439
5,968,512,1021,436
5,960,523,1032,434
5,967,549,1036,434
5,958,545,1036,434
5,940,527,1036,434
5,920,519,1035,434
5,951,547,1028,436
5,962,541,1021,442
5,956,516,1012,450
5,936,516,998,462
5,926,505,989,473
5,918,493,977,481
5,898,462,970,489
5,916,463,963,493
5,923,459,957,499
5,908,468,953,503
5,926,468,950,505
5,909,461,949,510
5,899,467,948,513
5,909,487,948,515
5,945,470,948,518
5,948,440,947,522
5,953,451,947,529
5,936,434,946,532
5,944,455,946,532
5,957,460,946,532
5,964,461,946,532
5,973,463,946,532
5,945,473,946,530
5,949,477,943,525
5,937,504,934,509
5,931,526,929,496
5,919,502,928,487
5,926,503,927,485
5,949,497,925,484
5,951,500,925,484
5,946,488,925,484
5,955,463,925,484
5,916,457,925,484
5,934,466,927,484
5,944,454,929,483
5,921,454,929,482
5,905,462,929,482
5,882,459,929,482
5,860,454,929,482
5,852,432,930,486
5,842,446,930,492
5,821,431,932,503
5,841,440,933,508
5,843,438,934,511
5,841,420,935,514
5,825,417,935,515
5,831,412,935,516
5,823,417,935,517
5,809,415,935,518
5,789,416,934,522
5,758,414,933,523
5,767,410,931,523
5,793,405,927,523
5,788,427,920,521
5,802,417,913,517
5,810,397,903,505
5,788,388,888,486
5,778,372,869,459
5,760,369,856,442
5,740,381,851,437
5,739,395,847,435
5,767,407,846,435
5,768,387,845,435
5,784,393,840,436
5,792,393,829,439
5,810,382,816,444
5,808,399,801,451
5,807,394,788,455
5,806,384,781,458
5,814,383,780,458
5,804,353,780,458
5,781,350,780,458
5,768,317,780,458
5,750,316,780,458
5,742,339,779,459
5,726,338,779,459
5,730,323,777,461
5,704,332,776,461
5,700,332,775,458
5,707,332,774,453
5,707,352,770,449
5,706,347,767,445
5,713,344,759,432
5,700,343,749,411
5,684,344,743,385
5,670,336,743,361
5,691,326,744,339
5,674,343,748,324
5,646,331,749,314
5,656,339,749,310
5,661,355,749,309
5,686,347,749,305
5,691,363,749,298
5,695,355,749,287
5,708,355,749,286
5,728,348,750,285
5,724,392,750,285
5,693,391,750,285
5,708,408,749,289
5,703,424,744,302
5,714,442,741,315
5,737,434,736,324
5,713,453,735,329
5,723,468,735,331
5,716,461,734,333
5,733,454,734,334
5,727,486,734,334
5,723,490,734,334
5,704,496,734,334
5,712,505,734,337
5,713,496,734,341
5,699,504,734,346
5,710,529,734,349
5,725,533,734,358
5,724,545,734,368
5,721,547,730,386
5,741,549,729,400
5,728,565,727,425
5,703,567,727,444
5,709,554,728,458
5,708,534,729,463
5,700,527,729,471
5,697,521,729,482
5,688,505,729,492
5,675,473,731,504
5,654,485,731,514
5,646,484,732,523
5,634,499,734,527
5,625,500,738,530
5,595,516,742,534
5,582,508,746,540
5,569,503,748,542
5,586,510,748,542
5,585,511,749,542
5,581,504,749,542
5,584,510,749,542
5,572,523,749,542
5,569,526,749,542
5,566,540,749,542
5,556,535,744,536
5,542,534,733,530
5,558,523,726,529
5,561,529,722,529
5,570,523,715,529
5,563,526,705,529
5,561,525,694,532
5,586,526,684,535
5,586,521,673,535
5,587,523,663,535
5,575,508,653,533
5,571,531,644,533
5,576,534,641,533
5,568,542,635,534
5,570,563,631,535
5,565,558,628,538
5,567,565,622,541
5,553,578,618,547
5,562,604,615,556
5,567,600,611,565
5,542,589,607,570
5,545,571,604,573
5,556,571,604,573
5,562,568,603,573
5,580,563,603,573
5,574,557,603,574
5,566,562,603,574
5,569,560,603,574
5,553,557,603,574
5,543,577,603,577
5,551,584,604,582
5,581,591,605,589
5,580,606,607,600
5,575,614,607,608
5,564,640,606,617
5,584,654,606,622
5,568,663,606,625
5,592,679,606,625
5,600,679,606,625
5,630,689,606,625
5,648,696,606,625
5,655,699,606,625
5,661,719,606,625
5,658,718,606,625
5,675,727,606,625
5,678,703,606,630
5,669,716,603,637
5,683,703,602,646
5,644,680,600,654
5,633,680,600,664
5,658,681,601,673
5,656,697,605,680
5,640,716,609,686
5,646,723,615,693
5,662,713,628,702
5,669,713,647,713
5,663,725,666,722
5,678,742,683,727
5,668,747,694,730
5,652,767,704,732
5,668,774,717,732
5,675,775,734,731
5,659,758,743,729
5,654,760,748,726
5,654,802,752,725
5,670,803,755,723
5,690,790,757,720
5,713,784,759,716
5,726,772,760,711
5,735,767,762,707
5,741,747,762,705
5,733,731,762,704
5,731,734,762,704
5,729,710,759,702
5,741,713,757,701
5,728,717,756,701
5,726,713,755,701
5,741,713,751,701
5,725,695,744,707
5,736,697,739,716
5,737,686,736,728
5,728,687,733,736
5,712,719,733,741
5,724,734,733,745
5,739,729,733,746
5,744,705,737,749
5,780,696,742,750
5,774,708,749,750
5,782,712,758,750
5,803,713,763,750
5,800,730,765,750
5,810,714,767,751
5,795,717,770,751
5,804,714,773,748
5,802,713,775,742
5,809,689,776,737
5,822,687,776,727
5,844,673,775,713
5,828,683,766,697
5,843,687,764,693
5,853,716,762,693
5,840,726,761,693
5,837,718,761,693
5,838,737,761,693
5,833,743,761,693
5,836,726,761,693
5,865,724,761,697
5,863,731,761,703
5,875,738,765,709
5,898,717,767,710
5,908,719,772,711
5,919,722,774,712
5,927,731,778,712
5,927,697,781,714
5,929,690,785,715
5,922,707,787,716
5,919,707,788,716
5,911,675,790,717
5,909,669,790,718
5,894,687,790,721
5,876,700,790,722
5,863,680,791,723
5,850,691,792,723
5,845,695,799,723
5,846,703,809,721
5,856,702,833,714
5,855,724,851,707
5,829,747,864,707
5,825,752,874,707
5,814,717,881,707
5,820,721,882,707
5,812,723,882,707
5,815,722,882,705
5,800,735,882,703
5,791,750,879,700
5,796,758,872,692
5,804,777,860,678
5,787,769,850,666
5,796,773,844,662
5,782,788,844,661
5,756,780,844,661
5,758,759,844,661
5,768,772,844,661
5,752,756,844,661
5,739,767,844,661
5,725,746,844,661
5,716,745,846,664
5,709,732,853,669
5,719,759,858,675
5,732,755,860,678
5,741,764,861,679
5,768,763,861,682
5,775,766,860,684
5,774,776,855,688
5,777,752,849,691
5,799,739,842,697
5,806,753,833,701
5,798,754,824,706
5,793,765,817,708
5,803,763,812,708
5,786,764,807,708
5,776,762,803,708
5,780,753,799,710
5,795,752,796,710
5,832,773,794,711
5,819,766,794,714
5,817,785,794,723
5,830,782,795,730
5,842,789,800,735
5,829,774,804,741
5,831,754,809,745
5,838,749,822,750
5,836,747,835,755
5,829,718,840,759
5,861,736,844,762
5,858,741,846,764
5,848,726,848,767
5,872,721,848,767
5,858,733,848,767
5,859,728,848,767
5,851,719,848,767
5,844,713,848,767
5,835,703,848,767
5,830,704,846,769
5,823,679,845,771
5,814,687,844,772
5,837,684,843,773
5,839,665,843,773
5,847,696,843,773
5,846,707,843,773
5,831,711,842,773
5,846,714,842,769
5,870,712,845,754
5,853,701,857,717
5,844,701,860,706
5,873,688,860,701
5,879,696,859,700
5,881,689,859,700
5,896,691,857,700
5,884,677,853,700
5,869,675,850,700
5,869,684,847,700
5,850,721,846,698
5,872,710,845,697
5,848,719,845,697
5,851,711,845,697
5,853,722,845,696
5,852,696,845,695
5,866,694,845,691
5,860,694,845,683
5,869,683,845,669
5,849,678,845,659
5,845,694,848,653
5,845,723,850,651
5,842,732,852,650
5,829,713,853,650
5,815,703,856,650
5,838,677,859,650
5,822,696,867,650
5,844,704,879,650
5,842,708,891,650
5,833,715,895,651
5,830,726,896,653
5,803,709,896,657
5,824,716,896,659
5,823,706,892,667
5,831,712,882,676
5,818,723,870,690
5,841,714,861,698
5,867,691,859,699
5,867,695,857,699
5,855,712,857,699
5,871,731,857,699
5,866,726,856,699
5,871,746,854,699
5,823,709,850,699
5,811,719,845,697
5,822,714,841,696
5,828,724,839,696
5,844,748,839,696
5,855,759,838,696
5,865,763,836,696
5,890,741,833,697
5,906,763,832,697
5,926,767,832,697
5,919,764,832,697
5,907,749,834,697
5,899,768,839,697
5,900,769,844,696
5,903,765,849,696
5,943,758,853,696
5,939,767,857,697
5,934,777,858,700
5,927,787,859,701
5,944,801,860,702
5,932,807,860,703
5,948,821,861,707
5,954,803,864,715
5,967,818,867,720
5,964,805,874,723
5,980,786,876,724
5,997,798,880,726
5,1006,791,889,726
5,995,787,893,726
5,978,782,912,726
5,1006,785,937,720
5,1012,797,951,717
5,1011,797,958,715
5,1031,801,961,715
5,1031,809,963,718
5,1041,817,969,727
5,1022,824,973,734
5,1009,826,976,740
5,1000,803,979,742
5,1004,787,980,743
5,1004,804,981,744
5,975,815,983,744
5,993,815,986,744
5,1019,827,989,743
5,1012,838,997,740
5,1020,832,1000,740
5,1015,836,1008,740
5,993,824,1021,739
5,980,813,1038,736
5,985,823,1055,734
5,965,805,1065,734
5,951,787,1065,734
5,926,789,1065,735
5,944,789,1059,739
5,946,755,1050,745
5,951,741,1029,760
5,970,756,1018,777
5,957,764,1016,781
5,947,749,1016,781
5,958,737,1017,781
5,969,715,1020,781
5,967,705,1021,781
5,984,715,1022,781
5,1005,724,1022,782
5,1014,700,1022,783
5,1008,710,1021,785
5,1007,695,1018,786
5,1002,711,1015,787
5,996,717,1011,789
5,990,761,1010,781
5,997,782,1006,755
5,996,771,1000,722
5,1006,775,999,712
5,1012,763,999,709
5,1011,756,999,708
5,1026,762,1006,705
5,1009,766,1014,703
5,1033,789,1035,695
5,1031,802,1056,686
5,1043,803,1073,682
5,1034,813,1079,682
5,1028,814,1081,683
5,992,815,1079,688
5,1008,809,1070,698
5,1018,820,1059,712
5,1025,831,1053,725
5,1016,824,1051,727
5,1024,845,1051,727
5,1022,854,1052,727
5,1023,859,1052,728
5,1045,866,1053,728
5,1047,856,1054,731
5,1060,868,1056,734
5,1058,859,1060,737
5,1042,876,1061,738
5,1047,871,1062,739
5,1048,876,1062,739
5,1046,894,1062,741
5,1036,911,1059,753
5,1040,908,1054,766
5,1057,895,1053,776
5,1072,902,1051,780
5,1078,904,1052,781
5,1052,886,1055,783
5,1055,879,1060,783
5,1048,865,1065,783
5,1075,881,1072,783
5,1077,869,1079,784
5,1090,856,1083,785
5,1089,842,1083,786
5,1103,847,1084,786
5,1087,826,1084,787
5,1080,814,1082,789
5,1080,802,1079,789
5,1063,805,1077,790
5,1058,819,1076,791
5,1049,789,1075,792
5,1045,803,1075,792
5,1067,793,1074,793
5,1073,835,1074,793
5,1047,863,1074,794
5,1053,856,1075,794
5,1014,848,1080,796
5,1021,851,1087,795
5,1026,844,1099,794
5,1027,853,1110,791
5,1031,864,1125,780
5,1054,843,1136,766
5,1057,849,1139,749
5,1016,869,1137,740
5,1011,851,1132,737
5,1013,842,1125,735
5,985,847,1118,733
5,985,860,1112,733
5,976,861,1109,733
5,1000,867,1103,735
5,1009,872,1100,736
5,1012,891,1095,739
5,1009,895,1089,744
5,993,875,1083,754
5,993,867,1080,763
5,991,856,1080,770
5,977,862,1085,776
5,969,847,1088,779
5,979,849,1091,783
5,970,868,1092,785
5,984,894,1093,789
5,973,879,1093,794
5,978,885,1089,798
5,980,894,1081,804
5,987,885,1074,808
5,952,897,1067,811
5,936,882,1058,814
5,930,866,1047,819
5,931,881,1037,822
5,938,846,1024,827
5,921,850,1017,828
5,922,859,1013,828
5,912,881,1009,828
5,907,884,1004,828
5,895,891,1002,828
5,924,899,1001,828
5,918,894,1001,828
5,927,902,1000,828
5,919,915,1000,828
5,932,936,1000,828
5,934,953,1000,828
5,933,959,1000,828
5,922,962,1000,828
5,915,941,999,828
5,923,952,994,828
5,935,940,983,833
5,932,929,970,839
5,926,923,959,844
5,950,930,943,854
5,954,930,927,863
5,962,925,904,879
5,973,879,895,884
5,986,877,893,886
5,975,889,892,887
5,988,875,892,888
5,997,878,892,888
5,995,872,892,888
5,986,896,892,888
5,996,914,892,888
5,984,912,893,889
5,1010,931,895,892
5,1012,946,899,894
5,1027,925,904,895
5,1031,933,909,898
5,1019,953,916,899
5,1024,958,925,899
5,1017,955,935,901
5,1005,931,942,902
5,1002,930,951,902
5,1001,928,957,904
5,1009,930,964,904
5,983,934,971,904
5,992,907,975,904
5,1011,892,976,903
5,1021,919,977,901
5,1024,910,982,897
5,1028,920,987,893
5,1033,892,994,892
5,1030,904,1001,891
5,1027,903,1006,891
5,1027,886,1010,891
5,1010,901,1010,891
5,1011,904,1010,891
5,1005,906,1010,891
5,999,926,1010,891
5,977,916,1010,892
5,967,927,1010,892
5,954,934,1008,893
5,954,915,1003,893
5,962,919,996,893
5,959,914,987,891
5,945,901,985,890
5,963,908,983,889
5,975,913,981,888
5,1000,917,981,888
5,1005,925,981,888
5,992,931,981,888
5,990,953,981,888
5,996,972,981,888
5,1003,937,981,888
5,995,923,981,888
5,988,893,980,888
5,993,898,975,888
5,1012,889,969,888
5,1009,914,960,888
5,1007,891,955,888
5,1016,904,953,888
5,1039,920,951,888
5,1036,924,951,888
5,1030,900,951,888
5,1027,897,951,888
5,1000,878,953,888
5,1001,885,955,888
5,1008,900,959,888
5,1001,912,965,888
5,997,897,970,890
5,989,912,977,894
5,1001,921,986,895
5,990,915,991,895
5,960,913,996,895
5,939,915,1000,895
5,934,906,1002,895
5,914,909,1003,895
5,939,924,1005,895
5,939,915,1012,892
5,939,917,1021,886
5,943,924,1030,880
5,926,920,1041,877
5,946,928,1051,875
5,960,924,1060,875
5,943,891,1064,875
5,917,880,1065,875
5,929,893,1065,875
5,960,902,1065,875
5,946,912,1064,875
5,933,913,1058,876
5,916,915,1051,879
5,909,906,1043,881
5,881,907,1032,884
5,867,893,1018,887
5,877,931,1003,891
5,873,931,996,894
5,899,939,992,896
5,894,935,991,898
5,866,942,991,898
5,855,949,991,899
5,845,929,991,899
5,854,932,991,899
5,849,929,991,899
5,845,931,991,899
5,848,919,991,899
5,832,938,990,900
5,827,935,983,901
5,813,951,973,903
5,810,926,962,903
5,801,928,950,903
5,801,952,942,903
5,822,975,937,902
5,819,905,934,902
5,793,902,933,902
5,765,937,931,902
5,751,913,927,902
5,744,925,919,902
5,752,924,910,902
5,729,928,898,902
5,744,896,888,902
5,766,909,871,901
5,751,909,861,899
5,760,914,849,899
5,763,951,840,898
5,756,951,838,897
5,754,957,838,897
5,771,972,838,897
5,764,934,838,897
5,739,937,838,897
5,729,951,838,897
5,727,950,838,897
5,726,966,838,897
5,714,943,838,897
5,703,949,838,897
5,711,953,838,897
5,704,930,838,897
5,719,928,838,897
5,726,927,838,897
5,747,919,838,897
5,766,938,838,897
5,745,944,838,897
5,753,934,838,897
5,746,923,838,897
5,740,933,837,897
5,717,942,821,902
5,717,937,797,904
5,723,923,770,904
5,723,903,746,904
5,731,901,729,904
5,734,905,712,903
5,709,898,700,902
5,693,901,691,900
5,695,903,684,900
5,679,933,683,900
5,675,923,683,900
5,677,941,683,900
5,678,923,683,900
5,676,922,683,900
5,675,942,683,900
5,673,941,682,900
5,666,917,682,900
5,671,912,682,900
5,670,899,682,900
5,680,916,682,900
5,693,938,682,900
5,678,921,685,897
5,675,903,696,889
5,675,897,706,881
5,683,891,709,880
5,702,880,710,880
5,711,865,710,880
5,725,863,710,880
5,719,857,706,880
5,737,870,700,880
5,731,874,692,883
5,737,860,689,885
5,716,862,686,885
5,734,863,686,885
5,736,864,685,885
5,744,854,684,885
5,758,840,683,886
5,740,833,681,886
5,722,843,681,886
5,689,835,679,886
5,687,850,679,886
5,688,858,679,884
5,691,834,679,881
5,681,841,679,879
5,686,859,679,875
5,685,867,680,868
5,672,854,682,856
5,677,859,687,830
5,670,872,695,812
5,697,879,697,803
5,707,895,697,798
5,714,891,697,797
5,721,915,697,797
5,723,888,697,797
5,720,912,697,797
5,724,893,694,797
5,731,918,689,796
5,741,908,686,796
5,737,905,685,796
5,755,873,685,796
5,753,875,685,796
5,762,895,684,806
5,766,909,682,815
5,761,904,682,823
5,756,898,683,832
5,769,896,685,836
5,780,877,691,838
5,781,886,696,838
5,777,883,703,840
5,784,889,710,841
5,792,879,720,843
5,803,870,732,844
5,807,859,745,846
5,803,842,753,847
5,803,839,760,847
5,808,840,762,847
5,807,835,763,847
5,809,817,763,847
5,794,803,763,847
5,794,828,763,847
5,790,816,763,847
5,789,817,763,846
5,789,807,762,843
5,781,809,762,841
5,772,837,761,839
5,762,841,761,834
5,768,853,762,827
5,747,852,762,822
5,754,828,763,818
5,747,823,763,818
5,739,840,761,813
5,718,851,757,809
5,716,832,754,806
5,715,812,750,804
5,725,837,745,804
5,739,854,740,803
5,730,837,733,803
5,744,865,729,803
5,751,846,727,804
5,745,825,723,808
5,768,819,720,815
5,777,805,717,822
5,769,794,717,826
5,753,806,716,831
5,765,813,716,833
5,764,839,717,834
5,758,822,717,834
5,756,825,717,834
5,745,819,718,834
5,763,818,720,834
5,787,825,720,834
5,819,821,722,834
5,816,818,725,832
5,839,824,734,827
5,859,840,743,820
5,856,827,751,811
5,871,815,754,807
5,862,811,755,804
5,860,808,756,804
5,889,803,757,803
5,923,801,758,803
5,914,803,758,802
5,957,801,758,802
5,968,819,758,802
5,963,806,758,802
5,959,797,758,806
5,963,799,758,810
5,960,803,758,812
5,971,776,759,813
5,973,753,763,813
5,978,739,768,813
5,990,727,776,813
5,998,730,787,815
5,1007,746,811,817
5,1001,736,849,819
5,984,729,889,819
5,989,711,923,819
5,1004,709,945,819
5,1009,677,970,821
5,1027,690,999,821
5,1039,695,1017,816
5,1034,699,1026,812
5,1047,697,1027,811
5,1068,686,1026,809
5,1059,674,1019,808
5,1051,700,1008,805
5,1079,724,1006,805
5,1075,710,1005,805
5,1060,729,1005,805
5,1063,724,1005,804
5,1051,755,1009,800
5,1064,759,1015,792
5,1062,753,1018,787
5,1052,776,1018,780
5,1076,756,1020,776
5,1095,749,1025,767
5,1086,761,1031,757
5,1101,765,1037,749
5,1104,746,1039,745
5,1085,773,1043,742
5,1078,753,1050,735
5,1088,763,1059,729
5,1094,762,1066,724
5,1089,770,1070,721
5,1081,742,1071,718
5,1066,750,1071,717
5,1054,738,1072,714
5,1054,749,1072,710
5,1066,736,1072,705
5,1051,727,1075,701
5,1054,740,1080,698
5,1064,722,1081,696
5,1063,712,1081,696
5,1036,698,1081,696
5,1027,695,1081,696
5,1040,687,1082,696
5,1056,685,1086,696
5,1052,674,1094,696
5,1038,674,1101,698
5,1044,673,1110,700
5,1050,669,1111,701
5,1029,673,1113,704
5,1026,688,1115,705
5,1019,701,1116,705
5,1006,685,1117,705
5,999,676,1117,705
5,1011,681,1117,702
5,997,697,1116,701
5,997,702,1113,699
5,996,662,1107,695
5,995,656,1102,686
5,1003,645,1092,670
5,1025,656,1086,663
5,1023,655,1082,659
5,1041,671,1079,655
5,1006,659,1077,651
5,1022,678,1074,648
5,1041,670,1068,640
5,1026,677,1063,635
5,1025,663,1057,632
5,994,667,1054,631
5,1003,658,1048,629
5,989,642,1037,629
5,993,641,1030,629
5,985,625,1020,629
5,1009,623,1012,630
5,1004,619,1001,631
5,1001,601,992,636
5,1008,606,985,639
5,1015,577,983,640
5,1015,587,981,640
5,1002,608,981,641
5,997,617,980,645
5,984,619,979,648
5,969,621,978,657
5,976,628,980,658
5,974,626,983,658
5,966,660,988,656
5,960,651,993,654
5,972,661,999,651
5,983,683,1003,648
5,997,695,1009,644
5,967,696,1012,635
5,967,692,1017,626
5,954,692,1021,621
5,992,697,1022,617
5,976,675,1023,615
5,972,682,1023,613
5,969,698,1023,612
5,1014,698,1020,609
5,1019,710,1016,608
5,1004,734,1012,608
5,1011,732,1007,609
5,1006,730,1002,612
5,1025,713,995,615
5,1028,724,992,619
5,1050,705,990,621
5,1046,708,988,629
5,1047,726,987,646
5,1047,735,985,657
5,1039,739,985,665
5,1026,753,988,667
5,1046,753,993,669
5,1036,760,1000,669
5,1043,747,1004,669
5,1052,726,1013,675
5,1055,734,1021,677
5,1061,742,1031,677
5,1062,731,1041,677
5,1067,761,1050,677
5,1067,743,1052,677
5,1044,762,1055,677
5,1044,753,1056,677
5,1073,756,1056,677
5,1080,774,1056,677
5,1069,787,1056,677
5,1071,782,1056,677
5,1074,770,1053,679
5,1075,763,1051,681
5,1084,717,1048,684
5,1079,708,1045,693
5,1075,709,1044,704
5,1057,709,1044,723
5,1036,721,1042,746
5,1033,724,1041,758
5,1021,742,1039,763
5,1007,715,1037,764
5,997,697,1036,764
5,982,713,1033,766
5,996,744,1031,767
5,993,759,1030,768
5,965,757,1028,768
5,961,746,1027,769
5,951,776,1024,770
5,929,817,1023,771
5,958,805,1022,771
5,975,805,1021,771
5,975,821,1022,756
5,972,802,1024,731
5,951,814,1024,712
5,944,824,1020,701
5,965,821,1018,700
5,979,858,1016,700
5,992,847,1014,700
5,992,854,1012,700
5,987,862,1011,700
5,986,868,1009,701
5,977,863,1006,703
5,982,874,1004,703
5,988,872,1002,704
5,981,886,1001,705
5,988,888,1000,706
5,1010,894,998,710
5,1024,898,998,712
5,1055,907,998,715
5,1044,887,999,722
5,1040,900,999,731
5,1044,905,1006,746
5,1063,899,1014,766
5,1074,904,1018,777
5,1046,898,1021,784
5,1034,889,1024,789
5,1023,897,1024,794
5,1027,911,1024,799
5,1053,909,1024,806
5,1060,894,1023,815
5,1093,901,1021,822
5,1066,887,1019,827
5,1093,876,1019,828
5,1068,867,1019,830
5,1090,859,1022,830
5,1093,854,1027,830
5,1108,848,1033,830
5,1090,829,1036,830
5,1101,846,1037,831
5,1097,834,1038,832
5,1083,844,1038,833
5,1089,853,1037,835
5,1078,849,1037,838
5,1058,871,1037,842
5,1066,854,1041,844
5,1077,853,1046,844
5,1065,858,1049,842
5,1074,856,1051,842
5,1087,843,1053,841
5,1087,841,1054,840
5,1090,831,1055,839
5,1117,837,1056,838
5,1119,848,1059,836
5,1099,866,1062,833
5,1076,878,1066,828
5,1082,878,1069,826
5,1057,852,1069,825
5,1050,890,1069,825
5,1053,885,1070,825
5,1034,865,1070,825
5,1028,880,1071,825
5,1022,890,1074,824
5,1028,875,1076,822
5,1051,876,1080,820
5,1064,878,1082,819
5,1069,860,1085,819
5,1067,860,1091,818
5,1079,876,1099,818
5,1071,873,1110,820
5,1069,868,1122,820
5,1061,871,1131,818
5,1076,869,1138,815
5,1093,861,1139,815
5,1103,874,1139,815
5,1111,856,1139,815
5,1105,844,1128,817
5,1119,848,1119,823
5,1106,830,1108,828
5,1110,857,1099,831
5,1140,864,1089,835
5,1148,866,1081,840
5,1123,878,1074,841
5,1101,878,1069,844
5,1119,869,1065,845
5,1123,871,1064,846
5,1156,883,1064,846
5,1159,905,1064,846
5,1170,924,1064,846
5,1178,925,1067,846
5,1153,915,1072,843
5,1156,914,1078,840
5,1143,904,1083,839
5,1156,895,1092,836
5,1186,913,1102,833
5,1186,898,1115,828
5,1186,890,1124,825
5,1205,887,1133,824
5,1211,900,1140,821
5,1212,901,1142,820
5,1179,889,1142,820
5,1182,885,1142,820
5,1199,889,1142,820
5,1200,896,1140,820
5,1197,865,1136,821
5,1187,860,1134,823
5,1198,860,1132,824
5,1189,875,1132,824
5,1193,883,1132,824
5,1206,899,1132,824
5,1203,901,1135,824
5,1235,904,1141,821
5,1237,870,1144,820
5,1233,862,1148,819
5,1242,868,1155,818
5,1250,884,1162,816
5,1248,882,1170,817
5,1229,864,1176,821
5,1220,849,1183,827
5,1228,838,1192,831
5,1239,838,1205,836
5,1226,840,1214,839
5,1209,853,1224,839
5,1203,847,1237,842
5,1213,851,1253,844
5,1222,824,1262,845
5,1229,817,1271,848
5,1215,801,1277,848
5,1250,810,1279,848
5,1235,786,1285,846
5,1246,797,1294,842
5,1247,775,1301,837
5,1243,753,1306,836
5,1227,726,1306,836
5,1213,715,1307,835
5,1224,687,1307,835
5,1237,701,1307,835
5,1235,694,1306,834
5,1223,702,1300,828
5,1251,701,1289,822
5,1254,711,1276,814
5,1251,697,1265,809
5,1261,699,1258,806
5,1280,704,1257,804
5,1275,684,1257,800
5,1285,684,1259,793
5,1284,682,1260,788
5,1301,677,1260,783
5,1296,661,1260,776
5,1315,648,1259,770
5,1318,658,1257,765
5,1330,649,1257,752
5,1361,625,1258,740
5,1344,636,1259,728
5,1348,651,1262,717
5,1355,645,1262,705
5,1362,649,1264,701
5,1354,648,1264,700
5,1339,640,1264,700
5,1340,623,1265,699
5,1320,613,1267,694
5,1323,602,1275,684
5,1315,604,1281,673
5,1322,609,1286,668
5,1311,606,1290,667
5,1281,617,1291,665
5,1304,601,1293,665
5,1280,611,1295,665
5,1275,593,1299,665
5,1287,601,1305,665
5,1275,602,1312,664
5,1259,606,1319,663
5,1246,629,1322,661
5,1243,613,1324,661
5,1240,621,1325,661
5,1258,634,1328,660
5,1253,631,1331,658
5,1252,641,1334,654
5,1257,614,1335,649
5,1261,609,1336,645
5,1256,612,1336,643
5,1261,607,1335,641
5,1254,627,1331,637
5,1262,621,1327,633
5,1282,628,1320,628
5,1276,622,1313,622
5,1260,634,1305,619
5,1253,653,1300,619
5,1264,636,1295,619
5,1250,623,1290,619
5,1251,616,1284,621
5,1254,608,1275,625
5,1243,610,1268,628
5,1228,620,1263,631
5,1224,599,1261,632
5,1244,596,1261,632
5,1239,574,1261,632
5,1230,594,1262,632
5,1214,615,1264,631
5,1225,616,1264,631
5,1227,627,1265,631
5,1234,612,1265,631
5,1238,633,1265,631
5,1247,631,1270,628
5,1240,635,1273,626
5,1264,617,1275,625
5,1272,622,1276,623
5,1264,619,1280,622
5,1256,615,1283,621
5,1240,616,1284,617
5,1256,586,1284,612
5,1254,568,1283,607
5,1245,582,1281,603
5,1252,568,1279,601
5,1245,535,1276,600
5,1249,566,1276,599
5,1254,588,1275,597
5,1256,600,1274,596
5,1252,589,1272,595
5,1241,607,1271,594
5,1233,611,1271,594
5,1221,608,1271,594
5,1226,611,1271,593
5,1263,609,1271,591
5,1262,585,1272,587
5,1276,604,1275,583
5,1272,590,1277,581
5,1277,597,1278,580
5,1273,590,1280,578
5,1255,599,1286,572
5,1252,588,1291,565
5,1256,588,1297,559
5,1263,597,1301,555
5,1286,605,1304,553
5,1290,632,1305,549
5,1283,636,1305,547
5,1282,642,1305,545
5,1254,658,1305,544
5,1266,649,1302,541
5,1255,643,1301,540
5,1234,640,1300,539
5,1242,651,1299,539
5,1264,672,1297,539
5,1239,712,1295,539
5,1254,695,1293,539
5,1236,696,1290,539
5,1224,700,1288,538
5,1241,716,1288,538
5,1260,731,1288,538
5,1266,704,1289,538
5,1277,737,1294,547
5,1276,742,1300,557
5,1293,736,1303,568
5,1320,740,1305,577
5,1328,740,1306,586
5,1315,752,1304,595
5,1315,768,1300,606
5,1299,738,1293,619
5,1296,741,1283,640
5,1291,731,1279,649
5,1296,750,1276,654
5,1293,747,1274,656
5,1302,750,1274,657
5,1286,733,1273,660
5,1267,743,1273,662
5,1240,738,1270,668
5,1243,731,1267,675
5,1257,710,1266,682
5,1245,714,1266,689
5,1258,730,1268,692
5,1257,707,1270,692
5,1256,697,1277,692
5,1249,713,1283,692
5,1264,691,1290,692
5,1270,688,1296,692
5,1294,676,1301,694
5,1271,668,1308,692
5,1271,641,1318,686
5,1272,636,1323,685
5,1268,642,1323,683
5,1267,642,1323,683
5,1254,646,1317,681
5,1246,641,1309,681
5,1215,619,1298,684
5,1207,607,1287,689
5,1222,605,1282,690
5,1199,619,1282,690
5,1184,600,1282,690
5,1166,599,1282,690
5,1163,585,1282,690
5,1152,588,1281,690
5,1150,584,1281,688
5,1145,592,1281,687
5,1162,604,1281,684
5,1160,633,1281,681
5,1169,633,1281,677
5,1176,622,1281,675
5,1176,625,1281,674
5,1193,629,1281,672
5,1184,642,1282,667
5,1165,637,1284,659
5,1167,622,1284,648
5,1162,596,1284,642
5,1166,599,1284,635
5,1156,581,1280,628
5,1157,585,1276,619
5,1146,565,1270,610
5,1135,561,1262,605
5,1116,562,1258,604
5,1121,558,1254,603
5,1109,529,1251,603
5,1113,526,1247,603
5,1109,520,1242,606
5,1099,495,1236,607
5,1088,493,1234,607
5,1108,491,1233,607
5,1107,506,1231,605
5,1119,513,1229,601
5,1108,497,1227,594
5,1100,505,1223,582
5,1089,497,1217,568
5,1088,510,1209,559
5,1084,506,1202,552
5,1068,501,1195,548
5,1085,517,1189,543
5,1081,504,1183,535
5,1093,505,1177,524
5,1091,485,1171,513
5,1097,508,1165,507
5,1104,496,1160,503
5,1104,495,1156,502
5,1098,486,1148,498
5,1067,490,1144,493
5,1032,475,1139,485
5,1034,466,1134,478
5,1029,444,1131,477
5,1020,429,1129,476
5,1030,430,1128,476
5,1030,402,1124,476
5,1060,409,1119,477
5,1060,413,1112,480
5,1065,406,1107,481
6,944,552,952,556
6,960,574,952,556
6,954,589,952,556
6,963,563,952,556
6,964,587,952,556
6,960,594,952,556
6,964,602,952,556
6,957,599,951,557
6,954,576,950,557
6,961,568,950,557
6,933,579,950,557
6,948,571,949,557
6,948,567,949,557
6,925,575,949,557
6,938,585,949,557
6,940,572,949,556
6,927,574,949,555
6,925,582,949,554
6,931,563,949,552
6,934,576,950,549
6,942,583,951,547
6,950,595,953,545
6,977,600,957,542
6,992,585,962,541
6,1006,621,966,539
6,1005,650,967,539
6,1011,639,968,539
6,1002,628,968,539
6,996,599,968,539
6,982,627,968,539
6,973,640,968,541
6,988,647,966,542
6,1012,652,962,544
6,1021,659,961,546
6,1027,648,961,549
6,1027,655,962,551
6,1018,667,967,556
6,1007,665,974,562
6,1007,669,983,568
6,1002,673,992,576
6,1010,685,1000,583
6,1015,676,1004,592
6,1030,666,1004,595
6,1040,644,1004,598
6,1046,656,1004,600
6,1058,643,1004,600
6,1077,661,1004,602
6,1083,669,1004,603
6,1084,683,1005,606
6,1073,706,1005,611
6,1078,696,1005,616
6,1059,678,1005,621
6,1060,681,1003,626
6,1056,686,1002,632
6,1034,685,999,637
6,1043,686,999,641
6,1026,675,999,644
6,1025,684,1002,648
6,1047,657,1005,652
6,1065,664,1011,654
6,1055,669,1018,659
6,1057,686,1027,665
6,1040,671,1037,674
6,1021,663,1048,680
6,1038,644,1055,688
6,1049,653,1065,696
6,1030,632,1069,700
6,1037,623,1070,703
6,1046,613,1070,705
6,1049,618,1070,706
6,1049,609,1070,706
6,1033,588,1068,707
6,1037,572,1061,707
6,1053,581,1054,706
6,1057,571,1045,702
6,1075,564,1034,698
6,1065,570,1023,695
6,1063,566,1013,694
6,1073,582,1001,692
6,1063,581,992,691
6,1059,560,984,691
6,1062,559,981,689
6,1061,552,980,689
6,1048,545,980,689
6,1048,539,980,689
6,1028,530,980,689
6,1021,534,980,689
6,1010,530,980,689
6,1016,503,980,689
6,1024,528,984,683
6,1016,524,988,677
6,1024,533,994,673
6,1030,537,1000,669
6,1053,521,1005,665
6,1068,506,1010,656
6,1106,520,1014,647
6,1091,517,1019,630
6,1095,525,1025,607
6,1133,547,1025,591
6,1124,540,1018,573
6,1142,559,1012,560
6,1136,548,1004,549
6,1146,529,1000,543
6,1134,520,997,541
6,1154,526,997,540
6,1160,538,997,539
6,1183,526,999,535
6,1168,529,1004,532
6,1156,523,1015,529
6,1145,512,1033,529
6,1160,516,1055,529
6,1177,509,1079,529
6,1193,503,1106,529
6,1209,516,1118,529
6,1241,486,1134,529
6,1265,450,1148,531
6,1284,456,1155,533
6,1315,479,1158,534
6,1309,470,1161,536
6,1280,483,1162,536
6,1278,494,1164,536
6,1298,472,1166,536
6,1270,465,1173,535
6,1270,486,1184,535
6,1265,492,1200,537
6,1277,502,1216,537
6,1287,517,1228,537
6,1273,535,1238,537
6,1257,534,1242,537
6,1266,531,1245,538
6,1261,535,1252,538
6,1288,535,1261,537
6,1270,538,1273,534
6,1260,550,1284,531
6,1256,541,1297,530
6,1250,537,1299,530
6,1249,530,1300,529
6,1256,528,1300,529
6,1256,538,1300,529
6,1230,539,1300,529
6,1237,523,1300,529
6,1218,536,1299,529
6,1224,536,1299,529
6,1261,546,1299,529
6,1240,524,1299,528
6,1266,509,1302,527
6,1284,516,1304,527
6,1274,522,1304,527
6,1270,554,1305,527
6,1251,563,1307,527
6,1266,572,1312,528
6,1276,553,1316,528
6,1292,538,1319,528
6,1293,517,1320,528
6,1315,535,1320,528
6,1337,511,1320,528
6,1341,505,1320,528
6,1348,501,1316,528
6,1346,521,1312,529
6,1358,488,1310,529
6,1367,475,1307,529
6,1366,463,1305,528
6,1369,468,1303,528
6,1355,467,1302,528
6,1331,463,1302,528
6,1330,475,1302,528
6,1351,447,1302,528
6,1349,443,1303,529
6,1359,414,1309,532
6,1357,412,1314,532
6,1374,423,1322,532
6,1360,443,1333,531
6,1361,441,1341,529
6,1346,428,1348,525
6,1344,446,1352,523
6,1336,439,1354,521
6,1346,415,1354,520
6,1327,416,1354,519
6,1304,391,1354,518
6,1286,392,1354,517
6,1292,368,1354,512
6,1311,364,1354,503
6,1285,371,1354,494
6,1285,340,1357,489
6,1272,333,1358,485
6,1290,360,1358,484
6,1300,363,1358,482
6,1300,361,1358,481
6,1327,330,1358,477
6,1312,352,1358,469
6,1301,345,1358,456
6,1292,355,1356,446
6,1283,334,1353,441
6,1308,329,1351,434
6,1313,321,1346,429
6,1325,334,1344,424
6,1335,366,1337,403
6,1341,391,1332,385
6,1302,400,1324,374
6,1315,387,1317,368
6,1329,402,1311,365
6,1341,405,1308,364
6,1349,405,1307,362
6,1358,382,1303,358
6,1343,373,1300,351
6,1315,372,1296,345
6,1304,361,1292,341
6,1331,382,1288,340
6,1343,393,1286,339
6,1356,389,1283,339
6,1355,412,1280,339
6,1355,416,1278,341
6,1374,414,1277,345
6,1363,411,1276,347
6,1348,422,1275,349
6,1336,429,1273,352
6,1333,446,1273,354
6,1344,421,1275,356
6,1365,437,1280,359
6,1357,424,1289,359
6,1379,421,1295,359
6,1364,431,1298,360
6,1379,416,1299,361
6,1375,378,1301,365
6,1393,386,1305,370
6,1335,371,1311,379
6,1340,395,1317,392
6,1334,390,1322,401
6,1349,390,1326,408
6,1368,414,1328,414
6,1373,415,1329,421
6,1387,434,1329,429
6,1343,430,1329,438
6,1366,431,1329,445
6,1346,445,1329,447
6,1352,445,1331,447
6,1342,455,1332,447
6,1342,435,1333,447
6,1349,418,1334,447
6,1354,415,1336,447
6,1350,418,1338,440
6,1359,419,1340,433
6,1377,407,1339,423
6,1373,426,1338,416
6,1353,448,1337,414
6,1355,450,1337,414
6,1356,450,1337,414
6,1369,469,1337,416
6,1373,459,1340,421
6,1338,470,1343,432
6,1335,459,1345,439
6,1326,473,1351,445
6,1330,472,1355,450
6,1351,476,1358,456
6,1350,461,1360,459
6,1359,469,1363,462
6,1368,489,1364,463
6,1364,461,1364,463
6,1358,457,1364,464
6,1378,447,1364,464
6,1360,448,1364,464
6,1361,429,1364,466
6,1394,424,1364,467
6,1349,422,1364,472
6,1334,417,1364,478
6,1331,421,1364,480
6,1314,427,1364,481
6,1304,418,1365,481
6,1306,385,1365,482
6,1284,382,1365,482
6,1281,392,1365,482
6,1283,391,1365,482
6,1273,393,1365,482
6,1263,397,1362,477
6,1264,405,1359,470
6,1267,415,1353,462
6,1283,416,1344,453
6,1286,412,1338,447
6,1293,408,1332,443
6,1293,390,1323,439
6,1306,402,1316,436
6,1305,402,1311,435
6,1324,398,1302,432
6,1327,386,1293,430
6,1328,384,1283,429
6,1352,416,1273,427
6,1343,425,1264,427
6,1341,448,1257,428
6,1330,463,1255,429
6,1317,442,1254,431
6,1300,448,1252,433
6,1302,453,1253,437
6,1308,469,1255,441
6,1313,448,1258,444
6,1330,461,1259,446
6,1340,456,1262,447
6,1330,453,1268,449
6,1301,446,1276,449
6,1311,453,1286,451
6,1313,463,1295,452
6,1321,465,1304,454
6,1325,437,1312,457
6,1314,447,1314,459
6,1292,441,1315,461
6,1293,465,1315,461
6,1291,496,1315,463
6,1303,511,1315,464
6,1299,511,1315,467
6,1302,499,1316,469
6,1284,501,1321,471
6,1292,487,1330,474
6,1307,479,1348,478
6,1302,480,1358,479
6,1331,465,1367,482
6,1347,507,1372,485
6,1335,518,1373,486
6,1324,506,1373,486
6,1329,510,1373,486
6,1349,515,1370,486
6,1363,508,1365,486
6,1374,494,1362,486
6,1369,475,1357,486
6,1332,466,1350,487
6,1320,475,1345,491
6,1327,467,1336,494
6,1295,483,1330,498
6,1323,458,1327,498
6,1324,450,1324,498
6,1335,444,1323,498
6,1342,433,1323,498
6,1341,423,1323,498
6,1344,420,1323,498
6,1343,413,1323,499
6,1362,424,1323,499
6,1385,425,1324,501
6,1346,433,1330,504
6,1348,421,1335,510
6,1364,419,1341,512
6,1341,419,1345,514
6,1341,429,1345,515
6,1345,432,1346,515
6,1346,424,1346,515
6,1343,449,1346,509
6,1327,426,1347,495
6,1304,415,1347,462
6,1312,417,1345,452
6,1297,403,1343,446
6,1303,405,1343,444
6,1323,400,1343,443
6,1322,399,1344,441
6,1312,389,1348,434
6,1318,407,1350,427
6,1333,420,1352,421
6,1336,428,1352,420
6,1345,429,1352,419
6,1348,426,1352,419
6,1330,420,1352,419
6,1333,417,1352,419
6,1325,423,1351,419
6,1332,418,1347,419
6,1342,383,1344,420
6,1366,394,1340,422
6,1378,402,1335,421
6,1395,413,1333,419
6,1345,402,1332,417
6,1336,398,1329,414
6,1318,416,1327,413
6,1322,423,1324,411
6,1322,443,1321,411
6,1307,422,1320,410
6,1321,434,1319,409
6,1338,441,1318,409
6,1333,412,1317,406
6,1343,417,1314,405
6,1353,412,1311,404
6,1331,419,1310,404
6,1362,427,1305,404
6,1351,430,1305,404
6,1360,419,1305,404
6,1357,432,1305,403
6,1361,428,1305,402
6,1359,429,1306,402
6,1356,419,1309,402
6,1358,397,1311,403
6,1335,410,1318,407
6,1336,411,1323,410
6,1346,416,1332,413
6,1364,412,1338,414
6,1396,433,1340,415
6,1336,429,1342,417
6,1342,429,1343,418
6,1362,409,1344,419
6,1366,415,1344,419
6,1384,442,1347,419
6,1370,460,1350,416
6,1346,471,1353,415
6,1318,457,1353,415
6,1284,471,1354,414
6,1259,449,1354,413
6,1287,457,1351,411
6,1291,447,1349,407
6,1291,452,1345,404
6,1305,434,1345,404
6,1297,442,1345,404
6,1297,436,1345,404
6,1285,446,1346,404
6,1281,431,1348,405
6,1278,431,1350,407
6,1278,439,1351,412
6,1284,432,1351,426
6,1244,441,1345,444
6,1239,438,1337,458
6,1216,436,1324,468
6,1212,432,1314,472
6,1241,440,1307,472
6,1269,422,1300,472
6,1278,439,1290,472
6,1261,451,1281,469
6,1249,459,1272,466
6,1274,449,1265,462
6,1307,440,1261,458
6,1316,457,1257,454
6,1324,471,1253,452
6,1338,461,1250,450
6,1342,459,1243,450
6,1354,418,1234,451
6,1352,434,1227,454
6,1322,431,1220,455
6,1317,432,1218,455
6,1308,442,1217,455
6,1338,449,1217,455
6,1321,443,1217,455
6,1324,454,1218,455
6,1287,445,1222,455
6,1288,442,1227,455
6,1287,425,1232,455
6,1271,402,1239,458
6,1260,409,1248,461
6,1255,410,1260,461
6,1258,429,1272,460
6,1270,424,1281,456
6,1257,413,1290,453
6,1257,408,1295,452
6,1241,384,1297,449
6,1241,393,1298,448
6,1264,410,1298,447
6,1278,417,1296,446
6,1285,416,1292,445
6,1283,437,1283,442
6,1306,452,1275,439
6,1314,464,1266,434
6,1336,474,1255,431
6,1348,470,1246,428
6,1368,489,1240,428
6,1380,482,1234,428
6,1373,481,1229,427
6,1347,477,1227,427
6,1345,498,1223,426
6,1350,500,1222,426
6,1342,496,1221,427
6,1322,493,1221,431
6,1351,510,1221,434
6,1342,514,1224,438
6,1333,514,1226,442
6,1312,517,1231,446
6,1302,480,1239,450
6,1297,477,1246,453
6,1299,472,1251,456
6,1303,499,1255,458
6,1303,520,1257,462
6,1294,520,1259,464
6,1300,552,1260,468
6,1287,559,1261,473
6,1303,570,1261,476
6,1314,596,1261,481
6,1297,588,1261,488
6,1307,600,1261,495
6,1320,597,1259,502
6,1325,589,1256,509
6,1314,609,1253,516
6,1316,597,1248,523
6,1304,609,1240,533
6,1306,622,1239,535
6,1311,632,1237,537
6,1292,636,1236,539
6,1290,642,1235,542
6,1285,630,1233,549
6,1288,620,1232,556
6,1258,651,1232,563
6,1270,643,1232,572
6,1269,632,1234,579
6,1263,643,1240,588
6,1287,648,1244,593
6,1296,662,1248,602
6,1292,657,1251,606
6,1308,658,1251,609
6,1282,641,1251,616
6,1296,650,1251,625
6,1299,643,1249,635
6,1282,654,1244,646
6,1285,649,1240,656
6,1282,655,1235,665
6,1297,658,1232,671
6,1289,662,1228,675
6,1277,653,1226,679
6,1265,665,1223,681
6,1253,657,1221,682
6,1257,646,1220,684
6,1259,623,1218,685
6,1273,643,1218,688
6,1255,641,1217,689
6,1264,635,1217,692
6,1274,651,1215,696
6,1265,646,1215,698
6,1256,660,1215,699
6,1246,656,1215,699
6,1261,664,1216,698
6,1240,677,1218,694
6,1246,694,1219,693
6,1254,689,1219,692
6,1256,666,1219,692
6,1260,670,1219,692
6,1280,653,1219,692
6,1282,674,1219,692
6,1284,682,1219,692
6,1275,720,1218,692
6,1283,699,1214,696
6,1289,679,1211,699
6,1298,671,1209,701
6,1285,681,1204,702
6,1283,664,1200,704
6,1284,663,1195,705
6,1285,663,1192,706
6,1279,674,1191,706
6,1279,680,1190,706
6,1270,692,1190,706
6,1283,680,1190,706
6,1267,677,1190,706
6,1275,696,1190,706
6,1272,695,1190,706
6,1258,687,1192,706
6,1227,685,1196,706
6,1248,715,1201,706
6,1260,722,1208,706
6,1264,719,1215,706
6,1271,722,1222,706
6,1258,723,1228,706
6,1264,734,1234,704
6,1245,728,1235,704
6,1211,704,1235,704
6,1192,721,1235,704
6,1185,725,1235,704
6,1176,738,1235,705
6,1172,730,1234,705
6,1165,729,1230,705
6,1196,770,1226,705
6,1208,753,1221,707
6,1224,765,1217,707
6,1236,768,1216,707
6,1250,758,1216,707
6,1236,766,1216,707
6,1246,769,1216,707
6,1235,778,1216,708
6,1247,766,1216,708
6,1255,751,1216,709
6,1253,751,1216,709
6,1213,746,1214,710
6,1213,732,1213,710
6,1209,722,1211,710
6,1224,693,1207,712
6,1222,688,1206,712
6,1234,679,1201,712
6,1247,687,1201,712
6,1240,687,1200,712
6,1261,682,1200,712
6,1243,684,1200,712
6,1243,671,1200,713
6,1255,684,1205,714
6,1268,693,1206,715
6,1235,680,1208,717
6,1254,690,1209,720
6,1276,680,1209,725
6,1260,704,1205,730
6,1256,713,1198,733
6,1249,710,1192,736
6,1231,703,1187,736
6,1228,732,1178,736
6,1209,736,1168,732
6,1212,749,1159,731
6,1205,769,1154,728
6,1215,770,1150,727
6,1222,776,1150,727
6,1202,782,1150,725
6,1197,767,1149,723
6,1206,777,1149,721
6,1180,775,1149,720
6,1170,798,1149,719
6,1183,797,1149,717
6,1214,797,1150,714
6,1215,818,1154,711
6,1210,823,1156,709
6,1199,814,1158,708
6,1197,819,1158,708
6,1201,821,1159,708
6,1200,805,1161,711
6,1173,829,1162,712
6,1176,817,1163,716
6,1179,839,1165,717
6,1178,853,1165,720
6,1183,842,1165,726
6,1178,865,1167,729
6,1199,853,1167,733
6,1196,850,1167,734
6,1211,852,1167,736
6,1198,850,1166,740
6,1167,838,1164,742
6,1157,859,1162,745
6,1161,856,1160,747
6,1144,849,1157,751
6,1135,842,1152,755
6,1145,838,1149,760
6,1142,813,1145,764
6,1151,796,1142,768
6,1166,819,1139,772
6,1162,819,1137,775
6,1170,789,1137,775
6,1157,823,1137,776
6,1178,861,1137,778
6,1180,871,1138,779
6,1185,876,1139,781
6,1180,873,1140,782
6,1184,876,1140,785
6,1182,861,1140,788
6,1193,871,1137,794
6,1184,864,1133,796
6,1196,856,1131,797
6,1210,874,1126,797
6,1207,859,1119,795
6,1183,872,1110,791
6,1183,865,1099,788
6,1173,860,1094,784
6,1169,866,1093,782
6,1190,857,1093,782
6,1196,881,1093,781
6,1192,907,1093,780
6,1163,923,1094,780
6,1147,929,1095,780
6,1152,919,1096,780
6,1161,933,1100,780
6,1191,938,1103,781
6,1179,932,1110,781
6,1186,936,1119,783
6,1172,961,1129,786
6,1176,961,1142,789
6,1173,967,1157,792
6,1185,910,1169,794
6,1182,905,1178,797
6,1174,895,1181,799
6,1152,887,1183,800
6,1168,878,1183,802
6,1175,861,1183,802
6,1167,852,1182,803
6,1215,872,1181,804
6,1192,857,1180,806
6,1179,835,1178,808
6,1194,840,1178,810
6,1214,849,1178,812
6,1201,846,1178,817
6,1198,858,1179,821
6,1183,865,1181,824
6,1180,883,1181,828
6,1180,874,1182,831
6,1204,873,1183,831
6,1203,891,1183,831
6,1192,875,1183,831
6,1198,866,1182,830
6,1193,850,1180,827
6,1186,855,1178,824
6,1175,874,1176,822
6,1193,892,1175,818
6,1196,887,1172,814
6,1217,879,1170,810
6,1233,870,1170,810
6,1219,859,1170,809
6,1194,860,1170,809
6,1192,867,1170,808
6,1199,858,1172,807
6,1209,853,1176,805
6,1208,872,1183,802
6,1213,891,1187,801
6,1218,905,1189,801
6,1215,931,1193,801
6,1201,910,1198,802
6,1187,913,1201,803
6,1181,904,1207,805
6,1194,909,1209,805
6,1205,903,1210,806
6,1204,918,1211,807
6,1197,907,1211,807
6,1194,901,1211,807
6,1177,898,1211,807
6,1187,894,1211,807
6,1199,914,1211,807
6,1208,933,1211,807
6,1197,942,1210,807
6,1201,913,1206,807
6,1217,907,1206,807
6,1248,927,1206,807
6,1261,912,1207,807
6,1262,903,1212,811
6,1234,880,1215,812
6,1215,878,1219,816
6,1224,900,1223,819
6,1250,898,1225,820
6,1240,917,1227,821
6,1241,925,1227,822
6,1249,926,1225,823
6,1265,934,1222,824
6,1287,928,1218,824
6,1274,921,1216,824
6,1286,931,1215,824
6,1265,940,1214,824
6,1244,946,1214,825
6,1252,956,1216,828
6,1269,940,1220,830
6,1267,943,1225,833
6,1294,925,1229,834
6,1283,888,1231,835
6,1265,859,1231,835
6,1269,871,1231,835
6,1274,866,1231,835
6,1278,857,1232,836
6,1281,862,1233,837
6,1267,889,1237,840
6,1283,903,1242,842
6,1272,893,1246,843
6,1271,879,1249,845
6,1249,880,1252,846
6,1248,887,1253,847
6,1267,874,1253,847
6,1252,870,1253,848
6,1243,856,1253,849
6,1246,838,1253,853
6,1257,833,1253,853
6,1254,843,1254,855
6,1263,835,1258,856
6,1251,852,1260,857
6,1258,841,1262,858
6,1255,860,1263,858
6,1230,837,1263,858
6,1210,839,1263,858
6,1206,857,1263,858
6,1226,882,1262,856
6,1230,886,1260,854
6,1243,865,1254,850
6,1236,868,1249,846
6,1232,888,1246,843
6,1231,894,1242,840
6,1239,893,1238,837
6,1240,911,1237,836
6,1234,926,1236,835
6,1240,921,1234,835
6,1239,907,1234,835
6,1239,913,1234,835
6,1239,930,1234,835
6,1262,925,1234,835
6,1274,904,1234,835
6,1292,882,1234,835
6,1268,901,1234,835
6,1254,896,1236,836
6,1237,916,1238,839
6,1228,921,1241,841
6,1223,937,1244,843
6,1231,928,1246,844
6,1230,948,1246,846
6,1244,950,1246,847
6,1246,936,1246,849
6,1273,936,1246,851
6,1282,931,1246,855
6,1282,947,1247,856
6,1309,924,1247,856
6,1331,915,1247,856
6,1323,885,1247,856
6,1317,883,1247,856
6,1303,866,1247,855
6,1311,857,1247,854
6,1305,850,1245,854
6,1298,861,1243,852
6,1308,848,1241,851
6,1313,858,1238,851
6,1323,860,1238,851
6,1313,859,1238,851
6,1313,867,1244,855
6,1310,861,1261,862
6,1318,840,1284,872
6,1324,833,1315,882
6,1331,836,1338,890
6,1340,841,1359,897
6,1334,851,1369,902
6,1322,831,1376,903
6,1349,834,1378,903
6,1331,858,1377,903
6,1346,822,1368,902
6,1333,836,1357,895
6,1333,845,1348,891
6,1334,830,1339,888
6,1329,833,1330,882
6,1357,858,1327,878
6,1342,863,1321,874
6,1346,883,1317,870
6,1366,858,1315,867
6,1383,862,1311,864
6,1355,880,1309,862
6,1363,875,1308,858
6,1362,863,1306,852
6,1333,856,1308,847
6,1314,832,1310,843
6,1307,824,1314,841
6,1300,819,1319,839
6,1315,803,1328,838
6,1320,813,1337,836
6,1324,830,1343,836
6,1309,812,1349,837
6,1307,806,1354,839
6,1307,801,1358,842
6,1307,781,1360,843
6,1300,776,1365,846
6,1297,772,1367,848
6,1306,776,1368,848
6,1284,772,1369,848
6,1291,779,1369,848
6,1276,766,1369,848
6,1273,766,1369,848
6,1276,765,1364,848
6,1260,751,1357,847
6,1272,749,1352,844
6,1267,733,1343,840
6,1254,724,1338,836
6,1258,711,1331,830
6,1274,707,1325,820
6,1264,701,1322,810
6,1283,711,1319,801
6,1274,695,1314,786
6,1283,691,1309,766
6,1284,690,1301,743
6,1299,673,1289,729
6,1283,688,1281,723
6,1284,681,1276,719
6,1306,682,1270,713
6,1312,694,1266,709
6,1332,708,1264,704
6,1348,711,1262,698
6,1337,694,1261,694
6,1320,685,1259,691
6,1336,690,1259,686
6,1342,720,1259,681
6,1333,698,1258,674
6,1336,702,1257,667
6,1336,688,1255,661
6,1322,673,1254,658
6,1328,699,1254,654
6,1322,712,1254,652
6,1324,704,1254,651
6,1319,708,1258,648
6,1309,705,1259,647
6,1315,712,1261,647
6,1309,724,1263,647
6,1309,738,1267,647
6,1299,736,1273,647
6,1311,721,1282,647
6,1315,730,1289,649
6,1335,715,1298,650
6,1324,715,1305,653
6,1329,702,1308,656
6,1298,694,1309,657
6,1300,712,1311,657
6,1304,714,1311,657
6,1305,728,1311,657
6,1323,744,1311,657
6,1329,746,1312,660
6,1348,735,1312,667
6,1352,740,1312,676
6,1333,743,1312,687
6,1319,733,1312,702
6,1336,716,1312,709
6,1327,705,1316,714
6,1332,700,1319,715
6,1325,705,1322,715
6,1316,715,1324,715
6,1315,716,1326,714
6,1346,710,1326,714
6,1349,699,1326,714
6,1347,702,1326,712
6,1327,707,1326,707
6,1348,720,1326,703
6,1335,727,1327,702
6,1322,701,1327,702
6,1307,728,1327,702
6,1298,727,1329,702
6,1324,720,1334,706
6,1320,731,1337,706
6,1306,719,1340,707
6,1297,730,1342,707
6,1290,722,1345,707
6,1311,760,1346,704
6,1297,740,1346,702
6,1288,724,1344,697
6,1295,720,1339,691
6,1291,708,1331,685
6,1308,736,1316,678
6,1323,740,1309,675
6,1334,739,1304,674
6,1336,754,1300,674
6,1319,768,1297,674
6,1325,768,1294,675
6,1327,766,1291,677
6,1336,760,1289,679
6,1327,770,1289,680
6,1320,769,1289,682
6,1312,787,1290,684
6,1319,791,1290,686
6,1307,763,1290,689
6,1309,770,1290,691
6,1296,762,1292,693
6,1304,759,1297,696
6,1310,740,1302,697
6,1317,764,1311,697
6,1310,794,1321,699
6,1318,783,1332,698
6,1321,802,1339,698
6,1309,823,1345,698
6,1307,797,1349,698
6,1300,792,1349,698
6,1300,803,1349,698
6,1308,805,1349,698
6,1319,812,1345,698
6,1332,790,1340,698
6,1325,786,1335,698
6,1356,787,1330,698
6,1344,774,1325,699
6,1334,776,1319,703
6,1354,773,1311,707
6,1349,754,1307,709
6,1336,752,1305,712
6,1315,751,1305,712
6,1295,739,1305,714
6,1277,740,1305,718
6,1270,723,1309,721
6,1255,714,1310,727
6,1259,736,1313,732
6,1272,739,1316,739
6,1274,726,1318,743
6,1257,734,1319,745
6,1272,755,1320,747
6,1289,737,1324,750
6,1289,711,1329,753
6,1289,706,1333,753
6,1298,712,1338,753
6,1307,685,1338,751
6,1302,689,1338,748
6,1309,677,1334,739
6,1315,701,1326,726
6,1316,699,1315,719
6,1296,690,1302,715
6,1285,693,1295,715
6,1283,694,1279,715
6,1277,704,1273,715
6,1265,722,1263,715
6,1290,687,1256,715
6,1298,680,1248,715
6,1322,685,1247,715
6,1327,704,1247,715
6,1350,717,1247,715
6,1334,722,1247,715
6,1308,738,1247,711
6,1296,738,1253,700
6,1295,740,1257,685
6,1299,750,1257,678
6,1302,750,1257,677
6,1323,725,1257,676
6,1322,734,1257,676
6,1306,735,1257,676
6,1300,727,1257,676
6,1280,698,1258,676
6,1274,725,1262,681
6,1273,735,1266,687
6,1274,744,1270,698
6,1262,741,1276,707
6,1259,754,1278,711
6,1275,771,1279,713
6,1270,763,1279,717
6,1264,763,1275,720
6,1292,772,1271,724
6,1276,752,1268,727
6,1260,738,1267,727
6,1300,743,1267,727
6,1288,763,1267,727
6,1271,777,1267,725
6,1284,771,1269,724
6,1301,787,1271,723
6,1305,784,1273,722
6,1303,786,1276,721
6,1299,778,1279,718
6,1304,762,1282,717
6,1314,754,1283,717
6,1328,760,1283,717
6,1331,765,1283,717
6,1338,773,1283,717
6,1322,780,1283,717
6,1320,792,1281,720
6,1304,800,1279,720
6,1317,819,1277,721
6,1337,815,1270,721
6,1342,832,1265,721
6,1354,831,1258,721
6,1349,838,1256,721
6,1361,845,1253,719
6,1374,838,1253,719
6,1365,833,1255,718
6,1360,826,1260,718
6,1350,835,1265,720
6,1313,828,1269,724
6,1341,832,1275,727
6,1335,830,1277,729
6,1335,809,1279,731
6,1324,814,1279,734
6,1305,798,1280,736
6,1304,781,1280,738
6,1315,785,1280,742
6,1328,784,1280,744
6,1337,775,1283,748
6,1342,781,1285,750
6,1325,763,1287,751
6,1327,765,1290,751
6,1328,743,1292,751
6,1331,744,1294,752
6,1331,742,1296,752
6,1332,756,1301,752
6,1346,760,1307,752
6,1340,766,1310,752
6,1320,782,1313,751
6,1315,766,1312,749
6,1312,740,1309,745
6,1318,742,1303,739
6,1327,760,1296,732
6,1347,750,1291,725
6,1339,777,1289,721
6,1331,780,1288,718
6,1367,773,1288,717
6,1363,774,1288,715
6,1359,776,1288,711
6,1362,777,1289,708
6,1376,779,1289,704
6,1359,779,1289,703
6,1375,773,1289,703
6,1382,783,1289,703
6,1344,779,1289,703
6,1365,785,1289,703
6,1359,794,1291,703
6,1395,782,1294,705
6,1334,804,1297,709
6,1331,805,1300,713
6,1315,813,1304,716
6,1318,827,1306,720
6,1335,829,1310,723
6,1327,818,1313,728
6,1315,825,1316,732
6,1332,798,1317,733
6,1341,781,1318,736
6,1353,790,1318,736
6,1344,781,1318,738
6,1348,790,1319,739
6,1335,777,1321,742
6,1309,780,1321,743
6,1289,759,1322,743
6,1296,763,1322,743
6,1282,780,1323,744
6,1277,754,1324,744
6,1290,735,1324,744
6,1299,741,1324,744
6,1316,741,1324,744
6,1329,730,1324,744
6,1343,723,1323,745
6,1363,747,1322,747
6,1371,745,1318,750
6,1385,763,1316,752
6,1341,768,1312,756
6,1356,765,1306,757
6,1353,746,1301,757
6,1345,710,1294,757
6,1318,722,1291,757
6,1337,740,1291,755
6,1312,751,1292,750
6,1322,741,1299,734
6,1347,752,1306,723
6,1358,776,1313,717
6,1361,778,1320,715
6,1352,762,1325,715
6,1357,741,1329,715
6,1367,759,1331,715
6,1374,738,1332,715
6,1369,752,1334,717
6,1349,770,1334,717
6,1376,776,1333,718
6,1362,783,1331,719
6,1342,803,1328,719
6,1320,783,1322,717
6,1304,764,1307,711
6,1299,778,1293,705
6,1295,763,1286,702
6,1305,753,1284,702
6,1314,765,1283,701
6,1331,781,1283,701
6,1320,777,1283,701
6,1314,773,1283,702
6,1331,775,1284,702
6,1341,752,1286,703
6,1354,773,1292,704
6,1359,757,1297,704
6,1367,755,1302,706
6,1367,757,1304,707
6,1384,769,1306,709
6,1375,770,1310,714
6,1350,768,1311,715
6,1379,736,1312,719
6,1372,736,1312,721
6,1365,748,1314,722
6,1386,758,1314,724
6,1380,777,1314,727
6,1362,804,1313,730
6,1346,806,1313,732
6,1348,801,1313,735
6,1362,805,1312,736
6,1355,784,1311,736
6,1363,781,1309,736
6,1373,783,1304,732
6,1367,787,1300,724
6,1367,801,1297,714
6,1366,806,1297,705
6,1402,791,1298,698
6,1345,781,1300,696
6,1335,784,1302,695
6,1330,792,1305,695
6,1316,787,1310,696
6,1291,806,1316,699
6,1285,807,1320,702
6,1291,780,1323,703
6,1293,778,1327,707
6,1302,778,1332,712
6,1313,781,1335,717
6,1306,790,1336,719
6,1335,782,1337,723
6,1336,775,1337,725
6,1330,764,1337,729
6,1339,748,1336,731
6,1331,709,1334,732
6,1319,684,1330,733
6,1305,684,1325,733
6,1293,678,1312,733
6,1268,665,1303,728
6,1256,655,1294,725
6,1252,675,1292,724
6,1254,687,1290,723
6,1239,671,1289,723
6,1255,687,1287,723
6,1257,680,1287,723
6,1257,674,1287,722
6,1249,664,1289,717
6,1245,652,1293,711
6,1231,654,1297,706
6,1232,661,1300,703
6,1216,670,1300,703
6,1198,668,1300,703
6,1209,638,1300,703
6,1217,632,1298,703
6,1207,612,1296,703
6,1187,600,1293,705
6,1183,592,1286,706
6,1182,613,1283,707
6,1183,603,1279,707
6,1180,612,1277,707
6,1164,601,1272,707
6,1147,587,1269,703
6,1157,589,1266,700
6,1179,588,1265,699
6,1185,597,1263,699
6,1177,617,1263,698
6,1191,606,1265,696
6,1181,598,1268,687
6,1185,603,1268,673
6,1174,603,1269,661
6,1185,589,1269,652
6,1195,602,1268,650
6,1193,572,1266,647
6,1173,577,1263,645
6,1154,576,1262,643
6,1163,569,1260,641
6,1195,575,1259,639
6,1171,589,1259,639
6,1163,591,1259,639
6,1176,587,1259,639
6,1207,560,1259,639
6,1212,561,1259,639
6,1204,563,1259,639
6,1221,561,1259,639
6,1202,571,1259,639
6,1196,585,1259,638
6,1180,610,1258,637
6,1200,647,1254,635
6,1199,672,1248,629
6,1188,669,1241,623
6,1200,672,1232,615
6,1218,646,1223,611
6,1221,656,1218,610
6,1219,665,1214,608
6,1215,651,1214,608
6,1219,634,1214,608
6,1217,640,1214,608
6,1209,626,1214,607
6,1202,591,1220,606
6,1207,596,1222,605
6,1205,592,1223,605
6,1192,573,1223,605
6,1196,555,1223,605
6,1198,545,1226,606
6,1205,526,1227,612
6,1227,522,1230,617
6,1217,516,1233,624
6,1208,537,1234,633
6,1180,557,1237,644
6,1169,562,1237,648
6,1162,589,1237,652
6,1151,605,1237,652
6,1141,598,1237,652
6,1127,591,1236,652
6,1129,604,1232,652
6,1109,572,1231,649
6,1127,581,1229,644
6,1152,592,1226,635
6,1168,582,1224,621
6,1172,581,1222,607
6,1173,581,1223,598
6,1160,584,1223,591
6,1164,582,1224,587
6,1155,565,1224,586
6,1174,542,1225,586
6,1167,553,1225,586
6,1174,563,1226,586
6,1169,573,1226,586
6,1164,577,1226,586
6,1178,549,1226,586
6,1172,559,1224,588
6,1172,531,1220,590
6,1172,559,1215,591
6,1176,578,1206,591
6,1195,558,1200,591
6,1235,558,1197,591
6,1217,554,1192,590
6,1193,561,1187,588
6,1209,584,1179,586
6,1203,568,1173,581
6,1199,572,1170,579
6,1206,577,1168,576
6,1214,577,1167,574
6,1198,589,1167,572
6,1199,591,1167,570
6,1200,613,1167,566
6,1176,642,1167,561
6,1190,645,1168,556
6,1196,668,1170,554
6,1199,673,1172,552
6,1182,669,1173,552
6,1197,665,1174,552
6,1211,682,1175,554
6,1186,678,1177,557
6,1222,656,1179,561
6,1224,663,1180,563
6,1248,665,1183,571
6,1271,686,1183,578
6,1298,699,1184,583
6,1315,699,1184,590
6,1291,720,1181,596
6,1301,695,1180,603
6,1289,687,1175,610
6,1265,665,1171,616
6,1273,670,1167,618
6,1263,670,1165,621
6,1289,694,1161,623
6,1296,687,1160,624
6,1311,703,1160,624
6,1320,698,1160,624
6,1323,698,1173,621
6,1294,702,1182,621
6,1292,686,1188,621
6,1297,687,1194,624
6,1298,678,1198,628
6,1312,680,1201,629
6,1331,700,1202,630
6,1331,713,1203,630
6,1333,714,1203,630
6,1323,715,1203,631
6,1332,712,1203,631
6,1353,725,1203,631
6,1359,718,1205,632
6,1353,693,1208,634
6,1354,685,1222,644
6,1354,670,1228,648
6,1336,662,1232,653
6,1364,659,1244,662
6,1372,661,1250,663
6,1368,651,1269,668
6,1371,652,1281,669
6,1356,665,1292,674
6,1363,666,1299,678
6,1387,656,1307,684
6,1353,647,1310,686
6,1372,642,1312,689
6,1353,653,1312,690
6,1367,649,1311,693
6,1367,648,1311,700
6,1361,650,1311,709
6,1337,632,1313,716
6,1328,638,1316,719
6,1307,636,1318,721
6,1299,640,1321,721
6,1290,650,1323,719
6,1291,652,1323,714
6,1296,651,1323,704
6,1299,658,1318,689
6,1293,667,1316,651
6,1283,686,1316,638
6,1296,676,1316,631
6,1282,687,1315,629
6,1285,662,1314,627
6,1282,671,1313,627
6,1268,650,1313,627
6,1257,634,1311,624
6,1247,642,1309,622
6,1226,624,1305,621
6,1209,623,1301,621
6,1231,618,1298,621
6,1215,622,1294,621
6,1237,604,1292,622
6,1247,591,1286,628
6,1250,610,1282,633
6,1244,606,1280,639
6,1251,611,1277,643
6,1240,615,1274,646
6,1243,639,1273,650
6,1233,657,1273,650
6,1218,671,1273,650
6,1228,669,1273,650
6,1205,678,1273,650
6,1231,668,1271,650
6,1202,619,1270,648
6,1175,634,1268,647
6,1179,615,1267,644
6,1179,636,1266,638
6,1179,661,1269,630
6,1197,638,1274,624
6,1209,612,1275,621
6,1196,618,1277,621
6,1199,616,1281,622
6,1197,619,1283,623
6,1169,603,1284,623
6,1175,587,1285,624
6,1176,582,1285,626
6,1139,594,1285,630
6,1145,576,1284,633
6,1148,561,1280,639
6,1123,573,1276,643
6,1120,557,1271,644
6,1138,550,1267,645
6,1131,547,1262,645
6,1141,552,1256,645
6,1133,559,1254,643
6,1133,575,1253,636
6,1116,588,1248,625
6,1112,569,1245,612
6,1130,584,1245,611
6,1111,592,1245,609
6,1122,596,1246,607
6,1133,581,1251,602
6,1133,552,1252,600
6,1144,571,1252,598
6,1157,562,1252,598
6,1152,576,1252,598
6,1162,581,1252,598
6,1144,571,1252,599
6,1149,557,1247,600
6,1138,550,1242,600
6,1155,556,1235,600
6,1152,540,1224,598
6,1137,560,1217,594
6,1157,590,1207,584
6,1161,599,1203,578
6,1149,611,1199,577
6,1177,624,1199,576
6,1159,624,1198,576
6,1143,634,1198,576
6,1174,619,1198,576
6,1167,603,1198,576
6,1162,594,1198,576
6,1169,581,1198,574
6,1173,587,1198,573
6,1177,608,1197,572
6,1191,623,1195,572
6,1189,617,1194,572
6,1198,615,1193,572
6,1185,603,1192,575
6,1197,577,1192,580
6,1189,606,1192,587
6,1195,621,1191,592
6,1190,625,1189,599
6,1184,635,1189,607
6,1178,639,1189,612
6,1180,640,1189,612
6,1184,617,1189,612
6,1209,620,1189,612
6,1194,642,1189,612
6,1189,648,1189,612
6,1194,670,1191,612
6,1209,675,1194,612
6,1186,680,1194,612
6,1189,703,1196,612
6,1192,677,1197,611
6,1171,682,1200,609
6,1165,669,1202,609
6,1169,649,1204,608
6,1158,665,1205,608
6,1173,654,1205,607
6,1149,677,1204,607
6,1140,674,1202,607
6,1142,671,1198,607
6,1131,685,1196,608
6,1135,684,1192,608
6,1117,680,1189,609
6,1087,674,1186,613
6,1087,669,1183,615
6,1056,649,1179,618
6,1045,642,1179,619
6,1037,626,1177,621
6,1049,643,1175,621
6,1054,638,1174,621
6,1029,630,1172,621
6,1023,630,1170,621
6,1038,648,1170,620
6,1042,655,1169,620
6,1055,669,1166,620
6,1053,659,1163,619
6,1060,666,1160,616
6,1064,673,1156,611
6,1078,685,1152,605
6,1081,687,1148,600
6,1075,700,1146,596
6,1076,696,1140,589
6,1070,696,1137,582
6,1074,671,1134,576
6,1103,675,1133,574
6,1127,688,1132,574
6,1133,681,1132,574
6,1133,699,1132,574
6,1117,694,1132,575
6,1111,715,1134,588
6,1098,725,1135,596
6,1104,706,1137,599
6,1116,710,1142,606
6,1118,720,1146,612
6,1123,690,1151,617
6,1141,690,1153,620
6,1130,674,1154,621
6,1140,670,1156,623
6,1152,679,1156,624
6,1132,658,1156,625
6,1121,661,1156,625
6,1111,661,1156,625
6,1116,676,1155,625
6,1112,689,1152,625
6,1104,663,1150,625
6,1114,645,1147,625
6,1124,648,1145,625
6,1121,667,1143,625
6,1129,667,1138,625
6,1134,671,1133,625
6,1143,688,1128,625
6,1118,673,1121,625
6,1129,662,1117,625
6,1123,680,1115,625
6,1153,673,1114,624
6,1168,665,1114,624
6,1192,656,1115,623
6,1194,646,1119,622
6,1185,638,1124,622
6,1186,664,1127,622
6,1163,688,1129,622
6,1129,706,1131,623
6,1105,704,1131,623
6,1115,709,1130,624
6,1099,704,1128,625
6,1071,693,1127,626
6,1070,704,1126,626
6,1069,717,1126,626
6,1098,688,1124,626
6,1082,704,1123,624
6,1079,706,1123,624
6,1087,701,1123,623
6,1055,693,1124,623
6,1045,684,1125,623
6,1048,667,1126,623
6,1054,658,1126,623
6,1041,651,1126,627
6,1058,675,1124,629
6,1057,665,1123,632
6,1073,654,1120,637
6,1057,648,1118,639
6,1062,643,1114,641
6,1054,641,1113,642
6,1044,649,1113,642
6,1064,642,1113,642
6,1056,664,1112,643
6,1066,655,1112,643
6,1057,653,1112,643
6,1047,663,1110,644
6,1034,662,1106,644
6,1072,680,1102,644
6,1061,690,1099,642
6,1060,669,1096,640
6,1056,663,1096,638
6,1047,679,1096,635
6,1053,652,1095,629
6,1058,644,1095,624
6,1052,647,1095,622
6,1041,663,1095,622
6,1020,677,1095,622
6,1023,669,1095,622
6,1026,677,1095,622
6,1040,661,1095,622
6,1050,654,1094,622
6,1043,663,1094,622
6,1032,636,1094,625
6,1019,632,1096,632
6,1015,631,1098,636
6,1027,638,1099,641
6,1040,632,1102,643
6,1049,610,1103,645
6,1060,593,1104,648
6,1058,575,1106,649
6,1073,567,1107,649
6,1052,580,1107,649
6,1048,556,1107,649
6,1037,553,1107,649
6,1025,535,1107,649
6,1014,542,1107,649
6,1000,526,1105,649
6,998,528,1103,648
6,972,499,1099,644
6,966,484,1093,640
6,970,477,1084,634
6,954,449,1077,628
6,957,459,1074,622
6,956,499,1073,620
6,981,493,1073,618
6,1018,498,1073,614
6,1000,509,1073,606
6,1004,512,1076,591
6,1009,512,1076,580
6,1003,501,1076,573
6,1008,493,1073,570
6,1004,489,1069,569
6,991,485,1062,565
6,981,481,1054,559
6,1009,485,1045,547
6,1019,465,1033,537
6,1033,487,1021,523
6,1026,499,1010,515
6,1028,485,996,509
6,1022,472,992,508
6,1027,468,978,500
6,1054,468,973,496
6,1054,464,967,492
6,1075,477,962,489
6,1073,472,955,483
6,1089,441,947,478
6,1092,456,943,470
6,1118,419,942,468
6,1122,437,942,467
6,1114,442,942,466
6,1123,437,944,466
6,1119,471,948,463
6,1122,456,953,462
6,1116,466,960,459
6,1115,496,969,456
6,1123,487,981,456
6,1125,490,991,458
6,1118,473,1002,463
6,1102,474,1011,467
6,1084,486,1018,472
6,1083,465,1022,472
6,1071,475,1024,472
6,1095,477,1025,473
6,1071,503,1027,474
6,1087,510,1028,475
6,1071,523,1028,476
6,1074,518,1028,480
6,1076,512,1028,485
6,1072,516,1025,492
6,1075,500,1024,504
6,1094,494,1024,513
6,1108,502,1025,514
6,1091,510,1028,515
6,1087,480,1031,514
6,1070,501,1037,512
6,1063,472,1039,510
6,1061,467,1041,510
6,1068,471,1042,508
6,1056,451,1042,503
6,1060,452,1042,497
6,1072,450,1039,492
6,1075,455,1035,488
6,1061,446,1033,486
6,1060,439,1031,485
6,1061,436,1031,483
6,1078,436,1030,483
6,1065,441,1030,483
6,1081,455,1030,483
6,1076,451,1035,483
6,1078,446,1036,483
6,1077,439,1037,483
6,1082,440,1037,483
6,1070,426,1038,483
6,1062,420,1038,483
6,1063,402,1036,483
6,1070,396,1034,482
6,1062,392,1034,480
6,1067,405,1034,476
6,1051,407,1036,468
6,1060,409,1041,460
6,1051,410,1045,458
6,1049,414,1047,457
6,1055,425,1050,456
6,1061,429,1056,451
6,1066,440,1070,441
6,1076,437,1074,438
6,1086,425,1080,431
6,1091,435,1080,430
6,1101,447,1080,429
6,1121,461,1078,426
6,1114,462,1072,420
6,1122,437,1068,418
6,1124,455,1066,416
6,1111,452,1063,415
6,1084,466,1061,415
6,1090,459,1057,416
6,1076,449,1053,418
6,1057,437,1051,423
6,1061,415,1048,430
6,1048,417,1046,436
6,1021,414,1046,441
6,1023,444,1048,443
6,1028,457,1056,445
6,1039,483,1067,451
6,1045,464,1082,456
6,1046,445,1100,463
6,1055,433,1121,469
6,1099,436,1141,472
6,1126,424,1151,475
6,1127,443,1159,475
6,1148,426,1160,475
6,1152,418,1160,474
6,1166,420,1160,471
6,1172,432,1160,467
6,1189,464,1158,465
6,1179,479,1154,462
6,1165,481,1150,460
6,1165,439,1145,456
6,1179,444,1142,454
6,1169,457,1136,451
6,1196,458,1135,451
6,1196,470,1133,451
6,1212,488,1131,451
6,1223,464,1127,451
6,1198,445,1125,451
6,1195,449,1123,451
6,1203,457,1123,451
6,1203,467,1123,451
6,1177,457,1123,452
6,1165,475,1123,454
6,1181,464,1122,458
6,1167,461,1121,460
6,1162,458,1120,463
6,1155,461,1120,465
6,1162,477,1122,467
6,1169,446,1125,468
6,1186,439,1128,471
6,1195,439,1134,472
6,1183,446,1142,474
6,1178,446,1153,473
6,1181,442,1161,473
6,1192,424,1168,472
6,1199,422,1175,470
6,1169,432,1182,469
6,1182,442,1189,467
6,1198,447,1193,467
6,1199,451,1195,467
6,1201,461,1196,467
6,1214,461,1198,467
6,1210,435,1198,467
6,1207,428,1198,467
6,1217,440,1198,467
6,1224,426,1196,467
6,1218,427,1192,466
6,1232,409,1187,462
6,1208,418,1178,456
6,1186,420,1171,453
6,1167,400,1168,452
6,1180,414,1166,452
6,1185,387,1166,452
6,1207,408,1166,452
6,1199,393,1169,451
6,1193,405,1173,450
6,1205,411,1174,451
6,1171,391,1178,453
6,1184,413,1179,456
6,1213,415,1180,457
6,1176,428,1182,458
6,1179,417,1182,458
6,1175,410,1182,458
6,1169,403,1181,459
6,1163,413,1180,456
6,1177,412,1179,448
6,1199,415,1179,439
6,1218,409,1181,430
6,1206,409,1183,423
6,1228,390,1185,418
6,1233,415,1186,414
6,1235,440,1187,412
6,1230,448,1188,411
6,1214,428,1191,410
6,1224,447,1194,406
6,1222,449,1198,402
6,1229,445,1198,398
6,1230,432,1198,398
6,1216,419,1198,397
6,1210,425,1197,397
6,1195,450,1193,397
6,1209,454,1190,397
6,1220,451,1185,397
6,1193,467,1180,397
6,1210,488,1179,397
6,1197,500,1176,397
6,1209,499,1176,399
6,1172,503,1176,405
6,1165,505,1179,407
6,1159,498,1184,408
6,1157,521,1189,408
6,1149,554,1196,411
6,1159,551,1200,414
6,1160,549,1202,416
6,1159,537,1202,416
6,1151,525,1202,417
6,1118,523,1202,419
6,1099,519,1198,421
6,1068,504,1193,425
6,1069,500,1185,428
6,1042,512,1177,431
6,1035,496,1168,435
6,1050,512,1161,436
6,1028,530,1154,438
6,1019,522,1149,439
6,1021,524,1147,439
6,1030,533,1146,438
6,1022,564,1146,437
6,1027,553,1148,435
6,1005,558,1150,433
6,1004,546,1152,433
6,990,536,1155,434
6,984,535,1156,435
6,989,545,1156,435
6,981,546,1156,436
6,986,555,1153,438
6,1023,542,1151,439
6,1032,542,1146,441
6,1016,578,1135,444
6,1021,580,1124,450
6,1032,571,1104,463
6,1040,561,1095,472
6,1033,585,1090,477
6,1049,592,1089,479
6,1052,616,1089,480
6,1081,615,1089,482
6,1070,602,1089,486
6,1089,641,1089,489
6,1092,650,1088,494
6,1079,631,1086,498
6,1072,628,1082,502
6,1078,646,1079,503
6,1070,631,1078,504
6,1076,623,1077,506
6,1102,609,1076,507
6,1086,594,1076,509
6,1072,586,1076,516
6,1083,602,1083,535
6,1087,609,1093,546
6,1100,623,1101,560
6,1095,625,1113,574
6,1097,639,1125,586
6,1086,633,1136,598
6,1069,625,1142,609
6,1054,613,1150,622
6,1066,610,1158,633
6,1050,647,1164,640
6,1044,630,1167,644
6,1049,666,1168,646
6,1044,651,1168,646
6,1033,659,1168,647
6,1029,645,1169,650
6,1033,644,1169,655
6,1024,649,1169,662
6,1028,661,1169,667
6,1052,665,1169,673
6,1090,674,1166,678
6,1071,690,1160,681
6,1064,669,1152,686
6,1056,690,1147,689
6,1049,668,1143,692
6,1055,663,1139,693
6,1029,666,1132,694
6,1041,687,1124,694
6,1055,686,1108,687
6,1035,671,1088,681
6,1047,683,1079,678
6,1051,684,1076,677
6,1048,693,1073,676
6,1065,730,1072,675
6,1060,691,1070,674
6,1061,701,1070,674
6,1064,704,1070,673
6,1070,706,1071,673
6,1068,717,1077,680
6,1070,709,1083,688
6,1059,745,1083,693
6,1045,753,1084,696
6,1033,775,1084,700
6,1040,785,1084,704
6,1052,796,1083,709
6,1052,776,1081,718
6,1048,777,1078,728
6,1049,769,1075,735
6,1056,750,1073,741
6,1069,757,1070,744
6,1073,773,1069,746
6,1062,761,1068,746
6,1054,777,1066,747
6,1064,776,1062,748
6,1073,764,1059,748
6,1086,772,1059,749
6,1075,766,1057,750
6,1073,759,1057,750
6,1083,738,1057,750
6,1087,741,1057,750
6,1104,754,1057,750
6,1101,759,1057,750
6,1113,741,1057,753
6,1113,747,1059,756
6,1125,746,1063,760
6,1130,752,1065,764
6,1142,756,1068,770
6,1164,756,1070,773
6,1177,757,1073,777
6,1215,712,1075,781
6,1216,696,1076,783
6,1221,689,1078,784
6,1214,674,1080,785
6,1220,666,1080,785
6,1226,684,1080,785
6,1239,698,1080,785
6,1238,693,1080,785
6,1255,692,1080,785
6,1257,695,1082,785
6,1247,692,1085,785
6,1237,693,1089,784
6,1224,689,1095,780
6,1222,680,1099,772
6,1244,692,1102,760
6,1224,719,1104,743
6,1219,680,1108,734
6,1221,685,1113,726
6,1219,686,1117,719
6,1208,686,1122,708
6,1226,679,1127,693
6,1224,669,1140,658
6,1248,656,1145,645
6,1240,670,1147,644
6,1257,676,1150,644
6,1241,654,1151,644
6,1235,631,1152,644
6,1216,621,1157,644
6,1227,627,1166,645
6,1230,615,1176,645
6,1258,614,1190,645
6,1233,604,1204,644
6,1233,608,1211,643
6,1220,626,1216,643
6,1199,638,1219,643
6,1190,622,1222,644
6,1182,637,1225,644
6,1168,626,1228,644
6,1168,617,1230,644
6,1184,605,1233,643
6,1177,590,1235,639
6,1189,594,1236,635
6,1183,601,1236,630
6,1187,614,1236,622
6,1188,600,1236,607
6,1164,577,1233,602
6,1159,602,1232,593
6,1151,604,1232,579
6,1171,605,1232,567
6,1178,604,1232,557
6,1181,603,1231,551
6,1166,596,1231,550
6,1180,614,1231,550
6,1163,601,1228,550
6,1170,582,1226,549
6,1172,566,1222,548
6,1158,551,1221,544
6,1173,543,1220,542
6,1197,537,1219,540
6,1200,525,1217,540
6,1185,539,1214,539
6,1192,549,1212,539
6,1192,531,1204,543
6,1190,536,1198,545
6,1171,519,1194,547
6,1143,531,1194,548
6,1163,550,1193,549
6,1183,550,1192,550
6,1180,545,1192,551
6,1169,553,1192,552
6,1160,548,1191,552
6,1162,535,1191,552
6,1169,532,1191,552
6,1154,565,1191,552
6,1176,587,1191,552
6,1198,597,1191,554
6,1187,605,1193,554
6,1183,600,1199,552
6,1181,589,1202,551
6,1194,583,1206,550
6,1184,595,1208,548
6,1184,571,1209,548
6,1159,550,1212,546
6,1179,573,1216,541
6,1187,601,1219,532
6,1206,592,1220,527
6,1210,583,1219,523
6,1208,607,1216,522
6,1195,616,1215,521
6,1178,617,1210,521
6,1179,640,1205,521
6,1181,640,1202,521
6,1179,675,1197,523
6,1172,694,1193,527
6,1143,697,1189,533
6,1150,708,1186,538
6,1128,720,1185,540
6,1129,726,1185,540
6,1138,702,1185,540
6,1137,710,1185,542
6,1135,703,1185,544
6,1129,720,1185,545
6,1114,720,1185,545
6,1117,727,1185,545
6,1099,733,1185,545
6,1097,719,1187,544
6,1107,701,1187,544
6,1104,706,1187,544
6,1100,699,1187,544
6,1102,712,1186,549
6,1085,704,1179,566
6,1084,698,1155,605
6,1100,685,1138,634
6,1089,680,1122,658
6,1079,683,1095,683
6,1075,670,1063,706
6,1087,663,1044,719
6,1091,706,1030,727
6,1103,693,1023,727
6,1113,685,1021,725
6,1110,689,1020,723
6,1097,697,1017,716
6,1105,701,1016,706
6,1081,688,1017,698
6,1082,694,1018,697
6,1098,716,1020,696
6,1100,702,1023,695
6,1113,682,1027,692
6,1082,667,1033,686
6,1084,681,1044,680
6,1071,705,1052,676
6,1074,706,1061,674
6,1066,691,1064,674
6,1100,692,1067,676
6,1109,689,1070,681
6,1123,672,1075,686
6,1132,686,1080,687
6,1154,708,1081,689
6,1174,693,1081,689
6,1160,679,1081,690
6,1130,689,1081,693
6,1146,695,1080,698
6,1143,696,1077,702
6,1143,706,1076,705
6,1156,717,1076,705
6,1164,728,1076,705
6,1178,731,1076,705
6,1174,711,1076,705
6,1167,721,1076,705
6,1181,736,1076,705
6,1181,724,1076,705
6,1179,718,1077,706
6,1195,722,1080,706
6,1195,723,1082,706
6,1196,721,1084,704
6,1178,706,1084,704
6,1170,692,1085,704
6,1172,675,1086,704
6,1178,682,1086,704
6,1175,667,1088,704
6,1182,654,1090,703
6,1192,640,1091,703
6,1205,635,1093,703
6,1244,640,1097,703
6,1244,627,1099,703
6,1256,652,1103,705
6,1268,661,1108,705
6,1260,691,1111,706
6,1253,697,1115,706
6,1256,710,1119,706
6,1246,689,1121,707
6,1250,681,1123,707
6,1254,682,1124,707
6,1243,688,1129,707
6,1231,676,1135,701
6,1211,696,1142,696
6,1200,684,1152,689
6,1198,674,1167,674
6,1200,666,1184,659
6,1197,670,1197,650
6,1185,682,1203,648
6,1185,682,1203,648
6,1198,678,1204,648
6,1215,688,1204,651
6,1202,690,1202,655
6,1175,697,1201,660
6,1187,672,1197,664
6,1185,667,1194,670
6,1192,681,1191,674
6,1160,688,1190,675
6,1158,678,1190,675
6,1182,686,1191,675
6,1176,674,1198,672
6,1183,659,1212,664
6,1179,664,1222,658
6,1165,675,1225,655
6,1159,690,1227,655
6,1144,698,1226,654
6,1131,694,1221,654
6,1116,686,1216,656
6,1114,705,1213,657
6,1145,705,1212,657
6,1157,698,1212,657
6,1149,693,1211,657
6,1125,692,1211,655
6,1154,704,1209,652
6,1147,704,1205,651
6,1138,728,1200,648
6,1157,749,1198,647
6,1158,723,1195,647
6,1143,749,1193,647
6,1120,746,1192,646
6,1121,741,1191,645
6,1113,731,1190,644
6,1092,723,1189,644
6,1106,708,1183,644
6,1106,719,1176,649
6,1109,703,1169,654
6,1104,724,1161,660
6,1096,724,1157,668
6,1088,715,1151,675
6,1088,698,1147,684
6,1080,690,1142,696
6,1093,697,1139,703
6,1095,703,1139,709
6,1061,697,1136,718
6,1072,710,1132,728
6,1068,716,1121,743
6,1049,718,1115,747
6,1053,691,1110,749
6,1025,701,1108,749
6,1027,695,1104,749
6,1039,679,1102,743
6,1041,689,1099,733
6,1062,700,1095,715
6,1049,703,1095,705
6,1049,723,1096,696
6,1046,728,1101,690
6,1052,758,1107,681
6,1038,770,1115,670
6,1057,751,1118,665
6,1062,757,1118,664
6,1077,759,1118,664
6,1087,755,1116,664
6,1113,756,1114,664
6,1103,776,1112,666
6,1095,770,1108,667
6,1101,787,1104,670
6,1104,763,1102,675
6,1112,763,1099,684
6,1088,792,1096,693
6,1099,804,1094,700
6,1103,820,1093,713
6,1104,812,1092,718
6,1086,797,1092,727
6,1109,790,1090,735
6,1102,812,1089,741
6,1082,817,1089,743
6,1054,790,1090,743
6,1065,773,1092,744
6,1075,741,1093,744
6,1089,749,1096,745
6,1105,756,1097,745
6,1116,785,1098,746
6,1144,792,1099,748
6,1143,767,1103,753
6,1145,779,1103,757
6,1150,770,1104,760
6,1154,772,1105,766
6,1158,793,1105,771
6,1173,796,1105,776
6,1188,810,1101,782
6,1196,792,1095,787
6,1200,772,1088,789
6,1187,768,1083,789
6,1189,785,1076,788
6,1184,801,1073,785
6,1165,813,1073,782
6,1181,823,1073,781
6,1165,857,1075,779
6,1162,850,1084,774
6,1157,844,1091,773
6,1168,853,1099,771
6,1162,871,1112,772
6,1142,872,1119,773
6,1141,880,1122,773
6,1151,881,1128,773
6,1163,851,1135,773
6,1143,869,1142,770
6,1162,871,1146,769
6,1195,836,1147,769
6,1182,839,1147,769
6,1183,855,1147,771
6,1195,827,1147,777
6,1201,827,1146,785
6,1201,835,1145,794
6,1196,835,1142,806
6,1213,813,1137,817
6,1209,822,1132,830
6,1215,796,1131,838
6,1217,786,1129,844
6,1241,783,1129,847
6,1237,786,1129,847
6,1259,787,1129,847
6,1246,790,1130,847
6,1248,767,1133,847
6,1238,757,1137,847
6,1260,744,1143,847
6,1259,751,1150,847
6,1252,735,1157,847
6,1250,733,1164,847
6,1266,758,1173,846
6,1250,771,1184,839
6,1270,771,1195,830
6,1248,766,1205,816
6,1252,769,1207,796
6,1257,756,1207,772
6,1236,756,1205,757
6,1208,728,1205,749
6,1207,725,1202,746
6,1221,718,1199,743
6,1212,726,1196,735
6,1220,724,1194,725
6,1237,721,1194,717
6,1238,717,1197,708
6,1233,734,1198,707
6,1241,737,1201,705
6,1240,718,1203,703
6,1247,706,1209,694
6,1218,687,1216,688
6,1213,684,1220,685
6,1208,671,1222,683
6,1183,664,1225,683
6,1210,683,1227,681
6,1211,658,1229,678
6,1237,641,1230,673
6,1253,647,1230,666
6,1260,643,1230,661
6,1268,645,1222,655
6,1264,646,1213,651
6,1248,653,1206,645
6,1253,672,1201,640
6,1240,679,1197,634
6,1243,691,1192,629
6,1252,678,1191,626
6,1264,666,1190,626
6,1280,673,1190,626
6,1291,670,1190,626
6,1276,668,1190,625
6,1272,671,1190,622
6,1269,673,1192,612
6,1248,667,1193,607
6,1272,694,1194,607
6,1272,699,1195,607
6,1283,704,1196,607
6,1263,710,1199,607
6,1265,712,1200,607
6,1242,719,1203,606
6,1215,738,1206,606
6,1219,743,1207,606
6,1229,719,1209,606
6,1200,731,1211,606
6,1183,747,1215,604
6,1169,772,1218,603
6,1176,769,1218,603
6,1162,760,1218,603
6,1151,783,1220,603
6,1179,778,1220,605
6,1184,773,1218,607
6,1190,776,1215,612
6,1181,773,1212,627
6,1190,794,1204,655
6,1182,790,1194,688
6,1157,779,1181,717
6,1166,806,1163,740
6,1157,828,1156,748
6,1185,832,1153,753
6,1172,804,1152,759
6,1159,827,1149,764
6,1194,836,1148,771
6,1174,844,1148,778
6,1157,858,1148,783
6,1146,845,1152,784
6,1142,847,1159,786
6,1142,848,1164,790
6,1136,856,1170,797
6,1169,847,1176,803
6,1137,850,1180,810
6,1123,859,1186,818
6,1133,857,1194,829
6,1151,894,1203,839
6,1143,904,1208,848
6,1127,908,1208,860
6,1148,893,1204,873
6,1147,889,1199,892
6,1177,877,1197,896
6,1170,889,1197,897
6,1188,909,1196,897
6,1161,896,1194,897
6,1150,896,1194,897
6,1148,893,1194,897
6,1161,900,1194,897
6,1170,905,1193,897
6,1185,925,1193,897
6,1170,948,1191,895
6,1170,918,1185,883
6,1161,919,1166,846
6,1171,920,1151,815
6,1187,911,1143,803
6,1180,927,1142,803
6,1183,944,1140,802
6,1179,978,1139,802
6,1157,908,1138,802
6,1163,921,1137,806
6,1170,932,1136,810
6,1201,919,1136,818
6,1180,927,1134,827
6,1179,925,1133,832
6,1204,955,1132,833
6,1181,939,1130,835
6,1191,959,1127,836
6,1193,914,1126,838
6,1207,906,1125,847
6,1228,923,1127,855
6,1248,933,1133,861
6,1239,940,1138,864
6,1258,929,1142,865
6,1268,927,1143,866
6,1265,937,1148,868
6,1268,926,1153,870
6,1243,938,1162,872
6,1245,946,1169,873
6,1231,952,1177,879
6,1209,947,1183,884
6,1194,951,1191,892
6,1193,915,1204,902
6,1198,910,1213,906
6,1203,900,1226,910
6,1222,885,1234,911
6,1219,876,1239,911
6,1197,870,1245,911
6,1192,875,1248,911
6,1176,861,1252,910
6,1160,833,1254,907
6,1158,849,1254,906
6,1171,843,1254,906
6,1155,841,1254,906
6,1147,849,1255,906
6,1143,835,1258,906
6,1161,831,1261,906
6,1152,845,1265,908
6,1161,857,1268,911
6,1186,883,1274,914
6,1207,880,1278,918
6,1208,892,1280,918
6,1223,890,1280,918
6,1216,898,1280,917
6,1224,930,1276,909
6,1240,929,1256,887
6,1250,938,1234,865
6,1243,962,1217,852
6,1227,952,1206,849
6,1228,931,1196,846
6,1239,930,1184,843
6,1262,968,1173,838
6,1263,918,1166,836
6,1257,921,1163,830
6,1279,908,1162,826
6,1281,903,1162,826
6,1280,888,1162,825
6,1289,886,1162,825
6,1273,888,1162,825
6,1280,896,1163,825
6,1286,910,1167,825
6,1275,917,1172,825
6,1267,919,1182,825
6,1283,958,1193,831
6,1302,928,1202,838
6,1324,953,1211,847
6,1331,951,1225,861
6,1342,926,1233,869
6,1338,899,1240,873
6,1360,909,1243,874
6,1386,898,1245,875
6,1350,916,1246,875
6,1351,926,1246,875
6,1356,925,1246,875
6,1367,933,1248,875
6,1365,919,1253,874
6,1367,919,1263,874
6,1361,930,1276,873
6,1390,939,1286,871
6,1334,950,1295,873
6,1344,945,1300,876
6,1366,919,1307,880
6,1365,937,1315,883
6,1374,958,1318,884
6,1389,911,1320,884
6,1353,906,1324,885
6,1334,904,1328,888
6,1312,887,1335,891
6,1318,909,1342,895
6,1323,919,1346,897
6,1308,929,1356,906
6,1322,937,1360,909
6,1328,947,1375,916
6,1307,955,1386,919
6,1297,966,1394,922
6,1321,959,1400,922
6,1338,954,1401,923
6,1370,942,1401,923
6,1356,919,1394,923
6,1357,933,1381,923
6,1361,919,1351,923
6,1366,933,1332,923
6,1378,944,1309,919
6,1375,953,1298,914
6,1336,948,1291,909
6,1332,956,1283,906
6,1344,948,1276,903
6,1343,958,1275,903
6,1344,951,1275,903
6,1352,965,1275,906
6,1323,949,1281,911
6,1333,928,1288,918
6,1360,931,1298,932
6,1347,937,1311,945
6,1358,916,1327,955
6,1351,905,1336,961
6,1316,890,1349,966
6,1304,878,1358,967
6,1299,866,1367,970
6,1292,860,1372,972
6,1304,857,1377,973
6,1304,869,1377,973
6,1301,880,1377,974
6,1280,871,1377,976
6,1270,881,1376,978
6,1264,909,1374,982
6,1294,911,1373,987
6,1297,925,1372,991
6,1294,950,1368,995
6,1282,964,1362,1000
6,1300,932,1355,1003
6,1305,911,1351,1006
6,1289,892,1349,1007
6,1308,900,1349,1007
6,1322,901,1349,1007
6,1328,895,1348,1006
6,1333,913,1348,1002
6,1349,893,1346,996
6,1343,887,1342,981
6,1355,880,1337,972
6,1363,887,1332,964
6,1350,886,1324,959
6,1361,874,1317,951
6,1381,875,1311,944
6,1373,875,1308,940
6,1367,878,1304,934
6,1352,872,1298,929
6,1350,885,1296,925
6,1363,905,1296,920
6,1346,897,1297,907
6,1335,866,1303,894
6,1330,880,1311,887
6,1333,883,1316,884
6,1340,901,1318,883
6,1355,891,1323,883
6,1357,915,1329,881
6,1339,905,1337,880
6,1315,915,1346,876
6,1331,928,1352,874
6,1311,931,1358,874
6,1293,941,1364,877
6,1292,960,1367,878
6,1308,947,1367,878
6,1311,951,1367,878
6,1333,958,1364,878
6,1328,946,1359,874
6,1328,958,1351,866
6,1327,963,1348,858
6,1340,915,1345,850
6,1341,931,1343,847
6,1354,950,1341,846
6,1349,947,1340,846
6,1347,950,1340,846
6,1337,968,1340,845
6,1343,916,1342,843
6,1311,914,1346,841
6,1310,917,1347,840
6,1306,905,1347,840
6,1276,897,1347,841
6,1254,897,1347,843
6,1238,875,1347,846
6,1238,877,1345,848
6,1238,883,1344,848
6,1234,887,1342,848
6,1216,925,1341,848
6,1244,932,1340,848
6,1264,934,1339,848
6,1267,934,1338,848
6,1249,936,1338,848
6,1227,943,1337,848
6,1206,949,1336,848
6,1216,921,1334,848
6,1219,921,1333,848
6,1228,941,1331,847
6,1238,951,1324,841
6,1235,930,1313,835
6,1234,945,1306,833
6,1230,935,1300,833
6,1222,933,1299,835
6,1231,909,1296,839
6,1234,912,1292,850
6,1237,931,1289,857
6,1210,947,1285,864
6,1197,962,1281,871
6,1195,907,1275,874
6,1201,901,1266,878
6,1199,902,1259,882
6,1185,879,1252,887
6,1178,868,1245,893
6,1172,879,1239,895
6,1149,896,1236,901
6,1163,909,1234,904
6,1156,878,1234,908
6,1142,873,1236,912
6,1136,889,1239,913
6,1128,879,1242,915
6,1128,890,1245,918
6,1105,913,1248,920
6,1102,915,1249,922
6,1096,921,1250,922
6,1106,901,1250,924
6,1121,884,1250,924
6,1108,878,1250,922
6,1085,892,1250,919
6,1094,882,1247,915
6,1104,889,1243,908
6,1091,896,1237,902
6,1087,907,1234,900
6,1082,902,1230,897
6,1072,931,1225,896
6,1093,915,1216,896
6,1092,904,1208,896
6,1079,901,1196,896
6,1069,893,1182,897
6,1078,897,1170,897
6,1070,892,1159,897
6,1067,877,1152,893
6,1067,863,1146,889
6,1063,849,1143,883
6,1070,859,1140,881
6,1059,869,1139,881
6,1059,868,1136,881
6,1059,861,1132,881
6,1067,843,1125,882
6,1046,817,1115,883
6,1062,787,1105,885
6,1082,770,1096,885
6,1086,772,1089,884
6,1120,750,1083,882
6,1130,757,1076,877
6,1122,786,1069,873
6,1141,760,1064,872
6,1115,759,1060,870
6,1114,763,1060,869
6,1103,769,1059,861
6,1093,788,1059,847
6,1117,820,1051,827
6,1085,820,1043,813
6,1085,838,1037,809
6,1069,834,1036,807
6,1070,840,1036,806
6,1078,846,1036,804
6,1104,829,1036,801
6,1126,815,1040,800
6,1130,800,1047,800
6,1131,768,1057,800
6,1115,775,1069,800
6,1089,778,1084,796
6,1087,779,1089,796
6,1092,786,1091,796
6,1083,778,1093,796
6,1085,798,1094,796
6,1082,788,1094,796
6,1068,788,1095,797
6,1054,779,1096,797
6,1050,801,1096,797
6,1051,813,1097,798
6,1047,798,1097,799
6,1064,819,1099,801
6,1051,826,1103,804
6,1069,811,1105,804
6,1081,852,1109,800
6,1083,837,1111,797
6,1076,835,1114,796
6,1087,825,1114,796
6,1098,815,1114,796
6,1086,809,1114,796
6,1087,807,1112,796
6,1097,785,1107,797
6,1102,784,1099,797
6,1085,770,1086,796
6,1067,770,1070,795
6,1063,757,1066,795
6,1062,769,1065,795
6,1067,765,1065,795
6,1067,785,1065,795
6,1054,781,1068,795
6,1053,791,1073,797
6,1044,783,1079,800
6,1045,793,1082,801
6,1052,792,1086,801
6,1076,781,1091,800
6,1105,783,1095,796
6,1103,798,1105,782
6,1097,780,1108,775
6,1075,771,1108,768
6,1057,764,1106,761
6,1079,752,1099,752
6,1081,754,1091,745
6,1091,744,1086,742
6,1072,749,1084,741
6,1082,764,1082,741
6,1099,754,1080,741
6,1098,749,1078,741
6,1084,771,1078,741
6,1059,778,1078,741
6,1071,775,1077,741
6,1056,797,1077,741
6,1071,805,1076,740
6,1045,790,1076,740
6,1035,800,1075,740
6,1043,825,1072,740
6,1053,825,1071,740
6,1054,807,1068,740
6,1052,815,1067,740
6,1037,806,1065,742
6,1018,820,1065,749
6,1011,833,1065,753
6,1027,833,1065,756
6,1026,845,1067,759
6,1008,848,1070,761
6,981,853,1074,762
6,964,833,1079,763
6,981,807,1082,763
6,992,813,1083,763
6,987,788,1083,763
6,978,790,1084,763
6,967,772,1084,763
6,970,758,1084,763
6,998,752,1084,763
6,1019,761,1084,763
6,1026,766,1084,763
6,999,764,1082,763
6,987,759,1077,762
6,978,761,1069,762
6,972,767,1059,762
6,983,786,1048,764
6,998,756,1037,769
6,991,747,1030,775
6,985,747,1023,777
6,994,753,1021,777
6,1009,759,1019,777
6,1015,746,1019,775
6,1021,744,1019,768
6,1015,738,1021,764
6,989,734,1021,764
6,1006,724,1021,763
6,995,730,1021,763
6,1003,754,1021,763
6,984,706,1021,763
6,1005,713,1017,763
6,990,721,1015,763
6,975,717,1012,763
6,980,739,1011,763
6,976,741,1011,763
6,971,732,1011,763
6,982,745,1011,762
6,1006,725,1011,760
6,997,744,1013,758
6,993,748,1013,756
6,1010,727,1013,753
6,1015,740,1013,746
6,1017,734,1013,739
6,1017,744,1012,734
6,1023,738,1010,728
6,1039,750,1008,723
6,1030,765,1007,721
6,1037,761,1007,720
6,1009,776,1007,719
6,1020,791,1007,719
6,1012,797,1007,719
6,991,809,1007,719
6,983,784,1005,719
6,970,786,1004,719
6,949,817,1003,719
6,950,809,1002,719
6,935,805,1002,719
6,922,814,1000,719
6,916,817,999,720
6,926,812,999,721
6,926,821,998,725
6,921,831,998,733
6,925,815,998,742
6,928,815,997,752
6,953,834,997,759
6,977,839,997,766
6,959,845,997,767
6,998,806,997,767
6,996,822,997,769
6,984,834,994,773
6,997,832,991,781
6,977,841,987,788
6,993,839,983,794
6,1013,846,981,795
6,1016,844,978,796
6,1032,860,976,797
6,1057,878,974,799
6,1041,875,970,806
6,1032,855,959,818
6,1025,851,952,822
6,1018,841,948,825
6,1020,856,948,825
6,1012,878,948,825
6,1006,885,948,825
6,1005,885,948,826
6,1018,913,951,827
6,1030,907,956,828
6,1024,890,963,828
6,1020,908,968,828
6,1030,917,975,830
6,1046,899,978,831
6,1036,907,982,831
6,1017,909,994,831
6,1004,906,1002,829
6,1001,924,1010,825
6,1004,935,1014,824
6,1018,935,1014,824
6,1030,933,1014,824
6,1028,937,1014,824
6,1022,924,1014,824
6,1017,926,1014,825
6,1026,918,1014,825
6,1031,922,1014,826
6,1034,906,1013,828
6,1024,878,1013,835
6,1022,883,1017,847
6,1006,884,1021,854
6,1028,861,1025,863
6,1027,883,1031,872
6,1022,892,1036,882
6,1036,888,1042,893
6,1039,903,1048,902
6,1020,940,1052,910
6,1006,929,1054,913
6,1018,906,1055,917
6,1012,895,1055,918
6,1017,882,1055,918
6,997,874,1055,918
6,996,904,1055,918
6,1015,892,1054,918
6,1014,877,1052,913
6,1019,853,1050,903
6,1007,860,1049,901
6,992,876,1046,897
6,987,880,1045,894
6,961,874,1042,888
6,979,877,1039,879
6,995,861,1037,876
6,1006,865,1036,873
6,1013,852,1035,873
6,1012,844,1032,873
6,1013,858,1029,875
6,1013,850,1026,877
6,992,863,1024,877
6,999,861,1020,877
6,987,836,1017,877
6,985,825,1015,876
6,1012,822,1011,875
6,1042,832,1007,873
6,1036,821,1000,873
6,1066,831,997,873
6,1046,831,995,874
6,1045,823,992,874
6,1039,810,991,874
6,1055,796,991,874
6,1061,792,991,874
6,1076,802,991,874
6,1076,811,993,874
6,1060,820,994,873
6,1057,844,995,873
6,1059,855,995,872
6,1041,851,995,871
6,1044,844,996,868
6,1023,829,996,867
6,1002,787,997,862
6,989,771,997,859
6,1005,768,997,853
6,1009,763,1003,845
6,1030,773,1010,837
6,1039,760,1019,833
6,1027,751,1029,833
6,1034,730,1042,836
6,1044,708,1056,847
6,1071,704,1069,853
6,1093,700,1083,858
6,1073,696,1092,861
6,1078,714,1097,862
6,1080,736,1097,862
6,1083,739,1096,864
6,1074,741,1091,864
6,1080,762,1080,864
6,1089,762,1072,864
6,1085,764,1063,860
6,1092,759,1055,851
6,1110,763,1047,838
6,1093,761,1039,824
6,1098,757,1037,817
6,1100,760,1036,816
6,1077,779,1036,814
6,1062,791,1037,812
6,1061,789,1045,801
6,1096,808,1059,779
6,1095,819,1073,755
6,1108,837,1079,748
6,1133,860,1080,746
6,1145,882,1080,746
6,1136,882,1080,746
6,1158,891,1080,746
6,1157,905,1080,746
6,1155,910,1080,746
6,1154,898,1080,746
6,1124,889,1080,746
6,1111,910,1080,746
6,1134,909,1082,747
6,1106,898,1083,750
6,1120,889,1086,758
6,1131,898,1089,770
6,1148,908,1092,783
6,1146,903,1097,795
6,1129,897,1101,804
6,1127,908,1104,810
6,1151,922,1106,817
6,1133,942,1107,825
6,1120,940,1110,838
6,1096,946,1112,855
6,1101,915,1114,868
6,1101,898,1117,880
6,1110,898,1119,885
6,1109,904,1122,887
6,1102,895,1122,887
6,1101,896,1122,888
6,1100,908,1124,893
6,1106,894,1128,900
6,1114,906,1134,905
6,1113,888,1138,907
6,1108,881,1140,909
6,1089,893,1141,909
6,1102,893,1141,910
6,1091,899,1141,910
6,1103,881,1139,911
6,1105,868,1135,914
6,1091,862,1127,918
6,1067,882,1115,922
6,1065,888,1110,925
6,1079,874,1105,926
6,1101,846,1099,927
6,1118,856,1094,929
6,1097,869,1090,929
6,1128,890,1089,929
6,1140,866,1088,929
6,1145,857,1088,929
6,1110,881,1088,929
6,1123,877,1088,927
6,1144,861,1087,926
6,1125,862,1087,920
6,1126,856,1086,917
6,1117,863,1086,912
6,1088,842,1086,901
6,1081,847,1086,883
6,1081,843,1088,858
6,1086,865,1090,846
6,1062,866,1090,842
6,1071,869,1091,842
6,1071,862,1091,842
6,1054,852,1092,842
6,1064,849,1096,842
6,1078,831,1099,842
6,1092,866,1103,842
6,1080,871,1104,842
6,1095,862,1104,842
6,1086,860,1105,842
6,1060,850,1105,845
6,1052,855,1106,846
6,1044,845,1106,847
6,1042,841,1106,847
6,1028,864,1106,848
6,1044,877,1104,848
6,1039,876,1096,848
6,1042,870,1089,848
6,1059,884,1084,846
6,1035,855,1077,845
6,1006,853,1072,841
6,1019,854,1070,839
6,1008,853,1070,839
6,996,858,1070,837
6,995,890,1070,836
6,989,876,1070,836
6,1012,875,1070,836
6,997,890,1070,836
6,1009,900,1070,836
6,1003,909,1070,836
6,1020,907,1070,836
6,1018,901,1070,836
6,1021,902,1067,839
6,1009,896,1065,842
6,1005,887,1062,849
6,1018,890,1059,856
6,1029,898,1055,864
6,1037,911,1052,874
6,1049,909,1049,883
6,1043,908,1048,892
6,1055,913,1048,898
6,1049,921,1048,906
6,1043,920,1048,907
6,1045,914,1049,911
6,1077,915,1053,914
6,1064,915,1054,915
6,1053,929,1056,917
6,1057,924,1056,918
6,1052,933,1056,918
6,1080,940,1056,918
6,1088,930,1056,918
6,1096,924,1056,918
6,1111,929,1056,918
6,1113,925,1056,918
6,1114,934,1056,918
6,1134,920,1056,918
6,1122,909,1055,918
6,1106,944,1055,918
6,1102,953,1055,918
6,1110,954,1055,918
6,1108,952,1055,918
6,1108,939,1055,918
6,1092,922,1055,918
6,1111,923,1055,918
6,1128,913,1055,918
6,1138,915,1055,918
6,1143,911,1055,915
6,1150,910,1057,911
6,1146,887,1062,906
6,1118,899,1073,896
6,1123,886,1089,883
6,1134,876,1093,880
6,1135,867,1095,880
6,1119,850,1098,881
6,1124,864,1098,881
6,1115,864,1098,881
6,1101,849,1098,882
6,1082,847,1094,883
6,1082,846,1092,884
6,1102,856,1090,886
6,1077,843,1088,887
6,1074,860,1087,887
6,1068,857,1087,887
6,1097,850,1086,887
6,1083,841,1086,887
6,1083,881,1084,887
6,1107,881,1083,886
6,1136,878,1080,883
6,1116,895,1078,877
6,1125,912,1069,867
6,1123,913,1058,861
6,1136,930,1049,857
6,1143,937,1044,855
6,1132,925,1041,855
6,1155,914,1041,855
6,1139,924,1040,854
6,1141,928,1040,854
6,1127,930,1040,854
6,1098,933,1040,854
6,1100,956,1040,854
6,1116,940,1040,854
6,1119,945,1040,854
6,1129,968,1040,854
6,1107,939,1040,855
6,1105,946,1040,862
6,1082,929,1045,869
6,1101,919,1052,877
6,1095,910,1063,881
6,1096,905,1072,887
6,1100,902,1082,893
6,1115,891,1084,894
6,1110,921,1087,895
6,1113,929,1089,898
6,1097,938,1089,898
6,1086,946,1089,899
6,1079,930,1089,900
6,1074,937,1089,902
6,1070,960,1089,904
6,1063,949,1089,908
6,1065,945,1089,909
6,1061,946,1089,911
6,1069,955,1086,913
6,1045,934,1085,915
6,1072,932,1083,915
6,1055,921,1082,915
6,1052,931,1081,915
6,1064,940,1079,914
6,1070,923,1078,912
6,1076,956,1078,911
6,1068,938,1078,909
6,1083,939,1077,905
6,1087,939,1076,900
6,1114,934,1075,898
6,1106,945,1075,898
6,1138,951,1075,898
6,1139,968,1071,898
6,1132,947,1068,898
6,1113,961,1063,898
6,1124,949,1060,899
6,1129,973,1059,899
6,1123,948,1058,899
6,1108,969,1058,898
6,1132,897,1058,896
6,1128,897,1058,895
6,1120,877,1061,895
6,1111,860,1064,895
6,1131,850,1071,897
6,1100,878,1078,898
6,1111,909,1087,901
6,1100,912,1099,908
6,1125,903,1106,912
6,1140,891,1112,918
6,1143,873,1114,920
6,1162,873,1116,923
6,1139,864,1116,923
6,1128,869,1116,924
6,1139,859,1117,924
6,1107,846,1117,924
6,1104,866,1117,924
6,1105,847,1119,924
6,1100,861,1121,925
6,1121,846,1123,926
6,1139,870,1126,926
6,1144,869,1129,926
6,1154,868,1130,924
6,1141,852,1131,918
6,1157,850,1133,910
6,1154,852,1133,903
6,1155,849,1136,897
6,1174,845,1138,890
6,1167,856,1147,872
6,1174,888,1157,852
6,1168,887,1159,846
6,1164,865,1159,844
6,1168,890,1158,843
6,1186,893,1153,843
6,1192,897,1146,843
6,1214,909,1141,841
6,1210,910,1132,841
6,1196,911,1123,841
6,1188,892,1119,841
6,1185,890,1118,841
6,1188,900,1118,841
6,1178,898,1118,844
6,1180,886,1119,846
6,1167,907,1122,847
6,1146,910,1125,847
6,1176,895,1130,847
6,1184,886,1136,848
6,1173,856,1144,851
6,1172,858,1153,856
6,1190,843,1159,860
6,1180,840,1166,868
6,1157,847,1172,873
6,1140,875,1175,880
6,1139,895,1177,883
6,1137,894,1178,886
6,1140,871,1181,891
6,1145,857,1182,898
6,1157,868,1184,904
6,1162,840,1184,909
6,1154,853,1184,914
6,1151,851,1184,919
6,1152,844,1183,923
6,1168,838,1182,924
6,1144,818,1180,925
6,1136,817,1176,926
6,1118,801,1175,926
6,1135,804,1173,922
6,1136,818,1171,915
6,1133,814,1169,893
6,1111,817,1169,858
6,1112,818,1166,831
6,1119,843,1164,824
6,1111,835,1164,823
6,1119,828,1164,823
6,1120,848,1164,823
6,1127,861,1164,823
6,1149,851,1162,823
6,1140,859,1157,823
6,1132,869,1151,825
6,1147,858,1144,826
6,1162,870,1136,826
6,1158,873,1129,826
6,1148,888,1124,826
6,1155,884,1118,823
6,1152,897,1114,819
6,1163,897,1111,818
6,1154,906,1108,818
6,1149,904,1107,818
6,1146,904,1106,818
6,1138,903,1105,818
6,1178,910,1104,818
6,1164,909,1103,816
6,1160,900,1103,816
6,1161,882,1103,816
6,1169,875,1103,817
6,1166,887,1105,819
6,1166,878,1109,820
6,1169,889,1119,826
6,1159,883,1123,826
6,1150,880,1135,830
6,1151,883,1142,833
6,1155,894,1151,838
6,1169,924,1153,840
6,1172,918,1153,843
6,1189,930,1153,847
6,1174,925,1152,852
6,1190,920,1149,857
6,1173,946,1146,865
6,1163,965,1143,869
6,1159,939,1141,871
6,1159,945,1140,872
6,1155,959,1140,872
6,1170,926,1140,872
6,1168,915,1140,872
6,1163,911,1140,872
6,1151,885,1142,872
6,1164,894,1153,868
6,1151,904,1158,866
6,1151,925,1162,864
6,1148,930,1162,864
6,1154,919,1163,864
6,1162,923,1163,864
6,1176,926,1163,866
6,1179,927,1163,868
6,1166,944,1163,869
6,1148,929,1161,873
6,1163,921,1159,877
6,1161,921,1153,882
6,1165,937,1151,888
6,1152,937,1149,890
6,1154,953,1147,893
6,1160,935,1147,893
6,1167,944,1145,893
6,1163,940,1145,893
6,1180,950,1144,893
6,1172,958,1143,893
6,1193,949,1141,894
6,1189,963,1141,894
6,1178,948,1141,896
6,1177,970,1142,900
6,1181,955,1143,903
6,1167,927,1145,907
6,1153,919,1148,909
6,1174,906,1150,913
6,1174,910,1154,916
6,1169,911,1156,919
6,1164,889,1157,922
6,1184,913,1158,926
6,1175,921,1161,928
6,1163,912,1163,932
6,1151,913,1165,934
6,1132,914,1170,934
6,1113,923,1174,936
6,1099,949,1178,936
6,1096,968,1181,935
6,1111,929,1182,935
6,1105,920,1184,935
6,1108,929,1186,935
6,1097,917,1188,935
6,1098,927,1192,938
6,1099,921,1194,939
6,1111,930,1196,939
6,1116,945,1197,939
6,1127,925,1197,939
6,1117,947,1197,938
6,1124,951,1197,931
6,1123,961,1192,922
6,1127,958,1186,909
6,1143,945,1175,895
6,1140,954,1164,883
6,1157,949,1155,877
6,1164,949,1148,874
6,1153,934,1142,873
6,1159,940,1139,872
6,1163,943,1137,872
6,1155,959,1135,872
6,1142,937,1135,872
6,1122,920,1135,872
6,1099,928,1134,872
6,1093,934,1133,871
6,1092,944,1131,867
6,1082,946,1128,865
6,1086,923,1127,865
6,1088,913,1127,865
6,1082,907,1127,865
6,1099,899,1127,865
6,1097,915,1126,864
6,1085,919,1127,860
6,1086,928,1129,855
6,1072,932,1131,851
6,1038,933,1132,850
6,1072,920,1132,850
6,1085,893,1133,850
6,1084,904,1135,850
6,1090,917,1135,849
6,1110,912,1135,849
6,1089,917,1136,847
6,1061,925,1136,846
6,1058,968,1136,844
6,1019,924,1136,843
6,1001,917,1136,842
6,1011,883,1136,841
6,1046,869,1136,841
6,1058,865,1136,841
6,1076,882,1136,841
6,1097,851,1134,841
6,1098,829,1132,841
6,1099,826,1127,844
6,1107,824,1122,846
6,1081,827,1117,847
6,1075,809,1112,850
6,1073,814,1103,853
6,1076,821,1093,857
6,1075,806,1082,859
6,1095,786,1075,860
6,1110,812,1073,860
6,1125,819,1071,860
6,1112,802,1071,859
6,1113,780,1071,858
6,1084,771,1070,856
6,1082,784,1070,855
6,1069,798,1072,852
6,1065,799,1076,848
6,1054,805,1082,841
6,1042,792,1085,834
6,1068,818,1087,828
6,1084,805,1087,826
6,1075,803,1087,825
6,1072,814,1089,825
6,1080,806,1089,825
6,1083,785,1089,825
6,1088,795,1089,825
6,1081,824,1088,826
6,1070,840,1087,827
6,1080,816,1086,829
6,1070,814,1086,829
6,1078,828,1085,830
6,1103,799,1085,830
6,1101,775,1084,831
6,1098,776,1084,833
6,1107,769,1083,834
6,1089,767,1082,837
6,1086,764,1082,840
6,1088,770,1083,847
6,1096,772,1089,850
6,1101,749,1091,851
6,1125,744,1096,851
6,1121,767,1098,851
6,1123,763,1102,851
6,1129,752,1105,851
6,1114,752,1109,851
6,1117,768,1112,851
6,1123,762,1115,851
6,1148,779,1117,851
6,1162,781,1119,851
6,1147,786,1124,852
6,1172,786,1129,852
6,1166,790,1133,852
6,1178,792,1139,848
6,1171,785,1143,846
6,1168,786,1144,844
6,1160,788,1145,841
6,1164,813,1146,836
6,1135,814,1150,821
6,1143,834,1152,785
6,1120,817,1152,777
6,1086,817,1151,773
6,1078,805,1151,773
6,1079,806,1151,773
6,1083,785,1151,773
6,1082,764,1151,773
6,1099,763,1151,773
6,1118,777,1151,773
6,1126,795,1151,773
6,1125,784,1151,773
6,1118,780,1153,777
6,1093,771,1156,779
6,1097,792,1162,785
6,1087,769,1164,790
6,1072,775,1166,795
6,1072,768,1166,802
6,1091,766,1166,807
6,1065,754,1161,814
6,1074,773,1155,820
6,1070,756,1143,823
6,1066,742,1134,825
6,1056,756,1127,825
6,1054,760,1122,824
6,1037,757,1120,823
6,1033,755,1120,822
6,1015,739,1120,820
6,1016,739,1120,814
6,1019,735,1120,807
6,1009,722,1120,800
6,996,725,1117,796
6,1003,720,1115,795
6,1007,726,1113,794
6,1018,716,1109,792
6,1014,723,1105,788
6,1013,703,1098,783
6,1008,698,1094,779
6,971,697,1093,776
6,955,719,1091,776
6,946,728,1085,775
6,945,719,1082,775
6,949,726,1078,775
6,947,712,1073,774
6,950,709,1066,771
6,947,715,1057,765
6,970,690,1050,762
6,967,690,1045,761
6,963,681,1043,759
6,964,676,1039,757
6,941,662,1038,754
6,953,672,1035,746
6,963,667,1032,739
6,945,681,1030,732
6,953,682,1027,728
6,959,691,1023,725
6,977,692,1020,723
6,970,672,1014,719
6,966,698,1007,711
6,955,715,1002,704
6,940,733,1000,697
6,920,730,998,693
6,917,726,996,691
6,930,721,995,690
6,912,716,995,690
6,917,710,995,690
6,897,726,995,690
6,896,732,995,690
6,923,722,995,690
6,895,693,995,690
6,888,682,993,690
6,893,661,990,690
6,921,671,988,690
6,926,679,984,693
6,936,694,979,695
6,936,706,976,696
6,949,688,975,696
6,928,681,974,696
6,924,671,972,698
6,927,681,971,701
6,931,691,968,706
6,939,694,966,710
6,940,692,966,712
6,926,675,965,712
6,914,683,965,712
6,928,698,964,712
6,937,703,963,712
6,931,715,963,712
6,951,725,963,712
6,937,740,961,711
6,942,728,960,705
6,948,706,957,700
6,951,705,955,699
6,938,710,953,698
6,950,717,953,696
6,943,725,952,696
6,941,708,950,695
6,947,692,949,694
6,954,733,949,693
6,947,744,948,692
6,950,738,948,692
6,968,759,948,692
6,974,773,948,692
6,973,757,948,692
6,967,764,948,693
6,977,792,948,700
6,979,784,949,711
6,971,785,952,722
6,951,800,954,727
6,947,828,957,731
6,954,821,960,735
6,953,810,962,737
6,936,821,964,741
6,933,820,965,743
6,940,809,966,746
6,931,824,969,750
6,924,842,971,753
6,910,837,973,755
6,933,855,976,757
6,955,852,981,761
6,934,862,984,765
6,918,864,989,769
6,912,867,993,775
6,898,882,995,776
6,890,887,998,779
6,866,921,1000,783
6,866,925,1000,788
6,899,924,1000,798
6,908,901,998,810
6,917,896,989,829
6,916,904,971,844
6,908,903,959,859
6,909,893,948,868
6,900,892,942,872
6,909,848,937,875
6,903,853,933,879
6,910,873,929,881
6,908,852,924,886
6,907,851,918,887
6,875,821,913,890
6,883,826,908,890
6,861,832,901,891
6,829,821,891,892
6,820,801,880,892
6,811,798,870,892
6,811,766,863,892
6,832,748,856,894
6,844,758,854,894
6,840,737,852,895
6,823,736,851,895
6,818,732,849,895
6,816,741,849,895
6,816,750,849,895
6,818,759,849,894
6,794,774,849,894
6,812,779,849,891
6,811,782,849,889
6,826,790,848,886
6,823,783,847,880
6,816,789,847,872
6,780,782,845,863
6,774,797,845,837
6,746,814,839,807
6,754,818,831,781
6,764,818,825,775
6,752,833,817,770
6,773,823,810,769
6,776,828,802,768
6,787,823,795,768
6,803,838,790,768
6,803,841,785,768
6,806,845,778,771
6,821,846,777,773
6,816,856,776,776
6,822,859,776,779
6,822,847,776,780
6,820,838,776,781
6,818,855,776,782
6,800,856,776,784
6,823,857,775,787
6,815,847,773,789
6,797,819,773,790
6,800,810,773,791
6,783,813,773,791
6,764,822,772,791
6,759,829,772,791
6,765,846,772,791
6,794,856,772,791
6,794,845,772,791
6,789,830,772,791
6,775,841,772,794
6,761,825,774,796
6,749,817,776,799
6,759,838,779,805
6,754,831,782,806
6,759,839,785,808
6,761,842,786,808
6,753,830,787,808
6,730,830,787,808
6,739,837,787,808
6,752,853,787,808
6,728,837,787,809
6,737,834,784,809
6,746,814,782,810
6,745,815,779,810
6,751,789,775,810
6,773,778,765,810
6,792,764,746,810
6,802,790,724,810
6,824,787,705,810
6,831,768,687,806
6,809,780,674,801
6,817,775,665,797
6,814,791,658,792
6,828,773,655,791
6,823,754,654,790
6,872,765,654,790
6,872,771,654,790
6,890,754,656,790
6,877,746,660,790
6,871,721,663,790
6,853,746,672,790
6,869,770,690,790
6,885,763,710,790
6,885,771,720,790
6,899,768,736,790
6,906,753,749,792
6,926,753,770,797
6,936,728,780,797
6,967,714,787,798
6,989,677,794,798
6,1012,694,798,798
6,1016,693,799,798
6,1047,685,799,798
6,1034,691,799,798
6,1035,700,799,796
6,1022,700,799,793
6,1017,683,799,791
6,1008,660,799,791
6,1020,661,799,790
6,1031,666,799,790
6,997,671,799,790
6,992,690,799,790
6,976,694,799,790
6,971,726,801,788
6,975,741,808,783
6,970,758,819,779
6,965,768,851,767
6,972,762,874,760
6,961,771,907,756
6,949,792,927,750
6,942,776,948,743
6,930,764,964,734
6,939,742,979,719
6,932,745,993,691
6,941,739,1004,672
6,925,732,1006,661
6,922,742,1009,654
6,921,770,1010,652
6,917,755,1010,650
6,946,772,1010,650
6,961,765,1010,650
6,960,774,1010,650
6,952,779,1010,652
6,943,786,1012,666
6,970,805,1012,686
6,979,788,1012,707
6,963,782,1012,732
6,962,784,1015,751
6,965,788,1017,768
6,980,806,1018,785
6,991,804,1018,797
6,961,802,1013,821
6,946,805,1010,830
6,935,810,1007,835
6,930,815,1007,836
6,913,824,1006,837
6,908,843,1005,840
6,909,843,1003,842
6,921,835,999,847
6,905,846,991,853
6,875,867,989,855
6,867,861,987,857
6,883,844,983,858
6,870,848,977,858
6,884,857,970,857
6,856,860,961,856
6,861,867,956,856
6,872,880,952,855
6,851,877,949,852
6,849,871,945,851
6,819,877,940,850
6,852,886,933,846
6,853,908,931,844
6,849,902,929,842
6,842,900,926,839
6,837,908,924,836
6,840,882,921,834
6,832,885,919,832
6,822,880,917,828
6,828,883,915,825
6,817,882,913,824
6,815,914,913,821
6,795,887,912,820
6,782,866,908,818
6,764,872,905,817
6,751,881,900,817
6,766,886,894,815
6,747,904,884,817
6,773,912,871,820
6,753,922,856,825
6,737,898,844,828
6,739,873,835,830
6,728,866,821,831
6,759,874,808,834
6,752,887,800,837
6,765,890,797,838
6,770,879,791,841
6,779,888,788,842
6,761,915,781,844
6,758,938,771,844
6,770,938,757,844
6,747,928,743,844
6,719,956,732,844
6,713,950,718,843
6,710,939,704,843
6,735,946,692,842
6,734,961,685,840
6,730,937,678,839
6,740,927,674,838
6,761,943,672,838
6,747,911,672,838
6,742,884,672,838
6,730,893,672,838
6,739,902,672,838
6,730,892,674,838
6,758,879,677,840
6,745,880,681,847
6,756,874,688,854
6,763,848,692,858
6,776,832,696,862
6,769,866,697,863
6,763,856,697,864
6,749,842,697,864
6,747,859,697,864
6,747,849,697,864
6,747,841,697,864
6,742,838,697,864
6,720,844,697,864
6,716,830,697,864
6,712,828,697,864
6,716,826,697,864
6,715,838,697,864
6,699,833,700,862
6,697,811,700,861
6,688,799,701,859
6,691,810,701,859
6,675,810,701,858
6,636,816,701,858
6,631,807,703,856
6,634,795,705,852
6,648,809,706,850
6,652,810,706,848
6,659,826,706,847
6,659,811,706,844
6,659,822,705,843
6,672,793,703,841
6,640,792,702,840
6,674,814,701,839
6,663,807,698,836
6,650,813,696,835
6,644,819,695,834
6,635,806,695,834
6,633,824,695,834
6,668,814,695,832
6,634,807,695,832
6,639,811,695,831
6,644,787,695,831
6,595,789,695,829
6,600,785,695,828
6,604,788,694,826
6,580,790,692,825
6,593,786,692,823
6,572,801,691,820
6,559,801,689,819
6,563,775,687,818
6,571,774,686,818
6,572,784,686,817
6,555,795,686,817
6,555,796,686,817
6,573,809,686,817
6,569,832,686,817
6,599,831,686,817
6,606,838,686,817
6,603,855,686,817
6,595,874,686,818
6,578,857,686,819
6,550,857,686,822
6,562,846,683,823
6,553,807,678,825
6,531,814,673,825
6,578,795,664,825
6,589,799,661,823
6,583,784,649,819
6,582,793,645,818
6,577,789,630,816
6,562,812,622,816
6,566,813,615,816
6,540,805,610,816
6,577,795,607,818
6,564,804,605,820
6,579,800,604,821
6,581,782,600,825
6,575,764,596,827
6,572,725,591,831
6,551,731,586,832
6,539,748,581,834
6,543,743,570,834
6,559,736,558,834
6,561,745,551,832
6,572,758,549,832
6,561,728,549,830
6,565,710,552,827
6,544,710,562,821
6,564,704,583,812
6,558,706,595,807
6,533,688,602,804
6,547,696,604,804
6,548,684,606,804
6,559,682,607,804
6,561,692,607,803
6,553,656,608,803
6,570,646,612,800
6,573,636,613,798
6,579,641,614,797
6,599,633,614,796
6,611,634,611,793
6,599,619,606,788
6,603,615,600,782
6,603,626,592,771
6,596,631,587,754
6,609,641,576,735
6,622,629,568,717
6,623,640,560,701
6,625,643,553,696
6,643,656,553,694
6,644,661,553,693
6,664,652,553,692
6,662,645,558,691
6,678,659,565,686
6,696,661,571,684
6,687,692,580,681
6,673,673,592,679
6,694,668,600,679
6,707,683,607,679
6,703,689,616,679
6,703,676,622,679
6,682,673,626,679
6,673,660,630,679
6,686,653,634,679
6,678,660,639,679
6,686,667,643,679
6,687,647,649,679
6,691,640,656,679
6,687,645,662,678
6,697,653,672,676
6,705,656,680,676
6,706,670,689,678
6,689,657,704,681
6,682,648,716,684
6,708,618,728,686
6,722,589,739,687
6,698,596,748,689
6,700,613,755,692
6,690,604,762,696
6,711,614,770,700
6,708,621,777,703
6,735,613,784,704
6,785,609,788,706
6,777,618,790,706
6,745,654,791,707
6,748,667,791,707
6,762,639,791,707
6,747,623,792,707
6,747,642,795,707
6,768,657,796,707
6,783,645,797,706
6,790,644,797,706
6,771,645,797,706
6,761,642,798,705
6,779,632,798,702
6,781,598,798,696
6,776,637,795,687
6,781,630,790,681
6,792,632,789,679
6,779,633,788,677
6,804,617,787,673
6,812,600,784,666
6,827,574,780,662
6,832,574,778,661
6,856,599,777,660
6,846,569,777,660
6,844,581,777,660
6,850,605,778,656
6,862,608,779,651
6,868,597,782,644
6,838,606,784,638
6,819,603,788,634
6,841,589,797,630
6,834,580,818,623
6,834,601,827,617
6,832,585,833,613
6,841,580,837,607
6,845,564,841,602
6,858,557,845,598
6,873,557,851,594
6,875,558,856,594
6,861,575,859,594
6,869,582,863,594
6,875,569,868,597
6,854,541,875,600
6,842,537,886,600
6,871,560,894,599
6,881,556,899,598
6,882,552,904,598
6,876,557,910,598
6,865,561,914,598
6,851,553,919,598
6,826,553,926,597
6,819,555,930,596
6,802,579,932,594
6,801,580,934,594
6,770,549,934,594
6,758,547,937,594
6,771,574,938,595
6,780,582,938,595
6,806,572,938,595
6,826,562,938,595
6,821,565,938,595
6,825,564,938,595
6,839,570,932,596
6,821,549,920,596
6,850,532,899,596
6,839,520,876,595
6,843,520,855,595
6,840,512,838,595
6,815,545,814,599
6,806,550,810,602
6,808,551,800,605
6,830,539,797,606
6,816,509,788,609
6,808,497,782,610
6,815,477,779,613
6,815,464,776,614
6,786,452,775,614
6,759,437,776,614
6,753,457,779,614
6,750,461,782,612
6,731,458,786,611
6,730,466,789,609
6,752,475,795,606
6,772,474,808,598
6,785,465,830,581
6,795,469,854,564
6,788,450,863,557
6,770,435,867,555
6,743,427,867,555
6,740,443,867,555
6,737,444,868,546
6,746,437,873,531
6,744,434,874,518
6,739,447,874,507
6,710,432,871,500
6,728,423,865,495
6,734,446,861,489
6,748,440,856,483
6,767,423,850,474
6,766,454,847,464
6,764,438,844,455
6,783,446,841,446
6,791,433,838,442
6,787,425,836,440
6,798,427,834,439
6,786,427,830,438
6,796,433,826,435
6,789,433,821,433
6,797,420,814,430
6,790,403,801,428
6,768,400,792,427
6,779,393,784,427
6,787,364,778,429
6,776,375,776,429
6,782,381,775,429
6,788,377,775,428
6,802,362,775,426
6,819,347,775,422
6,820,339,775,421
6,819,322,777,420
6,807,323,779,419
6,841,326,781,418
6,831,331,783,418
6,832,353,784,418
6,836,347,784,418
6,833,359,785,418
6,831,362,787,420
6,811,350,788,424
6,821,366,791,426
6,833,366,792,426
6,805,352,794,426
6,820,348,796,426
6,822,336,801,422
6,806,329,805,416
6,801,321,812,398
6,783,340,821,368
6,758,347,834,326
6,771,350,839,299
6,771,360,839,290
6,764,370,839,287
6,745,408,839,287
6,722,393,839,287
6,721,370,839,287
6,735,349,839,287
6,758,349,839,287
6,754,359,839,287
6,749,368,839,287
6,726,355,839,287
6,722,341,839,287
6,726,320,839,287
6,735,317,839,288
6,719,297,839,294
6,731,253,836,301
6,747,271,835,310
6,758,261,832,317
6,760,258,827,323
6,775,276,825,326
6,776,268,824,328
6,787,257,824,328
6,786,265,823,328
6,786,281,817,329
6,769,261,808,328
6,793,248,801,328
6,794,238,794,327
6,792,247,790,323
6,785,232,786,314
6,798,246,784,303
6,810,246,781,296
6,788,245,778,289
6,759,258,777,287
6,745,264,777,287
6,738,260,777,287
6,745,253,777,287
6,769,255,777,287
6,784,249,777,287
6,774,271,777,287
6,793,251,777,287
6,784,277,777,287
6,779,276,777,287
6,778,275,777,287
6,772,279,777,287
6,774,286,777,287
6,777,255,777,287
6,784,242,777,287
6,794,230,777,287
6,799,228,777,287
6,804,213,777,287
6,809,235,777,287
6,797,225,777,287
6,775,213,777,287
6,780,216,777,287
6,768,230,779,287
6,766,200,780,287
6,775,198,782,288
6,786,203,786,292
6,784,178,789,293
6,769,164,793,295
6,781,181,798,296
6,776,167,802,296
6,815,169,805,298
6,808,168,809,298
6,820,180,812,298
6,816,193,815,298
6,824,187,815,298
6,811,186,815,298
6,815,191,816,298
6,826,192,817,289
6,807,192,819,279
6,811,197,818,269
6,820,200,817,262
6,817,190,817,256
6,802,181,818,249
6,799,204,822,237
6,815,172,826,224
6,826,185,828,219
6,833,177,830,215
6,838,170,831,212
6,841,167,837,207
6,850,147,843,202
6,859,133,850,199
6,864,122,855,195
6,877,134,861,187
6,896,119,867,180
6,884,141,874,168
6,892,147,877,163
6,918,165,878,163
6,901,180,878,163
6,893,175,878,163
6,888,162,878,163
6,861,163,878,163
6,862,156,878,161
6,853,158,880,154
6,846,138,881,150
6,836,137,882,150
6,820,143,884,150
6,818,153,884,149
6,817,146,887,147
6,839,131,889,142
6,837,136,897,132
6,842,153,906,127
6,836,140,919,122
6,828,140,922,122
6,829,149,926,122
6,827,127,927,121
6,800,126,932,117
6,788,133,939,113
6,797,137,946,111
6,808,133,948,111
6,791,144,950,111
6,776,166,952,114
6,786,167,952,114
6,779,142,952,114
6,766,159,955,110
6,767,165,959,104
6,756,169,960,102
6,732,187,960,101
6,730,196,960,101
6,759,196,959,98
6,739,203,956,93
6,736,226,950,89
6,744,214,945,86
6,719,203,938,83
6,724,204,933,82
6,747,213,925,82
6,742,192,916,83
6,714,211,904,87
6,713,206,881,93
6,721,232,853,103
6,717,226,827,111
6,731,238,806,121
6,731,231,777,135
6,744,263,750,160
6,698,255,720,186
6,702,260,695,213
6,677,252,680,234
6,678,255,672,251
6,645,247,665,264
6,651,232,662,275
6,656,248,661,280
6,666,258,661,282
6,685,267,661,289
6,693,250,661,297
6,695,260,661,308
6,690,251,661,313
6,675,257,664,314
6,649,245,667,316
6,632,227,668,318
6,658,203,668,321
6,655,217,673,329
6,649,229,674,340
6,663,202,677,350
6,646,206,680,356
6,629,203,681,356
6,649,214,683,356
6,659,215,684,356
6,667,201,687,356
6,655,199,687,356
6,637,189,687,356
6,642,205,687,356
6,661,206,687,356
6,647,224,687,356
6,650,219,687,356
6,654,229,687,352
6,644,222,686,347
6,633,227,685,343
6,639,253,681,336
6,629,262,676,321
6,638,265,674,294
6,635,270,672,274
6,667,266,672,258
6,690,273,671,252
6,688,283,670,251
6,710,261,668,250
6,704,264,668,250
6,687,254,667,250
6,675,240,667,250
6,684,226,667,250
6,679,238,667,250
6,689,241,667,250
6,714,244,667,250
6,746,251,667,250
6,732,274,667,255
6,732,288,667,280
6,719,296,666,290
6,697,297,663,297
6,683,288,663,300
6,689,273,662,304
6,678,267,660,307
6,698,272,660,308
6,707,266,660,308
6,712,253,664,308
6,706,244,674,300
6,699,239,683,296
6,684,251,691,294
6,705,254,698,295
6,716,231,702,296
6,717,243,703,296
6,707,241,703,297
6,706,265,703,297
6,716,260,701,298
6,717,267,698,299
6,720,297,694,303
6,742,303,691,306
6,732,292,687,307
6,739,272,685,308
6,715,256,684,308
6,706,253,682,308
6,726,277,681,308
6,742,260,679,306
6,747,274,676,291
6,743,290,674,271
6,745,278,674,264
6,735,289,678,261
6,730,286,683,261
6,740,274,688,261
6,696,261,691,262
6,678,278,696,266
6,676,269,698,266
6,670,273,699,267
6,627,244,702,272
6,629,229,702,276
6,626,224,702,283
6,647,210,702,291
6,657,234,699,300
6,679,244,699,301
6,654,233,701,302
6,643,245,706,304
6,658,270,712,307
6,646,268,714,309
6,658,268,715,312
6,639,278,715,315
6,673,291,715,315
6,658,270,716,316
6,667,272,719,316
6,654,267,724,316
6,664,240,726,316
6,678,225,726,316
6,675,212,727,316
6,665,207,727,316
6,667,170,727,314
6,690,154,718,307
6,696,156,708,301
6,665,140,701,298
6,672,143,697,297
6,688,107,692,296
6,708,164,688,294
6,701,176,687,294
6,710,179,687,294
6,726,156,685,294
6,707,136,682,294
6,728,145,681,294
6,742,131,681,294
6,761,146,681,290
6,760,129,689,279
6,760,135,699,270
6,763,157,702,264
6,744,149,705,261
6,764,164,709,261
6,757,182,711,261
6,761,181,712,261
6,784,171,715,261
6,804,189,717,261
6,782,182,719,261
6,772,166,721,262
6,784,168,725,263
6,768,181,726,264
6,760,201,726,265
6,772,191,726,265
6,765,179,726,265
6,769,176,728,265
6,762,177,730,265
6,748,171,733,264
6,729,181,736,260
6,731,194,741,255
6,726,188,748,244
6,750,196,757,228
6,733,187,767,202
6,724,187,778,175
6,719,200,783,166
6,700,205,784,163
6,700,209,785,162
6,690,225,788,160
6,693,227,804,148
6,706,232,815,131
6,713,232,827,119
6,717,258,834,110
6,720,272,838,106
6,712,291,838,106
6,713,285,838,106
6,717,273,838,106
6,735,255,839,106
6,737,281,839,106
6,748,264,839,106
6,774,261,839,106
6,789,275,839,106
6,786,266,839,106
6,793,263,839,107
6,784,266,839,113
6,815,268,829,137
6,828,266,818,160
6,834,291,777,223
6,833,271,761,247
6,836,263,757,254
6,825,242,757,256
6,846,252,757,256
6,830,268,757,257
6,839,258,757,257
6,808,266,757,258
6,812,251,757,258
6,809,255,759,258
6,824,251,761,259
6,833,237,771,266
6,848,229,782,272
6,855,233,790,277
6,857,273,800,280
6,844,270,812,281
6,837,267,825,283
6,861,274,829,284
6,882,279,831,285
6,888,279,834,288
6,893,299,836,289
6,906,289,838,289
6,927,308,845,287
6,921,289,852,283
6,921,252,859,278
6,943,262,866,277
6,937,252,871,277
6,933,248,873,277
6,954,255,874,276
6,965,266,874,276
6,974,261,874,275
6,963,299,870,275
6,956,285,868,275
6,970,307,866,275
6,974,319,864,275
