Time,Block,Trial,Scene_from_keyfile,Shapes,Positions,Tracked_x,Tracked_y,Mouse_x,Mouse_y
139347,0,1,33,[6, 5, 8, 12, 2, 1],[[1, 1], [2, 1], [3, 1], [3, 2], [2, 2], [3, 3]],972,558,961,541
139395,0,1,33,[6, 5, 8, 12, 2, 1],[[1, 1], [2, 1], [3, 1], [3, 2], [2, 2], [3, 3]],969,556,961,541
139430,0,1,33,[6, 5, 8, 12, 2, 1],[[1, 1], [2, 1], [3, 1], [3, 2], [2, 2], [3, 3]],968,558,961,541
139464,0,1,33,[6, 5, 8, 12, 2, 1],[[1, 1], [2, 1], [3, 1], [3, 2], [2, 2], [3, 3]],942,567,961,541
139499,0,1,33,[6, 5, 8, 12, 2, 1],[[1, 1], [2, 1], [3, 1], [3, 2], [2, 2], [3, 3]],940,557,961,541
139535,0,1,33,[6, 5, 8, 12, 2, 1],[[1, 1], [2, 1], [3, 1], [3, 2], [2, 2], [3, 3]],972,553,961,541
139569,0,1,33,[6, 5, 8, 12, 2, 1],[[1, 1], [2, 1], [3, 1], [3, 2], [2, 2], [3, 3]],960,569,961,541
139603,0,1,33,[6, 5, 8, 12, 2, 1],[[1, 1], [2, 1], [3, 1], [3, 2], [2, 2], [3, 3]],949,600,961,541
139637,0,1,33,[6, 5, 8, 12, 2, 1],[[1, 1], [2, 1], [3, 1], [3, 2], [2, 2], [3, 3]],962,607,961,541
139672,0,1,33,[6, 5, 8, 12, 2, 1],[[1, 1], [2, 1], [3, 1], [3, 2], [2, 2], [3, 3]],975,618,961,541
139705,0,1,33,[6, 5, 8, 12, 2, 1],[[1, 1], [2, 1], [3, 1], [3, 2], [2, 2], [3, 3]],981,628,961,541
139739,0,1,33,[6, 5, 8, 12, 2, 1],[[1, 1], [2, 1], [3, 1], [3, 2], [2, 2], [3, 3]],987,615,961,541
139789,0,1,33,[6, 5, 8, 12, 2, 1],[[1, 1], [2, 1], [3, 1], [3, 2], [2, 2], [3, 3]],960,637,961,541
139825,0,1,33,[6, 5, 8, 12, 2, 1],[[1, 1], [2, 1], [3, 1], [3, 2], [2, 2], [3, 3]],967,629,961,541
139870,0,1,33,[6, 5, 8, 12, 2, 1],[[1, 1], [2, 1], [3, 1], [3, 2], [2, 2], [3, 3]],949,641,961,541
139932,0,1,33,[6, 5, 8, 12, 2, 1],[[1, 1], [2, 1], [3, 1], [3, 2], [2, 2], [3, 3]],958,656,961,541
140004,0,1,33,[6, 5, 8, 12, 2, 1],[[1, 1], [2, 1], [3, 1], [3, 2], [2, 2], [3, 3]],963,664,961,541
140070,0,1,33,[6, 5, 8, 12, 2, 1],[[1, 1], [2, 1], [3, 1], [3, 2], [2, 2], [3, 3]],972,682,973,643
140136,0,1,33,[6, 5, 8, 12, 2, 1],[[1, 1], [2, 1], [3, 1], [3, 2], [2, 2], [3, 3]],980,655,991,706
140193,0,1,33,[6, 5, 8, 12, 2, 1],[[1, 1], [2, 1], [3, 1], [3, 2], [2, 2], [3, 3]],982,662,998,778
140264,0,1,33,[6, 5, 8, 12, 2, 1],[[1, 1], [2, 1], [3, 1], [3, 2], [2, 2], [3, 3]],988,682,997,823
140308,0,1,33,[6, 5, 8, 12, 2, 1],[[1, 1], [2, 1], [3, 1], [3, 2], [2, 2], [3, 3]],982,683,991,846
140369,0,1,33,[6, 5, 8, 12, 2, 1],[[1, 1], [2, 1], [3, 1], [3, 2], [2, 2], [3, 3]],943,659,990,848
140429,0,1,33,[6, 5, 8, 12, 2, 1],[[1, 1], [2, 1], [3, 1], [3, 2], [2, 2], [3, 3]],934,646,986,841
140520,0,1,33,[6, 5, 8, 12, 2, 1],[[1, 1], [2, 1], [3, 1], [3, 2], [2, 2], [3, 3]],940,646,959,776
140569,0,1,33,[6, 5, 8, 12, 2, 1],[[1, 1], [2, 1], [3, 1], [3, 2], [2, 2], [3, 3]],945,640,951,741
140662,0,1,33,[6, 5, 8, 12, 2, 1],[[1, 1], [2, 1], [3, 1], [3, 2], [2, 2], [3, 3]],939,662,947,736
140757,0,1,33,[6, 5, 8, 12, 2, 1],[[1, 1], [2, 1], [3, 1], [3, 2], [2, 2], [3, 3]],961,653,932,706
140833,0,1,33,[6, 5, 8, 12, 2, 1],[[1, 1], [2, 1], [3, 1], [3, 2], [2, 2], [3, 3]],951,611,925,687
140894,0,1,33,[6, 5, 8, 12, 2, 1],[[1, 1], [2, 1], [3, 1], [3, 2], [2, 2], [3, 3]],948,610,925,678
140936,0,1,33,[6, 5, 8, 12, 2, 1],[[1, 1], [2, 1], [3, 1], [3, 2], [2, 2], [3, 3]],980,626,925,676
141056,0,1,33,[6, 5, 8, 12, 2, 1],[[1, 1], [2, 1], [3, 1], [3, 2], [2, 2], [3, 3]],1024,628,927,658
141115,0,1,33,[6, 5, 8, 12, 2, 1],[[1, 1], [2, 1], [3, 1], [3, 2], [2, 2], [3, 3]],1036,635,938,632
141174,0,1,33,[6, 5, 8, 12, 2, 1],[[1, 1], [2, 1], [3, 1], [3, 2], [2, 2], [3, 3]],1026,621,939,626
141234,0,1,33,[6, 5, 8, 12, 2, 1],[[1, 1], [2, 1], [3, 1], [3, 2], [2, 2], [3, 3]],1023,627,939,624
141320,0,1,33,[6, 5, 8, 12, 2, 1],[[1, 1], [2, 1], [3, 1], [3, 2], [2, 2], [3, 3]],1037,609,950,622
141422,0,1,33,[6, 5, 8, 12, 2, 1],[[1, 1], [2, 1], [3, 1], [3, 2], [2, 2], [3, 3]],1031,613,1012,620
141488,0,1,33,[6, 5, 8, 12, 2, 1],[[1, 1], [2, 1], [3, 1], [3, 2], [2, 2], [3, 3]],1027,607,1012,620
141524,0,1,33,[6, 5, 8, 12, 2, 1],[[1, 1], [2, 1], [3, 1], [3, 2], [2, 2], [3, 3]],1002,621,1012,620
141614,0,1,33,[6, 5, 8, 12, 2, 1],[[1, 1], [2, 1], [3, 1], [3, 2], [2, 2], [3, 3]],1021,653,1012,620
141675,0,1,33,[6, 5, 8, 12, 2, 1],[[1, 1], [2, 1], [3, 1], [3, 2], [2, 2], [3, 3]],1024,668,1032,620
141730,0,1,33,[6, 5, 8, 12, 2, 1],[[1, 1], [2, 1], [3, 1], [3, 2], [2, 2], [3, 3]],1013,674,1031,620
141783,0,1,33,[6, 5, 8, 12, 2, 1],[[1, 1], [2, 1], [3, 1], [3, 2], [2, 2], [3, 3]],1021,670,1017,627
141836,0,1,33,[6, 5, 8, 12, 2, 1],[[1, 1], [2, 1], [3, 1], [3, 2], [2, 2], [3, 3]],1008,663,1002,637
141905,0,1,33,[6, 5, 8, 12, 2, 1],[[1, 1], [2, 1], [3, 1], [3, 2], [2, 2], [3, 3]],1027,656,1001,638
141961,0,1,33,[6, 5, 8, 12, 2, 1],[[1, 1], [2, 1], [3, 1], [3, 2], [2, 2], [3, 3]],1033,637,1002,658
142015,0,1,33,[6, 5, 8, 12, 2, 1],[[1, 1], [2, 1], [3, 1], [3, 2], [2, 2], [3, 3]],1018,661,1002,682
142075,0,1,33,[6, 5, 8, 12, 2, 1],[[1, 1], [2, 1], [3, 1], [3, 2], [2, 2], [3, 3]],1014,676,1002,686
142124,0,1,33,[6, 5, 8, 12, 2, 1],[[1, 1], [2, 1], [3, 1], [3, 2], [2, 2], [3, 3]],1004,664,1002,692
142183,0,1,33,[6, 5, 8, 12, 2, 1],[[1, 1], [2, 1], [3, 1], [3, 2], [2, 2], [3, 3]],965,640,1002,692
142240,0,1,33,[6, 5, 8, 12, 2, 1],[[1, 1], [2, 1], [3, 1], [3, 2], [2, 2], [3, 3]],972,653,1002,692
142313,0,1,33,[6, 5, 8, 12, 2, 1],[[1, 1], [2, 1], [3, 1], [3, 2], [2, 2], [3, 3]],969,653,1007,686
142347,0,1,33,[6, 5, 8, 12, 2, 1],[[1, 1], [2, 1], [3, 1], [3, 2], [2, 2], [3, 3]],973,662,1012,672
142397,0,1,33,[6, 5, 8, 12, 2, 1],[[1, 1], [2, 1], [3, 1], [3, 2], [2, 2], [3, 3]],977,644,1013,661
142439,0,1,33,[6, 5, 8, 12, 2, 1],[[1, 1], [2, 1], [3, 1], [3, 2], [2, 2], [3, 3]],947,631,1005,655
142502,0,1,33,[6, 5, 8, 12, 2, 1],[[1, 1], [2, 1], [3, 1], [3, 2], [2, 2], [3, 3]],931,615,985,652
142562,0,1,33,[6, 5, 8, 12, 2, 1],[[1, 1], [2, 1], [3, 1], [3, 2], [2, 2], [3, 3]],904,637,983,652
142597,0,1,33,[6, 5, 8, 12, 2, 1],[[1, 1], [2, 1], [3, 1], [3, 2], [2, 2], [3, 3]],906,626,983,652
142655,0,1,33,[6, 5, 8, 12, 2, 1],[[1, 1], [2, 1], [3, 1], [3, 2], [2, 2], [3, 3]],901,620,983,652
142713,0,1,33,[6, 5, 8, 12, 2, 1],[[1, 1], [2, 1], [3, 1], [3, 2], [2, 2], [3, 3]],919,616,980,652
142761,0,1,33,[6, 5, 8, 12, 2, 1],[[1, 1], [2, 1], [3, 1], [3, 2], [2, 2], [3, 3]],910,611,973,652
142802,0,1,33,[6, 5, 8, 12, 2, 1],[[1, 1], [2, 1], [3, 1], [3, 2], [2, 2], [3, 3]],918,615,967,652
142849,0,1,33,[6, 5, 8, 12, 2, 1],[[1, 1], [2, 1], [3, 1], [3, 2], [2, 2], [3, 3]],916,625,964,651
142893,0,1,33,[6, 5, 8, 12, 2, 1],[[1, 1], [2, 1], [3, 1], [3, 2], [2, 2], [3, 3]],924,630,959,648
142943,0,1,33,[6, 5, 8, 12, 2, 1],[[1, 1], [2, 1], [3, 1], [3, 2], [2, 2], [3, 3]],900,648,941,640
142987,0,1,33,[6, 5, 8, 12, 2, 1],[[1, 1], [2, 1], [3, 1], [3, 2], [2, 2], [3, 3]],895,644,927,635
143036,0,1,33,[6, 5, 8, 12, 2, 1],[[1, 1], [2, 1], [3, 1], [3, 2], [2, 2], [3, 3]],915,644,927,635
143112,0,1,33,[6, 5, 8, 12, 2, 1],[[1, 1], [2, 1], [3, 1], [3, 2], [2, 2], [3, 3]],914,619,927,635
143181,0,1,33,[6, 5, 8, 12, 2, 1],[[1, 1], [2, 1], [3, 1], [3, 2], [2, 2], [3, 3]],908,624,927,635
143271,0,1,33,[6, 5, 8, 12, 2, 1],[[1, 1], [2, 1], [3, 1], [3, 2], [2, 2], [3, 3]],886,632,922,635
143327,0,1,33,[6, 5, 8, 12, 2, 1],[[1, 1], [2, 1], [3, 1], [3, 2], [2, 2], [3, 3]],869,623,900,635
143405,0,2,130,[10, 4, 8, 12, 2, 1],[[2, 3], [3, 3], [1, 2], [1, 3], [1, 1], [2, 2]],833,622,896,637
143489,0,2,130,[10, 4, 8, 12, 2, 1],[[2, 3], [3, 3], [1, 2], [1, 3], [1, 1], [2, 2]],816,605,895,639
143542,0,2,130,[10, 4, 8, 12, 2, 1],[[2, 3], [3, 3], [1, 2], [1, 3], [1, 1], [2, 2]],817,571,895,639
143609,0,2,130,[10, 4, 8, 12, 2, 1],[[2, 3], [3, 3], [1, 2], [1, 3], [1, 1], [2, 2]],819,588,896,636
143676,0,2,130,[10, 4, 8, 12, 2, 1],[[2, 3], [3, 3], [1, 2], [1, 3], [1, 1], [2, 2]],831,592,886,633
143763,0,2,130,[10, 4, 8, 12, 2, 1],[[2, 3], [3, 3], [1, 2], [1, 3], [1, 1], [2, 2]],833,606,875,631
143852,0,2,130,[10, 4, 8, 12, 2, 1],[[2, 3], [3, 3], [1, 2], [1, 3], [1, 1], [2, 2]],841,654,855,620
143906,0,2,130,[10, 4, 8, 12, 2, 1],[[2, 3], [3, 3], [1, 2], [1, 3], [1, 1], [2, 2]],826,669,832,605
143981,0,2,130,[10, 4, 8, 12, 2, 1],[[2, 3], [3, 3], [1, 2], [1, 3], [1, 1], [2, 2]],837,670,804,588
144044,0,2,130,[10, 4, 8, 12, 2, 1],[[2, 3], [3, 3], [1, 2], [1, 3], [1, 1], [2, 2]],876,687,795,583
144113,0,2,130,[10, 4, 8, 12, 2, 1],[[2, 3], [3, 3], [1, 2], [1, 3], [1, 1], [2, 2]],885,687,795,583
144182,0,2,130,[10, 4, 8, 12, 2, 1],[[2, 3], [3, 3], [1, 2], [1, 3], [1, 1], [2, 2]],879,676,795,583
144229,0,2,130,[10, 4, 8, 12, 2, 1],[[2, 3], [3, 3], [1, 2], [1, 3], [1, 1], [2, 2]],854,674,794,594
144289,0,2,130,[10, 4, 8, 12, 2, 1],[[2, 3], [3, 3], [1, 2], [1, 3], [1, 1], [2, 2]],865,685,798,625
144347,0,2,130,[10, 4, 8, 12, 2, 1],[[2, 3], [3, 3], [1, 2], [1, 3], [1, 1], [2, 2]],852,682,849,651
144404,0,2,130,[10, 4, 8, 12, 2, 1],[[2, 3], [3, 3], [1, 2], [1, 3], [1, 1], [2, 2]],858,683,865,656
144453,0,2,130,[10, 4, 8, 12, 2, 1],[[2, 3], [3, 3], [1, 2], [1, 3], [1, 1], [2, 2]],841,671,865,656
144497,0,2,130,[10, 4, 8, 12, 2, 1],[[2, 3], [3, 3], [1, 2], [1, 3], [1, 1], [2, 2]],840,671,865,656
144548,0,2,130,[10, 4, 8, 12, 2, 1],[[2, 3], [3, 3], [1, 2], [1, 3], [1, 1], [2, 2]],859,646,865,656
144616,0,2,130,[10, 4, 8, 12, 2, 1],[[2, 3], [3, 3], [1, 2], [1, 3], [1, 1], [2, 2]],868,653,865,656
144659,0,2,130,[10, 4, 8, 12, 2, 1],[[2, 3], [3, 3], [1, 2], [1, 3], [1, 1], [2, 2]],844,642,865,656
144717,0,2,130,[10, 4, 8, 12, 2, 1],[[2, 3], [3, 3], [1, 2], [1, 3], [1, 1], [2, 2]],834,637,862,656
144764,0,2,130,[10, 4, 8, 12, 2, 1],[[2, 3], [3, 3], [1, 2], [1, 3], [1, 1], [2, 2]],822,591,860,657
144804,0,2,130,[10, 4, 8, 12, 2, 1],[[2, 3], [3, 3], [1, 2], [1, 3], [1, 1], [2, 2]],836,601,860,657
144852,0,2,130,[10, 4, 8, 12, 2, 1],[[2, 3], [3, 3], [1, 2], [1, 3], [1, 1], [2, 2]],831,612,855,652
144891,0,2,130,[10, 4, 8, 12, 2, 1],[[2, 3], [3, 3], [1, 2], [1, 3], [1, 1], [2, 2]],807,624,849,642
144949,0,2,130,[10, 4, 8, 12, 2, 1],[[2, 3], [3, 3], [1, 2], [1, 3], [1, 1], [2, 2]],800,632,834,623
145002,0,2,130,[10, 4, 8, 12, 2, 1],[[2, 3], [3, 3], [1, 2], [1, 3], [1, 1], [2, 2]],807,639,834,611
145056,0,2,130,[10, 4, 8, 12, 2, 1],[[2, 3], [3, 3], [1, 2], [1, 3], [1, 1], [2, 2]],810,641,833,603
145112,0,2,130,[10, 4, 8, 12, 2, 1],[[2, 3], [3, 3], [1, 2], [1, 3], [1, 1], [2, 2]],775,657,833,602
145171,0,2,130,[10, 4, 8, 12, 2, 1],[[2, 3], [3, 3], [1, 2], [1, 3], [1, 1], [2, 2]],787,671,833,602
145234,0,2,130,[10, 4, 8, 12, 2, 1],[[2, 3], [3, 3], [1, 2], [1, 3], [1, 1], [2, 2]],773,674,829,602
145304,0,2,130,[10, 4, 8, 12, 2, 1],[[2, 3], [3, 3], [1, 2], [1, 3], [1, 1], [2, 2]],769,665,814,606
145359,0,2,130,[10, 4, 8, 12, 2, 1],[[2, 3], [3, 3], [1, 2], [1, 3], [1, 1], [2, 2]],783,666,808,612
145424,0,2,130,[10, 4, 8, 12, 2, 1],[[2, 3], [3, 3], [1, 2], [1, 3], [1, 1], [2, 2]],772,683,771,628
145484,0,2,130,[10, 4, 8, 12, 2, 1],[[2, 3], [3, 3], [1, 2], [1, 3], [1, 1], [2, 2]],757,699,767,631
145559,0,2,130,[10, 4, 8, 12, 2, 1],[[2, 3], [3, 3], [1, 2], [1, 3], [1, 1], [2, 2]],754,704,759,642
145624,0,2,130,[10, 4, 8, 12, 2, 1],[[2, 3], [3, 3], [1, 2], [1, 3], [1, 1], [2, 2]],750,725,756,647
145683,0,2,130,[10, 4, 8, 12, 2, 1],[[2, 3], [3, 3], [1, 2], [1, 3], [1, 1], [2, 2]],747,750,755,649
145752,0,2,130,[10, 4, 8, 12, 2, 1],[[2, 3], [3, 3], [1, 2], [1, 3], [1, 1], [2, 2]],761,753,754,652
145825,0,2,130,[10, 4, 8, 12, 2, 1],[[2, 3], [3, 3], [1, 2], [1, 3], [1, 1], [2, 2]],761,721,752,660
145915,0,2,130,[10, 4, 8, 12, 2, 1],[[2, 3], [3, 3], [1, 2], [1, 3], [1, 1], [2, 2]],775,719,752,664
145961,0,2,130,[10, 4, 8, 12, 2, 1],[[2, 3], [3, 3], [1, 2], [1, 3], [1, 1], [2, 2]],766,734,752,671
146011,0,2,130,[10, 4, 8, 12, 2, 1],[[2, 3], [3, 3], [1, 2], [1, 3], [1, 1], [2, 2]],784,718,752,684
146116,0,2,130,[10, 4, 8, 12, 2, 1],[[2, 3], [3, 3], [1, 2], [1, 3], [1, 1], [2, 2]],776,709,752,699
146204,0,2,130,[10, 4, 8, 12, 2, 1],[[2, 3], [3, 3], [1, 2], [1, 3], [1, 1], [2, 2]],760,717,753,703
146284,0,2,130,[10, 4, 8, 12, 2, 1],[[2, 3], [3, 3], [1, 2], [1, 3], [1, 1], [2, 2]],766,731,754,703
146337,0,2,130,[10, 4, 8, 12, 2, 1],[[2, 3], [3, 3], [1, 2], [1, 3], [1, 1], [2, 2]],766,732,772,705
146392,0,2,130,[10, 4, 8, 12, 2, 1],[[2, 3], [3, 3], [1, 2], [1, 3], [1, 1], [2, 2]],768,723,776,705
146432,0,2,130,[10, 4, 8, 12, 2, 1],[[2, 3], [3, 3], [1, 2], [1, 3], [1, 1], [2, 2]],746,722,779,700
146497,0,2,130,[10, 4, 8, 12, 2, 1],[[2, 3], [3, 3], [1, 2], [1, 3], [1, 1], [2, 2]],734,747,781,687
146547,0,2,130,[10, 4, 8, 12, 2, 1],[[2, 3], [3, 3], [1, 2], [1, 3], [1, 1], [2, 2]],737,757,779,677
146597,0,2,130,[10, 4, 8, 12, 2, 1],[[2, 3], [3, 3], [1, 2], [1, 3], [1, 1], [2, 2]],744,761,778,677
146642,0,2,130,[10, 4, 8, 12, 2, 1],[[2, 3], [3, 3], [1, 2], [1, 3], [1, 1], [2, 2]],753,746,773,681
146687,0,2,130,[10, 4, 8, 12, 2, 1],[[2, 3], [3, 3], [1, 2], [1, 3], [1, 1], [2, 2]],744,759,768,690
146755,0,2,130,[10, 4, 8, 12, 2, 1],[[2, 3], [3, 3], [1, 2], [1, 3], [1, 1], [2, 2]],713,745,765,699
146813,0,2,130,[10, 4, 8, 12, 2, 1],[[2, 3], [3, 3], [1, 2], [1, 3], [1, 1], [2, 2]],710,783,765,702
146872,0,2,130,[10, 4, 8, 12, 2, 1],[[2, 3], [3, 3], [1, 2], [1, 3], [1, 1], [2, 2]],707,763,764,713
146925,0,2,130,[10, 4, 8, 12, 2, 1],[[2, 3], [3, 3], [1, 2], [1, 3], [1, 1], [2, 2]],710,772,764,724
146978,0,2,130,[10, 4, 8, 12, 2, 1],[[2, 3], [3, 3], [1, 2], [1, 3], [1, 1], [2, 2]],713,784,761,749
147039,0,2,130,[10, 4, 8, 12, 2, 1],[[2, 3], [3, 3], [1, 2], [1, 3], [1, 1], [2, 2]],699,757,754,769
147078,0,2,130,[10, 4, 8, 12, 2, 1],[[2, 3], [3, 3], [1, 2], [1, 3], [1, 1], [2, 2]],674,786,752,773
147147,0,2,130,[10, 4, 8, 12, 2, 1],[[2, 3], [3, 3], [1, 2], [1, 3], [1, 1], [2, 2]],662,787,743,786
147205,0,2,130,[10, 4, 8, 12, 2, 1],[[2, 3], [3, 3], [1, 2], [1, 3], [1, 1], [2, 2]],644,803,740,790
147243,0,2,130,[10, 4, 8, 12, 2, 1],[[2, 3], [3, 3], [1, 2], [1, 3], [1, 1], [2, 2]],627,782,735,793
147297,0,2,130,[10, 4, 8, 12, 2, 1],[[2, 3], [3, 3], [1, 2], [1, 3], [1, 1], [2, 2]],642,822,734,793
147385,0,2,130,[10, 4, 8, 12, 2, 1],[[2, 3], [3, 3], [1, 2], [1, 3], [1, 1], [2, 2]],633,797,694,797
147425,0,2,130,[10, 4, 8, 12, 2, 1],[[2, 3], [3, 3], [1, 2], [1, 3], [1, 1], [2, 2]],636,788,677,798
147477,0,3,110,[10, 4, 8, 12, 7, 9],[[2, 3], [3, 3], [1, 1], [1, 2], [2, 2], [3, 1]],655,798,640,798
147527,0,3,110,[10, 4, 8, 12, 7, 9],[[2, 3], [3, 3], [1, 1], [1, 2], [2, 2], [3, 1]],687,762,577,796
147581,0,3,110,[10, 4, 8, 12, 7, 9],[[2, 3], [3, 3], [1, 1], [1, 2], [2, 2], [3, 1]],685,773,561,796
147638,0,3,110,[10, 4, 8, 12, 7, 9],[[2, 3], [3, 3], [1, 1], [1, 2], [2, 2], [3, 1]],715,797,557,796
147689,0,3,110,[10, 4, 8, 12, 7, 9],[[2, 3], [3, 3], [1, 1], [1, 2], [2, 2], [3, 1]],720,775,542,803
147761,0,3,110,[10, 4, 8, 12, 7, 9],[[2, 3], [3, 3], [1, 1], [1, 2], [2, 2], [3, 1]],740,797,541,803
147809,0,3,110,[10, 4, 8, 12, 7, 9],[[2, 3], [3, 3], [1, 1], [1, 2], [2, 2], [3, 1]],739,796,562,796
147878,0,3,110,[10, 4, 8, 12, 7, 9],[[2, 3], [3, 3], [1, 1], [1, 2], [2, 2], [3, 1]],731,800,569,794
147929,0,3,110,[10, 4, 8, 12, 7, 9],[[2, 3], [3, 3], [1, 1], [1, 2], [2, 2], [3, 1]],748,773,598,794
147972,0,3,110,[10, 4, 8, 12, 7, 9],[[2, 3], [3, 3], [1, 1], [1, 2], [2, 2], [3, 1]],727,780,622,797
148022,0,3,110,[10, 4, 8, 12, 7, 9],[[2, 3], [3, 3], [1, 1], [1, 2], [2, 2], [3, 1]],768,782,688,803
148070,0,3,110,[10, 4, 8, 12, 7, 9],[[2, 3], [3, 3], [1, 1], [1, 2], [2, 2], [3, 1]],765,763,702,805
148146,0,3,110,[10, 4, 8, 12, 7, 9],[[2, 3], [3, 3], [1, 1], [1, 2], [2, 2], [3, 1]],755,735,702,806
148215,0,3,110,[10, 4, 8, 12, 7, 9],[[2, 3], [3, 3], [1, 1], [1, 2], [2, 2], [3, 1]],758,762,702,806
148270,0,3,110,[10, 4, 8, 12, 7, 9],[[2, 3], [3, 3], [1, 1], [1, 2], [2, 2], [3, 1]],738,772,702,808
148338,0,3,110,[10, 4, 8, 12, 7, 9],[[2, 3], [3, 3], [1, 1], [1, 2], [2, 2], [3, 1]],735,790,703,812
148386,0,3,110,[10, 4, 8, 12, 7, 9],[[2, 3], [3, 3], [1, 1], [1, 2], [2, 2], [3, 1]],732,769,708,815
148456,0,3,110,[10, 4, 8, 12, 7, 9],[[2, 3], [3, 3], [1, 1], [1, 2], [2, 2], [3, 1]],746,779,730,816
148517,0,3,110,[10, 4, 8, 12, 7, 9],[[2, 3], [3, 3], [1, 1], [1, 2], [2, 2], [3, 1]],722,778,730,815
148596,0,3,110,[10, 4, 8, 12, 7, 9],[[2, 3], [3, 3], [1, 1], [1, 2], [2, 2], [3, 1]],718,796,730,814
148659,0,3,110,[10, 4, 8, 12, 7, 9],[[2, 3], [3, 3], [1, 1], [1, 2], [2, 2], [3, 1]],737,827,725,814
148720,0,3,110,[10, 4, 8, 12, 7, 9],[[2, 3], [3, 3], [1, 1], [1, 2], [2, 2], [3, 1]],754,836,717,814
148774,0,3,110,[10, 4, 8, 12, 7, 9],[[2, 3], [3, 3], [1, 1], [1, 2], [2, 2], [3, 1]],735,870,708,814
148843,0,3,110,[10, 4, 8, 12, 7, 9],[[2, 3], [3, 3], [1, 1], [1, 2], [2, 2], [3, 1]],719,869,706,814
148895,0,3,110,[10, 4, 8, 12, 7, 9],[[2, 3], [3, 3], [1, 1], [1, 2], [2, 2], [3, 1]],752,854,705,814
148954,0,3,110,[10, 4, 8, 12, 7, 9],[[2, 3], [3, 3], [1, 1], [1, 2], [2, 2], [3, 1]],739,846,705,814
149013,0,3,110,[10, 4, 8, 12, 7, 9],[[2, 3], [3, 3], [1, 1], [1, 2], [2, 2], [3, 1]],698,849,704,814
149086,0,3,110,[10, 4, 8, 12, 7, 9],[[2, 3], [3, 3], [1, 1], [1, 2], [2, 2], [3, 1]],694,844,704,814
149140,0,3,110,[10, 4, 8, 12, 7, 9],[[2, 3], [3, 3], [1, 1], [1, 2], [2, 2], [3, 1]],687,831,704,816
149193,0,3,110,[10, 4, 8, 12, 7, 9],[[2, 3], [3, 3], [1, 1], [1, 2], [2, 2], [3, 1]],709,837,704,818
149251,0,3,110,[10, 4, 8, 12, 7, 9],[[2, 3], [3, 3], [1, 1], [1, 2], [2, 2], [3, 1]],715,837,704,826
149308,0,3,110,[10, 4, 8, 12, 7, 9],[[2, 3], [3, 3], [1, 1], [1, 2], [2, 2], [3, 1]],706,855,704,836
149366,0,3,110,[10, 4, 8, 12, 7, 9],[[2, 3], [3, 3], [1, 1], [1, 2], [2, 2], [3, 1]],697,841,704,858
149438,0,3,110,[10, 4, 8, 12, 7, 9],[[2, 3], [3, 3], [1, 1], [1, 2], [2, 2], [3, 1]],692,853,704,861
149491,0,3,110,[10, 4, 8, 12, 7, 9],[[2, 3], [3, 3], [1, 1], [1, 2], [2, 2], [3, 1]],688,839,704,861
149540,0,3,110,[10, 4, 8, 12, 7, 9],[[2, 3], [3, 3], [1, 1], [1, 2], [2, 2], [3, 1]],663,828,704,861
149593,0,3,110,[10, 4, 8, 12, 7, 9],[[2, 3], [3, 3], [1, 1], [1, 2], [2, 2], [3, 1]],660,823,704,861
149646,0,3,110,[10, 4, 8, 12, 7, 9],[[2, 3], [3, 3], [1, 1], [1, 2], [2, 2], [3, 1]],645,829,704,861
149705,0,3,110,[10, 4, 8, 12, 7, 9],[[2, 3], [3, 3], [1, 1], [1, 2], [2, 2], [3, 1]],655,824,700,861
149768,0,3,110,[10, 4, 8, 12, 7, 9],[[2, 3], [3, 3], [1, 1], [1, 2], [2, 2], [3, 1]],693,845,699,861
149803,0,3,110,[10, 4, 8, 12, 7, 9],[[2, 3], [3, 3], [1, 1], [1, 2], [2, 2], [3, 1]],685,837,698,861
149868,0,3,110,[10, 4, 8, 12, 7, 9],[[2, 3], [3, 3], [1, 1], [1, 2], [2, 2], [3, 1]],693,828,692,857
149929,0,3,110,[10, 4, 8, 12, 7, 9],[[2, 3], [3, 3], [1, 1], [1, 2], [2, 2], [3, 1]],688,816,686,853
149994,0,3,110,[10, 4, 8, 12, 7, 9],[[2, 3], [3, 3], [1, 1], [1, 2], [2, 2], [3, 1]],694,800,681,847
150057,0,3,110,[10, 4, 8, 12, 7, 9],[[2, 3], [3, 3], [1, 1], [1, 2], [2, 2], [3, 1]],671,778,677,844
150119,0,3,110,[10, 4, 8, 12, 7, 9],[[2, 3], [3, 3], [1, 1], [1, 2], [2, 2], [3, 1]],668,765,676,841
150185,0,3,110,[10, 4, 8, 12, 7, 9],[[2, 3], [3, 3], [1, 1], [1, 2], [2, 2], [3, 1]],671,740,676,839
150230,0,3,110,[10, 4, 8, 12, 7, 9],[[2, 3], [3, 3], [1, 1], [1, 2], [2, 2], [3, 1]],673,750,675,833
150300,0,3,110,[10, 4, 8, 12, 7, 9],[[2, 3], [3, 3], [1, 1], [1, 2], [2, 2], [3, 1]],707,741,674,824
150351,0,3,110,[10, 4, 8, 12, 7, 9],[[2, 3], [3, 3], [1, 1], [1, 2], [2, 2], [3, 1]],699,756,672,814
150391,0,3,110,[10, 4, 8, 12, 7, 9],[[2, 3], [3, 3], [1, 1], [1, 2], [2, 2], [3, 1]],702,748,670,806
150431,0,3,110,[10, 4, 8, 12, 7, 9],[[2, 3], [3, 3], [1, 1], [1, 2], [2, 2], [3, 1]],710,749,668,796
150500,0,3,110,[10, 4, 8, 12, 7, 9],[[2, 3], [3, 3], [1, 1], [1, 2], [2, 2], [3, 1]],729,759,659,769
150548,0,3,110,[10, 4, 8, 12, 7, 9],[[2, 3], [3, 3], [1, 1], [1, 2], [2, 2], [3, 1]],727,773,657,761
150593,0,3,110,[10, 4, 8, 12, 7, 9],[[2, 3], [3, 3], [1, 1], [1, 2], [2, 2], [3, 1]],713,788,656,755
150644,0,3,110,[10, 4, 8, 12, 7, 9],[[2, 3], [3, 3], [1, 1], [1, 2], [2, 2], [3, 1]],709,792,656,750
150689,0,3,110,[10, 4, 8, 12, 7, 9],[[2, 3], [3, 3], [1, 1], [1, 2], [2, 2], [3, 1]],692,792,656,747
150736,0,3,110,[10, 4, 8, 12, 7, 9],[[2, 3], [3, 3], [1, 1], [1, 2], [2, 2], [3, 1]],683,816,664,740
150776,0,3,110,[10, 4, 8, 12, 7, 9],[[2, 3], [3, 3], [1, 1], [1, 2], [2, 2], [3, 1]],666,818,674,735
150825,0,3,110,[10, 4, 8, 12, 7, 9],[[2, 3], [3, 3], [1, 1], [1, 2], [2, 2], [3, 1]],673,831,674,735
150883,0,3,110,[10, 4, 8, 12, 7, 9],[[2, 3], [3, 3], [1, 1], [1, 2], [2, 2], [3, 1]],667,822,680,747
150949,0,3,110,[10, 4, 8, 12, 7, 9],[[2, 3], [3, 3], [1, 1], [1, 2], [2, 2], [3, 1]],679,808,683,773
151016,0,3,110,[10, 4, 8, 12, 7, 9],[[2, 3], [3, 3], [1, 1], [1, 2], [2, 2], [3, 1]],691,792,678,814
151093,0,3,110,[10, 4, 8, 12, 7, 9],[[2, 3], [3, 3], [1, 1], [1, 2], [2, 2], [3, 1]],702,794,670,828
151192,0,3,110,[10, 4, 8, 12, 7, 9],[[2, 3], [3, 3], [1, 1], [1, 2], [2, 2], [3, 1]],729,783,664,828
151246,0,3,110,[10, 4, 8, 12, 7, 9],[[2, 3], [3, 3], [1, 1], [1, 2], [2, 2], [3, 1]],734,792,656,829
151324,0,3,110,[10, 4, 8, 12, 7, 9],[[2, 3], [3, 3], [1, 1], [1, 2], [2, 2], [3, 1]],747,787,653,827
151386,0,3,110,[10, 4, 8, 12, 7, 9],[[2, 3], [3, 3], [1, 1], [1, 2], [2, 2], [3, 1]],719,753,649,823
151483,0,3,110,[10, 4, 8, 12, 7, 9],[[2, 3], [3, 3], [1, 1], [1, 2], [2, 2], [3, 1]],713,777,649,816
151546,0,4,86,[10, 4, 8, 12, 7, 9],[[1, 3], [2, 3], [3, 2], [3, 3], [2, 2], [3, 1]],717,778,655,812
151603,0,4,86,[10, 4, 8, 12, 7, 9],[[1, 3], [2, 3], [3, 2], [3, 3], [2, 2], [3, 1]],749,744,660,812
151670,0,4,86,[10, 4, 8, 12, 7, 9],[[1, 3], [2, 3], [3, 2], [3, 3], [2, 2], [3, 1]],756,754,662,812
151772,0,4,86,[10, 4, 8, 12, 7, 9],[[1, 3], [2, 3], [3, 2], [3, 3], [2, 2], [3, 1]],744,732,662,812
151823,0,4,86,[10, 4, 8, 12, 7, 9],[[1, 3], [2, 3], [3, 2], [3, 3], [2, 2], [3, 1]],744,763,668,799
151885,0,4,86,[10, 4, 8, 12, 7, 9],[[1, 3], [2, 3], [3, 2], [3, 3], [2, 2], [3, 1]],732,758,674,784
151945,0,4,86,[10, 4, 8, 12, 7, 9],[[1, 3], [2, 3], [3, 2], [3, 3], [2, 2], [3, 1]],742,763,674,784
152011,0,4,86,[10, 4, 8, 12, 7, 9],[[1, 3], [2, 3], [3, 2], [3, 3], [2, 2], [3, 1]],756,795,675,784
152077,0,4,86,[10, 4, 8, 12, 7, 9],[[1, 3], [2, 3], [3, 2], [3, 3], [2, 2], [3, 1]],745,787,679,781
152145,0,4,86,[10, 4, 8, 12, 7, 9],[[1, 3], [2, 3], [3, 2], [3, 3], [2, 2], [3, 1]],728,760,683,778
152191,0,4,86,[10, 4, 8, 12, 7, 9],[[1, 3], [2, 3], [3, 2], [3, 3], [2, 2], [3, 1]],715,753,687,774
152238,0,4,86,[10, 4, 8, 12, 7, 9],[[1, 3], [2, 3], [3, 2], [3, 3], [2, 2], [3, 1]],727,736,697,770
152292,0,4,86,[10, 4, 8, 12, 7, 9],[[1, 3], [2, 3], [3, 2], [3, 3], [2, 2], [3, 1]],729,714,705,771
152341,0,4,86,[10, 4, 8, 12, 7, 9],[[1, 3], [2, 3], [3, 2], [3, 3], [2, 2], [3, 1]],735,688,706,773
152391,0,4,86,[10, 4, 8, 12, 7, 9],[[1, 3], [2, 3], [3, 2], [3, 3], [2, 2], [3, 1]],765,696,707,781
152433,0,4,86,[10, 4, 8, 12, 7, 9],[[1, 3], [2, 3], [3, 2], [3, 3], [2, 2], [3, 1]],743,719,707,784
152485,0,4,86,[10, 4, 8, 12, 7, 9],[[1, 3], [2, 3], [3, 2], [3, 3], [2, 2], [3, 1]],739,712,707,788
152530,0,4,86,[10, 4, 8, 12, 7, 9],[[1, 3], [2, 3], [3, 2], [3, 3], [2, 2], [3, 1]],744,691,706,789
152585,0,4,86,[10, 4, 8, 12, 7, 9],[[1, 3], [2, 3], [3, 2], [3, 3], [2, 2], [3, 1]],722,700,704,792
152638,0,4,86,[10, 4, 8, 12, 7, 9],[[1, 3], [2, 3], [3, 2], [3, 3], [2, 2], [3, 1]],730,724,704,792
152691,0,4,86,[10, 4, 8, 12, 7, 9],[[1, 3], [2, 3], [3, 2], [3, 3], [2, 2], [3, 1]],723,719,711,792
152744,0,4,86,[10, 4, 8, 12, 7, 9],[[1, 3], [2, 3], [3, 2], [3, 3], [2, 2], [3, 1]],734,712,734,792
152793,0,4,86,[10, 4, 8, 12, 7, 9],[[1, 3], [2, 3], [3, 2], [3, 3], [2, 2], [3, 1]],697,731,746,791
152842,0,4,86,[10, 4, 8, 12, 7, 9],[[1, 3], [2, 3], [3, 2], [3, 3], [2, 2], [3, 1]],682,728,748,788
152895,0,4,86,[10, 4, 8, 12, 7, 9],[[1, 3], [2, 3], [3, 2], [3, 3], [2, 2], [3, 1]],704,717,749,779
152944,0,4,86,[10, 4, 8, 12, 7, 9],[[1, 3], [2, 3], [3, 2], [3, 3], [2, 2], [3, 1]],712,721,751,770
152998,0,4,86,[10, 4, 8, 12, 7, 9],[[1, 3], [2, 3], [3, 2], [3, 3], [2, 2], [3, 1]],704,726,751,765
153052,0,4,86,[10, 4, 8, 12, 7, 9],[[1, 3], [2, 3], [3, 2], [3, 3], [2, 2], [3, 1]],718,736,747,762
153134,0,4,86,[10, 4, 8, 12, 7, 9],[[1, 3], [2, 3], [3, 2], [3, 3], [2, 2], [3, 1]],723,728,719,760
153199,0,4,86,[10, 4, 8, 12, 7, 9],[[1, 3], [2, 3], [3, 2], [3, 3], [2, 2], [3, 1]],702,727,714,759
153244,0,4,86,[10, 4, 8, 12, 7, 9],[[1, 3], [2, 3], [3, 2], [3, 3], [2, 2], [3, 1]],707,730,710,758
153322,0,4,86,[10, 4, 8, 12, 7, 9],[[1, 3], [2, 3], [3, 2], [3, 3], [2, 2], [3, 1]],703,717,694,752
153369,0,4,86,[10, 4, 8, 12, 7, 9],[[1, 3], [2, 3], [3, 2], [3, 3], [2, 2], [3, 1]],712,711,694,752
153433,0,4,86,[10, 4, 8, 12, 7, 9],[[1, 3], [2, 3], [3, 2], [3, 3], [2, 2], [3, 1]],752,723,694,752
153487,0,4,86,[10, 4, 8, 12, 7, 9],[[1, 3], [2, 3], [3, 2], [3, 3], [2, 2], [3, 1]],763,755,694,750
153581,0,4,86,[10, 4, 8, 12, 7, 9],[[1, 3], [2, 3], [3, 2], [3, 3], [2, 2], [3, 1]],749,752,697,744
153634,0,4,86,[10, 4, 8, 12, 7, 9],[[1, 3], [2, 3], [3, 2], [3, 3], [2, 2], [3, 1]],738,764,701,739
153706,0,4,86,[10, 4, 8, 12, 7, 9],[[1, 3], [2, 3], [3, 2], [3, 3], [2, 2], [3, 1]],742,720,709,737
153757,0,4,86,[10, 4, 8, 12, 7, 9],[[1, 3], [2, 3], [3, 2], [3, 3], [2, 2], [3, 1]],731,740,710,737
153831,0,4,86,[10, 4, 8, 12, 7, 9],[[1, 3], [2, 3], [3, 2], [3, 3], [2, 2], [3, 1]],759,723,727,745
153878,0,4,86,[10, 4, 8, 12, 7, 9],[[1, 3], [2, 3], [3, 2], [3, 3], [2, 2], [3, 1]],749,724,728,750
153934,0,4,86,[10, 4, 8, 12, 7, 9],[[1, 3], [2, 3], [3, 2], [3, 3], [2, 2], [3, 1]],769,726,728,760
153992,0,4,86,[10, 4, 8, 12, 7, 9],[[1, 3], [2, 3], [3, 2], [3, 3], [2, 2], [3, 1]],770,733,728,763
154050,0,4,86,[10, 4, 8, 12, 7, 9],[[1, 3], [2, 3], [3, 2], [3, 3], [2, 2], [3, 1]],794,714,726,763
154128,0,4,86,[10, 4, 8, 12, 7, 9],[[1, 3], [2, 3], [3, 2], [3, 3], [2, 2], [3, 1]],817,689,719,766
154197,0,4,86,[10, 4, 8, 12, 7, 9],[[1, 3], [2, 3], [3, 2], [3, 3], [2, 2], [3, 1]],815,701,719,767
154255,0,4,86,[10, 4, 8, 12, 7, 9],[[1, 3], [2, 3], [3, 2], [3, 3], [2, 2], [3, 1]],817,699,719,767
154325,0,4,86,[10, 4, 8, 12, 7, 9],[[1, 3], [2, 3], [3, 2], [3, 3], [2, 2], [3, 1]],817,742,725,761
154401,0,4,86,[10, 4, 8, 12, 7, 9],[[1, 3], [2, 3], [3, 2], [3, 3], [2, 2], [3, 1]],817,737,751,755
154473,0,4,86,[10, 4, 8, 12, 7, 9],[[1, 3], [2, 3], [3, 2], [3, 3], [2, 2], [3, 1]],833,754,754,753
154521,0,4,86,[10, 4, 8, 12, 7, 9],[[1, 3], [2, 3], [3, 2], [3, 3], [2, 2], [3, 1]],818,766,763,748
154570,0,4,86,[10, 4, 8, 12, 7, 9],[[1, 3], [2, 3], [3, 2], [3, 3], [2, 2], [3, 1]],805,768,787,739
154614,0,4,86,[10, 4, 8, 12, 7, 9],[[1, 3], [2, 3], [3, 2], [3, 3], [2, 2], [3, 1]],826,776,787,737
154670,0,4,86,[10, 4, 8, 12, 7, 9],[[1, 3], [2, 3], [3, 2], [3, 3], [2, 2], [3, 1]],822,790,787,737
154729,0,4,86,[10, 4, 8, 12, 7, 9],[[1, 3], [2, 3], [3, 2], [3, 3], [2, 2], [3, 1]],828,783,790,742
154786,0,4,86,[10, 4, 8, 12, 7, 9],[[1, 3], [2, 3], [3, 2], [3, 3], [2, 2], [3, 1]],850,770,795,753
154837,0,4,86,[10, 4, 8, 12, 7, 9],[[1, 3], [2, 3], [3, 2], [3, 3], [2, 2], [3, 1]],821,780,795,756
154882,0,4,86,[10, 4, 8, 12, 7, 9],[[1, 3], [2, 3], [3, 2], [3, 3], [2, 2], [3, 1]],812,729,795,758
154936,0,4,86,[10, 4, 8, 12, 7, 9],[[1, 3], [2, 3], [3, 2], [3, 3], [2, 2], [3, 1]],808,765,791,763
154996,0,4,86,[10, 4, 8, 12, 7, 9],[[1, 3], [2, 3], [3, 2], [3, 3], [2, 2], [3, 1]],814,795,788,774
155049,0,4,86,[10, 4, 8, 12, 7, 9],[[1, 3], [2, 3], [3, 2], [3, 3], [2, 2], [3, 1]],814,826,781,791
155106,0,4,86,[10, 4, 8, 12, 7, 9],[[1, 3], [2, 3], [3, 2], [3, 3], [2, 2], [3, 1]],797,804,781,797
155164,0,4,86,[10, 4, 8, 12, 7, 9],[[1, 3], [2, 3], [3, 2], [3, 3], [2, 2], [3, 1]],810,830,781,797
155233,0,4,86,[10, 4, 8, 12, 7, 9],[[1, 3], [2, 3], [3, 2], [3, 3], [2, 2], [3, 1]],843,852,775,790
155291,0,4,86,[10, 4, 8, 12, 7, 9],[[1, 3], [2, 3], [3, 2], [3, 3], [2, 2], [3, 1]],826,846,771,778
155344,0,4,86,[10, 4, 8, 12, 7, 9],[[1, 3], [2, 3], [3, 2], [3, 3], [2, 2], [3, 1]],823,858,768,774
155387,0,4,86,[10, 4, 8, 12, 7, 9],[[1, 3], [2, 3], [3, 2], [3, 3], [2, 2], [3, 1]],801,886,768,774
155434,0,4,86,[10, 4, 8, 12, 7, 9],[[1, 3], [2, 3], [3, 2], [3, 3], [2, 2], [3, 1]],762,882,769,784
155521,0,4,86,[10, 4, 8, 12, 7, 9],[[1, 3], [2, 3], [3, 2], [3, 3], [2, 2], [3, 1]],746,874,782,813
155569,0,4,86,[10, 4, 8, 12, 7, 9],[[1, 3], [2, 3], [3, 2], [3, 3], [2, 2], [3, 1]],755,887,789,825
155648,0,5,77,[6, 5, 8, 12, 2, 1],[[1, 3], [2, 3], [1, 1], [1, 2], [2, 1], [3, 2]],727,886,789,831
155716,0,5,77,[6, 5, 8, 12, 2, 1],[[1, 3], [2, 3], [1, 1], [1, 2], [2, 1], [3, 2]],722,888,767,872
155768,0,5,77,[6, 5, 8, 12, 2, 1],[[1, 3], [2, 3], [1, 1], [1, 2], [2, 1], [3, 2]],708,877,760,887
155827,0,5,77,[6, 5, 8, 12, 2, 1],[[1, 3], [2, 3], [1, 1], [1, 2], [2, 1], [3, 2]],694,860,749,892
155873,0,5,77,[6, 5, 8, 12, 2, 1],[[1, 3], [2, 3], [1, 1], [1, 2], [2, 1], [3, 2]],682,863,738,894
155949,0,5,77,[6, 5, 8, 12, 2, 1],[[1, 3], [2, 3], [1, 1], [1, 2], [2, 1], [3, 2]],670,871,701,884
156018,0,5,77,[6, 5, 8, 12, 2, 1],[[1, 3], [2, 3], [1, 1], [1, 2], [2, 1], [3, 2]],640,885,700,873
156058,0,5,77,[6, 5, 8, 12, 2, 1],[[1, 3], [2, 3], [1, 1], [1, 2], [2, 1], [3, 2]],638,905,701,867
156123,0,5,77,[6, 5, 8, 12, 2, 1],[[1, 3], [2, 3], [1, 1], [1, 2], [2, 1], [3, 2]],637,899,703,866
156184,0,5,77,[6, 5, 8, 12, 2, 1],[[1, 3], [2, 3], [1, 1], [1, 2], [2, 1], [3, 2]],594,876,703,866
156240,0,5,77,[6, 5, 8, 12, 2, 1],[[1, 3], [2, 3], [1, 1], [1, 2], [2, 1], [3, 2]],598,873,691,869
156314,0,5,77,[6, 5, 8, 12, 2, 1],[[1, 3], [2, 3], [1, 1], [1, 2], [2, 1], [3, 2]],606,891,675,877
156393,0,5,77,[6, 5, 8, 12, 2, 1],[[1, 3], [2, 3], [1, 1], [1, 2], [2, 1], [3, 2]],640,858,671,904
156440,0,5,77,[6, 5, 8, 12, 2, 1],[[1, 3], [2, 3], [1, 1], [1, 2], [2, 1], [3, 2]],644,855,663,919
156508,0,5,77,[6, 5, 8, 12, 2, 1],[[1, 3], [2, 3], [1, 1], [1, 2], [2, 1], [3, 2]],639,823,642,936
156557,0,5,77,[6, 5, 8, 12, 2, 1],[[1, 3], [2, 3], [1, 1], [1, 2], [2, 1], [3, 2]],642,851,605,939
156607,0,5,77,[6, 5, 8, 12, 2, 1],[[1, 3], [2, 3], [1, 1], [1, 2], [2, 1], [3, 2]],616,851,573,941
156652,0,5,77,[6, 5, 8, 12, 2, 1],[[1, 3], [2, 3], [1, 1], [1, 2], [2, 1], [3, 2]],631,849,572,941
156696,0,5,77,[6, 5, 8, 12, 2, 1],[[1, 3], [2, 3], [1, 1], [1, 2], [2, 1], [3, 2]],641,877,572,941
156747,0,5,77,[6, 5, 8, 12, 2, 1],[[1, 3], [2, 3], [1, 1], [1, 2], [2, 1], [3, 2]],653,893,569,936
156798,0,5,77,[6, 5, 8, 12, 2, 1],[[1, 3], [2, 3], [1, 1], [1, 2], [2, 1], [3, 2]],637,889,570,925
156845,0,5,77,[6, 5, 8, 12, 2, 1],[[1, 3], [2, 3], [1, 1], [1, 2], [2, 1], [3, 2]],603,892,582,911
156888,0,5,77,[6, 5, 8, 12, 2, 1],[[1, 3], [2, 3], [1, 1], [1, 2], [2, 1], [3, 2]],599,895,604,904
156935,0,5,77,[6, 5, 8, 12, 2, 1],[[1, 3], [2, 3], [1, 1], [1, 2], [2, 1], [3, 2]],612,892,611,901
156981,0,5,77,[6, 5, 8, 12, 2, 1],[[1, 3], [2, 3], [1, 1], [1, 2], [2, 1], [3, 2]],612,942,611,901
157027,0,5,77,[6, 5, 8, 12, 2, 1],[[1, 3], [2, 3], [1, 1], [1, 2], [2, 1], [3, 2]],595,935,612,901
157092,0,5,77,[6, 5, 8, 12, 2, 1],[[1, 3], [2, 3], [1, 1], [1, 2], [2, 1], [3, 2]],610,954,612,901
157170,0,5,77,[6, 5, 8, 12, 2, 1],[[1, 3], [2, 3], [1, 1], [1, 2], [2, 1], [3, 2]],598,957,612,904
157253,0,5,77,[6, 5, 8, 12, 2, 1],[[1, 3], [2, 3], [1, 1], [1, 2], [2, 1], [3, 2]],626,993,610,908
157311,0,5,77,[6, 5, 8, 12, 2, 1],[[1, 3], [2, 3], [1, 1], [1, 2], [2, 1], [3, 2]],629,1004,598,919
157374,0,5,77,[6, 5, 8, 12, 2, 1],[[1, 3], [2, 3], [1, 1], [1, 2], [2, 1], [3, 2]],642,1004,597,924
157427,0,5,77,[6, 5, 8, 12, 2, 1],[[1, 3], [2, 3], [1, 1], [1, 2], [2, 1], [3, 2]],647,993,597,925
157487,0,5,77,[6, 5, 8, 12, 2, 1],[[1, 3], [2, 3], [1, 1], [1, 2], [2, 1], [3, 2]],653,984,597,932
157540,0,5,77,[6, 5, 8, 12, 2, 1],[[1, 3], [2, 3], [1, 1], [1, 2], [2, 1], [3, 2]],665,992,600,938
157603,0,5,77,[6, 5, 8, 12, 2, 1],[[1, 3], [2, 3], [1, 1], [1, 2], [2, 1], [3, 2]],657,982,618,958
157661,0,5,77,[6, 5, 8, 12, 2, 1],[[1, 3], [2, 3], [1, 1], [1, 2], [2, 1], [3, 2]],673,978,633,966
157731,0,5,77,[6, 5, 8, 12, 2, 1],[[1, 3], [2, 3], [1, 1], [1, 2], [2, 1], [3, 2]],670,984,636,971
157794,0,5,77,[6, 5, 8, 12, 2, 1],[[1, 3], [2, 3], [1, 1], [1, 2], [2, 1], [3, 2]],692,976,645,974
157864,0,5,77,[6, 5, 8, 12, 2, 1],[[1, 3], [2, 3], [1, 1], [1, 2], [2, 1], [3, 2]],715,971,712,981
157942,0,5,77,[6, 5, 8, 12, 2, 1],[[1, 3], [2, 3], [1, 1], [1, 2], [2, 1], [3, 2]],718,962,716,981
158023,0,5,77,[6, 5, 8, 12, 2, 1],[[1, 3], [2, 3], [1, 1], [1, 2], [2, 1], [3, 2]],743,946,716,981
158096,0,5,77,[6, 5, 8, 12, 2, 1],[[1, 3], [2, 3], [1, 1], [1, 2], [2, 1], [3, 2]],731,922,716,981
158158,0,5,77,[6, 5, 8, 12, 2, 1],[[1, 3], [2, 3], [1, 1], [1, 2], [2, 1], [3, 2]],718,923,716,981
158208,0,5,77,[6, 5, 8, 12, 2, 1],[[1, 3], [2, 3], [1, 1], [1, 2], [2, 1], [3, 2]],717,926,718,981
158267,0,5,77,[6, 5, 8, 12, 2, 1],[[1, 3], [2, 3], [1, 1], [1, 2], [2, 1], [3, 2]],744,910,724,982
158332,0,5,77,[6, 5, 8, 12, 2, 1],[[1, 3], [2, 3], [1, 1], [1, 2], [2, 1], [3, 2]],751,926,768,979
158423,0,5,77,[6, 5, 8, 12, 2, 1],[[1, 3], [2, 3], [1, 1], [1, 2], [2, 1], [3, 2]],742,937,791,966
158460,0,5,77,[6, 5, 8, 12, 2, 1],[[1, 3], [2, 3], [1, 1], [1, 2], [2, 1], [3, 2]],734,946,819,939
158518,0,5,77,[6, 5, 8, 12, 2, 1],[[1, 3], [2, 3], [1, 1], [1, 2], [2, 1], [3, 2]],727,928,816,929
158575,0,5,77,[6, 5, 8, 12, 2, 1],[[1, 3], [2, 3], [1, 1], [1, 2], [2, 1], [3, 2]],729,954,809,912
158623,0,5,77,[6, 5, 8, 12, 2, 1],[[1, 3], [2, 3], [1, 1], [1, 2], [2, 1], [3, 2]],754,984,808,908
158672,0,5,77,[6, 5, 8, 12, 2, 1],[[1, 3], [2, 3], [1, 1], [1, 2], [2, 1], [3, 2]],756,977,808,902
158725,0,5,77,[6, 5, 8, 12, 2, 1],[[1, 3], [2, 3], [1, 1], [1, 2], [2, 1], [3, 2]],753,978,807,901
158778,0,5,77,[6, 5, 8, 12, 2, 1],[[1, 3], [2, 3], [1, 1], [1, 2], [2, 1], [3, 2]],745,960,806,901
158832,0,5,77,[6, 5, 8, 12, 2, 1],[[1, 3], [2, 3], [1, 1], [1, 2], [2, 1], [3, 2]],760,970,803,904
158880,0,5,77,[6, 5, 8, 12, 2, 1],[[1, 3], [2, 3], [1, 1], [1, 2], [2, 1], [3, 2]],764,981,800,914
158934,0,5,77,[6, 5, 8, 12, 2, 1],[[1, 3], [2, 3], [1, 1], [1, 2], [2, 1], [3, 2]],774,962,798,924
158973,0,5,77,[6, 5, 8, 12, 2, 1],[[1, 3], [2, 3], [1, 1], [1, 2], [2, 1], [3, 2]],759,962,797,925
159021,0,5,77,[6, 5, 8, 12, 2, 1],[[1, 3], [2, 3], [1, 1], [1, 2], [2, 1], [3, 2]],784,944,797,927
159089,0,5,77,[6, 5, 8, 12, 2, 1],[[1, 3], [2, 3], [1, 1], [1, 2], [2, 1], [3, 2]],794,920,792,938
159129,0,5,77,[6, 5, 8, 12, 2, 1],[[1, 3], [2, 3], [1, 1], [1, 2], [2, 1], [3, 2]],811,921,786,952
159197,0,5,77,[6, 5, 8, 12, 2, 1],[[1, 3], [2, 3], [1, 1], [1, 2], [2, 1], [3, 2]],824,925,781,983
159259,0,5,77,[6, 5, 8, 12, 2, 1],[[1, 3], [2, 3], [1, 1], [1, 2], [2, 1], [3, 2]],821,925,778,1006
159316,0,5,77,[6, 5, 8, 12, 2, 1],[[1, 3], [2, 3], [1, 1], [1, 2], [2, 1], [3, 2]],839,921,770,1016
159371,0,5,77,[6, 5, 8, 12, 2, 1],[[1, 3], [2, 3], [1, 1], [1, 2], [2, 1], [3, 2]],863,950,769,1018
159425,0,5,77,[6, 5, 8, 12, 2, 1],[[1, 3], [2, 3], [1, 1], [1, 2], [2, 1], [3, 2]],863,951,769,1018
159506,0,5,77,[6, 5, 8, 12, 2, 1],[[1, 3], [2, 3], [1, 1], [1, 2], [2, 1], [3, 2]],884,947,773,1016
159563,0,5,77,[6, 5, 8, 12, 2, 1],[[1, 3], [2, 3], [1, 1], [1, 2], [2, 1], [3, 2]],889,941,782,1003
159638,0,5,77,[6, 5, 8, 12, 2, 1],[[1, 3], [2, 3], [1, 1], [1, 2], [2, 1], [3, 2]],879,968,818,985
159708,0,6,136,[10, 4, 3, 11, 7, 9],[[2, 3], [3, 3], [3, 1], [3, 2], [1, 2], [2, 1]],897,978,829,985
159810,0,6,136,[10, 4, 3, 11, 7, 9],[[2, 3], [3, 3], [3, 1], [3, 2], [1, 2], [2, 1]],895,979,838,990
159873,0,6,136,[10, 4, 3, 11, 7, 9],[[2, 3], [3, 3], [3, 1], [3, 2], [1, 2], [2, 1]],900,956,853,991
159942,0,6,136,[10, 4, 3, 11, 7, 9],[[2, 3], [3, 3], [3, 1], [3, 2], [1, 2], [2, 1]],900,961,861,991
160013,0,6,136,[10, 4, 3, 11, 7, 9],[[2, 3], [3, 3], [3, 1], [3, 2], [1, 2], [2, 1]],897,958,862,991
160080,0,6,136,[10, 4, 3, 11, 7, 9],[[2, 3], [3, 3], [3, 1], [3, 2], [1, 2], [2, 1]],877,959,862,991
160158,0,6,136,[10, 4, 3, 11, 7, 9],[[2, 3], [3, 3], [3, 1], [3, 2], [1, 2], [2, 1]],862,950,866,994
160220,0,6,136,[10, 4, 3, 11, 7, 9],[[2, 3], [3, 3], [3, 1], [3, 2], [1, 2], [2, 1]],843,944,866,994
160296,0,6,136,[10, 4, 3, 11, 7, 9],[[2, 3], [3, 3], [3, 1], [3, 2], [1, 2], [2, 1]],852,957,867,994
160358,0,6,136,[10, 4, 3, 11, 7, 9],[[2, 3], [3, 3], [3, 1], [3, 2], [1, 2], [2, 1]],831,976,867,994
160435,0,6,136,[10, 4, 3, 11, 7, 9],[[2, 3], [3, 3], [3, 1], [3, 2], [1, 2], [2, 1]],780,990,867,994
160473,0,6,136,[10, 4, 3, 11, 7, 9],[[2, 3], [3, 3], [3, 1], [3, 2], [1, 2], [2, 1]],800,977,854,986
160547,0,6,136,[10, 4, 3, 11, 7, 9],[[2, 3], [3, 3], [3, 1], [3, 2], [1, 2], [2, 1]],778,986,763,949
160596,0,6,136,[10, 4, 3, 11, 7, 9],[[2, 3], [3, 3], [3, 1], [3, 2], [1, 2], [2, 1]],785,978,763,949
160645,0,6,136,[10, 4, 3, 11, 7, 9],[[2, 3], [3, 3], [3, 1], [3, 2], [1, 2], [2, 1]],786,996,763,949
160690,0,6,136,[10, 4, 3, 11, 7, 9],[[2, 3], [3, 3], [3, 1], [3, 2], [1, 2], [2, 1]],794,1003,762,949
160731,0,6,136,[10, 4, 3, 11, 7, 9],[[2, 3], [3, 3], [3, 1], [3, 2], [1, 2], [2, 1]],802,999,762,949
160773,0,6,136,[10, 4, 3, 11, 7, 9],[[2, 3], [3, 3], [3, 1], [3, 2], [1, 2], [2, 1]],798,996,762,948
160833,0,6,136,[10, 4, 3, 11, 7, 9],[[2, 3], [3, 3], [3, 1], [3, 2], [1, 2], [2, 1]],815,1011,762,948
160880,0,6,136,[10, 4, 3, 11, 7, 9],[[2, 3], [3, 3], [3, 1], [3, 2], [1, 2], [2, 1]],813,974,758,949
160921,0,6,136,[10, 4, 3, 11, 7, 9],[[2, 3], [3, 3], [3, 1], [3, 2], [1, 2], [2, 1]],811,974,756,950
160969,0,6,136,[10, 4, 3, 11, 7, 9],[[2, 3], [3, 3], [3, 1], [3, 2], [1, 2], [2, 1]],806,986,756,956
161008,0,6,136,[10, 4, 3, 11, 7, 9],[[2, 3], [3, 3], [3, 1], [3, 2], [1, 2], [2, 1]],796,987,756,958
161051,0,6,136,[10, 4, 3, 11, 7, 9],[[2, 3], [3, 3], [3, 1], [3, 2], [1, 2], [2, 1]],776,997,762,968
161110,0,6,136,[10, 4, 3, 11, 7, 9],[[2, 3], [3, 3], [3, 1], [3, 2], [1, 2], [2, 1]],752,1003,762,968
161153,0,6,136,[10, 4, 3, 11, 7, 9],[[2, 3], [3, 3], [3, 1], [3, 2], [1, 2], [2, 1]],766,986,766,970
161225,0,6,136,[10, 4, 3, 11, 7, 9],[[2, 3], [3, 3], [3, 1], [3, 2], [1, 2], [2, 1]],766,969,770,970
161281,0,6,136,[10, 4, 3, 11, 7, 9],[[2, 3], [3, 3], [3, 1], [3, 2], [1, 2], [2, 1]],758,953,770,970
161325,0,6,136,[10, 4, 3, 11, 7, 9],[[2, 3], [3, 3], [3, 1], [3, 2], [1, 2], [2, 1]],768,942,770,970
161388,0,6,136,[10, 4, 3, 11, 7, 9],[[2, 3], [3, 3], [3, 1], [3, 2], [1, 2], [2, 1]],803,940,770,970
161450,0,6,136,[10, 4, 3, 11, 7, 9],[[2, 3], [3, 3], [3, 1], [3, 2], [1, 2], [2, 1]],816,973,770,972
161538,0,6,136,[10, 4, 3, 11, 7, 9],[[2, 3], [3, 3], [3, 1], [3, 2], [1, 2], [2, 1]],831,985,770,973
161578,0,6,136,[10, 4, 3, 11, 7, 9],[[2, 3], [3, 3], [3, 1], [3, 2], [1, 2], [2, 1]],831,965,770,973
161634,0,6,136,[10, 4, 3, 11, 7, 9],[[2, 3], [3, 3], [3, 1], [3, 2], [1, 2], [2, 1]],827,941,770,973
161681,0,6,136,[10, 4, 3, 11, 7, 9],[[2, 3], [3, 3], [3, 1], [3, 2], [1, 2], [2, 1]],818,950,770,970
161753,0,6,136,[10, 4, 3, 11, 7, 9],[[2, 3], [3, 3], [3, 1], [3, 2], [1, 2], [2, 1]],834,935,779,958
161844,0,6,136,[10, 4, 3, 11, 7, 9],[[2, 3], [3, 3], [3, 1], [3, 2], [1, 2], [2, 1]],861,950,782,955
161914,0,6,136,[10, 4, 3, 11, 7, 9],[[2, 3], [3, 3], [3, 1], [3, 2], [1, 2], [2, 1]],878,961,786,956
162012,0,6,136,[10, 4, 3, 11, 7, 9],[[2, 3], [3, 3], [3, 1], [3, 2], [1, 2], [2, 1]],890,957,799,956
162077,0,6,136,[10, 4, 3, 11, 7, 9],[[2, 3], [3, 3], [3, 1], [3, 2], [1, 2], [2, 1]],915,966,808,956
162145,0,6,136,[10, 4, 3, 11, 7, 9],[[2, 3], [3, 3], [3, 1], [3, 2], [1, 2], [2, 1]],935,946,833,956
162217,0,6,136,[10, 4, 3, 11, 7, 9],[[2, 3], [3, 3], [3, 1], [3, 2], [1, 2], [2, 1]],944,942,859,959
162271,0,6,136,[10, 4, 3, 11, 7, 9],[[2, 3], [3, 3], [3, 1], [3, 2], [1, 2], [2, 1]],962,944,871,959
162338,0,6,136,[10, 4, 3, 11, 7, 9],[[2, 3], [3, 3], [3, 1], [3, 2], [1, 2], [2, 1]],950,955,872,959
162390,0,6,136,[10, 4, 3, 11, 7, 9],[[2, 3], [3, 3], [3, 1], [3, 2], [1, 2], [2, 1]],951,954,887,959
162454,0,6,136,[10, 4, 3, 11, 7, 9],[[2, 3], [3, 3], [3, 1], [3, 2], [1, 2], [2, 1]],970,935,906,959
162509,0,6,136,[10, 4, 3, 11, 7, 9],[[2, 3], [3, 3], [3, 1], [3, 2], [1, 2], [2, 1]],950,917,907,959
162568,0,6,136,[10, 4, 3, 11, 7, 9],[[2, 3], [3, 3], [3, 1], [3, 2], [1, 2], [2, 1]],956,917,913,957
162629,0,6,136,[10, 4, 3, 11, 7, 9],[[2, 3], [3, 3], [3, 1], [3, 2], [1, 2], [2, 1]],976,933,917,955
162687,0,6,136,[10, 4, 3, 11, 7, 9],[[2, 3], [3, 3], [3, 1], [3, 2], [1, 2], [2, 1]],961,914,917,955
162735,0,6,136,[10, 4, 3, 11, 7, 9],[[2, 3], [3, 3], [3, 1], [3, 2], [1, 2], [2, 1]],944,918,917,955
162775,0,6,136,[10, 4, 3, 11, 7, 9],[[2, 3], [3, 3], [3, 1], [3, 2], [1, 2], [2, 1]],972,909,919,954
162822,0,6,136,[10, 4, 3, 11, 7, 9],[[2, 3], [3, 3], [3, 1], [3, 2], [1, 2], [2, 1]],984,921,928,949
162867,0,6,136,[10, 4, 3, 11, 7, 9],[[2, 3], [3, 3], [3, 1], [3, 2], [1, 2], [2, 1]],985,927,935,943
162914,0,6,136,[10, 4, 3, 11, 7, 9],[[2, 3], [3, 3], [3, 1], [3, 2], [1, 2], [2, 1]],955,928,937,941
162960,0,6,136,[10, 4, 3, 11, 7, 9],[[2, 3], [3, 3], [3, 1], [3, 2], [1, 2], [2, 1]],975,954,940,935
163007,0,6,136,[10, 4, 3, 11, 7, 9],[[2, 3], [3, 3], [3, 1], [3, 2], [1, 2], [2, 1]],977,966,940,926
163065,0,6,136,[10, 4, 3, 11, 7, 9],[[2, 3], [3, 3], [3, 1], [3, 2], [1, 2], [2, 1]],973,960,938,921
163107,0,6,136,[10, 4, 3, 11, 7, 9],[[2, 3], [3, 3], [3, 1], [3, 2], [1, 2], [2, 1]],975,953,933,917
163166,0,6,136,[10, 4, 3, 11, 7, 9],[[2, 3], [3, 3], [3, 1], [3, 2], [1, 2], [2, 1]],977,959,933,917
163213,0,6,136,[10, 4, 3, 11, 7, 9],[[2, 3], [3, 3], [3, 1], [3, 2], [1, 2], [2, 1]],967,956,933,917
163263,0,6,136,[10, 4, 3, 11, 7, 9],[[2, 3], [3, 3], [3, 1], [3, 2], [1, 2], [2, 1]],979,961,927,911
163317,0,6,136,[10, 4, 3, 11, 7, 9],[[2, 3], [3, 3], [3, 1], [3, 2], [1, 2], [2, 1]],1009,976,923,909
163359,0,6,136,[10, 4, 3, 11, 7, 9],[[2, 3], [3, 3], [3, 1], [3, 2], [1, 2], [2, 1]],1023,967,923,910
163404,0,6,136,[10, 4, 3, 11, 7, 9],[[2, 3], [3, 3], [3, 1], [3, 2], [1, 2], [2, 1]],1047,953,924,916
163479,0,6,136,[10, 4, 3, 11, 7, 9],[[2, 3], [3, 3], [3, 1], [3, 2], [1, 2], [2, 1]],1052,936,932,923
163537,0,6,136,[10, 4, 3, 11, 7, 9],[[2, 3], [3, 3], [3, 1], [3, 2], [1, 2], [2, 1]],1064,931,940,932
163588,0,6,136,[10, 4, 3, 11, 7, 9],[[2, 3], [3, 3], [3, 1], [3, 2], [1, 2], [2, 1]],1024,907,955,939
163660,0,6,136,[10, 4, 3, 11, 7, 9],[[2, 3], [3, 3], [3, 1], [3, 2], [1, 2], [2, 1]],1026,885,1016,962
163709,0,6,136,[10, 4, 3, 11, 7, 9],[[2, 3], [3, 3], [3, 1], [3, 2], [1, 2], [2, 1]],1035,883,1019,962
163799,0,7,141,[6, 5, 8, 12, 7, 9],[[2, 3], [3, 3], [3, 1], [3, 2], [1, 3], [2, 2]],1035,888,1020,961
163865,0,7,141,[6, 5, 8, 12, 7, 9],[[2, 3], [3, 3], [3, 1], [3, 2], [1, 3], [2, 2]],1075,897,1027,948
163931,0,7,141,[6, 5, 8, 12, 7, 9],[[2, 3], [3, 3], [3, 1], [3, 2], [1, 3], [2, 2]],1055,874,1028,940
164006,0,7,141,[6, 5, 8, 12, 7, 9],[[2, 3], [3, 3], [3, 1], [3, 2], [1, 3], [2, 2]],1041,859,1028,932
164075,0,7,141,[6, 5, 8, 12, 7, 9],[[2, 3], [3, 3], [3, 1], [3, 2], [1, 3], [2, 2]],1029,887,1030,924
164128,0,7,141,[6, 5, 8, 12, 7, 9],[[2, 3], [3, 3], [3, 1], [3, 2], [1, 3], [2, 2]],1036,898,1030,920
164199,0,7,141,[6, 5, 8, 12, 7, 9],[[2, 3], [3, 3], [3, 1], [3, 2], [1, 3], [2, 2]],1037,901,1034,910
164278,0,7,141,[6, 5, 8, 12, 7, 9],[[2, 3], [3, 3], [3, 1], [3, 2], [1, 3], [2, 2]],1063,911,1037,898
164347,0,7,141,[6, 5, 8, 12, 7, 9],[[2, 3], [3, 3], [3, 1], [3, 2], [1, 3], [2, 2]],1085,913,1038,891
164420,0,7,141,[6, 5, 8, 12, 7, 9],[[2, 3], [3, 3], [3, 1], [3, 2], [1, 3], [2, 2]],1084,911,1035,891
164497,0,7,141,[6, 5, 8, 12, 7, 9],[[2, 3], [3, 3], [3, 1], [3, 2], [1, 3], [2, 2]],1084,915,1007,915
164544,0,7,141,[6, 5, 8, 12, 7, 9],[[2, 3], [3, 3], [3, 1], [3, 2], [1, 3], [2, 2]],1079,909,1002,924
164613,0,7,141,[6, 5, 8, 12, 7, 9],[[2, 3], [3, 3], [3, 1], [3, 2], [1, 3], [2, 2]],1083,919,1002,928
164664,0,7,141,[6, 5, 8, 12, 7, 9],[[2, 3], [3, 3], [3, 1], [3, 2], [1, 3], [2, 2]],1102,911,1016,932
164723,0,7,141,[6, 5, 8, 12, 7, 9],[[2, 3], [3, 3], [3, 1], [3, 2], [1, 3], [2, 2]],1106,924,1046,934
164776,0,7,141,[6, 5, 8, 12, 7, 9],[[2, 3], [3, 3], [3, 1], [3, 2], [1, 3], [2, 2]],1088,918,1051,935
164830,0,7,141,[6, 5, 8, 12, 7, 9],[[2, 3], [3, 3], [3, 1], [3, 2], [1, 3], [2, 2]],1059,910,1066,935
164883,0,7,141,[6, 5, 8, 12, 7, 9],[[2, 3], [3, 3], [3, 1], [3, 2], [1, 3], [2, 2]],1068,903,1073,935
164947,0,7,141,[6, 5, 8, 12, 7, 9],[[2, 3], [3, 3], [3, 1], [3, 2], [1, 3], [2, 2]],1047,906,1095,935
165005,0,7,141,[6, 5, 8, 12, 7, 9],[[2, 3], [3, 3], [3, 1], [3, 2], [1, 3], [2, 2]],1027,909,1095,935
165069,0,7,141,[6, 5, 8, 12, 7, 9],[[2, 3], [3, 3], [3, 1], [3, 2], [1, 3], [2, 2]],1030,901,1095,935
165133,0,7,141,[6, 5, 8, 12, 7, 9],[[2, 3], [3, 3], [3, 1], [3, 2], [1, 3], [2, 2]],1045,917,1095,935
165192,0,7,141,[6, 5, 8, 12, 7, 9],[[2, 3], [3, 3], [3, 1], [3, 2], [1, 3], [2, 2]],1040,942,1093,926
165241,0,7,141,[6, 5, 8, 12, 7, 9],[[2, 3], [3, 3], [3, 1], [3, 2], [1, 3], [2, 2]],1030,943,1086,921
165298,0,7,141,[6, 5, 8, 12, 7, 9],[[2, 3], [3, 3], [3, 1], [3, 2], [1, 3], [2, 2]],999,966,1072,921
165347,0,7,141,[6, 5, 8, 12, 7, 9],[[2, 3], [3, 3], [3, 1], [3, 2], [1, 3], [2, 2]],955,984,1067,922
165402,0,7,141,[6, 5, 8, 12, 7, 9],[[2, 3], [3, 3], [3, 1], [3, 2], [1, 3], [2, 2]],969,977,1067,922
165481,0,7,141,[6, 5, 8, 12, 7, 9],[[2, 3], [3, 3], [3, 1], [3, 2], [1, 3], [2, 2]],963,979,1067,922
165524,0,7,141,[6, 5, 8, 12, 7, 9],[[2, 3], [3, 3], [3, 1], [3, 2], [1, 3], [2, 2]],948,985,1067,922
165614,0,7,141,[6, 5, 8, 12, 7, 9],[[2, 3], [3, 3], [3, 1], [3, 2], [1, 3], [2, 2]],949,992,1055,932
165667,0,7,141,[6, 5, 8, 12, 7, 9],[[2, 3], [3, 3], [3, 1], [3, 2], [1, 3], [2, 2]],933,986,1048,935
165730,0,7,141,[6, 5, 8, 12, 7, 9],[[2, 3], [3, 3], [3, 1], [3, 2], [1, 3], [2, 2]],920,976,1039,938
165810,0,7,141,[6, 5, 8, 12, 7, 9],[[2, 3], [3, 3], [3, 1], [3, 2], [1, 3], [2, 2]],934,931,1000,953
165856,0,7,141,[6, 5, 8, 12, 7, 9],[[2, 3], [3, 3], [3, 1], [3, 2], [1, 3], [2, 2]],933,929,981,960
165909,0,7,141,[6, 5, 8, 12, 7, 9],[[2, 3], [3, 3], [3, 1], [3, 2], [1, 3], [2, 2]],923,915,981,960
165962,0,7,141,[6, 5, 8, 12, 7, 9],[[2, 3], [3, 3], [3, 1], [3, 2], [1, 3], [2, 2]],907,922,976,963
166005,0,7,141,[6, 5, 8, 12, 7, 9],[[2, 3], [3, 3], [3, 1], [3, 2], [1, 3], [2, 2]],886,922,974,964
166063,0,7,141,[6, 5, 8, 12, 7, 9],[[2, 3], [3, 3], [3, 1], [3, 2], [1, 3], [2, 2]],888,933,951,971
166138,0,7,141,[6, 5, 8, 12, 7, 9],[[2, 3], [3, 3], [3, 1], [3, 2], [1, 3], [2, 2]],860,924,951,971
166204,0,7,141,[6, 5, 8, 12, 7, 9],[[2, 3], [3, 3], [3, 1], [3, 2], [1, 3], [2, 2]],851,923,957,961
166269,0,7,141,[6, 5, 8, 12, 7, 9],[[2, 3], [3, 3], [3, 1], [3, 2], [1, 3], [2, 2]],847,932,957,953
166346,0,7,141,[6, 5, 8, 12, 7, 9],[[2, 3], [3, 3], [3, 1], [3, 2], [1, 3], [2, 2]],830,931,940,952
166422,0,7,141,[6, 5, 8, 12, 7, 9],[[2, 3], [3, 3], [3, 1], [3, 2], [1, 3], [2, 2]],856,940,883,952
166514,0,7,141,[6, 5, 8, 12, 7, 9],[[2, 3], [3, 3], [3, 1], [3, 2], [1, 3], [2, 2]],846,921,875,951
166570,0,7,141,[6, 5, 8, 12, 7, 9],[[2, 3], [3, 3], [3, 1], [3, 2], [1, 3], [2, 2]],870,913,831,948
166630,0,7,141,[6, 5, 8, 12, 7, 9],[[2, 3], [3, 3], [3, 1], [3, 2], [1, 3], [2, 2]],901,911,816,944
166682,0,7,141,[6, 5, 8, 12, 7, 9],[[2, 3], [3, 3], [3, 1], [3, 2], [1, 3], [2, 2]],893,922,796,942
166735,0,7,141,[6, 5, 8, 12, 7, 9],[[2, 3], [3, 3], [3, 1], [3, 2], [1, 3], [2, 2]],904,906,796,942
166788,0,7,141,[6, 5, 8, 12, 7, 9],[[2, 3], [3, 3], [3, 1], [3, 2], [1, 3], [2, 2]],878,897,786,940
166846,0,7,141,[6, 5, 8, 12, 7, 9],[[2, 3], [3, 3], [3, 1], [3, 2], [1, 3], [2, 2]],885,878,786,940
166898,0,7,141,[6, 5, 8, 12, 7, 9],[[2, 3], [3, 3], [3, 1], [3, 2], [1, 3], [2, 2]],886,914,800,937
166968,0,7,141,[6, 5, 8, 12, 7, 9],[[2, 3], [3, 3], [3, 1], [3, 2], [1, 3], [2, 2]],884,898,810,936
167043,0,7,141,[6, 5, 8, 12, 7, 9],[[2, 3], [3, 3], [3, 1], [3, 2], [1, 3], [2, 2]],861,881,829,932
167116,0,7,141,[6, 5, 8, 12, 7, 9],[[2, 3], [3, 3], [3, 1], [3, 2], [1, 3], [2, 2]],837,886,852,927
167180,0,7,141,[6, 5, 8, 12, 7, 9],[[2, 3], [3, 3], [3, 1], [3, 2], [1, 3], [2, 2]],829,874,863,924
167241,0,7,141,[6, 5, 8, 12, 7, 9],[[2, 3], [3, 3], [3, 1], [3, 2], [1, 3], [2, 2]],861,902,870,922
167299,0,7,141,[6, 5, 8, 12, 7, 9],[[2, 3], [3, 3], [3, 1], [3, 2], [1, 3], [2, 2]],835,903,880,919
167358,0,7,141,[6, 5, 8, 12, 7, 9],[[2, 3], [3, 3], [3, 1], [3, 2], [1, 3], [2, 2]],835,919,886,915
167420,0,7,141,[6, 5, 8, 12, 7, 9],[[2, 3], [3, 3], [3, 1], [3, 2], [1, 3], [2, 2]],859,933,886,915
167471,0,7,141,[6, 5, 8, 12, 7, 9],[[2, 3], [3, 3], [3, 1], [3, 2], [1, 3], [2, 2]],878,931,872,909
167507,0,7,141,[6, 5, 8, 12, 7, 9],[[2, 3], [3, 3], [3, 1], [3, 2], [1, 3], [2, 2]],881,928,868,907
167555,0,7,141,[6, 5, 8, 12, 7, 9],[[2, 3], [3, 3], [3, 1], [3, 2], [1, 3], [2, 2]],889,926,867,906
167609,0,7,141,[6, 5, 8, 12, 7, 9],[[2, 3], [3, 3], [3, 1], [3, 2], [1, 3], [2, 2]],903,929,861,899
167675,0,7,141,[6, 5, 8, 12, 7, 9],[[2, 3], [3, 3], [3, 1], [3, 2], [1, 3], [2, 2]],879,943,861,899
167752,0,7,141,[6, 5, 8, 12, 7, 9],[[2, 3], [3, 3], [3, 1], [3, 2], [1, 3], [2, 2]],908,950,876,925
167817,0,7,141,[6, 5, 8, 12, 7, 9],[[2, 3], [3, 3], [3, 1], [3, 2], [1, 3], [2, 2]],923,937,946,938
167879,0,8,47,[6, 5, 3, 11, 2, 1],[[2, 1], [3, 1], [1, 2], [1, 3], [2, 2], [3, 3]],914,952,946,938
167974,0,8,47,[6, 5, 3, 11, 2, 1],[[2, 1], [3, 1], [1, 2], [1, 3], [2, 2], [3, 3]],893,966,946,938
168019,0,8,47,[6, 5, 3, 11, 2, 1],[[2, 1], [3, 1], [1, 2], [1, 3], [2, 2], [3, 3]],856,993,946,938
168090,0,8,47,[6, 5, 3, 11, 2, 1],[[2, 1], [3, 1], [1, 2], [1, 3], [2, 2], [3, 3]],853,1001,946,938
168149,0,8,47,[6, 5, 3, 11, 2, 1],[[2, 1], [3, 1], [1, 2], [1, 3], [2, 2], [3, 3]],859,1001,944,949
168216,0,8,47,[6, 5, 3, 11, 2, 1],[[2, 1], [3, 1], [1, 2], [1, 3], [2, 2], [3, 3]],835,1022,944,949
168278,0,8,47,[6, 5, 3, 11, 2, 1],[[2, 1], [3, 1], [1, 2], [1, 3], [2, 2], [3, 3]],822,990,939,952
168332,0,8,47,[6, 5, 3, 11, 2, 1],[[2, 1], [3, 1], [1, 2], [1, 3], [2, 2], [3, 3]],824,1012,904,956
168406,0,8,47,[6, 5, 3, 11, 2, 1],[[2, 1], [3, 1], [1, 2], [1, 3], [2, 2], [3, 3]],867,1007,896,959
168448,0,8,47,[6, 5, 3, 11, 2, 1],[[2, 1], [3, 1], [1, 2], [1, 3], [2, 2], [3, 3]],881,1006,887,964
168517,0,8,47,[6, 5, 3, 11, 2, 1],[[2, 1], [3, 1], [1, 2], [1, 3], [2, 2], [3, 3]],901,1011,874,971
168592,0,8,47,[6, 5, 3, 11, 2, 1],[[2, 1], [3, 1], [1, 2], [1, 3], [2, 2], [3, 3]],883,1009,866,974
168660,0,8,47,[6, 5, 3, 11, 2, 1],[[2, 1], [3, 1], [1, 2], [1, 3], [2, 2], [3, 3]],873,1007,853,977
168729,0,8,47,[6, 5, 3, 11, 2, 1],[[2, 1], [3, 1], [1, 2], [1, 3], [2, 2], [3, 3]],869,988,853,977
168787,0,8,47,[6, 5, 3, 11, 2, 1],[[2, 1], [3, 1], [1, 2], [1, 3], [2, 2], [3, 3]],839,984,853,977
168830,0,8,47,[6, 5, 3, 11, 2, 1],[[2, 1], [3, 1], [1, 2], [1, 3], [2, 2], [3, 3]],816,976,853,977
168875,0,8,47,[6, 5, 3, 11, 2, 1],[[2, 1], [3, 1], [1, 2], [1, 3], [2, 2], [3, 3]],814,936,853,977
168926,0,8,47,[6, 5, 3, 11, 2, 1],[[2, 1], [3, 1], [1, 2], [1, 3], [2, 2], [3, 3]],825,946,881,982
168967,0,8,47,[6, 5, 3, 11, 2, 1],[[2, 1], [3, 1], [1, 2], [1, 3], [2, 2], [3, 3]],824,904,886,982
169039,0,8,47,[6, 5, 3, 11, 2, 1],[[2, 1], [3, 1], [1, 2], [1, 3], [2, 2], [3, 3]],802,910,886,982
169103,0,8,47,[6, 5, 3, 11, 2, 1],[[2, 1], [3, 1], [1, 2], [1, 3], [2, 2], [3, 3]],805,923,856,982
169167,0,8,47,[6, 5, 3, 11, 2, 1],[[2, 1], [3, 1], [1, 2], [1, 3], [2, 2], [3, 3]],816,938,851,975
169221,0,8,47,[6, 5, 3, 11, 2, 1],[[2, 1], [3, 1], [1, 2], [1, 3], [2, 2], [3, 3]],812,925,840,959
169311,0,8,47,[6, 5, 3, 11, 2, 1],[[2, 1], [3, 1], [1, 2], [1, 3], [2, 2], [3, 3]],826,929,829,928
169375,0,8,47,[6, 5, 3, 11, 2, 1],[[2, 1], [3, 1], [1, 2], [1, 3], [2, 2], [3, 3]],822,926,828,924
169423,0,8,47,[6, 5, 3, 11, 2, 1],[[2, 1], [3, 1], [1, 2], [1, 3], [2, 2], [3, 3]],835,933,827,924
169460,0,8,47,[6, 5, 3, 11, 2, 1],[[2, 1], [3, 1], [1, 2], [1, 3], [2, 2], [3, 3]],839,956,826,925
169528,0,8,47,[6, 5, 3, 11, 2, 1],[[2, 1], [3, 1], [1, 2], [1, 3], [2, 2], [3, 3]],850,930,821,928
169587,0,8,47,[6, 5, 3, 11, 2, 1],[[2, 1], [3, 1], [1, 2], [1, 3], [2, 2], [3, 3]],870,954,821,930
169641,0,8,47,[6, 5, 3, 11, 2, 1],[[2, 1], [3, 1], [1, 2], [1, 3], [2, 2], [3, 3]],875,956,819,934
169695,0,8,47,[6, 5, 3, 11, 2, 1],[[2, 1], [3, 1], [1, 2], [1, 3], [2, 2], [3, 3]],865,947,819,937
169748,0,8,47,[6, 5, 3, 11, 2, 1],[[2, 1], [3, 1], [1, 2], [1, 3], [2, 2], [3, 3]],898,954,819,939
169808,0,8,47,[6, 5, 3, 11, 2, 1],[[2, 1], [3, 1], [1, 2], [1, 3], [2, 2], [3, 3]],902,966,819,939
169878,0,8,47,[6, 5, 3, 11, 2, 1],[[2, 1], [3, 1], [1, 2], [1, 3], [2, 2], [3, 3]],894,994,828,948
169934,0,8,47,[6, 5, 3, 11, 2, 1],[[2, 1], [3, 1], [1, 2], [1, 3], [2, 2], [3, 3]],893,1005,861,964
170003,0,8,47,[6, 5, 3, 11, 2, 1],[[2, 1], [3, 1], [1, 2], [1, 3], [2, 2], [3, 3]],896,1003,875,969
170080,0,8,47,[6, 5, 3, 11, 2, 1],[[2, 1], [3, 1], [1, 2], [1, 3], [2, 2], [3, 3]],891,1008,884,970
170171,0,8,47,[6, 5, 3, 11, 2, 1],[[2, 1], [3, 1], [1, 2], [1, 3], [2, 2], [3, 3]],889,1014,887,970
170229,0,8,47,[6, 5, 3, 11, 2, 1],[[2, 1], [3, 1], [1, 2], [1, 3], [2, 2], [3, 3]],919,1005,891,973
170296,0,8,47,[6, 5, 3, 11, 2, 1],[[2, 1], [3, 1], [1, 2], [1, 3], [2, 2], [3, 3]],925,1014,896,978
170343,0,8,47,[6, 5, 3, 11, 2, 1],[[2, 1], [3, 1], [1, 2], [1, 3], [2, 2], [3, 3]],923,997,899,982
170397,0,8,47,[6, 5, 3, 11, 2, 1],[[2, 1], [3, 1], [1, 2], [1, 3], [2, 2], [3, 3]],924,997,901,987
170438,0,8,47,[6, 5, 3, 11, 2, 1],[[2, 1], [3, 1], [1, 2], [1, 3], [2, 2], [3, 3]],944,1025,901,987
170538,0,8,47,[6, 5, 3, 11, 2, 1],[[2, 1], [3, 1], [1, 2], [1, 3], [2, 2], [3, 3]],954,1003,901,989
170591,0,8,47,[6, 5, 3, 11, 2, 1],[[2, 1], [3, 1], [1, 2], [1, 3], [2, 2], [3, 3]],953,1005,901,989
170645,0,8,47,[6, 5, 3, 11, 2, 1],[[2, 1], [3, 1], [1, 2], [1, 3], [2, 2], [3, 3]],948,1026,901,989
170708,0,8,47,[6, 5, 3, 11, 2, 1],[[2, 1], [3, 1], [1, 2], [1, 3], [2, 2], [3, 3]],952,941,906,990
170755,0,8,47,[6, 5, 3, 11, 2, 1],[[2, 1], [3, 1], [1, 2], [1, 3], [2, 2], [3, 3]],940,925,923,993
170796,0,8,47,[6, 5, 3, 11, 2, 1],[[2, 1], [3, 1], [1, 2], [1, 3], [2, 2], [3, 3]],939,960,926,993
170854,0,8,47,[6, 5, 3, 11, 2, 1],[[2, 1], [3, 1], [1, 2], [1, 3], [2, 2], [3, 3]],953,966,933,996
170908,0,8,47,[6, 5, 3, 11, 2, 1],[[2, 1], [3, 1], [1, 2], [1, 3], [2, 2], [3, 3]],952,964,933,1000
170967,0,8,47,[6, 5, 3, 11, 2, 1],[[2, 1], [3, 1], [1, 2], [1, 3], [2, 2], [3, 3]],945,976,934,1000
171024,0,8,47,[6, 5, 3, 11, 2, 1],[[2, 1], [3, 1], [1, 2], [1, 3], [2, 2], [3, 3]],970,972,934,1000
171079,0,8,47,[6, 5, 3, 11, 2, 1],[[2, 1], [3, 1], [1, 2], [1, 3], [2, 2], [3, 3]],948,970,927,993
171140,0,8,47,[6, 5, 3, 11, 2, 1],[[2, 1], [3, 1], [1, 2], [1, 3], [2, 2], [3, 3]],953,987,914,971
171182,0,8,47,[6, 5, 3, 11, 2, 1],[[2, 1], [3, 1], [1, 2], [1, 3], [2, 2], [3, 3]],950,996,903,952
171253,0,8,47,[6, 5, 3, 11, 2, 1],[[2, 1], [3, 1], [1, 2], [1, 3], [2, 2], [3, 3]],995,1000,902,951
171320,0,8,47,[6, 5, 3, 11, 2, 1],[[2, 1], [3, 1], [1, 2], [1, 3], [2, 2], [3, 3]],1024,996,902,953
171394,0,8,47,[6, 5, 3, 11, 2, 1],[[2, 1], [3, 1], [1, 2], [1, 3], [2, 2], [3, 3]],1045,1004,902,966
171452,0,8,47,[6, 5, 3, 11, 2, 1],[[2, 1], [3, 1], [1, 2], [1, 3], [2, 2], [3, 3]],1040,993,904,984
171542,0,8,47,[6, 5, 3, 11, 2, 1],[[2, 1], [3, 1], [1, 2], [1, 3], [2, 2], [3, 3]],1035,1003,905,987
171584,0,8,47,[6, 5, 3, 11, 2, 1],[[2, 1], [3, 1], [1, 2], [1, 3], [2, 2], [3, 3]],1032,988,913,987
171629,0,8,47,[6, 5, 3, 11, 2, 1],[[2, 1], [3, 1], [1, 2], [1, 3], [2, 2], [3, 3]],1019,1015,958,987
171703,0,8,47,[6, 5, 3, 11, 2, 1],[[2, 1], [3, 1], [1, 2], [1, 3], [2, 2], [3, 3]],1000,1013,991,982
171747,0,8,47,[6, 5, 3, 11, 2, 1],[[2, 1], [3, 1], [1, 2], [1, 3], [2, 2], [3, 3]],1005,1006,1013,978
171837,0,8,47,[6, 5, 3, 11, 2, 1],[[2, 1], [3, 1], [1, 2], [1, 3], [2, 2], [3, 3]],995,992,1029,974
171885,0,8,47,[6, 5, 3, 11, 2, 1],[[2, 1], [3, 1], [1, 2], [1, 3], [2, 2], [3, 3]],1013,987,1034,971
171954,0,9,120,[10, 4, 3, 11, 7, 9],[[2, 3], [3, 3], [1, 1], [1, 2], [1, 3], [2, 2]],1001,997,1034,971
172008,0,9,120,[10, 4, 3, 11, 7, 9],[[2, 3], [3, 3], [1, 1], [1, 2], [1, 3], [2, 2]],999,980,1024,972
172050,0,9,120,[10, 4, 3, 11, 7, 9],[[2, 3], [3, 3], [1, 1], [1, 2], [1, 3], [2, 2]],1021,972,1013,973
172123,0,9,120,[10, 4, 3, 11, 7, 9],[[2, 3], [3, 3], [1, 1], [1, 2], [1, 3], [2, 2]],1000,971,998,979
172175,0,9,120,[10, 4, 3, 11, 7, 9],[[2, 3], [3, 3], [1, 1], [1, 2], [1, 3], [2, 2]],1014,969,983,985
172228,0,9,120,[10, 4, 3, 11, 7, 9],[[2, 3], [3, 3], [1, 1], [1, 2], [1, 3], [2, 2]],1028,974,983,985
172305,0,9,120,[10, 4, 3, 11, 7, 9],[[2, 3], [3, 3], [1, 1], [1, 2], [1, 3], [2, 2]],1035,992,983,985
172375,0,9,120,[10, 4, 3, 11, 7, 9],[[2, 3], [3, 3], [1, 1], [1, 2], [1, 3], [2, 2]],1019,998,983,985
172436,0,9,120,[10, 4, 3, 11, 7, 9],[[2, 3], [3, 3], [1, 1], [1, 2], [1, 3], [2, 2]],1010,1024,978,989
172509,0,9,120,[10, 4, 3, 11, 7, 9],[[2, 3], [3, 3], [1, 1], [1, 2], [1, 3], [2, 2]],1007,999,966,995
172574,0,9,120,[10, 4, 3, 11, 7, 9],[[2, 3], [3, 3], [1, 1], [1, 2], [1, 3], [2, 2]],1023,1028,966,995
172642,0,9,120,[10, 4, 3, 11, 7, 9],[[2, 3], [3, 3], [1, 1], [1, 2], [1, 3], [2, 2]],1032,1008,966,995
172700,0,9,120,[10, 4, 3, 11, 7, 9],[[2, 3], [3, 3], [1, 1], [1, 2], [1, 3], [2, 2]],1038,996,966,995
172749,0,9,120,[10, 4, 3, 11, 7, 9],[[2, 3], [3, 3], [1, 1], [1, 2], [1, 3], [2, 2]],1026,1018,966,995
172803,0,9,120,[10, 4, 3, 11, 7, 9],[[2, 3], [3, 3], [1, 1], [1, 2], [1, 3], [2, 2]],998,991,966,995
172839,0,9,120,[10, 4, 3, 11, 7, 9],[[2, 3], [3, 3], [1, 1], [1, 2], [1, 3], [2, 2]],999,993,966,997
172903,0,9,120,[10, 4, 3, 11, 7, 9],[[2, 3], [3, 3], [1, 1], [1, 2], [1, 3], [2, 2]],1021,1017,966,997
172961,0,9,120,[10, 4, 3, 11, 7, 9],[[2, 3], [3, 3], [1, 1], [1, 2], [1, 3], [2, 2]],1027,986,966,997
173009,0,9,120,[10, 4, 3, 11, 7, 9],[[2, 3], [3, 3], [1, 1], [1, 2], [1, 3], [2, 2]],1021,972,966,997
173055,0,9,120,[10, 4, 3, 11, 7, 9],[[2, 3], [3, 3], [1, 1], [1, 2], [1, 3], [2, 2]],1028,952,966,997
173114,0,9,120,[10, 4, 3, 11, 7, 9],[[2, 3], [3, 3], [1, 1], [1, 2], [1, 3], [2, 2]],1034,940,966,997
173162,0,9,120,[10, 4, 3, 11, 7, 9],[[2, 3], [3, 3], [1, 1], [1, 2], [1, 3], [2, 2]],1018,941,966,997
173212,0,9,120,[10, 4, 3, 11, 7, 9],[[2, 3], [3, 3], [1, 1], [1, 2], [1, 3], [2, 2]],1013,926,966,997
173268,0,9,120,[10, 4, 3, 11, 7, 9],[[2, 3], [3, 3], [1, 1], [1, 2], [1, 3], [2, 2]],1022,945,966,997
173341,0,9,120,[10, 4, 3, 11, 7, 9],[[2, 3], [3, 3], [1, 1], [1, 2], [1, 3], [2, 2]],1018,947,966,997
173378,0,9,120,[10, 4, 3, 11, 7, 9],[[2, 3], [3, 3], [1, 1], [1, 2], [1, 3], [2, 2]],1013,992,966,997
173447,0,9,120,[10, 4, 3, 11, 7, 9],[[2, 3], [3, 3], [1, 1], [1, 2], [1, 3], [2, 2]],1017,1009,989,984
173499,0,9,120,[10, 4, 3, 11, 7, 9],[[2, 3], [3, 3], [1, 1], [1, 2], [1, 3], [2, 2]],1017,990,992,974
173547,0,9,120,[10, 4, 3, 11, 7, 9],[[2, 3], [3, 3], [1, 1], [1, 2], [1, 3], [2, 2]],1007,1008,992,966
173604,0,9,120,[10, 4, 3, 11, 7, 9],[[2, 3], [3, 3], [1, 1], [1, 2], [1, 3], [2, 2]],1017,1024,992,965
173646,0,9,120,[10, 4, 3, 11, 7, 9],[[2, 3], [3, 3], [1, 1], [1, 2], [1, 3], [2, 2]],1002,974,992,965
173702,0,9,120,[10, 4, 3, 11, 7, 9],[[2, 3], [3, 3], [1, 1], [1, 2], [1, 3], [2, 2]],997,953,992,965
173763,0,9,120,[10, 4, 3, 11, 7, 9],[[2, 3], [3, 3], [1, 1], [1, 2], [1, 3], [2, 2]],1007,971,988,965
173849,0,9,120,[10, 4, 3, 11, 7, 9],[[2, 3], [3, 3], [1, 1], [1, 2], [1, 3], [2, 2]],999,981,981,972
173930,0,9,120,[10, 4, 3, 11, 7, 9],[[2, 3], [3, 3], [1, 1], [1, 2], [1, 3], [2, 2]],989,992,979,977
173996,0,9,120,[10, 4, 3, 11, 7, 9],[[2, 3], [3, 3], [1, 1], [1, 2], [1, 3], [2, 2]],1016,1006,975,979
174043,0,9,120,[10, 4, 3, 11, 7, 9],[[2, 3], [3, 3], [1, 1], [1, 2], [1, 3], [2, 2]],1018,977,972,983
174109,0,9,120,[10, 4, 3, 11, 7, 9],[[2, 3], [3, 3], [1, 1], [1, 2], [1, 3], [2, 2]],1032,988,970,984
174176,0,9,120,[10, 4, 3, 11, 7, 9],[[2, 3], [3, 3], [1, 1], [1, 2], [1, 3], [2, 2]],1029,986,970,984
174264,0,9,120,[10, 4, 3, 11, 7, 9],[[2, 3], [3, 3], [1, 1], [1, 2], [1, 3], [2, 2]],1025,985,969,986
174311,0,9,120,[10, 4, 3, 11, 7, 9],[[2, 3], [3, 3], [1, 1], [1, 2], [1, 3], [2, 2]],1042,971,966,988
174367,0,9,120,[10, 4, 3, 11, 7, 9],[[2, 3], [3, 3], [1, 1], [1, 2], [1, 3], [2, 2]],1083,980,966,988
174434,0,9,120,[10, 4, 3, 11, 7, 9],[[2, 3], [3, 3], [1, 1], [1, 2], [1, 3], [2, 2]],1077,965,966,988
174509,0,9,120,[10, 4, 3, 11, 7, 9],[[2, 3], [3, 3], [1, 1], [1, 2], [1, 3], [2, 2]],1077,943,966,988
174592,0,9,120,[10, 4, 3, 11, 7, 9],[[2, 3], [3, 3], [1, 1], [1, 2], [1, 3], [2, 2]],1056,933,966,989
174651,0,9,120,[10, 4, 3, 11, 7, 9],[[2, 3], [3, 3], [1, 1], [1, 2], [1, 3], [2, 2]],1072,948,991,994
174691,0,9,120,[10, 4, 3, 11, 7, 9],[[2, 3], [3, 3], [1, 1], [1, 2], [1, 3], [2, 2]],1053,939,1016,994
174741,0,9,120,[10, 4, 3, 11, 7, 9],[[2, 3], [3, 3], [1, 1], [1, 2], [1, 3], [2, 2]],1044,932,1027,993
174820,0,9,120,[10, 4, 3, 11, 7, 9],[[2, 3], [3, 3], [1, 1], [1, 2], [1, 3], [2, 2]],1044,945,1027,993
174879,0,9,120,[10, 4, 3, 11, 7, 9],[[2, 3], [3, 3], [1, 1], [1, 2], [1, 3], [2, 2]],1024,915,1027,992
174926,0,9,120,[10, 4, 3, 11, 7, 9],[[2, 3], [3, 3], [1, 1], [1, 2], [1, 3], [2, 2]],999,932,1027,992
174967,0,9,120,[10, 4, 3, 11, 7, 9],[[2, 3], [3, 3], [1, 1], [1, 2], [1, 3], [2, 2]],1017,944,1024,989
175030,0,9,120,[10, 4, 3, 11, 7, 9],[[2, 3], [3, 3], [1, 1], [1, 2], [1, 3], [2, 2]],1024,944,1014,977
175084,0,9,120,[10, 4, 3, 11, 7, 9],[[2, 3], [3, 3], [1, 1], [1, 2], [1, 3], [2, 2]],1019,951,1008,974
175137,0,9,120,[10, 4, 3, 11, 7, 9],[[2, 3], [3, 3], [1, 1], [1, 2], [1, 3], [2, 2]],1040,970,1004,972
175197,0,9,120,[10, 4, 3, 11, 7, 9],[[2, 3], [3, 3], [1, 1], [1, 2], [1, 3], [2, 2]],1009,991,992,972
175237,0,9,120,[10, 4, 3, 11, 7, 9],[[2, 3], [3, 3], [1, 1], [1, 2], [1, 3], [2, 2]],1015,962,980,972
175286,0,9,120,[10, 4, 3, 11, 7, 9],[[2, 3], [3, 3], [1, 1], [1, 2], [1, 3], [2, 2]],1023,968,978,973
175325,0,9,120,[10, 4, 3, 11, 7, 9],[[2, 3], [3, 3], [1, 1], [1, 2], [1, 3], [2, 2]],995,965,974,976
175377,0,9,120,[10, 4, 3, 11, 7, 9],[[2, 3], [3, 3], [1, 1], [1, 2], [1, 3], [2, 2]],1021,972,971,977
175437,0,9,120,[10, 4, 3, 11, 7, 9],[[2, 3], [3, 3], [1, 1], [1, 2], [1, 3], [2, 2]],1022,972,970,977
175490,0,9,120,[10, 4, 3, 11, 7, 9],[[2, 3], [3, 3], [1, 1], [1, 2], [1, 3], [2, 2]],1019,960,970,977
175544,0,9,120,[10, 4, 3, 11, 7, 9],[[2, 3], [3, 3], [1, 1], [1, 2], [1, 3], [2, 2]],1015,954,969,980
175592,0,9,120,[10, 4, 3, 11, 7, 9],[[2, 3], [3, 3], [1, 1], [1, 2], [1, 3], [2, 2]],1029,961,969,980
175646,0,9,120,[10, 4, 3, 11, 7, 9],[[2, 3], [3, 3], [1, 1], [1, 2], [1, 3], [2, 2]],1004,967,965,983
175721,0,9,120,[10, 4, 3, 11, 7, 9],[[2, 3], [3, 3], [1, 1], [1, 2], [1, 3], [2, 2]],1023,953,960,986
175766,0,9,120,[10, 4, 3, 11, 7, 9],[[2, 3], [3, 3], [1, 1], [1, 2], [1, 3], [2, 2]],1025,937,960,986
175810,0,9,120,[10, 4, 3, 11, 7, 9],[[2, 3], [3, 3], [1, 1], [1, 2], [1, 3], [2, 2]],1030,922,959,988
175863,0,9,120,[10, 4, 3, 11, 7, 9],[[2, 3], [3, 3], [1, 1], [1, 2], [1, 3], [2, 2]],1045,943,958,988
175906,0,9,120,[10, 4, 3, 11, 7, 9],[[2, 3], [3, 3], [1, 1], [1, 2], [1, 3], [2, 2]],1049,932,956,988
175990,0,10,132,[10, 4, 3, 11, 2, 1],[[2, 3], [3, 3], [1, 2], [1, 3], [1, 1], [2, 2]],1057,942,956,988
176052,0,10,132,[10, 4, 3, 11, 2, 1],[[2, 3], [3, 3], [1, 2], [1, 3], [1, 1], [2, 2]],1045,957,948,976
176118,0,10,132,[10, 4, 3, 11, 2, 1],[[2, 3], [3, 3], [1, 2], [1, 3], [1, 1], [2, 2]],1028,940,946,973
176171,0,10,132,[10, 4, 3, 11, 2, 1],[[2, 3], [3, 3], [1, 2], [1, 3], [1, 1], [2, 2]],1036,960,946,973
176217,0,10,132,[10, 4, 3, 11, 2, 1],[[2, 3], [3, 3], [1, 2], [1, 3], [1, 1], [2, 2]],1019,979,946,973
176273,0,10,132,[10, 4, 3, 11, 2, 1],[[2, 3], [3, 3], [1, 2], [1, 3], [1, 1], [2, 2]],1035,978,951,970
176387,0,10,132,[10, 4, 3, 11, 2, 1],[[2, 3], [3, 3], [1, 2], [1, 3], [1, 1], [2, 2]],1039,967,968,968
176469,0,10,132,[10, 4, 3, 11, 2, 1],[[2, 3], [3, 3], [1, 2], [1, 3], [1, 1], [2, 2]],1030,983,990,973
176528,0,10,132,[10, 4, 3, 11, 2, 1],[[2, 3], [3, 3], [1, 2], [1, 3], [1, 1], [2, 2]],1033,990,991,975
176580,0,10,132,[10, 4, 3, 11, 2, 1],[[2, 3], [3, 3], [1, 2], [1, 3], [1, 1], [2, 2]],1032,999,993,977
176637,0,10,132,[10, 4, 3, 11, 2, 1],[[2, 3], [3, 3], [1, 2], [1, 3], [1, 1], [2, 2]],1036,993,994,980
176693,0,10,132,[10, 4, 3, 11, 2, 1],[[2, 3], [3, 3], [1, 2], [1, 3], [1, 1], [2, 2]],1047,979,995,989
176756,0,10,132,[10, 4, 3, 11, 2, 1],[[2, 3], [3, 3], [1, 2], [1, 3], [1, 1], [2, 2]],1038,1007,996,989
176832,0,10,132,[10, 4, 3, 11, 2, 1],[[2, 3], [3, 3], [1, 2], [1, 3], [1, 1], [2, 2]],1032,1018,996,991
176895,0,10,132,[10, 4, 3, 11, 2, 1],[[2, 3], [3, 3], [1, 2], [1, 3], [1, 1], [2, 2]],1016,965,996,993
176964,0,10,132,[10, 4, 3, 11, 2, 1],[[2, 3], [3, 3], [1, 2], [1, 3], [1, 1], [2, 2]],1034,970,996,993
177017,0,10,132,[10, 4, 3, 11, 2, 1],[[2, 3], [3, 3], [1, 2], [1, 3], [1, 1], [2, 2]],1037,934,996,993
177071,0,10,132,[10, 4, 3, 11, 2, 1],[[2, 3], [3, 3], [1, 2], [1, 3], [1, 1], [2, 2]],1017,920,1003,993
177134,0,10,132,[10, 4, 3, 11, 2, 1],[[2, 3], [3, 3], [1, 2], [1, 3], [1, 1], [2, 2]],1037,915,1010,993
177193,0,10,132,[10, 4, 3, 11, 2, 1],[[2, 3], [3, 3], [1, 2], [1, 3], [1, 1], [2, 2]],1026,923,1011,993
177263,0,10,132,[10, 4, 3, 11, 2, 1],[[2, 3], [3, 3], [1, 2], [1, 3], [1, 1], [2, 2]],1024,927,1014,987
177322,0,10,132,[10, 4, 3, 11, 2, 1],[[2, 3], [3, 3], [1, 2], [1, 3], [1, 1], [2, 2]],1040,930,1014,981
177365,0,10,132,[10, 4, 3, 11, 2, 1],[[2, 3], [3, 3], [1, 2], [1, 3], [1, 1], [2, 2]],1046,943,1014,977
177423,0,10,132,[10, 4, 3, 11, 2, 1],[[2, 3], [3, 3], [1, 2], [1, 3], [1, 1], [2, 2]],1053,945,1013,971
177467,0,10,132,[10, 4, 3, 11, 2, 1],[[2, 3], [3, 3], [1, 2], [1, 3], [1, 1], [2, 2]],1047,944,1012,966
177557,0,10,132,[10, 4, 3, 11, 2, 1],[[2, 3], [3, 3], [1, 2], [1, 3], [1, 1], [2, 2]],1048,948,1008,961
177600,0,10,132,[10, 4, 3, 11, 2, 1],[[2, 3], [3, 3], [1, 2], [1, 3], [1, 1], [2, 2]],1023,952,1007,957
177675,0,10,132,[10, 4, 3, 11, 2, 1],[[2, 3], [3, 3], [1, 2], [1, 3], [1, 1], [2, 2]],1034,949,1005,956
177753,0,10,132,[10, 4, 3, 11, 2, 1],[[2, 3], [3, 3], [1, 2], [1, 3], [1, 1], [2, 2]],1066,942,1004,956
177792,0,10,132,[10, 4, 3, 11, 2, 1],[[2, 3], [3, 3], [1, 2], [1, 3], [1, 1], [2, 2]],1052,965,1003,956
177862,0,10,132,[10, 4, 3, 11, 2, 1],[[2, 3], [3, 3], [1, 2], [1, 3], [1, 1], [2, 2]],1050,995,998,956
177907,0,10,132,[10, 4, 3, 11, 2, 1],[[2, 3], [3, 3], [1, 2], [1, 3], [1, 1], [2, 2]],1049,998,990,956
177978,0,10,132,[10, 4, 3, 11, 2, 1],[[2, 3], [3, 3], [1, 2], [1, 3], [1, 1], [2, 2]],1035,990,987,957
178022,0,10,132,[10, 4, 3, 11, 2, 1],[[2, 3], [3, 3], [1, 2], [1, 3], [1, 1], [2, 2]],1038,974,987,957
178089,0,10,132,[10, 4, 3, 11, 2, 1],[[2, 3], [3, 3], [1, 2], [1, 3], [1, 1], [2, 2]],1014,992,987,963
178143,0,10,132,[10, 4, 3, 11, 2, 1],[[2, 3], [3, 3], [1, 2], [1, 3], [1, 1], [2, 2]],1027,1001,989,969
178190,0,10,132,[10, 4, 3, 11, 2, 1],[[2, 3], [3, 3], [1, 2], [1, 3], [1, 1], [2, 2]],1022,980,990,971
178258,0,10,132,[10, 4, 3, 11, 2, 1],[[2, 3], [3, 3], [1, 2], [1, 3], [1, 1], [2, 2]],1012,1010,1000,975
178301,0,10,132,[10, 4, 3, 11, 2, 1],[[2, 3], [3, 3], [1, 2], [1, 3], [1, 1], [2, 2]],1002,991,1000,975
178350,0,10,132,[10, 4, 3, 11, 2, 1],[[2, 3], [3, 3], [1, 2], [1, 3], [1, 1], [2, 2]],979,1009,1026,983
178405,0,10,132,[10, 4, 3, 11, 2, 1],[[2, 3], [3, 3], [1, 2], [1, 3], [1, 1], [2, 2]],983,999,1027,983
178495,0,10,132,[10, 4, 3, 11, 2, 1],[[2, 3], [3, 3], [1, 2], [1, 3], [1, 1], [2, 2]],1006,1006,1028,985
178548,0,10,132,[10, 4, 3, 11, 2, 1],[[2, 3], [3, 3], [1, 2], [1, 3], [1, 1], [2, 2]],1003,993,1028,985
178625,0,10,132,[10, 4, 3, 11, 2, 1],[[2, 3], [3, 3], [1, 2], [1, 3], [1, 1], [2, 2]],1033,994,1028,985
178671,0,10,132,[10, 4, 3, 11, 2, 1],[[2, 3], [3, 3], [1, 2], [1, 3], [1, 1], [2, 2]],1056,975,1028,985
178721,0,10,132,[10, 4, 3, 11, 2, 1],[[2, 3], [3, 3], [1, 2], [1, 3], [1, 1], [2, 2]],1080,973,1028,985
178766,0,10,132,[10, 4, 3, 11, 2, 1],[[2, 3], [3, 3], [1, 2], [1, 3], [1, 1], [2, 2]],1068,958,1028,985
178818,0,10,132,[10, 4, 3, 11, 2, 1],[[2, 3], [3, 3], [1, 2], [1, 3], [1, 1], [2, 2]],1070,957,1028,986
178876,0,10,132,[10, 4, 3, 11, 2, 1],[[2, 3], [3, 3], [1, 2], [1, 3], [1, 1], [2, 2]],1025,944,1027,990
178929,0,10,132,[10, 4, 3, 11, 2, 1],[[2, 3], [3, 3], [1, 2], [1, 3], [1, 1], [2, 2]],1017,954,1026,994
178992,0,10,132,[10, 4, 3, 11, 2, 1],[[2, 3], [3, 3], [1, 2], [1, 3], [1, 1], [2, 2]],1000,945,1026,994
179062,0,10,132,[10, 4, 3, 11, 2, 1],[[2, 3], [3, 3], [1, 2], [1, 3], [1, 1], [2, 2]],999,954,1037,994
179107,0,10,132,[10, 4, 3, 11, 2, 1],[[2, 3], [3, 3], [1, 2], [1, 3], [1, 1], [2, 2]],986,955,1037,994
179153,0,10,132,[10, 4, 3, 11, 2, 1],[[2, 3], [3, 3], [1, 2], [1, 3], [1, 1], [2, 2]],985,975,1037,994
179217,0,10,132,[10, 4, 3, 11, 2, 1],[[2, 3], [3, 3], [1, 2], [1, 3], [1, 1], [2, 2]],979,1027,1037,994
179265,0,10,132,[10, 4, 3, 11, 2, 1],[[2, 3], [3, 3], [1, 2], [1, 3], [1, 1], [2, 2]],985,988,1036,986
179325,0,10,132,[10, 4, 3, 11, 2, 1],[[2, 3], [3, 3], [1, 2], [1, 3], [1, 1], [2, 2]],991,998,1032,976
179398,0,10,132,[10, 4, 3, 11, 2, 1],[[2, 3], [3, 3], [1, 2], [1, 3], [1, 1], [2, 2]],978,984,1025,964
179458,0,10,132,[10, 4, 3, 11, 2, 1],[[2, 3], [3, 3], [1, 2], [1, 3], [1, 1], [2, 2]],996,969,1017,964
179515,0,10,132,[10, 4, 3, 11, 2, 1],[[2, 3], [3, 3], [1, 2], [1, 3], [1, 1], [2, 2]],1010,982,1005,964
179618,0,10,132,[10, 4, 3, 11, 2, 1],[[2, 3], [3, 3], [1, 2], [1, 3], [1, 1], [2, 2]],1035,982,1003,966
179673,0,10,132,[10, 4, 3, 11, 2, 1],[[2, 3], [3, 3], [1, 2], [1, 3], [1, 1], [2, 2]],1033,983,996,971
179715,0,10,132,[10, 4, 3, 11, 2, 1],[[2, 3], [3, 3], [1, 2], [1, 3], [1, 1], [2, 2]],1027,1003,996,971
179837,0,10,132,[10, 4, 3, 11, 2, 1],[[2, 3], [3, 3], [1, 2], [1, 3], [1, 1], [2, 2]],1018,987,990,973
179906,0,10,132,[10, 4, 3, 11, 2, 1],[[2, 3], [3, 3], [1, 2], [1, 3], [1, 1], [2, 2]],1006,1004,990,974
179980,0,10,132,[10, 4, 3, 11, 2, 1],[[2, 3], [3, 3], [1, 2], [1, 3], [1, 1], [2, 2]],1007,991,990,974
180030,0,11,133,[6, 5, 8, 12, 7, 9],[[2, 3], [3, 3], [3, 1], [3, 2], [1, 2], [2, 1]],1038,995,990,978
180078,0,11,133,[6, 5, 8, 12, 7, 9],[[2, 3], [3, 3], [3, 1], [3, 2], [1, 2], [2, 1]],1023,985,990,979
180131,0,11,133,[6, 5, 8, 12, 7, 9],[[2, 3], [3, 3], [3, 1], [3, 2], [1, 2], [2, 1]],1034,992,991,981
180207,0,11,133,[6, 5, 8, 12, 7, 9],[[2, 3], [3, 3], [3, 1], [3, 2], [1, 2], [2, 1]],1028,976,996,985
180254,0,11,133,[6, 5, 8, 12, 7, 9],[[2, 3], [3, 3], [3, 1], [3, 2], [1, 2], [2, 1]],1032,949,999,987
180340,0,11,133,[6, 5, 8, 12, 7, 9],[[2, 3], [3, 3], [3, 1], [3, 2], [1, 2], [2, 1]],1046,939,1001,988
180393,0,11,133,[6, 5, 8, 12, 7, 9],[[2, 3], [3, 3], [3, 1], [3, 2], [1, 2], [2, 1]],1058,914,1002,988
180453,0,11,133,[6, 5, 8, 12, 7, 9],[[2, 3], [3, 3], [3, 1], [3, 2], [1, 2], [2, 1]],1080,938,1006,985
180505,0,11,133,[6, 5, 8, 12, 7, 9],[[2, 3], [3, 3], [3, 1], [3, 2], [1, 2], [2, 1]],1081,931,1010,983
180555,0,11,133,[6, 5, 8, 12, 7, 9],[[2, 3], [3, 3], [3, 1], [3, 2], [1, 2], [2, 1]],1138,926,1013,979
180618,0,11,133,[6, 5, 8, 12, 7, 9],[[2, 3], [3, 3], [3, 1], [3, 2], [1, 2], [2, 1]],1141,914,1016,973
180664,0,11,133,[6, 5, 8, 12, 7, 9],[[2, 3], [3, 3], [3, 1], [3, 2], [1, 2], [2, 1]],1101,904,1024,965
180722,0,11,133,[6, 5, 8, 12, 7, 9],[[2, 3], [3, 3], [3, 1], [3, 2], [1, 2], [2, 1]],1085,899,1031,961
180779,0,11,133,[6, 5, 8, 12, 7, 9],[[2, 3], [3, 3], [3, 1], [3, 2], [1, 2], [2, 1]],1109,870,1036,959
180837,0,11,133,[6, 5, 8, 12, 7, 9],[[2, 3], [3, 3], [3, 1], [3, 2], [1, 2], [2, 1]],1111,897,1054,959
180886,0,11,133,[6, 5, 8, 12, 7, 9],[[2, 3], [3, 3], [3, 1], [3, 2], [1, 2], [2, 1]],1110,885,1059,959
180934,0,11,133,[6, 5, 8, 12, 7, 9],[[2, 3], [3, 3], [3, 1], [3, 2], [1, 2], [2, 1]],1116,874,1059,959
180988,0,11,133,[6, 5, 8, 12, 7, 9],[[2, 3], [3, 3], [3, 1], [3, 2], [1, 2], [2, 1]],1099,861,1064,953
181039,0,11,133,[6, 5, 8, 12, 7, 9],[[2, 3], [3, 3], [3, 1], [3, 2], [1, 2], [2, 1]],1093,888,1071,940
181108,0,11,133,[6, 5, 8, 12, 7, 9],[[2, 3], [3, 3], [3, 1], [3, 2], [1, 2], [2, 1]],1096,869,1100,906
181170,0,11,133,[6, 5, 8, 12, 7, 9],[[2, 3], [3, 3], [3, 1], [3, 2], [1, 2], [2, 1]],1108,868,1101,906
181211,0,11,133,[6, 5, 8, 12, 7, 9],[[2, 3], [3, 3], [3, 1], [3, 2], [1, 2], [2, 1]],1111,867,1101,905
181258,0,11,133,[6, 5, 8, 12, 7, 9],[[2, 3], [3, 3], [3, 1], [3, 2], [1, 2], [2, 1]],1103,885,1101,901
181317,0,11,133,[6, 5, 8, 12, 7, 9],[[2, 3], [3, 3], [3, 1], [3, 2], [1, 2], [2, 1]],1111,851,1099,895
181365,0,11,133,[6, 5, 8, 12, 7, 9],[[2, 3], [3, 3], [3, 1], [3, 2], [1, 2], [2, 1]],1147,824,1099,894
181405,0,11,133,[6, 5, 8, 12, 7, 9],[[2, 3], [3, 3], [3, 1], [3, 2], [1, 2], [2, 1]],1133,849,1098,894
181448,0,11,133,[6, 5, 8, 12, 7, 9],[[2, 3], [3, 3], [3, 1], [3, 2], [1, 2], [2, 1]],1105,870,1097,894
181507,0,11,133,[6, 5, 8, 12, 7, 9],[[2, 3], [3, 3], [3, 1], [3, 2], [1, 2], [2, 1]],1101,869,1096,894
181572,0,11,133,[6, 5, 8, 12, 7, 9],[[2, 3], [3, 3], [3, 1], [3, 2], [1, 2], [2, 1]],1071,848,1085,899
181631,0,11,133,[6, 5, 8, 12, 7, 9],[[2, 3], [3, 3], [3, 1], [3, 2], [1, 2], [2, 1]],1051,822,1085,899
181678,0,11,133,[6, 5, 8, 12, 7, 9],[[2, 3], [3, 3], [3, 1], [3, 2], [1, 2], [2, 1]],1035,822,1085,899
181728,0,11,133,[6, 5, 8, 12, 7, 9],[[2, 3], [3, 3], [3, 1], [3, 2], [1, 2], [2, 1]],1050,832,1085,899
181793,0,11,133,[6, 5, 8, 12, 7, 9],[[2, 3], [3, 3], [3, 1], [3, 2], [1, 2], [2, 1]],1058,822,1080,904
181850,0,11,133,[6, 5, 8, 12, 7, 9],[[2, 3], [3, 3], [3, 1], [3, 2], [1, 2], [2, 1]],1067,818,1072,909
181904,0,11,133,[6, 5, 8, 12, 7, 9],[[2, 3], [3, 3], [3, 1], [3, 2], [1, 2], [2, 1]],1070,835,1072,909
181959,0,11,133,[6, 5, 8, 12, 7, 9],[[2, 3], [3, 3], [3, 1], [3, 2], [1, 2], [2, 1]],1080,814,1071,909
182028,0,11,133,[6, 5, 8, 12, 7, 9],[[2, 3], [3, 3], [3, 1], [3, 2], [1, 2], [2, 1]],1103,829,1062,904
182094,0,11,133,[6, 5, 8, 12, 7, 9],[[2, 3], [3, 3], [3, 1], [3, 2], [1, 2], [2, 1]],1118,820,1062,904
182150,0,11,133,[6, 5, 8, 12, 7, 9],[[2, 3], [3, 3], [3, 1], [3, 2], [1, 2], [2, 1]],1121,821,1062,901
182221,0,11,133,[6, 5, 8, 12, 7, 9],[[2, 3], [3, 3], [3, 1], [3, 2], [1, 2], [2, 1]],1106,802,1062,901
182285,0,11,133,[6, 5, 8, 12, 7, 9],[[2, 3], [3, 3], [3, 1], [3, 2], [1, 2], [2, 1]],1105,791,1061,901
182350,0,11,133,[6, 5, 8, 12, 7, 9],[[2, 3], [3, 3], [3, 1], [3, 2], [1, 2], [2, 1]],1090,802,1061,901
182426,0,11,133,[6, 5, 8, 12, 7, 9],[[2, 3], [3, 3], [3, 1], [3, 2], [1, 2], [2, 1]],1102,799,1061,901
182518,0,11,133,[6, 5, 8, 12, 7, 9],[[2, 3], [3, 3], [3, 1], [3, 2], [1, 2], [2, 1]],1132,795,1063,901
182577,0,11,133,[6, 5, 8, 12, 7, 9],[[2, 3], [3, 3], [3, 1], [3, 2], [1, 2], [2, 1]],1155,780,1073,890
182620,0,11,133,[6, 5, 8, 12, 7, 9],[[2, 3], [3, 3], [3, 1], [3, 2], [1, 2], [2, 1]],1162,797,1077,880
182663,0,11,133,[6, 5, 8, 12, 7, 9],[[2, 3], [3, 3], [3, 1], [3, 2], [1, 2], [2, 1]],1167,809,1078,876
182738,0,11,133,[6, 5, 8, 12, 7, 9],[[2, 3], [3, 3], [3, 1], [3, 2], [1, 2], [2, 1]],1158,813,1086,867
182786,0,11,133,[6, 5, 8, 12, 7, 9],[[2, 3], [3, 3], [3, 1], [3, 2], [1, 2], [2, 1]],1158,797,1103,850
182840,0,11,133,[6, 5, 8, 12, 7, 9],[[2, 3], [3, 3], [3, 1], [3, 2], [1, 2], [2, 1]],1168,777,1109,843
182885,0,11,133,[6, 5, 8, 12, 7, 9],[[2, 3], [3, 3], [3, 1], [3, 2], [1, 2], [2, 1]],1150,787,1134,840
182934,0,11,133,[6, 5, 8, 12, 7, 9],[[2, 3], [3, 3], [3, 1], [3, 2], [1, 2], [2, 1]],1165,797,1146,837
182984,0,11,133,[6, 5, 8, 12, 7, 9],[[2, 3], [3, 3], [3, 1], [3, 2], [1, 2], [2, 1]],1161,795,1146,837
183033,0,11,133,[6, 5, 8, 12, 7, 9],[[2, 3], [3, 3], [3, 1], [3, 2], [1, 2], [2, 1]],1159,820,1146,837
183090,0,11,133,[6, 5, 8, 12, 7, 9],[[2, 3], [3, 3], [3, 1], [3, 2], [1, 2], [2, 1]],1186,822,1146,837
183130,0,11,133,[6, 5, 8, 12, 7, 9],[[2, 3], [3, 3], [3, 1], [3, 2], [1, 2], [2, 1]],1188,832,1146,837
183192,0,11,133,[6, 5, 8, 12, 7, 9],[[2, 3], [3, 3], [3, 1], [3, 2], [1, 2], [2, 1]],1189,832,1146,837
183235,0,11,133,[6, 5, 8, 12, 7, 9],[[2, 3], [3, 3], [3, 1], [3, 2], [1, 2], [2, 1]],1197,838,1146,842
183298,0,11,133,[6, 5, 8, 12, 7, 9],[[2, 3], [3, 3], [3, 1], [3, 2], [1, 2], [2, 1]],1192,827,1146,842
183367,0,11,133,[6, 5, 8, 12, 7, 9],[[2, 3], [3, 3], [3, 1], [3, 2], [1, 2], [2, 1]],1179,840,1146,842
183448,0,11,133,[6, 5, 8, 12, 7, 9],[[2, 3], [3, 3], [3, 1], [3, 2], [1, 2], [2, 1]],1183,819,1146,842
183503,0,11,133,[6, 5, 8, 12, 7, 9],[[2, 3], [3, 3], [3, 1], [3, 2], [1, 2], [2, 1]],1176,797,1146,842
183580,0,11,133,[6, 5, 8, 12, 7, 9],[[2, 3], [3, 3], [3, 1], [3, 2], [1, 2], [2, 1]],1149,783,1151,844
183654,0,11,133,[6, 5, 8, 12, 7, 9],[[2, 3], [3, 3], [3, 1], [3, 2], [1, 2], [2, 1]],1168,794,1152,855
183732,0,11,133,[6, 5, 8, 12, 7, 9],[[2, 3], [3, 3], [3, 1], [3, 2], [1, 2], [2, 1]],1177,810,1152,868
183767,0,11,133,[6, 5, 8, 12, 7, 9],[[2, 3], [3, 3], [3, 1], [3, 2], [1, 2], [2, 1]],1184,807,1148,870
183852,0,11,133,[6, 5, 8, 12, 7, 9],[[2, 3], [3, 3], [3, 1], [3, 2], [1, 2], [2, 1]],1149,800,1148,871
183906,0,11,133,[6, 5, 8, 12, 7, 9],[[2, 3], [3, 3], [3, 1], [3, 2], [1, 2], [2, 1]],1169,805,1145,871
183973,0,11,133,[6, 5, 8, 12, 7, 9],[[2, 3], [3, 3], [3, 1], [3, 2], [1, 2], [2, 1]],1195,784,1145,871
184087,0,12,52,[10, 4, 3, 11, 7, 9],[[2, 1], [3, 1], [3, 2], [3, 3], [1, 3], [2, 2]],1199,785,1136,860
184148,0,12,52,[10, 4, 3, 11, 7, 9],[[2, 1], [3, 1], [3, 2], [3, 3], [1, 3], [2, 2]],1175,769,1135,849
184211,0,12,52,[10, 4, 3, 11, 7, 9],[[2, 1], [3, 1], [3, 2], [3, 3], [1, 3], [2, 2]],1191,764,1143,847
184295,0,12,52,[10, 4, 3, 11, 7, 9],[[2, 1], [3, 1], [3, 2], [3, 3], [1, 3], [2, 2]],1171,771,1154,841
184353,0,12,52,[10, 4, 3, 11, 7, 9],[[2, 1], [3, 1], [3, 2], [3, 3], [1, 3], [2, 2]],1173,751,1158,837
184429,0,12,52,[10, 4, 3, 11, 7, 9],[[2, 1], [3, 1], [3, 2], [3, 3], [1, 3], [2, 2]],1160,761,1169,830
184507,0,12,52,[10, 4, 3, 11, 7, 9],[[2, 1], [3, 1], [3, 2], [3, 3], [1, 3], [2, 2]],1203,744,1170,828
184565,0,12,52,[10, 4, 3, 11, 7, 9],[[2, 1], [3, 1], [3, 2], [3, 3], [1, 3], [2, 2]],1202,731,1170,828
184649,0,12,52,[10, 4, 3, 11, 7, 9],[[2, 1], [3, 1], [3, 2], [3, 3], [1, 3], [2, 2]],1222,754,1170,828
184689,0,12,52,[10, 4, 3, 11, 7, 9],[[2, 1], [3, 1], [3, 2], [3, 3], [1, 3], [2, 2]],1209,743,1170,825
184733,0,12,52,[10, 4, 3, 11, 7, 9],[[2, 1], [3, 1], [3, 2], [3, 3], [1, 3], [2, 2]],1199,752,1168,819
184783,0,12,52,[10, 4, 3, 11, 7, 9],[[2, 1], [3, 1], [3, 2], [3, 3], [1, 3], [2, 2]],1183,755,1168,818
184853,0,12,52,[10, 4, 3, 11, 7, 9],[[2, 1], [3, 1], [3, 2], [3, 3], [1, 3], [2, 2]],1189,747,1164,789
184925,0,12,52,[10, 4, 3, 11, 7, 9],[[2, 1], [3, 1], [3, 2], [3, 3], [1, 3], [2, 2]],1176,719,1167,746
184974,0,12,52,[10, 4, 3, 11, 7, 9],[[2, 1], [3, 1], [3, 2], [3, 3], [1, 3], [2, 2]],1187,723,1164,721
185032,0,12,52,[10, 4, 3, 11, 7, 9],[[2, 1], [3, 1], [3, 2], [3, 3], [1, 3], [2, 2]],1192,736,1164,698
185085,0,12,52,[10, 4, 3, 11, 7, 9],[[2, 1], [3, 1], [3, 2], [3, 3], [1, 3], [2, 2]],1171,743,1164,696
185144,0,12,52,[10, 4, 3, 11, 7, 9],[[2, 1], [3, 1], [3, 2], [3, 3], [1, 3], [2, 2]],1189,716,1164,696
185203,0,12,52,[10, 4, 3, 11, 7, 9],[[2, 1], [3, 1], [3, 2], [3, 3], [1, 3], [2, 2]],1178,683,1164,696
185262,0,12,52,[10, 4, 3, 11, 7, 9],[[2, 1], [3, 1], [3, 2], [3, 3], [1, 3], [2, 2]],1192,695,1161,696
185304,0,12,52,[10, 4, 3, 11, 7, 9],[[2, 1], [3, 1], [3, 2], [3, 3], [1, 3], [2, 2]],1172,694,1152,707
185363,0,12,52,[10, 4, 3, 11, 7, 9],[[2, 1], [3, 1], [3, 2], [3, 3], [1, 3], [2, 2]],1191,697,1127,745
185401,0,12,52,[10, 4, 3, 11, 7, 9],[[2, 1], [3, 1], [3, 2], [3, 3], [1, 3], [2, 2]],1194,710,1124,749
185454,0,12,52,[10, 4, 3, 11, 7, 9],[[2, 1], [3, 1], [3, 2], [3, 3], [1, 3], [2, 2]],1170,730,1124,750
185502,0,12,52,[10, 4, 3, 11, 7, 9],[[2, 1], [3, 1], [3, 2], [3, 3], [1, 3], [2, 2]],1192,741,1124,750
185547,0,12,52,[10, 4, 3, 11, 7, 9],[[2, 1], [3, 1], [3, 2], [3, 3], [1, 3], [2, 2]],1191,759,1124,740
185588,0,12,52,[10, 4, 3, 11, 7, 9],[[2, 1], [3, 1], [3, 2], [3, 3], [1, 3], [2, 2]],1203,774,1124,739
185650,0,12,52,[10, 4, 3, 11, 7, 9],[[2, 1], [3, 1], [3, 2], [3, 3], [1, 3], [2, 2]],1209,748,1124,732
185696,0,12,52,[10, 4, 3, 11, 7, 9],[[2, 1], [3, 1], [3, 2], [3, 3], [1, 3], [2, 2]],1182,730,1124,725
185774,0,12,52,[10, 4, 3, 11, 7, 9],[[2, 1], [3, 1], [3, 2], [3, 3], [1, 3], [2, 2]],1187,710,1124,724
185825,0,12,52,[10, 4, 3, 11, 7, 9],[[2, 1], [3, 1], [3, 2], [3, 3], [1, 3], [2, 2]],1164,688,1122,724
185873,0,12,52,[10, 4, 3, 11, 7, 9],[[2, 1], [3, 1], [3, 2], [3, 3], [1, 3], [2, 2]],1170,711,1114,729
185929,0,12,52,[10, 4, 3, 11, 7, 9],[[2, 1], [3, 1], [3, 2], [3, 3], [1, 3], [2, 2]],1160,725,1113,745
185972,0,12,52,[10, 4, 3, 11, 7, 9],[[2, 1], [3, 1], [3, 2], [3, 3], [1, 3], [2, 2]],1170,736,1113,745
186048,0,12,52,[10, 4, 3, 11, 7, 9],[[2, 1], [3, 1], [3, 2], [3, 3], [1, 3], [2, 2]],1154,766,1113,745
186117,0,12,52,[10, 4, 3, 11, 7, 9],[[2, 1], [3, 1], [3, 2], [3, 3], [1, 3], [2, 2]],1146,750,1131,738
186197,0,12,52,[10, 4, 3, 11, 7, 9],[[2, 1], [3, 1], [3, 2], [3, 3], [1, 3], [2, 2]],1150,766,1132,738
186267,0,12,52,[10, 4, 3, 11, 7, 9],[[2, 1], [3, 1], [3, 2], [3, 3], [1, 3], [2, 2]],1145,779,1132,738
186329,0,12,52,[10, 4, 3, 11, 7, 9],[[2, 1], [3, 1], [3, 2], [3, 3], [1, 3], [2, 2]],1129,748,1134,729
186406,0,12,52,[10, 4, 3, 11, 7, 9],[[2, 1], [3, 1], [3, 2], [3, 3], [1, 3], [2, 2]],1149,789,1134,729
186489,0,12,52,[10, 4, 3, 11, 7, 9],[[2, 1], [3, 1], [3, 2], [3, 3], [1, 3], [2, 2]],1162,794,1114,740
186580,0,12,52,[10, 4, 3, 11, 7, 9],[[2, 1], [3, 1], [3, 2], [3, 3], [1, 3], [2, 2]],1157,792,1109,755
186624,0,12,52,[10, 4, 3, 11, 7, 9],[[2, 1], [3, 1], [3, 2], [3, 3], [1, 3], [2, 2]],1149,807,1106,762
186690,0,12,52,[10, 4, 3, 11, 7, 9],[[2, 1], [3, 1], [3, 2], [3, 3], [1, 3], [2, 2]],1169,783,1106,774
186748,0,12,52,[10, 4, 3, 11, 7, 9],[[2, 1], [3, 1], [3, 2], [3, 3], [1, 3], [2, 2]],1151,793,1105,789
186810,0,12,52,[10, 4, 3, 11, 7, 9],[[2, 1], [3, 1], [3, 2], [3, 3], [1, 3], [2, 2]],1152,807,1105,796
186858,0,12,52,[10, 4, 3, 11, 7, 9],[[2, 1], [3, 1], [3, 2], [3, 3], [1, 3], [2, 2]],1139,805,1105,797
186899,0,12,52,[10, 4, 3, 11, 7, 9],[[2, 1], [3, 1], [3, 2], [3, 3], [1, 3], [2, 2]],1156,814,1106,802
186964,0,12,52,[10, 4, 3, 11, 7, 9],[[2, 1], [3, 1], [3, 2], [3, 3], [1, 3], [2, 2]],1165,808,1107,804
187019,0,12,52,[10, 4, 3, 11, 7, 9],[[2, 1], [3, 1], [3, 2], [3, 3], [1, 3], [2, 2]],1160,792,1108,804
187060,0,12,52,[10, 4, 3, 11, 7, 9],[[2, 1], [3, 1], [3, 2], [3, 3], [1, 3], [2, 2]],1139,784,1119,806
187107,0,12,52,[10, 4, 3, 11, 7, 9],[[2, 1], [3, 1], [3, 2], [3, 3], [1, 3], [2, 2]],1125,757,1121,807
187170,0,12,52,[10, 4, 3, 11, 7, 9],[[2, 1], [3, 1], [3, 2], [3, 3], [1, 3], [2, 2]],1136,764,1121,807
187231,0,12,52,[10, 4, 3, 11, 7, 9],[[2, 1], [3, 1], [3, 2], [3, 3], [1, 3], [2, 2]],1147,749,1121,807
187282,0,12,52,[10, 4, 3, 11, 7, 9],[[2, 1], [3, 1], [3, 2], [3, 3], [1, 3], [2, 2]],1162,759,1123,807
187342,0,12,52,[10, 4, 3, 11, 7, 9],[[2, 1], [3, 1], [3, 2], [3, 3], [1, 3], [2, 2]],1176,747,1128,807
187390,0,12,52,[10, 4, 3, 11, 7, 9],[[2, 1], [3, 1], [3, 2], [3, 3], [1, 3], [2, 2]],1174,771,1128,807
187440,0,12,52,[10, 4, 3, 11, 7, 9],[[2, 1], [3, 1], [3, 2], [3, 3], [1, 3], [2, 2]],1180,785,1128,807
187502,0,12,52,[10, 4, 3, 11, 7, 9],[[2, 1], [3, 1], [3, 2], [3, 3], [1, 3], [2, 2]],1164,784,1119,804
187564,0,12,52,[10, 4, 3, 11, 7, 9],[[2, 1], [3, 1], [3, 2], [3, 3], [1, 3], [2, 2]],1186,773,1111,800
187641,0,12,52,[10, 4, 3, 11, 7, 9],[[2, 1], [3, 1], [3, 2], [3, 3], [1, 3], [2, 2]],1159,789,1111,798
187697,0,12,52,[10, 4, 3, 11, 7, 9],[[2, 1], [3, 1], [3, 2], [3, 3], [1, 3], [2, 2]],1163,781,1111,798
187737,0,12,52,[10, 4, 3, 11, 7, 9],[[2, 1], [3, 1], [3, 2], [3, 3], [1, 3], [2, 2]],1161,800,1111,798
187804,0,12,52,[10, 4, 3, 11, 7, 9],[[2, 1], [3, 1], [3, 2], [3, 3], [1, 3], [2, 2]],1173,786,1129,800
187858,0,12,52,[10, 4, 3, 11, 7, 9],[[2, 1], [3, 1], [3, 2], [3, 3], [1, 3], [2, 2]],1173,768,1129,802
187933,0,12,52,[10, 4, 3, 11, 7, 9],[[2, 1], [3, 1], [3, 2], [3, 3], [1, 3], [2, 2]],1193,785,1144,805
187994,0,12,52,[10, 4, 3, 11, 7, 9],[[2, 1], [3, 1], [3, 2], [3, 3], [1, 3], [2, 2]],1183,807,1160,813
188036,0,12,52,[10, 4, 3, 11, 7, 9],[[2, 1], [3, 1], [3, 2], [3, 3], [1, 3], [2, 2]],1179,800,1173,818
188129,0,13,15,[6, 5, 3, 11, 7, 9],[[1, 1], [2, 1], [3, 2], [3, 3], [1, 3], [2, 2]],1190,833,1183,833
188217,0,13,15,[6, 5, 3, 11, 7, 9],[[1, 1], [2, 1], [3, 2], [3, 3], [1, 3], [2, 2]],1173,846,1185,834
188275,0,13,15,[6, 5, 3, 11, 7, 9],[[1, 1], [2, 1], [3, 2], [3, 3], [1, 3], [2, 2]],1147,821,1189,835
188361,0,13,15,[6, 5, 3, 11, 7, 9],[[1, 1], [2, 1], [3, 2], [3, 3], [1, 3], [2, 2]],1130,819,1189,835
188447,0,13,15,[6, 5, 3, 11, 7, 9],[[1, 1], [2, 1], [3, 2], [3, 3], [1, 3], [2, 2]],1136,822,1189,835
188519,0,13,15,[6, 5, 3, 11, 7, 9],[[1, 1], [2, 1], [3, 2], [3, 3], [1, 3], [2, 2]],1149,824,1189,834
188596,0,13,15,[6, 5, 3, 11, 7, 9],[[1, 1], [2, 1], [3, 2], [3, 3], [1, 3], [2, 2]],1173,830,1181,839
188652,0,13,15,[6, 5, 3, 11, 7, 9],[[1, 1], [2, 1], [3, 2], [3, 3], [1, 3], [2, 2]],1194,844,1158,847
188722,0,13,15,[6, 5, 3, 11, 7, 9],[[1, 1], [2, 1], [3, 2], [3, 3], [1, 3], [2, 2]],1175,856,1145,849
188795,0,13,15,[6, 5, 3, 11, 7, 9],[[1, 1], [2, 1], [3, 2], [3, 3], [1, 3], [2, 2]],1149,864,1145,849
188848,0,13,15,[6, 5, 3, 11, 7, 9],[[1, 1], [2, 1], [3, 2], [3, 3], [1, 3], [2, 2]],1136,874,1145,849
188902,0,13,15,[6, 5, 3, 11, 7, 9],[[1, 1], [2, 1], [3, 2], [3, 3], [1, 3], [2, 2]],1140,880,1145,849
188951,0,13,15,[6, 5, 3, 11, 7, 9],[[1, 1], [2, 1], [3, 2], [3, 3], [1, 3], [2, 2]],1145,892,1148,851
189019,0,13,15,[6, 5, 3, 11, 7, 9],[[1, 1], [2, 1], [3, 2], [3, 3], [1, 3], [2, 2]],1151,890,1154,852
189083,0,13,15,[6, 5, 3, 11, 7, 9],[[1, 1], [2, 1], [3, 2], [3, 3], [1, 3], [2, 2]],1155,906,1154,852
189141,0,13,15,[6, 5, 3, 11, 7, 9],[[1, 1], [2, 1], [3, 2], [3, 3], [1, 3], [2, 2]],1152,884,1154,855
189200,0,13,15,[6, 5, 3, 11, 7, 9],[[1, 1], [2, 1], [3, 2], [3, 3], [1, 3], [2, 2]],1120,866,1153,869
189249,0,13,15,[6, 5, 3, 11, 7, 9],[[1, 1], [2, 1], [3, 2], [3, 3], [1, 3], [2, 2]],1135,884,1154,904
189302,0,13,15,[6, 5, 3, 11, 7, 9],[[1, 1], [2, 1], [3, 2], [3, 3], [1, 3], [2, 2]],1128,881,1156,924
189356,0,13,15,[6, 5, 3, 11, 7, 9],[[1, 1], [2, 1], [3, 2], [3, 3], [1, 3], [2, 2]],1147,896,1151,948
189412,0,13,15,[6, 5, 3, 11, 7, 9],[[1, 1], [2, 1], [3, 2], [3, 3], [1, 3], [2, 2]],1140,902,1138,957
189466,0,13,15,[6, 5, 3, 11, 7, 9],[[1, 1], [2, 1], [3, 2], [3, 3], [1, 3], [2, 2]],1141,900,1130,962
189515,0,13,15,[6, 5, 3, 11, 7, 9],[[1, 1], [2, 1], [3, 2], [3, 3], [1, 3], [2, 2]],1141,902,1105,973
189568,0,13,15,[6, 5, 3, 11, 7, 9],[[1, 1], [2, 1], [3, 2], [3, 3], [1, 3], [2, 2]],1176,920,1093,979
189642,0,13,15,[6, 5, 3, 11, 7, 9],[[1, 1], [2, 1], [3, 2], [3, 3], [1, 3], [2, 2]],1175,921,1092,973
189701,0,13,15,[6, 5, 3, 11, 7, 9],[[1, 1], [2, 1], [3, 2], [3, 3], [1, 3], [2, 2]],1177,900,1097,951
189755,0,13,15,[6, 5, 3, 11, 7, 9],[[1, 1], [2, 1], [3, 2], [3, 3], [1, 3], [2, 2]],1176,874,1100,943
189820,0,13,15,[6, 5, 3, 11, 7, 9],[[1, 1], [2, 1], [3, 2], [3, 3], [1, 3], [2, 2]],1161,868,1100,943
189891,0,13,15,[6, 5, 3, 11, 7, 9],[[1, 1], [2, 1], [3, 2], [3, 3], [1, 3], [2, 2]],1176,883,1105,946
189969,0,13,15,[6, 5, 3, 11, 7, 9],[[1, 1], [2, 1], [3, 2], [3, 3], [1, 3], [2, 2]],1141,850,1109,947
190016,0,13,15,[6, 5, 3, 11, 7, 9],[[1, 1], [2, 1], [3, 2], [3, 3], [1, 3], [2, 2]],1157,869,1141,941
190086,0,13,15,[6, 5, 3, 11, 7, 9],[[1, 1], [2, 1], [3, 2], [3, 3], [1, 3], [2, 2]],1151,870,1148,922
190137,0,13,15,[6, 5, 3, 11, 7, 9],[[1, 1], [2, 1], [3, 2], [3, 3], [1, 3], [2, 2]],1149,905,1150,911
190183,0,13,15,[6, 5, 3, 11, 7, 9],[[1, 1], [2, 1], [3, 2], [3, 3], [1, 3], [2, 2]],1174,871,1150,911
190233,0,13,15,[6, 5, 3, 11, 7, 9],[[1, 1], [2, 1], [3, 2], [3, 3], [1, 3], [2, 2]],1197,862,1150,911
190319,0,13,15,[6, 5, 3, 11, 7, 9],[[1, 1], [2, 1], [3, 2], [3, 3], [1, 3], [2, 2]],1187,857,1150,911
190364,0,13,15,[6, 5, 3, 11, 7, 9],[[1, 1], [2, 1], [3, 2], [3, 3], [1, 3], [2, 2]],1188,876,1146,911
190433,0,13,15,[6, 5, 3, 11, 7, 9],[[1, 1], [2, 1], [3, 2], [3, 3], [1, 3], [2, 2]],1216,892,1141,911
190479,0,13,15,[6, 5, 3, 11, 7, 9],[[1, 1], [2, 1], [3, 2], [3, 3], [1, 3], [2, 2]],1202,879,1141,911
190554,0,13,15,[6, 5, 3, 11, 7, 9],[[1, 1], [2, 1], [3, 2], [3, 3], [1, 3], [2, 2]],1201,888,1141,911
190609,0,13,15,[6, 5, 3, 11, 7, 9],[[1, 1], [2, 1], [3, 2], [3, 3], [1, 3], [2, 2]],1191,874,1141,911
190647,0,13,15,[6, 5, 3, 11, 7, 9],[[1, 1], [2, 1], [3, 2], [3, 3], [1, 3], [2, 2]],1200,863,1144,911
190708,0,13,15,[6, 5, 3, 11, 7, 9],[[1, 1], [2, 1], [3, 2], [3, 3], [1, 3], [2, 2]],1183,894,1162,905
190760,0,13,15,[6, 5, 3, 11, 7, 9],[[1, 1], [2, 1], [3, 2], [3, 3], [1, 3], [2, 2]],1203,932,1171,897
190818,0,13,15,[6, 5, 3, 11, 7, 9],[[1, 1], [2, 1], [3, 2], [3, 3], [1, 3], [2, 2]],1207,921,1175,885
190872,0,13,15,[6, 5, 3, 11, 7, 9],[[1, 1], [2, 1], [3, 2], [3, 3], [1, 3], [2, 2]],1242,915,1176,884
190926,0,13,15,[6, 5, 3, 11, 7, 9],[[1, 1], [2, 1], [3, 2], [3, 3], [1, 3], [2, 2]],1240,894,1177,883
190979,0,13,15,[6, 5, 3, 11, 7, 9],[[1, 1], [2, 1], [3, 2], [3, 3], [1, 3], [2, 2]],1230,884,1178,883
191038,0,13,15,[6, 5, 3, 11, 7, 9],[[1, 1], [2, 1], [3, 2], [3, 3], [1, 3], [2, 2]],1266,885,1178,883
191087,0,13,15,[6, 5, 3, 11, 7, 9],[[1, 1], [2, 1], [3, 2], [3, 3], [1, 3], [2, 2]],1243,865,1176,885
191155,0,13,15,[6, 5, 3, 11, 7, 9],[[1, 1], [2, 1], [3, 2], [3, 3], [1, 3], [2, 2]],1269,866,1172,903
191208,0,13,15,[6, 5, 3, 11, 7, 9],[[1, 1], [2, 1], [3, 2], [3, 3], [1, 3], [2, 2]],1263,893,1172,903
191274,0,13,15,[6, 5, 3, 11, 7, 9],[[1, 1], [2, 1], [3, 2], [3, 3], [1, 3], [2, 2]],1278,887,1195,908
191318,0,13,15,[6, 5, 3, 11, 7, 9],[[1, 1], [2, 1], [3, 2], [3, 3], [1, 3], [2, 2]],1284,874,1195,908
191394,0,13,15,[6, 5, 3, 11, 7, 9],[[1, 1], [2, 1], [3, 2], [3, 3], [1, 3], [2, 2]],1268,881,1195,908
191440,0,13,15,[6, 5, 3, 11, 7, 9],[[1, 1], [2, 1], [3, 2], [3, 3], [1, 3], [2, 2]],1276,889,1195,908
191523,0,13,15,[6, 5, 3, 11, 7, 9],[[1, 1], [2, 1], [3, 2], [3, 3], [1, 3], [2, 2]],1302,900,1204,906
191571,0,13,15,[6, 5, 3, 11, 7, 9],[[1, 1], [2, 1], [3, 2], [3, 3], [1, 3], [2, 2]],1315,911,1209,905
191622,0,13,15,[6, 5, 3, 11, 7, 9],[[1, 1], [2, 1], [3, 2], [3, 3], [1, 3], [2, 2]],1302,924,1224,901
191711,0,13,15,[6, 5, 3, 11, 7, 9],[[1, 1], [2, 1], [3, 2], [3, 3], [1, 3], [2, 2]],1305,924,1230,901
191764,0,13,15,[6, 5, 3, 11, 7, 9],[[1, 1], [2, 1], [3, 2], [3, 3], [1, 3], [2, 2]],1302,924,1230,901
191856,0,13,15,[6, 5, 3, 11, 7, 9],[[1, 1], [2, 1], [3, 2], [3, 3], [1, 3], [2, 2]],1342,916,1239,902
191909,0,13,15,[6, 5, 3, 11, 7, 9],[[1, 1], [2, 1], [3, 2], [3, 3], [1, 3], [2, 2]],1358,928,1264,919
191982,0,13,15,[6, 5, 3, 11, 7, 9],[[1, 1], [2, 1], [3, 2], [3, 3], [1, 3], [2, 2]],1360,938,1272,945
192040,0,13,15,[6, 5, 3, 11, 7, 9],[[1, 1], [2, 1], [3, 2], [3, 3], [1, 3], [2, 2]],1360,953,1278,961
192106,0,13,15,[6, 5, 3, 11, 7, 9],[[1, 1], [2, 1], [3, 2], [3, 3], [1, 3], [2, 2]],1349,943,1273,985
192148,0,13,15,[6, 5, 3, 11, 7, 9],[[1, 1], [2, 1], [3, 2], [3, 3], [1, 3], [2, 2]],1342,938,1272,996
192206,0,14,85,[6, 5, 8, 12, 7, 9],[[1, 3], [2, 3], [3, 2], [3, 3], [2, 2], [3, 1]],1335,946,1273,1004
192274,0,14,85,[6, 5, 8, 12, 7, 9],[[1, 3], [2, 3], [3, 2], [3, 3], [2, 2], [3, 1]],1334,926,1275,1007
192349,0,14,85,[6, 5, 8, 12, 7, 9],[[1, 3], [2, 3], [3, 2], [3, 3], [2, 2], [3, 1]],1327,920,1313,1020
192392,0,14,85,[6, 5, 8, 12, 7, 9],[[1, 3], [2, 3], [3, 2], [3, 3], [2, 2], [3, 1]],1321,909,1353,1022
192472,0,14,85,[6, 5, 8, 12, 7, 9],[[1, 3], [2, 3], [3, 2], [3, 3], [2, 2], [3, 1]],1323,941,1353,1022
192529,0,14,85,[6, 5, 8, 12, 7, 9],[[1, 3], [2, 3], [3, 2], [3, 3], [2, 2], [3, 1]],1346,946,1316,983
192601,0,14,85,[6, 5, 8, 12, 7, 9],[[1, 3], [2, 3], [3, 2], [3, 3], [2, 2], [3, 1]],1348,941,1301,968
192660,0,14,85,[6, 5, 8, 12, 7, 9],[[1, 3], [2, 3], [3, 2], [3, 3], [2, 2], [3, 1]],1374,946,1297,959
192725,0,14,85,[6, 5, 8, 12, 7, 9],[[1, 3], [2, 3], [3, 2], [3, 3], [2, 2], [3, 1]],1391,937,1293,949
192788,0,14,85,[6, 5, 8, 12, 7, 9],[[1, 3], [2, 3], [3, 2], [3, 3], [2, 2], [3, 1]],1383,960,1293,948
192841,0,14,85,[6, 5, 8, 12, 7, 9],[[1, 3], [2, 3], [3, 2], [3, 3], [2, 2], [3, 1]],1366,962,1293,948
192890,0,14,85,[6, 5, 8, 12, 7, 9],[[1, 3], [2, 3], [3, 2], [3, 3], [2, 2], [3, 1]],1375,942,1293,948
192944,0,14,85,[6, 5, 8, 12, 7, 9],[[1, 3], [2, 3], [3, 2], [3, 3], [2, 2], [3, 1]],1355,958,1315,958
192996,0,14,85,[6, 5, 8, 12, 7, 9],[[1, 3], [2, 3], [3, 2], [3, 3], [2, 2], [3, 1]],1371,981,1357,975
193046,0,14,85,[6, 5, 8, 12, 7, 9],[[1, 3], [2, 3], [3, 2], [3, 3], [2, 2], [3, 1]],1372,1000,1359,976
193095,0,14,85,[6, 5, 8, 12, 7, 9],[[1, 3], [2, 3], [3, 2], [3, 3], [2, 2], [3, 1]],1360,992,1359,976
193154,0,14,85,[6, 5, 8, 12, 7, 9],[[1, 3], [2, 3], [3, 2], [3, 3], [2, 2], [3, 1]],1384,955,1361,975
193218,0,14,85,[6, 5, 8, 12, 7, 9],[[1, 3], [2, 3], [3, 2], [3, 3], [2, 2], [3, 1]],1377,957,1362,973
193271,0,14,85,[6, 5, 8, 12, 7, 9],[[1, 3], [2, 3], [3, 2], [3, 3], [2, 2], [3, 1]],1383,955,1362,973
193336,0,14,85,[6, 5, 8, 12, 7, 9],[[1, 3], [2, 3], [3, 2], [3, 3], [2, 2], [3, 1]],1388,969,1362,978
193404,0,14,85,[6, 5, 8, 12, 7, 9],[[1, 3], [2, 3], [3, 2], [3, 3], [2, 2], [3, 1]],1387,985,1362,990
193457,0,14,85,[6, 5, 8, 12, 7, 9],[[1, 3], [2, 3], [3, 2], [3, 3], [2, 2], [3, 1]],1406,1003,1364,999
193515,0,14,85,[6, 5, 8, 12, 7, 9],[[1, 3], [2, 3], [3, 2], [3, 3], [2, 2], [3, 1]],1373,994,1366,1001
193579,0,14,85,[6, 5, 8, 12, 7, 9],[[1, 3], [2, 3], [3, 2], [3, 3], [2, 2], [3, 1]],1384,1029,1369,1001
193626,0,14,85,[6, 5, 8, 12, 7, 9],[[1, 3], [2, 3], [3, 2], [3, 3], [2, 2], [3, 1]],1375,959,1377,1000
193675,0,14,85,[6, 5, 8, 12, 7, 9],[[1, 3], [2, 3], [3, 2], [3, 3], [2, 2], [3, 1]],1387,941,1380,998
193752,0,14,85,[6, 5, 8, 12, 7, 9],[[1, 3], [2, 3], [3, 2], [3, 3], [2, 2], [3, 1]],1384,932,1386,995
193804,0,14,85,[6, 5, 8, 12, 7, 9],[[1, 3], [2, 3], [3, 2], [3, 3], [2, 2], [3, 1]],1379,931,1386,990
193845,0,14,85,[6, 5, 8, 12, 7, 9],[[1, 3], [2, 3], [3, 2], [3, 3], [2, 2], [3, 1]],1381,942,1386,989
193919,0,14,85,[6, 5, 8, 12, 7, 9],[[1, 3], [2, 3], [3, 2], [3, 3], [2, 2], [3, 1]],1369,950,1383,983
194001,0,14,85,[6, 5, 8, 12, 7, 9],[[1, 3], [2, 3], [3, 2], [3, 3], [2, 2], [3, 1]],1364,934,1371,965
194068,0,14,85,[6, 5, 8, 12, 7, 9],[[1, 3], [2, 3], [3, 2], [3, 3], [2, 2], [3, 1]],1367,931,1359,936
194115,0,14,85,[6, 5, 8, 12, 7, 9],[[1, 3], [2, 3], [3, 2], [3, 3], [2, 2], [3, 1]],1354,928,1357,927
194188,0,14,85,[6, 5, 8, 12, 7, 9],[[1, 3], [2, 3], [3, 2], [3, 3], [2, 2], [3, 1]],1382,917,1360,925
194241,0,14,85,[6, 5, 8, 12, 7, 9],[[1, 3], [2, 3], [3, 2], [3, 3], [2, 2], [3, 1]],1384,918,1360,925
194278,0,14,85,[6, 5, 8, 12, 7, 9],[[1, 3], [2, 3], [3, 2], [3, 3], [2, 2], [3, 1]],1323,925,1366,921
194335,0,14,85,[6, 5, 8, 12, 7, 9],[[1, 3], [2, 3], [3, 2], [3, 3], [2, 2], [3, 1]],1347,938,1370,916
194410,0,14,85,[6, 5, 8, 12, 7, 9],[[1, 3], [2, 3], [3, 2], [3, 3], [2, 2], [3, 1]],1380,893,1370,916
194458,0,14,85,[6, 5, 8, 12, 7, 9],[[1, 3], [2, 3], [3, 2], [3, 3], [2, 2], [3, 1]],1388,908,1370,916
194506,0,14,85,[6, 5, 8, 12, 7, 9],[[1, 3], [2, 3], [3, 2], [3, 3], [2, 2], [3, 1]],1368,921,1370,914
194556,0,14,85,[6, 5, 8, 12, 7, 9],[[1, 3], [2, 3], [3, 2], [3, 3], [2, 2], [3, 1]],1344,918,1370,912
194608,0,14,85,[6, 5, 8, 12, 7, 9],[[1, 3], [2, 3], [3, 2], [3, 3], [2, 2], [3, 1]],1338,937,1344,917
194663,0,14,85,[6, 5, 8, 12, 7, 9],[[1, 3], [2, 3], [3, 2], [3, 3], [2, 2], [3, 1]],1363,899,1339,918
194733,0,14,85,[6, 5, 8, 12, 7, 9],[[1, 3], [2, 3], [3, 2], [3, 3], [2, 2], [3, 1]],1386,910,1322,926
194779,0,14,85,[6, 5, 8, 12, 7, 9],[[1, 3], [2, 3], [3, 2], [3, 3], [2, 2], [3, 1]],1398,912,1322,926
194848,0,14,85,[6, 5, 8, 12, 7, 9],[[1, 3], [2, 3], [3, 2], [3, 3], [2, 2], [3, 1]],1403,929,1322,926
194930,0,14,85,[6, 5, 8, 12, 7, 9],[[1, 3], [2, 3], [3, 2], [3, 3], [2, 2], [3, 1]],1403,925,1322,926
194983,0,14,85,[6, 5, 8, 12, 7, 9],[[1, 3], [2, 3], [3, 2], [3, 3], [2, 2], [3, 1]],1405,923,1322,926
195042,0,14,85,[6, 5, 8, 12, 7, 9],[[1, 3], [2, 3], [3, 2], [3, 3], [2, 2], [3, 1]],1384,958,1339,929
195090,0,14,85,[6, 5, 8, 12, 7, 9],[[1, 3], [2, 3], [3, 2], [3, 3], [2, 2], [3, 1]],1417,985,1352,929
195149,0,14,85,[6, 5, 8, 12, 7, 9],[[1, 3], [2, 3], [3, 2], [3, 3], [2, 2], [3, 1]],1407,971,1359,928
195195,0,14,85,[6, 5, 8, 12, 7, 9],[[1, 3], [2, 3], [3, 2], [3, 3], [2, 2], [3, 1]],1402,960,1363,924
195258,0,14,85,[6, 5, 8, 12, 7, 9],[[1, 3], [2, 3], [3, 2], [3, 3], [2, 2], [3, 1]],1387,922,1367,924
195333,0,14,85,[6, 5, 8, 12, 7, 9],[[1, 3], [2, 3], [3, 2], [3, 3], [2, 2], [3, 1]],1390,932,1367,924
195420,0,14,85,[6, 5, 8, 12, 7, 9],[[1, 3], [2, 3], [3, 2], [3, 3], [2, 2], [3, 1]],1380,948,1367,946
195458,0,14,85,[6, 5, 8, 12, 7, 9],[[1, 3], [2, 3], [3, 2], [3, 3], [2, 2], [3, 1]],1362,944,1367,955
195535,0,14,85,[6, 5, 8, 12, 7, 9],[[1, 3], [2, 3], [3, 2], [3, 3], [2, 2], [3, 1]],1359,949,1372,967
195593,0,14,85,[6, 5, 8, 12, 7, 9],[[1, 3], [2, 3], [3, 2], [3, 3], [2, 2], [3, 1]],1341,942,1372,967
195669,0,14,85,[6, 5, 8, 12, 7, 9],[[1, 3], [2, 3], [3, 2], [3, 3], [2, 2], [3, 1]],1335,974,1372,967
195743,0,14,85,[6, 5, 8, 12, 7, 9],[[1, 3], [2, 3], [3, 2], [3, 3], [2, 2], [3, 1]],1321,970,1372,960
195786,0,14,85,[6, 5, 8, 12, 7, 9],[[1, 3], [2, 3], [3, 2], [3, 3], [2, 2], [3, 1]],1349,967,1375,958
195869,0,14,85,[6, 5, 8, 12, 7, 9],[[1, 3], [2, 3], [3, 2], [3, 3], [2, 2], [3, 1]],1340,975,1376,950
195916,0,14,85,[6, 5, 8, 12, 7, 9],[[1, 3], [2, 3], [3, 2], [3, 3], [2, 2], [3, 1]],1356,980,1376,947
195959,0,14,85,[6, 5, 8, 12, 7, 9],[[1, 3], [2, 3], [3, 2], [3, 3], [2, 2], [3, 1]],1368,987,1373,946
196025,0,14,85,[6, 5, 8, 12, 7, 9],[[1, 3], [2, 3], [3, 2], [3, 3], [2, 2], [3, 1]],1392,986,1334,955
196090,0,14,85,[6, 5, 8, 12, 7, 9],[[1, 3], [2, 3], [3, 2], [3, 3], [2, 2], [3, 1]],1379,962,1319,962
196169,0,14,85,[6, 5, 8, 12, 7, 9],[[1, 3], [2, 3], [3, 2], [3, 3], [2, 2], [3, 1]],1396,947,1317,969
196208,0,14,85,[6, 5, 8, 12, 7, 9],[[1, 3], [2, 3], [3, 2], [3, 3], [2, 2], [3, 1]],1397,968,1316,975
196280,0,15,1,[6, 5, 8, 12, 7, 9],[[1, 1], [2, 1], [1, 2], [1, 3], [2, 3], [3, 2]],1403,972,1316,978
196337,0,15,1,[6, 5, 8, 12, 7, 9],[[1, 1], [2, 1], [1, 2], [1, 3], [2, 3], [3, 2]],1404,988,1316,978
196376,0,15,1,[6, 5, 8, 12, 7, 9],[[1, 1], [2, 1], [1, 2], [1, 3], [2, 3], [3, 2]],1381,985,1320,984
196432,0,15,1,[6, 5, 8, 12, 7, 9],[[1, 1], [2, 1], [1, 2], [1, 3], [2, 3], [3, 2]],1384,1015,1322,986
196503,0,15,1,[6, 5, 8, 12, 7, 9],[[1, 1], [2, 1], [1, 2], [1, 3], [2, 3], [3, 2]],1360,1025,1342,988
196551,0,15,1,[6, 5, 8, 12, 7, 9],[[1, 1], [2, 1], [1, 2], [1, 3], [2, 3], [3, 2]],1344,1006,1345,985
196635,0,15,1,[6, 5, 8, 12, 7, 9],[[1, 1], [2, 1], [1, 2], [1, 3], [2, 3], [3, 2]],1342,994,1359,977
196674,0,15,1,[6, 5, 8, 12, 7, 9],[[1, 1], [2, 1], [1, 2], [1, 3], [2, 3], [3, 2]],1321,1044,1364,976
196728,0,15,1,[6, 5, 8, 12, 7, 9],[[1, 1], [2, 1], [1, 2], [1, 3], [2, 3], [3, 2]],1309,933,1371,976
196768,0,15,1,[6, 5, 8, 12, 7, 9],[[1, 1], [2, 1], [1, 2], [1, 3], [2, 3], [3, 2]],1309,935,1376,981
196823,0,15,1,[6, 5, 8, 12, 7, 9],[[1, 1], [2, 1], [1, 2], [1, 3], [2, 3], [3, 2]],1322,931,1381,994
196874,0,15,1,[6, 5, 8, 12, 7, 9],[[1, 1], [2, 1], [1, 2], [1, 3], [2, 3], [3, 2]],1296,917,1385,997
196914,0,15,1,[6, 5, 8, 12, 7, 9],[[1, 1], [2, 1], [1, 2], [1, 3], [2, 3], [3, 2]],1295,927,1385,997
196993,0,15,1,[6, 5, 8, 12, 7, 9],[[1, 1], [2, 1], [1, 2], [1, 3], [2, 3], [3, 2]],1268,941,1380,1000
197051,0,15,1,[6, 5, 8, 12, 7, 9],[[1, 1], [2, 1], [1, 2], [1, 3], [2, 3], [3, 2]],1301,949,1363,994
197111,0,15,1,[6, 5, 8, 12, 7, 9],[[1, 1], [2, 1], [1, 2], [1, 3], [2, 3], [3, 2]],1290,937,1329,975
197165,0,15,1,[6, 5, 8, 12, 7, 9],[[1, 1], [2, 1], [1, 2], [1, 3], [2, 3], [3, 2]],1282,936,1308,948
197229,0,15,1,[6, 5, 8, 12, 7, 9],[[1, 1], [2, 1], [1, 2], [1, 3], [2, 3], [3, 2]],1299,933,1303,944
197287,0,15,1,[6, 5, 8, 12, 7, 9],[[1, 1], [2, 1], [1, 2], [1, 3], [2, 3], [3, 2]],1285,943,1303,944
197324,0,15,1,[6, 5, 8, 12, 7, 9],[[1, 1], [2, 1], [1, 2], [1, 3], [2, 3], [3, 2]],1270,957,1296,946
197410,0,15,1,[6, 5, 8, 12, 7, 9],[[1, 1], [2, 1], [1, 2], [1, 3], [2, 3], [3, 2]],1254,950,1281,954
197474,0,15,1,[6, 5, 8, 12, 7, 9],[[1, 1], [2, 1], [1, 2], [1, 3], [2, 3], [3, 2]],1232,953,1279,956
197523,0,15,1,[6, 5, 8, 12, 7, 9],[[1, 1], [2, 1], [1, 2], [1, 3], [2, 3], [3, 2]],1220,941,1278,960
197587,0,15,1,[6, 5, 8, 12, 7, 9],[[1, 1], [2, 1], [1, 2], [1, 3], [2, 3], [3, 2]],1227,930,1277,963
197641,0,15,1,[6, 5, 8, 12, 7, 9],[[1, 1], [2, 1], [1, 2], [1, 3], [2, 3], [3, 2]],1217,931,1277,963
197704,0,15,1,[6, 5, 8, 12, 7, 9],[[1, 1], [2, 1], [1, 2], [1, 3], [2, 3], [3, 2]],1256,910,1277,963
197779,0,15,1,[6, 5, 8, 12, 7, 9],[[1, 1], [2, 1], [1, 2], [1, 3], [2, 3], [3, 2]],1255,889,1239,964
197848,0,15,1,[6, 5, 8, 12, 7, 9],[[1, 1], [2, 1], [1, 2], [1, 3], [2, 3], [3, 2]],1237,883,1191,964
197892,0,15,1,[6, 5, 8, 12, 7, 9],[[1, 1], [2, 1], [1, 2], [1, 3], [2, 3], [3, 2]],1258,880,1190,964
197990,0,15,1,[6, 5, 8, 12, 7, 9],[[1, 1], [2, 1], [1, 2], [1, 3], [2, 3], [3, 2]],1270,867,1190,964
198027,0,15,1,[6, 5, 8, 12, 7, 9],[[1, 1], [2, 1], [1, 2], [1, 3], [2, 3], [3, 2]],1263,860,1190,964
198076,0,15,1,[6, 5, 8, 12, 7, 9],[[1, 1], [2, 1], [1, 2], [1, 3], [2, 3], [3, 2]],1286,846,1199,960
198122,0,15,1,[6, 5, 8, 12, 7, 9],[[1, 1], [2, 1], [1, 2], [1, 3], [2, 3], [3, 2]],1291,849,1224,946
198178,0,15,1,[6, 5, 8, 12, 7, 9],[[1, 1], [2, 1], [1, 2], [1, 3], [2, 3], [3, 2]],1296,850,1231,932
198232,0,15,1,[6, 5, 8, 12, 7, 9],[[1, 1], [2, 1], [1, 2], [1, 3], [2, 3], [3, 2]],1283,841,1235,926
198280,0,15,1,[6, 5, 8, 12, 7, 9],[[1, 1], [2, 1], [1, 2], [1, 3], [2, 3], [3, 2]],1278,826,1236,922
198341,0,15,1,[6, 5, 8, 12, 7, 9],[[1, 1], [2, 1], [1, 2], [1, 3], [2, 3], [3, 2]],1251,828,1237,912
198411,0,15,1,[6, 5, 8, 12, 7, 9],[[1, 1], [2, 1], [1, 2], [1, 3], [2, 3], [3, 2]],1225,837,1241,898
198469,0,15,1,[6, 5, 8, 12, 7, 9],[[1, 1], [2, 1], [1, 2], [1, 3], [2, 3], [3, 2]],1221,837,1247,887
198535,0,15,1,[6, 5, 8, 12, 7, 9],[[1, 1], [2, 1], [1, 2], [1, 3], [2, 3], [3, 2]],1202,862,1247,887
198594,0,15,1,[6, 5, 8, 12, 7, 9],[[1, 1], [2, 1], [1, 2], [1, 3], [2, 3], [3, 2]],1217,835,1249,880
198668,0,15,1,[6, 5, 8, 12, 7, 9],[[1, 1], [2, 1], [1, 2], [1, 3], [2, 3], [3, 2]],1212,851,1249,879
198722,0,15,1,[6, 5, 8, 12, 7, 9],[[1, 1], [2, 1], [1, 2], [1, 3], [2, 3], [3, 2]],1201,837,1246,870
198767,0,15,1,[6, 5, 8, 12, 7, 9],[[1, 1], [2, 1], [1, 2], [1, 3], [2, 3], [3, 2]],1196,822,1246,870
198814,0,15,1,[6, 5, 8, 12, 7, 9],[[1, 1], [2, 1], [1, 2], [1, 3], [2, 3], [3, 2]],1180,816,1240,870
198872,0,15,1,[6, 5, 8, 12, 7, 9],[[1, 1], [2, 1], [1, 2], [1, 3], [2, 3], [3, 2]],1197,794,1230,873
198930,0,15,1,[6, 5, 8, 12, 7, 9],[[1, 1], [2, 1], [1, 2], [1, 3], [2, 3], [3, 2]],1201,804,1228,874
198971,0,15,1,[6, 5, 8, 12, 7, 9],[[1, 1], [2, 1], [1, 2], [1, 3], [2, 3], [3, 2]],1193,785,1228,874
199018,0,15,1,[6, 5, 8, 12, 7, 9],[[1, 1], [2, 1], [1, 2], [1, 3], [2, 3], [3, 2]],1188,783,1226,875
199069,0,15,1,[6, 5, 8, 12, 7, 9],[[1, 1], [2, 1], [1, 2], [1, 3], [2, 3], [3, 2]],1205,782,1225,875
199131,0,15,1,[6, 5, 8, 12, 7, 9],[[1, 1], [2, 1], [1, 2], [1, 3], [2, 3], [3, 2]],1197,804,1221,869
199206,0,15,1,[6, 5, 8, 12, 7, 9],[[1, 1], [2, 1], [1, 2], [1, 3], [2, 3], [3, 2]],1176,818,1221,860
199249,0,15,1,[6, 5, 8, 12, 7, 9],[[1, 1], [2, 1], [1, 2], [1, 3], [2, 3], [3, 2]],1197,805,1221,854
199327,0,15,1,[6, 5, 8, 12, 7, 9],[[1, 1], [2, 1], [1, 2], [1, 3], [2, 3], [3, 2]],1181,785,1213,843
199387,0,15,1,[6, 5, 8, 12, 7, 9],[[1, 1], [2, 1], [1, 2], [1, 3], [2, 3], [3, 2]],1199,782,1203,827
199441,0,15,1,[6, 5, 8, 12, 7, 9],[[1, 1], [2, 1], [1, 2], [1, 3], [2, 3], [3, 2]],1221,762,1196,816
199495,0,15,1,[6, 5, 8, 12, 7, 9],[[1, 1], [2, 1], [1, 2], [1, 3], [2, 3], [3, 2]],1211,768,1185,807
199544,0,15,1,[6, 5, 8, 12, 7, 9],[[1, 1], [2, 1], [1, 2], [1, 3], [2, 3], [3, 2]],1230,773,1179,804
199607,0,15,1,[6, 5, 8, 12, 7, 9],[[1, 1], [2, 1], [1, 2], [1, 3], [2, 3], [3, 2]],1225,731,1177,803
199691,0,15,1,[6, 5, 8, 12, 7, 9],[[1, 1], [2, 1], [1, 2], [1, 3], [2, 3], [3, 2]],1214,750,1177,803
199766,0,15,1,[6, 5, 8, 12, 7, 9],[[1, 1], [2, 1], [1, 2], [1, 3], [2, 3], [3, 2]],1243,745,1177,803
199840,0,15,1,[6, 5, 8, 12, 7, 9],[[1, 1], [2, 1], [1, 2], [1, 3], [2, 3], [3, 2]],1262,727,1177,803
199910,0,15,1,[6, 5, 8, 12, 7, 9],[[1, 1], [2, 1], [1, 2], [1, 3], [2, 3], [3, 2]],1243,700,1177,803
199957,0,15,1,[6, 5, 8, 12, 7, 9],[[1, 1], [2, 1], [1, 2], [1, 3], [2, 3], [3, 2]],1245,698,1177,803
200019,0,15,1,[6, 5, 8, 12, 7, 9],[[1, 1], [2, 1], [1, 2], [1, 3], [2, 3], [3, 2]],1254,704,1189,803
200082,0,15,1,[6, 5, 8, 12, 7, 9],[[1, 1], [2, 1], [1, 2], [1, 3], [2, 3], [3, 2]],1279,676,1248,805
200142,0,15,1,[6, 5, 8, 12, 7, 9],[[1, 1], [2, 1], [1, 2], [1, 3], [2, 3], [3, 2]],1262,681,1252,805
200200,0,15,1,[6, 5, 8, 12, 7, 9],[[1, 1], [2, 1], [1, 2], [1, 3], [2, 3], [3, 2]],1267,682,1253,804
200264,0,15,1,[6, 5, 8, 12, 7, 9],[[1, 1], [2, 1], [1, 2], [1, 3], [2, 3], [3, 2]],1246,663,1244,765
200339,0,16,109,[6, 5, 8, 12, 7, 9],[[2, 3], [3, 3], [1, 1], [1, 2], [2, 2], [3, 1]],1267,656,1260,747
200419,0,16,109,[6, 5, 8, 12, 7, 9],[[2, 3], [3, 3], [1, 1], [1, 2], [2, 2], [3, 1]],1274,655,1264,735
200472,0,16,109,[6, 5, 8, 12, 7, 9],[[2, 3], [3, 3], [1, 1], [1, 2], [2, 2], [3, 1]],1258,668,1264,733
200519,0,16,109,[6, 5, 8, 12, 7, 9],[[2, 3], [3, 3], [1, 1], [1, 2], [2, 2], [3, 1]],1275,700,1264,729
200575,0,16,109,[6, 5, 8, 12, 7, 9],[[2, 3], [3, 3], [1, 1], [1, 2], [2, 2], [3, 1]],1275,681,1264,712
200618,0,16,109,[6, 5, 8, 12, 7, 9],[[2, 3], [3, 3], [1, 1], [1, 2], [2, 2], [3, 1]],1282,689,1263,700
200689,0,16,109,[6, 5, 8, 12, 7, 9],[[2, 3], [3, 3], [1, 1], [1, 2], [2, 2], [3, 1]],1275,698,1258,690
200748,0,16,109,[6, 5, 8, 12, 7, 9],[[2, 3], [3, 3], [1, 1], [1, 2], [2, 2], [3, 1]],1281,721,1258,689
200812,0,16,109,[6, 5, 8, 12, 7, 9],[[2, 3], [3, 3], [1, 1], [1, 2], [2, 2], [3, 1]],1272,704,1250,692
200883,0,16,109,[6, 5, 8, 12, 7, 9],[[2, 3], [3, 3], [1, 1], [1, 2], [2, 2], [3, 1]],1278,709,1226,732
200929,0,16,109,[6, 5, 8, 12, 7, 9],[[2, 3], [3, 3], [1, 1], [1, 2], [2, 2], [3, 1]],1257,708,1226,733
200980,0,16,109,[6, 5, 8, 12, 7, 9],[[2, 3], [3, 3], [1, 1], [1, 2], [2, 2], [3, 1]],1240,710,1228,739
201019,0,16,109,[6, 5, 8, 12, 7, 9],[[2, 3], [3, 3], [1, 1], [1, 2], [2, 2], [3, 1]],1208,724,1228,739
201062,0,16,109,[6, 5, 8, 12, 7, 9],[[2, 3], [3, 3], [1, 1], [1, 2], [2, 2], [3, 1]],1180,745,1228,739
201121,0,16,109,[6, 5, 8, 12, 7, 9],[[2, 3], [3, 3], [1, 1], [1, 2], [2, 2], [3, 1]],1174,739,1228,739
201164,0,16,109,[6, 5, 8, 12, 7, 9],[[2, 3], [3, 3], [1, 1], [1, 2], [2, 2], [3, 1]],1192,735,1235,741
201223,0,16,109,[6, 5, 8, 12, 7, 9],[[2, 3], [3, 3], [1, 1], [1, 2], [2, 2], [3, 1]],1187,738,1239,741
201272,0,16,109,[6, 5, 8, 12, 7, 9],[[2, 3], [3, 3], [1, 1], [1, 2], [2, 2], [3, 1]],1200,726,1240,741
201308,0,16,109,[6, 5, 8, 12, 7, 9],[[2, 3], [3, 3], [1, 1], [1, 2], [2, 2], [3, 1]],1190,688,1240,741
201371,0,16,109,[6, 5, 8, 12, 7, 9],[[2, 3], [3, 3], [1, 1], [1, 2], [2, 2], [3, 1]],1186,693,1236,751
201430,0,16,109,[6, 5, 8, 12, 7, 9],[[2, 3], [3, 3], [1, 1], [1, 2], [2, 2], [3, 1]],1177,684,1217,777
201479,0,16,109,[6, 5, 8, 12, 7, 9],[[2, 3], [3, 3], [1, 1], [1, 2], [2, 2], [3, 1]],1153,678,1208,797
201543,0,16,109,[6, 5, 8, 12, 7, 9],[[2, 3], [3, 3], [1, 1], [1, 2], [2, 2], [3, 1]],1137,686,1208,797
201592,0,16,109,[6, 5, 8, 12, 7, 9],[[2, 3], [3, 3], [1, 1], [1, 2], [2, 2], [3, 1]],1123,655,1208,797
201651,0,16,109,[6, 5, 8, 12, 7, 9],[[2, 3], [3, 3], [1, 1], [1, 2], [2, 2], [3, 1]],1107,638,1208,802
201690,0,16,109,[6, 5, 8, 12, 7, 9],[[2, 3], [3, 3], [1, 1], [1, 2], [2, 2], [3, 1]],1087,634,1208,802
201744,0,16,109,[6, 5, 8, 12, 7, 9],[[2, 3], [3, 3], [1, 1], [1, 2], [2, 2], [3, 1]],1091,628,1208,802
201814,0,16,109,[6, 5, 8, 12, 7, 9],[[2, 3], [3, 3], [1, 1], [1, 2], [2, 2], [3, 1]],1088,601,1194,773
201895,0,16,109,[6, 5, 8, 12, 7, 9],[[2, 3], [3, 3], [1, 1], [1, 2], [2, 2], [3, 1]],1083,581,1164,754
201955,0,16,109,[6, 5, 8, 12, 7, 9],[[2, 3], [3, 3], [1, 1], [1, 2], [2, 2], [3, 1]],1074,591,1151,752
202054,0,16,109,[6, 5, 8, 12, 7, 9],[[2, 3], [3, 3], [1, 1], [1, 2], [2, 2], [3, 1]],1084,612,1122,724
202098,0,16,109,[6, 5, 8, 12, 7, 9],[[2, 3], [3, 3], [1, 1], [1, 2], [2, 2], [3, 1]],1072,608,1105,700
202151,0,16,109,[6, 5, 8, 12, 7, 9],[[2, 3], [3, 3], [1, 1], [1, 2], [2, 2], [3, 1]],1095,604,1105,699
202224,0,16,109,[6, 5, 8, 12, 7, 9],[[2, 3], [3, 3], [1, 1], [1, 2], [2, 2], [3, 1]],1111,585,1097,690
202279,0,16,109,[6, 5, 8, 12, 7, 9],[[2, 3], [3, 3], [1, 1], [1, 2], [2, 2], [3, 1]],1118,570,1078,672
202368,0,16,109,[6, 5, 8, 12, 7, 9],[[2, 3], [3, 3], [1, 1], [1, 2], [2, 2], [3, 1]],1125,563,1076,670
202459,0,16,109,[6, 5, 8, 12, 7, 9],[[2, 3], [3, 3], [1, 1], [1, 2], [2, 2], [3, 1]],1118,543,1076,670
202521,0,16,109,[6, 5, 8, 12, 7, 9],[[2, 3], [3, 3], [1, 1], [1, 2], [2, 2], [3, 1]],1110,546,1076,670
202578,0,16,109,[6, 5, 8, 12, 7, 9],[[2, 3], [3, 3], [1, 1], [1, 2], [2, 2], [3, 1]],1092,533,1078,667
202669,0,16,109,[6, 5, 8, 12, 7, 9],[[2, 3], [3, 3], [1, 1], [1, 2], [2, 2], [3, 1]],1088,512,1129,636
202729,0,16,109,[6, 5, 8, 12, 7, 9],[[2, 3], [3, 3], [1, 1], [1, 2], [2, 2], [3, 1]],1095,507,1134,623
202781,0,16,109,[6, 5, 8, 12, 7, 9],[[2, 3], [3, 3], [1, 1], [1, 2], [2, 2], [3, 1]],1078,527,1135,608
202829,0,16,109,[6, 5, 8, 12, 7, 9],[[2, 3], [3, 3], [1, 1], [1, 2], [2, 2], [3, 1]],1061,528,1135,590
202882,0,16,109,[6, 5, 8, 12, 7, 9],[[2, 3], [3, 3], [1, 1], [1, 2], [2, 2], [3, 1]],1077,530,1133,571
202918,0,16,109,[6, 5, 8, 12, 7, 9],[[2, 3], [3, 3], [1, 1], [1, 2], [2, 2], [3, 1]],1074,522,1131,557
202978,0,16,109,[6, 5, 8, 12, 7, 9],[[2, 3], [3, 3], [1, 1], [1, 2], [2, 2], [3, 1]],1054,499,1125,531
203036,0,16,109,[6, 5, 8, 12, 7, 9],[[2, 3], [3, 3], [1, 1], [1, 2], [2, 2], [3, 1]],1067,495,1119,497
203095,0,16,109,[6, 5, 8, 12, 7, 9],[[2, 3], [3, 3], [1, 1], [1, 2], [2, 2], [3, 1]],1086,494,1118,496
203144,0,16,109,[6, 5, 8, 12, 7, 9],[[2, 3], [3, 3], [1, 1], [1, 2], [2, 2], [3, 1]],1100,484,1102,494
203202,0,16,109,[6, 5, 8, 12, 7, 9],[[2, 3], [3, 3], [1, 1], [1, 2], [2, 2], [3, 1]],1109,471,1032,521
203256,0,16,109,[6, 5, 8, 12, 7, 9],[[2, 3], [3, 3], [1, 1], [1, 2], [2, 2], [3, 1]],1125,469,1032,522
203320,0,16,109,[6, 5, 8, 12, 7, 9],[[2, 3], [3, 3], [1, 1], [1, 2], [2, 2], [3, 1]],1138,475,1032,522
203378,0,16,109,[6, 5, 8, 12, 7, 9],[[2, 3], [3, 3], [1, 1], [1, 2], [2, 2], [3, 1]],1147,472,1032,522
203431,0,16,109,[6, 5, 8, 12, 7, 9],[[2, 3], [3, 3], [1, 1], [1, 2], [2, 2], [3, 1]],1142,458,1032,522
203487,0,16,109,[6, 5, 8, 12, 7, 9],[[2, 3], [3, 3], [1, 1], [1, 2], [2, 2], [3, 1]],1123,458,1038,519
203551,0,16,109,[6, 5, 8, 12, 7, 9],[[2, 3], [3, 3], [1, 1], [1, 2], [2, 2], [3, 1]],1122,451,1072,512
203626,0,16,109,[6, 5, 8, 12, 7, 9],[[2, 3], [3, 3], [1, 1], [1, 2], [2, 2], [3, 1]],1133,470,1074,514
203679,0,16,109,[6, 5, 8, 12, 7, 9],[[2, 3], [3, 3], [1, 1], [1, 2], [2, 2], [3, 1]],1160,487,1074,519
203728,0,16,109,[6, 5, 8, 12, 7, 9],[[2, 3], [3, 3], [1, 1], [1, 2], [2, 2], [3, 1]],1146,487,1073,520
203786,0,16,109,[6, 5, 8, 12, 7, 9],[[2, 3], [3, 3], [1, 1], [1, 2], [2, 2], [3, 1]],1168,477,1073,520
203828,0,16,109,[6, 5, 8, 12, 7, 9],[[2, 3], [3, 3], [1, 1], [1, 2], [2, 2], [3, 1]],1173,486,1073,520
203900,0,16,109,[6, 5, 8, 12, 7, 9],[[2, 3], [3, 3], [1, 1], [1, 2], [2, 2], [3, 1]],1176,479,1075,514
203980,0,16,109,[6, 5, 8, 12, 7, 9],[[2, 3], [3, 3], [1, 1], [1, 2], [2, 2], [3, 1]],1163,461,1087,510
204044,0,16,109,[6, 5, 8, 12, 7, 9],[[2, 3], [3, 3], [1, 1], [1, 2], [2, 2], [3, 1]],1167,503,1107,525
204099,0,16,109,[6, 5, 8, 12, 7, 9],[[2, 3], [3, 3], [1, 1], [1, 2], [2, 2], [3, 1]],1150,469,1129,538
204170,0,16,109,[6, 5, 8, 12, 7, 9],[[2, 3], [3, 3], [1, 1], [1, 2], [2, 2], [3, 1]],1134,477,1190,543
204247,0,16,109,[6, 5, 8, 12, 7, 9],[[2, 3], [3, 3], [1, 1], [1, 2], [2, 2], [3, 1]],1131,489,1211,543
204320,0,16,109,[6, 5, 8, 12, 7, 9],[[2, 3], [3, 3], [1, 1], [1, 2], [2, 2], [3, 1]],1144,473,1211,537
204367,0,16,109,[6, 5, 8, 12, 7, 9],[[2, 3], [3, 3], [1, 1], [1, 2], [2, 2], [3, 1]],1136,470,1204,528
204418,0,17,20,[10, 4, 3, 11, 7, 9],[[1, 1], [2, 1], [3, 2], [3, 3], [2, 2], [3, 1]],1181,471,1203,527
204460,0,17,20,[10, 4, 3, 11, 7, 9],[[1, 1], [2, 1], [3, 2], [3, 3], [2, 2], [3, 1]],1181,455,1200,527
204526,0,17,20,[10, 4, 3, 11, 7, 9],[[1, 1], [2, 1], [3, 2], [3, 3], [2, 2], [3, 1]],1189,456,1162,528
204579,0,17,20,[10, 4, 3, 11, 7, 9],[[1, 1], [2, 1], [3, 2], [3, 3], [2, 2], [3, 1]],1183,456,1145,531
204670,0,17,20,[10, 4, 3, 11, 7, 9],[[1, 1], [2, 1], [3, 2], [3, 3], [2, 2], [3, 1]],1173,445,1145,531
204717,0,17,20,[10, 4, 3, 11, 7, 9],[[1, 1], [2, 1], [3, 2], [3, 3], [2, 2], [3, 1]],1172,470,1145,531
204779,0,17,20,[10, 4, 3, 11, 7, 9],[[1, 1], [2, 1], [3, 2], [3, 3], [2, 2], [3, 1]],1189,438,1145,531
204843,0,17,20,[10, 4, 3, 11, 7, 9],[[1, 1], [2, 1], [3, 2], [3, 3], [2, 2], [3, 1]],1194,430,1145,521
204902,0,17,20,[10, 4, 3, 11, 7, 9],[[1, 1], [2, 1], [3, 2], [3, 3], [2, 2], [3, 1]],1188,416,1150,516
204969,0,17,20,[10, 4, 3, 11, 7, 9],[[1, 1], [2, 1], [3, 2], [3, 3], [2, 2], [3, 1]],1208,436,1151,515
205011,0,17,20,[10, 4, 3, 11, 7, 9],[[1, 1], [2, 1], [3, 2], [3, 3], [2, 2], [3, 1]],1199,440,1155,514
205047,0,17,20,[10, 4, 3, 11, 7, 9],[[1, 1], [2, 1], [3, 2], [3, 3], [2, 2], [3, 1]],1218,420,1160,509
205110,0,17,20,[10, 4, 3, 11, 7, 9],[[1, 1], [2, 1], [3, 2], [3, 3], [2, 2], [3, 1]],1210,401,1164,502
205163,0,17,20,[10, 4, 3, 11, 7, 9],[[1, 1], [2, 1], [3, 2], [3, 3], [2, 2], [3, 1]],1255,392,1167,500
205222,0,17,20,[10, 4, 3, 11, 7, 9],[[1, 1], [2, 1], [3, 2], [3, 3], [2, 2], [3, 1]],1264,362,1167,494
205298,0,17,20,[10, 4, 3, 11, 7, 9],[[1, 1], [2, 1], [3, 2], [3, 3], [2, 2], [3, 1]],1246,376,1167,478
205344,0,17,20,[10, 4, 3, 11, 7, 9],[[1, 1], [2, 1], [3, 2], [3, 3], [2, 2], [3, 1]],1207,397,1167,459
205419,0,17,20,[10, 4, 3, 11, 7, 9],[[1, 1], [2, 1], [3, 2], [3, 3], [2, 2], [3, 1]],1226,401,1178,431
205465,0,17,20,[10, 4, 3, 11, 7, 9],[[1, 1], [2, 1], [3, 2], [3, 3], [2, 2], [3, 1]],1223,365,1185,420
205539,0,17,20,[10, 4, 3, 11, 7, 9],[[1, 1], [2, 1], [3, 2], [3, 3], [2, 2], [3, 1]],1232,353,1206,397
205613,0,17,20,[10, 4, 3, 11, 7, 9],[[1, 1], [2, 1], [3, 2], [3, 3], [2, 2], [3, 1]],1233,350,1207,395
205658,0,17,20,[10, 4, 3, 11, 7, 9],[[1, 1], [2, 1], [3, 2], [3, 3], [2, 2], [3, 1]],1239,378,1207,395
205715,0,17,20,[10, 4, 3, 11, 7, 9],[[1, 1], [2, 1], [3, 2], [3, 3], [2, 2], [3, 1]],1265,357,1207,395
205758,0,17,20,[10, 4, 3, 11, 7, 9],[[1, 1], [2, 1], [3, 2], [3, 3], [2, 2], [3, 1]],1266,367,1207,395
205838,0,17,20,[10, 4, 3, 11, 7, 9],[[1, 1], [2, 1], [3, 2], [3, 3], [2, 2], [3, 1]],1259,378,1206,409
205901,0,17,20,[10, 4, 3, 11, 7, 9],[[1, 1], [2, 1], [3, 2], [3, 3], [2, 2], [3, 1]],1244,392,1206,411
205957,0,17,20,[10, 4, 3, 11, 7, 9],[[1, 1], [2, 1], [3, 2], [3, 3], [2, 2], [3, 1]],1251,398,1206,411
206025,0,17,20,[10, 4, 3, 11, 7, 9],[[1, 1], [2, 1], [3, 2], [3, 3], [2, 2], [3, 1]],1262,393,1218,403
206087,0,17,20,[10, 4, 3, 11, 7, 9],[[1, 1], [2, 1], [3, 2], [3, 3], [2, 2], [3, 1]],1254,387,1239,388
206160,0,17,20,[10, 4, 3, 11, 7, 9],[[1, 1], [2, 1], [3, 2], [3, 3], [2, 2], [3, 1]],1253,367,1243,386
206231,0,17,20,[10, 4, 3, 11, 7, 9],[[1, 1], [2, 1], [3, 2], [3, 3], [2, 2], [3, 1]],1276,405,1247,383
206286,0,17,20,[10, 4, 3, 11, 7, 9],[[1, 1], [2, 1], [3, 2], [3, 3], [2, 2], [3, 1]],1279,406,1247,383
206335,0,17,20,[10, 4, 3, 11, 7, 9],[[1, 1], [2, 1], [3, 2], [3, 3], [2, 2], [3, 1]],1234,439,1245,391
206422,0,17,20,[10, 4, 3, 11, 7, 9],[[1, 1], [2, 1], [3, 2], [3, 3], [2, 2], [3, 1]],1236,419,1244,404
206486,0,17,20,[10, 4, 3, 11, 7, 9],[[1, 1], [2, 1], [3, 2], [3, 3], [2, 2], [3, 1]],1266,405,1244,404
206536,0,17,20,[10, 4, 3, 11, 7, 9],[[1, 1], [2, 1], [3, 2], [3, 3], [2, 2], [3, 1]],1253,392,1244,404
206578,0,17,20,[10, 4, 3, 11, 7, 9],[[1, 1], [2, 1], [3, 2], [3, 3], [2, 2], [3, 1]],1248,396,1243,410
206652,0,17,20,[10, 4, 3, 11, 7, 9],[[1, 1], [2, 1], [3, 2], [3, 3], [2, 2], [3, 1]],1231,395,1243,444
206710,0,17,20,[10, 4, 3, 11, 7, 9],[[1, 1], [2, 1], [3, 2], [3, 3], [2, 2], [3, 1]],1238,418,1248,460
206787,0,17,20,[10, 4, 3, 11, 7, 9],[[1, 1], [2, 1], [3, 2], [3, 3], [2, 2], [3, 1]],1231,463,1248,462
206850,0,17,20,[10, 4, 3, 11, 7, 9],[[1, 1], [2, 1], [3, 2], [3, 3], [2, 2], [3, 1]],1252,464,1250,462
206912,0,17,20,[10, 4, 3, 11, 7, 9],[[1, 1], [2, 1], [3, 2], [3, 3], [2, 2], [3, 1]],1231,468,1250,462
206987,0,17,20,[10, 4, 3, 11, 7, 9],[[1, 1], [2, 1], [3, 2], [3, 3], [2, 2], [3, 1]],1242,477,1252,462
207050,0,17,20,[10, 4, 3, 11, 7, 9],[[1, 1], [2, 1], [3, 2], [3, 3], [2, 2], [3, 1]],1244,466,1258,461
207113,0,17,20,[10, 4, 3, 11, 7, 9],[[1, 1], [2, 1], [3, 2], [3, 3], [2, 2], [3, 1]],1245,478,1269,459
207171,0,17,20,[10, 4, 3, 11, 7, 9],[[1, 1], [2, 1], [3, 2], [3, 3], [2, 2], [3, 1]],1227,495,1254,471
207234,0,17,20,[10, 4, 3, 11, 7, 9],[[1, 1], [2, 1], [3, 2], [3, 3], [2, 2], [3, 1]],1216,511,1240,492
207288,0,17,20,[10, 4, 3, 11, 7, 9],[[1, 1], [2, 1], [3, 2], [3, 3], [2, 2], [3, 1]],1191,501,1236,503
207357,0,17,20,[10, 4, 3, 11, 7, 9],[[1, 1], [2, 1], [3, 2], [3, 3], [2, 2], [3, 1]],1175,508,1232,513
207420,0,17,20,[10, 4, 3, 11, 7, 9],[[1, 1], [2, 1], [3, 2], [3, 3], [2, 2], [3, 1]],1189,476,1229,519
207484,0,17,20,[10, 4, 3, 11, 7, 9],[[1, 1], [2, 1], [3, 2], [3, 3], [2, 2], [3, 1]],1151,466,1224,525
207537,0,17,20,[10, 4, 3, 11, 7, 9],[[1, 1], [2, 1], [3, 2], [3, 3], [2, 2], [3, 1]],1152,467,1224,525
207607,0,17,20,[10, 4, 3, 11, 7, 9],[[1, 1], [2, 1], [3, 2], [3, 3], [2, 2], [3, 1]],1148,453,1199,541
207660,0,17,20,[10, 4, 3, 11, 7, 9],[[1, 1], [2, 1], [3, 2], [3, 3], [2, 2], [3, 1]],1102,439,1197,543
207710,0,17,20,[10, 4, 3, 11, 7, 9],[[1, 1], [2, 1], [3, 2], [3, 3], [2, 2], [3, 1]],1119,439,1192,544
207764,0,17,20,[10, 4, 3, 11, 7, 9],[[1, 1], [2, 1], [3, 2], [3, 3], [2, 2], [3, 1]],1103,407,1183,544
207804,0,17,20,[10, 4, 3, 11, 7, 9],[[1, 1], [2, 1], [3, 2], [3, 3], [2, 2], [3, 1]],1122,419,1174,544
207872,0,17,20,[10, 4, 3, 11, 7, 9],[[1, 1], [2, 1], [3, 2], [3, 3], [2, 2], [3, 1]],1133,445,1158,534
207948,0,17,20,[10, 4, 3, 11, 7, 9],[[1, 1], [2, 1], [3, 2], [3, 3], [2, 2], [3, 1]],1149,417,1145,512
208012,0,17,20,[10, 4, 3, 11, 7, 9],[[1, 1], [2, 1], [3, 2], [3, 3], [2, 2], [3, 1]],1156,398,1143,511
208058,0,17,20,[10, 4, 3, 11, 7, 9],[[1, 1], [2, 1], [3, 2], [3, 3], [2, 2], [3, 1]],1158,350,1142,503
208112,0,17,20,[10, 4, 3, 11, 7, 9],[[1, 1], [2, 1], [3, 2], [3, 3], [2, 2], [3, 1]],1162,374,1142,499
208162,0,17,20,[10, 4, 3, 11, 7, 9],[[1, 1], [2, 1], [3, 2], [3, 3], [2, 2], [3, 1]],1187,394,1142,499
208221,0,17,20,[10, 4, 3, 11, 7, 9],[[1, 1], [2, 1], [3, 2], [3, 3], [2, 2], [3, 1]],1212,373,1145,498
208281,0,17,20,[10, 4, 3, 11, 7, 9],[[1, 1], [2, 1], [3, 2], [3, 3], [2, 2], [3, 1]],1229,379,1154,486
208334,0,17,20,[10, 4, 3, 11, 7, 9],[[1, 1], [2, 1], [3, 2], [3, 3], [2, 2], [3, 1]],1260,383,1156,471
208407,0,17,20,[10, 4, 3, 11, 7, 9],[[1, 1], [2, 1], [3, 2], [3, 3], [2, 2], [3, 1]],1257,371,1154,465
208475,0,18,25,[6, 5, 8, 12, 7, 9],[[1, 1], [2, 1], [3, 1], [3, 2], [1, 3], [2, 2]],1250,357,1154,457
226367,1,18,25,[6, 5, 8, 12, 7, 9],[[1, 1], [2, 1], [3, 1], [3, 2], [1, 3], [2, 2]],933,554,954,534
226421,1,18,25,[6, 5, 8, 12, 7, 9],[[1, 1], [2, 1], [3, 1], [3, 2], [1, 3], [2, 2]],925,546,954,534
226472,1,18,25,[6, 5, 8, 12, 7, 9],[[1, 1], [2, 1], [3, 1], [3, 2], [1, 3], [2, 2]],916,518,954,534
226520,1,18,25,[6, 5, 8, 12, 7, 9],[[1, 1], [2, 1], [3, 1], [3, 2], [1, 3], [2, 2]],922,498,954,534
226571,1,18,25,[6, 5, 8, 12, 7, 9],[[1, 1], [2, 1], [3, 1], [3, 2], [1, 3], [2, 2]],939,516,954,534
226622,1,18,25,[6, 5, 8, 12, 7, 9],[[1, 1], [2, 1], [3, 1], [3, 2], [1, 3], [2, 2]],950,495,958,530
226682,1,18,25,[6, 5, 8, 12, 7, 9],[[1, 1], [2, 1], [3, 1], [3, 2], [1, 3], [2, 2]],951,476,959,529
226742,1,18,25,[6, 5, 8, 12, 7, 9],[[1, 1], [2, 1], [3, 1], [3, 2], [1, 3], [2, 2]],939,469,965,532
226803,1,18,25,[6, 5, 8, 12, 7, 9],[[1, 1], [2, 1], [3, 1], [3, 2], [1, 3], [2, 2]],958,489,965,532
226870,1,18,25,[6, 5, 8, 12, 7, 9],[[1, 1], [2, 1], [3, 1], [3, 2], [1, 3], [2, 2]],949,480,965,532
226918,1,18,25,[6, 5, 8, 12, 7, 9],[[1, 1], [2, 1], [3, 1], [3, 2], [1, 3], [2, 2]],938,473,968,538
226974,1,18,25,[6, 5, 8, 12, 7, 9],[[1, 1], [2, 1], [3, 1], [3, 2], [1, 3], [2, 2]],932,450,968,538
227035,1,18,25,[6, 5, 8, 12, 7, 9],[[1, 1], [2, 1], [3, 1], [3, 2], [1, 3], [2, 2]],928,450,968,538
227083,1,18,25,[6, 5, 8, 12, 7, 9],[[1, 1], [2, 1], [3, 1], [3, 2], [1, 3], [2, 2]],928,447,968,538
227136,1,18,25,[6, 5, 8, 12, 7, 9],[[1, 1], [2, 1], [3, 1], [3, 2], [1, 3], [2, 2]],945,431,968,538
227190,1,18,25,[6, 5, 8, 12, 7, 9],[[1, 1], [2, 1], [3, 1], [3, 2], [1, 3], [2, 2]],940,411,968,537
227262,1,18,25,[6, 5, 8, 12, 7, 9],[[1, 1], [2, 1], [3, 1], [3, 2], [1, 3], [2, 2]],938,402,970,518
227298,1,18,25,[6, 5, 8, 12, 7, 9],[[1, 1], [2, 1], [3, 1], [3, 2], [1, 3], [2, 2]],915,406,970,510
227335,1,18,25,[6, 5, 8, 12, 7, 9],[[1, 1], [2, 1], [3, 1], [3, 2], [1, 3], [2, 2]],910,420,970,508
227369,1,19,93,[6, 5, 8, 12, 2, 1],[[1, 3], [2, 3], [3, 2], [3, 3], [1, 1], [2, 2]],918,431,970,508
227404,1,19,93,[6, 5, 8, 12, 2, 1],[[1, 3], [2, 3], [3, 2], [3, 3], [1, 1], [2, 2]],936,403,970,508
227440,1,19,93,[6, 5, 8, 12, 2, 1],[[1, 3], [2, 3], [3, 2], [3, 3], [1, 1], [2, 2]],944,377,970,508
227478,1,19,93,[6, 5, 8, 12, 2, 1],[[1, 3], [2, 3], [3, 2], [3, 3], [1, 1], [2, 2]],948,403,969,502
227515,1,19,93,[6, 5, 8, 12, 2, 1],[[1, 3], [2, 3], [3, 2], [3, 3], [1, 1], [2, 2]],955,408,968,496
227550,1,19,93,[6, 5, 8, 12, 2, 1],[[1, 3], [2, 3], [3, 2], [3, 3], [1, 1], [2, 2]],958,393,968,492
227590,1,19,93,[6, 5, 8, 12, 2, 1],[[1, 3], [2, 3], [3, 2], [3, 3], [1, 1], [2, 2]],979,391,966,490
227657,1,19,93,[6, 5, 8, 12, 2, 1],[[1, 3], [2, 3], [3, 2], [3, 3], [1, 1], [2, 2]],975,386,966,490
227724,1,19,93,[6, 5, 8, 12, 2, 1],[[1, 3], [2, 3], [3, 2], [3, 3], [1, 1], [2, 2]],959,366,966,490
227807,1,19,93,[6, 5, 8, 12, 2, 1],[[1, 3], [2, 3], [3, 2], [3, 3], [1, 1], [2, 2]],976,363,966,490
227847,1,19,93,[6, 5, 8, 12, 2, 1],[[1, 3], [2, 3], [3, 2], [3, 3], [1, 1], [2, 2]],951,400,966,490
227920,1,19,93,[6, 5, 8, 12, 2, 1],[[1, 3], [2, 3], [3, 2], [3, 3], [1, 1], [2, 2]],924,394,966,480
228036,1,19,93,[6, 5, 8, 12, 2, 1],[[1, 3], [2, 3], [3, 2], [3, 3], [1, 1], [2, 2]],919,419,970,456
228107,1,19,93,[6, 5, 8, 12, 2, 1],[[1, 3], [2, 3], [3, 2], [3, 3], [1, 1], [2, 2]],916,432,970,447
228173,1,19,93,[6, 5, 8, 12, 2, 1],[[1, 3], [2, 3], [3, 2], [3, 3], [1, 1], [2, 2]],910,422,970,447
228214,1,19,93,[6, 5, 8, 12, 2, 1],[[1, 3], [2, 3], [3, 2], [3, 3], [1, 1], [2, 2]],911,402,970,447
228306,1,19,93,[6, 5, 8, 12, 2, 1],[[1, 3], [2, 3], [3, 2], [3, 3], [1, 1], [2, 2]],928,375,970,447
228369,1,19,93,[6, 5, 8, 12, 2, 1],[[1, 3], [2, 3], [3, 2], [3, 3], [1, 1], [2, 2]],947,404,967,447
228465,1,19,93,[6, 5, 8, 12, 2, 1],[[1, 3], [2, 3], [3, 2], [3, 3], [1, 1], [2, 2]],966,423,923,447
228530,1,19,93,[6, 5, 8, 12, 2, 1],[[1, 3], [2, 3], [3, 2], [3, 3], [1, 1], [2, 2]],954,409,919,447
228592,1,19,93,[6, 5, 8, 12, 2, 1],[[1, 3], [2, 3], [3, 2], [3, 3], [1, 1], [2, 2]],958,430,919,447
228668,1,19,93,[6, 5, 8, 12, 2, 1],[[1, 3], [2, 3], [3, 2], [3, 3], [1, 1], [2, 2]],955,422,916,440
228733,1,19,93,[6, 5, 8, 12, 2, 1],[[1, 3], [2, 3], [3, 2], [3, 3], [1, 1], [2, 2]],964,420,913,436
228786,1,19,93,[6, 5, 8, 12, 2, 1],[[1, 3], [2, 3], [3, 2], [3, 3], [1, 1], [2, 2]],954,398,913,436
228828,1,19,93,[6, 5, 8, 12, 2, 1],[[1, 3], [2, 3], [3, 2], [3, 3], [1, 1], [2, 2]],978,402,913,436
228874,1,19,93,[6, 5, 8, 12, 2, 1],[[1, 3], [2, 3], [3, 2], [3, 3], [1, 1], [2, 2]],972,394,919,441
228938,1,19,93,[6, 5, 8, 12, 2, 1],[[1, 3], [2, 3], [3, 2], [3, 3], [1, 1], [2, 2]],983,390,923,450
228994,1,19,93,[6, 5, 8, 12, 2, 1],[[1, 3], [2, 3], [3, 2], [3, 3], [1, 1], [2, 2]],989,396,933,465
229050,1,19,93,[6, 5, 8, 12, 2, 1],[[1, 3], [2, 3], [3, 2], [3, 3], [1, 1], [2, 2]],979,416,940,471
229112,1,19,93,[6, 5, 8, 12, 2, 1],[[1, 3], [2, 3], [3, 2], [3, 3], [1, 1], [2, 2]],984,423,940,471
229202,1,19,93,[6, 5, 8, 12, 2, 1],[[1, 3], [2, 3], [3, 2], [3, 3], [1, 1], [2, 2]],993,415,940,471
229263,1,19,93,[6, 5, 8, 12, 2, 1],[[1, 3], [2, 3], [3, 2], [3, 3], [1, 1], [2, 2]],980,415,969,458
229319,1,19,93,[6, 5, 8, 12, 2, 1],[[1, 3], [2, 3], [3, 2], [3, 3], [1, 1], [2, 2]],963,406,970,458
229362,1,19,93,[6, 5, 8, 12, 2, 1],[[1, 3], [2, 3], [3, 2], [3, 3], [1, 1], [2, 2]],971,394,975,455
229419,1,19,93,[6, 5, 8, 12, 2, 1],[[1, 3], [2, 3], [3, 2], [3, 3], [1, 1], [2, 2]],976,389,978,451
229479,1,19,93,[6, 5, 8, 12, 2, 1],[[1, 3], [2, 3], [3, 2], [3, 3], [1, 1], [2, 2]],990,385,978,451
229567,1,19,93,[6, 5, 8, 12, 2, 1],[[1, 3], [2, 3], [3, 2], [3, 3], [1, 1], [2, 2]],986,385,977,449
229624,1,19,93,[6, 5, 8, 12, 2, 1],[[1, 3], [2, 3], [3, 2], [3, 3], [1, 1], [2, 2]],1002,394,963,447
229681,1,19,93,[6, 5, 8, 12, 2, 1],[[1, 3], [2, 3], [3, 2], [3, 3], [1, 1], [2, 2]],1017,400,960,445
229748,1,19,93,[6, 5, 8, 12, 2, 1],[[1, 3], [2, 3], [3, 2], [3, 3], [1, 1], [2, 2]],1042,392,958,445
229815,1,19,93,[6, 5, 8, 12, 2, 1],[[1, 3], [2, 3], [3, 2], [3, 3], [1, 1], [2, 2]],1022,387,958,445
229900,1,19,93,[6, 5, 8, 12, 2, 1],[[1, 3], [2, 3], [3, 2], [3, 3], [1, 1], [2, 2]],1025,396,958,448
229954,1,19,93,[6, 5, 8, 12, 2, 1],[[1, 3], [2, 3], [3, 2], [3, 3], [1, 1], [2, 2]],1000,396,975,464
230005,1,19,93,[6, 5, 8, 12, 2, 1],[[1, 3], [2, 3], [3, 2], [3, 3], [1, 1], [2, 2]],992,406,980,464
230047,1,19,93,[6, 5, 8, 12, 2, 1],[[1, 3], [2, 3], [3, 2], [3, 3], [1, 1], [2, 2]],1015,394,1023,463
230104,1,19,93,[6, 5, 8, 12, 2, 1],[[1, 3], [2, 3], [3, 2], [3, 3], [1, 1], [2, 2]],1001,407,1047,456
230160,1,19,93,[6, 5, 8, 12, 2, 1],[[1, 3], [2, 3], [3, 2], [3, 3], [1, 1], [2, 2]],984,446,1058,454
230224,1,19,93,[6, 5, 8, 12, 2, 1],[[1, 3], [2, 3], [3, 2], [3, 3], [1, 1], [2, 2]],961,462,1058,454
230280,1,19,93,[6, 5, 8, 12, 2, 1],[[1, 3], [2, 3], [3, 2], [3, 3], [1, 1], [2, 2]],959,470,1058,454
230377,1,19,93,[6, 5, 8, 12, 2, 1],[[1, 3], [2, 3], [3, 2], [3, 3], [1, 1], [2, 2]],975,497,1060,445
230450,1,19,93,[6, 5, 8, 12, 2, 1],[[1, 3], [2, 3], [3, 2], [3, 3], [1, 1], [2, 2]],981,504,1052,445
230522,1,19,93,[6, 5, 8, 12, 2, 1],[[1, 3], [2, 3], [3, 2], [3, 3], [1, 1], [2, 2]],973,510,1016,455
230604,1,19,93,[6, 5, 8, 12, 2, 1],[[1, 3], [2, 3], [3, 2], [3, 3], [1, 1], [2, 2]],947,489,995,468
230648,1,19,93,[6, 5, 8, 12, 2, 1],[[1, 3], [2, 3], [3, 2], [3, 3], [1, 1], [2, 2]],938,493,965,488
230747,1,19,93,[6, 5, 8, 12, 2, 1],[[1, 3], [2, 3], [3, 2], [3, 3], [1, 1], [2, 2]],924,511,965,490
230812,1,19,93,[6, 5, 8, 12, 2, 1],[[1, 3], [2, 3], [3, 2], [3, 3], [1, 1], [2, 2]],935,525,971,503
230872,1,19,93,[6, 5, 8, 12, 2, 1],[[1, 3], [2, 3], [3, 2], [3, 3], [1, 1], [2, 2]],923,542,977,511
230930,1,19,93,[6, 5, 8, 12, 2, 1],[[1, 3], [2, 3], [3, 2], [3, 3], [1, 1], [2, 2]],937,551,979,513
230984,1,19,93,[6, 5, 8, 12, 2, 1],[[1, 3], [2, 3], [3, 2], [3, 3], [1, 1], [2, 2]],948,574,979,513
231046,1,19,93,[6, 5, 8, 12, 2, 1],[[1, 3], [2, 3], [3, 2], [3, 3], [1, 1], [2, 2]],951,578,979,513
231112,1,19,93,[6, 5, 8, 12, 2, 1],[[1, 3], [2, 3], [3, 2], [3, 3], [1, 1], [2, 2]],949,580,965,533
231175,1,19,93,[6, 5, 8, 12, 2, 1],[[1, 3], [2, 3], [3, 2], [3, 3], [1, 1], [2, 2]],938,606,949,559
231240,1,19,93,[6, 5, 8, 12, 2, 1],[[1, 3], [2, 3], [3, 2], [3, 3], [1, 1], [2, 2]],948,626,946,572
231294,1,19,93,[6, 5, 8, 12, 2, 1],[[1, 3], [2, 3], [3, 2], [3, 3], [1, 1], [2, 2]],938,597,947,583
231344,1,19,93,[6, 5, 8, 12, 2, 1],[[1, 3], [2, 3], [3, 2], [3, 3], [1, 1], [2, 2]],937,584,949,596
231394,1,20,116,[10, 4, 3, 11, 2, 1],[[2, 3], [3, 3], [1, 1], [1, 2], [2, 1], [3, 2]],953,599,955,606
231457,1,20,116,[10, 4, 3, 11, 2, 1],[[2, 3], [3, 3], [1, 1], [1, 2], [2, 1], [3, 2]],952,623,957,608
231500,1,20,116,[10, 4, 3, 11, 2, 1],[[2, 3], [3, 3], [1, 1], [1, 2], [2, 1], [3, 2]],959,609,957,608
231563,1,20,116,[10, 4, 3, 11, 2, 1],[[2, 3], [3, 3], [1, 1], [1, 2], [2, 1], [3, 2]],954,621,957,613
231620,1,20,116,[10, 4, 3, 11, 2, 1],[[2, 3], [3, 3], [1, 1], [1, 2], [2, 1], [3, 2]],974,606,957,613
231694,1,20,116,[10, 4, 3, 11, 2, 1],[[2, 3], [3, 3], [1, 1], [1, 2], [2, 1], [3, 2]],944,596,957,613
231760,1,20,116,[10, 4, 3, 11, 2, 1],[[2, 3], [3, 3], [1, 1], [1, 2], [2, 1], [3, 2]],944,595,951,613
231804,1,20,116,[10, 4, 3, 11, 2, 1],[[2, 3], [3, 3], [1, 1], [1, 2], [2, 1], [3, 2]],924,589,948,613
231862,1,20,116,[10, 4, 3, 11, 2, 1],[[2, 3], [3, 3], [1, 1], [1, 2], [2, 1], [3, 2]],924,586,948,613
231932,1,20,116,[10, 4, 3, 11, 2, 1],[[2, 3], [3, 3], [1, 1], [1, 2], [2, 1], [3, 2]],908,591,948,617
232014,1,20,116,[10, 4, 3, 11, 2, 1],[[2, 3], [3, 3], [1, 1], [1, 2], [2, 1], [3, 2]],914,611,948,617
232065,1,20,116,[10, 4, 3, 11, 2, 1],[[2, 3], [3, 3], [1, 1], [1, 2], [2, 1], [3, 2]],924,613,948,617
232104,1,20,116,[10, 4, 3, 11, 2, 1],[[2, 3], [3, 3], [1, 1], [1, 2], [2, 1], [3, 2]],955,608,948,617
232162,1,20,116,[10, 4, 3, 11, 2, 1],[[2, 3], [3, 3], [1, 1], [1, 2], [2, 1], [3, 2]],970,611,916,612
232234,1,20,116,[10, 4, 3, 11, 2, 1],[[2, 3], [3, 3], [1, 1], [1, 2], [2, 1], [3, 2]],994,623,861,607
232291,1,20,116,[10, 4, 3, 11, 2, 1],[[2, 3], [3, 3], [1, 1], [1, 2], [2, 1], [3, 2]],1005,637,861,607
232363,1,20,116,[10, 4, 3, 11, 2, 1],[[2, 3], [3, 3], [1, 1], [1, 2], [2, 1], [3, 2]],1022,633,861,607
232427,1,20,116,[10, 4, 3, 11, 2, 1],[[2, 3], [3, 3], [1, 1], [1, 2], [2, 1], [3, 2]],1024,632,861,607
232484,1,20,116,[10, 4, 3, 11, 2, 1],[[2, 3], [3, 3], [1, 1], [1, 2], [2, 1], [3, 2]],1023,627,868,610
232558,1,20,116,[10, 4, 3, 11, 2, 1],[[2, 3], [3, 3], [1, 1], [1, 2], [2, 1], [3, 2]],1028,608,915,627
232627,1,20,116,[10, 4, 3, 11, 2, 1],[[2, 3], [3, 3], [1, 1], [1, 2], [2, 1], [3, 2]],1029,640,988,649
232679,1,20,116,[10, 4, 3, 11, 2, 1],[[2, 3], [3, 3], [1, 1], [1, 2], [2, 1], [3, 2]],1039,654,998,653
232734,1,20,116,[10, 4, 3, 11, 2, 1],[[2, 3], [3, 3], [1, 1], [1, 2], [2, 1], [3, 2]],1069,657,998,653
232814,1,20,116,[10, 4, 3, 11, 2, 1],[[2, 3], [3, 3], [1, 1], [1, 2], [2, 1], [3, 2]],1073,645,998,653
232869,1,20,116,[10, 4, 3, 11, 2, 1],[[2, 3], [3, 3], [1, 1], [1, 2], [2, 1], [3, 2]],1060,656,998,653
232937,1,20,116,[10, 4, 3, 11, 2, 1],[[2, 3], [3, 3], [1, 1], [1, 2], [2, 1], [3, 2]],1025,643,998,653
232991,1,20,116,[10, 4, 3, 11, 2, 1],[[2, 3], [3, 3], [1, 1], [1, 2], [2, 1], [3, 2]],1010,658,998,653
233050,1,20,116,[10, 4, 3, 11, 2, 1],[[2, 3], [3, 3], [1, 1], [1, 2], [2, 1], [3, 2]],1017,664,1003,653
233103,1,20,116,[10, 4, 3, 11, 2, 1],[[2, 3], [3, 3], [1, 1], [1, 2], [2, 1], [3, 2]],1006,635,1030,655
233167,1,20,116,[10, 4, 3, 11, 2, 1],[[2, 3], [3, 3], [1, 1], [1, 2], [2, 1], [3, 2]],1019,617,1031,655
233232,1,20,116,[10, 4, 3, 11, 2, 1],[[2, 3], [3, 3], [1, 1], [1, 2], [2, 1], [3, 2]],1015,640,1037,659
233285,1,20,116,[10, 4, 3, 11, 2, 1],[[2, 3], [3, 3], [1, 1], [1, 2], [2, 1], [3, 2]],1033,666,1037,660
233339,1,20,116,[10, 4, 3, 11, 2, 1],[[2, 3], [3, 3], [1, 1], [1, 2], [2, 1], [3, 2]],1028,671,1036,665
233393,1,20,116,[10, 4, 3, 11, 2, 1],[[2, 3], [3, 3], [1, 1], [1, 2], [2, 1], [3, 2]],1026,702,1036,666
233442,1,20,116,[10, 4, 3, 11, 2, 1],[[2, 3], [3, 3], [1, 1], [1, 2], [2, 1], [3, 2]],1021,676,1036,666
233490,1,20,116,[10, 4, 3, 11, 2, 1],[[2, 3], [3, 3], [1, 1], [1, 2], [2, 1], [3, 2]],995,690,1036,667
233545,1,20,116,[10, 4, 3, 11, 2, 1],[[2, 3], [3, 3], [1, 1], [1, 2], [2, 1], [3, 2]],972,695,1035,671
233591,1,20,116,[10, 4, 3, 11, 2, 1],[[2, 3], [3, 3], [1, 1], [1, 2], [2, 1], [3, 2]],981,716,1029,680
233634,1,20,116,[10, 4, 3, 11, 2, 1],[[2, 3], [3, 3], [1, 1], [1, 2], [2, 1], [3, 2]],960,714,1029,680
233694,1,20,116,[10, 4, 3, 11, 2, 1],[[2, 3], [3, 3], [1, 1], [1, 2], [2, 1], [3, 2]],964,725,1029,680
233741,1,20,116,[10, 4, 3, 11, 2, 1],[[2, 3], [3, 3], [1, 1], [1, 2], [2, 1], [3, 2]],967,725,1029,680
233797,1,20,116,[10, 4, 3, 11, 2, 1],[[2, 3], [3, 3], [1, 1], [1, 2], [2, 1], [3, 2]],976,725,1004,686
233847,1,20,116,[10, 4, 3, 11, 2, 1],[[2, 3], [3, 3], [1, 1], [1, 2], [2, 1], [3, 2]],988,709,986,688
233889,1,20,116,[10, 4, 3, 11, 2, 1],[[2, 3], [3, 3], [1, 1], [1, 2], [2, 1], [3, 2]],981,720,986,688
233964,1,20,116,[10, 4, 3, 11, 2, 1],[[2, 3], [3, 3], [1, 1], [1, 2], [2, 1], [3, 2]],1008,690,986,688
234009,1,20,116,[10, 4, 3, 11, 2, 1],[[2, 3], [3, 3], [1, 1], [1, 2], [2, 1], [3, 2]],1023,676,986,688
234058,1,20,116,[10, 4, 3, 11, 2, 1],[[2, 3], [3, 3], [1, 1], [1, 2], [2, 1], [3, 2]],1015,675,984,707
234115,1,20,116,[10, 4, 3, 11, 2, 1],[[2, 3], [3, 3], [1, 1], [1, 2], [2, 1], [3, 2]],1029,675,985,725
234153,1,20,116,[10, 4, 3, 11, 2, 1],[[2, 3], [3, 3], [1, 1], [1, 2], [2, 1], [3, 2]],1022,685,989,739
234224,1,20,116,[10, 4, 3, 11, 2, 1],[[2, 3], [3, 3], [1, 1], [1, 2], [2, 1], [3, 2]],1017,680,997,750
234295,1,20,116,[10, 4, 3, 11, 2, 1],[[2, 3], [3, 3], [1, 1], [1, 2], [2, 1], [3, 2]],1004,661,1012,744
234363,1,20,116,[10, 4, 3, 11, 2, 1],[[2, 3], [3, 3], [1, 1], [1, 2], [2, 1], [3, 2]],1010,676,1036,732
234410,1,20,116,[10, 4, 3, 11, 2, 1],[[2, 3], [3, 3], [1, 1], [1, 2], [2, 1], [3, 2]],1031,667,1039,725
234480,1,20,116,[10, 4, 3, 11, 2, 1],[[2, 3], [3, 3], [1, 1], [1, 2], [2, 1], [3, 2]],1028,673,1039,725
234531,1,20,116,[10, 4, 3, 11, 2, 1],[[2, 3], [3, 3], [1, 1], [1, 2], [2, 1], [3, 2]],1022,677,1039,725
234598,1,20,116,[10, 4, 3, 11, 2, 1],[[2, 3], [3, 3], [1, 1], [1, 2], [2, 1], [3, 2]],1036,681,1039,725
234683,1,20,116,[10, 4, 3, 11, 2, 1],[[2, 3], [3, 3], [1, 1], [1, 2], [2, 1], [3, 2]],1039,679,1034,719
234737,1,20,116,[10, 4, 3, 11, 2, 1],[[2, 3], [3, 3], [1, 1], [1, 2], [2, 1], [3, 2]],1025,682,1028,717
234780,1,20,116,[10, 4, 3, 11, 2, 1],[[2, 3], [3, 3], [1, 1], [1, 2], [2, 1], [3, 2]],996,681,1016,716
234850,1,20,116,[10, 4, 3, 11, 2, 1],[[2, 3], [3, 3], [1, 1], [1, 2], [2, 1], [3, 2]],994,712,1011,716
234902,1,20,116,[10, 4, 3, 11, 2, 1],[[2, 3], [3, 3], [1, 1], [1, 2], [2, 1], [3, 2]],990,728,1011,716
234967,1,20,116,[10, 4, 3, 11, 2, 1],[[2, 3], [3, 3], [1, 1], [1, 2], [2, 1], [3, 2]],998,740,1011,713
235031,1,20,116,[10, 4, 3, 11, 2, 1],[[2, 3], [3, 3], [1, 1], [1, 2], [2, 1], [3, 2]],990,708,1011,711
235071,1,20,116,[10, 4, 3, 11, 2, 1],[[2, 3], [3, 3], [1, 1], [1, 2], [2, 1], [3, 2]],976,714,1011,711
235119,1,20,116,[10, 4, 3, 11, 2, 1],[[2, 3], [3, 3], [1, 1], [1, 2], [2, 1], [3, 2]],982,732,1011,711
235184,1,20,116,[10, 4, 3, 11, 2, 1],[[2, 3], [3, 3], [1, 1], [1, 2], [2, 1], [3, 2]],984,718,1011,711
235232,1,20,116,[10, 4, 3, 11, 2, 1],[[2, 3], [3, 3], [1, 1], [1, 2], [2, 1], [3, 2]],969,713,1008,714
235291,1,20,116,[10, 4, 3, 11, 2, 1],[[2, 3], [3, 3], [1, 1], [1, 2], [2, 1], [3, 2]],948,708,999,724
235344,1,20,116,[10, 4, 3, 11, 2, 1],[[2, 3], [3, 3], [1, 1], [1, 2], [2, 1], [3, 2]],967,719,999,724
235408,1,20,116,[10, 4, 3, 11, 2, 1],[[2, 3], [3, 3], [1, 1], [1, 2], [2, 1], [3, 2]],987,733,996,727
235472,1,21,89,[6, 5, 8, 12, 7, 9],[[1, 3], [2, 3], [3, 2], [3, 3], [1, 2], [2, 1]],995,729,989,733
235541,1,21,89,[6, 5, 8, 12, 7, 9],[[1, 3], [2, 3], [3, 2], [3, 3], [1, 2], [2, 1]],991,724,985,736
235590,1,21,89,[6, 5, 8, 12, 7, 9],[[1, 3], [2, 3], [3, 2], [3, 3], [1, 2], [2, 1]],964,727,978,738
235646,1,21,89,[6, 5, 8, 12, 7, 9],[[1, 3], [2, 3], [3, 2], [3, 3], [1, 2], [2, 1]],979,718,966,740
235686,1,21,89,[6, 5, 8, 12, 7, 9],[[1, 3], [2, 3], [3, 2], [3, 3], [1, 2], [2, 1]],981,710,964,740
235730,1,21,89,[6, 5, 8, 12, 7, 9],[[1, 3], [2, 3], [3, 2], [3, 3], [1, 2], [2, 1]],1004,734,964,740
235788,1,21,89,[6, 5, 8, 12, 7, 9],[[1, 3], [2, 3], [3, 2], [3, 3], [1, 2], [2, 1]],1002,739,964,740
235847,1,21,89,[6, 5, 8, 12, 7, 9],[[1, 3], [2, 3], [3, 2], [3, 3], [1, 2], [2, 1]],1007,721,964,740
235906,1,21,89,[6, 5, 8, 12, 7, 9],[[1, 3], [2, 3], [3, 2], [3, 3], [1, 2], [2, 1]],996,711,963,740
235968,1,21,89,[6, 5, 8, 12, 7, 9],[[1, 3], [2, 3], [3, 2], [3, 3], [1, 2], [2, 1]],1004,704,963,740
236035,1,21,89,[6, 5, 8, 12, 7, 9],[[1, 3], [2, 3], [3, 2], [3, 3], [1, 2], [2, 1]],1008,694,963,740
236087,1,21,89,[6, 5, 8, 12, 7, 9],[[1, 3], [2, 3], [3, 2], [3, 3], [1, 2], [2, 1]],1008,708,968,740
236158,1,21,89,[6, 5, 8, 12, 7, 9],[[1, 3], [2, 3], [3, 2], [3, 3], [1, 2], [2, 1]],1036,716,975,742
236200,1,21,89,[6, 5, 8, 12, 7, 9],[[1, 3], [2, 3], [3, 2], [3, 3], [1, 2], [2, 1]],1040,733,981,747
236266,1,21,89,[6, 5, 8, 12, 7, 9],[[1, 3], [2, 3], [3, 2], [3, 3], [1, 2], [2, 1]],1045,754,987,755
236338,1,21,89,[6, 5, 8, 12, 7, 9],[[1, 3], [2, 3], [3, 2], [3, 3], [1, 2], [2, 1]],1043,768,994,761
236403,1,21,89,[6, 5, 8, 12, 7, 9],[[1, 3], [2, 3], [3, 2], [3, 3], [1, 2], [2, 1]],1034,738,1001,761
236471,1,21,89,[6, 5, 8, 12, 7, 9],[[1, 3], [2, 3], [3, 2], [3, 3], [1, 2], [2, 1]],1038,722,1027,761
236511,1,21,89,[6, 5, 8, 12, 7, 9],[[1, 3], [2, 3], [3, 2], [3, 3], [1, 2], [2, 1]],1049,709,1028,761
236563,1,21,89,[6, 5, 8, 12, 7, 9],[[1, 3], [2, 3], [3, 2], [3, 3], [1, 2], [2, 1]],1027,689,1044,764
236602,1,21,89,[6, 5, 8, 12, 7, 9],[[1, 3], [2, 3], [3, 2], [3, 3], [1, 2], [2, 1]],1039,689,1044,765
236647,1,21,89,[6, 5, 8, 12, 7, 9],[[1, 3], [2, 3], [3, 2], [3, 3], [1, 2], [2, 1]],1057,683,1046,775
236720,1,21,89,[6, 5, 8, 12, 7, 9],[[1, 3], [2, 3], [3, 2], [3, 3], [1, 2], [2, 1]],1058,697,1049,786
236816,1,21,89,[6, 5, 8, 12, 7, 9],[[1, 3], [2, 3], [3, 2], [3, 3], [1, 2], [2, 1]],1075,675,1049,788
236872,1,21,89,[6, 5, 8, 12, 7, 9],[[1, 3], [2, 3], [3, 2], [3, 3], [1, 2], [2, 1]],1074,663,1049,789
236930,1,21,89,[6, 5, 8, 12, 7, 9],[[1, 3], [2, 3], [3, 2], [3, 3], [1, 2], [2, 1]],1104,662,1056,780
236983,1,21,89,[6, 5, 8, 12, 7, 9],[[1, 3], [2, 3], [3, 2], [3, 3], [1, 2], [2, 1]],1094,660,1074,765
237036,1,21,89,[6, 5, 8, 12, 7, 9],[[1, 3], [2, 3], [3, 2], [3, 3], [1, 2], [2, 1]],1087,688,1075,764
237096,1,21,89,[6, 5, 8, 12, 7, 9],[[1, 3], [2, 3], [3, 2], [3, 3], [1, 2], [2, 1]],1091,697,1075,764
237164,1,21,89,[6, 5, 8, 12, 7, 9],[[1, 3], [2, 3], [3, 2], [3, 3], [1, 2], [2, 1]],1103,690,1081,757
237228,1,21,89,[6, 5, 8, 12, 7, 9],[[1, 3], [2, 3], [3, 2], [3, 3], [1, 2], [2, 1]],1112,700,1094,744
237311,1,21,89,[6, 5, 8, 12, 7, 9],[[1, 3], [2, 3], [3, 2], [3, 3], [1, 2], [2, 1]],1094,691,1103,736
237370,1,21,89,[6, 5, 8, 12, 7, 9],[[1, 3], [2, 3], [3, 2], [3, 3], [1, 2], [2, 1]],1088,698,1111,729
237422,1,21,89,[6, 5, 8, 12, 7, 9],[[1, 3], [2, 3], [3, 2], [3, 3], [1, 2], [2, 1]],1104,692,1111,729
237488,1,21,89,[6, 5, 8, 12, 7, 9],[[1, 3], [2, 3], [3, 2], [3, 3], [1, 2], [2, 1]],1108,685,1111,729
237562,1,21,89,[6, 5, 8, 12, 7, 9],[[1, 3], [2, 3], [3, 2], [3, 3], [1, 2], [2, 1]],1112,684,1118,736
237640,1,21,89,[6, 5, 8, 12, 7, 9],[[1, 3], [2, 3], [3, 2], [3, 3], [1, 2], [2, 1]],1089,696,1122,739
237709,1,21,89,[6, 5, 8, 12, 7, 9],[[1, 3], [2, 3], [3, 2], [3, 3], [1, 2], [2, 1]],1090,689,1122,741
237777,1,21,89,[6, 5, 8, 12, 7, 9],[[1, 3], [2, 3], [3, 2], [3, 3], [1, 2], [2, 1]],1087,705,1122,741
237824,1,21,89,[6, 5, 8, 12, 7, 9],[[1, 3], [2, 3], [3, 2], [3, 3], [1, 2], [2, 1]],1087,714,1124,744
237878,1,21,89,[6, 5, 8, 12, 7, 9],[[1, 3], [2, 3], [3, 2], [3, 3], [1, 2], [2, 1]],1094,727,1126,746
237942,1,21,89,[6, 5, 8, 12, 7, 9],[[1, 3], [2, 3], [3, 2], [3, 3], [1, 2], [2, 1]],1073,758,1126,748
238004,1,21,89,[6, 5, 8, 12, 7, 9],[[1, 3], [2, 3], [3, 2], [3, 3], [1, 2], [2, 1]],1065,774,1128,749
238048,1,21,89,[6, 5, 8, 12, 7, 9],[[1, 3], [2, 3], [3, 2], [3, 3], [1, 2], [2, 1]],1069,753,1127,755
238104,1,21,89,[6, 5, 8, 12, 7, 9],[[1, 3], [2, 3], [3, 2], [3, 3], [1, 2], [2, 1]],1061,751,1106,772
238153,1,21,89,[6, 5, 8, 12, 7, 9],[[1, 3], [2, 3], [3, 2], [3, 3], [1, 2], [2, 1]],1085,761,1093,788
238208,1,21,89,[6, 5, 8, 12, 7, 9],[[1, 3], [2, 3], [3, 2], [3, 3], [1, 2], [2, 1]],1087,781,1093,789
238245,1,21,89,[6, 5, 8, 12, 7, 9],[[1, 3], [2, 3], [3, 2], [3, 3], [1, 2], [2, 1]],1076,779,1086,802
238309,1,21,89,[6, 5, 8, 12, 7, 9],[[1, 3], [2, 3], [3, 2], [3, 3], [1, 2], [2, 1]],1083,774,1083,812
238361,1,21,89,[6, 5, 8, 12, 7, 9],[[1, 3], [2, 3], [3, 2], [3, 3], [1, 2], [2, 1]],1104,752,1083,812
238405,1,21,89,[6, 5, 8, 12, 7, 9],[[1, 3], [2, 3], [3, 2], [3, 3], [1, 2], [2, 1]],1089,750,1083,812
238459,1,21,89,[6, 5, 8, 12, 7, 9],[[1, 3], [2, 3], [3, 2], [3, 3], [1, 2], [2, 1]],1102,713,1083,812
238510,1,21,89,[6, 5, 8, 12, 7, 9],[[1, 3], [2, 3], [3, 2], [3, 3], [1, 2], [2, 1]],1103,705,1082,812
238560,1,21,89,[6, 5, 8, 12, 7, 9],[[1, 3], [2, 3], [3, 2], [3, 3], [1, 2], [2, 1]],1083,706,1071,814
238611,1,21,89,[6, 5, 8, 12, 7, 9],[[1, 3], [2, 3], [3, 2], [3, 3], [1, 2], [2, 1]],1095,707,1071,814
238656,1,21,89,[6, 5, 8, 12, 7, 9],[[1, 3], [2, 3], [3, 2], [3, 3], [1, 2], [2, 1]],1093,676,1067,813
238705,1,21,89,[6, 5, 8, 12, 7, 9],[[1, 3], [2, 3], [3, 2], [3, 3], [1, 2], [2, 1]],1108,678,1065,807
238787,1,21,89,[6, 5, 8, 12, 7, 9],[[1, 3], [2, 3], [3, 2], [3, 3], [1, 2], [2, 1]],1111,664,1064,798
238834,1,21,89,[6, 5, 8, 12, 7, 9],[[1, 3], [2, 3], [3, 2], [3, 3], [1, 2], [2, 1]],1101,695,1069,791
238907,1,21,89,[6, 5, 8, 12, 7, 9],[[1, 3], [2, 3], [3, 2], [3, 3], [1, 2], [2, 1]],1095,693,1078,783
238969,1,21,89,[6, 5, 8, 12, 7, 9],[[1, 3], [2, 3], [3, 2], [3, 3], [1, 2], [2, 1]],1114,691,1083,775
239022,1,21,89,[6, 5, 8, 12, 7, 9],[[1, 3], [2, 3], [3, 2], [3, 3], [1, 2], [2, 1]],1108,681,1086,767
239085,1,21,89,[6, 5, 8, 12, 7, 9],[[1, 3], [2, 3], [3, 2], [3, 3], [1, 2], [2, 1]],1103,679,1088,760
239154,1,21,89,[6, 5, 8, 12, 7, 9],[[1, 3], [2, 3], [3, 2], [3, 3], [1, 2], [2, 1]],1087,677,1093,751
239218,1,21,89,[6, 5, 8, 12, 7, 9],[[1, 3], [2, 3], [3, 2], [3, 3], [1, 2], [2, 1]],1092,685,1093,749
239277,1,21,89,[6, 5, 8, 12, 7, 9],[[1, 3], [2, 3], [3, 2], [3, 3], [1, 2], [2, 1]],1076,692,1094,749
239341,1,21,89,[6, 5, 8, 12, 7, 9],[[1, 3], [2, 3], [3, 2], [3, 3], [1, 2], [2, 1]],1085,685,1094,746
239400,1,21,89,[6, 5, 8, 12, 7, 9],[[1, 3], [2, 3], [3, 2], [3, 3], [1, 2], [2, 1]],1096,690,1091,739
239459,1,21,89,[6, 5, 8, 12, 7, 9],[[1, 3], [2, 3], [3, 2], [3, 3], [1, 2], [2, 1]],1098,700,1086,732
239506,1,21,89,[6, 5, 8, 12, 7, 9],[[1, 3], [2, 3], [3, 2], [3, 3], [1, 2], [2, 1]],1131,708,1084,732
239558,1,22,143,[6, 5, 3, 11, 7, 9],[[2, 3], [3, 3], [3, 1], [3, 2], [1, 3], [2, 2]],1087,683,1080,730
239628,1,22,143,[6, 5, 3, 11, 7, 9],[[2, 3], [3, 3], [3, 1], [3, 2], [1, 3], [2, 2]],1077,689,1050,729
239691,1,22,143,[6, 5, 3, 11, 7, 9],[[2, 3], [3, 3], [3, 1], [3, 2], [1, 3], [2, 2]],1104,669,1047,729
239769,1,22,143,[6, 5, 3, 11, 7, 9],[[2, 3], [3, 3], [3, 1], [3, 2], [1, 3], [2, 2]],1102,678,1047,729
239839,1,22,143,[6, 5, 3, 11, 7, 9],[[2, 3], [3, 3], [3, 1], [3, 2], [1, 3], [2, 2]],1118,695,1047,735
239925,1,22,143,[6, 5, 3, 11, 7, 9],[[2, 3], [3, 3], [3, 1], [3, 2], [1, 3], [2, 2]],1101,663,1048,736
239970,1,22,143,[6, 5, 3, 11, 7, 9],[[2, 3], [3, 3], [3, 1], [3, 2], [1, 3], [2, 2]],1105,683,1048,736
240042,1,22,143,[6, 5, 3, 11, 7, 9],[[2, 3], [3, 3], [3, 1], [3, 2], [1, 3], [2, 2]],1121,670,1069,734
240095,1,22,143,[6, 5, 3, 11, 7, 9],[[2, 3], [3, 3], [3, 1], [3, 2], [1, 3], [2, 2]],1145,645,1073,732
240156,1,22,143,[6, 5, 3, 11, 7, 9],[[2, 3], [3, 3], [3, 1], [3, 2], [1, 3], [2, 2]],1132,655,1090,722
240226,1,22,143,[6, 5, 3, 11, 7, 9],[[2, 3], [3, 3], [3, 1], [3, 2], [1, 3], [2, 2]],1119,646,1097,717
240293,1,22,143,[6, 5, 3, 11, 7, 9],[[2, 3], [3, 3], [3, 1], [3, 2], [1, 3], [2, 2]],1124,640,1103,709
240349,1,22,143,[6, 5, 3, 11, 7, 9],[[2, 3], [3, 3], [3, 1], [3, 2], [1, 3], [2, 2]],1143,630,1109,703
240435,1,22,143,[6, 5, 3, 11, 7, 9],[[2, 3], [3, 3], [3, 1], [3, 2], [1, 3], [2, 2]],1139,618,1119,690
240493,1,22,143,[6, 5, 3, 11, 7, 9],[[2, 3], [3, 3], [3, 1], [3, 2], [1, 3], [2, 2]],1102,618,1121,673
240562,1,22,143,[6, 5, 3, 11, 7, 9],[[2, 3], [3, 3], [3, 1], [3, 2], [1, 3], [2, 2]],1090,635,1122,661
240614,1,22,143,[6, 5, 3, 11, 7, 9],[[2, 3], [3, 3], [3, 1], [3, 2], [1, 3], [2, 2]],1110,618,1124,648
240668,1,22,143,[6, 5, 3, 11, 7, 9],[[2, 3], [3, 3], [3, 1], [3, 2], [1, 3], [2, 2]],1114,666,1124,647
240713,1,22,143,[6, 5, 3, 11, 7, 9],[[2, 3], [3, 3], [3, 1], [3, 2], [1, 3], [2, 2]],1131,690,1124,641
240760,1,22,143,[6, 5, 3, 11, 7, 9],[[2, 3], [3, 3], [3, 1], [3, 2], [1, 3], [2, 2]],1126,693,1123,634
240808,1,22,143,[6, 5, 3, 11, 7, 9],[[2, 3], [3, 3], [3, 1], [3, 2], [1, 3], [2, 2]],1140,686,1121,630
240872,1,22,143,[6, 5, 3, 11, 7, 9],[[2, 3], [3, 3], [3, 1], [3, 2], [1, 3], [2, 2]],1151,656,1121,630
240927,1,22,143,[6, 5, 3, 11, 7, 9],[[2, 3], [3, 3], [3, 1], [3, 2], [1, 3], [2, 2]],1155,656,1107,634
240991,1,22,143,[6, 5, 3, 11, 7, 9],[[2, 3], [3, 3], [3, 1], [3, 2], [1, 3], [2, 2]],1164,666,1099,644
241050,1,22,143,[6, 5, 3, 11, 7, 9],[[2, 3], [3, 3], [3, 1], [3, 2], [1, 3], [2, 2]],1155,668,1097,657
241113,1,22,143,[6, 5, 3, 11, 7, 9],[[2, 3], [3, 3], [3, 1], [3, 2], [1, 3], [2, 2]],1159,673,1097,661
241167,1,22,143,[6, 5, 3, 11, 7, 9],[[2, 3], [3, 3], [3, 1], [3, 2], [1, 3], [2, 2]],1151,683,1100,663
241215,1,22,143,[6, 5, 3, 11, 7, 9],[[2, 3], [3, 3], [3, 1], [3, 2], [1, 3], [2, 2]],1143,696,1108,663
241268,1,22,143,[6, 5, 3, 11, 7, 9],[[2, 3], [3, 3], [3, 1], [3, 2], [1, 3], [2, 2]],1164,684,1108,663
241317,1,22,143,[6, 5, 3, 11, 7, 9],[[2, 3], [3, 3], [3, 1], [3, 2], [1, 3], [2, 2]],1161,679,1109,663
241386,1,22,143,[6, 5, 3, 11, 7, 9],[[2, 3], [3, 3], [3, 1], [3, 2], [1, 3], [2, 2]],1159,681,1132,667
241435,1,22,143,[6, 5, 3, 11, 7, 9],[[2, 3], [3, 3], [3, 1], [3, 2], [1, 3], [2, 2]],1123,696,1132,667
241494,1,22,143,[6, 5, 3, 11, 7, 9],[[2, 3], [3, 3], [3, 1], [3, 2], [1, 3], [2, 2]],1134,689,1145,675
241558,1,22,143,[6, 5, 3, 11, 7, 9],[[2, 3], [3, 3], [3, 1], [3, 2], [1, 3], [2, 2]],1118,681,1146,677
241617,1,22,143,[6, 5, 3, 11, 7, 9],[[2, 3], [3, 3], [3, 1], [3, 2], [1, 3], [2, 2]],1105,673,1146,677
241670,1,22,143,[6, 5, 3, 11, 7, 9],[[2, 3], [3, 3], [3, 1], [3, 2], [1, 3], [2, 2]],1097,668,1147,677
241739,1,22,143,[6, 5, 3, 11, 7, 9],[[2, 3], [3, 3], [3, 1], [3, 2], [1, 3], [2, 2]],1107,656,1147,677
241804,1,22,143,[6, 5, 3, 11, 7, 9],[[2, 3], [3, 3], [3, 1], [3, 2], [1, 3], [2, 2]],1111,664,1147,677
241868,1,22,143,[6, 5, 3, 11, 7, 9],[[2, 3], [3, 3], [3, 1], [3, 2], [1, 3], [2, 2]],1110,664,1147,677
241927,1,22,143,[6, 5, 3, 11, 7, 9],[[2, 3], [3, 3], [3, 1], [3, 2], [1, 3], [2, 2]],1136,654,1147,677
241999,1,22,143,[6, 5, 3, 11, 7, 9],[[2, 3], [3, 3], [3, 1], [3, 2], [1, 3], [2, 2]],1122,662,1147,677
242051,1,22,143,[6, 5, 3, 11, 7, 9],[[2, 3], [3, 3], [3, 1], [3, 2], [1, 3], [2, 2]],1137,674,1147,677
242112,1,22,143,[6, 5, 3, 11, 7, 9],[[2, 3], [3, 3], [3, 1], [3, 2], [1, 3], [2, 2]],1156,709,1136,668
242188,1,22,143,[6, 5, 3, 11, 7, 9],[[2, 3], [3, 3], [3, 1], [3, 2], [1, 3], [2, 2]],1162,688,1125,662
242232,1,22,143,[6, 5, 3, 11, 7, 9],[[2, 3], [3, 3], [3, 1], [3, 2], [1, 3], [2, 2]],1160,708,1122,657
242287,1,22,143,[6, 5, 3, 11, 7, 9],[[2, 3], [3, 3], [3, 1], [3, 2], [1, 3], [2, 2]],1170,712,1122,656
242329,1,22,143,[6, 5, 3, 11, 7, 9],[[2, 3], [3, 3], [3, 1], [3, 2], [1, 3], [2, 2]],1167,693,1122,656
242392,1,22,143,[6, 5, 3, 11, 7, 9],[[2, 3], [3, 3], [3, 1], [3, 2], [1, 3], [2, 2]],1147,693,1122,656
242437,1,22,143,[6, 5, 3, 11, 7, 9],[[2, 3], [3, 3], [3, 1], [3, 2], [1, 3], [2, 2]],1161,710,1122,666
242486,1,22,143,[6, 5, 3, 11, 7, 9],[[2, 3], [3, 3], [3, 1], [3, 2], [1, 3], [2, 2]],1144,710,1122,673
242566,1,22,143,[6, 5, 3, 11, 7, 9],[[2, 3], [3, 3], [3, 1], [3, 2], [1, 3], [2, 2]],1133,724,1124,684
242600,1,22,143,[6, 5, 3, 11, 7, 9],[[2, 3], [3, 3], [3, 1], [3, 2], [1, 3], [2, 2]],1154,736,1126,686
242652,1,22,143,[6, 5, 3, 11, 7, 9],[[2, 3], [3, 3], [3, 1], [3, 2], [1, 3], [2, 2]],1156,756,1133,695
242699,1,22,143,[6, 5, 3, 11, 7, 9],[[2, 3], [3, 3], [3, 1], [3, 2], [1, 3], [2, 2]],1153,757,1138,698
242749,1,22,143,[6, 5, 3, 11, 7, 9],[[2, 3], [3, 3], [3, 1], [3, 2], [1, 3], [2, 2]],1134,726,1144,699
242797,1,22,143,[6, 5, 3, 11, 7, 9],[[2, 3], [3, 3], [3, 1], [3, 2], [1, 3], [2, 2]],1112,702,1151,699
242865,1,22,143,[6, 5, 3, 11, 7, 9],[[2, 3], [3, 3], [3, 1], [3, 2], [1, 3], [2, 2]],1117,701,1163,699
242914,1,22,143,[6, 5, 3, 11, 7, 9],[[2, 3], [3, 3], [3, 1], [3, 2], [1, 3], [2, 2]],1167,678,1174,698
242978,1,22,143,[6, 5, 3, 11, 7, 9],[[2, 3], [3, 3], [3, 1], [3, 2], [1, 3], [2, 2]],1133,674,1185,692
243031,1,22,143,[6, 5, 3, 11, 7, 9],[[2, 3], [3, 3], [3, 1], [3, 2], [1, 3], [2, 2]],1117,672,1185,689
243085,1,22,143,[6, 5, 3, 11, 7, 9],[[2, 3], [3, 3], [3, 1], [3, 2], [1, 3], [2, 2]],1119,699,1185,682
243128,1,22,143,[6, 5, 3, 11, 7, 9],[[2, 3], [3, 3], [3, 1], [3, 2], [1, 3], [2, 2]],1112,706,1183,679
243186,1,22,143,[6, 5, 3, 11, 7, 9],[[2, 3], [3, 3], [3, 1], [3, 2], [1, 3], [2, 2]],1118,697,1177,674
243229,1,22,143,[6, 5, 3, 11, 7, 9],[[2, 3], [3, 3], [3, 1], [3, 2], [1, 3], [2, 2]],1131,690,1177,674
243303,1,22,143,[6, 5, 3, 11, 7, 9],[[2, 3], [3, 3], [3, 1], [3, 2], [1, 3], [2, 2]],1140,699,1172,672
243349,1,22,143,[6, 5, 3, 11, 7, 9],[[2, 3], [3, 3], [3, 1], [3, 2], [1, 3], [2, 2]],1111,704,1156,669
243413,1,22,143,[6, 5, 3, 11, 7, 9],[[2, 3], [3, 3], [3, 1], [3, 2], [1, 3], [2, 2]],1160,698,1149,669
243483,1,22,143,[6, 5, 3, 11, 7, 9],[[2, 3], [3, 3], [3, 1], [3, 2], [1, 3], [2, 2]],1160,719,1130,675
243555,1,22,143,[6, 5, 3, 11, 7, 9],[[2, 3], [3, 3], [3, 1], [3, 2], [1, 3], [2, 2]],1168,705,1120,680
243614,1,23,87,[6, 5, 3, 11, 7, 9],[[1, 3], [2, 3], [3, 2], [3, 3], [2, 2], [3, 1]],1183,711,1114,685
243685,1,23,87,[6, 5, 3, 11, 7, 9],[[1, 3], [2, 3], [3, 2], [3, 3], [2, 2], [3, 1]],1172,698,1114,691
243742,1,23,87,[6, 5, 3, 11, 7, 9],[[1, 3], [2, 3], [3, 2], [3, 3], [2, 2], [3, 1]],1164,686,1113,699
243819,1,23,87,[6, 5, 3, 11, 7, 9],[[1, 3], [2, 3], [3, 2], [3, 3], [2, 2], [3, 1]],1198,662,1115,703
243859,1,23,87,[6, 5, 3, 11, 7, 9],[[1, 3], [2, 3], [3, 2], [3, 3], [2, 2], [3, 1]],1194,678,1122,708
243940,1,23,87,[6, 5, 3, 11, 7, 9],[[1, 3], [2, 3], [3, 2], [3, 3], [2, 2], [3, 1]],1199,655,1127,709
243986,1,23,87,[6, 5, 3, 11, 7, 9],[[1, 3], [2, 3], [3, 2], [3, 3], [2, 2], [3, 1]],1206,657,1132,709
244075,1,23,87,[6, 5, 3, 11, 7, 9],[[1, 3], [2, 3], [3, 2], [3, 3], [2, 2], [3, 1]],1228,653,1151,709
244157,1,23,87,[6, 5, 3, 11, 7, 9],[[1, 3], [2, 3], [3, 2], [3, 3], [2, 2], [3, 1]],1231,635,1170,705
244209,1,23,87,[6, 5, 3, 11, 7, 9],[[1, 3], [2, 3], [3, 2], [3, 3], [2, 2], [3, 1]],1231,627,1178,702
244292,1,23,87,[6, 5, 3, 11, 7, 9],[[1, 3], [2, 3], [3, 2], [3, 3], [2, 2], [3, 1]],1228,645,1203,690
244374,1,23,87,[6, 5, 3, 11, 7, 9],[[1, 3], [2, 3], [3, 2], [3, 3], [2, 2], [3, 1]],1247,628,1228,676
244452,1,23,87,[6, 5, 3, 11, 7, 9],[[1, 3], [2, 3], [3, 2], [3, 3], [2, 2], [3, 1]],1260,616,1238,670
244533,1,23,87,[6, 5, 3, 11, 7, 9],[[1, 3], [2, 3], [3, 2], [3, 3], [2, 2], [3, 1]],1240,617,1246,659
244599,1,23,87,[6, 5, 3, 11, 7, 9],[[1, 3], [2, 3], [3, 2], [3, 3], [2, 2], [3, 1]],1236,635,1250,647
244673,1,23,87,[6, 5, 3, 11, 7, 9],[[1, 3], [2, 3], [3, 2], [3, 3], [2, 2], [3, 1]],1225,637,1250,646
244730,1,23,87,[6, 5, 3, 11, 7, 9],[[1, 3], [2, 3], [3, 2], [3, 3], [2, 2], [3, 1]],1214,644,1248,641
244801,1,23,87,[6, 5, 3, 11, 7, 9],[[1, 3], [2, 3], [3, 2], [3, 3], [2, 2], [3, 1]],1244,656,1240,635
244853,1,23,87,[6, 5, 3, 11, 7, 9],[[1, 3], [2, 3], [3, 2], [3, 3], [2, 2], [3, 1]],1257,652,1229,633
244903,1,23,87,[6, 5, 3, 11, 7, 9],[[1, 3], [2, 3], [3, 2], [3, 3], [2, 2], [3, 1]],1264,655,1225,633
244950,1,23,87,[6, 5, 3, 11, 7, 9],[[1, 3], [2, 3], [3, 2], [3, 3], [2, 2], [3, 1]],1268,650,1225,633
245013,1,23,87,[6, 5, 3, 11, 7, 9],[[1, 3], [2, 3], [3, 2], [3, 3], [2, 2], [3, 1]],1254,660,1215,634
245071,1,23,87,[6, 5, 3, 11, 7, 9],[[1, 3], [2, 3], [3, 2], [3, 3], [2, 2], [3, 1]],1270,657,1212,637
245129,1,23,87,[6, 5, 3, 11, 7, 9],[[1, 3], [2, 3], [3, 2], [3, 3], [2, 2], [3, 1]],1239,651,1212,637
245188,1,23,87,[6, 5, 3, 11, 7, 9],[[1, 3], [2, 3], [3, 2], [3, 3], [2, 2], [3, 1]],1239,617,1212,647
245246,1,23,87,[6, 5, 3, 11, 7, 9],[[1, 3], [2, 3], [3, 2], [3, 3], [2, 2], [3, 1]],1231,602,1220,663
245289,1,23,87,[6, 5, 3, 11, 7, 9],[[1, 3], [2, 3], [3, 2], [3, 3], [2, 2], [3, 1]],1215,605,1230,671
245343,1,23,87,[6, 5, 3, 11, 7, 9],[[1, 3], [2, 3], [3, 2], [3, 3], [2, 2], [3, 1]],1227,624,1236,673
245401,1,23,87,[6, 5, 3, 11, 7, 9],[[1, 3], [2, 3], [3, 2], [3, 3], [2, 2], [3, 1]],1194,617,1243,675
245455,1,23,87,[6, 5, 3, 11, 7, 9],[[1, 3], [2, 3], [3, 2], [3, 3], [2, 2], [3, 1]],1193,608,1244,675
245508,1,23,87,[6, 5, 3, 11, 7, 9],[[1, 3], [2, 3], [3, 2], [3, 3], [2, 2], [3, 1]],1201,601,1244,675
245561,1,23,87,[6, 5, 3, 11, 7, 9],[[1, 3], [2, 3], [3, 2], [3, 3], [2, 2], [3, 1]],1196,604,1246,669
245610,1,23,87,[6, 5, 3, 11, 7, 9],[[1, 3], [2, 3], [3, 2], [3, 3], [2, 2], [3, 1]],1181,605,1244,655
245663,1,23,87,[6, 5, 3, 11, 7, 9],[[1, 3], [2, 3], [3, 2], [3, 3], [2, 2], [3, 1]],1158,594,1239,646
245722,1,23,87,[6, 5, 3, 11, 7, 9],[[1, 3], [2, 3], [3, 2], [3, 3], [2, 2], [3, 1]],1148,627,1235,639
245785,1,23,87,[6, 5, 3, 11, 7, 9],[[1, 3], [2, 3], [3, 2], [3, 3], [2, 2], [3, 1]],1167,632,1226,629
245842,1,23,87,[6, 5, 3, 11, 7, 9],[[1, 3], [2, 3], [3, 2], [3, 3], [2, 2], [3, 1]],1172,642,1223,619
245897,1,23,87,[6, 5, 3, 11, 7, 9],[[1, 3], [2, 3], [3, 2], [3, 3], [2, 2], [3, 1]],1166,657,1219,616
245949,1,23,87,[6, 5, 3, 11, 7, 9],[[1, 3], [2, 3], [3, 2], [3, 3], [2, 2], [3, 1]],1163,650,1219,616
246005,1,23,87,[6, 5, 3, 11, 7, 9],[[1, 3], [2, 3], [3, 2], [3, 3], [2, 2], [3, 1]],1145,641,1219,616
246064,1,23,87,[6, 5, 3, 11, 7, 9],[[1, 3], [2, 3], [3, 2], [3, 3], [2, 2], [3, 1]],1125,623,1219,616
246122,1,23,87,[6, 5, 3, 11, 7, 9],[[1, 3], [2, 3], [3, 2], [3, 3], [2, 2], [3, 1]],1083,626,1219,616
246167,1,23,87,[6, 5, 3, 11, 7, 9],[[1, 3], [2, 3], [3, 2], [3, 3], [2, 2], [3, 1]],1089,600,1215,617
246219,1,23,87,[6, 5, 3, 11, 7, 9],[[1, 3], [2, 3], [3, 2], [3, 3], [2, 2], [3, 1]],1095,622,1207,631
246267,1,23,87,[6, 5, 3, 11, 7, 9],[[1, 3], [2, 3], [3, 2], [3, 3], [2, 2], [3, 1]],1082,622,1206,633
246334,1,23,87,[6, 5, 3, 11, 7, 9],[[1, 3], [2, 3], [3, 2], [3, 3], [2, 2], [3, 1]],1119,650,1206,633
246432,1,23,87,[6, 5, 3, 11, 7, 9],[[1, 3], [2, 3], [3, 2], [3, 3], [2, 2], [3, 1]],1110,671,1206,634
246511,1,23,87,[6, 5, 3, 11, 7, 9],[[1, 3], [2, 3], [3, 2], [3, 3], [2, 2], [3, 1]],1101,667,1206,634
246618,1,23,87,[6, 5, 3, 11, 7, 9],[[1, 3], [2, 3], [3, 2], [3, 3], [2, 2], [3, 1]],1092,691,1197,639
246672,1,23,87,[6, 5, 3, 11, 7, 9],[[1, 3], [2, 3], [3, 2], [3, 3], [2, 2], [3, 1]],1079,687,1197,639
246748,1,23,87,[6, 5, 3, 11, 7, 9],[[1, 3], [2, 3], [3, 2], [3, 3], [2, 2], [3, 1]],1051,688,1196,642
246831,1,23,87,[6, 5, 3, 11, 7, 9],[[1, 3], [2, 3], [3, 2], [3, 3], [2, 2], [3, 1]],1063,686,1189,658
246883,1,23,87,[6, 5, 3, 11, 7, 9],[[1, 3], [2, 3], [3, 2], [3, 3], [2, 2], [3, 1]],1057,691,1176,668
246928,1,23,87,[6, 5, 3, 11, 7, 9],[[1, 3], [2, 3], [3, 2], [3, 3], [2, 2], [3, 1]],1053,698,1175,669
246974,1,23,87,[6, 5, 3, 11, 7, 9],[[1, 3], [2, 3], [3, 2], [3, 3], [2, 2], [3, 1]],1075,684,1166,674
247032,1,23,87,[6, 5, 3, 11, 7, 9],[[1, 3], [2, 3], [3, 2], [3, 3], [2, 2], [3, 1]],1073,666,1139,688
247076,1,23,87,[6, 5, 3, 11, 7, 9],[[1, 3], [2, 3], [3, 2], [3, 3], [2, 2], [3, 1]],1068,689,1114,698
247134,1,23,87,[6, 5, 3, 11, 7, 9],[[1, 3], [2, 3], [3, 2], [3, 3], [2, 2], [3, 1]],1050,671,1105,702
247182,1,23,87,[6, 5, 3, 11, 7, 9],[[1, 3], [2, 3], [3, 2], [3, 3], [2, 2], [3, 1]],1058,694,1105,702
247251,1,23,87,[6, 5, 3, 11, 7, 9],[[1, 3], [2, 3], [3, 2], [3, 3], [2, 2], [3, 1]],1049,715,1105,702
247312,1,23,87,[6, 5, 3, 11, 7, 9],[[1, 3], [2, 3], [3, 2], [3, 3], [2, 2], [3, 1]],1035,709,1105,702
247353,1,23,87,[6, 5, 3, 11, 7, 9],[[1, 3], [2, 3], [3, 2], [3, 3], [2, 2], [3, 1]],1039,712,1105,702
247400,1,23,87,[6, 5, 3, 11, 7, 9],[[1, 3], [2, 3], [3, 2], [3, 3], [2, 2], [3, 1]],1033,746,1104,701
247444,1,23,87,[6, 5, 3, 11, 7, 9],[[1, 3], [2, 3], [3, 2], [3, 3], [2, 2], [3, 1]],1032,772,1096,699
247497,1,23,87,[6, 5, 3, 11, 7, 9],[[1, 3], [2, 3], [3, 2], [3, 3], [2, 2], [3, 1]],1022,763,1091,696
247548,1,23,87,[6, 5, 3, 11, 7, 9],[[1, 3], [2, 3], [3, 2], [3, 3], [2, 2], [3, 1]],1033,772,1088,696
247612,1,23,87,[6, 5, 3, 11, 7, 9],[[1, 3], [2, 3], [3, 2], [3, 3], [2, 2], [3, 1]],1032,748,1078,697
247658,1,24,142,[10, 4, 8, 12, 7, 9],[[2, 3], [3, 3], [3, 1], [3, 2], [1, 3], [2, 2]],1029,734,1062,700
247706,1,24,142,[10, 4, 8, 12, 7, 9],[[2, 3], [3, 3], [3, 1], [3, 2], [1, 3], [2, 2]],1037,744,1058,715
247755,1,24,142,[10, 4, 8, 12, 7, 9],[[2, 3], [3, 3], [3, 1], [3, 2], [1, 3], [2, 2]],1031,728,1058,717
247807,1,24,142,[10, 4, 8, 12, 7, 9],[[2, 3], [3, 3], [3, 1], [3, 2], [1, 3], [2, 2]],1017,735,1058,729
247858,1,24,142,[10, 4, 8, 12, 7, 9],[[2, 3], [3, 3], [3, 1], [3, 2], [1, 3], [2, 2]],1039,736,1058,738
247919,1,24,142,[10, 4, 8, 12, 7, 9],[[2, 3], [3, 3], [3, 1], [3, 2], [1, 3], [2, 2]],1038,733,1058,739
247980,1,24,142,[10, 4, 8, 12, 7, 9],[[2, 3], [3, 3], [3, 1], [3, 2], [1, 3], [2, 2]],1030,710,1058,739
248042,1,24,142,[10, 4, 8, 12, 7, 9],[[2, 3], [3, 3], [3, 1], [3, 2], [1, 3], [2, 2]],1013,688,1058,739
248104,1,24,142,[10, 4, 8, 12, 7, 9],[[2, 3], [3, 3], [3, 1], [3, 2], [1, 3], [2, 2]],1038,675,1058,739
248196,1,24,142,[10, 4, 8, 12, 7, 9],[[2, 3], [3, 3], [3, 1], [3, 2], [1, 3], [2, 2]],1037,689,1055,739
248277,1,24,142,[10, 4, 8, 12, 7, 9],[[2, 3], [3, 3], [3, 1], [3, 2], [1, 3], [2, 2]],1022,686,1044,724
248355,1,24,142,[10, 4, 8, 12, 7, 9],[[2, 3], [3, 3], [3, 1], [3, 2], [1, 3], [2, 2]],1022,679,1014,707
248432,1,24,142,[10, 4, 8, 12, 7, 9],[[2, 3], [3, 3], [3, 1], [3, 2], [1, 3], [2, 2]],1005,682,1007,700
248492,1,24,142,[10, 4, 8, 12, 7, 9],[[2, 3], [3, 3], [3, 1], [3, 2], [1, 3], [2, 2]],1021,686,1005,693
248558,1,24,142,[10, 4, 8, 12, 7, 9],[[2, 3], [3, 3], [3, 1], [3, 2], [1, 3], [2, 2]],1032,691,1001,682
248607,1,24,142,[10, 4, 8, 12, 7, 9],[[2, 3], [3, 3], [3, 1], [3, 2], [1, 3], [2, 2]],1061,680,999,679
248686,1,24,142,[10, 4, 8, 12, 7, 9],[[2, 3], [3, 3], [3, 1], [3, 2], [1, 3], [2, 2]],1070,690,998,672
248725,1,24,142,[10, 4, 8, 12, 7, 9],[[2, 3], [3, 3], [3, 1], [3, 2], [1, 3], [2, 2]],1082,717,997,669
248794,1,24,142,[10, 4, 8, 12, 7, 9],[[2, 3], [3, 3], [3, 1], [3, 2], [1, 3], [2, 2]],1108,719,995,669
248858,1,24,142,[10, 4, 8, 12, 7, 9],[[2, 3], [3, 3], [3, 1], [3, 2], [1, 3], [2, 2]],1104,737,995,668
248921,1,24,142,[10, 4, 8, 12, 7, 9],[[2, 3], [3, 3], [3, 1], [3, 2], [1, 3], [2, 2]],1105,740,999,664
248979,1,24,142,[10, 4, 8, 12, 7, 9],[[2, 3], [3, 3], [3, 1], [3, 2], [1, 3], [2, 2]],1112,745,1022,671
249043,1,24,142,[10, 4, 8, 12, 7, 9],[[2, 3], [3, 3], [3, 1], [3, 2], [1, 3], [2, 2]],1112,746,1131,716
249101,1,24,142,[10, 4, 8, 12, 7, 9],[[2, 3], [3, 3], [3, 1], [3, 2], [1, 3], [2, 2]],1109,807,1158,728
249144,1,24,142,[10, 4, 8, 12, 7, 9],[[2, 3], [3, 3], [3, 1], [3, 2], [1, 3], [2, 2]],1146,821,1158,729
249207,1,24,142,[10, 4, 8, 12, 7, 9],[[2, 3], [3, 3], [3, 1], [3, 2], [1, 3], [2, 2]],1129,809,1173,750
249248,1,24,142,[10, 4, 8, 12, 7, 9],[[2, 3], [3, 3], [3, 1], [3, 2], [1, 3], [2, 2]],1102,790,1177,763
249306,1,24,142,[10, 4, 8, 12, 7, 9],[[2, 3], [3, 3], [3, 1], [3, 2], [1, 3], [2, 2]],1090,772,1212,789
249368,1,24,142,[10, 4, 8, 12, 7, 9],[[2, 3], [3, 3], [3, 1], [3, 2], [1, 3], [2, 2]],1090,779,1212,789
249424,1,24,142,[10, 4, 8, 12, 7, 9],[[2, 3], [3, 3], [3, 1], [3, 2], [1, 3], [2, 2]],1088,795,1212,789
249474,1,24,142,[10, 4, 8, 12, 7, 9],[[2, 3], [3, 3], [3, 1], [3, 2], [1, 3], [2, 2]],1082,771,1212,789
249526,1,24,142,[10, 4, 8, 12, 7, 9],[[2, 3], [3, 3], [3, 1], [3, 2], [1, 3], [2, 2]],1084,747,1209,791
249584,1,24,142,[10, 4, 8, 12, 7, 9],[[2, 3], [3, 3], [3, 1], [3, 2], [1, 3], [2, 2]],1081,758,1186,792
249643,1,24,142,[10, 4, 8, 12, 7, 9],[[2, 3], [3, 3], [3, 1], [3, 2], [1, 3], [2, 2]],1078,736,1181,792
249691,1,24,142,[10, 4, 8, 12, 7, 9],[[2, 3], [3, 3], [3, 1], [3, 2], [1, 3], [2, 2]],1088,709,1156,781
249742,1,24,142,[10, 4, 8, 12, 7, 9],[[2, 3], [3, 3], [3, 1], [3, 2], [1, 3], [2, 2]],1082,716,1121,766
249819,1,24,142,[10, 4, 8, 12, 7, 9],[[2, 3], [3, 3], [3, 1], [3, 2], [1, 3], [2, 2]],1087,709,1090,742
249859,1,24,142,[10, 4, 8, 12, 7, 9],[[2, 3], [3, 3], [3, 1], [3, 2], [1, 3], [2, 2]],1094,672,1070,714
249915,1,24,142,[10, 4, 8, 12, 7, 9],[[2, 3], [3, 3], [3, 1], [3, 2], [1, 3], [2, 2]],1082,677,1054,699
249978,1,24,142,[10, 4, 8, 12, 7, 9],[[2, 3], [3, 3], [3, 1], [3, 2], [1, 3], [2, 2]],1092,655,1050,692
250024,1,24,142,[10, 4, 8, 12, 7, 9],[[2, 3], [3, 3], [3, 1], [3, 2], [1, 3], [2, 2]],1093,651,1050,692
250081,1,24,142,[10, 4, 8, 12, 7, 9],[[2, 3], [3, 3], [3, 1], [3, 2], [1, 3], [2, 2]],1087,678,1050,692
250134,1,24,142,[10, 4, 8, 12, 7, 9],[[2, 3], [3, 3], [3, 1], [3, 2], [1, 3], [2, 2]],1108,677,1050,692
250214,1,24,142,[10, 4, 8, 12, 7, 9],[[2, 3], [3, 3], [3, 1], [3, 2], [1, 3], [2, 2]],1105,670,1050,692
250300,1,24,142,[10, 4, 8, 12, 7, 9],[[2, 3], [3, 3], [3, 1], [3, 2], [1, 3], [2, 2]],1116,707,1053,695
250353,1,24,142,[10, 4, 8, 12, 7, 9],[[2, 3], [3, 3], [3, 1], [3, 2], [1, 3], [2, 2]],1146,677,1071,710
250419,1,24,142,[10, 4, 8, 12, 7, 9],[[2, 3], [3, 3], [3, 1], [3, 2], [1, 3], [2, 2]],1139,669,1080,714
250518,1,24,142,[10, 4, 8, 12, 7, 9],[[2, 3], [3, 3], [3, 1], [3, 2], [1, 3], [2, 2]],1111,661,1082,715
250559,1,24,142,[10, 4, 8, 12, 7, 9],[[2, 3], [3, 3], [3, 1], [3, 2], [1, 3], [2, 2]],1125,646,1096,725
250631,1,24,142,[10, 4, 8, 12, 7, 9],[[2, 3], [3, 3], [3, 1], [3, 2], [1, 3], [2, 2]],1126,658,1112,735
250693,1,24,142,[10, 4, 8, 12, 7, 9],[[2, 3], [3, 3], [3, 1], [3, 2], [1, 3], [2, 2]],1163,661,1113,735
250762,1,24,142,[10, 4, 8, 12, 7, 9],[[2, 3], [3, 3], [3, 1], [3, 2], [1, 3], [2, 2]],1177,660,1115,726
250825,1,24,142,[10, 4, 8, 12, 7, 9],[[2, 3], [3, 3], [3, 1], [3, 2], [1, 3], [2, 2]],1166,663,1115,718
250874,1,24,142,[10, 4, 8, 12, 7, 9],[[2, 3], [3, 3], [3, 1], [3, 2], [1, 3], [2, 2]],1181,686,1115,712
250936,1,24,142,[10, 4, 8, 12, 7, 9],[[2, 3], [3, 3], [3, 1], [3, 2], [1, 3], [2, 2]],1184,668,1114,710
250989,1,24,142,[10, 4, 8, 12, 7, 9],[[2, 3], [3, 3], [3, 1], [3, 2], [1, 3], [2, 2]],1155,658,1123,698
251056,1,24,142,[10, 4, 8, 12, 7, 9],[[2, 3], [3, 3], [3, 1], [3, 2], [1, 3], [2, 2]],1131,640,1124,696
251115,1,24,142,[10, 4, 8, 12, 7, 9],[[2, 3], [3, 3], [3, 1], [3, 2], [1, 3], [2, 2]],1161,645,1126,693
251178,1,24,142,[10, 4, 8, 12, 7, 9],[[2, 3], [3, 3], [3, 1], [3, 2], [1, 3], [2, 2]],1169,655,1126,690
251223,1,24,142,[10, 4, 8, 12, 7, 9],[[2, 3], [3, 3], [3, 1], [3, 2], [1, 3], [2, 2]],1179,646,1129,686
251271,1,24,142,[10, 4, 8, 12, 7, 9],[[2, 3], [3, 3], [3, 1], [3, 2], [1, 3], [2, 2]],1157,657,1132,682
251329,1,24,142,[10, 4, 8, 12, 7, 9],[[2, 3], [3, 3], [3, 1], [3, 2], [1, 3], [2, 2]],1159,651,1133,680
251394,1,24,142,[10, 4, 8, 12, 7, 9],[[2, 3], [3, 3], [3, 1], [3, 2], [1, 3], [2, 2]],1178,633,1137,672
251447,1,24,142,[10, 4, 8, 12, 7, 9],[[2, 3], [3, 3], [3, 1], [3, 2], [1, 3], [2, 2]],1152,641,1137,665
251500,1,24,142,[10, 4, 8, 12, 7, 9],[[2, 3], [3, 3], [3, 1], [3, 2], [1, 3], [2, 2]],1146,637,1137,662
251554,1,24,142,[10, 4, 8, 12, 7, 9],[[2, 3], [3, 3], [3, 1], [3, 2], [1, 3], [2, 2]],1149,623,1138,661
251619,1,24,142,[10, 4, 8, 12, 7, 9],[[2, 3], [3, 3], [3, 1], [3, 2], [1, 3], [2, 2]],1140,587,1141,649
251677,1,24,142,[10, 4, 8, 12, 7, 9],[[2, 3], [3, 3], [3, 1], [3, 2], [1, 3], [2, 2]],1162,575,1144,641
251730,1,25,26,[10, 4, 8, 12, 7, 9],[[1, 1], [2, 1], [3, 1], [3, 2], [1, 3], [2, 2]],1167,592,1146,637
251780,1,25,26,[10, 4, 8, 12, 7, 9],[[1, 1], [2, 1], [3, 1], [3, 2], [1, 3], [2, 2]],1159,594,1146,637
251843,1,25,26,[10, 4, 8, 12, 7, 9],[[1, 1], [2, 1], [3, 1], [3, 2], [1, 3], [2, 2]],1145,583,1146,637
251904,1,25,26,[10, 4, 8, 12, 7, 9],[[1, 1], [2, 1], [3, 1], [3, 2], [1, 3], [2, 2]],1135,585,1146,637
251969,1,25,26,[10, 4, 8, 12, 7, 9],[[1, 1], [2, 1], [3, 1], [3, 2], [1, 3], [2, 2]],1137,604,1150,629
252031,1,25,26,[10, 4, 8, 12, 7, 9],[[1, 1], [2, 1], [3, 1], [3, 2], [1, 3], [2, 2]],1123,615,1156,614
252099,1,25,26,[10, 4, 8, 12, 7, 9],[[1, 1], [2, 1], [3, 1], [3, 2], [1, 3], [2, 2]],1122,616,1157,607
252147,1,25,26,[10, 4, 8, 12, 7, 9],[[1, 1], [2, 1], [3, 1], [3, 2], [1, 3], [2, 2]],1141,627,1159,600
252196,1,25,26,[10, 4, 8, 12, 7, 9],[[1, 1], [2, 1], [3, 1], [3, 2], [1, 3], [2, 2]],1145,629,1159,599
252282,1,25,26,[10, 4, 8, 12, 7, 9],[[1, 1], [2, 1], [3, 1], [3, 2], [1, 3], [2, 2]],1150,669,1159,599
252350,1,25,26,[10, 4, 8, 12, 7, 9],[[1, 1], [2, 1], [3, 1], [3, 2], [1, 3], [2, 2]],1150,661,1138,619
252415,1,25,26,[10, 4, 8, 12, 7, 9],[[1, 1], [2, 1], [3, 1], [3, 2], [1, 3], [2, 2]],1145,648,1136,637
252474,1,25,26,[10, 4, 8, 12, 7, 9],[[1, 1], [2, 1], [3, 1], [3, 2], [1, 3], [2, 2]],1132,625,1136,644
252542,1,25,26,[10, 4, 8, 12, 7, 9],[[1, 1], [2, 1], [3, 1], [3, 2], [1, 3], [2, 2]],1166,626,1136,651
252646,1,25,26,[10, 4, 8, 12, 7, 9],[[1, 1], [2, 1], [3, 1], [3, 2], [1, 3], [2, 2]],1198,648,1132,667
252709,1,25,26,[10, 4, 8, 12, 7, 9],[[1, 1], [2, 1], [3, 1], [3, 2], [1, 3], [2, 2]],1191,664,1129,671
252784,1,25,26,[10, 4, 8, 12, 7, 9],[[1, 1], [2, 1], [3, 1], [3, 2], [1, 3], [2, 2]],1201,697,1129,671
252824,1,25,26,[10, 4, 8, 12, 7, 9],[[1, 1], [2, 1], [3, 1], [3, 2], [1, 3], [2, 2]],1198,694,1129,671
252890,1,25,26,[10, 4, 8, 12, 7, 9],[[1, 1], [2, 1], [3, 1], [3, 2], [1, 3], [2, 2]],1222,688,1129,671
252940,1,25,26,[10, 4, 8, 12, 7, 9],[[1, 1], [2, 1], [3, 1], [3, 2], [1, 3], [2, 2]],1241,694,1130,670
252985,1,25,26,[10, 4, 8, 12, 7, 9],[[1, 1], [2, 1], [3, 1], [3, 2], [1, 3], [2, 2]],1245,699,1141,660
253031,1,25,26,[10, 4, 8, 12, 7, 9],[[1, 1], [2, 1], [3, 1], [3, 2], [1, 3], [2, 2]],1222,674,1152,653
253105,1,25,26,[10, 4, 8, 12, 7, 9],[[1, 1], [2, 1], [3, 1], [3, 2], [1, 3], [2, 2]],1263,679,1152,653
253169,1,25,26,[10, 4, 8, 12, 7, 9],[[1, 1], [2, 1], [3, 1], [3, 2], [1, 3], [2, 2]],1258,654,1157,660
253247,1,25,26,[10, 4, 8, 12, 7, 9],[[1, 1], [2, 1], [3, 1], [3, 2], [1, 3], [2, 2]],1262,659,1159,665
253287,1,25,26,[10, 4, 8, 12, 7, 9],[[1, 1], [2, 1], [3, 1], [3, 2], [1, 3], [2, 2]],1275,652,1159,665
253347,1,25,26,[10, 4, 8, 12, 7, 9],[[1, 1], [2, 1], [3, 1], [3, 2], [1, 3], [2, 2]],1271,655,1159,665
253390,1,25,26,[10, 4, 8, 12, 7, 9],[[1, 1], [2, 1], [3, 1], [3, 2], [1, 3], [2, 2]],1278,668,1159,665
253459,1,25,26,[10, 4, 8, 12, 7, 9],[[1, 1], [2, 1], [3, 1], [3, 2], [1, 3], [2, 2]],1282,680,1162,665
253502,1,25,26,[10, 4, 8, 12, 7, 9],[[1, 1], [2, 1], [3, 1], [3, 2], [1, 3], [2, 2]],1289,691,1163,665
253562,1,25,26,[10, 4, 8, 12, 7, 9],[[1, 1], [2, 1], [3, 1], [3, 2], [1, 3], [2, 2]],1269,679,1172,657
253605,1,25,26,[10, 4, 8, 12, 7, 9],[[1, 1], [2, 1], [3, 1], [3, 2], [1, 3], [2, 2]],1273,665,1175,654
253664,1,25,26,[10, 4, 8, 12, 7, 9],[[1, 1], [2, 1], [3, 1], [3, 2], [1, 3], [2, 2]],1272,674,1178,654
253713,1,25,26,[10, 4, 8, 12, 7, 9],[[1, 1], [2, 1], [3, 1], [3, 2], [1, 3], [2, 2]],1278,683,1180,653
253772,1,25,26,[10, 4, 8, 12, 7, 9],[[1, 1], [2, 1], [3, 1], [3, 2], [1, 3], [2, 2]],1277,682,1180,653
253819,1,25,26,[10, 4, 8, 12, 7, 9],[[1, 1], [2, 1], [3, 1], [3, 2], [1, 3], [2, 2]],1276,689,1182,652
253884,1,25,26,[10, 4, 8, 12, 7, 9],[[1, 1], [2, 1], [3, 1], [3, 2], [1, 3], [2, 2]],1271,699,1183,651
253933,1,25,26,[10, 4, 8, 12, 7, 9],[[1, 1], [2, 1], [3, 1], [3, 2], [1, 3], [2, 2]],1295,737,1183,651
254013,1,25,26,[10, 4, 8, 12, 7, 9],[[1, 1], [2, 1], [3, 1], [3, 2], [1, 3], [2, 2]],1301,747,1183,651
254068,1,25,26,[10, 4, 8, 12, 7, 9],[[1, 1], [2, 1], [3, 1], [3, 2], [1, 3], [2, 2]],1280,750,1183,651
254145,1,25,26,[10, 4, 8, 12, 7, 9],[[1, 1], [2, 1], [3, 1], [3, 2], [1, 3], [2, 2]],1256,744,1183,651
254195,1,25,26,[10, 4, 8, 12, 7, 9],[[1, 1], [2, 1], [3, 1], [3, 2], [1, 3], [2, 2]],1269,732,1187,653
254238,1,25,26,[10, 4, 8, 12, 7, 9],[[1, 1], [2, 1], [3, 1], [3, 2], [1, 3], [2, 2]],1248,710,1206,674
254298,1,25,26,[10, 4, 8, 12, 7, 9],[[1, 1], [2, 1], [3, 1], [3, 2], [1, 3], [2, 2]],1229,745,1281,724
254399,1,25,26,[10, 4, 8, 12, 7, 9],[[1, 1], [2, 1], [3, 1], [3, 2], [1, 3], [2, 2]],1235,744,1289,744
254477,1,25,26,[10, 4, 8, 12, 7, 9],[[1, 1], [2, 1], [3, 1], [3, 2], [1, 3], [2, 2]],1218,740,1291,750
254542,1,25,26,[10, 4, 8, 12, 7, 9],[[1, 1], [2, 1], [3, 1], [3, 2], [1, 3], [2, 2]],1215,740,1293,757
254617,1,25,26,[10, 4, 8, 12, 7, 9],[[1, 1], [2, 1], [3, 1], [3, 2], [1, 3], [2, 2]],1200,720,1293,757
254680,1,25,26,[10, 4, 8, 12, 7, 9],[[1, 1], [2, 1], [3, 1], [3, 2], [1, 3], [2, 2]],1192,706,1293,757
254759,1,25,26,[10, 4, 8, 12, 7, 9],[[1, 1], [2, 1], [3, 1], [3, 2], [1, 3], [2, 2]],1192,718,1186,730
254830,1,25,26,[10, 4, 8, 12, 7, 9],[[1, 1], [2, 1], [3, 1], [3, 2], [1, 3], [2, 2]],1210,722,1183,727
254893,1,25,26,[10, 4, 8, 12, 7, 9],[[1, 1], [2, 1], [3, 1], [3, 2], [1, 3], [2, 2]],1221,694,1183,727
254953,1,25,26,[10, 4, 8, 12, 7, 9],[[1, 1], [2, 1], [3, 1], [3, 2], [1, 3], [2, 2]],1211,693,1183,726
255001,1,25,26,[10, 4, 8, 12, 7, 9],[[1, 1], [2, 1], [3, 1], [3, 2], [1, 3], [2, 2]],1206,709,1181,717
255046,1,25,26,[10, 4, 8, 12, 7, 9],[[1, 1], [2, 1], [3, 1], [3, 2], [1, 3], [2, 2]],1201,697,1181,714
255102,1,25,26,[10, 4, 8, 12, 7, 9],[[1, 1], [2, 1], [3, 1], [3, 2], [1, 3], [2, 2]],1224,702,1184,708
255160,1,25,26,[10, 4, 8, 12, 7, 9],[[1, 1], [2, 1], [3, 1], [3, 2], [1, 3], [2, 2]],1218,701,1185,705
255209,1,25,26,[10, 4, 8, 12, 7, 9],[[1, 1], [2, 1], [3, 1], [3, 2], [1, 3], [2, 2]],1220,709,1185,705
255288,1,25,26,[10, 4, 8, 12, 7, 9],[[1, 1], [2, 1], [3, 1], [3, 2], [1, 3], [2, 2]],1212,700,1185,705
255352,1,25,26,[10, 4, 8, 12, 7, 9],[[1, 1], [2, 1], [3, 1], [3, 2], [1, 3], [2, 2]],1217,674,1185,705
255403,1,25,26,[10, 4, 8, 12, 7, 9],[[1, 1], [2, 1], [3, 1], [3, 2], [1, 3], [2, 2]],1211,673,1185,705
255449,1,25,26,[10, 4, 8, 12, 7, 9],[[1, 1], [2, 1], [3, 1], [3, 2], [1, 3], [2, 2]],1225,651,1185,705
255498,1,25,26,[10, 4, 8, 12, 7, 9],[[1, 1], [2, 1], [3, 1], [3, 2], [1, 3], [2, 2]],1218,656,1185,705
255549,1,25,26,[10, 4, 8, 12, 7, 9],[[1, 1], [2, 1], [3, 1], [3, 2], [1, 3], [2, 2]],1203,672,1185,705
255613,1,25,26,[10, 4, 8, 12, 7, 9],[[1, 1], [2, 1], [3, 1], [3, 2], [1, 3], [2, 2]],1218,670,1185,705
255652,1,25,26,[10, 4, 8, 12, 7, 9],[[1, 1], [2, 1], [3, 1], [3, 2], [1, 3], [2, 2]],1215,666,1185,705
255709,1,25,26,[10, 4, 8, 12, 7, 9],[[1, 1], [2, 1], [3, 1], [3, 2], [1, 3], [2, 2]],1210,662,1185,705
255756,1,25,26,[10, 4, 8, 12, 7, 9],[[1, 1], [2, 1], [3, 1], [3, 2], [1, 3], [2, 2]],1209,668,1185,705
255818,1,26,19,[6, 5, 3, 11, 7, 9],[[1, 1], [2, 1], [3, 2], [3, 3], [2, 2], [3, 1]],1190,657,1185,705
255887,1,26,19,[6, 5, 3, 11, 7, 9],[[1, 1], [2, 1], [3, 2], [3, 3], [2, 2], [3, 1]],1175,647,1185,705
255926,1,26,19,[6, 5, 3, 11, 7, 9],[[1, 1], [2, 1], [3, 2], [3, 3], [2, 2], [3, 1]],1169,621,1194,705
255991,1,26,19,[6, 5, 3, 11, 7, 9],[[1, 1], [2, 1], [3, 2], [3, 3], [2, 2], [3, 1]],1173,633,1198,703
256039,1,26,19,[6, 5, 3, 11, 7, 9],[[1, 1], [2, 1], [3, 2], [3, 3], [2, 2], [3, 1]],1165,602,1201,702
256118,1,26,19,[6, 5, 3, 11, 7, 9],[[1, 1], [2, 1], [3, 2], [3, 3], [2, 2], [3, 1]],1180,603,1201,702
256162,1,26,19,[6, 5, 3, 11, 7, 9],[[1, 1], [2, 1], [3, 2], [3, 3], [2, 2], [3, 1]],1175,599,1201,702
256218,1,26,19,[6, 5, 3, 11, 7, 9],[[1, 1], [2, 1], [3, 2], [3, 3], [2, 2], [3, 1]],1196,570,1201,702
256283,1,26,19,[6, 5, 3, 11, 7, 9],[[1, 1], [2, 1], [3, 2], [3, 3], [2, 2], [3, 1]],1195,568,1201,702
256335,1,26,19,[6, 5, 3, 11, 7, 9],[[1, 1], [2, 1], [3, 2], [3, 3], [2, 2], [3, 1]],1213,607,1201,702
256392,1,26,19,[6, 5, 3, 11, 7, 9],[[1, 1], [2, 1], [3, 2], [3, 3], [2, 2], [3, 1]],1211,595,1193,702
256448,1,26,19,[6, 5, 3, 11, 7, 9],[[1, 1], [2, 1], [3, 2], [3, 3], [2, 2], [3, 1]],1192,601,1177,661
256544,1,26,19,[6, 5, 3, 11, 7, 9],[[1, 1], [2, 1], [3, 2], [3, 3], [2, 2], [3, 1]],1177,580,1113,505
256603,1,26,19,[6, 5, 3, 11, 7, 9],[[1, 1], [2, 1], [3, 2], [3, 3], [2, 2], [3, 1]],1210,593,1095,480
256674,1,26,19,[6, 5, 3, 11, 7, 9],[[1, 1], [2, 1], [3, 2], [3, 3], [2, 2], [3, 1]],1205,572,1095,480
256753,1,26,19,[6, 5, 3, 11, 7, 9],[[1, 1], [2, 1], [3, 2], [3, 3], [2, 2], [3, 1]],1206,581,1095,480
256828,1,26,19,[6, 5, 3, 11, 7, 9],[[1, 1], [2, 1], [3, 2], [3, 3], [2, 2], [3, 1]],1198,603,1095,486
256898,1,26,19,[6, 5, 3, 11, 7, 9],[[1, 1], [2, 1], [3, 2], [3, 3], [2, 2], [3, 1]],1185,601,1114,542
256943,1,26,19,[6, 5, 3, 11, 7, 9],[[1, 1], [2, 1], [3, 2], [3, 3], [2, 2], [3, 1]],1172,590,1154,606
257001,1,26,19,[6, 5, 3, 11, 7, 9],[[1, 1], [2, 1], [3, 2], [3, 3], [2, 2], [3, 1]],1182,595,1160,612
257071,1,26,19,[6, 5, 3, 11, 7, 9],[[1, 1], [2, 1], [3, 2], [3, 3], [2, 2], [3, 1]],1172,603,1169,603
257124,1,26,19,[6, 5, 3, 11, 7, 9],[[1, 1], [2, 1], [3, 2], [3, 3], [2, 2], [3, 1]],1165,590,1190,588
257188,1,26,19,[6, 5, 3, 11, 7, 9],[[1, 1], [2, 1], [3, 2], [3, 3], [2, 2], [3, 1]],1182,577,1190,588
257253,1,26,19,[6, 5, 3, 11, 7, 9],[[1, 1], [2, 1], [3, 2], [3, 3], [2, 2], [3, 1]],1169,588,1190,588
257302,1,26,19,[6, 5, 3, 11, 7, 9],[[1, 1], [2, 1], [3, 2], [3, 3], [2, 2], [3, 1]],1160,595,1190,588
257356,1,26,19,[6, 5, 3, 11, 7, 9],[[1, 1], [2, 1], [3, 2], [3, 3], [2, 2], [3, 1]],1154,585,1190,588
257409,1,26,19,[6, 5, 3, 11, 7, 9],[[1, 1], [2, 1], [3, 2], [3, 3], [2, 2], [3, 1]],1135,586,1191,588
257458,1,26,19,[6, 5, 3, 11, 7, 9],[[1, 1], [2, 1], [3, 2], [3, 3], [2, 2], [3, 1]],1130,575,1192,595
257512,1,26,19,[6, 5, 3, 11, 7, 9],[[1, 1], [2, 1], [3, 2], [3, 3], [2, 2], [3, 1]],1118,595,1193,601
257570,1,26,19,[6, 5, 3, 11, 7, 9],[[1, 1], [2, 1], [3, 2], [3, 3], [2, 2], [3, 1]],1115,616,1193,604
257619,1,26,19,[6, 5, 3, 11, 7, 9],[[1, 1], [2, 1], [3, 2], [3, 3], [2, 2], [3, 1]],1086,593,1193,604
257669,1,26,19,[6, 5, 3, 11, 7, 9],[[1, 1], [2, 1], [3, 2], [3, 3], [2, 2], [3, 1]],1084,592,1193,604
257732,1,26,19,[6, 5, 3, 11, 7, 9],[[1, 1], [2, 1], [3, 2], [3, 3], [2, 2], [3, 1]],1065,574,1193,604
257792,1,26,19,[6, 5, 3, 11, 7, 9],[[1, 1], [2, 1], [3, 2], [3, 3], [2, 2], [3, 1]],1083,587,1193,604
257848,1,26,19,[6, 5, 3, 11, 7, 9],[[1, 1], [2, 1], [3, 2], [3, 3], [2, 2], [3, 1]],1081,582,1193,604
257899,1,26,19,[6, 5, 3, 11, 7, 9],[[1, 1], [2, 1], [3, 2], [3, 3], [2, 2], [3, 1]],1066,573,1193,604
257992,1,26,19,[6, 5, 3, 11, 7, 9],[[1, 1], [2, 1], [3, 2], [3, 3], [2, 2], [3, 1]],1084,582,1193,604
258072,1,26,19,[6, 5, 3, 11, 7, 9],[[1, 1], [2, 1], [3, 2], [3, 3], [2, 2], [3, 1]],1100,612,1193,604
258117,1,26,19,[6, 5, 3, 11, 7, 9],[[1, 1], [2, 1], [3, 2], [3, 3], [2, 2], [3, 1]],1102,623,1193,604
258166,1,26,19,[6, 5, 3, 11, 7, 9],[[1, 1], [2, 1], [3, 2], [3, 3], [2, 2], [3, 1]],1134,636,1193,604
258222,1,26,19,[6, 5, 3, 11, 7, 9],[[1, 1], [2, 1], [3, 2], [3, 3], [2, 2], [3, 1]],1114,655,1193,604
258264,1,26,19,[6, 5, 3, 11, 7, 9],[[1, 1], [2, 1], [3, 2], [3, 3], [2, 2], [3, 1]],1111,649,1193,604
258332,1,26,19,[6, 5, 3, 11, 7, 9],[[1, 1], [2, 1], [3, 2], [3, 3], [2, 2], [3, 1]],1096,650,1193,604
258386,1,26,19,[6, 5, 3, 11, 7, 9],[[1, 1], [2, 1], [3, 2], [3, 3], [2, 2], [3, 1]],1108,654,1166,651
258444,1,26,19,[6, 5, 3, 11, 7, 9],[[1, 1], [2, 1], [3, 2], [3, 3], [2, 2], [3, 1]],1090,669,1156,696
258510,1,26,19,[6, 5, 3, 11, 7, 9],[[1, 1], [2, 1], [3, 2], [3, 3], [2, 2], [3, 1]],1118,673,1171,730
258567,1,26,19,[6, 5, 3, 11, 7, 9],[[1, 1], [2, 1], [3, 2], [3, 3], [2, 2], [3, 1]],1108,684,1172,745
258624,1,26,19,[6, 5, 3, 11, 7, 9],[[1, 1], [2, 1], [3, 2], [3, 3], [2, 2], [3, 1]],1080,673,1172,757
258663,1,26,19,[6, 5, 3, 11, 7, 9],[[1, 1], [2, 1], [3, 2], [3, 3], [2, 2], [3, 1]],1082,663,1171,759
258740,1,26,19,[6, 5, 3, 11, 7, 9],[[1, 1], [2, 1], [3, 2], [3, 3], [2, 2], [3, 1]],1087,681,1171,759
258807,1,26,19,[6, 5, 3, 11, 7, 9],[[1, 1], [2, 1], [3, 2], [3, 3], [2, 2], [3, 1]],1118,663,1135,744
258865,1,26,19,[6, 5, 3, 11, 7, 9],[[1, 1], [2, 1], [3, 2], [3, 3], [2, 2], [3, 1]],1132,660,1091,725
258922,1,26,19,[6, 5, 3, 11, 7, 9],[[1, 1], [2, 1], [3, 2], [3, 3], [2, 2], [3, 1]],1147,658,1091,720
258984,1,26,19,[6, 5, 3, 11, 7, 9],[[1, 1], [2, 1], [3, 2], [3, 3], [2, 2], [3, 1]],1124,643,1091,711
259043,1,26,19,[6, 5, 3, 11, 7, 9],[[1, 1], [2, 1], [3, 2], [3, 3], [2, 2], [3, 1]],1106,668,1096,708
259096,1,26,19,[6, 5, 3, 11, 7, 9],[[1, 1], [2, 1], [3, 2], [3, 3], [2, 2], [3, 1]],1098,686,1104,706
259161,1,26,19,[6, 5, 3, 11, 7, 9],[[1, 1], [2, 1], [3, 2], [3, 3], [2, 2], [3, 1]],1085,718,1131,699
259241,1,26,19,[6, 5, 3, 11, 7, 9],[[1, 1], [2, 1], [3, 2], [3, 3], [2, 2], [3, 1]],1099,706,1182,693
259282,1,26,19,[6, 5, 3, 11, 7, 9],[[1, 1], [2, 1], [3, 2], [3, 3], [2, 2], [3, 1]],1103,723,1182,693
259350,1,26,19,[6, 5, 3, 11, 7, 9],[[1, 1], [2, 1], [3, 2], [3, 3], [2, 2], [3, 1]],1127,734,1182,693
259415,1,26,19,[6, 5, 3, 11, 7, 9],[[1, 1], [2, 1], [3, 2], [3, 3], [2, 2], [3, 1]],1145,737,1182,693
259478,1,26,19,[6, 5, 3, 11, 7, 9],[[1, 1], [2, 1], [3, 2], [3, 3], [2, 2], [3, 1]],1117,745,1182,704
259547,1,26,19,[6, 5, 3, 11, 7, 9],[[1, 1], [2, 1], [3, 2], [3, 3], [2, 2], [3, 1]],1129,754,1172,723
259611,1,26,19,[6, 5, 3, 11, 7, 9],[[1, 1], [2, 1], [3, 2], [3, 3], [2, 2], [3, 1]],1151,729,1169,728
259672,1,26,19,[6, 5, 3, 11, 7, 9],[[1, 1], [2, 1], [3, 2], [3, 3], [2, 2], [3, 1]],1146,712,1169,729
259747,1,26,19,[6, 5, 3, 11, 7, 9],[[1, 1], [2, 1], [3, 2], [3, 3], [2, 2], [3, 1]],1153,740,1159,744
259791,1,26,19,[6, 5, 3, 11, 7, 9],[[1, 1], [2, 1], [3, 2], [3, 3], [2, 2], [3, 1]],1148,765,1156,748
259858,1,26,19,[6, 5, 3, 11, 7, 9],[[1, 1], [2, 1], [3, 2], [3, 3], [2, 2], [3, 1]],1133,792,1148,752
259923,1,27,2,[10, 4, 8, 12, 7, 9],[[1, 1], [2, 1], [1, 2], [1, 3], [2, 3], [3, 2]],1112,790,1140,755
259995,1,27,2,[10, 4, 8, 12, 7, 9],[[1, 1], [2, 1], [1, 2], [1, 3], [2, 3], [3, 2]],1127,779,1140,755
260060,1,27,2,[10, 4, 8, 12, 7, 9],[[1, 1], [2, 1], [1, 2], [1, 3], [2, 3], [3, 2]],1118,802,1136,756
260123,1,27,2,[10, 4, 8, 12, 7, 9],[[1, 1], [2, 1], [1, 2], [1, 3], [2, 3], [3, 2]],1121,782,1135,756
260208,1,27,2,[10, 4, 8, 12, 7, 9],[[1, 1], [2, 1], [1, 2], [1, 3], [2, 3], [3, 2]],1132,789,1135,756
260246,1,27,2,[10, 4, 8, 12, 7, 9],[[1, 1], [2, 1], [1, 2], [1, 3], [2, 3], [3, 2]],1157,788,1135,756
260306,1,27,2,[10, 4, 8, 12, 7, 9],[[1, 1], [2, 1], [1, 2], [1, 3], [2, 3], [3, 2]],1152,791,1135,756
260374,1,27,2,[10, 4, 8, 12, 7, 9],[[1, 1], [2, 1], [1, 2], [1, 3], [2, 3], [3, 2]],1187,794,1135,756
260427,1,27,2,[10, 4, 8, 12, 7, 9],[[1, 1], [2, 1], [1, 2], [1, 3], [2, 3], [3, 2]],1176,792,1135,756
260472,1,27,2,[10, 4, 8, 12, 7, 9],[[1, 1], [2, 1], [1, 2], [1, 3], [2, 3], [3, 2]],1164,816,1135,756
260525,1,27,2,[10, 4, 8, 12, 7, 9],[[1, 1], [2, 1], [1, 2], [1, 3], [2, 3], [3, 2]],1188,813,1135,756
260578,1,27,2,[10, 4, 8, 12, 7, 9],[[1, 1], [2, 1], [1, 2], [1, 3], [2, 3], [3, 2]],1156,815,1135,756
260621,1,27,2,[10, 4, 8, 12, 7, 9],[[1, 1], [2, 1], [1, 2], [1, 3], [2, 3], [3, 2]],1146,817,1135,756
260689,1,27,2,[10, 4, 8, 12, 7, 9],[[1, 1], [2, 1], [1, 2], [1, 3], [2, 3], [3, 2]],1145,835,1141,764
260754,1,27,2,[10, 4, 8, 12, 7, 9],[[1, 1], [2, 1], [1, 2], [1, 3], [2, 3], [3, 2]],1127,821,1145,772
260820,1,27,2,[10, 4, 8, 12, 7, 9],[[1, 1], [2, 1], [1, 2], [1, 3], [2, 3], [3, 2]],1135,803,1146,774
260900,1,27,2,[10, 4, 8, 12, 7, 9],[[1, 1], [2, 1], [1, 2], [1, 3], [2, 3], [3, 2]],1140,786,1147,777
260946,1,27,2,[10, 4, 8, 12, 7, 9],[[1, 1], [2, 1], [1, 2], [1, 3], [2, 3], [3, 2]],1164,770,1147,777
260996,1,27,2,[10, 4, 8, 12, 7, 9],[[1, 1], [2, 1], [1, 2], [1, 3], [2, 3], [3, 2]],1153,753,1147,777
261041,1,27,2,[10, 4, 8, 12, 7, 9],[[1, 1], [2, 1], [1, 2], [1, 3], [2, 3], [3, 2]],1178,736,1147,777
261092,1,27,2,[10, 4, 8, 12, 7, 9],[[1, 1], [2, 1], [1, 2], [1, 3], [2, 3], [3, 2]],1173,723,1149,779
261137,1,27,2,[10, 4, 8, 12, 7, 9],[[1, 1], [2, 1], [1, 2], [1, 3], [2, 3], [3, 2]],1188,728,1149,779
261187,1,27,2,[10, 4, 8, 12, 7, 9],[[1, 1], [2, 1], [1, 2], [1, 3], [2, 3], [3, 2]],1190,727,1149,780
261232,1,27,2,[10, 4, 8, 12, 7, 9],[[1, 1], [2, 1], [1, 2], [1, 3], [2, 3], [3, 2]],1180,716,1151,781
261288,1,27,2,[10, 4, 8, 12, 7, 9],[[1, 1], [2, 1], [1, 2], [1, 3], [2, 3], [3, 2]],1181,701,1154,782
261347,1,27,2,[10, 4, 8, 12, 7, 9],[[1, 1], [2, 1], [1, 2], [1, 3], [2, 3], [3, 2]],1159,706,1154,782
261401,1,27,2,[10, 4, 8, 12, 7, 9],[[1, 1], [2, 1], [1, 2], [1, 3], [2, 3], [3, 2]],1179,698,1154,782
261449,1,27,2,[10, 4, 8, 12, 7, 9],[[1, 1], [2, 1], [1, 2], [1, 3], [2, 3], [3, 2]],1190,711,1154,782
261518,1,27,2,[10, 4, 8, 12, 7, 9],[[1, 1], [2, 1], [1, 2], [1, 3], [2, 3], [3, 2]],1193,706,1155,782
261577,1,27,2,[10, 4, 8, 12, 7, 9],[[1, 1], [2, 1], [1, 2], [1, 3], [2, 3], [3, 2]],1187,674,1174,760
261640,1,27,2,[10, 4, 8, 12, 7, 9],[[1, 1], [2, 1], [1, 2], [1, 3], [2, 3], [3, 2]],1182,663,1195,727
261689,1,27,2,[10, 4, 8, 12, 7, 9],[[1, 1], [2, 1], [1, 2], [1, 3], [2, 3], [3, 2]],1169,678,1196,719
261752,1,27,2,[10, 4, 8, 12, 7, 9],[[1, 1], [2, 1], [1, 2], [1, 3], [2, 3], [3, 2]],1149,684,1200,707
261806,1,27,2,[10, 4, 8, 12, 7, 9],[[1, 1], [2, 1], [1, 2], [1, 3], [2, 3], [3, 2]],1144,679,1200,692
261846,1,27,2,[10, 4, 8, 12, 7, 9],[[1, 1], [2, 1], [1, 2], [1, 3], [2, 3], [3, 2]],1152,669,1200,685
261916,1,27,2,[10, 4, 8, 12, 7, 9],[[1, 1], [2, 1], [1, 2], [1, 3], [2, 3], [3, 2]],1172,669,1200,684
261973,1,27,2,[10, 4, 8, 12, 7, 9],[[1, 1], [2, 1], [1, 2], [1, 3], [2, 3], [3, 2]],1157,667,1190,677
262042,1,27,2,[10, 4, 8, 12, 7, 9],[[1, 1], [2, 1], [1, 2], [1, 3], [2, 3], [3, 2]],1151,651,1176,674
262114,1,27,2,[10, 4, 8, 12, 7, 9],[[1, 1], [2, 1], [1, 2], [1, 3], [2, 3], [3, 2]],1149,647,1176,673
262223,1,27,2,[10, 4, 8, 12, 7, 9],[[1, 1], [2, 1], [1, 2], [1, 3], [2, 3], [3, 2]],1144,633,1176,673
262279,1,27,2,[10, 4, 8, 12, 7, 9],[[1, 1], [2, 1], [1, 2], [1, 3], [2, 3], [3, 2]],1128,641,1176,673
262347,1,27,2,[10, 4, 8, 12, 7, 9],[[1, 1], [2, 1], [1, 2], [1, 3], [2, 3], [3, 2]],1119,622,1176,673
262408,1,27,2,[10, 4, 8, 12, 7, 9],[[1, 1], [2, 1], [1, 2], [1, 3], [2, 3], [3, 2]],1133,627,1176,673
262468,1,27,2,[10, 4, 8, 12, 7, 9],[[1, 1], [2, 1], [1, 2], [1, 3], [2, 3], [3, 2]],1144,635,1176,673
262515,1,27,2,[10, 4, 8, 12, 7, 9],[[1, 1], [2, 1], [1, 2], [1, 3], [2, 3], [3, 2]],1137,630,1176,673
262606,1,27,2,[10, 4, 8, 12, 7, 9],[[1, 1], [2, 1], [1, 2], [1, 3], [2, 3], [3, 2]],1131,617,1176,673
262654,1,27,2,[10, 4, 8, 12, 7, 9],[[1, 1], [2, 1], [1, 2], [1, 3], [2, 3], [3, 2]],1133,613,1168,684
262714,1,27,2,[10, 4, 8, 12, 7, 9],[[1, 1], [2, 1], [1, 2], [1, 3], [2, 3], [3, 2]],1136,605,1152,701
262781,1,27,2,[10, 4, 8, 12, 7, 9],[[1, 1], [2, 1], [1, 2], [1, 3], [2, 3], [3, 2]],1143,613,1152,702
262844,1,27,2,[10, 4, 8, 12, 7, 9],[[1, 1], [2, 1], [1, 2], [1, 3], [2, 3], [3, 2]],1153,600,1152,702
262913,1,27,2,[10, 4, 8, 12, 7, 9],[[1, 1], [2, 1], [1, 2], [1, 3], [2, 3], [3, 2]],1137,589,1152,702
262952,1,27,2,[10, 4, 8, 12, 7, 9],[[1, 1], [2, 1], [1, 2], [1, 3], [2, 3], [3, 2]],1136,590,1152,702
262992,1,27,2,[10, 4, 8, 12, 7, 9],[[1, 1], [2, 1], [1, 2], [1, 3], [2, 3], [3, 2]],1136,581,1135,674
263036,1,27,2,[10, 4, 8, 12, 7, 9],[[1, 1], [2, 1], [1, 2], [1, 3], [2, 3], [3, 2]],1116,551,1128,662
263094,1,27,2,[10, 4, 8, 12, 7, 9],[[1, 1], [2, 1], [1, 2], [1, 3], [2, 3], [3, 2]],1129,540,1122,647
263137,1,27,2,[10, 4, 8, 12, 7, 9],[[1, 1], [2, 1], [1, 2], [1, 3], [2, 3], [3, 2]],1118,499,1121,645
263195,1,27,2,[10, 4, 8, 12, 7, 9],[[1, 1], [2, 1], [1, 2], [1, 3], [2, 3], [3, 2]],1144,496,1119,638
263243,1,27,2,[10, 4, 8, 12, 7, 9],[[1, 1], [2, 1], [1, 2], [1, 3], [2, 3], [3, 2]],1181,521,1116,631
263301,1,27,2,[10, 4, 8, 12, 7, 9],[[1, 1], [2, 1], [1, 2], [1, 3], [2, 3], [3, 2]],1183,521,1114,629
263344,1,27,2,[10, 4, 8, 12, 7, 9],[[1, 1], [2, 1], [1, 2], [1, 3], [2, 3], [3, 2]],1190,520,1114,629
263403,1,27,2,[10, 4, 8, 12, 7, 9],[[1, 1], [2, 1], [1, 2], [1, 3], [2, 3], [3, 2]],1176,532,1114,629
263460,1,27,2,[10, 4, 8, 12, 7, 9],[[1, 1], [2, 1], [1, 2], [1, 3], [2, 3], [3, 2]],1175,533,1114,629
263502,1,27,2,[10, 4, 8, 12, 7, 9],[[1, 1], [2, 1], [1, 2], [1, 3], [2, 3], [3, 2]],1150,518,1114,629
263559,1,27,2,[10, 4, 8, 12, 7, 9],[[1, 1], [2, 1], [1, 2], [1, 3], [2, 3], [3, 2]],1167,551,1114,629
263619,1,27,2,[10, 4, 8, 12, 7, 9],[[1, 1], [2, 1], [1, 2], [1, 3], [2, 3], [3, 2]],1139,517,1114,629
263663,1,27,2,[10, 4, 8, 12, 7, 9],[[1, 1], [2, 1], [1, 2], [1, 3], [2, 3], [3, 2]],1160,503,1123,613
263734,1,27,2,[10, 4, 8, 12, 7, 9],[[1, 1], [2, 1], [1, 2], [1, 3], [2, 3], [3, 2]],1170,506,1147,593
263798,1,27,2,[10, 4, 8, 12, 7, 9],[[1, 1], [2, 1], [1, 2], [1, 3], [2, 3], [3, 2]],1175,499,1158,586
263880,1,27,2,[10, 4, 8, 12, 7, 9],[[1, 1], [2, 1], [1, 2], [1, 3], [2, 3], [3, 2]],1176,473,1171,571
263925,1,27,2,[10, 4, 8, 12, 7, 9],[[1, 1], [2, 1], [1, 2], [1, 3], [2, 3], [3, 2]],1180,493,1185,558
263968,1,28,69,[6, 5, 8, 12, 2, 1],[[2, 1], [3, 1], [1, 1], [1, 2], [2, 2], [3, 3]],1183,513,1185,557
264059,1,28,69,[6, 5, 8, 12, 2, 1],[[2, 1], [3, 1], [1, 1], [1, 2], [2, 2], [3, 3]],1195,508,1192,547
264134,1,28,69,[6, 5, 8, 12, 2, 1],[[2, 1], [3, 1], [1, 1], [1, 2], [2, 2], [3, 3]],1166,507,1192,547
264200,1,28,69,[6, 5, 8, 12, 2, 1],[[2, 1], [3, 1], [1, 1], [1, 2], [2, 2], [3, 3]],1144,513,1192,547
264273,1,28,69,[6, 5, 8, 12, 2, 1],[[2, 1], [3, 1], [1, 1], [1, 2], [2, 2], [3, 3]],1120,505,1192,547
264349,1,28,69,[6, 5, 8, 12, 2, 1],[[2, 1], [3, 1], [1, 1], [1, 2], [2, 2], [3, 3]],1100,512,1189,555
264407,1,28,69,[6, 5, 8, 12, 2, 1],[[2, 1], [3, 1], [1, 1], [1, 2], [2, 2], [3, 3]],1096,535,1186,563
264476,1,28,69,[6, 5, 8, 12, 2, 1],[[2, 1], [3, 1], [1, 1], [1, 2], [2, 2], [3, 3]],1088,531,1186,563
264537,1,28,69,[6, 5, 8, 12, 2, 1],[[2, 1], [3, 1], [1, 1], [1, 2], [2, 2], [3, 3]],1089,531,1186,563
264593,1,28,69,[6, 5, 8, 12, 2, 1],[[2, 1], [3, 1], [1, 1], [1, 2], [2, 2], [3, 3]],1078,541,1185,565
264669,1,28,69,[6, 5, 8, 12, 2, 1],[[2, 1], [3, 1], [1, 1], [1, 2], [2, 2], [3, 3]],1079,544,1119,586
264727,1,28,69,[6, 5, 8, 12, 2, 1],[[2, 1], [3, 1], [1, 1], [1, 2], [2, 2], [3, 3]],1046,543,1104,591
264785,1,28,69,[6, 5, 8, 12, 2, 1],[[2, 1], [3, 1], [1, 1], [1, 2], [2, 2], [3, 3]],1034,563,1086,599
264853,1,28,69,[6, 5, 8, 12, 2, 1],[[2, 1], [3, 1], [1, 1], [1, 2], [2, 2], [3, 3]],1002,553,1052,605
264914,1,28,69,[6, 5, 8, 12, 2, 1],[[2, 1], [3, 1], [1, 1], [1, 2], [2, 2], [3, 3]],1005,522,1051,605
264968,1,28,69,[6, 5, 8, 12, 2, 1],[[2, 1], [3, 1], [1, 1], [1, 2], [2, 2], [3, 3]],973,530,1051,605
265018,1,28,69,[6, 5, 8, 12, 2, 1],[[2, 1], [3, 1], [1, 1], [1, 2], [2, 2], [3, 3]],982,512,1051,605
265063,1,28,69,[6, 5, 8, 12, 2, 1],[[2, 1], [3, 1], [1, 1], [1, 2], [2, 2], [3, 3]],1004,500,1051,605
265110,1,28,69,[6, 5, 8, 12, 2, 1],[[2, 1], [3, 1], [1, 1], [1, 2], [2, 2], [3, 3]],1014,494,1051,605
265174,1,28,69,[6, 5, 8, 12, 2, 1],[[2, 1], [3, 1], [1, 1], [1, 2], [2, 2], [3, 3]],993,511,1051,603
265224,1,28,69,[6, 5, 8, 12, 2, 1],[[2, 1], [3, 1], [1, 1], [1, 2], [2, 2], [3, 3]],992,518,1055,592
265264,1,28,69,[6, 5, 8, 12, 2, 1],[[2, 1], [3, 1], [1, 1], [1, 2], [2, 2], [3, 3]],1005,504,1055,582
265307,1,28,69,[6, 5, 8, 12, 2, 1],[[2, 1], [3, 1], [1, 1], [1, 2], [2, 2], [3, 3]],989,505,1053,568
265369,1,28,69,[6, 5, 8, 12, 2, 1],[[2, 1], [3, 1], [1, 1], [1, 2], [2, 2], [3, 3]],955,502,1051,552
265417,1,28,69,[6, 5, 8, 12, 2, 1],[[2, 1], [3, 1], [1, 1], [1, 2], [2, 2], [3, 3]],980,492,1044,529
265452,1,28,69,[6, 5, 8, 12, 2, 1],[[2, 1], [3, 1], [1, 1], [1, 2], [2, 2], [3, 3]],1008,471,1039,521
265510,1,28,69,[6, 5, 8, 12, 2, 1],[[2, 1], [3, 1], [1, 1], [1, 2], [2, 2], [3, 3]],1007,498,1029,510
265584,1,28,69,[6, 5, 8, 12, 2, 1],[[2, 1], [3, 1], [1, 1], [1, 2], [2, 2], [3, 3]],1021,512,1002,486
265634,1,28,69,[6, 5, 8, 12, 2, 1],[[2, 1], [3, 1], [1, 1], [1, 2], [2, 2], [3, 3]],1021,518,988,474
265669,1,28,69,[6, 5, 8, 12, 2, 1],[[2, 1], [3, 1], [1, 1], [1, 2], [2, 2], [3, 3]],1042,544,982,472
265723,1,28,69,[6, 5, 8, 12, 2, 1],[[2, 1], [3, 1], [1, 1], [1, 2], [2, 2], [3, 3]],1035,535,976,472
265777,1,28,69,[6, 5, 8, 12, 2, 1],[[2, 1], [3, 1], [1, 1], [1, 2], [2, 2], [3, 3]],1047,516,969,472
265830,1,28,69,[6, 5, 8, 12, 2, 1],[[2, 1], [3, 1], [1, 1], [1, 2], [2, 2], [3, 3]],1030,490,961,478
265888,1,28,69,[6, 5, 8, 12, 2, 1],[[2, 1], [3, 1], [1, 1], [1, 2], [2, 2], [3, 3]],1051,478,961,498
265936,1,28,69,[6, 5, 8, 12, 2, 1],[[2, 1], [3, 1], [1, 1], [1, 2], [2, 2], [3, 3]],1046,464,992,536
265989,1,28,69,[6, 5, 8, 12, 2, 1],[[2, 1], [3, 1], [1, 1], [1, 2], [2, 2], [3, 3]],1034,458,1002,546
266042,1,28,69,[6, 5, 8, 12, 2, 1],[[2, 1], [3, 1], [1, 1], [1, 2], [2, 2], [3, 3]],1009,444,1008,549
266100,1,28,69,[6, 5, 8, 12, 2, 1],[[2, 1], [3, 1], [1, 1], [1, 2], [2, 2], [3, 3]],1004,444,1012,549
266174,1,28,69,[6, 5, 8, 12, 2, 1],[[2, 1], [3, 1], [1, 1], [1, 2], [2, 2], [3, 3]],1018,479,1029,542
266229,1,28,69,[6, 5, 8, 12, 2, 1],[[2, 1], [3, 1], [1, 1], [1, 2], [2, 2], [3, 3]],984,470,1029,538
266309,1,28,69,[6, 5, 8, 12, 2, 1],[[2, 1], [3, 1], [1, 1], [1, 2], [2, 2], [3, 3]],978,477,1029,526
266372,1,28,69,[6, 5, 8, 12, 2, 1],[[2, 1], [3, 1], [1, 1], [1, 2], [2, 2], [3, 3]],976,482,1022,516
266444,1,28,69,[6, 5, 8, 12, 2, 1],[[2, 1], [3, 1], [1, 1], [1, 2], [2, 2], [3, 3]],957,488,1021,514
266528,1,28,69,[6, 5, 8, 12, 2, 1],[[2, 1], [3, 1], [1, 1], [1, 2], [2, 2], [3, 3]],946,501,1021,514
266597,1,28,69,[6, 5, 8, 12, 2, 1],[[2, 1], [3, 1], [1, 1], [1, 2], [2, 2], [3, 3]],963,508,996,514
266655,1,28,69,[6, 5, 8, 12, 2, 1],[[2, 1], [3, 1], [1, 1], [1, 2], [2, 2], [3, 3]],949,476,987,513
266702,1,28,69,[6, 5, 8, 12, 2, 1],[[2, 1], [3, 1], [1, 1], [1, 2], [2, 2], [3, 3]],971,474,987,513
266790,1,28,69,[6, 5, 8, 12, 2, 1],[[2, 1], [3, 1], [1, 1], [1, 2], [2, 2], [3, 3]],955,470,979,516
266872,1,28,69,[6, 5, 8, 12, 2, 1],[[2, 1], [3, 1], [1, 1], [1, 2], [2, 2], [3, 3]],967,460,975,520
266938,1,28,69,[6, 5, 8, 12, 2, 1],[[2, 1], [3, 1], [1, 1], [1, 2], [2, 2], [3, 3]],947,427,973,525
266994,1,28,69,[6, 5, 8, 12, 2, 1],[[2, 1], [3, 1], [1, 1], [1, 2], [2, 2], [3, 3]],946,395,972,527
267067,1,28,69,[6, 5, 8, 12, 2, 1],[[2, 1], [3, 1], [1, 1], [1, 2], [2, 2], [3, 3]],978,401,972,528
267136,1,28,69,[6, 5, 8, 12, 2, 1],[[2, 1], [3, 1], [1, 1], [1, 2], [2, 2], [3, 3]],976,391,972,528
267189,1,28,69,[6, 5, 8, 12, 2, 1],[[2, 1], [3, 1], [1, 1], [1, 2], [2, 2], [3, 3]],978,389,975,524
267243,1,28,69,[6, 5, 8, 12, 2, 1],[[2, 1], [3, 1], [1, 1], [1, 2], [2, 2], [3, 3]],984,375,991,504
267292,1,28,69,[6, 5, 8, 12, 2, 1],[[2, 1], [3, 1], [1, 1], [1, 2], [2, 2], [3, 3]],972,334,995,485
267346,1,28,69,[6, 5, 8, 12, 2, 1],[[2, 1], [3, 1], [1, 1], [1, 2], [2, 2], [3, 3]],999,316,999,476
267399,1,28,69,[6, 5, 8, 12, 2, 1],[[2, 1], [3, 1], [1, 1], [1, 2], [2, 2], [3, 3]],995,287,999,472
267460,1,28,69,[6, 5, 8, 12, 2, 1],[[2, 1], [3, 1], [1, 1], [1, 2], [2, 2], [3, 3]],996,291,995,462
267535,1,28,69,[6, 5, 8, 12, 2, 1],[[2, 1], [3, 1], [1, 1], [1, 2], [2, 2], [3, 3]],1026,287,992,450
267585,1,28,69,[6, 5, 8, 12, 2, 1],[[2, 1], [3, 1], [1, 1], [1, 2], [2, 2], [3, 3]],1023,291,990,438
267633,1,28,69,[6, 5, 8, 12, 2, 1],[[2, 1], [3, 1], [1, 1], [1, 2], [2, 2], [3, 3]],1060,303,994,411
267692,1,28,69,[6, 5, 8, 12, 2, 1],[[2, 1], [3, 1], [1, 1], [1, 2], [2, 2], [3, 3]],1069,279,1024,297
267770,1,28,69,[6, 5, 8, 12, 2, 1],[[2, 1], [3, 1], [1, 1], [1, 2], [2, 2], [3, 3]],1049,294,1025,276
267811,1,28,69,[6, 5, 8, 12, 2, 1],[[2, 1], [3, 1], [1, 1], [1, 2], [2, 2], [3, 3]],1041,288,1025,276
267881,1,28,69,[6, 5, 8, 12, 2, 1],[[2, 1], [3, 1], [1, 1], [1, 2], [2, 2], [3, 3]],1044,299,1071,260
267924,1,28,69,[6, 5, 8, 12, 2, 1],[[2, 1], [3, 1], [1, 1], [1, 2], [2, 2], [3, 3]],1050,292,1147,249
267999,1,29,10,[10, 4, 8, 12, 2, 1],[[1, 1], [2, 1], [1, 2], [1, 3], [2, 2], [3, 3]],1046,282,1149,248
268054,1,29,10,[10, 4, 8, 12, 2, 1],[[1, 1], [2, 1], [1, 2], [1, 3], [2, 2], [3, 3]],1049,296,1151,261
268101,1,29,10,[10, 4, 8, 12, 2, 1],[[1, 1], [2, 1], [1, 2], [1, 3], [2, 2], [3, 3]],1071,277,1152,272
268159,1,29,10,[10, 4, 8, 12, 2, 1],[[1, 1], [2, 1], [1, 2], [1, 3], [2, 2], [3, 3]],1094,287,1148,285
268214,1,29,10,[10, 4, 8, 12, 2, 1],[[1, 1], [2, 1], [1, 2], [1, 3], [2, 2], [3, 3]],1101,271,1127,298
268275,1,29,10,[10, 4, 8, 12, 2, 1],[[1, 1], [2, 1], [1, 2], [1, 3], [2, 2], [3, 3]],1108,274,1093,312
268320,1,29,10,[10, 4, 8, 12, 2, 1],[[1, 1], [2, 1], [1, 2], [1, 3], [2, 2], [3, 3]],1116,256,1083,314
268389,1,29,10,[10, 4, 8, 12, 2, 1],[[1, 1], [2, 1], [1, 2], [1, 3], [2, 2], [3, 3]],1100,256,1078,316
268438,1,29,10,[10, 4, 8, 12, 2, 1],[[1, 1], [2, 1], [1, 2], [1, 3], [2, 2], [3, 3]],1081,247,1076,317
268494,1,29,10,[10, 4, 8, 12, 2, 1],[[1, 1], [2, 1], [1, 2], [1, 3], [2, 2], [3, 3]],1082,238,1076,317
268547,1,29,10,[10, 4, 8, 12, 2, 1],[[1, 1], [2, 1], [1, 2], [1, 3], [2, 2], [3, 3]],1098,238,1076,317
268596,1,29,10,[10, 4, 8, 12, 2, 1],[[1, 1], [2, 1], [1, 2], [1, 3], [2, 2], [3, 3]],1104,220,1076,317
268658,1,29,10,[10, 4, 8, 12, 2, 1],[[1, 1], [2, 1], [1, 2], [1, 3], [2, 2], [3, 3]],1108,216,1076,317
268716,1,29,10,[10, 4, 8, 12, 2, 1],[[1, 1], [2, 1], [1, 2], [1, 3], [2, 2], [3, 3]],1118,221,1082,315
268762,1,29,10,[10, 4, 8, 12, 2, 1],[[1, 1], [2, 1], [1, 2], [1, 3], [2, 2], [3, 3]],1156,219,1112,291
268837,1,29,10,[10, 4, 8, 12, 2, 1],[[1, 1], [2, 1], [1, 2], [1, 3], [2, 2], [3, 3]],1137,245,1116,282
268884,1,29,10,[10, 4, 8, 12, 2, 1],[[1, 1], [2, 1], [1, 2], [1, 3], [2, 2], [3, 3]],1125,215,1120,270
268933,1,29,10,[10, 4, 8, 12, 2, 1],[[1, 1], [2, 1], [1, 2], [1, 3], [2, 2], [3, 3]],1131,200,1127,260
269000,1,29,10,[10, 4, 8, 12, 2, 1],[[1, 1], [2, 1], [1, 2], [1, 3], [2, 2], [3, 3]],1134,203,1130,256
269050,1,29,10,[10, 4, 8, 12, 2, 1],[[1, 1], [2, 1], [1, 2], [1, 3], [2, 2], [3, 3]],1096,222,1135,252
269108,1,29,10,[10, 4, 8, 12, 2, 1],[[1, 1], [2, 1], [1, 2], [1, 3], [2, 2], [3, 3]],1110,214,1155,252
269155,1,29,10,[10, 4, 8, 12, 2, 1],[[1, 1], [2, 1], [1, 2], [1, 3], [2, 2], [3, 3]],1120,212,1163,251
269206,1,29,10,[10, 4, 8, 12, 2, 1],[[1, 1], [2, 1], [1, 2], [1, 3], [2, 2], [3, 3]],1112,236,1163,251
269264,1,29,10,[10, 4, 8, 12, 2, 1],[[1, 1], [2, 1], [1, 2], [1, 3], [2, 2], [3, 3]],1088,236,1163,251
269339,1,29,10,[10, 4, 8, 12, 2, 1],[[1, 1], [2, 1], [1, 2], [1, 3], [2, 2], [3, 3]],1110,215,1163,251
269384,1,29,10,[10, 4, 8, 12, 2, 1],[[1, 1], [2, 1], [1, 2], [1, 3], [2, 2], [3, 3]],1095,199,1163,251
269435,1,29,10,[10, 4, 8, 12, 2, 1],[[1, 1], [2, 1], [1, 2], [1, 3], [2, 2], [3, 3]],1082,201,1163,251
269499,1,29,10,[10, 4, 8, 12, 2, 1],[[1, 1], [2, 1], [1, 2], [1, 3], [2, 2], [3, 3]],1122,181,1163,251
269559,1,29,10,[10, 4, 8, 12, 2, 1],[[1, 1], [2, 1], [1, 2], [1, 3], [2, 2], [3, 3]],1142,175,1163,251
269632,1,29,10,[10, 4, 8, 12, 2, 1],[[1, 1], [2, 1], [1, 2], [1, 3], [2, 2], [3, 3]],1176,178,1118,248
269718,1,29,10,[10, 4, 8, 12, 2, 1],[[1, 1], [2, 1], [1, 2], [1, 3], [2, 2], [3, 3]],1172,188,1087,247
269765,1,29,10,[10, 4, 8, 12, 2, 1],[[1, 1], [2, 1], [1, 2], [1, 3], [2, 2], [3, 3]],1180,159,1087,247
269828,1,29,10,[10, 4, 8, 12, 2, 1],[[1, 1], [2, 1], [1, 2], [1, 3], [2, 2], [3, 3]],1187,160,1087,247
269882,1,29,10,[10, 4, 8, 12, 2, 1],[[1, 1], [2, 1], [1, 2], [1, 3], [2, 2], [3, 3]],1182,141,1087,247
269967,1,29,10,[10, 4, 8, 12, 2, 1],[[1, 1], [2, 1], [1, 2], [1, 3], [2, 2], [3, 3]],1180,130,1087,247
270034,1,29,10,[10, 4, 8, 12, 2, 1],[[1, 1], [2, 1], [1, 2], [1, 3], [2, 2], [3, 3]],1197,120,1087,247
270125,1,29,10,[10, 4, 8, 12, 2, 1],[[1, 1], [2, 1], [1, 2], [1, 3], [2, 2], [3, 3]],1197,147,1087,247
270196,1,29,10,[10, 4, 8, 12, 2, 1],[[1, 1], [2, 1], [1, 2], [1, 3], [2, 2], [3, 3]],1187,179,1087,247
270259,1,29,10,[10, 4, 8, 12, 2, 1],[[1, 1], [2, 1], [1, 2], [1, 3], [2, 2], [3, 3]],1200,209,1087,247
270317,1,29,10,[10, 4, 8, 12, 2, 1],[[1, 1], [2, 1], [1, 2], [1, 3], [2, 2], [3, 3]],1217,183,1150,247
270379,1,29,10,[10, 4, 8, 12, 2, 1],[[1, 1], [2, 1], [1, 2], [1, 3], [2, 2], [3, 3]],1206,182,1175,247
270467,1,29,10,[10, 4, 8, 12, 2, 1],[[1, 1], [2, 1], [1, 2], [1, 3], [2, 2], [3, 3]],1201,174,1175,247
270526,1,29,10,[10, 4, 8, 12, 2, 1],[[1, 1], [2, 1], [1, 2], [1, 3], [2, 2], [3, 3]],1215,162,1175,247
270581,1,29,10,[10, 4, 8, 12, 2, 1],[[1, 1], [2, 1], [1, 2], [1, 3], [2, 2], [3, 3]],1222,133,1175,247
270640,1,29,10,[10, 4, 8, 12, 2, 1],[[1, 1], [2, 1], [1, 2], [1, 3], [2, 2], [3, 3]],1231,137,1175,247
270698,1,29,10,[10, 4, 8, 12, 2, 1],[[1, 1], [2, 1], [1, 2], [1, 3], [2, 2], [3, 3]],1211,174,1179,248
270763,1,29,10,[10, 4, 8, 12, 2, 1],[[1, 1], [2, 1], [1, 2], [1, 3], [2, 2], [3, 3]],1204,175,1179,248
270851,1,29,10,[10, 4, 8, 12, 2, 1],[[1, 1], [2, 1], [1, 2], [1, 3], [2, 2], [3, 3]],1192,187,1189,248
270901,1,29,10,[10, 4, 8, 12, 2, 1],[[1, 1], [2, 1], [1, 2], [1, 3], [2, 2], [3, 3]],1185,168,1195,245
270964,1,29,10,[10, 4, 8, 12, 2, 1],[[1, 1], [2, 1], [1, 2], [1, 3], [2, 2], [3, 3]],1199,185,1199,243
271041,1,29,10,[10, 4, 8, 12, 2, 1],[[1, 1], [2, 1], [1, 2], [1, 3], [2, 2], [3, 3]],1209,188,1209,233
271086,1,29,10,[10, 4, 8, 12, 2, 1],[[1, 1], [2, 1], [1, 2], [1, 3], [2, 2], [3, 3]],1194,177,1210,233
271126,1,29,10,[10, 4, 8, 12, 2, 1],[[1, 1], [2, 1], [1, 2], [1, 3], [2, 2], [3, 3]],1163,183,1210,233
271169,1,29,10,[10, 4, 8, 12, 2, 1],[[1, 1], [2, 1], [1, 2], [1, 3], [2, 2], [3, 3]],1179,160,1210,233
271209,1,29,10,[10, 4, 8, 12, 2, 1],[[1, 1], [2, 1], [1, 2], [1, 3], [2, 2], [3, 3]],1169,137,1210,233
271252,1,29,10,[10, 4, 8, 12, 2, 1],[[1, 1], [2, 1], [1, 2], [1, 3], [2, 2], [3, 3]],1176,141,1210,233
271311,1,29,10,[10, 4, 8, 12, 2, 1],[[1, 1], [2, 1], [1, 2], [1, 3], [2, 2], [3, 3]],1184,105,1206,233
271358,1,29,10,[10, 4, 8, 12, 2, 1],[[1, 1], [2, 1], [1, 2], [1, 3], [2, 2], [3, 3]],1178,96,1185,233
271404,1,29,10,[10, 4, 8, 12, 2, 1],[[1, 1], [2, 1], [1, 2], [1, 3], [2, 2], [3, 3]],1178,105,1183,233
271454,1,29,10,[10, 4, 8, 12, 2, 1],[[1, 1], [2, 1], [1, 2], [1, 3], [2, 2], [3, 3]],1199,95,1183,233
271495,1,29,10,[10, 4, 8, 12, 2, 1],[[1, 1], [2, 1], [1, 2], [1, 3], [2, 2], [3, 3]],1185,108,1183,233
271537,1,29,10,[10, 4, 8, 12, 2, 1],[[1, 1], [2, 1], [1, 2], [1, 3], [2, 2], [3, 3]],1198,126,1182,233
271621,1,29,10,[10, 4, 8, 12, 2, 1],[[1, 1], [2, 1], [1, 2], [1, 3], [2, 2], [3, 3]],1215,93,1175,211
271675,1,29,10,[10, 4, 8, 12, 2, 1],[[1, 1], [2, 1], [1, 2], [1, 3], [2, 2], [3, 3]],1222,93,1164,167
271720,1,29,10,[10, 4, 8, 12, 2, 1],[[1, 1], [2, 1], [1, 2], [1, 3], [2, 2], [3, 3]],1228,90,1158,148
271789,1,29,10,[10, 4, 8, 12, 2, 1],[[1, 1], [2, 1], [1, 2], [1, 3], [2, 2], [3, 3]],1214,98,1157,145
271856,1,29,10,[10, 4, 8, 12, 2, 1],[[1, 1], [2, 1], [1, 2], [1, 3], [2, 2], [3, 3]],1200,123,1157,145
271933,1,29,10,[10, 4, 8, 12, 2, 1],[[1, 1], [2, 1], [1, 2], [1, 3], [2, 2], [3, 3]],1171,131,1157,145
271994,1,29,10,[10, 4, 8, 12, 2, 1],[[1, 1], [2, 1], [1, 2], [1, 3], [2, 2], [3, 3]],1191,122,1171,145
272034,1,29,10,[10, 4, 8, 12, 2, 1],[[1, 1], [2, 1], [1, 2], [1, 3], [2, 2], [3, 3]],1198,95,1211,138
272117,1,30,49,[6, 5, 8, 12, 7, 9],[[2, 1], [3, 1], [3, 2], [3, 3], [1, 3], [2, 2]],1193,84,1287,116
272170,1,30,49,[6, 5, 8, 12, 7, 9],[[2, 1], [3, 1], [3, 2], [3, 3], [1, 3], [2, 2]],1195,80,1285,81
272265,1,30,49,[6, 5, 8, 12, 7, 9],[[2, 1], [3, 1], [3, 2], [3, 3], [1, 3], [2, 2]],1192,92,1263,81
272307,1,30,49,[6, 5, 8, 12, 7, 9],[[2, 1], [3, 1], [3, 2], [3, 3], [1, 3], [2, 2]],1172,94,1231,104
272402,1,30,49,[6, 5, 8, 12, 7, 9],[[2, 1], [3, 1], [3, 2], [3, 3], [1, 3], [2, 2]],1175,99,1208,130
272447,1,30,49,[6, 5, 8, 12, 7, 9],[[2, 1], [3, 1], [3, 2], [3, 3], [1, 3], [2, 2]],1173,100,1192,164
272542,1,30,49,[6, 5, 8, 12, 7, 9],[[2, 1], [3, 1], [3, 2], [3, 3], [1, 3], [2, 2]],1166,90,1191,165
272606,1,30,49,[6, 5, 8, 12, 7, 9],[[2, 1], [3, 1], [3, 2], [3, 3], [1, 3], [2, 2]],1175,93,1191,163
272653,1,30,49,[6, 5, 8, 12, 7, 9],[[2, 1], [3, 1], [3, 2], [3, 3], [1, 3], [2, 2]],1166,88,1193,144
272717,1,30,49,[6, 5, 8, 12, 7, 9],[[2, 1], [3, 1], [3, 2], [3, 3], [1, 3], [2, 2]],1171,82,1192,123
272781,1,30,49,[6, 5, 8, 12, 7, 9],[[2, 1], [3, 1], [3, 2], [3, 3], [1, 3], [2, 2]],1164,54,1190,117
272860,1,30,49,[6, 5, 8, 12, 7, 9],[[2, 1], [3, 1], [3, 2], [3, 3], [1, 3], [2, 2]],1179,91,1190,117
272902,1,30,49,[6, 5, 8, 12, 7, 9],[[2, 1], [3, 1], [3, 2], [3, 3], [1, 3], [2, 2]],1188,92,1166,125
272967,1,30,49,[6, 5, 8, 12, 7, 9],[[2, 1], [3, 1], [3, 2], [3, 3], [1, 3], [2, 2]],1188,77,1154,125
273022,1,30,49,[6, 5, 8, 12, 7, 9],[[2, 1], [3, 1], [3, 2], [3, 3], [1, 3], [2, 2]],1210,78,1127,121
273076,1,30,49,[6, 5, 8, 12, 7, 9],[[2, 1], [3, 1], [3, 2], [3, 3], [1, 3], [2, 2]],1213,85,1120,121
273133,1,30,49,[6, 5, 8, 12, 7, 9],[[2, 1], [3, 1], [3, 2], [3, 3], [1, 3], [2, 2]],1196,106,1120,121
273197,1,30,49,[6, 5, 8, 12, 7, 9],[[2, 1], [3, 1], [3, 2], [3, 3], [1, 3], [2, 2]],1195,112,1120,121
273255,1,30,49,[6, 5, 8, 12, 7, 9],[[2, 1], [3, 1], [3, 2], [3, 3], [1, 3], [2, 2]],1182,116,1120,121
273320,1,30,49,[6, 5, 8, 12, 7, 9],[[2, 1], [3, 1], [3, 2], [3, 3], [1, 3], [2, 2]],1172,122,1156,115
273373,1,30,49,[6, 5, 8, 12, 7, 9],[[2, 1], [3, 1], [3, 2], [3, 3], [1, 3], [2, 2]],1174,96,1199,105
273432,1,30,49,[6, 5, 8, 12, 7, 9],[[2, 1], [3, 1], [3, 2], [3, 3], [1, 3], [2, 2]],1220,94,1200,104
273501,1,30,49,[6, 5, 8, 12, 7, 9],[[2, 1], [3, 1], [3, 2], [3, 3], [1, 3], [2, 2]],1227,76,1203,96
273559,1,30,49,[6, 5, 8, 12, 7, 9],[[2, 1], [3, 1], [3, 2], [3, 3], [1, 3], [2, 2]],1222,82,1203,92
273623,1,30,49,[6, 5, 8, 12, 7, 9],[[2, 1], [3, 1], [3, 2], [3, 3], [1, 3], [2, 2]],1216,103,1201,91
273682,1,30,49,[6, 5, 8, 12, 7, 9],[[2, 1], [3, 1], [3, 2], [3, 3], [1, 3], [2, 2]],1221,72,1190,93
273726,1,30,49,[6, 5, 8, 12, 7, 9],[[2, 1], [3, 1], [3, 2], [3, 3], [1, 3], [2, 2]],1197,92,1189,93
273820,1,30,49,[6, 5, 8, 12, 7, 9],[[2, 1], [3, 1], [3, 2], [3, 3], [1, 3], [2, 2]],1187,103,1185,99
273883,1,30,49,[6, 5, 8, 12, 7, 9],[[2, 1], [3, 1], [3, 2], [3, 3], [1, 3], [2, 2]],1195,98,1187,107
273946,1,30,49,[6, 5, 8, 12, 7, 9],[[2, 1], [3, 1], [3, 2], [3, 3], [1, 3], [2, 2]],1189,87,1194,116
273988,1,30,49,[6, 5, 8, 12, 7, 9],[[2, 1], [3, 1], [3, 2], [3, 3], [1, 3], [2, 2]],1228,102,1197,118
274055,1,30,49,[6, 5, 8, 12, 7, 9],[[2, 1], [3, 1], [3, 2], [3, 3], [1, 3], [2, 2]],1195,103,1200,121
274114,1,30,49,[6, 5, 8, 12, 7, 9],[[2, 1], [3, 1], [3, 2], [3, 3], [1, 3], [2, 2]],1215,118,1205,125
274166,1,30,49,[6, 5, 8, 12, 7, 9],[[2, 1], [3, 1], [3, 2], [3, 3], [1, 3], [2, 2]],1200,125,1205,125
274254,1,30,49,[6, 5, 8, 12, 7, 9],[[2, 1], [3, 1], [3, 2], [3, 3], [1, 3], [2, 2]],1176,107,1205,125
274307,1,30,49,[6, 5, 8, 12, 7, 9],[[2, 1], [3, 1], [3, 2], [3, 3], [1, 3], [2, 2]],1176,123,1205,125
274360,1,30,49,[6, 5, 8, 12, 7, 9],[[2, 1], [3, 1], [3, 2], [3, 3], [1, 3], [2, 2]],1175,121,1205,125
274399,1,30,49,[6, 5, 8, 12, 7, 9],[[2, 1], [3, 1], [3, 2], [3, 3], [1, 3], [2, 2]],1173,149,1205,125
274463,1,30,49,[6, 5, 8, 12, 7, 9],[[2, 1], [3, 1], [3, 2], [3, 3], [1, 3], [2, 2]],1209,152,1205,125
274506,1,30,49,[6, 5, 8, 12, 7, 9],[[2, 1], [3, 1], [3, 2], [3, 3], [1, 3], [2, 2]],1207,143,1205,125
274584,1,30,49,[6, 5, 8, 12, 7, 9],[[2, 1], [3, 1], [3, 2], [3, 3], [1, 3], [2, 2]],1203,192,1205,125
274663,1,30,49,[6, 5, 8, 12, 7, 9],[[2, 1], [3, 1], [3, 2], [3, 3], [1, 3], [2, 2]],1193,180,1205,125
274733,1,30,49,[6, 5, 8, 12, 7, 9],[[2, 1], [3, 1], [3, 2], [3, 3], [1, 3], [2, 2]],1197,190,1199,125
274787,1,30,49,[6, 5, 8, 12, 7, 9],[[2, 1], [3, 1], [3, 2], [3, 3], [1, 3], [2, 2]],1187,203,1187,124
274862,1,30,49,[6, 5, 8, 12, 7, 9],[[2, 1], [3, 1], [3, 2], [3, 3], [1, 3], [2, 2]],1194,212,1187,124
274907,1,30,49,[6, 5, 8, 12, 7, 9],[[2, 1], [3, 1], [3, 2], [3, 3], [1, 3], [2, 2]],1185,223,1185,125
274955,1,30,49,[6, 5, 8, 12, 7, 9],[[2, 1], [3, 1], [3, 2], [3, 3], [1, 3], [2, 2]],1197,239,1180,136
275025,1,30,49,[6, 5, 8, 12, 7, 9],[[2, 1], [3, 1], [3, 2], [3, 3], [1, 3], [2, 2]],1189,234,1186,186
275070,1,30,49,[6, 5, 8, 12, 7, 9],[[2, 1], [3, 1], [3, 2], [3, 3], [1, 3], [2, 2]],1194,206,1189,225
275120,1,30,49,[6, 5, 8, 12, 7, 9],[[2, 1], [3, 1], [3, 2], [3, 3], [1, 3], [2, 2]],1210,189,1192,257
275204,1,30,49,[6, 5, 8, 12, 7, 9],[[2, 1], [3, 1], [3, 2], [3, 3], [1, 3], [2, 2]],1206,183,1197,314
275263,1,30,49,[6, 5, 8, 12, 7, 9],[[2, 1], [3, 1], [3, 2], [3, 3], [1, 3], [2, 2]],1211,178,1198,319
275317,1,30,49,[6, 5, 8, 12, 7, 9],[[2, 1], [3, 1], [3, 2], [3, 3], [1, 3], [2, 2]],1258,172,1198,321
275370,1,30,49,[6, 5, 8, 12, 7, 9],[[2, 1], [3, 1], [3, 2], [3, 3], [1, 3], [2, 2]],1248,166,1199,322
275439,1,30,49,[6, 5, 8, 12, 7, 9],[[2, 1], [3, 1], [3, 2], [3, 3], [1, 3], [2, 2]],1253,168,1201,322
275502,1,30,49,[6, 5, 8, 12, 7, 9],[[2, 1], [3, 1], [3, 2], [3, 3], [1, 3], [2, 2]],1257,158,1200,306
275561,1,30,49,[6, 5, 8, 12, 7, 9],[[2, 1], [3, 1], [3, 2], [3, 3], [1, 3], [2, 2]],1266,174,1204,262
275614,1,30,49,[6, 5, 8, 12, 7, 9],[[2, 1], [3, 1], [3, 2], [3, 3], [1, 3], [2, 2]],1265,185,1218,236
275678,1,30,49,[6, 5, 8, 12, 7, 9],[[2, 1], [3, 1], [3, 2], [3, 3], [1, 3], [2, 2]],1268,165,1221,234
275732,1,30,49,[6, 5, 8, 12, 7, 9],[[2, 1], [3, 1], [3, 2], [3, 3], [1, 3], [2, 2]],1289,201,1221,234
275786,1,30,49,[6, 5, 8, 12, 7, 9],[[2, 1], [3, 1], [3, 2], [3, 3], [1, 3], [2, 2]],1301,198,1221,234
275846,1,30,49,[6, 5, 8, 12, 7, 9],[[2, 1], [3, 1], [3, 2], [3, 3], [1, 3], [2, 2]],1332,190,1245,226
275894,1,30,49,[6, 5, 8, 12, 7, 9],[[2, 1], [3, 1], [3, 2], [3, 3], [1, 3], [2, 2]],1331,198,1248,224
275959,1,30,49,[6, 5, 8, 12, 7, 9],[[2, 1], [3, 1], [3, 2], [3, 3], [1, 3], [2, 2]],1361,200,1248,224
276014,1,30,49,[6, 5, 8, 12, 7, 9],[[2, 1], [3, 1], [3, 2], [3, 3], [1, 3], [2, 2]],1343,187,1248,224
276054,1,30,49,[6, 5, 8, 12, 7, 9],[[2, 1], [3, 1], [3, 2], [3, 3], [1, 3], [2, 2]],1329,186,1250,224
276126,1,31,53,[6, 5, 8, 12, 2, 1],[[2, 1], [3, 1], [3, 2], [3, 3], [1, 2], [2, 3]],1355,193,1256,231
276194,1,31,53,[6, 5, 8, 12, 2, 1],[[2, 1], [3, 1], [3, 2], [3, 3], [1, 2], [2, 3]],1343,195,1265,238
276242,1,31,53,[6, 5, 8, 12, 2, 1],[[2, 1], [3, 1], [3, 2], [3, 3], [1, 2], [2, 3]],1333,171,1279,243
276289,1,31,53,[6, 5, 8, 12, 2, 1],[[2, 1], [3, 1], [3, 2], [3, 3], [1, 2], [2, 3]],1324,142,1285,245
276360,1,31,53,[6, 5, 8, 12, 2, 1],[[2, 1], [3, 1], [3, 2], [3, 3], [1, 2], [2, 3]],1334,147,1285,245
276419,1,31,53,[6, 5, 8, 12, 2, 1],[[2, 1], [3, 1], [3, 2], [3, 3], [1, 2], [2, 3]],1352,178,1285,244
276452,1,31,53,[6, 5, 8, 12, 2, 1],[[2, 1], [3, 1], [3, 2], [3, 3], [1, 2], [2, 3]],1355,177,1285,237
276501,1,31,53,[6, 5, 8, 12, 2, 1],[[2, 1], [3, 1], [3, 2], [3, 3], [1, 2], [2, 3]],1358,179,1285,233
276549,1,31,53,[6, 5, 8, 12, 2, 1],[[2, 1], [3, 1], [3, 2], [3, 3], [1, 2], [2, 3]],1345,173,1282,229
276607,1,31,53,[6, 5, 8, 12, 2, 1],[[2, 1], [3, 1], [3, 2], [3, 3], [1, 2], [2, 3]],1315,179,1279,224
276650,1,31,53,[6, 5, 8, 12, 2, 1],[[2, 1], [3, 1], [3, 2], [3, 3], [1, 2], [2, 3]],1336,193,1279,223
276709,1,31,53,[6, 5, 8, 12, 2, 1],[[2, 1], [3, 1], [3, 2], [3, 3], [1, 2], [2, 3]],1348,170,1280,219
276772,1,31,53,[6, 5, 8, 12, 2, 1],[[2, 1], [3, 1], [3, 2], [3, 3], [1, 2], [2, 3]],1368,152,1307,217
276828,1,31,53,[6, 5, 8, 12, 2, 1],[[2, 1], [3, 1], [3, 2], [3, 3], [1, 2], [2, 3]],1342,163,1309,217
276888,1,31,53,[6, 5, 8, 12, 2, 1],[[2, 1], [3, 1], [3, 2], [3, 3], [1, 2], [2, 3]],1347,188,1320,212
276932,1,31,53,[6, 5, 8, 12, 2, 1],[[2, 1], [3, 1], [3, 2], [3, 3], [1, 2], [2, 3]],1351,199,1331,209
277000,1,31,53,[6, 5, 8, 12, 2, 1],[[2, 1], [3, 1], [3, 2], [3, 3], [1, 2], [2, 3]],1384,229,1356,200
277062,1,31,53,[6, 5, 8, 12, 2, 1],[[2, 1], [3, 1], [3, 2], [3, 3], [1, 2], [2, 3]],1370,244,1356,200
277119,1,31,53,[6, 5, 8, 12, 2, 1],[[2, 1], [3, 1], [3, 2], [3, 3], [1, 2], [2, 3]],1340,224,1356,200
277164,1,31,53,[6, 5, 8, 12, 2, 1],[[2, 1], [3, 1], [3, 2], [3, 3], [1, 2], [2, 3]],1328,200,1356,199
277205,1,31,53,[6, 5, 8, 12, 2, 1],[[2, 1], [3, 1], [3, 2], [3, 3], [1, 2], [2, 3]],1326,198,1362,193
277265,1,31,53,[6, 5, 8, 12, 2, 1],[[2, 1], [3, 1], [3, 2], [3, 3], [1, 2], [2, 3]],1324,208,1366,188
277328,1,31,53,[6, 5, 8, 12, 2, 1],[[2, 1], [3, 1], [3, 2], [3, 3], [1, 2], [2, 3]],1339,206,1366,188
277369,1,31,53,[6, 5, 8, 12, 2, 1],[[2, 1], [3, 1], [3, 2], [3, 3], [1, 2], [2, 3]],1323,212,1366,188
277418,1,31,53,[6, 5, 8, 12, 2, 1],[[2, 1], [3, 1], [3, 2], [3, 3], [1, 2], [2, 3]],1334,201,1366,188
277481,1,31,53,[6, 5, 8, 12, 2, 1],[[2, 1], [3, 1], [3, 2], [3, 3], [1, 2], [2, 3]],1336,179,1366,188
277534,1,31,53,[6, 5, 8, 12, 2, 1],[[2, 1], [3, 1], [3, 2], [3, 3], [1, 2], [2, 3]],1349,178,1366,188
277607,1,31,53,[6, 5, 8, 12, 2, 1],[[2, 1], [3, 1], [3, 2], [3, 3], [1, 2], [2, 3]],1333,179,1366,188
277681,1,31,53,[6, 5, 8, 12, 2, 1],[[2, 1], [3, 1], [3, 2], [3, 3], [1, 2], [2, 3]],1298,184,1341,190
277763,1,31,53,[6, 5, 8, 12, 2, 1],[[2, 1], [3, 1], [3, 2], [3, 3], [1, 2], [2, 3]],1310,173,1323,192
277819,1,31,53,[6, 5, 8, 12, 2, 1],[[2, 1], [3, 1], [3, 2], [3, 3], [1, 2], [2, 3]],1312,175,1319,194
277887,1,31,53,[6, 5, 8, 12, 2, 1],[[2, 1], [3, 1], [3, 2], [3, 3], [1, 2], [2, 3]],1331,179,1316,195
277952,1,31,53,[6, 5, 8, 12, 2, 1],[[2, 1], [3, 1], [3, 2], [3, 3], [1, 2], [2, 3]],1310,175,1314,199
277992,1,31,53,[6, 5, 8, 12, 2, 1],[[2, 1], [3, 1], [3, 2], [3, 3], [1, 2], [2, 3]],1309,191,1314,200
278036,1,31,53,[6, 5, 8, 12, 2, 1],[[2, 1], [3, 1], [3, 2], [3, 3], [1, 2], [2, 3]],1298,177,1314,200
278117,1,31,53,[6, 5, 8, 12, 2, 1],[[2, 1], [3, 1], [3, 2], [3, 3], [1, 2], [2, 3]],1290,189,1311,206
278166,1,31,53,[6, 5, 8, 12, 2, 1],[[2, 1], [3, 1], [3, 2], [3, 3], [1, 2], [2, 3]],1271,209,1311,206
278230,1,31,53,[6, 5, 8, 12, 2, 1],[[2, 1], [3, 1], [3, 2], [3, 3], [1, 2], [2, 3]],1265,164,1311,206
278283,1,31,53,[6, 5, 8, 12, 2, 1],[[2, 1], [3, 1], [3, 2], [3, 3], [1, 2], [2, 3]],1254,179,1318,214
278346,1,31,53,[6, 5, 8, 12, 2, 1],[[2, 1], [3, 1], [3, 2], [3, 3], [1, 2], [2, 3]],1233,175,1319,216
278434,1,31,53,[6, 5, 8, 12, 2, 1],[[2, 1], [3, 1], [3, 2], [3, 3], [1, 2], [2, 3]],1271,186,1320,218
278491,1,31,53,[6, 5, 8, 12, 2, 1],[[2, 1], [3, 1], [3, 2], [3, 3], [1, 2], [2, 3]],1258,178,1321,218
278537,1,31,53,[6, 5, 8, 12, 2, 1],[[2, 1], [3, 1], [3, 2], [3, 3], [1, 2], [2, 3]],1255,142,1323,220
278616,1,31,53,[6, 5, 8, 12, 2, 1],[[2, 1], [3, 1], [3, 2], [3, 3], [1, 2], [2, 3]],1282,140,1324,220
278665,1,31,53,[6, 5, 8, 12, 2, 1],[[2, 1], [3, 1], [3, 2], [3, 3], [1, 2], [2, 3]],1267,141,1324,220
278723,1,31,53,[6, 5, 8, 12, 2, 1],[[2, 1], [3, 1], [3, 2], [3, 3], [1, 2], [2, 3]],1238,122,1324,220
278787,1,31,53,[6, 5, 8, 12, 2, 1],[[2, 1], [3, 1], [3, 2], [3, 3], [1, 2], [2, 3]],1245,98,1326,220
278854,1,31,53,[6, 5, 8, 12, 2, 1],[[2, 1], [3, 1], [3, 2], [3, 3], [1, 2], [2, 3]],1249,88,1347,219
278921,1,31,53,[6, 5, 8, 12, 2, 1],[[2, 1], [3, 1], [3, 2], [3, 3], [1, 2], [2, 3]],1246,98,1348,218
278979,1,31,53,[6, 5, 8, 12, 2, 1],[[2, 1], [3, 1], [3, 2], [3, 3], [1, 2], [2, 3]],1252,93,1353,216
279039,1,31,53,[6, 5, 8, 12, 2, 1],[[2, 1], [3, 1], [3, 2], [3, 3], [1, 2], [2, 3]],1267,99,1357,214
279096,1,31,53,[6, 5, 8, 12, 2, 1],[[2, 1], [3, 1], [3, 2], [3, 3], [1, 2], [2, 3]],1249,95,1364,209
279149,1,31,53,[6, 5, 8, 12, 2, 1],[[2, 1], [3, 1], [3, 2], [3, 3], [1, 2], [2, 3]],1253,97,1364,209
279203,1,31,53,[6, 5, 8, 12, 2, 1],[[2, 1], [3, 1], [3, 2], [3, 3], [1, 2], [2, 3]],1250,85,1375,200
279257,1,31,53,[6, 5, 8, 12, 2, 1],[[2, 1], [3, 1], [3, 2], [3, 3], [1, 2], [2, 3]],1254,86,1378,199
279305,1,31,53,[6, 5, 8, 12, 2, 1],[[2, 1], [3, 1], [3, 2], [3, 3], [1, 2], [2, 3]],1253,83,1378,199
279358,1,31,53,[6, 5, 8, 12, 2, 1],[[2, 1], [3, 1], [3, 2], [3, 3], [1, 2], [2, 3]],1256,69,1378,190
279397,1,31,53,[6, 5, 8, 12, 2, 1],[[2, 1], [3, 1], [3, 2], [3, 3], [1, 2], [2, 3]],1275,74,1377,186
279444,1,31,53,[6, 5, 8, 12, 2, 1],[[2, 1], [3, 1], [3, 2], [3, 3], [1, 2], [2, 3]],1247,66,1369,180
279497,1,31,53,[6, 5, 8, 12, 2, 1],[[2, 1], [3, 1], [3, 2], [3, 3], [1, 2], [2, 3]],1272,75,1366,179
279550,1,31,53,[6, 5, 8, 12, 2, 1],[[2, 1], [3, 1], [3, 2], [3, 3], [1, 2], [2, 3]],1271,119,1359,177
279602,1,31,53,[6, 5, 8, 12, 2, 1],[[2, 1], [3, 1], [3, 2], [3, 3], [1, 2], [2, 3]],1289,89,1348,172
279651,1,31,53,[6, 5, 8, 12, 2, 1],[[2, 1], [3, 1], [3, 2], [3, 3], [1, 2], [2, 3]],1294,88,1328,162
279704,1,31,53,[6, 5, 8, 12, 2, 1],[[2, 1], [3, 1], [3, 2], [3, 3], [1, 2], [2, 3]],1272,78,1308,150
279767,1,31,53,[6, 5, 8, 12, 2, 1],[[2, 1], [3, 1], [3, 2], [3, 3], [1, 2], [2, 3]],1267,97,1290,139
279813,1,31,53,[6, 5, 8, 12, 2, 1],[[2, 1], [3, 1], [3, 2], [3, 3], [1, 2], [2, 3]],1269,106,1275,129
279900,1,31,53,[6, 5, 8, 12, 2, 1],[[2, 1], [3, 1], [3, 2], [3, 3], [1, 2], [2, 3]],1262,109,1272,128
279970,1,31,53,[6, 5, 8, 12, 2, 1],[[2, 1], [3, 1], [3, 2], [3, 3], [1, 2], [2, 3]],1259,118,1272,128
280051,1,31,53,[6, 5, 8, 12, 2, 1],[[2, 1], [3, 1], [3, 2], [3, 3], [1, 2], [2, 3]],1265,100,1272,128
280090,1,31,53,[6, 5, 8, 12, 2, 1],[[2, 1], [3, 1], [3, 2], [3, 3], [1, 2], [2, 3]],1264,84,1272,128
280142,1,31,53,[6, 5, 8, 12, 2, 1],[[2, 1], [3, 1], [3, 2], [3, 3], [1, 2], [2, 3]],1256,87,1274,127
280187,1,32,90,[10, 4, 8, 12, 7, 9],[[1, 3], [2, 3], [3, 2], [3, 3], [1, 2], [2, 1]],1256,78,1275,127
280257,1,32,90,[10, 4, 8, 12, 7, 9],[[1, 3], [2, 3], [3, 2], [3, 3], [1, 2], [2, 1]],1250,78,1282,121
280312,1,32,90,[10, 4, 8, 12, 7, 9],[[1, 3], [2, 3], [3, 2], [3, 3], [1, 2], [2, 1]],1278,72,1283,119
280348,1,32,90,[10, 4, 8, 12, 7, 9],[[1, 3], [2, 3], [3, 2], [3, 3], [1, 2], [2, 1]],1264,60,1287,112
280432,1,32,90,[10, 4, 8, 12, 7, 9],[[1, 3], [2, 3], [3, 2], [3, 3], [1, 2], [2, 1]],1290,67,1289,109
280496,1,32,90,[10, 4, 8, 12, 7, 9],[[1, 3], [2, 3], [3, 2], [3, 3], [1, 2], [2, 1]],1301,77,1289,109
280596,1,32,90,[10, 4, 8, 12, 7, 9],[[1, 3], [2, 3], [3, 2], [3, 3], [1, 2], [2, 1]],1292,96,1276,110
280648,1,32,90,[10, 4, 8, 12, 7, 9],[[1, 3], [2, 3], [3, 2], [3, 3], [1, 2], [2, 1]],1300,106,1272,111
280695,1,32,90,[10, 4, 8, 12, 7, 9],[[1, 3], [2, 3], [3, 2], [3, 3], [1, 2], [2, 1]],1296,117,1272,111
280757,1,32,90,[10, 4, 8, 12, 7, 9],[[1, 3], [2, 3], [3, 2], [3, 3], [1, 2], [2, 1]],1282,98,1272,111
280803,1,32,90,[10, 4, 8, 12, 7, 9],[[1, 3], [2, 3], [3, 2], [3, 3], [1, 2], [2, 1]],1278,86,1272,111
280865,1,32,90,[10, 4, 8, 12, 7, 9],[[1, 3], [2, 3], [3, 2], [3, 3], [1, 2], [2, 1]],1304,79,1272,111
280941,1,32,90,[10, 4, 8, 12, 7, 9],[[1, 3], [2, 3], [3, 2], [3, 3], [1, 2], [2, 1]],1327,77,1274,115
281004,1,32,90,[10, 4, 8, 12, 7, 9],[[1, 3], [2, 3], [3, 2], [3, 3], [1, 2], [2, 1]],1320,68,1294,130
281057,1,32,90,[10, 4, 8, 12, 7, 9],[[1, 3], [2, 3], [3, 2], [3, 3], [1, 2], [2, 1]],1326,71,1294,130
281115,1,32,90,[10, 4, 8, 12, 7, 9],[[1, 3], [2, 3], [3, 2], [3, 3], [1, 2], [2, 1]],1320,50,1294,130
281178,1,32,90,[10, 4, 8, 12, 7, 9],[[1, 3], [2, 3], [3, 2], [3, 3], [1, 2], [2, 1]],1304,93,1294,130
281239,1,32,90,[10, 4, 8, 12, 7, 9],[[1, 3], [2, 3], [3, 2], [3, 3], [1, 2], [2, 1]],1326,120,1294,130
281298,1,32,90,[10, 4, 8, 12, 7, 9],[[1, 3], [2, 3], [3, 2], [3, 3], [1, 2], [2, 1]],1307,112,1294,130
281362,1,32,90,[10, 4, 8, 12, 7, 9],[[1, 3], [2, 3], [3, 2], [3, 3], [1, 2], [2, 1]],1283,139,1294,130
281415,1,32,90,[10, 4, 8, 12, 7, 9],[[1, 3], [2, 3], [3, 2], [3, 3], [1, 2], [2, 1]],1250,149,1294,130
281470,1,32,90,[10, 4, 8, 12, 7, 9],[[1, 3], [2, 3], [3, 2], [3, 3], [1, 2], [2, 1]],1247,147,1294,130
281526,1,32,90,[10, 4, 8, 12, 7, 9],[[1, 3], [2, 3], [3, 2], [3, 3], [1, 2], [2, 1]],1253,136,1294,130
281590,1,32,90,[10, 4, 8, 12, 7, 9],[[1, 3], [2, 3], [3, 2], [3, 3], [1, 2], [2, 1]],1256,122,1294,130
281672,1,32,90,[10, 4, 8, 12, 7, 9],[[1, 3], [2, 3], [3, 2], [3, 3], [1, 2], [2, 1]],1282,119,1294,130
281743,1,32,90,[10, 4, 8, 12, 7, 9],[[1, 3], [2, 3], [3, 2], [3, 3], [1, 2], [2, 1]],1280,119,1294,130
281807,1,32,90,[10, 4, 8, 12, 7, 9],[[1, 3], [2, 3], [3, 2], [3, 3], [1, 2], [2, 1]],1293,110,1294,130
281866,1,32,90,[10, 4, 8, 12, 7, 9],[[1, 3], [2, 3], [3, 2], [3, 3], [1, 2], [2, 1]],1281,112,1294,130
281939,1,32,90,[10, 4, 8, 12, 7, 9],[[1, 3], [2, 3], [3, 2], [3, 3], [1, 2], [2, 1]],1271,115,1294,130
281982,1,32,90,[10, 4, 8, 12, 7, 9],[[1, 3], [2, 3], [3, 2], [3, 3], [1, 2], [2, 1]],1291,100,1294,130
282061,1,32,90,[10, 4, 8, 12, 7, 9],[[1, 3], [2, 3], [3, 2], [3, 3], [1, 2], [2, 1]],1316,83,1294,130
282117,1,32,90,[10, 4, 8, 12, 7, 9],[[1, 3], [2, 3], [3, 2], [3, 3], [1, 2], [2, 1]],1326,102,1294,130
282201,1,32,90,[10, 4, 8, 12, 7, 9],[[1, 3], [2, 3], [3, 2], [3, 3], [1, 2], [2, 1]],1328,112,1294,130
282261,1,32,90,[10, 4, 8, 12, 7, 9],[[1, 3], [2, 3], [3, 2], [3, 3], [1, 2], [2, 1]],1342,121,1294,130
282315,1,32,90,[10, 4, 8, 12, 7, 9],[[1, 3], [2, 3], [3, 2], [3, 3], [1, 2], [2, 1]],1344,140,1294,130
282364,1,32,90,[10, 4, 8, 12, 7, 9],[[1, 3], [2, 3], [3, 2], [3, 3], [1, 2], [2, 1]],1360,120,1297,131
282410,1,32,90,[10, 4, 8, 12, 7, 9],[[1, 3], [2, 3], [3, 2], [3, 3], [1, 2], [2, 1]],1343,111,1298,131
282466,1,32,90,[10, 4, 8, 12, 7, 9],[[1, 3], [2, 3], [3, 2], [3, 3], [1, 2], [2, 1]],1352,111,1298,131
282510,1,32,90,[10, 4, 8, 12, 7, 9],[[1, 3], [2, 3], [3, 2], [3, 3], [1, 2], [2, 1]],1342,98,1298,131
282561,1,32,90,[10, 4, 8, 12, 7, 9],[[1, 3], [2, 3], [3, 2], [3, 3], [1, 2], [2, 1]],1329,123,1299,131
282621,1,32,90,[10, 4, 8, 12, 7, 9],[[1, 3], [2, 3], [3, 2], [3, 3], [1, 2], [2, 1]],1316,125,1300,133
282663,1,32,90,[10, 4, 8, 12, 7, 9],[[1, 3], [2, 3], [3, 2], [3, 3], [1, 2], [2, 1]],1307,114,1319,140
282721,1,32,90,[10, 4, 8, 12, 7, 9],[[1, 3], [2, 3], [3, 2], [3, 3], [1, 2], [2, 1]],1312,137,1346,142
282791,1,32,90,[10, 4, 8, 12, 7, 9],[[1, 3], [2, 3], [3, 2], [3, 3], [1, 2], [2, 1]],1316,115,1346,140
282846,1,32,90,[10, 4, 8, 12, 7, 9],[[1, 3], [2, 3], [3, 2], [3, 3], [1, 2], [2, 1]],1317,144,1346,128
282895,1,32,90,[10, 4, 8, 12, 7, 9],[[1, 3], [2, 3], [3, 2], [3, 3], [1, 2], [2, 1]],1309,124,1346,124
282944,1,32,90,[10, 4, 8, 12, 7, 9],[[1, 3], [2, 3], [3, 2], [3, 3], [1, 2], [2, 1]],1330,117,1346,119
283014,1,32,90,[10, 4, 8, 12, 7, 9],[[1, 3], [2, 3], [3, 2], [3, 3], [1, 2], [2, 1]],1318,121,1348,109
283053,1,32,90,[10, 4, 8, 12, 7, 9],[[1, 3], [2, 3], [3, 2], [3, 3], [1, 2], [2, 1]],1307,129,1348,109
283122,1,32,90,[10, 4, 8, 12, 7, 9],[[1, 3], [2, 3], [3, 2], [3, 3], [1, 2], [2, 1]],1304,123,1348,109
283182,1,32,90,[10, 4, 8, 12, 7, 9],[[1, 3], [2, 3], [3, 2], [3, 3], [1, 2], [2, 1]],1318,131,1346,112
283246,1,32,90,[10, 4, 8, 12, 7, 9],[[1, 3], [2, 3], [3, 2], [3, 3], [1, 2], [2, 1]],1337,134,1344,115
283316,1,32,90,[10, 4, 8, 12, 7, 9],[[1, 3], [2, 3], [3, 2], [3, 3], [1, 2], [2, 1]],1331,125,1342,115
283375,1,32,90,[10, 4, 8, 12, 7, 9],[[1, 3], [2, 3], [3, 2], [3, 3], [1, 2], [2, 1]],1328,104,1334,116
283428,1,32,90,[10, 4, 8, 12, 7, 9],[[1, 3], [2, 3], [3, 2], [3, 3], [1, 2], [2, 1]],1362,108,1327,118
283497,1,32,90,[10, 4, 8, 12, 7, 9],[[1, 3], [2, 3], [3, 2], [3, 3], [1, 2], [2, 1]],1374,115,1327,118
283544,1,32,90,[10, 4, 8, 12, 7, 9],[[1, 3], [2, 3], [3, 2], [3, 3], [1, 2], [2, 1]],1383,121,1327,118
283624,1,32,90,[10, 4, 8, 12, 7, 9],[[1, 3], [2, 3], [3, 2], [3, 3], [1, 2], [2, 1]],1405,134,1314,115
283666,1,32,90,[10, 4, 8, 12, 7, 9],[[1, 3], [2, 3], [3, 2], [3, 3], [1, 2], [2, 1]],1429,145,1313,113
283748,1,32,90,[10, 4, 8, 12, 7, 9],[[1, 3], [2, 3], [3, 2], [3, 3], [1, 2], [2, 1]],1423,149,1313,113
283839,1,32,90,[10, 4, 8, 12, 7, 9],[[1, 3], [2, 3], [3, 2], [3, 3], [1, 2], [2, 1]],1413,160,1313,113
283899,1,32,90,[10, 4, 8, 12, 7, 9],[[1, 3], [2, 3], [3, 2], [3, 3], [1, 2], [2, 1]],1434,149,1317,115
283989,1,32,90,[10, 4, 8, 12, 7, 9],[[1, 3], [2, 3], [3, 2], [3, 3], [1, 2], [2, 1]],1389,150,1370,145
284029,1,32,90,[10, 4, 8, 12, 7, 9],[[1, 3], [2, 3], [3, 2], [3, 3], [1, 2], [2, 1]],1393,145,1409,195
284076,1,32,90,[10, 4, 8, 12, 7, 9],[[1, 3], [2, 3], [3, 2], [3, 3], [1, 2], [2, 1]],1396,142,1432,221
284157,1,32,90,[10, 4, 8, 12, 7, 9],[[1, 3], [2, 3], [3, 2], [3, 3], [1, 2], [2, 1]],1378,124,1451,242
284217,1,32,90,[10, 4, 8, 12, 7, 9],[[1, 3], [2, 3], [3, 2], [3, 3], [1, 2], [2, 1]],1383,136,1455,246
284296,1,33,3,[6, 5, 3, 11, 7, 9],[[1, 1], [2, 1], [1, 2], [1, 3], [2, 3], [3, 2]],1373,116,1457,246
284380,1,33,3,[6, 5, 3, 11, 7, 9],[[1, 1], [2, 1], [1, 2], [1, 3], [2, 3], [3, 2]],1379,122,1455,245
284425,1,33,3,[6, 5, 3, 11, 7, 9],[[1, 1], [2, 1], [1, 2], [1, 3], [2, 3], [3, 2]],1400,127,1445,230
284473,1,33,3,[6, 5, 3, 11, 7, 9],[[1, 1], [2, 1], [1, 2], [1, 3], [2, 3], [3, 2]],1402,108,1423,209
284530,1,33,3,[6, 5, 3, 11, 7, 9],[[1, 1], [2, 1], [1, 2], [1, 3], [2, 3], [3, 2]],1420,96,1421,206
284573,1,33,3,[6, 5, 3, 11, 7, 9],[[1, 1], [2, 1], [1, 2], [1, 3], [2, 3], [3, 2]],1398,92,1421,206
284636,1,33,3,[6, 5, 3, 11, 7, 9],[[1, 1], [2, 1], [1, 2], [1, 3], [2, 3], [3, 2]],1395,94,1419,206
284682,1,33,3,[6, 5, 3, 11, 7, 9],[[1, 1], [2, 1], [1, 2], [1, 3], [2, 3], [3, 2]],1384,115,1419,206
284767,1,33,3,[6, 5, 3, 11, 7, 9],[[1, 1], [2, 1], [1, 2], [1, 3], [2, 3], [3, 2]],1398,102,1418,204
284829,1,33,3,[6, 5, 3, 11, 7, 9],[[1, 1], [2, 1], [1, 2], [1, 3], [2, 3], [3, 2]],1401,93,1416,197
284871,1,33,3,[6, 5, 3, 11, 7, 9],[[1, 1], [2, 1], [1, 2], [1, 3], [2, 3], [3, 2]],1396,98,1416,183
284940,1,33,3,[6, 5, 3, 11, 7, 9],[[1, 1], [2, 1], [1, 2], [1, 3], [2, 3], [3, 2]],1399,107,1409,160
284985,1,33,3,[6, 5, 3, 11, 7, 9],[[1, 1], [2, 1], [1, 2], [1, 3], [2, 3], [3, 2]],1368,137,1403,141
285060,1,33,3,[6, 5, 3, 11, 7, 9],[[1, 1], [2, 1], [1, 2], [1, 3], [2, 3], [3, 2]],1394,147,1397,122
285101,1,33,3,[6, 5, 3, 11, 7, 9],[[1, 1], [2, 1], [1, 2], [1, 3], [2, 3], [3, 2]],1393,134,1396,117
285173,1,33,3,[6, 5, 3, 11, 7, 9],[[1, 1], [2, 1], [1, 2], [1, 3], [2, 3], [3, 2]],1426,108,1395,107
285214,1,33,3,[6, 5, 3, 11, 7, 9],[[1, 1], [2, 1], [1, 2], [1, 3], [2, 3], [3, 2]],1435,101,1392,97
285272,1,33,3,[6, 5, 3, 11, 7, 9],[[1, 1], [2, 1], [1, 2], [1, 3], [2, 3], [3, 2]],1402,108,1392,95
285319,1,33,3,[6, 5, 3, 11, 7, 9],[[1, 1], [2, 1], [1, 2], [1, 3], [2, 3], [3, 2]],1413,111,1392,95
285378,1,33,3,[6, 5, 3, 11, 7, 9],[[1, 1], [2, 1], [1, 2], [1, 3], [2, 3], [3, 2]],1403,99,1392,95
285428,1,33,3,[6, 5, 3, 11, 7, 9],[[1, 1], [2, 1], [1, 2], [1, 3], [2, 3], [3, 2]],1377,129,1392,105
285491,1,33,3,[6, 5, 3, 11, 7, 9],[[1, 1], [2, 1], [1, 2], [1, 3], [2, 3], [3, 2]],1368,139,1401,144
285546,1,33,3,[6, 5, 3, 11, 7, 9],[[1, 1], [2, 1], [1, 2], [1, 3], [2, 3], [3, 2]],1374,120,1403,155
285591,1,33,3,[6, 5, 3, 11, 7, 9],[[1, 1], [2, 1], [1, 2], [1, 3], [2, 3], [3, 2]],1364,120,1403,159
285663,1,33,3,[6, 5, 3, 11, 7, 9],[[1, 1], [2, 1], [1, 2], [1, 3], [2, 3], [3, 2]],1361,150,1403,159
285722,1,33,3,[6, 5, 3, 11, 7, 9],[[1, 1], [2, 1], [1, 2], [1, 3], [2, 3], [3, 2]],1377,176,1403,159
285775,1,33,3,[6, 5, 3, 11, 7, 9],[[1, 1], [2, 1], [1, 2], [1, 3], [2, 3], [3, 2]],1369,175,1404,159
285832,1,33,3,[6, 5, 3, 11, 7, 9],[[1, 1], [2, 1], [1, 2], [1, 3], [2, 3], [3, 2]],1375,174,1404,166
285895,1,33,3,[6, 5, 3, 11, 7, 9],[[1, 1], [2, 1], [1, 2], [1, 3], [2, 3], [3, 2]],1371,161,1404,169
285967,1,33,3,[6, 5, 3, 11, 7, 9],[[1, 1], [2, 1], [1, 2], [1, 3], [2, 3], [3, 2]],1370,138,1404,178
286053,1,33,3,[6, 5, 3, 11, 7, 9],[[1, 1], [2, 1], [1, 2], [1, 3], [2, 3], [3, 2]],1367,110,1405,190
286123,1,33,3,[6, 5, 3, 11, 7, 9],[[1, 1], [2, 1], [1, 2], [1, 3], [2, 3], [3, 2]],1366,101,1405,203
286180,1,33,3,[6, 5, 3, 11, 7, 9],[[1, 1], [2, 1], [1, 2], [1, 3], [2, 3], [3, 2]],1366,95,1405,204
286225,1,33,3,[6, 5, 3, 11, 7, 9],[[1, 1], [2, 1], [1, 2], [1, 3], [2, 3], [3, 2]],1353,74,1405,204
286336,1,33,3,[6, 5, 3, 11, 7, 9],[[1, 1], [2, 1], [1, 2], [1, 3], [2, 3], [3, 2]],1336,59,1405,206
286417,1,33,3,[6, 5, 3, 11, 7, 9],[[1, 1], [2, 1], [1, 2], [1, 3], [2, 3], [3, 2]],1330,96,1406,206
286492,1,33,3,[6, 5, 3, 11, 7, 9],[[1, 1], [2, 1], [1, 2], [1, 3], [2, 3], [3, 2]],1350,99,1395,188
286532,1,33,3,[6, 5, 3, 11, 7, 9],[[1, 1], [2, 1], [1, 2], [1, 3], [2, 3], [3, 2]],1355,115,1381,160
286595,1,33,3,[6, 5, 3, 11, 7, 9],[[1, 1], [2, 1], [1, 2], [1, 3], [2, 3], [3, 2]],1331,130,1379,158
286666,1,33,3,[6, 5, 3, 11, 7, 9],[[1, 1], [2, 1], [1, 2], [1, 3], [2, 3], [3, 2]],1320,108,1375,152
286730,1,33,3,[6, 5, 3, 11, 7, 9],[[1, 1], [2, 1], [1, 2], [1, 3], [2, 3], [3, 2]],1333,106,1373,148
286784,1,33,3,[6, 5, 3, 11, 7, 9],[[1, 1], [2, 1], [1, 2], [1, 3], [2, 3], [3, 2]],1310,79,1369,145
286857,1,33,3,[6, 5, 3, 11, 7, 9],[[1, 1], [2, 1], [1, 2], [1, 3], [2, 3], [3, 2]],1285,67,1365,138
286907,1,33,3,[6, 5, 3, 11, 7, 9],[[1, 1], [2, 1], [1, 2], [1, 3], [2, 3], [3, 2]],1275,95,1365,138
286970,1,33,3,[6, 5, 3, 11, 7, 9],[[1, 1], [2, 1], [1, 2], [1, 3], [2, 3], [3, 2]],1250,78,1365,138
287004,1,33,3,[6, 5, 3, 11, 7, 9],[[1, 1], [2, 1], [1, 2], [1, 3], [2, 3], [3, 2]],1236,70,1365,138
287073,1,33,3,[6, 5, 3, 11, 7, 9],[[1, 1], [2, 1], [1, 2], [1, 3], [2, 3], [3, 2]],1241,62,1365,138
287118,1,33,3,[6, 5, 3, 11, 7, 9],[[1, 1], [2, 1], [1, 2], [1, 3], [2, 3], [3, 2]],1265,87,1365,138
287191,1,33,3,[6, 5, 3, 11, 7, 9],[[1, 1], [2, 1], [1, 2], [1, 3], [2, 3], [3, 2]],1263,97,1365,138
287232,1,33,3,[6, 5, 3, 11, 7, 9],[[1, 1], [2, 1], [1, 2], [1, 3], [2, 3], [3, 2]],1266,92,1365,138
287290,1,33,3,[6, 5, 3, 11, 7, 9],[[1, 1], [2, 1], [1, 2], [1, 3], [2, 3], [3, 2]],1263,97,1335,140
287339,1,33,3,[6, 5, 3, 11, 7, 9],[[1, 1], [2, 1], [1, 2], [1, 3], [2, 3], [3, 2]],1272,109,1275,143
287393,1,33,3,[6, 5, 3, 11, 7, 9],[[1, 1], [2, 1], [1, 2], [1, 3], [2, 3], [3, 2]],1280,104,1257,143
287447,1,33,3,[6, 5, 3, 11, 7, 9],[[1, 1], [2, 1], [1, 2], [1, 3], [2, 3], [3, 2]],1288,70,1221,146
287500,1,33,3,[6, 5, 3, 11, 7, 9],[[1, 1], [2, 1], [1, 2], [1, 3], [2, 3], [3, 2]],1280,97,1218,148
287564,1,33,3,[6, 5, 3, 11, 7, 9],[[1, 1], [2, 1], [1, 2], [1, 3], [2, 3], [3, 2]],1263,102,1217,148
287628,1,33,3,[6, 5, 3, 11, 7, 9],[[1, 1], [2, 1], [1, 2], [1, 3], [2, 3], [3, 2]],1255,84,1217,148
287681,1,33,3,[6, 5, 3, 11, 7, 9],[[1, 1], [2, 1], [1, 2], [1, 3], [2, 3], [3, 2]],1263,90,1217,148
287732,1,33,3,[6, 5, 3, 11, 7, 9],[[1, 1], [2, 1], [1, 2], [1, 3], [2, 3], [3, 2]],1247,90,1227,146
287797,1,33,3,[6, 5, 3, 11, 7, 9],[[1, 1], [2, 1], [1, 2], [1, 3], [2, 3], [3, 2]],1240,70,1249,136
287863,1,33,3,[6, 5, 3, 11, 7, 9],[[1, 1], [2, 1], [1, 2], [1, 3], [2, 3], [3, 2]],1231,76,1281,123
287933,1,33,3,[6, 5, 3, 11, 7, 9],[[1, 1], [2, 1], [1, 2], [1, 3], [2, 3], [3, 2]],1217,64,1290,116
287984,1,33,3,[6, 5, 3, 11, 7, 9],[[1, 1], [2, 1], [1, 2], [1, 3], [2, 3], [3, 2]],1220,77,1291,115
288048,1,33,3,[6, 5, 3, 11, 7, 9],[[1, 1], [2, 1], [1, 2], [1, 3], [2, 3], [3, 2]],1242,67,1291,115
288109,1,33,3,[6, 5, 3, 11, 7, 9],[[1, 1], [2, 1], [1, 2], [1, 3], [2, 3], [3, 2]],1238,83,1299,100
288169,1,33,3,[6, 5, 3, 11, 7, 9],[[1, 1], [2, 1], [1, 2], [1, 3], [2, 3], [3, 2]],1250,104,1300,93
288216,1,33,3,[6, 5, 3, 11, 7, 9],[[1, 1], [2, 1], [1, 2], [1, 3], [2, 3], [3, 2]],1241,113,1300,88
288271,1,33,3,[6, 5, 3, 11, 7, 9],[[1, 1], [2, 1], [1, 2], [1, 3], [2, 3], [3, 2]],1254,106,1300,88
288314,1,33,3,[6, 5, 3, 11, 7, 9],[[1, 1], [2, 1], [1, 2], [1, 3], [2, 3], [3, 2]],1251,105,1298,88
288393,1,34,99,[6, 5, 3, 11, 7, 9],[[1, 3], [2, 3], [3, 1], [3, 2], [1, 2], [2, 1]],1247,114,1295,88
288448,1,34,99,[6, 5, 3, 11, 7, 9],[[1, 3], [2, 3], [3, 1], [3, 2], [1, 2], [2, 1]],1227,114,1290,88
288494,1,34,99,[6, 5, 3, 11, 7, 9],[[1, 3], [2, 3], [3, 1], [3, 2], [1, 2], [2, 1]],1234,123,1280,93
288547,1,34,99,[6, 5, 3, 11, 7, 9],[[1, 3], [2, 3], [3, 1], [3, 2], [1, 2], [2, 1]],1250,97,1273,97
288595,1,34,99,[6, 5, 3, 11, 7, 9],[[1, 3], [2, 3], [3, 1], [3, 2], [1, 2], [2, 1]],1245,82,1273,97
288642,1,34,99,[6, 5, 3, 11, 7, 9],[[1, 3], [2, 3], [3, 1], [3, 2], [1, 2], [2, 1]],1225,84,1273,97
288715,1,34,99,[6, 5, 3, 11, 7, 9],[[1, 3], [2, 3], [3, 1], [3, 2], [1, 2], [2, 1]],1198,55,1273,97
288761,1,34,99,[6, 5, 3, 11, 7, 9],[[1, 3], [2, 3], [3, 1], [3, 2], [1, 2], [2, 1]],1216,81,1273,97
288810,1,34,99,[6, 5, 3, 11, 7, 9],[[1, 3], [2, 3], [3, 1], [3, 2], [1, 2], [2, 1]],1198,72,1273,97
288869,1,34,99,[6, 5, 3, 11, 7, 9],[[1, 3], [2, 3], [3, 1], [3, 2], [1, 2], [2, 1]],1246,69,1272,97
288908,1,34,99,[6, 5, 3, 11, 7, 9],[[1, 3], [2, 3], [3, 1], [3, 2], [1, 2], [2, 1]],1248,73,1272,100
288983,1,34,99,[6, 5, 3, 11, 7, 9],[[1, 3], [2, 3], [3, 1], [3, 2], [1, 2], [2, 1]],1252,84,1271,106
289021,1,34,99,[6, 5, 3, 11, 7, 9],[[1, 3], [2, 3], [3, 1], [3, 2], [1, 2], [2, 1]],1244,92,1268,113
289081,1,34,99,[6, 5, 3, 11, 7, 9],[[1, 3], [2, 3], [3, 1], [3, 2], [1, 2], [2, 1]],1280,109,1267,114
289144,1,34,99,[6, 5, 3, 11, 7, 9],[[1, 3], [2, 3], [3, 1], [3, 2], [1, 2], [2, 1]],1309,138,1267,114
289197,1,34,99,[6, 5, 3, 11, 7, 9],[[1, 3], [2, 3], [3, 1], [3, 2], [1, 2], [2, 1]],1292,143,1267,114
289252,1,34,99,[6, 5, 3, 11, 7, 9],[[1, 3], [2, 3], [3, 1], [3, 2], [1, 2], [2, 1]],1278,131,1267,114
289315,1,34,99,[6, 5, 3, 11, 7, 9],[[1, 3], [2, 3], [3, 1], [3, 2], [1, 2], [2, 1]],1278,127,1263,113
289375,1,34,99,[6, 5, 3, 11, 7, 9],[[1, 3], [2, 3], [3, 1], [3, 2], [1, 2], [2, 1]],1299,113,1260,110
289428,1,34,99,[6, 5, 3, 11, 7, 9],[[1, 3], [2, 3], [3, 1], [3, 2], [1, 2], [2, 1]],1297,104,1260,110
289486,1,34,99,[6, 5, 3, 11, 7, 9],[[1, 3], [2, 3], [3, 1], [3, 2], [1, 2], [2, 1]],1291,109,1260,109
289545,1,34,99,[6, 5, 3, 11, 7, 9],[[1, 3], [2, 3], [3, 1], [3, 2], [1, 2], [2, 1]],1294,82,1260,109
289600,1,34,99,[6, 5, 3, 11, 7, 9],[[1, 3], [2, 3], [3, 1], [3, 2], [1, 2], [2, 1]],1303,92,1260,109
289664,1,34,99,[6, 5, 3, 11, 7, 9],[[1, 3], [2, 3], [3, 1], [3, 2], [1, 2], [2, 1]],1301,99,1260,109
289723,1,34,99,[6, 5, 3, 11, 7, 9],[[1, 3], [2, 3], [3, 1], [3, 2], [1, 2], [2, 1]],1294,116,1260,109
289792,1,34,99,[6, 5, 3, 11, 7, 9],[[1, 3], [2, 3], [3, 1], [3, 2], [1, 2], [2, 1]],1269,107,1260,109
289849,1,34,99,[6, 5, 3, 11, 7, 9],[[1, 3], [2, 3], [3, 1], [3, 2], [1, 2], [2, 1]],1280,103,1260,109
289925,1,34,99,[6, 5, 3, 11, 7, 9],[[1, 3], [2, 3], [3, 1], [3, 2], [1, 2], [2, 1]],1276,123,1260,109
289985,1,34,99,[6, 5, 3, 11, 7, 9],[[1, 3], [2, 3], [3, 1], [3, 2], [1, 2], [2, 1]],1295,92,1260,109
290030,1,34,99,[6, 5, 3, 11, 7, 9],[[1, 3], [2, 3], [3, 1], [3, 2], [1, 2], [2, 1]],1316,69,1260,109
290081,1,34,99,[6, 5, 3, 11, 7, 9],[[1, 3], [2, 3], [3, 1], [3, 2], [1, 2], [2, 1]],1326,81,1260,109
290131,1,34,99,[6, 5, 3, 11, 7, 9],[[1, 3], [2, 3], [3, 1], [3, 2], [1, 2], [2, 1]],1338,83,1260,109
290179,1,34,99,[6, 5, 3, 11, 7, 9],[[1, 3], [2, 3], [3, 1], [3, 2], [1, 2], [2, 1]],1320,58,1260,109
290231,1,34,99,[6, 5, 3, 11, 7, 9],[[1, 3], [2, 3], [3, 1], [3, 2], [1, 2], [2, 1]],1358,88,1260,109
290282,1,34,99,[6, 5, 3, 11, 7, 9],[[1, 3], [2, 3], [3, 1], [3, 2], [1, 2], [2, 1]],1349,86,1260,109
290340,1,34,99,[6, 5, 3, 11, 7, 9],[[1, 3], [2, 3], [3, 1], [3, 2], [1, 2], [2, 1]],1339,83,1260,109
290379,1,34,99,[6, 5, 3, 11, 7, 9],[[1, 3], [2, 3], [3, 1], [3, 2], [1, 2], [2, 1]],1333,83,1260,109
290449,1,34,99,[6, 5, 3, 11, 7, 9],[[1, 3], [2, 3], [3, 1], [3, 2], [1, 2], [2, 1]],1320,68,1260,109
290524,1,34,99,[6, 5, 3, 11, 7, 9],[[1, 3], [2, 3], [3, 1], [3, 2], [1, 2], [2, 1]],1348,77,1260,109
290585,1,34,99,[6, 5, 3, 11, 7, 9],[[1, 3], [2, 3], [3, 1], [3, 2], [1, 2], [2, 1]],1328,84,1260,109
290634,1,34,99,[6, 5, 3, 11, 7, 9],[[1, 3], [2, 3], [3, 1], [3, 2], [1, 2], [2, 1]],1324,70,1260,109
290681,1,34,99,[6, 5, 3, 11, 7, 9],[[1, 3], [2, 3], [3, 1], [3, 2], [1, 2], [2, 1]],1316,67,1260,109
290735,1,34,99,[6, 5, 3, 11, 7, 9],[[1, 3], [2, 3], [3, 1], [3, 2], [1, 2], [2, 1]],1305,59,1260,109
290784,1,34,99,[6, 5, 3, 11, 7, 9],[[1, 3], [2, 3], [3, 1], [3, 2], [1, 2], [2, 1]],1319,75,1260,109
290840,1,34,99,[6, 5, 3, 11, 7, 9],[[1, 3], [2, 3], [3, 1], [3, 2], [1, 2], [2, 1]],1323,83,1260,109
290878,1,34,99,[6, 5, 3, 11, 7, 9],[[1, 3], [2, 3], [3, 1], [3, 2], [1, 2], [2, 1]],1314,58,1260,109
290944,1,34,99,[6, 5, 3, 11, 7, 9],[[1, 3], [2, 3], [3, 1], [3, 2], [1, 2], [2, 1]],1314,74,1260,109
290981,1,34,99,[6, 5, 3, 11, 7, 9],[[1, 3], [2, 3], [3, 1], [3, 2], [1, 2], [2, 1]],1306,66,1262,109
291061,1,34,99,[6, 5, 3, 11, 7, 9],[[1, 3], [2, 3], [3, 1], [3, 2], [1, 2], [2, 1]],1304,102,1279,112
291114,1,34,99,[6, 5, 3, 11, 7, 9],[[1, 3], [2, 3], [3, 1], [3, 2], [1, 2], [2, 1]],1308,127,1304,113
291178,1,34,99,[6, 5, 3, 11, 7, 9],[[1, 3], [2, 3], [3, 1], [3, 2], [1, 2], [2, 1]],1336,142,1306,113
291257,1,34,99,[6, 5, 3, 11, 7, 9],[[1, 3], [2, 3], [3, 1], [3, 2], [1, 2], [2, 1]],1350,154,1313,113
291316,1,34,99,[6, 5, 3, 11, 7, 9],[[1, 3], [2, 3], [3, 1], [3, 2], [1, 2], [2, 1]],1367,144,1325,108
291405,1,34,99,[6, 5, 3, 11, 7, 9],[[1, 3], [2, 3], [3, 1], [3, 2], [1, 2], [2, 1]],1380,127,1327,106
291464,1,34,99,[6, 5, 3, 11, 7, 9],[[1, 3], [2, 3], [3, 1], [3, 2], [1, 2], [2, 1]],1372,136,1327,106
291514,1,34,99,[6, 5, 3, 11, 7, 9],[[1, 3], [2, 3], [3, 1], [3, 2], [1, 2], [2, 1]],1376,162,1329,117
291586,1,34,99,[6, 5, 3, 11, 7, 9],[[1, 3], [2, 3], [3, 1], [3, 2], [1, 2], [2, 1]],1356,175,1335,146
291628,1,34,99,[6, 5, 3, 11, 7, 9],[[1, 3], [2, 3], [3, 1], [3, 2], [1, 2], [2, 1]],1354,152,1343,156
291709,1,34,99,[6, 5, 3, 11, 7, 9],[[1, 3], [2, 3], [3, 1], [3, 2], [1, 2], [2, 1]],1356,147,1352,169
291775,1,34,99,[6, 5, 3, 11, 7, 9],[[1, 3], [2, 3], [3, 1], [3, 2], [1, 2], [2, 1]],1354,132,1356,174
291846,1,34,99,[6, 5, 3, 11, 7, 9],[[1, 3], [2, 3], [3, 1], [3, 2], [1, 2], [2, 1]],1330,133,1363,178
291930,1,34,99,[6, 5, 3, 11, 7, 9],[[1, 3], [2, 3], [3, 1], [3, 2], [1, 2], [2, 1]],1323,142,1363,178
292028,1,34,99,[6, 5, 3, 11, 7, 9],[[1, 3], [2, 3], [3, 1], [3, 2], [1, 2], [2, 1]],1326,119,1363,178
292073,1,34,99,[6, 5, 3, 11, 7, 9],[[1, 3], [2, 3], [3, 1], [3, 2], [1, 2], [2, 1]],1325,131,1363,174
292137,1,34,99,[6, 5, 3, 11, 7, 9],[[1, 3], [2, 3], [3, 1], [3, 2], [1, 2], [2, 1]],1344,128,1363,160
292199,1,34,99,[6, 5, 3, 11, 7, 9],[[1, 3], [2, 3], [3, 1], [3, 2], [1, 2], [2, 1]],1330,118,1362,155
292263,1,34,99,[6, 5, 3, 11, 7, 9],[[1, 3], [2, 3], [3, 1], [3, 2], [1, 2], [2, 1]],1345,125,1358,148
292348,1,34,99,[6, 5, 3, 11, 7, 9],[[1, 3], [2, 3], [3, 1], [3, 2], [1, 2], [2, 1]],1300,160,1354,144
292392,1,34,99,[6, 5, 3, 11, 7, 9],[[1, 3], [2, 3], [3, 1], [3, 2], [1, 2], [2, 1]],1301,149,1348,142
292446,1,35,137,[6, 5, 8, 12, 2, 1],[[2, 3], [3, 3], [3, 1], [3, 2], [1, 1], [2, 2]],1321,135,1346,142
292512,1,35,137,[6, 5, 8, 12, 2, 1],[[2, 3], [3, 3], [3, 1], [3, 2], [1, 1], [2, 2]],1320,126,1337,147
292584,1,35,137,[6, 5, 8, 12, 2, 1],[[2, 3], [3, 3], [3, 1], [3, 2], [1, 1], [2, 2]],1343,128,1337,148
292647,1,35,137,[6, 5, 8, 12, 2, 1],[[2, 3], [3, 3], [3, 1], [3, 2], [1, 1], [2, 2]],1347,125,1341,151
292714,1,35,137,[6, 5, 8, 12, 2, 1],[[2, 3], [3, 3], [3, 1], [3, 2], [1, 1], [2, 2]],1353,124,1343,152
292766,1,35,137,[6, 5, 8, 12, 2, 1],[[2, 3], [3, 3], [3, 1], [3, 2], [1, 1], [2, 2]],1329,122,1348,154
292828,1,35,137,[6, 5, 8, 12, 2, 1],[[2, 3], [3, 3], [3, 1], [3, 2], [1, 1], [2, 2]],1333,114,1355,154
292872,1,35,137,[6, 5, 8, 12, 2, 1],[[2, 3], [3, 3], [3, 1], [3, 2], [1, 1], [2, 2]],1316,114,1359,155
292939,1,35,137,[6, 5, 8, 12, 2, 1],[[2, 3], [3, 3], [3, 1], [3, 2], [1, 1], [2, 2]],1302,130,1360,155
292991,1,35,137,[6, 5, 8, 12, 2, 1],[[2, 3], [3, 3], [3, 1], [3, 2], [1, 1], [2, 2]],1286,96,1360,155
293040,1,35,137,[6, 5, 8, 12, 2, 1],[[2, 3], [3, 3], [3, 1], [3, 2], [1, 1], [2, 2]],1257,104,1360,155
293089,1,35,137,[6, 5, 8, 12, 2, 1],[[2, 3], [3, 3], [3, 1], [3, 2], [1, 1], [2, 2]],1273,87,1360,155
293143,1,35,137,[6, 5, 8, 12, 2, 1],[[2, 3], [3, 3], [3, 1], [3, 2], [1, 1], [2, 2]],1247,110,1376,150
293188,1,35,137,[6, 5, 8, 12, 2, 1],[[2, 3], [3, 3], [3, 1], [3, 2], [1, 1], [2, 2]],1279,108,1393,141
293267,1,35,137,[6, 5, 8, 12, 2, 1],[[2, 3], [3, 3], [3, 1], [3, 2], [1, 1], [2, 2]],1297,103,1393,137
293355,1,35,137,[6, 5, 8, 12, 2, 1],[[2, 3], [3, 3], [3, 1], [3, 2], [1, 1], [2, 2]],1289,101,1391,127
293425,1,35,137,[6, 5, 8, 12, 2, 1],[[2, 3], [3, 3], [3, 1], [3, 2], [1, 1], [2, 2]],1263,130,1389,123
293488,1,35,137,[6, 5, 8, 12, 2, 1],[[2, 3], [3, 3], [3, 1], [3, 2], [1, 1], [2, 2]],1285,117,1382,120
293553,1,35,137,[6, 5, 8, 12, 2, 1],[[2, 3], [3, 3], [3, 1], [3, 2], [1, 1], [2, 2]],1294,88,1375,119
293612,1,35,137,[6, 5, 8, 12, 2, 1],[[2, 3], [3, 3], [3, 1], [3, 2], [1, 1], [2, 2]],1289,71,1366,118
293665,1,35,137,[6, 5, 8, 12, 2, 1],[[2, 3], [3, 3], [3, 1], [3, 2], [1, 1], [2, 2]],1292,66,1355,116
293718,1,35,137,[6, 5, 8, 12, 2, 1],[[2, 3], [3, 3], [3, 1], [3, 2], [1, 1], [2, 2]],1277,85,1343,118
293766,1,35,137,[6, 5, 8, 12, 2, 1],[[2, 3], [3, 3], [3, 1], [3, 2], [1, 1], [2, 2]],1258,95,1337,121
293831,1,35,137,[6, 5, 8, 12, 2, 1],[[2, 3], [3, 3], [3, 1], [3, 2], [1, 1], [2, 2]],1254,121,1334,126
293901,1,35,137,[6, 5, 8, 12, 2, 1],[[2, 3], [3, 3], [3, 1], [3, 2], [1, 1], [2, 2]],1258,119,1334,126
293953,1,35,137,[6, 5, 8, 12, 2, 1],[[2, 3], [3, 3], [3, 1], [3, 2], [1, 1], [2, 2]],1255,131,1332,131
293999,1,35,137,[6, 5, 8, 12, 2, 1],[[2, 3], [3, 3], [3, 1], [3, 2], [1, 1], [2, 2]],1230,133,1332,131
294052,1,35,137,[6, 5, 8, 12, 2, 1],[[2, 3], [3, 3], [3, 1], [3, 2], [1, 1], [2, 2]],1237,150,1332,135
294112,1,35,137,[6, 5, 8, 12, 2, 1],[[2, 3], [3, 3], [3, 1], [3, 2], [1, 1], [2, 2]],1222,164,1333,141
294170,1,35,137,[6, 5, 8, 12, 2, 1],[[2, 3], [3, 3], [3, 1], [3, 2], [1, 1], [2, 2]],1221,198,1335,148
294262,1,35,137,[6, 5, 8, 12, 2, 1],[[2, 3], [3, 3], [3, 1], [3, 2], [1, 1], [2, 2]],1205,193,1337,151
294355,1,35,137,[6, 5, 8, 12, 2, 1],[[2, 3], [3, 3], [3, 1], [3, 2], [1, 1], [2, 2]],1213,217,1344,153
294439,1,35,137,[6, 5, 8, 12, 2, 1],[[2, 3], [3, 3], [3, 1], [3, 2], [1, 1], [2, 2]],1199,212,1344,154
294488,1,35,137,[6, 5, 8, 12, 2, 1],[[2, 3], [3, 3], [3, 1], [3, 2], [1, 1], [2, 2]],1215,207,1350,154
294547,1,35,137,[6, 5, 8, 12, 2, 1],[[2, 3], [3, 3], [3, 1], [3, 2], [1, 1], [2, 2]],1183,210,1355,153
294622,1,35,137,[6, 5, 8, 12, 2, 1],[[2, 3], [3, 3], [3, 1], [3, 2], [1, 1], [2, 2]],1180,200,1360,149
294667,1,35,137,[6, 5, 8, 12, 2, 1],[[2, 3], [3, 3], [3, 1], [3, 2], [1, 1], [2, 2]],1183,207,1367,139
294726,1,35,137,[6, 5, 8, 12, 2, 1],[[2, 3], [3, 3], [3, 1], [3, 2], [1, 1], [2, 2]],1182,235,1372,132
294783,1,35,137,[6, 5, 8, 12, 2, 1],[[2, 3], [3, 3], [3, 1], [3, 2], [1, 1], [2, 2]],1201,255,1373,130
294854,1,35,137,[6, 5, 8, 12, 2, 1],[[2, 3], [3, 3], [3, 1], [3, 2], [1, 1], [2, 2]],1202,257,1373,126
294909,1,35,137,[6, 5, 8, 12, 2, 1],[[2, 3], [3, 3], [3, 1], [3, 2], [1, 1], [2, 2]],1208,258,1372,119
294972,1,35,137,[6, 5, 8, 12, 2, 1],[[2, 3], [3, 3], [3, 1], [3, 2], [1, 1], [2, 2]],1241,265,1368,112
295030,1,35,137,[6, 5, 8, 12, 2, 1],[[2, 3], [3, 3], [3, 1], [3, 2], [1, 1], [2, 2]],1266,261,1365,109
295094,1,35,137,[6, 5, 8, 12, 2, 1],[[2, 3], [3, 3], [3, 1], [3, 2], [1, 1], [2, 2]],1271,251,1364,107
295141,1,35,137,[6, 5, 8, 12, 2, 1],[[2, 3], [3, 3], [3, 1], [3, 2], [1, 1], [2, 2]],1282,231,1364,107
295198,1,35,137,[6, 5, 8, 12, 2, 1],[[2, 3], [3, 3], [3, 1], [3, 2], [1, 1], [2, 2]],1283,211,1356,110
295257,1,35,137,[6, 5, 8, 12, 2, 1],[[2, 3], [3, 3], [3, 1], [3, 2], [1, 1], [2, 2]],1272,218,1343,144
295321,1,35,137,[6, 5, 8, 12, 2, 1],[[2, 3], [3, 3], [3, 1], [3, 2], [1, 1], [2, 2]],1267,221,1343,157
295366,1,35,137,[6, 5, 8, 12, 2, 1],[[2, 3], [3, 3], [3, 1], [3, 2], [1, 1], [2, 2]],1267,216,1351,172
295430,1,35,137,[6, 5, 8, 12, 2, 1],[[2, 3], [3, 3], [3, 1], [3, 2], [1, 1], [2, 2]],1280,242,1351,173
295476,1,35,137,[6, 5, 8, 12, 2, 1],[[2, 3], [3, 3], [3, 1], [3, 2], [1, 1], [2, 2]],1299,235,1351,182
295539,1,35,137,[6, 5, 8, 12, 2, 1],[[2, 3], [3, 3], [3, 1], [3, 2], [1, 1], [2, 2]],1279,255,1344,194
295586,1,35,137,[6, 5, 8, 12, 2, 1],[[2, 3], [3, 3], [3, 1], [3, 2], [1, 1], [2, 2]],1263,239,1335,206
295644,1,35,137,[6, 5, 8, 12, 2, 1],[[2, 3], [3, 3], [3, 1], [3, 2], [1, 1], [2, 2]],1239,261,1332,209
295687,1,35,137,[6, 5, 8, 12, 2, 1],[[2, 3], [3, 3], [3, 1], [3, 2], [1, 1], [2, 2]],1231,253,1330,211
295760,1,35,137,[6, 5, 8, 12, 2, 1],[[2, 3], [3, 3], [3, 1], [3, 2], [1, 1], [2, 2]],1204,242,1325,216
295814,1,35,137,[6, 5, 8, 12, 2, 1],[[2, 3], [3, 3], [3, 1], [3, 2], [1, 1], [2, 2]],1179,244,1318,223
295868,1,35,137,[6, 5, 8, 12, 2, 1],[[2, 3], [3, 3], [3, 1], [3, 2], [1, 1], [2, 2]],1180,212,1310,227
295928,1,35,137,[6, 5, 8, 12, 2, 1],[[2, 3], [3, 3], [3, 1], [3, 2], [1, 1], [2, 2]],1190,205,1294,238
295991,1,35,137,[6, 5, 8, 12, 2, 1],[[2, 3], [3, 3], [3, 1], [3, 2], [1, 1], [2, 2]],1220,225,1280,245
296043,1,35,137,[6, 5, 8, 12, 2, 1],[[2, 3], [3, 3], [3, 1], [3, 2], [1, 1], [2, 2]],1227,239,1271,249
296110,1,35,137,[6, 5, 8, 12, 2, 1],[[2, 3], [3, 3], [3, 1], [3, 2], [1, 1], [2, 2]],1215,227,1254,253
296158,1,35,137,[6, 5, 8, 12, 2, 1],[[2, 3], [3, 3], [3, 1], [3, 2], [1, 1], [2, 2]],1239,210,1247,255
296229,1,35,137,[6, 5, 8, 12, 2, 1],[[2, 3], [3, 3], [3, 1], [3, 2], [1, 1], [2, 2]],1277,187,1247,255
296307,1,35,137,[6, 5, 8, 12, 2, 1],[[2, 3], [3, 3], [3, 1], [3, 2], [1, 1], [2, 2]],1276,187,1247,255
296366,1,35,137,[6, 5, 8, 12, 2, 1],[[2, 3], [3, 3], [3, 1], [3, 2], [1, 1], [2, 2]],1298,192,1247,255
296428,1,35,137,[6, 5, 8, 12, 2, 1],[[2, 3], [3, 3], [3, 1], [3, 2], [1, 1], [2, 2]],1321,187,1247,255
296514,1,36,106,[10, 4, 8, 12, 2, 1],[[1, 3], [2, 3], [3, 1], [3, 2], [2, 2], [3, 3]],1314,208,1244,255
305693,2,36,106,[10, 4, 8, 12, 2, 1],[[1, 3], [2, 3], [3, 1], [3, 2], [2, 2], [3, 3]],963,522,956,540
305755,2,36,106,[10, 4, 8, 12, 2, 1],[[1, 3], [2, 3], [3, 1], [3, 2], [2, 2], [3, 3]],975,496,956,540
305824,2,36,106,[10, 4, 8, 12, 2, 1],[[1, 3], [2, 3], [3, 1], [3, 2], [2, 2], [3, 3]],967,477,956,540
305884,2,36,106,[10, 4, 8, 12, 2, 1],[[1, 3], [2, 3], [3, 1], [3, 2], [2, 2], [3, 3]],977,500,956,540
305969,2,36,106,[10, 4, 8, 12, 2, 1],[[1, 3], [2, 3], [3, 1], [3, 2], [2, 2], [3, 3]],967,490,956,540
306028,2,36,106,[10, 4, 8, 12, 2, 1],[[1, 3], [2, 3], [3, 1], [3, 2], [2, 2], [3, 3]],941,538,956,540
306068,2,36,106,[10, 4, 8, 12, 2, 1],[[1, 3], [2, 3], [3, 1], [3, 2], [2, 2], [3, 3]],959,549,957,547
306128,2,36,106,[10, 4, 8, 12, 2, 1],[[1, 3], [2, 3], [3, 1], [3, 2], [2, 2], [3, 3]],958,537,958,548
306190,2,36,106,[10, 4, 8, 12, 2, 1],[[1, 3], [2, 3], [3, 1], [3, 2], [2, 2], [3, 3]],952,541,959,548
306258,2,36,106,[10, 4, 8, 12, 2, 1],[[1, 3], [2, 3], [3, 1], [3, 2], [2, 2], [3, 3]],941,532,973,537
306313,2,36,106,[10, 4, 8, 12, 2, 1],[[1, 3], [2, 3], [3, 1], [3, 2], [2, 2], [3, 3]],939,538,979,533
306373,2,36,106,[10, 4, 8, 12, 2, 1],[[1, 3], [2, 3], [3, 1], [3, 2], [2, 2], [3, 3]],924,535,979,533
306449,2,36,106,[10, 4, 8, 12, 2, 1],[[1, 3], [2, 3], [3, 1], [3, 2], [2, 2], [3, 3]],940,547,979,533
306496,2,36,106,[10, 4, 8, 12, 2, 1],[[1, 3], [2, 3], [3, 1], [3, 2], [2, 2], [3, 3]],966,535,977,538
306545,2,36,106,[10, 4, 8, 12, 2, 1],[[1, 3], [2, 3], [3, 1], [3, 2], [2, 2], [3, 3]],948,541,977,543
306610,2,36,106,[10, 4, 8, 12, 2, 1],[[1, 3], [2, 3], [3, 1], [3, 2], [2, 2], [3, 3]],978,549,971,556
306662,2,36,106,[10, 4, 8, 12, 2, 1],[[1, 3], [2, 3], [3, 1], [3, 2], [2, 2], [3, 3]],973,533,969,563
306703,2,37,40,[10, 4, 3, 11, 7, 9],[[2, 1], [3, 1], [1, 2], [1, 3], [2, 3], [3, 2]],956,544,965,567
306748,2,37,40,[10, 4, 3, 11, 7, 9],[[2, 1], [3, 1], [1, 2], [1, 3], [2, 3], [3, 2]],961,518,965,567
306822,2,37,40,[10, 4, 3, 11, 7, 9],[[2, 1], [3, 1], [1, 2], [1, 3], [2, 3], [3, 2]],977,516,965,567
306869,2,37,40,[10, 4, 3, 11, 7, 9],[[2, 1], [3, 1], [1, 2], [1, 3], [2, 3], [3, 2]],965,521,965,567
306919,2,37,40,[10, 4, 3, 11, 7, 9],[[2, 1], [3, 1], [1, 2], [1, 3], [2, 3], [3, 2]],968,529,965,567
306975,2,37,40,[10, 4, 3, 11, 7, 9],[[2, 1], [3, 1], [1, 2], [1, 3], [2, 3], [3, 2]],963,522,965,567
307018,2,37,40,[10, 4, 3, 11, 7, 9],[[2, 1], [3, 1], [1, 2], [1, 3], [2, 3], [3, 2]],946,532,970,560
307102,2,37,40,[10, 4, 3, 11, 7, 9],[[2, 1], [3, 1], [1, 2], [1, 3], [2, 3], [3, 2]],980,557,974,552
307151,2,37,40,[10, 4, 3, 11, 7, 9],[[2, 1], [3, 1], [1, 2], [1, 3], [2, 3], [3, 2]],964,543,974,552
307219,2,37,40,[10, 4, 3, 11, 7, 9],[[2, 1], [3, 1], [1, 2], [1, 3], [2, 3], [3, 2]],995,541,974,552
307284,2,37,40,[10, 4, 3, 11, 7, 9],[[2, 1], [3, 1], [1, 2], [1, 3], [2, 3], [3, 2]],965,560,963,551
307347,2,37,40,[10, 4, 3, 11, 7, 9],[[2, 1], [3, 1], [1, 2], [1, 3], [2, 3], [3, 2]],964,556,911,552
307417,2,37,40,[10, 4, 3, 11, 7, 9],[[2, 1], [3, 1], [1, 2], [1, 3], [2, 3], [3, 2]],952,549,911,552
307481,2,37,40,[10, 4, 3, 11, 7, 9],[[2, 1], [3, 1], [1, 2], [1, 3], [2, 3], [3, 2]],956,554,913,559
307555,2,37,40,[10, 4, 3, 11, 7, 9],[[2, 1], [3, 1], [1, 2], [1, 3], [2, 3], [3, 2]],976,548,928,574
307620,2,37,40,[10, 4, 3, 11, 7, 9],[[2, 1], [3, 1], [1, 2], [1, 3], [2, 3], [3, 2]],971,569,937,577
307669,2,37,40,[10, 4, 3, 11, 7, 9],[[2, 1], [3, 1], [1, 2], [1, 3], [2, 3], [3, 2]],957,576,952,577
307734,2,37,40,[10, 4, 3, 11, 7, 9],[[2, 1], [3, 1], [1, 2], [1, 3], [2, 3], [3, 2]],948,559,957,577
307790,2,37,40,[10, 4, 3, 11, 7, 9],[[2, 1], [3, 1], [1, 2], [1, 3], [2, 3], [3, 2]],949,581,957,577
307862,2,37,40,[10, 4, 3, 11, 7, 9],[[2, 1], [3, 1], [1, 2], [1, 3], [2, 3], [3, 2]],947,572,957,577
307962,2,37,40,[10, 4, 3, 11, 7, 9],[[2, 1], [3, 1], [1, 2], [1, 3], [2, 3], [3, 2]],965,580,951,576
308009,2,37,40,[10, 4, 3, 11, 7, 9],[[2, 1], [3, 1], [1, 2], [1, 3], [2, 3], [3, 2]],958,613,945,579
308072,2,37,40,[10, 4, 3, 11, 7, 9],[[2, 1], [3, 1], [1, 2], [1, 3], [2, 3], [3, 2]],974,613,944,584
308138,2,37,40,[10, 4, 3, 11, 7, 9],[[2, 1], [3, 1], [1, 2], [1, 3], [2, 3], [3, 2]],976,615,945,595
308196,2,37,40,[10, 4, 3, 11, 7, 9],[[2, 1], [3, 1], [1, 2], [1, 3], [2, 3], [3, 2]],954,617,948,600
308255,2,37,40,[10, 4, 3, 11, 7, 9],[[2, 1], [3, 1], [1, 2], [1, 3], [2, 3], [3, 2]],959,624,955,606
308319,2,37,40,[10, 4, 3, 11, 7, 9],[[2, 1], [3, 1], [1, 2], [1, 3], [2, 3], [3, 2]],947,648,965,608
308374,2,37,40,[10, 4, 3, 11, 7, 9],[[2, 1], [3, 1], [1, 2], [1, 3], [2, 3], [3, 2]],955,657,983,611
308412,2,37,40,[10, 4, 3, 11, 7, 9],[[2, 1], [3, 1], [1, 2], [1, 3], [2, 3], [3, 2]],927,643,987,611
308470,2,37,40,[10, 4, 3, 11, 7, 9],[[2, 1], [3, 1], [1, 2], [1, 3], [2, 3], [3, 2]],923,629,989,608
308551,2,37,40,[10, 4, 3, 11, 7, 9],[[2, 1], [3, 1], [1, 2], [1, 3], [2, 3], [3, 2]],915,650,991,604
308593,2,37,40,[10, 4, 3, 11, 7, 9],[[2, 1], [3, 1], [1, 2], [1, 3], [2, 3], [3, 2]],919,646,988,596
308664,2,37,40,[10, 4, 3, 11, 7, 9],[[2, 1], [3, 1], [1, 2], [1, 3], [2, 3], [3, 2]],973,626,979,588
308742,2,37,40,[10, 4, 3, 11, 7, 9],[[2, 1], [3, 1], [1, 2], [1, 3], [2, 3], [3, 2]],985,636,973,585
308792,2,37,40,[10, 4, 3, 11, 7, 9],[[2, 1], [3, 1], [1, 2], [1, 3], [2, 3], [3, 2]],980,639,969,586
308890,2,37,40,[10, 4, 3, 11, 7, 9],[[2, 1], [3, 1], [1, 2], [1, 3], [2, 3], [3, 2]],996,637,963,595
308936,2,37,40,[10, 4, 3, 11, 7, 9],[[2, 1], [3, 1], [1, 2], [1, 3], [2, 3], [3, 2]],1012,654,957,606
309007,2,37,40,[10, 4, 3, 11, 7, 9],[[2, 1], [3, 1], [1, 2], [1, 3], [2, 3], [3, 2]],972,679,957,628
309055,2,37,40,[10, 4, 3, 11, 7, 9],[[2, 1], [3, 1], [1, 2], [1, 3], [2, 3], [3, 2]],962,661,961,642
309104,2,37,40,[10, 4, 3, 11, 7, 9],[[2, 1], [3, 1], [1, 2], [1, 3], [2, 3], [3, 2]],991,662,965,647
309155,2,37,40,[10, 4, 3, 11, 7, 9],[[2, 1], [3, 1], [1, 2], [1, 3], [2, 3], [3, 2]],992,674,968,654
309189,2,37,40,[10, 4, 3, 11, 7, 9],[[2, 1], [3, 1], [1, 2], [1, 3], [2, 3], [3, 2]],990,661,968,654
309249,2,37,40,[10, 4, 3, 11, 7, 9],[[2, 1], [3, 1], [1, 2], [1, 3], [2, 3], [3, 2]],998,658,968,657
309302,2,37,40,[10, 4, 3, 11, 7, 9],[[2, 1], [3, 1], [1, 2], [1, 3], [2, 3], [3, 2]],1009,669,971,671
309355,2,37,40,[10, 4, 3, 11, 7, 9],[[2, 1], [3, 1], [1, 2], [1, 3], [2, 3], [3, 2]],1008,670,973,681
309429,2,37,40,[10, 4, 3, 11, 7, 9],[[2, 1], [3, 1], [1, 2], [1, 3], [2, 3], [3, 2]],1014,654,973,690
309493,2,37,40,[10, 4, 3, 11, 7, 9],[[2, 1], [3, 1], [1, 2], [1, 3], [2, 3], [3, 2]],1020,656,973,691
309552,2,37,40,[10, 4, 3, 11, 7, 9],[[2, 1], [3, 1], [1, 2], [1, 3], [2, 3], [3, 2]],1028,668,973,691
309621,2,37,40,[10, 4, 3, 11, 7, 9],[[2, 1], [3, 1], [1, 2], [1, 3], [2, 3], [3, 2]],1017,679,973,691
309690,2,37,40,[10, 4, 3, 11, 7, 9],[[2, 1], [3, 1], [1, 2], [1, 3], [2, 3], [3, 2]],1004,659,991,693
309739,2,37,40,[10, 4, 3, 11, 7, 9],[[2, 1], [3, 1], [1, 2], [1, 3], [2, 3], [3, 2]],1018,690,1002,690
309783,2,37,40,[10, 4, 3, 11, 7, 9],[[2, 1], [3, 1], [1, 2], [1, 3], [2, 3], [3, 2]],1026,708,1006,689
309844,2,37,40,[10, 4, 3, 11, 7, 9],[[2, 1], [3, 1], [1, 2], [1, 3], [2, 3], [3, 2]],1058,688,1012,687
309918,2,37,40,[10, 4, 3, 11, 7, 9],[[2, 1], [3, 1], [1, 2], [1, 3], [2, 3], [3, 2]],1080,723,1017,684
309994,2,37,40,[10, 4, 3, 11, 7, 9],[[2, 1], [3, 1], [1, 2], [1, 3], [2, 3], [3, 2]],1084,723,1020,684
310051,2,37,40,[10, 4, 3, 11, 7, 9],[[2, 1], [3, 1], [1, 2], [1, 3], [2, 3], [3, 2]],1076,748,1020,684
310110,2,37,40,[10, 4, 3, 11, 7, 9],[[2, 1], [3, 1], [1, 2], [1, 3], [2, 3], [3, 2]],1068,727,1020,684
310169,2,37,40,[10, 4, 3, 11, 7, 9],[[2, 1], [3, 1], [1, 2], [1, 3], [2, 3], [3, 2]],1055,713,1020,684
310254,2,37,40,[10, 4, 3, 11, 7, 9],[[2, 1], [3, 1], [1, 2], [1, 3], [2, 3], [3, 2]],1043,731,1024,686
310326,2,37,40,[10, 4, 3, 11, 7, 9],[[2, 1], [3, 1], [1, 2], [1, 3], [2, 3], [3, 2]],1044,703,1042,697
310367,2,37,40,[10, 4, 3, 11, 7, 9],[[2, 1], [3, 1], [1, 2], [1, 3], [2, 3], [3, 2]],1049,696,1058,711
310434,2,37,40,[10, 4, 3, 11, 7, 9],[[2, 1], [3, 1], [1, 2], [1, 3], [2, 3], [3, 2]],1028,689,1072,721
310489,2,37,40,[10, 4, 3, 11, 7, 9],[[2, 1], [3, 1], [1, 2], [1, 3], [2, 3], [3, 2]],1049,687,1081,735
310560,2,37,40,[10, 4, 3, 11, 7, 9],[[2, 1], [3, 1], [1, 2], [1, 3], [2, 3], [3, 2]],1033,673,1090,746
310617,2,37,40,[10, 4, 3, 11, 7, 9],[[2, 1], [3, 1], [1, 2], [1, 3], [2, 3], [3, 2]],1047,650,1090,746
310658,2,37,40,[10, 4, 3, 11, 7, 9],[[2, 1], [3, 1], [1, 2], [1, 3], [2, 3], [3, 2]],1034,646,1090,746
310720,2,37,40,[10, 4, 3, 11, 7, 9],[[2, 1], [3, 1], [1, 2], [1, 3], [2, 3], [3, 2]],1002,640,1090,746
310795,2,38,113,[6, 5, 8, 12, 2, 1],[[2, 3], [3, 3], [1, 1], [1, 2], [2, 1], [3, 2]],996,649,1077,740
310877,2,38,113,[6, 5, 8, 12, 2, 1],[[2, 3], [3, 3], [1, 1], [1, 2], [2, 1], [3, 2]],978,661,1065,721
310933,2,38,113,[6, 5, 8, 12, 2, 1],[[2, 3], [3, 3], [1, 1], [1, 2], [2, 1], [3, 2]],1007,666,1052,683
310997,2,38,113,[6, 5, 8, 12, 2, 1],[[2, 3], [3, 3], [1, 1], [1, 2], [2, 1], [3, 2]],1006,677,1041,658
311057,2,38,113,[6, 5, 8, 12, 2, 1],[[2, 3], [3, 3], [1, 1], [1, 2], [2, 1], [3, 2]],1015,662,1037,652
311125,2,38,113,[6, 5, 8, 12, 2, 1],[[2, 3], [3, 3], [1, 1], [1, 2], [2, 1], [3, 2]],997,651,1032,642
311182,2,38,113,[6, 5, 8, 12, 2, 1],[[2, 3], [3, 3], [1, 1], [1, 2], [2, 1], [3, 2]],1031,657,1032,642
311235,2,38,113,[6, 5, 8, 12, 2, 1],[[2, 3], [3, 3], [1, 1], [1, 2], [2, 1], [3, 2]],1023,654,1027,632
311292,2,38,113,[6, 5, 8, 12, 2, 1],[[2, 3], [3, 3], [1, 1], [1, 2], [2, 1], [3, 2]],1008,629,1027,631
311346,2,38,113,[6, 5, 8, 12, 2, 1],[[2, 3], [3, 3], [1, 1], [1, 2], [2, 1], [3, 2]],1006,632,1024,642
311400,2,38,113,[6, 5, 8, 12, 2, 1],[[2, 3], [3, 3], [1, 1], [1, 2], [2, 1], [3, 2]],1001,609,1021,653
311453,2,38,113,[6, 5, 8, 12, 2, 1],[[2, 3], [3, 3], [1, 1], [1, 2], [2, 1], [3, 2]],1008,620,1021,665
311512,2,38,113,[6, 5, 8, 12, 2, 1],[[2, 3], [3, 3], [1, 1], [1, 2], [2, 1], [3, 2]],1030,608,1021,665
311580,2,38,113,[6, 5, 8, 12, 2, 1],[[2, 3], [3, 3], [1, 1], [1, 2], [2, 1], [3, 2]],1022,623,1021,673
311644,2,38,113,[6, 5, 8, 12, 2, 1],[[2, 3], [3, 3], [1, 1], [1, 2], [2, 1], [3, 2]],1009,640,1021,673
311708,2,38,113,[6, 5, 8, 12, 2, 1],[[2, 3], [3, 3], [1, 1], [1, 2], [2, 1], [3, 2]],1018,637,1021,673
311772,2,38,113,[6, 5, 8, 12, 2, 1],[[2, 3], [3, 3], [1, 1], [1, 2], [2, 1], [3, 2]],996,659,1021,673
311828,2,38,113,[6, 5, 8, 12, 2, 1],[[2, 3], [3, 3], [1, 1], [1, 2], [2, 1], [3, 2]],990,649,1021,678
311882,2,38,113,[6, 5, 8, 12, 2, 1],[[2, 3], [3, 3], [1, 1], [1, 2], [2, 1], [3, 2]],957,636,1023,681
311941,2,38,113,[6, 5, 8, 12, 2, 1],[[2, 3], [3, 3], [1, 1], [1, 2], [2, 1], [3, 2]],958,664,1023,687
311999,2,38,113,[6, 5, 8, 12, 2, 1],[[2, 3], [3, 3], [1, 1], [1, 2], [2, 1], [3, 2]],964,668,1023,687
312052,2,38,113,[6, 5, 8, 12, 2, 1],[[2, 3], [3, 3], [1, 1], [1, 2], [2, 1], [3, 2]],941,660,1024,687
312106,2,38,113,[6, 5, 8, 12, 2, 1],[[2, 3], [3, 3], [1, 1], [1, 2], [2, 1], [3, 2]],917,656,1024,687
312156,2,38,113,[6, 5, 8, 12, 2, 1],[[2, 3], [3, 3], [1, 1], [1, 2], [2, 1], [3, 2]],927,671,1024,687
312209,2,38,113,[6, 5, 8, 12, 2, 1],[[2, 3], [3, 3], [1, 1], [1, 2], [2, 1], [3, 2]],910,679,1024,687
312268,2,38,113,[6, 5, 8, 12, 2, 1],[[2, 3], [3, 3], [1, 1], [1, 2], [2, 1], [3, 2]],864,672,1013,691
312324,2,38,113,[6, 5, 8, 12, 2, 1],[[2, 3], [3, 3], [1, 1], [1, 2], [2, 1], [3, 2]],880,669,1001,691
312393,2,38,113,[6, 5, 8, 12, 2, 1],[[2, 3], [3, 3], [1, 1], [1, 2], [2, 1], [3, 2]],889,704,986,691
312451,2,38,113,[6, 5, 8, 12, 2, 1],[[2, 3], [3, 3], [1, 1], [1, 2], [2, 1], [3, 2]],890,733,979,691
312518,2,38,113,[6, 5, 8, 12, 2, 1],[[2, 3], [3, 3], [1, 1], [1, 2], [2, 1], [3, 2]],891,735,951,691
312587,2,38,113,[6, 5, 8, 12, 2, 1],[[2, 3], [3, 3], [1, 1], [1, 2], [2, 1], [3, 2]],872,717,930,692
312636,2,38,113,[6, 5, 8, 12, 2, 1],[[2, 3], [3, 3], [1, 1], [1, 2], [2, 1], [3, 2]],865,694,930,692
312694,2,38,113,[6, 5, 8, 12, 2, 1],[[2, 3], [3, 3], [1, 1], [1, 2], [2, 1], [3, 2]],850,699,930,692
312737,2,38,113,[6, 5, 8, 12, 2, 1],[[2, 3], [3, 3], [1, 1], [1, 2], [2, 1], [3, 2]],857,694,930,692
312790,2,38,113,[6, 5, 8, 12, 2, 1],[[2, 3], [3, 3], [1, 1], [1, 2], [2, 1], [3, 2]],869,673,930,697
312863,2,38,113,[6, 5, 8, 12, 2, 1],[[2, 3], [3, 3], [1, 1], [1, 2], [2, 1], [3, 2]],878,671,930,704
312919,2,38,113,[6, 5, 8, 12, 2, 1],[[2, 3], [3, 3], [1, 1], [1, 2], [2, 1], [3, 2]],899,685,930,706
312979,2,38,113,[6, 5, 8, 12, 2, 1],[[2, 3], [3, 3], [1, 1], [1, 2], [2, 1], [3, 2]],890,712,925,710
313033,2,38,113,[6, 5, 8, 12, 2, 1],[[2, 3], [3, 3], [1, 1], [1, 2], [2, 1], [3, 2]],855,684,917,714
313081,2,38,113,[6, 5, 8, 12, 2, 1],[[2, 3], [3, 3], [1, 1], [1, 2], [2, 1], [3, 2]],863,668,916,715
313131,2,38,113,[6, 5, 8, 12, 2, 1],[[2, 3], [3, 3], [1, 1], [1, 2], [2, 1], [3, 2]],837,668,916,715
313175,2,38,113,[6, 5, 8, 12, 2, 1],[[2, 3], [3, 3], [1, 1], [1, 2], [2, 1], [3, 2]],845,683,912,712
313226,2,38,113,[6, 5, 8, 12, 2, 1],[[2, 3], [3, 3], [1, 1], [1, 2], [2, 1], [3, 2]],827,692,910,705
313266,2,38,113,[6, 5, 8, 12, 2, 1],[[2, 3], [3, 3], [1, 1], [1, 2], [2, 1], [3, 2]],838,704,910,702
313320,2,38,113,[6, 5, 8, 12, 2, 1],[[2, 3], [3, 3], [1, 1], [1, 2], [2, 1], [3, 2]],862,715,909,697
313373,2,38,113,[6, 5, 8, 12, 2, 1],[[2, 3], [3, 3], [1, 1], [1, 2], [2, 1], [3, 2]],868,721,903,691
313432,2,38,113,[6, 5, 8, 12, 2, 1],[[2, 3], [3, 3], [1, 1], [1, 2], [2, 1], [3, 2]],882,729,883,681
313485,2,38,113,[6, 5, 8, 12, 2, 1],[[2, 3], [3, 3], [1, 1], [1, 2], [2, 1], [3, 2]],891,736,855,672
313543,2,38,113,[6, 5, 8, 12, 2, 1],[[2, 3], [3, 3], [1, 1], [1, 2], [2, 1], [3, 2]],883,721,849,672
313601,2,38,113,[6, 5, 8, 12, 2, 1],[[2, 3], [3, 3], [1, 1], [1, 2], [2, 1], [3, 2]],896,717,849,672
313661,2,38,113,[6, 5, 8, 12, 2, 1],[[2, 3], [3, 3], [1, 1], [1, 2], [2, 1], [3, 2]],944,709,846,680
313710,2,38,113,[6, 5, 8, 12, 2, 1],[[2, 3], [3, 3], [1, 1], [1, 2], [2, 1], [3, 2]],971,751,843,690
313765,2,38,113,[6, 5, 8, 12, 2, 1],[[2, 3], [3, 3], [1, 1], [1, 2], [2, 1], [3, 2]],953,747,843,694
313802,2,38,113,[6, 5, 8, 12, 2, 1],[[2, 3], [3, 3], [1, 1], [1, 2], [2, 1], [3, 2]],965,744,843,694
313868,2,38,113,[6, 5, 8, 12, 2, 1],[[2, 3], [3, 3], [1, 1], [1, 2], [2, 1], [3, 2]],980,752,847,696
313917,2,38,113,[6, 5, 8, 12, 2, 1],[[2, 3], [3, 3], [1, 1], [1, 2], [2, 1], [3, 2]],955,779,849,698
313986,2,38,113,[6, 5, 8, 12, 2, 1],[[2, 3], [3, 3], [1, 1], [1, 2], [2, 1], [3, 2]],942,764,854,706
314041,2,38,113,[6, 5, 8, 12, 2, 1],[[2, 3], [3, 3], [1, 1], [1, 2], [2, 1], [3, 2]],933,734,860,719
314101,2,38,113,[6, 5, 8, 12, 2, 1],[[2, 3], [3, 3], [1, 1], [1, 2], [2, 1], [3, 2]],926,735,870,733
314155,2,38,113,[6, 5, 8, 12, 2, 1],[[2, 3], [3, 3], [1, 1], [1, 2], [2, 1], [3, 2]],943,736,879,743
314217,2,38,113,[6, 5, 8, 12, 2, 1],[[2, 3], [3, 3], [1, 1], [1, 2], [2, 1], [3, 2]],944,763,887,749
314291,2,38,113,[6, 5, 8, 12, 2, 1],[[2, 3], [3, 3], [1, 1], [1, 2], [2, 1], [3, 2]],958,762,901,756
314374,2,38,113,[6, 5, 8, 12, 2, 1],[[2, 3], [3, 3], [1, 1], [1, 2], [2, 1], [3, 2]],946,749,902,757
314428,2,38,113,[6, 5, 8, 12, 2, 1],[[2, 3], [3, 3], [1, 1], [1, 2], [2, 1], [3, 2]],951,752,902,757
314505,2,38,113,[6, 5, 8, 12, 2, 1],[[2, 3], [3, 3], [1, 1], [1, 2], [2, 1], [3, 2]],964,776,921,749
314558,2,38,113,[6, 5, 8, 12, 2, 1],[[2, 3], [3, 3], [1, 1], [1, 2], [2, 1], [3, 2]],977,801,931,747
314626,2,38,113,[6, 5, 8, 12, 2, 1],[[2, 3], [3, 3], [1, 1], [1, 2], [2, 1], [3, 2]],976,816,931,747
314719,2,38,113,[6, 5, 8, 12, 2, 1],[[2, 3], [3, 3], [1, 1], [1, 2], [2, 1], [3, 2]],1002,839,932,753
314768,2,38,113,[6, 5, 8, 12, 2, 1],[[2, 3], [3, 3], [1, 1], [1, 2], [2, 1], [3, 2]],1004,833,934,761
314852,2,39,114,[10, 4, 8, 12, 2, 1],[[2, 3], [3, 3], [1, 1], [1, 2], [2, 1], [3, 2]],984,842,936,763
314903,2,39,114,[10, 4, 8, 12, 2, 1],[[2, 3], [3, 3], [1, 1], [1, 2], [2, 1], [3, 2]],987,839,942,771
314974,2,39,114,[10, 4, 8, 12, 2, 1],[[2, 3], [3, 3], [1, 1], [1, 2], [2, 1], [3, 2]],957,850,947,788
315035,2,39,114,[10, 4, 8, 12, 2, 1],[[2, 3], [3, 3], [1, 1], [1, 2], [2, 1], [3, 2]],934,842,953,804
315111,2,39,114,[10, 4, 8, 12, 2, 1],[[2, 3], [3, 3], [1, 1], [1, 2], [2, 1], [3, 2]],946,819,956,815
315187,2,39,114,[10, 4, 8, 12, 2, 1],[[2, 3], [3, 3], [1, 1], [1, 2], [2, 1], [3, 2]],939,842,965,832
315235,2,39,114,[10, 4, 8, 12, 2, 1],[[2, 3], [3, 3], [1, 1], [1, 2], [2, 1], [3, 2]],949,832,966,832
315276,2,39,114,[10, 4, 8, 12, 2, 1],[[2, 3], [3, 3], [1, 1], [1, 2], [2, 1], [3, 2]],950,871,966,832
315335,2,39,114,[10, 4, 8, 12, 2, 1],[[2, 3], [3, 3], [1, 1], [1, 2], [2, 1], [3, 2]],948,859,966,832
315382,2,39,114,[10, 4, 8, 12, 2, 1],[[2, 3], [3, 3], [1, 1], [1, 2], [2, 1], [3, 2]],933,855,966,834
315427,2,39,114,[10, 4, 8, 12, 2, 1],[[2, 3], [3, 3], [1, 1], [1, 2], [2, 1], [3, 2]],926,852,966,834
315474,2,39,114,[10, 4, 8, 12, 2, 1],[[2, 3], [3, 3], [1, 1], [1, 2], [2, 1], [3, 2]],952,871,957,838
315537,2,39,114,[10, 4, 8, 12, 2, 1],[[2, 3], [3, 3], [1, 1], [1, 2], [2, 1], [3, 2]],939,861,941,843
315597,2,39,114,[10, 4, 8, 12, 2, 1],[[2, 3], [3, 3], [1, 1], [1, 2], [2, 1], [3, 2]],963,857,939,853
315671,2,39,114,[10, 4, 8, 12, 2, 1],[[2, 3], [3, 3], [1, 1], [1, 2], [2, 1], [3, 2]],963,857,938,855
315722,2,39,114,[10, 4, 8, 12, 2, 1],[[2, 3], [3, 3], [1, 1], [1, 2], [2, 1], [3, 2]],961,858,938,855
315789,2,39,114,[10, 4, 8, 12, 2, 1],[[2, 3], [3, 3], [1, 1], [1, 2], [2, 1], [3, 2]],948,875,940,856
315857,2,39,114,[10, 4, 8, 12, 2, 1],[[2, 3], [3, 3], [1, 1], [1, 2], [2, 1], [3, 2]],959,882,941,860
315909,2,39,114,[10, 4, 8, 12, 2, 1],[[2, 3], [3, 3], [1, 1], [1, 2], [2, 1], [3, 2]],972,861,942,868
315966,2,39,114,[10, 4, 8, 12, 2, 1],[[2, 3], [3, 3], [1, 1], [1, 2], [2, 1], [3, 2]],967,866,940,874
316031,2,39,114,[10, 4, 8, 12, 2, 1],[[2, 3], [3, 3], [1, 1], [1, 2], [2, 1], [3, 2]],958,861,939,878
316097,2,39,114,[10, 4, 8, 12, 2, 1],[[2, 3], [3, 3], [1, 1], [1, 2], [2, 1], [3, 2]],985,865,935,881
316153,2,39,114,[10, 4, 8, 12, 2, 1],[[2, 3], [3, 3], [1, 1], [1, 2], [2, 1], [3, 2]],1016,863,929,887
316217,2,39,114,[10, 4, 8, 12, 2, 1],[[2, 3], [3, 3], [1, 1], [1, 2], [2, 1], [3, 2]],1012,852,927,889
316262,2,39,114,[10, 4, 8, 12, 2, 1],[[2, 3], [3, 3], [1, 1], [1, 2], [2, 1], [3, 2]],1022,842,927,889
316350,2,39,114,[10, 4, 8, 12, 2, 1],[[2, 3], [3, 3], [1, 1], [1, 2], [2, 1], [3, 2]],1040,827,927,889
316412,2,39,114,[10, 4, 8, 12, 2, 1],[[2, 3], [3, 3], [1, 1], [1, 2], [2, 1], [3, 2]],1038,819,927,889
316491,2,39,114,[10, 4, 8, 12, 2, 1],[[2, 3], [3, 3], [1, 1], [1, 2], [2, 1], [3, 2]],1006,838,941,889
316546,2,39,114,[10, 4, 8, 12, 2, 1],[[2, 3], [3, 3], [1, 1], [1, 2], [2, 1], [3, 2]],1010,810,1019,879
316604,2,39,114,[10, 4, 8, 12, 2, 1],[[2, 3], [3, 3], [1, 1], [1, 2], [2, 1], [3, 2]],1012,835,1031,873
316675,2,39,114,[10, 4, 8, 12, 2, 1],[[2, 3], [3, 3], [1, 1], [1, 2], [2, 1], [3, 2]],1069,818,1059,847
316724,2,39,114,[10, 4, 8, 12, 2, 1],[[2, 3], [3, 3], [1, 1], [1, 2], [2, 1], [3, 2]],1059,817,1073,823
316784,2,39,114,[10, 4, 8, 12, 2, 1],[[2, 3], [3, 3], [1, 1], [1, 2], [2, 1], [3, 2]],1074,820,1074,814
316838,2,39,114,[10, 4, 8, 12, 2, 1],[[2, 3], [3, 3], [1, 1], [1, 2], [2, 1], [3, 2]],1052,847,1072,814
316909,2,39,114,[10, 4, 8, 12, 2, 1],[[2, 3], [3, 3], [1, 1], [1, 2], [2, 1], [3, 2]],1020,846,1044,824
316957,2,39,114,[10, 4, 8, 12, 2, 1],[[2, 3], [3, 3], [1, 1], [1, 2], [2, 1], [3, 2]],1034,854,1039,828
317024,2,39,114,[10, 4, 8, 12, 2, 1],[[2, 3], [3, 3], [1, 1], [1, 2], [2, 1], [3, 2]],1035,870,1039,828
317082,2,39,114,[10, 4, 8, 12, 2, 1],[[2, 3], [3, 3], [1, 1], [1, 2], [2, 1], [3, 2]],1002,882,1039,828
317126,2,39,114,[10, 4, 8, 12, 2, 1],[[2, 3], [3, 3], [1, 1], [1, 2], [2, 1], [3, 2]],980,872,1047,823
317185,2,39,114,[10, 4, 8, 12, 2, 1],[[2, 3], [3, 3], [1, 1], [1, 2], [2, 1], [3, 2]],976,888,1053,820
317238,2,39,114,[10, 4, 8, 12, 2, 1],[[2, 3], [3, 3], [1, 1], [1, 2], [2, 1], [3, 2]],965,876,1053,820
317303,2,39,114,[10, 4, 8, 12, 2, 1],[[2, 3], [3, 3], [1, 1], [1, 2], [2, 1], [3, 2]],945,882,1040,831
317357,2,39,114,[10, 4, 8, 12, 2, 1],[[2, 3], [3, 3], [1, 1], [1, 2], [2, 1], [3, 2]],960,871,1012,844
317411,2,39,114,[10, 4, 8, 12, 2, 1],[[2, 3], [3, 3], [1, 1], [1, 2], [2, 1], [3, 2]],953,870,981,857
317474,2,39,114,[10, 4, 8, 12, 2, 1],[[2, 3], [3, 3], [1, 1], [1, 2], [2, 1], [3, 2]],933,880,961,860
317532,2,39,114,[10, 4, 8, 12, 2, 1],[[2, 3], [3, 3], [1, 1], [1, 2], [2, 1], [3, 2]],954,887,960,860
317586,2,39,114,[10, 4, 8, 12, 2, 1],[[2, 3], [3, 3], [1, 1], [1, 2], [2, 1], [3, 2]],955,886,955,862
317644,2,39,114,[10, 4, 8, 12, 2, 1],[[2, 3], [3, 3], [1, 1], [1, 2], [2, 1], [3, 2]],960,874,953,862
317708,2,39,114,[10, 4, 8, 12, 2, 1],[[2, 3], [3, 3], [1, 1], [1, 2], [2, 1], [3, 2]],965,864,953,863
317767,2,39,114,[10, 4, 8, 12, 2, 1],[[2, 3], [3, 3], [1, 1], [1, 2], [2, 1], [3, 2]],941,918,953,864
317821,2,39,114,[10, 4, 8, 12, 2, 1],[[2, 3], [3, 3], [1, 1], [1, 2], [2, 1], [3, 2]],956,914,954,866
317874,2,39,114,[10, 4, 8, 12, 2, 1],[[2, 3], [3, 3], [1, 1], [1, 2], [2, 1], [3, 2]],975,952,960,873
317928,2,39,114,[10, 4, 8, 12, 2, 1],[[2, 3], [3, 3], [1, 1], [1, 2], [2, 1], [3, 2]],973,952,966,879
317989,2,39,114,[10, 4, 8, 12, 2, 1],[[2, 3], [3, 3], [1, 1], [1, 2], [2, 1], [3, 2]],980,942,970,883
318042,2,39,114,[10, 4, 8, 12, 2, 1],[[2, 3], [3, 3], [1, 1], [1, 2], [2, 1], [3, 2]],1002,955,971,883
318117,2,39,114,[10, 4, 8, 12, 2, 1],[[2, 3], [3, 3], [1, 1], [1, 2], [2, 1], [3, 2]],1005,970,986,883
318205,2,39,114,[10, 4, 8, 12, 2, 1],[[2, 3], [3, 3], [1, 1], [1, 2], [2, 1], [3, 2]],1003,973,997,883
318266,2,39,114,[10, 4, 8, 12, 2, 1],[[2, 3], [3, 3], [1, 1], [1, 2], [2, 1], [3, 2]],1017,927,1001,883
318312,2,39,114,[10, 4, 8, 12, 2, 1],[[2, 3], [3, 3], [1, 1], [1, 2], [2, 1], [3, 2]],1032,926,1008,883
318360,2,39,114,[10, 4, 8, 12, 2, 1],[[2, 3], [3, 3], [1, 1], [1, 2], [2, 1], [3, 2]],1038,916,1014,886
318422,2,39,114,[10, 4, 8, 12, 2, 1],[[2, 3], [3, 3], [1, 1], [1, 2], [2, 1], [3, 2]],1041,932,1027,910
318479,2,39,114,[10, 4, 8, 12, 2, 1],[[2, 3], [3, 3], [1, 1], [1, 2], [2, 1], [3, 2]],1055,940,1036,925
318536,2,39,114,[10, 4, 8, 12, 2, 1],[[2, 3], [3, 3], [1, 1], [1, 2], [2, 1], [3, 2]],1058,943,1043,941
318605,2,39,114,[10, 4, 8, 12, 2, 1],[[2, 3], [3, 3], [1, 1], [1, 2], [2, 1], [3, 2]],1063,933,1046,942
318655,2,39,114,[10, 4, 8, 12, 2, 1],[[2, 3], [3, 3], [1, 1], [1, 2], [2, 1], [3, 2]],1071,928,1047,944
318697,2,39,114,[10, 4, 8, 12, 2, 1],[[2, 3], [3, 3], [1, 1], [1, 2], [2, 1], [3, 2]],1079,911,1047,944
318747,2,39,114,[10, 4, 8, 12, 2, 1],[[2, 3], [3, 3], [1, 1], [1, 2], [2, 1], [3, 2]],1102,908,1047,944
318798,2,39,114,[10, 4, 8, 12, 2, 1],[[2, 3], [3, 3], [1, 1], [1, 2], [2, 1], [3, 2]],1115,925,1047,944
318841,2,39,114,[10, 4, 8, 12, 2, 1],[[2, 3], [3, 3], [1, 1], [1, 2], [2, 1], [3, 2]],1109,932,1047,944
318917,2,40,81,[6, 5, 8, 12, 2, 1],[[1, 3], [2, 3], [1, 1], [1, 2], [2, 2], [3, 3]],1083,956,1047,952
318965,2,40,81,[6, 5, 8, 12, 2, 1],[[1, 3], [2, 3], [1, 1], [1, 2], [2, 2], [3, 3]],1096,912,1048,953
319030,2,40,81,[6, 5, 8, 12, 2, 1],[[1, 3], [2, 3], [1, 1], [1, 2], [2, 2], [3, 3]],1100,928,1079,938
319098,2,40,81,[6, 5, 8, 12, 2, 1],[[1, 3], [2, 3], [1, 1], [1, 2], [2, 2], [3, 3]],1125,949,1115,925
319148,2,40,81,[6, 5, 8, 12, 2, 1],[[1, 3], [2, 3], [1, 1], [1, 2], [2, 2], [3, 3]],1122,983,1115,923
319193,2,40,81,[6, 5, 8, 12, 2, 1],[[1, 3], [2, 3], [1, 1], [1, 2], [2, 2], [3, 3]],1130,960,1115,923
319238,2,40,81,[6, 5, 8, 12, 2, 1],[[1, 3], [2, 3], [1, 1], [1, 2], [2, 2], [3, 3]],1115,943,1115,923
319296,2,40,81,[6, 5, 8, 12, 2, 1],[[1, 3], [2, 3], [1, 1], [1, 2], [2, 2], [3, 3]],1119,933,1115,923
319348,2,40,81,[6, 5, 8, 12, 2, 1],[[1, 3], [2, 3], [1, 1], [1, 2], [2, 2], [3, 3]],1139,955,1116,924
319407,2,40,81,[6, 5, 8, 12, 2, 1],[[1, 3], [2, 3], [1, 1], [1, 2], [2, 2], [3, 3]],1121,977,1117,929
319465,2,40,81,[6, 5, 8, 12, 2, 1],[[1, 3], [2, 3], [1, 1], [1, 2], [2, 2], [3, 3]],1101,978,1117,940
319520,2,40,81,[6, 5, 8, 12, 2, 1],[[1, 3], [2, 3], [1, 1], [1, 2], [2, 2], [3, 3]],1080,1014,1117,941
319588,2,40,81,[6, 5, 8, 12, 2, 1],[[1, 3], [2, 3], [1, 1], [1, 2], [2, 2], [3, 3]],1103,996,1122,960
319648,2,40,81,[6, 5, 8, 12, 2, 1],[[1, 3], [2, 3], [1, 1], [1, 2], [2, 2], [3, 3]],1108,989,1128,976
319717,2,40,81,[6, 5, 8, 12, 2, 1],[[1, 3], [2, 3], [1, 1], [1, 2], [2, 2], [3, 3]],1124,964,1144,993
319776,2,40,81,[6, 5, 8, 12, 2, 1],[[1, 3], [2, 3], [1, 1], [1, 2], [2, 2], [3, 3]],1134,984,1146,997
319838,2,40,81,[6, 5, 8, 12, 2, 1],[[1, 3], [2, 3], [1, 1], [1, 2], [2, 2], [3, 3]],1120,966,1146,997
319903,2,40,81,[6, 5, 8, 12, 2, 1],[[1, 3], [2, 3], [1, 1], [1, 2], [2, 2], [3, 3]],1134,982,1145,997
319961,2,40,81,[6, 5, 8, 12, 2, 1],[[1, 3], [2, 3], [1, 1], [1, 2], [2, 2], [3, 3]],1153,955,1145,997
320025,2,40,81,[6, 5, 8, 12, 2, 1],[[1, 3], [2, 3], [1, 1], [1, 2], [2, 2], [3, 3]],1149,991,1142,996
320089,2,40,81,[6, 5, 8, 12, 2, 1],[[1, 3], [2, 3], [1, 1], [1, 2], [2, 2], [3, 3]],1160,982,1139,987
320153,2,40,81,[6, 5, 8, 12, 2, 1],[[1, 3], [2, 3], [1, 1], [1, 2], [2, 2], [3, 3]],1155,992,1135,969
320212,2,40,81,[6, 5, 8, 12, 2, 1],[[1, 3], [2, 3], [1, 1], [1, 2], [2, 2], [3, 3]],1151,1007,1135,965
320277,2,40,81,[6, 5, 8, 12, 2, 1],[[1, 3], [2, 3], [1, 1], [1, 2], [2, 2], [3, 3]],1144,1029,1135,965
320346,2,40,81,[6, 5, 8, 12, 2, 1],[[1, 3], [2, 3], [1, 1], [1, 2], [2, 2], [3, 3]],1152,995,1135,965
320394,2,40,81,[6, 5, 8, 12, 2, 1],[[1, 3], [2, 3], [1, 1], [1, 2], [2, 2], [3, 3]],1173,992,1135,965
320433,2,40,81,[6, 5, 8, 12, 2, 1],[[1, 3], [2, 3], [1, 1], [1, 2], [2, 2], [3, 3]],1185,981,1152,963
320478,2,40,81,[6, 5, 8, 12, 2, 1],[[1, 3], [2, 3], [1, 1], [1, 2], [2, 2], [3, 3]],1188,1003,1160,963
320536,2,40,81,[6, 5, 8, 12, 2, 1],[[1, 3], [2, 3], [1, 1], [1, 2], [2, 2], [3, 3]],1169,1029,1160,963
320592,2,40,81,[6, 5, 8, 12, 2, 1],[[1, 3], [2, 3], [1, 1], [1, 2], [2, 2], [3, 3]],1173,990,1156,960
320655,2,40,81,[6, 5, 8, 12, 2, 1],[[1, 3], [2, 3], [1, 1], [1, 2], [2, 2], [3, 3]],1191,998,1151,957
320706,2,40,81,[6, 5, 8, 12, 2, 1],[[1, 3], [2, 3], [1, 1], [1, 2], [2, 2], [3, 3]],1179,1024,1148,957
320741,2,40,81,[6, 5, 8, 12, 2, 1],[[1, 3], [2, 3], [1, 1], [1, 2], [2, 2], [3, 3]],1175,990,1148,957
320808,2,40,81,[6, 5, 8, 12, 2, 1],[[1, 3], [2, 3], [1, 1], [1, 2], [2, 2], [3, 3]],1154,1014,1148,957
320873,2,40,81,[6, 5, 8, 12, 2, 1],[[1, 3], [2, 3], [1, 1], [1, 2], [2, 2], [3, 3]],1164,977,1148,957
320922,2,40,81,[6, 5, 8, 12, 2, 1],[[1, 3], [2, 3], [1, 1], [1, 2], [2, 2], [3, 3]],1164,990,1160,972
320959,2,40,81,[6, 5, 8, 12, 2, 1],[[1, 3], [2, 3], [1, 1], [1, 2], [2, 2], [3, 3]],1191,967,1166,980
321032,2,40,81,[6, 5, 8, 12, 2, 1],[[1, 3], [2, 3], [1, 1], [1, 2], [2, 2], [3, 3]],1169,961,1171,986
321102,2,40,81,[6, 5, 8, 12, 2, 1],[[1, 3], [2, 3], [1, 1], [1, 2], [2, 2], [3, 3]],1178,976,1172,992
321192,2,40,81,[6, 5, 8, 12, 2, 1],[[1, 3], [2, 3], [1, 1], [1, 2], [2, 2], [3, 3]],1169,981,1172,998
321246,2,40,81,[6, 5, 8, 12, 2, 1],[[1, 3], [2, 3], [1, 1], [1, 2], [2, 2], [3, 3]],1155,984,1170,1001
321306,2,40,81,[6, 5, 8, 12, 2, 1],[[1, 3], [2, 3], [1, 1], [1, 2], [2, 2], [3, 3]],1117,983,1168,1005
321367,2,40,81,[6, 5, 8, 12, 2, 1],[[1, 3], [2, 3], [1, 1], [1, 2], [2, 2], [3, 3]],1125,990,1168,1007
321436,2,40,81,[6, 5, 8, 12, 2, 1],[[1, 3], [2, 3], [1, 1], [1, 2], [2, 2], [3, 3]],1120,976,1168,1007
321506,2,40,81,[6, 5, 8, 12, 2, 1],[[1, 3], [2, 3], [1, 1], [1, 2], [2, 2], [3, 3]],1131,960,1168,1007
321560,2,40,81,[6, 5, 8, 12, 2, 1],[[1, 3], [2, 3], [1, 1], [1, 2], [2, 2], [3, 3]],1144,972,1168,1007
321639,2,40,81,[6, 5, 8, 12, 2, 1],[[1, 3], [2, 3], [1, 1], [1, 2], [2, 2], [3, 3]],1139,965,1113,1003
321688,2,40,81,[6, 5, 8, 12, 2, 1],[[1, 3], [2, 3], [1, 1], [1, 2], [2, 2], [3, 3]],1163,958,1095,996
321761,2,40,81,[6, 5, 8, 12, 2, 1],[[1, 3], [2, 3], [1, 1], [1, 2], [2, 2], [3, 3]],1164,965,1077,988
321816,2,40,81,[6, 5, 8, 12, 2, 1],[[1, 3], [2, 3], [1, 1], [1, 2], [2, 2], [3, 3]],1196,993,1076,982
321885,2,40,81,[6, 5, 8, 12, 2, 1],[[1, 3], [2, 3], [1, 1], [1, 2], [2, 2], [3, 3]],1203,1004,1078,974
321955,2,40,81,[6, 5, 8, 12, 2, 1],[[1, 3], [2, 3], [1, 1], [1, 2], [2, 2], [3, 3]],1190,1009,1084,969
322023,2,40,81,[6, 5, 8, 12, 2, 1],[[1, 3], [2, 3], [1, 1], [1, 2], [2, 2], [3, 3]],1184,1006,1104,962
322095,2,40,81,[6, 5, 8, 12, 2, 1],[[1, 3], [2, 3], [1, 1], [1, 2], [2, 2], [3, 3]],1183,994,1113,958
322178,2,40,81,[6, 5, 8, 12, 2, 1],[[1, 3], [2, 3], [1, 1], [1, 2], [2, 2], [3, 3]],1189,988,1144,965
322235,2,40,81,[6, 5, 8, 12, 2, 1],[[1, 3], [2, 3], [1, 1], [1, 2], [2, 2], [3, 3]],1198,961,1165,973
322296,2,40,81,[6, 5, 8, 12, 2, 1],[[1, 3], [2, 3], [1, 1], [1, 2], [2, 2], [3, 3]],1211,951,1185,987
322371,2,40,81,[6, 5, 8, 12, 2, 1],[[1, 3], [2, 3], [1, 1], [1, 2], [2, 2], [3, 3]],1211,945,1188,990
322451,2,40,81,[6, 5, 8, 12, 2, 1],[[1, 3], [2, 3], [1, 1], [1, 2], [2, 2], [3, 3]],1221,930,1191,992
322499,2,40,81,[6, 5, 8, 12, 2, 1],[[1, 3], [2, 3], [1, 1], [1, 2], [2, 2], [3, 3]],1191,928,1193,998
322546,2,40,81,[6, 5, 8, 12, 2, 1],[[1, 3], [2, 3], [1, 1], [1, 2], [2, 2], [3, 3]],1189,957,1194,1000
322600,2,40,81,[6, 5, 8, 12, 2, 1],[[1, 3], [2, 3], [1, 1], [1, 2], [2, 2], [3, 3]],1208,948,1195,1004
322649,2,40,81,[6, 5, 8, 12, 2, 1],[[1, 3], [2, 3], [1, 1], [1, 2], [2, 2], [3, 3]],1208,926,1196,1006
322702,2,40,81,[6, 5, 8, 12, 2, 1],[[1, 3], [2, 3], [1, 1], [1, 2], [2, 2], [3, 3]],1180,956,1196,1006
322748,2,40,81,[6, 5, 8, 12, 2, 1],[[1, 3], [2, 3], [1, 1], [1, 2], [2, 2], [3, 3]],1180,952,1203,1006
322791,2,40,81,[6, 5, 8, 12, 2, 1],[[1, 3], [2, 3], [1, 1], [1, 2], [2, 2], [3, 3]],1172,929,1206,1004
322851,2,40,81,[6, 5, 8, 12, 2, 1],[[1, 3], [2, 3], [1, 1], [1, 2], [2, 2], [3, 3]],1186,918,1219,997
322896,2,40,81,[6, 5, 8, 12, 2, 1],[[1, 3], [2, 3], [1, 1], [1, 2], [2, 2], [3, 3]],1183,936,1219,997
322970,2,41,30,[10, 4, 8, 12, 2, 1],[[1, 1], [2, 1], [3, 1], [3, 2], [1, 2], [2, 3]],1173,910,1208,989
323017,2,41,30,[10, 4, 8, 12, 2, 1],[[1, 1], [2, 1], [3, 1], [3, 2], [1, 2], [2, 3]],1163,927,1201,984
323086,2,41,30,[10, 4, 8, 12, 2, 1],[[1, 1], [2, 1], [3, 1], [3, 2], [1, 2], [2, 3]],1150,940,1172,965
323135,2,41,30,[10, 4, 8, 12, 2, 1],[[1, 1], [2, 1], [3, 1], [3, 2], [1, 2], [2, 3]],1130,943,1167,953
323186,2,41,30,[10, 4, 8, 12, 2, 1],[[1, 1], [2, 1], [3, 1], [3, 2], [1, 2], [2, 3]],1130,947,1166,943
323231,2,41,30,[10, 4, 8, 12, 2, 1],[[1, 1], [2, 1], [3, 1], [3, 2], [1, 2], [2, 3]],1132,950,1165,929
323276,2,41,30,[10, 4, 8, 12, 2, 1],[[1, 1], [2, 1], [3, 1], [3, 2], [1, 2], [2, 3]],1141,981,1163,917
323322,2,41,30,[10, 4, 8, 12, 2, 1],[[1, 1], [2, 1], [3, 1], [3, 2], [1, 2], [2, 3]],1159,986,1163,914
323381,2,41,30,[10, 4, 8, 12, 2, 1],[[1, 1], [2, 1], [3, 1], [3, 2], [1, 2], [2, 3]],1167,971,1162,914
323429,2,41,30,[10, 4, 8, 12, 2, 1],[[1, 1], [2, 1], [3, 1], [3, 2], [1, 2], [2, 3]],1176,954,1162,914
323465,2,41,30,[10, 4, 8, 12, 2, 1],[[1, 1], [2, 1], [3, 1], [3, 2], [1, 2], [2, 3]],1178,928,1162,914
323524,2,41,30,[10, 4, 8, 12, 2, 1],[[1, 1], [2, 1], [3, 1], [3, 2], [1, 2], [2, 3]],1182,950,1157,914
323583,2,41,30,[10, 4, 8, 12, 2, 1],[[1, 1], [2, 1], [3, 1], [3, 2], [1, 2], [2, 3]],1151,958,1152,914
323648,2,41,30,[10, 4, 8, 12, 2, 1],[[1, 1], [2, 1], [3, 1], [3, 2], [1, 2], [2, 3]],1153,953,1148,922
323699,2,41,30,[10, 4, 8, 12, 2, 1],[[1, 1], [2, 1], [3, 1], [3, 2], [1, 2], [2, 3]],1179,987,1148,931
323772,2,41,30,[10, 4, 8, 12, 2, 1],[[1, 1], [2, 1], [3, 1], [3, 2], [1, 2], [2, 3]],1185,991,1148,931
323819,2,41,30,[10, 4, 8, 12, 2, 1],[[1, 1], [2, 1], [3, 1], [3, 2], [1, 2], [2, 3]],1208,984,1152,935
323883,2,41,30,[10, 4, 8, 12, 2, 1],[[1, 1], [2, 1], [3, 1], [3, 2], [1, 2], [2, 3]],1208,990,1154,936
323941,2,41,30,[10, 4, 8, 12, 2, 1],[[1, 1], [2, 1], [3, 1], [3, 2], [1, 2], [2, 3]],1194,994,1154,936
323988,2,41,30,[10, 4, 8, 12, 2, 1],[[1, 1], [2, 1], [3, 1], [3, 2], [1, 2], [2, 3]],1222,1003,1154,938
324043,2,41,30,[10, 4, 8, 12, 2, 1],[[1, 1], [2, 1], [3, 1], [3, 2], [1, 2], [2, 3]],1220,1016,1154,947
324127,2,41,30,[10, 4, 8, 12, 2, 1],[[1, 1], [2, 1], [3, 1], [3, 2], [1, 2], [2, 3]],1215,983,1154,964
324196,2,41,30,[10, 4, 8, 12, 2, 1],[[1, 1], [2, 1], [3, 1], [3, 2], [1, 2], [2, 3]],1230,988,1154,964
324252,2,41,30,[10, 4, 8, 12, 2, 1],[[1, 1], [2, 1], [3, 1], [3, 2], [1, 2], [2, 3]],1222,988,1161,973
324310,2,41,30,[10, 4, 8, 12, 2, 1],[[1, 1], [2, 1], [3, 1], [3, 2], [1, 2], [2, 3]],1243,960,1174,982
324382,2,41,30,[10, 4, 8, 12, 2, 1],[[1, 1], [2, 1], [3, 1], [3, 2], [1, 2], [2, 3]],1248,935,1185,990
324478,2,41,30,[10, 4, 8, 12, 2, 1],[[1, 1], [2, 1], [3, 1], [3, 2], [1, 2], [2, 3]],1255,925,1186,990
324554,2,41,30,[10, 4, 8, 12, 2, 1],[[1, 1], [2, 1], [3, 1], [3, 2], [1, 2], [2, 3]],1266,916,1186,990
324603,2,41,30,[10, 4, 8, 12, 2, 1],[[1, 1], [2, 1], [3, 1], [3, 2], [1, 2], [2, 3]],1279,910,1189,981
324682,2,41,30,[10, 4, 8, 12, 2, 1],[[1, 1], [2, 1], [3, 1], [3, 2], [1, 2], [2, 3]],1262,917,1192,970
324744,2,41,30,[10, 4, 8, 12, 2, 1],[[1, 1], [2, 1], [3, 1], [3, 2], [1, 2], [2, 3]],1259,925,1192,966
324809,2,41,30,[10, 4, 8, 12, 2, 1],[[1, 1], [2, 1], [3, 1], [3, 2], [1, 2], [2, 3]],1254,939,1192,964
324875,2,41,30,[10, 4, 8, 12, 2, 1],[[1, 1], [2, 1], [3, 1], [3, 2], [1, 2], [2, 3]],1271,947,1193,964
324953,2,41,30,[10, 4, 8, 12, 2, 1],[[1, 1], [2, 1], [3, 1], [3, 2], [1, 2], [2, 3]],1275,930,1197,959
325032,2,41,30,[10, 4, 8, 12, 2, 1],[[1, 1], [2, 1], [3, 1], [3, 2], [1, 2], [2, 3]],1265,922,1197,959
325102,2,41,30,[10, 4, 8, 12, 2, 1],[[1, 1], [2, 1], [3, 1], [3, 2], [1, 2], [2, 3]],1274,935,1197,959
325157,2,41,30,[10, 4, 8, 12, 2, 1],[[1, 1], [2, 1], [3, 1], [3, 2], [1, 2], [2, 3]],1294,929,1199,960
325218,2,41,30,[10, 4, 8, 12, 2, 1],[[1, 1], [2, 1], [3, 1], [3, 2], [1, 2], [2, 3]],1280,958,1201,972
325276,2,41,30,[10, 4, 8, 12, 2, 1],[[1, 1], [2, 1], [3, 1], [3, 2], [1, 2], [2, 3]],1282,954,1201,983
325329,2,41,30,[10, 4, 8, 12, 2, 1],[[1, 1], [2, 1], [3, 1], [3, 2], [1, 2], [2, 3]],1278,963,1203,989
325384,2,41,30,[10, 4, 8, 12, 2, 1],[[1, 1], [2, 1], [3, 1], [3, 2], [1, 2], [2, 3]],1282,959,1206,994
325442,2,41,30,[10, 4, 8, 12, 2, 1],[[1, 1], [2, 1], [3, 1], [3, 2], [1, 2], [2, 3]],1304,956,1213,997
325501,2,41,30,[10, 4, 8, 12, 2, 1],[[1, 1], [2, 1], [3, 1], [3, 2], [1, 2], [2, 3]],1314,964,1219,997
325554,2,41,30,[10, 4, 8, 12, 2, 1],[[1, 1], [2, 1], [3, 1], [3, 2], [1, 2], [2, 3]],1328,977,1224,997
325613,2,41,30,[10, 4, 8, 12, 2, 1],[[1, 1], [2, 1], [3, 1], [3, 2], [1, 2], [2, 3]],1344,969,1224,997
325667,2,41,30,[10, 4, 8, 12, 2, 1],[[1, 1], [2, 1], [3, 1], [3, 2], [1, 2], [2, 3]],1343,949,1235,997
325715,2,41,30,[10, 4, 8, 12, 2, 1],[[1, 1], [2, 1], [3, 1], [3, 2], [1, 2], [2, 3]],1348,957,1247,999
325768,2,41,30,[10, 4, 8, 12, 2, 1],[[1, 1], [2, 1], [3, 1], [3, 2], [1, 2], [2, 3]],1312,944,1256,1001
325846,2,41,30,[10, 4, 8, 12, 2, 1],[[1, 1], [2, 1], [3, 1], [3, 2], [1, 2], [2, 3]],1298,910,1268,1004
325892,2,41,30,[10, 4, 8, 12, 2, 1],[[1, 1], [2, 1], [3, 1], [3, 2], [1, 2], [2, 3]],1306,912,1284,1008
325943,2,41,30,[10, 4, 8, 12, 2, 1],[[1, 1], [2, 1], [3, 1], [3, 2], [1, 2], [2, 3]],1309,900,1297,1012
325989,2,41,30,[10, 4, 8, 12, 2, 1],[[1, 1], [2, 1], [3, 1], [3, 2], [1, 2], [2, 3]],1309,885,1299,1012
326044,2,41,30,[10, 4, 8, 12, 2, 1],[[1, 1], [2, 1], [3, 1], [3, 2], [1, 2], [2, 3]],1277,892,1299,1013
326107,2,41,30,[10, 4, 8, 12, 2, 1],[[1, 1], [2, 1], [3, 1], [3, 2], [1, 2], [2, 3]],1281,914,1299,1013
326162,2,41,30,[10, 4, 8, 12, 2, 1],[[1, 1], [2, 1], [3, 1], [3, 2], [1, 2], [2, 3]],1260,919,1299,1013
326196,2,41,30,[10, 4, 8, 12, 2, 1],[[1, 1], [2, 1], [3, 1], [3, 2], [1, 2], [2, 3]],1259,914,1300,1004
326260,2,41,30,[10, 4, 8, 12, 2, 1],[[1, 1], [2, 1], [3, 1], [3, 2], [1, 2], [2, 3]],1234,912,1294,967
326322,2,41,30,[10, 4, 8, 12, 2, 1],[[1, 1], [2, 1], [3, 1], [3, 2], [1, 2], [2, 3]],1225,918,1287,947
326386,2,41,30,[10, 4, 8, 12, 2, 1],[[1, 1], [2, 1], [3, 1], [3, 2], [1, 2], [2, 3]],1214,924,1282,927
326458,2,41,30,[10, 4, 8, 12, 2, 1],[[1, 1], [2, 1], [3, 1], [3, 2], [1, 2], [2, 3]],1226,936,1280,923
326541,2,41,30,[10, 4, 8, 12, 2, 1],[[1, 1], [2, 1], [3, 1], [3, 2], [1, 2], [2, 3]],1231,915,1280,923
326579,2,41,30,[10, 4, 8, 12, 2, 1],[[1, 1], [2, 1], [3, 1], [3, 2], [1, 2], [2, 3]],1227,908,1276,923
326625,2,41,30,[10, 4, 8, 12, 2, 1],[[1, 1], [2, 1], [3, 1], [3, 2], [1, 2], [2, 3]],1226,881,1260,931
326670,2,41,30,[10, 4, 8, 12, 2, 1],[[1, 1], [2, 1], [3, 1], [3, 2], [1, 2], [2, 3]],1227,884,1255,934
326745,2,41,30,[10, 4, 8, 12, 2, 1],[[1, 1], [2, 1], [3, 1], [3, 2], [1, 2], [2, 3]],1244,883,1253,938
326786,2,41,30,[10, 4, 8, 12, 2, 1],[[1, 1], [2, 1], [3, 1], [3, 2], [1, 2], [2, 3]],1228,869,1252,939
326851,2,41,30,[10, 4, 8, 12, 2, 1],[[1, 1], [2, 1], [3, 1], [3, 2], [1, 2], [2, 3]],1209,859,1252,944
326904,2,41,30,[10, 4, 8, 12, 2, 1],[[1, 1], [2, 1], [3, 1], [3, 2], [1, 2], [2, 3]],1220,848,1252,945
326977,2,41,30,[10, 4, 8, 12, 2, 1],[[1, 1], [2, 1], [3, 1], [3, 2], [1, 2], [2, 3]],1231,879,1257,945
327059,2,42,103,[6, 5, 3, 11, 2, 1],[[1, 3], [2, 3], [3, 1], [3, 2], [1, 1], [2, 2]],1233,901,1265,935
327110,2,42,103,[6, 5, 3, 11, 2, 1],[[1, 3], [2, 3], [3, 1], [3, 2], [1, 1], [2, 2]],1238,912,1265,917
327157,2,42,103,[6, 5, 3, 11, 2, 1],[[1, 3], [2, 3], [3, 1], [3, 2], [1, 1], [2, 2]],1247,924,1262,907
327228,2,42,103,[6, 5, 3, 11, 2, 1],[[1, 3], [2, 3], [3, 1], [3, 2], [1, 1], [2, 2]],1233,913,1253,896
327268,2,42,103,[6, 5, 3, 11, 2, 1],[[1, 3], [2, 3], [3, 1], [3, 2], [1, 1], [2, 2]],1239,903,1250,894
327347,2,42,103,[6, 5, 3, 11, 2, 1],[[1, 3], [2, 3], [3, 1], [3, 2], [1, 1], [2, 2]],1249,903,1239,887
327402,2,42,103,[6, 5, 3, 11, 2, 1],[[1, 3], [2, 3], [3, 1], [3, 2], [1, 1], [2, 2]],1272,890,1238,887
327465,2,42,103,[6, 5, 3, 11, 2, 1],[[1, 3], [2, 3], [3, 1], [3, 2], [1, 1], [2, 2]],1276,883,1237,887
327528,2,42,103,[6, 5, 3, 11, 2, 1],[[1, 3], [2, 3], [3, 1], [3, 2], [1, 1], [2, 2]],1287,877,1231,895
327608,2,42,103,[6, 5, 3, 11, 2, 1],[[1, 3], [2, 3], [3, 1], [3, 2], [1, 1], [2, 2]],1285,895,1227,900
327662,2,42,103,[6, 5, 3, 11, 2, 1],[[1, 3], [2, 3], [3, 1], [3, 2], [1, 1], [2, 2]],1287,874,1227,907
327721,2,42,103,[6, 5, 3, 11, 2, 1],[[1, 3], [2, 3], [3, 1], [3, 2], [1, 1], [2, 2]],1297,874,1227,907
327774,2,42,103,[6, 5, 3, 11, 2, 1],[[1, 3], [2, 3], [3, 1], [3, 2], [1, 1], [2, 2]],1313,898,1227,907
327838,2,42,103,[6, 5, 3, 11, 2, 1],[[1, 3], [2, 3], [3, 1], [3, 2], [1, 1], [2, 2]],1287,896,1245,908
327897,2,42,103,[6, 5, 3, 11, 2, 1],[[1, 3], [2, 3], [3, 1], [3, 2], [1, 1], [2, 2]],1284,878,1266,907
327956,2,42,103,[6, 5, 3, 11, 2, 1],[[1, 3], [2, 3], [3, 1], [3, 2], [1, 1], [2, 2]],1284,864,1281,904
328024,2,42,103,[6, 5, 3, 11, 2, 1],[[1, 3], [2, 3], [3, 1], [3, 2], [1, 1], [2, 2]],1265,878,1294,896
328065,2,42,103,[6, 5, 3, 11, 2, 1],[[1, 3], [2, 3], [3, 1], [3, 2], [1, 1], [2, 2]],1258,883,1296,895
328106,2,42,103,[6, 5, 3, 11, 2, 1],[[1, 3], [2, 3], [3, 1], [3, 2], [1, 1], [2, 2]],1260,869,1296,895
328149,2,42,103,[6, 5, 3, 11, 2, 1],[[1, 3], [2, 3], [3, 1], [3, 2], [1, 1], [2, 2]],1240,859,1299,895
328213,2,42,103,[6, 5, 3, 11, 2, 1],[[1, 3], [2, 3], [3, 1], [3, 2], [1, 1], [2, 2]],1257,849,1303,906
328256,2,42,103,[6, 5, 3, 11, 2, 1],[[1, 3], [2, 3], [3, 1], [3, 2], [1, 1], [2, 2]],1276,823,1303,913
328330,2,42,103,[6, 5, 3, 11, 2, 1],[[1, 3], [2, 3], [3, 1], [3, 2], [1, 1], [2, 2]],1289,807,1288,925
328396,2,42,103,[6, 5, 3, 11, 2, 1],[[1, 3], [2, 3], [3, 1], [3, 2], [1, 1], [2, 2]],1282,792,1280,927
328446,2,42,103,[6, 5, 3, 11, 2, 1],[[1, 3], [2, 3], [3, 1], [3, 2], [1, 1], [2, 2]],1294,766,1280,927
328509,2,42,103,[6, 5, 3, 11, 2, 1],[[1, 3], [2, 3], [3, 1], [3, 2], [1, 1], [2, 2]],1289,761,1279,927
328561,2,42,103,[6, 5, 3, 11, 2, 1],[[1, 3], [2, 3], [3, 1], [3, 2], [1, 1], [2, 2]],1291,759,1275,916
328621,2,42,103,[6, 5, 3, 11, 2, 1],[[1, 3], [2, 3], [3, 1], [3, 2], [1, 1], [2, 2]],1323,750,1277,900
328696,2,42,103,[6, 5, 3, 11, 2, 1],[[1, 3], [2, 3], [3, 1], [3, 2], [1, 1], [2, 2]],1338,737,1285,888
328752,2,42,103,[6, 5, 3, 11, 2, 1],[[1, 3], [2, 3], [3, 1], [3, 2], [1, 1], [2, 2]],1332,728,1296,873
328818,2,42,103,[6, 5, 3, 11, 2, 1],[[1, 3], [2, 3], [3, 1], [3, 2], [1, 1], [2, 2]],1345,746,1307,854
328880,2,42,103,[6, 5, 3, 11, 2, 1],[[1, 3], [2, 3], [3, 1], [3, 2], [1, 1], [2, 2]],1336,744,1313,830
328941,2,42,103,[6, 5, 3, 11, 2, 1],[[1, 3], [2, 3], [3, 1], [3, 2], [1, 1], [2, 2]],1334,737,1314,822
328988,2,42,103,[6, 5, 3, 11, 2, 1],[[1, 3], [2, 3], [3, 1], [3, 2], [1, 1], [2, 2]],1344,741,1315,813
329038,2,42,103,[6, 5, 3, 11, 2, 1],[[1, 3], [2, 3], [3, 1], [3, 2], [1, 1], [2, 2]],1337,761,1316,803
329104,2,42,103,[6, 5, 3, 11, 2, 1],[[1, 3], [2, 3], [3, 1], [3, 2], [1, 1], [2, 2]],1360,782,1319,788
329170,2,42,103,[6, 5, 3, 11, 2, 1],[[1, 3], [2, 3], [3, 1], [3, 2], [1, 1], [2, 2]],1375,800,1323,771
329228,2,42,103,[6, 5, 3, 11, 2, 1],[[1, 3], [2, 3], [3, 1], [3, 2], [1, 1], [2, 2]],1391,792,1328,751
329279,2,42,103,[6, 5, 3, 11, 2, 1],[[1, 3], [2, 3], [3, 1], [3, 2], [1, 1], [2, 2]],1408,806,1330,750
329343,2,42,103,[6, 5, 3, 11, 2, 1],[[1, 3], [2, 3], [3, 1], [3, 2], [1, 1], [2, 2]],1411,825,1329,743
329394,2,42,103,[6, 5, 3, 11, 2, 1],[[1, 3], [2, 3], [3, 1], [3, 2], [1, 1], [2, 2]],1399,812,1329,742
329470,2,42,103,[6, 5, 3, 11, 2, 1],[[1, 3], [2, 3], [3, 1], [3, 2], [1, 1], [2, 2]],1394,825,1329,742
329520,2,42,103,[6, 5, 3, 11, 2, 1],[[1, 3], [2, 3], [3, 1], [3, 2], [1, 1], [2, 2]],1389,807,1327,755
329589,2,42,103,[6, 5, 3, 11, 2, 1],[[1, 3], [2, 3], [3, 1], [3, 2], [1, 1], [2, 2]],1407,764,1324,783
329629,2,42,103,[6, 5, 3, 11, 2, 1],[[1, 3], [2, 3], [3, 1], [3, 2], [1, 1], [2, 2]],1387,737,1330,802
329704,2,42,103,[6, 5, 3, 11, 2, 1],[[1, 3], [2, 3], [3, 1], [3, 2], [1, 1], [2, 2]],1366,771,1341,818
329750,2,42,103,[6, 5, 3, 11, 2, 1],[[1, 3], [2, 3], [3, 1], [3, 2], [1, 1], [2, 2]],1383,778,1341,818
329809,2,42,103,[6, 5, 3, 11, 2, 1],[[1, 3], [2, 3], [3, 1], [3, 2], [1, 1], [2, 2]],1370,797,1355,828
329866,2,42,103,[6, 5, 3, 11, 2, 1],[[1, 3], [2, 3], [3, 1], [3, 2], [1, 1], [2, 2]],1388,768,1356,829
329938,2,42,103,[6, 5, 3, 11, 2, 1],[[1, 3], [2, 3], [3, 1], [3, 2], [1, 1], [2, 2]],1404,789,1361,802
330034,2,42,103,[6, 5, 3, 11, 2, 1],[[1, 3], [2, 3], [3, 1], [3, 2], [1, 1], [2, 2]],1412,797,1368,765
330095,2,42,103,[6, 5, 3, 11, 2, 1],[[1, 3], [2, 3], [3, 1], [3, 2], [1, 1], [2, 2]],1422,799,1368,763
330152,2,42,103,[6, 5, 3, 11, 2, 1],[[1, 3], [2, 3], [3, 1], [3, 2], [1, 1], [2, 2]],1472,808,1368,763
330219,2,42,103,[6, 5, 3, 11, 2, 1],[[1, 3], [2, 3], [3, 1], [3, 2], [1, 1], [2, 2]],1377,802,1368,763
330261,2,42,103,[6, 5, 3, 11, 2, 1],[[1, 3], [2, 3], [3, 1], [3, 2], [1, 1], [2, 2]],1374,778,1368,763
330330,2,42,103,[6, 5, 3, 11, 2, 1],[[1, 3], [2, 3], [3, 1], [3, 2], [1, 1], [2, 2]],1391,794,1369,764
330418,2,42,103,[6, 5, 3, 11, 2, 1],[[1, 3], [2, 3], [3, 1], [3, 2], [1, 1], [2, 2]],1410,815,1392,786
330491,2,42,103,[6, 5, 3, 11, 2, 1],[[1, 3], [2, 3], [3, 1], [3, 2], [1, 1], [2, 2]],1407,815,1393,788
330575,2,42,103,[6, 5, 3, 11, 2, 1],[[1, 3], [2, 3], [3, 1], [3, 2], [1, 1], [2, 2]],1445,794,1395,790
330629,2,42,103,[6, 5, 3, 11, 2, 1],[[1, 3], [2, 3], [3, 1], [3, 2], [1, 1], [2, 2]],1398,785,1395,790
330705,2,42,103,[6, 5, 3, 11, 2, 1],[[1, 3], [2, 3], [3, 1], [3, 2], [1, 1], [2, 2]],1407,777,1395,790
330759,2,42,103,[6, 5, 3, 11, 2, 1],[[1, 3], [2, 3], [3, 1], [3, 2], [1, 1], [2, 2]],1416,763,1392,800
330815,2,42,103,[6, 5, 3, 11, 2, 1],[[1, 3], [2, 3], [3, 1], [3, 2], [1, 1], [2, 2]],1427,765,1388,822
330878,2,42,103,[6, 5, 3, 11, 2, 1],[[1, 3], [2, 3], [3, 1], [3, 2], [1, 1], [2, 2]],1421,745,1388,825
330952,2,42,103,[6, 5, 3, 11, 2, 1],[[1, 3], [2, 3], [3, 1], [3, 2], [1, 1], [2, 2]],1407,779,1388,825
331016,2,42,103,[6, 5, 3, 11, 2, 1],[[1, 3], [2, 3], [3, 1], [3, 2], [1, 1], [2, 2]],1400,797,1388,825
331069,2,42,103,[6, 5, 3, 11, 2, 1],[[1, 3], [2, 3], [3, 1], [3, 2], [1, 1], [2, 2]],1398,774,1403,811
331138,2,43,66,[10, 4, 8, 12, 7, 9],[[2, 1], [3, 1], [1, 1], [1, 2], [1, 3], [2, 2]],1398,775,1420,796
331197,2,43,66,[10, 4, 8, 12, 7, 9],[[2, 1], [3, 1], [1, 1], [1, 2], [1, 3], [2, 2]],1424,743,1423,783
331256,2,43,66,[10, 4, 8, 12, 7, 9],[[2, 1], [3, 1], [1, 1], [1, 2], [1, 3], [2, 2]],1440,740,1423,783
331304,2,43,66,[10, 4, 8, 12, 7, 9],[[2, 1], [3, 1], [1, 1], [1, 2], [1, 3], [2, 2]],1451,743,1423,783
331359,2,43,66,[10, 4, 8, 12, 7, 9],[[2, 1], [3, 1], [1, 1], [1, 2], [1, 3], [2, 2]],1374,782,1423,791
331411,2,43,66,[10, 4, 8, 12, 7, 9],[[2, 1], [3, 1], [1, 1], [1, 2], [1, 3], [2, 2]],1389,807,1423,799
331470,2,43,66,[10, 4, 8, 12, 7, 9],[[2, 1], [3, 1], [1, 1], [1, 2], [1, 3], [2, 2]],1386,805,1418,808
331529,2,43,66,[10, 4, 8, 12, 7, 9],[[2, 1], [3, 1], [1, 1], [1, 2], [1, 3], [2, 2]],1406,828,1416,817
331588,2,43,66,[10, 4, 8, 12, 7, 9],[[2, 1], [3, 1], [1, 1], [1, 2], [1, 3], [2, 2]],1397,809,1416,817
331636,2,43,66,[10, 4, 8, 12, 7, 9],[[2, 1], [3, 1], [1, 1], [1, 2], [1, 3], [2, 2]],1403,830,1415,817
331699,2,43,66,[10, 4, 8, 12, 7, 9],[[2, 1], [3, 1], [1, 1], [1, 2], [1, 3], [2, 2]],1408,808,1415,817
331743,2,43,66,[10, 4, 8, 12, 7, 9],[[2, 1], [3, 1], [1, 1], [1, 2], [1, 3], [2, 2]],1409,823,1414,817
331807,2,43,66,[10, 4, 8, 12, 7, 9],[[2, 1], [3, 1], [1, 1], [1, 2], [1, 3], [2, 2]],1399,834,1414,817
331851,2,43,66,[10, 4, 8, 12, 7, 9],[[2, 1], [3, 1], [1, 1], [1, 2], [1, 3], [2, 2]],1394,835,1414,817
331916,2,43,66,[10, 4, 8, 12, 7, 9],[[2, 1], [3, 1], [1, 1], [1, 2], [1, 3], [2, 2]],1391,822,1414,832
331966,2,43,66,[10, 4, 8, 12, 7, 9],[[2, 1], [3, 1], [1, 1], [1, 2], [1, 3], [2, 2]],1407,818,1414,854
332046,2,43,66,[10, 4, 8, 12, 7, 9],[[2, 1], [3, 1], [1, 1], [1, 2], [1, 3], [2, 2]],1412,829,1414,855
332091,2,43,66,[10, 4, 8, 12, 7, 9],[[2, 1], [3, 1], [1, 1], [1, 2], [1, 3], [2, 2]],1415,837,1414,860
332163,2,43,66,[10, 4, 8, 12, 7, 9],[[2, 1], [3, 1], [1, 1], [1, 2], [1, 3], [2, 2]],1422,830,1414,866
332240,2,43,66,[10, 4, 8, 12, 7, 9],[[2, 1], [3, 1], [1, 1], [1, 2], [1, 3], [2, 2]],1418,825,1411,873
332304,2,43,66,[10, 4, 8, 12, 7, 9],[[2, 1], [3, 1], [1, 1], [1, 2], [1, 3], [2, 2]],1416,825,1410,874
332362,2,43,66,[10, 4, 8, 12, 7, 9],[[2, 1], [3, 1], [1, 1], [1, 2], [1, 3], [2, 2]],1421,807,1409,876
332401,2,43,66,[10, 4, 8, 12, 7, 9],[[2, 1], [3, 1], [1, 1], [1, 2], [1, 3], [2, 2]],1426,809,1406,879
332469,2,43,66,[10, 4, 8, 12, 7, 9],[[2, 1], [3, 1], [1, 1], [1, 2], [1, 3], [2, 2]],1425,807,1406,879
332516,2,43,66,[10, 4, 8, 12, 7, 9],[[2, 1], [3, 1], [1, 1], [1, 2], [1, 3], [2, 2]],1467,786,1406,879
332585,2,43,66,[10, 4, 8, 12, 7, 9],[[2, 1], [3, 1], [1, 1], [1, 2], [1, 3], [2, 2]],1401,781,1404,879
332642,2,43,66,[10, 4, 8, 12, 7, 9],[[2, 1], [3, 1], [1, 1], [1, 2], [1, 3], [2, 2]],1423,754,1404,879
332720,2,43,66,[10, 4, 8, 12, 7, 9],[[2, 1], [3, 1], [1, 1], [1, 2], [1, 3], [2, 2]],1442,731,1415,850
332804,2,43,66,[10, 4, 8, 12, 7, 9],[[2, 1], [3, 1], [1, 1], [1, 2], [1, 3], [2, 2]],1442,725,1435,811
332863,2,43,66,[10, 4, 8, 12, 7, 9],[[2, 1], [3, 1], [1, 1], [1, 2], [1, 3], [2, 2]],1432,723,1456,767
332941,2,43,66,[10, 4, 8, 12, 7, 9],[[2, 1], [3, 1], [1, 1], [1, 2], [1, 3], [2, 2]],1424,763,1456,753
333053,2,43,66,[10, 4, 8, 12, 7, 9],[[2, 1], [3, 1], [1, 1], [1, 2], [1, 3], [2, 2]],1422,753,1456,747
333100,2,43,66,[10, 4, 8, 12, 7, 9],[[2, 1], [3, 1], [1, 1], [1, 2], [1, 3], [2, 2]],1452,748,1456,747
333174,2,43,66,[10, 4, 8, 12, 7, 9],[[2, 1], [3, 1], [1, 1], [1, 2], [1, 3], [2, 2]],1400,736,1447,767
333218,2,43,66,[10, 4, 8, 12, 7, 9],[[2, 1], [3, 1], [1, 1], [1, 2], [1, 3], [2, 2]],1384,748,1444,770
333261,2,43,66,[10, 4, 8, 12, 7, 9],[[2, 1], [3, 1], [1, 1], [1, 2], [1, 3], [2, 2]],1396,767,1440,776
333313,2,43,66,[10, 4, 8, 12, 7, 9],[[2, 1], [3, 1], [1, 1], [1, 2], [1, 3], [2, 2]],1417,784,1440,779
333358,2,43,66,[10, 4, 8, 12, 7, 9],[[2, 1], [3, 1], [1, 1], [1, 2], [1, 3], [2, 2]],1438,781,1435,788
333406,2,43,66,[10, 4, 8, 12, 7, 9],[[2, 1], [3, 1], [1, 1], [1, 2], [1, 3], [2, 2]],1403,798,1433,796
333465,2,43,66,[10, 4, 8, 12, 7, 9],[[2, 1], [3, 1], [1, 1], [1, 2], [1, 3], [2, 2]],1437,814,1433,804
333543,2,43,66,[10, 4, 8, 12, 7, 9],[[2, 1], [3, 1], [1, 1], [1, 2], [1, 3], [2, 2]],1387,821,1433,807
333617,2,43,66,[10, 4, 8, 12, 7, 9],[[2, 1], [3, 1], [1, 1], [1, 2], [1, 3], [2, 2]],1405,823,1433,807
333676,2,43,66,[10, 4, 8, 12, 7, 9],[[2, 1], [3, 1], [1, 1], [1, 2], [1, 3], [2, 2]],1399,807,1433,807
333729,2,43,66,[10, 4, 8, 12, 7, 9],[[2, 1], [3, 1], [1, 1], [1, 2], [1, 3], [2, 2]],1384,748,1434,802
333783,2,43,66,[10, 4, 8, 12, 7, 9],[[2, 1], [3, 1], [1, 1], [1, 2], [1, 3], [2, 2]],1385,747,1440,787
333836,2,43,66,[10, 4, 8, 12, 7, 9],[[2, 1], [3, 1], [1, 1], [1, 2], [1, 3], [2, 2]],1395,764,1442,775
333890,2,43,66,[10, 4, 8, 12, 7, 9],[[2, 1], [3, 1], [1, 1], [1, 2], [1, 3], [2, 2]],1406,748,1442,774
333939,2,43,66,[10, 4, 8, 12, 7, 9],[[2, 1], [3, 1], [1, 1], [1, 2], [1, 3], [2, 2]],1393,769,1442,785
333989,2,43,66,[10, 4, 8, 12, 7, 9],[[2, 1], [3, 1], [1, 1], [1, 2], [1, 3], [2, 2]],1389,775,1437,801
334053,2,43,66,[10, 4, 8, 12, 7, 9],[[2, 1], [3, 1], [1, 1], [1, 2], [1, 3], [2, 2]],1388,780,1436,803
334106,2,43,66,[10, 4, 8, 12, 7, 9],[[2, 1], [3, 1], [1, 1], [1, 2], [1, 3], [2, 2]],1392,786,1423,798
334180,2,43,66,[10, 4, 8, 12, 7, 9],[[2, 1], [3, 1], [1, 1], [1, 2], [1, 3], [2, 2]],1392,795,1400,760
334238,2,43,66,[10, 4, 8, 12, 7, 9],[[2, 1], [3, 1], [1, 1], [1, 2], [1, 3], [2, 2]],1403,810,1384,726
334309,2,43,66,[10, 4, 8, 12, 7, 9],[[2, 1], [3, 1], [1, 1], [1, 2], [1, 3], [2, 2]],1411,811,1381,721
334394,2,43,66,[10, 4, 8, 12, 7, 9],[[2, 1], [3, 1], [1, 1], [1, 2], [1, 3], [2, 2]],1445,840,1381,721
334455,2,43,66,[10, 4, 8, 12, 7, 9],[[2, 1], [3, 1], [1, 1], [1, 2], [1, 3], [2, 2]],1446,839,1381,721
334500,2,43,66,[10, 4, 8, 12, 7, 9],[[2, 1], [3, 1], [1, 1], [1, 2], [1, 3], [2, 2]],1379,839,1397,753
334568,2,43,66,[10, 4, 8, 12, 7, 9],[[2, 1], [3, 1], [1, 1], [1, 2], [1, 3], [2, 2]],1388,841,1406,777
334637,2,43,66,[10, 4, 8, 12, 7, 9],[[2, 1], [3, 1], [1, 1], [1, 2], [1, 3], [2, 2]],1395,840,1412,790
334692,2,43,66,[10, 4, 8, 12, 7, 9],[[2, 1], [3, 1], [1, 1], [1, 2], [1, 3], [2, 2]],1374,845,1412,790
334744,2,43,66,[10, 4, 8, 12, 7, 9],[[2, 1], [3, 1], [1, 1], [1, 2], [1, 3], [2, 2]],1370,867,1415,796
334829,2,43,66,[10, 4, 8, 12, 7, 9],[[2, 1], [3, 1], [1, 1], [1, 2], [1, 3], [2, 2]],1387,840,1421,805
334877,2,43,66,[10, 4, 8, 12, 7, 9],[[2, 1], [3, 1], [1, 1], [1, 2], [1, 3], [2, 2]],1376,827,1428,815
334961,2,43,66,[10, 4, 8, 12, 7, 9],[[2, 1], [3, 1], [1, 1], [1, 2], [1, 3], [2, 2]],1368,835,1428,821
335012,2,43,66,[10, 4, 8, 12, 7, 9],[[2, 1], [3, 1], [1, 1], [1, 2], [1, 3], [2, 2]],1378,832,1428,822
335081,2,43,66,[10, 4, 8, 12, 7, 9],[[2, 1], [3, 1], [1, 1], [1, 2], [1, 3], [2, 2]],1367,821,1418,825
335148,2,43,66,[10, 4, 8, 12, 7, 9],[[2, 1], [3, 1], [1, 1], [1, 2], [1, 3], [2, 2]],1367,801,1408,830
335205,2,44,31,[6, 5, 3, 11, 2, 1],[[1, 1], [2, 1], [3, 1], [3, 2], [1, 2], [2, 3]],1382,815,1403,834
335277,2,44,31,[6, 5, 3, 11, 2, 1],[[1, 1], [2, 1], [3, 1], [3, 2], [1, 2], [2, 3]],1374,795,1401,836
335330,2,44,31,[6, 5, 3, 11, 2, 1],[[1, 1], [2, 1], [3, 1], [3, 2], [1, 2], [2, 3]],1375,791,1399,845
335404,2,44,31,[6, 5, 3, 11, 2, 1],[[1, 1], [2, 1], [3, 1], [3, 2], [1, 2], [2, 3]],1351,792,1398,846
335467,2,44,31,[6, 5, 3, 11, 2, 1],[[1, 1], [2, 1], [3, 1], [3, 2], [1, 2], [2, 3]],1350,788,1398,846
335526,2,44,31,[6, 5, 3, 11, 2, 1],[[1, 1], [2, 1], [3, 1], [3, 2], [1, 2], [2, 3]],1363,772,1398,846
335591,2,44,31,[6, 5, 3, 11, 2, 1],[[1, 1], [2, 1], [3, 1], [3, 2], [1, 2], [2, 3]],1317,770,1401,824
335664,2,44,31,[6, 5, 3, 11, 2, 1],[[1, 1], [2, 1], [3, 1], [3, 2], [1, 2], [2, 3]],1289,770,1411,793
335728,2,44,31,[6, 5, 3, 11, 2, 1],[[1, 1], [2, 1], [3, 1], [3, 2], [1, 2], [2, 3]],1289,775,1411,782
335781,2,44,31,[6, 5, 3, 11, 2, 1],[[1, 1], [2, 1], [3, 1], [3, 2], [1, 2], [2, 3]],1314,780,1410,775
335861,2,44,31,[6, 5, 3, 11, 2, 1],[[1, 1], [2, 1], [3, 1], [3, 2], [1, 2], [2, 3]],1322,776,1406,763
335934,2,44,31,[6, 5, 3, 11, 2, 1],[[1, 1], [2, 1], [3, 1], [3, 2], [1, 2], [2, 3]],1307,795,1399,749
335972,2,44,31,[6, 5, 3, 11, 2, 1],[[1, 1], [2, 1], [3, 1], [3, 2], [1, 2], [2, 3]],1297,784,1395,746
336041,2,44,31,[6, 5, 3, 11, 2, 1],[[1, 1], [2, 1], [3, 1], [3, 2], [1, 2], [2, 3]],1299,790,1385,746
336100,2,44,31,[6, 5, 3, 11, 2, 1],[[1, 1], [2, 1], [3, 1], [3, 2], [1, 2], [2, 3]],1299,777,1372,753
336167,2,44,31,[6, 5, 3, 11, 2, 1],[[1, 1], [2, 1], [3, 1], [3, 2], [1, 2], [2, 3]],1267,795,1366,759
336218,2,44,31,[6, 5, 3, 11, 2, 1],[[1, 1], [2, 1], [3, 1], [3, 2], [1, 2], [2, 3]],1297,787,1360,765
336265,2,44,31,[6, 5, 3, 11, 2, 1],[[1, 1], [2, 1], [3, 1], [3, 2], [1, 2], [2, 3]],1294,809,1353,774
336320,2,44,31,[6, 5, 3, 11, 2, 1],[[1, 1], [2, 1], [3, 1], [3, 2], [1, 2], [2, 3]],1295,794,1349,781
336366,2,44,31,[6, 5, 3, 11, 2, 1],[[1, 1], [2, 1], [3, 1], [3, 2], [1, 2], [2, 3]],1303,806,1346,783
336415,2,44,31,[6, 5, 3, 11, 2, 1],[[1, 1], [2, 1], [3, 1], [3, 2], [1, 2], [2, 3]],1298,802,1346,783
336481,2,44,31,[6, 5, 3, 11, 2, 1],[[1, 1], [2, 1], [3, 1], [3, 2], [1, 2], [2, 3]],1288,778,1346,783
336538,2,44,31,[6, 5, 3, 11, 2, 1],[[1, 1], [2, 1], [3, 1], [3, 2], [1, 2], [2, 3]],1283,769,1346,783
336581,2,44,31,[6, 5, 3, 11, 2, 1],[[1, 1], [2, 1], [3, 1], [3, 2], [1, 2], [2, 3]],1270,771,1346,783
336659,2,44,31,[6, 5, 3, 11, 2, 1],[[1, 1], [2, 1], [3, 1], [3, 2], [1, 2], [2, 3]],1256,773,1346,783
336721,2,44,31,[6, 5, 3, 11, 2, 1],[[1, 1], [2, 1], [3, 1], [3, 2], [1, 2], [2, 3]],1251,781,1341,787
336777,2,44,31,[6, 5, 3, 11, 2, 1],[[1, 1], [2, 1], [3, 1], [3, 2], [1, 2], [2, 3]],1238,778,1339,789
336831,2,44,31,[6, 5, 3, 11, 2, 1],[[1, 1], [2, 1], [3, 1], [3, 2], [1, 2], [2, 3]],1240,816,1339,789
336899,2,44,31,[6, 5, 3, 11, 2, 1],[[1, 1], [2, 1], [3, 1], [3, 2], [1, 2], [2, 3]],1213,829,1339,789
336950,2,44,31,[6, 5, 3, 11, 2, 1],[[1, 1], [2, 1], [3, 1], [3, 2], [1, 2], [2, 3]],1225,821,1339,789
337023,2,44,31,[6, 5, 3, 11, 2, 1],[[1, 1], [2, 1], [3, 1], [3, 2], [1, 2], [2, 3]],1194,833,1339,789
337076,2,44,31,[6, 5, 3, 11, 2, 1],[[1, 1], [2, 1], [3, 1], [3, 2], [1, 2], [2, 3]],1212,821,1339,789
337114,2,44,31,[6, 5, 3, 11, 2, 1],[[1, 1], [2, 1], [3, 1], [3, 2], [1, 2], [2, 3]],1208,821,1339,789
337180,2,44,31,[6, 5, 3, 11, 2, 1],[[1, 1], [2, 1], [3, 1], [3, 2], [1, 2], [2, 3]],1206,816,1309,795
337241,2,44,31,[6, 5, 3, 11, 2, 1],[[1, 1], [2, 1], [3, 1], [3, 2], [1, 2], [2, 3]],1172,818,1289,811
337301,2,44,31,[6, 5, 3, 11, 2, 1],[[1, 1], [2, 1], [3, 1], [3, 2], [1, 2], [2, 3]],1168,844,1270,825
337360,2,44,31,[6, 5, 3, 11, 2, 1],[[1, 1], [2, 1], [3, 1], [3, 2], [1, 2], [2, 3]],1178,846,1255,845
337424,2,44,31,[6, 5, 3, 11, 2, 1],[[1, 1], [2, 1], [3, 1], [3, 2], [1, 2], [2, 3]],1174,858,1249,849
337478,2,44,31,[6, 5, 3, 11, 2, 1],[[1, 1], [2, 1], [3, 1], [3, 2], [1, 2], [2, 3]],1190,857,1246,850
337518,2,44,31,[6, 5, 3, 11, 2, 1],[[1, 1], [2, 1], [3, 1], [3, 2], [1, 2], [2, 3]],1193,850,1246,850
337585,2,44,31,[6, 5, 3, 11, 2, 1],[[1, 1], [2, 1], [3, 1], [3, 2], [1, 2], [2, 3]],1188,861,1229,852
337644,2,44,31,[6, 5, 3, 11, 2, 1],[[1, 1], [2, 1], [3, 1], [3, 2], [1, 2], [2, 3]],1198,826,1205,853
337692,2,44,31,[6, 5, 3, 11, 2, 1],[[1, 1], [2, 1], [3, 1], [3, 2], [1, 2], [2, 3]],1179,783,1193,854
337746,2,44,31,[6, 5, 3, 11, 2, 1],[[1, 1], [2, 1], [3, 1], [3, 2], [1, 2], [2, 3]],1180,798,1192,854
337809,2,44,31,[6, 5, 3, 11, 2, 1],[[1, 1], [2, 1], [3, 1], [3, 2], [1, 2], [2, 3]],1176,819,1192,854
337877,2,44,31,[6, 5, 3, 11, 2, 1],[[1, 1], [2, 1], [3, 1], [3, 2], [1, 2], [2, 3]],1186,804,1192,854
337943,2,44,31,[6, 5, 3, 11, 2, 1],[[1, 1], [2, 1], [3, 1], [3, 2], [1, 2], [2, 3]],1185,806,1192,854
338001,2,44,31,[6, 5, 3, 11, 2, 1],[[1, 1], [2, 1], [3, 1], [3, 2], [1, 2], [2, 3]],1190,799,1192,854
338050,2,44,31,[6, 5, 3, 11, 2, 1],[[1, 1], [2, 1], [3, 1], [3, 2], [1, 2], [2, 3]],1204,814,1192,854
338090,2,44,31,[6, 5, 3, 11, 2, 1],[[1, 1], [2, 1], [3, 1], [3, 2], [1, 2], [2, 3]],1184,794,1192,854
338169,2,44,31,[6, 5, 3, 11, 2, 1],[[1, 1], [2, 1], [3, 1], [3, 2], [1, 2], [2, 3]],1186,788,1192,854
338253,2,44,31,[6, 5, 3, 11, 2, 1],[[1, 1], [2, 1], [3, 1], [3, 2], [1, 2], [2, 3]],1199,765,1191,835
338316,2,44,31,[6, 5, 3, 11, 2, 1],[[1, 1], [2, 1], [3, 1], [3, 2], [1, 2], [2, 3]],1209,776,1194,829
338361,2,44,31,[6, 5, 3, 11, 2, 1],[[1, 1], [2, 1], [3, 1], [3, 2], [1, 2], [2, 3]],1215,767,1197,823
338404,2,44,31,[6, 5, 3, 11, 2, 1],[[1, 1], [2, 1], [3, 1], [3, 2], [1, 2], [2, 3]],1226,777,1198,821
338453,2,44,31,[6, 5, 3, 11, 2, 1],[[1, 1], [2, 1], [3, 1], [3, 2], [1, 2], [2, 3]],1245,777,1198,819
338540,2,44,31,[6, 5, 3, 11, 2, 1],[[1, 1], [2, 1], [3, 1], [3, 2], [1, 2], [2, 3]],1232,757,1201,812
338588,2,44,31,[6, 5, 3, 11, 2, 1],[[1, 1], [2, 1], [3, 1], [3, 2], [1, 2], [2, 3]],1220,756,1202,806
338640,2,44,31,[6, 5, 3, 11, 2, 1],[[1, 1], [2, 1], [3, 1], [3, 2], [1, 2], [2, 3]],1222,757,1202,805
338699,2,44,31,[6, 5, 3, 11, 2, 1],[[1, 1], [2, 1], [3, 1], [3, 2], [1, 2], [2, 3]],1228,751,1202,805
338772,2,44,31,[6, 5, 3, 11, 2, 1],[[1, 1], [2, 1], [3, 1], [3, 2], [1, 2], [2, 3]],1252,725,1202,805
338826,2,44,31,[6, 5, 3, 11, 2, 1],[[1, 1], [2, 1], [3, 1], [3, 2], [1, 2], [2, 3]],1220,745,1202,805
338886,2,44,31,[6, 5, 3, 11, 2, 1],[[1, 1], [2, 1], [3, 1], [3, 2], [1, 2], [2, 3]],1254,754,1208,800
338944,2,44,31,[6, 5, 3, 11, 2, 1],[[1, 1], [2, 1], [3, 1], [3, 2], [1, 2], [2, 3]],1251,777,1212,795
339001,2,44,31,[6, 5, 3, 11, 2, 1],[[1, 1], [2, 1], [3, 1], [3, 2], [1, 2], [2, 3]],1237,794,1218,787
339071,2,44,31,[6, 5, 3, 11, 2, 1],[[1, 1], [2, 1], [3, 1], [3, 2], [1, 2], [2, 3]],1225,815,1223,779
339139,2,44,31,[6, 5, 3, 11, 2, 1],[[1, 1], [2, 1], [3, 1], [3, 2], [1, 2], [2, 3]],1219,802,1225,777
339202,2,44,31,[6, 5, 3, 11, 2, 1],[[1, 1], [2, 1], [3, 1], [3, 2], [1, 2], [2, 3]],1246,816,1225,777
339250,2,44,31,[6, 5, 3, 11, 2, 1],[[1, 1], [2, 1], [3, 1], [3, 2], [1, 2], [2, 3]],1252,826,1225,777
339290,2,45,119,[6, 5, 3, 11, 7, 9],[[2, 3], [3, 3], [1, 1], [1, 2], [1, 3], [2, 2]],1248,788,1225,777
339351,2,45,119,[6, 5, 3, 11, 7, 9],[[2, 3], [3, 3], [1, 1], [1, 2], [1, 3], [2, 2]],1246,789,1225,777
339407,2,45,119,[6, 5, 3, 11, 7, 9],[[2, 3], [3, 3], [1, 1], [1, 2], [1, 3], [2, 2]],1237,780,1225,777
339471,2,45,119,[6, 5, 3, 11, 7, 9],[[2, 3], [3, 3], [1, 1], [1, 2], [1, 3], [2, 2]],1238,779,1225,777
339540,2,45,119,[6, 5, 3, 11, 7, 9],[[2, 3], [3, 3], [1, 1], [1, 2], [1, 3], [2, 2]],1219,781,1225,777
339599,2,45,119,[6, 5, 3, 11, 7, 9],[[2, 3], [3, 3], [1, 1], [1, 2], [1, 3], [2, 2]],1212,775,1225,777
339636,2,45,119,[6, 5, 3, 11, 7, 9],[[2, 3], [3, 3], [1, 1], [1, 2], [1, 3], [2, 2]],1221,747,1225,777
339704,2,45,119,[6, 5, 3, 11, 7, 9],[[2, 3], [3, 3], [1, 1], [1, 2], [1, 3], [2, 2]],1214,730,1233,774
339777,2,45,119,[6, 5, 3, 11, 7, 9],[[2, 3], [3, 3], [1, 1], [1, 2], [1, 3], [2, 2]],1213,725,1236,773
339815,2,45,119,[6, 5, 3, 11, 7, 9],[[2, 3], [3, 3], [1, 1], [1, 2], [1, 3], [2, 2]],1231,733,1236,773
339877,2,45,119,[6, 5, 3, 11, 7, 9],[[2, 3], [3, 3], [1, 1], [1, 2], [1, 3], [2, 2]],1207,738,1236,773
339924,2,45,119,[6, 5, 3, 11, 7, 9],[[2, 3], [3, 3], [1, 1], [1, 2], [1, 3], [2, 2]],1165,743,1236,773
339965,2,45,119,[6, 5, 3, 11, 7, 9],[[2, 3], [3, 3], [1, 1], [1, 2], [1, 3], [2, 2]],1182,741,1236,773
340012,2,45,119,[6, 5, 3, 11, 7, 9],[[2, 3], [3, 3], [1, 1], [1, 2], [1, 3], [2, 2]],1181,745,1236,773
340058,2,45,119,[6, 5, 3, 11, 7, 9],[[2, 3], [3, 3], [1, 1], [1, 2], [1, 3], [2, 2]],1141,754,1244,750
340106,2,45,119,[6, 5, 3, 11, 7, 9],[[2, 3], [3, 3], [1, 1], [1, 2], [1, 3], [2, 2]],1135,763,1249,740
340180,2,45,119,[6, 5, 3, 11, 7, 9],[[2, 3], [3, 3], [1, 1], [1, 2], [1, 3], [2, 2]],1136,755,1251,725
340230,2,45,119,[6, 5, 3, 11, 7, 9],[[2, 3], [3, 3], [1, 1], [1, 2], [1, 3], [2, 2]],1116,779,1251,725
340281,2,45,119,[6, 5, 3, 11, 7, 9],[[2, 3], [3, 3], [1, 1], [1, 2], [1, 3], [2, 2]],1115,745,1244,721
340351,2,45,119,[6, 5, 3, 11, 7, 9],[[2, 3], [3, 3], [1, 1], [1, 2], [1, 3], [2, 2]],1106,716,1205,711
340404,2,45,119,[6, 5, 3, 11, 7, 9],[[2, 3], [3, 3], [1, 1], [1, 2], [1, 3], [2, 2]],1090,691,1178,711
340464,2,45,119,[6, 5, 3, 11, 7, 9],[[2, 3], [3, 3], [1, 1], [1, 2], [1, 3], [2, 2]],1105,683,1164,712
340514,2,45,119,[6, 5, 3, 11, 7, 9],[[2, 3], [3, 3], [1, 1], [1, 2], [1, 3], [2, 2]],1102,674,1157,715
340567,2,45,119,[6, 5, 3, 11, 7, 9],[[2, 3], [3, 3], [1, 1], [1, 2], [1, 3], [2, 2]],1123,667,1147,728
340621,2,45,119,[6, 5, 3, 11, 7, 9],[[2, 3], [3, 3], [1, 1], [1, 2], [1, 3], [2, 2]],1133,658,1144,731
340687,2,45,119,[6, 5, 3, 11, 7, 9],[[2, 3], [3, 3], [1, 1], [1, 2], [1, 3], [2, 2]],1170,644,1144,732
340739,2,45,119,[6, 5, 3, 11, 7, 9],[[2, 3], [3, 3], [1, 1], [1, 2], [1, 3], [2, 2]],1191,628,1144,732
340777,2,45,119,[6, 5, 3, 11, 7, 9],[[2, 3], [3, 3], [1, 1], [1, 2], [1, 3], [2, 2]],1192,629,1144,732
340868,2,45,119,[6, 5, 3, 11, 7, 9],[[2, 3], [3, 3], [1, 1], [1, 2], [1, 3], [2, 2]],1179,611,1134,713
340963,2,45,119,[6, 5, 3, 11, 7, 9],[[2, 3], [3, 3], [1, 1], [1, 2], [1, 3], [2, 2]],1175,613,1131,693
341043,2,45,119,[6, 5, 3, 11, 7, 9],[[2, 3], [3, 3], [1, 1], [1, 2], [1, 3], [2, 2]],1166,600,1135,689
341088,2,45,119,[6, 5, 3, 11, 7, 9],[[2, 3], [3, 3], [1, 1], [1, 2], [1, 3], [2, 2]],1172,594,1135,689
341128,2,45,119,[6, 5, 3, 11, 7, 9],[[2, 3], [3, 3], [1, 1], [1, 2], [1, 3], [2, 2]],1165,605,1135,689
341189,2,45,119,[6, 5, 3, 11, 7, 9],[[2, 3], [3, 3], [1, 1], [1, 2], [1, 3], [2, 2]],1176,619,1140,687
341249,2,45,119,[6, 5, 3, 11, 7, 9],[[2, 3], [3, 3], [1, 1], [1, 2], [1, 3], [2, 2]],1198,587,1148,681
341307,2,45,119,[6, 5, 3, 11, 7, 9],[[2, 3], [3, 3], [1, 1], [1, 2], [1, 3], [2, 2]],1216,589,1150,673
341365,2,45,119,[6, 5, 3, 11, 7, 9],[[2, 3], [3, 3], [1, 1], [1, 2], [1, 3], [2, 2]],1216,597,1150,661
341417,2,45,119,[6, 5, 3, 11, 7, 9],[[2, 3], [3, 3], [1, 1], [1, 2], [1, 3], [2, 2]],1203,607,1150,654
341460,2,45,119,[6, 5, 3, 11, 7, 9],[[2, 3], [3, 3], [1, 1], [1, 2], [1, 3], [2, 2]],1204,600,1150,649
341519,2,45,119,[6, 5, 3, 11, 7, 9],[[2, 3], [3, 3], [1, 1], [1, 2], [1, 3], [2, 2]],1196,619,1150,649
341562,2,45,119,[6, 5, 3, 11, 7, 9],[[2, 3], [3, 3], [1, 1], [1, 2], [1, 3], [2, 2]],1177,633,1150,649
341637,2,45,119,[6, 5, 3, 11, 7, 9],[[2, 3], [3, 3], [1, 1], [1, 2], [1, 3], [2, 2]],1176,650,1155,638
341688,2,45,119,[6, 5, 3, 11, 7, 9],[[2, 3], [3, 3], [1, 1], [1, 2], [1, 3], [2, 2]],1182,651,1160,635
341748,2,45,119,[6, 5, 3, 11, 7, 9],[[2, 3], [3, 3], [1, 1], [1, 2], [1, 3], [2, 2]],1137,652,1163,632
341822,2,45,119,[6, 5, 3, 11, 7, 9],[[2, 3], [3, 3], [1, 1], [1, 2], [1, 3], [2, 2]],1141,642,1170,626
341880,2,45,119,[6, 5, 3, 11, 7, 9],[[2, 3], [3, 3], [1, 1], [1, 2], [1, 3], [2, 2]],1143,652,1177,618
341944,2,45,119,[6, 5, 3, 11, 7, 9],[[2, 3], [3, 3], [1, 1], [1, 2], [1, 3], [2, 2]],1145,666,1190,611
342003,2,45,119,[6, 5, 3, 11, 7, 9],[[2, 3], [3, 3], [1, 1], [1, 2], [1, 3], [2, 2]],1154,652,1192,608
342046,2,45,119,[6, 5, 3, 11, 7, 9],[[2, 3], [3, 3], [1, 1], [1, 2], [1, 3], [2, 2]],1177,662,1196,605
342115,2,45,119,[6, 5, 3, 11, 7, 9],[[2, 3], [3, 3], [1, 1], [1, 2], [1, 3], [2, 2]],1181,642,1196,605
342179,2,45,119,[6, 5, 3, 11, 7, 9],[[2, 3], [3, 3], [1, 1], [1, 2], [1, 3], [2, 2]],1199,666,1197,605
342236,2,45,119,[6, 5, 3, 11, 7, 9],[[2, 3], [3, 3], [1, 1], [1, 2], [1, 3], [2, 2]],1205,646,1197,605
342301,2,45,119,[6, 5, 3, 11, 7, 9],[[2, 3], [3, 3], [1, 1], [1, 2], [1, 3], [2, 2]],1217,636,1197,605
342363,2,45,119,[6, 5, 3, 11, 7, 9],[[2, 3], [3, 3], [1, 1], [1, 2], [1, 3], [2, 2]],1196,595,1183,609
342406,2,45,119,[6, 5, 3, 11, 7, 9],[[2, 3], [3, 3], [1, 1], [1, 2], [1, 3], [2, 2]],1188,623,1173,617
342472,2,45,119,[6, 5, 3, 11, 7, 9],[[2, 3], [3, 3], [1, 1], [1, 2], [1, 3], [2, 2]],1194,618,1171,618
342569,2,45,119,[6, 5, 3, 11, 7, 9],[[2, 3], [3, 3], [1, 1], [1, 2], [1, 3], [2, 2]],1189,626,1170,618
342638,2,45,119,[6, 5, 3, 11, 7, 9],[[2, 3], [3, 3], [1, 1], [1, 2], [1, 3], [2, 2]],1174,621,1170,618
342704,2,45,119,[6, 5, 3, 11, 7, 9],[[2, 3], [3, 3], [1, 1], [1, 2], [1, 3], [2, 2]],1167,618,1170,618
342794,2,45,119,[6, 5, 3, 11, 7, 9],[[2, 3], [3, 3], [1, 1], [1, 2], [1, 3], [2, 2]],1171,610,1169,623
342829,2,45,119,[6, 5, 3, 11, 7, 9],[[2, 3], [3, 3], [1, 1], [1, 2], [1, 3], [2, 2]],1158,602,1165,630
342887,2,45,119,[6, 5, 3, 11, 7, 9],[[2, 3], [3, 3], [1, 1], [1, 2], [1, 3], [2, 2]],1151,620,1164,632
342943,2,45,119,[6, 5, 3, 11, 7, 9],[[2, 3], [3, 3], [1, 1], [1, 2], [1, 3], [2, 2]],1127,630,1163,638
342991,2,45,119,[6, 5, 3, 11, 7, 9],[[2, 3], [3, 3], [1, 1], [1, 2], [1, 3], [2, 2]],1136,653,1163,638
343039,2,45,119,[6, 5, 3, 11, 7, 9],[[2, 3], [3, 3], [1, 1], [1, 2], [1, 3], [2, 2]],1124,636,1163,638
343106,2,45,119,[6, 5, 3, 11, 7, 9],[[2, 3], [3, 3], [1, 1], [1, 2], [1, 3], [2, 2]],1132,632,1157,642
343196,2,45,119,[6, 5, 3, 11, 7, 9],[[2, 3], [3, 3], [1, 1], [1, 2], [1, 3], [2, 2]],1125,644,1128,643
343232,2,45,119,[6, 5, 3, 11, 7, 9],[[2, 3], [3, 3], [1, 1], [1, 2], [1, 3], [2, 2]],1111,654,1090,643
343278,2,45,119,[6, 5, 3, 11, 7, 9],[[2, 3], [3, 3], [1, 1], [1, 2], [1, 3], [2, 2]],1117,663,1083,643
343340,2,46,124,[10, 4, 3, 11, 7, 9],[[2, 3], [3, 3], [1, 2], [1, 3], [2, 2], [3, 1]],1141,687,1082,643
343387,2,46,124,[10, 4, 3, 11, 7, 9],[[2, 3], [3, 3], [1, 2], [1, 3], [2, 2], [3, 1]],1146,689,1082,643
343452,2,46,124,[10, 4, 3, 11, 7, 9],[[2, 3], [3, 3], [1, 2], [1, 3], [2, 2], [3, 1]],1142,658,1078,651
343496,2,46,124,[10, 4, 3, 11, 7, 9],[[2, 3], [3, 3], [1, 2], [1, 3], [2, 2], [3, 1]],1132,645,1077,655
343555,2,46,124,[10, 4, 3, 11, 7, 9],[[2, 3], [3, 3], [1, 2], [1, 3], [2, 2], [3, 1]],1150,653,1077,656
343598,2,46,124,[10, 4, 3, 11, 7, 9],[[2, 3], [3, 3], [1, 2], [1, 3], [2, 2], [3, 1]],1142,657,1077,661
343657,2,46,124,[10, 4, 3, 11, 7, 9],[[2, 3], [3, 3], [1, 2], [1, 3], [2, 2], [3, 1]],1128,656,1082,668
343700,2,46,124,[10, 4, 3, 11, 7, 9],[[2, 3], [3, 3], [1, 2], [1, 3], [2, 2], [3, 1]],1144,636,1105,680
343758,2,46,124,[10, 4, 3, 11, 7, 9],[[2, 3], [3, 3], [1, 2], [1, 3], [2, 2], [3, 1]],1151,644,1106,682
343806,2,46,124,[10, 4, 3, 11, 7, 9],[[2, 3], [3, 3], [1, 2], [1, 3], [2, 2], [3, 1]],1174,658,1112,686
343862,2,46,124,[10, 4, 3, 11, 7, 9],[[2, 3], [3, 3], [1, 2], [1, 3], [2, 2], [3, 1]],1186,666,1119,688
343912,2,46,124,[10, 4, 3, 11, 7, 9],[[2, 3], [3, 3], [1, 2], [1, 3], [2, 2], [3, 1]],1176,679,1128,688
343971,2,46,124,[10, 4, 3, 11, 7, 9],[[2, 3], [3, 3], [1, 2], [1, 3], [2, 2], [3, 1]],1177,669,1137,685
344044,2,46,124,[10, 4, 3, 11, 7, 9],[[2, 3], [3, 3], [1, 2], [1, 3], [2, 2], [3, 1]],1196,679,1145,678
344093,2,46,124,[10, 4, 3, 11, 7, 9],[[2, 3], [3, 3], [1, 2], [1, 3], [2, 2], [3, 1]],1194,692,1151,671
344141,2,46,124,[10, 4, 3, 11, 7, 9],[[2, 3], [3, 3], [1, 2], [1, 3], [2, 2], [3, 1]],1172,695,1157,666
344184,2,46,124,[10, 4, 3, 11, 7, 9],[[2, 3], [3, 3], [1, 2], [1, 3], [2, 2], [3, 1]],1160,675,1159,664
344239,2,46,124,[10, 4, 3, 11, 7, 9],[[2, 3], [3, 3], [1, 2], [1, 3], [2, 2], [3, 1]],1157,693,1160,663
344335,2,46,124,[10, 4, 3, 11, 7, 9],[[2, 3], [3, 3], [1, 2], [1, 3], [2, 2], [3, 1]],1156,700,1160,654
344390,2,46,124,[10, 4, 3, 11, 7, 9],[[2, 3], [3, 3], [1, 2], [1, 3], [2, 2], [3, 1]],1155,696,1160,654
344460,2,46,124,[10, 4, 3, 11, 7, 9],[[2, 3], [3, 3], [1, 2], [1, 3], [2, 2], [3, 1]],1179,689,1158,654
344530,2,46,124,[10, 4, 3, 11, 7, 9],[[2, 3], [3, 3], [1, 2], [1, 3], [2, 2], [3, 1]],1176,704,1152,657
344608,2,46,124,[10, 4, 3, 11, 7, 9],[[2, 3], [3, 3], [1, 2], [1, 3], [2, 2], [3, 1]],1165,719,1150,658
344655,2,46,124,[10, 4, 3, 11, 7, 9],[[2, 3], [3, 3], [1, 2], [1, 3], [2, 2], [3, 1]],1174,713,1150,669
344734,2,46,124,[10, 4, 3, 11, 7, 9],[[2, 3], [3, 3], [1, 2], [1, 3], [2, 2], [3, 1]],1136,704,1149,680
344791,2,46,124,[10, 4, 3, 11, 7, 9],[[2, 3], [3, 3], [1, 2], [1, 3], [2, 2], [3, 1]],1147,682,1151,687
344871,2,46,124,[10, 4, 3, 11, 7, 9],[[2, 3], [3, 3], [1, 2], [1, 3], [2, 2], [3, 1]],1156,687,1154,693
344925,2,46,124,[10, 4, 3, 11, 7, 9],[[2, 3], [3, 3], [1, 2], [1, 3], [2, 2], [3, 1]],1155,688,1154,693
345004,2,46,124,[10, 4, 3, 11, 7, 9],[[2, 3], [3, 3], [1, 2], [1, 3], [2, 2], [3, 1]],1150,715,1154,693
345068,2,46,124,[10, 4, 3, 11, 7, 9],[[2, 3], [3, 3], [1, 2], [1, 3], [2, 2], [3, 1]],1167,728,1154,693
345119,2,46,124,[10, 4, 3, 11, 7, 9],[[2, 3], [3, 3], [1, 2], [1, 3], [2, 2], [3, 1]],1161,716,1169,691
345172,2,46,124,[10, 4, 3, 11, 7, 9],[[2, 3], [3, 3], [1, 2], [1, 3], [2, 2], [3, 1]],1145,714,1183,686
345250,2,46,124,[10, 4, 3, 11, 7, 9],[[2, 3], [3, 3], [1, 2], [1, 3], [2, 2], [3, 1]],1152,720,1183,684
345308,2,46,124,[10, 4, 3, 11, 7, 9],[[2, 3], [3, 3], [1, 2], [1, 3], [2, 2], [3, 1]],1147,745,1183,676
345361,2,46,124,[10, 4, 3, 11, 7, 9],[[2, 3], [3, 3], [1, 2], [1, 3], [2, 2], [3, 1]],1136,724,1183,675
345419,2,46,124,[10, 4, 3, 11, 7, 9],[[2, 3], [3, 3], [1, 2], [1, 3], [2, 2], [3, 1]],1145,740,1181,667
345462,2,46,124,[10, 4, 3, 11, 7, 9],[[2, 3], [3, 3], [1, 2], [1, 3], [2, 2], [3, 1]],1162,735,1180,667
345520,2,46,124,[10, 4, 3, 11, 7, 9],[[2, 3], [3, 3], [1, 2], [1, 3], [2, 2], [3, 1]],1166,728,1174,666
345569,2,46,124,[10, 4, 3, 11, 7, 9],[[2, 3], [3, 3], [1, 2], [1, 3], [2, 2], [3, 1]],1177,707,1164,666
345609,2,46,124,[10, 4, 3, 11, 7, 9],[[2, 3], [3, 3], [1, 2], [1, 3], [2, 2], [3, 1]],1175,710,1154,670
345657,2,46,124,[10, 4, 3, 11, 7, 9],[[2, 3], [3, 3], [1, 2], [1, 3], [2, 2], [3, 1]],1188,703,1148,677
345716,2,46,124,[10, 4, 3, 11, 7, 9],[[2, 3], [3, 3], [1, 2], [1, 3], [2, 2], [3, 1]],1183,674,1147,679
345764,2,46,124,[10, 4, 3, 11, 7, 9],[[2, 3], [3, 3], [1, 2], [1, 3], [2, 2], [3, 1]],1186,642,1146,687
345851,2,46,124,[10, 4, 3, 11, 7, 9],[[2, 3], [3, 3], [1, 2], [1, 3], [2, 2], [3, 1]],1194,665,1146,701
345917,2,46,124,[10, 4, 3, 11, 7, 9],[[2, 3], [3, 3], [1, 2], [1, 3], [2, 2], [3, 1]],1222,661,1146,716
345981,2,46,124,[10, 4, 3, 11, 7, 9],[[2, 3], [3, 3], [1, 2], [1, 3], [2, 2], [3, 1]],1223,652,1152,723
346051,2,46,124,[10, 4, 3, 11, 7, 9],[[2, 3], [3, 3], [1, 2], [1, 3], [2, 2], [3, 1]],1231,629,1165,724
346102,2,46,124,[10, 4, 3, 11, 7, 9],[[2, 3], [3, 3], [1, 2], [1, 3], [2, 2], [3, 1]],1232,619,1181,720
346158,2,46,124,[10, 4, 3, 11, 7, 9],[[2, 3], [3, 3], [1, 2], [1, 3], [2, 2], [3, 1]],1225,597,1204,700
346238,2,46,124,[10, 4, 3, 11, 7, 9],[[2, 3], [3, 3], [1, 2], [1, 3], [2, 2], [3, 1]],1228,595,1217,691
346308,2,46,124,[10, 4, 3, 11, 7, 9],[[2, 3], [3, 3], [1, 2], [1, 3], [2, 2], [3, 1]],1226,593,1227,683
346387,2,46,124,[10, 4, 3, 11, 7, 9],[[2, 3], [3, 3], [1, 2], [1, 3], [2, 2], [3, 1]],1237,602,1243,667
346442,2,46,124,[10, 4, 3, 11, 7, 9],[[2, 3], [3, 3], [1, 2], [1, 3], [2, 2], [3, 1]],1252,584,1249,653
346510,2,46,124,[10, 4, 3, 11, 7, 9],[[2, 3], [3, 3], [1, 2], [1, 3], [2, 2], [3, 1]],1252,596,1251,638
346573,2,46,124,[10, 4, 3, 11, 7, 9],[[2, 3], [3, 3], [1, 2], [1, 3], [2, 2], [3, 1]],1251,615,1251,614
346630,2,46,124,[10, 4, 3, 11, 7, 9],[[2, 3], [3, 3], [1, 2], [1, 3], [2, 2], [3, 1]],1272,612,1251,598
346711,2,46,124,[10, 4, 3, 11, 7, 9],[[2, 3], [3, 3], [1, 2], [1, 3], [2, 2], [3, 1]],1250,587,1251,595
346799,2,46,124,[10, 4, 3, 11, 7, 9],[[2, 3], [3, 3], [1, 2], [1, 3], [2, 2], [3, 1]],1239,601,1251,595
346840,2,46,124,[10, 4, 3, 11, 7, 9],[[2, 3], [3, 3], [1, 2], [1, 3], [2, 2], [3, 1]],1230,611,1249,598
346897,2,46,124,[10, 4, 3, 11, 7, 9],[[2, 3], [3, 3], [1, 2], [1, 3], [2, 2], [3, 1]],1241,612,1235,620
346971,2,46,124,[10, 4, 3, 11, 7, 9],[[2, 3], [3, 3], [1, 2], [1, 3], [2, 2], [3, 1]],1214,593,1235,638
347033,2,46,124,[10, 4, 3, 11, 7, 9],[[2, 3], [3, 3], [1, 2], [1, 3], [2, 2], [3, 1]],1234,599,1237,640
347097,2,46,124,[10, 4, 3, 11, 7, 9],[[2, 3], [3, 3], [1, 2], [1, 3], [2, 2], [3, 1]],1233,573,1244,641
347155,2,46,124,[10, 4, 3, 11, 7, 9],[[2, 3], [3, 3], [1, 2], [1, 3], [2, 2], [3, 1]],1227,577,1260,641
347215,2,46,124,[10, 4, 3, 11, 7, 9],[[2, 3], [3, 3], [1, 2], [1, 3], [2, 2], [3, 1]],1230,602,1265,636
347281,2,46,124,[10, 4, 3, 11, 7, 9],[[2, 3], [3, 3], [1, 2], [1, 3], [2, 2], [3, 1]],1213,576,1268,628
347334,2,46,124,[10, 4, 3, 11, 7, 9],[[2, 3], [3, 3], [1, 2], [1, 3], [2, 2], [3, 1]],1226,579,1268,623
347382,2,46,124,[10, 4, 3, 11, 7, 9],[[2, 3], [3, 3], [1, 2], [1, 3], [2, 2], [3, 1]],1175,571,1268,614
347461,2,47,55,[6, 5, 3, 11, 2, 1],[[2, 1], [3, 1], [3, 2], [3, 3], [1, 2], [2, 3]],1160,586,1267,601
347514,2,47,55,[6, 5, 3, 11, 2, 1],[[2, 1], [3, 1], [3, 2], [3, 3], [1, 2], [2, 3]],1182,566,1264,590
347574,2,47,55,[6, 5, 3, 11, 2, 1],[[2, 1], [3, 1], [3, 2], [3, 3], [1, 2], [2, 3]],1202,557,1262,589
347618,2,47,55,[6, 5, 3, 11, 2, 1],[[2, 1], [3, 1], [3, 2], [3, 3], [1, 2], [2, 3]],1170,547,1262,589
347669,2,47,55,[6, 5, 3, 11, 2, 1],[[2, 1], [3, 1], [3, 2], [3, 3], [1, 2], [2, 3]],1162,534,1256,583
347710,2,47,55,[6, 5, 3, 11, 2, 1],[[2, 1], [3, 1], [3, 2], [3, 3], [1, 2], [2, 3]],1157,533,1256,583
347768,2,47,55,[6, 5, 3, 11, 2, 1],[[2, 1], [3, 1], [3, 2], [3, 3], [1, 2], [2, 3]],1165,549,1256,583
347822,2,47,55,[6, 5, 3, 11, 2, 1],[[2, 1], [3, 1], [3, 2], [3, 3], [1, 2], [2, 3]],1167,577,1252,579
347876,2,47,55,[6, 5, 3, 11, 2, 1],[[2, 1], [3, 1], [3, 2], [3, 3], [1, 2], [2, 3]],1158,562,1239,572
347945,2,47,55,[6, 5, 3, 11, 2, 1],[[2, 1], [3, 1], [3, 2], [3, 3], [1, 2], [2, 3]],1152,589,1229,564
347994,2,47,55,[6, 5, 3, 11, 2, 1],[[2, 1], [3, 1], [3, 2], [3, 3], [1, 2], [2, 3]],1170,592,1224,561
348048,2,47,55,[6, 5, 3, 11, 2, 1],[[2, 1], [3, 1], [3, 2], [3, 3], [1, 2], [2, 3]],1174,588,1216,553
348099,2,47,55,[6, 5, 3, 11, 2, 1],[[2, 1], [3, 1], [3, 2], [3, 3], [1, 2], [2, 3]],1195,589,1208,551
348165,2,47,55,[6, 5, 3, 11, 2, 1],[[2, 1], [3, 1], [3, 2], [3, 3], [1, 2], [2, 3]],1186,604,1201,550
348230,2,47,55,[6, 5, 3, 11, 2, 1],[[2, 1], [3, 1], [3, 2], [3, 3], [1, 2], [2, 3]],1190,626,1180,554
348303,2,47,55,[6, 5, 3, 11, 2, 1],[[2, 1], [3, 1], [3, 2], [3, 3], [1, 2], [2, 3]],1145,653,1160,570
348353,2,47,55,[6, 5, 3, 11, 2, 1],[[2, 1], [3, 1], [3, 2], [3, 3], [1, 2], [2, 3]],1134,651,1147,587
348426,2,47,55,[6, 5, 3, 11, 2, 1],[[2, 1], [3, 1], [3, 2], [3, 3], [1, 2], [2, 3]],1130,660,1138,603
348483,2,47,55,[6, 5, 3, 11, 2, 1],[[2, 1], [3, 1], [3, 2], [3, 3], [1, 2], [2, 3]],1116,688,1137,615
348539,2,47,55,[6, 5, 3, 11, 2, 1],[[2, 1], [3, 1], [3, 2], [3, 3], [1, 2], [2, 3]],1120,704,1137,621
348617,2,47,55,[6, 5, 3, 11, 2, 1],[[2, 1], [3, 1], [3, 2], [3, 3], [1, 2], [2, 3]],1135,721,1137,625
348698,2,47,55,[6, 5, 3, 11, 2, 1],[[2, 1], [3, 1], [3, 2], [3, 3], [1, 2], [2, 3]],1130,727,1137,633
348772,2,47,55,[6, 5, 3, 11, 2, 1],[[2, 1], [3, 1], [3, 2], [3, 3], [1, 2], [2, 3]],1126,709,1134,639
348842,2,47,55,[6, 5, 3, 11, 2, 1],[[2, 1], [3, 1], [3, 2], [3, 3], [1, 2], [2, 3]],1128,721,1134,646
348904,2,47,55,[6, 5, 3, 11, 2, 1],[[2, 1], [3, 1], [3, 2], [3, 3], [1, 2], [2, 3]],1140,738,1134,647
348955,2,47,55,[6, 5, 3, 11, 2, 1],[[2, 1], [3, 1], [3, 2], [3, 3], [1, 2], [2, 3]],1146,739,1136,654
349005,2,47,55,[6, 5, 3, 11, 2, 1],[[2, 1], [3, 1], [3, 2], [3, 3], [1, 2], [2, 3]],1164,710,1142,663
349058,2,47,55,[6, 5, 3, 11, 2, 1],[[2, 1], [3, 1], [3, 2], [3, 3], [1, 2], [2, 3]],1162,707,1146,669
349100,2,47,55,[6, 5, 3, 11, 2, 1],[[2, 1], [3, 1], [3, 2], [3, 3], [1, 2], [2, 3]],1143,694,1149,676
349190,2,47,55,[6, 5, 3, 11, 2, 1],[[2, 1], [3, 1], [3, 2], [3, 3], [1, 2], [2, 3]],1162,693,1151,677
349231,2,47,55,[6, 5, 3, 11, 2, 1],[[2, 1], [3, 1], [3, 2], [3, 3], [1, 2], [2, 3]],1131,702,1153,684
349282,2,47,55,[6, 5, 3, 11, 2, 1],[[2, 1], [3, 1], [3, 2], [3, 3], [1, 2], [2, 3]],1139,716,1155,687
349322,2,47,55,[6, 5, 3, 11, 2, 1],[[2, 1], [3, 1], [3, 2], [3, 3], [1, 2], [2, 3]],1149,698,1155,687
349367,2,47,55,[6, 5, 3, 11, 2, 1],[[2, 1], [3, 1], [3, 2], [3, 3], [1, 2], [2, 3]],1151,696,1155,687
349427,2,47,55,[6, 5, 3, 11, 2, 1],[[2, 1], [3, 1], [3, 2], [3, 3], [1, 2], [2, 3]],1145,691,1155,687
349471,2,47,55,[6, 5, 3, 11, 2, 1],[[2, 1], [3, 1], [3, 2], [3, 3], [1, 2], [2, 3]],1143,704,1155,687
349538,2,47,55,[6, 5, 3, 11, 2, 1],[[2, 1], [3, 1], [3, 2], [3, 3], [1, 2], [2, 3]],1141,709,1155,687
349602,2,47,55,[6, 5, 3, 11, 2, 1],[[2, 1], [3, 1], [3, 2], [3, 3], [1, 2], [2, 3]],1140,712,1155,687
349666,2,47,55,[6, 5, 3, 11, 2, 1],[[2, 1], [3, 1], [3, 2], [3, 3], [1, 2], [2, 3]],1155,722,1155,687
349715,2,47,55,[6, 5, 3, 11, 2, 1],[[2, 1], [3, 1], [3, 2], [3, 3], [1, 2], [2, 3]],1136,719,1155,687
349761,2,47,55,[6, 5, 3, 11, 2, 1],[[2, 1], [3, 1], [3, 2], [3, 3], [1, 2], [2, 3]],1103,718,1155,687
349811,2,47,55,[6, 5, 3, 11, 2, 1],[[2, 1], [3, 1], [3, 2], [3, 3], [1, 2], [2, 3]],1093,703,1155,687
349856,2,47,55,[6, 5, 3, 11, 2, 1],[[2, 1], [3, 1], [3, 2], [3, 3], [1, 2], [2, 3]],1101,704,1155,687
349902,2,47,55,[6, 5, 3, 11, 2, 1],[[2, 1], [3, 1], [3, 2], [3, 3], [1, 2], [2, 3]],1076,729,1155,687
349961,2,47,55,[6, 5, 3, 11, 2, 1],[[2, 1], [3, 1], [3, 2], [3, 3], [1, 2], [2, 3]],1084,713,1155,687
350009,2,47,55,[6, 5, 3, 11, 2, 1],[[2, 1], [3, 1], [3, 2], [3, 3], [1, 2], [2, 3]],1121,729,1155,687
350068,2,47,55,[6, 5, 3, 11, 2, 1],[[2, 1], [3, 1], [3, 2], [3, 3], [1, 2], [2, 3]],1120,719,1155,687
350126,2,47,55,[6, 5, 3, 11, 2, 1],[[2, 1], [3, 1], [3, 2], [3, 3], [1, 2], [2, 3]],1142,738,1155,687
350175,2,47,55,[6, 5, 3, 11, 2, 1],[[2, 1], [3, 1], [3, 2], [3, 3], [1, 2], [2, 3]],1133,738,1139,690
350220,2,47,55,[6, 5, 3, 11, 2, 1],[[2, 1], [3, 1], [3, 2], [3, 3], [1, 2], [2, 3]],1123,734,1122,694
350270,2,47,55,[6, 5, 3, 11, 2, 1],[[2, 1], [3, 1], [3, 2], [3, 3], [1, 2], [2, 3]],1133,730,1122,694
350321,2,47,55,[6, 5, 3, 11, 2, 1],[[2, 1], [3, 1], [3, 2], [3, 3], [1, 2], [2, 3]],1147,716,1122,694
350380,2,47,55,[6, 5, 3, 11, 2, 1],[[2, 1], [3, 1], [3, 2], [3, 3], [1, 2], [2, 3]],1152,720,1122,694
350423,2,47,55,[6, 5, 3, 11, 2, 1],[[2, 1], [3, 1], [3, 2], [3, 3], [1, 2], [2, 3]],1150,736,1122,694
350497,2,47,55,[6, 5, 3, 11, 2, 1],[[2, 1], [3, 1], [3, 2], [3, 3], [1, 2], [2, 3]],1124,730,1122,698
350557,2,47,55,[6, 5, 3, 11, 2, 1],[[2, 1], [3, 1], [3, 2], [3, 3], [1, 2], [2, 3]],1125,734,1124,706
350596,2,47,55,[6, 5, 3, 11, 2, 1],[[2, 1], [3, 1], [3, 2], [3, 3], [1, 2], [2, 3]],1105,720,1128,710
350666,2,47,55,[6, 5, 3, 11, 2, 1],[[2, 1], [3, 1], [3, 2], [3, 3], [1, 2], [2, 3]],1131,713,1129,711
350728,2,47,55,[6, 5, 3, 11, 2, 1],[[2, 1], [3, 1], [3, 2], [3, 3], [1, 2], [2, 3]],1139,709,1136,717
350788,2,47,55,[6, 5, 3, 11, 2, 1],[[2, 1], [3, 1], [3, 2], [3, 3], [1, 2], [2, 3]],1133,726,1141,720
350846,2,47,55,[6, 5, 3, 11, 2, 1],[[2, 1], [3, 1], [3, 2], [3, 3], [1, 2], [2, 3]],1137,729,1156,726
350898,2,47,55,[6, 5, 3, 11, 2, 1],[[2, 1], [3, 1], [3, 2], [3, 3], [1, 2], [2, 3]],1130,731,1160,729
350968,2,47,55,[6, 5, 3, 11, 2, 1],[[2, 1], [3, 1], [3, 2], [3, 3], [1, 2], [2, 3]],1132,733,1160,729
351053,2,47,55,[6, 5, 3, 11, 2, 1],[[2, 1], [3, 1], [3, 2], [3, 3], [1, 2], [2, 3]],1145,705,1160,729
351125,2,47,55,[6, 5, 3, 11, 2, 1],[[2, 1], [3, 1], [3, 2], [3, 3], [1, 2], [2, 3]],1155,695,1160,729
351182,2,47,55,[6, 5, 3, 11, 2, 1],[[2, 1], [3, 1], [3, 2], [3, 3], [1, 2], [2, 3]],1123,682,1162,725
351246,2,47,55,[6, 5, 3, 11, 2, 1],[[2, 1], [3, 1], [3, 2], [3, 3], [1, 2], [2, 3]],1106,679,1162,718
351311,2,47,55,[6, 5, 3, 11, 2, 1],[[2, 1], [3, 1], [3, 2], [3, 3], [1, 2], [2, 3]],1090,674,1163,715
351375,2,47,55,[6, 5, 3, 11, 2, 1],[[2, 1], [3, 1], [3, 2], [3, 3], [1, 2], [2, 3]],1094,713,1163,711
351429,2,47,55,[6, 5, 3, 11, 2, 1],[[2, 1], [3, 1], [3, 2], [3, 3], [1, 2], [2, 3]],1087,685,1163,711
351493,2,47,55,[6, 5, 3, 11, 2, 1],[[2, 1], [3, 1], [3, 2], [3, 3], [1, 2], [2, 3]],1091,694,1163,711
351546,2,48,21,[6, 5, 8, 12, 2, 1],[[1, 1], [2, 1], [3, 2], [3, 3], [1, 2], [2, 3]],1081,698,1163,711
351607,2,48,21,[6, 5, 8, 12, 2, 1],[[1, 1], [2, 1], [3, 2], [3, 3], [1, 2], [2, 3]],1045,703,1163,707
351665,2,48,21,[6, 5, 8, 12, 2, 1],[[1, 1], [2, 1], [3, 2], [3, 3], [1, 2], [2, 3]],1067,720,1163,707
351748,2,48,21,[6, 5, 8, 12, 2, 1],[[1, 1], [2, 1], [3, 2], [3, 3], [1, 2], [2, 3]],1079,722,1161,702
351808,2,48,21,[6, 5, 8, 12, 2, 1],[[1, 1], [2, 1], [3, 2], [3, 3], [1, 2], [2, 3]],1073,706,1153,690
351878,2,48,21,[6, 5, 8, 12, 2, 1],[[1, 1], [2, 1], [3, 2], [3, 3], [1, 2], [2, 3]],1077,727,1146,685
351971,2,48,21,[6, 5, 8, 12, 2, 1],[[1, 1], [2, 1], [3, 2], [3, 3], [1, 2], [2, 3]],1078,733,1145,685
352019,2,48,21,[6, 5, 8, 12, 2, 1],[[1, 1], [2, 1], [3, 2], [3, 3], [1, 2], [2, 3]],1051,709,1145,685
352087,2,48,21,[6, 5, 8, 12, 2, 1],[[1, 1], [2, 1], [3, 2], [3, 3], [1, 2], [2, 3]],1034,723,1116,674
352162,2,48,21,[6, 5, 8, 12, 2, 1],[[1, 1], [2, 1], [3, 2], [3, 3], [1, 2], [2, 3]],1011,728,1115,674
352216,2,48,21,[6, 5, 8, 12, 2, 1],[[1, 1], [2, 1], [3, 2], [3, 3], [1, 2], [2, 3]],977,704,1109,674
352254,2,48,21,[6, 5, 8, 12, 2, 1],[[1, 1], [2, 1], [3, 2], [3, 3], [1, 2], [2, 3]],1002,731,1107,680
352313,2,48,21,[6, 5, 8, 12, 2, 1],[[1, 1], [2, 1], [3, 2], [3, 3], [1, 2], [2, 3]],1021,746,1104,683
352381,2,48,21,[6, 5, 8, 12, 2, 1],[[1, 1], [2, 1], [3, 2], [3, 3], [1, 2], [2, 3]],1019,753,1103,685
352446,2,48,21,[6, 5, 8, 12, 2, 1],[[1, 1], [2, 1], [3, 2], [3, 3], [1, 2], [2, 3]],1042,731,1099,691
352501,2,48,21,[6, 5, 8, 12, 2, 1],[[1, 1], [2, 1], [3, 2], [3, 3], [1, 2], [2, 3]],1026,750,1093,696
352561,2,48,21,[6, 5, 8, 12, 2, 1],[[1, 1], [2, 1], [3, 2], [3, 3], [1, 2], [2, 3]],1022,773,1086,701
352618,2,48,21,[6, 5, 8, 12, 2, 1],[[1, 1], [2, 1], [3, 2], [3, 3], [1, 2], [2, 3]],1014,789,1079,707
352673,2,48,21,[6, 5, 8, 12, 2, 1],[[1, 1], [2, 1], [3, 2], [3, 3], [1, 2], [2, 3]],1044,793,1073,717
352741,2,48,21,[6, 5, 8, 12, 2, 1],[[1, 1], [2, 1], [3, 2], [3, 3], [1, 2], [2, 3]],1008,804,1064,739
352805,2,48,21,[6, 5, 8, 12, 2, 1],[[1, 1], [2, 1], [3, 2], [3, 3], [1, 2], [2, 3]],1012,800,1059,752
352857,2,48,21,[6, 5, 8, 12, 2, 1],[[1, 1], [2, 1], [3, 2], [3, 3], [1, 2], [2, 3]],975,824,1058,757
352942,2,48,21,[6, 5, 8, 12, 2, 1],[[1, 1], [2, 1], [3, 2], [3, 3], [1, 2], [2, 3]],953,842,1057,763
352985,2,48,21,[6, 5, 8, 12, 2, 1],[[1, 1], [2, 1], [3, 2], [3, 3], [1, 2], [2, 3]],980,852,1057,768
353036,2,48,21,[6, 5, 8, 12, 2, 1],[[1, 1], [2, 1], [3, 2], [3, 3], [1, 2], [2, 3]],1005,840,1057,771
353132,2,48,21,[6, 5, 8, 12, 2, 1],[[1, 1], [2, 1], [3, 2], [3, 3], [1, 2], [2, 3]],991,837,1060,780
353206,2,48,21,[6, 5, 8, 12, 2, 1],[[1, 1], [2, 1], [3, 2], [3, 3], [1, 2], [2, 3]],949,811,1059,790
353275,2,48,21,[6, 5, 8, 12, 2, 1],[[1, 1], [2, 1], [3, 2], [3, 3], [1, 2], [2, 3]],966,806,1047,817
353327,2,48,21,[6, 5, 8, 12, 2, 1],[[1, 1], [2, 1], [3, 2], [3, 3], [1, 2], [2, 3]],991,816,1046,822
353391,2,48,21,[6, 5, 8, 12, 2, 1],[[1, 1], [2, 1], [3, 2], [3, 3], [1, 2], [2, 3]],984,829,1043,829
353427,2,48,21,[6, 5, 8, 12, 2, 1],[[1, 1], [2, 1], [3, 2], [3, 3], [1, 2], [2, 3]],1004,847,1042,832
353486,2,48,21,[6, 5, 8, 12, 2, 1],[[1, 1], [2, 1], [3, 2], [3, 3], [1, 2], [2, 3]],1011,838,1037,837
353550,2,48,21,[6, 5, 8, 12, 2, 1],[[1, 1], [2, 1], [3, 2], [3, 3], [1, 2], [2, 3]],1030,835,1036,839
353612,2,48,21,[6, 5, 8, 12, 2, 1],[[1, 1], [2, 1], [3, 2], [3, 3], [1, 2], [2, 3]],1017,860,1027,842
353701,2,48,21,[6, 5, 8, 12, 2, 1],[[1, 1], [2, 1], [3, 2], [3, 3], [1, 2], [2, 3]],1018,824,1018,846
353769,2,48,21,[6, 5, 8, 12, 2, 1],[[1, 1], [2, 1], [3, 2], [3, 3], [1, 2], [2, 3]],1005,804,1016,847
353823,2,48,21,[6, 5, 8, 12, 2, 1],[[1, 1], [2, 1], [3, 2], [3, 3], [1, 2], [2, 3]],1013,783,1016,847
353878,2,48,21,[6, 5, 8, 12, 2, 1],[[1, 1], [2, 1], [3, 2], [3, 3], [1, 2], [2, 3]],1027,740,1015,849
353937,2,48,21,[6, 5, 8, 12, 2, 1],[[1, 1], [2, 1], [3, 2], [3, 3], [1, 2], [2, 3]],1029,745,1013,854
353990,2,48,21,[6, 5, 8, 12, 2, 1],[[1, 1], [2, 1], [3, 2], [3, 3], [1, 2], [2, 3]],1040,763,1012,858
354074,2,48,21,[6, 5, 8, 12, 2, 1],[[1, 1], [2, 1], [3, 2], [3, 3], [1, 2], [2, 3]],1050,751,1011,864
354128,2,48,21,[6, 5, 8, 12, 2, 1],[[1, 1], [2, 1], [3, 2], [3, 3], [1, 2], [2, 3]],1034,778,1011,865
354171,2,48,21,[6, 5, 8, 12, 2, 1],[[1, 1], [2, 1], [3, 2], [3, 3], [1, 2], [2, 3]],1044,782,1011,866
354224,2,48,21,[6, 5, 8, 12, 2, 1],[[1, 1], [2, 1], [3, 2], [3, 3], [1, 2], [2, 3]],1044,798,1028,864
354292,2,48,21,[6, 5, 8, 12, 2, 1],[[1, 1], [2, 1], [3, 2], [3, 3], [1, 2], [2, 3]],1035,781,1052,855
354362,2,48,21,[6, 5, 8, 12, 2, 1],[[1, 1], [2, 1], [3, 2], [3, 3], [1, 2], [2, 3]],1069,756,1067,841
354411,2,48,21,[6, 5, 8, 12, 2, 1],[[1, 1], [2, 1], [3, 2], [3, 3], [1, 2], [2, 3]],1067,741,1077,828
354468,2,48,21,[6, 5, 8, 12, 2, 1],[[1, 1], [2, 1], [3, 2], [3, 3], [1, 2], [2, 3]],1070,743,1084,821
354535,2,48,21,[6, 5, 8, 12, 2, 1],[[1, 1], [2, 1], [3, 2], [3, 3], [1, 2], [2, 3]],1062,726,1088,815
354576,2,48,21,[6, 5, 8, 12, 2, 1],[[1, 1], [2, 1], [3, 2], [3, 3], [1, 2], [2, 3]],1047,705,1093,807
354648,2,48,21,[6, 5, 8, 12, 2, 1],[[1, 1], [2, 1], [3, 2], [3, 3], [1, 2], [2, 3]],1027,726,1094,806
354704,2,48,21,[6, 5, 8, 12, 2, 1],[[1, 1], [2, 1], [3, 2], [3, 3], [1, 2], [2, 3]],1030,742,1096,800
354771,2,48,21,[6, 5, 8, 12, 2, 1],[[1, 1], [2, 1], [3, 2], [3, 3], [1, 2], [2, 3]],1015,735,1100,788
354819,2,48,21,[6, 5, 8, 12, 2, 1],[[1, 1], [2, 1], [3, 2], [3, 3], [1, 2], [2, 3]],1005,728,1101,778
354884,2,48,21,[6, 5, 8, 12, 2, 1],[[1, 1], [2, 1], [3, 2], [3, 3], [1, 2], [2, 3]],989,713,1102,768
354937,2,48,21,[6, 5, 8, 12, 2, 1],[[1, 1], [2, 1], [3, 2], [3, 3], [1, 2], [2, 3]],958,692,1103,758
354995,2,48,21,[6, 5, 8, 12, 2, 1],[[1, 1], [2, 1], [3, 2], [3, 3], [1, 2], [2, 3]],929,671,1102,749
355055,2,48,21,[6, 5, 8, 12, 2, 1],[[1, 1], [2, 1], [3, 2], [3, 3], [1, 2], [2, 3]],927,681,1100,736
355110,2,48,21,[6, 5, 8, 12, 2, 1],[[1, 1], [2, 1], [3, 2], [3, 3], [1, 2], [2, 3]],914,678,1090,729
355158,2,48,21,[6, 5, 8, 12, 2, 1],[[1, 1], [2, 1], [3, 2], [3, 3], [1, 2], [2, 3]],916,694,1089,728
355215,2,48,21,[6, 5, 8, 12, 2, 1],[[1, 1], [2, 1], [3, 2], [3, 3], [1, 2], [2, 3]],918,690,1066,721
355268,2,48,21,[6, 5, 8, 12, 2, 1],[[1, 1], [2, 1], [3, 2], [3, 3], [1, 2], [2, 3]],883,693,1056,718
355335,2,48,21,[6, 5, 8, 12, 2, 1],[[1, 1], [2, 1], [3, 2], [3, 3], [1, 2], [2, 3]],892,703,1019,705
355385,2,48,21,[6, 5, 8, 12, 2, 1],[[1, 1], [2, 1], [3, 2], [3, 3], [1, 2], [2, 3]],872,693,987,696
355440,2,48,21,[6, 5, 8, 12, 2, 1],[[1, 1], [2, 1], [3, 2], [3, 3], [1, 2], [2, 3]],852,742,975,695
355480,2,48,21,[6, 5, 8, 12, 2, 1],[[1, 1], [2, 1], [3, 2], [3, 3], [1, 2], [2, 3]],847,732,975,695
355543,2,48,21,[6, 5, 8, 12, 2, 1],[[1, 1], [2, 1], [3, 2], [3, 3], [1, 2], [2, 3]],881,716,975,694
355588,2,49,38,[10, 4, 8, 12, 7, 9],[[2, 1], [3, 1], [1, 2], [1, 3], [2, 3], [3, 2]],853,734,975,694
355647,2,49,38,[10, 4, 8, 12, 7, 9],[[2, 1], [3, 1], [1, 2], [1, 3], [2, 3], [3, 2]],856,757,963,702
355695,2,49,38,[10, 4, 8, 12, 7, 9],[[2, 1], [3, 1], [1, 2], [1, 3], [2, 3], [3, 2]],881,751,955,713
355753,2,49,38,[10, 4, 8, 12, 7, 9],[[2, 1], [3, 1], [1, 2], [1, 3], [2, 3], [3, 2]],876,784,945,723
355818,2,49,38,[10, 4, 8, 12, 7, 9],[[2, 1], [3, 1], [1, 2], [1, 3], [2, 3], [3, 2]],879,801,932,736
355887,2,49,38,[10, 4, 8, 12, 7, 9],[[2, 1], [3, 1], [1, 2], [1, 3], [2, 3], [3, 2]],865,805,915,748
355960,2,49,38,[10, 4, 8, 12, 7, 9],[[2, 1], [3, 1], [1, 2], [1, 3], [2, 3], [3, 2]],895,823,904,755
356014,2,49,38,[10, 4, 8, 12, 7, 9],[[2, 1], [3, 1], [1, 2], [1, 3], [2, 3], [3, 2]],887,828,898,758
356082,2,49,38,[10, 4, 8, 12, 7, 9],[[2, 1], [3, 1], [1, 2], [1, 3], [2, 3], [3, 2]],890,818,898,758
356140,2,49,38,[10, 4, 8, 12, 7, 9],[[2, 1], [3, 1], [1, 2], [1, 3], [2, 3], [3, 2]],895,802,896,763
356209,2,49,38,[10, 4, 8, 12, 7, 9],[[2, 1], [3, 1], [1, 2], [1, 3], [2, 3], [3, 2]],921,785,894,770
356250,2,49,38,[10, 4, 8, 12, 7, 9],[[2, 1], [3, 1], [1, 2], [1, 3], [2, 3], [3, 2]],922,791,894,777
356293,2,49,38,[10, 4, 8, 12, 7, 9],[[2, 1], [3, 1], [1, 2], [1, 3], [2, 3], [3, 2]],915,772,894,785
356347,2,49,38,[10, 4, 8, 12, 7, 9],[[2, 1], [3, 1], [1, 2], [1, 3], [2, 3], [3, 2]],917,769,898,806
356412,2,49,38,[10, 4, 8, 12, 7, 9],[[2, 1], [3, 1], [1, 2], [1, 3], [2, 3], [3, 2]],930,785,904,822
356475,2,49,38,[10, 4, 8, 12, 7, 9],[[2, 1], [3, 1], [1, 2], [1, 3], [2, 3], [3, 2]],944,756,909,834
356534,2,49,38,[10, 4, 8, 12, 7, 9],[[2, 1], [3, 1], [1, 2], [1, 3], [2, 3], [3, 2]],976,769,910,837
356592,2,49,38,[10, 4, 8, 12, 7, 9],[[2, 1], [3, 1], [1, 2], [1, 3], [2, 3], [3, 2]],989,757,911,840
356658,2,49,38,[10, 4, 8, 12, 7, 9],[[2, 1], [3, 1], [1, 2], [1, 3], [2, 3], [3, 2]],1014,760,914,841
356733,2,49,38,[10, 4, 8, 12, 7, 9],[[2, 1], [3, 1], [1, 2], [1, 3], [2, 3], [3, 2]],963,750,930,837
356778,2,49,38,[10, 4, 8, 12, 7, 9],[[2, 1], [3, 1], [1, 2], [1, 3], [2, 3], [3, 2]],974,758,939,833
356855,2,49,38,[10, 4, 8, 12, 7, 9],[[2, 1], [3, 1], [1, 2], [1, 3], [2, 3], [3, 2]],962,773,947,831
356902,2,49,38,[10, 4, 8, 12, 7, 9],[[2, 1], [3, 1], [1, 2], [1, 3], [2, 3], [3, 2]],978,778,959,827
356944,2,49,38,[10, 4, 8, 12, 7, 9],[[2, 1], [3, 1], [1, 2], [1, 3], [2, 3], [3, 2]],994,750,982,817
357019,2,49,38,[10, 4, 8, 12, 7, 9],[[2, 1], [3, 1], [1, 2], [1, 3], [2, 3], [3, 2]],1007,773,1004,801
357085,2,49,38,[10, 4, 8, 12, 7, 9],[[2, 1], [3, 1], [1, 2], [1, 3], [2, 3], [3, 2]],1024,765,1007,791
357141,2,49,38,[10, 4, 8, 12, 7, 9],[[2, 1], [3, 1], [1, 2], [1, 3], [2, 3], [3, 2]],1036,761,1007,791
357191,2,49,38,[10, 4, 8, 12, 7, 9],[[2, 1], [3, 1], [1, 2], [1, 3], [2, 3], [3, 2]],1040,784,1007,791
357248,2,49,38,[10, 4, 8, 12, 7, 9],[[2, 1], [3, 1], [1, 2], [1, 3], [2, 3], [3, 2]],1045,759,1007,790
357313,2,49,38,[10, 4, 8, 12, 7, 9],[[2, 1], [3, 1], [1, 2], [1, 3], [2, 3], [3, 2]],1033,797,1000,782
357371,2,49,38,[10, 4, 8, 12, 7, 9],[[2, 1], [3, 1], [1, 2], [1, 3], [2, 3], [3, 2]],1049,792,998,776
357440,2,49,38,[10, 4, 8, 12, 7, 9],[[2, 1], [3, 1], [1, 2], [1, 3], [2, 3], [3, 2]],1037,778,996,764
357497,2,49,38,[10, 4, 8, 12, 7, 9],[[2, 1], [3, 1], [1, 2], [1, 3], [2, 3], [3, 2]],1025,798,996,753
357550,2,49,38,[10, 4, 8, 12, 7, 9],[[2, 1], [3, 1], [1, 2], [1, 3], [2, 3], [3, 2]],1014,832,1002,740
357603,2,49,38,[10, 4, 8, 12, 7, 9],[[2, 1], [3, 1], [1, 2], [1, 3], [2, 3], [3, 2]],1011,846,1006,730
357661,2,49,38,[10, 4, 8, 12, 7, 9],[[2, 1], [3, 1], [1, 2], [1, 3], [2, 3], [3, 2]],1034,836,1006,730
357729,2,49,38,[10, 4, 8, 12, 7, 9],[[2, 1], [3, 1], [1, 2], [1, 3], [2, 3], [3, 2]],1026,841,1009,740
357776,2,49,38,[10, 4, 8, 12, 7, 9],[[2, 1], [3, 1], [1, 2], [1, 3], [2, 3], [3, 2]],1033,843,1015,760
357844,2,49,38,[10, 4, 8, 12, 7, 9],[[2, 1], [3, 1], [1, 2], [1, 3], [2, 3], [3, 2]],1033,830,1016,788
357914,2,49,38,[10, 4, 8, 12, 7, 9],[[2, 1], [3, 1], [1, 2], [1, 3], [2, 3], [3, 2]],1024,813,1016,809
357959,2,49,38,[10, 4, 8, 12, 7, 9],[[2, 1], [3, 1], [1, 2], [1, 3], [2, 3], [3, 2]],1039,800,1016,823
358023,2,49,38,[10, 4, 8, 12, 7, 9],[[2, 1], [3, 1], [1, 2], [1, 3], [2, 3], [3, 2]],1036,788,1016,826
358081,2,49,38,[10, 4, 8, 12, 7, 9],[[2, 1], [3, 1], [1, 2], [1, 3], [2, 3], [3, 2]],1063,788,1015,829
358163,2,49,38,[10, 4, 8, 12, 7, 9],[[2, 1], [3, 1], [1, 2], [1, 3], [2, 3], [3, 2]],1067,803,1012,836
358220,2,49,38,[10, 4, 8, 12, 7, 9],[[2, 1], [3, 1], [1, 2], [1, 3], [2, 3], [3, 2]],1076,792,1011,842
358265,2,49,38,[10, 4, 8, 12, 7, 9],[[2, 1], [3, 1], [1, 2], [1, 3], [2, 3], [3, 2]],1072,805,1010,846
358343,2,49,38,[10, 4, 8, 12, 7, 9],[[2, 1], [3, 1], [1, 2], [1, 3], [2, 3], [3, 2]],1084,771,1009,848
358392,2,49,38,[10, 4, 8, 12, 7, 9],[[2, 1], [3, 1], [1, 2], [1, 3], [2, 3], [3, 2]],1097,770,1009,848
358447,2,49,38,[10, 4, 8, 12, 7, 9],[[2, 1], [3, 1], [1, 2], [1, 3], [2, 3], [3, 2]],1081,764,1009,848
358517,2,49,38,[10, 4, 8, 12, 7, 9],[[2, 1], [3, 1], [1, 2], [1, 3], [2, 3], [3, 2]],1102,757,1019,851
358561,2,49,38,[10, 4, 8, 12, 7, 9],[[2, 1], [3, 1], [1, 2], [1, 3], [2, 3], [3, 2]],1110,753,1050,851
358629,2,49,38,[10, 4, 8, 12, 7, 9],[[2, 1], [3, 1], [1, 2], [1, 3], [2, 3], [3, 2]],1081,761,1062,847
358679,2,49,38,[10, 4, 8, 12, 7, 9],[[2, 1], [3, 1], [1, 2], [1, 3], [2, 3], [3, 2]],1083,714,1072,837
358743,2,49,38,[10, 4, 8, 12, 7, 9],[[2, 1], [3, 1], [1, 2], [1, 3], [2, 3], [3, 2]],1095,726,1083,817
358799,2,49,38,[10, 4, 8, 12, 7, 9],[[2, 1], [3, 1], [1, 2], [1, 3], [2, 3], [3, 2]],1094,724,1090,795
358878,2,49,38,[10, 4, 8, 12, 7, 9],[[2, 1], [3, 1], [1, 2], [1, 3], [2, 3], [3, 2]],1108,723,1094,780
358926,2,49,38,[10, 4, 8, 12, 7, 9],[[2, 1], [3, 1], [1, 2], [1, 3], [2, 3], [3, 2]],1106,727,1094,775
358978,2,49,38,[10, 4, 8, 12, 7, 9],[[2, 1], [3, 1], [1, 2], [1, 3], [2, 3], [3, 2]],1135,708,1094,771
359047,2,49,38,[10, 4, 8, 12, 7, 9],[[2, 1], [3, 1], [1, 2], [1, 3], [2, 3], [3, 2]],1151,711,1090,753
359118,2,49,38,[10, 4, 8, 12, 7, 9],[[2, 1], [3, 1], [1, 2], [1, 3], [2, 3], [3, 2]],1147,723,1083,734
359187,2,49,38,[10, 4, 8, 12, 7, 9],[[2, 1], [3, 1], [1, 2], [1, 3], [2, 3], [3, 2]],1145,735,1082,733
359261,2,49,38,[10, 4, 8, 12, 7, 9],[[2, 1], [3, 1], [1, 2], [1, 3], [2, 3], [3, 2]],1158,725,1083,721
359325,2,49,38,[10, 4, 8, 12, 7, 9],[[2, 1], [3, 1], [1, 2], [1, 3], [2, 3], [3, 2]],1159,709,1100,703
359378,2,49,38,[10, 4, 8, 12, 7, 9],[[2, 1], [3, 1], [1, 2], [1, 3], [2, 3], [3, 2]],1159,721,1129,683
359437,2,49,38,[10, 4, 8, 12, 7, 9],[[2, 1], [3, 1], [1, 2], [1, 3], [2, 3], [3, 2]],1156,744,1139,680
359499,2,49,38,[10, 4, 8, 12, 7, 9],[[2, 1], [3, 1], [1, 2], [1, 3], [2, 3], [3, 2]],1150,762,1140,680
359536,2,49,38,[10, 4, 8, 12, 7, 9],[[2, 1], [3, 1], [1, 2], [1, 3], [2, 3], [3, 2]],1190,761,1140,680
359605,2,49,38,[10, 4, 8, 12, 7, 9],[[2, 1], [3, 1], [1, 2], [1, 3], [2, 3], [3, 2]],1165,749,1140,680
359686,2,50,7,[6, 5, 3, 11, 7, 9],[[1, 1], [2, 1], [1, 2], [1, 3], [2, 2], [3, 1]],1155,715,1140,680
359740,2,50,7,[6, 5, 3, 11, 7, 9],[[1, 1], [2, 1], [1, 2], [1, 3], [2, 2], [3, 1]],1154,711,1140,680
359790,2,50,7,[6, 5, 3, 11, 7, 9],[[1, 1], [2, 1], [1, 2], [1, 3], [2, 2], [3, 1]],1159,719,1140,680
359850,2,50,7,[6, 5, 3, 11, 7, 9],[[1, 1], [2, 1], [1, 2], [1, 3], [2, 2], [3, 1]],1150,731,1142,696
359907,2,50,7,[6, 5, 3, 11, 7, 9],[[1, 1], [2, 1], [1, 2], [1, 3], [2, 2], [3, 1]],1161,731,1145,707
359975,2,50,7,[6, 5, 3, 11, 7, 9],[[1, 1], [2, 1], [1, 2], [1, 3], [2, 2], [3, 1]],1188,737,1146,713
360048,2,50,7,[6, 5, 3, 11, 7, 9],[[1, 1], [2, 1], [1, 2], [1, 3], [2, 2], [3, 1]],1190,736,1146,716
360115,2,50,7,[6, 5, 3, 11, 7, 9],[[1, 1], [2, 1], [1, 2], [1, 3], [2, 2], [3, 1]],1200,718,1146,716
360156,2,50,7,[6, 5, 3, 11, 7, 9],[[1, 1], [2, 1], [1, 2], [1, 3], [2, 2], [3, 1]],1201,723,1146,716
360209,2,50,7,[6, 5, 3, 11, 7, 9],[[1, 1], [2, 1], [1, 2], [1, 3], [2, 2], [3, 1]],1193,720,1146,716
360269,2,50,7,[6, 5, 3, 11, 7, 9],[[1, 1], [2, 1], [1, 2], [1, 3], [2, 2], [3, 1]],1198,719,1147,716
360331,2,50,7,[6, 5, 3, 11, 7, 9],[[1, 1], [2, 1], [1, 2], [1, 3], [2, 2], [3, 1]],1172,708,1151,722
360376,2,50,7,[6, 5, 3, 11, 7, 9],[[1, 1], [2, 1], [1, 2], [1, 3], [2, 2], [3, 1]],1178,711,1161,730
360460,2,50,7,[6, 5, 3, 11, 7, 9],[[1, 1], [2, 1], [1, 2], [1, 3], [2, 2], [3, 1]],1188,726,1175,737
360506,2,50,7,[6, 5, 3, 11, 7, 9],[[1, 1], [2, 1], [1, 2], [1, 3], [2, 2], [3, 1]],1216,718,1179,739
360559,2,50,7,[6, 5, 3, 11, 7, 9],[[1, 1], [2, 1], [1, 2], [1, 3], [2, 2], [3, 1]],1192,759,1180,739
360649,2,50,7,[6, 5, 3, 11, 7, 9],[[1, 1], [2, 1], [1, 2], [1, 3], [2, 2], [3, 1]],1190,756,1180,739
360720,2,50,7,[6, 5, 3, 11, 7, 9],[[1, 1], [2, 1], [1, 2], [1, 3], [2, 2], [3, 1]],1198,748,1180,739
360768,2,50,7,[6, 5, 3, 11, 7, 9],[[1, 1], [2, 1], [1, 2], [1, 3], [2, 2], [3, 1]],1196,760,1180,739
360818,2,50,7,[6, 5, 3, 11, 7, 9],[[1, 1], [2, 1], [1, 2], [1, 3], [2, 2], [3, 1]],1182,748,1180,739
360867,2,50,7,[6, 5, 3, 11, 7, 9],[[1, 1], [2, 1], [1, 2], [1, 3], [2, 2], [3, 1]],1175,752,1180,739
360956,2,50,7,[6, 5, 3, 11, 7, 9],[[1, 1], [2, 1], [1, 2], [1, 3], [2, 2], [3, 1]],1184,765,1180,739
360998,2,50,7,[6, 5, 3, 11, 7, 9],[[1, 1], [2, 1], [1, 2], [1, 3], [2, 2], [3, 1]],1182,767,1180,739
361055,2,50,7,[6, 5, 3, 11, 7, 9],[[1, 1], [2, 1], [1, 2], [1, 3], [2, 2], [3, 1]],1164,759,1180,739
361121,2,50,7,[6, 5, 3, 11, 7, 9],[[1, 1], [2, 1], [1, 2], [1, 3], [2, 2], [3, 1]],1175,736,1180,739
361182,2,50,7,[6, 5, 3, 11, 7, 9],[[1, 1], [2, 1], [1, 2], [1, 3], [2, 2], [3, 1]],1184,736,1180,739
361263,2,50,7,[6, 5, 3, 11, 7, 9],[[1, 1], [2, 1], [1, 2], [1, 3], [2, 2], [3, 1]],1165,721,1186,745
361340,2,50,7,[6, 5, 3, 11, 7, 9],[[1, 1], [2, 1], [1, 2], [1, 3], [2, 2], [3, 1]],1136,691,1195,766
361397,2,50,7,[6, 5, 3, 11, 7, 9],[[1, 1], [2, 1], [1, 2], [1, 3], [2, 2], [3, 1]],1132,685,1195,766
361441,2,50,7,[6, 5, 3, 11, 7, 9],[[1, 1], [2, 1], [1, 2], [1, 3], [2, 2], [3, 1]],1106,682,1199,766
361486,2,50,7,[6, 5, 3, 11, 7, 9],[[1, 1], [2, 1], [1, 2], [1, 3], [2, 2], [3, 1]],1100,644,1205,761
361532,2,50,7,[6, 5, 3, 11, 7, 9],[[1, 1], [2, 1], [1, 2], [1, 3], [2, 2], [3, 1]],1089,612,1209,753
361591,2,50,7,[6, 5, 3, 11, 7, 9],[[1, 1], [2, 1], [1, 2], [1, 3], [2, 2], [3, 1]],1092,614,1206,731
361654,2,50,7,[6, 5, 3, 11, 7, 9],[[1, 1], [2, 1], [1, 2], [1, 3], [2, 2], [3, 1]],1126,622,1148,686
361707,2,50,7,[6, 5, 3, 11, 7, 9],[[1, 1], [2, 1], [1, 2], [1, 3], [2, 2], [3, 1]],1145,640,1138,678
361760,2,50,7,[6, 5, 3, 11, 7, 9],[[1, 1], [2, 1], [1, 2], [1, 3], [2, 2], [3, 1]],1151,635,1123,667
361832,2,50,7,[6, 5, 3, 11, 7, 9],[[1, 1], [2, 1], [1, 2], [1, 3], [2, 2], [3, 1]],1147,647,1112,662
361885,2,50,7,[6, 5, 3, 11, 7, 9],[[1, 1], [2, 1], [1, 2], [1, 3], [2, 2], [3, 1]],1161,649,1109,659
361938,2,50,7,[6, 5, 3, 11, 7, 9],[[1, 1], [2, 1], [1, 2], [1, 3], [2, 2], [3, 1]],1139,629,1109,659
361991,2,50,7,[6, 5, 3, 11, 7, 9],[[1, 1], [2, 1], [1, 2], [1, 3], [2, 2], [3, 1]],1128,642,1109,659
362049,2,50,7,[6, 5, 3, 11, 7, 9],[[1, 1], [2, 1], [1, 2], [1, 3], [2, 2], [3, 1]],1120,641,1109,659
362112,2,50,7,[6, 5, 3, 11, 7, 9],[[1, 1], [2, 1], [1, 2], [1, 3], [2, 2], [3, 1]],1115,625,1109,659
362227,2,50,7,[6, 5, 3, 11, 7, 9],[[1, 1], [2, 1], [1, 2], [1, 3], [2, 2], [3, 1]],1079,650,1109,659
362284,2,50,7,[6, 5, 3, 11, 7, 9],[[1, 1], [2, 1], [1, 2], [1, 3], [2, 2], [3, 1]],1082,680,1109,659
362341,2,50,7,[6, 5, 3, 11, 7, 9],[[1, 1], [2, 1], [1, 2], [1, 3], [2, 2], [3, 1]],1090,666,1109,659
362406,2,50,7,[6, 5, 3, 11, 7, 9],[[1, 1], [2, 1], [1, 2], [1, 3], [2, 2], [3, 1]],1053,665,1109,659
362470,2,50,7,[6, 5, 3, 11, 7, 9],[[1, 1], [2, 1], [1, 2], [1, 3], [2, 2], [3, 1]],1056,674,1109,659
362556,2,50,7,[6, 5, 3, 11, 7, 9],[[1, 1], [2, 1], [1, 2], [1, 3], [2, 2], [3, 1]],1046,662,1109,659
362619,2,50,7,[6, 5, 3, 11, 7, 9],[[1, 1], [2, 1], [1, 2], [1, 3], [2, 2], [3, 1]],1049,657,1109,659
362684,2,50,7,[6, 5, 3, 11, 7, 9],[[1, 1], [2, 1], [1, 2], [1, 3], [2, 2], [3, 1]],1047,696,1109,659
362753,2,50,7,[6, 5, 3, 11, 7, 9],[[1, 1], [2, 1], [1, 2], [1, 3], [2, 2], [3, 1]],1065,677,1109,659
362826,2,50,7,[6, 5, 3, 11, 7, 9],[[1, 1], [2, 1], [1, 2], [1, 3], [2, 2], [3, 1]],1040,658,1109,659
362869,2,50,7,[6, 5, 3, 11, 7, 9],[[1, 1], [2, 1], [1, 2], [1, 3], [2, 2], [3, 1]],1064,635,1109,659
362950,2,50,7,[6, 5, 3, 11, 7, 9],[[1, 1], [2, 1], [1, 2], [1, 3], [2, 2], [3, 1]],1056,609,1109,659
362999,2,50,7,[6, 5, 3, 11, 7, 9],[[1, 1], [2, 1], [1, 2], [1, 3], [2, 2], [3, 1]],1046,606,1109,659
363072,2,50,7,[6, 5, 3, 11, 7, 9],[[1, 1], [2, 1], [1, 2], [1, 3], [2, 2], [3, 1]],1008,622,1109,659
363121,2,50,7,[6, 5, 3, 11, 7, 9],[[1, 1], [2, 1], [1, 2], [1, 3], [2, 2], [3, 1]],1011,645,1109,659
363181,2,50,7,[6, 5, 3, 11, 7, 9],[[1, 1], [2, 1], [1, 2], [1, 3], [2, 2], [3, 1]],997,642,1109,659
363241,2,50,7,[6, 5, 3, 11, 7, 9],[[1, 1], [2, 1], [1, 2], [1, 3], [2, 2], [3, 1]],1014,659,1109,659
363327,2,50,7,[6, 5, 3, 11, 7, 9],[[1, 1], [2, 1], [1, 2], [1, 3], [2, 2], [3, 1]],1026,684,1109,659
363403,2,50,7,[6, 5, 3, 11, 7, 9],[[1, 1], [2, 1], [1, 2], [1, 3], [2, 2], [3, 1]],1007,671,1109,659
363465,2,50,7,[6, 5, 3, 11, 7, 9],[[1, 1], [2, 1], [1, 2], [1, 3], [2, 2], [3, 1]],1013,662,1107,649
363526,2,50,7,[6, 5, 3, 11, 7, 9],[[1, 1], [2, 1], [1, 2], [1, 3], [2, 2], [3, 1]],1041,668,1106,647
363583,2,50,7,[6, 5, 3, 11, 7, 9],[[1, 1], [2, 1], [1, 2], [1, 3], [2, 2], [3, 1]],1043,674,1106,647
363637,2,50,7,[6, 5, 3, 11, 7, 9],[[1, 1], [2, 1], [1, 2], [1, 3], [2, 2], [3, 1]],1055,675,1106,647
363694,2,50,7,[6, 5, 3, 11, 7, 9],[[1, 1], [2, 1], [1, 2], [1, 3], [2, 2], [3, 1]],1073,686,1106,647
363759,2,51,35,[6, 5, 3, 11, 2, 1],[[1, 1], [2, 1], [3, 1], [3, 2], [2, 2], [3, 3]],1078,661,1106,647
363818,2,51,35,[6, 5, 3, 11, 2, 1],[[1, 1], [2, 1], [3, 1], [3, 2], [2, 2], [3, 3]],1092,660,1106,647
363880,2,51,35,[6, 5, 3, 11, 2, 1],[[1, 1], [2, 1], [3, 1], [3, 2], [2, 2], [3, 3]],1111,654,1106,647
363940,2,51,35,[6, 5, 3, 11, 2, 1],[[1, 1], [2, 1], [3, 1], [3, 2], [2, 2], [3, 3]],1107,655,1106,647
363996,2,51,35,[6, 5, 3, 11, 2, 1],[[1, 1], [2, 1], [3, 1], [3, 2], [2, 2], [3, 3]],1103,633,1106,647
364060,2,51,35,[6, 5, 3, 11, 2, 1],[[1, 1], [2, 1], [3, 1], [3, 2], [2, 2], [3, 3]],1106,631,1106,647
364125,2,51,35,[6, 5, 3, 11, 2, 1],[[1, 1], [2, 1], [3, 1], [3, 2], [2, 2], [3, 3]],1113,651,1106,647
364194,2,51,35,[6, 5, 3, 11, 2, 1],[[1, 1], [2, 1], [3, 1], [3, 2], [2, 2], [3, 3]],1126,649,1104,656
364270,2,51,35,[6, 5, 3, 11, 2, 1],[[1, 1], [2, 1], [3, 1], [3, 2], [2, 2], [3, 3]],1118,629,1100,664
364359,2,51,35,[6, 5, 3, 11, 2, 1],[[1, 1], [2, 1], [3, 1], [3, 2], [2, 2], [3, 3]],1111,643,1101,674
364416,2,51,35,[6, 5, 3, 11, 2, 1],[[1, 1], [2, 1], [3, 1], [3, 2], [2, 2], [3, 3]],1106,665,1101,674
364473,2,51,35,[6, 5, 3, 11, 2, 1],[[1, 1], [2, 1], [3, 1], [3, 2], [2, 2], [3, 3]],1074,657,1107,683
364535,2,51,35,[6, 5, 3, 11, 2, 1],[[1, 1], [2, 1], [3, 1], [3, 2], [2, 2], [3, 3]],1105,662,1108,688
364608,2,51,35,[6, 5, 3, 11, 2, 1],[[1, 1], [2, 1], [3, 1], [3, 2], [2, 2], [3, 3]],1109,675,1108,688
364703,2,51,35,[6, 5, 3, 11, 2, 1],[[1, 1], [2, 1], [3, 1], [3, 2], [2, 2], [3, 3]],1103,659,1109,688
364768,2,51,35,[6, 5, 3, 11, 2, 1],[[1, 1], [2, 1], [3, 1], [3, 2], [2, 2], [3, 3]],1101,651,1109,688
364829,2,51,35,[6, 5, 3, 11, 2, 1],[[1, 1], [2, 1], [3, 1], [3, 2], [2, 2], [3, 3]],1089,653,1109,688
364886,2,51,35,[6, 5, 3, 11, 2, 1],[[1, 1], [2, 1], [3, 1], [3, 2], [2, 2], [3, 3]],1112,646,1109,688
364945,2,51,35,[6, 5, 3, 11, 2, 1],[[1, 1], [2, 1], [3, 1], [3, 2], [2, 2], [3, 3]],1081,636,1109,688
365037,2,51,35,[6, 5, 3, 11, 2, 1],[[1, 1], [2, 1], [3, 1], [3, 2], [2, 2], [3, 3]],1076,623,1109,688
365093,2,51,35,[6, 5, 3, 11, 2, 1],[[1, 1], [2, 1], [3, 1], [3, 2], [2, 2], [3, 3]],1092,635,1109,688
365162,2,51,35,[6, 5, 3, 11, 2, 1],[[1, 1], [2, 1], [3, 1], [3, 2], [2, 2], [3, 3]],1103,637,1109,688
365230,2,51,35,[6, 5, 3, 11, 2, 1],[[1, 1], [2, 1], [3, 1], [3, 2], [2, 2], [3, 3]],1109,649,1109,688
365287,2,51,35,[6, 5, 3, 11, 2, 1],[[1, 1], [2, 1], [3, 1], [3, 2], [2, 2], [3, 3]],1136,634,1109,688
365348,2,51,35,[6, 5, 3, 11, 2, 1],[[1, 1], [2, 1], [3, 1], [3, 2], [2, 2], [3, 3]],1184,657,1109,688
365406,2,51,35,[6, 5, 3, 11, 2, 1],[[1, 1], [2, 1], [3, 1], [3, 2], [2, 2], [3, 3]],1200,670,1109,688
365459,2,51,35,[6, 5, 3, 11, 2, 1],[[1, 1], [2, 1], [3, 1], [3, 2], [2, 2], [3, 3]],1161,666,1108,688
365526,2,51,35,[6, 5, 3, 11, 2, 1],[[1, 1], [2, 1], [3, 1], [3, 2], [2, 2], [3, 3]],1186,676,1108,688
365584,2,51,35,[6, 5, 3, 11, 2, 1],[[1, 1], [2, 1], [3, 1], [3, 2], [2, 2], [3, 3]],1205,682,1108,688
365638,2,51,35,[6, 5, 3, 11, 2, 1],[[1, 1], [2, 1], [3, 1], [3, 2], [2, 2], [3, 3]],1203,701,1108,688
365690,2,51,35,[6, 5, 3, 11, 2, 1],[[1, 1], [2, 1], [3, 1], [3, 2], [2, 2], [3, 3]],1222,697,1108,686
365748,2,51,35,[6, 5, 3, 11, 2, 1],[[1, 1], [2, 1], [3, 1], [3, 2], [2, 2], [3, 3]],1179,702,1106,670
365796,2,51,35,[6, 5, 3, 11, 2, 1],[[1, 1], [2, 1], [3, 1], [3, 2], [2, 2], [3, 3]],1171,709,1104,659
365831,2,51,35,[6, 5, 3, 11, 2, 1],[[1, 1], [2, 1], [3, 1], [3, 2], [2, 2], [3, 3]],1157,738,1102,657
365895,2,51,35,[6, 5, 3, 11, 2, 1],[[1, 1], [2, 1], [3, 1], [3, 2], [2, 2], [3, 3]],1148,714,1098,647
365954,2,51,35,[6, 5, 3, 11, 2, 1],[[1, 1], [2, 1], [3, 1], [3, 2], [2, 2], [3, 3]],1159,708,1092,632
366018,2,51,35,[6, 5, 3, 11, 2, 1],[[1, 1], [2, 1], [3, 1], [3, 2], [2, 2], [3, 3]],1174,702,1091,629
366059,2,51,35,[6, 5, 3, 11, 2, 1],[[1, 1], [2, 1], [3, 1], [3, 2], [2, 2], [3, 3]],1172,695,1091,629
366102,2,51,35,[6, 5, 3, 11, 2, 1],[[1, 1], [2, 1], [3, 1], [3, 2], [2, 2], [3, 3]],1160,717,1091,629
366161,2,51,35,[6, 5, 3, 11, 2, 1],[[1, 1], [2, 1], [3, 1], [3, 2], [2, 2], [3, 3]],1152,738,1088,650
366209,2,51,35,[6, 5, 3, 11, 2, 1],[[1, 1], [2, 1], [3, 1], [3, 2], [2, 2], [3, 3]],1200,755,1081,699
366253,2,51,35,[6, 5, 3, 11, 2, 1],[[1, 1], [2, 1], [3, 1], [3, 2], [2, 2], [3, 3]],1193,727,1082,755
366300,2,51,35,[6, 5, 3, 11, 2, 1],[[1, 1], [2, 1], [3, 1], [3, 2], [2, 2], [3, 3]],1204,732,1114,833
366336,2,51,35,[6, 5, 3, 11, 2, 1],[[1, 1], [2, 1], [3, 1], [3, 2], [2, 2], [3, 3]],1206,742,1131,862
366396,2,51,35,[6, 5, 3, 11, 2, 1],[[1, 1], [2, 1], [3, 1], [3, 2], [2, 2], [3, 3]],1201,756,1166,891
366461,2,51,35,[6, 5, 3, 11, 2, 1],[[1, 1], [2, 1], [3, 1], [3, 2], [2, 2], [3, 3]],1180,758,1171,894
366512,2,51,35,[6, 5, 3, 11, 2, 1],[[1, 1], [2, 1], [3, 1], [3, 2], [2, 2], [3, 3]],1180,769,1177,885
366585,2,51,35,[6, 5, 3, 11, 2, 1],[[1, 1], [2, 1], [3, 1], [3, 2], [2, 2], [3, 3]],1180,786,1187,864
366636,2,51,35,[6, 5, 3, 11, 2, 1],[[1, 1], [2, 1], [3, 1], [3, 2], [2, 2], [3, 3]],1170,774,1213,833
366675,2,51,35,[6, 5, 3, 11, 2, 1],[[1, 1], [2, 1], [3, 1], [3, 2], [2, 2], [3, 3]],1202,772,1213,833
366732,2,51,35,[6, 5, 3, 11, 2, 1],[[1, 1], [2, 1], [3, 1], [3, 2], [2, 2], [3, 3]],1199,795,1213,833
366775,2,51,35,[6, 5, 3, 11, 2, 1],[[1, 1], [2, 1], [3, 1], [3, 2], [2, 2], [3, 3]],1195,758,1213,833
366859,2,51,35,[6, 5, 3, 11, 2, 1],[[1, 1], [2, 1], [3, 1], [3, 2], [2, 2], [3, 3]],1191,752,1213,830
366923,2,51,35,[6, 5, 3, 11, 2, 1],[[1, 1], [2, 1], [3, 1], [3, 2], [2, 2], [3, 3]],1172,760,1186,776
367009,2,51,35,[6, 5, 3, 11, 2, 1],[[1, 1], [2, 1], [3, 1], [3, 2], [2, 2], [3, 3]],1185,769,1169,746
367107,2,51,35,[6, 5, 3, 11, 2, 1],[[1, 1], [2, 1], [3, 1], [3, 2], [2, 2], [3, 3]],1206,748,1168,743
367153,2,51,35,[6, 5, 3, 11, 2, 1],[[1, 1], [2, 1], [3, 1], [3, 2], [2, 2], [3, 3]],1231,771,1168,743
367228,2,51,35,[6, 5, 3, 11, 2, 1],[[1, 1], [2, 1], [3, 1], [3, 2], [2, 2], [3, 3]],1240,756,1149,743
367292,2,51,35,[6, 5, 3, 11, 2, 1],[[1, 1], [2, 1], [3, 1], [3, 2], [2, 2], [3, 3]],1222,746,1141,744
367352,2,51,35,[6, 5, 3, 11, 2, 1],[[1, 1], [2, 1], [3, 1], [3, 2], [2, 2], [3, 3]],1227,741,1139,744
367411,2,51,35,[6, 5, 3, 11, 2, 1],[[1, 1], [2, 1], [3, 1], [3, 2], [2, 2], [3, 3]],1220,726,1139,744
367475,2,51,35,[6, 5, 3, 11, 2, 1],[[1, 1], [2, 1], [3, 1], [3, 2], [2, 2], [3, 3]],1222,745,1159,750
367538,2,51,35,[6, 5, 3, 11, 2, 1],[[1, 1], [2, 1], [3, 1], [3, 2], [2, 2], [3, 3]],1221,766,1222,752
367587,2,51,35,[6, 5, 3, 11, 2, 1],[[1, 1], [2, 1], [3, 1], [3, 2], [2, 2], [3, 3]],1219,756,1259,750
367627,2,51,35,[6, 5, 3, 11, 2, 1],[[1, 1], [2, 1], [3, 1], [3, 2], [2, 2], [3, 3]],1229,756,1264,748
367701,2,51,35,[6, 5, 3, 11, 2, 1],[[1, 1], [2, 1], [3, 1], [3, 2], [2, 2], [3, 3]],1236,763,1265,748
367752,2,51,35,[6, 5, 3, 11, 2, 1],[[1, 1], [2, 1], [3, 1], [3, 2], [2, 2], [3, 3]],1217,777,1265,748
367822,2,52,115,[6, 5, 3, 11, 2, 1],[[2, 3], [3, 3], [1, 1], [1, 2], [2, 1], [3, 2]],1239,775,1265,748
367865,2,52,115,[6, 5, 3, 11, 2, 1],[[2, 3], [3, 3], [1, 1], [1, 2], [2, 1], [3, 2]],1227,805,1265,748
367925,2,52,115,[6, 5, 3, 11, 2, 1],[[2, 3], [3, 3], [1, 1], [1, 2], [2, 1], [3, 2]],1217,799,1265,748
367971,2,52,115,[6, 5, 3, 11, 2, 1],[[2, 3], [3, 3], [1, 1], [1, 2], [2, 1], [3, 2]],1219,833,1265,748
368044,2,52,115,[6, 5, 3, 11, 2, 1],[[2, 3], [3, 3], [1, 1], [1, 2], [2, 1], [3, 2]],1211,847,1237,744
368095,2,52,115,[6, 5, 3, 11, 2, 1],[[2, 3], [3, 3], [1, 1], [1, 2], [2, 1], [3, 2]],1167,869,1212,737
368135,2,52,115,[6, 5, 3, 11, 2, 1],[[2, 3], [3, 3], [1, 1], [1, 2], [2, 1], [3, 2]],1186,854,1212,737
368204,2,52,115,[6, 5, 3, 11, 2, 1],[[2, 3], [3, 3], [1, 1], [1, 2], [2, 1], [3, 2]],1183,866,1212,737
368265,2,52,115,[6, 5, 3, 11, 2, 1],[[2, 3], [3, 3], [1, 1], [1, 2], [2, 1], [3, 2]],1199,885,1208,737
368359,2,52,115,[6, 5, 3, 11, 2, 1],[[2, 3], [3, 3], [1, 1], [1, 2], [2, 1], [3, 2]],1201,892,1189,749
368416,2,52,115,[6, 5, 3, 11, 2, 1],[[2, 3], [3, 3], [1, 1], [1, 2], [2, 1], [3, 2]],1188,914,1180,832
368465,2,52,115,[6, 5, 3, 11, 2, 1],[[2, 3], [3, 3], [1, 1], [1, 2], [2, 1], [3, 2]],1184,903,1172,851
368516,2,52,115,[6, 5, 3, 11, 2, 1],[[2, 3], [3, 3], [1, 1], [1, 2], [2, 1], [3, 2]],1141,911,1172,858
368555,2,52,115,[6, 5, 3, 11, 2, 1],[[2, 3], [3, 3], [1, 1], [1, 2], [2, 1], [3, 2]],1153,892,1168,861
368624,2,52,115,[6, 5, 3, 11, 2, 1],[[2, 3], [3, 3], [1, 1], [1, 2], [2, 1], [3, 2]],1183,894,1163,870
368668,2,52,115,[6, 5, 3, 11, 2, 1],[[2, 3], [3, 3], [1, 1], [1, 2], [2, 1], [3, 2]],1203,897,1160,880
368732,2,52,115,[6, 5, 3, 11, 2, 1],[[2, 3], [3, 3], [1, 1], [1, 2], [2, 1], [3, 2]],1201,900,1153,890
368788,2,52,115,[6, 5, 3, 11, 2, 1],[[2, 3], [3, 3], [1, 1], [1, 2], [2, 1], [3, 2]],1207,931,1137,899
368833,2,52,115,[6, 5, 3, 11, 2, 1],[[2, 3], [3, 3], [1, 1], [1, 2], [2, 1], [3, 2]],1235,925,1104,915
368876,2,52,115,[6, 5, 3, 11, 2, 1],[[2, 3], [3, 3], [1, 1], [1, 2], [2, 1], [3, 2]],1222,906,1080,924
368949,2,52,115,[6, 5, 3, 11, 2, 1],[[2, 3], [3, 3], [1, 1], [1, 2], [2, 1], [3, 2]],1236,900,1080,924
369029,2,52,115,[6, 5, 3, 11, 2, 1],[[2, 3], [3, 3], [1, 1], [1, 2], [2, 1], [3, 2]],1235,891,1080,924
369097,2,52,115,[6, 5, 3, 11, 2, 1],[[2, 3], [3, 3], [1, 1], [1, 2], [2, 1], [3, 2]],1240,845,1094,917
369185,2,52,115,[6, 5, 3, 11, 2, 1],[[2, 3], [3, 3], [1, 1], [1, 2], [2, 1], [3, 2]],1234,832,1145,911
369229,2,52,115,[6, 5, 3, 11, 2, 1],[[2, 3], [3, 3], [1, 1], [1, 2], [2, 1], [3, 2]],1242,836,1155,909
369293,2,52,115,[6, 5, 3, 11, 2, 1],[[2, 3], [3, 3], [1, 1], [1, 2], [2, 1], [3, 2]],1200,873,1163,907
369367,2,52,115,[6, 5, 3, 11, 2, 1],[[2, 3], [3, 3], [1, 1], [1, 2], [2, 1], [3, 2]],1197,869,1175,902
369429,2,52,115,[6, 5, 3, 11, 2, 1],[[2, 3], [3, 3], [1, 1], [1, 2], [2, 1], [3, 2]],1204,903,1201,888
369482,2,52,115,[6, 5, 3, 11, 2, 1],[[2, 3], [3, 3], [1, 1], [1, 2], [2, 1], [3, 2]],1196,900,1204,882
369557,2,52,115,[6, 5, 3, 11, 2, 1],[[2, 3], [3, 3], [1, 1], [1, 2], [2, 1], [3, 2]],1201,922,1208,860
369607,2,52,115,[6, 5, 3, 11, 2, 1],[[2, 3], [3, 3], [1, 1], [1, 2], [2, 1], [3, 2]],1216,927,1209,859
369681,2,52,115,[6, 5, 3, 11, 2, 1],[[2, 3], [3, 3], [1, 1], [1, 2], [2, 1], [3, 2]],1210,922,1209,859
369739,2,52,115,[6, 5, 3, 11, 2, 1],[[2, 3], [3, 3], [1, 1], [1, 2], [2, 1], [3, 2]],1213,927,1197,865
369782,2,52,115,[6, 5, 3, 11, 2, 1],[[2, 3], [3, 3], [1, 1], [1, 2], [2, 1], [3, 2]],1226,932,1188,871
369841,2,52,115,[6, 5, 3, 11, 2, 1],[[2, 3], [3, 3], [1, 1], [1, 2], [2, 1], [3, 2]],1238,936,1181,881
369915,2,52,115,[6, 5, 3, 11, 2, 1],[[2, 3], [3, 3], [1, 1], [1, 2], [2, 1], [3, 2]],1261,899,1177,888
369956,2,52,115,[6, 5, 3, 11, 2, 1],[[2, 3], [3, 3], [1, 1], [1, 2], [2, 1], [3, 2]],1304,920,1175,893
370019,2,52,115,[6, 5, 3, 11, 2, 1],[[2, 3], [3, 3], [1, 1], [1, 2], [2, 1], [3, 2]],1316,943,1174,901
370068,2,52,115,[6, 5, 3, 11, 2, 1],[[2, 3], [3, 3], [1, 1], [1, 2], [2, 1], [3, 2]],1327,959,1173,905
370121,2,52,115,[6, 5, 3, 11, 2, 1],[[2, 3], [3, 3], [1, 1], [1, 2], [2, 1], [3, 2]],1313,948,1173,907
370175,2,52,115,[6, 5, 3, 11, 2, 1],[[2, 3], [3, 3], [1, 1], [1, 2], [2, 1], [3, 2]],1319,963,1171,911
370229,2,52,115,[6, 5, 3, 11, 2, 1],[[2, 3], [3, 3], [1, 1], [1, 2], [2, 1], [3, 2]],1343,948,1170,912
370283,2,52,115,[6, 5, 3, 11, 2, 1],[[2, 3], [3, 3], [1, 1], [1, 2], [2, 1], [3, 2]],1360,956,1170,912
370323,2,52,115,[6, 5, 3, 11, 2, 1],[[2, 3], [3, 3], [1, 1], [1, 2], [2, 1], [3, 2]],1362,947,1170,914
370370,2,52,115,[6, 5, 3, 11, 2, 1],[[2, 3], [3, 3], [1, 1], [1, 2], [2, 1], [3, 2]],1387,925,1169,915
370411,2,52,115,[6, 5, 3, 11, 2, 1],[[2, 3], [3, 3], [1, 1], [1, 2], [2, 1], [3, 2]],1409,928,1168,915
370459,2,52,115,[6, 5, 3, 11, 2, 1],[[2, 3], [3, 3], [1, 1], [1, 2], [2, 1], [3, 2]],1405,937,1168,896
370500,2,52,115,[6, 5, 3, 11, 2, 1],[[2, 3], [3, 3], [1, 1], [1, 2], [2, 1], [3, 2]],1409,942,1168,873
370543,2,52,115,[6, 5, 3, 11, 2, 1],[[2, 3], [3, 3], [1, 1], [1, 2], [2, 1], [3, 2]],1408,942,1172,858
370602,2,52,115,[6, 5, 3, 11, 2, 1],[[2, 3], [3, 3], [1, 1], [1, 2], [2, 1], [3, 2]],1401,973,1190,849
370649,2,52,115,[6, 5, 3, 11, 2, 1],[[2, 3], [3, 3], [1, 1], [1, 2], [2, 1], [3, 2]],1397,960,1234,861
370708,2,52,115,[6, 5, 3, 11, 2, 1],[[2, 3], [3, 3], [1, 1], [1, 2], [2, 1], [3, 2]],1434,946,1310,892
370751,2,52,115,[6, 5, 3, 11, 2, 1],[[2, 3], [3, 3], [1, 1], [1, 2], [2, 1], [3, 2]],1411,971,1326,906
370827,2,52,115,[6, 5, 3, 11, 2, 1],[[2, 3], [3, 3], [1, 1], [1, 2], [2, 1], [3, 2]],1386,972,1331,915
370876,2,52,115,[6, 5, 3, 11, 2, 1],[[2, 3], [3, 3], [1, 1], [1, 2], [2, 1], [3, 2]],1376,959,1331,918
370945,2,52,115,[6, 5, 3, 11, 2, 1],[[2, 3], [3, 3], [1, 1], [1, 2], [2, 1], [3, 2]],1400,978,1331,930
371020,2,52,115,[6, 5, 3, 11, 2, 1],[[2, 3], [3, 3], [1, 1], [1, 2], [2, 1], [3, 2]],1427,977,1331,941
371097,2,52,115,[6, 5, 3, 11, 2, 1],[[2, 3], [3, 3], [1, 1], [1, 2], [2, 1], [3, 2]],1418,953,1331,943
371178,2,52,115,[6, 5, 3, 11, 2, 1],[[2, 3], [3, 3], [1, 1], [1, 2], [2, 1], [3, 2]],1437,953,1331,943
371246,2,52,115,[6, 5, 3, 11, 2, 1],[[2, 3], [3, 3], [1, 1], [1, 2], [2, 1], [3, 2]],1417,934,1343,953
371311,2,52,115,[6, 5, 3, 11, 2, 1],[[2, 3], [3, 3], [1, 1], [1, 2], [2, 1], [3, 2]],1412,940,1351,964
371373,2,52,115,[6, 5, 3, 11, 2, 1],[[2, 3], [3, 3], [1, 1], [1, 2], [2, 1], [3, 2]],1410,947,1367,974
371445,2,52,115,[6, 5, 3, 11, 2, 1],[[2, 3], [3, 3], [1, 1], [1, 2], [2, 1], [3, 2]],1447,950,1377,978
371529,2,52,115,[6, 5, 3, 11, 2, 1],[[2, 3], [3, 3], [1, 1], [1, 2], [2, 1], [3, 2]],1417,940,1385,980
371593,2,52,115,[6, 5, 3, 11, 2, 1],[[2, 3], [3, 3], [1, 1], [1, 2], [2, 1], [3, 2]],1439,943,1385,981
371663,2,52,115,[6, 5, 3, 11, 2, 1],[[2, 3], [3, 3], [1, 1], [1, 2], [2, 1], [3, 2]],1398,969,1385,981
371726,2,52,115,[6, 5, 3, 11, 2, 1],[[2, 3], [3, 3], [1, 1], [1, 2], [2, 1], [3, 2]],1379,970,1395,971
371790,2,52,115,[6, 5, 3, 11, 2, 1],[[2, 3], [3, 3], [1, 1], [1, 2], [2, 1], [3, 2]],1359,997,1409,963
371857,2,53,134,[10, 4, 8, 12, 7, 9],[[2, 3], [3, 3], [3, 1], [3, 2], [1, 2], [2, 1]],1386,972,1409,963
371948,2,53,134,[10, 4, 8, 12, 7, 9],[[2, 3], [3, 3], [3, 1], [3, 2], [1, 2], [2, 1]],1385,953,1409,963
371992,2,53,134,[10, 4, 8, 12, 7, 9],[[2, 3], [3, 3], [3, 1], [3, 2], [1, 2], [2, 1]],1401,988,1409,963
372064,2,53,134,[10, 4, 8, 12, 7, 9],[[2, 3], [3, 3], [3, 1], [3, 2], [1, 2], [2, 1]],1424,984,1409,963
372126,2,53,134,[10, 4, 8, 12, 7, 9],[[2, 3], [3, 3], [3, 1], [3, 2], [1, 2], [2, 1]],1430,981,1409,963
372174,2,53,134,[10, 4, 8, 12, 7, 9],[[2, 3], [3, 3], [3, 1], [3, 2], [1, 2], [2, 1]],1441,978,1409,963
372223,2,53,134,[10, 4, 8, 12, 7, 9],[[2, 3], [3, 3], [3, 1], [3, 2], [1, 2], [2, 1]],1402,998,1409,963
372270,2,53,134,[10, 4, 8, 12, 7, 9],[[2, 3], [3, 3], [3, 1], [3, 2], [1, 2], [2, 1]],1416,987,1409,963
372324,2,53,134,[10, 4, 8, 12, 7, 9],[[2, 3], [3, 3], [3, 1], [3, 2], [1, 2], [2, 1]],1441,998,1409,963
372373,2,53,134,[10, 4, 8, 12, 7, 9],[[2, 3], [3, 3], [3, 1], [3, 2], [1, 2], [2, 1]],1398,1006,1409,963
372429,2,53,134,[10, 4, 8, 12, 7, 9],[[2, 3], [3, 3], [3, 1], [3, 2], [1, 2], [2, 1]],1387,1008,1409,963
372471,2,53,134,[10, 4, 8, 12, 7, 9],[[2, 3], [3, 3], [3, 1], [3, 2], [1, 2], [2, 1]],1381,996,1409,963
372540,2,53,134,[10, 4, 8, 12, 7, 9],[[2, 3], [3, 3], [3, 1], [3, 2], [1, 2], [2, 1]],1380,1005,1409,963
372608,2,53,134,[10, 4, 8, 12, 7, 9],[[2, 3], [3, 3], [3, 1], [3, 2], [1, 2], [2, 1]],1381,978,1409,963
372666,2,53,134,[10, 4, 8, 12, 7, 9],[[2, 3], [3, 3], [3, 1], [3, 2], [1, 2], [2, 1]],1378,996,1409,963
372732,2,53,134,[10, 4, 8, 12, 7, 9],[[2, 3], [3, 3], [3, 1], [3, 2], [1, 2], [2, 1]],1409,985,1409,963
372800,2,53,134,[10, 4, 8, 12, 7, 9],[[2, 3], [3, 3], [3, 1], [3, 2], [1, 2], [2, 1]],1435,984,1409,963
372860,2,53,134,[10, 4, 8, 12, 7, 9],[[2, 3], [3, 3], [3, 1], [3, 2], [1, 2], [2, 1]],1435,1004,1412,965
372918,2,53,134,[10, 4, 8, 12, 7, 9],[[2, 3], [3, 3], [3, 1], [3, 2], [1, 2], [2, 1]],1401,976,1425,970
372968,2,53,134,[10, 4, 8, 12, 7, 9],[[2, 3], [3, 3], [3, 1], [3, 2], [1, 2], [2, 1]],1413,986,1425,970
373041,2,53,134,[10, 4, 8, 12, 7, 9],[[2, 3], [3, 3], [3, 1], [3, 2], [1, 2], [2, 1]],1436,978,1425,970
373142,2,53,134,[10, 4, 8, 12, 7, 9],[[2, 3], [3, 3], [3, 1], [3, 2], [1, 2], [2, 1]],1414,977,1426,970
373205,2,53,134,[10, 4, 8, 12, 7, 9],[[2, 3], [3, 3], [3, 1], [3, 2], [1, 2], [2, 1]],1423,938,1436,968
373271,2,53,134,[10, 4, 8, 12, 7, 9],[[2, 3], [3, 3], [3, 1], [3, 2], [1, 2], [2, 1]],1433,924,1436,968
373364,2,53,134,[10, 4, 8, 12, 7, 9],[[2, 3], [3, 3], [3, 1], [3, 2], [1, 2], [2, 1]],1447,944,1444,962
373407,2,53,134,[10, 4, 8, 12, 7, 9],[[2, 3], [3, 3], [3, 1], [3, 2], [1, 2], [2, 1]],1394,935,1446,958
373452,2,53,134,[10, 4, 8, 12, 7, 9],[[2, 3], [3, 3], [3, 1], [3, 2], [1, 2], [2, 1]],1433,958,1449,951
373510,2,53,134,[10, 4, 8, 12, 7, 9],[[2, 3], [3, 3], [3, 1], [3, 2], [1, 2], [2, 1]],1386,955,1450,948
373563,2,53,134,[10, 4, 8, 12, 7, 9],[[2, 3], [3, 3], [3, 1], [3, 2], [1, 2], [2, 1]],1365,975,1454,939
373621,2,53,134,[10, 4, 8, 12, 7, 9],[[2, 3], [3, 3], [3, 1], [3, 2], [1, 2], [2, 1]],1392,971,1458,931
373668,2,53,134,[10, 4, 8, 12, 7, 9],[[2, 3], [3, 3], [3, 1], [3, 2], [1, 2], [2, 1]],1378,1016,1460,926
373737,2,53,134,[10, 4, 8, 12, 7, 9],[[2, 3], [3, 3], [3, 1], [3, 2], [1, 2], [2, 1]],1394,969,1463,920
373785,2,53,134,[10, 4, 8, 12, 7, 9],[[2, 3], [3, 3], [3, 1], [3, 2], [1, 2], [2, 1]],1410,982,1464,917
373835,2,53,134,[10, 4, 8, 12, 7, 9],[[2, 3], [3, 3], [3, 1], [3, 2], [1, 2], [2, 1]],1423,972,1464,916
373881,2,53,134,[10, 4, 8, 12, 7, 9],[[2, 3], [3, 3], [3, 1], [3, 2], [1, 2], [2, 1]],1417,977,1464,916
373945,2,53,134,[10, 4, 8, 12, 7, 9],[[2, 3], [3, 3], [3, 1], [3, 2], [1, 2], [2, 1]],1408,978,1464,916
373999,2,53,134,[10, 4, 8, 12, 7, 9],[[2, 3], [3, 3], [3, 1], [3, 2], [1, 2], [2, 1]],1416,975,1464,916
374069,2,53,134,[10, 4, 8, 12, 7, 9],[[2, 3], [3, 3], [3, 1], [3, 2], [1, 2], [2, 1]],1397,971,1464,916
374120,2,53,134,[10, 4, 8, 12, 7, 9],[[2, 3], [3, 3], [3, 1], [3, 2], [1, 2], [2, 1]],1388,997,1454,924
374168,2,53,134,[10, 4, 8, 12, 7, 9],[[2, 3], [3, 3], [3, 1], [3, 2], [1, 2], [2, 1]],1400,1004,1449,929
374218,2,53,134,[10, 4, 8, 12, 7, 9],[[2, 3], [3, 3], [3, 1], [3, 2], [1, 2], [2, 1]],1411,991,1443,937
374269,2,53,134,[10, 4, 8, 12, 7, 9],[[2, 3], [3, 3], [3, 1], [3, 2], [1, 2], [2, 1]],1402,999,1436,945
374323,2,53,134,[10, 4, 8, 12, 7, 9],[[2, 3], [3, 3], [3, 1], [3, 2], [1, 2], [2, 1]],1409,1007,1429,951
374381,2,53,134,[10, 4, 8, 12, 7, 9],[[2, 3], [3, 3], [3, 1], [3, 2], [1, 2], [2, 1]],1390,998,1422,956
374427,2,53,134,[10, 4, 8, 12, 7, 9],[[2, 3], [3, 3], [3, 1], [3, 2], [1, 2], [2, 1]],1384,999,1420,959
374509,2,53,134,[10, 4, 8, 12, 7, 9],[[2, 3], [3, 3], [3, 1], [3, 2], [1, 2], [2, 1]],1383,997,1419,960
374557,2,53,134,[10, 4, 8, 12, 7, 9],[[2, 3], [3, 3], [3, 1], [3, 2], [1, 2], [2, 1]],1369,997,1415,963
374624,2,53,134,[10, 4, 8, 12, 7, 9],[[2, 3], [3, 3], [3, 1], [3, 2], [1, 2], [2, 1]],1364,992,1408,965
374703,2,53,134,[10, 4, 8, 12, 7, 9],[[2, 3], [3, 3], [3, 1], [3, 2], [1, 2], [2, 1]],1357,1028,1404,966
374783,2,53,134,[10, 4, 8, 12, 7, 9],[[2, 3], [3, 3], [3, 1], [3, 2], [1, 2], [2, 1]],1354,985,1395,968
374877,2,53,134,[10, 4, 8, 12, 7, 9],[[2, 3], [3, 3], [3, 1], [3, 2], [1, 2], [2, 1]],1357,961,1395,970
374932,2,53,134,[10, 4, 8, 12, 7, 9],[[2, 3], [3, 3], [3, 1], [3, 2], [1, 2], [2, 1]],1341,965,1393,971
374976,2,53,134,[10, 4, 8, 12, 7, 9],[[2, 3], [3, 3], [3, 1], [3, 2], [1, 2], [2, 1]],1350,976,1383,974
375043,2,53,134,[10, 4, 8, 12, 7, 9],[[2, 3], [3, 3], [3, 1], [3, 2], [1, 2], [2, 1]],1361,935,1378,977
375101,2,53,134,[10, 4, 8, 12, 7, 9],[[2, 3], [3, 3], [3, 1], [3, 2], [1, 2], [2, 1]],1351,954,1377,977
375164,2,53,134,[10, 4, 8, 12, 7, 9],[[2, 3], [3, 3], [3, 1], [3, 2], [1, 2], [2, 1]],1341,970,1367,980
375240,2,53,134,[10, 4, 8, 12, 7, 9],[[2, 3], [3, 3], [3, 1], [3, 2], [1, 2], [2, 1]],1362,944,1363,981
375337,2,53,134,[10, 4, 8, 12, 7, 9],[[2, 3], [3, 3], [3, 1], [3, 2], [1, 2], [2, 1]],1373,938,1363,981
375375,2,53,134,[10, 4, 8, 12, 7, 9],[[2, 3], [3, 3], [3, 1], [3, 2], [1, 2], [2, 1]],1394,923,1363,981
375433,2,53,134,[10, 4, 8, 12, 7, 9],[[2, 3], [3, 3], [3, 1], [3, 2], [1, 2], [2, 1]],1380,931,1363,981
375496,2,53,134,[10, 4, 8, 12, 7, 9],[[2, 3], [3, 3], [3, 1], [3, 2], [1, 2], [2, 1]],1394,929,1363,978
375543,2,53,134,[10, 4, 8, 12, 7, 9],[[2, 3], [3, 3], [3, 1], [3, 2], [1, 2], [2, 1]],1402,904,1365,974
375612,2,53,134,[10, 4, 8, 12, 7, 9],[[2, 3], [3, 3], [3, 1], [3, 2], [1, 2], [2, 1]],1417,889,1369,973
375671,2,53,134,[10, 4, 8, 12, 7, 9],[[2, 3], [3, 3], [3, 1], [3, 2], [1, 2], [2, 1]],1408,873,1379,969
375721,2,53,134,[10, 4, 8, 12, 7, 9],[[2, 3], [3, 3], [3, 1], [3, 2], [1, 2], [2, 1]],1431,879,1384,964
375762,2,53,134,[10, 4, 8, 12, 7, 9],[[2, 3], [3, 3], [3, 1], [3, 2], [1, 2], [2, 1]],1399,909,1393,957
375811,2,53,134,[10, 4, 8, 12, 7, 9],[[2, 3], [3, 3], [3, 1], [3, 2], [1, 2], [2, 1]],1383,914,1398,954
375856,2,53,134,[10, 4, 8, 12, 7, 9],[[2, 3], [3, 3], [3, 1], [3, 2], [1, 2], [2, 1]],1367,902,1403,947
375921,2,54,105,[6, 5, 8, 12, 2, 1],[[1, 3], [2, 3], [3, 1], [3, 2], [2, 2], [3, 3]],1362,898,1413,933
384297,3,54,105,[6, 5, 8, 12, 2, 1],[[1, 3], [2, 3], [3, 1], [3, 2], [2, 2], [3, 3]],974,543,968,535
384354,3,54,105,[6, 5, 8, 12, 2, 1],[[1, 3], [2, 3], [3, 1], [3, 2], [2, 2], [3, 3]],992,529,968,535
384413,3,54,105,[6, 5, 8, 12, 2, 1],[[1, 3], [2, 3], [3, 1], [3, 2], [2, 2], [3, 3]],1000,528,968,535
384487,3,54,105,[6, 5, 8, 12, 2, 1],[[1, 3], [2, 3], [3, 1], [3, 2], [2, 2], [3, 3]],952,523,966,538
384564,3,54,105,[6, 5, 8, 12, 2, 1],[[1, 3], [2, 3], [3, 1], [3, 2], [2, 2], [3, 3]],986,511,929,615
384622,3,54,105,[6, 5, 8, 12, 2, 1],[[1, 3], [2, 3], [3, 1], [3, 2], [2, 2], [3, 3]],974,519,929,635
384686,3,54,105,[6, 5, 8, 12, 2, 1],[[1, 3], [2, 3], [3, 1], [3, 2], [2, 2], [3, 3]],970,518,930,635
384771,3,54,105,[6, 5, 8, 12, 2, 1],[[1, 3], [2, 3], [3, 1], [3, 2], [2, 2], [3, 3]],957,500,930,632
384819,3,54,105,[6, 5, 8, 12, 2, 1],[[1, 3], [2, 3], [3, 1], [3, 2], [2, 2], [3, 3]],918,500,930,629
384878,3,54,105,[6, 5, 8, 12, 2, 1],[[1, 3], [2, 3], [3, 1], [3, 2], [2, 2], [3, 3]],907,475,937,615
384937,3,54,105,[6, 5, 8, 12, 2, 1],[[1, 3], [2, 3], [3, 1], [3, 2], [2, 2], [3, 3]],907,444,965,583
385007,3,54,105,[6, 5, 8, 12, 2, 1],[[1, 3], [2, 3], [3, 1], [3, 2], [2, 2], [3, 3]],912,443,981,549
385079,3,54,105,[6, 5, 8, 12, 2, 1],[[1, 3], [2, 3], [3, 1], [3, 2], [2, 2], [3, 3]],934,436,980,540
385137,3,54,105,[6, 5, 8, 12, 2, 1],[[1, 3], [2, 3], [3, 1], [3, 2], [2, 2], [3, 3]],925,460,977,536
385196,3,54,105,[6, 5, 8, 12, 2, 1],[[1, 3], [2, 3], [3, 1], [3, 2], [2, 2], [3, 3]],908,471,970,508
385255,3,54,105,[6, 5, 8, 12, 2, 1],[[1, 3], [2, 3], [3, 1], [3, 2], [2, 2], [3, 3]],911,465,930,426
385315,3,55,50,[10, 4, 8, 12, 7, 9],[[2, 1], [3, 1], [3, 2], [3, 3], [1, 3], [2, 2]],897,457,916,396
385371,3,55,50,[10, 4, 8, 12, 7, 9],[[2, 1], [3, 1], [3, 2], [3, 3], [1, 3], [2, 2]],902,474,916,396
385421,3,55,50,[10, 4, 8, 12, 7, 9],[[2, 1], [3, 1], [3, 2], [3, 3], [1, 3], [2, 2]],921,458,916,396
385472,3,55,50,[10, 4, 8, 12, 7, 9],[[2, 1], [3, 1], [3, 2], [3, 3], [1, 3], [2, 2]],921,458,916,396
385516,3,55,50,[10, 4, 8, 12, 7, 9],[[2, 1], [3, 1], [3, 2], [3, 3], [1, 3], [2, 2]],921,443,916,396
385563,3,55,50,[10, 4, 8, 12, 7, 9],[[2, 1], [3, 1], [3, 2], [3, 3], [1, 3], [2, 2]],905,467,916,396
385621,3,55,50,[10, 4, 8, 12, 7, 9],[[2, 1], [3, 1], [3, 2], [3, 3], [1, 3], [2, 2]],883,448,916,396
385665,3,55,50,[10, 4, 8, 12, 7, 9],[[2, 1], [3, 1], [3, 2], [3, 3], [1, 3], [2, 2]],904,464,916,396
385728,3,55,50,[10, 4, 8, 12, 7, 9],[[2, 1], [3, 1], [3, 2], [3, 3], [1, 3], [2, 2]],900,471,923,391
385773,3,55,50,[10, 4, 8, 12, 7, 9],[[2, 1], [3, 1], [3, 2], [3, 3], [1, 3], [2, 2]],915,472,927,389
385838,3,55,50,[10, 4, 8, 12, 7, 9],[[2, 1], [3, 1], [3, 2], [3, 3], [1, 3], [2, 2]],884,490,939,431
385912,3,55,50,[10, 4, 8, 12, 7, 9],[[2, 1], [3, 1], [3, 2], [3, 3], [1, 3], [2, 2]],896,496,938,455
385961,3,55,50,[10, 4, 8, 12, 7, 9],[[2, 1], [3, 1], [3, 2], [3, 3], [1, 3], [2, 2]],900,513,938,479
386020,3,55,50,[10, 4, 8, 12, 7, 9],[[2, 1], [3, 1], [3, 2], [3, 3], [1, 3], [2, 2]],929,535,942,518
386075,3,55,50,[10, 4, 8, 12, 7, 9],[[2, 1], [3, 1], [3, 2], [3, 3], [1, 3], [2, 2]],962,516,967,581
386165,3,55,50,[10, 4, 8, 12, 7, 9],[[2, 1], [3, 1], [3, 2], [3, 3], [1, 3], [2, 2]],944,514,969,582
386264,3,55,50,[10, 4, 8, 12, 7, 9],[[2, 1], [3, 1], [3, 2], [3, 3], [1, 3], [2, 2]],932,502,971,560
386323,3,55,50,[10, 4, 8, 12, 7, 9],[[2, 1], [3, 1], [3, 2], [3, 3], [1, 3], [2, 2]],927,484,971,560
386376,3,55,50,[10, 4, 8, 12, 7, 9],[[2, 1], [3, 1], [3, 2], [3, 3], [1, 3], [2, 2]],908,483,971,560
386433,3,55,50,[10, 4, 8, 12, 7, 9],[[2, 1], [3, 1], [3, 2], [3, 3], [1, 3], [2, 2]],921,477,971,560
386541,3,55,50,[10, 4, 8, 12, 7, 9],[[2, 1], [3, 1], [3, 2], [3, 3], [1, 3], [2, 2]],920,466,970,565
386620,3,55,50,[10, 4, 8, 12, 7, 9],[[2, 1], [3, 1], [3, 2], [3, 3], [1, 3], [2, 2]],924,477,966,566
386729,3,55,50,[10, 4, 8, 12, 7, 9],[[2, 1], [3, 1], [3, 2], [3, 3], [1, 3], [2, 2]],924,496,945,529
386770,3,55,50,[10, 4, 8, 12, 7, 9],[[2, 1], [3, 1], [3, 2], [3, 3], [1, 3], [2, 2]],917,484,905,501
386829,3,55,50,[10, 4, 8, 12, 7, 9],[[2, 1], [3, 1], [3, 2], [3, 3], [1, 3], [2, 2]],928,532,899,500
386900,3,55,50,[10, 4, 8, 12, 7, 9],[[2, 1], [3, 1], [3, 2], [3, 3], [1, 3], [2, 2]],923,534,899,500
386957,3,55,50,[10, 4, 8, 12, 7, 9],[[2, 1], [3, 1], [3, 2], [3, 3], [1, 3], [2, 2]],888,542,899,500
387019,3,55,50,[10, 4, 8, 12, 7, 9],[[2, 1], [3, 1], [3, 2], [3, 3], [1, 3], [2, 2]],853,554,917,505
387079,3,55,50,[10, 4, 8, 12, 7, 9],[[2, 1], [3, 1], [3, 2], [3, 3], [1, 3], [2, 2]],883,571,928,505
387138,3,55,50,[10, 4, 8, 12, 7, 9],[[2, 1], [3, 1], [3, 2], [3, 3], [1, 3], [2, 2]],896,583,934,505
387199,3,55,50,[10, 4, 8, 12, 7, 9],[[2, 1], [3, 1], [3, 2], [3, 3], [1, 3], [2, 2]],914,600,934,501
387257,3,55,50,[10, 4, 8, 12, 7, 9],[[2, 1], [3, 1], [3, 2], [3, 3], [1, 3], [2, 2]],929,592,929,501
387302,3,55,50,[10, 4, 8, 12, 7, 9],[[2, 1], [3, 1], [3, 2], [3, 3], [1, 3], [2, 2]],940,624,901,528
387367,3,55,50,[10, 4, 8, 12, 7, 9],[[2, 1], [3, 1], [3, 2], [3, 3], [1, 3], [2, 2]],962,613,887,553
387430,3,55,50,[10, 4, 8, 12, 7, 9],[[2, 1], [3, 1], [3, 2], [3, 3], [1, 3], [2, 2]],975,590,888,568
387479,3,55,50,[10, 4, 8, 12, 7, 9],[[2, 1], [3, 1], [3, 2], [3, 3], [1, 3], [2, 2]],971,592,892,580
387519,3,55,50,[10, 4, 8, 12, 7, 9],[[2, 1], [3, 1], [3, 2], [3, 3], [1, 3], [2, 2]],981,596,893,583
387569,3,55,50,[10, 4, 8, 12, 7, 9],[[2, 1], [3, 1], [3, 2], [3, 3], [1, 3], [2, 2]],1012,610,897,589
387610,3,55,50,[10, 4, 8, 12, 7, 9],[[2, 1], [3, 1], [3, 2], [3, 3], [1, 3], [2, 2]],1023,603,900,593
387651,3,55,50,[10, 4, 8, 12, 7, 9],[[2, 1], [3, 1], [3, 2], [3, 3], [1, 3], [2, 2]],1040,600,906,600
387694,3,55,50,[10, 4, 8, 12, 7, 9],[[2, 1], [3, 1], [3, 2], [3, 3], [1, 3], [2, 2]],1035,596,921,607
387747,3,55,50,[10, 4, 8, 12, 7, 9],[[2, 1], [3, 1], [3, 2], [3, 3], [1, 3], [2, 2]],1055,602,939,608
387807,3,55,50,[10, 4, 8, 12, 7, 9],[[2, 1], [3, 1], [3, 2], [3, 3], [1, 3], [2, 2]],1041,593,955,604
387855,3,55,50,[10, 4, 8, 12, 7, 9],[[2, 1], [3, 1], [3, 2], [3, 3], [1, 3], [2, 2]],1049,590,967,596
387919,3,55,50,[10, 4, 8, 12, 7, 9],[[2, 1], [3, 1], [3, 2], [3, 3], [1, 3], [2, 2]],1041,596,974,593
387968,3,55,50,[10, 4, 8, 12, 7, 9],[[2, 1], [3, 1], [3, 2], [3, 3], [1, 3], [2, 2]],1049,640,976,592
388008,3,55,50,[10, 4, 8, 12, 7, 9],[[2, 1], [3, 1], [3, 2], [3, 3], [1, 3], [2, 2]],1054,640,976,592
388066,3,55,50,[10, 4, 8, 12, 7, 9],[[2, 1], [3, 1], [3, 2], [3, 3], [1, 3], [2, 2]],1073,639,986,584
388121,3,55,50,[10, 4, 8, 12, 7, 9],[[2, 1], [3, 1], [3, 2], [3, 3], [1, 3], [2, 2]],1045,627,989,582
388200,3,55,50,[10, 4, 8, 12, 7, 9],[[2, 1], [3, 1], [3, 2], [3, 3], [1, 3], [2, 2]],1065,624,989,582
388253,3,55,50,[10, 4, 8, 12, 7, 9],[[2, 1], [3, 1], [3, 2], [3, 3], [1, 3], [2, 2]],1090,638,974,575
388321,3,55,50,[10, 4, 8, 12, 7, 9],[[2, 1], [3, 1], [3, 2], [3, 3], [1, 3], [2, 2]],1078,653,965,573
388403,3,55,50,[10, 4, 8, 12, 7, 9],[[2, 1], [3, 1], [3, 2], [3, 3], [1, 3], [2, 2]],1060,641,963,573
388464,3,55,50,[10, 4, 8, 12, 7, 9],[[2, 1], [3, 1], [3, 2], [3, 3], [1, 3], [2, 2]],1051,661,959,580
388542,3,55,50,[10, 4, 8, 12, 7, 9],[[2, 1], [3, 1], [3, 2], [3, 3], [1, 3], [2, 2]],1079,667,969,604
388603,3,55,50,[10, 4, 8, 12, 7, 9],[[2, 1], [3, 1], [3, 2], [3, 3], [1, 3], [2, 2]],1091,652,1014,649
388670,3,55,50,[10, 4, 8, 12, 7, 9],[[2, 1], [3, 1], [3, 2], [3, 3], [1, 3], [2, 2]],1101,670,1029,661
388770,3,55,50,[10, 4, 8, 12, 7, 9],[[2, 1], [3, 1], [3, 2], [3, 3], [1, 3], [2, 2]],1102,652,1034,670
388828,3,55,50,[10, 4, 8, 12, 7, 9],[[2, 1], [3, 1], [3, 2], [3, 3], [1, 3], [2, 2]],1105,640,1052,688
388890,3,55,50,[10, 4, 8, 12, 7, 9],[[2, 1], [3, 1], [3, 2], [3, 3], [1, 3], [2, 2]],1070,677,1053,688
388945,3,55,50,[10, 4, 8, 12, 7, 9],[[2, 1], [3, 1], [3, 2], [3, 3], [1, 3], [2, 2]],1058,677,1055,688
388984,3,55,50,[10, 4, 8, 12, 7, 9],[[2, 1], [3, 1], [3, 2], [3, 3], [1, 3], [2, 2]],1031,666,1055,688
389046,3,55,50,[10, 4, 8, 12, 7, 9],[[2, 1], [3, 1], [3, 2], [3, 3], [1, 3], [2, 2]],1031,692,1055,688
389111,3,55,50,[10, 4, 8, 12, 7, 9],[[2, 1], [3, 1], [3, 2], [3, 3], [1, 3], [2, 2]],1030,693,1084,683
389174,3,55,50,[10, 4, 8, 12, 7, 9],[[2, 1], [3, 1], [3, 2], [3, 3], [1, 3], [2, 2]],1022,689,1089,674
389251,3,55,50,[10, 4, 8, 12, 7, 9],[[2, 1], [3, 1], [3, 2], [3, 3], [1, 3], [2, 2]],1006,678,1089,674
389304,3,55,50,[10, 4, 8, 12, 7, 9],[[2, 1], [3, 1], [3, 2], [3, 3], [1, 3], [2, 2]],1002,675,1089,674
389364,3,56,54,[10, 4, 8, 12, 2, 1],[[2, 1], [3, 1], [3, 2], [3, 3], [1, 2], [2, 3]],989,681,1089,674
389422,3,56,54,[10, 4, 8, 12, 2, 1],[[2, 1], [3, 1], [3, 2], [3, 3], [1, 2], [2, 3]],1005,704,1054,681
389475,3,56,54,[10, 4, 8, 12, 2, 1],[[2, 1], [3, 1], [3, 2], [3, 3], [1, 2], [2, 3]],967,724,1049,683
389532,3,56,54,[10, 4, 8, 12, 2, 1],[[2, 1], [3, 1], [3, 2], [3, 3], [1, 2], [2, 3]],963,713,1049,683
389574,3,56,54,[10, 4, 8, 12, 2, 1],[[2, 1], [3, 1], [3, 2], [3, 3], [1, 2], [2, 3]],932,724,1049,683
389627,3,56,54,[10, 4, 8, 12, 2, 1],[[2, 1], [3, 1], [3, 2], [3, 3], [1, 2], [2, 3]],936,733,1049,683
389681,3,56,54,[10, 4, 8, 12, 2, 1],[[2, 1], [3, 1], [3, 2], [3, 3], [1, 2], [2, 3]],937,740,1047,682
389734,3,56,54,[10, 4, 8, 12, 2, 1],[[2, 1], [3, 1], [3, 2], [3, 3], [1, 2], [2, 3]],924,743,1039,666
389793,3,56,54,[10, 4, 8, 12, 2, 1],[[2, 1], [3, 1], [3, 2], [3, 3], [1, 2], [2, 3]],909,744,1039,662
389847,3,56,54,[10, 4, 8, 12, 2, 1],[[2, 1], [3, 1], [3, 2], [3, 3], [1, 2], [2, 3]],915,737,1044,657
389900,3,56,54,[10, 4, 8, 12, 2, 1],[[2, 1], [3, 1], [3, 2], [3, 3], [1, 2], [2, 3]],907,732,1044,657
389959,3,56,54,[10, 4, 8, 12, 2, 1],[[2, 1], [3, 1], [3, 2], [3, 3], [1, 2], [2, 3]],880,730,1011,691
390028,3,56,54,[10, 4, 8, 12, 2, 1],[[2, 1], [3, 1], [3, 2], [3, 3], [1, 2], [2, 3]],882,734,970,743
390077,3,56,54,[10, 4, 8, 12, 2, 1],[[2, 1], [3, 1], [3, 2], [3, 3], [1, 2], [2, 3]],862,757,956,761
390118,3,56,54,[10, 4, 8, 12, 2, 1],[[2, 1], [3, 1], [3, 2], [3, 3], [1, 2], [2, 3]],858,765,951,769
390161,3,56,54,[10, 4, 8, 12, 2, 1],[[2, 1], [3, 1], [3, 2], [3, 3], [1, 2], [2, 3]],873,783,946,774
390216,3,56,54,[10, 4, 8, 12, 2, 1],[[2, 1], [3, 1], [3, 2], [3, 3], [1, 2], [2, 3]],896,767,944,778
390274,3,56,54,[10, 4, 8, 12, 2, 1],[[2, 1], [3, 1], [3, 2], [3, 3], [1, 2], [2, 3]],919,742,928,788
390332,3,56,54,[10, 4, 8, 12, 2, 1],[[2, 1], [3, 1], [3, 2], [3, 3], [1, 2], [2, 3]],905,767,915,790
390381,3,56,54,[10, 4, 8, 12, 2, 1],[[2, 1], [3, 1], [3, 2], [3, 3], [1, 2], [2, 3]],921,777,899,792
390434,3,56,54,[10, 4, 8, 12, 2, 1],[[2, 1], [3, 1], [3, 2], [3, 3], [1, 2], [2, 3]],962,766,899,792
390483,3,56,54,[10, 4, 8, 12, 2, 1],[[2, 1], [3, 1], [3, 2], [3, 3], [1, 2], [2, 3]],954,780,899,792
390528,3,56,54,[10, 4, 8, 12, 2, 1],[[2, 1], [3, 1], [3, 2], [3, 3], [1, 2], [2, 3]],966,782,898,805
390573,3,56,54,[10, 4, 8, 12, 2, 1],[[2, 1], [3, 1], [3, 2], [3, 3], [1, 2], [2, 3]],976,767,897,811
390635,3,56,54,[10, 4, 8, 12, 2, 1],[[2, 1], [3, 1], [3, 2], [3, 3], [1, 2], [2, 3]],966,762,900,825
390711,3,56,54,[10, 4, 8, 12, 2, 1],[[2, 1], [3, 1], [3, 2], [3, 3], [1, 2], [2, 3]],993,762,913,836
390802,3,56,54,[10, 4, 8, 12, 2, 1],[[2, 1], [3, 1], [3, 2], [3, 3], [1, 2], [2, 3]],1002,755,925,841
390880,3,56,54,[10, 4, 8, 12, 2, 1],[[2, 1], [3, 1], [3, 2], [3, 3], [1, 2], [2, 3]],991,766,951,844
390929,3,56,54,[10, 4, 8, 12, 2, 1],[[2, 1], [3, 1], [3, 2], [3, 3], [1, 2], [2, 3]],987,744,968,844
391007,3,56,54,[10, 4, 8, 12, 2, 1],[[2, 1], [3, 1], [3, 2], [3, 3], [1, 2], [2, 3]],978,756,998,845
391050,3,56,54,[10, 4, 8, 12, 2, 1],[[2, 1], [3, 1], [3, 2], [3, 3], [1, 2], [2, 3]],990,771,1001,845
391121,3,56,54,[10, 4, 8, 12, 2, 1],[[2, 1], [3, 1], [3, 2], [3, 3], [1, 2], [2, 3]],981,763,1014,833
391206,3,56,54,[10, 4, 8, 12, 2, 1],[[2, 1], [3, 1], [3, 2], [3, 3], [1, 2], [2, 3]],996,764,1019,808
391281,3,56,54,[10, 4, 8, 12, 2, 1],[[2, 1], [3, 1], [3, 2], [3, 3], [1, 2], [2, 3]],1022,769,1012,789
391344,3,56,54,[10, 4, 8, 12, 2, 1],[[2, 1], [3, 1], [3, 2], [3, 3], [1, 2], [2, 3]],1020,798,995,769
391424,3,56,54,[10, 4, 8, 12, 2, 1],[[2, 1], [3, 1], [3, 2], [3, 3], [1, 2], [2, 3]],1021,796,994,769
391487,3,56,54,[10, 4, 8, 12, 2, 1],[[2, 1], [3, 1], [3, 2], [3, 3], [1, 2], [2, 3]],1044,777,994,769
391542,3,56,54,[10, 4, 8, 12, 2, 1],[[2, 1], [3, 1], [3, 2], [3, 3], [1, 2], [2, 3]],1051,793,993,769
391607,3,56,54,[10, 4, 8, 12, 2, 1],[[2, 1], [3, 1], [3, 2], [3, 3], [1, 2], [2, 3]],1052,782,988,769
391660,3,56,54,[10, 4, 8, 12, 2, 1],[[2, 1], [3, 1], [3, 2], [3, 3], [1, 2], [2, 3]],1068,773,988,769
391713,3,56,54,[10, 4, 8, 12, 2, 1],[[2, 1], [3, 1], [3, 2], [3, 3], [1, 2], [2, 3]],1074,756,988,772
391767,3,56,54,[10, 4, 8, 12, 2, 1],[[2, 1], [3, 1], [3, 2], [3, 3], [1, 2], [2, 3]],1069,786,988,774
391831,3,56,54,[10, 4, 8, 12, 2, 1],[[2, 1], [3, 1], [3, 2], [3, 3], [1, 2], [2, 3]],1052,770,995,798
391887,3,56,54,[10, 4, 8, 12, 2, 1],[[2, 1], [3, 1], [3, 2], [3, 3], [1, 2], [2, 3]],1054,799,1008,814
391929,3,56,54,[10, 4, 8, 12, 2, 1],[[2, 1], [3, 1], [3, 2], [3, 3], [1, 2], [2, 3]],1012,798,1033,832
392007,3,56,54,[10, 4, 8, 12, 2, 1],[[2, 1], [3, 1], [3, 2], [3, 3], [1, 2], [2, 3]],1046,798,1051,839
392090,3,56,54,[10, 4, 8, 12, 2, 1],[[2, 1], [3, 1], [3, 2], [3, 3], [1, 2], [2, 3]],1039,781,1055,839
392152,3,56,54,[10, 4, 8, 12, 2, 1],[[2, 1], [3, 1], [3, 2], [3, 3], [1, 2], [2, 3]],1037,772,1072,839
392210,3,56,54,[10, 4, 8, 12, 2, 1],[[2, 1], [3, 1], [3, 2], [3, 3], [1, 2], [2, 3]],1040,752,1073,839
392278,3,56,54,[10, 4, 8, 12, 2, 1],[[2, 1], [3, 1], [3, 2], [3, 3], [1, 2], [2, 3]],1036,740,1073,839
392337,3,56,54,[10, 4, 8, 12, 2, 1],[[2, 1], [3, 1], [3, 2], [3, 3], [1, 2], [2, 3]],1033,750,1077,839
392374,3,56,54,[10, 4, 8, 12, 2, 1],[[2, 1], [3, 1], [3, 2], [3, 3], [1, 2], [2, 3]],1060,751,1088,839
392430,3,56,54,[10, 4, 8, 12, 2, 1],[[2, 1], [3, 1], [3, 2], [3, 3], [1, 2], [2, 3]],1057,747,1090,839
392506,3,56,54,[10, 4, 8, 12, 2, 1],[[2, 1], [3, 1], [3, 2], [3, 3], [1, 2], [2, 3]],1077,765,1090,839
392557,3,56,54,[10, 4, 8, 12, 2, 1],[[2, 1], [3, 1], [3, 2], [3, 3], [1, 2], [2, 3]],1090,744,1090,839
392597,3,56,54,[10, 4, 8, 12, 2, 1],[[2, 1], [3, 1], [3, 2], [3, 3], [1, 2], [2, 3]],1092,758,1090,839
392665,3,56,54,[10, 4, 8, 12, 2, 1],[[2, 1], [3, 1], [3, 2], [3, 3], [1, 2], [2, 3]],1058,735,1083,841
392720,3,56,54,[10, 4, 8, 12, 2, 1],[[2, 1], [3, 1], [3, 2], [3, 3], [1, 2], [2, 3]],1074,723,1078,844
392785,3,56,54,[10, 4, 8, 12, 2, 1],[[2, 1], [3, 1], [3, 2], [3, 3], [1, 2], [2, 3]],1086,745,1073,846
392871,3,56,54,[10, 4, 8, 12, 2, 1],[[2, 1], [3, 1], [3, 2], [3, 3], [1, 2], [2, 3]],1093,751,1072,846
392928,3,56,54,[10, 4, 8, 12, 2, 1],[[2, 1], [3, 1], [3, 2], [3, 3], [1, 2], [2, 3]],1099,760,1072,846
393003,3,56,54,[10, 4, 8, 12, 2, 1],[[2, 1], [3, 1], [3, 2], [3, 3], [1, 2], [2, 3]],1123,752,1086,821
393039,3,56,54,[10, 4, 8, 12, 2, 1],[[2, 1], [3, 1], [3, 2], [3, 3], [1, 2], [2, 3]],1104,760,1102,773
393096,3,56,54,[10, 4, 8, 12, 2, 1],[[2, 1], [3, 1], [3, 2], [3, 3], [1, 2], [2, 3]],1098,732,1115,727
393181,3,56,54,[10, 4, 8, 12, 2, 1],[[2, 1], [3, 1], [3, 2], [3, 3], [1, 2], [2, 3]],1091,707,1116,722
393221,3,56,54,[10, 4, 8, 12, 2, 1],[[2, 1], [3, 1], [3, 2], [3, 3], [1, 2], [2, 3]],1080,717,1116,722
393265,3,56,54,[10, 4, 8, 12, 2, 1],[[2, 1], [3, 1], [3, 2], [3, 3], [1, 2], [2, 3]],1092,717,1116,722
393351,3,56,54,[10, 4, 8, 12, 2, 1],[[2, 1], [3, 1], [3, 2], [3, 3], [1, 2], [2, 3]],1084,699,1116,722
393391,3,57,67,[6, 5, 3, 11, 7, 9],[[2, 1], [3, 1], [1, 1], [1, 2], [1, 3], [2, 2]],1073,696,1116,722
393447,3,57,67,[6, 5, 3, 11, 7, 9],[[2, 1], [3, 1], [1, 1], [1, 2], [1, 3], [2, 2]],1055,707,1110,722
393520,3,57,67,[6, 5, 3, 11, 7, 9],[[2, 1], [3, 1], [1, 1], [1, 2], [1, 3], [2, 2]],1046,701,1063,724
393579,3,57,67,[6, 5, 3, 11, 7, 9],[[2, 1], [3, 1], [1, 1], [1, 2], [1, 3], [2, 2]],1022,702,1060,726
393643,3,57,67,[6, 5, 3, 11, 7, 9],[[2, 1], [3, 1], [1, 1], [1, 2], [1, 3], [2, 2]],1035,700,1060,728
393678,3,57,67,[6, 5, 3, 11, 7, 9],[[2, 1], [3, 1], [1, 1], [1, 2], [1, 3], [2, 2]],1048,693,1060,728
393742,3,57,67,[6, 5, 3, 11, 7, 9],[[2, 1], [3, 1], [1, 1], [1, 2], [1, 3], [2, 2]],1055,691,1040,672
393806,3,57,67,[6, 5, 3, 11, 7, 9],[[2, 1], [3, 1], [1, 1], [1, 2], [1, 3], [2, 2]],1022,672,1026,643
393865,3,57,67,[6, 5, 3, 11, 7, 9],[[2, 1], [3, 1], [1, 1], [1, 2], [1, 3], [2, 2]],1022,651,1012,610
393919,3,57,67,[6, 5, 3, 11, 7, 9],[[2, 1], [3, 1], [1, 1], [1, 2], [1, 3], [2, 2]],1009,663,1010,607
393977,3,57,67,[6, 5, 3, 11, 7, 9],[[2, 1], [3, 1], [1, 1], [1, 2], [1, 3], [2, 2]],1015,677,1010,607
394036,3,57,67,[6, 5, 3, 11, 7, 9],[[2, 1], [3, 1], [1, 1], [1, 2], [1, 3], [2, 2]],1039,651,994,607
394095,3,57,67,[6, 5, 3, 11, 7, 9],[[2, 1], [3, 1], [1, 1], [1, 2], [1, 3], [2, 2]],1003,659,959,613
394158,3,57,67,[6, 5, 3, 11, 7, 9],[[2, 1], [3, 1], [1, 1], [1, 2], [1, 3], [2, 2]],997,647,948,625
394212,3,57,67,[6, 5, 3, 11, 7, 9],[[2, 1], [3, 1], [1, 1], [1, 2], [1, 3], [2, 2]],1039,656,943,637
394289,3,57,67,[6, 5, 3, 11, 7, 9],[[2, 1], [3, 1], [1, 1], [1, 2], [1, 3], [2, 2]],1035,636,944,650
394331,3,57,67,[6, 5, 3, 11, 7, 9],[[2, 1], [3, 1], [1, 1], [1, 2], [1, 3], [2, 2]],1065,616,947,663
394389,3,57,67,[6, 5, 3, 11, 7, 9],[[2, 1], [3, 1], [1, 1], [1, 2], [1, 3], [2, 2]],1070,609,963,681
394464,3,57,67,[6, 5, 3, 11, 7, 9],[[2, 1], [3, 1], [1, 1], [1, 2], [1, 3], [2, 2]],1095,590,974,684
394516,3,57,67,[6, 5, 3, 11, 7, 9],[[2, 1], [3, 1], [1, 1], [1, 2], [1, 3], [2, 2]],1084,551,1009,685
394573,3,57,67,[6, 5, 3, 11, 7, 9],[[2, 1], [3, 1], [1, 1], [1, 2], [1, 3], [2, 2]],1085,552,1039,685
394625,3,57,67,[6, 5, 3, 11, 7, 9],[[2, 1], [3, 1], [1, 1], [1, 2], [1, 3], [2, 2]],1084,562,1063,684
394696,3,57,67,[6, 5, 3, 11, 7, 9],[[2, 1], [3, 1], [1, 1], [1, 2], [1, 3], [2, 2]],1068,564,1077,677
394749,3,57,67,[6, 5, 3, 11, 7, 9],[[2, 1], [3, 1], [1, 1], [1, 2], [1, 3], [2, 2]],1064,578,1084,656
394813,3,57,67,[6, 5, 3, 11, 7, 9],[[2, 1], [3, 1], [1, 1], [1, 2], [1, 3], [2, 2]],1067,600,1087,626
394852,3,57,67,[6, 5, 3, 11, 7, 9],[[2, 1], [3, 1], [1, 1], [1, 2], [1, 3], [2, 2]],1090,616,1087,616
394908,3,57,67,[6, 5, 3, 11, 7, 9],[[2, 1], [3, 1], [1, 1], [1, 2], [1, 3], [2, 2]],1080,602,1084,592
394964,3,57,67,[6, 5, 3, 11, 7, 9],[[2, 1], [3, 1], [1, 1], [1, 2], [1, 3], [2, 2]],1096,600,1068,575
395027,3,57,67,[6, 5, 3, 11, 7, 9],[[2, 1], [3, 1], [1, 1], [1, 2], [1, 3], [2, 2]],1093,588,1032,558
395079,3,57,67,[6, 5, 3, 11, 7, 9],[[2, 1], [3, 1], [1, 1], [1, 2], [1, 3], [2, 2]],1105,581,1014,557
395135,3,57,67,[6, 5, 3, 11, 7, 9],[[2, 1], [3, 1], [1, 1], [1, 2], [1, 3], [2, 2]],1101,592,999,562
395186,3,57,67,[6, 5, 3, 11, 7, 9],[[2, 1], [3, 1], [1, 1], [1, 2], [1, 3], [2, 2]],1100,586,992,567
395249,3,57,67,[6, 5, 3, 11, 7, 9],[[2, 1], [3, 1], [1, 1], [1, 2], [1, 3], [2, 2]],1089,590,984,583
395296,3,57,67,[6, 5, 3, 11, 7, 9],[[2, 1], [3, 1], [1, 1], [1, 2], [1, 3], [2, 2]],1094,617,981,597
395363,3,57,67,[6, 5, 3, 11, 7, 9],[[2, 1], [3, 1], [1, 1], [1, 2], [1, 3], [2, 2]],1070,637,983,616
395437,3,57,67,[6, 5, 3, 11, 7, 9],[[2, 1], [3, 1], [1, 1], [1, 2], [1, 3], [2, 2]],1083,658,992,639
395504,3,57,67,[6, 5, 3, 11, 7, 9],[[2, 1], [3, 1], [1, 1], [1, 2], [1, 3], [2, 2]],1059,656,995,642
395548,3,57,67,[6, 5, 3, 11, 7, 9],[[2, 1], [3, 1], [1, 1], [1, 2], [1, 3], [2, 2]],1048,640,995,642
395588,3,57,67,[6, 5, 3, 11, 7, 9],[[2, 1], [3, 1], [1, 1], [1, 2], [1, 3], [2, 2]],1031,630,995,642
395635,3,57,67,[6, 5, 3, 11, 7, 9],[[2, 1], [3, 1], [1, 1], [1, 2], [1, 3], [2, 2]],1041,615,995,642
395680,3,57,67,[6, 5, 3, 11, 7, 9],[[2, 1], [3, 1], [1, 1], [1, 2], [1, 3], [2, 2]],1015,583,995,643
395726,3,57,67,[6, 5, 3, 11, 7, 9],[[2, 1], [3, 1], [1, 1], [1, 2], [1, 3], [2, 2]],1046,565,998,648
395794,3,57,67,[6, 5, 3, 11, 7, 9],[[2, 1], [3, 1], [1, 1], [1, 2], [1, 3], [2, 2]],1073,554,998,648
395836,3,57,67,[6, 5, 3, 11, 7, 9],[[2, 1], [3, 1], [1, 1], [1, 2], [1, 3], [2, 2]],1093,559,998,648
395894,3,57,67,[6, 5, 3, 11, 7, 9],[[2, 1], [3, 1], [1, 1], [1, 2], [1, 3], [2, 2]],1100,588,998,648
395938,3,57,67,[6, 5, 3, 11, 7, 9],[[2, 1], [3, 1], [1, 1], [1, 2], [1, 3], [2, 2]],1101,597,998,648
395991,3,57,67,[6, 5, 3, 11, 7, 9],[[2, 1], [3, 1], [1, 1], [1, 2], [1, 3], [2, 2]],1108,601,1005,642
396050,3,57,67,[6, 5, 3, 11, 7, 9],[[2, 1], [3, 1], [1, 1], [1, 2], [1, 3], [2, 2]],1117,607,1019,629
396112,3,57,67,[6, 5, 3, 11, 7, 9],[[2, 1], [3, 1], [1, 1], [1, 2], [1, 3], [2, 2]],1112,615,1025,624
396166,3,57,67,[6, 5, 3, 11, 7, 9],[[2, 1], [3, 1], [1, 1], [1, 2], [1, 3], [2, 2]],1108,614,1027,623
396228,3,57,67,[6, 5, 3, 11, 7, 9],[[2, 1], [3, 1], [1, 1], [1, 2], [1, 3], [2, 2]],1105,610,1027,623
396281,3,57,67,[6, 5, 3, 11, 7, 9],[[2, 1], [3, 1], [1, 1], [1, 2], [1, 3], [2, 2]],1126,612,1027,623
396344,3,57,67,[6, 5, 3, 11, 7, 9],[[2, 1], [3, 1], [1, 1], [1, 2], [1, 3], [2, 2]],1095,584,1027,623
396392,3,57,67,[6, 5, 3, 11, 7, 9],[[2, 1], [3, 1], [1, 1], [1, 2], [1, 3], [2, 2]],1102,574,1051,627
396444,3,57,67,[6, 5, 3, 11, 7, 9],[[2, 1], [3, 1], [1, 1], [1, 2], [1, 3], [2, 2]],1086,571,1075,629
396497,3,57,67,[6, 5, 3, 11, 7, 9],[[2, 1], [3, 1], [1, 1], [1, 2], [1, 3], [2, 2]],1098,550,1081,633
396551,3,57,67,[6, 5, 3, 11, 7, 9],[[2, 1], [3, 1], [1, 1], [1, 2], [1, 3], [2, 2]],1077,547,1088,637
396619,3,57,67,[6, 5, 3, 11, 7, 9],[[2, 1], [3, 1], [1, 1], [1, 2], [1, 3], [2, 2]],1062,564,1097,642
396690,3,57,67,[6, 5, 3, 11, 7, 9],[[2, 1], [3, 1], [1, 1], [1, 2], [1, 3], [2, 2]],1056,570,1097,642
396760,3,57,67,[6, 5, 3, 11, 7, 9],[[2, 1], [3, 1], [1, 1], [1, 2], [1, 3], [2, 2]],1064,561,1097,642
396825,3,57,67,[6, 5, 3, 11, 7, 9],[[2, 1], [3, 1], [1, 1], [1, 2], [1, 3], [2, 2]],1083,556,1097,642
396913,3,57,67,[6, 5, 3, 11, 7, 9],[[2, 1], [3, 1], [1, 1], [1, 2], [1, 3], [2, 2]],1083,542,1104,622
396963,3,57,67,[6, 5, 3, 11, 7, 9],[[2, 1], [3, 1], [1, 1], [1, 2], [1, 3], [2, 2]],1079,547,1105,605
397032,3,57,67,[6, 5, 3, 11, 7, 9],[[2, 1], [3, 1], [1, 1], [1, 2], [1, 3], [2, 2]],1093,535,1099,587
397074,3,57,67,[6, 5, 3, 11, 7, 9],[[2, 1], [3, 1], [1, 1], [1, 2], [1, 3], [2, 2]],1085,575,1099,587
397152,3,57,67,[6, 5, 3, 11, 7, 9],[[2, 1], [3, 1], [1, 1], [1, 2], [1, 3], [2, 2]],1091,585,1097,581
397209,3,57,67,[6, 5, 3, 11, 7, 9],[[2, 1], [3, 1], [1, 1], [1, 2], [1, 3], [2, 2]],1092,576,1096,581
397249,3,57,67,[6, 5, 3, 11, 7, 9],[[2, 1], [3, 1], [1, 1], [1, 2], [1, 3], [2, 2]],1089,594,1096,581
397312,3,57,67,[6, 5, 3, 11, 7, 9],[[2, 1], [3, 1], [1, 1], [1, 2], [1, 3], [2, 2]],1093,584,1096,581
397371,3,57,67,[6, 5, 3, 11, 7, 9],[[2, 1], [3, 1], [1, 1], [1, 2], [1, 3], [2, 2]],1101,597,1096,581
397418,3,58,51,[6, 5, 3, 11, 7, 9],[[2, 1], [3, 1], [3, 2], [3, 3], [1, 3], [2, 2]],1094,611,1096,581
397469,3,58,51,[6, 5, 3, 11, 7, 9],[[2, 1], [3, 1], [3, 2], [3, 3], [1, 3], [2, 2]],1093,623,1096,581
397538,3,58,51,[6, 5, 3, 11, 7, 9],[[2, 1], [3, 1], [3, 2], [3, 3], [1, 3], [2, 2]],1122,616,1084,561
397583,3,58,51,[6, 5, 3, 11, 7, 9],[[2, 1], [3, 1], [3, 2], [3, 3], [1, 3], [2, 2]],1107,594,1064,537
397641,3,58,51,[6, 5, 3, 11, 7, 9],[[2, 1], [3, 1], [3, 2], [3, 3], [1, 3], [2, 2]],1128,593,1051,524
397684,3,58,51,[6, 5, 3, 11, 7, 9],[[2, 1], [3, 1], [3, 2], [3, 3], [1, 3], [2, 2]],1159,601,1051,524
397742,3,58,51,[6, 5, 3, 11, 7, 9],[[2, 1], [3, 1], [3, 2], [3, 3], [1, 3], [2, 2]],1139,607,1051,524
397793,3,58,51,[6, 5, 3, 11, 7, 9],[[2, 1], [3, 1], [3, 2], [3, 3], [1, 3], [2, 2]],1144,592,1051,524
397838,3,58,51,[6, 5, 3, 11, 7, 9],[[2, 1], [3, 1], [3, 2], [3, 3], [1, 3], [2, 2]],1155,606,1051,524
397883,3,58,51,[6, 5, 3, 11, 7, 9],[[2, 1], [3, 1], [3, 2], [3, 3], [1, 3], [2, 2]],1155,627,1053,539
397942,3,58,51,[6, 5, 3, 11, 7, 9],[[2, 1], [3, 1], [3, 2], [3, 3], [1, 3], [2, 2]],1144,595,1090,575
397999,3,58,51,[6, 5, 3, 11, 7, 9],[[2, 1], [3, 1], [3, 2], [3, 3], [1, 3], [2, 2]],1116,592,1146,614
398040,3,58,51,[6, 5, 3, 11, 7, 9],[[2, 1], [3, 1], [3, 2], [3, 3], [1, 3], [2, 2]],1094,635,1158,628
398087,3,58,51,[6, 5, 3, 11, 7, 9],[[2, 1], [3, 1], [3, 2], [3, 3], [1, 3], [2, 2]],1119,636,1178,647
398154,3,58,51,[6, 5, 3, 11, 7, 9],[[2, 1], [3, 1], [3, 2], [3, 3], [1, 3], [2, 2]],1090,631,1206,663
398206,3,58,51,[6, 5, 3, 11, 7, 9],[[2, 1], [3, 1], [3, 2], [3, 3], [1, 3], [2, 2]],1071,609,1223,670
398300,3,58,51,[6, 5, 3, 11, 7, 9],[[2, 1], [3, 1], [3, 2], [3, 3], [1, 3], [2, 2]],1062,617,1223,670
398352,3,58,51,[6, 5, 3, 11, 7, 9],[[2, 1], [3, 1], [3, 2], [3, 3], [1, 3], [2, 2]],1047,624,1223,670
398425,3,58,51,[6, 5, 3, 11, 7, 9],[[2, 1], [3, 1], [3, 2], [3, 3], [1, 3], [2, 2]],1064,619,1196,668
398505,3,58,51,[6, 5, 3, 11, 7, 9],[[2, 1], [3, 1], [3, 2], [3, 3], [1, 3], [2, 2]],1046,620,1099,668
398556,3,58,51,[6, 5, 3, 11, 7, 9],[[2, 1], [3, 1], [3, 2], [3, 3], [1, 3], [2, 2]],1052,635,1090,668
398629,3,58,51,[6, 5, 3, 11, 7, 9],[[2, 1], [3, 1], [3, 2], [3, 3], [1, 3], [2, 2]],1034,642,1086,668
398689,3,58,51,[6, 5, 3, 11, 7, 9],[[2, 1], [3, 1], [3, 2], [3, 3], [1, 3], [2, 2]],1020,637,1085,669
398760,3,58,51,[6, 5, 3, 11, 7, 9],[[2, 1], [3, 1], [3, 2], [3, 3], [1, 3], [2, 2]],1033,623,1075,669
398848,3,58,51,[6, 5, 3, 11, 7, 9],[[2, 1], [3, 1], [3, 2], [3, 3], [1, 3], [2, 2]],1046,624,1075,669
398896,3,58,51,[6, 5, 3, 11, 7, 9],[[2, 1], [3, 1], [3, 2], [3, 3], [1, 3], [2, 2]],1032,595,1075,665
399014,3,58,51,[6, 5, 3, 11, 7, 9],[[2, 1], [3, 1], [3, 2], [3, 3], [1, 3], [2, 2]],1053,600,1086,648
399056,3,58,51,[6, 5, 3, 11, 7, 9],[[2, 1], [3, 1], [3, 2], [3, 3], [1, 3], [2, 2]],1058,620,1086,642
399128,3,58,51,[6, 5, 3, 11, 7, 9],[[2, 1], [3, 1], [3, 2], [3, 3], [1, 3], [2, 2]],1040,609,1086,642
399185,3,58,51,[6, 5, 3, 11, 7, 9],[[2, 1], [3, 1], [3, 2], [3, 3], [1, 3], [2, 2]],1040,598,1086,642
399268,3,58,51,[6, 5, 3, 11, 7, 9],[[2, 1], [3, 1], [3, 2], [3, 3], [1, 3], [2, 2]],1020,602,1063,639
399322,3,58,51,[6, 5, 3, 11, 7, 9],[[2, 1], [3, 1], [3, 2], [3, 3], [1, 3], [2, 2]],1005,608,1054,631
399383,3,58,51,[6, 5, 3, 11, 7, 9],[[2, 1], [3, 1], [3, 2], [3, 3], [1, 3], [2, 2]],1006,619,1054,631
399444,3,58,51,[6, 5, 3, 11, 7, 9],[[2, 1], [3, 1], [3, 2], [3, 3], [1, 3], [2, 2]],1024,603,1054,631
399498,3,58,51,[6, 5, 3, 11, 7, 9],[[2, 1], [3, 1], [3, 2], [3, 3], [1, 3], [2, 2]],1028,614,1054,631
399546,3,58,51,[6, 5, 3, 11, 7, 9],[[2, 1], [3, 1], [3, 2], [3, 3], [1, 3], [2, 2]],1021,628,1053,617
399605,3,58,51,[6, 5, 3, 11, 7, 9],[[2, 1], [3, 1], [3, 2], [3, 3], [1, 3], [2, 2]],1011,620,1053,610
399658,3,58,51,[6, 5, 3, 11, 7, 9],[[2, 1], [3, 1], [3, 2], [3, 3], [1, 3], [2, 2]],1025,608,1054,598
399712,3,58,51,[6, 5, 3, 11, 7, 9],[[2, 1], [3, 1], [3, 2], [3, 3], [1, 3], [2, 2]],1056,588,1054,598
399765,3,58,51,[6, 5, 3, 11, 7, 9],[[2, 1], [3, 1], [3, 2], [3, 3], [1, 3], [2, 2]],1062,586,1041,598
399814,3,58,51,[6, 5, 3, 11, 7, 9],[[2, 1], [3, 1], [3, 2], [3, 3], [1, 3], [2, 2]],1061,583,1031,603
399863,3,58,51,[6, 5, 3, 11, 7, 9],[[2, 1], [3, 1], [3, 2], [3, 3], [1, 3], [2, 2]],1071,573,1022,608
399927,3,58,51,[6, 5, 3, 11, 7, 9],[[2, 1], [3, 1], [3, 2], [3, 3], [1, 3], [2, 2]],1060,579,1021,608
399986,3,58,51,[6, 5, 3, 11, 7, 9],[[2, 1], [3, 1], [3, 2], [3, 3], [1, 3], [2, 2]],1061,557,1021,608
400046,3,58,51,[6, 5, 3, 11, 7, 9],[[2, 1], [3, 1], [3, 2], [3, 3], [1, 3], [2, 2]],1059,540,1021,608
400132,3,58,51,[6, 5, 3, 11, 7, 9],[[2, 1], [3, 1], [3, 2], [3, 3], [1, 3], [2, 2]],1078,548,1021,608
400208,3,58,51,[6, 5, 3, 11, 7, 9],[[2, 1], [3, 1], [3, 2], [3, 3], [1, 3], [2, 2]],1075,544,1021,608
400263,3,58,51,[6, 5, 3, 11, 7, 9],[[2, 1], [3, 1], [3, 2], [3, 3], [1, 3], [2, 2]],1073,560,1021,608
400321,3,58,51,[6, 5, 3, 11, 7, 9],[[2, 1], [3, 1], [3, 2], [3, 3], [1, 3], [2, 2]],1064,577,1021,608
400379,3,58,51,[6, 5, 3, 11, 7, 9],[[2, 1], [3, 1], [3, 2], [3, 3], [1, 3], [2, 2]],1044,548,1021,608
400426,3,58,51,[6, 5, 3, 11, 7, 9],[[2, 1], [3, 1], [3, 2], [3, 3], [1, 3], [2, 2]],1041,551,1028,545
400479,3,58,51,[6, 5, 3, 11, 7, 9],[[2, 1], [3, 1], [3, 2], [3, 3], [1, 3], [2, 2]],1037,522,1023,533
400528,3,58,51,[6, 5, 3, 11, 7, 9],[[2, 1], [3, 1], [3, 2], [3, 3], [1, 3], [2, 2]],1053,516,1023,533
400571,3,58,51,[6, 5, 3, 11, 7, 9],[[2, 1], [3, 1], [3, 2], [3, 3], [1, 3], [2, 2]],1066,525,1023,533
400621,3,58,51,[6, 5, 3, 11, 7, 9],[[2, 1], [3, 1], [3, 2], [3, 3], [1, 3], [2, 2]],1061,531,1023,533
400675,3,58,51,[6, 5, 3, 11, 7, 9],[[2, 1], [3, 1], [3, 2], [3, 3], [1, 3], [2, 2]],1041,558,1023,533
400728,3,58,51,[6, 5, 3, 11, 7, 9],[[2, 1], [3, 1], [3, 2], [3, 3], [1, 3], [2, 2]],1037,567,1023,533
400768,3,58,51,[6, 5, 3, 11, 7, 9],[[2, 1], [3, 1], [3, 2], [3, 3], [1, 3], [2, 2]],1035,556,1023,533
400845,3,58,51,[6, 5, 3, 11, 7, 9],[[2, 1], [3, 1], [3, 2], [3, 3], [1, 3], [2, 2]],1045,558,1023,533
400923,3,58,51,[6, 5, 3, 11, 7, 9],[[2, 1], [3, 1], [3, 2], [3, 3], [1, 3], [2, 2]],1055,574,1035,559
401012,3,58,51,[6, 5, 3, 11, 7, 9],[[2, 1], [3, 1], [3, 2], [3, 3], [1, 3], [2, 2]],1028,585,1037,562
401049,3,58,51,[6, 5, 3, 11, 7, 9],[[2, 1], [3, 1], [3, 2], [3, 3], [1, 3], [2, 2]],1023,579,1037,564
401101,3,58,51,[6, 5, 3, 11, 7, 9],[[2, 1], [3, 1], [3, 2], [3, 3], [1, 3], [2, 2]],1019,580,1040,573
401158,3,58,51,[6, 5, 3, 11, 7, 9],[[2, 1], [3, 1], [3, 2], [3, 3], [1, 3], [2, 2]],1036,583,1047,582
401213,3,58,51,[6, 5, 3, 11, 7, 9],[[2, 1], [3, 1], [3, 2], [3, 3], [1, 3], [2, 2]],1035,561,1064,593
401287,3,58,51,[6, 5, 3, 11, 7, 9],[[2, 1], [3, 1], [3, 2], [3, 3], [1, 3], [2, 2]],1014,560,1082,598
401332,3,58,51,[6, 5, 3, 11, 7, 9],[[2, 1], [3, 1], [3, 2], [3, 3], [1, 3], [2, 2]],1019,585,1083,596
401385,3,58,51,[6, 5, 3, 11, 7, 9],[[2, 1], [3, 1], [3, 2], [3, 3], [1, 3], [2, 2]],1034,606,1083,596
401435,3,59,57,[6, 5, 8, 12, 2, 1],[[2, 1], [3, 1], [3, 2], [3, 3], [1, 1], [2, 2]],1066,617,1083,596
401491,3,59,57,[6, 5, 8, 12, 2, 1],[[2, 1], [3, 1], [3, 2], [3, 3], [1, 1], [2, 2]],1055,621,1083,596
401555,3,59,57,[6, 5, 8, 12, 2, 1],[[2, 1], [3, 1], [3, 2], [3, 3], [1, 1], [2, 2]],1058,613,1083,596
401638,3,59,57,[6, 5, 8, 12, 2, 1],[[2, 1], [3, 1], [3, 2], [3, 3], [1, 1], [2, 2]],1046,600,1083,596
401701,3,59,57,[6, 5, 8, 12, 2, 1],[[2, 1], [3, 1], [3, 2], [3, 3], [1, 1], [2, 2]],1040,606,1086,603
401776,3,59,57,[6, 5, 8, 12, 2, 1],[[2, 1], [3, 1], [3, 2], [3, 3], [1, 1], [2, 2]],1071,610,1088,607
401829,3,59,57,[6, 5, 8, 12, 2, 1],[[2, 1], [3, 1], [3, 2], [3, 3], [1, 1], [2, 2]],1104,607,1088,607
401893,3,59,57,[6, 5, 8, 12, 2, 1],[[2, 1], [3, 1], [3, 2], [3, 3], [1, 1], [2, 2]],1109,609,1088,607
401962,3,59,57,[6, 5, 8, 12, 2, 1],[[2, 1], [3, 1], [3, 2], [3, 3], [1, 1], [2, 2]],1121,614,1080,622
402016,3,59,57,[6, 5, 8, 12, 2, 1],[[2, 1], [3, 1], [3, 2], [3, 3], [1, 1], [2, 2]],1132,604,1074,629
402069,3,59,57,[6, 5, 8, 12, 2, 1],[[2, 1], [3, 1], [3, 2], [3, 3], [1, 1], [2, 2]],1135,592,1068,631
402128,3,59,57,[6, 5, 8, 12, 2, 1],[[2, 1], [3, 1], [3, 2], [3, 3], [1, 1], [2, 2]],1125,601,1068,631
402193,3,59,57,[6, 5, 8, 12, 2, 1],[[2, 1], [3, 1], [3, 2], [3, 3], [1, 1], [2, 2]],1150,613,1068,631
402268,3,59,57,[6, 5, 8, 12, 2, 1],[[2, 1], [3, 1], [3, 2], [3, 3], [1, 1], [2, 2]],1151,636,1068,631
402322,3,59,57,[6, 5, 8, 12, 2, 1],[[2, 1], [3, 1], [3, 2], [3, 3], [1, 1], [2, 2]],1170,645,1068,631
402371,3,59,57,[6, 5, 8, 12, 2, 1],[[2, 1], [3, 1], [3, 2], [3, 3], [1, 1], [2, 2]],1185,659,1068,631
402441,3,59,57,[6, 5, 8, 12, 2, 1],[[2, 1], [3, 1], [3, 2], [3, 3], [1, 1], [2, 2]],1214,650,1068,631
402474,3,59,57,[6, 5, 8, 12, 2, 1],[[2, 1], [3, 1], [3, 2], [3, 3], [1, 1], [2, 2]],1213,632,1068,631
402559,3,59,57,[6, 5, 8, 12, 2, 1],[[2, 1], [3, 1], [3, 2], [3, 3], [1, 1], [2, 2]],1183,615,1086,622
402605,3,59,57,[6, 5, 8, 12, 2, 1],[[2, 1], [3, 1], [3, 2], [3, 3], [1, 1], [2, 2]],1193,619,1097,619
402659,3,59,57,[6, 5, 8, 12, 2, 1],[[2, 1], [3, 1], [3, 2], [3, 3], [1, 1], [2, 2]],1202,625,1098,619
402709,3,59,57,[6, 5, 8, 12, 2, 1],[[2, 1], [3, 1], [3, 2], [3, 3], [1, 1], [2, 2]],1188,630,1098,619
402758,3,59,57,[6, 5, 8, 12, 2, 1],[[2, 1], [3, 1], [3, 2], [3, 3], [1, 1], [2, 2]],1208,622,1098,619
402809,3,59,57,[6, 5, 8, 12, 2, 1],[[2, 1], [3, 1], [3, 2], [3, 3], [1, 1], [2, 2]],1207,629,1108,619
402857,3,59,57,[6, 5, 8, 12, 2, 1],[[2, 1], [3, 1], [3, 2], [3, 3], [1, 1], [2, 2]],1212,641,1115,619
402910,3,59,57,[6, 5, 8, 12, 2, 1],[[2, 1], [3, 1], [3, 2], [3, 3], [1, 1], [2, 2]],1218,673,1117,619
402962,3,59,57,[6, 5, 8, 12, 2, 1],[[2, 1], [3, 1], [3, 2], [3, 3], [1, 1], [2, 2]],1209,694,1117,618
403005,3,59,57,[6, 5, 8, 12, 2, 1],[[2, 1], [3, 1], [3, 2], [3, 3], [1, 1], [2, 2]],1227,704,1117,618
403071,3,59,57,[6, 5, 8, 12, 2, 1],[[2, 1], [3, 1], [3, 2], [3, 3], [1, 1], [2, 2]],1226,726,1117,618
403150,3,59,57,[6, 5, 8, 12, 2, 1],[[2, 1], [3, 1], [3, 2], [3, 3], [1, 1], [2, 2]],1223,727,1117,618
403225,3,59,57,[6, 5, 8, 12, 2, 1],[[2, 1], [3, 1], [3, 2], [3, 3], [1, 1], [2, 2]],1222,749,1163,689
403274,3,59,57,[6, 5, 8, 12, 2, 1],[[2, 1], [3, 1], [3, 2], [3, 3], [1, 1], [2, 2]],1260,741,1224,767
403334,3,59,57,[6, 5, 8, 12, 2, 1],[[2, 1], [3, 1], [3, 2], [3, 3], [1, 1], [2, 2]],1246,753,1240,783
403375,3,59,57,[6, 5, 8, 12, 2, 1],[[2, 1], [3, 1], [3, 2], [3, 3], [1, 1], [2, 2]],1251,726,1250,792
403447,3,59,57,[6, 5, 8, 12, 2, 1],[[2, 1], [3, 1], [3, 2], [3, 3], [1, 1], [2, 2]],1260,739,1253,797
403492,3,59,57,[6, 5, 8, 12, 2, 1],[[2, 1], [3, 1], [3, 2], [3, 3], [1, 1], [2, 2]],1215,747,1254,799
403544,3,59,57,[6, 5, 8, 12, 2, 1],[[2, 1], [3, 1], [3, 2], [3, 3], [1, 1], [2, 2]],1229,727,1254,799
403607,3,59,57,[6, 5, 8, 12, 2, 1],[[2, 1], [3, 1], [3, 2], [3, 3], [1, 1], [2, 2]],1219,709,1254,803
403667,3,59,57,[6, 5, 8, 12, 2, 1],[[2, 1], [3, 1], [3, 2], [3, 3], [1, 1], [2, 2]],1222,710,1254,816
403722,3,59,57,[6, 5, 8, 12, 2, 1],[[2, 1], [3, 1], [3, 2], [3, 3], [1, 1], [2, 2]],1217,711,1253,827
403799,3,59,57,[6, 5, 8, 12, 2, 1],[[2, 1], [3, 1], [3, 2], [3, 3], [1, 1], [2, 2]],1207,704,1237,833
403852,3,59,57,[6, 5, 8, 12, 2, 1],[[2, 1], [3, 1], [3, 2], [3, 3], [1, 1], [2, 2]],1194,722,1230,831
403911,3,59,57,[6, 5, 8, 12, 2, 1],[[2, 1], [3, 1], [3, 2], [3, 3], [1, 1], [2, 2]],1162,728,1226,813
403959,3,59,57,[6, 5, 8, 12, 2, 1],[[2, 1], [3, 1], [3, 2], [3, 3], [1, 1], [2, 2]],1163,742,1225,794
404042,3,59,57,[6, 5, 8, 12, 2, 1],[[2, 1], [3, 1], [3, 2], [3, 3], [1, 1], [2, 2]],1189,759,1222,751
404095,3,59,57,[6, 5, 8, 12, 2, 1],[[2, 1], [3, 1], [3, 2], [3, 3], [1, 1], [2, 2]],1227,752,1212,725
404139,3,59,57,[6, 5, 8, 12, 2, 1],[[2, 1], [3, 1], [3, 2], [3, 3], [1, 1], [2, 2]],1235,770,1208,719
404179,3,59,57,[6, 5, 8, 12, 2, 1],[[2, 1], [3, 1], [3, 2], [3, 3], [1, 1], [2, 2]],1216,767,1208,719
404227,3,59,57,[6, 5, 8, 12, 2, 1],[[2, 1], [3, 1], [3, 2], [3, 3], [1, 1], [2, 2]],1242,788,1195,715
404273,3,59,57,[6, 5, 8, 12, 2, 1],[[2, 1], [3, 1], [3, 2], [3, 3], [1, 1], [2, 2]],1258,789,1182,710
404355,3,59,57,[6, 5, 8, 12, 2, 1],[[2, 1], [3, 1], [3, 2], [3, 3], [1, 1], [2, 2]],1218,770,1177,708
404440,3,59,57,[6, 5, 8, 12, 2, 1],[[2, 1], [3, 1], [3, 2], [3, 3], [1, 1], [2, 2]],1235,791,1176,708
404494,3,59,57,[6, 5, 8, 12, 2, 1],[[2, 1], [3, 1], [3, 2], [3, 3], [1, 1], [2, 2]],1242,815,1174,719
404558,3,59,57,[6, 5, 8, 12, 2, 1],[[2, 1], [3, 1], [3, 2], [3, 3], [1, 1], [2, 2]],1243,839,1174,736
404627,3,59,57,[6, 5, 8, 12, 2, 1],[[2, 1], [3, 1], [3, 2], [3, 3], [1, 1], [2, 2]],1239,837,1178,747
404707,3,59,57,[6, 5, 8, 12, 2, 1],[[2, 1], [3, 1], [3, 2], [3, 3], [1, 1], [2, 2]],1236,823,1183,754
404764,3,59,57,[6, 5, 8, 12, 2, 1],[[2, 1], [3, 1], [3, 2], [3, 3], [1, 1], [2, 2]],1224,870,1208,768
404813,3,59,57,[6, 5, 8, 12, 2, 1],[[2, 1], [3, 1], [3, 2], [3, 3], [1, 1], [2, 2]],1206,896,1222,771
404867,3,59,57,[6, 5, 8, 12, 2, 1],[[2, 1], [3, 1], [3, 2], [3, 3], [1, 1], [2, 2]],1212,912,1240,778
404918,3,59,57,[6, 5, 8, 12, 2, 1],[[2, 1], [3, 1], [3, 2], [3, 3], [1, 1], [2, 2]],1209,900,1242,779
404963,3,59,57,[6, 5, 8, 12, 2, 1],[[2, 1], [3, 1], [3, 2], [3, 3], [1, 1], [2, 2]],1225,913,1262,800
405004,3,59,57,[6, 5, 8, 12, 2, 1],[[2, 1], [3, 1], [3, 2], [3, 3], [1, 1], [2, 2]],1217,907,1267,803
405053,3,59,57,[6, 5, 8, 12, 2, 1],[[2, 1], [3, 1], [3, 2], [3, 3], [1, 1], [2, 2]],1211,911,1273,844
405095,3,59,57,[6, 5, 8, 12, 2, 1],[[2, 1], [3, 1], [3, 2], [3, 3], [1, 1], [2, 2]],1199,903,1268,860
405142,3,59,57,[6, 5, 8, 12, 2, 1],[[2, 1], [3, 1], [3, 2], [3, 3], [1, 1], [2, 2]],1203,886,1258,874
405221,3,59,57,[6, 5, 8, 12, 2, 1],[[2, 1], [3, 1], [3, 2], [3, 3], [1, 1], [2, 2]],1197,874,1208,908
405289,3,59,57,[6, 5, 8, 12, 2, 1],[[2, 1], [3, 1], [3, 2], [3, 3], [1, 1], [2, 2]],1207,870,1184,914
405330,3,59,57,[6, 5, 8, 12, 2, 1],[[2, 1], [3, 1], [3, 2], [3, 3], [1, 1], [2, 2]],1220,844,1182,914
405378,3,59,57,[6, 5, 8, 12, 2, 1],[[2, 1], [3, 1], [3, 2], [3, 3], [1, 1], [2, 2]],1207,845,1180,913
405424,3,59,57,[6, 5, 8, 12, 2, 1],[[2, 1], [3, 1], [3, 2], [3, 3], [1, 1], [2, 2]],1202,825,1179,912
405475,3,60,18,[10, 4, 8, 12, 7, 9],[[1, 1], [2, 1], [3, 2], [3, 3], [2, 2], [3, 1]],1233,825,1176,908
405520,3,60,18,[10, 4, 8, 12, 7, 9],[[1, 1], [2, 1], [3, 2], [3, 3], [2, 2], [3, 1]],1247,824,1176,902
405570,3,60,18,[10, 4, 8, 12, 7, 9],[[1, 1], [2, 1], [3, 2], [3, 3], [2, 2], [3, 1]],1260,825,1179,886
405615,3,60,18,[10, 4, 8, 12, 7, 9],[[1, 1], [2, 1], [3, 2], [3, 3], [2, 2], [3, 1]],1251,823,1181,880
405666,3,60,18,[10, 4, 8, 12, 7, 9],[[1, 1], [2, 1], [3, 2], [3, 3], [2, 2], [3, 1]],1245,843,1187,871
405710,3,60,18,[10, 4, 8, 12, 7, 9],[[1, 1], [2, 1], [3, 2], [3, 3], [2, 2], [3, 1]],1251,828,1196,861
405756,3,60,18,[10, 4, 8, 12, 7, 9],[[1, 1], [2, 1], [3, 2], [3, 3], [2, 2], [3, 1]],1241,840,1203,852
405834,3,60,18,[10, 4, 8, 12, 7, 9],[[1, 1], [2, 1], [3, 2], [3, 3], [2, 2], [3, 1]],1236,816,1207,848
405898,3,60,18,[10, 4, 8, 12, 7, 9],[[1, 1], [2, 1], [3, 2], [3, 3], [2, 2], [3, 1]],1235,809,1207,848
405961,3,60,18,[10, 4, 8, 12, 7, 9],[[1, 1], [2, 1], [3, 2], [3, 3], [2, 2], [3, 1]],1235,848,1211,847
406030,3,60,18,[10, 4, 8, 12, 7, 9],[[1, 1], [2, 1], [3, 2], [3, 3], [2, 2], [3, 1]],1230,831,1223,849
406104,3,60,18,[10, 4, 8, 12, 7, 9],[[1, 1], [2, 1], [3, 2], [3, 3], [2, 2], [3, 1]],1241,832,1227,854
406171,3,60,18,[10, 4, 8, 12, 7, 9],[[1, 1], [2, 1], [3, 2], [3, 3], [2, 2], [3, 1]],1255,834,1228,856
406230,3,60,18,[10, 4, 8, 12, 7, 9],[[1, 1], [2, 1], [3, 2], [3, 3], [2, 2], [3, 1]],1268,802,1228,856
406289,3,60,18,[10, 4, 8, 12, 7, 9],[[1, 1], [2, 1], [3, 2], [3, 3], [2, 2], [3, 1]],1216,800,1228,857
406336,3,60,18,[10, 4, 8, 12, 7, 9],[[1, 1], [2, 1], [3, 2], [3, 3], [2, 2], [3, 1]],1207,824,1228,857
406417,3,60,18,[10, 4, 8, 12, 7, 9],[[1, 1], [2, 1], [3, 2], [3, 3], [2, 2], [3, 1]],1201,839,1226,862
406463,3,60,18,[10, 4, 8, 12, 7, 9],[[1, 1], [2, 1], [3, 2], [3, 3], [2, 2], [3, 1]],1217,839,1223,866
406540,3,60,18,[10, 4, 8, 12, 7, 9],[[1, 1], [2, 1], [3, 2], [3, 3], [2, 2], [3, 1]],1232,839,1221,868
406601,3,60,18,[10, 4, 8, 12, 7, 9],[[1, 1], [2, 1], [3, 2], [3, 3], [2, 2], [3, 1]],1262,833,1221,868
406670,3,60,18,[10, 4, 8, 12, 7, 9],[[1, 1], [2, 1], [3, 2], [3, 3], [2, 2], [3, 1]],1262,837,1221,868
406733,3,60,18,[10, 4, 8, 12, 7, 9],[[1, 1], [2, 1], [3, 2], [3, 3], [2, 2], [3, 1]],1296,837,1221,868
406812,3,60,18,[10, 4, 8, 12, 7, 9],[[1, 1], [2, 1], [3, 2], [3, 3], [2, 2], [3, 1]],1295,822,1221,868
406874,3,60,18,[10, 4, 8, 12, 7, 9],[[1, 1], [2, 1], [3, 2], [3, 3], [2, 2], [3, 1]],1279,846,1221,868
406932,3,60,18,[10, 4, 8, 12, 7, 9],[[1, 1], [2, 1], [3, 2], [3, 3], [2, 2], [3, 1]],1276,867,1221,868
406999,3,60,18,[10, 4, 8, 12, 7, 9],[[1, 1], [2, 1], [3, 2], [3, 3], [2, 2], [3, 1]],1282,876,1221,868
407066,3,60,18,[10, 4, 8, 12, 7, 9],[[1, 1], [2, 1], [3, 2], [3, 3], [2, 2], [3, 1]],1245,885,1221,868
407117,3,60,18,[10, 4, 8, 12, 7, 9],[[1, 1], [2, 1], [3, 2], [3, 3], [2, 2], [3, 1]],1270,891,1221,868
407170,3,60,18,[10, 4, 8, 12, 7, 9],[[1, 1], [2, 1], [3, 2], [3, 3], [2, 2], [3, 1]],1258,884,1221,868
407230,3,60,18,[10, 4, 8, 12, 7, 9],[[1, 1], [2, 1], [3, 2], [3, 3], [2, 2], [3, 1]],1279,889,1221,868
407320,3,60,18,[10, 4, 8, 12, 7, 9],[[1, 1], [2, 1], [3, 2], [3, 3], [2, 2], [3, 1]],1263,893,1221,868
407385,3,60,18,[10, 4, 8, 12, 7, 9],[[1, 1], [2, 1], [3, 2], [3, 3], [2, 2], [3, 1]],1264,855,1222,891
407453,3,60,18,[10, 4, 8, 12, 7, 9],[[1, 1], [2, 1], [3, 2], [3, 3], [2, 2], [3, 1]],1281,843,1225,898
407510,3,60,18,[10, 4, 8, 12, 7, 9],[[1, 1], [2, 1], [3, 2], [3, 3], [2, 2], [3, 1]],1302,853,1226,901
407563,3,60,18,[10, 4, 8, 12, 7, 9],[[1, 1], [2, 1], [3, 2], [3, 3], [2, 2], [3, 1]],1308,843,1226,901
407620,3,60,18,[10, 4, 8, 12, 7, 9],[[1, 1], [2, 1], [3, 2], [3, 3], [2, 2], [3, 1]],1337,848,1226,901
407674,3,60,18,[10, 4, 8, 12, 7, 9],[[1, 1], [2, 1], [3, 2], [3, 3], [2, 2], [3, 1]],1337,863,1226,902
407731,3,60,18,[10, 4, 8, 12, 7, 9],[[1, 1], [2, 1], [3, 2], [3, 3], [2, 2], [3, 1]],1352,855,1228,902
407783,3,60,18,[10, 4, 8, 12, 7, 9],[[1, 1], [2, 1], [3, 2], [3, 3], [2, 2], [3, 1]],1331,851,1240,902
407835,3,60,18,[10, 4, 8, 12, 7, 9],[[1, 1], [2, 1], [3, 2], [3, 3], [2, 2], [3, 1]],1341,887,1256,903
407888,3,60,18,[10, 4, 8, 12, 7, 9],[[1, 1], [2, 1], [3, 2], [3, 3], [2, 2], [3, 1]],1320,898,1263,903
407949,3,60,18,[10, 4, 8, 12, 7, 9],[[1, 1], [2, 1], [3, 2], [3, 3], [2, 2], [3, 1]],1319,919,1275,903
407996,3,60,18,[10, 4, 8, 12, 7, 9],[[1, 1], [2, 1], [3, 2], [3, 3], [2, 2], [3, 1]],1319,919,1279,903
408032,3,60,18,[10, 4, 8, 12, 7, 9],[[1, 1], [2, 1], [3, 2], [3, 3], [2, 2], [3, 1]],1329,914,1279,902
408094,3,60,18,[10, 4, 8, 12, 7, 9],[[1, 1], [2, 1], [3, 2], [3, 3], [2, 2], [3, 1]],1338,930,1288,902
408142,3,60,18,[10, 4, 8, 12, 7, 9],[[1, 1], [2, 1], [3, 2], [3, 3], [2, 2], [3, 1]],1320,918,1295,899
408194,3,60,18,[10, 4, 8, 12, 7, 9],[[1, 1], [2, 1], [3, 2], [3, 3], [2, 2], [3, 1]],1316,906,1296,898
408246,3,60,18,[10, 4, 8, 12, 7, 9],[[1, 1], [2, 1], [3, 2], [3, 3], [2, 2], [3, 1]],1331,892,1296,898
408293,3,60,18,[10, 4, 8, 12, 7, 9],[[1, 1], [2, 1], [3, 2], [3, 3], [2, 2], [3, 1]],1323,898,1296,898
408341,3,60,18,[10, 4, 8, 12, 7, 9],[[1, 1], [2, 1], [3, 2], [3, 3], [2, 2], [3, 1]],1340,910,1296,898
408404,3,60,18,[10, 4, 8, 12, 7, 9],[[1, 1], [2, 1], [3, 2], [3, 3], [2, 2], [3, 1]],1345,908,1296,896
408466,3,60,18,[10, 4, 8, 12, 7, 9],[[1, 1], [2, 1], [3, 2], [3, 3], [2, 2], [3, 1]],1345,903,1296,895
408513,3,60,18,[10, 4, 8, 12, 7, 9],[[1, 1], [2, 1], [3, 2], [3, 3], [2, 2], [3, 1]],1315,929,1294,894
408566,3,60,18,[10, 4, 8, 12, 7, 9],[[1, 1], [2, 1], [3, 2], [3, 3], [2, 2], [3, 1]],1305,895,1292,889
408614,3,60,18,[10, 4, 8, 12, 7, 9],[[1, 1], [2, 1], [3, 2], [3, 3], [2, 2], [3, 1]],1323,898,1289,887
408679,3,60,18,[10, 4, 8, 12, 7, 9],[[1, 1], [2, 1], [3, 2], [3, 3], [2, 2], [3, 1]],1311,883,1289,887
408736,3,60,18,[10, 4, 8, 12, 7, 9],[[1, 1], [2, 1], [3, 2], [3, 3], [2, 2], [3, 1]],1313,884,1266,883
408811,3,60,18,[10, 4, 8, 12, 7, 9],[[1, 1], [2, 1], [3, 2], [3, 3], [2, 2], [3, 1]],1293,859,1259,883
408879,3,60,18,[10, 4, 8, 12, 7, 9],[[1, 1], [2, 1], [3, 2], [3, 3], [2, 2], [3, 1]],1327,859,1254,887
408940,3,60,18,[10, 4, 8, 12, 7, 9],[[1, 1], [2, 1], [3, 2], [3, 3], [2, 2], [3, 1]],1326,852,1252,893
408999,3,60,18,[10, 4, 8, 12, 7, 9],[[1, 1], [2, 1], [3, 2], [3, 3], [2, 2], [3, 1]],1327,879,1250,904
409075,3,60,18,[10, 4, 8, 12, 7, 9],[[1, 1], [2, 1], [3, 2], [3, 3], [2, 2], [3, 1]],1344,880,1251,912
409134,3,60,18,[10, 4, 8, 12, 7, 9],[[1, 1], [2, 1], [3, 2], [3, 3], [2, 2], [3, 1]],1335,865,1254,914
409212,3,60,18,[10, 4, 8, 12, 7, 9],[[1, 1], [2, 1], [3, 2], [3, 3], [2, 2], [3, 1]],1333,876,1282,915
409279,3,60,18,[10, 4, 8, 12, 7, 9],[[1, 1], [2, 1], [3, 2], [3, 3], [2, 2], [3, 1]],1348,844,1304,908
409387,3,60,18,[10, 4, 8, 12, 7, 9],[[1, 1], [2, 1], [3, 2], [3, 3], [2, 2], [3, 1]],1348,838,1323,899
409443,3,60,18,[10, 4, 8, 12, 7, 9],[[1, 1], [2, 1], [3, 2], [3, 3], [2, 2], [3, 1]],1357,849,1340,884
409502,3,60,18,[10, 4, 8, 12, 7, 9],[[1, 1], [2, 1], [3, 2], [3, 3], [2, 2], [3, 1]],1339,842,1341,883
409558,3,61,131,[6, 5, 3, 11, 2, 1],[[2, 3], [3, 3], [1, 2], [1, 3], [1, 1], [2, 2]],1341,842,1341,882
409627,3,61,131,[6, 5, 3, 11, 2, 1],[[2, 3], [3, 3], [1, 2], [1, 3], [1, 1], [2, 2]],1340,869,1341,873
409686,3,61,131,[6, 5, 3, 11, 2, 1],[[2, 3], [3, 3], [1, 2], [1, 3], [1, 1], [2, 2]],1358,896,1345,863
409744,3,61,131,[6, 5, 3, 11, 2, 1],[[2, 3], [3, 3], [1, 2], [1, 3], [1, 1], [2, 2]],1357,904,1345,859
409807,3,61,131,[6, 5, 3, 11, 2, 1],[[2, 3], [3, 3], [1, 2], [1, 3], [1, 1], [2, 2]],1368,908,1345,859
409871,3,61,131,[6, 5, 3, 11, 2, 1],[[2, 3], [3, 3], [1, 2], [1, 3], [1, 1], [2, 2]],1368,893,1345,859
409937,3,61,131,[6, 5, 3, 11, 2, 1],[[2, 3], [3, 3], [1, 2], [1, 3], [1, 1], [2, 2]],1386,869,1345,859
410047,3,61,131,[6, 5, 3, 11, 2, 1],[[2, 3], [3, 3], [1, 2], [1, 3], [1, 1], [2, 2]],1378,880,1345,859
410106,3,61,131,[6, 5, 3, 11, 2, 1],[[2, 3], [3, 3], [1, 2], [1, 3], [1, 1], [2, 2]],1365,875,1347,859
410171,3,61,131,[6, 5, 3, 11, 2, 1],[[2, 3], [3, 3], [1, 2], [1, 3], [1, 1], [2, 2]],1359,886,1349,860
410263,3,61,131,[6, 5, 3, 11, 2, 1],[[2, 3], [3, 3], [1, 2], [1, 3], [1, 1], [2, 2]],1372,901,1349,861
410314,3,61,131,[6, 5, 3, 11, 2, 1],[[2, 3], [3, 3], [1, 2], [1, 3], [1, 1], [2, 2]],1369,888,1349,863
410373,3,61,131,[6, 5, 3, 11, 2, 1],[[2, 3], [3, 3], [1, 2], [1, 3], [1, 1], [2, 2]],1363,910,1354,886
410417,3,61,131,[6, 5, 3, 11, 2, 1],[[2, 3], [3, 3], [1, 2], [1, 3], [1, 1], [2, 2]],1390,891,1360,901
410491,3,61,131,[6, 5, 3, 11, 2, 1],[[2, 3], [3, 3], [1, 2], [1, 3], [1, 1], [2, 2]],1418,908,1362,906
410542,3,61,131,[6, 5, 3, 11, 2, 1],[[2, 3], [3, 3], [1, 2], [1, 3], [1, 1], [2, 2]],1432,884,1362,906
410582,3,61,131,[6, 5, 3, 11, 2, 1],[[2, 3], [3, 3], [1, 2], [1, 3], [1, 1], [2, 2]],1414,915,1362,906
410646,3,61,131,[6, 5, 3, 11, 2, 1],[[2, 3], [3, 3], [1, 2], [1, 3], [1, 1], [2, 2]],1393,920,1370,913
410694,3,61,131,[6, 5, 3, 11, 2, 1],[[2, 3], [3, 3], [1, 2], [1, 3], [1, 1], [2, 2]],1390,919,1373,916
410737,3,61,131,[6, 5, 3, 11, 2, 1],[[2, 3], [3, 3], [1, 2], [1, 3], [1, 1], [2, 2]],1440,908,1374,917
410809,3,61,131,[6, 5, 3, 11, 2, 1],[[2, 3], [3, 3], [1, 2], [1, 3], [1, 1], [2, 2]],1400,923,1375,917
410859,3,61,131,[6, 5, 3, 11, 2, 1],[[2, 3], [3, 3], [1, 2], [1, 3], [1, 1], [2, 2]],1394,923,1375,918
410902,3,61,131,[6, 5, 3, 11, 2, 1],[[2, 3], [3, 3], [1, 2], [1, 3], [1, 1], [2, 2]],1387,918,1382,911
410954,3,61,131,[6, 5, 3, 11, 2, 1],[[2, 3], [3, 3], [1, 2], [1, 3], [1, 1], [2, 2]],1427,969,1385,907
411003,3,61,131,[6, 5, 3, 11, 2, 1],[[2, 3], [3, 3], [1, 2], [1, 3], [1, 1], [2, 2]],1443,981,1385,907
411052,3,61,131,[6, 5, 3, 11, 2, 1],[[2, 3], [3, 3], [1, 2], [1, 3], [1, 1], [2, 2]],1397,972,1385,907
411113,3,61,131,[6, 5, 3, 11, 2, 1],[[2, 3], [3, 3], [1, 2], [1, 3], [1, 1], [2, 2]],1410,972,1385,907
411153,3,61,131,[6, 5, 3, 11, 2, 1],[[2, 3], [3, 3], [1, 2], [1, 3], [1, 1], [2, 2]],1417,979,1385,907
411211,3,61,131,[6, 5, 3, 11, 2, 1],[[2, 3], [3, 3], [1, 2], [1, 3], [1, 1], [2, 2]],1421,970,1385,907
411283,3,61,131,[6, 5, 3, 11, 2, 1],[[2, 3], [3, 3], [1, 2], [1, 3], [1, 1], [2, 2]],1403,971,1385,907
411352,3,61,131,[6, 5, 3, 11, 2, 1],[[2, 3], [3, 3], [1, 2], [1, 3], [1, 1], [2, 2]],1401,969,1385,907
411430,3,61,131,[6, 5, 3, 11, 2, 1],[[2, 3], [3, 3], [1, 2], [1, 3], [1, 1], [2, 2]],1405,975,1373,938
411498,3,61,131,[6, 5, 3, 11, 2, 1],[[2, 3], [3, 3], [1, 2], [1, 3], [1, 1], [2, 2]],1409,990,1373,938
411569,3,61,131,[6, 5, 3, 11, 2, 1],[[2, 3], [3, 3], [1, 2], [1, 3], [1, 1], [2, 2]],1416,1015,1373,992
411632,3,61,131,[6, 5, 3, 11, 2, 1],[[2, 3], [3, 3], [1, 2], [1, 3], [1, 1], [2, 2]],1444,971,1373,1011
411690,3,61,131,[6, 5, 3, 11, 2, 1],[[2, 3], [3, 3], [1, 2], [1, 3], [1, 1], [2, 2]],1413,960,1373,1015
411754,3,61,131,[6, 5, 3, 11, 2, 1],[[2, 3], [3, 3], [1, 2], [1, 3], [1, 1], [2, 2]],1403,967,1373,1015
411817,3,61,131,[6, 5, 3, 11, 2, 1],[[2, 3], [3, 3], [1, 2], [1, 3], [1, 1], [2, 2]],1397,975,1373,1015
411881,3,61,131,[6, 5, 3, 11, 2, 1],[[2, 3], [3, 3], [1, 2], [1, 3], [1, 1], [2, 2]],1373,972,1373,1015
411939,3,61,131,[6, 5, 3, 11, 2, 1],[[2, 3], [3, 3], [1, 2], [1, 3], [1, 1], [2, 2]],1371,977,1374,1007
411991,3,61,131,[6, 5, 3, 11, 2, 1],[[2, 3], [3, 3], [1, 2], [1, 3], [1, 1], [2, 2]],1358,946,1378,983
412050,3,61,131,[6, 5, 3, 11, 2, 1],[[2, 3], [3, 3], [1, 2], [1, 3], [1, 1], [2, 2]],1347,945,1381,966
412118,3,61,131,[6, 5, 3, 11, 2, 1],[[2, 3], [3, 3], [1, 2], [1, 3], [1, 1], [2, 2]],1332,953,1381,965
412172,3,61,131,[6, 5, 3, 11, 2, 1],[[2, 3], [3, 3], [1, 2], [1, 3], [1, 1], [2, 2]],1318,923,1381,965
412220,3,61,131,[6, 5, 3, 11, 2, 1],[[2, 3], [3, 3], [1, 2], [1, 3], [1, 1], [2, 2]],1312,918,1381,965
412278,3,61,131,[6, 5, 3, 11, 2, 1],[[2, 3], [3, 3], [1, 2], [1, 3], [1, 1], [2, 2]],1322,918,1381,965
412340,3,61,131,[6, 5, 3, 11, 2, 1],[[2, 3], [3, 3], [1, 2], [1, 3], [1, 1], [2, 2]],1307,914,1381,964
412410,3,61,131,[6, 5, 3, 11, 2, 1],[[2, 3], [3, 3], [1, 2], [1, 3], [1, 1], [2, 2]],1323,902,1381,964
412463,3,61,131,[6, 5, 3, 11, 2, 1],[[2, 3], [3, 3], [1, 2], [1, 3], [1, 1], [2, 2]],1332,934,1378,961
412512,3,61,131,[6, 5, 3, 11, 2, 1],[[2, 3], [3, 3], [1, 2], [1, 3], [1, 1], [2, 2]],1332,929,1335,947
412564,3,61,131,[6, 5, 3, 11, 2, 1],[[2, 3], [3, 3], [1, 2], [1, 3], [1, 1], [2, 2]],1342,908,1312,940
412618,3,61,131,[6, 5, 3, 11, 2, 1],[[2, 3], [3, 3], [1, 2], [1, 3], [1, 1], [2, 2]],1339,912,1312,940
412684,3,61,131,[6, 5, 3, 11, 2, 1],[[2, 3], [3, 3], [1, 2], [1, 3], [1, 1], [2, 2]],1320,906,1312,940
412744,3,61,131,[6, 5, 3, 11, 2, 1],[[2, 3], [3, 3], [1, 2], [1, 3], [1, 1], [2, 2]],1310,915,1312,940
412823,3,61,131,[6, 5, 3, 11, 2, 1],[[2, 3], [3, 3], [1, 2], [1, 3], [1, 1], [2, 2]],1329,900,1312,940
412911,3,61,131,[6, 5, 3, 11, 2, 1],[[2, 3], [3, 3], [1, 2], [1, 3], [1, 1], [2, 2]],1333,924,1312,940
412947,3,61,131,[6, 5, 3, 11, 2, 1],[[2, 3], [3, 3], [1, 2], [1, 3], [1, 1], [2, 2]],1332,933,1312,940
413004,3,61,131,[6, 5, 3, 11, 2, 1],[[2, 3], [3, 3], [1, 2], [1, 3], [1, 1], [2, 2]],1341,944,1312,940
413068,3,61,131,[6, 5, 3, 11, 2, 1],[[2, 3], [3, 3], [1, 2], [1, 3], [1, 1], [2, 2]],1378,949,1312,940
413124,3,61,131,[6, 5, 3, 11, 2, 1],[[2, 3], [3, 3], [1, 2], [1, 3], [1, 1], [2, 2]],1388,929,1312,940
413172,3,61,131,[6, 5, 3, 11, 2, 1],[[2, 3], [3, 3], [1, 2], [1, 3], [1, 1], [2, 2]],1393,931,1312,940
413232,3,61,131,[6, 5, 3, 11, 2, 1],[[2, 3], [3, 3], [1, 2], [1, 3], [1, 1], [2, 2]],1386,937,1312,940
413297,3,61,131,[6, 5, 3, 11, 2, 1],[[2, 3], [3, 3], [1, 2], [1, 3], [1, 1], [2, 2]],1422,936,1312,940
413366,3,61,131,[6, 5, 3, 11, 2, 1],[[2, 3], [3, 3], [1, 2], [1, 3], [1, 1], [2, 2]],1413,946,1351,1003
413419,3,61,131,[6, 5, 3, 11, 2, 1],[[2, 3], [3, 3], [1, 2], [1, 3], [1, 1], [2, 2]],1416,950,1433,1045
413465,3,61,131,[6, 5, 3, 11, 2, 1],[[2, 3], [3, 3], [1, 2], [1, 3], [1, 1], [2, 2]],1421,951,1485,1061
413516,3,61,131,[6, 5, 3, 11, 2, 1],[[2, 3], [3, 3], [1, 2], [1, 3], [1, 1], [2, 2]],1412,949,1491,1063
413560,3,61,131,[6, 5, 3, 11, 2, 1],[[2, 3], [3, 3], [1, 2], [1, 3], [1, 1], [2, 2]],1415,966,1491,1063
413611,3,62,11,[6, 5, 3, 11, 2, 1],[[1, 1], [2, 1], [1, 2], [1, 3], [2, 2], [3, 3]],1430,954,1491,1063
413660,3,62,11,[6, 5, 3, 11, 2, 1],[[1, 1], [2, 1], [1, 2], [1, 3], [2, 2], [3, 3]],1440,978,1491,1063
413701,3,62,11,[6, 5, 3, 11, 2, 1],[[1, 1], [2, 1], [1, 2], [1, 3], [2, 2], [3, 3]],1442,1007,1491,1063
413759,3,62,11,[6, 5, 3, 11, 2, 1],[[1, 1], [2, 1], [1, 2], [1, 3], [2, 2], [3, 3]],1395,992,1497,1030
413807,3,62,11,[6, 5, 3, 11, 2, 1],[[1, 1], [2, 1], [1, 2], [1, 3], [2, 2], [3, 3]],1391,987,1500,1000
413865,3,62,11,[6, 5, 3, 11, 2, 1],[[1, 1], [2, 1], [1, 2], [1, 3], [2, 2], [3, 3]],1384,991,1498,994
413920,3,62,11,[6, 5, 3, 11, 2, 1],[[1, 1], [2, 1], [1, 2], [1, 3], [2, 2], [3, 3]],1356,1028,1498,994
413978,3,62,11,[6, 5, 3, 11, 2, 1],[[1, 1], [2, 1], [1, 2], [1, 3], [2, 2], [3, 3]],1364,969,1464,985
414042,3,62,11,[6, 5, 3, 11, 2, 1],[[1, 1], [2, 1], [1, 2], [1, 3], [2, 2], [3, 3]],1365,950,1433,983
414100,3,62,11,[6, 5, 3, 11, 2, 1],[[1, 1], [2, 1], [1, 2], [1, 3], [2, 2], [3, 3]],1374,970,1423,984
414165,3,62,11,[6, 5, 3, 11, 2, 1],[[1, 1], [2, 1], [1, 2], [1, 3], [2, 2], [3, 3]],1400,969,1410,988
414223,3,62,11,[6, 5, 3, 11, 2, 1],[[1, 1], [2, 1], [1, 2], [1, 3], [2, 2], [3, 3]],1395,967,1402,991
414281,3,62,11,[6, 5, 3, 11, 2, 1],[[1, 1], [2, 1], [1, 2], [1, 3], [2, 2], [3, 3]],1443,941,1378,995
414341,3,62,11,[6, 5, 3, 11, 2, 1],[[1, 1], [2, 1], [1, 2], [1, 3], [2, 2], [3, 3]],1402,943,1330,1003
414394,3,62,11,[6, 5, 3, 11, 2, 1],[[1, 1], [2, 1], [1, 2], [1, 3], [2, 2], [3, 3]],1393,918,1328,1003
414467,3,62,11,[6, 5, 3, 11, 2, 1],[[1, 1], [2, 1], [1, 2], [1, 3], [2, 2], [3, 3]],1388,906,1328,1003
414526,3,62,11,[6, 5, 3, 11, 2, 1],[[1, 1], [2, 1], [1, 2], [1, 3], [2, 2], [3, 3]],1387,909,1328,1003
414577,3,62,11,[6, 5, 3, 11, 2, 1],[[1, 1], [2, 1], [1, 2], [1, 3], [2, 2], [3, 3]],1365,903,1372,1005
414670,3,62,11,[6, 5, 3, 11, 2, 1],[[1, 1], [2, 1], [1, 2], [1, 3], [2, 2], [3, 3]],1367,915,1389,1005
414755,3,62,11,[6, 5, 3, 11, 2, 1],[[1, 1], [2, 1], [1, 2], [1, 3], [2, 2], [3, 3]],1361,910,1389,1005
414801,3,62,11,[6, 5, 3, 11, 2, 1],[[1, 1], [2, 1], [1, 2], [1, 3], [2, 2], [3, 3]],1368,899,1389,1005
414882,3,62,11,[6, 5, 3, 11, 2, 1],[[1, 1], [2, 1], [1, 2], [1, 3], [2, 2], [3, 3]],1392,894,1389,1004
414963,3,62,11,[6, 5, 3, 11, 2, 1],[[1, 1], [2, 1], [1, 2], [1, 3], [2, 2], [3, 3]],1389,910,1383,917
415022,3,62,11,[6, 5, 3, 11, 2, 1],[[1, 1], [2, 1], [1, 2], [1, 3], [2, 2], [3, 3]],1372,911,1381,914
415079,3,62,11,[6, 5, 3, 11, 2, 1],[[1, 1], [2, 1], [1, 2], [1, 3], [2, 2], [3, 3]],1398,903,1381,914
415141,3,62,11,[6, 5, 3, 11, 2, 1],[[1, 1], [2, 1], [1, 2], [1, 3], [2, 2], [3, 3]],1388,903,1381,914
415180,3,62,11,[6, 5, 3, 11, 2, 1],[[1, 1], [2, 1], [1, 2], [1, 3], [2, 2], [3, 3]],1396,924,1381,914
415242,3,62,11,[6, 5, 3, 11, 2, 1],[[1, 1], [2, 1], [1, 2], [1, 3], [2, 2], [3, 3]],1395,935,1381,914
415291,3,62,11,[6, 5, 3, 11, 2, 1],[[1, 1], [2, 1], [1, 2], [1, 3], [2, 2], [3, 3]],1423,909,1381,914
415340,3,62,11,[6, 5, 3, 11, 2, 1],[[1, 1], [2, 1], [1, 2], [1, 3], [2, 2], [3, 3]],1427,896,1381,914
415412,3,62,11,[6, 5, 3, 11, 2, 1],[[1, 1], [2, 1], [1, 2], [1, 3], [2, 2], [3, 3]],1429,909,1381,914
415486,3,62,11,[6, 5, 3, 11, 2, 1],[[1, 1], [2, 1], [1, 2], [1, 3], [2, 2], [3, 3]],1417,920,1381,914
415550,3,62,11,[6, 5, 3, 11, 2, 1],[[1, 1], [2, 1], [1, 2], [1, 3], [2, 2], [3, 3]],1386,924,1381,914
415590,3,62,11,[6, 5, 3, 11, 2, 1],[[1, 1], [2, 1], [1, 2], [1, 3], [2, 2], [3, 3]],1397,924,1381,914
415630,3,62,11,[6, 5, 3, 11, 2, 1],[[1, 1], [2, 1], [1, 2], [1, 3], [2, 2], [3, 3]],1383,931,1381,914
415677,3,62,11,[6, 5, 3, 11, 2, 1],[[1, 1], [2, 1], [1, 2], [1, 3], [2, 2], [3, 3]],1403,903,1381,914
415721,3,62,11,[6, 5, 3, 11, 2, 1],[[1, 1], [2, 1], [1, 2], [1, 3], [2, 2], [3, 3]],1373,901,1381,914
415767,3,62,11,[6, 5, 3, 11, 2, 1],[[1, 1], [2, 1], [1, 2], [1, 3], [2, 2], [3, 3]],1390,906,1381,914
415825,3,62,11,[6, 5, 3, 11, 2, 1],[[1, 1], [2, 1], [1, 2], [1, 3], [2, 2], [3, 3]],1411,915,1381,914
415867,3,62,11,[6, 5, 3, 11, 2, 1],[[1, 1], [2, 1], [1, 2], [1, 3], [2, 2], [3, 3]],1383,914,1381,914
415925,3,62,11,[6, 5, 3, 11, 2, 1],[[1, 1], [2, 1], [1, 2], [1, 3], [2, 2], [3, 3]],1390,940,1381,914
415967,3,62,11,[6, 5, 3, 11, 2, 1],[[1, 1], [2, 1], [1, 2], [1, 3], [2, 2], [3, 3]],1361,954,1381,914
416026,3,62,11,[6, 5, 3, 11, 2, 1],[[1, 1], [2, 1], [1, 2], [1, 3], [2, 2], [3, 3]],1361,940,1381,914
416073,3,62,11,[6, 5, 3, 11, 2, 1],[[1, 1], [2, 1], [1, 2], [1, 3], [2, 2], [3, 3]],1367,948,1381,914
416112,3,62,11,[6, 5, 3, 11, 2, 1],[[1, 1], [2, 1], [1, 2], [1, 3], [2, 2], [3, 3]],1375,941,1381,914
416160,3,62,11,[6, 5, 3, 11, 2, 1],[[1, 1], [2, 1], [1, 2], [1, 3], [2, 2], [3, 3]],1364,945,1377,917
416223,3,62,11,[6, 5, 3, 11, 2, 1],[[1, 1], [2, 1], [1, 2], [1, 3], [2, 2], [3, 3]],1360,972,1354,935
416287,3,62,11,[6, 5, 3, 11, 2, 1],[[1, 1], [2, 1], [1, 2], [1, 3], [2, 2], [3, 3]],1379,970,1341,944
416360,3,62,11,[6, 5, 3, 11, 2, 1],[[1, 1], [2, 1], [1, 2], [1, 3], [2, 2], [3, 3]],1407,950,1334,948
416435,3,62,11,[6, 5, 3, 11, 2, 1],[[1, 1], [2, 1], [1, 2], [1, 3], [2, 2], [3, 3]],1421,946,1334,948
416498,3,62,11,[6, 5, 3, 11, 2, 1],[[1, 1], [2, 1], [1, 2], [1, 3], [2, 2], [3, 3]],1432,944,1334,948
416571,3,62,11,[6, 5, 3, 11, 2, 1],[[1, 1], [2, 1], [1, 2], [1, 3], [2, 2], [3, 3]],1406,931,1334,948
416661,3,62,11,[6, 5, 3, 11, 2, 1],[[1, 1], [2, 1], [1, 2], [1, 3], [2, 2], [3, 3]],1419,912,1312,956
416747,3,62,11,[6, 5, 3, 11, 2, 1],[[1, 1], [2, 1], [1, 2], [1, 3], [2, 2], [3, 3]],1420,898,1310,958
416813,3,62,11,[6, 5, 3, 11, 2, 1],[[1, 1], [2, 1], [1, 2], [1, 3], [2, 2], [3, 3]],1426,900,1310,958
416864,3,62,11,[6, 5, 3, 11, 2, 1],[[1, 1], [2, 1], [1, 2], [1, 3], [2, 2], [3, 3]],1442,901,1310,958
416968,3,62,11,[6, 5, 3, 11, 2, 1],[[1, 1], [2, 1], [1, 2], [1, 3], [2, 2], [3, 3]],1420,905,1310,958
417019,3,62,11,[6, 5, 3, 11, 2, 1],[[1, 1], [2, 1], [1, 2], [1, 3], [2, 2], [3, 3]],1431,904,1310,958
417086,3,62,11,[6, 5, 3, 11, 2, 1],[[1, 1], [2, 1], [1, 2], [1, 3], [2, 2], [3, 3]],1415,897,1310,958
417150,3,62,11,[6, 5, 3, 11, 2, 1],[[1, 1], [2, 1], [1, 2], [1, 3], [2, 2], [3, 3]],1405,877,1310,958
417210,3,62,11,[6, 5, 3, 11, 2, 1],[[1, 1], [2, 1], [1, 2], [1, 3], [2, 2], [3, 3]],1388,853,1310,958
417252,3,62,11,[6, 5, 3, 11, 2, 1],[[1, 1], [2, 1], [1, 2], [1, 3], [2, 2], [3, 3]],1394,849,1321,949
417302,3,62,11,[6, 5, 3, 11, 2, 1],[[1, 1], [2, 1], [1, 2], [1, 3], [2, 2], [3, 3]],1381,822,1330,945
417360,3,62,11,[6, 5, 3, 11, 2, 1],[[1, 1], [2, 1], [1, 2], [1, 3], [2, 2], [3, 3]],1393,816,1335,941
417396,3,62,11,[6, 5, 3, 11, 2, 1],[[1, 1], [2, 1], [1, 2], [1, 3], [2, 2], [3, 3]],1354,795,1339,939
417445,3,62,11,[6, 5, 3, 11, 2, 1],[[1, 1], [2, 1], [1, 2], [1, 3], [2, 2], [3, 3]],1362,781,1339,939
417509,3,62,11,[6, 5, 3, 11, 2, 1],[[1, 1], [2, 1], [1, 2], [1, 3], [2, 2], [3, 3]],1370,792,1348,931
417560,3,62,11,[6, 5, 3, 11, 2, 1],[[1, 1], [2, 1], [1, 2], [1, 3], [2, 2], [3, 3]],1363,789,1366,905
417607,3,62,11,[6, 5, 3, 11, 2, 1],[[1, 1], [2, 1], [1, 2], [1, 3], [2, 2], [3, 3]],1353,800,1382,864
417655,3,62,11,[6, 5, 3, 11, 2, 1],[[1, 1], [2, 1], [1, 2], [1, 3], [2, 2], [3, 3]],1337,819,1385,829
417696,3,63,44,[10, 4, 3, 11, 2, 1],[[2, 1], [3, 1], [1, 2], [1, 3], [2, 2], [3, 3]],1358,823,1382,807
417754,3,63,44,[10, 4, 3, 11, 2, 1],[[2, 1], [3, 1], [1, 2], [1, 3], [2, 2], [3, 3]],1354,848,1380,794
417811,3,63,44,[10, 4, 3, 11, 2, 1],[[2, 1], [3, 1], [1, 2], [1, 3], [2, 2], [3, 3]],1348,834,1373,780
417847,3,63,44,[10, 4, 3, 11, 2, 1],[[2, 1], [3, 1], [1, 2], [1, 3], [2, 2], [3, 3]],1332,857,1372,778
417909,3,63,44,[10, 4, 3, 11, 2, 1],[[2, 1], [3, 1], [1, 2], [1, 3], [2, 2], [3, 3]],1339,857,1367,771
417966,3,63,44,[10, 4, 3, 11, 2, 1],[[2, 1], [3, 1], [1, 2], [1, 3], [2, 2], [3, 3]],1305,855,1359,765
418016,3,63,44,[10, 4, 3, 11, 2, 1],[[2, 1], [3, 1], [1, 2], [1, 3], [2, 2], [3, 3]],1290,863,1357,765
418058,3,63,44,[10, 4, 3, 11, 2, 1],[[2, 1], [3, 1], [1, 2], [1, 3], [2, 2], [3, 3]],1289,897,1357,765
418110,3,63,44,[10, 4, 3, 11, 2, 1],[[2, 1], [3, 1], [1, 2], [1, 3], [2, 2], [3, 3]],1298,908,1338,780
418172,3,63,44,[10, 4, 3, 11, 2, 1],[[2, 1], [3, 1], [1, 2], [1, 3], [2, 2], [3, 3]],1297,890,1329,794
418209,3,63,44,[10, 4, 3, 11, 2, 1],[[2, 1], [3, 1], [1, 2], [1, 3], [2, 2], [3, 3]],1290,903,1325,805
418287,3,63,44,[10, 4, 3, 11, 2, 1],[[2, 1], [3, 1], [1, 2], [1, 3], [2, 2], [3, 3]],1277,908,1319,835
418337,3,63,44,[10, 4, 3, 11, 2, 1],[[2, 1], [3, 1], [1, 2], [1, 3], [2, 2], [3, 3]],1252,929,1318,854
418414,3,63,44,[10, 4, 3, 11, 2, 1],[[2, 1], [3, 1], [1, 2], [1, 3], [2, 2], [3, 3]],1230,929,1315,874
418451,3,63,44,[10, 4, 3, 11, 2, 1],[[2, 1], [3, 1], [1, 2], [1, 3], [2, 2], [3, 3]],1263,927,1313,880
418529,3,63,44,[10, 4, 3, 11, 2, 1],[[2, 1], [3, 1], [1, 2], [1, 3], [2, 2], [3, 3]],1258,909,1305,901
418577,3,63,44,[10, 4, 3, 11, 2, 1],[[2, 1], [3, 1], [1, 2], [1, 3], [2, 2], [3, 3]],1260,916,1302,905
418648,3,63,44,[10, 4, 3, 11, 2, 1],[[2, 1], [3, 1], [1, 2], [1, 3], [2, 2], [3, 3]],1246,897,1296,913
418753,3,63,44,[10, 4, 3, 11, 2, 1],[[2, 1], [3, 1], [1, 2], [1, 3], [2, 2], [3, 3]],1245,872,1289,919
418807,3,63,44,[10, 4, 3, 11, 2, 1],[[2, 1], [3, 1], [1, 2], [1, 3], [2, 2], [3, 3]],1232,892,1289,919
418894,3,63,44,[10, 4, 3, 11, 2, 1],[[2, 1], [3, 1], [1, 2], [1, 3], [2, 2], [3, 3]],1235,866,1289,919
418976,3,63,44,[10, 4, 3, 11, 2, 1],[[2, 1], [3, 1], [1, 2], [1, 3], [2, 2], [3, 3]],1235,889,1289,919
419085,3,63,44,[10, 4, 3, 11, 2, 1],[[2, 1], [3, 1], [1, 2], [1, 3], [2, 2], [3, 3]],1261,889,1289,919
419172,3,63,44,[10, 4, 3, 11, 2, 1],[[2, 1], [3, 1], [1, 2], [1, 3], [2, 2], [3, 3]],1252,867,1289,919
419216,3,63,44,[10, 4, 3, 11, 2, 1],[[2, 1], [3, 1], [1, 2], [1, 3], [2, 2], [3, 3]],1260,884,1289,919
419289,3,63,44,[10, 4, 3, 11, 2, 1],[[2, 1], [3, 1], [1, 2], [1, 3], [2, 2], [3, 3]],1258,874,1288,919
419359,3,63,44,[10, 4, 3, 11, 2, 1],[[2, 1], [3, 1], [1, 2], [1, 3], [2, 2], [3, 3]],1266,885,1288,919
419405,3,63,44,[10, 4, 3, 11, 2, 1],[[2, 1], [3, 1], [1, 2], [1, 3], [2, 2], [3, 3]],1277,887,1287,919
419468,3,63,44,[10, 4, 3, 11, 2, 1],[[2, 1], [3, 1], [1, 2], [1, 3], [2, 2], [3, 3]],1295,880,1275,889
419517,3,63,44,[10, 4, 3, 11, 2, 1],[[2, 1], [3, 1], [1, 2], [1, 3], [2, 2], [3, 3]],1308,883,1272,880
419569,3,63,44,[10, 4, 3, 11, 2, 1],[[2, 1], [3, 1], [1, 2], [1, 3], [2, 2], [3, 3]],1299,864,1267,872
419631,3,63,44,[10, 4, 3, 11, 2, 1],[[2, 1], [3, 1], [1, 2], [1, 3], [2, 2], [3, 3]],1299,866,1265,869
419689,3,63,44,[10, 4, 3, 11, 2, 1],[[2, 1], [3, 1], [1, 2], [1, 3], [2, 2], [3, 3]],1279,870,1265,869
419747,3,63,44,[10, 4, 3, 11, 2, 1],[[2, 1], [3, 1], [1, 2], [1, 3], [2, 2], [3, 3]],1268,868,1265,869
419805,3,63,44,[10, 4, 3, 11, 2, 1],[[2, 1], [3, 1], [1, 2], [1, 3], [2, 2], [3, 3]],1286,857,1265,869
419864,3,63,44,[10, 4, 3, 11, 2, 1],[[2, 1], [3, 1], [1, 2], [1, 3], [2, 2], [3, 3]],1277,847,1265,869
419921,3,63,44,[10, 4, 3, 11, 2, 1],[[2, 1], [3, 1], [1, 2], [1, 3], [2, 2], [3, 3]],1300,829,1265,869
419979,3,63,44,[10, 4, 3, 11, 2, 1],[[2, 1], [3, 1], [1, 2], [1, 3], [2, 2], [3, 3]],1299,828,1265,869
420037,3,63,44,[10, 4, 3, 11, 2, 1],[[2, 1], [3, 1], [1, 2], [1, 3], [2, 2], [3, 3]],1311,813,1265,869
420095,3,63,44,[10, 4, 3, 11, 2, 1],[[2, 1], [3, 1], [1, 2], [1, 3], [2, 2], [3, 3]],1322,830,1265,869
420157,3,63,44,[10, 4, 3, 11, 2, 1],[[2, 1], [3, 1], [1, 2], [1, 3], [2, 2], [3, 3]],1314,811,1265,869
420231,3,63,44,[10, 4, 3, 11, 2, 1],[[2, 1], [3, 1], [1, 2], [1, 3], [2, 2], [3, 3]],1329,802,1265,869
420275,3,63,44,[10, 4, 3, 11, 2, 1],[[2, 1], [3, 1], [1, 2], [1, 3], [2, 2], [3, 3]],1306,800,1265,869
420322,3,63,44,[10, 4, 3, 11, 2, 1],[[2, 1], [3, 1], [1, 2], [1, 3], [2, 2], [3, 3]],1289,768,1265,869
420393,3,63,44,[10, 4, 3, 11, 2, 1],[[2, 1], [3, 1], [1, 2], [1, 3], [2, 2], [3, 3]],1278,748,1265,869
420491,3,63,44,[10, 4, 3, 11, 2, 1],[[2, 1], [3, 1], [1, 2], [1, 3], [2, 2], [3, 3]],1281,752,1265,869
420564,3,63,44,[10, 4, 3, 11, 2, 1],[[2, 1], [3, 1], [1, 2], [1, 3], [2, 2], [3, 3]],1290,761,1265,869
420623,3,63,44,[10, 4, 3, 11, 2, 1],[[2, 1], [3, 1], [1, 2], [1, 3], [2, 2], [3, 3]],1249,769,1265,869
420676,3,63,44,[10, 4, 3, 11, 2, 1],[[2, 1], [3, 1], [1, 2], [1, 3], [2, 2], [3, 3]],1266,785,1265,869
420741,3,63,44,[10, 4, 3, 11, 2, 1],[[2, 1], [3, 1], [1, 2], [1, 3], [2, 2], [3, 3]],1246,826,1265,869
420792,3,63,44,[10, 4, 3, 11, 2, 1],[[2, 1], [3, 1], [1, 2], [1, 3], [2, 2], [3, 3]],1223,840,1265,869
420839,3,63,44,[10, 4, 3, 11, 2, 1],[[2, 1], [3, 1], [1, 2], [1, 3], [2, 2], [3, 3]],1222,846,1265,869
420921,3,63,44,[10, 4, 3, 11, 2, 1],[[2, 1], [3, 1], [1, 2], [1, 3], [2, 2], [3, 3]],1216,862,1265,869
420963,3,63,44,[10, 4, 3, 11, 2, 1],[[2, 1], [3, 1], [1, 2], [1, 3], [2, 2], [3, 3]],1225,856,1265,869
421032,3,63,44,[10, 4, 3, 11, 2, 1],[[2, 1], [3, 1], [1, 2], [1, 3], [2, 2], [3, 3]],1194,878,1265,869
421104,3,63,44,[10, 4, 3, 11, 2, 1],[[2, 1], [3, 1], [1, 2], [1, 3], [2, 2], [3, 3]],1223,870,1265,869
421158,3,63,44,[10, 4, 3, 11, 2, 1],[[2, 1], [3, 1], [1, 2], [1, 3], [2, 2], [3, 3]],1214,851,1265,869
421198,3,63,44,[10, 4, 3, 11, 2, 1],[[2, 1], [3, 1], [1, 2], [1, 3], [2, 2], [3, 3]],1230,862,1265,869
421257,3,63,44,[10, 4, 3, 11, 2, 1],[[2, 1], [3, 1], [1, 2], [1, 3], [2, 2], [3, 3]],1191,855,1265,869
421317,3,63,44,[10, 4, 3, 11, 2, 1],[[2, 1], [3, 1], [1, 2], [1, 3], [2, 2], [3, 3]],1177,839,1265,869
421368,3,63,44,[10, 4, 3, 11, 2, 1],[[2, 1], [3, 1], [1, 2], [1, 3], [2, 2], [3, 3]],1159,845,1265,869
421426,3,63,44,[10, 4, 3, 11, 2, 1],[[2, 1], [3, 1], [1, 2], [1, 3], [2, 2], [3, 3]],1158,831,1265,869
421476,3,63,44,[10, 4, 3, 11, 2, 1],[[2, 1], [3, 1], [1, 2], [1, 3], [2, 2], [3, 3]],1159,845,1265,869
421543,3,63,44,[10, 4, 3, 11, 2, 1],[[2, 1], [3, 1], [1, 2], [1, 3], [2, 2], [3, 3]],1172,829,1265,869
421599,3,63,44,[10, 4, 3, 11, 2, 1],[[2, 1], [3, 1], [1, 2], [1, 3], [2, 2], [3, 3]],1195,820,1265,869
421646,3,63,44,[10, 4, 3, 11, 2, 1],[[2, 1], [3, 1], [1, 2], [1, 3], [2, 2], [3, 3]],1184,803,1265,869
421686,3,63,44,[10, 4, 3, 11, 2, 1],[[2, 1], [3, 1], [1, 2], [1, 3], [2, 2], [3, 3]],1197,798,1265,869
421754,3,64,82,[10, 4, 8, 12, 2, 1],[[1, 3], [2, 3], [1, 1], [1, 2], [2, 2], [3, 3]],1207,780,1260,845
421808,3,64,82,[10, 4, 8, 12, 2, 1],[[1, 3], [2, 3], [1, 1], [1, 2], [2, 2], [3, 3]],1219,762,1254,807
421856,3,64,82,[10, 4, 8, 12, 2, 1],[[1, 3], [2, 3], [1, 1], [1, 2], [2, 2], [3, 3]],1215,750,1247,795
421939,3,64,82,[10, 4, 8, 12, 2, 1],[[1, 3], [2, 3], [1, 1], [1, 2], [2, 2], [3, 3]],1198,711,1246,793
422016,3,64,82,[10, 4, 8, 12, 2, 1],[[1, 3], [2, 3], [1, 1], [1, 2], [2, 2], [3, 3]],1187,726,1246,793
422074,3,64,82,[10, 4, 8, 12, 2, 1],[[1, 3], [2, 3], [1, 1], [1, 2], [2, 2], [3, 3]],1183,727,1246,793
422137,3,64,82,[10, 4, 8, 12, 2, 1],[[1, 3], [2, 3], [1, 1], [1, 2], [2, 2], [3, 3]],1148,757,1246,793
422215,3,64,82,[10, 4, 8, 12, 2, 1],[[1, 3], [2, 3], [1, 1], [1, 2], [2, 2], [3, 3]],1130,770,1246,793
422267,3,64,82,[10, 4, 8, 12, 2, 1],[[1, 3], [2, 3], [1, 1], [1, 2], [2, 2], [3, 3]],1139,758,1246,793
422348,3,64,82,[10, 4, 8, 12, 2, 1],[[1, 3], [2, 3], [1, 1], [1, 2], [2, 2], [3, 3]],1149,764,1246,793
422403,3,64,82,[10, 4, 8, 12, 2, 1],[[1, 3], [2, 3], [1, 1], [1, 2], [2, 2], [3, 3]],1139,757,1246,792
422468,3,64,82,[10, 4, 8, 12, 2, 1],[[1, 3], [2, 3], [1, 1], [1, 2], [2, 2], [3, 3]],1134,753,1134,744
422544,3,64,82,[10, 4, 8, 12, 2, 1],[[1, 3], [2, 3], [1, 1], [1, 2], [2, 2], [3, 3]],1104,757,1038,753
422604,3,64,82,[10, 4, 8, 12, 2, 1],[[1, 3], [2, 3], [1, 1], [1, 2], [2, 2], [3, 3]],1127,796,1033,757
422643,3,64,82,[10, 4, 8, 12, 2, 1],[[1, 3], [2, 3], [1, 1], [1, 2], [2, 2], [3, 3]],1105,772,1033,758
422731,3,64,82,[10, 4, 8, 12, 2, 1],[[1, 3], [2, 3], [1, 1], [1, 2], [2, 2], [3, 3]],1129,794,1033,764
422823,3,64,82,[10, 4, 8, 12, 2, 1],[[1, 3], [2, 3], [1, 1], [1, 2], [2, 2], [3, 3]],1111,792,1033,764
422880,3,64,82,[10, 4, 8, 12, 2, 1],[[1, 3], [2, 3], [1, 1], [1, 2], [2, 2], [3, 3]],1135,801,1056,753
422919,3,64,82,[10, 4, 8, 12, 2, 1],[[1, 3], [2, 3], [1, 1], [1, 2], [2, 2], [3, 3]],1147,798,1060,749
422982,3,64,82,[10, 4, 8, 12, 2, 1],[[1, 3], [2, 3], [1, 1], [1, 2], [2, 2], [3, 3]],1140,784,1060,749
423019,3,64,82,[10, 4, 8, 12, 2, 1],[[1, 3], [2, 3], [1, 1], [1, 2], [2, 2], [3, 3]],1133,780,1059,759
423088,3,64,82,[10, 4, 8, 12, 2, 1],[[1, 3], [2, 3], [1, 1], [1, 2], [2, 2], [3, 3]],1115,790,1060,789
423122,3,64,82,[10, 4, 8, 12, 2, 1],[[1, 3], [2, 3], [1, 1], [1, 2], [2, 2], [3, 3]],1126,796,1070,809
423188,3,64,82,[10, 4, 8, 12, 2, 1],[[1, 3], [2, 3], [1, 1], [1, 2], [2, 2], [3, 3]],1140,805,1113,837
423229,3,64,82,[10, 4, 8, 12, 2, 1],[[1, 3], [2, 3], [1, 1], [1, 2], [2, 2], [3, 3]],1144,812,1158,852
423288,3,64,82,[10, 4, 8, 12, 2, 1],[[1, 3], [2, 3], [1, 1], [1, 2], [2, 2], [3, 3]],1148,783,1173,853
423350,3,64,82,[10, 4, 8, 12, 2, 1],[[1, 3], [2, 3], [1, 1], [1, 2], [2, 2], [3, 3]],1134,784,1179,833
423404,3,64,82,[10, 4, 8, 12, 2, 1],[[1, 3], [2, 3], [1, 1], [1, 2], [2, 2], [3, 3]],1130,798,1172,823
423486,3,64,82,[10, 4, 8, 12, 2, 1],[[1, 3], [2, 3], [1, 1], [1, 2], [2, 2], [3, 3]],1127,776,1155,822
423537,3,64,82,[10, 4, 8, 12, 2, 1],[[1, 3], [2, 3], [1, 1], [1, 2], [2, 2], [3, 3]],1107,784,1142,829
423596,3,64,82,[10, 4, 8, 12, 2, 1],[[1, 3], [2, 3], [1, 1], [1, 2], [2, 2], [3, 3]],1117,786,1136,836
423654,3,64,82,[10, 4, 8, 12, 2, 1],[[1, 3], [2, 3], [1, 1], [1, 2], [2, 2], [3, 3]],1130,785,1136,846
423691,3,64,82,[10, 4, 8, 12, 2, 1],[[1, 3], [2, 3], [1, 1], [1, 2], [2, 2], [3, 3]],1116,756,1136,853
423744,3,64,82,[10, 4, 8, 12, 2, 1],[[1, 3], [2, 3], [1, 1], [1, 2], [2, 2], [3, 3]],1101,744,1147,868
423803,3,64,82,[10, 4, 8, 12, 2, 1],[[1, 3], [2, 3], [1, 1], [1, 2], [2, 2], [3, 3]],1109,753,1162,876
423865,3,64,82,[10, 4, 8, 12, 2, 1],[[1, 3], [2, 3], [1, 1], [1, 2], [2, 2], [3, 3]],1100,757,1190,872
423924,3,64,82,[10, 4, 8, 12, 2, 1],[[1, 3], [2, 3], [1, 1], [1, 2], [2, 2], [3, 3]],1099,766,1219,840
423987,3,64,82,[10, 4, 8, 12, 2, 1],[[1, 3], [2, 3], [1, 1], [1, 2], [2, 2], [3, 3]],1110,768,1223,811
424056,3,64,82,[10, 4, 8, 12, 2, 1],[[1, 3], [2, 3], [1, 1], [1, 2], [2, 2], [3, 3]],1120,774,1209,804
424114,3,64,82,[10, 4, 8, 12, 2, 1],[[1, 3], [2, 3], [1, 1], [1, 2], [2, 2], [3, 3]],1130,784,1181,802
424182,3,64,82,[10, 4, 8, 12, 2, 1],[[1, 3], [2, 3], [1, 1], [1, 2], [2, 2], [3, 3]],1139,797,1149,804
424270,3,64,82,[10, 4, 8, 12, 2, 1],[[1, 3], [2, 3], [1, 1], [1, 2], [2, 2], [3, 3]],1153,800,1135,816
424344,3,64,82,[10, 4, 8, 12, 2, 1],[[1, 3], [2, 3], [1, 1], [1, 2], [2, 2], [3, 3]],1156,805,1132,836
424405,3,64,82,[10, 4, 8, 12, 2, 1],[[1, 3], [2, 3], [1, 1], [1, 2], [2, 2], [3, 3]],1150,822,1134,852
424504,3,64,82,[10, 4, 8, 12, 2, 1],[[1, 3], [2, 3], [1, 1], [1, 2], [2, 2], [3, 3]],1146,822,1142,869
424557,3,64,82,[10, 4, 8, 12, 2, 1],[[1, 3], [2, 3], [1, 1], [1, 2], [2, 2], [3, 3]],1150,827,1155,884
424618,3,64,82,[10, 4, 8, 12, 2, 1],[[1, 3], [2, 3], [1, 1], [1, 2], [2, 2], [3, 3]],1122,825,1162,887
424697,3,64,82,[10, 4, 8, 12, 2, 1],[[1, 3], [2, 3], [1, 1], [1, 2], [2, 2], [3, 3]],1096,815,1184,892
424748,3,64,82,[10, 4, 8, 12, 2, 1],[[1, 3], [2, 3], [1, 1], [1, 2], [2, 2], [3, 3]],1075,817,1186,892
424856,3,64,82,[10, 4, 8, 12, 2, 1],[[1, 3], [2, 3], [1, 1], [1, 2], [2, 2], [3, 3]],1079,810,1202,858
424924,3,64,82,[10, 4, 8, 12, 2, 1],[[1, 3], [2, 3], [1, 1], [1, 2], [2, 2], [3, 3]],1079,797,1203,848
424998,3,64,82,[10, 4, 8, 12, 2, 1],[[1, 3], [2, 3], [1, 1], [1, 2], [2, 2], [3, 3]],1093,798,1203,848
425062,3,64,82,[10, 4, 8, 12, 2, 1],[[1, 3], [2, 3], [1, 1], [1, 2], [2, 2], [3, 3]],1080,773,1203,848
425139,3,64,82,[10, 4, 8, 12, 2, 1],[[1, 3], [2, 3], [1, 1], [1, 2], [2, 2], [3, 3]],1087,776,1200,845
425192,3,64,82,[10, 4, 8, 12, 2, 1],[[1, 3], [2, 3], [1, 1], [1, 2], [2, 2], [3, 3]],1084,808,1150,834
425239,3,64,82,[10, 4, 8, 12, 2, 1],[[1, 3], [2, 3], [1, 1], [1, 2], [2, 2], [3, 3]],1077,820,1129,833
425282,3,64,82,[10, 4, 8, 12, 2, 1],[[1, 3], [2, 3], [1, 1], [1, 2], [2, 2], [3, 3]],1088,825,1122,833
425325,3,64,82,[10, 4, 8, 12, 2, 1],[[1, 3], [2, 3], [1, 1], [1, 2], [2, 2], [3, 3]],1090,830,1116,833
425395,3,64,82,[10, 4, 8, 12, 2, 1],[[1, 3], [2, 3], [1, 1], [1, 2], [2, 2], [3, 3]],1094,856,1109,835
425444,3,64,82,[10, 4, 8, 12, 2, 1],[[1, 3], [2, 3], [1, 1], [1, 2], [2, 2], [3, 3]],1095,873,1109,836
425489,3,64,82,[10, 4, 8, 12, 2, 1],[[1, 3], [2, 3], [1, 1], [1, 2], [2, 2], [3, 3]],1096,852,1109,836
425544,3,64,82,[10, 4, 8, 12, 2, 1],[[1, 3], [2, 3], [1, 1], [1, 2], [2, 2], [3, 3]],1076,867,1109,836
425628,3,64,82,[10, 4, 8, 12, 2, 1],[[1, 3], [2, 3], [1, 1], [1, 2], [2, 2], [3, 3]],1074,868,1109,836
425668,3,64,82,[10, 4, 8, 12, 2, 1],[[1, 3], [2, 3], [1, 1], [1, 2], [2, 2], [3, 3]],1064,874,1109,836
425707,3,64,82,[10, 4, 8, 12, 2, 1],[[1, 3], [2, 3], [1, 1], [1, 2], [2, 2], [3, 3]],1058,884,1109,836
425776,3,64,82,[10, 4, 8, 12, 2, 1],[[1, 3], [2, 3], [1, 1], [1, 2], [2, 2], [3, 3]],1041,875,1107,848
425817,3,64,82,[10, 4, 8, 12, 2, 1],[[1, 3], [2, 3], [1, 1], [1, 2], [2, 2], [3, 3]],1035,873,1102,858
425864,3,65,60,[10, 4, 3, 11, 2, 1],[[2, 1], [3, 1], [3, 2], [3, 3], [1, 1], [2, 2]],1019,866,1094,871
425905,3,65,60,[10, 4, 3, 11, 2, 1],[[2, 1], [3, 1], [3, 2], [3, 3], [1, 1], [2, 2]],1031,881,1087,884
425953,3,65,60,[10, 4, 3, 11, 2, 1],[[2, 1], [3, 1], [3, 2], [3, 3], [1, 1], [2, 2]],1006,894,1075,895
425992,3,65,60,[10, 4, 3, 11, 2, 1],[[2, 1], [3, 1], [3, 2], [3, 3], [1, 1], [2, 2]],1035,919,1058,908
426035,3,65,60,[10, 4, 3, 11, 2, 1],[[2, 1], [3, 1], [3, 2], [3, 3], [1, 1], [2, 2]],1040,917,1043,916
426092,3,65,60,[10, 4, 3, 11, 2, 1],[[2, 1], [3, 1], [3, 2], [3, 3], [1, 1], [2, 2]],1061,918,1039,919
426160,3,65,60,[10, 4, 3, 11, 2, 1],[[2, 1], [3, 1], [3, 2], [3, 3], [1, 1], [2, 2]],1077,906,1039,919
426218,3,65,60,[10, 4, 3, 11, 2, 1],[[2, 1], [3, 1], [3, 2], [3, 3], [1, 1], [2, 2]],1095,883,1039,919
426276,3,65,60,[10, 4, 3, 11, 2, 1],[[2, 1], [3, 1], [3, 2], [3, 3], [1, 1], [2, 2]],1088,902,1039,919
426330,3,65,60,[10, 4, 3, 11, 2, 1],[[2, 1], [3, 1], [3, 2], [3, 3], [1, 1], [2, 2]],1077,897,1039,919
426411,3,65,60,[10, 4, 3, 11, 2, 1],[[2, 1], [3, 1], [3, 2], [3, 3], [1, 1], [2, 2]],1077,898,1039,919
426468,3,65,60,[10, 4, 3, 11, 2, 1],[[2, 1], [3, 1], [3, 2], [3, 3], [1, 1], [2, 2]],1074,899,1069,918
426520,3,65,60,[10, 4, 3, 11, 2, 1],[[2, 1], [3, 1], [3, 2], [3, 3], [1, 1], [2, 2]],1081,920,1130,929
426619,3,65,60,[10, 4, 3, 11, 2, 1],[[2, 1], [3, 1], [3, 2], [3, 3], [1, 1], [2, 2]],1074,935,1134,930
426660,3,65,60,[10, 4, 3, 11, 2, 1],[[2, 1], [3, 1], [3, 2], [3, 3], [1, 1], [2, 2]],1071,938,1134,921
426732,3,65,60,[10, 4, 3, 11, 2, 1],[[2, 1], [3, 1], [3, 2], [3, 3], [1, 1], [2, 2]],1098,936,1141,901
426780,3,65,60,[10, 4, 3, 11, 2, 1],[[2, 1], [3, 1], [3, 2], [3, 3], [1, 1], [2, 2]],1107,939,1145,886
426842,3,65,60,[10, 4, 3, 11, 2, 1],[[2, 1], [3, 1], [3, 2], [3, 3], [1, 1], [2, 2]],1116,945,1146,876
426900,3,65,60,[10, 4, 3, 11, 2, 1],[[2, 1], [3, 1], [3, 2], [3, 3], [1, 1], [2, 2]],1118,941,1134,872
426974,3,65,60,[10, 4, 3, 11, 2, 1],[[2, 1], [3, 1], [3, 2], [3, 3], [1, 1], [2, 2]],1124,958,1104,867
427025,3,65,60,[10, 4, 3, 11, 2, 1],[[2, 1], [3, 1], [3, 2], [3, 3], [1, 1], [2, 2]],1157,967,1095,866
427082,3,65,60,[10, 4, 3, 11, 2, 1],[[2, 1], [3, 1], [3, 2], [3, 3], [1, 1], [2, 2]],1168,960,1088,867
427160,3,65,60,[10, 4, 3, 11, 2, 1],[[2, 1], [3, 1], [3, 2], [3, 3], [1, 1], [2, 2]],1155,936,1075,870
427230,3,65,60,[10, 4, 3, 11, 2, 1],[[2, 1], [3, 1], [3, 2], [3, 3], [1, 1], [2, 2]],1163,885,1069,872
427312,3,65,60,[10, 4, 3, 11, 2, 1],[[2, 1], [3, 1], [3, 2], [3, 3], [1, 1], [2, 2]],1175,885,1069,872
427360,3,65,60,[10, 4, 3, 11, 2, 1],[[2, 1], [3, 1], [3, 2], [3, 3], [1, 1], [2, 2]],1152,878,1069,872
427409,3,65,60,[10, 4, 3, 11, 2, 1],[[2, 1], [3, 1], [3, 2], [3, 3], [1, 1], [2, 2]],1166,885,1069,872
427482,3,65,60,[10, 4, 3, 11, 2, 1],[[2, 1], [3, 1], [3, 2], [3, 3], [1, 1], [2, 2]],1151,885,1069,872
427547,3,65,60,[10, 4, 3, 11, 2, 1],[[2, 1], [3, 1], [3, 2], [3, 3], [1, 1], [2, 2]],1163,855,1069,872
427609,3,65,60,[10, 4, 3, 11, 2, 1],[[2, 1], [3, 1], [3, 2], [3, 3], [1, 1], [2, 2]],1171,876,1069,872
427678,3,65,60,[10, 4, 3, 11, 2, 1],[[2, 1], [3, 1], [3, 2], [3, 3], [1, 1], [2, 2]],1192,892,1069,872
427736,3,65,60,[10, 4, 3, 11, 2, 1],[[2, 1], [3, 1], [3, 2], [3, 3], [1, 1], [2, 2]],1185,893,1084,863
427784,3,65,60,[10, 4, 3, 11, 2, 1],[[2, 1], [3, 1], [3, 2], [3, 3], [1, 1], [2, 2]],1188,920,1094,863
427824,3,65,60,[10, 4, 3, 11, 2, 1],[[2, 1], [3, 1], [3, 2], [3, 3], [1, 1], [2, 2]],1200,933,1094,863
427871,3,65,60,[10, 4, 3, 11, 2, 1],[[2, 1], [3, 1], [3, 2], [3, 3], [1, 1], [2, 2]],1204,934,1094,863
427911,3,65,60,[10, 4, 3, 11, 2, 1],[[2, 1], [3, 1], [3, 2], [3, 3], [1, 1], [2, 2]],1189,960,1094,863
427954,3,65,60,[10, 4, 3, 11, 2, 1],[[2, 1], [3, 1], [3, 2], [3, 3], [1, 1], [2, 2]],1171,960,1099,862
428012,3,65,60,[10, 4, 3, 11, 2, 1],[[2, 1], [3, 1], [3, 2], [3, 3], [1, 1], [2, 2]],1202,958,1109,861
428058,3,65,60,[10, 4, 3, 11, 2, 1],[[2, 1], [3, 1], [3, 2], [3, 3], [1, 1], [2, 2]],1196,982,1112,860
428094,3,65,60,[10, 4, 3, 11, 2, 1],[[2, 1], [3, 1], [3, 2], [3, 3], [1, 1], [2, 2]],1206,987,1115,860
428156,3,65,60,[10, 4, 3, 11, 2, 1],[[2, 1], [3, 1], [3, 2], [3, 3], [1, 1], [2, 2]],1167,997,1127,860
428214,3,65,60,[10, 4, 3, 11, 2, 1],[[2, 1], [3, 1], [3, 2], [3, 3], [1, 1], [2, 2]],1177,1002,1127,860
428261,3,65,60,[10, 4, 3, 11, 2, 1],[[2, 1], [3, 1], [3, 2], [3, 3], [1, 1], [2, 2]],1198,976,1130,870
428306,3,65,60,[10, 4, 3, 11, 2, 1],[[2, 1], [3, 1], [3, 2], [3, 3], [1, 1], [2, 2]],1212,987,1140,888
428351,3,65,60,[10, 4, 3, 11, 2, 1],[[2, 1], [3, 1], [3, 2], [3, 3], [1, 1], [2, 2]],1223,1004,1140,890
428406,3,65,60,[10, 4, 3, 11, 2, 1],[[2, 1], [3, 1], [3, 2], [3, 3], [1, 1], [2, 2]],1224,1027,1141,890
428482,3,65,60,[10, 4, 3, 11, 2, 1],[[2, 1], [3, 1], [3, 2], [3, 3], [1, 1], [2, 2]],1236,990,1141,890
428549,3,65,60,[10, 4, 3, 11, 2, 1],[[2, 1], [3, 1], [3, 2], [3, 3], [1, 1], [2, 2]],1236,989,1155,905
428595,3,65,60,[10, 4, 3, 11, 2, 1],[[2, 1], [3, 1], [3, 2], [3, 3], [1, 1], [2, 2]],1231,1003,1156,907
428684,3,65,60,[10, 4, 3, 11, 2, 1],[[2, 1], [3, 1], [3, 2], [3, 3], [1, 1], [2, 2]],1228,1023,1157,908
428737,3,65,60,[10, 4, 3, 11, 2, 1],[[2, 1], [3, 1], [3, 2], [3, 3], [1, 1], [2, 2]],1237,993,1176,916
428781,3,65,60,[10, 4, 3, 11, 2, 1],[[2, 1], [3, 1], [3, 2], [3, 3], [1, 1], [2, 2]],1244,987,1185,919
428877,3,65,60,[10, 4, 3, 11, 2, 1],[[2, 1], [3, 1], [3, 2], [3, 3], [1, 1], [2, 2]],1277,1011,1186,919
428945,3,65,60,[10, 4, 3, 11, 2, 1],[[2, 1], [3, 1], [3, 2], [3, 3], [1, 1], [2, 2]],1268,1008,1186,919
428991,3,65,60,[10, 4, 3, 11, 2, 1],[[2, 1], [3, 1], [3, 2], [3, 3], [1, 1], [2, 2]],1299,1006,1186,919
429047,3,65,60,[10, 4, 3, 11, 2, 1],[[2, 1], [3, 1], [3, 2], [3, 3], [1, 1], [2, 2]],1266,983,1189,922
429140,3,65,60,[10, 4, 3, 11, 2, 1],[[2, 1], [3, 1], [3, 2], [3, 3], [1, 1], [2, 2]],1277,988,1202,936
429224,3,65,60,[10, 4, 3, 11, 2, 1],[[2, 1], [3, 1], [3, 2], [3, 3], [1, 1], [2, 2]],1246,999,1205,939
429300,3,65,60,[10, 4, 3, 11, 2, 1],[[2, 1], [3, 1], [3, 2], [3, 3], [1, 1], [2, 2]],1233,979,1218,948
429376,3,65,60,[10, 4, 3, 11, 2, 1],[[2, 1], [3, 1], [3, 2], [3, 3], [1, 1], [2, 2]],1240,980,1246,977
429440,3,65,60,[10, 4, 3, 11, 2, 1],[[2, 1], [3, 1], [3, 2], [3, 3], [1, 1], [2, 2]],1237,965,1259,997
429501,3,65,60,[10, 4, 3, 11, 2, 1],[[2, 1], [3, 1], [3, 2], [3, 3], [1, 1], [2, 2]],1238,986,1285,1025
429563,3,65,60,[10, 4, 3, 11, 2, 1],[[2, 1], [3, 1], [3, 2], [3, 3], [1, 1], [2, 2]],1231,996,1293,1036
429644,3,65,60,[10, 4, 3, 11, 2, 1],[[2, 1], [3, 1], [3, 2], [3, 3], [1, 1], [2, 2]],1256,1012,1303,1053
429689,3,65,60,[10, 4, 3, 11, 2, 1],[[2, 1], [3, 1], [3, 2], [3, 3], [1, 1], [2, 2]],1262,992,1303,1053
429734,3,65,60,[10, 4, 3, 11, 2, 1],[[2, 1], [3, 1], [3, 2], [3, 3], [1, 1], [2, 2]],1265,1011,1303,1053
429780,3,65,60,[10, 4, 3, 11, 2, 1],[[2, 1], [3, 1], [3, 2], [3, 3], [1, 1], [2, 2]],1245,996,1303,1053
429844,3,65,60,[10, 4, 3, 11, 2, 1],[[2, 1], [3, 1], [3, 2], [3, 3], [1, 1], [2, 2]],1256,999,1300,1053
429891,3,66,76,[10, 4, 3, 11, 7, 9],[[1, 3], [2, 3], [1, 1], [1, 2], [2, 2], [3, 1]],1237,986,1297,1051
429932,3,66,76,[10, 4, 3, 11, 7, 9],[[1, 3], [2, 3], [1, 1], [1, 2], [2, 2], [3, 1]],1238,980,1291,1046
429995,3,66,76,[10, 4, 3, 11, 7, 9],[[1, 3], [2, 3], [1, 1], [1, 2], [2, 2], [3, 1]],1274,985,1274,1036
430053,3,66,76,[10, 4, 3, 11, 7, 9],[[1, 3], [2, 3], [1, 1], [1, 2], [2, 2], [3, 1]],1285,971,1263,1028
430112,3,66,76,[10, 4, 3, 11, 7, 9],[[1, 3], [2, 3], [1, 1], [1, 2], [2, 2], [3, 1]],1282,1005,1261,1027
430166,3,66,76,[10, 4, 3, 11, 7, 9],[[1, 3], [2, 3], [1, 1], [1, 2], [2, 2], [3, 1]],1290,993,1261,1027
430219,3,66,76,[10, 4, 3, 11, 7, 9],[[1, 3], [2, 3], [1, 1], [1, 2], [2, 2], [3, 1]],1265,1010,1254,1032
430273,3,66,76,[10, 4, 3, 11, 7, 9],[[1, 3], [2, 3], [1, 1], [1, 2], [2, 2], [3, 1]],1279,1002,1254,1036
430346,3,66,76,[10, 4, 3, 11, 7, 9],[[1, 3], [2, 3], [1, 1], [1, 2], [2, 2], [3, 1]],1295,1003,1255,1036
430403,3,66,76,[10, 4, 3, 11, 7, 9],[[1, 3], [2, 3], [1, 1], [1, 2], [2, 2], [3, 1]],1306,970,1282,1018
430446,3,66,76,[10, 4, 3, 11, 7, 9],[[1, 3], [2, 3], [1, 1], [1, 2], [2, 2], [3, 1]],1300,990,1298,1002
430494,3,66,76,[10, 4, 3, 11, 7, 9],[[1, 3], [2, 3], [1, 1], [1, 2], [2, 2], [3, 1]],1314,1002,1303,986
430563,3,66,76,[10, 4, 3, 11, 7, 9],[[1, 3], [2, 3], [1, 1], [1, 2], [2, 2], [3, 1]],1305,992,1300,976
430612,3,66,76,[10, 4, 3, 11, 7, 9],[[1, 3], [2, 3], [1, 1], [1, 2], [2, 2], [3, 1]],1315,969,1281,974
430677,3,66,76,[10, 4, 3, 11, 7, 9],[[1, 3], [2, 3], [1, 1], [1, 2], [2, 2], [3, 1]],1332,955,1259,998
430769,3,66,76,[10, 4, 3, 11, 7, 9],[[1, 3], [2, 3], [1, 1], [1, 2], [2, 2], [3, 1]],1324,952,1266,1032
430836,3,66,76,[10, 4, 3, 11, 7, 9],[[1, 3], [2, 3], [1, 1], [1, 2], [2, 2], [3, 1]],1310,950,1310,1029
430911,3,66,76,[10, 4, 3, 11, 7, 9],[[1, 3], [2, 3], [1, 1], [1, 2], [2, 2], [3, 1]],1305,962,1342,993
430986,3,66,76,[10, 4, 3, 11, 7, 9],[[1, 3], [2, 3], [1, 1], [1, 2], [2, 2], [3, 1]],1305,973,1345,979
431057,3,66,76,[10, 4, 3, 11, 7, 9],[[1, 3], [2, 3], [1, 1], [1, 2], [2, 2], [3, 1]],1304,969,1345,979
431146,3,66,76,[10, 4, 3, 11, 7, 9],[[1, 3], [2, 3], [1, 1], [1, 2], [2, 2], [3, 1]],1303,964,1339,979
431241,3,66,76,[10, 4, 3, 11, 7, 9],[[1, 3], [2, 3], [1, 1], [1, 2], [2, 2], [3, 1]],1284,949,1328,985
431309,3,66,76,[10, 4, 3, 11, 7, 9],[[1, 3], [2, 3], [1, 1], [1, 2], [2, 2], [3, 1]],1297,960,1327,985
431384,3,66,76,[10, 4, 3, 11, 7, 9],[[1, 3], [2, 3], [1, 1], [1, 2], [2, 2], [3, 1]],1294,959,1327,985
431439,3,66,76,[10, 4, 3, 11, 7, 9],[[1, 3], [2, 3], [1, 1], [1, 2], [2, 2], [3, 1]],1256,948,1318,998
431511,3,66,76,[10, 4, 3, 11, 7, 9],[[1, 3], [2, 3], [1, 1], [1, 2], [2, 2], [3, 1]],1267,925,1316,1004
431591,3,66,76,[10, 4, 3, 11, 7, 9],[[1, 3], [2, 3], [1, 1], [1, 2], [2, 2], [3, 1]],1243,925,1320,1001
431654,3,66,76,[10, 4, 3, 11, 7, 9],[[1, 3], [2, 3], [1, 1], [1, 2], [2, 2], [3, 1]],1246,921,1342,971
431715,3,66,76,[10, 4, 3, 11, 7, 9],[[1, 3], [2, 3], [1, 1], [1, 2], [2, 2], [3, 1]],1246,909,1345,957
431773,3,66,76,[10, 4, 3, 11, 7, 9],[[1, 3], [2, 3], [1, 1], [1, 2], [2, 2], [3, 1]],1260,916,1339,946
431821,3,66,76,[10, 4, 3, 11, 7, 9],[[1, 3], [2, 3], [1, 1], [1, 2], [2, 2], [3, 1]],1278,926,1312,931
431861,3,66,76,[10, 4, 3, 11, 7, 9],[[1, 3], [2, 3], [1, 1], [1, 2], [2, 2], [3, 1]],1280,906,1278,911
431904,3,66,76,[10, 4, 3, 11, 7, 9],[[1, 3], [2, 3], [1, 1], [1, 2], [2, 2], [3, 1]],1288,922,1238,894
431967,3,66,76,[10, 4, 3, 11, 7, 9],[[1, 3], [2, 3], [1, 1], [1, 2], [2, 2], [3, 1]],1286,908,1204,889
432014,3,66,76,[10, 4, 3, 11, 7, 9],[[1, 3], [2, 3], [1, 1], [1, 2], [2, 2], [3, 1]],1309,908,1190,894
432082,3,66,76,[10, 4, 3, 11, 7, 9],[[1, 3], [2, 3], [1, 1], [1, 2], [2, 2], [3, 1]],1286,886,1179,919
432127,3,66,76,[10, 4, 3, 11, 7, 9],[[1, 3], [2, 3], [1, 1], [1, 2], [2, 2], [3, 1]],1260,876,1179,935
432162,3,66,76,[10, 4, 3, 11, 7, 9],[[1, 3], [2, 3], [1, 1], [1, 2], [2, 2], [3, 1]],1279,898,1186,952
432225,3,66,76,[10, 4, 3, 11, 7, 9],[[1, 3], [2, 3], [1, 1], [1, 2], [2, 2], [3, 1]],1274,886,1200,961
432278,3,66,76,[10, 4, 3, 11, 7, 9],[[1, 3], [2, 3], [1, 1], [1, 2], [2, 2], [3, 1]],1271,895,1212,962
432327,3,66,76,[10, 4, 3, 11, 7, 9],[[1, 3], [2, 3], [1, 1], [1, 2], [2, 2], [3, 1]],1263,902,1231,954
432385,3,66,76,[10, 4, 3, 11, 7, 9],[[1, 3], [2, 3], [1, 1], [1, 2], [2, 2], [3, 1]],1262,904,1251,930
432436,3,66,76,[10, 4, 3, 11, 7, 9],[[1, 3], [2, 3], [1, 1], [1, 2], [2, 2], [3, 1]],1239,878,1252,920
432491,3,66,76,[10, 4, 3, 11, 7, 9],[[1, 3], [2, 3], [1, 1], [1, 2], [2, 2], [3, 1]],1223,899,1252,919
432543,3,66,76,[10, 4, 3, 11, 7, 9],[[1, 3], [2, 3], [1, 1], [1, 2], [2, 2], [3, 1]],1220,901,1252,919
432612,3,66,76,[10, 4, 3, 11, 7, 9],[[1, 3], [2, 3], [1, 1], [1, 2], [2, 2], [3, 1]],1248,912,1252,919
432668,3,66,76,[10, 4, 3, 11, 7, 9],[[1, 3], [2, 3], [1, 1], [1, 2], [2, 2], [3, 1]],1244,931,1225,919
432727,3,66,76,[10, 4, 3, 11, 7, 9],[[1, 3], [2, 3], [1, 1], [1, 2], [2, 2], [3, 1]],1264,923,1219,922
432787,3,66,76,[10, 4, 3, 11, 7, 9],[[1, 3], [2, 3], [1, 1], [1, 2], [2, 2], [3, 1]],1278,904,1207,929
432855,3,66,76,[10, 4, 3, 11, 7, 9],[[1, 3], [2, 3], [1, 1], [1, 2], [2, 2], [3, 1]],1286,907,1196,945
432939,3,66,76,[10, 4, 3, 11, 7, 9],[[1, 3], [2, 3], [1, 1], [1, 2], [2, 2], [3, 1]],1309,912,1191,970
433011,3,66,76,[10, 4, 3, 11, 7, 9],[[1, 3], [2, 3], [1, 1], [1, 2], [2, 2], [3, 1]],1281,901,1189,990
433079,3,66,76,[10, 4, 3, 11, 7, 9],[[1, 3], [2, 3], [1, 1], [1, 2], [2, 2], [3, 1]],1266,941,1192,1001
433133,3,66,76,[10, 4, 3, 11, 7, 9],[[1, 3], [2, 3], [1, 1], [1, 2], [2, 2], [3, 1]],1284,919,1194,1007
433214,3,66,76,[10, 4, 3, 11, 7, 9],[[1, 3], [2, 3], [1, 1], [1, 2], [2, 2], [3, 1]],1272,910,1194,1008
433265,3,66,76,[10, 4, 3, 11, 7, 9],[[1, 3], [2, 3], [1, 1], [1, 2], [2, 2], [3, 1]],1273,916,1214,1006
433332,3,66,76,[10, 4, 3, 11, 7, 9],[[1, 3], [2, 3], [1, 1], [1, 2], [2, 2], [3, 1]],1237,906,1245,998
433396,3,66,76,[10, 4, 3, 11, 7, 9],[[1, 3], [2, 3], [1, 1], [1, 2], [2, 2], [3, 1]],1249,905,1271,980
433473,3,66,76,[10, 4, 3, 11, 7, 9],[[1, 3], [2, 3], [1, 1], [1, 2], [2, 2], [3, 1]],1237,904,1284,961
433522,3,66,76,[10, 4, 3, 11, 7, 9],[[1, 3], [2, 3], [1, 1], [1, 2], [2, 2], [3, 1]],1238,885,1290,932
433592,3,66,76,[10, 4, 3, 11, 7, 9],[[1, 3], [2, 3], [1, 1], [1, 2], [2, 2], [3, 1]],1225,886,1290,919
433648,3,66,76,[10, 4, 3, 11, 7, 9],[[1, 3], [2, 3], [1, 1], [1, 2], [2, 2], [3, 1]],1235,892,1285,900
433711,3,66,76,[10, 4, 3, 11, 7, 9],[[1, 3], [2, 3], [1, 1], [1, 2], [2, 2], [3, 1]],1230,890,1273,892
433770,3,66,76,[10, 4, 3, 11, 7, 9],[[1, 3], [2, 3], [1, 1], [1, 2], [2, 2], [3, 1]],1214,893,1252,884
433830,3,66,76,[10, 4, 3, 11, 7, 9],[[1, 3], [2, 3], [1, 1], [1, 2], [2, 2], [3, 1]],1211,877,1226,883
433883,3,66,76,[10, 4, 3, 11, 7, 9],[[1, 3], [2, 3], [1, 1], [1, 2], [2, 2], [3, 1]],1240,882,1210,885
433936,3,66,76,[10, 4, 3, 11, 7, 9],[[1, 3], [2, 3], [1, 1], [1, 2], [2, 2], [3, 1]],1254,891,1209,885
433993,3,67,83,[6, 5, 3, 11, 2, 1],[[1, 3], [2, 3], [1, 1], [1, 2], [2, 2], [3, 3]],1275,918,1206,896
434051,3,67,83,[6, 5, 3, 11, 2, 1],[[1, 3], [2, 3], [1, 1], [1, 2], [2, 2], [3, 3]],1259,941,1203,913
434109,3,67,83,[6, 5, 3, 11, 2, 1],[[1, 3], [2, 3], [1, 1], [1, 2], [2, 2], [3, 3]],1251,947,1208,931
434171,3,67,83,[6, 5, 3, 11, 2, 1],[[1, 3], [2, 3], [1, 1], [1, 2], [2, 2], [3, 3]],1248,965,1218,945
434224,3,67,83,[6, 5, 3, 11, 2, 1],[[1, 3], [2, 3], [1, 1], [1, 2], [2, 2], [3, 3]],1245,961,1225,949
434278,3,67,83,[6, 5, 3, 11, 2, 1],[[1, 3], [2, 3], [1, 1], [1, 2], [2, 2], [3, 3]],1202,944,1237,951
434340,3,67,83,[6, 5, 3, 11, 2, 1],[[1, 3], [2, 3], [1, 1], [1, 2], [2, 2], [3, 3]],1193,971,1253,950
434388,3,67,83,[6, 5, 3, 11, 2, 1],[[1, 3], [2, 3], [1, 1], [1, 2], [2, 2], [3, 3]],1205,979,1261,947
434441,3,67,83,[6, 5, 3, 11, 2, 1],[[1, 3], [2, 3], [1, 1], [1, 2], [2, 2], [3, 3]],1218,1002,1269,942
434518,3,67,83,[6, 5, 3, 11, 2, 1],[[1, 3], [2, 3], [1, 1], [1, 2], [2, 2], [3, 3]],1205,1006,1283,927
434553,3,67,83,[6, 5, 3, 11, 2, 1],[[1, 3], [2, 3], [1, 1], [1, 2], [2, 2], [3, 3]],1191,1002,1284,921
434611,3,67,83,[6, 5, 3, 11, 2, 1],[[1, 3], [2, 3], [1, 1], [1, 2], [2, 2], [3, 3]],1187,1014,1285,917
434663,3,67,83,[6, 5, 3, 11, 2, 1],[[1, 3], [2, 3], [1, 1], [1, 2], [2, 2], [3, 3]],1159,978,1276,913
434722,3,67,83,[6, 5, 3, 11, 2, 1],[[1, 3], [2, 3], [1, 1], [1, 2], [2, 2], [3, 3]],1158,979,1241,912
434779,3,67,83,[6, 5, 3, 11, 2, 1],[[1, 3], [2, 3], [1, 1], [1, 2], [2, 2], [3, 3]],1144,983,1219,918
434828,3,67,83,[6, 5, 3, 11, 2, 1],[[1, 3], [2, 3], [1, 1], [1, 2], [2, 2], [3, 3]],1124,967,1198,926
434884,3,67,83,[6, 5, 3, 11, 2, 1],[[1, 3], [2, 3], [1, 1], [1, 2], [2, 2], [3, 3]],1117,968,1169,941
434947,3,67,83,[6, 5, 3, 11, 2, 1],[[1, 3], [2, 3], [1, 1], [1, 2], [2, 2], [3, 3]],1120,962,1143,959
435002,3,67,83,[6, 5, 3, 11, 2, 1],[[1, 3], [2, 3], [1, 1], [1, 2], [2, 2], [3, 3]],1110,972,1127,971
435064,3,67,83,[6, 5, 3, 11, 2, 1],[[1, 3], [2, 3], [1, 1], [1, 2], [2, 2], [3, 3]],1108,970,1123,978
435124,3,67,83,[6, 5, 3, 11, 2, 1],[[1, 3], [2, 3], [1, 1], [1, 2], [2, 2], [3, 3]],1090,969,1122,979
435181,3,67,83,[6, 5, 3, 11, 2, 1],[[1, 3], [2, 3], [1, 1], [1, 2], [2, 2], [3, 3]],1100,962,1122,979
435240,3,67,83,[6, 5, 3, 11, 2, 1],[[1, 3], [2, 3], [1, 1], [1, 2], [2, 2], [3, 3]],1091,977,1115,982
435297,3,67,83,[6, 5, 3, 11, 2, 1],[[1, 3], [2, 3], [1, 1], [1, 2], [2, 2], [3, 3]],1079,961,1089,978
435353,3,67,83,[6, 5, 3, 11, 2, 1],[[1, 3], [2, 3], [1, 1], [1, 2], [2, 2], [3, 3]],1100,958,1066,968
435412,3,67,83,[6, 5, 3, 11, 2, 1],[[1, 3], [2, 3], [1, 1], [1, 2], [2, 2], [3, 3]],1119,957,1066,967
435470,3,67,83,[6, 5, 3, 11, 2, 1],[[1, 3], [2, 3], [1, 1], [1, 2], [2, 2], [3, 3]],1132,984,1066,967
435551,3,67,83,[6, 5, 3, 11, 2, 1],[[1, 3], [2, 3], [1, 1], [1, 2], [2, 2], [3, 3]],1128,990,1065,967
435608,3,67,83,[6, 5, 3, 11, 2, 1],[[1, 3], [2, 3], [1, 1], [1, 2], [2, 2], [3, 3]],1121,984,1065,967
435667,3,67,83,[6, 5, 3, 11, 2, 1],[[1, 3], [2, 3], [1, 1], [1, 2], [2, 2], [3, 3]],1095,986,1065,967
435718,3,67,83,[6, 5, 3, 11, 2, 1],[[1, 3], [2, 3], [1, 1], [1, 2], [2, 2], [3, 3]],1089,965,1065,967
435789,3,67,83,[6, 5, 3, 11, 2, 1],[[1, 3], [2, 3], [1, 1], [1, 2], [2, 2], [3, 3]],1083,970,1075,960
435863,3,67,83,[6, 5, 3, 11, 2, 1],[[1, 3], [2, 3], [1, 1], [1, 2], [2, 2], [3, 3]],1094,980,1084,958
435920,3,67,83,[6, 5, 3, 11, 2, 1],[[1, 3], [2, 3], [1, 1], [1, 2], [2, 2], [3, 3]],1093,1046,1084,958
436002,3,67,83,[6, 5, 3, 11, 2, 1],[[1, 3], [2, 3], [1, 1], [1, 2], [2, 2], [3, 3]],1091,944,1088,955
436057,3,67,83,[6, 5, 3, 11, 2, 1],[[1, 3], [2, 3], [1, 1], [1, 2], [2, 2], [3, 3]],1110,931,1106,945
436148,3,67,83,[6, 5, 3, 11, 2, 1],[[1, 3], [2, 3], [1, 1], [1, 2], [2, 2], [3, 3]],1135,950,1107,945
436201,3,67,83,[6, 5, 3, 11, 2, 1],[[1, 3], [2, 3], [1, 1], [1, 2], [2, 2], [3, 3]],1120,936,1107,945
436272,3,67,83,[6, 5, 3, 11, 2, 1],[[1, 3], [2, 3], [1, 1], [1, 2], [2, 2], [3, 3]],1127,909,1119,979
436338,3,67,83,[6, 5, 3, 11, 2, 1],[[1, 3], [2, 3], [1, 1], [1, 2], [2, 2], [3, 3]],1128,918,1148,1011
436396,3,67,83,[6, 5, 3, 11, 2, 1],[[1, 3], [2, 3], [1, 1], [1, 2], [2, 2], [3, 3]],1137,938,1148,1011
436459,3,67,83,[6, 5, 3, 11, 2, 1],[[1, 3], [2, 3], [1, 1], [1, 2], [2, 2], [3, 3]],1154,911,1149,1011
436534,3,67,83,[6, 5, 3, 11, 2, 1],[[1, 3], [2, 3], [1, 1], [1, 2], [2, 2], [3, 3]],1164,919,1149,1011
436609,3,67,83,[6, 5, 3, 11, 2, 1],[[1, 3], [2, 3], [1, 1], [1, 2], [2, 2], [3, 3]],1175,911,1149,1011
436657,3,67,83,[6, 5, 3, 11, 2, 1],[[1, 3], [2, 3], [1, 1], [1, 2], [2, 2], [3, 3]],1189,947,1149,1011
436705,3,67,83,[6, 5, 3, 11, 2, 1],[[1, 3], [2, 3], [1, 1], [1, 2], [2, 2], [3, 3]],1226,931,1149,1011
436762,3,67,83,[6, 5, 3, 11, 2, 1],[[1, 3], [2, 3], [1, 1], [1, 2], [2, 2], [3, 3]],1242,928,1147,1012
436805,3,67,83,[6, 5, 3, 11, 2, 1],[[1, 3], [2, 3], [1, 1], [1, 2], [2, 2], [3, 3]],1271,933,1147,1012
436882,3,67,83,[6, 5, 3, 11, 2, 1],[[1, 3], [2, 3], [1, 1], [1, 2], [2, 2], [3, 3]],1280,931,1147,1012
436973,3,67,83,[6, 5, 3, 11, 2, 1],[[1, 3], [2, 3], [1, 1], [1, 2], [2, 2], [3, 3]],1227,926,1147,1012
437010,3,67,83,[6, 5, 3, 11, 2, 1],[[1, 3], [2, 3], [1, 1], [1, 2], [2, 2], [3, 3]],1229,890,1147,1012
437079,3,67,83,[6, 5, 3, 11, 2, 1],[[1, 3], [2, 3], [1, 1], [1, 2], [2, 2], [3, 3]],1208,876,1147,1012
437176,3,67,83,[6, 5, 3, 11, 2, 1],[[1, 3], [2, 3], [1, 1], [1, 2], [2, 2], [3, 3]],1224,873,1147,1012
437233,3,67,83,[6, 5, 3, 11, 2, 1],[[1, 3], [2, 3], [1, 1], [1, 2], [2, 2], [3, 3]],1223,903,1147,1012
437302,3,67,83,[6, 5, 3, 11, 2, 1],[[1, 3], [2, 3], [1, 1], [1, 2], [2, 2], [3, 3]],1228,905,1147,1012
437358,3,67,83,[6, 5, 3, 11, 2, 1],[[1, 3], [2, 3], [1, 1], [1, 2], [2, 2], [3, 3]],1237,905,1147,1012
437401,3,67,83,[6, 5, 3, 11, 2, 1],[[1, 3], [2, 3], [1, 1], [1, 2], [2, 2], [3, 3]],1235,919,1147,1012
437466,3,67,83,[6, 5, 3, 11, 2, 1],[[1, 3], [2, 3], [1, 1], [1, 2], [2, 2], [3, 3]],1280,898,1147,1012
437524,3,67,83,[6, 5, 3, 11, 2, 1],[[1, 3], [2, 3], [1, 1], [1, 2], [2, 2], [3, 3]],1281,892,1147,1012
437588,3,67,83,[6, 5, 3, 11, 2, 1],[[1, 3], [2, 3], [1, 1], [1, 2], [2, 2], [3, 3]],1247,900,1147,1012
437641,3,67,83,[6, 5, 3, 11, 2, 1],[[1, 3], [2, 3], [1, 1], [1, 2], [2, 2], [3, 3]],1258,904,1147,1012
437700,3,67,83,[6, 5, 3, 11, 2, 1],[[1, 3], [2, 3], [1, 1], [1, 2], [2, 2], [3, 3]],1252,916,1147,1012
437768,3,67,83,[6, 5, 3, 11, 2, 1],[[1, 3], [2, 3], [1, 1], [1, 2], [2, 2], [3, 3]],1239,914,1147,1012
437832,3,67,83,[6, 5, 3, 11, 2, 1],[[1, 3], [2, 3], [1, 1], [1, 2], [2, 2], [3, 3]],1216,893,1147,1012
437886,3,67,83,[6, 5, 3, 11, 2, 1],[[1, 3], [2, 3], [1, 1], [1, 2], [2, 2], [3, 3]],1205,887,1147,1012
437949,3,67,83,[6, 5, 3, 11, 2, 1],[[1, 3], [2, 3], [1, 1], [1, 2], [2, 2], [3, 3]],1190,903,1147,1012
438007,3,67,83,[6, 5, 3, 11, 2, 1],[[1, 3], [2, 3], [1, 1], [1, 2], [2, 2], [3, 3]],1190,892,1147,1012
438066,3,68,24,[10, 4, 3, 11, 2, 1],[[1, 1], [2, 1], [3, 2], [3, 3], [1, 2], [2, 3]],1162,887,1147,1012
438130,3,68,24,[10, 4, 3, 11, 2, 1],[[1, 1], [2, 1], [3, 2], [3, 3], [1, 2], [2, 3]],1163,882,1147,1012
438193,3,68,24,[10, 4, 3, 11, 2, 1],[[1, 1], [2, 1], [3, 2], [3, 3], [1, 2], [2, 3]],1150,894,1147,1012
438246,3,68,24,[10, 4, 3, 11, 2, 1],[[1, 1], [2, 1], [3, 2], [3, 3], [1, 2], [2, 3]],1172,892,1147,1012
438300,3,68,24,[10, 4, 3, 11, 2, 1],[[1, 1], [2, 1], [3, 2], [3, 3], [1, 2], [2, 3]],1151,897,1147,1012
438348,3,68,24,[10, 4, 3, 11, 2, 1],[[1, 1], [2, 1], [3, 2], [3, 3], [1, 2], [2, 3]],1127,889,1147,1012
438417,3,68,24,[10, 4, 3, 11, 2, 1],[[1, 1], [2, 1], [3, 2], [3, 3], [1, 2], [2, 3]],1131,897,1147,1012
438462,3,68,24,[10, 4, 3, 11, 2, 1],[[1, 1], [2, 1], [3, 2], [3, 3], [1, 2], [2, 3]],1109,916,1147,1012
438508,3,68,24,[10, 4, 3, 11, 2, 1],[[1, 1], [2, 1], [3, 2], [3, 3], [1, 2], [2, 3]],1105,910,1147,1012
438582,3,68,24,[10, 4, 3, 11, 2, 1],[[1, 1], [2, 1], [3, 2], [3, 3], [1, 2], [2, 3]],1121,853,1147,1012
438642,3,68,24,[10, 4, 3, 11, 2, 1],[[1, 1], [2, 1], [3, 2], [3, 3], [1, 2], [2, 3]],1117,850,1147,1012
438698,3,68,24,[10, 4, 3, 11, 2, 1],[[1, 1], [2, 1], [3, 2], [3, 3], [1, 2], [2, 3]],1131,859,1147,1012
438752,3,68,24,[10, 4, 3, 11, 2, 1],[[1, 1], [2, 1], [3, 2], [3, 3], [1, 2], [2, 3]],1126,885,1134,992
438819,3,68,24,[10, 4, 3, 11, 2, 1],[[1, 1], [2, 1], [3, 2], [3, 3], [1, 2], [2, 3]],1100,897,1102,947
438874,3,68,24,[10, 4, 3, 11, 2, 1],[[1, 1], [2, 1], [3, 2], [3, 3], [1, 2], [2, 3]],1091,914,1086,923
438917,3,68,24,[10, 4, 3, 11, 2, 1],[[1, 1], [2, 1], [3, 2], [3, 3], [1, 2], [2, 3]],1087,921,1063,899
438973,3,68,24,[10, 4, 3, 11, 2, 1],[[1, 1], [2, 1], [3, 2], [3, 3], [1, 2], [2, 3]],1035,941,1036,855
439028,3,68,24,[10, 4, 3, 11, 2, 1],[[1, 1], [2, 1], [3, 2], [3, 3], [1, 2], [2, 3]],1030,908,1033,847
439096,3,68,24,[10, 4, 3, 11, 2, 1],[[1, 1], [2, 1], [3, 2], [3, 3], [1, 2], [2, 3]],1011,924,1033,847
439151,3,68,24,[10, 4, 3, 11, 2, 1],[[1, 1], [2, 1], [3, 2], [3, 3], [1, 2], [2, 3]],1000,923,1039,853
439219,3,68,24,[10, 4, 3, 11, 2, 1],[[1, 1], [2, 1], [3, 2], [3, 3], [1, 2], [2, 3]],1005,911,1073,887
439272,3,68,24,[10, 4, 3, 11, 2, 1],[[1, 1], [2, 1], [3, 2], [3, 3], [1, 2], [2, 3]],1017,911,1089,904
439342,3,68,24,[10, 4, 3, 11, 2, 1],[[1, 1], [2, 1], [3, 2], [3, 3], [1, 2], [2, 3]],1002,920,1090,905
439396,3,68,24,[10, 4, 3, 11, 2, 1],[[1, 1], [2, 1], [3, 2], [3, 3], [1, 2], [2, 3]],981,899,1090,905
439444,3,68,24,[10, 4, 3, 11, 2, 1],[[1, 1], [2, 1], [3, 2], [3, 3], [1, 2], [2, 3]],980,905,1090,904
439513,3,68,24,[10, 4, 3, 11, 2, 1],[[1, 1], [2, 1], [3, 2], [3, 3], [1, 2], [2, 3]],983,880,1069,890
439578,3,68,24,[10, 4, 3, 11, 2, 1],[[1, 1], [2, 1], [3, 2], [3, 3], [1, 2], [2, 3]],976,890,1022,883
439637,3,68,24,[10, 4, 3, 11, 2, 1],[[1, 1], [2, 1], [3, 2], [3, 3], [1, 2], [2, 3]],964,903,1005,891
439689,3,68,24,[10, 4, 3, 11, 2, 1],[[1, 1], [2, 1], [3, 2], [3, 3], [1, 2], [2, 3]],982,932,1002,897
439748,3,68,24,[10, 4, 3, 11, 2, 1],[[1, 1], [2, 1], [3, 2], [3, 3], [1, 2], [2, 3]],998,920,1002,907
439817,3,68,24,[10, 4, 3, 11, 2, 1],[[1, 1], [2, 1], [3, 2], [3, 3], [1, 2], [2, 3]],991,919,1023,915
439889,3,68,24,[10, 4, 3, 11, 2, 1],[[1, 1], [2, 1], [3, 2], [3, 3], [1, 2], [2, 3]],1021,912,1061,912
439953,3,68,24,[10, 4, 3, 11, 2, 1],[[1, 1], [2, 1], [3, 2], [3, 3], [1, 2], [2, 3]],1038,927,1087,895
440017,3,68,24,[10, 4, 3, 11, 2, 1],[[1, 1], [2, 1], [3, 2], [3, 3], [1, 2], [2, 3]],1030,947,1090,892
440080,3,68,24,[10, 4, 3, 11, 2, 1],[[1, 1], [2, 1], [3, 2], [3, 3], [1, 2], [2, 3]],1004,966,1090,892
440143,3,68,24,[10, 4, 3, 11, 2, 1],[[1, 1], [2, 1], [3, 2], [3, 3], [1, 2], [2, 3]],1008,953,1090,892
440218,3,68,24,[10, 4, 3, 11, 2, 1],[[1, 1], [2, 1], [3, 2], [3, 3], [1, 2], [2, 3]],1044,978,1090,892
440290,3,68,24,[10, 4, 3, 11, 2, 1],[[1, 1], [2, 1], [3, 2], [3, 3], [1, 2], [2, 3]],1027,984,1090,892
440346,3,68,24,[10, 4, 3, 11, 2, 1],[[1, 1], [2, 1], [3, 2], [3, 3], [1, 2], [2, 3]],1033,980,1090,892
440395,3,68,24,[10, 4, 3, 11, 2, 1],[[1, 1], [2, 1], [3, 2], [3, 3], [1, 2], [2, 3]],1036,998,1090,892
440486,3,68,24,[10, 4, 3, 11, 2, 1],[[1, 1], [2, 1], [3, 2], [3, 3], [1, 2], [2, 3]],1018,1017,1090,892
440553,3,68,24,[10, 4, 3, 11, 2, 1],[[1, 1], [2, 1], [3, 2], [3, 3], [1, 2], [2, 3]],1020,992,1090,892
440612,3,68,24,[10, 4, 3, 11, 2, 1],[[1, 1], [2, 1], [3, 2], [3, 3], [1, 2], [2, 3]],1018,998,1090,892
440680,3,68,24,[10, 4, 3, 11, 2, 1],[[1, 1], [2, 1], [3, 2], [3, 3], [1, 2], [2, 3]],1016,984,1090,892
440731,3,68,24,[10, 4, 3, 11, 2, 1],[[1, 1], [2, 1], [3, 2], [3, 3], [1, 2], [2, 3]],1022,982,1090,892
440822,3,68,24,[10, 4, 3, 11, 2, 1],[[1, 1], [2, 1], [3, 2], [3, 3], [1, 2], [2, 3]],1023,954,1090,892
440876,3,68,24,[10, 4, 3, 11, 2, 1],[[1, 1], [2, 1], [3, 2], [3, 3], [1, 2], [2, 3]],1037,934,1090,892
440927,3,68,24,[10, 4, 3, 11, 2, 1],[[1, 1], [2, 1], [3, 2], [3, 3], [1, 2], [2, 3]],1019,939,1090,892
440971,3,68,24,[10, 4, 3, 11, 2, 1],[[1, 1], [2, 1], [3, 2], [3, 3], [1, 2], [2, 3]],1011,926,1073,902
441039,3,68,24,[10, 4, 3, 11, 2, 1],[[1, 1], [2, 1], [3, 2], [3, 3], [1, 2], [2, 3]],1046,949,1051,924
441095,3,68,24,[10, 4, 3, 11, 2, 1],[[1, 1], [2, 1], [3, 2], [3, 3], [1, 2], [2, 3]],1050,937,1031,961
441137,3,68,24,[10, 4, 3, 11, 2, 1],[[1, 1], [2, 1], [3, 2], [3, 3], [1, 2], [2, 3]],1036,939,1023,980
441204,3,68,24,[10, 4, 3, 11, 2, 1],[[1, 1], [2, 1], [3, 2], [3, 3], [1, 2], [2, 3]],1018,971,1022,995
441260,3,68,24,[10, 4, 3, 11, 2, 1],[[1, 1], [2, 1], [3, 2], [3, 3], [1, 2], [2, 3]],1028,961,1022,995
441320,3,68,24,[10, 4, 3, 11, 2, 1],[[1, 1], [2, 1], [3, 2], [3, 3], [1, 2], [2, 3]],1009,952,1035,989
441389,3,68,24,[10, 4, 3, 11, 2, 1],[[1, 1], [2, 1], [3, 2], [3, 3], [1, 2], [2, 3]],1022,967,1050,980
441442,3,68,24,[10, 4, 3, 11, 2, 1],[[1, 1], [2, 1], [3, 2], [3, 3], [1, 2], [2, 3]],1005,957,1050,979
441505,3,68,24,[10, 4, 3, 11, 2, 1],[[1, 1], [2, 1], [3, 2], [3, 3], [1, 2], [2, 3]],1027,954,1050,979
441566,3,68,24,[10, 4, 3, 11, 2, 1],[[1, 1], [2, 1], [3, 2], [3, 3], [1, 2], [2, 3]],1008,938,1050,979
441643,3,68,24,[10, 4, 3, 11, 2, 1],[[1, 1], [2, 1], [3, 2], [3, 3], [1, 2], [2, 3]],1026,938,1050,979
441704,3,68,24,[10, 4, 3, 11, 2, 1],[[1, 1], [2, 1], [3, 2], [3, 3], [1, 2], [2, 3]],1030,934,1050,979
441761,3,68,24,[10, 4, 3, 11, 2, 1],[[1, 1], [2, 1], [3, 2], [3, 3], [1, 2], [2, 3]],1013,949,1050,979
441829,3,68,24,[10, 4, 3, 11, 2, 1],[[1, 1], [2, 1], [3, 2], [3, 3], [1, 2], [2, 3]],1035,958,1050,979
441884,3,68,24,[10, 4, 3, 11, 2, 1],[[1, 1], [2, 1], [3, 2], [3, 3], [1, 2], [2, 3]],1011,960,1050,979
441942,3,68,24,[10, 4, 3, 11, 2, 1],[[1, 1], [2, 1], [3, 2], [3, 3], [1, 2], [2, 3]],1019,984,1050,979
442016,3,68,24,[10, 4, 3, 11, 2, 1],[[1, 1], [2, 1], [3, 2], [3, 3], [1, 2], [2, 3]],1012,956,1050,979
442056,3,68,24,[10, 4, 3, 11, 2, 1],[[1, 1], [2, 1], [3, 2], [3, 3], [1, 2], [2, 3]],1007,968,1049,958
442116,3,69,75,[6, 5, 3, 11, 7, 9],[[1, 3], [2, 3], [1, 1], [1, 2], [2, 2], [3, 1]],1010,943,1047,956
442186,3,69,75,[6, 5, 3, 11, 7, 9],[[1, 3], [2, 3], [1, 1], [1, 2], [2, 2], [3, 1]],993,934,1040,959
442244,3,69,75,[6, 5, 3, 11, 7, 9],[[1, 3], [2, 3], [1, 1], [1, 2], [2, 2], [3, 1]],999,945,1035,963
442292,3,69,75,[6, 5, 3, 11, 7, 9],[[1, 3], [2, 3], [1, 1], [1, 2], [2, 2], [3, 1]],997,916,1032,970
442342,3,69,75,[6, 5, 3, 11, 7, 9],[[1, 3], [2, 3], [1, 1], [1, 2], [2, 2], [3, 1]],1009,926,1032,971
442395,3,69,75,[6, 5, 3, 11, 7, 9],[[1, 3], [2, 3], [1, 1], [1, 2], [2, 2], [3, 1]],1042,935,1032,971
442460,3,69,75,[6, 5, 3, 11, 7, 9],[[1, 3], [2, 3], [1, 1], [1, 2], [2, 2], [3, 1]],1052,924,1046,965
442520,3,69,75,[6, 5, 3, 11, 7, 9],[[1, 3], [2, 3], [1, 1], [1, 2], [2, 2], [3, 1]],1046,919,1056,956
442593,3,69,75,[6, 5, 3, 11, 7, 9],[[1, 3], [2, 3], [1, 1], [1, 2], [2, 2], [3, 1]],1035,898,1056,955
442656,3,69,75,[6, 5, 3, 11, 7, 9],[[1, 3], [2, 3], [1, 1], [1, 2], [2, 2], [3, 1]],1058,899,1019,973
442716,3,69,75,[6, 5, 3, 11, 7, 9],[[1, 3], [2, 3], [1, 1], [1, 2], [2, 2], [3, 1]],1078,911,1001,994
442786,3,69,75,[6, 5, 3, 11, 7, 9],[[1, 3], [2, 3], [1, 1], [1, 2], [2, 2], [3, 1]],1069,912,1003,996
442848,3,69,75,[6, 5, 3, 11, 7, 9],[[1, 3], [2, 3], [1, 1], [1, 2], [2, 2], [3, 1]],1054,920,1083,952
442921,3,69,75,[6, 5, 3, 11, 7, 9],[[1, 3], [2, 3], [1, 1], [1, 2], [2, 2], [3, 1]],1039,898,1104,898
442992,3,69,75,[6, 5, 3, 11, 7, 9],[[1, 3], [2, 3], [1, 1], [1, 2], [2, 2], [3, 1]],1029,850,1083,877
443038,3,69,75,[6, 5, 3, 11, 7, 9],[[1, 3], [2, 3], [1, 1], [1, 2], [2, 2], [3, 1]],1013,842,1060,890
443112,3,69,75,[6, 5, 3, 11, 7, 9],[[1, 3], [2, 3], [1, 1], [1, 2], [2, 2], [3, 1]],1018,863,1051,913
443180,3,69,75,[6, 5, 3, 11, 7, 9],[[1, 3], [2, 3], [1, 1], [1, 2], [2, 2], [3, 1]],1006,845,1060,932
443222,3,69,75,[6, 5, 3, 11, 7, 9],[[1, 3], [2, 3], [1, 1], [1, 2], [2, 2], [3, 1]],1010,857,1078,941
443276,3,69,75,[6, 5, 3, 11, 7, 9],[[1, 3], [2, 3], [1, 1], [1, 2], [2, 2], [3, 1]],1018,853,1109,939
443353,3,69,75,[6, 5, 3, 11, 7, 9],[[1, 3], [2, 3], [1, 1], [1, 2], [2, 2], [3, 1]],1012,871,1149,895
443405,3,69,75,[6, 5, 3, 11, 7, 9],[[1, 3], [2, 3], [1, 1], [1, 2], [2, 2], [3, 1]],1007,878,1151,841
443453,3,69,75,[6, 5, 3, 11, 7, 9],[[1, 3], [2, 3], [1, 1], [1, 2], [2, 2], [3, 1]],996,827,1140,831
443497,3,69,75,[6, 5, 3, 11, 7, 9],[[1, 3], [2, 3], [1, 1], [1, 2], [2, 2], [3, 1]],990,825,1122,825
443570,3,69,75,[6, 5, 3, 11, 7, 9],[[1, 3], [2, 3], [1, 1], [1, 2], [2, 2], [3, 1]],970,807,1081,837
443606,3,69,75,[6, 5, 3, 11, 7, 9],[[1, 3], [2, 3], [1, 1], [1, 2], [2, 2], [3, 1]],982,794,1074,843
443671,3,69,75,[6, 5, 3, 11, 7, 9],[[1, 3], [2, 3], [1, 1], [1, 2], [2, 2], [3, 1]],973,789,1065,854
443722,3,69,75,[6, 5, 3, 11, 7, 9],[[1, 3], [2, 3], [1, 1], [1, 2], [2, 2], [3, 1]],975,825,1062,863
443762,3,69,75,[6, 5, 3, 11, 7, 9],[[1, 3], [2, 3], [1, 1], [1, 2], [2, 2], [3, 1]],970,844,1061,869
443809,3,69,75,[6, 5, 3, 11, 7, 9],[[1, 3], [2, 3], [1, 1], [1, 2], [2, 2], [3, 1]],975,848,1060,872
443859,3,69,75,[6, 5, 3, 11, 7, 9],[[1, 3], [2, 3], [1, 1], [1, 2], [2, 2], [3, 1]],979,855,1060,872
443909,3,69,75,[6, 5, 3, 11, 7, 9],[[1, 3], [2, 3], [1, 1], [1, 2], [2, 2], [3, 1]],972,874,1050,862
443963,3,69,75,[6, 5, 3, 11, 7, 9],[[1, 3], [2, 3], [1, 1], [1, 2], [2, 2], [3, 1]],993,854,981,740
444010,3,69,75,[6, 5, 3, 11, 7, 9],[[1, 3], [2, 3], [1, 1], [1, 2], [2, 2], [3, 1]],983,863,943,700
444051,3,69,75,[6, 5, 3, 11, 7, 9],[[1, 3], [2, 3], [1, 1], [1, 2], [2, 2], [3, 1]],997,844,939,698
444106,3,69,75,[6, 5, 3, 11, 7, 9],[[1, 3], [2, 3], [1, 1], [1, 2], [2, 2], [3, 1]],1025,833,927,704
444174,3,69,75,[6, 5, 3, 11, 7, 9],[[1, 3], [2, 3], [1, 1], [1, 2], [2, 2], [3, 1]],999,840,904,735
444221,3,69,75,[6, 5, 3, 11, 7, 9],[[1, 3], [2, 3], [1, 1], [1, 2], [2, 2], [3, 1]],999,846,901,781
444274,3,69,75,[6, 5, 3, 11, 7, 9],[[1, 3], [2, 3], [1, 1], [1, 2], [2, 2], [3, 1]],1021,862,918,820
444346,3,69,75,[6, 5, 3, 11, 7, 9],[[1, 3], [2, 3], [1, 1], [1, 2], [2, 2], [3, 1]],1045,878,964,867
444413,3,69,75,[6, 5, 3, 11, 7, 9],[[1, 3], [2, 3], [1, 1], [1, 2], [2, 2], [3, 1]],1079,894,1009,872
444490,3,69,75,[6, 5, 3, 11, 7, 9],[[1, 3], [2, 3], [1, 1], [1, 2], [2, 2], [3, 1]],1103,895,1028,865
444568,3,69,75,[6, 5, 3, 11, 7, 9],[[1, 3], [2, 3], [1, 1], [1, 2], [2, 2], [3, 1]],1108,918,1028,856
444647,3,69,75,[6, 5, 3, 11, 7, 9],[[1, 3], [2, 3], [1, 1], [1, 2], [2, 2], [3, 1]],1096,951,1028,856
444702,3,69,75,[6, 5, 3, 11, 7, 9],[[1, 3], [2, 3], [1, 1], [1, 2], [2, 2], [3, 1]],1087,945,1028,856
444783,3,69,75,[6, 5, 3, 11, 7, 9],[[1, 3], [2, 3], [1, 1], [1, 2], [2, 2], [3, 1]],1068,948,1024,868
444851,3,69,75,[6, 5, 3, 11, 7, 9],[[1, 3], [2, 3], [1, 1], [1, 2], [2, 2], [3, 1]],1057,972,1027,888
444909,3,69,75,[6, 5, 3, 11, 7, 9],[[1, 3], [2, 3], [1, 1], [1, 2], [2, 2], [3, 1]],1030,974,1034,899
444968,3,69,75,[6, 5, 3, 11, 7, 9],[[1, 3], [2, 3], [1, 1], [1, 2], [2, 2], [3, 1]],1030,978,1050,901
445046,3,69,75,[6, 5, 3, 11, 7, 9],[[1, 3], [2, 3], [1, 1], [1, 2], [2, 2], [3, 1]],1030,970,1085,883
445117,3,69,75,[6, 5, 3, 11, 7, 9],[[1, 3], [2, 3], [1, 1], [1, 2], [2, 2], [3, 1]],1017,977,1095,860
445165,3,69,75,[6, 5, 3, 11, 7, 9],[[1, 3], [2, 3], [1, 1], [1, 2], [2, 2], [3, 1]],1052,980,1088,856
445224,3,69,75,[6, 5, 3, 11, 7, 9],[[1, 3], [2, 3], [1, 1], [1, 2], [2, 2], [3, 1]],1045,978,1050,855
445301,3,69,75,[6, 5, 3, 11, 7, 9],[[1, 3], [2, 3], [1, 1], [1, 2], [2, 2], [3, 1]],1026,986,993,873
445347,3,69,75,[6, 5, 3, 11, 7, 9],[[1, 3], [2, 3], [1, 1], [1, 2], [2, 2], [3, 1]],1050,990,978,888
445396,3,69,75,[6, 5, 3, 11, 7, 9],[[1, 3], [2, 3], [1, 1], [1, 2], [2, 2], [3, 1]],1063,989,977,896
445460,3,69,75,[6, 5, 3, 11, 7, 9],[[1, 3], [2, 3], [1, 1], [1, 2], [2, 2], [3, 1]],1083,983,977,899
445511,3,69,75,[6, 5, 3, 11, 7, 9],[[1, 3], [2, 3], [1, 1], [1, 2], [2, 2], [3, 1]],1092,960,977,899
445577,3,69,75,[6, 5, 3, 11, 7, 9],[[1, 3], [2, 3], [1, 1], [1, 2], [2, 2], [3, 1]],1072,952,998,896
445628,3,69,75,[6, 5, 3, 11, 7, 9],[[1, 3], [2, 3], [1, 1], [1, 2], [2, 2], [3, 1]],1055,957,1053,873
445674,3,69,75,[6, 5, 3, 11, 7, 9],[[1, 3], [2, 3], [1, 1], [1, 2], [2, 2], [3, 1]],1012,944,1066,858
445744,3,69,75,[6, 5, 3, 11, 7, 9],[[1, 3], [2, 3], [1, 1], [1, 2], [2, 2], [3, 1]],997,924,1067,853
445792,3,69,75,[6, 5, 3, 11, 7, 9],[[1, 3], [2, 3], [1, 1], [1, 2], [2, 2], [3, 1]],1023,922,1067,853
445845,3,69,75,[6, 5, 3, 11, 7, 9],[[1, 3], [2, 3], [1, 1], [1, 2], [2, 2], [3, 1]],993,921,1042,884
445895,3,69,75,[6, 5, 3, 11, 7, 9],[[1, 3], [2, 3], [1, 1], [1, 2], [2, 2], [3, 1]],982,923,1035,899
445936,3,69,75,[6, 5, 3, 11, 7, 9],[[1, 3], [2, 3], [1, 1], [1, 2], [2, 2], [3, 1]],966,930,1035,904
445999,3,69,75,[6, 5, 3, 11, 7, 9],[[1, 3], [2, 3], [1, 1], [1, 2], [2, 2], [3, 1]],980,958,1037,907
446045,3,69,75,[6, 5, 3, 11, 7, 9],[[1, 3], [2, 3], [1, 1], [1, 2], [2, 2], [3, 1]],981,965,1037,907
446105,3,69,75,[6, 5, 3, 11, 7, 9],[[1, 3], [2, 3], [1, 1], [1, 2], [2, 2], [3, 1]],970,963,1037,907
446146,3,70,5,[6, 5, 8, 12, 7, 9],[[1, 1], [2, 1], [1, 2], [1, 3], [2, 2], [3, 1]],969,976,1037,907
446202,3,70,5,[6, 5, 8, 12, 7, 9],[[1, 1], [2, 1], [1, 2], [1, 3], [2, 2], [3, 1]],968,956,1007,920
446259,3,70,5,[6, 5, 8, 12, 7, 9],[[1, 1], [2, 1], [1, 2], [1, 3], [2, 2], [3, 1]],977,964,954,938
446312,3,70,5,[6, 5, 8, 12, 7, 9],[[1, 1], [2, 1], [1, 2], [1, 3], [2, 2], [3, 1]],979,970,954,939
446347,3,70,5,[6, 5, 8, 12, 7, 9],[[1, 1], [2, 1], [1, 2], [1, 3], [2, 2], [3, 1]],976,942,954,939
446416,3,70,5,[6, 5, 8, 12, 7, 9],[[1, 1], [2, 1], [1, 2], [1, 3], [2, 2], [3, 1]],979,942,954,939
446465,3,70,5,[6, 5, 8, 12, 7, 9],[[1, 1], [2, 1], [1, 2], [1, 3], [2, 2], [3, 1]],963,929,954,939
446519,3,70,5,[6, 5, 8, 12, 7, 9],[[1, 1], [2, 1], [1, 2], [1, 3], [2, 2], [3, 1]],950,940,954,939
446585,3,70,5,[6, 5, 8, 12, 7, 9],[[1, 1], [2, 1], [1, 2], [1, 3], [2, 2], [3, 1]],938,933,954,939
446677,3,70,5,[6, 5, 8, 12, 7, 9],[[1, 1], [2, 1], [1, 2], [1, 3], [2, 2], [3, 1]],931,935,954,939
446723,3,70,5,[6, 5, 8, 12, 7, 9],[[1, 1], [2, 1], [1, 2], [1, 3], [2, 2], [3, 1]],907,914,954,939
446793,3,70,5,[6, 5, 8, 12, 7, 9],[[1, 1], [2, 1], [1, 2], [1, 3], [2, 2], [3, 1]],902,912,954,939
446848,3,70,5,[6, 5, 8, 12, 7, 9],[[1, 1], [2, 1], [1, 2], [1, 3], [2, 2], [3, 1]],896,906,995,930
446916,3,70,5,[6, 5, 8, 12, 7, 9],[[1, 1], [2, 1], [1, 2], [1, 3], [2, 2], [3, 1]],893,909,1036,898
446993,3,70,5,[6, 5, 8, 12, 7, 9],[[1, 1], [2, 1], [1, 2], [1, 3], [2, 2], [3, 1]],886,919,1038,891
447062,3,70,5,[6, 5, 8, 12, 7, 9],[[1, 1], [2, 1], [1, 2], [1, 3], [2, 2], [3, 1]],881,901,1038,891
447125,3,70,5,[6, 5, 8, 12, 7, 9],[[1, 1], [2, 1], [1, 2], [1, 3], [2, 2], [3, 1]],855,889,1016,888
447190,3,70,5,[6, 5, 8, 12, 7, 9],[[1, 1], [2, 1], [1, 2], [1, 3], [2, 2], [3, 1]],858,884,990,894
447269,3,70,5,[6, 5, 8, 12, 7, 9],[[1, 1], [2, 1], [1, 2], [1, 3], [2, 2], [3, 1]],860,884,969,907
447325,3,70,5,[6, 5, 8, 12, 7, 9],[[1, 1], [2, 1], [1, 2], [1, 3], [2, 2], [3, 1]],842,894,955,930
447394,3,70,5,[6, 5, 8, 12, 7, 9],[[1, 1], [2, 1], [1, 2], [1, 3], [2, 2], [3, 1]],810,903,953,941
447464,3,70,5,[6, 5, 8, 12, 7, 9],[[1, 1], [2, 1], [1, 2], [1, 3], [2, 2], [3, 1]],812,917,954,947
447542,3,70,5,[6, 5, 8, 12, 7, 9],[[1, 1], [2, 1], [1, 2], [1, 3], [2, 2], [3, 1]],835,908,954,926
447609,3,70,5,[6, 5, 8, 12, 7, 9],[[1, 1], [2, 1], [1, 2], [1, 3], [2, 2], [3, 1]],820,891,899,824
447659,3,70,5,[6, 5, 8, 12, 7, 9],[[1, 1], [2, 1], [1, 2], [1, 3], [2, 2], [3, 1]],817,905,890,819
447713,3,70,5,[6, 5, 8, 12, 7, 9],[[1, 1], [2, 1], [1, 2], [1, 3], [2, 2], [3, 1]],819,883,865,832
447771,3,70,5,[6, 5, 8, 12, 7, 9],[[1, 1], [2, 1], [1, 2], [1, 3], [2, 2], [3, 1]],806,900,846,843
447830,3,70,5,[6, 5, 8, 12, 7, 9],[[1, 1], [2, 1], [1, 2], [1, 3], [2, 2], [3, 1]],785,876,823,865
447901,3,70,5,[6, 5, 8, 12, 7, 9],[[1, 1], [2, 1], [1, 2], [1, 3], [2, 2], [3, 1]],812,863,821,894
447965,3,70,5,[6, 5, 8, 12, 7, 9],[[1, 1], [2, 1], [1, 2], [1, 3], [2, 2], [3, 1]],804,837,834,923
448022,3,70,5,[6, 5, 8, 12, 7, 9],[[1, 1], [2, 1], [1, 2], [1, 3], [2, 2], [3, 1]],787,826,860,937
448080,3,70,5,[6, 5, 8, 12, 7, 9],[[1, 1], [2, 1], [1, 2], [1, 3], [2, 2], [3, 1]],787,843,894,934
448143,3,70,5,[6, 5, 8, 12, 7, 9],[[1, 1], [2, 1], [1, 2], [1, 3], [2, 2], [3, 1]],805,853,911,896
448202,3,70,5,[6, 5, 8, 12, 7, 9],[[1, 1], [2, 1], [1, 2], [1, 3], [2, 2], [3, 1]],793,869,898,871
448261,3,70,5,[6, 5, 8, 12, 7, 9],[[1, 1], [2, 1], [1, 2], [1, 3], [2, 2], [3, 1]],785,874,876,869
448320,3,70,5,[6, 5, 8, 12, 7, 9],[[1, 1], [2, 1], [1, 2], [1, 3], [2, 2], [3, 1]],774,868,830,875
448363,3,70,5,[6, 5, 8, 12, 7, 9],[[1, 1], [2, 1], [1, 2], [1, 3], [2, 2], [3, 1]],803,862,805,887
448422,3,70,5,[6, 5, 8, 12, 7, 9],[[1, 1], [2, 1], [1, 2], [1, 3], [2, 2], [3, 1]],792,910,798,895
448466,3,70,5,[6, 5, 8, 12, 7, 9],[[1, 1], [2, 1], [1, 2], [1, 3], [2, 2], [3, 1]],776,887,796,902
448524,3,70,5,[6, 5, 8, 12, 7, 9],[[1, 1], [2, 1], [1, 2], [1, 3], [2, 2], [3, 1]],764,873,796,911
448566,3,70,5,[6, 5, 8, 12, 7, 9],[[1, 1], [2, 1], [1, 2], [1, 3], [2, 2], [3, 1]],743,867,796,911
448625,3,70,5,[6, 5, 8, 12, 7, 9],[[1, 1], [2, 1], [1, 2], [1, 3], [2, 2], [3, 1]],774,871,796,911
448667,3,70,5,[6, 5, 8, 12, 7, 9],[[1, 1], [2, 1], [1, 2], [1, 3], [2, 2], [3, 1]],765,863,797,911
448731,3,70,5,[6, 5, 8, 12, 7, 9],[[1, 1], [2, 1], [1, 2], [1, 3], [2, 2], [3, 1]],753,894,797,911
448782,3,70,5,[6, 5, 8, 12, 7, 9],[[1, 1], [2, 1], [1, 2], [1, 3], [2, 2], [3, 1]],755,905,797,911
448829,3,70,5,[6, 5, 8, 12, 7, 9],[[1, 1], [2, 1], [1, 2], [1, 3], [2, 2], [3, 1]],753,855,797,911
448885,3,70,5,[6, 5, 8, 12, 7, 9],[[1, 1], [2, 1], [1, 2], [1, 3], [2, 2], [3, 1]],727,885,797,911
448932,3,70,5,[6, 5, 8, 12, 7, 9],[[1, 1], [2, 1], [1, 2], [1, 3], [2, 2], [3, 1]],743,905,797,911
448988,3,70,5,[6, 5, 8, 12, 7, 9],[[1, 1], [2, 1], [1, 2], [1, 3], [2, 2], [3, 1]],728,867,797,911
449031,3,70,5,[6, 5, 8, 12, 7, 9],[[1, 1], [2, 1], [1, 2], [1, 3], [2, 2], [3, 1]],693,883,788,911
449090,3,70,5,[6, 5, 8, 12, 7, 9],[[1, 1], [2, 1], [1, 2], [1, 3], [2, 2], [3, 1]],673,878,759,906
449149,3,70,5,[6, 5, 8, 12, 7, 9],[[1, 1], [2, 1], [1, 2], [1, 3], [2, 2], [3, 1]],688,885,758,906
449207,3,70,5,[6, 5, 8, 12, 7, 9],[[1, 1], [2, 1], [1, 2], [1, 3], [2, 2], [3, 1]],654,881,758,906
449273,3,70,5,[6, 5, 8, 12, 7, 9],[[1, 1], [2, 1], [1, 2], [1, 3], [2, 2], [3, 1]],667,866,758,906
449317,3,70,5,[6, 5, 8, 12, 7, 9],[[1, 1], [2, 1], [1, 2], [1, 3], [2, 2], [3, 1]],681,854,758,906
449380,3,70,5,[6, 5, 8, 12, 7, 9],[[1, 1], [2, 1], [1, 2], [1, 3], [2, 2], [3, 1]],691,886,758,906
449451,3,70,5,[6, 5, 8, 12, 7, 9],[[1, 1], [2, 1], [1, 2], [1, 3], [2, 2], [3, 1]],680,893,758,906
449507,3,70,5,[6, 5, 8, 12, 7, 9],[[1, 1], [2, 1], [1, 2], [1, 3], [2, 2], [3, 1]],684,896,758,906
449593,3,70,5,[6, 5, 8, 12, 7, 9],[[1, 1], [2, 1], [1, 2], [1, 3], [2, 2], [3, 1]],677,895,758,906
449667,3,70,5,[6, 5, 8, 12, 7, 9],[[1, 1], [2, 1], [1, 2], [1, 3], [2, 2], [3, 1]],677,872,758,906
449731,3,70,5,[6, 5, 8, 12, 7, 9],[[1, 1], [2, 1], [1, 2], [1, 3], [2, 2], [3, 1]],674,883,758,906
449801,3,70,5,[6, 5, 8, 12, 7, 9],[[1, 1], [2, 1], [1, 2], [1, 3], [2, 2], [3, 1]],684,869,758,906
449848,3,70,5,[6, 5, 8, 12, 7, 9],[[1, 1], [2, 1], [1, 2], [1, 3], [2, 2], [3, 1]],683,859,758,906
449916,3,70,5,[6, 5, 8, 12, 7, 9],[[1, 1], [2, 1], [1, 2], [1, 3], [2, 2], [3, 1]],660,854,758,906
449959,3,70,5,[6, 5, 8, 12, 7, 9],[[1, 1], [2, 1], [1, 2], [1, 3], [2, 2], [3, 1]],641,850,758,906
450017,3,70,5,[6, 5, 8, 12, 7, 9],[[1, 1], [2, 1], [1, 2], [1, 3], [2, 2], [3, 1]],631,866,758,906
450095,3,70,5,[6, 5, 8, 12, 7, 9],[[1, 1], [2, 1], [1, 2], [1, 3], [2, 2], [3, 1]],631,885,758,912
450180,3,71,79,[6, 5, 3, 11, 2, 1],[[1, 3], [2, 3], [1, 1], [1, 2], [2, 1], [3, 2]],596,878,759,921
450227,3,71,79,[6, 5, 3, 11, 2, 1],[[1, 3], [2, 3], [1, 1], [1, 2], [2, 1], [3, 2]],598,881,759,922
450298,3,71,79,[6, 5, 3, 11, 2, 1],[[1, 3], [2, 3], [1, 1], [1, 2], [2, 1], [3, 2]],597,884,776,922
450367,3,71,79,[6, 5, 3, 11, 2, 1],[[1, 3], [2, 3], [1, 1], [1, 2], [2, 1], [3, 2]],615,895,808,899
450420,3,71,79,[6, 5, 3, 11, 2, 1],[[1, 3], [2, 3], [1, 1], [1, 2], [2, 1], [3, 2]],609,897,801,876
450481,3,71,79,[6, 5, 3, 11, 2, 1],[[1, 3], [2, 3], [1, 1], [1, 2], [2, 1], [3, 2]],608,916,787,869
450561,3,71,79,[6, 5, 3, 11, 2, 1],[[1, 3], [2, 3], [1, 1], [1, 2], [2, 1], [3, 2]],647,898,704,862
450600,3,71,79,[6, 5, 3, 11, 2, 1],[[1, 3], [2, 3], [1, 1], [1, 2], [2, 1], [3, 2]],661,869,683,865
450651,3,71,79,[6, 5, 3, 11, 2, 1],[[1, 3], [2, 3], [1, 1], [1, 2], [2, 1], [3, 2]],657,898,667,879
450722,3,71,79,[6, 5, 3, 11, 2, 1],[[1, 3], [2, 3], [1, 1], [1, 2], [2, 1], [3, 2]],694,896,664,901
450784,3,71,79,[6, 5, 3, 11, 2, 1],[[1, 3], [2, 3], [1, 1], [1, 2], [2, 1], [3, 2]],667,914,665,904
450872,3,71,79,[6, 5, 3, 11, 2, 1],[[1, 3], [2, 3], [1, 1], [1, 2], [2, 1], [3, 2]],644,923,686,921
450960,3,71,79,[6, 5, 3, 11, 2, 1],[[1, 3], [2, 3], [1, 1], [1, 2], [2, 1], [3, 2]],632,914,700,929
451012,3,71,79,[6, 5, 3, 11, 2, 1],[[1, 3], [2, 3], [1, 1], [1, 2], [2, 1], [3, 2]],607,904,702,928
451088,3,71,79,[6, 5, 3, 11, 2, 1],[[1, 3], [2, 3], [1, 1], [1, 2], [2, 1], [3, 2]],599,909,721,893
451142,3,71,79,[6, 5, 3, 11, 2, 1],[[1, 3], [2, 3], [1, 1], [1, 2], [2, 1], [3, 2]],603,894,714,877
451204,3,71,79,[6, 5, 3, 11, 2, 1],[[1, 3], [2, 3], [1, 1], [1, 2], [2, 1], [3, 2]],593,886,701,876
451286,3,71,79,[6, 5, 3, 11, 2, 1],[[1, 3], [2, 3], [1, 1], [1, 2], [2, 1], [3, 2]],616,894,674,892
451346,3,71,79,[6, 5, 3, 11, 2, 1],[[1, 3], [2, 3], [1, 1], [1, 2], [2, 1], [3, 2]],627,896,668,898
451421,3,71,79,[6, 5, 3, 11, 2, 1],[[1, 3], [2, 3], [1, 1], [1, 2], [2, 1], [3, 2]],625,868,668,900
451505,3,71,79,[6, 5, 3, 11, 2, 1],[[1, 3], [2, 3], [1, 1], [1, 2], [2, 1], [3, 2]],624,862,668,900
451561,3,71,79,[6, 5, 3, 11, 2, 1],[[1, 3], [2, 3], [1, 1], [1, 2], [2, 1], [3, 2]],628,903,668,900
451639,3,71,79,[6, 5, 3, 11, 2, 1],[[1, 3], [2, 3], [1, 1], [1, 2], [2, 1], [3, 2]],631,880,668,900
451707,3,71,79,[6, 5, 3, 11, 2, 1],[[1, 3], [2, 3], [1, 1], [1, 2], [2, 1], [3, 2]],643,877,668,900
451766,3,71,79,[6, 5, 3, 11, 2, 1],[[1, 3], [2, 3], [1, 1], [1, 2], [2, 1], [3, 2]],650,865,668,900
451824,3,71,79,[6, 5, 3, 11, 2, 1],[[1, 3], [2, 3], [1, 1], [1, 2], [2, 1], [3, 2]],638,852,668,900
451886,3,71,79,[6, 5, 3, 11, 2, 1],[[1, 3], [2, 3], [1, 1], [1, 2], [2, 1], [3, 2]],637,864,668,900
451945,3,71,79,[6, 5, 3, 11, 2, 1],[[1, 3], [2, 3], [1, 1], [1, 2], [2, 1], [3, 2]],645,826,681,888
452006,3,71,79,[6, 5, 3, 11, 2, 1],[[1, 3], [2, 3], [1, 1], [1, 2], [2, 1], [3, 2]],662,822,685,886
452060,3,71,79,[6, 5, 3, 11, 2, 1],[[1, 3], [2, 3], [1, 1], [1, 2], [2, 1], [3, 2]],668,834,685,886
452124,3,71,79,[6, 5, 3, 11, 2, 1],[[1, 3], [2, 3], [1, 1], [1, 2], [2, 1], [3, 2]],650,802,685,886
452177,3,71,79,[6, 5, 3, 11, 2, 1],[[1, 3], [2, 3], [1, 1], [1, 2], [2, 1], [3, 2]],643,809,690,882
452230,3,71,79,[6, 5, 3, 11, 2, 1],[[1, 3], [2, 3], [1, 1], [1, 2], [2, 1], [3, 2]],635,826,690,881
452279,3,71,79,[6, 5, 3, 11, 2, 1],[[1, 3], [2, 3], [1, 1], [1, 2], [2, 1], [3, 2]],614,810,690,881
452343,3,71,79,[6, 5, 3, 11, 2, 1],[[1, 3], [2, 3], [1, 1], [1, 2], [2, 1], [3, 2]],620,808,690,881
452393,3,71,79,[6, 5, 3, 11, 2, 1],[[1, 3], [2, 3], [1, 1], [1, 2], [2, 1], [3, 2]],633,772,690,881
452429,3,71,79,[6, 5, 3, 11, 2, 1],[[1, 3], [2, 3], [1, 1], [1, 2], [2, 1], [3, 2]],650,791,690,881
452486,3,71,79,[6, 5, 3, 11, 2, 1],[[1, 3], [2, 3], [1, 1], [1, 2], [2, 1], [3, 2]],658,780,690,881
452545,3,71,79,[6, 5, 3, 11, 2, 1],[[1, 3], [2, 3], [1, 1], [1, 2], [2, 1], [3, 2]],674,801,690,881
452594,3,71,79,[6, 5, 3, 11, 2, 1],[[1, 3], [2, 3], [1, 1], [1, 2], [2, 1], [3, 2]],693,779,690,881
452647,3,71,79,[6, 5, 3, 11, 2, 1],[[1, 3], [2, 3], [1, 1], [1, 2], [2, 1], [3, 2]],690,752,692,881
452703,3,71,79,[6, 5, 3, 11, 2, 1],[[1, 3], [2, 3], [1, 1], [1, 2], [2, 1], [3, 2]],696,734,693,881
452767,3,71,79,[6, 5, 3, 11, 2, 1],[[1, 3], [2, 3], [1, 1], [1, 2], [2, 1], [3, 2]],684,715,693,881
452823,3,71,79,[6, 5, 3, 11, 2, 1],[[1, 3], [2, 3], [1, 1], [1, 2], [2, 1], [3, 2]],706,755,705,861
452889,3,71,79,[6, 5, 3, 11, 2, 1],[[1, 3], [2, 3], [1, 1], [1, 2], [2, 1], [3, 2]],700,757,715,845
452939,3,71,79,[6, 5, 3, 11, 2, 1],[[1, 3], [2, 3], [1, 1], [1, 2], [2, 1], [3, 2]],738,742,719,833
453008,3,71,79,[6, 5, 3, 11, 2, 1],[[1, 3], [2, 3], [1, 1], [1, 2], [2, 1], [3, 2]],718,732,722,819
453072,3,71,79,[6, 5, 3, 11, 2, 1],[[1, 3], [2, 3], [1, 1], [1, 2], [2, 1], [3, 2]],732,748,722,803
453151,3,71,79,[6, 5, 3, 11, 2, 1],[[1, 3], [2, 3], [1, 1], [1, 2], [2, 1], [3, 2]],749,746,722,803
453191,3,71,79,[6, 5, 3, 11, 2, 1],[[1, 3], [2, 3], [1, 1], [1, 2], [2, 1], [3, 2]],742,747,722,803
453240,3,71,79,[6, 5, 3, 11, 2, 1],[[1, 3], [2, 3], [1, 1], [1, 2], [2, 1], [3, 2]],748,778,722,803
453296,3,71,79,[6, 5, 3, 11, 2, 1],[[1, 3], [2, 3], [1, 1], [1, 2], [2, 1], [3, 2]],767,771,722,803
453337,3,71,79,[6, 5, 3, 11, 2, 1],[[1, 3], [2, 3], [1, 1], [1, 2], [2, 1], [3, 2]],775,759,722,803
453416,3,71,79,[6, 5, 3, 11, 2, 1],[[1, 3], [2, 3], [1, 1], [1, 2], [2, 1], [3, 2]],784,749,722,803
453495,3,71,79,[6, 5, 3, 11, 2, 1],[[1, 3], [2, 3], [1, 1], [1, 2], [2, 1], [3, 2]],742,756,722,803
453552,3,71,79,[6, 5, 3, 11, 2, 1],[[1, 3], [2, 3], [1, 1], [1, 2], [2, 1], [3, 2]],731,763,722,803
453635,3,71,79,[6, 5, 3, 11, 2, 1],[[1, 3], [2, 3], [1, 1], [1, 2], [2, 1], [3, 2]],745,744,722,803
453689,3,71,79,[6, 5, 3, 11, 2, 1],[[1, 3], [2, 3], [1, 1], [1, 2], [2, 1], [3, 2]],725,743,722,803
453738,3,71,79,[6, 5, 3, 11, 2, 1],[[1, 3], [2, 3], [1, 1], [1, 2], [2, 1], [3, 2]],723,753,722,803
453815,3,71,79,[6, 5, 3, 11, 2, 1],[[1, 3], [2, 3], [1, 1], [1, 2], [2, 1], [3, 2]],697,761,722,803
453881,3,71,79,[6, 5, 3, 11, 2, 1],[[1, 3], [2, 3], [1, 1], [1, 2], [2, 1], [3, 2]],687,759,722,803
453940,3,71,79,[6, 5, 3, 11, 2, 1],[[1, 3], [2, 3], [1, 1], [1, 2], [2, 1], [3, 2]],663,773,722,803
454013,3,71,79,[6, 5, 3, 11, 2, 1],[[1, 3], [2, 3], [1, 1], [1, 2], [2, 1], [3, 2]],674,765,722,803
454072,3,71,79,[6, 5, 3, 11, 2, 1],[[1, 3], [2, 3], [1, 1], [1, 2], [2, 1], [3, 2]],698,758,722,803
454121,3,71,79,[6, 5, 3, 11, 2, 1],[[1, 3], [2, 3], [1, 1], [1, 2], [2, 1], [3, 2]],728,753,722,803
454175,3,71,79,[6, 5, 3, 11, 2, 1],[[1, 3], [2, 3], [1, 1], [1, 2], [2, 1], [3, 2]],718,755,722,803
454244,3,72,125,[6, 5, 8, 12, 2, 1],[[2, 3], [3, 3], [1, 2], [1, 3], [2, 1], [3, 2]],701,779,722,803
467279,4,72,125,[6, 5, 8, 12, 2, 1],[[2, 3], [3, 3], [1, 2], [1, 3], [2, 1], [3, 2]],974,532,979,549
467328,4,72,125,[6, 5, 8, 12, 2, 1],[[2, 3], [3, 3], [1, 2], [1, 3], [2, 1], [3, 2]],986,537,979,549
467396,4,72,125,[6, 5, 8, 12, 2, 1],[[2, 3], [3, 3], [1, 2], [1, 3], [2, 1], [3, 2]],989,544,979,549
467459,4,72,125,[6, 5, 8, 12, 2, 1],[[2, 3], [3, 3], [1, 2], [1, 3], [2, 1], [3, 2]],1004,561,977,549
467519,4,72,125,[6, 5, 8, 12, 2, 1],[[2, 3], [3, 3], [1, 2], [1, 3], [2, 1], [3, 2]],1016,585,977,549
467605,4,72,125,[6, 5, 8, 12, 2, 1],[[2, 3], [3, 3], [1, 2], [1, 3], [2, 1], [3, 2]],1009,592,977,549
467668,4,72,125,[6, 5, 8, 12, 2, 1],[[2, 3], [3, 3], [1, 2], [1, 3], [2, 1], [3, 2]],1021,607,977,549
467728,4,72,125,[6, 5, 8, 12, 2, 1],[[2, 3], [3, 3], [1, 2], [1, 3], [2, 1], [3, 2]],1003,602,977,549
467792,4,72,125,[6, 5, 8, 12, 2, 1],[[2, 3], [3, 3], [1, 2], [1, 3], [2, 1], [3, 2]],1015,583,977,549
467848,4,72,125,[6, 5, 8, 12, 2, 1],[[2, 3], [3, 3], [1, 2], [1, 3], [2, 1], [3, 2]],1026,583,977,549
467897,4,72,125,[6, 5, 8, 12, 2, 1],[[2, 3], [3, 3], [1, 2], [1, 3], [2, 1], [3, 2]],1063,583,977,560
467962,4,72,125,[6, 5, 8, 12, 2, 1],[[2, 3], [3, 3], [1, 2], [1, 3], [2, 1], [3, 2]],1094,565,977,592
468019,4,72,125,[6, 5, 8, 12, 2, 1],[[2, 3], [3, 3], [1, 2], [1, 3], [2, 1], [3, 2]],1075,553,990,647
468072,4,72,125,[6, 5, 8, 12, 2, 1],[[2, 3], [3, 3], [1, 2], [1, 3], [2, 1], [3, 2]],1102,566,1009,695
468135,4,72,125,[6, 5, 8, 12, 2, 1],[[2, 3], [3, 3], [1, 2], [1, 3], [2, 1], [3, 2]],1098,579,1010,698
468190,4,72,125,[6, 5, 8, 12, 2, 1],[[2, 3], [3, 3], [1, 2], [1, 3], [2, 1], [3, 2]],1094,572,1015,702
468243,4,72,125,[6, 5, 8, 12, 2, 1],[[2, 3], [3, 3], [1, 2], [1, 3], [2, 1], [3, 2]],1093,544,1052,715
468292,4,73,63,[6, 5, 3, 11, 7, 9],[[2, 1], [3, 1], [1, 1], [1, 2], [2, 3], [3, 2]],1069,541,1065,707
468351,4,73,63,[6, 5, 3, 11, 7, 9],[[2, 1], [3, 1], [1, 1], [1, 2], [2, 3], [3, 2]],1048,521,1089,685
468412,4,73,63,[6, 5, 3, 11, 7, 9],[[2, 1], [3, 1], [1, 1], [1, 2], [2, 3], [3, 2]],1066,520,1099,675
468459,4,73,63,[6, 5, 3, 11, 7, 9],[[2, 1], [3, 1], [1, 1], [1, 2], [2, 3], [3, 2]],1084,544,1099,675
468540,4,73,63,[6, 5, 3, 11, 7, 9],[[2, 1], [3, 1], [1, 1], [1, 2], [2, 3], [3, 2]],1065,546,1099,675
468579,4,73,63,[6, 5, 3, 11, 7, 9],[[2, 1], [3, 1], [1, 1], [1, 2], [2, 3], [3, 2]],1057,537,1097,663
468631,4,73,63,[6, 5, 3, 11, 7, 9],[[2, 1], [3, 1], [1, 1], [1, 2], [2, 3], [3, 2]],1078,526,1094,646
468682,4,73,63,[6, 5, 3, 11, 7, 9],[[2, 1], [3, 1], [1, 1], [1, 2], [2, 3], [3, 2]],1086,539,1089,642
468771,4,73,63,[6, 5, 3, 11, 7, 9],[[2, 1], [3, 1], [1, 1], [1, 2], [2, 3], [3, 2]],1082,547,1069,636
468825,4,73,63,[6, 5, 3, 11, 7, 9],[[2, 1], [3, 1], [1, 1], [1, 2], [2, 3], [3, 2]],1098,549,1052,636
468888,4,73,63,[6, 5, 3, 11, 7, 9],[[2, 1], [3, 1], [1, 1], [1, 2], [2, 3], [3, 2]],1100,561,1052,636
468945,4,73,63,[6, 5, 3, 11, 7, 9],[[2, 1], [3, 1], [1, 1], [1, 2], [2, 3], [3, 2]],1103,563,1052,636
469017,4,73,63,[6, 5, 3, 11, 7, 9],[[2, 1], [3, 1], [1, 1], [1, 2], [2, 3], [3, 2]],1125,571,1067,632
469083,4,73,63,[6, 5, 3, 11, 7, 9],[[2, 1], [3, 1], [1, 1], [1, 2], [2, 3], [3, 2]],1116,556,1091,621
469154,4,73,63,[6, 5, 3, 11, 7, 9],[[2, 1], [3, 1], [1, 1], [1, 2], [2, 3], [3, 2]],1125,526,1091,621
469239,4,73,63,[6, 5, 3, 11, 7, 9],[[2, 1], [3, 1], [1, 1], [1, 2], [2, 3], [3, 2]],1145,519,1094,610
469301,4,73,63,[6, 5, 3, 11, 7, 9],[[2, 1], [3, 1], [1, 1], [1, 2], [2, 3], [3, 2]],1142,520,1095,603
469388,4,73,63,[6, 5, 3, 11, 7, 9],[[2, 1], [3, 1], [1, 1], [1, 2], [2, 3], [3, 2]],1144,542,1108,597
469443,4,73,63,[6, 5, 3, 11, 7, 9],[[2, 1], [3, 1], [1, 1], [1, 2], [2, 3], [3, 2]],1104,525,1164,593
469507,4,73,63,[6, 5, 3, 11, 7, 9],[[2, 1], [3, 1], [1, 1], [1, 2], [2, 3], [3, 2]],1114,506,1226,596
469562,4,73,63,[6, 5, 3, 11, 7, 9],[[2, 1], [3, 1], [1, 1], [1, 2], [2, 3], [3, 2]],1098,512,1217,596
469614,4,73,63,[6, 5, 3, 11, 7, 9],[[2, 1], [3, 1], [1, 1], [1, 2], [2, 3], [3, 2]],1106,506,1203,595
469671,4,73,63,[6, 5, 3, 11, 7, 9],[[2, 1], [3, 1], [1, 1], [1, 2], [2, 3], [3, 2]],1114,479,1203,594
469739,4,73,63,[6, 5, 3, 11, 7, 9],[[2, 1], [3, 1], [1, 1], [1, 2], [2, 3], [3, 2]],1094,457,1202,594
469783,4,73,63,[6, 5, 3, 11, 7, 9],[[2, 1], [3, 1], [1, 1], [1, 2], [2, 3], [3, 2]],1076,441,1177,593
469834,4,73,63,[6, 5, 3, 11, 7, 9],[[2, 1], [3, 1], [1, 1], [1, 2], [2, 3], [3, 2]],1071,449,1167,593
469874,4,73,63,[6, 5, 3, 11, 7, 9],[[2, 1], [3, 1], [1, 1], [1, 2], [2, 3], [3, 2]],1042,455,1162,593
469921,4,73,63,[6, 5, 3, 11, 7, 9],[[2, 1], [3, 1], [1, 1], [1, 2], [2, 3], [3, 2]],1060,453,1162,593
469980,4,73,63,[6, 5, 3, 11, 7, 9],[[2, 1], [3, 1], [1, 1], [1, 2], [2, 3], [3, 2]],1051,454,1148,569
470018,4,73,63,[6, 5, 3, 11, 7, 9],[[2, 1], [3, 1], [1, 1], [1, 2], [2, 3], [3, 2]],1054,444,1133,536
470076,4,73,63,[6, 5, 3, 11, 7, 9],[[2, 1], [3, 1], [1, 1], [1, 2], [2, 3], [3, 2]],1048,440,1106,497
470135,4,73,63,[6, 5, 3, 11, 7, 9],[[2, 1], [3, 1], [1, 1], [1, 2], [2, 3], [3, 2]],1029,420,1085,486
470193,4,73,63,[6, 5, 3, 11, 7, 9],[[2, 1], [3, 1], [1, 1], [1, 2], [2, 3], [3, 2]],1030,400,1074,482
470246,4,73,63,[6, 5, 3, 11, 7, 9],[[2, 1], [3, 1], [1, 1], [1, 2], [2, 3], [3, 2]],995,372,1072,481
470295,4,73,63,[6, 5, 3, 11, 7, 9],[[2, 1], [3, 1], [1, 1], [1, 2], [2, 3], [3, 2]],1015,349,1072,481
470349,4,73,63,[6, 5, 3, 11, 7, 9],[[2, 1], [3, 1], [1, 1], [1, 2], [2, 3], [3, 2]],1021,358,1072,481
470402,4,73,63,[6, 5, 3, 11, 7, 9],[[2, 1], [3, 1], [1, 1], [1, 2], [2, 3], [3, 2]],1027,324,1072,481
470458,4,73,63,[6, 5, 3, 11, 7, 9],[[2, 1], [3, 1], [1, 1], [1, 2], [2, 3], [3, 2]],1004,328,1072,481
470520,4,73,63,[6, 5, 3, 11, 7, 9],[[2, 1], [3, 1], [1, 1], [1, 2], [2, 3], [3, 2]],1005,333,1072,481
470574,4,73,63,[6, 5, 3, 11, 7, 9],[[2, 1], [3, 1], [1, 1], [1, 2], [2, 3], [3, 2]],1023,341,1072,481
470635,4,73,63,[6, 5, 3, 11, 7, 9],[[2, 1], [3, 1], [1, 1], [1, 2], [2, 3], [3, 2]],1014,339,1061,474
470712,4,73,63,[6, 5, 3, 11, 7, 9],[[2, 1], [3, 1], [1, 1], [1, 2], [2, 3], [3, 2]],1024,350,1025,382
470766,4,73,63,[6, 5, 3, 11, 7, 9],[[2, 1], [3, 1], [1, 1], [1, 2], [2, 3], [3, 2]],1049,358,1033,331
470814,4,73,63,[6, 5, 3, 11, 7, 9],[[2, 1], [3, 1], [1, 1], [1, 2], [2, 3], [3, 2]],1073,346,1040,296
470876,4,73,63,[6, 5, 3, 11, 7, 9],[[2, 1], [3, 1], [1, 1], [1, 2], [2, 3], [3, 2]],1077,338,1040,292
470952,4,73,63,[6, 5, 3, 11, 7, 9],[[2, 1], [3, 1], [1, 1], [1, 2], [2, 3], [3, 2]],1052,361,1040,292
471043,4,73,63,[6, 5, 3, 11, 7, 9],[[2, 1], [3, 1], [1, 1], [1, 2], [2, 3], [3, 2]],1057,362,1038,301
471085,4,73,63,[6, 5, 3, 11, 7, 9],[[2, 1], [3, 1], [1, 1], [1, 2], [2, 3], [3, 2]],1044,361,1040,326
471157,4,73,63,[6, 5, 3, 11, 7, 9],[[2, 1], [3, 1], [1, 1], [1, 2], [2, 3], [3, 2]],1061,347,1070,348
471252,4,73,63,[6, 5, 3, 11, 7, 9],[[2, 1], [3, 1], [1, 1], [1, 2], [2, 3], [3, 2]],1067,343,1075,351
471306,4,73,63,[6, 5, 3, 11, 7, 9],[[2, 1], [3, 1], [1, 1], [1, 2], [2, 3], [3, 2]],1053,322,1075,351
471381,4,73,63,[6, 5, 3, 11, 7, 9],[[2, 1], [3, 1], [1, 1], [1, 2], [2, 3], [3, 2]],1056,324,1075,351
471436,4,73,63,[6, 5, 3, 11, 7, 9],[[2, 1], [3, 1], [1, 1], [1, 2], [2, 3], [3, 2]],1057,324,1075,351
471510,4,73,63,[6, 5, 3, 11, 7, 9],[[2, 1], [3, 1], [1, 1], [1, 2], [2, 3], [3, 2]],1066,322,1075,351
471596,4,73,63,[6, 5, 3, 11, 7, 9],[[2, 1], [3, 1], [1, 1], [1, 2], [2, 3], [3, 2]],1074,320,1075,351
471639,4,73,63,[6, 5, 3, 11, 7, 9],[[2, 1], [3, 1], [1, 1], [1, 2], [2, 3], [3, 2]],1069,341,1075,351
471702,4,73,63,[6, 5, 3, 11, 7, 9],[[2, 1], [3, 1], [1, 1], [1, 2], [2, 3], [3, 2]],1083,344,1075,351
471766,4,73,63,[6, 5, 3, 11, 7, 9],[[2, 1], [3, 1], [1, 1], [1, 2], [2, 3], [3, 2]],1094,322,1075,351
471818,4,73,63,[6, 5, 3, 11, 7, 9],[[2, 1], [3, 1], [1, 1], [1, 2], [2, 3], [3, 2]],1083,303,1073,335
471886,4,73,63,[6, 5, 3, 11, 7, 9],[[2, 1], [3, 1], [1, 1], [1, 2], [2, 3], [3, 2]],1077,286,1063,305
471965,4,73,63,[6, 5, 3, 11, 7, 9],[[2, 1], [3, 1], [1, 1], [1, 2], [2, 3], [3, 2]],1084,292,1050,308
472023,4,73,63,[6, 5, 3, 11, 7, 9],[[2, 1], [3, 1], [1, 1], [1, 2], [2, 3], [3, 2]],1085,293,1028,325
472086,4,73,63,[6, 5, 3, 11, 7, 9],[[2, 1], [3, 1], [1, 1], [1, 2], [2, 3], [3, 2]],1095,297,1021,335
472145,4,73,63,[6, 5, 3, 11, 7, 9],[[2, 1], [3, 1], [1, 1], [1, 2], [2, 3], [3, 2]],1100,305,1020,341
472193,4,73,63,[6, 5, 3, 11, 7, 9],[[2, 1], [3, 1], [1, 1], [1, 2], [2, 3], [3, 2]],1098,311,1019,346
472233,4,73,63,[6, 5, 3, 11, 7, 9],[[2, 1], [3, 1], [1, 1], [1, 2], [2, 3], [3, 2]],1088,308,1019,346
472283,4,73,63,[6, 5, 3, 11, 7, 9],[[2, 1], [3, 1], [1, 1], [1, 2], [2, 3], [3, 2]],1066,335,1019,346
472327,4,74,16,[10, 4, 3, 11, 7, 9],[[1, 1], [2, 1], [3, 2], [3, 3], [1, 3], [2, 2]],1086,339,1055,347
472370,4,74,16,[10, 4, 3, 11, 7, 9],[[1, 1], [2, 1], [3, 2], [3, 3], [1, 3], [2, 2]],1067,357,1096,335
472439,4,74,16,[10, 4, 3, 11, 7, 9],[[1, 1], [2, 1], [3, 2], [3, 3], [1, 3], [2, 2]],1059,349,1106,330
472483,4,74,16,[10, 4, 3, 11, 7, 9],[[1, 1], [2, 1], [3, 2], [3, 3], [1, 3], [2, 2]],1093,343,1106,329
472546,4,74,16,[10, 4, 3, 11, 7, 9],[[1, 1], [2, 1], [3, 2], [3, 3], [1, 3], [2, 2]],1097,354,1106,329
472591,4,74,16,[10, 4, 3, 11, 7, 9],[[1, 1], [2, 1], [3, 2], [3, 3], [1, 3], [2, 2]],1120,379,1106,329
472662,4,74,16,[10, 4, 3, 11, 7, 9],[[1, 1], [2, 1], [3, 2], [3, 3], [1, 3], [2, 2]],1129,366,1087,335
472748,4,74,16,[10, 4, 3, 11, 7, 9],[[1, 1], [2, 1], [3, 2], [3, 3], [1, 3], [2, 2]],1132,355,1077,341
472804,4,74,16,[10, 4, 3, 11, 7, 9],[[1, 1], [2, 1], [3, 2], [3, 3], [1, 3], [2, 2]],1117,320,1077,341
472875,4,74,16,[10, 4, 3, 11, 7, 9],[[1, 1], [2, 1], [3, 2], [3, 3], [1, 3], [2, 2]],1114,331,1077,341
472948,4,74,16,[10, 4, 3, 11, 7, 9],[[1, 1], [2, 1], [3, 2], [3, 3], [1, 3], [2, 2]],1126,336,1077,344
473003,4,74,16,[10, 4, 3, 11, 7, 9],[[1, 1], [2, 1], [3, 2], [3, 3], [1, 3], [2, 2]],1105,348,1079,350
473065,4,74,16,[10, 4, 3, 11, 7, 9],[[1, 1], [2, 1], [3, 2], [3, 3], [1, 3], [2, 2]],1088,361,1080,350
473115,4,74,16,[10, 4, 3, 11, 7, 9],[[1, 1], [2, 1], [3, 2], [3, 3], [1, 3], [2, 2]],1089,360,1080,350
473169,4,74,16,[10, 4, 3, 11, 7, 9],[[1, 1], [2, 1], [3, 2], [3, 3], [1, 3], [2, 2]],1115,365,1080,350
473218,4,74,16,[10, 4, 3, 11, 7, 9],[[1, 1], [2, 1], [3, 2], [3, 3], [1, 3], [2, 2]],1100,383,1080,350
473305,4,74,16,[10, 4, 3, 11, 7, 9],[[1, 1], [2, 1], [3, 2], [3, 3], [1, 3], [2, 2]],1116,363,1080,350
473378,4,74,16,[10, 4, 3, 11, 7, 9],[[1, 1], [2, 1], [3, 2], [3, 3], [1, 3], [2, 2]],1114,379,1077,365
473434,4,74,16,[10, 4, 3, 11, 7, 9],[[1, 1], [2, 1], [3, 2], [3, 3], [1, 3], [2, 2]],1096,401,1077,366
473518,4,74,16,[10, 4, 3, 11, 7, 9],[[1, 1], [2, 1], [3, 2], [3, 3], [1, 3], [2, 2]],1105,414,1077,376
473596,4,74,16,[10, 4, 3, 11, 7, 9],[[1, 1], [2, 1], [3, 2], [3, 3], [1, 3], [2, 2]],1122,389,1076,392
473664,4,74,16,[10, 4, 3, 11, 7, 9],[[1, 1], [2, 1], [3, 2], [3, 3], [1, 3], [2, 2]],1140,388,1076,393
473733,4,74,16,[10, 4, 3, 11, 7, 9],[[1, 1], [2, 1], [3, 2], [3, 3], [1, 3], [2, 2]],1155,399,1076,393
473790,4,74,16,[10, 4, 3, 11, 7, 9],[[1, 1], [2, 1], [3, 2], [3, 3], [1, 3], [2, 2]],1187,386,1076,397
473853,4,74,16,[10, 4, 3, 11, 7, 9],[[1, 1], [2, 1], [3, 2], [3, 3], [1, 3], [2, 2]],1185,370,1078,405
473919,4,74,16,[10, 4, 3, 11, 7, 9],[[1, 1], [2, 1], [3, 2], [3, 3], [1, 3], [2, 2]],1145,361,1080,405
473987,4,74,16,[10, 4, 3, 11, 7, 9],[[1, 1], [2, 1], [3, 2], [3, 3], [1, 3], [2, 2]],1150,339,1093,405
474050,4,74,16,[10, 4, 3, 11, 7, 9],[[1, 1], [2, 1], [3, 2], [3, 3], [1, 3], [2, 2]],1144,314,1125,406
474113,4,74,16,[10, 4, 3, 11, 7, 9],[[1, 1], [2, 1], [3, 2], [3, 3], [1, 3], [2, 2]],1138,296,1154,404
474176,4,74,16,[10, 4, 3, 11, 7, 9],[[1, 1], [2, 1], [3, 2], [3, 3], [1, 3], [2, 2]],1137,300,1168,398
474235,4,74,16,[10, 4, 3, 11, 7, 9],[[1, 1], [2, 1], [3, 2], [3, 3], [1, 3], [2, 2]],1148,291,1171,394
474284,4,74,16,[10, 4, 3, 11, 7, 9],[[1, 1], [2, 1], [3, 2], [3, 3], [1, 3], [2, 2]],1145,300,1177,387
474338,4,74,16,[10, 4, 3, 11, 7, 9],[[1, 1], [2, 1], [3, 2], [3, 3], [1, 3], [2, 2]],1148,288,1179,368
474401,4,74,16,[10, 4, 3, 11, 7, 9],[[1, 1], [2, 1], [3, 2], [3, 3], [1, 3], [2, 2]],1174,281,1169,338
474464,4,74,16,[10, 4, 3, 11, 7, 9],[[1, 1], [2, 1], [3, 2], [3, 3], [1, 3], [2, 2]],1148,284,1159,323
474533,4,74,16,[10, 4, 3, 11, 7, 9],[[1, 1], [2, 1], [3, 2], [3, 3], [1, 3], [2, 2]],1174,258,1158,322
474603,4,74,16,[10, 4, 3, 11, 7, 9],[[1, 1], [2, 1], [3, 2], [3, 3], [1, 3], [2, 2]],1152,253,1137,311
474670,4,74,16,[10, 4, 3, 11, 7, 9],[[1, 1], [2, 1], [3, 2], [3, 3], [1, 3], [2, 2]],1119,261,1126,309
474738,4,74,16,[10, 4, 3, 11, 7, 9],[[1, 1], [2, 1], [3, 2], [3, 3], [1, 3], [2, 2]],1111,245,1114,325
474788,4,74,16,[10, 4, 3, 11, 7, 9],[[1, 1], [2, 1], [3, 2], [3, 3], [1, 3], [2, 2]],1117,229,1117,334
474842,4,74,16,[10, 4, 3, 11, 7, 9],[[1, 1], [2, 1], [3, 2], [3, 3], [1, 3], [2, 2]],1105,253,1131,340
474880,4,74,16,[10, 4, 3, 11, 7, 9],[[1, 1], [2, 1], [3, 2], [3, 3], [1, 3], [2, 2]],1116,265,1151,338
474946,4,74,16,[10, 4, 3, 11, 7, 9],[[1, 1], [2, 1], [3, 2], [3, 3], [1, 3], [2, 2]],1124,274,1178,326
475001,4,74,16,[10, 4, 3, 11, 7, 9],[[1, 1], [2, 1], [3, 2], [3, 3], [1, 3], [2, 2]],1133,258,1191,314
475056,4,74,16,[10, 4, 3, 11, 7, 9],[[1, 1], [2, 1], [3, 2], [3, 3], [1, 3], [2, 2]],1125,253,1205,293
475126,4,74,16,[10, 4, 3, 11, 7, 9],[[1, 1], [2, 1], [3, 2], [3, 3], [1, 3], [2, 2]],1118,254,1208,282
475186,4,74,16,[10, 4, 3, 11, 7, 9],[[1, 1], [2, 1], [3, 2], [3, 3], [1, 3], [2, 2]],1106,227,1193,278
475245,4,74,16,[10, 4, 3, 11, 7, 9],[[1, 1], [2, 1], [3, 2], [3, 3], [1, 3], [2, 2]],1093,214,1180,279
475299,4,74,16,[10, 4, 3, 11, 7, 9],[[1, 1], [2, 1], [3, 2], [3, 3], [1, 3], [2, 2]],1096,228,1159,291
475342,4,74,16,[10, 4, 3, 11, 7, 9],[[1, 1], [2, 1], [3, 2], [3, 3], [1, 3], [2, 2]],1127,193,1154,301
475409,4,74,16,[10, 4, 3, 11, 7, 9],[[1, 1], [2, 1], [3, 2], [3, 3], [1, 3], [2, 2]],1117,179,1152,317
475460,4,74,16,[10, 4, 3, 11, 7, 9],[[1, 1], [2, 1], [3, 2], [3, 3], [1, 3], [2, 2]],1100,171,1153,322
475509,4,74,16,[10, 4, 3, 11, 7, 9],[[1, 1], [2, 1], [3, 2], [3, 3], [1, 3], [2, 2]],1080,167,1161,329
475557,4,74,16,[10, 4, 3, 11, 7, 9],[[1, 1], [2, 1], [3, 2], [3, 3], [1, 3], [2, 2]],1082,172,1177,330
475629,4,74,16,[10, 4, 3, 11, 7, 9],[[1, 1], [2, 1], [3, 2], [3, 3], [1, 3], [2, 2]],1090,177,1208,322
475691,4,74,16,[10, 4, 3, 11, 7, 9],[[1, 1], [2, 1], [3, 2], [3, 3], [1, 3], [2, 2]],1071,188,1213,320
475735,4,74,16,[10, 4, 3, 11, 7, 9],[[1, 1], [2, 1], [3, 2], [3, 3], [1, 3], [2, 2]],1036,181,1213,320
475794,4,74,16,[10, 4, 3, 11, 7, 9],[[1, 1], [2, 1], [3, 2], [3, 3], [1, 3], [2, 2]],1049,180,1213,320
475852,4,74,16,[10, 4, 3, 11, 7, 9],[[1, 1], [2, 1], [3, 2], [3, 3], [1, 3], [2, 2]],1070,181,1206,323
475906,4,74,16,[10, 4, 3, 11, 7, 9],[[1, 1], [2, 1], [3, 2], [3, 3], [1, 3], [2, 2]],1089,207,1198,331
475963,4,74,16,[10, 4, 3, 11, 7, 9],[[1, 1], [2, 1], [3, 2], [3, 3], [1, 3], [2, 2]],1089,213,1195,337
476041,4,74,16,[10, 4, 3, 11, 7, 9],[[1, 1], [2, 1], [3, 2], [3, 3], [1, 3], [2, 2]],1110,199,1195,342
476103,4,74,16,[10, 4, 3, 11, 7, 9],[[1, 1], [2, 1], [3, 2], [3, 3], [1, 3], [2, 2]],1116,203,1194,342
476157,4,74,16,[10, 4, 3, 11, 7, 9],[[1, 1], [2, 1], [3, 2], [3, 3], [1, 3], [2, 2]],1106,209,1163,291
476203,4,74,16,[10, 4, 3, 11, 7, 9],[[1, 1], [2, 1], [3, 2], [3, 3], [1, 3], [2, 2]],1113,196,1143,242
476277,4,74,16,[10, 4, 3, 11, 7, 9],[[1, 1], [2, 1], [3, 2], [3, 3], [1, 3], [2, 2]],1138,229,1139,236
476325,4,74,16,[10, 4, 3, 11, 7, 9],[[1, 1], [2, 1], [3, 2], [3, 3], [1, 3], [2, 2]],1119,231,1139,236
476371,4,75,95,[6, 5, 3, 11, 2, 1],[[1, 3], [2, 3], [3, 2], [3, 3], [1, 1], [2, 2]],1121,250,1139,236
476439,4,75,95,[6, 5, 3, 11, 2, 1],[[1, 3], [2, 3], [3, 2], [3, 3], [1, 1], [2, 2]],1114,254,1139,236
476503,4,75,95,[6, 5, 3, 11, 2, 1],[[1, 3], [2, 3], [3, 2], [3, 3], [1, 1], [2, 2]],1127,243,1139,236
476562,4,75,95,[6, 5, 3, 11, 2, 1],[[1, 3], [2, 3], [3, 2], [3, 3], [1, 1], [2, 2]],1149,234,1139,236
476637,4,75,95,[6, 5, 3, 11, 2, 1],[[1, 3], [2, 3], [3, 2], [3, 3], [1, 1], [2, 2]],1160,234,1110,265
476689,4,75,95,[6, 5, 3, 11, 2, 1],[[1, 3], [2, 3], [3, 2], [3, 3], [1, 1], [2, 2]],1140,229,1105,293
476744,4,75,95,[6, 5, 3, 11, 2, 1],[[1, 3], [2, 3], [3, 2], [3, 3], [1, 1], [2, 2]],1181,232,1109,306
476820,4,75,95,[6, 5, 3, 11, 2, 1],[[1, 3], [2, 3], [3, 2], [3, 3], [1, 1], [2, 2]],1183,246,1125,317
476884,4,75,95,[6, 5, 3, 11, 2, 1],[[1, 3], [2, 3], [3, 2], [3, 3], [1, 1], [2, 2]],1163,232,1133,317
476934,4,75,95,[6, 5, 3, 11, 2, 1],[[1, 3], [2, 3], [3, 2], [3, 3], [1, 1], [2, 2]],1164,208,1155,302
476987,4,75,95,[6, 5, 3, 11, 2, 1],[[1, 3], [2, 3], [3, 2], [3, 3], [1, 1], [2, 2]],1164,205,1160,285
477029,4,75,95,[6, 5, 3, 11, 2, 1],[[1, 3], [2, 3], [3, 2], [3, 3], [1, 1], [2, 2]],1138,211,1158,275
477099,4,75,95,[6, 5, 3, 11, 2, 1],[[1, 3], [2, 3], [3, 2], [3, 3], [1, 1], [2, 2]],1135,235,1157,275
477183,4,75,95,[6, 5, 3, 11, 2, 1],[[1, 3], [2, 3], [3, 2], [3, 3], [1, 1], [2, 2]],1156,232,1137,282
477267,4,75,95,[6, 5, 3, 11, 2, 1],[[1, 3], [2, 3], [3, 2], [3, 3], [1, 1], [2, 2]],1172,237,1114,295
477323,4,75,95,[6, 5, 3, 11, 2, 1],[[1, 3], [2, 3], [3, 2], [3, 3], [1, 1], [2, 2]],1174,225,1112,306
477379,4,75,95,[6, 5, 3, 11, 2, 1],[[1, 3], [2, 3], [3, 2], [3, 3], [1, 1], [2, 2]],1198,233,1118,309
477462,4,75,95,[6, 5, 3, 11, 2, 1],[[1, 3], [2, 3], [3, 2], [3, 3], [1, 1], [2, 2]],1182,222,1137,310
477514,4,75,95,[6, 5, 3, 11, 2, 1],[[1, 3], [2, 3], [3, 2], [3, 3], [1, 1], [2, 2]],1179,239,1170,300
477557,4,75,95,[6, 5, 3, 11, 2, 1],[[1, 3], [2, 3], [3, 2], [3, 3], [1, 1], [2, 2]],1206,249,1170,300
477646,4,75,95,[6, 5, 3, 11, 2, 1],[[1, 3], [2, 3], [3, 2], [3, 3], [1, 1], [2, 2]],1199,292,1170,300
477724,4,75,95,[6, 5, 3, 11, 2, 1],[[1, 3], [2, 3], [3, 2], [3, 3], [1, 1], [2, 2]],1211,293,1187,299
477780,4,75,95,[6, 5, 3, 11, 2, 1],[[1, 3], [2, 3], [3, 2], [3, 3], [1, 1], [2, 2]],1213,292,1188,299
477862,4,75,95,[6, 5, 3, 11, 2, 1],[[1, 3], [2, 3], [3, 2], [3, 3], [1, 1], [2, 2]],1230,311,1202,274
477915,4,75,95,[6, 5, 3, 11, 2, 1],[[1, 3], [2, 3], [3, 2], [3, 3], [1, 1], [2, 2]],1235,323,1204,269
477976,4,75,95,[6, 5, 3, 11, 2, 1],[[1, 3], [2, 3], [3, 2], [3, 3], [1, 1], [2, 2]],1260,314,1204,269
478031,4,75,95,[6, 5, 3, 11, 2, 1],[[1, 3], [2, 3], [3, 2], [3, 3], [1, 1], [2, 2]],1237,323,1204,269
478089,4,75,95,[6, 5, 3, 11, 2, 1],[[1, 3], [2, 3], [3, 2], [3, 3], [1, 1], [2, 2]],1236,343,1194,279
478142,4,75,95,[6, 5, 3, 11, 2, 1],[[1, 3], [2, 3], [3, 2], [3, 3], [1, 1], [2, 2]],1230,326,1189,292
478196,4,75,95,[6, 5, 3, 11, 2, 1],[[1, 3], [2, 3], [3, 2], [3, 3], [1, 1], [2, 2]],1225,321,1189,299
478249,4,75,95,[6, 5, 3, 11, 2, 1],[[1, 3], [2, 3], [3, 2], [3, 3], [1, 1], [2, 2]],1211,313,1195,304
478304,4,75,95,[6, 5, 3, 11, 2, 1],[[1, 3], [2, 3], [3, 2], [3, 3], [1, 1], [2, 2]],1208,299,1207,307
478351,4,75,95,[6, 5, 3, 11, 2, 1],[[1, 3], [2, 3], [3, 2], [3, 3], [1, 1], [2, 2]],1220,302,1214,307
478414,4,75,95,[6, 5, 3, 11, 2, 1],[[1, 3], [2, 3], [3, 2], [3, 3], [1, 1], [2, 2]],1210,317,1232,304
478468,4,75,95,[6, 5, 3, 11, 2, 1],[[1, 3], [2, 3], [3, 2], [3, 3], [1, 1], [2, 2]],1189,317,1235,304
478522,4,75,95,[6, 5, 3, 11, 2, 1],[[1, 3], [2, 3], [3, 2], [3, 3], [1, 1], [2, 2]],1177,336,1235,303
478570,4,75,95,[6, 5, 3, 11, 2, 1],[[1, 3], [2, 3], [3, 2], [3, 3], [1, 1], [2, 2]],1158,341,1235,303
478630,4,75,95,[6, 5, 3, 11, 2, 1],[[1, 3], [2, 3], [3, 2], [3, 3], [1, 1], [2, 2]],1166,393,1235,303
478689,4,75,95,[6, 5, 3, 11, 2, 1],[[1, 3], [2, 3], [3, 2], [3, 3], [1, 1], [2, 2]],1159,390,1213,310
478743,4,75,95,[6, 5, 3, 11, 2, 1],[[1, 3], [2, 3], [3, 2], [3, 3], [1, 1], [2, 2]],1156,427,1208,312
478799,4,75,95,[6, 5, 3, 11, 2, 1],[[1, 3], [2, 3], [3, 2], [3, 3], [1, 1], [2, 2]],1158,433,1208,314
478862,4,75,95,[6, 5, 3, 11, 2, 1],[[1, 3], [2, 3], [3, 2], [3, 3], [1, 1], [2, 2]],1133,461,1209,315
478919,4,75,95,[6, 5, 3, 11, 2, 1],[[1, 3], [2, 3], [3, 2], [3, 3], [1, 1], [2, 2]],1142,471,1209,315
478974,4,75,95,[6, 5, 3, 11, 2, 1],[[1, 3], [2, 3], [3, 2], [3, 3], [1, 1], [2, 2]],1141,473,1209,316
479036,4,75,95,[6, 5, 3, 11, 2, 1],[[1, 3], [2, 3], [3, 2], [3, 3], [1, 1], [2, 2]],1124,451,1206,344
479092,4,75,95,[6, 5, 3, 11, 2, 1],[[1, 3], [2, 3], [3, 2], [3, 3], [1, 1], [2, 2]],1133,467,1189,490
479143,4,75,95,[6, 5, 3, 11, 2, 1],[[1, 3], [2, 3], [3, 2], [3, 3], [1, 1], [2, 2]],1161,455,1175,527
479194,4,75,95,[6, 5, 3, 11, 2, 1],[[1, 3], [2, 3], [3, 2], [3, 3], [1, 1], [2, 2]],1150,426,1160,584
479245,4,75,95,[6, 5, 3, 11, 2, 1],[[1, 3], [2, 3], [3, 2], [3, 3], [1, 1], [2, 2]],1143,428,1160,588
479294,4,75,95,[6, 5, 3, 11, 2, 1],[[1, 3], [2, 3], [3, 2], [3, 3], [1, 1], [2, 2]],1139,440,1160,588
479332,4,75,95,[6, 5, 3, 11, 2, 1],[[1, 3], [2, 3], [3, 2], [3, 3], [1, 1], [2, 2]],1105,442,1160,588
479397,4,75,95,[6, 5, 3, 11, 2, 1],[[1, 3], [2, 3], [3, 2], [3, 3], [1, 1], [2, 2]],1102,421,1160,588
479474,4,75,95,[6, 5, 3, 11, 2, 1],[[1, 3], [2, 3], [3, 2], [3, 3], [1, 1], [2, 2]],1126,401,1160,588
479537,4,75,95,[6, 5, 3, 11, 2, 1],[[1, 3], [2, 3], [3, 2], [3, 3], [1, 1], [2, 2]],1122,433,1130,531
479586,4,75,95,[6, 5, 3, 11, 2, 1],[[1, 3], [2, 3], [3, 2], [3, 3], [1, 1], [2, 2]],1093,431,1126,526
479653,4,75,95,[6, 5, 3, 11, 2, 1],[[1, 3], [2, 3], [3, 2], [3, 3], [1, 1], [2, 2]],1116,426,1126,526
479712,4,75,95,[6, 5, 3, 11, 2, 1],[[1, 3], [2, 3], [3, 2], [3, 3], [1, 1], [2, 2]],1111,436,1119,534
479770,4,75,95,[6, 5, 3, 11, 2, 1],[[1, 3], [2, 3], [3, 2], [3, 3], [1, 1], [2, 2]],1130,448,1119,537
479819,4,75,95,[6, 5, 3, 11, 2, 1],[[1, 3], [2, 3], [3, 2], [3, 3], [1, 1], [2, 2]],1134,428,1126,535
479877,4,75,95,[6, 5, 3, 11, 2, 1],[[1, 3], [2, 3], [3, 2], [3, 3], [1, 1], [2, 2]],1108,462,1137,517
479920,4,75,95,[6, 5, 3, 11, 2, 1],[[1, 3], [2, 3], [3, 2], [3, 3], [1, 1], [2, 2]],1107,479,1133,499
479978,4,75,95,[6, 5, 3, 11, 2, 1],[[1, 3], [2, 3], [3, 2], [3, 3], [1, 1], [2, 2]],1097,467,1112,491
480026,4,75,95,[6, 5, 3, 11, 2, 1],[[1, 3], [2, 3], [3, 2], [3, 3], [1, 1], [2, 2]],1094,490,1096,504
480066,4,75,95,[6, 5, 3, 11, 2, 1],[[1, 3], [2, 3], [3, 2], [3, 3], [1, 1], [2, 2]],1097,465,1095,519
480124,4,75,95,[6, 5, 3, 11, 2, 1],[[1, 3], [2, 3], [3, 2], [3, 3], [1, 1], [2, 2]],1095,464,1104,531
480182,4,75,95,[6, 5, 3, 11, 2, 1],[[1, 3], [2, 3], [3, 2], [3, 3], [1, 1], [2, 2]],1047,447,1129,521
480233,4,75,95,[6, 5, 3, 11, 2, 1],[[1, 3], [2, 3], [3, 2], [3, 3], [1, 1], [2, 2]],1040,430,1147,486
480289,4,75,95,[6, 5, 3, 11, 2, 1],[[1, 3], [2, 3], [3, 2], [3, 3], [1, 1], [2, 2]],1036,412,1140,460
480344,4,75,95,[6, 5, 3, 11, 2, 1],[[1, 3], [2, 3], [3, 2], [3, 3], [1, 1], [2, 2]],1049,428,1133,455
480419,4,76,92,[10, 4, 3, 11, 7, 9],[[1, 3], [2, 3], [3, 2], [3, 3], [1, 2], [2, 1]],1034,420,1115,456
480499,4,76,92,[10, 4, 3, 11, 7, 9],[[1, 3], [2, 3], [3, 2], [3, 3], [1, 2], [2, 1]],1021,434,1081,471
480577,4,76,92,[10, 4, 3, 11, 7, 9],[[1, 3], [2, 3], [3, 2], [3, 3], [1, 2], [2, 1]],1013,454,1063,474
480651,4,76,92,[10, 4, 3, 11, 7, 9],[[1, 3], [2, 3], [3, 2], [3, 3], [1, 2], [2, 1]],1025,432,1058,477
480711,4,76,92,[10, 4, 3, 11, 7, 9],[[1, 3], [2, 3], [3, 2], [3, 3], [1, 2], [2, 1]],1014,434,1047,466
480789,4,76,92,[10, 4, 3, 11, 7, 9],[[1, 3], [2, 3], [3, 2], [3, 3], [1, 2], [2, 1]],1019,440,1043,463
480865,4,76,92,[10, 4, 3, 11, 7, 9],[[1, 3], [2, 3], [3, 2], [3, 3], [1, 2], [2, 1]],1001,435,1026,458
480958,4,76,92,[10, 4, 3, 11, 7, 9],[[1, 3], [2, 3], [3, 2], [3, 3], [1, 2], [2, 1]],983,431,1018,473
481010,4,76,92,[10, 4, 3, 11, 7, 9],[[1, 3], [2, 3], [3, 2], [3, 3], [1, 2], [2, 1]],958,444,1025,496
481074,4,76,92,[10, 4, 3, 11, 7, 9],[[1, 3], [2, 3], [3, 2], [3, 3], [1, 2], [2, 1]],978,437,1054,510
481155,4,76,92,[10, 4, 3, 11, 7, 9],[[1, 3], [2, 3], [3, 2], [3, 3], [1, 2], [2, 1]],975,441,1070,503
481215,4,76,92,[10, 4, 3, 11, 7, 9],[[1, 3], [2, 3], [3, 2], [3, 3], [1, 2], [2, 1]],982,446,1059,455
481288,4,76,92,[10, 4, 3, 11, 7, 9],[[1, 3], [2, 3], [3, 2], [3, 3], [1, 2], [2, 1]],991,463,1026,448
481362,4,76,92,[10, 4, 3, 11, 7, 9],[[1, 3], [2, 3], [3, 2], [3, 3], [1, 2], [2, 1]],978,460,1008,468
481442,4,76,92,[10, 4, 3, 11, 7, 9],[[1, 3], [2, 3], [3, 2], [3, 3], [1, 2], [2, 1]],980,471,1013,497
481492,4,76,92,[10, 4, 3, 11, 7, 9],[[1, 3], [2, 3], [3, 2], [3, 3], [1, 2], [2, 1]],962,477,1014,498
481556,4,76,92,[10, 4, 3, 11, 7, 9],[[1, 3], [2, 3], [3, 2], [3, 3], [1, 2], [2, 1]],977,461,1014,498
481627,4,76,92,[10, 4, 3, 11, 7, 9],[[1, 3], [2, 3], [3, 2], [3, 3], [1, 2], [2, 1]],965,459,1014,498
481696,4,76,92,[10, 4, 3, 11, 7, 9],[[1, 3], [2, 3], [3, 2], [3, 3], [1, 2], [2, 1]],971,442,1014,498
481751,4,76,92,[10, 4, 3, 11, 7, 9],[[1, 3], [2, 3], [3, 2], [3, 3], [1, 2], [2, 1]],978,471,1014,498
481813,4,76,92,[10, 4, 3, 11, 7, 9],[[1, 3], [2, 3], [3, 2], [3, 3], [1, 2], [2, 1]],986,465,1014,498
481870,4,76,92,[10, 4, 3, 11, 7, 9],[[1, 3], [2, 3], [3, 2], [3, 3], [1, 2], [2, 1]],983,451,1014,498
481918,4,76,92,[10, 4, 3, 11, 7, 9],[[1, 3], [2, 3], [3, 2], [3, 3], [1, 2], [2, 1]],968,442,1014,498
481975,4,76,92,[10, 4, 3, 11, 7, 9],[[1, 3], [2, 3], [3, 2], [3, 3], [1, 2], [2, 1]],949,439,1014,498
482037,4,76,92,[10, 4, 3, 11, 7, 9],[[1, 3], [2, 3], [3, 2], [3, 3], [1, 2], [2, 1]],946,420,1014,498
482090,4,76,92,[10, 4, 3, 11, 7, 9],[[1, 3], [2, 3], [3, 2], [3, 3], [1, 2], [2, 1]],951,437,1014,498
482129,4,76,92,[10, 4, 3, 11, 7, 9],[[1, 3], [2, 3], [3, 2], [3, 3], [1, 2], [2, 1]],948,438,1014,498
482176,4,76,92,[10, 4, 3, 11, 7, 9],[[1, 3], [2, 3], [3, 2], [3, 3], [1, 2], [2, 1]],935,438,1014,498
482221,4,76,92,[10, 4, 3, 11, 7, 9],[[1, 3], [2, 3], [3, 2], [3, 3], [1, 2], [2, 1]],920,405,1014,498
482266,4,76,92,[10, 4, 3, 11, 7, 9],[[1, 3], [2, 3], [3, 2], [3, 3], [1, 2], [2, 1]],901,396,1014,498
482324,4,76,92,[10, 4, 3, 11, 7, 9],[[1, 3], [2, 3], [3, 2], [3, 3], [1, 2], [2, 1]],893,364,1014,498
482371,4,76,92,[10, 4, 3, 11, 7, 9],[[1, 3], [2, 3], [3, 2], [3, 3], [1, 2], [2, 1]],868,362,1014,498
482444,4,76,92,[10, 4, 3, 11, 7, 9],[[1, 3], [2, 3], [3, 2], [3, 3], [1, 2], [2, 1]],877,339,1020,504
482483,4,76,92,[10, 4, 3, 11, 7, 9],[[1, 3], [2, 3], [3, 2], [3, 3], [1, 2], [2, 1]],851,309,1038,505
482556,4,76,92,[10, 4, 3, 11, 7, 9],[[1, 3], [2, 3], [3, 2], [3, 3], [1, 2], [2, 1]],849,301,1034,444
482614,4,76,92,[10, 4, 3, 11, 7, 9],[[1, 3], [2, 3], [3, 2], [3, 3], [1, 2], [2, 1]],865,299,978,403
482673,4,76,92,[10, 4, 3, 11, 7, 9],[[1, 3], [2, 3], [3, 2], [3, 3], [1, 2], [2, 1]],875,310,960,395
482731,4,76,92,[10, 4, 3, 11, 7, 9],[[1, 3], [2, 3], [3, 2], [3, 3], [1, 2], [2, 1]],907,286,933,379
482790,4,76,92,[10, 4, 3, 11, 7, 9],[[1, 3], [2, 3], [3, 2], [3, 3], [1, 2], [2, 1]],945,290,908,359
482838,4,76,92,[10, 4, 3, 11, 7, 9],[[1, 3], [2, 3], [3, 2], [3, 3], [1, 2], [2, 1]],928,295,885,335
482911,4,76,92,[10, 4, 3, 11, 7, 9],[[1, 3], [2, 3], [3, 2], [3, 3], [1, 2], [2, 1]],929,280,874,326
482966,4,76,92,[10, 4, 3, 11, 7, 9],[[1, 3], [2, 3], [3, 2], [3, 3], [1, 2], [2, 1]],919,280,874,326
483026,4,76,92,[10, 4, 3, 11, 7, 9],[[1, 3], [2, 3], [3, 2], [3, 3], [1, 2], [2, 1]],940,275,874,326
483090,4,76,92,[10, 4, 3, 11, 7, 9],[[1, 3], [2, 3], [3, 2], [3, 3], [1, 2], [2, 1]],932,264,874,326
483177,4,76,92,[10, 4, 3, 11, 7, 9],[[1, 3], [2, 3], [3, 2], [3, 3], [1, 2], [2, 1]],927,292,874,326
483230,4,76,92,[10, 4, 3, 11, 7, 9],[[1, 3], [2, 3], [3, 2], [3, 3], [1, 2], [2, 1]],934,297,874,326
483284,4,76,92,[10, 4, 3, 11, 7, 9],[[1, 3], [2, 3], [3, 2], [3, 3], [1, 2], [2, 1]],958,308,877,338
483361,4,76,92,[10, 4, 3, 11, 7, 9],[[1, 3], [2, 3], [3, 2], [3, 3], [1, 2], [2, 1]],938,303,880,348
483432,4,76,92,[10, 4, 3, 11, 7, 9],[[1, 3], [2, 3], [3, 2], [3, 3], [1, 2], [2, 1]],960,309,882,352
483508,4,76,92,[10, 4, 3, 11, 7, 9],[[1, 3], [2, 3], [3, 2], [3, 3], [1, 2], [2, 1]],962,317,882,353
483574,4,76,92,[10, 4, 3, 11, 7, 9],[[1, 3], [2, 3], [3, 2], [3, 3], [1, 2], [2, 1]],950,301,882,353
483640,4,76,92,[10, 4, 3, 11, 7, 9],[[1, 3], [2, 3], [3, 2], [3, 3], [1, 2], [2, 1]],949,344,882,353
483709,4,76,92,[10, 4, 3, 11, 7, 9],[[1, 3], [2, 3], [3, 2], [3, 3], [1, 2], [2, 1]],938,333,883,353
483767,4,76,92,[10, 4, 3, 11, 7, 9],[[1, 3], [2, 3], [3, 2], [3, 3], [1, 2], [2, 1]],946,340,883,353
483828,4,76,92,[10, 4, 3, 11, 7, 9],[[1, 3], [2, 3], [3, 2], [3, 3], [1, 2], [2, 1]],959,347,883,353
483880,4,76,92,[10, 4, 3, 11, 7, 9],[[1, 3], [2, 3], [3, 2], [3, 3], [1, 2], [2, 1]],938,368,883,353
483937,4,76,92,[10, 4, 3, 11, 7, 9],[[1, 3], [2, 3], [3, 2], [3, 3], [1, 2], [2, 1]],949,371,883,353
483991,4,76,92,[10, 4, 3, 11, 7, 9],[[1, 3], [2, 3], [3, 2], [3, 3], [1, 2], [2, 1]],931,353,883,354
484045,4,76,92,[10, 4, 3, 11, 7, 9],[[1, 3], [2, 3], [3, 2], [3, 3], [1, 2], [2, 1]],958,356,883,354
484098,4,76,92,[10, 4, 3, 11, 7, 9],[[1, 3], [2, 3], [3, 2], [3, 3], [1, 2], [2, 1]],945,361,914,358
484151,4,76,92,[10, 4, 3, 11, 7, 9],[[1, 3], [2, 3], [3, 2], [3, 3], [1, 2], [2, 1]],931,397,917,356
484205,4,76,92,[10, 4, 3, 11, 7, 9],[[1, 3], [2, 3], [3, 2], [3, 3], [1, 2], [2, 1]],930,407,917,356
484264,4,76,92,[10, 4, 3, 11, 7, 9],[[1, 3], [2, 3], [3, 2], [3, 3], [1, 2], [2, 1]],907,404,917,373
484320,4,76,92,[10, 4, 3, 11, 7, 9],[[1, 3], [2, 3], [3, 2], [3, 3], [1, 2], [2, 1]],903,421,920,381
484378,4,76,92,[10, 4, 3, 11, 7, 9],[[1, 3], [2, 3], [3, 2], [3, 3], [1, 2], [2, 1]],888,428,920,381
484442,4,77,84,[10, 4, 3, 11, 2, 1],[[1, 3], [2, 3], [1, 1], [1, 2], [2, 2], [3, 3]],896,432,920,381
484515,4,77,84,[10, 4, 3, 11, 2, 1],[[1, 3], [2, 3], [1, 1], [1, 2], [2, 2], [3, 3]],900,428,920,381
484580,4,77,84,[10, 4, 3, 11, 2, 1],[[1, 3], [2, 3], [1, 1], [1, 2], [2, 2], [3, 3]],909,429,920,381
484658,4,77,84,[10, 4, 3, 11, 2, 1],[[1, 3], [2, 3], [1, 1], [1, 2], [2, 2], [3, 3]],916,432,920,381
484719,4,77,84,[10, 4, 3, 11, 2, 1],[[1, 3], [2, 3], [1, 1], [1, 2], [2, 2], [3, 3]],913,444,920,381
484790,4,77,84,[10, 4, 3, 11, 2, 1],[[1, 3], [2, 3], [1, 1], [1, 2], [2, 2], [3, 3]],934,446,920,381
484846,4,77,84,[10, 4, 3, 11, 2, 1],[[1, 3], [2, 3], [1, 1], [1, 2], [2, 2], [3, 3]],932,454,920,381
484916,4,77,84,[10, 4, 3, 11, 2, 1],[[1, 3], [2, 3], [1, 1], [1, 2], [2, 2], [3, 3]],930,446,920,381
484984,4,77,84,[10, 4, 3, 11, 2, 1],[[1, 3], [2, 3], [1, 1], [1, 2], [2, 2], [3, 3]],941,423,944,411
485044,4,77,84,[10, 4, 3, 11, 2, 1],[[1, 3], [2, 3], [1, 1], [1, 2], [2, 2], [3, 3]],965,394,978,470
485113,4,77,84,[10, 4, 3, 11, 2, 1],[[1, 3], [2, 3], [1, 1], [1, 2], [2, 2], [3, 3]],937,393,992,494
485168,4,77,84,[10, 4, 3, 11, 2, 1],[[1, 3], [2, 3], [1, 1], [1, 2], [2, 2], [3, 3]],945,396,1003,532
485237,4,77,84,[10, 4, 3, 11, 2, 1],[[1, 3], [2, 3], [1, 1], [1, 2], [2, 2], [3, 3]],957,393,1008,551
485313,4,77,84,[10, 4, 3, 11, 2, 1],[[1, 3], [2, 3], [1, 1], [1, 2], [2, 2], [3, 3]],940,381,1008,560
485369,4,77,84,[10, 4, 3, 11, 2, 1],[[1, 3], [2, 3], [1, 1], [1, 2], [2, 2], [3, 3]],929,395,1008,563
485437,4,77,84,[10, 4, 3, 11, 2, 1],[[1, 3], [2, 3], [1, 1], [1, 2], [2, 2], [3, 3]],910,368,1008,566
485492,4,77,84,[10, 4, 3, 11, 2, 1],[[1, 3], [2, 3], [1, 1], [1, 2], [2, 2], [3, 3]],921,359,1008,566
485559,4,77,84,[10, 4, 3, 11, 2, 1],[[1, 3], [2, 3], [1, 1], [1, 2], [2, 2], [3, 3]],935,358,1004,565
485615,4,77,84,[10, 4, 3, 11, 2, 1],[[1, 3], [2, 3], [1, 1], [1, 2], [2, 2], [3, 3]],933,370,1004,565
485681,4,77,84,[10, 4, 3, 11, 2, 1],[[1, 3], [2, 3], [1, 1], [1, 2], [2, 2], [3, 3]],954,357,1002,565
485732,4,77,84,[10, 4, 3, 11, 2, 1],[[1, 3], [2, 3], [1, 1], [1, 2], [2, 2], [3, 3]],958,362,1002,566
485802,4,77,84,[10, 4, 3, 11, 2, 1],[[1, 3], [2, 3], [1, 1], [1, 2], [2, 2], [3, 3]],958,365,1001,565
485854,4,77,84,[10, 4, 3, 11, 2, 1],[[1, 3], [2, 3], [1, 1], [1, 2], [2, 2], [3, 3]],973,368,993,543
485898,4,77,84,[10, 4, 3, 11, 2, 1],[[1, 3], [2, 3], [1, 1], [1, 2], [2, 2], [3, 3]],972,375,987,520
485944,4,77,84,[10, 4, 3, 11, 2, 1],[[1, 3], [2, 3], [1, 1], [1, 2], [2, 2], [3, 3]],976,389,977,489
486002,4,77,84,[10, 4, 3, 11, 2, 1],[[1, 3], [2, 3], [1, 1], [1, 2], [2, 2], [3, 3]],954,361,961,453
486050,4,77,84,[10, 4, 3, 11, 2, 1],[[1, 3], [2, 3], [1, 1], [1, 2], [2, 2], [3, 3]],953,352,957,445
486100,4,77,84,[10, 4, 3, 11, 2, 1],[[1, 3], [2, 3], [1, 1], [1, 2], [2, 2], [3, 3]],936,333,957,445
486145,4,77,84,[10, 4, 3, 11, 2, 1],[[1, 3], [2, 3], [1, 1], [1, 2], [2, 2], [3, 3]],963,321,957,445
486185,4,77,84,[10, 4, 3, 11, 2, 1],[[1, 3], [2, 3], [1, 1], [1, 2], [2, 2], [3, 3]],983,321,957,445
486232,4,77,84,[10, 4, 3, 11, 2, 1],[[1, 3], [2, 3], [1, 1], [1, 2], [2, 2], [3, 3]],983,298,957,445
486291,4,77,84,[10, 4, 3, 11, 2, 1],[[1, 3], [2, 3], [1, 1], [1, 2], [2, 2], [3, 3]],966,277,957,445
486339,4,77,84,[10, 4, 3, 11, 2, 1],[[1, 3], [2, 3], [1, 1], [1, 2], [2, 2], [3, 3]],960,288,957,445
486379,4,77,84,[10, 4, 3, 11, 2, 1],[[1, 3], [2, 3], [1, 1], [1, 2], [2, 2], [3, 3]],983,303,957,445
486443,4,77,84,[10, 4, 3, 11, 2, 1],[[1, 3], [2, 3], [1, 1], [1, 2], [2, 2], [3, 3]],978,324,953,436
486497,4,77,84,[10, 4, 3, 11, 2, 1],[[1, 3], [2, 3], [1, 1], [1, 2], [2, 2], [3, 3]],948,293,951,429
486550,4,77,84,[10, 4, 3, 11, 2, 1],[[1, 3], [2, 3], [1, 1], [1, 2], [2, 2], [3, 3]],938,253,948,415
486640,4,77,84,[10, 4, 3, 11, 2, 1],[[1, 3], [2, 3], [1, 1], [1, 2], [2, 2], [3, 3]],958,261,949,401
486725,4,77,84,[10, 4, 3, 11, 2, 1],[[1, 3], [2, 3], [1, 1], [1, 2], [2, 2], [3, 3]],945,252,950,395
486804,4,77,84,[10, 4, 3, 11, 2, 1],[[1, 3], [2, 3], [1, 1], [1, 2], [2, 2], [3, 3]],961,241,950,395
486870,4,77,84,[10, 4, 3, 11, 2, 1],[[1, 3], [2, 3], [1, 1], [1, 2], [2, 2], [3, 3]],935,246,950,395
486948,4,77,84,[10, 4, 3, 11, 2, 1],[[1, 3], [2, 3], [1, 1], [1, 2], [2, 2], [3, 3]],931,244,974,328
487008,4,77,84,[10, 4, 3, 11, 2, 1],[[1, 3], [2, 3], [1, 1], [1, 2], [2, 2], [3, 3]],946,228,971,323
487072,4,77,84,[10, 4, 3, 11, 2, 1],[[1, 3], [2, 3], [1, 1], [1, 2], [2, 2], [3, 3]],931,192,947,343
487146,4,77,84,[10, 4, 3, 11, 2, 1],[[1, 3], [2, 3], [1, 1], [1, 2], [2, 2], [3, 3]],943,237,933,369
487212,4,77,84,[10, 4, 3, 11, 2, 1],[[1, 3], [2, 3], [1, 1], [1, 2], [2, 2], [3, 3]],943,243,940,394
487296,4,77,84,[10, 4, 3, 11, 2, 1],[[1, 3], [2, 3], [1, 1], [1, 2], [2, 2], [3, 3]],954,237,948,396
487388,4,77,84,[10, 4, 3, 11, 2, 1],[[1, 3], [2, 3], [1, 1], [1, 2], [2, 2], [3, 3]],948,229,993,359
487474,4,77,84,[10, 4, 3, 11, 2, 1],[[1, 3], [2, 3], [1, 1], [1, 2], [2, 2], [3, 3]],959,238,1001,276
487529,4,77,84,[10, 4, 3, 11, 2, 1],[[1, 3], [2, 3], [1, 1], [1, 2], [2, 2], [3, 3]],958,235,971,238
487571,4,77,84,[10, 4, 3, 11, 2, 1],[[1, 3], [2, 3], [1, 1], [1, 2], [2, 2], [3, 3]],946,230,944,227
487639,4,77,84,[10, 4, 3, 11, 2, 1],[[1, 3], [2, 3], [1, 1], [1, 2], [2, 2], [3, 3]],966,228,934,227
487692,4,77,84,[10, 4, 3, 11, 2, 1],[[1, 3], [2, 3], [1, 1], [1, 2], [2, 2], [3, 3]],956,222,934,227
487737,4,77,84,[10, 4, 3, 11, 2, 1],[[1, 3], [2, 3], [1, 1], [1, 2], [2, 2], [3, 3]],947,198,934,227
487787,4,77,84,[10, 4, 3, 11, 2, 1],[[1, 3], [2, 3], [1, 1], [1, 2], [2, 2], [3, 3]],945,187,934,227
487851,4,77,84,[10, 4, 3, 11, 2, 1],[[1, 3], [2, 3], [1, 1], [1, 2], [2, 2], [3, 3]],948,158,934,227
487916,4,77,84,[10, 4, 3, 11, 2, 1],[[1, 3], [2, 3], [1, 1], [1, 2], [2, 2], [3, 3]],963,168,927,270
487973,4,77,84,[10, 4, 3, 11, 2, 1],[[1, 3], [2, 3], [1, 1], [1, 2], [2, 2], [3, 3]],962,187,939,291
488032,4,77,84,[10, 4, 3, 11, 2, 1],[[1, 3], [2, 3], [1, 1], [1, 2], [2, 2], [3, 3]],959,204,968,298
488082,4,77,84,[10, 4, 3, 11, 2, 1],[[1, 3], [2, 3], [1, 1], [1, 2], [2, 2], [3, 3]],932,206,994,293
488135,4,77,84,[10, 4, 3, 11, 2, 1],[[1, 3], [2, 3], [1, 1], [1, 2], [2, 2], [3, 3]],949,210,1026,239
488189,4,77,84,[10, 4, 3, 11, 2, 1],[[1, 3], [2, 3], [1, 1], [1, 2], [2, 2], [3, 3]],927,184,1011,167
488247,4,77,84,[10, 4, 3, 11, 2, 1],[[1, 3], [2, 3], [1, 1], [1, 2], [2, 2], [3, 3]],932,234,971,131
488295,4,77,84,[10, 4, 3, 11, 2, 1],[[1, 3], [2, 3], [1, 1], [1, 2], [2, 2], [3, 3]],938,241,955,128
488331,4,77,84,[10, 4, 3, 11, 2, 1],[[1, 3], [2, 3], [1, 1], [1, 2], [2, 2], [3, 3]],942,249,940,133
488393,4,77,84,[10, 4, 3, 11, 2, 1],[[1, 3], [2, 3], [1, 1], [1, 2], [2, 2], [3, 3]],955,250,915,149
488441,4,77,84,[10, 4, 3, 11, 2, 1],[[1, 3], [2, 3], [1, 1], [1, 2], [2, 2], [3, 3]],943,259,904,185
488493,4,78,118,[10, 4, 8, 12, 7, 9],[[2, 3], [3, 3], [1, 1], [1, 2], [1, 3], [2, 2]],970,271,920,224
488561,4,78,118,[10, 4, 8, 12, 7, 9],[[2, 3], [3, 3], [1, 1], [1, 2], [1, 3], [2, 2]],966,259,952,250
488618,4,78,118,[10, 4, 8, 12, 7, 9],[[2, 3], [3, 3], [1, 1], [1, 2], [1, 3], [2, 2]],950,261,980,258
488682,4,78,118,[10, 4, 8, 12, 7, 9],[[2, 3], [3, 3], [1, 1], [1, 2], [1, 3], [2, 2]],936,274,995,259
488752,4,78,118,[10, 4, 8, 12, 7, 9],[[2, 3], [3, 3], [1, 1], [1, 2], [1, 3], [2, 2]],902,277,999,259
488798,4,78,118,[10, 4, 8, 12, 7, 9],[[2, 3], [3, 3], [1, 1], [1, 2], [1, 3], [2, 2]],881,267,999,259
488853,4,78,118,[10, 4, 8, 12, 7, 9],[[2, 3], [3, 3], [1, 1], [1, 2], [1, 3], [2, 2]],904,294,999,272
488919,4,78,118,[10, 4, 8, 12, 7, 9],[[2, 3], [3, 3], [1, 1], [1, 2], [1, 3], [2, 2]],883,273,999,290
488971,4,78,118,[10, 4, 8, 12, 7, 9],[[2, 3], [3, 3], [1, 1], [1, 2], [1, 3], [2, 2]],874,265,1003,298
489019,4,78,118,[10, 4, 8, 12, 7, 9],[[2, 3], [3, 3], [1, 1], [1, 2], [1, 3], [2, 2]],891,281,1003,299
489079,4,78,118,[10, 4, 8, 12, 7, 9],[[2, 3], [3, 3], [1, 1], [1, 2], [1, 3], [2, 2]],895,276,1003,299
489129,4,78,118,[10, 4, 8, 12, 7, 9],[[2, 3], [3, 3], [1, 1], [1, 2], [1, 3], [2, 2]],886,283,1003,299
489199,4,78,118,[10, 4, 8, 12, 7, 9],[[2, 3], [3, 3], [1, 1], [1, 2], [1, 3], [2, 2]],882,249,931,301
489257,4,78,118,[10, 4, 8, 12, 7, 9],[[2, 3], [3, 3], [1, 1], [1, 2], [1, 3], [2, 2]],857,239,853,298
489336,4,78,118,[10, 4, 8, 12, 7, 9],[[2, 3], [3, 3], [1, 1], [1, 2], [1, 3], [2, 2]],864,233,853,298
489404,4,78,118,[10, 4, 8, 12, 7, 9],[[2, 3], [3, 3], [1, 1], [1, 2], [1, 3], [2, 2]],863,217,857,307
489488,4,78,118,[10, 4, 8, 12, 7, 9],[[2, 3], [3, 3], [1, 1], [1, 2], [1, 3], [2, 2]],886,215,859,311
489537,4,78,118,[10, 4, 8, 12, 7, 9],[[2, 3], [3, 3], [1, 1], [1, 2], [1, 3], [2, 2]],908,213,859,311
489616,4,78,118,[10, 4, 8, 12, 7, 9],[[2, 3], [3, 3], [1, 1], [1, 2], [1, 3], [2, 2]],898,211,859,311
489664,4,78,118,[10, 4, 8, 12, 7, 9],[[2, 3], [3, 3], [1, 1], [1, 2], [1, 3], [2, 2]],895,239,860,311
489708,4,78,118,[10, 4, 8, 12, 7, 9],[[2, 3], [3, 3], [1, 1], [1, 2], [1, 3], [2, 2]],898,265,860,311
489785,4,78,118,[10, 4, 8, 12, 7, 9],[[2, 3], [3, 3], [1, 1], [1, 2], [1, 3], [2, 2]],887,254,870,290
489837,4,78,118,[10, 4, 8, 12, 7, 9],[[2, 3], [3, 3], [1, 1], [1, 2], [1, 3], [2, 2]],892,240,883,265
489895,4,78,118,[10, 4, 8, 12, 7, 9],[[2, 3], [3, 3], [1, 1], [1, 2], [1, 3], [2, 2]],877,250,892,257
489939,4,78,118,[10, 4, 8, 12, 7, 9],[[2, 3], [3, 3], [1, 1], [1, 2], [1, 3], [2, 2]],876,269,892,257
490003,4,78,118,[10, 4, 8, 12, 7, 9],[[2, 3], [3, 3], [1, 1], [1, 2], [1, 3], [2, 2]],865,272,892,257
490072,4,78,118,[10, 4, 8, 12, 7, 9],[[2, 3], [3, 3], [1, 1], [1, 2], [1, 3], [2, 2]],859,262,892,257
490125,4,78,118,[10, 4, 8, 12, 7, 9],[[2, 3], [3, 3], [1, 1], [1, 2], [1, 3], [2, 2]],851,292,892,257
490183,4,78,118,[10, 4, 8, 12, 7, 9],[[2, 3], [3, 3], [1, 1], [1, 2], [1, 3], [2, 2]],859,266,892,257
490246,4,78,118,[10, 4, 8, 12, 7, 9],[[2, 3], [3, 3], [1, 1], [1, 2], [1, 3], [2, 2]],861,256,892,257
490314,4,78,118,[10, 4, 8, 12, 7, 9],[[2, 3], [3, 3], [1, 1], [1, 2], [1, 3], [2, 2]],868,270,892,257
490351,4,78,118,[10, 4, 8, 12, 7, 9],[[2, 3], [3, 3], [1, 1], [1, 2], [1, 3], [2, 2]],883,272,892,257
490407,4,78,118,[10, 4, 8, 12, 7, 9],[[2, 3], [3, 3], [1, 1], [1, 2], [1, 3], [2, 2]],873,260,892,257
490460,4,78,118,[10, 4, 8, 12, 7, 9],[[2, 3], [3, 3], [1, 1], [1, 2], [1, 3], [2, 2]],869,284,892,257
490508,4,78,118,[10, 4, 8, 12, 7, 9],[[2, 3], [3, 3], [1, 1], [1, 2], [1, 3], [2, 2]],857,312,894,258
490561,4,78,118,[10, 4, 8, 12, 7, 9],[[2, 3], [3, 3], [1, 1], [1, 2], [1, 3], [2, 2]],853,300,909,285
490619,4,78,118,[10, 4, 8, 12, 7, 9],[[2, 3], [3, 3], [1, 1], [1, 2], [1, 3], [2, 2]],858,313,920,298
490697,4,78,118,[10, 4, 8, 12, 7, 9],[[2, 3], [3, 3], [1, 1], [1, 2], [1, 3], [2, 2]],832,291,920,300
490771,4,78,118,[10, 4, 8, 12, 7, 9],[[2, 3], [3, 3], [1, 1], [1, 2], [1, 3], [2, 2]],810,279,939,320
490836,4,78,118,[10, 4, 8, 12, 7, 9],[[2, 3], [3, 3], [1, 1], [1, 2], [1, 3], [2, 2]],793,302,957,327
490882,4,78,118,[10, 4, 8, 12, 7, 9],[[2, 3], [3, 3], [1, 1], [1, 2], [1, 3], [2, 2]],802,290,977,322
490953,4,78,118,[10, 4, 8, 12, 7, 9],[[2, 3], [3, 3], [1, 1], [1, 2], [1, 3], [2, 2]],810,304,994,287
491025,4,78,118,[10, 4, 8, 12, 7, 9],[[2, 3], [3, 3], [1, 1], [1, 2], [1, 3], [2, 2]],821,306,986,246
491071,4,78,118,[10, 4, 8, 12, 7, 9],[[2, 3], [3, 3], [1, 1], [1, 2], [1, 3], [2, 2]],798,316,960,226
491122,4,78,118,[10, 4, 8, 12, 7, 9],[[2, 3], [3, 3], [1, 1], [1, 2], [1, 3], [2, 2]],763,309,916,216
491186,4,78,118,[10, 4, 8, 12, 7, 9],[[2, 3], [3, 3], [1, 1], [1, 2], [1, 3], [2, 2]],760,297,871,211
491233,4,78,118,[10, 4, 8, 12, 7, 9],[[2, 3], [3, 3], [1, 1], [1, 2], [1, 3], [2, 2]],779,275,849,210
491296,4,78,118,[10, 4, 8, 12, 7, 9],[[2, 3], [3, 3], [1, 1], [1, 2], [1, 3], [2, 2]],775,265,833,222
491356,4,78,118,[10, 4, 8, 12, 7, 9],[[2, 3], [3, 3], [1, 1], [1, 2], [1, 3], [2, 2]],747,277,817,242
491405,4,78,118,[10, 4, 8, 12, 7, 9],[[2, 3], [3, 3], [1, 1], [1, 2], [1, 3], [2, 2]],726,275,812,255
491467,4,78,118,[10, 4, 8, 12, 7, 9],[[2, 3], [3, 3], [1, 1], [1, 2], [1, 3], [2, 2]],732,278,810,280
491556,4,78,118,[10, 4, 8, 12, 7, 9],[[2, 3], [3, 3], [1, 1], [1, 2], [1, 3], [2, 2]],724,263,828,304
491628,4,78,118,[10, 4, 8, 12, 7, 9],[[2, 3], [3, 3], [1, 1], [1, 2], [1, 3], [2, 2]],743,264,849,310
491687,4,78,118,[10, 4, 8, 12, 7, 9],[[2, 3], [3, 3], [1, 1], [1, 2], [1, 3], [2, 2]],756,263,861,294
491761,4,78,118,[10, 4, 8, 12, 7, 9],[[2, 3], [3, 3], [1, 1], [1, 2], [1, 3], [2, 2]],732,266,821,251
491803,4,78,118,[10, 4, 8, 12, 7, 9],[[2, 3], [3, 3], [1, 1], [1, 2], [1, 3], [2, 2]],727,262,760,236
491860,4,78,118,[10, 4, 8, 12, 7, 9],[[2, 3], [3, 3], [1, 1], [1, 2], [1, 3], [2, 2]],726,265,735,234
491917,4,78,118,[10, 4, 8, 12, 7, 9],[[2, 3], [3, 3], [1, 1], [1, 2], [1, 3], [2, 2]],726,244,718,234
491980,4,78,118,[10, 4, 8, 12, 7, 9],[[2, 3], [3, 3], [1, 1], [1, 2], [1, 3], [2, 2]],739,218,714,237
492028,4,78,118,[10, 4, 8, 12, 7, 9],[[2, 3], [3, 3], [1, 1], [1, 2], [1, 3], [2, 2]],735,238,714,237
492069,4,78,118,[10, 4, 8, 12, 7, 9],[[2, 3], [3, 3], [1, 1], [1, 2], [1, 3], [2, 2]],740,261,714,237
492111,4,78,118,[10, 4, 8, 12, 7, 9],[[2, 3], [3, 3], [1, 1], [1, 2], [1, 3], [2, 2]],736,263,714,237
492188,4,78,118,[10, 4, 8, 12, 7, 9],[[2, 3], [3, 3], [1, 1], [1, 2], [1, 3], [2, 2]],723,268,714,237
492227,4,78,118,[10, 4, 8, 12, 7, 9],[[2, 3], [3, 3], [1, 1], [1, 2], [1, 3], [2, 2]],716,264,714,237
492281,4,78,118,[10, 4, 8, 12, 7, 9],[[2, 3], [3, 3], [1, 1], [1, 2], [1, 3], [2, 2]],721,279,714,237
492354,4,78,118,[10, 4, 8, 12, 7, 9],[[2, 3], [3, 3], [1, 1], [1, 2], [1, 3], [2, 2]],714,282,717,254
492424,4,78,118,[10, 4, 8, 12, 7, 9],[[2, 3], [3, 3], [1, 1], [1, 2], [1, 3], [2, 2]],710,275,734,279
492482,4,78,118,[10, 4, 8, 12, 7, 9],[[2, 3], [3, 3], [1, 1], [1, 2], [1, 3], [2, 2]],731,264,735,280
492522,4,78,118,[10, 4, 8, 12, 7, 9],[[2, 3], [3, 3], [1, 1], [1, 2], [1, 3], [2, 2]],729,275,735,281
492580,4,79,121,[6, 5, 8, 12, 7, 9],[[2, 3], [3, 3], [1, 2], [1, 3], [2, 2], [3, 1]],700,274,739,288
492633,4,79,121,[6, 5, 8, 12, 7, 9],[[2, 3], [3, 3], [1, 2], [1, 3], [2, 2], [3, 1]],706,286,741,295
492688,4,79,121,[6, 5, 8, 12, 7, 9],[[2, 3], [3, 3], [1, 2], [1, 3], [2, 2], [3, 1]],731,274,743,297
492756,4,79,121,[6, 5, 8, 12, 7, 9],[[2, 3], [3, 3], [1, 2], [1, 3], [2, 2], [3, 1]],724,279,743,297
492809,4,79,121,[6, 5, 8, 12, 7, 9],[[2, 3], [3, 3], [1, 2], [1, 3], [2, 2], [3, 1]],734,296,743,297
492887,4,79,121,[6, 5, 8, 12, 7, 9],[[2, 3], [3, 3], [1, 2], [1, 3], [2, 2], [3, 1]],733,292,743,297
492957,4,79,121,[6, 5, 8, 12, 7, 9],[[2, 3], [3, 3], [1, 2], [1, 3], [2, 2], [3, 1]],736,281,751,307
493026,4,79,121,[6, 5, 8, 12, 7, 9],[[2, 3], [3, 3], [1, 2], [1, 3], [2, 2], [3, 1]],721,265,752,307
493070,4,79,121,[6, 5, 8, 12, 7, 9],[[2, 3], [3, 3], [1, 2], [1, 3], [2, 2], [3, 1]],703,278,752,307
493153,4,79,121,[6, 5, 8, 12, 7, 9],[[2, 3], [3, 3], [1, 2], [1, 3], [2, 2], [3, 1]],718,260,752,307
493191,4,79,121,[6, 5, 8, 12, 7, 9],[[2, 3], [3, 3], [1, 2], [1, 3], [2, 2], [3, 1]],712,256,752,307
493270,4,79,121,[6, 5, 8, 12, 7, 9],[[2, 3], [3, 3], [1, 2], [1, 3], [2, 2], [3, 1]],703,242,752,307
493310,4,79,121,[6, 5, 8, 12, 7, 9],[[2, 3], [3, 3], [1, 2], [1, 3], [2, 2], [3, 1]],711,235,752,307
493356,4,79,121,[6, 5, 8, 12, 7, 9],[[2, 3], [3, 3], [1, 2], [1, 3], [2, 2], [3, 1]],712,252,752,307
493409,4,79,121,[6, 5, 8, 12, 7, 9],[[2, 3], [3, 3], [1, 2], [1, 3], [2, 2], [3, 1]],711,251,752,307
493458,4,79,121,[6, 5, 8, 12, 7, 9],[[2, 3], [3, 3], [1, 2], [1, 3], [2, 2], [3, 1]],713,268,752,307
493512,4,79,121,[6, 5, 8, 12, 7, 9],[[2, 3], [3, 3], [1, 2], [1, 3], [2, 2], [3, 1]],743,270,752,307
493568,4,79,121,[6, 5, 8, 12, 7, 9],[[2, 3], [3, 3], [1, 2], [1, 3], [2, 2], [3, 1]],773,258,752,307
493635,4,79,121,[6, 5, 8, 12, 7, 9],[[2, 3], [3, 3], [1, 2], [1, 3], [2, 2], [3, 1]],767,234,752,307
493702,4,79,121,[6, 5, 8, 12, 7, 9],[[2, 3], [3, 3], [1, 2], [1, 3], [2, 2], [3, 1]],775,223,745,291
493776,4,79,121,[6, 5, 8, 12, 7, 9],[[2, 3], [3, 3], [1, 2], [1, 3], [2, 2], [3, 1]],760,235,742,282
493842,4,79,121,[6, 5, 8, 12, 7, 9],[[2, 3], [3, 3], [1, 2], [1, 3], [2, 2], [3, 1]],734,227,742,282
493899,4,79,121,[6, 5, 8, 12, 7, 9],[[2, 3], [3, 3], [1, 2], [1, 3], [2, 2], [3, 1]],726,236,742,282
493950,4,79,121,[6, 5, 8, 12, 7, 9],[[2, 3], [3, 3], [1, 2], [1, 3], [2, 2], [3, 1]],729,226,742,282
494007,4,79,121,[6, 5, 8, 12, 7, 9],[[2, 3], [3, 3], [1, 2], [1, 3], [2, 2], [3, 1]],748,193,742,282
494054,4,79,121,[6, 5, 8, 12, 7, 9],[[2, 3], [3, 3], [1, 2], [1, 3], [2, 2], [3, 1]],740,182,753,276
494104,4,79,121,[6, 5, 8, 12, 7, 9],[[2, 3], [3, 3], [1, 2], [1, 3], [2, 2], [3, 1]],734,180,765,268
494143,4,79,121,[6, 5, 8, 12, 7, 9],[[2, 3], [3, 3], [1, 2], [1, 3], [2, 2], [3, 1]],714,164,766,266
494207,4,79,121,[6, 5, 8, 12, 7, 9],[[2, 3], [3, 3], [1, 2], [1, 3], [2, 2], [3, 1]],698,164,766,266
494270,4,79,121,[6, 5, 8, 12, 7, 9],[[2, 3], [3, 3], [1, 2], [1, 3], [2, 2], [3, 1]],724,139,766,265
494318,4,79,121,[6, 5, 8, 12, 7, 9],[[2, 3], [3, 3], [1, 2], [1, 3], [2, 2], [3, 1]],717,140,765,248
494381,4,79,121,[6, 5, 8, 12, 7, 9],[[2, 3], [3, 3], [1, 2], [1, 3], [2, 2], [3, 1]],727,146,763,225
494454,4,79,121,[6, 5, 8, 12, 7, 9],[[2, 3], [3, 3], [1, 2], [1, 3], [2, 2], [3, 1]],726,133,754,205
494517,4,79,121,[6, 5, 8, 12, 7, 9],[[2, 3], [3, 3], [1, 2], [1, 3], [2, 2], [3, 1]],720,136,751,199
494570,4,79,121,[6, 5, 8, 12, 7, 9],[[2, 3], [3, 3], [1, 2], [1, 3], [2, 2], [3, 1]],746,142,750,195
494622,4,79,121,[6, 5, 8, 12, 7, 9],[[2, 3], [3, 3], [1, 2], [1, 3], [2, 2], [3, 1]],725,125,745,188
494679,4,79,121,[6, 5, 8, 12, 7, 9],[[2, 3], [3, 3], [1, 2], [1, 3], [2, 2], [3, 1]],720,118,744,187
494742,4,79,121,[6, 5, 8, 12, 7, 9],[[2, 3], [3, 3], [1, 2], [1, 3], [2, 2], [3, 1]],719,134,744,187
494800,4,79,121,[6, 5, 8, 12, 7, 9],[[2, 3], [3, 3], [1, 2], [1, 3], [2, 2], [3, 1]],691,146,744,187
494857,4,79,121,[6, 5, 8, 12, 7, 9],[[2, 3], [3, 3], [1, 2], [1, 3], [2, 2], [3, 1]],673,146,744,187
494919,4,79,121,[6, 5, 8, 12, 7, 9],[[2, 3], [3, 3], [1, 2], [1, 3], [2, 2], [3, 1]],678,140,744,187
494967,4,79,121,[6, 5, 8, 12, 7, 9],[[2, 3], [3, 3], [1, 2], [1, 3], [2, 2], [3, 1]],657,171,744,187
495051,4,79,121,[6, 5, 8, 12, 7, 9],[[2, 3], [3, 3], [1, 2], [1, 3], [2, 2], [3, 1]],660,165,744,187
495101,4,79,121,[6, 5, 8, 12, 7, 9],[[2, 3], [3, 3], [1, 2], [1, 3], [2, 2], [3, 1]],647,184,740,195
495153,4,79,121,[6, 5, 8, 12, 7, 9],[[2, 3], [3, 3], [1, 2], [1, 3], [2, 2], [3, 1]],677,187,740,195
495232,4,79,121,[6, 5, 8, 12, 7, 9],[[2, 3], [3, 3], [1, 2], [1, 3], [2, 2], [3, 1]],693,185,740,195
495315,4,79,121,[6, 5, 8, 12, 7, 9],[[2, 3], [3, 3], [1, 2], [1, 3], [2, 2], [3, 1]],691,206,740,195
495388,4,79,121,[6, 5, 8, 12, 7, 9],[[2, 3], [3, 3], [1, 2], [1, 3], [2, 2], [3, 1]],724,180,738,198
495432,4,79,121,[6, 5, 8, 12, 7, 9],[[2, 3], [3, 3], [1, 2], [1, 3], [2, 2], [3, 1]],746,163,721,212
495474,4,79,121,[6, 5, 8, 12, 7, 9],[[2, 3], [3, 3], [1, 2], [1, 3], [2, 2], [3, 1]],774,172,718,218
495518,4,79,121,[6, 5, 8, 12, 7, 9],[[2, 3], [3, 3], [1, 2], [1, 3], [2, 2], [3, 1]],782,183,718,221
495591,4,79,121,[6, 5, 8, 12, 7, 9],[[2, 3], [3, 3], [1, 2], [1, 3], [2, 2], [3, 1]],793,181,718,221
495644,4,79,121,[6, 5, 8, 12, 7, 9],[[2, 3], [3, 3], [1, 2], [1, 3], [2, 2], [3, 1]],793,213,718,221
495684,4,79,121,[6, 5, 8, 12, 7, 9],[[2, 3], [3, 3], [1, 2], [1, 3], [2, 2], [3, 1]],807,186,718,221
495757,4,79,121,[6, 5, 8, 12, 7, 9],[[2, 3], [3, 3], [1, 2], [1, 3], [2, 2], [3, 1]],806,173,720,223
495825,4,79,121,[6, 5, 8, 12, 7, 9],[[2, 3], [3, 3], [1, 2], [1, 3], [2, 2], [3, 1]],804,179,722,225
495879,4,79,121,[6, 5, 8, 12, 7, 9],[[2, 3], [3, 3], [1, 2], [1, 3], [2, 2], [3, 1]],803,199,748,245
495932,4,79,121,[6, 5, 8, 12, 7, 9],[[2, 3], [3, 3], [1, 2], [1, 3], [2, 2], [3, 1]],781,184,776,256
495986,4,79,121,[6, 5, 8, 12, 7, 9],[[2, 3], [3, 3], [1, 2], [1, 3], [2, 2], [3, 1]],809,211,807,259
496033,4,79,121,[6, 5, 8, 12, 7, 9],[[2, 3], [3, 3], [1, 2], [1, 3], [2, 2], [3, 1]],838,240,827,259
496078,4,79,121,[6, 5, 8, 12, 7, 9],[[2, 3], [3, 3], [1, 2], [1, 3], [2, 2], [3, 1]],812,221,833,257
496123,4,79,121,[6, 5, 8, 12, 7, 9],[[2, 3], [3, 3], [1, 2], [1, 3], [2, 2], [3, 1]],815,233,839,255
496173,4,79,121,[6, 5, 8, 12, 7, 9],[[2, 3], [3, 3], [1, 2], [1, 3], [2, 2], [3, 1]],832,241,839,255
496218,4,79,121,[6, 5, 8, 12, 7, 9],[[2, 3], [3, 3], [1, 2], [1, 3], [2, 2], [3, 1]],862,250,839,241
496268,4,79,121,[6, 5, 8, 12, 7, 9],[[2, 3], [3, 3], [1, 2], [1, 3], [2, 2], [3, 1]],883,227,838,235
496309,4,79,121,[6, 5, 8, 12, 7, 9],[[2, 3], [3, 3], [1, 2], [1, 3], [2, 2], [3, 1]],879,237,838,235
496347,4,79,121,[6, 5, 8, 12, 7, 9],[[2, 3], [3, 3], [1, 2], [1, 3], [2, 2], [3, 1]],873,238,836,234
496422,4,79,121,[6, 5, 8, 12, 7, 9],[[2, 3], [3, 3], [1, 2], [1, 3], [2, 2], [3, 1]],880,275,834,230
496497,4,79,121,[6, 5, 8, 12, 7, 9],[[2, 3], [3, 3], [1, 2], [1, 3], [2, 2], [3, 1]],888,266,834,230
496555,4,79,121,[6, 5, 8, 12, 7, 9],[[2, 3], [3, 3], [1, 2], [1, 3], [2, 2], [3, 1]],872,299,833,240
496603,4,80,9,[6, 5, 8, 12, 2, 1],[[1, 1], [2, 1], [1, 2], [1, 3], [2, 2], [3, 3]],860,318,833,250
496654,4,80,9,[6, 5, 8, 12, 2, 1],[[1, 1], [2, 1], [1, 2], [1, 3], [2, 2], [3, 3]],859,321,837,253
496729,4,80,9,[6, 5, 8, 12, 2, 1],[[1, 1], [2, 1], [1, 2], [1, 3], [2, 2], [3, 3]],867,331,851,261
496792,4,80,9,[6, 5, 8, 12, 2, 1],[[1, 1], [2, 1], [1, 2], [1, 3], [2, 2], [3, 3]],855,333,872,268
496844,4,80,9,[6, 5, 8, 12, 2, 1],[[1, 1], [2, 1], [1, 2], [1, 3], [2, 2], [3, 3]],884,327,879,272
496941,4,80,9,[6, 5, 8, 12, 2, 1],[[1, 1], [2, 1], [1, 2], [1, 3], [2, 2], [3, 3]],909,293,879,272
496982,4,80,9,[6, 5, 8, 12, 2, 1],[[1, 1], [2, 1], [1, 2], [1, 3], [2, 2], [3, 3]],900,307,879,274
497044,4,80,9,[6, 5, 8, 12, 2, 1],[[1, 1], [2, 1], [1, 2], [1, 3], [2, 2], [3, 3]],904,315,882,283
497103,4,80,9,[6, 5, 8, 12, 2, 1],[[1, 1], [2, 1], [1, 2], [1, 3], [2, 2], [3, 3]],887,326,882,294
497158,4,80,9,[6, 5, 8, 12, 2, 1],[[1, 1], [2, 1], [1, 2], [1, 3], [2, 2], [3, 3]],878,347,884,307
497228,4,80,9,[6, 5, 8, 12, 2, 1],[[1, 1], [2, 1], [1, 2], [1, 3], [2, 2], [3, 3]],852,354,885,321
497291,4,80,9,[6, 5, 8, 12, 2, 1],[[1, 1], [2, 1], [1, 2], [1, 3], [2, 2], [3, 3]],833,356,888,329
497382,4,80,9,[6, 5, 8, 12, 2, 1],[[1, 1], [2, 1], [1, 2], [1, 3], [2, 2], [3, 3]],848,352,892,343
497456,4,80,9,[6, 5, 8, 12, 2, 1],[[1, 1], [2, 1], [1, 2], [1, 3], [2, 2], [3, 3]],848,360,898,357
497516,4,80,9,[6, 5, 8, 12, 2, 1],[[1, 1], [2, 1], [1, 2], [1, 3], [2, 2], [3, 3]],814,349,900,365
497568,4,80,9,[6, 5, 8, 12, 2, 1],[[1, 1], [2, 1], [1, 2], [1, 3], [2, 2], [3, 3]],824,374,900,372
497618,4,80,9,[6, 5, 8, 12, 2, 1],[[1, 1], [2, 1], [1, 2], [1, 3], [2, 2], [3, 3]],792,363,898,385
497699,4,80,9,[6, 5, 8, 12, 2, 1],[[1, 1], [2, 1], [1, 2], [1, 3], [2, 2], [3, 3]],789,359,896,390
497759,4,80,9,[6, 5, 8, 12, 2, 1],[[1, 1], [2, 1], [1, 2], [1, 3], [2, 2], [3, 3]],814,368,896,393
497829,4,80,9,[6, 5, 8, 12, 2, 1],[[1, 1], [2, 1], [1, 2], [1, 3], [2, 2], [3, 3]],841,379,896,393
497895,4,80,9,[6, 5, 8, 12, 2, 1],[[1, 1], [2, 1], [1, 2], [1, 3], [2, 2], [3, 3]],825,397,893,403
497954,4,80,9,[6, 5, 8, 12, 2, 1],[[1, 1], [2, 1], [1, 2], [1, 3], [2, 2], [3, 3]],800,394,880,414
498006,4,80,9,[6, 5, 8, 12, 2, 1],[[1, 1], [2, 1], [1, 2], [1, 3], [2, 2], [3, 3]],797,404,850,434
498064,4,80,9,[6, 5, 8, 12, 2, 1],[[1, 1], [2, 1], [1, 2], [1, 3], [2, 2], [3, 3]],795,418,835,442
498118,4,80,9,[6, 5, 8, 12, 2, 1],[[1, 1], [2, 1], [1, 2], [1, 3], [2, 2], [3, 3]],760,445,835,442
498171,4,80,9,[6, 5, 8, 12, 2, 1],[[1, 1], [2, 1], [1, 2], [1, 3], [2, 2], [3, 3]],763,417,835,442
498223,4,80,9,[6, 5, 8, 12, 2, 1],[[1, 1], [2, 1], [1, 2], [1, 3], [2, 2], [3, 3]],756,415,833,446
498276,4,80,9,[6, 5, 8, 12, 2, 1],[[1, 1], [2, 1], [1, 2], [1, 3], [2, 2], [3, 3]],718,447,823,457
498324,4,80,9,[6, 5, 8, 12, 2, 1],[[1, 1], [2, 1], [1, 2], [1, 3], [2, 2], [3, 3]],688,440,812,471
498385,4,80,9,[6, 5, 8, 12, 2, 1],[[1, 1], [2, 1], [1, 2], [1, 3], [2, 2], [3, 3]],681,447,797,489
498438,4,80,9,[6, 5, 8, 12, 2, 1],[[1, 1], [2, 1], [1, 2], [1, 3], [2, 2], [3, 3]],695,444,783,504
498491,4,80,9,[6, 5, 8, 12, 2, 1],[[1, 1], [2, 1], [1, 2], [1, 3], [2, 2], [3, 3]],688,446,774,514
498544,4,80,9,[6, 5, 8, 12, 2, 1],[[1, 1], [2, 1], [1, 2], [1, 3], [2, 2], [3, 3]],688,453,766,520
498627,4,80,9,[6, 5, 8, 12, 2, 1],[[1, 1], [2, 1], [1, 2], [1, 3], [2, 2], [3, 3]],678,442,751,528
498702,4,80,9,[6, 5, 8, 12, 2, 1],[[1, 1], [2, 1], [1, 2], [1, 3], [2, 2], [3, 3]],673,435,732,536
498792,4,80,9,[6, 5, 8, 12, 2, 1],[[1, 1], [2, 1], [1, 2], [1, 3], [2, 2], [3, 3]],683,433,714,541
498849,4,80,9,[6, 5, 8, 12, 2, 1],[[1, 1], [2, 1], [1, 2], [1, 3], [2, 2], [3, 3]],669,419,706,541
498903,4,80,9,[6, 5, 8, 12, 2, 1],[[1, 1], [2, 1], [1, 2], [1, 3], [2, 2], [3, 3]],692,429,695,542
498961,4,80,9,[6, 5, 8, 12, 2, 1],[[1, 1], [2, 1], [1, 2], [1, 3], [2, 2], [3, 3]],686,469,694,542
499025,4,80,9,[6, 5, 8, 12, 2, 1],[[1, 1], [2, 1], [1, 2], [1, 3], [2, 2], [3, 3]],667,449,694,542
499102,4,80,9,[6, 5, 8, 12, 2, 1],[[1, 1], [2, 1], [1, 2], [1, 3], [2, 2], [3, 3]],672,468,693,516
499174,4,80,9,[6, 5, 8, 12, 2, 1],[[1, 1], [2, 1], [1, 2], [1, 3], [2, 2], [3, 3]],657,463,701,491
499237,4,80,9,[6, 5, 8, 12, 2, 1],[[1, 1], [2, 1], [1, 2], [1, 3], [2, 2], [3, 3]],680,432,703,485
499311,4,80,9,[6, 5, 8, 12, 2, 1],[[1, 1], [2, 1], [1, 2], [1, 3], [2, 2], [3, 3]],688,407,703,485
499382,4,80,9,[6, 5, 8, 12, 2, 1],[[1, 1], [2, 1], [1, 2], [1, 3], [2, 2], [3, 3]],689,397,703,485
499445,4,80,9,[6, 5, 8, 12, 2, 1],[[1, 1], [2, 1], [1, 2], [1, 3], [2, 2], [3, 3]],682,395,703,485
499495,4,80,9,[6, 5, 8, 12, 2, 1],[[1, 1], [2, 1], [1, 2], [1, 3], [2, 2], [3, 3]],638,394,698,490
499559,4,80,9,[6, 5, 8, 12, 2, 1],[[1, 1], [2, 1], [1, 2], [1, 3], [2, 2], [3, 3]],671,388,690,496
499617,4,80,9,[6, 5, 8, 12, 2, 1],[[1, 1], [2, 1], [1, 2], [1, 3], [2, 2], [3, 3]],699,398,689,497
499683,4,80,9,[6, 5, 8, 12, 2, 1],[[1, 1], [2, 1], [1, 2], [1, 3], [2, 2], [3, 3]],675,390,689,497
499750,4,80,9,[6, 5, 8, 12, 2, 1],[[1, 1], [2, 1], [1, 2], [1, 3], [2, 2], [3, 3]],692,394,681,499
499782,4,80,9,[6, 5, 8, 12, 2, 1],[[1, 1], [2, 1], [1, 2], [1, 3], [2, 2], [3, 3]],675,404,672,500
499838,4,80,9,[6, 5, 8, 12, 2, 1],[[1, 1], [2, 1], [1, 2], [1, 3], [2, 2], [3, 3]],657,406,671,500
499902,4,80,9,[6, 5, 8, 12, 2, 1],[[1, 1], [2, 1], [1, 2], [1, 3], [2, 2], [3, 3]],652,430,662,485
499951,4,80,9,[6, 5, 8, 12, 2, 1],[[1, 1], [2, 1], [1, 2], [1, 3], [2, 2], [3, 3]],635,447,662,485
499991,4,80,9,[6, 5, 8, 12, 2, 1],[[1, 1], [2, 1], [1, 2], [1, 3], [2, 2], [3, 3]],636,462,662,485
500037,4,80,9,[6, 5, 8, 12, 2, 1],[[1, 1], [2, 1], [1, 2], [1, 3], [2, 2], [3, 3]],637,472,662,485
500078,4,80,9,[6, 5, 8, 12, 2, 1],[[1, 1], [2, 1], [1, 2], [1, 3], [2, 2], [3, 3]],634,482,662,485
500135,4,80,9,[6, 5, 8, 12, 2, 1],[[1, 1], [2, 1], [1, 2], [1, 3], [2, 2], [3, 3]],633,472,662,485
500188,4,80,9,[6, 5, 8, 12, 2, 1],[[1, 1], [2, 1], [1, 2], [1, 3], [2, 2], [3, 3]],659,462,662,485
500236,4,80,9,[6, 5, 8, 12, 2, 1],[[1, 1], [2, 1], [1, 2], [1, 3], [2, 2], [3, 3]],646,460,662,485
500289,4,80,9,[6, 5, 8, 12, 2, 1],[[1, 1], [2, 1], [1, 2], [1, 3], [2, 2], [3, 3]],627,433,662,485
500341,4,80,9,[6, 5, 8, 12, 2, 1],[[1, 1], [2, 1], [1, 2], [1, 3], [2, 2], [3, 3]],609,444,662,485
500394,4,80,9,[6, 5, 8, 12, 2, 1],[[1, 1], [2, 1], [1, 2], [1, 3], [2, 2], [3, 3]],625,459,662,485
500452,4,80,9,[6, 5, 8, 12, 2, 1],[[1, 1], [2, 1], [1, 2], [1, 3], [2, 2], [3, 3]],658,471,661,490
500509,4,80,9,[6, 5, 8, 12, 2, 1],[[1, 1], [2, 1], [1, 2], [1, 3], [2, 2], [3, 3]],656,469,665,498
500557,4,80,9,[6, 5, 8, 12, 2, 1],[[1, 1], [2, 1], [1, 2], [1, 3], [2, 2], [3, 3]],654,474,665,500
500610,4,80,9,[6, 5, 8, 12, 2, 1],[[1, 1], [2, 1], [1, 2], [1, 3], [2, 2], [3, 3]],658,465,663,501
500662,4,81,88,[10, 4, 3, 11, 7, 9],[[1, 3], [2, 3], [3, 2], [3, 3], [2, 2], [3, 1]],658,457,653,508
500715,4,81,88,[10, 4, 3, 11, 7, 9],[[1, 3], [2, 3], [3, 2], [3, 3], [2, 2], [3, 1]],685,457,644,516
500763,4,81,88,[10, 4, 3, 11, 7, 9],[[1, 3], [2, 3], [3, 2], [3, 3], [2, 2], [3, 1]],691,443,628,524
500835,4,81,88,[10, 4, 3, 11, 7, 9],[[1, 3], [2, 3], [3, 2], [3, 3], [2, 2], [3, 1]],680,462,616,529
500896,4,81,88,[10, 4, 3, 11, 7, 9],[[1, 3], [2, 3], [3, 2], [3, 3], [2, 2], [3, 1]],711,463,610,532
500963,4,81,88,[10, 4, 3, 11, 7, 9],[[1, 3], [2, 3], [3, 2], [3, 3], [2, 2], [3, 1]],702,455,585,517
501019,4,81,88,[10, 4, 3, 11, 7, 9],[[1, 3], [2, 3], [3, 2], [3, 3], [2, 2], [3, 1]],686,440,585,516
501088,4,81,88,[10, 4, 3, 11, 7, 9],[[1, 3], [2, 3], [3, 2], [3, 3], [2, 2], [3, 1]],684,452,585,516
501146,4,81,88,[10, 4, 3, 11, 7, 9],[[1, 3], [2, 3], [3, 2], [3, 3], [2, 2], [3, 1]],668,444,585,516
501234,4,81,88,[10, 4, 3, 11, 7, 9],[[1, 3], [2, 3], [3, 2], [3, 3], [2, 2], [3, 1]],669,452,585,516
501299,4,81,88,[10, 4, 3, 11, 7, 9],[[1, 3], [2, 3], [3, 2], [3, 3], [2, 2], [3, 1]],679,461,585,516
501378,4,81,88,[10, 4, 3, 11, 7, 9],[[1, 3], [2, 3], [3, 2], [3, 3], [2, 2], [3, 1]],682,458,608,519
501446,4,81,88,[10, 4, 3, 11, 7, 9],[[1, 3], [2, 3], [3, 2], [3, 3], [2, 2], [3, 1]],688,459,645,514
501514,4,81,88,[10, 4, 3, 11, 7, 9],[[1, 3], [2, 3], [3, 2], [3, 3], [2, 2], [3, 1]],705,450,649,504
501579,4,81,88,[10, 4, 3, 11, 7, 9],[[1, 3], [2, 3], [3, 2], [3, 3], [2, 2], [3, 1]],690,451,667,485
501634,4,81,88,[10, 4, 3, 11, 7, 9],[[1, 3], [2, 3], [3, 2], [3, 3], [2, 2], [3, 1]],683,451,679,478
501695,4,81,88,[10, 4, 3, 11, 7, 9],[[1, 3], [2, 3], [3, 2], [3, 3], [2, 2], [3, 1]],685,452,692,462
501773,4,81,88,[10, 4, 3, 11, 7, 9],[[1, 3], [2, 3], [3, 2], [3, 3], [2, 2], [3, 1]],687,455,697,442
501855,4,81,88,[10, 4, 3, 11, 7, 9],[[1, 3], [2, 3], [3, 2], [3, 3], [2, 2], [3, 1]],675,465,697,442
501907,4,81,88,[10, 4, 3, 11, 7, 9],[[1, 3], [2, 3], [3, 2], [3, 3], [2, 2], [3, 1]],674,451,689,450
501959,4,81,88,[10, 4, 3, 11, 7, 9],[[1, 3], [2, 3], [3, 2], [3, 3], [2, 2], [3, 1]],657,438,680,460
502017,4,81,88,[10, 4, 3, 11, 7, 9],[[1, 3], [2, 3], [3, 2], [3, 3], [2, 2], [3, 1]],662,461,676,471
502075,4,81,88,[10, 4, 3, 11, 7, 9],[[1, 3], [2, 3], [3, 2], [3, 3], [2, 2], [3, 1]],629,454,662,482
502127,4,81,88,[10, 4, 3, 11, 7, 9],[[1, 3], [2, 3], [3, 2], [3, 3], [2, 2], [3, 1]],618,470,657,487
502180,4,81,88,[10, 4, 3, 11, 7, 9],[[1, 3], [2, 3], [3, 2], [3, 3], [2, 2], [3, 1]],616,484,649,494
502243,4,81,88,[10, 4, 3, 11, 7, 9],[[1, 3], [2, 3], [3, 2], [3, 3], [2, 2], [3, 1]],635,503,648,494
502296,4,81,88,[10, 4, 3, 11, 7, 9],[[1, 3], [2, 3], [3, 2], [3, 3], [2, 2], [3, 1]],610,512,637,498
502349,4,81,88,[10, 4, 3, 11, 7, 9],[[1, 3], [2, 3], [3, 2], [3, 3], [2, 2], [3, 1]],571,509,630,501
502407,4,81,88,[10, 4, 3, 11, 7, 9],[[1, 3], [2, 3], [3, 2], [3, 3], [2, 2], [3, 1]],560,485,625,502
502465,4,81,88,[10, 4, 3, 11, 7, 9],[[1, 3], [2, 3], [3, 2], [3, 3], [2, 2], [3, 1]],554,486,624,502
502535,4,81,88,[10, 4, 3, 11, 7, 9],[[1, 3], [2, 3], [3, 2], [3, 3], [2, 2], [3, 1]],564,510,624,502
502578,4,81,88,[10, 4, 3, 11, 7, 9],[[1, 3], [2, 3], [3, 2], [3, 3], [2, 2], [3, 1]],579,495,624,502
502656,4,81,88,[10, 4, 3, 11, 7, 9],[[1, 3], [2, 3], [3, 2], [3, 3], [2, 2], [3, 1]],576,502,624,502
502706,4,81,88,[10, 4, 3, 11, 7, 9],[[1, 3], [2, 3], [3, 2], [3, 3], [2, 2], [3, 1]],580,490,626,504
502746,4,81,88,[10, 4, 3, 11, 7, 9],[[1, 3], [2, 3], [3, 2], [3, 3], [2, 2], [3, 1]],567,504,627,504
502820,4,81,88,[10, 4, 3, 11, 7, 9],[[1, 3], [2, 3], [3, 2], [3, 3], [2, 2], [3, 1]],583,494,627,504
502880,4,81,88,[10, 4, 3, 11, 7, 9],[[1, 3], [2, 3], [3, 2], [3, 3], [2, 2], [3, 1]],591,487,627,504
502953,4,81,88,[10, 4, 3, 11, 7, 9],[[1, 3], [2, 3], [3, 2], [3, 3], [2, 2], [3, 1]],556,476,627,504
503039,4,81,88,[10, 4, 3, 11, 7, 9],[[1, 3], [2, 3], [3, 2], [3, 3], [2, 2], [3, 1]],554,469,627,504
503104,4,81,88,[10, 4, 3, 11, 7, 9],[[1, 3], [2, 3], [3, 2], [3, 3], [2, 2], [3, 1]],560,445,618,509
503171,4,81,88,[10, 4, 3, 11, 7, 9],[[1, 3], [2, 3], [3, 2], [3, 3], [2, 2], [3, 1]],537,446,616,514
503234,4,81,88,[10, 4, 3, 11, 7, 9],[[1, 3], [2, 3], [3, 2], [3, 3], [2, 2], [3, 1]],547,449,612,524
503324,4,81,88,[10, 4, 3, 11, 7, 9],[[1, 3], [2, 3], [3, 2], [3, 3], [2, 2], [3, 1]],547,459,601,530
503400,4,81,88,[10, 4, 3, 11, 7, 9],[[1, 3], [2, 3], [3, 2], [3, 3], [2, 2], [3, 1]],537,439,591,536
503451,4,81,88,[10, 4, 3, 11, 7, 9],[[1, 3], [2, 3], [3, 2], [3, 3], [2, 2], [3, 1]],556,473,583,536
503511,4,81,88,[10, 4, 3, 11, 7, 9],[[1, 3], [2, 3], [3, 2], [3, 3], [2, 2], [3, 1]],539,489,579,536
503577,4,81,88,[10, 4, 3, 11, 7, 9],[[1, 3], [2, 3], [3, 2], [3, 3], [2, 2], [3, 1]],537,476,576,527
503622,4,81,88,[10, 4, 3, 11, 7, 9],[[1, 3], [2, 3], [3, 2], [3, 3], [2, 2], [3, 1]],551,484,571,513
503684,4,81,88,[10, 4, 3, 11, 7, 9],[[1, 3], [2, 3], [3, 2], [3, 3], [2, 2], [3, 1]],541,478,570,506
503768,4,81,88,[10, 4, 3, 11, 7, 9],[[1, 3], [2, 3], [3, 2], [3, 3], [2, 2], [3, 1]],555,474,570,496
503856,4,81,88,[10, 4, 3, 11, 7, 9],[[1, 3], [2, 3], [3, 2], [3, 3], [2, 2], [3, 1]],582,470,569,496
503904,4,81,88,[10, 4, 3, 11, 7, 9],[[1, 3], [2, 3], [3, 2], [3, 3], [2, 2], [3, 1]],574,459,565,495
503966,4,81,88,[10, 4, 3, 11, 7, 9],[[1, 3], [2, 3], [3, 2], [3, 3], [2, 2], [3, 1]],585,463,518,496
504010,4,81,88,[10, 4, 3, 11, 7, 9],[[1, 3], [2, 3], [3, 2], [3, 3], [2, 2], [3, 1]],603,446,506,497
504055,4,81,88,[10, 4, 3, 11, 7, 9],[[1, 3], [2, 3], [3, 2], [3, 3], [2, 2], [3, 1]],617,433,501,500
504123,4,81,88,[10, 4, 3, 11, 7, 9],[[1, 3], [2, 3], [3, 2], [3, 3], [2, 2], [3, 1]],616,449,495,506
504167,4,81,88,[10, 4, 3, 11, 7, 9],[[1, 3], [2, 3], [3, 2], [3, 3], [2, 2], [3, 1]],629,440,494,509
504212,4,81,88,[10, 4, 3, 11, 7, 9],[[1, 3], [2, 3], [3, 2], [3, 3], [2, 2], [3, 1]],618,452,494,515
504273,4,81,88,[10, 4, 3, 11, 7, 9],[[1, 3], [2, 3], [3, 2], [3, 3], [2, 2], [3, 1]],601,452,502,529
504313,4,81,88,[10, 4, 3, 11, 7, 9],[[1, 3], [2, 3], [3, 2], [3, 3], [2, 2], [3, 1]],613,421,508,536
504360,4,81,88,[10, 4, 3, 11, 7, 9],[[1, 3], [2, 3], [3, 2], [3, 3], [2, 2], [3, 1]],612,425,534,545
504401,4,81,88,[10, 4, 3, 11, 7, 9],[[1, 3], [2, 3], [3, 2], [3, 3], [2, 2], [3, 1]],597,434,558,548
504448,4,81,88,[10, 4, 3, 11, 7, 9],[[1, 3], [2, 3], [3, 2], [3, 3], [2, 2], [3, 1]],590,429,590,550
504510,4,81,88,[10, 4, 3, 11, 7, 9],[[1, 3], [2, 3], [3, 2], [3, 3], [2, 2], [3, 1]],587,434,615,541
504555,4,81,88,[10, 4, 3, 11, 7, 9],[[1, 3], [2, 3], [3, 2], [3, 3], [2, 2], [3, 1]],620,444,620,535
504614,4,81,88,[10, 4, 3, 11, 7, 9],[[1, 3], [2, 3], [3, 2], [3, 3], [2, 2], [3, 1]],591,392,628,517
504656,4,81,88,[10, 4, 3, 11, 7, 9],[[1, 3], [2, 3], [3, 2], [3, 3], [2, 2], [3, 1]],598,425,632,506
504721,4,82,128,[10, 4, 3, 11, 2, 1],[[2, 3], [3, 3], [1, 2], [1, 3], [2, 1], [3, 2]],596,426,633,497
504775,4,82,128,[10, 4, 3, 11, 2, 1],[[2, 3], [3, 3], [1, 2], [1, 3], [2, 1], [3, 2]],588,438,634,487
504822,4,82,128,[10, 4, 3, 11, 2, 1],[[2, 3], [3, 3], [1, 2], [1, 3], [2, 1], [3, 2]],615,422,633,482
504867,4,82,128,[10, 4, 3, 11, 2, 1],[[2, 3], [3, 3], [1, 2], [1, 3], [2, 1], [3, 2]],609,428,631,477
504936,4,82,128,[10, 4, 3, 11, 2, 1],[[2, 3], [3, 3], [1, 2], [1, 3], [2, 1], [3, 2]],594,437,623,470
504993,4,82,128,[10, 4, 3, 11, 2, 1],[[2, 3], [3, 3], [1, 2], [1, 3], [2, 1], [3, 2]],602,428,619,470
505031,4,82,128,[10, 4, 3, 11, 2, 1],[[2, 3], [3, 3], [1, 2], [1, 3], [2, 1], [3, 2]],607,420,618,470
505124,4,82,128,[10, 4, 3, 11, 2, 1],[[2, 3], [3, 3], [1, 2], [1, 3], [2, 1], [3, 2]],594,432,598,470
505194,4,82,128,[10, 4, 3, 11, 2, 1],[[2, 3], [3, 3], [1, 2], [1, 3], [2, 1], [3, 2]],582,426,589,480
505247,4,82,128,[10, 4, 3, 11, 2, 1],[[2, 3], [3, 3], [1, 2], [1, 3], [2, 1], [3, 2]],588,415,586,489
505320,4,82,128,[10, 4, 3, 11, 2, 1],[[2, 3], [3, 3], [1, 2], [1, 3], [2, 1], [3, 2]],585,411,586,496
505376,4,82,128,[10, 4, 3, 11, 2, 1],[[2, 3], [3, 3], [1, 2], [1, 3], [2, 1], [3, 2]],590,421,586,499
505477,4,82,128,[10, 4, 3, 11, 2, 1],[[2, 3], [3, 3], [1, 2], [1, 3], [2, 1], [3, 2]],566,438,593,494
505567,4,82,128,[10, 4, 3, 11, 2, 1],[[2, 3], [3, 3], [1, 2], [1, 3], [2, 1], [3, 2]],560,425,623,441
505629,4,82,128,[10, 4, 3, 11, 2, 1],[[2, 3], [3, 3], [1, 2], [1, 3], [2, 1], [3, 2]],575,429,622,418
505682,4,82,128,[10, 4, 3, 11, 2, 1],[[2, 3], [3, 3], [1, 2], [1, 3], [2, 1], [3, 2]],574,421,609,396
505763,4,82,128,[10, 4, 3, 11, 2, 1],[[2, 3], [3, 3], [1, 2], [1, 3], [2, 1], [3, 2]],564,416,594,373
505837,4,82,128,[10, 4, 3, 11, 2, 1],[[2, 3], [3, 3], [1, 2], [1, 3], [2, 1], [3, 2]],551,438,587,365
505908,4,82,128,[10, 4, 3, 11, 2, 1],[[2, 3], [3, 3], [1, 2], [1, 3], [2, 1], [3, 2]],568,437,578,362
505973,4,82,128,[10, 4, 3, 11, 2, 1],[[2, 3], [3, 3], [1, 2], [1, 3], [2, 1], [3, 2]],592,422,565,368
506042,4,82,128,[10, 4, 3, 11, 2, 1],[[2, 3], [3, 3], [1, 2], [1, 3], [2, 1], [3, 2]],614,432,540,396
506100,4,82,128,[10, 4, 3, 11, 2, 1],[[2, 3], [3, 3], [1, 2], [1, 3], [2, 1], [3, 2]],617,452,537,419
506153,4,82,128,[10, 4, 3, 11, 2, 1],[[2, 3], [3, 3], [1, 2], [1, 3], [2, 1], [3, 2]],645,458,540,435
506214,4,82,128,[10, 4, 3, 11, 2, 1],[[2, 3], [3, 3], [1, 2], [1, 3], [2, 1], [3, 2]],640,433,555,465
506278,4,82,128,[10, 4, 3, 11, 2, 1],[[2, 3], [3, 3], [1, 2], [1, 3], [2, 1], [3, 2]],626,397,565,484
506340,4,82,128,[10, 4, 3, 11, 2, 1],[[2, 3], [3, 3], [1, 2], [1, 3], [2, 1], [3, 2]],626,433,578,491
506383,4,82,128,[10, 4, 3, 11, 2, 1],[[2, 3], [3, 3], [1, 2], [1, 3], [2, 1], [3, 2]],617,455,593,495
506441,4,82,128,[10, 4, 3, 11, 2, 1],[[2, 3], [3, 3], [1, 2], [1, 3], [2, 1], [3, 2]],609,465,609,499
506484,4,82,128,[10, 4, 3, 11, 2, 1],[[2, 3], [3, 3], [1, 2], [1, 3], [2, 1], [3, 2]],632,454,614,501
506541,4,82,128,[10, 4, 3, 11, 2, 1],[[2, 3], [3, 3], [1, 2], [1, 3], [2, 1], [3, 2]],642,416,620,501
506588,4,82,128,[10, 4, 3, 11, 2, 1],[[2, 3], [3, 3], [1, 2], [1, 3], [2, 1], [3, 2]],644,427,630,498
506641,4,82,128,[10, 4, 3, 11, 2, 1],[[2, 3], [3, 3], [1, 2], [1, 3], [2, 1], [3, 2]],647,444,647,490
506695,4,82,128,[10, 4, 3, 11, 2, 1],[[2, 3], [3, 3], [1, 2], [1, 3], [2, 1], [3, 2]],673,460,659,485
506756,4,82,128,[10, 4, 3, 11, 2, 1],[[2, 3], [3, 3], [1, 2], [1, 3], [2, 1], [3, 2]],683,422,666,481
506801,4,82,128,[10, 4, 3, 11, 2, 1],[[2, 3], [3, 3], [1, 2], [1, 3], [2, 1], [3, 2]],671,423,666,481
506874,4,82,128,[10, 4, 3, 11, 2, 1],[[2, 3], [3, 3], [1, 2], [1, 3], [2, 1], [3, 2]],686,433,666,480
506924,4,82,128,[10, 4, 3, 11, 2, 1],[[2, 3], [3, 3], [1, 2], [1, 3], [2, 1], [3, 2]],674,467,666,480
506961,4,82,128,[10, 4, 3, 11, 2, 1],[[2, 3], [3, 3], [1, 2], [1, 3], [2, 1], [3, 2]],686,445,668,477
507018,4,82,128,[10, 4, 3, 11, 2, 1],[[2, 3], [3, 3], [1, 2], [1, 3], [2, 1], [3, 2]],682,428,672,468
507064,4,82,128,[10, 4, 3, 11, 2, 1],[[2, 3], [3, 3], [1, 2], [1, 3], [2, 1], [3, 2]],714,420,672,462
507114,4,82,128,[10, 4, 3, 11, 2, 1],[[2, 3], [3, 3], [1, 2], [1, 3], [2, 1], [3, 2]],708,415,672,456
507184,4,82,128,[10, 4, 3, 11, 2, 1],[[2, 3], [3, 3], [1, 2], [1, 3], [2, 1], [3, 2]],698,400,672,455
507226,4,82,128,[10, 4, 3, 11, 2, 1],[[2, 3], [3, 3], [1, 2], [1, 3], [2, 1], [3, 2]],724,386,672,455
507324,4,82,128,[10, 4, 3, 11, 2, 1],[[2, 3], [3, 3], [1, 2], [1, 3], [2, 1], [3, 2]],716,412,670,451
507376,4,82,128,[10, 4, 3, 11, 2, 1],[[2, 3], [3, 3], [1, 2], [1, 3], [2, 1], [3, 2]],730,412,662,444
507449,4,82,128,[10, 4, 3, 11, 2, 1],[[2, 3], [3, 3], [1, 2], [1, 3], [2, 1], [3, 2]],722,396,661,443
507529,4,82,128,[10, 4, 3, 11, 2, 1],[[2, 3], [3, 3], [1, 2], [1, 3], [2, 1], [3, 2]],686,402,660,443
507608,4,82,128,[10, 4, 3, 11, 2, 1],[[2, 3], [3, 3], [1, 2], [1, 3], [2, 1], [3, 2]],699,408,660,443
507657,4,82,128,[10, 4, 3, 11, 2, 1],[[2, 3], [3, 3], [1, 2], [1, 3], [2, 1], [3, 2]],708,377,660,443
507738,4,82,128,[10, 4, 3, 11, 2, 1],[[2, 3], [3, 3], [1, 2], [1, 3], [2, 1], [3, 2]],726,401,660,443
507799,4,82,128,[10, 4, 3, 11, 2, 1],[[2, 3], [3, 3], [1, 2], [1, 3], [2, 1], [3, 2]],720,384,660,443
507849,4,82,128,[10, 4, 3, 11, 2, 1],[[2, 3], [3, 3], [1, 2], [1, 3], [2, 1], [3, 2]],711,389,660,443
507900,4,82,128,[10, 4, 3, 11, 2, 1],[[2, 3], [3, 3], [1, 2], [1, 3], [2, 1], [3, 2]],711,384,660,443
507945,4,82,128,[10, 4, 3, 11, 2, 1],[[2, 3], [3, 3], [1, 2], [1, 3], [2, 1], [3, 2]],694,403,660,443
508032,4,82,128,[10, 4, 3, 11, 2, 1],[[2, 3], [3, 3], [1, 2], [1, 3], [2, 1], [3, 2]],690,380,655,443
508091,4,82,128,[10, 4, 3, 11, 2, 1],[[2, 3], [3, 3], [1, 2], [1, 3], [2, 1], [3, 2]],693,385,634,446
508145,4,82,128,[10, 4, 3, 11, 2, 1],[[2, 3], [3, 3], [1, 2], [1, 3], [2, 1], [3, 2]],675,372,634,447
508190,4,82,128,[10, 4, 3, 11, 2, 1],[[2, 3], [3, 3], [1, 2], [1, 3], [2, 1], [3, 2]],663,362,634,447
508254,4,82,128,[10, 4, 3, 11, 2, 1],[[2, 3], [3, 3], [1, 2], [1, 3], [2, 1], [3, 2]],656,343,633,452
508321,4,82,128,[10, 4, 3, 11, 2, 1],[[2, 3], [3, 3], [1, 2], [1, 3], [2, 1], [3, 2]],661,339,628,460
508385,4,82,128,[10, 4, 3, 11, 2, 1],[[2, 3], [3, 3], [1, 2], [1, 3], [2, 1], [3, 2]],629,342,628,464
508424,4,82,128,[10, 4, 3, 11, 2, 1],[[2, 3], [3, 3], [1, 2], [1, 3], [2, 1], [3, 2]],630,312,628,468
508492,4,82,128,[10, 4, 3, 11, 2, 1],[[2, 3], [3, 3], [1, 2], [1, 3], [2, 1], [3, 2]],666,319,628,472
508533,4,82,128,[10, 4, 3, 11, 2, 1],[[2, 3], [3, 3], [1, 2], [1, 3], [2, 1], [3, 2]],671,347,633,485
508595,4,82,128,[10, 4, 3, 11, 2, 1],[[2, 3], [3, 3], [1, 2], [1, 3], [2, 1], [3, 2]],680,336,636,492
508645,4,82,128,[10, 4, 3, 11, 2, 1],[[2, 3], [3, 3], [1, 2], [1, 3], [2, 1], [3, 2]],657,351,636,493
508687,4,82,128,[10, 4, 3, 11, 2, 1],[[2, 3], [3, 3], [1, 2], [1, 3], [2, 1], [3, 2]],662,346,637,493
508758,4,83,71,[6, 5, 3, 11, 2, 1],[[2, 1], [3, 1], [1, 1], [1, 2], [2, 2], [3, 3]],654,362,637,493
508824,4,83,71,[6, 5, 3, 11, 2, 1],[[2, 1], [3, 1], [1, 1], [1, 2], [2, 2], [3, 3]],633,377,637,493
508874,4,83,71,[6, 5, 3, 11, 2, 1],[[2, 1], [3, 1], [1, 1], [1, 2], [2, 2], [3, 3]],616,373,637,493
508937,4,83,71,[6, 5, 3, 11, 2, 1],[[2, 1], [3, 1], [1, 1], [1, 2], [2, 2], [3, 3]],613,369,637,493
509002,4,83,71,[6, 5, 3, 11, 2, 1],[[2, 1], [3, 1], [1, 1], [1, 2], [2, 2], [3, 3]],644,383,637,493
509054,4,83,71,[6, 5, 3, 11, 2, 1],[[2, 1], [3, 1], [1, 1], [1, 2], [2, 2], [3, 3]],639,374,642,493
509108,4,83,71,[6, 5, 3, 11, 2, 1],[[2, 1], [3, 1], [1, 1], [1, 2], [2, 2], [3, 3]],617,376,649,492
509158,4,83,71,[6, 5, 3, 11, 2, 1],[[2, 1], [3, 1], [1, 1], [1, 2], [2, 2], [3, 3]],592,385,650,490
509229,4,83,71,[6, 5, 3, 11, 2, 1],[[2, 1], [3, 1], [1, 1], [1, 2], [2, 2], [3, 3]],583,378,654,488
509293,4,83,71,[6, 5, 3, 11, 2, 1],[[2, 1], [3, 1], [1, 1], [1, 2], [2, 2], [3, 3]],586,378,661,481
509368,4,83,71,[6, 5, 3, 11, 2, 1],[[2, 1], [3, 1], [1, 1], [1, 2], [2, 2], [3, 3]],547,374,670,464
509431,4,83,71,[6, 5, 3, 11, 2, 1],[[2, 1], [3, 1], [1, 1], [1, 2], [2, 2], [3, 3]],518,384,671,453
509496,4,83,71,[6, 5, 3, 11, 2, 1],[[2, 1], [3, 1], [1, 1], [1, 2], [2, 2], [3, 3]],498,389,667,435
509567,4,83,71,[6, 5, 3, 11, 2, 1],[[2, 1], [3, 1], [1, 1], [1, 2], [2, 2], [3, 3]],481,376,653,411
509628,4,83,71,[6, 5, 3, 11, 2, 1],[[2, 1], [3, 1], [1, 1], [1, 2], [2, 2], [3, 3]],517,367,639,390
509685,4,83,71,[6, 5, 3, 11, 2, 1],[[2, 1], [3, 1], [1, 1], [1, 2], [2, 2], [3, 3]],541,401,622,372
509755,4,83,71,[6, 5, 3, 11, 2, 1],[[2, 1], [3, 1], [1, 1], [1, 2], [2, 2], [3, 3]],529,383,590,354
509818,4,83,71,[6, 5, 3, 11, 2, 1],[[2, 1], [3, 1], [1, 1], [1, 2], [2, 2], [3, 3]],507,378,573,353
509892,4,83,71,[6, 5, 3, 11, 2, 1],[[2, 1], [3, 1], [1, 1], [1, 2], [2, 2], [3, 3]],523,385,572,353
509971,4,83,71,[6, 5, 3, 11, 2, 1],[[2, 1], [3, 1], [1, 1], [1, 2], [2, 2], [3, 3]],520,409,572,357
510033,4,83,71,[6, 5, 3, 11, 2, 1],[[2, 1], [3, 1], [1, 1], [1, 2], [2, 2], [3, 3]],526,408,577,363
510093,4,83,71,[6, 5, 3, 11, 2, 1],[[2, 1], [3, 1], [1, 1], [1, 2], [2, 2], [3, 3]],533,419,579,389
510134,4,83,71,[6, 5, 3, 11, 2, 1],[[2, 1], [3, 1], [1, 1], [1, 2], [2, 2], [3, 3]],561,377,578,396
510197,4,83,71,[6, 5, 3, 11, 2, 1],[[2, 1], [3, 1], [1, 1], [1, 2], [2, 2], [3, 3]],559,347,578,397
510250,4,83,71,[6, 5, 3, 11, 2, 1],[[2, 1], [3, 1], [1, 1], [1, 2], [2, 2], [3, 3]],553,319,578,397
510314,4,83,71,[6, 5, 3, 11, 2, 1],[[2, 1], [3, 1], [1, 1], [1, 2], [2, 2], [3, 3]],564,331,578,390
510362,4,83,71,[6, 5, 3, 11, 2, 1],[[2, 1], [3, 1], [1, 1], [1, 2], [2, 2], [3, 3]],541,338,578,390
510418,4,83,71,[6, 5, 3, 11, 2, 1],[[2, 1], [3, 1], [1, 1], [1, 2], [2, 2], [3, 3]],551,331,578,390
510481,4,83,71,[6, 5, 3, 11, 2, 1],[[2, 1], [3, 1], [1, 1], [1, 2], [2, 2], [3, 3]],532,329,579,397
510529,4,83,71,[6, 5, 3, 11, 2, 1],[[2, 1], [3, 1], [1, 1], [1, 2], [2, 2], [3, 3]],531,349,579,397
510587,4,83,71,[6, 5, 3, 11, 2, 1],[[2, 1], [3, 1], [1, 1], [1, 2], [2, 2], [3, 3]],536,335,588,395
510646,4,83,71,[6, 5, 3, 11, 2, 1],[[2, 1], [3, 1], [1, 1], [1, 2], [2, 2], [3, 3]],533,331,588,395
510693,4,83,71,[6, 5, 3, 11, 2, 1],[[2, 1], [3, 1], [1, 1], [1, 2], [2, 2], [3, 3]],588,330,587,386
510734,4,83,71,[6, 5, 3, 11, 2, 1],[[2, 1], [3, 1], [1, 1], [1, 2], [2, 2], [3, 3]],580,320,585,379
510782,4,83,71,[6, 5, 3, 11, 2, 1],[[2, 1], [3, 1], [1, 1], [1, 2], [2, 2], [3, 3]],570,301,573,350
510817,4,83,71,[6, 5, 3, 11, 2, 1],[[2, 1], [3, 1], [1, 1], [1, 2], [2, 2], [3, 3]],573,341,567,339
510875,4,83,71,[6, 5, 3, 11, 2, 1],[[2, 1], [3, 1], [1, 1], [1, 2], [2, 2], [3, 3]],558,340,558,336
510933,4,83,71,[6, 5, 3, 11, 2, 1],[[2, 1], [3, 1], [1, 1], [1, 2], [2, 2], [3, 3]],565,357,555,335
510976,4,83,71,[6, 5, 3, 11, 2, 1],[[2, 1], [3, 1], [1, 1], [1, 2], [2, 2], [3, 3]],549,344,555,335
511039,4,83,71,[6, 5, 3, 11, 2, 1],[[2, 1], [3, 1], [1, 1], [1, 2], [2, 2], [3, 3]],549,350,546,341
511089,4,83,71,[6, 5, 3, 11, 2, 1],[[2, 1], [3, 1], [1, 1], [1, 2], [2, 2], [3, 3]],545,355,544,355
511148,4,83,71,[6, 5, 3, 11, 2, 1],[[2, 1], [3, 1], [1, 1], [1, 2], [2, 2], [3, 3]],567,369,547,368
511238,4,83,71,[6, 5, 3, 11, 2, 1],[[2, 1], [3, 1], [1, 1], [1, 2], [2, 2], [3, 3]],567,357,551,373
511291,4,83,71,[6, 5, 3, 11, 2, 1],[[2, 1], [3, 1], [1, 1], [1, 2], [2, 2], [3, 3]],567,375,551,373
511340,4,83,71,[6, 5, 3, 11, 2, 1],[[2, 1], [3, 1], [1, 1], [1, 2], [2, 2], [3, 3]],581,396,556,372
511388,4,83,71,[6, 5, 3, 11, 2, 1],[[2, 1], [3, 1], [1, 1], [1, 2], [2, 2], [3, 3]],581,391,562,368
511443,4,83,71,[6, 5, 3, 11, 2, 1],[[2, 1], [3, 1], [1, 1], [1, 2], [2, 2], [3, 3]],583,407,568,364
511491,4,83,71,[6, 5, 3, 11, 2, 1],[[2, 1], [3, 1], [1, 1], [1, 2], [2, 2], [3, 3]],561,410,573,362
511541,4,83,71,[6, 5, 3, 11, 2, 1],[[2, 1], [3, 1], [1, 1], [1, 2], [2, 2], [3, 3]],566,389,573,362
511592,4,83,71,[6, 5, 3, 11, 2, 1],[[2, 1], [3, 1], [1, 1], [1, 2], [2, 2], [3, 3]],550,387,573,362
511638,4,83,71,[6, 5, 3, 11, 2, 1],[[2, 1], [3, 1], [1, 1], [1, 2], [2, 2], [3, 3]],552,386,570,362
511700,4,83,71,[6, 5, 3, 11, 2, 1],[[2, 1], [3, 1], [1, 1], [1, 2], [2, 2], [3, 3]],518,404,548,369
511782,4,83,71,[6, 5, 3, 11, 2, 1],[[2, 1], [3, 1], [1, 1], [1, 2], [2, 2], [3, 3]],506,391,537,374
511848,4,83,71,[6, 5, 3, 11, 2, 1],[[2, 1], [3, 1], [1, 1], [1, 2], [2, 2], [3, 3]],508,390,529,381
511924,4,83,71,[6, 5, 3, 11, 2, 1],[[2, 1], [3, 1], [1, 1], [1, 2], [2, 2], [3, 3]],508,384,528,381
511989,4,83,71,[6, 5, 3, 11, 2, 1],[[2, 1], [3, 1], [1, 1], [1, 2], [2, 2], [3, 3]],517,397,527,390
512064,4,83,71,[6, 5, 3, 11, 2, 1],[[2, 1], [3, 1], [1, 1], [1, 2], [2, 2], [3, 3]],469,423,528,403
512127,4,83,71,[6, 5, 3, 11, 2, 1],[[2, 1], [3, 1], [1, 1], [1, 2], [2, 2], [3, 3]],522,418,530,412
512185,4,83,71,[6, 5, 3, 11, 2, 1],[[2, 1], [3, 1], [1, 1], [1, 2], [2, 2], [3, 3]],499,419,532,415
512234,4,83,71,[6, 5, 3, 11, 2, 1],[[2, 1], [3, 1], [1, 1], [1, 2], [2, 2], [3, 3]],514,416,532,415
512283,4,83,71,[6, 5, 3, 11, 2, 1],[[2, 1], [3, 1], [1, 1], [1, 2], [2, 2], [3, 3]],526,414,537,419
512383,4,83,71,[6, 5, 3, 11, 2, 1],[[2, 1], [3, 1], [1, 1], [1, 2], [2, 2], [3, 3]],535,427,547,421
512468,4,83,71,[6, 5, 3, 11, 2, 1],[[2, 1], [3, 1], [1, 1], [1, 2], [2, 2], [3, 3]],493,409,549,421
512523,4,83,71,[6, 5, 3, 11, 2, 1],[[2, 1], [3, 1], [1, 1], [1, 2], [2, 2], [3, 3]],486,420,549,415
512577,4,83,71,[6, 5, 3, 11, 2, 1],[[2, 1], [3, 1], [1, 1], [1, 2], [2, 2], [3, 3]],536,401,548,415
512663,4,83,71,[6, 5, 3, 11, 2, 1],[[2, 1], [3, 1], [1, 1], [1, 2], [2, 2], [3, 3]],503,406,538,421
512727,4,83,71,[6, 5, 3, 11, 2, 1],[[2, 1], [3, 1], [1, 1], [1, 2], [2, 2], [3, 3]],480,395,535,428
512795,4,84,42,[10, 4, 8, 12, 2, 1],[[2, 1], [3, 1], [1, 2], [1, 3], [2, 2], [3, 3]],534,402,536,448
512856,4,84,42,[10, 4, 8, 12, 2, 1],[[2, 1], [3, 1], [1, 2], [1, 3], [2, 2], [3, 3]],529,417,538,457
512912,4,84,42,[10, 4, 8, 12, 2, 1],[[2, 1], [3, 1], [1, 2], [1, 3], [2, 2], [3, 3]],514,460,540,459
512974,4,84,42,[10, 4, 8, 12, 2, 1],[[2, 1], [3, 1], [1, 2], [1, 3], [2, 2], [3, 3]],538,442,540,460
513024,4,84,42,[10, 4, 8, 12, 2, 1],[[2, 1], [3, 1], [1, 2], [1, 3], [2, 2], [3, 3]],569,439,540,460
513065,4,84,42,[10, 4, 8, 12, 2, 1],[[2, 1], [3, 1], [1, 2], [1, 3], [2, 2], [3, 3]],563,423,529,460
513109,4,84,42,[10, 4, 8, 12, 2, 1],[[2, 1], [3, 1], [1, 2], [1, 3], [2, 2], [3, 3]],582,429,514,460
513173,4,84,42,[10, 4, 8, 12, 2, 1],[[2, 1], [3, 1], [1, 2], [1, 3], [2, 2], [3, 3]],561,434,508,460
513231,4,84,42,[10, 4, 8, 12, 2, 1],[[2, 1], [3, 1], [1, 2], [1, 3], [2, 2], [3, 3]],580,435,508,460
513300,4,84,42,[10, 4, 8, 12, 2, 1],[[2, 1], [3, 1], [1, 2], [1, 3], [2, 2], [3, 3]],591,412,508,460
513350,4,84,42,[10, 4, 8, 12, 2, 1],[[2, 1], [3, 1], [1, 2], [1, 3], [2, 2], [3, 3]],588,434,509,460
513395,4,84,42,[10, 4, 8, 12, 2, 1],[[2, 1], [3, 1], [1, 2], [1, 3], [2, 2], [3, 3]],568,430,530,467
513444,4,84,42,[10, 4, 8, 12, 2, 1],[[2, 1], [3, 1], [1, 2], [1, 3], [2, 2], [3, 3]],577,418,555,474
513513,4,84,42,[10, 4, 8, 12, 2, 1],[[2, 1], [3, 1], [1, 2], [1, 3], [2, 2], [3, 3]],596,400,561,476
513557,4,84,42,[10, 4, 8, 12, 2, 1],[[2, 1], [3, 1], [1, 2], [1, 3], [2, 2], [3, 3]],609,388,561,476
513633,4,84,42,[10, 4, 8, 12, 2, 1],[[2, 1], [3, 1], [1, 2], [1, 3], [2, 2], [3, 3]],605,406,561,476
513681,4,84,42,[10, 4, 8, 12, 2, 1],[[2, 1], [3, 1], [1, 2], [1, 3], [2, 2], [3, 3]],595,417,561,476
513762,4,84,42,[10, 4, 8, 12, 2, 1],[[2, 1], [3, 1], [1, 2], [1, 3], [2, 2], [3, 3]],576,426,561,476
513825,4,84,42,[10, 4, 8, 12, 2, 1],[[2, 1], [3, 1], [1, 2], [1, 3], [2, 2], [3, 3]],573,400,561,476
513881,4,84,42,[10, 4, 8, 12, 2, 1],[[2, 1], [3, 1], [1, 2], [1, 3], [2, 2], [3, 3]],546,429,561,476
513943,4,84,42,[10, 4, 8, 12, 2, 1],[[2, 1], [3, 1], [1, 2], [1, 3], [2, 2], [3, 3]],574,416,566,477
513994,4,84,42,[10, 4, 8, 12, 2, 1],[[2, 1], [3, 1], [1, 2], [1, 3], [2, 2], [3, 3]],552,421,602,488
514047,4,84,42,[10, 4, 8, 12, 2, 1],[[2, 1], [3, 1], [1, 2], [1, 3], [2, 2], [3, 3]],551,418,616,489
514098,4,84,42,[10, 4, 8, 12, 2, 1],[[2, 1], [3, 1], [1, 2], [1, 3], [2, 2], [3, 3]],570,417,616,489
514161,4,84,42,[10, 4, 8, 12, 2, 1],[[2, 1], [3, 1], [1, 2], [1, 3], [2, 2], [3, 3]],552,398,612,479
514218,4,84,42,[10, 4, 8, 12, 2, 1],[[2, 1], [3, 1], [1, 2], [1, 3], [2, 2], [3, 3]],551,381,605,471
514277,4,84,42,[10, 4, 8, 12, 2, 1],[[2, 1], [3, 1], [1, 2], [1, 3], [2, 2], [3, 3]],561,347,590,463
514325,4,84,42,[10, 4, 8, 12, 2, 1],[[2, 1], [3, 1], [1, 2], [1, 3], [2, 2], [3, 3]],570,329,573,460
514407,4,84,42,[10, 4, 8, 12, 2, 1],[[2, 1], [3, 1], [1, 2], [1, 3], [2, 2], [3, 3]],556,323,556,464
514474,4,84,42,[10, 4, 8, 12, 2, 1],[[2, 1], [3, 1], [1, 2], [1, 3], [2, 2], [3, 3]],577,294,549,474
514533,4,84,42,[10, 4, 8, 12, 2, 1],[[2, 1], [3, 1], [1, 2], [1, 3], [2, 2], [3, 3]],570,317,550,484
514591,4,84,42,[10, 4, 8, 12, 2, 1],[[2, 1], [3, 1], [1, 2], [1, 3], [2, 2], [3, 3]],543,316,555,491
514644,4,84,42,[10, 4, 8, 12, 2, 1],[[2, 1], [3, 1], [1, 2], [1, 3], [2, 2], [3, 3]],551,303,567,499
514712,4,84,42,[10, 4, 8, 12, 2, 1],[[2, 1], [3, 1], [1, 2], [1, 3], [2, 2], [3, 3]],556,310,582,500
514755,4,84,42,[10, 4, 8, 12, 2, 1],[[2, 1], [3, 1], [1, 2], [1, 3], [2, 2], [3, 3]],567,320,597,491
514833,4,84,42,[10, 4, 8, 12, 2, 1],[[2, 1], [3, 1], [1, 2], [1, 3], [2, 2], [3, 3]],574,298,619,462
514880,4,84,42,[10, 4, 8, 12, 2, 1],[[2, 1], [3, 1], [1, 2], [1, 3], [2, 2], [3, 3]],576,289,624,447
514951,4,84,42,[10, 4, 8, 12, 2, 1],[[2, 1], [3, 1], [1, 2], [1, 3], [2, 2], [3, 3]],565,305,632,402
515019,4,84,42,[10, 4, 8, 12, 2, 1],[[2, 1], [3, 1], [1, 2], [1, 3], [2, 2], [3, 3]],547,289,627,367
515072,4,84,42,[10, 4, 8, 12, 2, 1],[[2, 1], [3, 1], [1, 2], [1, 3], [2, 2], [3, 3]],561,307,620,345
515135,4,84,42,[10, 4, 8, 12, 2, 1],[[2, 1], [3, 1], [1, 2], [1, 3], [2, 2], [3, 3]],556,297,611,335
515193,4,84,42,[10, 4, 8, 12, 2, 1],[[2, 1], [3, 1], [1, 2], [1, 3], [2, 2], [3, 3]],538,282,594,325
515265,4,84,42,[10, 4, 8, 12, 2, 1],[[2, 1], [3, 1], [1, 2], [1, 3], [2, 2], [3, 3]],512,295,576,321
515319,4,84,42,[10, 4, 8, 12, 2, 1],[[2, 1], [3, 1], [1, 2], [1, 3], [2, 2], [3, 3]],519,335,544,320
515380,4,84,42,[10, 4, 8, 12, 2, 1],[[2, 1], [3, 1], [1, 2], [1, 3], [2, 2], [3, 3]],516,373,530,321
515420,4,84,42,[10, 4, 8, 12, 2, 1],[[2, 1], [3, 1], [1, 2], [1, 3], [2, 2], [3, 3]],529,384,524,325
515495,4,84,42,[10, 4, 8, 12, 2, 1],[[2, 1], [3, 1], [1, 2], [1, 3], [2, 2], [3, 3]],502,384,506,339
515539,4,84,42,[10, 4, 8, 12, 2, 1],[[2, 1], [3, 1], [1, 2], [1, 3], [2, 2], [3, 3]],493,370,498,357
515589,4,84,42,[10, 4, 8, 12, 2, 1],[[2, 1], [3, 1], [1, 2], [1, 3], [2, 2], [3, 3]],491,376,496,367
515638,4,84,42,[10, 4, 8, 12, 2, 1],[[2, 1], [3, 1], [1, 2], [1, 3], [2, 2], [3, 3]],474,371,491,382
515689,4,84,42,[10, 4, 8, 12, 2, 1],[[2, 1], [3, 1], [1, 2], [1, 3], [2, 2], [3, 3]],521,379,491,397
515741,4,84,42,[10, 4, 8, 12, 2, 1],[[2, 1], [3, 1], [1, 2], [1, 3], [2, 2], [3, 3]],521,357,491,418
515801,4,84,42,[10, 4, 8, 12, 2, 1],[[2, 1], [3, 1], [1, 2], [1, 3], [2, 2], [3, 3]],563,342,498,441
515862,4,84,42,[10, 4, 8, 12, 2, 1],[[2, 1], [3, 1], [1, 2], [1, 3], [2, 2], [3, 3]],587,340,503,451
515930,4,84,42,[10, 4, 8, 12, 2, 1],[[2, 1], [3, 1], [1, 2], [1, 3], [2, 2], [3, 3]],574,336,503,451
515985,4,84,42,[10, 4, 8, 12, 2, 1],[[2, 1], [3, 1], [1, 2], [1, 3], [2, 2], [3, 3]],567,351,504,451
516028,4,84,42,[10, 4, 8, 12, 2, 1],[[2, 1], [3, 1], [1, 2], [1, 3], [2, 2], [3, 3]],565,342,512,452
516086,4,84,42,[10, 4, 8, 12, 2, 1],[[2, 1], [3, 1], [1, 2], [1, 3], [2, 2], [3, 3]],575,343,531,453
516145,4,84,42,[10, 4, 8, 12, 2, 1],[[2, 1], [3, 1], [1, 2], [1, 3], [2, 2], [3, 3]],596,384,536,453
516204,4,84,42,[10, 4, 8, 12, 2, 1],[[2, 1], [3, 1], [1, 2], [1, 3], [2, 2], [3, 3]],594,390,540,453
516247,4,84,42,[10, 4, 8, 12, 2, 1],[[2, 1], [3, 1], [1, 2], [1, 3], [2, 2], [3, 3]],577,411,543,453
516321,4,84,42,[10, 4, 8, 12, 2, 1],[[2, 1], [3, 1], [1, 2], [1, 3], [2, 2], [3, 3]],533,420,551,452
516362,4,84,42,[10, 4, 8, 12, 2, 1],[[2, 1], [3, 1], [1, 2], [1, 3], [2, 2], [3, 3]],535,404,551,452
516420,4,84,42,[10, 4, 8, 12, 2, 1],[[2, 1], [3, 1], [1, 2], [1, 3], [2, 2], [3, 3]],536,405,551,452
516479,4,84,42,[10, 4, 8, 12, 2, 1],[[2, 1], [3, 1], [1, 2], [1, 3], [2, 2], [3, 3]],549,441,554,442
516519,4,84,42,[10, 4, 8, 12, 2, 1],[[2, 1], [3, 1], [1, 2], [1, 3], [2, 2], [3, 3]],544,441,567,426
516574,4,84,42,[10, 4, 8, 12, 2, 1],[[2, 1], [3, 1], [1, 2], [1, 3], [2, 2], [3, 3]],540,475,574,420
516637,4,84,42,[10, 4, 8, 12, 2, 1],[[2, 1], [3, 1], [1, 2], [1, 3], [2, 2], [3, 3]],560,490,576,420
516703,4,84,42,[10, 4, 8, 12, 2, 1],[[2, 1], [3, 1], [1, 2], [1, 3], [2, 2], [3, 3]],552,512,576,420
516761,4,84,42,[10, 4, 8, 12, 2, 1],[[2, 1], [3, 1], [1, 2], [1, 3], [2, 2], [3, 3]],557,503,576,420
516804,4,85,56,[10, 4, 3, 11, 2, 1],[[2, 1], [3, 1], [3, 2], [3, 3], [1, 2], [2, 3]],538,496,576,420
516873,4,85,56,[10, 4, 3, 11, 2, 1],[[2, 1], [3, 1], [3, 2], [3, 3], [1, 2], [2, 3]],540,463,576,420
516919,4,85,56,[10, 4, 3, 11, 2, 1],[[2, 1], [3, 1], [3, 2], [3, 3], [1, 2], [2, 3]],533,475,569,427
516985,4,85,56,[10, 4, 3, 11, 2, 1],[[2, 1], [3, 1], [3, 2], [3, 3], [1, 2], [2, 3]],543,474,560,443
517033,4,85,56,[10, 4, 3, 11, 2, 1],[[2, 1], [3, 1], [3, 2], [3, 3], [1, 2], [2, 3]],532,475,560,452
517112,4,85,56,[10, 4, 3, 11, 2, 1],[[2, 1], [3, 1], [3, 2], [3, 3], [1, 2], [2, 3]],538,483,560,464
517157,4,85,56,[10, 4, 3, 11, 2, 1],[[2, 1], [3, 1], [3, 2], [3, 3], [1, 2], [2, 3]],524,513,563,469
517220,4,85,56,[10, 4, 3, 11, 2, 1],[[2, 1], [3, 1], [3, 2], [3, 3], [1, 2], [2, 3]],528,522,564,475
517302,4,85,56,[10, 4, 3, 11, 2, 1],[[2, 1], [3, 1], [3, 2], [3, 3], [1, 2], [2, 3]],533,520,565,477
517375,4,85,56,[10, 4, 3, 11, 2, 1],[[2, 1], [3, 1], [3, 2], [3, 3], [1, 2], [2, 3]],537,513,565,477
517469,4,85,56,[10, 4, 3, 11, 2, 1],[[2, 1], [3, 1], [3, 2], [3, 3], [1, 2], [2, 3]],548,496,563,484
517504,4,85,56,[10, 4, 3, 11, 2, 1],[[2, 1], [3, 1], [3, 2], [3, 3], [1, 2], [2, 3]],554,507,561,490
517584,4,85,56,[10, 4, 3, 11, 2, 1],[[2, 1], [3, 1], [3, 2], [3, 3], [1, 2], [2, 3]],541,521,558,504
517672,4,85,56,[10, 4, 3, 11, 2, 1],[[2, 1], [3, 1], [3, 2], [3, 3], [1, 2], [2, 3]],521,528,558,510
517728,4,85,56,[10, 4, 3, 11, 2, 1],[[2, 1], [3, 1], [3, 2], [3, 3], [1, 2], [2, 3]],503,508,558,511
517795,4,85,56,[10, 4, 3, 11, 2, 1],[[2, 1], [3, 1], [3, 2], [3, 3], [1, 2], [2, 3]],479,451,558,511
517878,4,85,56,[10, 4, 3, 11, 2, 1],[[2, 1], [3, 1], [3, 2], [3, 3], [1, 2], [2, 3]],490,437,558,511
517940,4,85,56,[10, 4, 3, 11, 2, 1],[[2, 1], [3, 1], [3, 2], [3, 3], [1, 2], [2, 3]],489,434,559,516
517990,4,85,56,[10, 4, 3, 11, 2, 1],[[2, 1], [3, 1], [3, 2], [3, 3], [1, 2], [2, 3]],484,417,559,520
518034,4,85,56,[10, 4, 3, 11, 2, 1],[[2, 1], [3, 1], [3, 2], [3, 3], [1, 2], [2, 3]],482,402,559,520
518107,4,85,56,[10, 4, 3, 11, 2, 1],[[2, 1], [3, 1], [3, 2], [3, 3], [1, 2], [2, 3]],505,402,559,520
518155,4,85,56,[10, 4, 3, 11, 2, 1],[[2, 1], [3, 1], [3, 2], [3, 3], [1, 2], [2, 3]],503,408,559,520
518214,4,85,56,[10, 4, 3, 11, 2, 1],[[2, 1], [3, 1], [3, 2], [3, 3], [1, 2], [2, 3]],503,405,558,507
518267,4,85,56,[10, 4, 3, 11, 2, 1],[[2, 1], [3, 1], [3, 2], [3, 3], [1, 2], [2, 3]],507,412,552,460
518316,4,85,56,[10, 4, 3, 11, 2, 1],[[2, 1], [3, 1], [3, 2], [3, 3], [1, 2], [2, 3]],488,392,552,441
518365,4,85,56,[10, 4, 3, 11, 2, 1],[[2, 1], [3, 1], [3, 2], [3, 3], [1, 2], [2, 3]],496,401,549,427
518418,4,85,56,[10, 4, 3, 11, 2, 1],[[2, 1], [3, 1], [3, 2], [3, 3], [1, 2], [2, 3]],511,387,549,427
518477,4,85,56,[10, 4, 3, 11, 2, 1],[[2, 1], [3, 1], [3, 2], [3, 3], [1, 2], [2, 3]],500,395,549,427
518522,4,85,56,[10, 4, 3, 11, 2, 1],[[2, 1], [3, 1], [3, 2], [3, 3], [1, 2], [2, 3]],509,410,549,427
518576,4,85,56,[10, 4, 3, 11, 2, 1],[[2, 1], [3, 1], [3, 2], [3, 3], [1, 2], [2, 3]],511,398,549,427
518630,4,85,56,[10, 4, 3, 11, 2, 1],[[2, 1], [3, 1], [3, 2], [3, 3], [1, 2], [2, 3]],494,398,539,427
518679,4,85,56,[10, 4, 3, 11, 2, 1],[[2, 1], [3, 1], [3, 2], [3, 3], [1, 2], [2, 3]],484,424,507,435
518741,4,85,56,[10, 4, 3, 11, 2, 1],[[2, 1], [3, 1], [3, 2], [3, 3], [1, 2], [2, 3]],502,443,493,443
518795,4,85,56,[10, 4, 3, 11, 2, 1],[[2, 1], [3, 1], [3, 2], [3, 3], [1, 2], [2, 3]],487,415,487,453
518843,4,85,56,[10, 4, 3, 11, 2, 1],[[2, 1], [3, 1], [3, 2], [3, 3], [1, 2], [2, 3]],517,401,487,462
518896,4,85,56,[10, 4, 3, 11, 2, 1],[[2, 1], [3, 1], [3, 2], [3, 3], [1, 2], [2, 3]],499,414,487,473
518950,4,85,56,[10, 4, 3, 11, 2, 1],[[2, 1], [3, 1], [3, 2], [3, 3], [1, 2], [2, 3]],506,411,497,489
519004,4,85,56,[10, 4, 3, 11, 2, 1],[[2, 1], [3, 1], [3, 2], [3, 3], [1, 2], [2, 3]],519,406,506,497
519088,4,85,56,[10, 4, 3, 11, 2, 1],[[2, 1], [3, 1], [3, 2], [3, 3], [1, 2], [2, 3]],497,397,522,505
519149,4,85,56,[10, 4, 3, 11, 2, 1],[[2, 1], [3, 1], [3, 2], [3, 3], [1, 2], [2, 3]],460,383,554,513
519210,4,85,56,[10, 4, 3, 11, 2, 1],[[2, 1], [3, 1], [3, 2], [3, 3], [1, 2], [2, 3]],514,398,569,510
519249,4,85,56,[10, 4, 3, 11, 2, 1],[[2, 1], [3, 1], [3, 2], [3, 3], [1, 2], [2, 3]],523,391,578,501
519313,4,85,56,[10, 4, 3, 11, 2, 1],[[2, 1], [3, 1], [3, 2], [3, 3], [1, 2], [2, 3]],519,402,586,489
519374,4,85,56,[10, 4, 3, 11, 2, 1],[[2, 1], [3, 1], [3, 2], [3, 3], [1, 2], [2, 3]],526,421,594,476
519424,4,85,56,[10, 4, 3, 11, 2, 1],[[2, 1], [3, 1], [3, 2], [3, 3], [1, 2], [2, 3]],521,456,598,461
519477,4,85,56,[10, 4, 3, 11, 2, 1],[[2, 1], [3, 1], [3, 2], [3, 3], [1, 2], [2, 3]],529,450,598,447
519520,4,85,56,[10, 4, 3, 11, 2, 1],[[2, 1], [3, 1], [3, 2], [3, 3], [1, 2], [2, 3]],528,467,597,436
519590,4,85,56,[10, 4, 3, 11, 2, 1],[[2, 1], [3, 1], [3, 2], [3, 3], [1, 2], [2, 3]],524,483,580,416
519660,4,85,56,[10, 4, 3, 11, 2, 1],[[2, 1], [3, 1], [3, 2], [3, 3], [1, 2], [2, 3]],512,465,563,407
519724,4,85,56,[10, 4, 3, 11, 2, 1],[[2, 1], [3, 1], [3, 2], [3, 3], [1, 2], [2, 3]],506,450,546,403
519789,4,85,56,[10, 4, 3, 11, 2, 1],[[2, 1], [3, 1], [3, 2], [3, 3], [1, 2], [2, 3]],502,456,521,403
519875,4,85,56,[10, 4, 3, 11, 2, 1],[[2, 1], [3, 1], [3, 2], [3, 3], [1, 2], [2, 3]],491,462,502,408
519927,4,85,56,[10, 4, 3, 11, 2, 1],[[2, 1], [3, 1], [3, 2], [3, 3], [1, 2], [2, 3]],489,448,488,419
519988,4,85,56,[10, 4, 3, 11, 2, 1],[[2, 1], [3, 1], [3, 2], [3, 3], [1, 2], [2, 3]],509,438,481,430
520039,4,85,56,[10, 4, 3, 11, 2, 1],[[2, 1], [3, 1], [3, 2], [3, 3], [1, 2], [2, 3]],520,458,478,441
520075,4,85,56,[10, 4, 3, 11, 2, 1],[[2, 1], [3, 1], [3, 2], [3, 3], [1, 2], [2, 3]],499,469,477,447
520134,4,85,56,[10, 4, 3, 11, 2, 1],[[2, 1], [3, 1], [3, 2], [3, 3], [1, 2], [2, 3]],491,468,475,458
520198,4,85,56,[10, 4, 3, 11, 2, 1],[[2, 1], [3, 1], [3, 2], [3, 3], [1, 2], [2, 3]],508,469,476,470
520258,4,85,56,[10, 4, 3, 11, 2, 1],[[2, 1], [3, 1], [3, 2], [3, 3], [1, 2], [2, 3]],509,476,478,481
520312,4,85,56,[10, 4, 3, 11, 2, 1],[[2, 1], [3, 1], [3, 2], [3, 3], [1, 2], [2, 3]],508,494,484,491
520377,4,85,56,[10, 4, 3, 11, 2, 1],[[2, 1], [3, 1], [3, 2], [3, 3], [1, 2], [2, 3]],487,479,492,503
520436,4,85,56,[10, 4, 3, 11, 2, 1],[[2, 1], [3, 1], [3, 2], [3, 3], [1, 2], [2, 3]],482,495,493,503
520478,4,85,56,[10, 4, 3, 11, 2, 1],[[2, 1], [3, 1], [3, 2], [3, 3], [1, 2], [2, 3]],495,502,493,504
520574,4,85,56,[10, 4, 3, 11, 2, 1],[[2, 1], [3, 1], [3, 2], [3, 3], [1, 2], [2, 3]],483,504,493,504
520613,4,85,56,[10, 4, 3, 11, 2, 1],[[2, 1], [3, 1], [3, 2], [3, 3], [1, 2], [2, 3]],506,527,511,515
520665,4,85,56,[10, 4, 3, 11, 2, 1],[[2, 1], [3, 1], [3, 2], [3, 3], [1, 2], [2, 3]],522,529,526,523
520718,4,85,56,[10, 4, 3, 11, 2, 1],[[2, 1], [3, 1], [3, 2], [3, 3], [1, 2], [2, 3]],516,514,530,525
520766,4,85,56,[10, 4, 3, 11, 2, 1],[[2, 1], [3, 1], [3, 2], [3, 3], [1, 2], [2, 3]],501,515,531,525
520809,4,85,56,[10, 4, 3, 11, 2, 1],[[2, 1], [3, 1], [3, 2], [3, 3], [1, 2], [2, 3]],511,525,531,525
520868,4,85,56,[10, 4, 3, 11, 2, 1],[[2, 1], [3, 1], [3, 2], [3, 3], [1, 2], [2, 3]],518,558,531,525
520967,4,86,45,[6, 5, 8, 12, 2, 1],[[2, 1], [3, 1], [1, 2], [1, 3], [2, 2], [3, 3]],501,583,531,525
521023,4,86,45,[6, 5, 8, 12, 2, 1],[[2, 1], [3, 1], [1, 2], [1, 3], [2, 2], [3, 3]],504,610,531,525
521103,4,86,45,[6, 5, 8, 12, 2, 1],[[2, 1], [3, 1], [1, 2], [1, 3], [2, 2], [3, 3]],489,614,531,526
521166,4,86,45,[6, 5, 8, 12, 2, 1],[[2, 1], [3, 1], [1, 2], [1, 3], [2, 2], [3, 3]],479,636,531,533
521216,4,86,45,[6, 5, 8, 12, 2, 1],[[2, 1], [3, 1], [1, 2], [1, 3], [2, 2], [3, 3]],526,620,531,553
521269,4,86,45,[6, 5, 8, 12, 2, 1],[[2, 1], [3, 1], [1, 2], [1, 3], [2, 2], [3, 3]],539,639,525,575
521309,4,86,45,[6, 5, 8, 12, 2, 1],[[2, 1], [3, 1], [1, 2], [1, 3], [2, 2], [3, 3]],531,642,518,591
521385,4,86,45,[6, 5, 8, 12, 2, 1],[[2, 1], [3, 1], [1, 2], [1, 3], [2, 2], [3, 3]],550,614,511,607
521423,4,86,45,[6, 5, 8, 12, 2, 1],[[2, 1], [3, 1], [1, 2], [1, 3], [2, 2], [3, 3]],526,608,500,630
521515,4,86,45,[6, 5, 8, 12, 2, 1],[[2, 1], [3, 1], [1, 2], [1, 3], [2, 2], [3, 3]],546,625,486,651
521569,4,86,45,[6, 5, 8, 12, 2, 1],[[2, 1], [3, 1], [1, 2], [1, 3], [2, 2], [3, 3]],556,637,486,653
521616,4,86,45,[6, 5, 8, 12, 2, 1],[[2, 1], [3, 1], [1, 2], [1, 3], [2, 2], [3, 3]],551,627,485,663
521677,4,86,45,[6, 5, 8, 12, 2, 1],[[2, 1], [3, 1], [1, 2], [1, 3], [2, 2], [3, 3]],545,618,485,671
521747,4,86,45,[6, 5, 8, 12, 2, 1],[[2, 1], [3, 1], [1, 2], [1, 3], [2, 2], [3, 3]],571,632,485,671
521828,4,86,45,[6, 5, 8, 12, 2, 1],[[2, 1], [3, 1], [1, 2], [1, 3], [2, 2], [3, 3]],590,642,485,673
521869,4,86,45,[6, 5, 8, 12, 2, 1],[[2, 1], [3, 1], [1, 2], [1, 3], [2, 2], [3, 3]],566,613,487,673
521938,4,86,45,[6, 5, 8, 12, 2, 1],[[2, 1], [3, 1], [1, 2], [1, 3], [2, 2], [3, 3]],588,617,530,675
521987,4,86,45,[6, 5, 8, 12, 2, 1],[[2, 1], [3, 1], [1, 2], [1, 3], [2, 2], [3, 3]],586,601,536,670
522032,4,86,45,[6, 5, 8, 12, 2, 1],[[2, 1], [3, 1], [1, 2], [1, 3], [2, 2], [3, 3]],588,607,555,657
522083,4,86,45,[6, 5, 8, 12, 2, 1],[[2, 1], [3, 1], [1, 2], [1, 3], [2, 2], [3, 3]],604,614,560,655
522132,4,86,45,[6, 5, 8, 12, 2, 1],[[2, 1], [3, 1], [1, 2], [1, 3], [2, 2], [3, 3]],592,581,560,655
522177,4,86,45,[6, 5, 8, 12, 2, 1],[[2, 1], [3, 1], [1, 2], [1, 3], [2, 2], [3, 3]],612,574,560,655
522218,4,86,45,[6, 5, 8, 12, 2, 1],[[2, 1], [3, 1], [1, 2], [1, 3], [2, 2], [3, 3]],616,570,560,655
522276,4,86,45,[6, 5, 8, 12, 2, 1],[[2, 1], [3, 1], [1, 2], [1, 3], [2, 2], [3, 3]],612,577,560,650
522331,4,86,45,[6, 5, 8, 12, 2, 1],[[2, 1], [3, 1], [1, 2], [1, 3], [2, 2], [3, 3]],600,574,561,646
522389,4,86,45,[6, 5, 8, 12, 2, 1],[[2, 1], [3, 1], [1, 2], [1, 3], [2, 2], [3, 3]],591,581,561,646
522449,4,86,45,[6, 5, 8, 12, 2, 1],[[2, 1], [3, 1], [1, 2], [1, 3], [2, 2], [3, 3]],584,561,561,646
522512,4,86,45,[6, 5, 8, 12, 2, 1],[[2, 1], [3, 1], [1, 2], [1, 3], [2, 2], [3, 3]],582,573,563,644
522558,4,86,45,[6, 5, 8, 12, 2, 1],[[2, 1], [3, 1], [1, 2], [1, 3], [2, 2], [3, 3]],570,573,574,635
522616,4,86,45,[6, 5, 8, 12, 2, 1],[[2, 1], [3, 1], [1, 2], [1, 3], [2, 2], [3, 3]],561,573,577,634
522680,4,86,45,[6, 5, 8, 12, 2, 1],[[2, 1], [3, 1], [1, 2], [1, 3], [2, 2], [3, 3]],548,581,580,630
522754,4,86,45,[6, 5, 8, 12, 2, 1],[[2, 1], [3, 1], [1, 2], [1, 3], [2, 2], [3, 3]],534,587,584,623
522815,4,86,45,[6, 5, 8, 12, 2, 1],[[2, 1], [3, 1], [1, 2], [1, 3], [2, 2], [3, 3]],540,572,586,621
522866,4,86,45,[6, 5, 8, 12, 2, 1],[[2, 1], [3, 1], [1, 2], [1, 3], [2, 2], [3, 3]],544,567,586,620
522933,4,86,45,[6, 5, 8, 12, 2, 1],[[2, 1], [3, 1], [1, 2], [1, 3], [2, 2], [3, 3]],539,562,586,620
523008,4,86,45,[6, 5, 8, 12, 2, 1],[[2, 1], [3, 1], [1, 2], [1, 3], [2, 2], [3, 3]],543,568,586,619
523069,4,86,45,[6, 5, 8, 12, 2, 1],[[2, 1], [3, 1], [1, 2], [1, 3], [2, 2], [3, 3]],527,577,586,614
523135,4,86,45,[6, 5, 8, 12, 2, 1],[[2, 1], [3, 1], [1, 2], [1, 3], [2, 2], [3, 3]],515,553,585,608
523188,4,86,45,[6, 5, 8, 12, 2, 1],[[2, 1], [3, 1], [1, 2], [1, 3], [2, 2], [3, 3]],525,556,585,602
523269,4,86,45,[6, 5, 8, 12, 2, 1],[[2, 1], [3, 1], [1, 2], [1, 3], [2, 2], [3, 3]],544,590,585,597
523330,4,86,45,[6, 5, 8, 12, 2, 1],[[2, 1], [3, 1], [1, 2], [1, 3], [2, 2], [3, 3]],529,585,588,587
523388,4,86,45,[6, 5, 8, 12, 2, 1],[[2, 1], [3, 1], [1, 2], [1, 3], [2, 2], [3, 3]],530,602,589,580
523436,4,86,45,[6, 5, 8, 12, 2, 1],[[2, 1], [3, 1], [1, 2], [1, 3], [2, 2], [3, 3]],515,587,591,575
523496,4,86,45,[6, 5, 8, 12, 2, 1],[[2, 1], [3, 1], [1, 2], [1, 3], [2, 2], [3, 3]],533,587,592,571
523554,4,86,45,[6, 5, 8, 12, 2, 1],[[2, 1], [3, 1], [1, 2], [1, 3], [2, 2], [3, 3]],530,598,592,571
523617,4,86,45,[6, 5, 8, 12, 2, 1],[[2, 1], [3, 1], [1, 2], [1, 3], [2, 2], [3, 3]],520,586,592,571
523681,4,86,45,[6, 5, 8, 12, 2, 1],[[2, 1], [3, 1], [1, 2], [1, 3], [2, 2], [3, 3]],507,612,592,571
523723,4,86,45,[6, 5, 8, 12, 2, 1],[[2, 1], [3, 1], [1, 2], [1, 3], [2, 2], [3, 3]],496,591,592,571
523796,4,86,45,[6, 5, 8, 12, 2, 1],[[2, 1], [3, 1], [1, 2], [1, 3], [2, 2], [3, 3]],488,595,581,577
523860,4,86,45,[6, 5, 8, 12, 2, 1],[[2, 1], [3, 1], [1, 2], [1, 3], [2, 2], [3, 3]],520,581,572,584
523925,4,86,45,[6, 5, 8, 12, 2, 1],[[2, 1], [3, 1], [1, 2], [1, 3], [2, 2], [3, 3]],539,595,568,586
523985,4,86,45,[6, 5, 8, 12, 2, 1],[[2, 1], [3, 1], [1, 2], [1, 3], [2, 2], [3, 3]],539,581,561,592
524036,4,86,45,[6, 5, 8, 12, 2, 1],[[2, 1], [3, 1], [1, 2], [1, 3], [2, 2], [3, 3]],537,570,551,595
524088,4,86,45,[6, 5, 8, 12, 2, 1],[[2, 1], [3, 1], [1, 2], [1, 3], [2, 2], [3, 3]],525,570,549,596
524145,4,86,45,[6, 5, 8, 12, 2, 1],[[2, 1], [3, 1], [1, 2], [1, 3], [2, 2], [3, 3]],538,578,542,599
524199,4,86,45,[6, 5, 8, 12, 2, 1],[[2, 1], [3, 1], [1, 2], [1, 3], [2, 2], [3, 3]],535,562,539,600
524252,4,86,45,[6, 5, 8, 12, 2, 1],[[2, 1], [3, 1], [1, 2], [1, 3], [2, 2], [3, 3]],543,558,539,600
524304,4,86,45,[6, 5, 8, 12, 2, 1],[[2, 1], [3, 1], [1, 2], [1, 3], [2, 2], [3, 3]],544,558,539,600
524357,4,86,45,[6, 5, 8, 12, 2, 1],[[2, 1], [3, 1], [1, 2], [1, 3], [2, 2], [3, 3]],548,542,539,600
524414,4,86,45,[6, 5, 8, 12, 2, 1],[[2, 1], [3, 1], [1, 2], [1, 3], [2, 2], [3, 3]],556,550,539,600
524471,4,86,45,[6, 5, 8, 12, 2, 1],[[2, 1], [3, 1], [1, 2], [1, 3], [2, 2], [3, 3]],566,590,539,600
524529,4,86,45,[6, 5, 8, 12, 2, 1],[[2, 1], [3, 1], [1, 2], [1, 3], [2, 2], [3, 3]],581,590,539,600
524587,4,86,45,[6, 5, 8, 12, 2, 1],[[2, 1], [3, 1], [1, 2], [1, 3], [2, 2], [3, 3]],604,576,549,591
524636,4,86,45,[6, 5, 8, 12, 2, 1],[[2, 1], [3, 1], [1, 2], [1, 3], [2, 2], [3, 3]],606,561,553,584
524698,4,86,45,[6, 5, 8, 12, 2, 1],[[2, 1], [3, 1], [1, 2], [1, 3], [2, 2], [3, 3]],603,540,559,572
524767,4,86,45,[6, 5, 8, 12, 2, 1],[[2, 1], [3, 1], [1, 2], [1, 3], [2, 2], [3, 3]],607,508,562,565
524817,4,86,45,[6, 5, 8, 12, 2, 1],[[2, 1], [3, 1], [1, 2], [1, 3], [2, 2], [3, 3]],612,518,566,562
524865,4,86,45,[6, 5, 8, 12, 2, 1],[[2, 1], [3, 1], [1, 2], [1, 3], [2, 2], [3, 3]],603,517,570,559
524919,4,86,45,[6, 5, 8, 12, 2, 1],[[2, 1], [3, 1], [1, 2], [1, 3], [2, 2], [3, 3]],622,519,574,559
524971,4,86,45,[6, 5, 8, 12, 2, 1],[[2, 1], [3, 1], [1, 2], [1, 3], [2, 2], [3, 3]],642,532,580,558
525011,4,87,61,[6, 5, 8, 12, 7, 9],[[2, 1], [3, 1], [1, 1], [1, 2], [2, 3], [3, 2]],641,507,593,560
525078,4,87,61,[6, 5, 8, 12, 7, 9],[[2, 1], [3, 1], [1, 1], [1, 2], [2, 3], [3, 2]],657,490,600,563
525133,4,87,61,[6, 5, 8, 12, 7, 9],[[2, 1], [3, 1], [1, 1], [1, 2], [2, 3], [3, 2]],655,506,600,563
525204,4,87,61,[6, 5, 8, 12, 7, 9],[[2, 1], [3, 1], [1, 1], [1, 2], [2, 3], [3, 2]],646,511,600,563
525270,4,87,61,[6, 5, 8, 12, 7, 9],[[2, 1], [3, 1], [1, 1], [1, 2], [2, 3], [3, 2]],653,500,608,566
525354,4,87,61,[6, 5, 8, 12, 7, 9],[[2, 1], [3, 1], [1, 1], [1, 2], [2, 3], [3, 2]],635,504,615,567
525424,4,87,61,[6, 5, 8, 12, 7, 9],[[2, 1], [3, 1], [1, 1], [1, 2], [2, 3], [3, 2]],665,496,622,567
525477,4,87,61,[6, 5, 8, 12, 7, 9],[[2, 1], [3, 1], [1, 1], [1, 2], [2, 3], [3, 2]],668,527,628,567
525525,4,87,61,[6, 5, 8, 12, 7, 9],[[2, 1], [3, 1], [1, 1], [1, 2], [2, 3], [3, 2]],663,508,639,563
525574,4,87,61,[6, 5, 8, 12, 7, 9],[[2, 1], [3, 1], [1, 1], [1, 2], [2, 3], [3, 2]],647,466,645,559
525644,4,87,61,[6, 5, 8, 12, 7, 9],[[2, 1], [3, 1], [1, 1], [1, 2], [2, 3], [3, 2]],648,475,655,553
525688,4,87,61,[6, 5, 8, 12, 7, 9],[[2, 1], [3, 1], [1, 1], [1, 2], [2, 3], [3, 2]],669,499,657,544
525758,4,87,61,[6, 5, 8, 12, 7, 9],[[2, 1], [3, 1], [1, 1], [1, 2], [2, 3], [3, 2]],651,490,660,530
525806,4,87,61,[6, 5, 8, 12, 7, 9],[[2, 1], [3, 1], [1, 1], [1, 2], [2, 3], [3, 2]],659,477,660,522
525859,4,87,61,[6, 5, 8, 12, 7, 9],[[2, 1], [3, 1], [1, 1], [1, 2], [2, 3], [3, 2]],682,497,658,506
525911,4,87,61,[6, 5, 8, 12, 7, 9],[[2, 1], [3, 1], [1, 1], [1, 2], [2, 3], [3, 2]],673,499,654,495
525974,4,87,61,[6, 5, 8, 12, 7, 9],[[2, 1], [3, 1], [1, 1], [1, 2], [2, 3], [3, 2]],660,493,651,481
526026,4,87,61,[6, 5, 8, 12, 7, 9],[[2, 1], [3, 1], [1, 1], [1, 2], [2, 3], [3, 2]],666,484,647,474
526100,4,87,61,[6, 5, 8, 12, 7, 9],[[2, 1], [3, 1], [1, 1], [1, 2], [2, 3], [3, 2]],650,492,646,473
526168,4,87,61,[6, 5, 8, 12, 7, 9],[[2, 1], [3, 1], [1, 1], [1, 2], [2, 3], [3, 2]],647,492,646,473
526208,4,87,61,[6, 5, 8, 12, 7, 9],[[2, 1], [3, 1], [1, 1], [1, 2], [2, 3], [3, 2]],629,491,646,473
526267,4,87,61,[6, 5, 8, 12, 7, 9],[[2, 1], [3, 1], [1, 1], [1, 2], [2, 3], [3, 2]],614,493,631,480
526325,4,87,61,[6, 5, 8, 12, 7, 9],[[2, 1], [3, 1], [1, 1], [1, 2], [2, 3], [3, 2]],639,497,630,493
526392,4,87,61,[6, 5, 8, 12, 7, 9],[[2, 1], [3, 1], [1, 1], [1, 2], [2, 3], [3, 2]],596,516,635,496
526456,4,87,61,[6, 5, 8, 12, 7, 9],[[2, 1], [3, 1], [1, 1], [1, 2], [2, 3], [3, 2]],608,503,638,497
526529,4,87,61,[6, 5, 8, 12, 7, 9],[[2, 1], [3, 1], [1, 1], [1, 2], [2, 3], [3, 2]],621,527,638,497
526574,4,87,61,[6, 5, 8, 12, 7, 9],[[2, 1], [3, 1], [1, 1], [1, 2], [2, 3], [3, 2]],608,510,638,497
526631,4,87,61,[6, 5, 8, 12, 7, 9],[[2, 1], [3, 1], [1, 1], [1, 2], [2, 3], [3, 2]],612,518,638,497
526689,4,87,61,[6, 5, 8, 12, 7, 9],[[2, 1], [3, 1], [1, 1], [1, 2], [2, 3], [3, 2]],602,542,638,497
526760,4,87,61,[6, 5, 8, 12, 7, 9],[[2, 1], [3, 1], [1, 1], [1, 2], [2, 3], [3, 2]],589,494,627,502
526817,4,87,61,[6, 5, 8, 12, 7, 9],[[2, 1], [3, 1], [1, 1], [1, 2], [2, 3], [3, 2]],576,521,611,508
526868,4,87,61,[6, 5, 8, 12, 7, 9],[[2, 1], [3, 1], [1, 1], [1, 2], [2, 3], [3, 2]],560,516,608,512
526913,4,87,61,[6, 5, 8, 12, 7, 9],[[2, 1], [3, 1], [1, 1], [1, 2], [2, 3], [3, 2]],551,519,606,520
526991,4,87,61,[6, 5, 8, 12, 7, 9],[[2, 1], [3, 1], [1, 1], [1, 2], [2, 3], [3, 2]],576,525,612,536
527041,4,87,61,[6, 5, 8, 12, 7, 9],[[2, 1], [3, 1], [1, 1], [1, 2], [2, 3], [3, 2]],599,528,614,540
527097,4,87,61,[6, 5, 8, 12, 7, 9],[[2, 1], [3, 1], [1, 1], [1, 2], [2, 3], [3, 2]],586,521,615,542
527160,4,87,61,[6, 5, 8, 12, 7, 9],[[2, 1], [3, 1], [1, 1], [1, 2], [2, 3], [3, 2]],585,522,615,542
527229,4,87,61,[6, 5, 8, 12, 7, 9],[[2, 1], [3, 1], [1, 1], [1, 2], [2, 3], [3, 2]],592,530,598,548
527273,4,87,61,[6, 5, 8, 12, 7, 9],[[2, 1], [3, 1], [1, 1], [1, 2], [2, 3], [3, 2]],600,513,594,551
527337,4,87,61,[6, 5, 8, 12, 7, 9],[[2, 1], [3, 1], [1, 1], [1, 2], [2, 3], [3, 2]],584,494,593,570
527413,4,87,61,[6, 5, 8, 12, 7, 9],[[2, 1], [3, 1], [1, 1], [1, 2], [2, 3], [3, 2]],602,493,601,586
527469,4,87,61,[6, 5, 8, 12, 7, 9],[[2, 1], [3, 1], [1, 1], [1, 2], [2, 3], [3, 2]],602,500,606,592
527527,4,87,61,[6, 5, 8, 12, 7, 9],[[2, 1], [3, 1], [1, 1], [1, 2], [2, 3], [3, 2]],572,516,606,593
527634,4,87,61,[6, 5, 8, 12, 7, 9],[[2, 1], [3, 1], [1, 1], [1, 2], [2, 3], [3, 2]],566,520,614,593
527681,4,87,61,[6, 5, 8, 12, 7, 9],[[2, 1], [3, 1], [1, 1], [1, 2], [2, 3], [3, 2]],581,517,618,588
527743,4,87,61,[6, 5, 8, 12, 7, 9],[[2, 1], [3, 1], [1, 1], [1, 2], [2, 3], [3, 2]],587,516,629,570
527803,4,87,61,[6, 5, 8, 12, 7, 9],[[2, 1], [3, 1], [1, 1], [1, 2], [2, 3], [3, 2]],575,530,631,559
527863,4,87,61,[6, 5, 8, 12, 7, 9],[[2, 1], [3, 1], [1, 1], [1, 2], [2, 3], [3, 2]],577,572,626,551
527925,4,87,61,[6, 5, 8, 12, 7, 9],[[2, 1], [3, 1], [1, 1], [1, 2], [2, 3], [3, 2]],581,587,603,541
527989,4,87,61,[6, 5, 8, 12, 7, 9],[[2, 1], [3, 1], [1, 1], [1, 2], [2, 3], [3, 2]],577,594,588,536
528042,4,87,61,[6, 5, 8, 12, 7, 9],[[2, 1], [3, 1], [1, 1], [1, 2], [2, 3], [3, 2]],569,594,575,533
528091,4,87,61,[6, 5, 8, 12, 7, 9],[[2, 1], [3, 1], [1, 1], [1, 2], [2, 3], [3, 2]],563,606,575,533
528149,4,87,61,[6, 5, 8, 12, 7, 9],[[2, 1], [3, 1], [1, 1], [1, 2], [2, 3], [3, 2]],561,607,564,541
528191,4,87,61,[6, 5, 8, 12, 7, 9],[[2, 1], [3, 1], [1, 1], [1, 2], [2, 3], [3, 2]],553,628,563,548
528258,4,87,61,[6, 5, 8, 12, 7, 9],[[2, 1], [3, 1], [1, 1], [1, 2], [2, 3], [3, 2]],549,627,562,565
528309,4,87,61,[6, 5, 8, 12, 7, 9],[[2, 1], [3, 1], [1, 1], [1, 2], [2, 3], [3, 2]],559,640,567,575
528363,4,87,61,[6, 5, 8, 12, 7, 9],[[2, 1], [3, 1], [1, 1], [1, 2], [2, 3], [3, 2]],544,618,568,579
528409,4,87,61,[6, 5, 8, 12, 7, 9],[[2, 1], [3, 1], [1, 1], [1, 2], [2, 3], [3, 2]],555,621,572,584
528463,4,87,61,[6, 5, 8, 12, 7, 9],[[2, 1], [3, 1], [1, 1], [1, 2], [2, 3], [3, 2]],553,607,575,587
528522,4,87,61,[6, 5, 8, 12, 7, 9],[[2, 1], [3, 1], [1, 1], [1, 2], [2, 3], [3, 2]],560,610,576,588
528568,4,87,61,[6, 5, 8, 12, 7, 9],[[2, 1], [3, 1], [1, 1], [1, 2], [2, 3], [3, 2]],549,594,576,588
528631,4,87,61,[6, 5, 8, 12, 7, 9],[[2, 1], [3, 1], [1, 1], [1, 2], [2, 3], [3, 2]],526,612,577,588
528672,4,87,61,[6, 5, 8, 12, 7, 9],[[2, 1], [3, 1], [1, 1], [1, 2], [2, 3], [3, 2]],524,602,592,588
528720,4,87,61,[6, 5, 8, 12, 7, 9],[[2, 1], [3, 1], [1, 1], [1, 2], [2, 3], [3, 2]],508,581,610,586
528777,4,87,61,[6, 5, 8, 12, 7, 9],[[2, 1], [3, 1], [1, 1], [1, 2], [2, 3], [3, 2]],483,601,622,581
528835,4,87,61,[6, 5, 8, 12, 7, 9],[[2, 1], [3, 1], [1, 1], [1, 2], [2, 3], [3, 2]],482,610,629,576
528925,4,87,61,[6, 5, 8, 12, 7, 9],[[2, 1], [3, 1], [1, 1], [1, 2], [2, 3], [3, 2]],488,653,631,574
528979,4,87,61,[6, 5, 8, 12, 7, 9],[[2, 1], [3, 1], [1, 1], [1, 2], [2, 3], [3, 2]],486,653,631,574
529033,4,87,61,[6, 5, 8, 12, 7, 9],[[2, 1], [3, 1], [1, 1], [1, 2], [2, 3], [3, 2]],457,634,631,574
529085,4,88,94,[10, 4, 8, 12, 2, 1],[[1, 3], [2, 3], [3, 2], [3, 3], [1, 1], [2, 2]],548,651,626,574
529122,4,88,94,[10, 4, 8, 12, 2, 1],[[1, 3], [2, 3], [3, 2], [3, 3], [1, 1], [2, 2]],548,661,616,574
529177,4,88,94,[10, 4, 8, 12, 2, 1],[[1, 3], [2, 3], [3, 2], [3, 3], [1, 1], [2, 2]],526,675,607,575
529261,4,88,94,[10, 4, 8, 12, 2, 1],[[1, 3], [2, 3], [3, 2], [3, 3], [1, 1], [2, 2]],521,672,600,580
529302,4,88,94,[10, 4, 8, 12, 2, 1],[[1, 3], [2, 3], [3, 2], [3, 3], [1, 1], [2, 2]],516,651,591,589
529348,4,88,94,[10, 4, 8, 12, 2, 1],[[1, 3], [2, 3], [3, 2], [3, 3], [1, 1], [2, 2]],547,664,581,599
529402,4,88,94,[10, 4, 8, 12, 2, 1],[[1, 3], [2, 3], [3, 2], [3, 3], [1, 1], [2, 2]],513,657,575,606
529477,4,88,94,[10, 4, 8, 12, 2, 1],[[1, 3], [2, 3], [3, 2], [3, 3], [1, 1], [2, 2]],527,636,565,623
529518,4,88,94,[10, 4, 8, 12, 2, 1],[[1, 3], [2, 3], [3, 2], [3, 3], [1, 1], [2, 2]],520,630,549,643
529583,4,88,94,[10, 4, 8, 12, 2, 1],[[1, 3], [2, 3], [3, 2], [3, 3], [1, 1], [2, 2]],523,636,540,652
529638,4,88,94,[10, 4, 8, 12, 2, 1],[[1, 3], [2, 3], [3, 2], [3, 3], [1, 1], [2, 2]],516,642,534,657
529729,4,88,94,[10, 4, 8, 12, 2, 1],[[1, 3], [2, 3], [3, 2], [3, 3], [1, 1], [2, 2]],538,648,516,680
529795,4,88,94,[10, 4, 8, 12, 2, 1],[[1, 3], [2, 3], [3, 2], [3, 3], [1, 1], [2, 2]],551,645,510,697
529843,4,88,94,[10, 4, 8, 12, 2, 1],[[1, 3], [2, 3], [3, 2], [3, 3], [1, 1], [2, 2]],563,625,510,703
529909,4,88,94,[10, 4, 8, 12, 2, 1],[[1, 3], [2, 3], [3, 2], [3, 3], [1, 1], [2, 2]],573,614,512,704
529964,4,88,94,[10, 4, 8, 12, 2, 1],[[1, 3], [2, 3], [3, 2], [3, 3], [1, 1], [2, 2]],551,621,535,715
530004,4,88,94,[10, 4, 8, 12, 2, 1],[[1, 3], [2, 3], [3, 2], [3, 3], [1, 1], [2, 2]],556,650,548,715
530048,4,88,94,[10, 4, 8, 12, 2, 1],[[1, 3], [2, 3], [3, 2], [3, 3], [1, 1], [2, 2]],560,656,569,716
530103,4,88,94,[10, 4, 8, 12, 2, 1],[[1, 3], [2, 3], [3, 2], [3, 3], [1, 1], [2, 2]],543,656,588,714
530176,4,88,94,[10, 4, 8, 12, 2, 1],[[1, 3], [2, 3], [3, 2], [3, 3], [1, 1], [2, 2]],560,649,598,693
530238,4,88,94,[10, 4, 8, 12, 2, 1],[[1, 3], [2, 3], [3, 2], [3, 3], [1, 1], [2, 2]],581,680,607,675
530286,4,88,94,[10, 4, 8, 12, 2, 1],[[1, 3], [2, 3], [3, 2], [3, 3], [1, 1], [2, 2]],555,675,612,657
530350,4,88,94,[10, 4, 8, 12, 2, 1],[[1, 3], [2, 3], [3, 2], [3, 3], [1, 1], [2, 2]],541,693,612,652
530399,4,88,94,[10, 4, 8, 12, 2, 1],[[1, 3], [2, 3], [3, 2], [3, 3], [1, 1], [2, 2]],556,688,612,652
530457,4,88,94,[10, 4, 8, 12, 2, 1],[[1, 3], [2, 3], [3, 2], [3, 3], [1, 1], [2, 2]],561,653,603,644
530521,4,88,94,[10, 4, 8, 12, 2, 1],[[1, 3], [2, 3], [3, 2], [3, 3], [1, 1], [2, 2]],574,659,586,640
530584,4,88,94,[10, 4, 8, 12, 2, 1],[[1, 3], [2, 3], [3, 2], [3, 3], [1, 1], [2, 2]],556,679,567,636
530643,4,88,94,[10, 4, 8, 12, 2, 1],[[1, 3], [2, 3], [3, 2], [3, 3], [1, 1], [2, 2]],565,654,561,636
530702,4,88,94,[10, 4, 8, 12, 2, 1],[[1, 3], [2, 3], [3, 2], [3, 3], [1, 1], [2, 2]],578,670,554,637
530755,4,88,94,[10, 4, 8, 12, 2, 1],[[1, 3], [2, 3], [3, 2], [3, 3], [1, 1], [2, 2]],558,687,551,639
530808,4,88,94,[10, 4, 8, 12, 2, 1],[[1, 3], [2, 3], [3, 2], [3, 3], [1, 1], [2, 2]],537,689,548,641
530866,4,88,94,[10, 4, 8, 12, 2, 1],[[1, 3], [2, 3], [3, 2], [3, 3], [1, 1], [2, 2]],542,684,545,647
530923,4,88,94,[10, 4, 8, 12, 2, 1],[[1, 3], [2, 3], [3, 2], [3, 3], [1, 1], [2, 2]],529,679,545,653
530989,4,88,94,[10, 4, 8, 12, 2, 1],[[1, 3], [2, 3], [3, 2], [3, 3], [1, 1], [2, 2]],522,657,546,662
531067,4,88,94,[10, 4, 8, 12, 2, 1],[[1, 3], [2, 3], [3, 2], [3, 3], [1, 1], [2, 2]],494,650,552,674
531114,4,88,94,[10, 4, 8, 12, 2, 1],[[1, 3], [2, 3], [3, 2], [3, 3], [1, 1], [2, 2]],503,617,561,688
531169,4,88,94,[10, 4, 8, 12, 2, 1],[[1, 3], [2, 3], [3, 2], [3, 3], [1, 1], [2, 2]],503,642,565,692
531244,4,88,94,[10, 4, 8, 12, 2, 1],[[1, 3], [2, 3], [3, 2], [3, 3], [1, 1], [2, 2]],495,641,566,692
531292,4,88,94,[10, 4, 8, 12, 2, 1],[[1, 3], [2, 3], [3, 2], [3, 3], [1, 1], [2, 2]],504,658,577,683
531347,4,88,94,[10, 4, 8, 12, 2, 1],[[1, 3], [2, 3], [3, 2], [3, 3], [1, 1], [2, 2]],509,677,580,674
531408,4,88,94,[10, 4, 8, 12, 2, 1],[[1, 3], [2, 3], [3, 2], [3, 3], [1, 1], [2, 2]],507,687,579,667
531459,4,88,94,[10, 4, 8, 12, 2, 1],[[1, 3], [2, 3], [3, 2], [3, 3], [1, 1], [2, 2]],507,674,577,662
531504,4,88,94,[10, 4, 8, 12, 2, 1],[[1, 3], [2, 3], [3, 2], [3, 3], [1, 1], [2, 2]],504,650,568,656
531552,4,88,94,[10, 4, 8, 12, 2, 1],[[1, 3], [2, 3], [3, 2], [3, 3], [1, 1], [2, 2]],522,627,551,648
531624,4,88,94,[10, 4, 8, 12, 2, 1],[[1, 3], [2, 3], [3, 2], [3, 3], [1, 1], [2, 2]],500,636,542,644
531666,4,88,94,[10, 4, 8, 12, 2, 1],[[1, 3], [2, 3], [3, 2], [3, 3], [1, 1], [2, 2]],510,598,542,644
531741,4,88,94,[10, 4, 8, 12, 2, 1],[[1, 3], [2, 3], [3, 2], [3, 3], [1, 1], [2, 2]],522,598,542,644
531793,4,88,94,[10, 4, 8, 12, 2, 1],[[1, 3], [2, 3], [3, 2], [3, 3], [1, 1], [2, 2]],516,581,542,644
531848,4,88,94,[10, 4, 8, 12, 2, 1],[[1, 3], [2, 3], [3, 2], [3, 3], [1, 1], [2, 2]],524,584,542,644
531917,4,88,94,[10, 4, 8, 12, 2, 1],[[1, 3], [2, 3], [3, 2], [3, 3], [1, 1], [2, 2]],529,589,542,644
531973,4,88,94,[10, 4, 8, 12, 2, 1],[[1, 3], [2, 3], [3, 2], [3, 3], [1, 1], [2, 2]],517,598,542,644
532016,4,88,94,[10, 4, 8, 12, 2, 1],[[1, 3], [2, 3], [3, 2], [3, 3], [1, 1], [2, 2]],500,596,542,644
532066,4,88,94,[10, 4, 8, 12, 2, 1],[[1, 3], [2, 3], [3, 2], [3, 3], [1, 1], [2, 2]],500,565,542,644
532107,4,88,94,[10, 4, 8, 12, 2, 1],[[1, 3], [2, 3], [3, 2], [3, 3], [1, 1], [2, 2]],496,547,542,644
532154,4,88,94,[10, 4, 8, 12, 2, 1],[[1, 3], [2, 3], [3, 2], [3, 3], [1, 1], [2, 2]],504,539,542,644
532198,4,88,94,[10, 4, 8, 12, 2, 1],[[1, 3], [2, 3], [3, 2], [3, 3], [1, 1], [2, 2]],521,550,542,644
532248,4,88,94,[10, 4, 8, 12, 2, 1],[[1, 3], [2, 3], [3, 2], [3, 3], [1, 1], [2, 2]],474,566,543,639
532283,4,88,94,[10, 4, 8, 12, 2, 1],[[1, 3], [2, 3], [3, 2], [3, 3], [1, 1], [2, 2]],512,576,544,626
532352,4,88,94,[10, 4, 8, 12, 2, 1],[[1, 3], [2, 3], [3, 2], [3, 3], [1, 1], [2, 2]],532,575,538,603
532430,4,88,94,[10, 4, 8, 12, 2, 1],[[1, 3], [2, 3], [3, 2], [3, 3], [1, 1], [2, 2]],540,542,489,578
532478,4,88,94,[10, 4, 8, 12, 2, 1],[[1, 3], [2, 3], [3, 2], [3, 3], [1, 1], [2, 2]],544,538,454,578
532545,4,88,94,[10, 4, 8, 12, 2, 1],[[1, 3], [2, 3], [3, 2], [3, 3], [1, 1], [2, 2]],514,556,445,582
532603,4,88,94,[10, 4, 8, 12, 2, 1],[[1, 3], [2, 3], [3, 2], [3, 3], [1, 1], [2, 2]],488,556,440,592
532665,4,88,94,[10, 4, 8, 12, 2, 1],[[1, 3], [2, 3], [3, 2], [3, 3], [1, 1], [2, 2]],508,557,440,593
532737,4,88,94,[10, 4, 8, 12, 2, 1],[[1, 3], [2, 3], [3, 2], [3, 3], [1, 1], [2, 2]],478,557,461,597
532799,4,88,94,[10, 4, 8, 12, 2, 1],[[1, 3], [2, 3], [3, 2], [3, 3], [1, 1], [2, 2]],540,557,524,599
532855,4,88,94,[10, 4, 8, 12, 2, 1],[[1, 3], [2, 3], [3, 2], [3, 3], [1, 1], [2, 2]],539,541,533,592
532921,4,88,94,[10, 4, 8, 12, 2, 1],[[1, 3], [2, 3], [3, 2], [3, 3], [1, 1], [2, 2]],534,536,533,585
532969,4,88,94,[10, 4, 8, 12, 2, 1],[[1, 3], [2, 3], [3, 2], [3, 3], [1, 1], [2, 2]],529,519,533,585
533031,4,88,94,[10, 4, 8, 12, 2, 1],[[1, 3], [2, 3], [3, 2], [3, 3], [1, 1], [2, 2]],539,491,533,585
533102,4,88,94,[10, 4, 8, 12, 2, 1],[[1, 3], [2, 3], [3, 2], [3, 3], [1, 1], [2, 2]],541,502,522,599
533183,4,89,72,[10, 4, 3, 11, 2, 1],[[2, 1], [3, 1], [1, 1], [1, 2], [2, 2], [3, 3]],526,509,540,618
533234,4,89,72,[10, 4, 3, 11, 2, 1],[[2, 1], [3, 1], [1, 1], [1, 2], [2, 2], [3, 3]],533,503,577,617
533291,4,89,72,[10, 4, 3, 11, 2, 1],[[2, 1], [3, 1], [1, 1], [1, 2], [2, 2], [3, 3]],552,496,586,597
533343,4,89,72,[10, 4, 3, 11, 2, 1],[[2, 1], [3, 1], [1, 1], [1, 2], [2, 2], [3, 3]],561,502,589,573
533387,4,89,72,[10, 4, 3, 11, 2, 1],[[2, 1], [3, 1], [1, 1], [1, 2], [2, 2], [3, 3]],565,498,578,561
533451,4,89,72,[10, 4, 3, 11, 2, 1],[[2, 1], [3, 1], [1, 1], [1, 2], [2, 2], [3, 3]],559,528,565,560
533513,4,89,72,[10, 4, 3, 11, 2, 1],[[2, 1], [3, 1], [1, 1], [1, 2], [2, 2], [3, 3]],575,526,551,569
533553,4,89,72,[10, 4, 3, 11, 2, 1],[[2, 1], [3, 1], [1, 1], [1, 2], [2, 2], [3, 3]],555,550,548,576
533605,4,89,72,[10, 4, 3, 11, 2, 1],[[2, 1], [3, 1], [1, 1], [1, 2], [2, 2], [3, 3]],546,549,546,587
533653,4,89,72,[10, 4, 3, 11, 2, 1],[[2, 1], [3, 1], [1, 1], [1, 2], [2, 2], [3, 3]],541,555,548,594
533695,4,89,72,[10, 4, 3, 11, 2, 1],[[2, 1], [3, 1], [1, 1], [1, 2], [2, 2], [3, 3]],541,551,549,598
533764,4,89,72,[10, 4, 3, 11, 2, 1],[[2, 1], [3, 1], [1, 1], [1, 2], [2, 2], [3, 3]],552,565,568,600
533808,4,89,72,[10, 4, 3, 11, 2, 1],[[2, 1], [3, 1], [1, 1], [1, 2], [2, 2], [3, 3]],549,550,587,599
533859,4,89,72,[10, 4, 3, 11, 2, 1],[[2, 1], [3, 1], [1, 1], [1, 2], [2, 2], [3, 3]],558,543,592,590
533914,4,89,72,[10, 4, 3, 11, 2, 1],[[2, 1], [3, 1], [1, 1], [1, 2], [2, 2], [3, 3]],580,522,596,576
533969,4,89,72,[10, 4, 3, 11, 2, 1],[[2, 1], [3, 1], [1, 1], [1, 2], [2, 2], [3, 3]],569,543,594,573
534031,4,89,72,[10, 4, 3, 11, 2, 1],[[2, 1], [3, 1], [1, 1], [1, 2], [2, 2], [3, 3]],564,552,585,573
534088,4,89,72,[10, 4, 3, 11, 2, 1],[[2, 1], [3, 1], [1, 1], [1, 2], [2, 2], [3, 3]],562,557,547,579
534135,4,89,72,[10, 4, 3, 11, 2, 1],[[2, 1], [3, 1], [1, 1], [1, 2], [2, 2], [3, 3]],562,549,537,587
534175,4,89,72,[10, 4, 3, 11, 2, 1],[[2, 1], [3, 1], [1, 1], [1, 2], [2, 2], [3, 3]],563,545,532,593
534223,4,89,72,[10, 4, 3, 11, 2, 1],[[2, 1], [3, 1], [1, 1], [1, 2], [2, 2], [3, 3]],573,527,530,600
534264,4,89,72,[10, 4, 3, 11, 2, 1],[[2, 1], [3, 1], [1, 1], [1, 2], [2, 2], [3, 3]],549,513,530,602
534311,4,89,72,[10, 4, 3, 11, 2, 1],[[2, 1], [3, 1], [1, 1], [1, 2], [2, 2], [3, 3]],563,533,530,605
534361,4,89,72,[10, 4, 3, 11, 2, 1],[[2, 1], [3, 1], [1, 1], [1, 2], [2, 2], [3, 3]],571,524,530,606
534410,4,89,72,[10, 4, 3, 11, 2, 1],[[2, 1], [3, 1], [1, 1], [1, 2], [2, 2], [3, 3]],586,520,530,606
534468,4,89,72,[10, 4, 3, 11, 2, 1],[[2, 1], [3, 1], [1, 1], [1, 2], [2, 2], [3, 3]],585,518,530,606
534515,4,89,72,[10, 4, 3, 11, 2, 1],[[2, 1], [3, 1], [1, 1], [1, 2], [2, 2], [3, 3]],565,508,530,606
534550,4,89,72,[10, 4, 3, 11, 2, 1],[[2, 1], [3, 1], [1, 1], [1, 2], [2, 2], [3, 3]],560,489,530,610
534633,4,89,72,[10, 4, 3, 11, 2, 1],[[2, 1], [3, 1], [1, 1], [1, 2], [2, 2], [3, 3]],536,501,533,616
534686,4,89,72,[10, 4, 3, 11, 2, 1],[[2, 1], [3, 1], [1, 1], [1, 2], [2, 2], [3, 3]],522,510,533,616
534744,4,89,72,[10, 4, 3, 11, 2, 1],[[2, 1], [3, 1], [1, 1], [1, 2], [2, 2], [3, 3]],516,512,536,616
534798,4,89,72,[10, 4, 3, 11, 2, 1],[[2, 1], [3, 1], [1, 1], [1, 2], [2, 2], [3, 3]],513,509,548,612
534870,4,89,72,[10, 4, 3, 11, 2, 1],[[2, 1], [3, 1], [1, 1], [1, 2], [2, 2], [3, 3]],519,507,553,608
534936,4,89,72,[10, 4, 3, 11, 2, 1],[[2, 1], [3, 1], [1, 1], [1, 2], [2, 2], [3, 3]],507,516,553,607
535021,4,89,72,[10, 4, 3, 11, 2, 1],[[2, 1], [3, 1], [1, 1], [1, 2], [2, 2], [3, 3]],505,525,553,599
535067,4,89,72,[10, 4, 3, 11, 2, 1],[[2, 1], [3, 1], [1, 1], [1, 2], [2, 2], [3, 3]],496,503,552,593
535149,4,89,72,[10, 4, 3, 11, 2, 1],[[2, 1], [3, 1], [1, 1], [1, 2], [2, 2], [3, 3]],512,525,550,587
535214,4,89,72,[10, 4, 3, 11, 2, 1],[[2, 1], [3, 1], [1, 1], [1, 2], [2, 2], [3, 3]],546,532,547,580
535304,4,89,72,[10, 4, 3, 11, 2, 1],[[2, 1], [3, 1], [1, 1], [1, 2], [2, 2], [3, 3]],562,522,539,566
535365,4,89,72,[10, 4, 3, 11, 2, 1],[[2, 1], [3, 1], [1, 1], [1, 2], [2, 2], [3, 3]],549,533,527,552
535443,4,89,72,[10, 4, 3, 11, 2, 1],[[2, 1], [3, 1], [1, 1], [1, 2], [2, 2], [3, 3]],530,537,515,545
535482,4,89,72,[10, 4, 3, 11, 2, 1],[[2, 1], [3, 1], [1, 1], [1, 2], [2, 2], [3, 3]],530,558,508,543
535551,4,89,72,[10, 4, 3, 11, 2, 1],[[2, 1], [3, 1], [1, 1], [1, 2], [2, 2], [3, 3]],528,570,496,542
535604,4,89,72,[10, 4, 3, 11, 2, 1],[[2, 1], [3, 1], [1, 1], [1, 2], [2, 2], [3, 3]],541,543,487,544
535675,4,89,72,[10, 4, 3, 11, 2, 1],[[2, 1], [3, 1], [1, 1], [1, 2], [2, 2], [3, 3]],509,552,483,549
535719,4,89,72,[10, 4, 3, 11, 2, 1],[[2, 1], [3, 1], [1, 1], [1, 2], [2, 2], [3, 3]],499,564,480,560
535787,4,89,72,[10, 4, 3, 11, 2, 1],[[2, 1], [3, 1], [1, 1], [1, 2], [2, 2], [3, 3]],496,567,483,573
535833,4,89,72,[10, 4, 3, 11, 2, 1],[[2, 1], [3, 1], [1, 1], [1, 2], [2, 2], [3, 3]],505,583,488,586
535901,4,89,72,[10, 4, 3, 11, 2, 1],[[2, 1], [3, 1], [1, 1], [1, 2], [2, 2], [3, 3]],509,594,493,590
535952,4,89,72,[10, 4, 3, 11, 2, 1],[[2, 1], [3, 1], [1, 1], [1, 2], [2, 2], [3, 3]],523,584,504,599
536013,4,89,72,[10, 4, 3, 11, 2, 1],[[2, 1], [3, 1], [1, 1], [1, 2], [2, 2], [3, 3]],509,556,516,601
536052,4,89,72,[10, 4, 3, 11, 2, 1],[[2, 1], [3, 1], [1, 1], [1, 2], [2, 2], [3, 3]],543,571,525,601
536097,4,89,72,[10, 4, 3, 11, 2, 1],[[2, 1], [3, 1], [1, 1], [1, 2], [2, 2], [3, 3]],547,569,537,596
536144,4,89,72,[10, 4, 3, 11, 2, 1],[[2, 1], [3, 1], [1, 1], [1, 2], [2, 2], [3, 3]],546,557,546,591
536201,4,89,72,[10, 4, 3, 11, 2, 1],[[2, 1], [3, 1], [1, 1], [1, 2], [2, 2], [3, 3]],561,567,550,585
536244,4,89,72,[10, 4, 3, 11, 2, 1],[[2, 1], [3, 1], [1, 1], [1, 2], [2, 2], [3, 3]],572,552,554,578
536302,4,89,72,[10, 4, 3, 11, 2, 1],[[2, 1], [3, 1], [1, 1], [1, 2], [2, 2], [3, 3]],559,536,554,569
536345,4,89,72,[10, 4, 3, 11, 2, 1],[[2, 1], [3, 1], [1, 1], [1, 2], [2, 2], [3, 3]],554,554,551,557
536397,4,89,72,[10, 4, 3, 11, 2, 1],[[2, 1], [3, 1], [1, 1], [1, 2], [2, 2], [3, 3]],576,540,546,545
536455,4,89,72,[10, 4, 3, 11, 2, 1],[[2, 1], [3, 1], [1, 1], [1, 2], [2, 2], [3, 3]],571,566,540,533
536513,4,89,72,[10, 4, 3, 11, 2, 1],[[2, 1], [3, 1], [1, 1], [1, 2], [2, 2], [3, 3]],521,543,534,529
536576,4,89,72,[10, 4, 3, 11, 2, 1],[[2, 1], [3, 1], [1, 1], [1, 2], [2, 2], [3, 3]],500,528,525,528
536633,4,89,72,[10, 4, 3, 11, 2, 1],[[2, 1], [3, 1], [1, 1], [1, 2], [2, 2], [3, 3]],497,528,515,527
536696,4,89,72,[10, 4, 3, 11, 2, 1],[[2, 1], [3, 1], [1, 1], [1, 2], [2, 2], [3, 3]],496,516,505,532
536759,4,89,72,[10, 4, 3, 11, 2, 1],[[2, 1], [3, 1], [1, 1], [1, 2], [2, 2], [3, 3]],503,505,494,540
536824,4,89,72,[10, 4, 3, 11, 2, 1],[[2, 1], [3, 1], [1, 1], [1, 2], [2, 2], [3, 3]],486,499,491,549
536888,4,89,72,[10, 4, 3, 11, 2, 1],[[2, 1], [3, 1], [1, 1], [1, 2], [2, 2], [3, 3]],512,505,491,563
536945,4,89,72,[10, 4, 3, 11, 2, 1],[[2, 1], [3, 1], [1, 1], [1, 2], [2, 2], [3, 3]],509,519,491,569
537013,4,89,72,[10, 4, 3, 11, 2, 1],[[2, 1], [3, 1], [1, 1], [1, 2], [2, 2], [3, 3]],513,528,493,579
537095,4,89,72,[10, 4, 3, 11, 2, 1],[[2, 1], [3, 1], [1, 1], [1, 2], [2, 2], [3, 3]],510,519,496,583
537140,4,89,72,[10, 4, 3, 11, 2, 1],[[2, 1], [3, 1], [1, 1], [1, 2], [2, 2], [3, 3]],538,505,509,589
537199,4,89,72,[10, 4, 3, 11, 2, 1],[[2, 1], [3, 1], [1, 1], [1, 2], [2, 2], [3, 3]],505,519,517,590
537273,4,90,140,[10, 4, 3, 11, 2, 1],[[2, 3], [3, 3], [3, 1], [3, 2], [1, 1], [2, 2]],494,541,530,590
552820,5,90,140,[10, 4, 3, 11, 2, 1],[[2, 3], [3, 3], [3, 1], [3, 2], [1, 1], [2, 2]],936,539,974,546
552884,5,90,140,[10, 4, 3, 11, 2, 1],[[2, 3], [3, 3], [3, 1], [3, 2], [1, 1], [2, 2]],952,556,974,546
552937,5,90,140,[10, 4, 3, 11, 2, 1],[[2, 3], [3, 3], [3, 1], [3, 2], [1, 1], [2, 2]],950,556,974,546
553004,5,90,140,[10, 4, 3, 11, 2, 1],[[2, 3], [3, 3], [3, 1], [3, 2], [1, 1], [2, 2]],916,563,974,546
553075,5,90,140,[10, 4, 3, 11, 2, 1],[[2, 3], [3, 3], [3, 1], [3, 2], [1, 1], [2, 2]],942,529,974,546
553138,5,90,140,[10, 4, 3, 11, 2, 1],[[2, 3], [3, 3], [3, 1], [3, 2], [1, 1], [2, 2]],934,507,974,546
553211,5,90,140,[10, 4, 3, 11, 2, 1],[[2, 3], [3, 3], [3, 1], [3, 2], [1, 1], [2, 2]],915,519,974,546
553275,5,90,140,[10, 4, 3, 11, 2, 1],[[2, 3], [3, 3], [3, 1], [3, 2], [1, 1], [2, 2]],914,507,974,546
553344,5,90,140,[10, 4, 3, 11, 2, 1],[[2, 3], [3, 3], [3, 1], [3, 2], [1, 1], [2, 2]],921,496,974,546
553394,5,90,140,[10, 4, 3, 11, 2, 1],[[2, 3], [3, 3], [3, 1], [3, 2], [1, 1], [2, 2]],938,481,974,546
553448,5,90,140,[10, 4, 3, 11, 2, 1],[[2, 3], [3, 3], [3, 1], [3, 2], [1, 1], [2, 2]],940,459,974,546
553498,5,90,140,[10, 4, 3, 11, 2, 1],[[2, 3], [3, 3], [3, 1], [3, 2], [1, 1], [2, 2]],964,497,974,546
553558,5,90,140,[10, 4, 3, 11, 2, 1],[[2, 3], [3, 3], [3, 1], [3, 2], [1, 1], [2, 2]],964,517,965,547
553610,5,90,140,[10, 4, 3, 11, 2, 1],[[2, 3], [3, 3], [3, 1], [3, 2], [1, 1], [2, 2]],958,503,955,547
553664,5,90,140,[10, 4, 3, 11, 2, 1],[[2, 3], [3, 3], [3, 1], [3, 2], [1, 1], [2, 2]],957,496,955,547
553717,5,90,140,[10, 4, 3, 11, 2, 1],[[2, 3], [3, 3], [3, 1], [3, 2], [1, 1], [2, 2]],931,519,955,547
553774,5,90,140,[10, 4, 3, 11, 2, 1],[[2, 3], [3, 3], [3, 1], [3, 2], [1, 1], [2, 2]],952,508,952,534
553841,5,91,80,[10, 4, 3, 11, 2, 1],[[1, 3], [2, 3], [1, 1], [1, 2], [2, 1], [3, 2]],940,479,950,531
553911,5,91,80,[10, 4, 3, 11, 2, 1],[[1, 3], [2, 3], [1, 1], [1, 2], [2, 1], [3, 2]],918,483,950,531
553960,5,91,80,[10, 4, 3, 11, 2, 1],[[1, 3], [2, 3], [1, 1], [1, 2], [2, 1], [3, 2]],912,488,950,531
554011,5,91,80,[10, 4, 3, 11, 2, 1],[[1, 3], [2, 3], [1, 1], [1, 2], [2, 1], [3, 2]],923,481,950,531
554065,5,91,80,[10, 4, 3, 11, 2, 1],[[1, 3], [2, 3], [1, 1], [1, 2], [2, 1], [3, 2]],906,494,950,531
554101,5,91,80,[10, 4, 3, 11, 2, 1],[[1, 3], [2, 3], [1, 1], [1, 2], [2, 1], [3, 2]],917,506,950,531
554162,5,91,80,[10, 4, 3, 11, 2, 1],[[1, 3], [2, 3], [1, 1], [1, 2], [2, 1], [3, 2]],920,484,950,531
554210,5,91,80,[10, 4, 3, 11, 2, 1],[[1, 3], [2, 3], [1, 1], [1, 2], [2, 1], [3, 2]],935,495,950,531
554267,5,91,80,[10, 4, 3, 11, 2, 1],[[1, 3], [2, 3], [1, 1], [1, 2], [2, 1], [3, 2]],933,512,950,531
554321,5,91,80,[10, 4, 3, 11, 2, 1],[[1, 3], [2, 3], [1, 1], [1, 2], [2, 1], [3, 2]],938,533,950,531
554374,5,91,80,[10, 4, 3, 11, 2, 1],[[1, 3], [2, 3], [1, 1], [1, 2], [2, 1], [3, 2]],915,545,950,531
554437,5,91,80,[10, 4, 3, 11, 2, 1],[[1, 3], [2, 3], [1, 1], [1, 2], [2, 1], [3, 2]],935,557,950,531
554485,5,91,80,[10, 4, 3, 11, 2, 1],[[1, 3], [2, 3], [1, 1], [1, 2], [2, 1], [3, 2]],948,547,950,531
554530,5,91,80,[10, 4, 3, 11, 2, 1],[[1, 3], [2, 3], [1, 1], [1, 2], [2, 1], [3, 2]],931,538,944,524
554577,5,91,80,[10, 4, 3, 11, 2, 1],[[1, 3], [2, 3], [1, 1], [1, 2], [2, 1], [3, 2]],912,550,920,487
554634,5,91,80,[10, 4, 3, 11, 2, 1],[[1, 3], [2, 3], [1, 1], [1, 2], [2, 1], [3, 2]],923,528,901,476
554683,5,91,80,[10, 4, 3, 11, 2, 1],[[1, 3], [2, 3], [1, 1], [1, 2], [2, 1], [3, 2]],908,517,875,489
554728,5,91,80,[10, 4, 3, 11, 2, 1],[[1, 3], [2, 3], [1, 1], [1, 2], [2, 1], [3, 2]],921,506,863,495
554775,5,91,80,[10, 4, 3, 11, 2, 1],[[1, 3], [2, 3], [1, 1], [1, 2], [2, 1], [3, 2]],913,500,855,504
554853,5,91,80,[10, 4, 3, 11, 2, 1],[[1, 3], [2, 3], [1, 1], [1, 2], [2, 1], [3, 2]],908,510,850,538
554888,5,91,80,[10, 4, 3, 11, 2, 1],[[1, 3], [2, 3], [1, 1], [1, 2], [2, 1], [3, 2]],915,519,855,563
554938,5,91,80,[10, 4, 3, 11, 2, 1],[[1, 3], [2, 3], [1, 1], [1, 2], [2, 1], [3, 2]],915,521,873,584
554996,5,91,80,[10, 4, 3, 11, 2, 1],[[1, 3], [2, 3], [1, 1], [1, 2], [2, 1], [3, 2]],910,525,885,586
555046,5,91,80,[10, 4, 3, 11, 2, 1],[[1, 3], [2, 3], [1, 1], [1, 2], [2, 1], [3, 2]],916,533,904,583
555100,5,91,80,[10, 4, 3, 11, 2, 1],[[1, 3], [2, 3], [1, 1], [1, 2], [2, 1], [3, 2]],956,505,924,574
555194,5,91,80,[10, 4, 3, 11, 2, 1],[[1, 3], [2, 3], [1, 1], [1, 2], [2, 1], [3, 2]],959,509,963,531
555253,5,91,80,[10, 4, 3, 11, 2, 1],[[1, 3], [2, 3], [1, 1], [1, 2], [2, 1], [3, 2]],952,492,964,527
555308,5,91,80,[10, 4, 3, 11, 2, 1],[[1, 3], [2, 3], [1, 1], [1, 2], [2, 1], [3, 2]],908,482,963,521
555377,5,91,80,[10, 4, 3, 11, 2, 1],[[1, 3], [2, 3], [1, 1], [1, 2], [2, 1], [3, 2]],927,467,959,520
555458,5,91,80,[10, 4, 3, 11, 2, 1],[[1, 3], [2, 3], [1, 1], [1, 2], [2, 1], [3, 2]],934,462,959,520
555522,5,91,80,[10, 4, 3, 11, 2, 1],[[1, 3], [2, 3], [1, 1], [1, 2], [2, 1], [3, 2]],956,431,959,520
555595,5,91,80,[10, 4, 3, 11, 2, 1],[[1, 3], [2, 3], [1, 1], [1, 2], [2, 1], [3, 2]],944,458,958,534
555704,5,91,80,[10, 4, 3, 11, 2, 1],[[1, 3], [2, 3], [1, 1], [1, 2], [2, 1], [3, 2]],963,460,958,534
555747,5,91,80,[10, 4, 3, 11, 2, 1],[[1, 3], [2, 3], [1, 1], [1, 2], [2, 1], [3, 2]],969,457,958,534
555847,5,91,80,[10, 4, 3, 11, 2, 1],[[1, 3], [2, 3], [1, 1], [1, 2], [2, 1], [3, 2]],973,466,987,495
555922,5,91,80,[10, 4, 3, 11, 2, 1],[[1, 3], [2, 3], [1, 1], [1, 2], [2, 1], [3, 2]],970,478,973,463
555988,5,91,80,[10, 4, 3, 11, 2, 1],[[1, 3], [2, 3], [1, 1], [1, 2], [2, 1], [3, 2]],940,482,950,456
556055,5,91,80,[10, 4, 3, 11, 2, 1],[[1, 3], [2, 3], [1, 1], [1, 2], [2, 1], [3, 2]],896,473,939,459
556114,5,91,80,[10, 4, 3, 11, 2, 1],[[1, 3], [2, 3], [1, 1], [1, 2], [2, 1], [3, 2]],918,477,928,475
556166,5,91,80,[10, 4, 3, 11, 2, 1],[[1, 3], [2, 3], [1, 1], [1, 2], [2, 1], [3, 2]],926,489,929,487
556214,5,91,80,[10, 4, 3, 11, 2, 1],[[1, 3], [2, 3], [1, 1], [1, 2], [2, 1], [3, 2]],928,509,935,491
556272,5,91,80,[10, 4, 3, 11, 2, 1],[[1, 3], [2, 3], [1, 1], [1, 2], [2, 1], [3, 2]],901,500,951,494
556325,5,91,80,[10, 4, 3, 11, 2, 1],[[1, 3], [2, 3], [1, 1], [1, 2], [2, 1], [3, 2]],890,516,965,490
556377,5,91,80,[10, 4, 3, 11, 2, 1],[[1, 3], [2, 3], [1, 1], [1, 2], [2, 1], [3, 2]],889,514,968,477
556430,5,91,80,[10, 4, 3, 11, 2, 1],[[1, 3], [2, 3], [1, 1], [1, 2], [2, 1], [3, 2]],902,516,966,474
556483,5,91,80,[10, 4, 3, 11, 2, 1],[[1, 3], [2, 3], [1, 1], [1, 2], [2, 1], [3, 2]],917,543,956,476
556545,5,91,80,[10, 4, 3, 11, 2, 1],[[1, 3], [2, 3], [1, 1], [1, 2], [2, 1], [3, 2]],952,541,929,493
556592,5,91,80,[10, 4, 3, 11, 2, 1],[[1, 3], [2, 3], [1, 1], [1, 2], [2, 1], [3, 2]],954,525,922,503
556633,5,91,80,[10, 4, 3, 11, 2, 1],[[1, 3], [2, 3], [1, 1], [1, 2], [2, 1], [3, 2]],932,496,922,511
556677,5,91,80,[10, 4, 3, 11, 2, 1],[[1, 3], [2, 3], [1, 1], [1, 2], [2, 1], [3, 2]],931,491,924,525
556750,5,91,80,[10, 4, 3, 11, 2, 1],[[1, 3], [2, 3], [1, 1], [1, 2], [2, 1], [3, 2]],935,477,934,537
556805,5,91,80,[10, 4, 3, 11, 2, 1],[[1, 3], [2, 3], [1, 1], [1, 2], [2, 1], [3, 2]],948,462,952,540
556866,5,91,80,[10, 4, 3, 11, 2, 1],[[1, 3], [2, 3], [1, 1], [1, 2], [2, 1], [3, 2]],930,472,968,530
556923,5,91,80,[10, 4, 3, 11, 2, 1],[[1, 3], [2, 3], [1, 1], [1, 2], [2, 1], [3, 2]],916,454,974,515
556982,5,91,80,[10, 4, 3, 11, 2, 1],[[1, 3], [2, 3], [1, 1], [1, 2], [2, 1], [3, 2]],922,445,956,488
557035,5,91,80,[10, 4, 3, 11, 2, 1],[[1, 3], [2, 3], [1, 1], [1, 2], [2, 1], [3, 2]],951,486,955,486
557093,5,91,80,[10, 4, 3, 11, 2, 1],[[1, 3], [2, 3], [1, 1], [1, 2], [2, 1], [3, 2]],935,510,945,488
557155,5,91,80,[10, 4, 3, 11, 2, 1],[[1, 3], [2, 3], [1, 1], [1, 2], [2, 1], [3, 2]],922,500,914,504
557219,5,91,80,[10, 4, 3, 11, 2, 1],[[1, 3], [2, 3], [1, 1], [1, 2], [2, 1], [3, 2]],903,515,905,514
557265,5,91,80,[10, 4, 3, 11, 2, 1],[[1, 3], [2, 3], [1, 1], [1, 2], [2, 1], [3, 2]],888,506,905,521
557321,5,91,80,[10, 4, 3, 11, 2, 1],[[1, 3], [2, 3], [1, 1], [1, 2], [2, 1], [3, 2]],868,519,908,529
557363,5,91,80,[10, 4, 3, 11, 2, 1],[[1, 3], [2, 3], [1, 1], [1, 2], [2, 1], [3, 2]],853,528,909,531
557430,5,91,80,[10, 4, 3, 11, 2, 1],[[1, 3], [2, 3], [1, 1], [1, 2], [2, 1], [3, 2]],874,514,914,537
557491,5,91,80,[10, 4, 3, 11, 2, 1],[[1, 3], [2, 3], [1, 1], [1, 2], [2, 1], [3, 2]],879,504,919,540
557557,5,91,80,[10, 4, 3, 11, 2, 1],[[1, 3], [2, 3], [1, 1], [1, 2], [2, 1], [3, 2]],885,495,922,542
557622,5,91,80,[10, 4, 3, 11, 2, 1],[[1, 3], [2, 3], [1, 1], [1, 2], [2, 1], [3, 2]],856,496,922,542
557688,5,91,80,[10, 4, 3, 11, 2, 1],[[1, 3], [2, 3], [1, 1], [1, 2], [2, 1], [3, 2]],874,508,922,542
557743,5,91,80,[10, 4, 3, 11, 2, 1],[[1, 3], [2, 3], [1, 1], [1, 2], [2, 1], [3, 2]],910,494,922,542
557803,5,91,80,[10, 4, 3, 11, 2, 1],[[1, 3], [2, 3], [1, 1], [1, 2], [2, 1], [3, 2]],923,489,909,538
557854,5,91,80,[10, 4, 3, 11, 2, 1],[[1, 3], [2, 3], [1, 1], [1, 2], [2, 1], [3, 2]],921,519,904,536
557902,5,92,34,[10, 4, 8, 12, 2, 1],[[1, 1], [2, 1], [3, 1], [3, 2], [2, 2], [3, 3]],912,519,898,529
557955,5,92,34,[10, 4, 8, 12, 2, 1],[[1, 1], [2, 1], [3, 1], [3, 2], [2, 2], [3, 3]],909,506,894,524
558002,5,92,34,[10, 4, 8, 12, 2, 1],[[1, 1], [2, 1], [3, 1], [3, 2], [2, 2], [3, 3]],902,499,891,522
558052,5,92,34,[10, 4, 8, 12, 2, 1],[[1, 1], [2, 1], [3, 1], [3, 2], [2, 2], [3, 3]],915,503,891,521
558098,5,92,34,[10, 4, 8, 12, 2, 1],[[1, 1], [2, 1], [3, 1], [3, 2], [2, 2], [3, 3]],892,524,890,515
558150,5,92,34,[10, 4, 8, 12, 2, 1],[[1, 1], [2, 1], [3, 1], [3, 2], [2, 2], [3, 3]],907,531,890,513
558189,5,92,34,[10, 4, 8, 12, 2, 1],[[1, 1], [2, 1], [3, 1], [3, 2], [2, 2], [3, 3]],893,525,890,513
558233,5,92,34,[10, 4, 8, 12, 2, 1],[[1, 1], [2, 1], [3, 1], [3, 2], [2, 2], [3, 3]],898,530,890,513
558296,5,92,34,[10, 4, 8, 12, 2, 1],[[1, 1], [2, 1], [3, 1], [3, 2], [2, 2], [3, 3]],912,513,899,502
558355,5,92,34,[10, 4, 8, 12, 2, 1],[[1, 1], [2, 1], [3, 1], [3, 2], [2, 2], [3, 3]],903,502,908,494
558424,5,92,34,[10, 4, 8, 12, 2, 1],[[1, 1], [2, 1], [3, 1], [3, 2], [2, 2], [3, 3]],916,491,911,492
558488,5,92,34,[10, 4, 8, 12, 2, 1],[[1, 1], [2, 1], [3, 1], [3, 2], [2, 2], [3, 3]],949,474,912,492
558563,5,92,34,[10, 4, 8, 12, 2, 1],[[1, 1], [2, 1], [3, 1], [3, 2], [2, 2], [3, 3]],962,487,914,492
558603,5,92,34,[10, 4, 8, 12, 2, 1],[[1, 1], [2, 1], [3, 1], [3, 2], [2, 2], [3, 3]],957,475,920,504
558670,5,92,34,[10, 4, 8, 12, 2, 1],[[1, 1], [2, 1], [3, 1], [3, 2], [2, 2], [3, 3]],940,472,921,516
558716,5,92,34,[10, 4, 8, 12, 2, 1],[[1, 1], [2, 1], [3, 1], [3, 2], [2, 2], [3, 3]],928,475,922,520
558756,5,92,34,[10, 4, 8, 12, 2, 1],[[1, 1], [2, 1], [3, 1], [3, 2], [2, 2], [3, 3]],928,452,923,521
558806,5,92,34,[10, 4, 8, 12, 2, 1],[[1, 1], [2, 1], [3, 1], [3, 2], [2, 2], [3, 3]],899,442,923,522
558857,5,92,34,[10, 4, 8, 12, 2, 1],[[1, 1], [2, 1], [3, 1], [3, 2], [2, 2], [3, 3]],905,427,925,529
558938,5,92,34,[10, 4, 8, 12, 2, 1],[[1, 1], [2, 1], [3, 1], [3, 2], [2, 2], [3, 3]],898,440,930,535
558991,5,92,34,[10, 4, 8, 12, 2, 1],[[1, 1], [2, 1], [3, 1], [3, 2], [2, 2], [3, 3]],891,476,930,535
559065,5,92,34,[10, 4, 8, 12, 2, 1],[[1, 1], [2, 1], [3, 1], [3, 2], [2, 2], [3, 3]],905,462,937,539
559128,5,92,34,[10, 4, 8, 12, 2, 1],[[1, 1], [2, 1], [3, 1], [3, 2], [2, 2], [3, 3]],912,475,937,539
559220,5,92,34,[10, 4, 8, 12, 2, 1],[[1, 1], [2, 1], [3, 1], [3, 2], [2, 2], [3, 3]],914,478,950,535
559275,5,92,34,[10, 4, 8, 12, 2, 1],[[1, 1], [2, 1], [3, 1], [3, 2], [2, 2], [3, 3]],916,456,963,524
559355,5,92,34,[10, 4, 8, 12, 2, 1],[[1, 1], [2, 1], [3, 1], [3, 2], [2, 2], [3, 3]],933,472,966,517
559398,5,92,34,[10, 4, 8, 12, 2, 1],[[1, 1], [2, 1], [3, 1], [3, 2], [2, 2], [3, 3]],958,475,966,502
559462,5,92,34,[10, 4, 8, 12, 2, 1],[[1, 1], [2, 1], [3, 1], [3, 2], [2, 2], [3, 3]],951,480,964,492
559504,5,92,34,[10, 4, 8, 12, 2, 1],[[1, 1], [2, 1], [3, 1], [3, 2], [2, 2], [3, 3]],968,485,958,482
559562,5,92,34,[10, 4, 8, 12, 2, 1],[[1, 1], [2, 1], [3, 1], [3, 2], [2, 2], [3, 3]],968,478,954,472
559636,5,92,34,[10, 4, 8, 12, 2, 1],[[1, 1], [2, 1], [3, 1], [3, 2], [2, 2], [3, 3]],948,468,953,472
559695,5,92,34,[10, 4, 8, 12, 2, 1],[[1, 1], [2, 1], [3, 1], [3, 2], [2, 2], [3, 3]],939,468,943,467
559732,5,92,34,[10, 4, 8, 12, 2, 1],[[1, 1], [2, 1], [3, 1], [3, 2], [2, 2], [3, 3]],932,467,935,465
559807,5,92,34,[10, 4, 8, 12, 2, 1],[[1, 1], [2, 1], [3, 1], [3, 2], [2, 2], [3, 3]],918,433,923,461
559902,5,92,34,[10, 4, 8, 12, 2, 1],[[1, 1], [2, 1], [3, 1], [3, 2], [2, 2], [3, 3]],886,430,906,465
559940,5,92,34,[10, 4, 8, 12, 2, 1],[[1, 1], [2, 1], [3, 1], [3, 2], [2, 2], [3, 3]],874,456,895,474
560004,5,92,34,[10, 4, 8, 12, 2, 1],[[1, 1], [2, 1], [3, 1], [3, 2], [2, 2], [3, 3]],889,490,881,495
560060,5,92,34,[10, 4, 8, 12, 2, 1],[[1, 1], [2, 1], [3, 1], [3, 2], [2, 2], [3, 3]],909,470,877,510
560099,5,92,34,[10, 4, 8, 12, 2, 1],[[1, 1], [2, 1], [3, 1], [3, 2], [2, 2], [3, 3]],925,462,878,518
560143,5,92,34,[10, 4, 8, 12, 2, 1],[[1, 1], [2, 1], [3, 1], [3, 2], [2, 2], [3, 3]],932,471,881,523
560189,5,92,34,[10, 4, 8, 12, 2, 1],[[1, 1], [2, 1], [3, 1], [3, 2], [2, 2], [3, 3]],931,480,888,529
560247,5,92,34,[10, 4, 8, 12, 2, 1],[[1, 1], [2, 1], [3, 1], [3, 2], [2, 2], [3, 3]],910,473,895,530
560294,5,92,34,[10, 4, 8, 12, 2, 1],[[1, 1], [2, 1], [3, 1], [3, 2], [2, 2], [3, 3]],903,469,903,529
560334,5,92,34,[10, 4, 8, 12, 2, 1],[[1, 1], [2, 1], [3, 1], [3, 2], [2, 2], [3, 3]],918,484,907,525
560381,5,92,34,[10, 4, 8, 12, 2, 1],[[1, 1], [2, 1], [3, 1], [3, 2], [2, 2], [3, 3]],890,485,909,523
560445,5,92,34,[10, 4, 8, 12, 2, 1],[[1, 1], [2, 1], [3, 1], [3, 2], [2, 2], [3, 3]],905,488,909,523
560490,5,92,34,[10, 4, 8, 12, 2, 1],[[1, 1], [2, 1], [3, 1], [3, 2], [2, 2], [3, 3]],911,505,909,523
560551,5,92,34,[10, 4, 8, 12, 2, 1],[[1, 1], [2, 1], [3, 1], [3, 2], [2, 2], [3, 3]],907,511,909,523
560604,5,92,34,[10, 4, 8, 12, 2, 1],[[1, 1], [2, 1], [3, 1], [3, 2], [2, 2], [3, 3]],891,497,909,523
560662,5,92,34,[10, 4, 8, 12, 2, 1],[[1, 1], [2, 1], [3, 1], [3, 2], [2, 2], [3, 3]],915,489,909,523
560714,5,92,34,[10, 4, 8, 12, 2, 1],[[1, 1], [2, 1], [3, 1], [3, 2], [2, 2], [3, 3]],918,493,909,523
560787,5,92,34,[10, 4, 8, 12, 2, 1],[[1, 1], [2, 1], [3, 1], [3, 2], [2, 2], [3, 3]],925,486,909,523
560842,5,92,34,[10, 4, 8, 12, 2, 1],[[1, 1], [2, 1], [3, 1], [3, 2], [2, 2], [3, 3]],918,506,909,523
560910,5,92,34,[10, 4, 8, 12, 2, 1],[[1, 1], [2, 1], [3, 1], [3, 2], [2, 2], [3, 3]],908,504,909,523
560990,5,92,34,[10, 4, 8, 12, 2, 1],[[1, 1], [2, 1], [3, 1], [3, 2], [2, 2], [3, 3]],906,517,915,525
561060,5,92,34,[10, 4, 8, 12, 2, 1],[[1, 1], [2, 1], [3, 1], [3, 2], [2, 2], [3, 3]],918,497,918,527
561143,5,92,34,[10, 4, 8, 12, 2, 1],[[1, 1], [2, 1], [3, 1], [3, 2], [2, 2], [3, 3]],926,490,919,527
561222,5,92,34,[10, 4, 8, 12, 2, 1],[[1, 1], [2, 1], [3, 1], [3, 2], [2, 2], [3, 3]],899,478,924,523
561306,5,92,34,[10, 4, 8, 12, 2, 1],[[1, 1], [2, 1], [3, 1], [3, 2], [2, 2], [3, 3]],886,466,924,522
561378,5,92,34,[10, 4, 8, 12, 2, 1],[[1, 1], [2, 1], [3, 1], [3, 2], [2, 2], [3, 3]],868,500,924,522
561439,5,92,34,[10, 4, 8, 12, 2, 1],[[1, 1], [2, 1], [3, 1], [3, 2], [2, 2], [3, 3]],861,498,924,522
561532,5,92,34,[10, 4, 8, 12, 2, 1],[[1, 1], [2, 1], [3, 1], [3, 2], [2, 2], [3, 3]],837,536,924,522
561587,5,92,34,[10, 4, 8, 12, 2, 1],[[1, 1], [2, 1], [3, 1], [3, 2], [2, 2], [3, 3]],847,552,924,522
561638,5,92,34,[10, 4, 8, 12, 2, 1],[[1, 1], [2, 1], [3, 1], [3, 2], [2, 2], [3, 3]],832,554,924,522
561694,5,92,34,[10, 4, 8, 12, 2, 1],[[1, 1], [2, 1], [3, 1], [3, 2], [2, 2], [3, 3]],813,554,924,522
561795,5,92,34,[10, 4, 8, 12, 2, 1],[[1, 1], [2, 1], [3, 1], [3, 2], [2, 2], [3, 3]],798,567,924,522
561856,5,92,34,[10, 4, 8, 12, 2, 1],[[1, 1], [2, 1], [3, 1], [3, 2], [2, 2], [3, 3]],819,575,924,522
561927,5,93,123,[6, 5, 3, 11, 7, 9],[[2, 3], [3, 3], [1, 2], [1, 3], [2, 2], [3, 1]],803,559,924,522
561990,5,93,123,[6, 5, 3, 11, 7, 9],[[2, 3], [3, 3], [1, 2], [1, 3], [2, 2], [3, 1]],810,544,924,522
562052,5,93,123,[6, 5, 3, 11, 7, 9],[[2, 3], [3, 3], [1, 2], [1, 3], [2, 2], [3, 1]],799,536,924,522
562123,5,93,123,[6, 5, 3, 11, 7, 9],[[2, 3], [3, 3], [1, 2], [1, 3], [2, 2], [3, 1]],787,530,924,522
562167,5,93,123,[6, 5, 3, 11, 7, 9],[[2, 3], [3, 3], [1, 2], [1, 3], [2, 2], [3, 1]],780,536,924,522
562208,5,93,123,[6, 5, 3, 11, 7, 9],[[2, 3], [3, 3], [1, 2], [1, 3], [2, 2], [3, 1]],771,558,924,522
562265,5,93,123,[6, 5, 3, 11, 7, 9],[[2, 3], [3, 3], [1, 2], [1, 3], [2, 2], [3, 1]],768,544,924,522
562322,5,93,123,[6, 5, 3, 11, 7, 9],[[2, 3], [3, 3], [1, 2], [1, 3], [2, 2], [3, 1]],767,552,924,522
562385,5,93,123,[6, 5, 3, 11, 7, 9],[[2, 3], [3, 3], [1, 2], [1, 3], [2, 2], [3, 1]],780,560,924,522
562443,5,93,123,[6, 5, 3, 11, 7, 9],[[2, 3], [3, 3], [1, 2], [1, 3], [2, 2], [3, 1]],778,576,924,522
562496,5,93,123,[6, 5, 3, 11, 7, 9],[[2, 3], [3, 3], [1, 2], [1, 3], [2, 2], [3, 1]],773,577,924,522
562549,5,93,123,[6, 5, 3, 11, 7, 9],[[2, 3], [3, 3], [1, 2], [1, 3], [2, 2], [3, 1]],772,581,924,522
562618,5,93,123,[6, 5, 3, 11, 7, 9],[[2, 3], [3, 3], [1, 2], [1, 3], [2, 2], [3, 1]],762,565,924,522
562676,5,93,123,[6, 5, 3, 11, 7, 9],[[2, 3], [3, 3], [1, 2], [1, 3], [2, 2], [3, 1]],761,536,916,551
562731,5,93,123,[6, 5, 3, 11, 7, 9],[[2, 3], [3, 3], [1, 2], [1, 3], [2, 2], [3, 1]],774,511,900,560
562775,5,93,123,[6, 5, 3, 11, 7, 9],[[2, 3], [3, 3], [1, 2], [1, 3], [2, 2], [3, 1]],776,504,876,575
562840,5,93,123,[6, 5, 3, 11, 7, 9],[[2, 3], [3, 3], [1, 2], [1, 3], [2, 2], [3, 1]],768,495,836,587
562931,5,93,123,[6, 5, 3, 11, 7, 9],[[2, 3], [3, 3], [1, 2], [1, 3], [2, 2], [3, 1]],765,518,797,600
562983,5,93,123,[6, 5, 3, 11, 7, 9],[[2, 3], [3, 3], [1, 2], [1, 3], [2, 2], [3, 1]],790,532,780,603
563062,5,93,123,[6, 5, 3, 11, 7, 9],[[2, 3], [3, 3], [1, 2], [1, 3], [2, 2], [3, 1]],795,524,780,603
563115,5,93,123,[6, 5, 3, 11, 7, 9],[[2, 3], [3, 3], [1, 2], [1, 3], [2, 2], [3, 1]],780,515,780,603
563154,5,93,123,[6, 5, 3, 11, 7, 9],[[2, 3], [3, 3], [1, 2], [1, 3], [2, 2], [3, 1]],763,496,780,603
563252,5,93,123,[6, 5, 3, 11, 7, 9],[[2, 3], [3, 3], [1, 2], [1, 3], [2, 2], [3, 1]],786,501,780,603
563332,5,93,123,[6, 5, 3, 11, 7, 9],[[2, 3], [3, 3], [1, 2], [1, 3], [2, 2], [3, 1]],794,502,793,601
563396,5,93,123,[6, 5, 3, 11, 7, 9],[[2, 3], [3, 3], [1, 2], [1, 3], [2, 2], [3, 1]],785,503,793,601
563457,5,93,123,[6, 5, 3, 11, 7, 9],[[2, 3], [3, 3], [1, 2], [1, 3], [2, 2], [3, 1]],782,502,793,601
563512,5,93,123,[6, 5, 3, 11, 7, 9],[[2, 3], [3, 3], [1, 2], [1, 3], [2, 2], [3, 1]],783,518,793,601
563584,5,93,123,[6, 5, 3, 11, 7, 9],[[2, 3], [3, 3], [1, 2], [1, 3], [2, 2], [3, 1]],772,551,793,601
563648,5,93,123,[6, 5, 3, 11, 7, 9],[[2, 3], [3, 3], [1, 2], [1, 3], [2, 2], [3, 1]],787,539,793,601
563709,5,93,123,[6, 5, 3, 11, 7, 9],[[2, 3], [3, 3], [1, 2], [1, 3], [2, 2], [3, 1]],784,540,793,601
563769,5,93,123,[6, 5, 3, 11, 7, 9],[[2, 3], [3, 3], [1, 2], [1, 3], [2, 2], [3, 1]],790,538,793,601
563841,5,93,123,[6, 5, 3, 11, 7, 9],[[2, 3], [3, 3], [1, 2], [1, 3], [2, 2], [3, 1]],769,552,793,601
563916,5,93,123,[6, 5, 3, 11, 7, 9],[[2, 3], [3, 3], [1, 2], [1, 3], [2, 2], [3, 1]],781,576,793,601
563985,5,93,123,[6, 5, 3, 11, 7, 9],[[2, 3], [3, 3], [1, 2], [1, 3], [2, 2], [3, 1]],800,549,772,567
564040,5,93,123,[6, 5, 3, 11, 7, 9],[[2, 3], [3, 3], [1, 2], [1, 3], [2, 2], [3, 1]],753,570,785,564
564099,5,93,123,[6, 5, 3, 11, 7, 9],[[2, 3], [3, 3], [1, 2], [1, 3], [2, 2], [3, 1]],754,563,787,567
564162,5,93,123,[6, 5, 3, 11, 7, 9],[[2, 3], [3, 3], [1, 2], [1, 3], [2, 2], [3, 1]],776,586,787,567
564215,5,93,123,[6, 5, 3, 11, 7, 9],[[2, 3], [3, 3], [1, 2], [1, 3], [2, 2], [3, 1]],768,549,787,567
564268,5,93,123,[6, 5, 3, 11, 7, 9],[[2, 3], [3, 3], [1, 2], [1, 3], [2, 2], [3, 1]],763,562,787,567
564322,5,93,123,[6, 5, 3, 11, 7, 9],[[2, 3], [3, 3], [1, 2], [1, 3], [2, 2], [3, 1]],771,525,787,567
564375,5,93,123,[6, 5, 3, 11, 7, 9],[[2, 3], [3, 3], [1, 2], [1, 3], [2, 2], [3, 1]],788,520,787,567
564438,5,93,123,[6, 5, 3, 11, 7, 9],[[2, 3], [3, 3], [1, 2], [1, 3], [2, 2], [3, 1]],797,535,787,567
564490,5,93,123,[6, 5, 3, 11, 7, 9],[[2, 3], [3, 3], [1, 2], [1, 3], [2, 2], [3, 1]],791,514,787,567
564553,5,93,123,[6, 5, 3, 11, 7, 9],[[2, 3], [3, 3], [1, 2], [1, 3], [2, 2], [3, 1]],787,506,787,567
564606,5,93,123,[6, 5, 3, 11, 7, 9],[[2, 3], [3, 3], [1, 2], [1, 3], [2, 2], [3, 1]],816,507,791,567
564659,5,93,123,[6, 5, 3, 11, 7, 9],[[2, 3], [3, 3], [1, 2], [1, 3], [2, 2], [3, 1]],816,502,791,568
564716,5,93,123,[6, 5, 3, 11, 7, 9],[[2, 3], [3, 3], [1, 2], [1, 3], [2, 2], [3, 1]],808,511,791,568
564780,5,93,123,[6, 5, 3, 11, 7, 9],[[2, 3], [3, 3], [1, 2], [1, 3], [2, 2], [3, 1]],826,492,792,568
564839,5,93,123,[6, 5, 3, 11, 7, 9],[[2, 3], [3, 3], [1, 2], [1, 3], [2, 2], [3, 1]],862,493,793,569
564906,5,93,123,[6, 5, 3, 11, 7, 9],[[2, 3], [3, 3], [1, 2], [1, 3], [2, 2], [3, 1]],858,502,801,575
564946,5,93,123,[6, 5, 3, 11, 7, 9],[[2, 3], [3, 3], [1, 2], [1, 3], [2, 2], [3, 1]],861,479,799,589
565017,5,93,123,[6, 5, 3, 11, 7, 9],[[2, 3], [3, 3], [1, 2], [1, 3], [2, 2], [3, 1]],885,471,796,592
565072,5,93,123,[6, 5, 3, 11, 7, 9],[[2, 3], [3, 3], [1, 2], [1, 3], [2, 2], [3, 1]],903,476,796,592
565138,5,93,123,[6, 5, 3, 11, 7, 9],[[2, 3], [3, 3], [1, 2], [1, 3], [2, 2], [3, 1]],897,459,797,592
565190,5,93,123,[6, 5, 3, 11, 7, 9],[[2, 3], [3, 3], [1, 2], [1, 3], [2, 2], [3, 1]],931,457,821,564
565253,5,93,123,[6, 5, 3, 11, 7, 9],[[2, 3], [3, 3], [1, 2], [1, 3], [2, 2], [3, 1]],910,444,827,555
565338,5,93,123,[6, 5, 3, 11, 7, 9],[[2, 3], [3, 3], [1, 2], [1, 3], [2, 2], [3, 1]],894,466,827,555
565390,5,93,123,[6, 5, 3, 11, 7, 9],[[2, 3], [3, 3], [1, 2], [1, 3], [2, 2], [3, 1]],912,453,827,555
565437,5,93,123,[6, 5, 3, 11, 7, 9],[[2, 3], [3, 3], [1, 2], [1, 3], [2, 2], [3, 1]],909,432,827,555
565482,5,93,123,[6, 5, 3, 11, 7, 9],[[2, 3], [3, 3], [1, 2], [1, 3], [2, 2], [3, 1]],913,434,829,555
565542,5,93,123,[6, 5, 3, 11, 7, 9],[[2, 3], [3, 3], [1, 2], [1, 3], [2, 2], [3, 1]],921,397,839,553
565613,5,93,123,[6, 5, 3, 11, 7, 9],[[2, 3], [3, 3], [1, 2], [1, 3], [2, 2], [3, 1]],927,425,859,543
565661,5,93,123,[6, 5, 3, 11, 7, 9],[[2, 3], [3, 3], [1, 2], [1, 3], [2, 2], [3, 1]],935,419,859,543
565703,5,93,123,[6, 5, 3, 11, 7, 9],[[2, 3], [3, 3], [1, 2], [1, 3], [2, 2], [3, 1]],945,444,859,543
565774,5,93,123,[6, 5, 3, 11, 7, 9],[[2, 3], [3, 3], [1, 2], [1, 3], [2, 2], [3, 1]],940,438,881,523
565832,5,93,123,[6, 5, 3, 11, 7, 9],[[2, 3], [3, 3], [1, 2], [1, 3], [2, 2], [3, 1]],922,449,941,474
565891,5,93,123,[6, 5, 3, 11, 7, 9],[[2, 3], [3, 3], [1, 2], [1, 3], [2, 2], [3, 1]],901,443,953,463
565964,5,94,139,[6, 5, 3, 11, 2, 1],[[2, 3], [3, 3], [3, 1], [3, 2], [1, 1], [2, 2]],911,456,953,463
566028,5,94,139,[6, 5, 3, 11, 2, 1],[[2, 3], [3, 3], [3, 1], [3, 2], [1, 1], [2, 2]],911,449,953,463
566085,5,94,139,[6, 5, 3, 11, 2, 1],[[2, 3], [3, 3], [3, 1], [3, 2], [1, 1], [2, 2]],910,437,953,463
566170,5,94,139,[6, 5, 3, 11, 2, 1],[[2, 3], [3, 3], [3, 1], [3, 2], [1, 1], [2, 2]],917,442,953,463
566211,5,94,139,[6, 5, 3, 11, 2, 1],[[2, 3], [3, 3], [3, 1], [3, 2], [1, 1], [2, 2]],916,444,953,463
566289,5,94,139,[6, 5, 3, 11, 2, 1],[[2, 3], [3, 3], [3, 1], [3, 2], [1, 1], [2, 2]],912,430,953,463
566338,5,94,139,[6, 5, 3, 11, 2, 1],[[2, 3], [3, 3], [3, 1], [3, 2], [1, 1], [2, 2]],915,435,953,463
566396,5,94,139,[6, 5, 3, 11, 2, 1],[[2, 3], [3, 3], [3, 1], [3, 2], [1, 1], [2, 2]],908,444,953,463
566446,5,94,139,[6, 5, 3, 11, 2, 1],[[2, 3], [3, 3], [3, 1], [3, 2], [1, 1], [2, 2]],913,451,953,463
566524,5,94,139,[6, 5, 3, 11, 2, 1],[[2, 3], [3, 3], [3, 1], [3, 2], [1, 1], [2, 2]],920,446,953,463
566570,5,94,139,[6, 5, 3, 11, 2, 1],[[2, 3], [3, 3], [3, 1], [3, 2], [1, 1], [2, 2]],914,453,953,463
566623,5,94,139,[6, 5, 3, 11, 2, 1],[[2, 3], [3, 3], [3, 1], [3, 2], [1, 1], [2, 2]],910,455,953,463
566677,5,94,139,[6, 5, 3, 11, 2, 1],[[2, 3], [3, 3], [3, 1], [3, 2], [1, 1], [2, 2]],914,462,953,463
566736,5,94,139,[6, 5, 3, 11, 2, 1],[[2, 3], [3, 3], [3, 1], [3, 2], [1, 1], [2, 2]],920,450,953,463
566781,5,94,139,[6, 5, 3, 11, 2, 1],[[2, 3], [3, 3], [3, 1], [3, 2], [1, 1], [2, 2]],927,465,934,437
566832,5,94,139,[6, 5, 3, 11, 2, 1],[[2, 3], [3, 3], [3, 1], [3, 2], [1, 1], [2, 2]],917,463,913,416
567096,5,94,139,[6, 5, 3, 11, 2, 1],[[2, 3], [3, 3], [3, 1], [3, 2], [1, 1], [2, 2]],898,468,908,427
567166,5,94,139,[6, 5, 3, 11, 2, 1],[[2, 3], [3, 3], [3, 1], [3, 2], [1, 1], [2, 2]],920,470,905,454
567208,5,94,139,[6, 5, 3, 11, 2, 1],[[2, 3], [3, 3], [3, 1], [3, 2], [1, 1], [2, 2]],923,483,906,457
567282,5,94,139,[6, 5, 3, 11, 2, 1],[[2, 3], [3, 3], [3, 1], [3, 2], [1, 1], [2, 2]],943,454,906,457
567325,5,94,139,[6, 5, 3, 11, 2, 1],[[2, 3], [3, 3], [3, 1], [3, 2], [1, 1], [2, 2]],933,471,906,457
567367,5,94,139,[6, 5, 3, 11, 2, 1],[[2, 3], [3, 3], [3, 1], [3, 2], [1, 1], [2, 2]],948,457,906,457
567442,5,94,139,[6, 5, 3, 11, 2, 1],[[2, 3], [3, 3], [3, 1], [3, 2], [1, 1], [2, 2]],944,466,906,457
567531,5,94,139,[6, 5, 3, 11, 2, 1],[[2, 3], [3, 3], [3, 1], [3, 2], [1, 1], [2, 2]],964,496,906,457
567570,5,94,139,[6, 5, 3, 11, 2, 1],[[2, 3], [3, 3], [3, 1], [3, 2], [1, 1], [2, 2]],1005,524,906,457
567615,5,94,139,[6, 5, 3, 11, 2, 1],[[2, 3], [3, 3], [3, 1], [3, 2], [1, 1], [2, 2]],1006,520,906,457
567678,5,94,139,[6, 5, 3, 11, 2, 1],[[2, 3], [3, 3], [3, 1], [3, 2], [1, 1], [2, 2]],1008,492,906,457
567755,5,94,139,[6, 5, 3, 11, 2, 1],[[2, 3], [3, 3], [3, 1], [3, 2], [1, 1], [2, 2]],1008,481,906,457
567815,5,94,139,[6, 5, 3, 11, 2, 1],[[2, 3], [3, 3], [3, 1], [3, 2], [1, 1], [2, 2]],1008,518,906,457
567889,5,94,139,[6, 5, 3, 11, 2, 1],[[2, 3], [3, 3], [3, 1], [3, 2], [1, 1], [2, 2]],996,536,906,457
567937,5,94,139,[6, 5, 3, 11, 2, 1],[[2, 3], [3, 3], [3, 1], [3, 2], [1, 1], [2, 2]],990,538,906,457
567986,5,94,139,[6, 5, 3, 11, 2, 1],[[2, 3], [3, 3], [3, 1], [3, 2], [1, 1], [2, 2]],986,546,913,466
568028,5,94,139,[6, 5, 3, 11, 2, 1],[[2, 3], [3, 3], [3, 1], [3, 2], [1, 1], [2, 2]],999,517,918,473
568118,5,94,139,[6, 5, 3, 11, 2, 1],[[2, 3], [3, 3], [3, 1], [3, 2], [1, 1], [2, 2]],982,518,923,480
568167,5,94,139,[6, 5, 3, 11, 2, 1],[[2, 3], [3, 3], [3, 1], [3, 2], [1, 1], [2, 2]],980,521,930,492
568216,5,94,139,[6, 5, 3, 11, 2, 1],[[2, 3], [3, 3], [3, 1], [3, 2], [1, 1], [2, 2]],983,519,935,502
568275,5,94,139,[6, 5, 3, 11, 2, 1],[[2, 3], [3, 3], [3, 1], [3, 2], [1, 1], [2, 2]],996,496,947,530
568332,5,94,139,[6, 5, 3, 11, 2, 1],[[2, 3], [3, 3], [3, 1], [3, 2], [1, 1], [2, 2]],1002,514,952,541
568396,5,94,139,[6, 5, 3, 11, 2, 1],[[2, 3], [3, 3], [3, 1], [3, 2], [1, 1], [2, 2]],1008,490,955,547
568448,5,94,139,[6, 5, 3, 11, 2, 1],[[2, 3], [3, 3], [3, 1], [3, 2], [1, 1], [2, 2]],1026,509,955,548
568501,5,94,139,[6, 5, 3, 11, 2, 1],[[2, 3], [3, 3], [3, 1], [3, 2], [1, 1], [2, 2]],1039,491,960,551
568558,5,94,139,[6, 5, 3, 11, 2, 1],[[2, 3], [3, 3], [3, 1], [3, 2], [1, 1], [2, 2]],1026,486,970,556
568618,5,94,139,[6, 5, 3, 11, 2, 1],[[2, 3], [3, 3], [3, 1], [3, 2], [1, 1], [2, 2]],1025,526,976,556
568682,5,94,139,[6, 5, 3, 11, 2, 1],[[2, 3], [3, 3], [3, 1], [3, 2], [1, 1], [2, 2]],1036,540,985,549
568730,5,94,139,[6, 5, 3, 11, 2, 1],[[2, 3], [3, 3], [3, 1], [3, 2], [1, 1], [2, 2]],1030,541,995,538
568775,5,94,139,[6, 5, 3, 11, 2, 1],[[2, 3], [3, 3], [3, 1], [3, 2], [1, 1], [2, 2]],1033,545,999,533
568835,5,94,139,[6, 5, 3, 11, 2, 1],[[2, 3], [3, 3], [3, 1], [3, 2], [1, 1], [2, 2]],1053,544,1008,521
568881,5,94,139,[6, 5, 3, 11, 2, 1],[[2, 3], [3, 3], [3, 1], [3, 2], [1, 1], [2, 2]],1093,548,1013,513
568932,5,94,139,[6, 5, 3, 11, 2, 1],[[2, 3], [3, 3], [3, 1], [3, 2], [1, 1], [2, 2]],1082,549,1015,508
569000,5,94,139,[6, 5, 3, 11, 2, 1],[[2, 3], [3, 3], [3, 1], [3, 2], [1, 1], [2, 2]],1099,546,1015,508
569064,5,94,139,[6, 5, 3, 11, 2, 1],[[2, 3], [3, 3], [3, 1], [3, 2], [1, 1], [2, 2]],1079,523,1010,501
569120,5,94,139,[6, 5, 3, 11, 2, 1],[[2, 3], [3, 3], [3, 1], [3, 2], [1, 1], [2, 2]],1045,544,1003,499
569176,5,94,139,[6, 5, 3, 11, 2, 1],[[2, 3], [3, 3], [3, 1], [3, 2], [1, 1], [2, 2]],1036,536,1001,499
569267,5,94,139,[6, 5, 3, 11, 2, 1],[[2, 3], [3, 3], [3, 1], [3, 2], [1, 1], [2, 2]],1053,523,999,499
569327,5,94,139,[6, 5, 3, 11, 2, 1],[[2, 3], [3, 3], [3, 1], [3, 2], [1, 1], [2, 2]],1081,557,989,499
569389,5,94,139,[6, 5, 3, 11, 2, 1],[[2, 3], [3, 3], [3, 1], [3, 2], [1, 1], [2, 2]],1085,571,986,502
569428,5,94,139,[6, 5, 3, 11, 2, 1],[[2, 3], [3, 3], [3, 1], [3, 2], [1, 1], [2, 2]],1089,580,983,509
569489,5,94,139,[6, 5, 3, 11, 2, 1],[[2, 3], [3, 3], [3, 1], [3, 2], [1, 1], [2, 2]],1098,559,981,514
569537,5,94,139,[6, 5, 3, 11, 2, 1],[[2, 3], [3, 3], [3, 1], [3, 2], [1, 1], [2, 2]],1091,565,981,521
569606,5,94,139,[6, 5, 3, 11, 2, 1],[[2, 3], [3, 3], [3, 1], [3, 2], [1, 1], [2, 2]],1086,566,981,529
569657,5,94,139,[6, 5, 3, 11, 2, 1],[[2, 3], [3, 3], [3, 1], [3, 2], [1, 1], [2, 2]],1120,550,981,540
569705,5,94,139,[6, 5, 3, 11, 2, 1],[[2, 3], [3, 3], [3, 1], [3, 2], [1, 1], [2, 2]],1130,566,984,559
569760,5,94,139,[6, 5, 3, 11, 2, 1],[[2, 3], [3, 3], [3, 1], [3, 2], [1, 1], [2, 2]],1119,549,996,578
569859,5,94,139,[6, 5, 3, 11, 2, 1],[[2, 3], [3, 3], [3, 1], [3, 2], [1, 1], [2, 2]],1099,527,1030,607
569939,5,94,139,[6, 5, 3, 11, 2, 1],[[2, 3], [3, 3], [3, 1], [3, 2], [1, 1], [2, 2]],1063,533,1079,626
569985,5,94,139,[6, 5, 3, 11, 2, 1],[[2, 3], [3, 3], [3, 1], [3, 2], [1, 1], [2, 2]],1061,537,1108,631
570027,5,95,6,[10, 4, 8, 12, 7, 9],[[1, 1], [2, 1], [1, 2], [1, 3], [2, 2], [3, 1]],1057,555,1112,631
570099,5,95,6,[10, 4, 8, 12, 7, 9],[[1, 1], [2, 1], [1, 2], [1, 3], [2, 2], [3, 1]],1052,548,1128,617
570151,5,95,6,[10, 4, 8, 12, 7, 9],[[1, 1], [2, 1], [1, 2], [1, 3], [2, 2], [3, 1]],1056,544,1128,603
570211,5,95,6,[10, 4, 8, 12, 7, 9],[[1, 1], [2, 1], [1, 2], [1, 3], [2, 2], [3, 1]],1024,539,1122,585
570269,5,95,6,[10, 4, 8, 12, 7, 9],[[1, 1], [2, 1], [1, 2], [1, 3], [2, 2], [3, 1]],1024,557,1118,577
570327,5,95,6,[10, 4, 8, 12, 7, 9],[[1, 1], [2, 1], [1, 2], [1, 3], [2, 2], [3, 1]],1012,526,1113,575
570385,5,95,6,[10, 4, 8, 12, 7, 9],[[1, 1], [2, 1], [1, 2], [1, 3], [2, 2], [3, 1]],995,515,1105,570
570467,5,95,6,[10, 4, 8, 12, 7, 9],[[1, 1], [2, 1], [1, 2], [1, 3], [2, 2], [3, 1]],1002,536,1066,565
570530,5,95,6,[10, 4, 8, 12, 7, 9],[[1, 1], [2, 1], [1, 2], [1, 3], [2, 2], [3, 1]],1009,547,1061,565
570587,5,95,6,[10, 4, 8, 12, 7, 9],[[1, 1], [2, 1], [1, 2], [1, 3], [2, 2], [3, 1]],1020,516,1053,565
570650,5,95,6,[10, 4, 8, 12, 7, 9],[[1, 1], [2, 1], [1, 2], [1, 3], [2, 2], [3, 1]],1022,508,1048,566
570691,5,95,6,[10, 4, 8, 12, 7, 9],[[1, 1], [2, 1], [1, 2], [1, 3], [2, 2], [3, 1]],1017,485,1041,566
570754,5,95,6,[10, 4, 8, 12, 7, 9],[[1, 1], [2, 1], [1, 2], [1, 3], [2, 2], [3, 1]],1015,467,1027,566
570822,5,95,6,[10, 4, 8, 12, 7, 9],[[1, 1], [2, 1], [1, 2], [1, 3], [2, 2], [3, 1]],1007,438,998,556
570874,5,95,6,[10, 4, 8, 12, 7, 9],[[1, 1], [2, 1], [1, 2], [1, 3], [2, 2], [3, 1]],986,430,980,545
570919,5,95,6,[10, 4, 8, 12, 7, 9],[[1, 1], [2, 1], [1, 2], [1, 3], [2, 2], [3, 1]],972,465,969,536
570967,5,95,6,[10, 4, 8, 12, 7, 9],[[1, 1], [2, 1], [1, 2], [1, 3], [2, 2], [3, 1]],968,458,966,531
571051,5,95,6,[10, 4, 8, 12, 7, 9],[[1, 1], [2, 1], [1, 2], [1, 3], [2, 2], [3, 1]],953,465,951,493
571096,5,95,6,[10, 4, 8, 12, 7, 9],[[1, 1], [2, 1], [1, 2], [1, 3], [2, 2], [3, 1]],937,471,951,471
571157,5,95,6,[10, 4, 8, 12, 7, 9],[[1, 1], [2, 1], [1, 2], [1, 3], [2, 2], [3, 1]],946,434,953,437
571209,5,95,6,[10, 4, 8, 12, 7, 9],[[1, 1], [2, 1], [1, 2], [1, 3], [2, 2], [3, 1]],955,411,953,437
571267,5,95,6,[10, 4, 8, 12, 7, 9],[[1, 1], [2, 1], [1, 2], [1, 3], [2, 2], [3, 1]],935,410,954,413
571338,5,95,6,[10, 4, 8, 12, 7, 9],[[1, 1], [2, 1], [1, 2], [1, 3], [2, 2], [3, 1]],934,409,954,410
571400,5,95,6,[10, 4, 8, 12, 7, 9],[[1, 1], [2, 1], [1, 2], [1, 3], [2, 2], [3, 1]],918,401,954,410
571478,5,95,6,[10, 4, 8, 12, 7, 9],[[1, 1], [2, 1], [1, 2], [1, 3], [2, 2], [3, 1]],913,416,954,410
571520,5,95,6,[10, 4, 8, 12, 7, 9],[[1, 1], [2, 1], [1, 2], [1, 3], [2, 2], [3, 1]],891,392,954,410
571589,5,95,6,[10, 4, 8, 12, 7, 9],[[1, 1], [2, 1], [1, 2], [1, 3], [2, 2], [3, 1]],883,375,954,410
571646,5,95,6,[10, 4, 8, 12, 7, 9],[[1, 1], [2, 1], [1, 2], [1, 3], [2, 2], [3, 1]],910,372,954,410
571683,5,95,6,[10, 4, 8, 12, 7, 9],[[1, 1], [2, 1], [1, 2], [1, 3], [2, 2], [3, 1]],895,375,954,410
571750,5,95,6,[10, 4, 8, 12, 7, 9],[[1, 1], [2, 1], [1, 2], [1, 3], [2, 2], [3, 1]],892,374,954,410
571815,5,95,6,[10, 4, 8, 12, 7, 9],[[1, 1], [2, 1], [1, 2], [1, 3], [2, 2], [3, 1]],883,388,954,410
571905,5,95,6,[10, 4, 8, 12, 7, 9],[[1, 1], [2, 1], [1, 2], [1, 3], [2, 2], [3, 1]],884,379,954,410
571951,5,95,6,[10, 4, 8, 12, 7, 9],[[1, 1], [2, 1], [1, 2], [1, 3], [2, 2], [3, 1]],880,398,954,410
572009,5,95,6,[10, 4, 8, 12, 7, 9],[[1, 1], [2, 1], [1, 2], [1, 3], [2, 2], [3, 1]],883,392,954,410
572059,5,95,6,[10, 4, 8, 12, 7, 9],[[1, 1], [2, 1], [1, 2], [1, 3], [2, 2], [3, 1]],890,365,954,410
572132,5,95,6,[10, 4, 8, 12, 7, 9],[[1, 1], [2, 1], [1, 2], [1, 3], [2, 2], [3, 1]],894,362,954,410
572189,5,95,6,[10, 4, 8, 12, 7, 9],[[1, 1], [2, 1], [1, 2], [1, 3], [2, 2], [3, 1]],878,392,954,410
572228,5,95,6,[10, 4, 8, 12, 7, 9],[[1, 1], [2, 1], [1, 2], [1, 3], [2, 2], [3, 1]],895,373,954,410
572268,5,95,6,[10, 4, 8, 12, 7, 9],[[1, 1], [2, 1], [1, 2], [1, 3], [2, 2], [3, 1]],869,375,954,410
572337,5,95,6,[10, 4, 8, 12, 7, 9],[[1, 1], [2, 1], [1, 2], [1, 3], [2, 2], [3, 1]],854,365,924,415
572395,5,95,6,[10, 4, 8, 12, 7, 9],[[1, 1], [2, 1], [1, 2], [1, 3], [2, 2], [3, 1]],842,373,906,414
572458,5,95,6,[10, 4, 8, 12, 7, 9],[[1, 1], [2, 1], [1, 2], [1, 3], [2, 2], [3, 1]],848,351,905,413
572511,5,95,6,[10, 4, 8, 12, 7, 9],[[1, 1], [2, 1], [1, 2], [1, 3], [2, 2], [3, 1]],862,368,904,413
572569,5,95,6,[10, 4, 8, 12, 7, 9],[[1, 1], [2, 1], [1, 2], [1, 3], [2, 2], [3, 1]],821,357,900,406
572628,5,95,6,[10, 4, 8, 12, 7, 9],[[1, 1], [2, 1], [1, 2], [1, 3], [2, 2], [3, 1]],792,397,897,400
572691,5,95,6,[10, 4, 8, 12, 7, 9],[[1, 1], [2, 1], [1, 2], [1, 3], [2, 2], [3, 1]],782,393,886,385
572750,5,95,6,[10, 4, 8, 12, 7, 9],[[1, 1], [2, 1], [1, 2], [1, 3], [2, 2], [3, 1]],757,395,871,376
572789,5,95,6,[10, 4, 8, 12, 7, 9],[[1, 1], [2, 1], [1, 2], [1, 3], [2, 2], [3, 1]],754,380,868,370
572848,5,95,6,[10, 4, 8, 12, 7, 9],[[1, 1], [2, 1], [1, 2], [1, 3], [2, 2], [3, 1]],756,381,862,365
572910,5,95,6,[10, 4, 8, 12, 7, 9],[[1, 1], [2, 1], [1, 2], [1, 3], [2, 2], [3, 1]],762,361,862,365
572975,5,95,6,[10, 4, 8, 12, 7, 9],[[1, 1], [2, 1], [1, 2], [1, 3], [2, 2], [3, 1]],758,351,862,365
573029,5,95,6,[10, 4, 8, 12, 7, 9],[[1, 1], [2, 1], [1, 2], [1, 3], [2, 2], [3, 1]],779,347,842,372
573076,5,95,6,[10, 4, 8, 12, 7, 9],[[1, 1], [2, 1], [1, 2], [1, 3], [2, 2], [3, 1]],768,362,812,383
573116,5,95,6,[10, 4, 8, 12, 7, 9],[[1, 1], [2, 1], [1, 2], [1, 3], [2, 2], [3, 1]],755,350,809,384
573173,5,95,6,[10, 4, 8, 12, 7, 9],[[1, 1], [2, 1], [1, 2], [1, 3], [2, 2], [3, 1]],784,334,809,384
573213,5,95,6,[10, 4, 8, 12, 7, 9],[[1, 1], [2, 1], [1, 2], [1, 3], [2, 2], [3, 1]],799,343,808,384
573268,5,95,6,[10, 4, 8, 12, 7, 9],[[1, 1], [2, 1], [1, 2], [1, 3], [2, 2], [3, 1]],786,373,786,385
573344,5,95,6,[10, 4, 8, 12, 7, 9],[[1, 1], [2, 1], [1, 2], [1, 3], [2, 2], [3, 1]],791,370,778,385
573386,5,95,6,[10, 4, 8, 12, 7, 9],[[1, 1], [2, 1], [1, 2], [1, 3], [2, 2], [3, 1]],815,370,778,385
573456,5,95,6,[10, 4, 8, 12, 7, 9],[[1, 1], [2, 1], [1, 2], [1, 3], [2, 2], [3, 1]],783,382,778,385
573499,5,95,6,[10, 4, 8, 12, 7, 9],[[1, 1], [2, 1], [1, 2], [1, 3], [2, 2], [3, 1]],805,366,778,385
573568,5,95,6,[10, 4, 8, 12, 7, 9],[[1, 1], [2, 1], [1, 2], [1, 3], [2, 2], [3, 1]],812,369,778,385
573622,5,95,6,[10, 4, 8, 12, 7, 9],[[1, 1], [2, 1], [1, 2], [1, 3], [2, 2], [3, 1]],845,360,778,385
573670,5,95,6,[10, 4, 8, 12, 7, 9],[[1, 1], [2, 1], [1, 2], [1, 3], [2, 2], [3, 1]],824,351,787,393
573718,5,95,6,[10, 4, 8, 12, 7, 9],[[1, 1], [2, 1], [1, 2], [1, 3], [2, 2], [3, 1]],829,350,826,416
573765,5,95,6,[10, 4, 8, 12, 7, 9],[[1, 1], [2, 1], [1, 2], [1, 3], [2, 2], [3, 1]],822,327,842,423
573818,5,95,6,[10, 4, 8, 12, 7, 9],[[1, 1], [2, 1], [1, 2], [1, 3], [2, 2], [3, 1]],814,352,843,423
573894,5,95,6,[10, 4, 8, 12, 7, 9],[[1, 1], [2, 1], [1, 2], [1, 3], [2, 2], [3, 1]],788,339,843,424
573964,5,95,6,[10, 4, 8, 12, 7, 9],[[1, 1], [2, 1], [1, 2], [1, 3], [2, 2], [3, 1]],805,332,851,419
574049,5,96,65,[6, 5, 8, 12, 7, 9],[[2, 1], [3, 1], [1, 1], [1, 2], [1, 3], [2, 2]],803,337,863,408
574129,5,96,65,[6, 5, 8, 12, 7, 9],[[2, 1], [3, 1], [1, 1], [1, 2], [1, 3], [2, 2]],813,334,864,391
574174,5,96,65,[6, 5, 8, 12, 7, 9],[[2, 1], [3, 1], [1, 1], [1, 2], [1, 3], [2, 2]],800,338,860,387
574230,5,96,65,[6, 5, 8, 12, 7, 9],[[2, 1], [3, 1], [1, 1], [1, 2], [1, 3], [2, 2]],796,353,856,382
574266,5,96,65,[6, 5, 8, 12, 7, 9],[[2, 1], [3, 1], [1, 1], [1, 2], [1, 3], [2, 2]],797,334,852,380
574318,5,96,65,[6, 5, 8, 12, 7, 9],[[2, 1], [3, 1], [1, 1], [1, 2], [1, 3], [2, 2]],791,336,822,363
574371,5,96,65,[6, 5, 8, 12, 7, 9],[[2, 1], [3, 1], [1, 1], [1, 2], [1, 3], [2, 2]],812,339,805,354
574438,5,96,65,[6, 5, 8, 12, 7, 9],[[2, 1], [3, 1], [1, 1], [1, 2], [1, 3], [2, 2]],823,329,802,354
574510,5,96,65,[6, 5, 8, 12, 7, 9],[[2, 1], [3, 1], [1, 1], [1, 2], [1, 3], [2, 2]],836,314,802,353
574596,5,96,65,[6, 5, 8, 12, 7, 9],[[2, 1], [3, 1], [1, 1], [1, 2], [1, 3], [2, 2]],849,298,802,353
574667,5,96,65,[6, 5, 8, 12, 7, 9],[[2, 1], [3, 1], [1, 1], [1, 2], [1, 3], [2, 2]],856,272,798,357
574718,5,96,65,[6, 5, 8, 12, 7, 9],[[2, 1], [3, 1], [1, 1], [1, 2], [1, 3], [2, 2]],853,273,795,364
574788,5,96,65,[6, 5, 8, 12, 7, 9],[[2, 1], [3, 1], [1, 1], [1, 2], [1, 3], [2, 2]],863,259,795,364
574886,5,96,65,[6, 5, 8, 12, 7, 9],[[2, 1], [3, 1], [1, 1], [1, 2], [1, 3], [2, 2]],884,254,795,364
574931,5,96,65,[6, 5, 8, 12, 7, 9],[[2, 1], [3, 1], [1, 1], [1, 2], [1, 3], [2, 2]],889,286,800,364
575017,5,96,65,[6, 5, 8, 12, 7, 9],[[2, 1], [3, 1], [1, 1], [1, 2], [1, 3], [2, 2]],887,281,836,353
575074,5,96,65,[6, 5, 8, 12, 7, 9],[[2, 1], [3, 1], [1, 1], [1, 2], [1, 3], [2, 2]],887,275,842,351
575133,5,96,65,[6, 5, 8, 12, 7, 9],[[2, 1], [3, 1], [1, 1], [1, 2], [1, 3], [2, 2]],882,264,850,346
575199,5,96,65,[6, 5, 8, 12, 7, 9],[[2, 1], [3, 1], [1, 1], [1, 2], [1, 3], [2, 2]],853,261,858,339
575265,5,96,65,[6, 5, 8, 12, 7, 9],[[2, 1], [3, 1], [1, 1], [1, 2], [1, 3], [2, 2]],819,275,867,333
575378,5,96,65,[6, 5, 8, 12, 7, 9],[[2, 1], [3, 1], [1, 1], [1, 2], [1, 3], [2, 2]],834,278,868,333
575471,5,96,65,[6, 5, 8, 12, 7, 9],[[2, 1], [3, 1], [1, 1], [1, 2], [1, 3], [2, 2]],854,305,868,333
575520,5,96,65,[6, 5, 8, 12, 7, 9],[[2, 1], [3, 1], [1, 1], [1, 2], [1, 3], [2, 2]],852,320,868,333
575572,5,96,65,[6, 5, 8, 12, 7, 9],[[2, 1], [3, 1], [1, 1], [1, 2], [1, 3], [2, 2]],833,313,864,333
575616,5,96,65,[6, 5, 8, 12, 7, 9],[[2, 1], [3, 1], [1, 1], [1, 2], [1, 3], [2, 2]],862,299,849,334
575664,5,96,65,[6, 5, 8, 12, 7, 9],[[2, 1], [3, 1], [1, 1], [1, 2], [1, 3], [2, 2]],855,299,843,331
575737,5,96,65,[6, 5, 8, 12, 7, 9],[[2, 1], [3, 1], [1, 1], [1, 2], [1, 3], [2, 2]],860,271,832,307
575777,5,96,65,[6, 5, 8, 12, 7, 9],[[2, 1], [3, 1], [1, 1], [1, 2], [1, 3], [2, 2]],877,286,825,291
575856,5,96,65,[6, 5, 8, 12, 7, 9],[[2, 1], [3, 1], [1, 1], [1, 2], [1, 3], [2, 2]],870,301,824,285
575896,5,96,65,[6, 5, 8, 12, 7, 9],[[2, 1], [3, 1], [1, 1], [1, 2], [1, 3], [2, 2]],883,284,824,285
575955,5,96,65,[6, 5, 8, 12, 7, 9],[[2, 1], [3, 1], [1, 1], [1, 2], [1, 3], [2, 2]],855,279,833,318
575990,5,96,65,[6, 5, 8, 12, 7, 9],[[2, 1], [3, 1], [1, 1], [1, 2], [1, 3], [2, 2]],881,287,839,332
576079,5,96,65,[6, 5, 8, 12, 7, 9],[[2, 1], [3, 1], [1, 1], [1, 2], [1, 3], [2, 2]],917,269,860,377
576136,5,96,65,[6, 5, 8, 12, 7, 9],[[2, 1], [3, 1], [1, 1], [1, 2], [1, 3], [2, 2]],910,276,876,394
576198,5,96,65,[6, 5, 8, 12, 7, 9],[[2, 1], [3, 1], [1, 1], [1, 2], [1, 3], [2, 2]],898,286,883,399
576248,5,96,65,[6, 5, 8, 12, 7, 9],[[2, 1], [3, 1], [1, 1], [1, 2], [1, 3], [2, 2]],903,284,897,400
576288,5,96,65,[6, 5, 8, 12, 7, 9],[[2, 1], [3, 1], [1, 1], [1, 2], [1, 3], [2, 2]],934,309,914,397
576340,5,96,65,[6, 5, 8, 12, 7, 9],[[2, 1], [3, 1], [1, 1], [1, 2], [1, 3], [2, 2]],959,322,939,379
576403,5,96,65,[6, 5, 8, 12, 7, 9],[[2, 1], [3, 1], [1, 1], [1, 2], [1, 3], [2, 2]],933,312,952,359
576465,5,96,65,[6, 5, 8, 12, 7, 9],[[2, 1], [3, 1], [1, 1], [1, 2], [1, 3], [2, 2]],926,292,955,352
576501,5,96,65,[6, 5, 8, 12, 7, 9],[[2, 1], [3, 1], [1, 1], [1, 2], [1, 3], [2, 2]],943,289,956,346
576558,5,96,65,[6, 5, 8, 12, 7, 9],[[2, 1], [3, 1], [1, 1], [1, 2], [1, 3], [2, 2]],948,296,958,332
576617,5,96,65,[6, 5, 8, 12, 7, 9],[[2, 1], [3, 1], [1, 1], [1, 2], [1, 3], [2, 2]],949,259,958,324
576681,5,96,65,[6, 5, 8, 12, 7, 9],[[2, 1], [3, 1], [1, 1], [1, 2], [1, 3], [2, 2]],979,250,958,314
576733,5,96,65,[6, 5, 8, 12, 7, 9],[[2, 1], [3, 1], [1, 1], [1, 2], [1, 3], [2, 2]],979,259,958,314
576807,5,96,65,[6, 5, 8, 12, 7, 9],[[2, 1], [3, 1], [1, 1], [1, 2], [1, 3], [2, 2]],981,251,958,314
576852,5,96,65,[6, 5, 8, 12, 7, 9],[[2, 1], [3, 1], [1, 1], [1, 2], [1, 3], [2, 2]],993,263,958,314
576898,5,96,65,[6, 5, 8, 12, 7, 9],[[2, 1], [3, 1], [1, 1], [1, 2], [1, 3], [2, 2]],1008,225,940,315
576973,5,96,65,[6, 5, 8, 12, 7, 9],[[2, 1], [3, 1], [1, 1], [1, 2], [1, 3], [2, 2]],1001,222,937,317
577048,5,96,65,[6, 5, 8, 12, 7, 9],[[2, 1], [3, 1], [1, 1], [1, 2], [1, 3], [2, 2]],987,234,937,317
577101,5,96,65,[6, 5, 8, 12, 7, 9],[[2, 1], [3, 1], [1, 1], [1, 2], [1, 3], [2, 2]],975,228,937,317
577186,5,96,65,[6, 5, 8, 12, 7, 9],[[2, 1], [3, 1], [1, 1], [1, 2], [1, 3], [2, 2]],976,261,937,317
577247,5,96,65,[6, 5, 8, 12, 7, 9],[[2, 1], [3, 1], [1, 1], [1, 2], [1, 3], [2, 2]],983,257,937,317
577293,5,96,65,[6, 5, 8, 12, 7, 9],[[2, 1], [3, 1], [1, 1], [1, 2], [1, 3], [2, 2]],989,291,968,287
577364,5,96,65,[6, 5, 8, 12, 7, 9],[[2, 1], [3, 1], [1, 1], [1, 2], [1, 3], [2, 2]],969,295,977,270
577450,5,96,65,[6, 5, 8, 12, 7, 9],[[2, 1], [3, 1], [1, 1], [1, 2], [1, 3], [2, 2]],972,297,981,250
577491,5,96,65,[6, 5, 8, 12, 7, 9],[[2, 1], [3, 1], [1, 1], [1, 2], [1, 3], [2, 2]],961,303,983,245
577586,5,96,65,[6, 5, 8, 12, 7, 9],[[2, 1], [3, 1], [1, 1], [1, 2], [1, 3], [2, 2]],965,309,985,238
577622,5,96,65,[6, 5, 8, 12, 7, 9],[[2, 1], [3, 1], [1, 1], [1, 2], [1, 3], [2, 2]],968,277,985,238
577673,5,96,65,[6, 5, 8, 12, 7, 9],[[2, 1], [3, 1], [1, 1], [1, 2], [1, 3], [2, 2]],960,269,986,252
577716,5,96,65,[6, 5, 8, 12, 7, 9],[[2, 1], [3, 1], [1, 1], [1, 2], [1, 3], [2, 2]],970,244,986,283
577797,5,96,65,[6, 5, 8, 12, 7, 9],[[2, 1], [3, 1], [1, 1], [1, 2], [1, 3], [2, 2]],977,239,984,321
577833,5,96,65,[6, 5, 8, 12, 7, 9],[[2, 1], [3, 1], [1, 1], [1, 2], [1, 3], [2, 2]],973,228,984,332
577908,5,96,65,[6, 5, 8, 12, 7, 9],[[2, 1], [3, 1], [1, 1], [1, 2], [1, 3], [2, 2]],977,243,984,344
577970,5,96,65,[6, 5, 8, 12, 7, 9],[[2, 1], [3, 1], [1, 1], [1, 2], [1, 3], [2, 2]],973,252,984,344
578013,5,96,65,[6, 5, 8, 12, 7, 9],[[2, 1], [3, 1], [1, 1], [1, 2], [1, 3], [2, 2]],949,254,984,334
578083,5,96,65,[6, 5, 8, 12, 7, 9],[[2, 1], [3, 1], [1, 1], [1, 2], [1, 3], [2, 2]],951,278,998,277
578135,5,97,62,[10, 4, 8, 12, 7, 9],[[2, 1], [3, 1], [1, 1], [1, 2], [2, 3], [3, 2]],952,291,1002,258
578183,5,97,62,[10, 4, 8, 12, 7, 9],[[2, 1], [3, 1], [1, 1], [1, 2], [2, 3], [3, 2]],940,305,1002,258
578232,5,97,62,[10, 4, 8, 12, 7, 9],[[2, 1], [3, 1], [1, 1], [1, 2], [2, 3], [3, 2]],935,295,1002,258
578291,5,97,62,[10, 4, 8, 12, 7, 9],[[2, 1], [3, 1], [1, 1], [1, 2], [2, 3], [3, 2]],928,305,999,271
578350,5,97,62,[10, 4, 8, 12, 7, 9],[[2, 1], [3, 1], [1, 1], [1, 2], [2, 3], [3, 2]],920,288,993,278
578407,5,97,62,[10, 4, 8, 12, 7, 9],[[2, 1], [3, 1], [1, 1], [1, 2], [2, 3], [3, 2]],955,284,986,288
578465,5,97,62,[10, 4, 8, 12, 7, 9],[[2, 1], [3, 1], [1, 1], [1, 2], [2, 3], [3, 2]],968,304,982,298
578524,5,97,62,[10, 4, 8, 12, 7, 9],[[2, 1], [3, 1], [1, 1], [1, 2], [2, 3], [3, 2]],941,279,975,317
578573,5,97,62,[10, 4, 8, 12, 7, 9],[[2, 1], [3, 1], [1, 1], [1, 2], [2, 3], [3, 2]],943,264,973,327
578638,5,97,62,[10, 4, 8, 12, 7, 9],[[2, 1], [3, 1], [1, 1], [1, 2], [2, 3], [3, 2]],949,250,966,342
578697,5,97,62,[10, 4, 8, 12, 7, 9],[[2, 1], [3, 1], [1, 1], [1, 2], [2, 3], [3, 2]],935,237,966,342
578771,5,97,62,[10, 4, 8, 12, 7, 9],[[2, 1], [3, 1], [1, 1], [1, 2], [2, 3], [3, 2]],949,251,966,342
578824,5,97,62,[10, 4, 8, 12, 7, 9],[[2, 1], [3, 1], [1, 1], [1, 2], [2, 3], [3, 2]],960,248,965,326
578879,5,97,62,[10, 4, 8, 12, 7, 9],[[2, 1], [3, 1], [1, 1], [1, 2], [2, 3], [3, 2]],935,268,965,317
578925,5,97,62,[10, 4, 8, 12, 7, 9],[[2, 1], [3, 1], [1, 1], [1, 2], [2, 3], [3, 2]],953,258,964,311
578985,5,97,62,[10, 4, 8, 12, 7, 9],[[2, 1], [3, 1], [1, 1], [1, 2], [2, 3], [3, 2]],956,266,964,311
579044,5,97,62,[10, 4, 8, 12, 7, 9],[[2, 1], [3, 1], [1, 1], [1, 2], [2, 3], [3, 2]],940,253,964,311
579120,5,97,62,[10, 4, 8, 12, 7, 9],[[2, 1], [3, 1], [1, 1], [1, 2], [2, 3], [3, 2]],951,260,959,306
579187,5,97,62,[10, 4, 8, 12, 7, 9],[[2, 1], [3, 1], [1, 1], [1, 2], [2, 3], [3, 2]],974,259,958,305
579238,5,97,62,[10, 4, 8, 12, 7, 9],[[2, 1], [3, 1], [1, 1], [1, 2], [2, 3], [3, 2]],990,262,957,292
579298,5,97,62,[10, 4, 8, 12, 7, 9],[[2, 1], [3, 1], [1, 1], [1, 2], [2, 3], [3, 2]],999,239,957,289
579340,5,97,62,[10, 4, 8, 12, 7, 9],[[2, 1], [3, 1], [1, 1], [1, 2], [2, 3], [3, 2]],984,234,957,289
579392,5,97,62,[10, 4, 8, 12, 7, 9],[[2, 1], [3, 1], [1, 1], [1, 2], [2, 3], [3, 2]],991,231,957,289
579459,5,97,62,[10, 4, 8, 12, 7, 9],[[2, 1], [3, 1], [1, 1], [1, 2], [2, 3], [3, 2]],994,216,957,287
579517,5,97,62,[10, 4, 8, 12, 7, 9],[[2, 1], [3, 1], [1, 1], [1, 2], [2, 3], [3, 2]],981,232,957,280
579572,5,97,62,[10, 4, 8, 12, 7, 9],[[2, 1], [3, 1], [1, 1], [1, 2], [2, 3], [3, 2]],956,253,960,275
579626,5,97,62,[10, 4, 8, 12, 7, 9],[[2, 1], [3, 1], [1, 1], [1, 2], [2, 3], [3, 2]],964,271,960,275
579685,5,97,62,[10, 4, 8, 12, 7, 9],[[2, 1], [3, 1], [1, 1], [1, 2], [2, 3], [3, 2]],959,243,960,275
579750,5,97,62,[10, 4, 8, 12, 7, 9],[[2, 1], [3, 1], [1, 1], [1, 2], [2, 3], [3, 2]],939,249,960,275
579802,5,97,62,[10, 4, 8, 12, 7, 9],[[2, 1], [3, 1], [1, 1], [1, 2], [2, 3], [3, 2]],959,239,960,275
579880,5,97,62,[10, 4, 8, 12, 7, 9],[[2, 1], [3, 1], [1, 1], [1, 2], [2, 3], [3, 2]],950,249,960,275
579947,5,97,62,[10, 4, 8, 12, 7, 9],[[2, 1], [3, 1], [1, 1], [1, 2], [2, 3], [3, 2]],950,217,960,275
580034,5,97,62,[10, 4, 8, 12, 7, 9],[[2, 1], [3, 1], [1, 1], [1, 2], [2, 3], [3, 2]],948,225,960,275
580090,5,97,62,[10, 4, 8, 12, 7, 9],[[2, 1], [3, 1], [1, 1], [1, 2], [2, 3], [3, 2]],958,219,960,275
580133,5,97,62,[10, 4, 8, 12, 7, 9],[[2, 1], [3, 1], [1, 1], [1, 2], [2, 3], [3, 2]],956,233,960,275
580190,5,97,62,[10, 4, 8, 12, 7, 9],[[2, 1], [3, 1], [1, 1], [1, 2], [2, 3], [3, 2]],954,249,960,275
580249,5,97,62,[10, 4, 8, 12, 7, 9],[[2, 1], [3, 1], [1, 1], [1, 2], [2, 3], [3, 2]],966,282,960,275
580307,5,97,62,[10, 4, 8, 12, 7, 9],[[2, 1], [3, 1], [1, 1], [1, 2], [2, 3], [3, 2]],959,278,960,275
580377,5,97,62,[10, 4, 8, 12, 7, 9],[[2, 1], [3, 1], [1, 1], [1, 2], [2, 3], [3, 2]],979,295,960,275
580442,5,97,62,[10, 4, 8, 12, 7, 9],[[2, 1], [3, 1], [1, 1], [1, 2], [2, 3], [3, 2]],979,277,960,275
580511,5,97,62,[10, 4, 8, 12, 7, 9],[[2, 1], [3, 1], [1, 1], [1, 2], [2, 3], [3, 2]],993,290,960,275
580579,5,97,62,[10, 4, 8, 12, 7, 9],[[2, 1], [3, 1], [1, 1], [1, 2], [2, 3], [3, 2]],993,297,960,275
580649,5,97,62,[10, 4, 8, 12, 7, 9],[[2, 1], [3, 1], [1, 1], [1, 2], [2, 3], [3, 2]],972,298,960,275
580719,5,97,62,[10, 4, 8, 12, 7, 9],[[2, 1], [3, 1], [1, 1], [1, 2], [2, 3], [3, 2]],956,322,960,275
580788,5,97,62,[10, 4, 8, 12, 7, 9],[[2, 1], [3, 1], [1, 1], [1, 2], [2, 3], [3, 2]],942,300,960,275
580860,5,97,62,[10, 4, 8, 12, 7, 9],[[2, 1], [3, 1], [1, 1], [1, 2], [2, 3], [3, 2]],951,278,960,275
580905,5,97,62,[10, 4, 8, 12, 7, 9],[[2, 1], [3, 1], [1, 1], [1, 2], [2, 3], [3, 2]],928,262,960,275
580978,5,97,62,[10, 4, 8, 12, 7, 9],[[2, 1], [3, 1], [1, 1], [1, 2], [2, 3], [3, 2]],928,238,960,275
581036,5,97,62,[10, 4, 8, 12, 7, 9],[[2, 1], [3, 1], [1, 1], [1, 2], [2, 3], [3, 2]],911,258,969,282
581094,5,97,62,[10, 4, 8, 12, 7, 9],[[2, 1], [3, 1], [1, 1], [1, 2], [2, 3], [3, 2]],917,245,979,304
581174,5,97,62,[10, 4, 8, 12, 7, 9],[[2, 1], [3, 1], [1, 1], [1, 2], [2, 3], [3, 2]],895,259,979,304
581259,5,97,62,[10, 4, 8, 12, 7, 9],[[2, 1], [3, 1], [1, 1], [1, 2], [2, 3], [3, 2]],886,279,979,304
581308,5,97,62,[10, 4, 8, 12, 7, 9],[[2, 1], [3, 1], [1, 1], [1, 2], [2, 3], [3, 2]],902,271,979,304
581360,5,97,62,[10, 4, 8, 12, 7, 9],[[2, 1], [3, 1], [1, 1], [1, 2], [2, 3], [3, 2]],909,295,979,284
581408,5,97,62,[10, 4, 8, 12, 7, 9],[[2, 1], [3, 1], [1, 1], [1, 2], [2, 3], [3, 2]],883,276,979,276
581468,5,97,62,[10, 4, 8, 12, 7, 9],[[2, 1], [3, 1], [1, 1], [1, 2], [2, 3], [3, 2]],898,278,978,271
581502,5,97,62,[10, 4, 8, 12, 7, 9],[[2, 1], [3, 1], [1, 1], [1, 2], [2, 3], [3, 2]],932,246,978,271
581566,5,97,62,[10, 4, 8, 12, 7, 9],[[2, 1], [3, 1], [1, 1], [1, 2], [2, 3], [3, 2]],944,233,977,271
581621,5,97,62,[10, 4, 8, 12, 7, 9],[[2, 1], [3, 1], [1, 1], [1, 2], [2, 3], [3, 2]],947,229,977,271
581663,5,97,62,[10, 4, 8, 12, 7, 9],[[2, 1], [3, 1], [1, 1], [1, 2], [2, 3], [3, 2]],956,214,977,271
581715,5,97,62,[10, 4, 8, 12, 7, 9],[[2, 1], [3, 1], [1, 1], [1, 2], [2, 3], [3, 2]],947,199,970,271
581774,5,97,62,[10, 4, 8, 12, 7, 9],[[2, 1], [3, 1], [1, 1], [1, 2], [2, 3], [3, 2]],942,208,960,275
581827,5,97,62,[10, 4, 8, 12, 7, 9],[[2, 1], [3, 1], [1, 1], [1, 2], [2, 3], [3, 2]],934,208,960,275
581877,5,97,62,[10, 4, 8, 12, 7, 9],[[2, 1], [3, 1], [1, 1], [1, 2], [2, 3], [3, 2]],939,210,960,275
581962,5,97,62,[10, 4, 8, 12, 7, 9],[[2, 1], [3, 1], [1, 1], [1, 2], [2, 3], [3, 2]],949,230,960,275
582033,5,97,62,[10, 4, 8, 12, 7, 9],[[2, 1], [3, 1], [1, 1], [1, 2], [2, 3], [3, 2]],963,232,960,275
582087,5,97,62,[10, 4, 8, 12, 7, 9],[[2, 1], [3, 1], [1, 1], [1, 2], [2, 3], [3, 2]],957,223,960,275
582145,5,97,62,[10, 4, 8, 12, 7, 9],[[2, 1], [3, 1], [1, 1], [1, 2], [2, 3], [3, 2]],950,194,960,275
582208,5,98,98,[10, 4, 8, 12, 7, 9],[[1, 3], [2, 3], [3, 1], [3, 2], [1, 2], [2, 1]],934,198,960,275
582265,5,98,98,[10, 4, 8, 12, 7, 9],[[1, 3], [2, 3], [3, 1], [3, 2], [1, 2], [2, 1]],936,175,960,275
582312,5,98,98,[10, 4, 8, 12, 7, 9],[[1, 3], [2, 3], [3, 1], [3, 2], [1, 2], [2, 1]],919,147,960,275
582348,5,98,98,[10, 4, 8, 12, 7, 9],[[1, 3], [2, 3], [3, 1], [3, 2], [1, 2], [2, 1]],910,178,960,275
582418,5,98,98,[10, 4, 8, 12, 7, 9],[[1, 3], [2, 3], [3, 1], [3, 2], [1, 2], [2, 1]],904,182,960,275
582479,5,98,98,[10, 4, 8, 12, 7, 9],[[1, 3], [2, 3], [3, 1], [3, 2], [1, 2], [2, 1]],891,146,960,275
582548,5,98,98,[10, 4, 8, 12, 7, 9],[[1, 3], [2, 3], [3, 1], [3, 2], [1, 2], [2, 1]],893,189,984,224
582612,5,98,98,[10, 4, 8, 12, 7, 9],[[1, 3], [2, 3], [3, 1], [3, 2], [1, 2], [2, 1]],882,173,985,220
582681,5,98,98,[10, 4, 8, 12, 7, 9],[[1, 3], [2, 3], [3, 1], [3, 2], [1, 2], [2, 1]],882,149,985,219
582760,5,98,98,[10, 4, 8, 12, 7, 9],[[1, 3], [2, 3], [3, 1], [3, 2], [1, 2], [2, 1]],903,179,940,161
582815,5,98,98,[10, 4, 8, 12, 7, 9],[[1, 3], [2, 3], [3, 1], [3, 2], [1, 2], [2, 1]],928,170,909,144
582884,5,98,98,[10, 4, 8, 12, 7, 9],[[1, 3], [2, 3], [3, 1], [3, 2], [1, 2], [2, 1]],922,143,881,140
582942,5,98,98,[10, 4, 8, 12, 7, 9],[[1, 3], [2, 3], [3, 1], [3, 2], [1, 2], [2, 1]],941,138,880,140
583016,5,98,98,[10, 4, 8, 12, 7, 9],[[1, 3], [2, 3], [3, 1], [3, 2], [1, 2], [2, 1]],964,134,880,140
583084,5,98,98,[10, 4, 8, 12, 7, 9],[[1, 3], [2, 3], [3, 1], [3, 2], [1, 2], [2, 1]],966,122,880,140
583129,5,98,98,[10, 4, 8, 12, 7, 9],[[1, 3], [2, 3], [3, 1], [3, 2], [1, 2], [2, 1]],930,98,881,148
583175,5,98,98,[10, 4, 8, 12, 7, 9],[[1, 3], [2, 3], [3, 1], [3, 2], [1, 2], [2, 1]],955,78,892,168
583228,5,98,98,[10, 4, 8, 12, 7, 9],[[1, 3], [2, 3], [3, 1], [3, 2], [1, 2], [2, 1]],965,89,909,174
583276,5,98,98,[10, 4, 8, 12, 7, 9],[[1, 3], [2, 3], [3, 1], [3, 2], [1, 2], [2, 1]],979,98,938,173
583330,5,98,98,[10, 4, 8, 12, 7, 9],[[1, 3], [2, 3], [3, 1], [3, 2], [1, 2], [2, 1]],984,91,951,168
583398,5,98,98,[10, 4, 8, 12, 7, 9],[[1, 3], [2, 3], [3, 1], [3, 2], [1, 2], [2, 1]],988,93,960,158
583458,5,98,98,[10, 4, 8, 12, 7, 9],[[1, 3], [2, 3], [3, 1], [3, 2], [1, 2], [2, 1]],996,76,959,143
583511,5,98,98,[10, 4, 8, 12, 7, 9],[[1, 3], [2, 3], [3, 1], [3, 2], [1, 2], [2, 1]],986,91,949,123
583557,5,98,98,[10, 4, 8, 12, 7, 9],[[1, 3], [2, 3], [3, 1], [3, 2], [1, 2], [2, 1]],990,89,940,116
583606,5,98,98,[10, 4, 8, 12, 7, 9],[[1, 3], [2, 3], [3, 1], [3, 2], [1, 2], [2, 1]],998,94,931,106
583663,5,98,98,[10, 4, 8, 12, 7, 9],[[1, 3], [2, 3], [3, 1], [3, 2], [1, 2], [2, 1]],976,108,930,104
583711,5,98,98,[10, 4, 8, 12, 7, 9],[[1, 3], [2, 3], [3, 1], [3, 2], [1, 2], [2, 1]],998,103,929,101
583754,5,98,98,[10, 4, 8, 12, 7, 9],[[1, 3], [2, 3], [3, 1], [3, 2], [1, 2], [2, 1]],1016,100,933,87
583822,5,98,98,[10, 4, 8, 12, 7, 9],[[1, 3], [2, 3], [3, 1], [3, 2], [1, 2], [2, 1]],1040,86,939,82
583867,5,98,98,[10, 4, 8, 12, 7, 9],[[1, 3], [2, 3], [3, 1], [3, 2], [1, 2], [2, 1]],1023,65,939,82
583935,5,98,98,[10, 4, 8, 12, 7, 9],[[1, 3], [2, 3], [3, 1], [3, 2], [1, 2], [2, 1]],1032,69,939,82
583987,5,98,98,[10, 4, 8, 12, 7, 9],[[1, 3], [2, 3], [3, 1], [3, 2], [1, 2], [2, 1]],1038,64,939,82
584028,5,98,98,[10, 4, 8, 12, 7, 9],[[1, 3], [2, 3], [3, 1], [3, 2], [1, 2], [2, 1]],1049,104,941,84
584073,5,98,98,[10, 4, 8, 12, 7, 9],[[1, 3], [2, 3], [3, 1], [3, 2], [1, 2], [2, 1]],1049,61,946,91
584155,5,98,98,[10, 4, 8, 12, 7, 9],[[1, 3], [2, 3], [3, 1], [3, 2], [1, 2], [2, 1]],1049,76,957,97
584219,5,98,98,[10, 4, 8, 12, 7, 9],[[1, 3], [2, 3], [3, 1], [3, 2], [1, 2], [2, 1]],1042,56,984,101
584288,5,98,98,[10, 4, 8, 12, 7, 9],[[1, 3], [2, 3], [3, 1], [3, 2], [1, 2], [2, 1]],1036,102,999,103
584323,5,98,98,[10, 4, 8, 12, 7, 9],[[1, 3], [2, 3], [3, 1], [3, 2], [1, 2], [2, 1]],1035,114,999,103
584387,5,98,98,[10, 4, 8, 12, 7, 9],[[1, 3], [2, 3], [3, 1], [3, 2], [1, 2], [2, 1]],1024,121,999,103
584443,5,98,98,[10, 4, 8, 12, 7, 9],[[1, 3], [2, 3], [3, 1], [3, 2], [1, 2], [2, 1]],1065,122,999,103
584527,5,98,98,[10, 4, 8, 12, 7, 9],[[1, 3], [2, 3], [3, 1], [3, 2], [1, 2], [2, 1]],1068,126,1018,116
584585,5,98,98,[10, 4, 8, 12, 7, 9],[[1, 3], [2, 3], [3, 1], [3, 2], [1, 2], [2, 1]],1086,140,1027,120
584655,5,98,98,[10, 4, 8, 12, 7, 9],[[1, 3], [2, 3], [3, 1], [3, 2], [1, 2], [2, 1]],1090,144,1032,124
584733,5,98,98,[10, 4, 8, 12, 7, 9],[[1, 3], [2, 3], [3, 1], [3, 2], [1, 2], [2, 1]],1072,156,1035,135
584797,5,98,98,[10, 4, 8, 12, 7, 9],[[1, 3], [2, 3], [3, 1], [3, 2], [1, 2], [2, 1]],1056,186,1038,158
584886,5,98,98,[10, 4, 8, 12, 7, 9],[[1, 3], [2, 3], [3, 1], [3, 2], [1, 2], [2, 1]],1057,187,1040,170
584959,5,98,98,[10, 4, 8, 12, 7, 9],[[1, 3], [2, 3], [3, 1], [3, 2], [1, 2], [2, 1]],1049,209,1040,177
585024,5,98,98,[10, 4, 8, 12, 7, 9],[[1, 3], [2, 3], [3, 1], [3, 2], [1, 2], [2, 1]],1044,200,1043,182
585109,5,98,98,[10, 4, 8, 12, 7, 9],[[1, 3], [2, 3], [3, 1], [3, 2], [1, 2], [2, 1]],1043,190,1042,192
585173,5,98,98,[10, 4, 8, 12, 7, 9],[[1, 3], [2, 3], [3, 1], [3, 2], [1, 2], [2, 1]],1052,187,1035,219
585247,5,98,98,[10, 4, 8, 12, 7, 9],[[1, 3], [2, 3], [3, 1], [3, 2], [1, 2], [2, 1]],1042,210,1030,235
585308,5,98,98,[10, 4, 8, 12, 7, 9],[[1, 3], [2, 3], [3, 1], [3, 2], [1, 2], [2, 1]],1043,200,1028,246
585379,5,98,98,[10, 4, 8, 12, 7, 9],[[1, 3], [2, 3], [3, 1], [3, 2], [1, 2], [2, 1]],1036,195,1026,256
585432,5,98,98,[10, 4, 8, 12, 7, 9],[[1, 3], [2, 3], [3, 1], [3, 2], [1, 2], [2, 1]],1055,172,1025,263
585499,5,98,98,[10, 4, 8, 12, 7, 9],[[1, 3], [2, 3], [3, 1], [3, 2], [1, 2], [2, 1]],1049,173,1025,263
585537,5,98,98,[10, 4, 8, 12, 7, 9],[[1, 3], [2, 3], [3, 1], [3, 2], [1, 2], [2, 1]],1047,174,1025,263
585596,5,98,98,[10, 4, 8, 12, 7, 9],[[1, 3], [2, 3], [3, 1], [3, 2], [1, 2], [2, 1]],1048,164,1025,263
585665,5,98,98,[10, 4, 8, 12, 7, 9],[[1, 3], [2, 3], [3, 1], [3, 2], [1, 2], [2, 1]],1033,163,1025,263
585713,5,98,98,[10, 4, 8, 12, 7, 9],[[1, 3], [2, 3], [3, 1], [3, 2], [1, 2], [2, 1]],1004,161,1025,263
585779,5,98,98,[10, 4, 8, 12, 7, 9],[[1, 3], [2, 3], [3, 1], [3, 2], [1, 2], [2, 1]],1010,162,1023,260
585833,5,98,98,[10, 4, 8, 12, 7, 9],[[1, 3], [2, 3], [3, 1], [3, 2], [1, 2], [2, 1]],1018,148,1022,253
585876,5,98,98,[10, 4, 8, 12, 7, 9],[[1, 3], [2, 3], [3, 1], [3, 2], [1, 2], [2, 1]],1008,165,1026,239
585943,5,98,98,[10, 4, 8, 12, 7, 9],[[1, 3], [2, 3], [3, 1], [3, 2], [1, 2], [2, 1]],1000,177,1032,226
585997,5,98,98,[10, 4, 8, 12, 7, 9],[[1, 3], [2, 3], [3, 1], [3, 2], [1, 2], [2, 1]],992,179,1040,217
586061,5,98,98,[10, 4, 8, 12, 7, 9],[[1, 3], [2, 3], [3, 1], [3, 2], [1, 2], [2, 1]],985,159,1041,216
586128,5,98,98,[10, 4, 8, 12, 7, 9],[[1, 3], [2, 3], [3, 1], [3, 2], [1, 2], [2, 1]],999,157,1041,216
586168,5,98,98,[10, 4, 8, 12, 7, 9],[[1, 3], [2, 3], [3, 1], [3, 2], [1, 2], [2, 1]],997,188,1042,212
586222,5,98,98,[10, 4, 8, 12, 7, 9],[[1, 3], [2, 3], [3, 1], [3, 2], [1, 2], [2, 1]],1030,172,1042,208
586276,5,99,104,[10, 4, 3, 11, 2, 1],[[1, 3], [2, 3], [3, 1], [3, 2], [1, 1], [2, 2]],1024,195,1042,206
586334,5,99,104,[10, 4, 3, 11, 2, 1],[[1, 3], [2, 3], [3, 1], [3, 2], [1, 1], [2, 2]],1038,197,1042,206
586389,5,99,104,[10, 4, 3, 11, 2, 1],[[1, 3], [2, 3], [3, 1], [3, 2], [1, 1], [2, 2]],1020,183,1041,200
586447,5,99,104,[10, 4, 3, 11, 2, 1],[[1, 3], [2, 3], [3, 1], [3, 2], [1, 1], [2, 2]],1028,191,1032,194
586497,5,99,104,[10, 4, 3, 11, 2, 1],[[1, 3], [2, 3], [3, 1], [3, 2], [1, 1], [2, 2]],1000,168,1031,194
586545,5,99,104,[10, 4, 3, 11, 2, 1],[[1, 3], [2, 3], [3, 1], [3, 2], [1, 1], [2, 2]],981,178,1031,194
586605,5,99,104,[10, 4, 3, 11, 2, 1],[[1, 3], [2, 3], [3, 1], [3, 2], [1, 1], [2, 2]],937,175,1031,194
586659,5,99,104,[10, 4, 3, 11, 2, 1],[[1, 3], [2, 3], [3, 1], [3, 2], [1, 1], [2, 2]],938,160,1031,194
586709,5,99,104,[10, 4, 3, 11, 2, 1],[[1, 3], [2, 3], [3, 1], [3, 2], [1, 1], [2, 2]],957,190,1025,194
586772,5,99,104,[10, 4, 3, 11, 2, 1],[[1, 3], [2, 3], [3, 1], [3, 2], [1, 1], [2, 2]],973,166,1019,200
586812,5,99,104,[10, 4, 3, 11, 2, 1],[[1, 3], [2, 3], [3, 1], [3, 2], [1, 1], [2, 2]],969,165,1017,205
586876,5,99,104,[10, 4, 3, 11, 2, 1],[[1, 3], [2, 3], [3, 1], [3, 2], [1, 1], [2, 2]],987,158,1017,214
586945,5,99,104,[10, 4, 3, 11, 2, 1],[[1, 3], [2, 3], [3, 1], [3, 2], [1, 1], [2, 2]],1005,158,1017,217
587003,5,99,104,[10, 4, 3, 11, 2, 1],[[1, 3], [2, 3], [3, 1], [3, 2], [1, 1], [2, 2]],1016,135,1017,217
587072,5,99,104,[10, 4, 3, 11, 2, 1],[[1, 3], [2, 3], [3, 1], [3, 2], [1, 1], [2, 2]],1029,117,1007,206
587139,5,99,104,[10, 4, 3, 11, 2, 1],[[1, 3], [2, 3], [3, 1], [3, 2], [1, 1], [2, 2]],1036,126,969,194
587191,5,99,104,[10, 4, 3, 11, 2, 1],[[1, 3], [2, 3], [3, 1], [3, 2], [1, 1], [2, 2]],1053,89,934,193
587268,5,99,104,[10, 4, 3, 11, 2, 1],[[1, 3], [2, 3], [3, 1], [3, 2], [1, 1], [2, 2]],1056,100,905,194
587338,5,99,104,[10, 4, 3, 11, 2, 1],[[1, 3], [2, 3], [3, 1], [3, 2], [1, 1], [2, 2]],1041,110,905,194
587423,5,99,104,[10, 4, 3, 11, 2, 1],[[1, 3], [2, 3], [3, 1], [3, 2], [1, 1], [2, 2]],1032,95,905,195
587467,5,99,104,[10, 4, 3, 11, 2, 1],[[1, 3], [2, 3], [3, 1], [3, 2], [1, 1], [2, 2]],1024,84,908,202
587537,5,99,104,[10, 4, 3, 11, 2, 1],[[1, 3], [2, 3], [3, 1], [3, 2], [1, 1], [2, 2]],1024,80,914,210
587598,5,99,104,[10, 4, 3, 11, 2, 1],[[1, 3], [2, 3], [3, 1], [3, 2], [1, 1], [2, 2]],1053,87,917,215
587647,5,99,104,[10, 4, 3, 11, 2, 1],[[1, 3], [2, 3], [3, 1], [3, 2], [1, 1], [2, 2]],1063,82,917,215
587689,5,99,104,[10, 4, 3, 11, 2, 1],[[1, 3], [2, 3], [3, 1], [3, 2], [1, 1], [2, 2]],1049,76,938,218
587756,5,99,104,[10, 4, 3, 11, 2, 1],[[1, 3], [2, 3], [3, 1], [3, 2], [1, 1], [2, 2]],1038,63,986,212
587806,5,99,104,[10, 4, 3, 11, 2, 1],[[1, 3], [2, 3], [3, 1], [3, 2], [1, 1], [2, 2]],1059,94,1013,198
587866,5,99,104,[10, 4, 3, 11, 2, 1],[[1, 3], [2, 3], [3, 1], [3, 2], [1, 1], [2, 2]],1064,95,1019,189
587916,5,99,104,[10, 4, 3, 11, 2, 1],[[1, 3], [2, 3], [3, 1], [3, 2], [1, 1], [2, 2]],1041,117,1019,183
587959,5,99,104,[10, 4, 3, 11, 2, 1],[[1, 3], [2, 3], [3, 1], [3, 2], [1, 1], [2, 2]],1055,127,1019,183
588012,5,99,104,[10, 4, 3, 11, 2, 1],[[1, 3], [2, 3], [3, 1], [3, 2], [1, 1], [2, 2]],1056,104,1019,183
588076,5,99,104,[10, 4, 3, 11, 2, 1],[[1, 3], [2, 3], [3, 1], [3, 2], [1, 1], [2, 2]],1073,107,1019,172
588119,5,99,104,[10, 4, 3, 11, 2, 1],[[1, 3], [2, 3], [3, 1], [3, 2], [1, 1], [2, 2]],1060,86,1019,160
588165,5,99,104,[10, 4, 3, 11, 2, 1],[[1, 3], [2, 3], [3, 1], [3, 2], [1, 1], [2, 2]],1085,70,1021,147
588214,5,99,104,[10, 4, 3, 11, 2, 1],[[1, 3], [2, 3], [3, 1], [3, 2], [1, 1], [2, 2]],1104,109,1022,146
588258,5,99,104,[10, 4, 3, 11, 2, 1],[[1, 3], [2, 3], [3, 1], [3, 2], [1, 1], [2, 2]],1087,94,1022,146
588303,5,99,104,[10, 4, 3, 11, 2, 1],[[1, 3], [2, 3], [3, 1], [3, 2], [1, 1], [2, 2]],1091,94,1022,146
588362,5,99,104,[10, 4, 3, 11, 2, 1],[[1, 3], [2, 3], [3, 1], [3, 2], [1, 1], [2, 2]],1067,108,1022,146
588408,5,99,104,[10, 4, 3, 11, 2, 1],[[1, 3], [2, 3], [3, 1], [3, 2], [1, 1], [2, 2]],1100,101,1022,146
588457,5,99,104,[10, 4, 3, 11, 2, 1],[[1, 3], [2, 3], [3, 1], [3, 2], [1, 1], [2, 2]],1119,121,1022,146
588504,5,99,104,[10, 4, 3, 11, 2, 1],[[1, 3], [2, 3], [3, 1], [3, 2], [1, 1], [2, 2]],1123,132,1022,146
588571,5,99,104,[10, 4, 3, 11, 2, 1],[[1, 3], [2, 3], [3, 1], [3, 2], [1, 1], [2, 2]],1109,133,1022,146
588611,5,99,104,[10, 4, 3, 11, 2, 1],[[1, 3], [2, 3], [3, 1], [3, 2], [1, 1], [2, 2]],1124,140,1022,146
588651,5,99,104,[10, 4, 3, 11, 2, 1],[[1, 3], [2, 3], [3, 1], [3, 2], [1, 1], [2, 2]],1135,138,1022,146
588698,5,99,104,[10, 4, 3, 11, 2, 1],[[1, 3], [2, 3], [3, 1], [3, 2], [1, 1], [2, 2]],1147,134,1022,146
588766,5,99,104,[10, 4, 3, 11, 2, 1],[[1, 3], [2, 3], [3, 1], [3, 2], [1, 1], [2, 2]],1172,141,1022,146
588825,5,99,104,[10, 4, 3, 11, 2, 1],[[1, 3], [2, 3], [3, 1], [3, 2], [1, 1], [2, 2]],1158,136,1022,146
588892,5,99,104,[10, 4, 3, 11, 2, 1],[[1, 3], [2, 3], [3, 1], [3, 2], [1, 1], [2, 2]],1145,122,1026,155
588948,5,99,104,[10, 4, 3, 11, 2, 1],[[1, 3], [2, 3], [3, 1], [3, 2], [1, 1], [2, 2]],1154,119,1068,203
589004,5,99,104,[10, 4, 3, 11, 2, 1],[[1, 3], [2, 3], [3, 1], [3, 2], [1, 1], [2, 2]],1166,132,1120,230
589088,5,99,104,[10, 4, 3, 11, 2, 1],[[1, 3], [2, 3], [3, 1], [3, 2], [1, 1], [2, 2]],1167,144,1153,218
589137,5,99,104,[10, 4, 3, 11, 2, 1],[[1, 3], [2, 3], [3, 1], [3, 2], [1, 1], [2, 2]],1171,137,1165,204
589197,5,99,104,[10, 4, 3, 11, 2, 1],[[1, 3], [2, 3], [3, 1], [3, 2], [1, 1], [2, 2]],1167,156,1165,204
589274,5,99,104,[10, 4, 3, 11, 2, 1],[[1, 3], [2, 3], [3, 1], [3, 2], [1, 1], [2, 2]],1169,166,1176,218
589374,5,99,104,[10, 4, 3, 11, 2, 1],[[1, 3], [2, 3], [3, 1], [3, 2], [1, 1], [2, 2]],1185,136,1198,229
589441,5,99,104,[10, 4, 3, 11, 2, 1],[[1, 3], [2, 3], [3, 1], [3, 2], [1, 1], [2, 2]],1191,120,1232,213
589510,5,99,104,[10, 4, 3, 11, 2, 1],[[1, 3], [2, 3], [3, 1], [3, 2], [1, 1], [2, 2]],1170,132,1238,211
589573,5,99,104,[10, 4, 3, 11, 2, 1],[[1, 3], [2, 3], [3, 1], [3, 2], [1, 1], [2, 2]],1158,121,1248,211
589627,5,99,104,[10, 4, 3, 11, 2, 1],[[1, 3], [2, 3], [3, 1], [3, 2], [1, 1], [2, 2]],1143,153,1274,212
589699,5,99,104,[10, 4, 3, 11, 2, 1],[[1, 3], [2, 3], [3, 1], [3, 2], [1, 1], [2, 2]],1124,168,1281,212
589765,5,99,104,[10, 4, 3, 11, 2, 1],[[1, 3], [2, 3], [3, 1], [3, 2], [1, 1], [2, 2]],1142,186,1310,208
589825,5,99,104,[10, 4, 3, 11, 2, 1],[[1, 3], [2, 3], [3, 1], [3, 2], [1, 1], [2, 2]],1134,167,1310,208
589879,5,99,104,[10, 4, 3, 11, 2, 1],[[1, 3], [2, 3], [3, 1], [3, 2], [1, 1], [2, 2]],1110,164,1310,208
589922,5,99,104,[10, 4, 3, 11, 2, 1],[[1, 3], [2, 3], [3, 1], [3, 2], [1, 1], [2, 2]],1101,182,1306,208
589988,5,99,104,[10, 4, 3, 11, 2, 1],[[1, 3], [2, 3], [3, 1], [3, 2], [1, 1], [2, 2]],1081,176,1305,208
590050,5,99,104,[10, 4, 3, 11, 2, 1],[[1, 3], [2, 3], [3, 1], [3, 2], [1, 1], [2, 2]],1099,168,1259,210
590106,5,99,104,[10, 4, 3, 11, 2, 1],[[1, 3], [2, 3], [3, 1], [3, 2], [1, 1], [2, 2]],1141,158,1184,217
590186,5,99,104,[10, 4, 3, 11, 2, 1],[[1, 3], [2, 3], [3, 1], [3, 2], [1, 1], [2, 2]],1139,140,1155,222
590243,5,99,104,[10, 4, 3, 11, 2, 1],[[1, 3], [2, 3], [3, 1], [3, 2], [1, 1], [2, 2]],1160,157,1155,222
590290,5,99,104,[10, 4, 3, 11, 2, 1],[[1, 3], [2, 3], [3, 1], [3, 2], [1, 1], [2, 2]],1169,157,1148,215
590348,5,99,104,[10, 4, 3, 11, 2, 1],[[1, 3], [2, 3], [3, 1], [3, 2], [1, 1], [2, 2]],1169,137,1127,205
590390,5,100,101,[6, 5, 8, 12, 2, 1],[[1, 3], [2, 3], [3, 1], [3, 2], [1, 1], [2, 2]],1144,116,1127,205
590457,5,100,101,[6, 5, 8, 12, 2, 1],[[1, 3], [2, 3], [3, 1], [3, 2], [1, 1], [2, 2]],1149,129,1131,187
590498,5,100,101,[6, 5, 8, 12, 2, 1],[[1, 3], [2, 3], [3, 1], [3, 2], [1, 1], [2, 2]],1138,140,1136,175
590539,5,100,101,[6, 5, 8, 12, 2, 1],[[1, 3], [2, 3], [3, 1], [3, 2], [1, 1], [2, 2]],1131,126,1137,171
590586,5,100,101,[6, 5, 8, 12, 2, 1],[[1, 3], [2, 3], [3, 1], [3, 2], [1, 1], [2, 2]],1109,151,1141,159
590644,5,100,101,[6, 5, 8, 12, 2, 1],[[1, 3], [2, 3], [3, 1], [3, 2], [1, 1], [2, 2]],1111,130,1146,146
590708,5,100,101,[6, 5, 8, 12, 2, 1],[[1, 3], [2, 3], [3, 1], [3, 2], [1, 1], [2, 2]],1117,135,1154,135
590753,5,100,101,[6, 5, 8, 12, 2, 1],[[1, 3], [2, 3], [3, 1], [3, 2], [1, 1], [2, 2]],1108,130,1156,131
590799,5,100,101,[6, 5, 8, 12, 2, 1],[[1, 3], [2, 3], [3, 1], [3, 2], [1, 1], [2, 2]],1103,119,1159,126
590858,5,100,101,[6, 5, 8, 12, 2, 1],[[1, 3], [2, 3], [3, 1], [3, 2], [1, 1], [2, 2]],1070,128,1161,120
590906,5,100,101,[6, 5, 8, 12, 2, 1],[[1, 3], [2, 3], [3, 1], [3, 2], [1, 1], [2, 2]],1084,123,1161,119
590979,5,100,101,[6, 5, 8, 12, 2, 1],[[1, 3], [2, 3], [3, 1], [3, 2], [1, 1], [2, 2]],1100,147,1153,106
591058,5,100,101,[6, 5, 8, 12, 2, 1],[[1, 3], [2, 3], [3, 1], [3, 2], [1, 1], [2, 2]],1126,174,1141,98
591119,5,100,101,[6, 5, 8, 12, 2, 1],[[1, 3], [2, 3], [3, 1], [3, 2], [1, 1], [2, 2]],1124,150,1126,95
591178,5,100,101,[6, 5, 8, 12, 2, 1],[[1, 3], [2, 3], [3, 1], [3, 2], [1, 1], [2, 2]],1152,125,1121,95
591222,5,100,101,[6, 5, 8, 12, 2, 1],[[1, 3], [2, 3], [3, 1], [3, 2], [1, 1], [2, 2]],1186,134,1116,95
591281,5,100,101,[6, 5, 8, 12, 2, 1],[[1, 3], [2, 3], [3, 1], [3, 2], [1, 1], [2, 2]],1181,132,1100,95
591383,5,100,101,[6, 5, 8, 12, 2, 1],[[1, 3], [2, 3], [3, 1], [3, 2], [1, 1], [2, 2]],1165,119,1089,99
591436,5,100,101,[6, 5, 8, 12, 2, 1],[[1, 3], [2, 3], [3, 1], [3, 2], [1, 1], [2, 2]],1160,127,1089,99
591485,5,100,101,[6, 5, 8, 12, 2, 1],[[1, 3], [2, 3], [3, 1], [3, 2], [1, 1], [2, 2]],1150,136,1089,100
591538,5,100,101,[6, 5, 8, 12, 2, 1],[[1, 3], [2, 3], [3, 1], [3, 2], [1, 1], [2, 2]],1159,126,1089,100
591611,5,100,101,[6, 5, 8, 12, 2, 1],[[1, 3], [2, 3], [3, 1], [3, 2], [1, 1], [2, 2]],1134,152,1104,129
591683,5,100,101,[6, 5, 8, 12, 2, 1],[[1, 3], [2, 3], [3, 1], [3, 2], [1, 1], [2, 2]],1139,142,1129,138
591749,5,100,101,[6, 5, 8, 12, 2, 1],[[1, 3], [2, 3], [3, 1], [3, 2], [1, 1], [2, 2]],1135,150,1130,138
591820,5,100,101,[6, 5, 8, 12, 2, 1],[[1, 3], [2, 3], [3, 1], [3, 2], [1, 1], [2, 2]],1134,129,1146,135
591887,5,100,101,[6, 5, 8, 12, 2, 1],[[1, 3], [2, 3], [3, 1], [3, 2], [1, 1], [2, 2]],1132,136,1158,127
591974,5,100,101,[6, 5, 8, 12, 2, 1],[[1, 3], [2, 3], [3, 1], [3, 2], [1, 1], [2, 2]],1127,140,1163,122
592035,5,100,101,[6, 5, 8, 12, 2, 1],[[1, 3], [2, 3], [3, 1], [3, 2], [1, 1], [2, 2]],1118,185,1163,113
592109,5,100,101,[6, 5, 8, 12, 2, 1],[[1, 3], [2, 3], [3, 1], [3, 2], [1, 1], [2, 2]],1113,187,1163,106
592163,5,100,101,[6, 5, 8, 12, 2, 1],[[1, 3], [2, 3], [3, 1], [3, 2], [1, 1], [2, 2]],1101,191,1162,101
592216,5,100,101,[6, 5, 8, 12, 2, 1],[[1, 3], [2, 3], [3, 1], [3, 2], [1, 1], [2, 2]],1106,175,1160,98
592278,5,100,101,[6, 5, 8, 12, 2, 1],[[1, 3], [2, 3], [3, 1], [3, 2], [1, 1], [2, 2]],1100,197,1160,97
592337,5,100,101,[6, 5, 8, 12, 2, 1],[[1, 3], [2, 3], [3, 1], [3, 2], [1, 1], [2, 2]],1110,217,1160,97
592387,5,100,101,[6, 5, 8, 12, 2, 1],[[1, 3], [2, 3], [3, 1], [3, 2], [1, 1], [2, 2]],1085,244,1150,99
592453,5,100,101,[6, 5, 8, 12, 2, 1],[[1, 3], [2, 3], [3, 1], [3, 2], [1, 1], [2, 2]],1097,262,1122,132
592518,5,100,101,[6, 5, 8, 12, 2, 1],[[1, 3], [2, 3], [3, 1], [3, 2], [1, 1], [2, 2]],1090,257,1119,157
592559,5,100,101,[6, 5, 8, 12, 2, 1],[[1, 3], [2, 3], [3, 1], [3, 2], [1, 1], [2, 2]],1123,273,1124,167
592618,5,100,101,[6, 5, 8, 12, 2, 1],[[1, 3], [2, 3], [3, 1], [3, 2], [1, 1], [2, 2]],1112,256,1128,185
592680,5,100,101,[6, 5, 8, 12, 2, 1],[[1, 3], [2, 3], [3, 1], [3, 2], [1, 1], [2, 2]],1107,259,1134,203
592718,5,100,101,[6, 5, 8, 12, 2, 1],[[1, 3], [2, 3], [3, 1], [3, 2], [1, 1], [2, 2]],1081,281,1136,215
592767,5,100,101,[6, 5, 8, 12, 2, 1],[[1, 3], [2, 3], [3, 1], [3, 2], [1, 1], [2, 2]],1083,277,1138,225
592821,5,100,101,[6, 5, 8, 12, 2, 1],[[1, 3], [2, 3], [3, 1], [3, 2], [1, 1], [2, 2]],1097,289,1139,245
592878,5,100,101,[6, 5, 8, 12, 2, 1],[[1, 3], [2, 3], [3, 1], [3, 2], [1, 1], [2, 2]],1109,298,1142,258
592937,5,100,101,[6, 5, 8, 12, 2, 1],[[1, 3], [2, 3], [3, 1], [3, 2], [1, 1], [2, 2]],1150,262,1143,265
592996,5,100,101,[6, 5, 8, 12, 2, 1],[[1, 3], [2, 3], [3, 1], [3, 2], [1, 1], [2, 2]],1132,254,1143,266
593070,5,100,101,[6, 5, 8, 12, 2, 1],[[1, 3], [2, 3], [3, 1], [3, 2], [1, 1], [2, 2]],1155,261,1136,279
593115,5,100,101,[6, 5, 8, 12, 2, 1],[[1, 3], [2, 3], [3, 1], [3, 2], [1, 1], [2, 2]],1151,251,1121,298
593183,5,100,101,[6, 5, 8, 12, 2, 1],[[1, 3], [2, 3], [3, 1], [3, 2], [1, 1], [2, 2]],1148,238,1116,305
593232,5,100,101,[6, 5, 8, 12, 2, 1],[[1, 3], [2, 3], [3, 1], [3, 2], [1, 1], [2, 2]],1170,248,1114,311
593308,5,100,101,[6, 5, 8, 12, 2, 1],[[1, 3], [2, 3], [3, 1], [3, 2], [1, 1], [2, 2]],1138,245,1110,316
593355,5,100,101,[6, 5, 8, 12, 2, 1],[[1, 3], [2, 3], [3, 1], [3, 2], [1, 1], [2, 2]],1104,250,1110,322
593423,5,100,101,[6, 5, 8, 12, 2, 1],[[1, 3], [2, 3], [3, 1], [3, 2], [1, 1], [2, 2]],1089,241,1110,328
593489,5,100,101,[6, 5, 8, 12, 2, 1],[[1, 3], [2, 3], [3, 1], [3, 2], [1, 1], [2, 2]],1046,249,1110,335
593538,5,100,101,[6, 5, 8, 12, 2, 1],[[1, 3], [2, 3], [3, 1], [3, 2], [1, 1], [2, 2]],1062,271,1112,337
593611,5,100,101,[6, 5, 8, 12, 2, 1],[[1, 3], [2, 3], [3, 1], [3, 2], [1, 1], [2, 2]],1068,260,1113,339
593663,5,100,101,[6, 5, 8, 12, 2, 1],[[1, 3], [2, 3], [3, 1], [3, 2], [1, 1], [2, 2]],1066,248,1113,339
593712,5,100,101,[6, 5, 8, 12, 2, 1],[[1, 3], [2, 3], [3, 1], [3, 2], [1, 1], [2, 2]],1063,257,1113,339
593805,5,100,101,[6, 5, 8, 12, 2, 1],[[1, 3], [2, 3], [3, 1], [3, 2], [1, 1], [2, 2]],1051,246,1113,339
593885,5,100,101,[6, 5, 8, 12, 2, 1],[[1, 3], [2, 3], [3, 1], [3, 2], [1, 1], [2, 2]],1041,255,1098,338
593943,5,100,101,[6, 5, 8, 12, 2, 1],[[1, 3], [2, 3], [3, 1], [3, 2], [1, 1], [2, 2]],1071,252,1037,334
594009,5,100,101,[6, 5, 8, 12, 2, 1],[[1, 3], [2, 3], [3, 1], [3, 2], [1, 1], [2, 2]],1089,222,1026,333
594058,5,100,101,[6, 5, 8, 12, 2, 1],[[1, 3], [2, 3], [3, 1], [3, 2], [1, 1], [2, 2]],1103,219,1026,333
594116,5,100,101,[6, 5, 8, 12, 2, 1],[[1, 3], [2, 3], [3, 1], [3, 2], [1, 1], [2, 2]],1111,238,1026,325
594163,5,100,101,[6, 5, 8, 12, 2, 1],[[1, 3], [2, 3], [3, 1], [3, 2], [1, 1], [2, 2]],1090,212,1026,319
594232,5,100,101,[6, 5, 8, 12, 2, 1],[[1, 3], [2, 3], [3, 1], [3, 2], [1, 1], [2, 2]],1085,207,1031,308
594300,5,100,101,[6, 5, 8, 12, 2, 1],[[1, 3], [2, 3], [3, 1], [3, 2], [1, 1], [2, 2]],1041,227,1051,293
594364,5,100,101,[6, 5, 8, 12, 2, 1],[[1, 3], [2, 3], [3, 1], [3, 2], [1, 1], [2, 2]],1045,240,1067,284
594422,5,100,101,[6, 5, 8, 12, 2, 1],[[1, 3], [2, 3], [3, 1], [3, 2], [1, 1], [2, 2]],1023,256,1074,281
594480,5,101,23,[6, 5, 3, 11, 2, 1],[[1, 1], [2, 1], [3, 2], [3, 3], [1, 2], [2, 3]],1021,261,1083,279
594538,5,101,23,[6, 5, 3, 11, 2, 1],[[1, 1], [2, 1], [3, 2], [3, 3], [1, 2], [2, 3]],1031,277,1083,278
594601,5,101,23,[6, 5, 3, 11, 2, 1],[[1, 1], [2, 1], [3, 2], [3, 3], [1, 2], [2, 3]],1024,274,1092,274
594666,5,101,23,[6, 5, 3, 11, 2, 1],[[1, 1], [2, 1], [3, 2], [3, 3], [1, 2], [2, 3]],1033,285,1097,268
594724,5,101,23,[6, 5, 3, 11, 2, 1],[[1, 1], [2, 1], [3, 2], [3, 3], [1, 2], [2, 3]],1037,284,1100,259
594772,5,101,23,[6, 5, 3, 11, 2, 1],[[1, 1], [2, 1], [3, 2], [3, 3], [1, 2], [2, 3]],1035,323,1101,254
594817,5,101,23,[6, 5, 3, 11, 2, 1],[[1, 1], [2, 1], [3, 2], [3, 3], [1, 2], [2, 3]],1029,310,1101,253
594863,5,101,23,[6, 5, 3, 11, 2, 1],[[1, 1], [2, 1], [3, 2], [3, 3], [1, 2], [2, 3]],1022,306,1101,253
594922,5,101,23,[6, 5, 3, 11, 2, 1],[[1, 1], [2, 1], [3, 2], [3, 3], [1, 2], [2, 3]],1023,302,1101,253
594970,5,101,23,[6, 5, 3, 11, 2, 1],[[1, 1], [2, 1], [3, 2], [3, 3], [1, 2], [2, 3]],1019,294,1101,253
595043,5,101,23,[6, 5, 3, 11, 2, 1],[[1, 1], [2, 1], [3, 2], [3, 3], [1, 2], [2, 3]],1004,273,1072,266
595108,5,101,23,[6, 5, 3, 11, 2, 1],[[1, 1], [2, 1], [3, 2], [3, 3], [1, 2], [2, 3]],1004,262,1066,272
595187,5,101,23,[6, 5, 3, 11, 2, 1],[[1, 1], [2, 1], [3, 2], [3, 3], [1, 2], [2, 3]],1010,271,1057,285
595260,5,101,23,[6, 5, 3, 11, 2, 1],[[1, 1], [2, 1], [3, 2], [3, 3], [1, 2], [2, 3]],993,262,1047,292
595308,5,101,23,[6, 5, 3, 11, 2, 1],[[1, 1], [2, 1], [3, 2], [3, 3], [1, 2], [2, 3]],995,276,1047,292
595378,5,101,23,[6, 5, 3, 11, 2, 1],[[1, 1], [2, 1], [3, 2], [3, 3], [1, 2], [2, 3]],989,278,1047,292
595435,5,101,23,[6, 5, 3, 11, 2, 1],[[1, 1], [2, 1], [3, 2], [3, 3], [1, 2], [2, 3]],1003,279,1047,292
595479,5,101,23,[6, 5, 3, 11, 2, 1],[[1, 1], [2, 1], [3, 2], [3, 3], [1, 2], [2, 3]],1004,292,1047,292
595545,5,101,23,[6, 5, 3, 11, 2, 1],[[1, 1], [2, 1], [3, 2], [3, 3], [1, 2], [2, 3]],1004,307,1047,292
595614,5,101,23,[6, 5, 3, 11, 2, 1],[[1, 1], [2, 1], [3, 2], [3, 3], [1, 2], [2, 3]],989,335,1040,294
595692,5,101,23,[6, 5, 3, 11, 2, 1],[[1, 1], [2, 1], [3, 2], [3, 3], [1, 2], [2, 3]],993,352,1025,292
595753,5,101,23,[6, 5, 3, 11, 2, 1],[[1, 1], [2, 1], [3, 2], [3, 3], [1, 2], [2, 3]],1000,367,1019,282
595835,5,101,23,[6, 5, 3, 11, 2, 1],[[1, 1], [2, 1], [3, 2], [3, 3], [1, 2], [2, 3]],970,367,1013,257
595905,5,101,23,[6, 5, 3, 11, 2, 1],[[1, 1], [2, 1], [3, 2], [3, 3], [1, 2], [2, 3]],962,371,1013,249
595977,5,101,23,[6, 5, 3, 11, 2, 1],[[1, 1], [2, 1], [3, 2], [3, 3], [1, 2], [2, 3]],936,364,1012,249
596052,5,101,23,[6, 5, 3, 11, 2, 1],[[1, 1], [2, 1], [3, 2], [3, 3], [1, 2], [2, 3]],909,396,1012,249
596119,5,101,23,[6, 5, 3, 11, 2, 1],[[1, 1], [2, 1], [3, 2], [3, 3], [1, 2], [2, 3]],927,392,1000,264
596183,5,101,23,[6, 5, 3, 11, 2, 1],[[1, 1], [2, 1], [3, 2], [3, 3], [1, 2], [2, 3]],928,397,996,294
596238,5,101,23,[6, 5, 3, 11, 2, 1],[[1, 1], [2, 1], [3, 2], [3, 3], [1, 2], [2, 3]],930,399,1003,319
596297,5,101,23,[6, 5, 3, 11, 2, 1],[[1, 1], [2, 1], [3, 2], [3, 3], [1, 2], [2, 3]],903,438,1012,350
596356,5,101,23,[6, 5, 3, 11, 2, 1],[[1, 1], [2, 1], [3, 2], [3, 3], [1, 2], [2, 3]],930,417,1016,384
596418,5,101,23,[6, 5, 3, 11, 2, 1],[[1, 1], [2, 1], [3, 2], [3, 3], [1, 2], [2, 3]],908,402,1016,443
596477,5,101,23,[6, 5, 3, 11, 2, 1],[[1, 1], [2, 1], [3, 2], [3, 3], [1, 2], [2, 3]],893,380,1008,454
596538,5,101,23,[6, 5, 3, 11, 2, 1],[[1, 1], [2, 1], [3, 2], [3, 3], [1, 2], [2, 3]],881,389,1001,458
596595,5,101,23,[6, 5, 3, 11, 2, 1],[[1, 1], [2, 1], [3, 2], [3, 3], [1, 2], [2, 3]],860,381,970,461
596648,5,101,23,[6, 5, 3, 11, 2, 1],[[1, 1], [2, 1], [3, 2], [3, 3], [1, 2], [2, 3]],875,359,947,468
596702,5,101,23,[6, 5, 3, 11, 2, 1],[[1, 1], [2, 1], [3, 2], [3, 3], [1, 2], [2, 3]],879,352,925,475
596755,5,101,23,[6, 5, 3, 11, 2, 1],[[1, 1], [2, 1], [3, 2], [3, 3], [1, 2], [2, 3]],865,348,922,475
596819,5,101,23,[6, 5, 3, 11, 2, 1],[[1, 1], [2, 1], [3, 2], [3, 3], [1, 2], [2, 3]],898,353,915,447
596872,5,101,23,[6, 5, 3, 11, 2, 1],[[1, 1], [2, 1], [3, 2], [3, 3], [1, 2], [2, 3]],913,348,911,432
596925,5,101,23,[6, 5, 3, 11, 2, 1],[[1, 1], [2, 1], [3, 2], [3, 3], [1, 2], [2, 3]],914,353,911,417
596978,5,101,23,[6, 5, 3, 11, 2, 1],[[1, 1], [2, 1], [3, 2], [3, 3], [1, 2], [2, 3]],917,339,908,408
597038,5,101,23,[6, 5, 3, 11, 2, 1],[[1, 1], [2, 1], [3, 2], [3, 3], [1, 2], [2, 3]],939,335,908,395
597109,5,101,23,[6, 5, 3, 11, 2, 1],[[1, 1], [2, 1], [3, 2], [3, 3], [1, 2], [2, 3]],957,315,903,378
597181,5,101,23,[6, 5, 3, 11, 2, 1],[[1, 1], [2, 1], [3, 2], [3, 3], [1, 2], [2, 3]],957,319,900,365
597256,5,101,23,[6, 5, 3, 11, 2, 1],[[1, 1], [2, 1], [3, 2], [3, 3], [1, 2], [2, 3]],961,338,900,353
597309,5,101,23,[6, 5, 3, 11, 2, 1],[[1, 1], [2, 1], [3, 2], [3, 3], [1, 2], [2, 3]],985,321,910,345
597366,5,101,23,[6, 5, 3, 11, 2, 1],[[1, 1], [2, 1], [3, 2], [3, 3], [1, 2], [2, 3]],968,326,919,340
597430,5,101,23,[6, 5, 3, 11, 2, 1],[[1, 1], [2, 1], [3, 2], [3, 3], [1, 2], [2, 3]],965,339,935,335
597489,5,101,23,[6, 5, 3, 11, 2, 1],[[1, 1], [2, 1], [3, 2], [3, 3], [1, 2], [2, 3]],982,346,939,334
597559,5,101,23,[6, 5, 3, 11, 2, 1],[[1, 1], [2, 1], [3, 2], [3, 3], [1, 2], [2, 3]],983,353,939,334
597631,5,101,23,[6, 5, 3, 11, 2, 1],[[1, 1], [2, 1], [3, 2], [3, 3], [1, 2], [2, 3]],996,339,956,350
597703,5,101,23,[6, 5, 3, 11, 2, 1],[[1, 1], [2, 1], [3, 2], [3, 3], [1, 2], [2, 3]],1007,331,964,366
597750,5,101,23,[6, 5, 3, 11, 2, 1],[[1, 1], [2, 1], [3, 2], [3, 3], [1, 2], [2, 3]],1009,347,965,371
597820,5,101,23,[6, 5, 3, 11, 2, 1],[[1, 1], [2, 1], [3, 2], [3, 3], [1, 2], [2, 3]],1030,332,964,378
597875,5,101,23,[6, 5, 3, 11, 2, 1],[[1, 1], [2, 1], [3, 2], [3, 3], [1, 2], [2, 3]],1039,300,961,385
597912,5,101,23,[6, 5, 3, 11, 2, 1],[[1, 1], [2, 1], [3, 2], [3, 3], [1, 2], [2, 3]],1007,301,955,393
597974,5,101,23,[6, 5, 3, 11, 2, 1],[[1, 1], [2, 1], [3, 2], [3, 3], [1, 2], [2, 3]],994,298,953,394
598024,5,101,23,[6, 5, 3, 11, 2, 1],[[1, 1], [2, 1], [3, 2], [3, 3], [1, 2], [2, 3]],982,283,953,394
598083,5,101,23,[6, 5, 3, 11, 2, 1],[[1, 1], [2, 1], [3, 2], [3, 3], [1, 2], [2, 3]],991,291,953,394
598122,5,101,23,[6, 5, 3, 11, 2, 1],[[1, 1], [2, 1], [3, 2], [3, 3], [1, 2], [2, 3]],1002,290,951,394
598192,5,101,23,[6, 5, 3, 11, 2, 1],[[1, 1], [2, 1], [3, 2], [3, 3], [1, 2], [2, 3]],1012,298,961,366
598247,5,101,23,[6, 5, 3, 11, 2, 1],[[1, 1], [2, 1], [3, 2], [3, 3], [1, 2], [2, 3]],979,305,970,352
598304,5,101,23,[6, 5, 3, 11, 2, 1],[[1, 1], [2, 1], [3, 2], [3, 3], [1, 2], [2, 3]],970,298,979,345
598358,5,101,23,[6, 5, 3, 11, 2, 1],[[1, 1], [2, 1], [3, 2], [3, 3], [1, 2], [2, 3]],964,303,991,335
598416,5,101,23,[6, 5, 3, 11, 2, 1],[[1, 1], [2, 1], [3, 2], [3, 3], [1, 2], [2, 3]],957,313,1001,326
598470,5,101,23,[6, 5, 3, 11, 2, 1],[[1, 1], [2, 1], [3, 2], [3, 3], [1, 2], [2, 3]],959,297,1014,317
598524,5,102,14,[10, 4, 8, 12, 7, 9],[[1, 1], [2, 1], [3, 2], [3, 3], [1, 3], [2, 2]],972,284,1019,310
598578,5,102,14,[10, 4, 8, 12, 7, 9],[[1, 1], [2, 1], [3, 2], [3, 3], [1, 3], [2, 2]],949,309,1027,298
598631,5,102,14,[10, 4, 8, 12, 7, 9],[[1, 1], [2, 1], [3, 2], [3, 3], [1, 3], [2, 2]],951,277,1031,291
598689,5,102,14,[10, 4, 8, 12, 7, 9],[[1, 1], [2, 1], [3, 2], [3, 3], [1, 3], [2, 2]],961,248,1033,282
598753,5,102,14,[10, 4, 8, 12, 7, 9],[[1, 1], [2, 1], [3, 2], [3, 3], [1, 3], [2, 2]],941,260,1033,282
598817,5,102,14,[10, 4, 8, 12, 7, 9],[[1, 1], [2, 1], [3, 2], [3, 3], [1, 3], [2, 2]],952,268,1025,272
598885,5,102,14,[10, 4, 8, 12, 7, 9],[[1, 1], [2, 1], [3, 2], [3, 3], [1, 3], [2, 2]],945,260,1023,271
598951,5,102,14,[10, 4, 8, 12, 7, 9],[[1, 1], [2, 1], [3, 2], [3, 3], [1, 3], [2, 2]],930,256,1002,269
599015,5,102,14,[10, 4, 8, 12, 7, 9],[[1, 1], [2, 1], [3, 2], [3, 3], [1, 3], [2, 2]],919,228,997,269
599080,5,102,14,[10, 4, 8, 12, 7, 9],[[1, 1], [2, 1], [3, 2], [3, 3], [1, 3], [2, 2]],929,217,991,272
599151,5,102,14,[10, 4, 8, 12, 7, 9],[[1, 1], [2, 1], [3, 2], [3, 3], [1, 3], [2, 2]],933,217,979,272
599221,5,102,14,[10, 4, 8, 12, 7, 9],[[1, 1], [2, 1], [3, 2], [3, 3], [1, 3], [2, 2]],928,233,955,272
599287,5,102,14,[10, 4, 8, 12, 7, 9],[[1, 1], [2, 1], [3, 2], [3, 3], [1, 3], [2, 2]],924,226,954,270
599355,5,102,14,[10, 4, 8, 12, 7, 9],[[1, 1], [2, 1], [3, 2], [3, 3], [1, 3], [2, 2]],895,207,947,258
599453,5,102,14,[10, 4, 8, 12, 7, 9],[[1, 1], [2, 1], [3, 2], [3, 3], [1, 3], [2, 2]],900,181,942,234
599502,5,102,14,[10, 4, 8, 12, 7, 9],[[1, 1], [2, 1], [3, 2], [3, 3], [1, 3], [2, 2]],897,174,940,221
599553,5,102,14,[10, 4, 8, 12, 7, 9],[[1, 1], [2, 1], [3, 2], [3, 3], [1, 3], [2, 2]],918,199,940,211
599623,5,102,14,[10, 4, 8, 12, 7, 9],[[1, 1], [2, 1], [3, 2], [3, 3], [1, 3], [2, 2]],899,201,938,198
599719,5,102,14,[10, 4, 8, 12, 7, 9],[[1, 1], [2, 1], [3, 2], [3, 3], [1, 3], [2, 2]],897,207,931,188
599780,5,102,14,[10, 4, 8, 12, 7, 9],[[1, 1], [2, 1], [3, 2], [3, 3], [1, 3], [2, 2]],908,211,917,176
599828,5,102,14,[10, 4, 8, 12, 7, 9],[[1, 1], [2, 1], [3, 2], [3, 3], [1, 3], [2, 2]],912,220,903,175
599896,5,102,14,[10, 4, 8, 12, 7, 9],[[1, 1], [2, 1], [3, 2], [3, 3], [1, 3], [2, 2]],920,235,903,175
599937,5,102,14,[10, 4, 8, 12, 7, 9],[[1, 1], [2, 1], [3, 2], [3, 3], [1, 3], [2, 2]],945,226,889,177
600007,5,102,14,[10, 4, 8, 12, 7, 9],[[1, 1], [2, 1], [3, 2], [3, 3], [1, 3], [2, 2]],921,229,874,181
600056,5,102,14,[10, 4, 8, 12, 7, 9],[[1, 1], [2, 1], [3, 2], [3, 3], [1, 3], [2, 2]],888,252,864,193
600103,5,102,14,[10, 4, 8, 12, 7, 9],[[1, 1], [2, 1], [3, 2], [3, 3], [1, 3], [2, 2]],913,278,861,200
600158,5,102,14,[10, 4, 8, 12, 7, 9],[[1, 1], [2, 1], [3, 2], [3, 3], [1, 3], [2, 2]],922,255,858,208
600206,5,102,14,[10, 4, 8, 12, 7, 9],[[1, 1], [2, 1], [3, 2], [3, 3], [1, 3], [2, 2]],925,250,858,213
600254,5,102,14,[10, 4, 8, 12, 7, 9],[[1, 1], [2, 1], [3, 2], [3, 3], [1, 3], [2, 2]],936,271,861,215
600299,5,102,14,[10, 4, 8, 12, 7, 9],[[1, 1], [2, 1], [3, 2], [3, 3], [1, 3], [2, 2]],933,262,881,231
600361,5,102,14,[10, 4, 8, 12, 7, 9],[[1, 1], [2, 1], [3, 2], [3, 3], [1, 3], [2, 2]],942,284,909,242
600414,5,102,14,[10, 4, 8, 12, 7, 9],[[1, 1], [2, 1], [3, 2], [3, 3], [1, 3], [2, 2]],945,304,920,257
600458,5,102,14,[10, 4, 8, 12, 7, 9],[[1, 1], [2, 1], [3, 2], [3, 3], [1, 3], [2, 2]],947,299,933,275
600518,5,102,14,[10, 4, 8, 12, 7, 9],[[1, 1], [2, 1], [3, 2], [3, 3], [1, 3], [2, 2]],956,319,949,302
600587,5,102,14,[10, 4, 8, 12, 7, 9],[[1, 1], [2, 1], [3, 2], [3, 3], [1, 3], [2, 2]],950,305,958,331
600635,5,102,14,[10, 4, 8, 12, 7, 9],[[1, 1], [2, 1], [3, 2], [3, 3], [1, 3], [2, 2]],983,336,959,336
600684,5,102,14,[10, 4, 8, 12, 7, 9],[[1, 1], [2, 1], [3, 2], [3, 3], [1, 3], [2, 2]],962,329,961,341
600724,5,102,14,[10, 4, 8, 12, 7, 9],[[1, 1], [2, 1], [3, 2], [3, 3], [1, 3], [2, 2]],972,346,961,344
600788,5,102,14,[10, 4, 8, 12, 7, 9],[[1, 1], [2, 1], [3, 2], [3, 3], [1, 3], [2, 2]],964,354,962,353
600834,5,102,14,[10, 4, 8, 12, 7, 9],[[1, 1], [2, 1], [3, 2], [3, 3], [1, 3], [2, 2]],950,359,962,357
600893,5,102,14,[10, 4, 8, 12, 7, 9],[[1, 1], [2, 1], [3, 2], [3, 3], [1, 3], [2, 2]],932,370,961,364
600940,5,102,14,[10, 4, 8, 12, 7, 9],[[1, 1], [2, 1], [3, 2], [3, 3], [1, 3], [2, 2]],904,413,958,369
601004,5,102,14,[10, 4, 8, 12, 7, 9],[[1, 1], [2, 1], [3, 2], [3, 3], [1, 3], [2, 2]],886,410,955,375
601062,5,102,14,[10, 4, 8, 12, 7, 9],[[1, 1], [2, 1], [3, 2], [3, 3], [1, 3], [2, 2]],860,398,949,379
601115,5,102,14,[10, 4, 8, 12, 7, 9],[[1, 1], [2, 1], [3, 2], [3, 3], [1, 3], [2, 2]],851,410,948,381
601159,5,102,14,[10, 4, 8, 12, 7, 9],[[1, 1], [2, 1], [3, 2], [3, 3], [1, 3], [2, 2]],862,370,943,391
601247,5,102,14,[10, 4, 8, 12, 7, 9],[[1, 1], [2, 1], [3, 2], [3, 3], [1, 3], [2, 2]],842,349,941,397
601311,5,102,14,[10, 4, 8, 12, 7, 9],[[1, 1], [2, 1], [3, 2], [3, 3], [1, 3], [2, 2]],851,353,938,405
601374,5,102,14,[10, 4, 8, 12, 7, 9],[[1, 1], [2, 1], [3, 2], [3, 3], [1, 3], [2, 2]],849,370,938,405
601435,5,102,14,[10, 4, 8, 12, 7, 9],[[1, 1], [2, 1], [3, 2], [3, 3], [1, 3], [2, 2]],847,388,938,405
601504,5,102,14,[10, 4, 8, 12, 7, 9],[[1, 1], [2, 1], [3, 2], [3, 3], [1, 3], [2, 2]],837,386,928,398
601558,5,102,14,[10, 4, 8, 12, 7, 9],[[1, 1], [2, 1], [3, 2], [3, 3], [1, 3], [2, 2]],822,391,916,368
601622,5,102,14,[10, 4, 8, 12, 7, 9],[[1, 1], [2, 1], [3, 2], [3, 3], [1, 3], [2, 2]],840,389,910,355
601678,5,102,14,[10, 4, 8, 12, 7, 9],[[1, 1], [2, 1], [3, 2], [3, 3], [1, 3], [2, 2]],879,419,904,344
601741,5,102,14,[10, 4, 8, 12, 7, 9],[[1, 1], [2, 1], [3, 2], [3, 3], [1, 3], [2, 2]],874,421,898,337
601807,5,102,14,[10, 4, 8, 12, 7, 9],[[1, 1], [2, 1], [3, 2], [3, 3], [1, 3], [2, 2]],869,462,889,336
601885,5,102,14,[10, 4, 8, 12, 7, 9],[[1, 1], [2, 1], [3, 2], [3, 3], [1, 3], [2, 2]],857,454,867,342
601945,5,102,14,[10, 4, 8, 12, 7, 9],[[1, 1], [2, 1], [3, 2], [3, 3], [1, 3], [2, 2]],820,444,861,357
602023,5,102,14,[10, 4, 8, 12, 7, 9],[[1, 1], [2, 1], [3, 2], [3, 3], [1, 3], [2, 2]],834,448,860,380
602063,5,102,14,[10, 4, 8, 12, 7, 9],[[1, 1], [2, 1], [3, 2], [3, 3], [1, 3], [2, 2]],819,442,860,385
602123,5,102,14,[10, 4, 8, 12, 7, 9],[[1, 1], [2, 1], [3, 2], [3, 3], [1, 3], [2, 2]],829,430,864,402
602171,5,102,14,[10, 4, 8, 12, 7, 9],[[1, 1], [2, 1], [3, 2], [3, 3], [1, 3], [2, 2]],809,424,872,428
602241,5,102,14,[10, 4, 8, 12, 7, 9],[[1, 1], [2, 1], [3, 2], [3, 3], [1, 3], [2, 2]],769,440,872,439
602281,5,102,14,[10, 4, 8, 12, 7, 9],[[1, 1], [2, 1], [3, 2], [3, 3], [1, 3], [2, 2]],785,452,867,445
602325,5,102,14,[10, 4, 8, 12, 7, 9],[[1, 1], [2, 1], [3, 2], [3, 3], [1, 3], [2, 2]],788,448,853,450
602370,5,102,14,[10, 4, 8, 12, 7, 9],[[1, 1], [2, 1], [3, 2], [3, 3], [1, 3], [2, 2]],767,435,850,451
602437,5,102,14,[10, 4, 8, 12, 7, 9],[[1, 1], [2, 1], [3, 2], [3, 3], [1, 3], [2, 2]],757,442,850,451
602478,5,102,14,[10, 4, 8, 12, 7, 9],[[1, 1], [2, 1], [3, 2], [3, 3], [1, 3], [2, 2]],785,429,844,449
602536,5,102,14,[10, 4, 8, 12, 7, 9],[[1, 1], [2, 1], [3, 2], [3, 3], [1, 3], [2, 2]],791,413,830,440
602584,5,103,13,[6, 5, 8, 12, 7, 9],[[1, 1], [2, 1], [3, 2], [3, 3], [1, 3], [2, 2]],792,432,826,438
602624,5,103,13,[6, 5, 8, 12, 7, 9],[[1, 1], [2, 1], [3, 2], [3, 3], [1, 3], [2, 2]],780,441,826,438
602672,5,103,13,[6, 5, 8, 12, 7, 9],[[1, 1], [2, 1], [3, 2], [3, 3], [1, 3], [2, 2]],785,446,815,440
602713,5,103,13,[6, 5, 8, 12, 7, 9],[[1, 1], [2, 1], [3, 2], [3, 3], [1, 3], [2, 2]],783,470,799,444
602756,5,103,13,[6, 5, 8, 12, 7, 9],[[1, 1], [2, 1], [3, 2], [3, 3], [1, 3], [2, 2]],768,441,793,444
602815,5,103,13,[6, 5, 8, 12, 7, 9],[[1, 1], [2, 1], [3, 2], [3, 3], [1, 3], [2, 2]],761,456,792,445
602859,5,103,13,[6, 5, 8, 12, 7, 9],[[1, 1], [2, 1], [3, 2], [3, 3], [1, 3], [2, 2]],753,435,785,446
602895,5,103,13,[6, 5, 8, 12, 7, 9],[[1, 1], [2, 1], [3, 2], [3, 3], [1, 3], [2, 2]],725,436,784,447
602954,5,103,13,[6, 5, 8, 12, 7, 9],[[1, 1], [2, 1], [3, 2], [3, 3], [1, 3], [2, 2]],708,442,784,447
603007,5,103,13,[6, 5, 8, 12, 7, 9],[[1, 1], [2, 1], [3, 2], [3, 3], [1, 3], [2, 2]],707,431,784,447
603127,5,103,13,[6, 5, 8, 12, 7, 9],[[1, 1], [2, 1], [3, 2], [3, 3], [1, 3], [2, 2]],690,433,763,453
603167,5,103,13,[6, 5, 8, 12, 7, 9],[[1, 1], [2, 1], [3, 2], [3, 3], [1, 3], [2, 2]],686,441,746,454
603242,5,103,13,[6, 5, 8, 12, 7, 9],[[1, 1], [2, 1], [3, 2], [3, 3], [1, 3], [2, 2]],703,396,722,456
603345,5,103,13,[6, 5, 8, 12, 7, 9],[[1, 1], [2, 1], [3, 2], [3, 3], [1, 3], [2, 2]],707,396,697,457
603411,5,103,13,[6, 5, 8, 12, 7, 9],[[1, 1], [2, 1], [3, 2], [3, 3], [1, 3], [2, 2]],708,391,686,456
603462,5,103,13,[6, 5, 8, 12, 7, 9],[[1, 1], [2, 1], [3, 2], [3, 3], [1, 3], [2, 2]],713,374,673,450
603511,5,103,13,[6, 5, 8, 12, 7, 9],[[1, 1], [2, 1], [3, 2], [3, 3], [1, 3], [2, 2]],701,370,664,449
603571,5,103,13,[6, 5, 8, 12, 7, 9],[[1, 1], [2, 1], [3, 2], [3, 3], [1, 3], [2, 2]],726,374,656,447
603623,5,103,13,[6, 5, 8, 12, 7, 9],[[1, 1], [2, 1], [3, 2], [3, 3], [1, 3], [2, 2]],731,383,656,447
603686,5,103,13,[6, 5, 8, 12, 7, 9],[[1, 1], [2, 1], [3, 2], [3, 3], [1, 3], [2, 2]],736,391,656,442
603762,5,103,13,[6, 5, 8, 12, 7, 9],[[1, 1], [2, 1], [3, 2], [3, 3], [1, 3], [2, 2]],751,395,686,424
603822,5,103,13,[6, 5, 8, 12, 7, 9],[[1, 1], [2, 1], [3, 2], [3, 3], [1, 3], [2, 2]],761,398,707,409
603903,5,103,13,[6, 5, 8, 12, 7, 9],[[1, 1], [2, 1], [3, 2], [3, 3], [1, 3], [2, 2]],744,408,719,403
603946,5,103,13,[6, 5, 8, 12, 7, 9],[[1, 1], [2, 1], [3, 2], [3, 3], [1, 3], [2, 2]],744,407,720,403
604003,5,103,13,[6, 5, 8, 12, 7, 9],[[1, 1], [2, 1], [3, 2], [3, 3], [1, 3], [2, 2]],737,393,720,403
604079,5,103,13,[6, 5, 8, 12, 7, 9],[[1, 1], [2, 1], [3, 2], [3, 3], [1, 3], [2, 2]],724,406,737,406
604142,5,103,13,[6, 5, 8, 12, 7, 9],[[1, 1], [2, 1], [3, 2], [3, 3], [1, 3], [2, 2]],739,399,752,411
604239,5,103,13,[6, 5, 8, 12, 7, 9],[[1, 1], [2, 1], [3, 2], [3, 3], [1, 3], [2, 2]],737,403,754,411
604286,5,103,13,[6, 5, 8, 12, 7, 9],[[1, 1], [2, 1], [3, 2], [3, 3], [1, 3], [2, 2]],745,409,757,417
604338,5,103,13,[6, 5, 8, 12, 7, 9],[[1, 1], [2, 1], [3, 2], [3, 3], [1, 3], [2, 2]],770,409,760,418
604396,5,103,13,[6, 5, 8, 12, 7, 9],[[1, 1], [2, 1], [3, 2], [3, 3], [1, 3], [2, 2]],769,397,760,418
604485,5,103,13,[6, 5, 8, 12, 7, 9],[[1, 1], [2, 1], [3, 2], [3, 3], [1, 3], [2, 2]],755,409,753,422
604568,5,103,13,[6, 5, 8, 12, 7, 9],[[1, 1], [2, 1], [3, 2], [3, 3], [1, 3], [2, 2]],791,385,749,423
604622,5,103,13,[6, 5, 8, 12, 7, 9],[[1, 1], [2, 1], [3, 2], [3, 3], [1, 3], [2, 2]],804,391,749,423
604681,5,103,13,[6, 5, 8, 12, 7, 9],[[1, 1], [2, 1], [3, 2], [3, 3], [1, 3], [2, 2]],841,410,749,423
604739,5,103,13,[6, 5, 8, 12, 7, 9],[[1, 1], [2, 1], [3, 2], [3, 3], [1, 3], [2, 2]],833,425,751,423
604798,5,103,13,[6, 5, 8, 12, 7, 9],[[1, 1], [2, 1], [3, 2], [3, 3], [1, 3], [2, 2]],822,421,761,420
604861,5,103,13,[6, 5, 8, 12, 7, 9],[[1, 1], [2, 1], [3, 2], [3, 3], [1, 3], [2, 2]],808,438,776,415
604925,5,103,13,[6, 5, 8, 12, 7, 9],[[1, 1], [2, 1], [3, 2], [3, 3], [1, 3], [2, 2]],839,428,798,410
604967,5,103,13,[6, 5, 8, 12, 7, 9],[[1, 1], [2, 1], [3, 2], [3, 3], [1, 3], [2, 2]],851,426,798,410
605030,5,103,13,[6, 5, 8, 12, 7, 9],[[1, 1], [2, 1], [3, 2], [3, 3], [1, 3], [2, 2]],829,394,806,413
605085,5,103,13,[6, 5, 8, 12, 7, 9],[[1, 1], [2, 1], [3, 2], [3, 3], [1, 3], [2, 2]],823,389,814,418
605152,5,103,13,[6, 5, 8, 12, 7, 9],[[1, 1], [2, 1], [3, 2], [3, 3], [1, 3], [2, 2]],843,395,837,442
605213,5,103,13,[6, 5, 8, 12, 7, 9],[[1, 1], [2, 1], [3, 2], [3, 3], [1, 3], [2, 2]],826,428,846,452
605267,5,103,13,[6, 5, 8, 12, 7, 9],[[1, 1], [2, 1], [3, 2], [3, 3], [1, 3], [2, 2]],823,445,851,460
605355,5,103,13,[6, 5, 8, 12, 7, 9],[[1, 1], [2, 1], [3, 2], [3, 3], [1, 3], [2, 2]],829,433,851,463
605394,5,103,13,[6, 5, 8, 12, 7, 9],[[1, 1], [2, 1], [3, 2], [3, 3], [1, 3], [2, 2]],842,436,851,463
605469,5,103,13,[6, 5, 8, 12, 7, 9],[[1, 1], [2, 1], [3, 2], [3, 3], [1, 3], [2, 2]],851,455,848,463
605523,5,103,13,[6, 5, 8, 12, 7, 9],[[1, 1], [2, 1], [3, 2], [3, 3], [1, 3], [2, 2]],847,457,841,462
605575,5,103,13,[6, 5, 8, 12, 7, 9],[[1, 1], [2, 1], [3, 2], [3, 3], [1, 3], [2, 2]],885,466,829,456
605656,5,103,13,[6, 5, 8, 12, 7, 9],[[1, 1], [2, 1], [3, 2], [3, 3], [1, 3], [2, 2]],870,434,829,456
605703,5,103,13,[6, 5, 8, 12, 7, 9],[[1, 1], [2, 1], [3, 2], [3, 3], [1, 3], [2, 2]],868,424,829,456
605744,5,103,13,[6, 5, 8, 12, 7, 9],[[1, 1], [2, 1], [3, 2], [3, 3], [1, 3], [2, 2]],852,410,839,460
605812,5,103,13,[6, 5, 8, 12, 7, 9],[[1, 1], [2, 1], [3, 2], [3, 3], [1, 3], [2, 2]],848,392,856,468
605868,5,103,13,[6, 5, 8, 12, 7, 9],[[1, 1], [2, 1], [3, 2], [3, 3], [1, 3], [2, 2]],840,403,874,479
605929,5,103,13,[6, 5, 8, 12, 7, 9],[[1, 1], [2, 1], [3, 2], [3, 3], [1, 3], [2, 2]],852,440,879,482
605975,5,103,13,[6, 5, 8, 12, 7, 9],[[1, 1], [2, 1], [3, 2], [3, 3], [1, 3], [2, 2]],835,446,883,484
606086,5,103,13,[6, 5, 8, 12, 7, 9],[[1, 1], [2, 1], [3, 2], [3, 3], [1, 3], [2, 2]],821,453,893,487
606133,5,103,13,[6, 5, 8, 12, 7, 9],[[1, 1], [2, 1], [3, 2], [3, 3], [1, 3], [2, 2]],834,463,897,489
606199,5,103,13,[6, 5, 8, 12, 7, 9],[[1, 1], [2, 1], [3, 2], [3, 3], [1, 3], [2, 2]],842,460,894,488
606269,5,103,13,[6, 5, 8, 12, 7, 9],[[1, 1], [2, 1], [3, 2], [3, 3], [1, 3], [2, 2]],833,442,891,480
606318,5,103,13,[6, 5, 8, 12, 7, 9],[[1, 1], [2, 1], [3, 2], [3, 3], [1, 3], [2, 2]],858,435,891,480
606358,5,103,13,[6, 5, 8, 12, 7, 9],[[1, 1], [2, 1], [3, 2], [3, 3], [1, 3], [2, 2]],832,402,890,480
606401,5,103,13,[6, 5, 8, 12, 7, 9],[[1, 1], [2, 1], [3, 2], [3, 3], [1, 3], [2, 2]],834,407,890,480
606460,5,103,13,[6, 5, 8, 12, 7, 9],[[1, 1], [2, 1], [3, 2], [3, 3], [1, 3], [2, 2]],829,424,864,481
606524,5,103,13,[6, 5, 8, 12, 7, 9],[[1, 1], [2, 1], [3, 2], [3, 3], [1, 3], [2, 2]],824,452,851,482
606578,5,103,13,[6, 5, 8, 12, 7, 9],[[1, 1], [2, 1], [3, 2], [3, 3], [1, 3], [2, 2]],824,453,851,482
606642,5,103,13,[6, 5, 8, 12, 7, 9],[[1, 1], [2, 1], [3, 2], [3, 3], [1, 3], [2, 2]],838,456,842,471
606701,5,104,68,[10, 4, 3, 11, 7, 9],[[2, 1], [3, 1], [1, 1], [1, 2], [1, 3], [2, 2]],811,444,833,463
606766,5,104,68,[10, 4, 3, 11, 7, 9],[[2, 1], [3, 1], [1, 1], [1, 2], [1, 3], [2, 2]],785,451,824,451
606830,5,104,68,[10, 4, 3, 11, 7, 9],[[2, 1], [3, 1], [1, 1], [1, 2], [1, 3], [2, 2]],805,431,822,448
606870,5,104,68,[10, 4, 3, 11, 7, 9],[[2, 1], [3, 1], [1, 1], [1, 2], [1, 3], [2, 2]],800,443,822,448
606955,5,104,68,[10, 4, 3, 11, 7, 9],[[2, 1], [3, 1], [1, 1], [1, 2], [1, 3], [2, 2]],833,452,821,442
607019,5,104,68,[10, 4, 3, 11, 7, 9],[[2, 1], [3, 1], [1, 1], [1, 2], [1, 3], [2, 2]],820,435,820,442
607069,5,104,68,[10, 4, 3, 11, 7, 9],[[2, 1], [3, 1], [1, 1], [1, 2], [1, 3], [2, 2]],807,452,820,437
607120,5,104,68,[10, 4, 3, 11, 7, 9],[[2, 1], [3, 1], [1, 1], [1, 2], [1, 3], [2, 2]],806,445,820,437
607189,5,104,68,[10, 4, 3, 11, 7, 9],[[2, 1], [3, 1], [1, 1], [1, 2], [1, 3], [2, 2]],772,463,820,434
607271,5,104,68,[10, 4, 3, 11, 7, 9],[[2, 1], [3, 1], [1, 1], [1, 2], [1, 3], [2, 2]],782,464,820,434
607315,5,104,68,[10, 4, 3, 11, 7, 9],[[2, 1], [3, 1], [1, 1], [1, 2], [1, 3], [2, 2]],776,480,817,440
607361,5,104,68,[10, 4, 3, 11, 7, 9],[[2, 1], [3, 1], [1, 1], [1, 2], [1, 3], [2, 2]],773,485,813,445
607462,5,104,68,[10, 4, 3, 11, 7, 9],[[2, 1], [3, 1], [1, 1], [1, 2], [1, 3], [2, 2]],740,483,810,450
607506,5,104,68,[10, 4, 3, 11, 7, 9],[[2, 1], [3, 1], [1, 1], [1, 2], [1, 3], [2, 2]],724,481,809,453
607564,5,104,68,[10, 4, 3, 11, 7, 9],[[2, 1], [3, 1], [1, 1], [1, 2], [1, 3], [2, 2]],713,478,797,463
607640,5,104,68,[10, 4, 3, 11, 7, 9],[[2, 1], [3, 1], [1, 1], [1, 2], [1, 3], [2, 2]],714,470,787,472
607696,5,104,68,[10, 4, 3, 11, 7, 9],[[2, 1], [3, 1], [1, 1], [1, 2], [1, 3], [2, 2]],732,464,778,479
607738,5,104,68,[10, 4, 3, 11, 7, 9],[[2, 1], [3, 1], [1, 1], [1, 2], [1, 3], [2, 2]],752,489,774,482
607807,5,104,68,[10, 4, 3, 11, 7, 9],[[2, 1], [3, 1], [1, 1], [1, 2], [1, 3], [2, 2]],738,485,763,490
607866,5,104,68,[10, 4, 3, 11, 7, 9],[[2, 1], [3, 1], [1, 1], [1, 2], [1, 3], [2, 2]],729,495,758,493
607940,5,104,68,[10, 4, 3, 11, 7, 9],[[2, 1], [3, 1], [1, 1], [1, 2], [1, 3], [2, 2]],746,492,731,496
608005,5,104,68,[10, 4, 3, 11, 7, 9],[[2, 1], [3, 1], [1, 1], [1, 2], [1, 3], [2, 2]],728,481,717,496
608058,5,104,68,[10, 4, 3, 11, 7, 9],[[2, 1], [3, 1], [1, 1], [1, 2], [1, 3], [2, 2]],726,489,714,494
608129,5,104,68,[10, 4, 3, 11, 7, 9],[[2, 1], [3, 1], [1, 1], [1, 2], [1, 3], [2, 2]],718,482,713,492
608199,5,104,68,[10, 4, 3, 11, 7, 9],[[2, 1], [3, 1], [1, 1], [1, 2], [1, 3], [2, 2]],714,491,713,489
608249,5,104,68,[10, 4, 3, 11, 7, 9],[[2, 1], [3, 1], [1, 1], [1, 2], [1, 3], [2, 2]],663,491,712,488
608305,5,104,68,[10, 4, 3, 11, 7, 9],[[2, 1], [3, 1], [1, 1], [1, 2], [1, 3], [2, 2]],684,476,712,488
608367,5,104,68,[10, 4, 3, 11, 7, 9],[[2, 1], [3, 1], [1, 1], [1, 2], [1, 3], [2, 2]],688,527,712,488
608426,5,104,68,[10, 4, 3, 11, 7, 9],[[2, 1], [3, 1], [1, 1], [1, 2], [1, 3], [2, 2]],726,528,712,488
608474,5,104,68,[10, 4, 3, 11, 7, 9],[[2, 1], [3, 1], [1, 1], [1, 2], [1, 3], [2, 2]],732,521,712,488
608514,5,104,68,[10, 4, 3, 11, 7, 9],[[2, 1], [3, 1], [1, 1], [1, 2], [1, 3], [2, 2]],722,527,712,488
608594,5,104,68,[10, 4, 3, 11, 7, 9],[[2, 1], [3, 1], [1, 1], [1, 2], [1, 3], [2, 2]],755,539,724,495
608628,5,104,68,[10, 4, 3, 11, 7, 9],[[2, 1], [3, 1], [1, 1], [1, 2], [1, 3], [2, 2]],753,536,726,497
608704,5,104,68,[10, 4, 3, 11, 7, 9],[[2, 1], [3, 1], [1, 1], [1, 2], [1, 3], [2, 2]],732,558,728,497
608763,5,104,68,[10, 4, 3, 11, 7, 9],[[2, 1], [3, 1], [1, 1], [1, 2], [1, 3], [2, 2]],709,583,733,502
608812,5,104,68,[10, 4, 3, 11, 7, 9],[[2, 1], [3, 1], [1, 1], [1, 2], [1, 3], [2, 2]],724,601,739,510
608858,5,104,68,[10, 4, 3, 11, 7, 9],[[2, 1], [3, 1], [1, 1], [1, 2], [1, 3], [2, 2]],708,590,747,519
608912,5,104,68,[10, 4, 3, 11, 7, 9],[[2, 1], [3, 1], [1, 1], [1, 2], [1, 3], [2, 2]],711,577,754,528
608975,5,104,68,[10, 4, 3, 11, 7, 9],[[2, 1], [3, 1], [1, 1], [1, 2], [1, 3], [2, 2]],702,606,764,545
609029,5,104,68,[10, 4, 3, 11, 7, 9],[[2, 1], [3, 1], [1, 1], [1, 2], [1, 3], [2, 2]],699,604,769,552
609087,5,104,68,[10, 4, 3, 11, 7, 9],[[2, 1], [3, 1], [1, 1], [1, 2], [1, 3], [2, 2]],697,631,770,558
609149,5,104,68,[10, 4, 3, 11, 7, 9],[[2, 1], [3, 1], [1, 1], [1, 2], [1, 3], [2, 2]],692,634,771,558
609234,5,104,68,[10, 4, 3, 11, 7, 9],[[2, 1], [3, 1], [1, 1], [1, 2], [1, 3], [2, 2]],701,639,771,561
609310,5,104,68,[10, 4, 3, 11, 7, 9],[[2, 1], [3, 1], [1, 1], [1, 2], [1, 3], [2, 2]],696,622,768,567
609349,5,104,68,[10, 4, 3, 11, 7, 9],[[2, 1], [3, 1], [1, 1], [1, 2], [1, 3], [2, 2]],716,620,762,568
609405,5,104,68,[10, 4, 3, 11, 7, 9],[[2, 1], [3, 1], [1, 1], [1, 2], [1, 3], [2, 2]],697,593,751,573
609472,5,104,68,[10, 4, 3, 11, 7, 9],[[2, 1], [3, 1], [1, 1], [1, 2], [1, 3], [2, 2]],690,593,742,579
609550,5,104,68,[10, 4, 3, 11, 7, 9],[[2, 1], [3, 1], [1, 1], [1, 2], [1, 3], [2, 2]],711,601,717,606
609591,5,104,68,[10, 4, 3, 11, 7, 9],[[2, 1], [3, 1], [1, 1], [1, 2], [1, 3], [2, 2]],730,611,713,623
609673,5,104,68,[10, 4, 3, 11, 7, 9],[[2, 1], [3, 1], [1, 1], [1, 2], [1, 3], [2, 2]],755,622,708,635
609723,5,104,68,[10, 4, 3, 11, 7, 9],[[2, 1], [3, 1], [1, 1], [1, 2], [1, 3], [2, 2]],747,610,708,638
609794,5,104,68,[10, 4, 3, 11, 7, 9],[[2, 1], [3, 1], [1, 1], [1, 2], [1, 3], [2, 2]],775,609,708,638
609855,5,104,68,[10, 4, 3, 11, 7, 9],[[2, 1], [3, 1], [1, 1], [1, 2], [1, 3], [2, 2]],783,589,708,648
609945,5,104,68,[10, 4, 3, 11, 7, 9],[[2, 1], [3, 1], [1, 1], [1, 2], [1, 3], [2, 2]],795,602,711,657
609983,5,104,68,[10, 4, 3, 11, 7, 9],[[2, 1], [3, 1], [1, 1], [1, 2], [1, 3], [2, 2]],800,608,718,663
610046,5,104,68,[10, 4, 3, 11, 7, 9],[[2, 1], [3, 1], [1, 1], [1, 2], [1, 3], [2, 2]],805,635,726,668
610108,5,104,68,[10, 4, 3, 11, 7, 9],[[2, 1], [3, 1], [1, 1], [1, 2], [1, 3], [2, 2]],790,663,739,674
610171,5,104,68,[10, 4, 3, 11, 7, 9],[[2, 1], [3, 1], [1, 1], [1, 2], [1, 3], [2, 2]],788,649,747,675
610254,5,104,68,[10, 4, 3, 11, 7, 9],[[2, 1], [3, 1], [1, 1], [1, 2], [1, 3], [2, 2]],759,648,755,676
610317,5,104,68,[10, 4, 3, 11, 7, 9],[[2, 1], [3, 1], [1, 1], [1, 2], [1, 3], [2, 2]],763,656,774,676
610379,5,104,68,[10, 4, 3, 11, 7, 9],[[2, 1], [3, 1], [1, 1], [1, 2], [1, 3], [2, 2]],733,637,780,676
610432,5,104,68,[10, 4, 3, 11, 7, 9],[[2, 1], [3, 1], [1, 1], [1, 2], [1, 3], [2, 2]],742,637,781,676
610486,5,104,68,[10, 4, 3, 11, 7, 9],[[2, 1], [3, 1], [1, 1], [1, 2], [1, 3], [2, 2]],743,631,785,679
610534,5,104,68,[10, 4, 3, 11, 7, 9],[[2, 1], [3, 1], [1, 1], [1, 2], [1, 3], [2, 2]],762,654,786,679
610587,5,104,68,[10, 4, 3, 11, 7, 9],[[2, 1], [3, 1], [1, 1], [1, 2], [1, 3], [2, 2]],795,647,786,679
610645,5,104,68,[10, 4, 3, 11, 7, 9],[[2, 1], [3, 1], [1, 1], [1, 2], [1, 3], [2, 2]],786,677,786,679
610694,5,104,68,[10, 4, 3, 11, 7, 9],[[2, 1], [3, 1], [1, 1], [1, 2], [1, 3], [2, 2]],789,677,786,679
610762,5,105,78,[10, 4, 8, 12, 2, 1],[[1, 3], [2, 3], [1, 1], [1, 2], [2, 1], [3, 2]],760,677,786,674
610821,5,105,78,[10, 4, 8, 12, 2, 1],[[1, 3], [2, 3], [1, 1], [1, 2], [2, 1], [3, 2]],725,667,786,667
610878,5,105,78,[10, 4, 8, 12, 2, 1],[[1, 3], [2, 3], [1, 1], [1, 2], [2, 1], [3, 2]],734,660,785,662
610913,5,105,78,[10, 4, 8, 12, 2, 1],[[1, 3], [2, 3], [1, 1], [1, 2], [2, 1], [3, 2]],732,640,784,662
610976,5,105,78,[10, 4, 8, 12, 2, 1],[[1, 3], [2, 3], [1, 1], [1, 2], [2, 1], [3, 2]],750,639,781,658
611034,5,105,78,[10, 4, 8, 12, 2, 1],[[1, 3], [2, 3], [1, 1], [1, 2], [2, 1], [3, 2]],729,631,781,658
611085,5,105,78,[10, 4, 8, 12, 2, 1],[[1, 3], [2, 3], [1, 1], [1, 2], [2, 1], [3, 2]],712,609,781,658
611133,5,105,78,[10, 4, 8, 12, 2, 1],[[1, 3], [2, 3], [1, 1], [1, 2], [2, 1], [3, 2]],709,609,781,658
611191,5,105,78,[10, 4, 8, 12, 2, 1],[[1, 3], [2, 3], [1, 1], [1, 2], [2, 1], [3, 2]],731,619,764,658
611240,5,105,78,[10, 4, 8, 12, 2, 1],[[1, 3], [2, 3], [1, 1], [1, 2], [2, 1], [3, 2]],725,613,757,658
611303,5,105,78,[10, 4, 8, 12, 2, 1],[[1, 3], [2, 3], [1, 1], [1, 2], [2, 1], [3, 2]],699,604,751,658
611366,5,105,78,[10, 4, 8, 12, 2, 1],[[1, 3], [2, 3], [1, 1], [1, 2], [2, 1], [3, 2]],713,604,746,659
611424,5,105,78,[10, 4, 8, 12, 2, 1],[[1, 3], [2, 3], [1, 1], [1, 2], [2, 1], [3, 2]],703,615,745,660
611478,5,105,78,[10, 4, 8, 12, 2, 1],[[1, 3], [2, 3], [1, 1], [1, 2], [2, 1], [3, 2]],704,622,741,659
611540,5,105,78,[10, 4, 8, 12, 2, 1],[[1, 3], [2, 3], [1, 1], [1, 2], [2, 1], [3, 2]],684,610,724,633
611611,5,105,78,[10, 4, 8, 12, 2, 1],[[1, 3], [2, 3], [1, 1], [1, 2], [2, 1], [3, 2]],660,603,712,610
611667,5,105,78,[10, 4, 8, 12, 2, 1],[[1, 3], [2, 3], [1, 1], [1, 2], [2, 1], [3, 2]],656,566,707,595
611743,5,105,78,[10, 4, 8, 12, 2, 1],[[1, 3], [2, 3], [1, 1], [1, 2], [2, 1], [3, 2]],619,540,707,592
611784,5,105,78,[10, 4, 8, 12, 2, 1],[[1, 3], [2, 3], [1, 1], [1, 2], [2, 1], [3, 2]],632,522,706,587
611852,5,105,78,[10, 4, 8, 12, 2, 1],[[1, 3], [2, 3], [1, 1], [1, 2], [2, 1], [3, 2]],620,530,706,587
611919,5,105,78,[10, 4, 8, 12, 2, 1],[[1, 3], [2, 3], [1, 1], [1, 2], [2, 1], [3, 2]],626,545,706,587
611974,5,105,78,[10, 4, 8, 12, 2, 1],[[1, 3], [2, 3], [1, 1], [1, 2], [2, 1], [3, 2]],616,556,706,587
612067,5,105,78,[10, 4, 8, 12, 2, 1],[[1, 3], [2, 3], [1, 1], [1, 2], [2, 1], [3, 2]],628,602,694,593
612115,5,105,78,[10, 4, 8, 12, 2, 1],[[1, 3], [2, 3], [1, 1], [1, 2], [2, 1], [3, 2]],649,634,690,601
612175,5,105,78,[10, 4, 8, 12, 2, 1],[[1, 3], [2, 3], [1, 1], [1, 2], [2, 1], [3, 2]],655,658,690,603
612259,5,105,78,[10, 4, 8, 12, 2, 1],[[1, 3], [2, 3], [1, 1], [1, 2], [2, 1], [3, 2]],666,656,690,604
612318,5,105,78,[10, 4, 8, 12, 2, 1],[[1, 3], [2, 3], [1, 1], [1, 2], [2, 1], [3, 2]],666,669,683,597
612366,5,105,78,[10, 4, 8, 12, 2, 1],[[1, 3], [2, 3], [1, 1], [1, 2], [2, 1], [3, 2]],638,641,673,587
612406,5,105,78,[10, 4, 8, 12, 2, 1],[[1, 3], [2, 3], [1, 1], [1, 2], [2, 1], [3, 2]],622,638,664,585
612449,5,105,78,[10, 4, 8, 12, 2, 1],[[1, 3], [2, 3], [1, 1], [1, 2], [2, 1], [3, 2]],608,639,660,585
612507,5,105,78,[10, 4, 8, 12, 2, 1],[[1, 3], [2, 3], [1, 1], [1, 2], [2, 1], [3, 2]],628,637,644,591
612550,5,105,78,[10, 4, 8, 12, 2, 1],[[1, 3], [2, 3], [1, 1], [1, 2], [2, 1], [3, 2]],652,658,640,598
612618,5,105,78,[10, 4, 8, 12, 2, 1],[[1, 3], [2, 3], [1, 1], [1, 2], [2, 1], [3, 2]],639,644,636,606
612666,5,105,78,[10, 4, 8, 12, 2, 1],[[1, 3], [2, 3], [1, 1], [1, 2], [2, 1], [3, 2]],633,652,636,608
612713,5,105,78,[10, 4, 8, 12, 2, 1],[[1, 3], [2, 3], [1, 1], [1, 2], [2, 1], [3, 2]],631,639,636,616
612759,5,105,78,[10, 4, 8, 12, 2, 1],[[1, 3], [2, 3], [1, 1], [1, 2], [2, 1], [3, 2]],625,646,636,623
612842,5,105,78,[10, 4, 8, 12, 2, 1],[[1, 3], [2, 3], [1, 1], [1, 2], [2, 1], [3, 2]],602,657,636,625
612894,5,105,78,[10, 4, 8, 12, 2, 1],[[1, 3], [2, 3], [1, 1], [1, 2], [2, 1], [3, 2]],583,633,638,625
612946,5,105,78,[10, 4, 8, 12, 2, 1],[[1, 3], [2, 3], [1, 1], [1, 2], [2, 1], [3, 2]],595,616,682,627
613013,5,105,78,[10, 4, 8, 12, 2, 1],[[1, 3], [2, 3], [1, 1], [1, 2], [2, 1], [3, 2]],605,625,694,627
613068,5,105,78,[10, 4, 8, 12, 2, 1],[[1, 3], [2, 3], [1, 1], [1, 2], [2, 1], [3, 2]],594,621,705,618
613127,5,105,78,[10, 4, 8, 12, 2, 1],[[1, 3], [2, 3], [1, 1], [1, 2], [2, 1], [3, 2]],588,623,710,604
613183,5,105,78,[10, 4, 8, 12, 2, 1],[[1, 3], [2, 3], [1, 1], [1, 2], [2, 1], [3, 2]],603,612,712,592
613254,5,105,78,[10, 4, 8, 12, 2, 1],[[1, 3], [2, 3], [1, 1], [1, 2], [2, 1], [3, 2]],599,623,712,590
613293,5,105,78,[10, 4, 8, 12, 2, 1],[[1, 3], [2, 3], [1, 1], [1, 2], [2, 1], [3, 2]],606,649,712,590
613385,5,105,78,[10, 4, 8, 12, 2, 1],[[1, 3], [2, 3], [1, 1], [1, 2], [2, 1], [3, 2]],610,683,699,584
613443,5,105,78,[10, 4, 8, 12, 2, 1],[[1, 3], [2, 3], [1, 1], [1, 2], [2, 1], [3, 2]],597,670,668,578
613498,5,105,78,[10, 4, 8, 12, 2, 1],[[1, 3], [2, 3], [1, 1], [1, 2], [2, 1], [3, 2]],584,700,661,578
613606,5,105,78,[10, 4, 8, 12, 2, 1],[[1, 3], [2, 3], [1, 1], [1, 2], [2, 1], [3, 2]],605,707,643,586
613643,5,105,78,[10, 4, 8, 12, 2, 1],[[1, 3], [2, 3], [1, 1], [1, 2], [2, 1], [3, 2]],591,700,633,595
613694,5,105,78,[10, 4, 8, 12, 2, 1],[[1, 3], [2, 3], [1, 1], [1, 2], [2, 1], [3, 2]],610,692,629,602
613767,5,105,78,[10, 4, 8, 12, 2, 1],[[1, 3], [2, 3], [1, 1], [1, 2], [2, 1], [3, 2]],606,698,628,609
613820,5,105,78,[10, 4, 8, 12, 2, 1],[[1, 3], [2, 3], [1, 1], [1, 2], [2, 1], [3, 2]],590,697,628,615
613860,5,105,78,[10, 4, 8, 12, 2, 1],[[1, 3], [2, 3], [1, 1], [1, 2], [2, 1], [3, 2]],583,674,628,624
613922,5,105,78,[10, 4, 8, 12, 2, 1],[[1, 3], [2, 3], [1, 1], [1, 2], [2, 1], [3, 2]],609,685,633,637
613988,5,105,78,[10, 4, 8, 12, 2, 1],[[1, 3], [2, 3], [1, 1], [1, 2], [2, 1], [3, 2]],616,690,641,643
614044,5,105,78,[10, 4, 8, 12, 2, 1],[[1, 3], [2, 3], [1, 1], [1, 2], [2, 1], [3, 2]],619,697,676,654
614081,5,105,78,[10, 4, 8, 12, 2, 1],[[1, 3], [2, 3], [1, 1], [1, 2], [2, 1], [3, 2]],637,672,690,657
614155,5,105,78,[10, 4, 8, 12, 2, 1],[[1, 3], [2, 3], [1, 1], [1, 2], [2, 1], [3, 2]],651,662,698,657
614222,5,105,78,[10, 4, 8, 12, 2, 1],[[1, 3], [2, 3], [1, 1], [1, 2], [2, 1], [3, 2]],623,637,712,657
614277,5,105,78,[10, 4, 8, 12, 2, 1],[[1, 3], [2, 3], [1, 1], [1, 2], [2, 1], [3, 2]],614,656,728,656
614335,5,105,78,[10, 4, 8, 12, 2, 1],[[1, 3], [2, 3], [1, 1], [1, 2], [2, 1], [3, 2]],642,659,732,652
614396,5,105,78,[10, 4, 8, 12, 2, 1],[[1, 3], [2, 3], [1, 1], [1, 2], [2, 1], [3, 2]],637,657,733,645
614447,5,105,78,[10, 4, 8, 12, 2, 1],[[1, 3], [2, 3], [1, 1], [1, 2], [2, 1], [3, 2]],631,676,733,643
614505,5,105,78,[10, 4, 8, 12, 2, 1],[[1, 3], [2, 3], [1, 1], [1, 2], [2, 1], [3, 2]],656,695,730,636
614558,5,105,78,[10, 4, 8, 12, 2, 1],[[1, 3], [2, 3], [1, 1], [1, 2], [2, 1], [3, 2]],646,699,723,635
614620,5,105,78,[10, 4, 8, 12, 2, 1],[[1, 3], [2, 3], [1, 1], [1, 2], [2, 1], [3, 2]],628,686,704,635
614684,5,105,78,[10, 4, 8, 12, 2, 1],[[1, 3], [2, 3], [1, 1], [1, 2], [2, 1], [3, 2]],623,668,689,639
614737,5,105,78,[10, 4, 8, 12, 2, 1],[[1, 3], [2, 3], [1, 1], [1, 2], [2, 1], [3, 2]],624,675,671,646
614790,5,106,135,[6, 5, 3, 11, 7, 9],[[2, 3], [3, 3], [3, 1], [3, 2], [1, 2], [2, 1]],631,659,652,660
614873,5,106,135,[6, 5, 3, 11, 7, 9],[[2, 3], [3, 3], [3, 1], [3, 2], [1, 2], [2, 1]],618,662,632,679
614931,5,106,135,[6, 5, 3, 11, 7, 9],[[2, 3], [3, 3], [3, 1], [3, 2], [1, 2], [2, 1]],632,669,624,689
614984,5,106,135,[6, 5, 3, 11, 7, 9],[[2, 3], [3, 3], [3, 1], [3, 2], [1, 2], [2, 1]],644,696,623,694
615032,5,106,135,[6, 5, 3, 11, 7, 9],[[2, 3], [3, 3], [3, 1], [3, 2], [1, 2], [2, 1]],670,659,617,696
615091,5,106,135,[6, 5, 3, 11, 7, 9],[[2, 3], [3, 3], [3, 1], [3, 2], [1, 2], [2, 1]],682,667,613,702
615167,5,106,135,[6, 5, 3, 11, 7, 9],[[2, 3], [3, 3], [3, 1], [3, 2], [1, 2], [2, 1]],681,682,611,702
615249,5,106,135,[6, 5, 3, 11, 7, 9],[[2, 3], [3, 3], [3, 1], [3, 2], [1, 2], [2, 1]],671,677,611,702
615317,5,106,135,[6, 5, 3, 11, 7, 9],[[2, 3], [3, 3], [3, 1], [3, 2], [1, 2], [2, 1]],683,686,610,702
615368,5,106,135,[6, 5, 3, 11, 7, 9],[[2, 3], [3, 3], [3, 1], [3, 2], [1, 2], [2, 1]],686,681,618,707
615411,5,106,135,[6, 5, 3, 11, 7, 9],[[2, 3], [3, 3], [3, 1], [3, 2], [1, 2], [2, 1]],696,689,620,708
615489,5,106,135,[6, 5, 3, 11, 7, 9],[[2, 3], [3, 3], [3, 1], [3, 2], [1, 2], [2, 1]],698,677,636,709
615541,5,106,135,[6, 5, 3, 11, 7, 9],[[2, 3], [3, 3], [3, 1], [3, 2], [1, 2], [2, 1]],702,700,675,712
615579,5,106,135,[6, 5, 3, 11, 7, 9],[[2, 3], [3, 3], [3, 1], [3, 2], [1, 2], [2, 1]],666,689,684,712
615636,5,106,135,[6, 5, 3, 11, 7, 9],[[2, 3], [3, 3], [3, 1], [3, 2], [1, 2], [2, 1]],676,681,685,712
615712,5,106,135,[6, 5, 3, 11, 7, 9],[[2, 3], [3, 3], [3, 1], [3, 2], [1, 2], [2, 1]],675,675,685,712
615756,5,106,135,[6, 5, 3, 11, 7, 9],[[2, 3], [3, 3], [3, 1], [3, 2], [1, 2], [2, 1]],690,675,699,704
615804,5,106,135,[6, 5, 3, 11, 7, 9],[[2, 3], [3, 3], [3, 1], [3, 2], [1, 2], [2, 1]],682,671,716,696
615850,5,106,135,[6, 5, 3, 11, 7, 9],[[2, 3], [3, 3], [3, 1], [3, 2], [1, 2], [2, 1]],656,677,725,691
615911,5,106,135,[6, 5, 3, 11, 7, 9],[[2, 3], [3, 3], [3, 1], [3, 2], [1, 2], [2, 1]],647,671,731,687
615961,5,106,135,[6, 5, 3, 11, 7, 9],[[2, 3], [3, 3], [3, 1], [3, 2], [1, 2], [2, 1]],644,658,737,681
616008,5,106,135,[6, 5, 3, 11, 7, 9],[[2, 3], [3, 3], [3, 1], [3, 2], [1, 2], [2, 1]],656,656,742,673
616056,5,106,135,[6, 5, 3, 11, 7, 9],[[2, 3], [3, 3], [3, 1], [3, 2], [1, 2], [2, 1]],640,644,743,665
616130,5,106,135,[6, 5, 3, 11, 7, 9],[[2, 3], [3, 3], [3, 1], [3, 2], [1, 2], [2, 1]],642,663,743,655
616190,5,106,135,[6, 5, 3, 11, 7, 9],[[2, 3], [3, 3], [3, 1], [3, 2], [1, 2], [2, 1]],690,661,743,651
616249,5,106,135,[6, 5, 3, 11, 7, 9],[[2, 3], [3, 3], [3, 1], [3, 2], [1, 2], [2, 1]],703,683,742,647
616305,5,106,135,[6, 5, 3, 11, 7, 9],[[2, 3], [3, 3], [3, 1], [3, 2], [1, 2], [2, 1]],709,656,739,646
616367,5,106,135,[6, 5, 3, 11, 7, 9],[[2, 3], [3, 3], [3, 1], [3, 2], [1, 2], [2, 1]],698,582,694,641
616403,5,106,135,[6, 5, 3, 11, 7, 9],[[2, 3], [3, 3], [3, 1], [3, 2], [1, 2], [2, 1]],692,583,671,645
616467,5,106,135,[6, 5, 3, 11, 7, 9],[[2, 3], [3, 3], [3, 1], [3, 2], [1, 2], [2, 1]],670,574,657,656
616518,5,106,135,[6, 5, 3, 11, 7, 9],[[2, 3], [3, 3], [3, 1], [3, 2], [1, 2], [2, 1]],672,559,650,666
616567,5,106,135,[6, 5, 3, 11, 7, 9],[[2, 3], [3, 3], [3, 1], [3, 2], [1, 2], [2, 1]],677,560,649,669
616639,5,106,135,[6, 5, 3, 11, 7, 9],[[2, 3], [3, 3], [3, 1], [3, 2], [1, 2], [2, 1]],685,558,649,672
616693,5,106,135,[6, 5, 3, 11, 7, 9],[[2, 3], [3, 3], [3, 1], [3, 2], [1, 2], [2, 1]],689,563,649,672
616733,5,106,135,[6, 5, 3, 11, 7, 9],[[2, 3], [3, 3], [3, 1], [3, 2], [1, 2], [2, 1]],673,580,653,675
616798,5,106,135,[6, 5, 3, 11, 7, 9],[[2, 3], [3, 3], [3, 1], [3, 2], [1, 2], [2, 1]],680,596,657,677
616871,5,106,135,[6, 5, 3, 11, 7, 9],[[2, 3], [3, 3], [3, 1], [3, 2], [1, 2], [2, 1]],672,599,657,678
616947,5,106,135,[6, 5, 3, 11, 7, 9],[[2, 3], [3, 3], [3, 1], [3, 2], [1, 2], [2, 1]],673,599,657,678
617024,5,106,135,[6, 5, 3, 11, 7, 9],[[2, 3], [3, 3], [3, 1], [3, 2], [1, 2], [2, 1]],681,608,689,686
617070,5,106,135,[6, 5, 3, 11, 7, 9],[[2, 3], [3, 3], [3, 1], [3, 2], [1, 2], [2, 1]],672,594,726,690
617141,5,106,135,[6, 5, 3, 11, 7, 9],[[2, 3], [3, 3], [3, 1], [3, 2], [1, 2], [2, 1]],635,613,758,688
617203,5,106,135,[6, 5, 3, 11, 7, 9],[[2, 3], [3, 3], [3, 1], [3, 2], [1, 2], [2, 1]],626,624,773,675
617261,5,106,135,[6, 5, 3, 11, 7, 9],[[2, 3], [3, 3], [3, 1], [3, 2], [1, 2], [2, 1]],644,636,782,657
617353,5,106,135,[6, 5, 3, 11, 7, 9],[[2, 3], [3, 3], [3, 1], [3, 2], [1, 2], [2, 1]],664,639,782,639
617392,5,106,135,[6, 5, 3, 11, 7, 9],[[2, 3], [3, 3], [3, 1], [3, 2], [1, 2], [2, 1]],659,635,782,638
617444,5,106,135,[6, 5, 3, 11, 7, 9],[[2, 3], [3, 3], [3, 1], [3, 2], [1, 2], [2, 1]],666,645,779,632
617497,5,106,135,[6, 5, 3, 11, 7, 9],[[2, 3], [3, 3], [3, 1], [3, 2], [1, 2], [2, 1]],653,624,772,627
617551,5,106,135,[6, 5, 3, 11, 7, 9],[[2, 3], [3, 3], [3, 1], [3, 2], [1, 2], [2, 1]],655,620,753,619
617614,5,106,135,[6, 5, 3, 11, 7, 9],[[2, 3], [3, 3], [3, 1], [3, 2], [1, 2], [2, 1]],662,599,734,617
617672,5,106,135,[6, 5, 3, 11, 7, 9],[[2, 3], [3, 3], [3, 1], [3, 2], [1, 2], [2, 1]],664,600,708,617
617732,5,106,135,[6, 5, 3, 11, 7, 9],[[2, 3], [3, 3], [3, 1], [3, 2], [1, 2], [2, 1]],682,612,684,620
617790,5,106,135,[6, 5, 3, 11, 7, 9],[[2, 3], [3, 3], [3, 1], [3, 2], [1, 2], [2, 1]],685,588,677,622
617846,5,106,135,[6, 5, 3, 11, 7, 9],[[2, 3], [3, 3], [3, 1], [3, 2], [1, 2], [2, 1]],722,574,668,624
617906,5,106,135,[6, 5, 3, 11, 7, 9],[[2, 3], [3, 3], [3, 1], [3, 2], [1, 2], [2, 1]],743,552,661,627
617962,5,106,135,[6, 5, 3, 11, 7, 9],[[2, 3], [3, 3], [3, 1], [3, 2], [1, 2], [2, 1]],753,548,653,632
618001,5,106,135,[6, 5, 3, 11, 7, 9],[[2, 3], [3, 3], [3, 1], [3, 2], [1, 2], [2, 1]],755,573,648,635
618054,5,106,135,[6, 5, 3, 11, 7, 9],[[2, 3], [3, 3], [3, 1], [3, 2], [1, 2], [2, 1]],754,556,645,642
618139,5,106,135,[6, 5, 3, 11, 7, 9],[[2, 3], [3, 3], [3, 1], [3, 2], [1, 2], [2, 1]],738,555,640,652
618201,5,106,135,[6, 5, 3, 11, 7, 9],[[2, 3], [3, 3], [3, 1], [3, 2], [1, 2], [2, 1]],726,522,640,659
618295,5,106,135,[6, 5, 3, 11, 7, 9],[[2, 3], [3, 3], [3, 1], [3, 2], [1, 2], [2, 1]],726,534,640,660
618353,5,106,135,[6, 5, 3, 11, 7, 9],[[2, 3], [3, 3], [3, 1], [3, 2], [1, 2], [2, 1]],696,541,640,660
618406,5,106,135,[6, 5, 3, 11, 7, 9],[[2, 3], [3, 3], [3, 1], [3, 2], [1, 2], [2, 1]],705,524,665,660
618460,5,106,135,[6, 5, 3, 11, 7, 9],[[2, 3], [3, 3], [3, 1], [3, 2], [1, 2], [2, 1]],716,506,708,644
618518,5,106,135,[6, 5, 3, 11, 7, 9],[[2, 3], [3, 3], [3, 1], [3, 2], [1, 2], [2, 1]],740,515,733,620
618601,5,106,135,[6, 5, 3, 11, 7, 9],[[2, 3], [3, 3], [3, 1], [3, 2], [1, 2], [2, 1]],744,542,756,590
618646,5,106,135,[6, 5, 3, 11, 7, 9],[[2, 3], [3, 3], [3, 1], [3, 2], [1, 2], [2, 1]],733,565,758,582
618687,5,106,135,[6, 5, 3, 11, 7, 9],[[2, 3], [3, 3], [3, 1], [3, 2], [1, 2], [2, 1]],744,547,761,571
618735,5,106,135,[6, 5, 3, 11, 7, 9],[[2, 3], [3, 3], [3, 1], [3, 2], [1, 2], [2, 1]],742,544,765,561
618775,5,106,135,[6, 5, 3, 11, 7, 9],[[2, 3], [3, 3], [3, 1], [3, 2], [1, 2], [2, 1]],745,518,772,542
618818,5,107,12,[10, 4, 3, 11, 2, 1],[[1, 1], [2, 1], [1, 2], [1, 3], [2, 2], [3, 3]],735,505,776,530
618878,5,107,12,[10, 4, 3, 11, 2, 1],[[1, 1], [2, 1], [1, 2], [1, 3], [2, 2], [3, 3]],725,514,776,530
618921,5,107,12,[10, 4, 3, 11, 2, 1],[[1, 1], [2, 1], [1, 2], [1, 3], [2, 2], [3, 3]],735,522,776,530
618990,5,107,12,[10, 4, 3, 11, 2, 1],[[1, 1], [2, 1], [1, 2], [1, 3], [2, 2], [3, 3]],740,523,776,530
619050,5,107,12,[10, 4, 3, 11, 2, 1],[[1, 1], [2, 1], [1, 2], [1, 3], [2, 2], [3, 3]],752,535,776,530
619114,5,107,12,[10, 4, 3, 11, 2, 1],[[1, 1], [2, 1], [1, 2], [1, 3], [2, 2], [3, 3]],716,533,776,530
619172,5,107,12,[10, 4, 3, 11, 2, 1],[[1, 1], [2, 1], [1, 2], [1, 3], [2, 2], [3, 3]],749,528,776,530
619255,5,107,12,[10, 4, 3, 11, 2, 1],[[1, 1], [2, 1], [1, 2], [1, 3], [2, 2], [3, 3]],748,556,776,538
619304,5,107,12,[10, 4, 3, 11, 2, 1],[[1, 1], [2, 1], [1, 2], [1, 3], [2, 2], [3, 3]],757,553,772,547
619357,5,107,12,[10, 4, 3, 11, 2, 1],[[1, 1], [2, 1], [1, 2], [1, 3], [2, 2], [3, 3]],756,549,770,552
619410,5,107,12,[10, 4, 3, 11, 2, 1],[[1, 1], [2, 1], [1, 2], [1, 3], [2, 2], [3, 3]],745,559,770,552
619493,5,107,12,[10, 4, 3, 11, 2, 1],[[1, 1], [2, 1], [1, 2], [1, 3], [2, 2], [3, 3]],756,546,770,552
619549,5,107,12,[10, 4, 3, 11, 2, 1],[[1, 1], [2, 1], [1, 2], [1, 3], [2, 2], [3, 3]],744,541,768,562
619617,5,107,12,[10, 4, 3, 11, 2, 1],[[1, 1], [2, 1], [1, 2], [1, 3], [2, 2], [3, 3]],729,544,767,570
619675,5,107,12,[10, 4, 3, 11, 2, 1],[[1, 1], [2, 1], [1, 2], [1, 3], [2, 2], [3, 3]],727,557,765,578
619772,5,107,12,[10, 4, 3, 11, 2, 1],[[1, 1], [2, 1], [1, 2], [1, 3], [2, 2], [3, 3]],731,542,765,595
619831,5,107,12,[10, 4, 3, 11, 2, 1],[[1, 1], [2, 1], [1, 2], [1, 3], [2, 2], [3, 3]],743,541,764,601
619909,5,107,12,[10, 4, 3, 11, 2, 1],[[1, 1], [2, 1], [1, 2], [1, 3], [2, 2], [3, 3]],730,555,764,601
619975,5,107,12,[10, 4, 3, 11, 2, 1],[[1, 1], [2, 1], [1, 2], [1, 3], [2, 2], [3, 3]],716,560,764,601
620052,5,107,12,[10, 4, 3, 11, 2, 1],[[1, 1], [2, 1], [1, 2], [1, 3], [2, 2], [3, 3]],693,515,764,601
620108,5,107,12,[10, 4, 3, 11, 2, 1],[[1, 1], [2, 1], [1, 2], [1, 3], [2, 2], [3, 3]],692,527,764,601
620166,5,107,12,[10, 4, 3, 11, 2, 1],[[1, 1], [2, 1], [1, 2], [1, 3], [2, 2], [3, 3]],699,526,764,601
620245,5,107,12,[10, 4, 3, 11, 2, 1],[[1, 1], [2, 1], [1, 2], [1, 3], [2, 2], [3, 3]],709,528,764,601
620313,5,107,12,[10, 4, 3, 11, 2, 1],[[1, 1], [2, 1], [1, 2], [1, 3], [2, 2], [3, 3]],709,567,764,601
620364,5,107,12,[10, 4, 3, 11, 2, 1],[[1, 1], [2, 1], [1, 2], [1, 3], [2, 2], [3, 3]],722,575,764,601
620404,5,107,12,[10, 4, 3, 11, 2, 1],[[1, 1], [2, 1], [1, 2], [1, 3], [2, 2], [3, 3]],719,575,764,601
620458,5,107,12,[10, 4, 3, 11, 2, 1],[[1, 1], [2, 1], [1, 2], [1, 3], [2, 2], [3, 3]],701,587,764,601
620516,5,107,12,[10, 4, 3, 11, 2, 1],[[1, 1], [2, 1], [1, 2], [1, 3], [2, 2], [3, 3]],691,604,764,601
620576,5,107,12,[10, 4, 3, 11, 2, 1],[[1, 1], [2, 1], [1, 2], [1, 3], [2, 2], [3, 3]],706,620,771,598
620639,5,107,12,[10, 4, 3, 11, 2, 1],[[1, 1], [2, 1], [1, 2], [1, 3], [2, 2], [3, 3]],701,607,783,590
620703,5,107,12,[10, 4, 3, 11, 2, 1],[[1, 1], [2, 1], [1, 2], [1, 3], [2, 2], [3, 3]],696,585,783,590
620757,5,107,12,[10, 4, 3, 11, 2, 1],[[1, 1], [2, 1], [1, 2], [1, 3], [2, 2], [3, 3]],679,593,783,590
620808,5,107,12,[10, 4, 3, 11, 2, 1],[[1, 1], [2, 1], [1, 2], [1, 3], [2, 2], [3, 3]],662,614,783,590
620850,5,107,12,[10, 4, 3, 11, 2, 1],[[1, 1], [2, 1], [1, 2], [1, 3], [2, 2], [3, 3]],663,604,783,590
620919,5,107,12,[10, 4, 3, 11, 2, 1],[[1, 1], [2, 1], [1, 2], [1, 3], [2, 2], [3, 3]],683,595,783,590
620988,5,107,12,[10, 4, 3, 11, 2, 1],[[1, 1], [2, 1], [1, 2], [1, 3], [2, 2], [3, 3]],683,586,783,590
621055,5,107,12,[10, 4, 3, 11, 2, 1],[[1, 1], [2, 1], [1, 2], [1, 3], [2, 2], [3, 3]],659,603,783,590
621118,5,107,12,[10, 4, 3, 11, 2, 1],[[1, 1], [2, 1], [1, 2], [1, 3], [2, 2], [3, 3]],641,596,783,590
621216,5,107,12,[10, 4, 3, 11, 2, 1],[[1, 1], [2, 1], [1, 2], [1, 3], [2, 2], [3, 3]],647,600,783,590
621271,5,107,12,[10, 4, 3, 11, 2, 1],[[1, 1], [2, 1], [1, 2], [1, 3], [2, 2], [3, 3]],637,626,783,590
621319,5,107,12,[10, 4, 3, 11, 2, 1],[[1, 1], [2, 1], [1, 2], [1, 3], [2, 2], [3, 3]],629,655,783,590
621360,5,107,12,[10, 4, 3, 11, 2, 1],[[1, 1], [2, 1], [1, 2], [1, 3], [2, 2], [3, 3]],637,696,778,590
621452,5,107,12,[10, 4, 3, 11, 2, 1],[[1, 1], [2, 1], [1, 2], [1, 3], [2, 2], [3, 3]],639,674,715,589
621539,5,107,12,[10, 4, 3, 11, 2, 1],[[1, 1], [2, 1], [1, 2], [1, 3], [2, 2], [3, 3]],633,664,692,589
621612,5,107,12,[10, 4, 3, 11, 2, 1],[[1, 1], [2, 1], [1, 2], [1, 3], [2, 2], [3, 3]],605,647,678,593
621664,5,107,12,[10, 4, 3, 11, 2, 1],[[1, 1], [2, 1], [1, 2], [1, 3], [2, 2], [3, 3]],570,657,661,603
621717,5,107,12,[10, 4, 3, 11, 2, 1],[[1, 1], [2, 1], [1, 2], [1, 3], [2, 2], [3, 3]],580,666,644,613
621760,5,107,12,[10, 4, 3, 11, 2, 1],[[1, 1], [2, 1], [1, 2], [1, 3], [2, 2], [3, 3]],586,695,644,613
621824,5,107,12,[10, 4, 3, 11, 2, 1],[[1, 1], [2, 1], [1, 2], [1, 3], [2, 2], [3, 3]],571,722,641,623
621879,5,107,12,[10, 4, 3, 11, 2, 1],[[1, 1], [2, 1], [1, 2], [1, 3], [2, 2], [3, 3]],573,729,640,625
621949,5,107,12,[10, 4, 3, 11, 2, 1],[[1, 1], [2, 1], [1, 2], [1, 3], [2, 2], [3, 3]],566,748,640,625
622005,5,107,12,[10, 4, 3, 11, 2, 1],[[1, 1], [2, 1], [1, 2], [1, 3], [2, 2], [3, 3]],581,737,640,625
622058,5,107,12,[10, 4, 3, 11, 2, 1],[[1, 1], [2, 1], [1, 2], [1, 3], [2, 2], [3, 3]],556,722,638,625
622106,5,107,12,[10, 4, 3, 11, 2, 1],[[1, 1], [2, 1], [1, 2], [1, 3], [2, 2], [3, 3]],563,740,631,626
622168,5,107,12,[10, 4, 3, 11, 2, 1],[[1, 1], [2, 1], [1, 2], [1, 3], [2, 2], [3, 3]],571,746,626,628
622207,5,107,12,[10, 4, 3, 11, 2, 1],[[1, 1], [2, 1], [1, 2], [1, 3], [2, 2], [3, 3]],586,754,621,631
622267,5,107,12,[10, 4, 3, 11, 2, 1],[[1, 1], [2, 1], [1, 2], [1, 3], [2, 2], [3, 3]],600,729,620,632
622343,5,107,12,[10, 4, 3, 11, 2, 1],[[1, 1], [2, 1], [1, 2], [1, 3], [2, 2], [3, 3]],572,722,620,632
622398,5,107,12,[10, 4, 3, 11, 2, 1],[[1, 1], [2, 1], [1, 2], [1, 3], [2, 2], [3, 3]],553,723,620,632
622434,5,107,12,[10, 4, 3, 11, 2, 1],[[1, 1], [2, 1], [1, 2], [1, 3], [2, 2], [3, 3]],568,716,620,632
622492,5,107,12,[10, 4, 3, 11, 2, 1],[[1, 1], [2, 1], [1, 2], [1, 3], [2, 2], [3, 3]],564,731,620,633
622535,5,107,12,[10, 4, 3, 11, 2, 1],[[1, 1], [2, 1], [1, 2], [1, 3], [2, 2], [3, 3]],565,742,648,654
622598,5,107,12,[10, 4, 3, 11, 2, 1],[[1, 1], [2, 1], [1, 2], [1, 3], [2, 2], [3, 3]],551,747,660,659
622649,5,107,12,[10, 4, 3, 11, 2, 1],[[1, 1], [2, 1], [1, 2], [1, 3], [2, 2], [3, 3]],576,756,660,659
622712,5,107,12,[10, 4, 3, 11, 2, 1],[[1, 1], [2, 1], [1, 2], [1, 3], [2, 2], [3, 3]],584,768,660,659
622759,5,107,12,[10, 4, 3, 11, 2, 1],[[1, 1], [2, 1], [1, 2], [1, 3], [2, 2], [3, 3]],593,797,660,659
622828,5,108,43,[6, 5, 3, 11, 2, 1],[[2, 1], [3, 1], [1, 2], [1, 3], [2, 2], [3, 3]],604,772,660,659
631062,6,108,43,[6, 5, 3, 11, 2, 1],[[2, 1], [3, 1], [1, 2], [1, 3], [2, 2], [3, 3]],977,564,944,543
631129,6,108,43,[6, 5, 3, 11, 2, 1],[[2, 1], [3, 1], [1, 2], [1, 3], [2, 2], [3, 3]],972,534,941,537
631197,6,108,43,[6, 5, 3, 11, 2, 1],[[2, 1], [3, 1], [1, 2], [1, 3], [2, 2], [3, 3]],975,524,941,530
631263,6,108,43,[6, 5, 3, 11, 2, 1],[[2, 1], [3, 1], [1, 2], [1, 3], [2, 2], [3, 3]],993,520,941,530
631326,6,108,43,[6, 5, 3, 11, 2, 1],[[2, 1], [3, 1], [1, 2], [1, 3], [2, 2], [3, 3]],975,515,941,530
631390,6,108,43,[6, 5, 3, 11, 2, 1],[[2, 1], [3, 1], [1, 2], [1, 3], [2, 2], [3, 3]],958,510,941,530
631449,6,108,43,[6, 5, 3, 11, 2, 1],[[2, 1], [3, 1], [1, 2], [1, 3], [2, 2], [3, 3]],958,516,941,530
631518,6,108,43,[6, 5, 3, 11, 2, 1],[[2, 1], [3, 1], [1, 2], [1, 3], [2, 2], [3, 3]],970,512,963,554
631577,6,108,43,[6, 5, 3, 11, 2, 1],[[2, 1], [3, 1], [1, 2], [1, 3], [2, 2], [3, 3]],947,507,986,568
631641,6,108,43,[6, 5, 3, 11, 2, 1],[[2, 1], [3, 1], [1, 2], [1, 3], [2, 2], [3, 3]],921,524,989,571
631707,6,108,43,[6, 5, 3, 11, 2, 1],[[2, 1], [3, 1], [1, 2], [1, 3], [2, 2], [3, 3]],893,526,989,571
631760,6,108,43,[6, 5, 3, 11, 2, 1],[[2, 1], [3, 1], [1, 2], [1, 3], [2, 2], [3, 3]],880,522,989,571
631831,6,108,43,[6, 5, 3, 11, 2, 1],[[2, 1], [3, 1], [1, 2], [1, 3], [2, 2], [3, 3]],906,503,989,571
631889,6,108,43,[6, 5, 3, 11, 2, 1],[[2, 1], [3, 1], [1, 2], [1, 3], [2, 2], [3, 3]],904,524,996,558
631944,6,108,43,[6, 5, 3, 11, 2, 1],[[2, 1], [3, 1], [1, 2], [1, 3], [2, 2], [3, 3]],891,540,997,546
632007,6,108,43,[6, 5, 3, 11, 2, 1],[[2, 1], [3, 1], [1, 2], [1, 3], [2, 2], [3, 3]],901,525,996,544
632054,6,108,43,[6, 5, 3, 11, 2, 1],[[2, 1], [3, 1], [1, 2], [1, 3], [2, 2], [3, 3]],906,533,996,542
632121,6,109,39,[6, 5, 3, 11, 7, 9],[[2, 1], [3, 1], [1, 2], [1, 3], [2, 3], [3, 2]],874,521,996,542
632171,6,109,39,[6, 5, 3, 11, 7, 9],[[2, 1], [3, 1], [1, 2], [1, 3], [2, 3], [3, 2]],869,494,996,542
632221,6,109,39,[6, 5, 3, 11, 7, 9],[[2, 1], [3, 1], [1, 2], [1, 3], [2, 3], [3, 2]],887,479,992,542
632273,6,109,39,[6, 5, 3, 11, 7, 9],[[2, 1], [3, 1], [1, 2], [1, 3], [2, 3], [3, 2]],880,465,980,546
632322,6,109,39,[6, 5, 3, 11, 7, 9],[[2, 1], [3, 1], [1, 2], [1, 3], [2, 3], [3, 2]],913,467,976,550
632371,6,109,39,[6, 5, 3, 11, 7, 9],[[2, 1], [3, 1], [1, 2], [1, 3], [2, 3], [3, 2]],927,475,976,550
632415,6,109,39,[6, 5, 3, 11, 7, 9],[[2, 1], [3, 1], [1, 2], [1, 3], [2, 3], [3, 2]],936,480,976,550
632465,6,109,39,[6, 5, 3, 11, 7, 9],[[2, 1], [3, 1], [1, 2], [1, 3], [2, 3], [3, 2]],961,505,976,550
632514,6,109,39,[6, 5, 3, 11, 7, 9],[[2, 1], [3, 1], [1, 2], [1, 3], [2, 3], [3, 2]],975,520,976,557
632560,6,109,39,[6, 5, 3, 11, 7, 9],[[2, 1], [3, 1], [1, 2], [1, 3], [2, 3], [3, 2]],964,533,976,558
632599,6,109,39,[6, 5, 3, 11, 7, 9],[[2, 1], [3, 1], [1, 2], [1, 3], [2, 3], [3, 2]],949,529,982,518
632647,6,109,39,[6, 5, 3, 11, 7, 9],[[2, 1], [3, 1], [1, 2], [1, 3], [2, 3], [3, 2]],955,543,978,516
632692,6,109,39,[6, 5, 3, 11, 7, 9],[[2, 1], [3, 1], [1, 2], [1, 3], [2, 3], [3, 2]],949,523,978,516
632742,6,109,39,[6, 5, 3, 11, 7, 9],[[2, 1], [3, 1], [1, 2], [1, 3], [2, 3], [3, 2]],974,495,978,516
632781,6,109,39,[6, 5, 3, 11, 7, 9],[[2, 1], [3, 1], [1, 2], [1, 3], [2, 3], [3, 2]],990,520,978,516
632819,6,109,39,[6, 5, 3, 11, 7, 9],[[2, 1], [3, 1], [1, 2], [1, 3], [2, 3], [3, 2]],1013,528,978,516
632877,6,109,39,[6, 5, 3, 11, 7, 9],[[2, 1], [3, 1], [1, 2], [1, 3], [2, 3], [3, 2]],988,521,978,516
632946,6,109,39,[6, 5, 3, 11, 7, 9],[[2, 1], [3, 1], [1, 2], [1, 3], [2, 3], [3, 2]],988,501,978,516
632996,6,109,39,[6, 5, 3, 11, 7, 9],[[2, 1], [3, 1], [1, 2], [1, 3], [2, 3], [3, 2]],986,512,978,516
633104,6,109,39,[6, 5, 3, 11, 7, 9],[[2, 1], [3, 1], [1, 2], [1, 3], [2, 3], [3, 2]],981,507,983,517
633164,6,109,39,[6, 5, 3, 11, 7, 9],[[2, 1], [3, 1], [1, 2], [1, 3], [2, 3], [3, 2]],1010,488,992,520
633254,6,109,39,[6, 5, 3, 11, 7, 9],[[2, 1], [3, 1], [1, 2], [1, 3], [2, 3], [3, 2]],1004,493,989,537
633307,6,109,39,[6, 5, 3, 11, 7, 9],[[2, 1], [3, 1], [1, 2], [1, 3], [2, 3], [3, 2]],1006,526,1005,562
633369,6,109,39,[6, 5, 3, 11, 7, 9],[[2, 1], [3, 1], [1, 2], [1, 3], [2, 3], [3, 2]],1014,527,1016,566
633430,6,109,39,[6, 5, 3, 11, 7, 9],[[2, 1], [3, 1], [1, 2], [1, 3], [2, 3], [3, 2]],1028,531,1023,565
633505,6,109,39,[6, 5, 3, 11, 7, 9],[[2, 1], [3, 1], [1, 2], [1, 3], [2, 3], [3, 2]],1047,547,1025,561
633568,6,109,39,[6, 5, 3, 11, 7, 9],[[2, 1], [3, 1], [1, 2], [1, 3], [2, 3], [3, 2]],1074,566,1025,559
633645,6,109,39,[6, 5, 3, 11, 7, 9],[[2, 1], [3, 1], [1, 2], [1, 3], [2, 3], [3, 2]],1073,555,1005,554
633703,6,109,39,[6, 5, 3, 11, 7, 9],[[2, 1], [3, 1], [1, 2], [1, 3], [2, 3], [3, 2]],1081,537,1003,557
633752,6,109,39,[6, 5, 3, 11, 7, 9],[[2, 1], [3, 1], [1, 2], [1, 3], [2, 3], [3, 2]],1108,523,1003,565
633831,6,109,39,[6, 5, 3, 11, 7, 9],[[2, 1], [3, 1], [1, 2], [1, 3], [2, 3], [3, 2]],1119,505,1041,601
633898,6,109,39,[6, 5, 3, 11, 7, 9],[[2, 1], [3, 1], [1, 2], [1, 3], [2, 3], [3, 2]],1109,513,1054,607
633950,6,109,39,[6, 5, 3, 11, 7, 9],[[2, 1], [3, 1], [1, 2], [1, 3], [2, 3], [3, 2]],1113,486,1068,608
633994,6,109,39,[6, 5, 3, 11, 7, 9],[[2, 1], [3, 1], [1, 2], [1, 3], [2, 3], [3, 2]],1117,497,1080,600
634043,6,109,39,[6, 5, 3, 11, 7, 9],[[2, 1], [3, 1], [1, 2], [1, 3], [2, 3], [3, 2]],1117,477,1086,597
634108,6,109,39,[6, 5, 3, 11, 7, 9],[[2, 1], [3, 1], [1, 2], [1, 3], [2, 3], [3, 2]],1137,477,1097,589
634156,6,109,39,[6, 5, 3, 11, 7, 9],[[2, 1], [3, 1], [1, 2], [1, 3], [2, 3], [3, 2]],1129,474,1098,586
634219,6,109,39,[6, 5, 3, 11, 7, 9],[[2, 1], [3, 1], [1, 2], [1, 3], [2, 3], [3, 2]],1141,492,1098,574
634265,6,109,39,[6, 5, 3, 11, 7, 9],[[2, 1], [3, 1], [1, 2], [1, 3], [2, 3], [3, 2]],1109,484,1098,570
634312,6,109,39,[6, 5, 3, 11, 7, 9],[[2, 1], [3, 1], [1, 2], [1, 3], [2, 3], [3, 2]],1103,503,1098,563
634360,6,109,39,[6, 5, 3, 11, 7, 9],[[2, 1], [3, 1], [1, 2], [1, 3], [2, 3], [3, 2]],1107,515,1099,542
634422,6,109,39,[6, 5, 3, 11, 7, 9],[[2, 1], [3, 1], [1, 2], [1, 3], [2, 3], [3, 2]],1099,506,1100,532
634471,6,109,39,[6, 5, 3, 11, 7, 9],[[2, 1], [3, 1], [1, 2], [1, 3], [2, 3], [3, 2]],1103,490,1102,522
634511,6,109,39,[6, 5, 3, 11, 7, 9],[[2, 1], [3, 1], [1, 2], [1, 3], [2, 3], [3, 2]],1086,492,1102,522
634558,6,109,39,[6, 5, 3, 11, 7, 9],[[2, 1], [3, 1], [1, 2], [1, 3], [2, 3], [3, 2]],1096,508,1102,522
634617,6,109,39,[6, 5, 3, 11, 7, 9],[[2, 1], [3, 1], [1, 2], [1, 3], [2, 3], [3, 2]],1092,518,1086,528
634660,6,109,39,[6, 5, 3, 11, 7, 9],[[2, 1], [3, 1], [1, 2], [1, 3], [2, 3], [3, 2]],1094,541,1075,543
634722,6,109,39,[6, 5, 3, 11, 7, 9],[[2, 1], [3, 1], [1, 2], [1, 3], [2, 3], [3, 2]],1081,559,1069,557
634772,6,109,39,[6, 5, 3, 11, 7, 9],[[2, 1], [3, 1], [1, 2], [1, 3], [2, 3], [3, 2]],1093,568,1069,557
634808,6,109,39,[6, 5, 3, 11, 7, 9],[[2, 1], [3, 1], [1, 2], [1, 3], [2, 3], [3, 2]],1104,586,1069,557
634866,6,109,39,[6, 5, 3, 11, 7, 9],[[2, 1], [3, 1], [1, 2], [1, 3], [2, 3], [3, 2]],1097,558,1079,557
634919,6,109,39,[6, 5, 3, 11, 7, 9],[[2, 1], [3, 1], [1, 2], [1, 3], [2, 3], [3, 2]],1107,589,1084,557
634978,6,109,39,[6, 5, 3, 11, 7, 9],[[2, 1], [3, 1], [1, 2], [1, 3], [2, 3], [3, 2]],1120,599,1095,553
635039,6,109,39,[6, 5, 3, 11, 7, 9],[[2, 1], [3, 1], [1, 2], [1, 3], [2, 3], [3, 2]],1129,614,1097,552
635098,6,109,39,[6, 5, 3, 11, 7, 9],[[2, 1], [3, 1], [1, 2], [1, 3], [2, 3], [3, 2]],1114,598,1101,550
635156,6,109,39,[6, 5, 3, 11, 7, 9],[[2, 1], [3, 1], [1, 2], [1, 3], [2, 3], [3, 2]],1115,641,1120,537
635209,6,109,39,[6, 5, 3, 11, 7, 9],[[2, 1], [3, 1], [1, 2], [1, 3], [2, 3], [3, 2]],1095,663,1122,537
635266,6,109,39,[6, 5, 3, 11, 7, 9],[[2, 1], [3, 1], [1, 2], [1, 3], [2, 3], [3, 2]],1095,648,1122,537
635330,6,109,39,[6, 5, 3, 11, 7, 9],[[2, 1], [3, 1], [1, 2], [1, 3], [2, 3], [3, 2]],1099,639,1122,537
635388,6,109,39,[6, 5, 3, 11, 7, 9],[[2, 1], [3, 1], [1, 2], [1, 3], [2, 3], [3, 2]],1100,638,1122,537
635463,6,109,39,[6, 5, 3, 11, 7, 9],[[2, 1], [3, 1], [1, 2], [1, 3], [2, 3], [3, 2]],1111,623,1122,537
635547,6,109,39,[6, 5, 3, 11, 7, 9],[[2, 1], [3, 1], [1, 2], [1, 3], [2, 3], [3, 2]],1107,607,1120,541
635598,6,109,39,[6, 5, 3, 11, 7, 9],[[2, 1], [3, 1], [1, 2], [1, 3], [2, 3], [3, 2]],1114,624,1106,554
635648,6,109,39,[6, 5, 3, 11, 7, 9],[[2, 1], [3, 1], [1, 2], [1, 3], [2, 3], [3, 2]],1139,620,1100,561
635711,6,109,39,[6, 5, 3, 11, 7, 9],[[2, 1], [3, 1], [1, 2], [1, 3], [2, 3], [3, 2]],1141,618,1099,571
635750,6,109,39,[6, 5, 3, 11, 7, 9],[[2, 1], [3, 1], [1, 2], [1, 3], [2, 3], [3, 2]],1144,624,1100,577
635808,6,109,39,[6, 5, 3, 11, 7, 9],[[2, 1], [3, 1], [1, 2], [1, 3], [2, 3], [3, 2]],1136,627,1104,587
635883,6,109,39,[6, 5, 3, 11, 7, 9],[[2, 1], [3, 1], [1, 2], [1, 3], [2, 3], [3, 2]],1153,638,1108,600
635989,6,109,39,[6, 5, 3, 11, 7, 9],[[2, 1], [3, 1], [1, 2], [1, 3], [2, 3], [3, 2]],1151,653,1109,601
636051,6,109,39,[6, 5, 3, 11, 7, 9],[[2, 1], [3, 1], [1, 2], [1, 3], [2, 3], [3, 2]],1148,678,1109,601
636121,6,109,39,[6, 5, 3, 11, 7, 9],[[2, 1], [3, 1], [1, 2], [1, 3], [2, 3], [3, 2]],1128,677,1109,601
636177,6,110,97,[6, 5, 8, 12, 7, 9],[[1, 3], [2, 3], [3, 1], [3, 2], [1, 2], [2, 1]],1145,708,1109,601
636218,6,110,97,[6, 5, 8, 12, 7, 9],[[1, 3], [2, 3], [3, 1], [3, 2], [1, 2], [2, 1]],1132,704,1109,601
636272,6,110,97,[6, 5, 8, 12, 7, 9],[[1, 3], [2, 3], [3, 1], [3, 2], [1, 2], [2, 1]],1111,663,1109,601
636320,6,110,97,[6, 5, 8, 12, 7, 9],[[1, 3], [2, 3], [3, 1], [3, 2], [1, 2], [2, 1]],1140,665,1109,601
636368,6,110,97,[6, 5, 8, 12, 7, 9],[[1, 3], [2, 3], [3, 1], [3, 2], [1, 2], [2, 1]],1140,665,1109,601
636452,6,110,97,[6, 5, 8, 12, 7, 9],[[1, 3], [2, 3], [3, 1], [3, 2], [1, 2], [2, 1]],1167,659,1103,636
636497,6,110,97,[6, 5, 8, 12, 7, 9],[[1, 3], [2, 3], [3, 1], [3, 2], [1, 2], [2, 1]],1157,686,1099,656
636541,6,110,97,[6, 5, 8, 12, 7, 9],[[1, 3], [2, 3], [3, 1], [3, 2], [1, 2], [2, 1]],1157,707,1109,696
636586,6,110,97,[6, 5, 8, 12, 7, 9],[[1, 3], [2, 3], [3, 1], [3, 2], [1, 2], [2, 1]],1163,717,1111,699
636650,6,110,97,[6, 5, 8, 12, 7, 9],[[1, 3], [2, 3], [3, 1], [3, 2], [1, 2], [2, 1]],1172,708,1111,699
636698,6,110,97,[6, 5, 8, 12, 7, 9],[[1, 3], [2, 3], [3, 1], [3, 2], [1, 2], [2, 1]],1207,724,1111,699
636755,6,110,97,[6, 5, 8, 12, 7, 9],[[1, 3], [2, 3], [3, 1], [3, 2], [1, 2], [2, 1]],1191,722,1111,699
636826,6,110,97,[6, 5, 8, 12, 7, 9],[[1, 3], [2, 3], [3, 1], [3, 2], [1, 2], [2, 1]],1218,719,1122,692
636870,6,110,97,[6, 5, 8, 12, 7, 9],[[1, 3], [2, 3], [3, 1], [3, 2], [1, 2], [2, 1]],1216,710,1123,692
636938,6,110,97,[6, 5, 8, 12, 7, 9],[[1, 3], [2, 3], [3, 1], [3, 2], [1, 2], [2, 1]],1195,708,1123,692
637004,6,110,97,[6, 5, 8, 12, 7, 9],[[1, 3], [2, 3], [3, 1], [3, 2], [1, 2], [2, 1]],1226,687,1123,698
637073,6,110,97,[6, 5, 8, 12, 7, 9],[[1, 3], [2, 3], [3, 1], [3, 2], [1, 2], [2, 1]],1238,694,1139,764
637154,6,110,97,[6, 5, 8, 12, 7, 9],[[1, 3], [2, 3], [3, 1], [3, 2], [1, 2], [2, 1]],1247,694,1185,873
637218,6,110,97,[6, 5, 8, 12, 7, 9],[[1, 3], [2, 3], [3, 1], [3, 2], [1, 2], [2, 1]],1263,689,1202,903
637272,6,110,97,[6, 5, 8, 12, 7, 9],[[1, 3], [2, 3], [3, 1], [3, 2], [1, 2], [2, 1]],1270,694,1204,903
637352,6,110,97,[6, 5, 8, 12, 7, 9],[[1, 3], [2, 3], [3, 1], [3, 2], [1, 2], [2, 1]],1297,687,1220,872
637407,6,110,97,[6, 5, 8, 12, 7, 9],[[1, 3], [2, 3], [3, 1], [3, 2], [1, 2], [2, 1]],1318,697,1237,856
637469,6,110,97,[6, 5, 8, 12, 7, 9],[[1, 3], [2, 3], [3, 1], [3, 2], [1, 2], [2, 1]],1327,686,1259,817
637531,6,110,97,[6, 5, 8, 12, 7, 9],[[1, 3], [2, 3], [3, 1], [3, 2], [1, 2], [2, 1]],1330,714,1281,733
637619,6,110,97,[6, 5, 8, 12, 7, 9],[[1, 3], [2, 3], [3, 1], [3, 2], [1, 2], [2, 1]],1335,700,1284,704
637661,6,110,97,[6, 5, 8, 12, 7, 9],[[1, 3], [2, 3], [3, 1], [3, 2], [1, 2], [2, 1]],1336,706,1284,703
637740,6,110,97,[6, 5, 8, 12, 7, 9],[[1, 3], [2, 3], [3, 1], [3, 2], [1, 2], [2, 1]],1363,734,1284,703
637803,6,110,97,[6, 5, 8, 12, 7, 9],[[1, 3], [2, 3], [3, 1], [3, 2], [1, 2], [2, 1]],1363,741,1284,703
637864,6,110,97,[6, 5, 8, 12, 7, 9],[[1, 3], [2, 3], [3, 1], [3, 2], [1, 2], [2, 1]],1371,746,1259,714
637928,6,110,97,[6, 5, 8, 12, 7, 9],[[1, 3], [2, 3], [3, 1], [3, 2], [1, 2], [2, 1]],1362,717,1227,769
638001,6,110,97,[6, 5, 8, 12, 7, 9],[[1, 3], [2, 3], [3, 1], [3, 2], [1, 2], [2, 1]],1356,722,1247,802
638064,6,110,97,[6, 5, 8, 12, 7, 9],[[1, 3], [2, 3], [3, 1], [3, 2], [1, 2], [2, 1]],1389,702,1308,830
638130,6,110,97,[6, 5, 8, 12, 7, 9],[[1, 3], [2, 3], [3, 1], [3, 2], [1, 2], [2, 1]],1379,714,1325,831
638208,6,110,97,[6, 5, 8, 12, 7, 9],[[1, 3], [2, 3], [3, 1], [3, 2], [1, 2], [2, 1]],1364,717,1338,817
638275,6,110,97,[6, 5, 8, 12, 7, 9],[[1, 3], [2, 3], [3, 1], [3, 2], [1, 2], [2, 1]],1353,707,1332,808
638347,6,110,97,[6, 5, 8, 12, 7, 9],[[1, 3], [2, 3], [3, 1], [3, 2], [1, 2], [2, 1]],1332,727,1327,806
638402,6,110,97,[6, 5, 8, 12, 7, 9],[[1, 3], [2, 3], [3, 1], [3, 2], [1, 2], [2, 1]],1331,702,1317,795
638463,6,110,97,[6, 5, 8, 12, 7, 9],[[1, 3], [2, 3], [3, 1], [3, 2], [1, 2], [2, 1]],1332,707,1312,773
638514,6,110,97,[6, 5, 8, 12, 7, 9],[[1, 3], [2, 3], [3, 1], [3, 2], [1, 2], [2, 1]],1347,730,1311,772
638569,6,110,97,[6, 5, 8, 12, 7, 9],[[1, 3], [2, 3], [3, 1], [3, 2], [1, 2], [2, 1]],1328,721,1311,772
638620,6,110,97,[6, 5, 8, 12, 7, 9],[[1, 3], [2, 3], [3, 1], [3, 2], [1, 2], [2, 1]],1314,696,1311,749
638679,6,110,97,[6, 5, 8, 12, 7, 9],[[1, 3], [2, 3], [3, 1], [3, 2], [1, 2], [2, 1]],1332,723,1313,690
638738,6,110,97,[6, 5, 8, 12, 7, 9],[[1, 3], [2, 3], [3, 1], [3, 2], [1, 2], [2, 1]],1341,730,1300,649
638791,6,110,97,[6, 5, 8, 12, 7, 9],[[1, 3], [2, 3], [3, 1], [3, 2], [1, 2], [2, 1]],1339,712,1295,646
638845,6,110,97,[6, 5, 8, 12, 7, 9],[[1, 3], [2, 3], [3, 1], [3, 2], [1, 2], [2, 1]],1365,706,1274,646
638898,6,110,97,[6, 5, 8, 12, 7, 9],[[1, 3], [2, 3], [3, 1], [3, 2], [1, 2], [2, 1]],1374,730,1252,655
638951,6,110,97,[6, 5, 8, 12, 7, 9],[[1, 3], [2, 3], [3, 1], [3, 2], [1, 2], [2, 1]],1375,767,1233,663
639004,6,110,97,[6, 5, 8, 12, 7, 9],[[1, 3], [2, 3], [3, 1], [3, 2], [1, 2], [2, 1]],1372,773,1229,710
639053,6,110,97,[6, 5, 8, 12, 7, 9],[[1, 3], [2, 3], [3, 1], [3, 2], [1, 2], [2, 1]],1377,797,1247,735
639106,6,110,97,[6, 5, 8, 12, 7, 9],[[1, 3], [2, 3], [3, 1], [3, 2], [1, 2], [2, 1]],1367,801,1282,742
639160,6,110,97,[6, 5, 8, 12, 7, 9],[[1, 3], [2, 3], [3, 1], [3, 2], [1, 2], [2, 1]],1378,776,1311,742
639214,6,110,97,[6, 5, 8, 12, 7, 9],[[1, 3], [2, 3], [3, 1], [3, 2], [1, 2], [2, 1]],1400,790,1323,742
639268,6,110,97,[6, 5, 8, 12, 7, 9],[[1, 3], [2, 3], [3, 1], [3, 2], [1, 2], [2, 1]],1426,811,1330,742
639326,6,110,97,[6, 5, 8, 12, 7, 9],[[1, 3], [2, 3], [3, 1], [3, 2], [1, 2], [2, 1]],1441,787,1331,743
639391,6,110,97,[6, 5, 8, 12, 7, 9],[[1, 3], [2, 3], [3, 1], [3, 2], [1, 2], [2, 1]],1413,794,1332,743
639480,6,110,97,[6, 5, 8, 12, 7, 9],[[1, 3], [2, 3], [3, 1], [3, 2], [1, 2], [2, 1]],1395,774,1346,757
639530,6,110,97,[6, 5, 8, 12, 7, 9],[[1, 3], [2, 3], [3, 1], [3, 2], [1, 2], [2, 1]],1430,764,1352,761
639589,6,110,97,[6, 5, 8, 12, 7, 9],[[1, 3], [2, 3], [3, 1], [3, 2], [1, 2], [2, 1]],1466,735,1352,761
639647,6,110,97,[6, 5, 8, 12, 7, 9],[[1, 3], [2, 3], [3, 1], [3, 2], [1, 2], [2, 1]],1407,724,1352,761
639708,6,110,97,[6, 5, 8, 12, 7, 9],[[1, 3], [2, 3], [3, 1], [3, 2], [1, 2], [2, 1]],1411,720,1371,775
639766,6,110,97,[6, 5, 8, 12, 7, 9],[[1, 3], [2, 3], [3, 1], [3, 2], [1, 2], [2, 1]],1423,728,1381,780
639809,6,110,97,[6, 5, 8, 12, 7, 9],[[1, 3], [2, 3], [3, 1], [3, 2], [1, 2], [2, 1]],1399,740,1384,783
639868,6,110,97,[6, 5, 8, 12, 7, 9],[[1, 3], [2, 3], [3, 1], [3, 2], [1, 2], [2, 1]],1374,770,1386,783
639931,6,110,97,[6, 5, 8, 12, 7, 9],[[1, 3], [2, 3], [3, 1], [3, 2], [1, 2], [2, 1]],1373,772,1400,790
640001,6,110,97,[6, 5, 8, 12, 7, 9],[[1, 3], [2, 3], [3, 1], [3, 2], [1, 2], [2, 1]],1377,779,1413,790
640070,6,110,97,[6, 5, 8, 12, 7, 9],[[1, 3], [2, 3], [3, 1], [3, 2], [1, 2], [2, 1]],1392,756,1418,785
640122,6,110,97,[6, 5, 8, 12, 7, 9],[[1, 3], [2, 3], [3, 1], [3, 2], [1, 2], [2, 1]],1398,792,1423,774
640199,6,110,97,[6, 5, 8, 12, 7, 9],[[1, 3], [2, 3], [3, 1], [3, 2], [1, 2], [2, 1]],1427,798,1423,772
640264,6,111,48,[10, 4, 3, 11, 2, 1],[[2, 1], [3, 1], [1, 2], [1, 3], [2, 2], [3, 3]],1420,814,1423,772
640315,6,111,48,[10, 4, 3, 11, 2, 1],[[2, 1], [3, 1], [1, 2], [1, 3], [2, 2], [3, 3]],1386,835,1423,772
640360,6,111,48,[10, 4, 3, 11, 2, 1],[[2, 1], [3, 1], [1, 2], [1, 3], [2, 2], [3, 3]],1395,818,1421,772
640412,6,111,48,[10, 4, 3, 11, 2, 1],[[2, 1], [3, 1], [1, 2], [1, 3], [2, 2], [3, 3]],1393,797,1384,766
640461,6,111,48,[10, 4, 3, 11, 2, 1],[[2, 1], [3, 1], [1, 2], [1, 3], [2, 2], [3, 3]],1396,799,1373,766
640505,6,111,48,[10, 4, 3, 11, 2, 1],[[2, 1], [3, 1], [1, 2], [1, 3], [2, 2], [3, 3]],1420,783,1373,766
640565,6,111,48,[10, 4, 3, 11, 2, 1],[[2, 1], [3, 1], [1, 2], [1, 3], [2, 2], [3, 3]],1415,797,1371,778
640610,6,111,48,[10, 4, 3, 11, 2, 1],[[2, 1], [3, 1], [1, 2], [1, 3], [2, 2], [3, 3]],1409,792,1370,782
640650,6,111,48,[10, 4, 3, 11, 2, 1],[[2, 1], [3, 1], [1, 2], [1, 3], [2, 2], [3, 3]],1388,793,1371,789
640698,6,111,48,[10, 4, 3, 11, 2, 1],[[2, 1], [3, 1], [1, 2], [1, 3], [2, 2], [3, 3]],1411,804,1375,796
640738,6,111,48,[10, 4, 3, 11, 2, 1],[[2, 1], [3, 1], [1, 2], [1, 3], [2, 2], [3, 3]],1426,800,1379,805
640781,6,111,48,[10, 4, 3, 11, 2, 1],[[2, 1], [3, 1], [1, 2], [1, 3], [2, 2], [3, 3]],1435,787,1380,812
640845,6,111,48,[10, 4, 3, 11, 2, 1],[[2, 1], [3, 1], [1, 2], [1, 3], [2, 2], [3, 3]],1416,807,1383,817
640890,6,111,48,[10, 4, 3, 11, 2, 1],[[2, 1], [3, 1], [1, 2], [1, 3], [2, 2], [3, 3]],1395,793,1383,817
640949,6,111,48,[10, 4, 3, 11, 2, 1],[[2, 1], [3, 1], [1, 2], [1, 3], [2, 2], [3, 3]],1421,800,1383,817
641015,6,111,48,[10, 4, 3, 11, 2, 1],[[2, 1], [3, 1], [1, 2], [1, 3], [2, 2], [3, 3]],1431,823,1392,817
641065,6,111,48,[10, 4, 3, 11, 2, 1],[[2, 1], [3, 1], [1, 2], [1, 3], [2, 2], [3, 3]],1375,846,1413,811
641142,6,111,48,[10, 4, 3, 11, 2, 1],[[2, 1], [3, 1], [1, 2], [1, 3], [2, 2], [3, 3]],1357,837,1423,807
641216,6,111,48,[10, 4, 3, 11, 2, 1],[[2, 1], [3, 1], [1, 2], [1, 3], [2, 2], [3, 3]],1346,828,1433,805
641272,6,111,48,[10, 4, 3, 11, 2, 1],[[2, 1], [3, 1], [1, 2], [1, 3], [2, 2], [3, 3]],1337,798,1447,803
641378,6,111,48,[10, 4, 3, 11, 2, 1],[[2, 1], [3, 1], [1, 2], [1, 3], [2, 2], [3, 3]],1339,787,1459,803
641458,6,111,48,[10, 4, 3, 11, 2, 1],[[2, 1], [3, 1], [1, 2], [1, 3], [2, 2], [3, 3]],1352,785,1460,799
641526,6,111,48,[10, 4, 3, 11, 2, 1],[[2, 1], [3, 1], [1, 2], [1, 3], [2, 2], [3, 3]],1323,768,1458,794
641614,6,111,48,[10, 4, 3, 11, 2, 1],[[2, 1], [3, 1], [1, 2], [1, 3], [2, 2], [3, 3]],1321,762,1423,777
641686,6,111,48,[10, 4, 3, 11, 2, 1],[[2, 1], [3, 1], [1, 2], [1, 3], [2, 2], [3, 3]],1320,756,1398,774
641766,6,111,48,[10, 4, 3, 11, 2, 1],[[2, 1], [3, 1], [1, 2], [1, 3], [2, 2], [3, 3]],1316,745,1382,771
641822,6,111,48,[10, 4, 3, 11, 2, 1],[[2, 1], [3, 1], [1, 2], [1, 3], [2, 2], [3, 3]],1307,742,1382,771
641908,6,111,48,[10, 4, 3, 11, 2, 1],[[2, 1], [3, 1], [1, 2], [1, 3], [2, 2], [3, 3]],1317,725,1382,771
641974,6,111,48,[10, 4, 3, 11, 2, 1],[[2, 1], [3, 1], [1, 2], [1, 3], [2, 2], [3, 3]],1282,746,1382,771
642039,6,111,48,[10, 4, 3, 11, 2, 1],[[2, 1], [3, 1], [1, 2], [1, 3], [2, 2], [3, 3]],1290,731,1382,771
642093,6,111,48,[10, 4, 3, 11, 2, 1],[[2, 1], [3, 1], [1, 2], [1, 3], [2, 2], [3, 3]],1303,736,1382,771
642157,6,111,48,[10, 4, 3, 11, 2, 1],[[2, 1], [3, 1], [1, 2], [1, 3], [2, 2], [3, 3]],1312,730,1382,771
642203,6,111,48,[10, 4, 3, 11, 2, 1],[[2, 1], [3, 1], [1, 2], [1, 3], [2, 2], [3, 3]],1305,734,1343,765
642251,6,111,48,[10, 4, 3, 11, 2, 1],[[2, 1], [3, 1], [1, 2], [1, 3], [2, 2], [3, 3]],1296,756,1312,762
642299,6,111,48,[10, 4, 3, 11, 2, 1],[[2, 1], [3, 1], [1, 2], [1, 3], [2, 2], [3, 3]],1328,758,1307,761
642382,6,111,48,[10, 4, 3, 11, 2, 1],[[2, 1], [3, 1], [1, 2], [1, 3], [2, 2], [3, 3]],1331,766,1307,761
642420,6,111,48,[10, 4, 3, 11, 2, 1],[[2, 1], [3, 1], [1, 2], [1, 3], [2, 2], [3, 3]],1332,748,1307,761
642467,6,111,48,[10, 4, 3, 11, 2, 1],[[2, 1], [3, 1], [1, 2], [1, 3], [2, 2], [3, 3]],1322,741,1307,761
642515,6,111,48,[10, 4, 3, 11, 2, 1],[[2, 1], [3, 1], [1, 2], [1, 3], [2, 2], [3, 3]],1305,733,1307,761
642563,6,111,48,[10, 4, 3, 11, 2, 1],[[2, 1], [3, 1], [1, 2], [1, 3], [2, 2], [3, 3]],1317,727,1307,761
642599,6,111,48,[10, 4, 3, 11, 2, 1],[[2, 1], [3, 1], [1, 2], [1, 3], [2, 2], [3, 3]],1306,733,1307,761
642652,6,111,48,[10, 4, 3, 11, 2, 1],[[2, 1], [3, 1], [1, 2], [1, 3], [2, 2], [3, 3]],1331,731,1307,761
642710,6,111,48,[10, 4, 3, 11, 2, 1],[[2, 1], [3, 1], [1, 2], [1, 3], [2, 2], [3, 3]],1368,737,1307,761
642768,6,111,48,[10, 4, 3, 11, 2, 1],[[2, 1], [3, 1], [1, 2], [1, 3], [2, 2], [3, 3]],1354,759,1307,761
642821,6,111,48,[10, 4, 3, 11, 2, 1],[[2, 1], [3, 1], [1, 2], [1, 3], [2, 2], [3, 3]],1350,764,1307,761
642885,6,111,48,[10, 4, 3, 11, 2, 1],[[2, 1], [3, 1], [1, 2], [1, 3], [2, 2], [3, 3]],1374,791,1307,761
642938,6,111,48,[10, 4, 3, 11, 2, 1],[[2, 1], [3, 1], [1, 2], [1, 3], [2, 2], [3, 3]],1387,804,1307,761
642996,6,111,48,[10, 4, 3, 11, 2, 1],[[2, 1], [3, 1], [1, 2], [1, 3], [2, 2], [3, 3]],1369,808,1307,761
643055,6,111,48,[10, 4, 3, 11, 2, 1],[[2, 1], [3, 1], [1, 2], [1, 3], [2, 2], [3, 3]],1351,804,1307,761
643109,6,111,48,[10, 4, 3, 11, 2, 1],[[2, 1], [3, 1], [1, 2], [1, 3], [2, 2], [3, 3]],1349,805,1307,761
643174,6,111,48,[10, 4, 3, 11, 2, 1],[[2, 1], [3, 1], [1, 2], [1, 3], [2, 2], [3, 3]],1359,775,1307,761
643242,6,111,48,[10, 4, 3, 11, 2, 1],[[2, 1], [3, 1], [1, 2], [1, 3], [2, 2], [3, 3]],1364,769,1307,761
643317,6,111,48,[10, 4, 3, 11, 2, 1],[[2, 1], [3, 1], [1, 2], [1, 3], [2, 2], [3, 3]],1357,789,1307,761
643353,6,111,48,[10, 4, 3, 11, 2, 1],[[2, 1], [3, 1], [1, 2], [1, 3], [2, 2], [3, 3]],1349,797,1307,761
643420,6,111,48,[10, 4, 3, 11, 2, 1],[[2, 1], [3, 1], [1, 2], [1, 3], [2, 2], [3, 3]],1318,788,1311,766
643486,6,111,48,[10, 4, 3, 11, 2, 1],[[2, 1], [3, 1], [1, 2], [1, 3], [2, 2], [3, 3]],1331,787,1322,773
643549,6,111,48,[10, 4, 3, 11, 2, 1],[[2, 1], [3, 1], [1, 2], [1, 3], [2, 2], [3, 3]],1318,783,1328,776
643608,6,111,48,[10, 4, 3, 11, 2, 1],[[2, 1], [3, 1], [1, 2], [1, 3], [2, 2], [3, 3]],1318,765,1330,778
643671,6,111,48,[10, 4, 3, 11, 2, 1],[[2, 1], [3, 1], [1, 2], [1, 3], [2, 2], [3, 3]],1318,771,1330,778
643758,6,111,48,[10, 4, 3, 11, 2, 1],[[2, 1], [3, 1], [1, 2], [1, 3], [2, 2], [3, 3]],1297,745,1330,778
643839,6,111,48,[10, 4, 3, 11, 2, 1],[[2, 1], [3, 1], [1, 2], [1, 3], [2, 2], [3, 3]],1303,736,1332,778
643887,6,111,48,[10, 4, 3, 11, 2, 1],[[2, 1], [3, 1], [1, 2], [1, 3], [2, 2], [3, 3]],1318,759,1332,778
643925,6,111,48,[10, 4, 3, 11, 2, 1],[[2, 1], [3, 1], [1, 2], [1, 3], [2, 2], [3, 3]],1316,779,1332,778
643984,6,111,48,[10, 4, 3, 11, 2, 1],[[2, 1], [3, 1], [1, 2], [1, 3], [2, 2], [3, 3]],1270,791,1332,778
644067,6,111,48,[10, 4, 3, 11, 2, 1],[[2, 1], [3, 1], [1, 2], [1, 3], [2, 2], [3, 3]],1280,773,1332,778
644108,6,111,48,[10, 4, 3, 11, 2, 1],[[2, 1], [3, 1], [1, 2], [1, 3], [2, 2], [3, 3]],1262,803,1332,778
644179,6,111,48,[10, 4, 3, 11, 2, 1],[[2, 1], [3, 1], [1, 2], [1, 3], [2, 2], [3, 3]],1280,796,1332,778
644247,6,111,48,[10, 4, 3, 11, 2, 1],[[2, 1], [3, 1], [1, 2], [1, 3], [2, 2], [3, 3]],1298,819,1332,778
644303,6,111,48,[10, 4, 3, 11, 2, 1],[[2, 1], [3, 1], [1, 2], [1, 3], [2, 2], [3, 3]],1334,813,1332,778
644360,6,112,117,[6, 5, 8, 12, 7, 9],[[2, 3], [3, 3], [1, 1], [1, 2], [1, 3], [2, 2]],1339,806,1332,778
644435,6,112,117,[6, 5, 8, 12, 7, 9],[[2, 3], [3, 3], [1, 1], [1, 2], [1, 3], [2, 2]],1377,821,1332,778
644488,6,112,117,[6, 5, 8, 12, 7, 9],[[2, 3], [3, 3], [1, 1], [1, 2], [1, 3], [2, 2]],1396,810,1332,778
644536,6,112,117,[6, 5, 8, 12, 7, 9],[[2, 3], [3, 3], [1, 1], [1, 2], [1, 3], [2, 2]],1424,805,1353,773
644576,6,112,117,[6, 5, 8, 12, 7, 9],[[2, 3], [3, 3], [1, 1], [1, 2], [1, 3], [2, 2]],1439,837,1360,768
644620,6,112,117,[6, 5, 8, 12, 7, 9],[[2, 3], [3, 3], [1, 1], [1, 2], [1, 3], [2, 2]],1421,841,1363,763
644678,6,112,117,[6, 5, 8, 12, 7, 9],[[2, 3], [3, 3], [1, 1], [1, 2], [1, 3], [2, 2]],1438,827,1371,748
644747,6,112,117,[6, 5, 8, 12, 7, 9],[[2, 3], [3, 3], [1, 1], [1, 2], [1, 3], [2, 2]],1400,839,1373,736
644827,6,112,117,[6, 5, 8, 12, 7, 9],[[2, 3], [3, 3], [1, 1], [1, 2], [1, 3], [2, 2]],1409,821,1373,736
644876,6,112,117,[6, 5, 8, 12, 7, 9],[[2, 3], [3, 3], [1, 1], [1, 2], [1, 3], [2, 2]],1429,824,1373,736
644933,6,112,117,[6, 5, 8, 12, 7, 9],[[2, 3], [3, 3], [1, 1], [1, 2], [1, 3], [2, 2]],1447,808,1364,757
645015,6,112,117,[6, 5, 8, 12, 7, 9],[[2, 3], [3, 3], [1, 1], [1, 2], [1, 3], [2, 2]],1408,837,1361,792
645070,6,112,117,[6, 5, 8, 12, 7, 9],[[2, 3], [3, 3], [1, 1], [1, 2], [1, 3], [2, 2]],1407,831,1371,831
645150,6,112,117,[6, 5, 8, 12, 7, 9],[[2, 3], [3, 3], [1, 1], [1, 2], [1, 3], [2, 2]],1408,816,1382,860
645239,6,112,117,[6, 5, 8, 12, 7, 9],[[2, 3], [3, 3], [1, 1], [1, 2], [1, 3], [2, 2]],1390,823,1384,866
645317,6,112,117,[6, 5, 8, 12, 7, 9],[[2, 3], [3, 3], [1, 1], [1, 2], [1, 3], [2, 2]],1387,803,1395,882
645372,6,112,117,[6, 5, 8, 12, 7, 9],[[2, 3], [3, 3], [1, 1], [1, 2], [1, 3], [2, 2]],1379,820,1405,887
645443,6,112,117,[6, 5, 8, 12, 7, 9],[[2, 3], [3, 3], [1, 1], [1, 2], [1, 3], [2, 2]],1383,824,1442,896
645498,6,112,117,[6, 5, 8, 12, 7, 9],[[2, 3], [3, 3], [1, 1], [1, 2], [1, 3], [2, 2]],1400,817,1470,899
645541,6,112,117,[6, 5, 8, 12, 7, 9],[[2, 3], [3, 3], [1, 1], [1, 2], [1, 3], [2, 2]],1370,836,1484,895
645630,6,112,117,[6, 5, 8, 12, 7, 9],[[2, 3], [3, 3], [1, 1], [1, 2], [1, 3], [2, 2]],1364,841,1490,867
645710,6,112,117,[6, 5, 8, 12, 7, 9],[[2, 3], [3, 3], [1, 1], [1, 2], [1, 3], [2, 2]],1342,839,1453,816
645773,6,112,117,[6, 5, 8, 12, 7, 9],[[2, 3], [3, 3], [1, 1], [1, 2], [1, 3], [2, 2]],1347,822,1430,812
645826,6,112,117,[6, 5, 8, 12, 7, 9],[[2, 3], [3, 3], [1, 1], [1, 2], [1, 3], [2, 2]],1367,828,1417,812
645869,6,112,117,[6, 5, 8, 12, 7, 9],[[2, 3], [3, 3], [1, 1], [1, 2], [1, 3], [2, 2]],1387,843,1411,814
645937,6,112,117,[6, 5, 8, 12, 7, 9],[[2, 3], [3, 3], [1, 1], [1, 2], [1, 3], [2, 2]],1398,854,1395,820
645994,6,112,117,[6, 5, 8, 12, 7, 9],[[2, 3], [3, 3], [1, 1], [1, 2], [1, 3], [2, 2]],1379,863,1389,824
646036,6,112,117,[6, 5, 8, 12, 7, 9],[[2, 3], [3, 3], [1, 1], [1, 2], [1, 3], [2, 2]],1352,880,1387,825
646112,6,112,117,[6, 5, 8, 12, 7, 9],[[2, 3], [3, 3], [1, 1], [1, 2], [1, 3], [2, 2]],1344,911,1386,825
646177,6,112,117,[6, 5, 8, 12, 7, 9],[[2, 3], [3, 3], [1, 1], [1, 2], [1, 3], [2, 2]],1342,893,1386,825
646241,6,112,117,[6, 5, 8, 12, 7, 9],[[2, 3], [3, 3], [1, 1], [1, 2], [1, 3], [2, 2]],1354,885,1386,826
646307,6,112,117,[6, 5, 8, 12, 7, 9],[[2, 3], [3, 3], [1, 1], [1, 2], [1, 3], [2, 2]],1363,883,1386,826
646343,6,112,117,[6, 5, 8, 12, 7, 9],[[2, 3], [3, 3], [1, 1], [1, 2], [1, 3], [2, 2]],1363,872,1381,836
646406,6,112,117,[6, 5, 8, 12, 7, 9],[[2, 3], [3, 3], [1, 1], [1, 2], [1, 3], [2, 2]],1340,869,1366,855
646450,6,112,117,[6, 5, 8, 12, 7, 9],[[2, 3], [3, 3], [1, 1], [1, 2], [1, 3], [2, 2]],1329,876,1353,869
646500,6,112,117,[6, 5, 8, 12, 7, 9],[[2, 3], [3, 3], [1, 1], [1, 2], [1, 3], [2, 2]],1338,894,1341,885
646577,6,112,117,[6, 5, 8, 12, 7, 9],[[2, 3], [3, 3], [1, 1], [1, 2], [1, 3], [2, 2]],1324,922,1337,889
646618,6,112,117,[6, 5, 8, 12, 7, 9],[[2, 3], [3, 3], [1, 1], [1, 2], [1, 3], [2, 2]],1334,899,1337,889
646676,6,112,117,[6, 5, 8, 12, 7, 9],[[2, 3], [3, 3], [1, 1], [1, 2], [1, 3], [2, 2]],1327,923,1337,889
646723,6,112,117,[6, 5, 8, 12, 7, 9],[[2, 3], [3, 3], [1, 1], [1, 2], [1, 3], [2, 2]],1334,932,1331,899
646768,6,112,117,[6, 5, 8, 12, 7, 9],[[2, 3], [3, 3], [1, 1], [1, 2], [1, 3], [2, 2]],1327,937,1328,901
646815,6,112,117,[6, 5, 8, 12, 7, 9],[[2, 3], [3, 3], [1, 1], [1, 2], [1, 3], [2, 2]],1309,959,1328,901
646857,6,112,117,[6, 5, 8, 12, 7, 9],[[2, 3], [3, 3], [1, 1], [1, 2], [1, 3], [2, 2]],1309,943,1328,901
646915,6,112,117,[6, 5, 8, 12, 7, 9],[[2, 3], [3, 3], [1, 1], [1, 2], [1, 3], [2, 2]],1292,938,1328,902
646973,6,112,117,[6, 5, 8, 12, 7, 9],[[2, 3], [3, 3], [1, 1], [1, 2], [1, 3], [2, 2]],1274,924,1328,902
647026,6,112,117,[6, 5, 8, 12, 7, 9],[[2, 3], [3, 3], [1, 1], [1, 2], [1, 3], [2, 2]],1282,907,1328,902
647089,6,112,117,[6, 5, 8, 12, 7, 9],[[2, 3], [3, 3], [1, 1], [1, 2], [1, 3], [2, 2]],1287,925,1326,911
647148,6,112,117,[6, 5, 8, 12, 7, 9],[[2, 3], [3, 3], [1, 1], [1, 2], [1, 3], [2, 2]],1260,923,1324,915
647202,6,112,117,[6, 5, 8, 12, 7, 9],[[2, 3], [3, 3], [1, 1], [1, 2], [1, 3], [2, 2]],1248,956,1324,916
647277,6,112,117,[6, 5, 8, 12, 7, 9],[[2, 3], [3, 3], [1, 1], [1, 2], [1, 3], [2, 2]],1259,929,1324,916
647368,6,112,117,[6, 5, 8, 12, 7, 9],[[2, 3], [3, 3], [1, 1], [1, 2], [1, 3], [2, 2]],1276,954,1322,921
647431,6,112,117,[6, 5, 8, 12, 7, 9],[[2, 3], [3, 3], [1, 1], [1, 2], [1, 3], [2, 2]],1254,949,1318,930
647499,6,112,117,[6, 5, 8, 12, 7, 9],[[2, 3], [3, 3], [1, 1], [1, 2], [1, 3], [2, 2]],1263,952,1313,936
647566,6,112,117,[6, 5, 8, 12, 7, 9],[[2, 3], [3, 3], [1, 1], [1, 2], [1, 3], [2, 2]],1274,957,1304,939
647630,6,112,117,[6, 5, 8, 12, 7, 9],[[2, 3], [3, 3], [1, 1], [1, 2], [1, 3], [2, 2]],1276,950,1290,941
647724,6,112,117,[6, 5, 8, 12, 7, 9],[[2, 3], [3, 3], [1, 1], [1, 2], [1, 3], [2, 2]],1275,932,1279,941
647822,6,112,117,[6, 5, 8, 12, 7, 9],[[2, 3], [3, 3], [1, 1], [1, 2], [1, 3], [2, 2]],1263,912,1279,941
647872,6,112,117,[6, 5, 8, 12, 7, 9],[[2, 3], [3, 3], [1, 1], [1, 2], [1, 3], [2, 2]],1272,924,1279,941
647927,6,112,117,[6, 5, 8, 12, 7, 9],[[2, 3], [3, 3], [1, 1], [1, 2], [1, 3], [2, 2]],1262,940,1279,941
647974,6,112,117,[6, 5, 8, 12, 7, 9],[[2, 3], [3, 3], [1, 1], [1, 2], [1, 3], [2, 2]],1255,938,1279,941
648017,6,112,117,[6, 5, 8, 12, 7, 9],[[2, 3], [3, 3], [1, 1], [1, 2], [1, 3], [2, 2]],1248,933,1279,941
648082,6,112,117,[6, 5, 8, 12, 7, 9],[[2, 3], [3, 3], [1, 1], [1, 2], [1, 3], [2, 2]],1258,927,1279,941
648158,6,112,117,[6, 5, 8, 12, 7, 9],[[2, 3], [3, 3], [1, 1], [1, 2], [1, 3], [2, 2]],1253,922,1279,941
648202,6,112,117,[6, 5, 8, 12, 7, 9],[[2, 3], [3, 3], [1, 1], [1, 2], [1, 3], [2, 2]],1258,946,1279,941
648250,6,112,117,[6, 5, 8, 12, 7, 9],[[2, 3], [3, 3], [1, 1], [1, 2], [1, 3], [2, 2]],1254,938,1279,941
648301,6,112,117,[6, 5, 8, 12, 7, 9],[[2, 3], [3, 3], [1, 1], [1, 2], [1, 3], [2, 2]],1256,945,1279,941
648358,6,112,117,[6, 5, 8, 12, 7, 9],[[2, 3], [3, 3], [1, 1], [1, 2], [1, 3], [2, 2]],1252,929,1279,941
648409,6,113,102,[10, 4, 8, 12, 2, 1],[[1, 3], [2, 3], [3, 1], [3, 2], [1, 1], [2, 2]],1250,962,1279,941
648446,6,113,102,[10, 4, 8, 12, 2, 1],[[1, 3], [2, 3], [3, 1], [3, 2], [1, 1], [2, 2]],1268,957,1279,941
648508,6,113,102,[10, 4, 8, 12, 2, 1],[[1, 3], [2, 3], [3, 1], [3, 2], [1, 1], [2, 2]],1237,959,1279,941
648556,6,113,102,[10, 4, 8, 12, 2, 1],[[1, 3], [2, 3], [3, 1], [3, 2], [1, 1], [2, 2]],1240,972,1279,941
648614,6,113,102,[10, 4, 8, 12, 2, 1],[[1, 3], [2, 3], [3, 1], [3, 2], [1, 1], [2, 2]],1267,955,1279,941
648663,6,113,102,[10, 4, 8, 12, 2, 1],[[1, 3], [2, 3], [3, 1], [3, 2], [1, 1], [2, 2]],1275,948,1279,941
648717,6,113,102,[10, 4, 8, 12, 2, 1],[[1, 3], [2, 3], [3, 1], [3, 2], [1, 1], [2, 2]],1277,973,1279,941
648780,6,113,102,[10, 4, 8, 12, 2, 1],[[1, 3], [2, 3], [3, 1], [3, 2], [1, 1], [2, 2]],1283,968,1279,941
648833,6,113,102,[10, 4, 8, 12, 2, 1],[[1, 3], [2, 3], [3, 1], [3, 2], [1, 1], [2, 2]],1283,955,1279,941
648882,6,113,102,[10, 4, 8, 12, 2, 1],[[1, 3], [2, 3], [3, 1], [3, 2], [1, 1], [2, 2]],1296,945,1279,941
648934,6,113,102,[10, 4, 8, 12, 2, 1],[[1, 3], [2, 3], [3, 1], [3, 2], [1, 1], [2, 2]],1316,939,1279,941
648974,6,113,102,[10, 4, 8, 12, 2, 1],[[1, 3], [2, 3], [3, 1], [3, 2], [1, 1], [2, 2]],1321,929,1279,941
649030,6,113,102,[10, 4, 8, 12, 2, 1],[[1, 3], [2, 3], [3, 1], [3, 2], [1, 1], [2, 2]],1324,919,1279,941
649088,6,113,102,[10, 4, 8, 12, 2, 1],[[1, 3], [2, 3], [3, 1], [3, 2], [1, 1], [2, 2]],1314,930,1279,941
649135,6,113,102,[10, 4, 8, 12, 2, 1],[[1, 3], [2, 3], [3, 1], [3, 2], [1, 1], [2, 2]],1299,934,1279,941
649175,6,113,102,[10, 4, 8, 12, 2, 1],[[1, 3], [2, 3], [3, 1], [3, 2], [1, 1], [2, 2]],1316,934,1279,941
649238,6,113,102,[10, 4, 8, 12, 2, 1],[[1, 3], [2, 3], [3, 1], [3, 2], [1, 1], [2, 2]],1296,931,1278,941
649307,6,113,102,[10, 4, 8, 12, 2, 1],[[1, 3], [2, 3], [3, 1], [3, 2], [1, 1], [2, 2]],1280,930,1276,941
649370,6,113,102,[10, 4, 8, 12, 2, 1],[[1, 3], [2, 3], [3, 1], [3, 2], [1, 1], [2, 2]],1294,935,1276,941
649419,6,113,102,[10, 4, 8, 12, 2, 1],[[1, 3], [2, 3], [3, 1], [3, 2], [1, 1], [2, 2]],1287,926,1276,941
649483,6,113,102,[10, 4, 8, 12, 2, 1],[[1, 3], [2, 3], [3, 1], [3, 2], [1, 1], [2, 2]],1270,917,1276,941
649547,6,113,102,[10, 4, 8, 12, 2, 1],[[1, 3], [2, 3], [3, 1], [3, 2], [1, 1], [2, 2]],1289,907,1276,941
649614,6,113,102,[10, 4, 8, 12, 2, 1],[[1, 3], [2, 3], [3, 1], [3, 2], [1, 1], [2, 2]],1313,914,1276,941
649672,6,113,102,[10, 4, 8, 12, 2, 1],[[1, 3], [2, 3], [3, 1], [3, 2], [1, 1], [2, 2]],1325,903,1276,941
649746,6,113,102,[10, 4, 8, 12, 2, 1],[[1, 3], [2, 3], [3, 1], [3, 2], [1, 1], [2, 2]],1331,923,1276,941
649807,6,113,102,[10, 4, 8, 12, 2, 1],[[1, 3], [2, 3], [3, 1], [3, 2], [1, 1], [2, 2]],1336,929,1276,941
649878,6,113,102,[10, 4, 8, 12, 2, 1],[[1, 3], [2, 3], [3, 1], [3, 2], [1, 1], [2, 2]],1331,959,1276,941
649960,6,113,102,[10, 4, 8, 12, 2, 1],[[1, 3], [2, 3], [3, 1], [3, 2], [1, 1], [2, 2]],1368,968,1276,941
650033,6,113,102,[10, 4, 8, 12, 2, 1],[[1, 3], [2, 3], [3, 1], [3, 2], [1, 1], [2, 2]],1357,987,1278,987
650090,6,113,102,[10, 4, 8, 12, 2, 1],[[1, 3], [2, 3], [3, 1], [3, 2], [1, 1], [2, 2]],1385,987,1287,1009
650170,6,113,102,[10, 4, 8, 12, 2, 1],[[1, 3], [2, 3], [3, 1], [3, 2], [1, 1], [2, 2]],1387,975,1288,1009
650242,6,113,102,[10, 4, 8, 12, 2, 1],[[1, 3], [2, 3], [3, 1], [3, 2], [1, 1], [2, 2]],1408,968,1288,1009
650310,6,113,102,[10, 4, 8, 12, 2, 1],[[1, 3], [2, 3], [3, 1], [3, 2], [1, 1], [2, 2]],1401,972,1288,1009
650348,6,113,102,[10, 4, 8, 12, 2, 1],[[1, 3], [2, 3], [3, 1], [3, 2], [1, 1], [2, 2]],1394,947,1288,1009
650409,6,113,102,[10, 4, 8, 12, 2, 1],[[1, 3], [2, 3], [3, 1], [3, 2], [1, 1], [2, 2]],1393,927,1299,1008
650459,6,113,102,[10, 4, 8, 12, 2, 1],[[1, 3], [2, 3], [3, 1], [3, 2], [1, 1], [2, 2]],1420,935,1395,997
650506,6,113,102,[10, 4, 8, 12, 2, 1],[[1, 3], [2, 3], [3, 1], [3, 2], [1, 1], [2, 2]],1418,923,1405,994
650559,6,113,102,[10, 4, 8, 12, 2, 1],[[1, 3], [2, 3], [3, 1], [3, 2], [1, 1], [2, 2]],1428,946,1404,994
650607,6,113,102,[10, 4, 8, 12, 2, 1],[[1, 3], [2, 3], [3, 1], [3, 2], [1, 1], [2, 2]],1448,944,1404,994
650655,6,113,102,[10, 4, 8, 12, 2, 1],[[1, 3], [2, 3], [3, 1], [3, 2], [1, 1], [2, 2]],1381,955,1404,994
650695,6,113,102,[10, 4, 8, 12, 2, 1],[[1, 3], [2, 3], [3, 1], [3, 2], [1, 1], [2, 2]],1390,961,1404,994
650743,6,113,102,[10, 4, 8, 12, 2, 1],[[1, 3], [2, 3], [3, 1], [3, 2], [1, 1], [2, 2]],1371,969,1404,994
650796,6,113,102,[10, 4, 8, 12, 2, 1],[[1, 3], [2, 3], [3, 1], [3, 2], [1, 1], [2, 2]],1357,973,1401,991
650859,6,113,102,[10, 4, 8, 12, 2, 1],[[1, 3], [2, 3], [3, 1], [3, 2], [1, 1], [2, 2]],1377,961,1385,955
650913,6,113,102,[10, 4, 8, 12, 2, 1],[[1, 3], [2, 3], [3, 1], [3, 2], [1, 1], [2, 2]],1361,946,1382,948
650971,6,113,102,[10, 4, 8, 12, 2, 1],[[1, 3], [2, 3], [3, 1], [3, 2], [1, 1], [2, 2]],1356,921,1381,942
651051,6,113,102,[10, 4, 8, 12, 2, 1],[[1, 3], [2, 3], [3, 1], [3, 2], [1, 1], [2, 2]],1369,920,1381,942
651099,6,113,102,[10, 4, 8, 12, 2, 1],[[1, 3], [2, 3], [3, 1], [3, 2], [1, 1], [2, 2]],1379,943,1381,942
651161,6,113,102,[10, 4, 8, 12, 2, 1],[[1, 3], [2, 3], [3, 1], [3, 2], [1, 1], [2, 2]],1348,919,1381,942
651229,6,113,102,[10, 4, 8, 12, 2, 1],[[1, 3], [2, 3], [3, 1], [3, 2], [1, 1], [2, 2]],1364,909,1381,942
651277,6,113,102,[10, 4, 8, 12, 2, 1],[[1, 3], [2, 3], [3, 1], [3, 2], [1, 1], [2, 2]],1391,910,1381,942
651324,6,113,102,[10, 4, 8, 12, 2, 1],[[1, 3], [2, 3], [3, 1], [3, 2], [1, 1], [2, 2]],1374,961,1381,942
651379,6,113,102,[10, 4, 8, 12, 2, 1],[[1, 3], [2, 3], [3, 1], [3, 2], [1, 1], [2, 2]],1321,963,1381,942
651424,6,113,102,[10, 4, 8, 12, 2, 1],[[1, 3], [2, 3], [3, 1], [3, 2], [1, 1], [2, 2]],1301,954,1381,942
651518,6,113,102,[10, 4, 8, 12, 2, 1],[[1, 3], [2, 3], [3, 1], [3, 2], [1, 1], [2, 2]],1307,931,1381,942
651560,6,113,102,[10, 4, 8, 12, 2, 1],[[1, 3], [2, 3], [3, 1], [3, 2], [1, 1], [2, 2]],1307,925,1381,942
651624,6,113,102,[10, 4, 8, 12, 2, 1],[[1, 3], [2, 3], [3, 1], [3, 2], [1, 1], [2, 2]],1278,964,1381,942
651714,6,113,102,[10, 4, 8, 12, 2, 1],[[1, 3], [2, 3], [3, 1], [3, 2], [1, 1], [2, 2]],1264,957,1381,942
651764,6,113,102,[10, 4, 8, 12, 2, 1],[[1, 3], [2, 3], [3, 1], [3, 2], [1, 1], [2, 2]],1283,934,1381,942
651847,6,113,102,[10, 4, 8, 12, 2, 1],[[1, 3], [2, 3], [3, 1], [3, 2], [1, 1], [2, 2]],1283,921,1381,942
651887,6,113,102,[10, 4, 8, 12, 2, 1],[[1, 3], [2, 3], [3, 1], [3, 2], [1, 1], [2, 2]],1272,922,1381,942
651959,6,113,102,[10, 4, 8, 12, 2, 1],[[1, 3], [2, 3], [3, 1], [3, 2], [1, 1], [2, 2]],1253,919,1381,942
652036,6,113,102,[10, 4, 8, 12, 2, 1],[[1, 3], [2, 3], [3, 1], [3, 2], [1, 1], [2, 2]],1249,941,1381,942
652081,6,113,102,[10, 4, 8, 12, 2, 1],[[1, 3], [2, 3], [3, 1], [3, 2], [1, 1], [2, 2]],1242,950,1381,942
652146,6,113,102,[10, 4, 8, 12, 2, 1],[[1, 3], [2, 3], [3, 1], [3, 2], [1, 1], [2, 2]],1272,955,1381,942
652200,6,113,102,[10, 4, 8, 12, 2, 1],[[1, 3], [2, 3], [3, 1], [3, 2], [1, 1], [2, 2]],1281,963,1381,942
652282,6,113,102,[10, 4, 8, 12, 2, 1],[[1, 3], [2, 3], [3, 1], [3, 2], [1, 1], [2, 2]],1266,955,1381,942
652341,6,113,102,[10, 4, 8, 12, 2, 1],[[1, 3], [2, 3], [3, 1], [3, 2], [1, 1], [2, 2]],1258,977,1381,942
652424,6,114,28,[10, 4, 3, 11, 7, 9],[[1, 1], [2, 1], [3, 1], [3, 2], [1, 3], [2, 2]],1224,978,1371,941
652483,6,114,28,[10, 4, 3, 11, 7, 9],[[1, 1], [2, 1], [3, 1], [3, 2], [1, 3], [2, 2]],1208,988,1319,934
652534,6,114,28,[10, 4, 3, 11, 7, 9],[[1, 1], [2, 1], [3, 1], [3, 2], [1, 3], [2, 2]],1195,1005,1319,934
652594,6,114,28,[10, 4, 3, 11, 7, 9],[[1, 1], [2, 1], [3, 1], [3, 2], [1, 3], [2, 2]],1159,1011,1319,934
652640,6,114,28,[10, 4, 3, 11, 7, 9],[[1, 1], [2, 1], [3, 1], [3, 2], [1, 3], [2, 2]],1163,977,1319,934
652681,6,114,28,[10, 4, 3, 11, 7, 9],[[1, 1], [2, 1], [3, 1], [3, 2], [1, 3], [2, 2]],1158,987,1319,934
652728,6,114,28,[10, 4, 3, 11, 7, 9],[[1, 1], [2, 1], [3, 1], [3, 2], [1, 3], [2, 2]],1171,971,1319,934
652767,6,114,28,[10, 4, 3, 11, 7, 9],[[1, 1], [2, 1], [3, 1], [3, 2], [1, 3], [2, 2]],1193,979,1319,934
652835,6,114,28,[10, 4, 3, 11, 7, 9],[[1, 1], [2, 1], [3, 1], [3, 2], [1, 3], [2, 2]],1191,967,1311,946
652909,6,114,28,[10, 4, 3, 11, 7, 9],[[1, 1], [2, 1], [3, 1], [3, 2], [1, 3], [2, 2]],1199,986,1309,948
652973,6,114,28,[10, 4, 3, 11, 7, 9],[[1, 1], [2, 1], [3, 1], [3, 2], [1, 3], [2, 2]],1196,988,1309,948
653040,6,114,28,[10, 4, 3, 11, 7, 9],[[1, 1], [2, 1], [3, 1], [3, 2], [1, 3], [2, 2]],1207,970,1309,948
653085,6,114,28,[10, 4, 3, 11, 7, 9],[[1, 1], [2, 1], [3, 1], [3, 2], [1, 3], [2, 2]],1197,968,1309,948
653159,6,114,28,[10, 4, 3, 11, 7, 9],[[1, 1], [2, 1], [3, 1], [3, 2], [1, 3], [2, 2]],1196,955,1309,949
653212,6,114,28,[10, 4, 3, 11, 7, 9],[[1, 1], [2, 1], [3, 1], [3, 2], [1, 3], [2, 2]],1169,942,1309,949
653266,6,114,28,[10, 4, 3, 11, 7, 9],[[1, 1], [2, 1], [3, 1], [3, 2], [1, 3], [2, 2]],1178,931,1302,950
653332,6,114,28,[10, 4, 3, 11, 7, 9],[[1, 1], [2, 1], [3, 1], [3, 2], [1, 3], [2, 2]],1178,913,1285,956
653402,6,114,28,[10, 4, 3, 11, 7, 9],[[1, 1], [2, 1], [3, 1], [3, 2], [1, 3], [2, 2]],1162,922,1278,967
653441,6,114,28,[10, 4, 3, 11, 7, 9],[[1, 1], [2, 1], [3, 1], [3, 2], [1, 3], [2, 2]],1155,918,1276,971
653481,6,114,28,[10, 4, 3, 11, 7, 9],[[1, 1], [2, 1], [3, 1], [3, 2], [1, 3], [2, 2]],1150,905,1275,971
653542,6,114,28,[10, 4, 3, 11, 7, 9],[[1, 1], [2, 1], [3, 1], [3, 2], [1, 3], [2, 2]],1139,889,1275,971
653619,6,114,28,[10, 4, 3, 11, 7, 9],[[1, 1], [2, 1], [3, 1], [3, 2], [1, 3], [2, 2]],1147,914,1216,957
653688,6,114,28,[10, 4, 3, 11, 7, 9],[[1, 1], [2, 1], [3, 1], [3, 2], [1, 3], [2, 2]],1147,924,1197,955
653753,6,114,28,[10, 4, 3, 11, 7, 9],[[1, 1], [2, 1], [3, 1], [3, 2], [1, 3], [2, 2]],1119,917,1171,940
653831,6,114,28,[10, 4, 3, 11, 7, 9],[[1, 1], [2, 1], [3, 1], [3, 2], [1, 3], [2, 2]],1092,914,1123,919
653903,6,114,28,[10, 4, 3, 11, 7, 9],[[1, 1], [2, 1], [3, 1], [3, 2], [1, 3], [2, 2]],1103,940,1096,909
653958,6,114,28,[10, 4, 3, 11, 7, 9],[[1, 1], [2, 1], [3, 1], [3, 2], [1, 3], [2, 2]],1111,935,1089,899
654030,6,114,28,[10, 4, 3, 11, 7, 9],[[1, 1], [2, 1], [3, 1], [3, 2], [1, 3], [2, 2]],1085,954,1084,889
654083,6,114,28,[10, 4, 3, 11, 7, 9],[[1, 1], [2, 1], [3, 1], [3, 2], [1, 3], [2, 2]],1090,940,1084,888
654133,6,114,28,[10, 4, 3, 11, 7, 9],[[1, 1], [2, 1], [3, 1], [3, 2], [1, 3], [2, 2]],1066,961,1084,888
654196,6,114,28,[10, 4, 3, 11, 7, 9],[[1, 1], [2, 1], [3, 1], [3, 2], [1, 3], [2, 2]],1017,963,1076,858
654247,6,114,28,[10, 4, 3, 11, 7, 9],[[1, 1], [2, 1], [3, 1], [3, 2], [1, 3], [2, 2]],1000,935,1071,834
654299,6,114,28,[10, 4, 3, 11, 7, 9],[[1, 1], [2, 1], [3, 1], [3, 2], [1, 3], [2, 2]],974,917,1063,815
654355,6,114,28,[10, 4, 3, 11, 7, 9],[[1, 1], [2, 1], [3, 1], [3, 2], [1, 3], [2, 2]],980,911,1063,814
654389,6,114,28,[10, 4, 3, 11, 7, 9],[[1, 1], [2, 1], [3, 1], [3, 2], [1, 3], [2, 2]],988,916,1063,814
654464,6,114,28,[10, 4, 3, 11, 7, 9],[[1, 1], [2, 1], [3, 1], [3, 2], [1, 3], [2, 2]],988,917,1063,814
654514,6,114,28,[10, 4, 3, 11, 7, 9],[[1, 1], [2, 1], [3, 1], [3, 2], [1, 3], [2, 2]],995,926,1053,801
654567,6,114,28,[10, 4, 3, 11, 7, 9],[[1, 1], [2, 1], [3, 1], [3, 2], [1, 3], [2, 2]],985,943,1032,792
654617,6,114,28,[10, 4, 3, 11, 7, 9],[[1, 1], [2, 1], [3, 1], [3, 2], [1, 3], [2, 2]],968,962,1021,792
654657,6,114,28,[10, 4, 3, 11, 7, 9],[[1, 1], [2, 1], [3, 1], [3, 2], [1, 3], [2, 2]],954,962,1014,793
654700,6,114,28,[10, 4, 3, 11, 7, 9],[[1, 1], [2, 1], [3, 1], [3, 2], [1, 3], [2, 2]],985,939,1003,796
654758,6,114,28,[10, 4, 3, 11, 7, 9],[[1, 1], [2, 1], [3, 1], [3, 2], [1, 3], [2, 2]],966,914,994,799
654804,6,114,28,[10, 4, 3, 11, 7, 9],[[1, 1], [2, 1], [3, 1], [3, 2], [1, 3], [2, 2]],972,898,980,814
654845,6,114,28,[10, 4, 3, 11, 7, 9],[[1, 1], [2, 1], [3, 1], [3, 2], [1, 3], [2, 2]],985,901,973,833
654891,6,114,28,[10, 4, 3, 11, 7, 9],[[1, 1], [2, 1], [3, 1], [3, 2], [1, 3], [2, 2]],974,889,971,849
654932,6,114,28,[10, 4, 3, 11, 7, 9],[[1, 1], [2, 1], [3, 1], [3, 2], [1, 3], [2, 2]],991,914,970,852
654985,6,114,28,[10, 4, 3, 11, 7, 9],[[1, 1], [2, 1], [3, 1], [3, 2], [1, 3], [2, 2]],971,918,970,852
655043,6,114,28,[10, 4, 3, 11, 7, 9],[[1, 1], [2, 1], [3, 1], [3, 2], [1, 3], [2, 2]],978,920,966,860
655090,6,114,28,[10, 4, 3, 11, 7, 9],[[1, 1], [2, 1], [3, 1], [3, 2], [1, 3], [2, 2]],985,914,959,871
655131,6,114,28,[10, 4, 3, 11, 7, 9],[[1, 1], [2, 1], [3, 1], [3, 2], [1, 3], [2, 2]],1020,915,955,874
655194,6,114,28,[10, 4, 3, 11, 7, 9],[[1, 1], [2, 1], [3, 1], [3, 2], [1, 3], [2, 2]],1050,944,947,878
655257,6,114,28,[10, 4, 3, 11, 7, 9],[[1, 1], [2, 1], [3, 1], [3, 2], [1, 3], [2, 2]],1046,957,939,880
655357,6,114,28,[10, 4, 3, 11, 7, 9],[[1, 1], [2, 1], [3, 1], [3, 2], [1, 3], [2, 2]],1050,950,926,887
655421,6,114,28,[10, 4, 3, 11, 7, 9],[[1, 1], [2, 1], [3, 1], [3, 2], [1, 3], [2, 2]],1038,954,926,887
655473,6,114,28,[10, 4, 3, 11, 7, 9],[[1, 1], [2, 1], [3, 1], [3, 2], [1, 3], [2, 2]],1052,947,926,887
655551,6,114,28,[10, 4, 3, 11, 7, 9],[[1, 1], [2, 1], [3, 1], [3, 2], [1, 3], [2, 2]],1042,950,936,897
655618,6,114,28,[10, 4, 3, 11, 7, 9],[[1, 1], [2, 1], [3, 1], [3, 2], [1, 3], [2, 2]],1040,962,993,925
655709,6,114,28,[10, 4, 3, 11, 7, 9],[[1, 1], [2, 1], [3, 1], [3, 2], [1, 3], [2, 2]],1038,971,1016,932
655797,6,114,28,[10, 4, 3, 11, 7, 9],[[1, 1], [2, 1], [3, 1], [3, 2], [1, 3], [2, 2]],1051,937,1018,933
655873,6,114,28,[10, 4, 3, 11, 7, 9],[[1, 1], [2, 1], [3, 1], [3, 2], [1, 3], [2, 2]],1068,923,1018,933
655953,6,114,28,[10, 4, 3, 11, 7, 9],[[1, 1], [2, 1], [3, 1], [3, 2], [1, 3], [2, 2]],1081,944,1025,927
656032,6,114,28,[10, 4, 3, 11, 7, 9],[[1, 1], [2, 1], [3, 1], [3, 2], [1, 3], [2, 2]],1068,948,1026,915
656069,6,114,28,[10, 4, 3, 11, 7, 9],[[1, 1], [2, 1], [3, 1], [3, 2], [1, 3], [2, 2]],1073,934,1023,906
656178,6,114,28,[10, 4, 3, 11, 7, 9],[[1, 1], [2, 1], [3, 1], [3, 2], [1, 3], [2, 2]],1093,913,1018,895
656226,6,114,28,[10, 4, 3, 11, 7, 9],[[1, 1], [2, 1], [3, 1], [3, 2], [1, 3], [2, 2]],1092,911,1016,892
656272,6,114,28,[10, 4, 3, 11, 7, 9],[[1, 1], [2, 1], [3, 1], [3, 2], [1, 3], [2, 2]],1101,897,1016,892
656315,6,114,28,[10, 4, 3, 11, 7, 9],[[1, 1], [2, 1], [3, 1], [3, 2], [1, 3], [2, 2]],1094,905,1016,892
656379,6,114,28,[10, 4, 3, 11, 7, 9],[[1, 1], [2, 1], [3, 1], [3, 2], [1, 3], [2, 2]],1087,924,1010,894
656444,6,114,28,[10, 4, 3, 11, 7, 9],[[1, 1], [2, 1], [3, 1], [3, 2], [1, 3], [2, 2]],1078,911,997,899
656520,6,115,27,[6, 5, 3, 11, 7, 9],[[1, 1], [2, 1], [3, 1], [3, 2], [1, 3], [2, 2]],1068,896,994,906
656568,6,115,27,[6, 5, 3, 11, 7, 9],[[1, 1], [2, 1], [3, 1], [3, 2], [1, 3], [2, 2]],1108,897,993,908
656622,6,115,27,[6, 5, 3, 11, 7, 9],[[1, 1], [2, 1], [3, 1], [3, 2], [1, 3], [2, 2]],1121,925,1006,923
656678,6,115,27,[6, 5, 3, 11, 7, 9],[[1, 1], [2, 1], [3, 1], [3, 2], [1, 3], [2, 2]],1104,918,1041,941
656732,6,115,27,[6, 5, 3, 11, 7, 9],[[1, 1], [2, 1], [3, 1], [3, 2], [1, 3], [2, 2]],1127,918,1087,952
656781,6,115,27,[6, 5, 3, 11, 7, 9],[[1, 1], [2, 1], [3, 1], [3, 2], [1, 3], [2, 2]],1168,909,1109,953
656839,6,115,27,[6, 5, 3, 11, 7, 9],[[1, 1], [2, 1], [3, 1], [3, 2], [1, 3], [2, 2]],1200,901,1121,951
656880,6,115,27,[6, 5, 3, 11, 7, 9],[[1, 1], [2, 1], [3, 1], [3, 2], [1, 3], [2, 2]],1199,896,1122,945
656928,6,115,27,[6, 5, 3, 11, 7, 9],[[1, 1], [2, 1], [3, 1], [3, 2], [1, 3], [2, 2]],1194,927,1123,934
656973,6,115,27,[6, 5, 3, 11, 7, 9],[[1, 1], [2, 1], [3, 1], [3, 2], [1, 3], [2, 2]],1197,941,1124,925
657014,6,115,27,[6, 5, 3, 11, 7, 9],[[1, 1], [2, 1], [3, 1], [3, 2], [1, 3], [2, 2]],1192,949,1124,919
657077,6,115,27,[6, 5, 3, 11, 7, 9],[[1, 1], [2, 1], [3, 1], [3, 2], [1, 3], [2, 2]],1170,943,1123,912
657149,6,115,27,[6, 5, 3, 11, 7, 9],[[1, 1], [2, 1], [3, 1], [3, 2], [1, 3], [2, 2]],1158,957,1119,907
657196,6,115,27,[6, 5, 3, 11, 7, 9],[[1, 1], [2, 1], [3, 1], [3, 2], [1, 3], [2, 2]],1166,980,1114,898
657236,6,115,27,[6, 5, 3, 11, 7, 9],[[1, 1], [2, 1], [3, 1], [3, 2], [1, 3], [2, 2]],1165,990,1108,895
657298,6,115,27,[6, 5, 3, 11, 7, 9],[[1, 1], [2, 1], [3, 1], [3, 2], [1, 3], [2, 2]],1171,983,1103,893
657373,6,115,27,[6, 5, 3, 11, 7, 9],[[1, 1], [2, 1], [3, 1], [3, 2], [1, 3], [2, 2]],1185,982,1095,892
657427,6,115,27,[6, 5, 3, 11, 7, 9],[[1, 1], [2, 1], [3, 1], [3, 2], [1, 3], [2, 2]],1166,976,1095,892
657492,6,115,27,[6, 5, 3, 11, 7, 9],[[1, 1], [2, 1], [3, 1], [3, 2], [1, 3], [2, 2]],1159,968,1095,892
657557,6,115,27,[6, 5, 3, 11, 7, 9],[[1, 1], [2, 1], [3, 1], [3, 2], [1, 3], [2, 2]],1167,973,1095,892
657625,6,115,27,[6, 5, 3, 11, 7, 9],[[1, 1], [2, 1], [3, 1], [3, 2], [1, 3], [2, 2]],1167,973,1095,892
657722,6,115,27,[6, 5, 3, 11, 7, 9],[[1, 1], [2, 1], [3, 1], [3, 2], [1, 3], [2, 2]],1167,983,1095,892
657783,6,115,27,[6, 5, 3, 11, 7, 9],[[1, 1], [2, 1], [3, 1], [3, 2], [1, 3], [2, 2]],1161,978,1057,895
657865,6,115,27,[6, 5, 3, 11, 7, 9],[[1, 1], [2, 1], [3, 1], [3, 2], [1, 3], [2, 2]],1162,975,1047,895
657966,6,115,27,[6, 5, 3, 11, 7, 9],[[1, 1], [2, 1], [3, 1], [3, 2], [1, 3], [2, 2]],1182,984,1043,895
658006,6,115,27,[6, 5, 3, 11, 7, 9],[[1, 1], [2, 1], [3, 1], [3, 2], [1, 3], [2, 2]],1178,977,1043,896
658072,6,115,27,[6, 5, 3, 11, 7, 9],[[1, 1], [2, 1], [3, 1], [3, 2], [1, 3], [2, 2]],1202,980,1043,896
658144,6,115,27,[6, 5, 3, 11, 7, 9],[[1, 1], [2, 1], [3, 1], [3, 2], [1, 3], [2, 2]],1187,976,1043,896
658220,6,115,27,[6, 5, 3, 11, 7, 9],[[1, 1], [2, 1], [3, 1], [3, 2], [1, 3], [2, 2]],1202,975,1043,896
658271,6,115,27,[6, 5, 3, 11, 7, 9],[[1, 1], [2, 1], [3, 1], [3, 2], [1, 3], [2, 2]],1207,1005,1043,896
658345,6,115,27,[6, 5, 3, 11, 7, 9],[[1, 1], [2, 1], [3, 1], [3, 2], [1, 3], [2, 2]],1197,993,1043,896
658400,6,115,27,[6, 5, 3, 11, 7, 9],[[1, 1], [2, 1], [3, 1], [3, 2], [1, 3], [2, 2]],1197,987,1043,896
658466,6,115,27,[6, 5, 3, 11, 7, 9],[[1, 1], [2, 1], [3, 1], [3, 2], [1, 3], [2, 2]],1195,992,1043,896
658517,6,115,27,[6, 5, 3, 11, 7, 9],[[1, 1], [2, 1], [3, 1], [3, 2], [1, 3], [2, 2]],1204,983,1043,896
658555,6,115,27,[6, 5, 3, 11, 7, 9],[[1, 1], [2, 1], [3, 1], [3, 2], [1, 3], [2, 2]],1219,955,1043,896
658606,6,115,27,[6, 5, 3, 11, 7, 9],[[1, 1], [2, 1], [3, 1], [3, 2], [1, 3], [2, 2]],1229,950,1043,896
658664,6,115,27,[6, 5, 3, 11, 7, 9],[[1, 1], [2, 1], [3, 1], [3, 2], [1, 3], [2, 2]],1232,939,1043,896
658706,6,115,27,[6, 5, 3, 11, 7, 9],[[1, 1], [2, 1], [3, 1], [3, 2], [1, 3], [2, 2]],1215,937,1043,896
658765,6,115,27,[6, 5, 3, 11, 7, 9],[[1, 1], [2, 1], [3, 1], [3, 2], [1, 3], [2, 2]],1209,919,1043,896
658811,6,115,27,[6, 5, 3, 11, 7, 9],[[1, 1], [2, 1], [3, 1], [3, 2], [1, 3], [2, 2]],1192,906,1043,896
658853,6,115,27,[6, 5, 3, 11, 7, 9],[[1, 1], [2, 1], [3, 1], [3, 2], [1, 3], [2, 2]],1194,893,1043,896
658900,6,115,27,[6, 5, 3, 11, 7, 9],[[1, 1], [2, 1], [3, 1], [3, 2], [1, 3], [2, 2]],1178,910,1075,910
658939,6,115,27,[6, 5, 3, 11, 7, 9],[[1, 1], [2, 1], [3, 1], [3, 2], [1, 3], [2, 2]],1190,911,1095,916
658997,6,115,27,[6, 5, 3, 11, 7, 9],[[1, 1], [2, 1], [3, 1], [3, 2], [1, 3], [2, 2]],1174,914,1102,917
659069,6,115,27,[6, 5, 3, 11, 7, 9],[[1, 1], [2, 1], [3, 1], [3, 2], [1, 3], [2, 2]],1142,917,1102,917
659127,6,115,27,[6, 5, 3, 11, 7, 9],[[1, 1], [2, 1], [3, 1], [3, 2], [1, 3], [2, 2]],1141,920,1102,917
659185,6,115,27,[6, 5, 3, 11, 7, 9],[[1, 1], [2, 1], [3, 1], [3, 2], [1, 3], [2, 2]],1145,931,1102,917
659248,6,115,27,[6, 5, 3, 11, 7, 9],[[1, 1], [2, 1], [3, 1], [3, 2], [1, 3], [2, 2]],1142,932,1144,917
659301,6,115,27,[6, 5, 3, 11, 7, 9],[[1, 1], [2, 1], [3, 1], [3, 2], [1, 3], [2, 2]],1153,930,1161,917
659353,6,115,27,[6, 5, 3, 11, 7, 9],[[1, 1], [2, 1], [3, 1], [3, 2], [1, 3], [2, 2]],1147,926,1161,917
659407,6,115,27,[6, 5, 3, 11, 7, 9],[[1, 1], [2, 1], [3, 1], [3, 2], [1, 3], [2, 2]],1156,922,1161,917
659457,6,115,27,[6, 5, 3, 11, 7, 9],[[1, 1], [2, 1], [3, 1], [3, 2], [1, 3], [2, 2]],1169,937,1161,915
659532,6,115,27,[6, 5, 3, 11, 7, 9],[[1, 1], [2, 1], [3, 1], [3, 2], [1, 3], [2, 2]],1164,943,1147,908
659605,6,115,27,[6, 5, 3, 11, 7, 9],[[1, 1], [2, 1], [3, 1], [3, 2], [1, 3], [2, 2]],1155,967,1111,899
659672,6,115,27,[6, 5, 3, 11, 7, 9],[[1, 1], [2, 1], [3, 1], [3, 2], [1, 3], [2, 2]],1148,994,1105,896
659757,6,115,27,[6, 5, 3, 11, 7, 9],[[1, 1], [2, 1], [3, 1], [3, 2], [1, 3], [2, 2]],1194,994,1098,896
659809,6,115,27,[6, 5, 3, 11, 7, 9],[[1, 1], [2, 1], [3, 1], [3, 2], [1, 3], [2, 2]],1192,993,1098,896
659883,6,115,27,[6, 5, 3, 11, 7, 9],[[1, 1], [2, 1], [3, 1], [3, 2], [1, 3], [2, 2]],1186,1031,1098,896
659959,6,115,27,[6, 5, 3, 11, 7, 9],[[1, 1], [2, 1], [3, 1], [3, 2], [1, 3], [2, 2]],1176,1005,1098,896
660026,6,115,27,[6, 5, 3, 11, 7, 9],[[1, 1], [2, 1], [3, 1], [3, 2], [1, 3], [2, 2]],1206,1030,1118,926
660071,6,115,27,[6, 5, 3, 11, 7, 9],[[1, 1], [2, 1], [3, 1], [3, 2], [1, 3], [2, 2]],1171,985,1137,941
660137,6,115,27,[6, 5, 3, 11, 7, 9],[[1, 1], [2, 1], [3, 1], [3, 2], [1, 3], [2, 2]],1181,966,1148,952
660207,6,115,27,[6, 5, 3, 11, 7, 9],[[1, 1], [2, 1], [3, 1], [3, 2], [1, 3], [2, 2]],1151,980,1152,955
660258,6,115,27,[6, 5, 3, 11, 7, 9],[[1, 1], [2, 1], [3, 1], [3, 2], [1, 3], [2, 2]],1150,977,1161,961
660331,6,115,27,[6, 5, 3, 11, 7, 9],[[1, 1], [2, 1], [3, 1], [3, 2], [1, 3], [2, 2]],1131,944,1165,965
660372,6,115,27,[6, 5, 3, 11, 7, 9],[[1, 1], [2, 1], [3, 1], [3, 2], [1, 3], [2, 2]],1153,935,1166,966
660440,6,115,27,[6, 5, 3, 11, 7, 9],[[1, 1], [2, 1], [3, 1], [3, 2], [1, 3], [2, 2]],1138,947,1167,966
660490,6,115,27,[6, 5, 3, 11, 7, 9],[[1, 1], [2, 1], [3, 1], [3, 2], [1, 3], [2, 2]],1176,961,1167,966
660554,6,116,126,[10, 4, 8, 12, 2, 1],[[2, 3], [3, 3], [1, 2], [1, 3], [2, 1], [3, 2]],1155,971,1167,966
660605,6,116,126,[10, 4, 8, 12, 2, 1],[[2, 3], [3, 3], [1, 2], [1, 3], [2, 1], [3, 2]],1150,960,1167,966
660650,6,116,126,[10, 4, 8, 12, 2, 1],[[2, 3], [3, 3], [1, 2], [1, 3], [2, 1], [3, 2]],1174,966,1155,967
660699,6,116,126,[10, 4, 8, 12, 2, 1],[[2, 3], [3, 3], [1, 2], [1, 3], [2, 1], [3, 2]],1184,995,1139,967
660739,6,116,126,[10, 4, 8, 12, 2, 1],[[2, 3], [3, 3], [1, 2], [1, 3], [2, 1], [3, 2]],1192,999,1139,967
660781,6,116,126,[10, 4, 8, 12, 2, 1],[[2, 3], [3, 3], [1, 2], [1, 3], [2, 1], [3, 2]],1219,1003,1139,967
660838,6,116,126,[10, 4, 8, 12, 2, 1],[[2, 3], [3, 3], [1, 2], [1, 3], [2, 1], [3, 2]],1209,997,1139,960
660895,6,116,126,[10, 4, 8, 12, 2, 1],[[2, 3], [3, 3], [1, 2], [1, 3], [2, 1], [3, 2]],1200,982,1145,950
660948,6,116,126,[10, 4, 8, 12, 2, 1],[[2, 3], [3, 3], [1, 2], [1, 3], [2, 1], [3, 2]],1163,1013,1156,944
660990,6,116,126,[10, 4, 8, 12, 2, 1],[[2, 3], [3, 3], [1, 2], [1, 3], [2, 1], [3, 2]],1148,1009,1159,942
661048,6,116,126,[10, 4, 8, 12, 2, 1],[[2, 3], [3, 3], [1, 2], [1, 3], [2, 1], [3, 2]],1143,987,1164,938
661110,6,116,126,[10, 4, 8, 12, 2, 1],[[2, 3], [3, 3], [1, 2], [1, 3], [2, 1], [3, 2]],1167,979,1172,934
661188,6,116,126,[10, 4, 8, 12, 2, 1],[[2, 3], [3, 3], [1, 2], [1, 3], [2, 1], [3, 2]],1146,976,1173,934
661257,6,116,126,[10, 4, 8, 12, 2, 1],[[2, 3], [3, 3], [1, 2], [1, 3], [2, 1], [3, 2]],1128,974,1187,925
661330,6,116,126,[10, 4, 8, 12, 2, 1],[[2, 3], [3, 3], [1, 2], [1, 3], [2, 1], [3, 2]],1136,960,1195,919
661385,6,116,126,[10, 4, 8, 12, 2, 1],[[2, 3], [3, 3], [1, 2], [1, 3], [2, 1], [3, 2]],1137,968,1196,917
661456,6,116,126,[10, 4, 8, 12, 2, 1],[[2, 3], [3, 3], [1, 2], [1, 3], [2, 1], [3, 2]],1157,971,1196,917
661519,6,116,126,[10, 4, 8, 12, 2, 1],[[2, 3], [3, 3], [1, 2], [1, 3], [2, 1], [3, 2]],1148,955,1195,911
661568,6,116,126,[10, 4, 8, 12, 2, 1],[[2, 3], [3, 3], [1, 2], [1, 3], [2, 1], [3, 2]],1147,974,1189,910
661610,6,116,126,[10, 4, 8, 12, 2, 1],[[2, 3], [3, 3], [1, 2], [1, 3], [2, 1], [3, 2]],1140,1005,1178,908
661687,6,116,126,[10, 4, 8, 12, 2, 1],[[2, 3], [3, 3], [1, 2], [1, 3], [2, 1], [3, 2]],1116,989,1164,909
661732,6,116,126,[10, 4, 8, 12, 2, 1],[[2, 3], [3, 3], [1, 2], [1, 3], [2, 1], [3, 2]],1140,968,1160,911
661817,6,116,126,[10, 4, 8, 12, 2, 1],[[2, 3], [3, 3], [1, 2], [1, 3], [2, 1], [3, 2]],1129,971,1154,919
661879,6,116,126,[10, 4, 8, 12, 2, 1],[[2, 3], [3, 3], [1, 2], [1, 3], [2, 1], [3, 2]],1137,958,1153,928
661948,6,116,126,[10, 4, 8, 12, 2, 1],[[2, 3], [3, 3], [1, 2], [1, 3], [2, 1], [3, 2]],1122,957,1148,934
662008,6,116,126,[10, 4, 8, 12, 2, 1],[[2, 3], [3, 3], [1, 2], [1, 3], [2, 1], [3, 2]],1137,945,1147,939
662093,6,116,126,[10, 4, 8, 12, 2, 1],[[2, 3], [3, 3], [1, 2], [1, 3], [2, 1], [3, 2]],1146,923,1146,944
662129,6,116,126,[10, 4, 8, 12, 2, 1],[[2, 3], [3, 3], [1, 2], [1, 3], [2, 1], [3, 2]],1118,922,1146,951
662186,6,116,126,[10, 4, 8, 12, 2, 1],[[2, 3], [3, 3], [1, 2], [1, 3], [2, 1], [3, 2]],1117,915,1145,958
662252,6,116,126,[10, 4, 8, 12, 2, 1],[[2, 3], [3, 3], [1, 2], [1, 3], [2, 1], [3, 2]],1124,907,1142,966
662297,6,116,126,[10, 4, 8, 12, 2, 1],[[2, 3], [3, 3], [1, 2], [1, 3], [2, 1], [3, 2]],1108,896,1139,970
662402,6,116,126,[10, 4, 8, 12, 2, 1],[[2, 3], [3, 3], [1, 2], [1, 3], [2, 1], [3, 2]],1115,896,1139,971
662442,6,116,126,[10, 4, 8, 12, 2, 1],[[2, 3], [3, 3], [1, 2], [1, 3], [2, 1], [3, 2]],1135,919,1135,962
662487,6,116,126,[10, 4, 8, 12, 2, 1],[[2, 3], [3, 3], [1, 2], [1, 3], [2, 1], [3, 2]],1127,917,1122,939
662536,6,116,126,[10, 4, 8, 12, 2, 1],[[2, 3], [3, 3], [1, 2], [1, 3], [2, 1], [3, 2]],1121,939,1104,910
662580,6,116,126,[10, 4, 8, 12, 2, 1],[[2, 3], [3, 3], [1, 2], [1, 3], [2, 1], [3, 2]],1097,928,1083,874
662635,6,116,126,[10, 4, 8, 12, 2, 1],[[2, 3], [3, 3], [1, 2], [1, 3], [2, 1], [3, 2]],1140,929,1059,861
662692,6,116,126,[10, 4, 8, 12, 2, 1],[[2, 3], [3, 3], [1, 2], [1, 3], [2, 1], [3, 2]],1119,941,1052,859
662740,6,116,126,[10, 4, 8, 12, 2, 1],[[2, 3], [3, 3], [1, 2], [1, 3], [2, 1], [3, 2]],1153,935,1052,859
662802,6,116,126,[10, 4, 8, 12, 2, 1],[[2, 3], [3, 3], [1, 2], [1, 3], [2, 1], [3, 2]],1170,930,1052,859
662849,6,116,126,[10, 4, 8, 12, 2, 1],[[2, 3], [3, 3], [1, 2], [1, 3], [2, 1], [3, 2]],1156,968,1052,858
662889,6,116,126,[10, 4, 8, 12, 2, 1],[[2, 3], [3, 3], [1, 2], [1, 3], [2, 1], [3, 2]],1162,983,1050,853
662947,6,116,126,[10, 4, 8, 12, 2, 1],[[2, 3], [3, 3], [1, 2], [1, 3], [2, 1], [3, 2]],1154,984,1049,850
663000,6,116,126,[10, 4, 8, 12, 2, 1],[[2, 3], [3, 3], [1, 2], [1, 3], [2, 1], [3, 2]],1160,968,1049,850
663053,6,116,126,[10, 4, 8, 12, 2, 1],[[2, 3], [3, 3], [1, 2], [1, 3], [2, 1], [3, 2]],1170,962,1049,850
663106,6,116,126,[10, 4, 8, 12, 2, 1],[[2, 3], [3, 3], [1, 2], [1, 3], [2, 1], [3, 2]],1144,961,1049,850
663170,6,116,126,[10, 4, 8, 12, 2, 1],[[2, 3], [3, 3], [1, 2], [1, 3], [2, 1], [3, 2]],1163,966,1049,850
663238,6,116,126,[10, 4, 8, 12, 2, 1],[[2, 3], [3, 3], [1, 2], [1, 3], [2, 1], [3, 2]],1145,983,1049,850
663291,6,116,126,[10, 4, 8, 12, 2, 1],[[2, 3], [3, 3], [1, 2], [1, 3], [2, 1], [3, 2]],1140,992,1049,850
663354,6,116,126,[10, 4, 8, 12, 2, 1],[[2, 3], [3, 3], [1, 2], [1, 3], [2, 1], [3, 2]],1114,974,1049,850
663417,6,116,126,[10, 4, 8, 12, 2, 1],[[2, 3], [3, 3], [1, 2], [1, 3], [2, 1], [3, 2]],1104,968,1049,850
663458,6,116,126,[10, 4, 8, 12, 2, 1],[[2, 3], [3, 3], [1, 2], [1, 3], [2, 1], [3, 2]],1109,959,1049,850
663527,6,116,126,[10, 4, 8, 12, 2, 1],[[2, 3], [3, 3], [1, 2], [1, 3], [2, 1], [3, 2]],1095,955,1049,850
663597,6,116,126,[10, 4, 8, 12, 2, 1],[[2, 3], [3, 3], [1, 2], [1, 3], [2, 1], [3, 2]],1113,948,1064,833
663673,6,116,126,[10, 4, 8, 12, 2, 1],[[2, 3], [3, 3], [1, 2], [1, 3], [2, 1], [3, 2]],1099,953,1067,823
663733,6,116,126,[10, 4, 8, 12, 2, 1],[[2, 3], [3, 3], [1, 2], [1, 3], [2, 1], [3, 2]],1097,943,1067,823
663796,6,116,126,[10, 4, 8, 12, 2, 1],[[2, 3], [3, 3], [1, 2], [1, 3], [2, 1], [3, 2]],1087,909,1067,823
663838,6,116,126,[10, 4, 8, 12, 2, 1],[[2, 3], [3, 3], [1, 2], [1, 3], [2, 1], [3, 2]],1073,898,1067,823
663911,6,116,126,[10, 4, 8, 12, 2, 1],[[2, 3], [3, 3], [1, 2], [1, 3], [2, 1], [3, 2]],1064,901,1067,823
663979,6,116,126,[10, 4, 8, 12, 2, 1],[[2, 3], [3, 3], [1, 2], [1, 3], [2, 1], [3, 2]],1097,896,1067,823
664061,6,116,126,[10, 4, 8, 12, 2, 1],[[2, 3], [3, 3], [1, 2], [1, 3], [2, 1], [3, 2]],1100,923,1067,823
664126,6,116,126,[10, 4, 8, 12, 2, 1],[[2, 3], [3, 3], [1, 2], [1, 3], [2, 1], [3, 2]],1090,920,1067,823
664204,6,116,126,[10, 4, 8, 12, 2, 1],[[2, 3], [3, 3], [1, 2], [1, 3], [2, 1], [3, 2]],1091,926,1067,823
664254,6,116,126,[10, 4, 8, 12, 2, 1],[[2, 3], [3, 3], [1, 2], [1, 3], [2, 1], [3, 2]],1073,923,1067,823
664294,6,116,126,[10, 4, 8, 12, 2, 1],[[2, 3], [3, 3], [1, 2], [1, 3], [2, 1], [3, 2]],1076,931,1067,823
664361,6,116,126,[10, 4, 8, 12, 2, 1],[[2, 3], [3, 3], [1, 2], [1, 3], [2, 1], [3, 2]],1097,927,1067,823
664425,6,116,126,[10, 4, 8, 12, 2, 1],[[2, 3], [3, 3], [1, 2], [1, 3], [2, 1], [3, 2]],1120,932,1067,823
664489,6,116,126,[10, 4, 8, 12, 2, 1],[[2, 3], [3, 3], [1, 2], [1, 3], [2, 1], [3, 2]],1132,933,1061,831
664537,6,116,126,[10, 4, 8, 12, 2, 1],[[2, 3], [3, 3], [1, 2], [1, 3], [2, 1], [3, 2]],1142,967,1056,837
664589,6,116,126,[10, 4, 8, 12, 2, 1],[[2, 3], [3, 3], [1, 2], [1, 3], [2, 1], [3, 2]],1154,1026,1056,837
664648,6,117,144,[10, 4, 3, 11, 7, 9],[[2, 3], [3, 3], [3, 1], [3, 2], [1, 3], [2, 2]],1147,969,1056,837
664706,6,117,144,[10, 4, 3, 11, 7, 9],[[2, 3], [3, 3], [3, 1], [3, 2], [1, 3], [2, 2]],1133,968,1055,837
664779,6,117,144,[10, 4, 3, 11, 7, 9],[[2, 3], [3, 3], [3, 1], [3, 2], [1, 3], [2, 2]],1131,996,1055,837
664838,6,117,144,[10, 4, 3, 11, 7, 9],[[2, 3], [3, 3], [3, 1], [3, 2], [1, 3], [2, 2]],1140,967,1055,837
664888,6,117,144,[10, 4, 3, 11, 7, 9],[[2, 3], [3, 3], [3, 1], [3, 2], [1, 3], [2, 2]],1132,1001,1055,837
664941,6,117,144,[10, 4, 3, 11, 7, 9],[[2, 3], [3, 3], [3, 1], [3, 2], [1, 3], [2, 2]],1146,999,1048,820
665000,6,117,144,[10, 4, 3, 11, 7, 9],[[2, 3], [3, 3], [3, 1], [3, 2], [1, 3], [2, 2]],1139,969,1046,819
665058,6,117,144,[10, 4, 3, 11, 7, 9],[[2, 3], [3, 3], [3, 1], [3, 2], [1, 3], [2, 2]],1135,940,1046,819
665112,6,117,144,[10, 4, 3, 11, 7, 9],[[2, 3], [3, 3], [3, 1], [3, 2], [1, 3], [2, 2]],1125,949,1046,819
665166,6,117,144,[10, 4, 3, 11, 7, 9],[[2, 3], [3, 3], [3, 1], [3, 2], [1, 3], [2, 2]],1101,949,1046,819
665215,6,117,144,[10, 4, 3, 11, 7, 9],[[2, 3], [3, 3], [3, 1], [3, 2], [1, 3], [2, 2]],1099,966,1046,819
665284,6,117,144,[10, 4, 3, 11, 7, 9],[[2, 3], [3, 3], [3, 1], [3, 2], [1, 3], [2, 2]],1081,952,1083,917
665343,6,117,144,[10, 4, 3, 11, 7, 9],[[2, 3], [3, 3], [3, 1], [3, 2], [1, 3], [2, 2]],1071,953,1121,960
665415,6,117,144,[10, 4, 3, 11, 7, 9],[[2, 3], [3, 3], [3, 1], [3, 2], [1, 3], [2, 2]],1094,927,1127,963
665460,6,117,144,[10, 4, 3, 11, 7, 9],[[2, 3], [3, 3], [3, 1], [3, 2], [1, 3], [2, 2]],1096,930,1130,964
665517,6,117,144,[10, 4, 3, 11, 7, 9],[[2, 3], [3, 3], [3, 1], [3, 2], [1, 3], [2, 2]],1099,935,1131,966
665571,6,117,144,[10, 4, 3, 11, 7, 9],[[2, 3], [3, 3], [3, 1], [3, 2], [1, 3], [2, 2]],1081,929,1131,966
665640,6,117,144,[10, 4, 3, 11, 7, 9],[[2, 3], [3, 3], [3, 1], [3, 2], [1, 3], [2, 2]],1083,939,1132,966
665715,6,117,144,[10, 4, 3, 11, 7, 9],[[2, 3], [3, 3], [3, 1], [3, 2], [1, 3], [2, 2]],1071,949,1132,966
665790,6,117,144,[10, 4, 3, 11, 7, 9],[[2, 3], [3, 3], [3, 1], [3, 2], [1, 3], [2, 2]],1063,946,1132,966
665836,6,117,144,[10, 4, 3, 11, 7, 9],[[2, 3], [3, 3], [3, 1], [3, 2], [1, 3], [2, 2]],1075,951,1132,966
665906,6,117,144,[10, 4, 3, 11, 7, 9],[[2, 3], [3, 3], [3, 1], [3, 2], [1, 3], [2, 2]],1072,940,1132,966
665957,6,117,144,[10, 4, 3, 11, 7, 9],[[2, 3], [3, 3], [3, 1], [3, 2], [1, 3], [2, 2]],1067,926,1132,954
666005,6,117,144,[10, 4, 3, 11, 7, 9],[[2, 3], [3, 3], [3, 1], [3, 2], [1, 3], [2, 2]],1070,922,1132,945
666053,6,117,144,[10, 4, 3, 11, 7, 9],[[2, 3], [3, 3], [3, 1], [3, 2], [1, 3], [2, 2]],1058,897,1132,943
666130,6,117,144,[10, 4, 3, 11, 7, 9],[[2, 3], [3, 3], [3, 1], [3, 2], [1, 3], [2, 2]],1083,908,1132,943
666183,6,117,144,[10, 4, 3, 11, 7, 9],[[2, 3], [3, 3], [3, 1], [3, 2], [1, 3], [2, 2]],1087,899,1132,943
666226,6,117,144,[10, 4, 3, 11, 7, 9],[[2, 3], [3, 3], [3, 1], [3, 2], [1, 3], [2, 2]],1080,922,1132,943
666309,6,117,144,[10, 4, 3, 11, 7, 9],[[2, 3], [3, 3], [3, 1], [3, 2], [1, 3], [2, 2]],1091,927,1132,943
666370,6,117,144,[10, 4, 3, 11, 7, 9],[[2, 3], [3, 3], [3, 1], [3, 2], [1, 3], [2, 2]],1089,936,1130,937
666412,6,117,144,[10, 4, 3, 11, 7, 9],[[2, 3], [3, 3], [3, 1], [3, 2], [1, 3], [2, 2]],1102,948,1083,882
666461,6,117,144,[10, 4, 3, 11, 7, 9],[[2, 3], [3, 3], [3, 1], [3, 2], [1, 3], [2, 2]],1098,968,1044,830
666535,6,117,144,[10, 4, 3, 11, 7, 9],[[2, 3], [3, 3], [3, 1], [3, 2], [1, 3], [2, 2]],1094,967,1043,827
666575,6,117,144,[10, 4, 3, 11, 7, 9],[[2, 3], [3, 3], [3, 1], [3, 2], [1, 3], [2, 2]],1105,1011,1043,827
666615,6,117,144,[10, 4, 3, 11, 7, 9],[[2, 3], [3, 3], [3, 1], [3, 2], [1, 3], [2, 2]],1098,1032,1043,827
666666,6,117,144,[10, 4, 3, 11, 7, 9],[[2, 3], [3, 3], [3, 1], [3, 2], [1, 3], [2, 2]],1123,979,1043,835
666726,6,117,144,[10, 4, 3, 11, 7, 9],[[2, 3], [3, 3], [3, 1], [3, 2], [1, 3], [2, 2]],1124,982,1052,860
666768,6,117,144,[10, 4, 3, 11, 7, 9],[[2, 3], [3, 3], [3, 1], [3, 2], [1, 3], [2, 2]],1128,991,1060,869
666837,6,117,144,[10, 4, 3, 11, 7, 9],[[2, 3], [3, 3], [3, 1], [3, 2], [1, 3], [2, 2]],1146,989,1084,887
666897,6,117,144,[10, 4, 3, 11, 7, 9],[[2, 3], [3, 3], [3, 1], [3, 2], [1, 3], [2, 2]],1134,984,1084,887
666972,6,117,144,[10, 4, 3, 11, 7, 9],[[2, 3], [3, 3], [3, 1], [3, 2], [1, 3], [2, 2]],1106,1009,1087,881
667024,6,117,144,[10, 4, 3, 11, 7, 9],[[2, 3], [3, 3], [3, 1], [3, 2], [1, 3], [2, 2]],1118,982,1092,873
667082,6,117,144,[10, 4, 3, 11, 7, 9],[[2, 3], [3, 3], [3, 1], [3, 2], [1, 3], [2, 2]],1129,977,1093,868
667130,6,117,144,[10, 4, 3, 11, 7, 9],[[2, 3], [3, 3], [3, 1], [3, 2], [1, 3], [2, 2]],1125,993,1093,868
667170,6,117,144,[10, 4, 3, 11, 7, 9],[[2, 3], [3, 3], [3, 1], [3, 2], [1, 3], [2, 2]],1117,960,1092,867
667241,6,117,144,[10, 4, 3, 11, 7, 9],[[2, 3], [3, 3], [3, 1], [3, 2], [1, 3], [2, 2]],1107,976,1092,867
667307,6,117,144,[10, 4, 3, 11, 7, 9],[[2, 3], [3, 3], [3, 1], [3, 2], [1, 3], [2, 2]],1096,988,1083,865
667354,6,117,144,[10, 4, 3, 11, 7, 9],[[2, 3], [3, 3], [3, 1], [3, 2], [1, 3], [2, 2]],1079,982,1050,865
667469,6,117,144,[10, 4, 3, 11, 7, 9],[[2, 3], [3, 3], [3, 1], [3, 2], [1, 3], [2, 2]],1075,980,1036,866
667543,6,117,144,[10, 4, 3, 11, 7, 9],[[2, 3], [3, 3], [3, 1], [3, 2], [1, 3], [2, 2]],1097,971,1032,884
667599,6,117,144,[10, 4, 3, 11, 7, 9],[[2, 3], [3, 3], [3, 1], [3, 2], [1, 3], [2, 2]],1083,973,1036,902
667686,6,117,144,[10, 4, 3, 11, 7, 9],[[2, 3], [3, 3], [3, 1], [3, 2], [1, 3], [2, 2]],1095,961,1052,920
667757,6,117,144,[10, 4, 3, 11, 7, 9],[[2, 3], [3, 3], [3, 1], [3, 2], [1, 3], [2, 2]],1077,958,1068,922
667823,6,117,144,[10, 4, 3, 11, 7, 9],[[2, 3], [3, 3], [3, 1], [3, 2], [1, 3], [2, 2]],1066,961,1087,915
667891,6,117,144,[10, 4, 3, 11, 7, 9],[[2, 3], [3, 3], [3, 1], [3, 2], [1, 3], [2, 2]],1050,970,1105,897
667968,6,117,144,[10, 4, 3, 11, 7, 9],[[2, 3], [3, 3], [3, 1], [3, 2], [1, 3], [2, 2]],1033,963,1105,890
668014,6,117,144,[10, 4, 3, 11, 7, 9],[[2, 3], [3, 3], [3, 1], [3, 2], [1, 3], [2, 2]],1057,937,1104,886
668088,6,117,144,[10, 4, 3, 11, 7, 9],[[2, 3], [3, 3], [3, 1], [3, 2], [1, 3], [2, 2]],1066,919,1104,886
668148,6,117,144,[10, 4, 3, 11, 7, 9],[[2, 3], [3, 3], [3, 1], [3, 2], [1, 3], [2, 2]],1064,910,1087,884
668210,6,117,144,[10, 4, 3, 11, 7, 9],[[2, 3], [3, 3], [3, 1], [3, 2], [1, 3], [2, 2]],1046,881,1059,884
668264,6,117,144,[10, 4, 3, 11, 7, 9],[[2, 3], [3, 3], [3, 1], [3, 2], [1, 3], [2, 2]],1064,872,1055,884
668315,6,117,144,[10, 4, 3, 11, 7, 9],[[2, 3], [3, 3], [3, 1], [3, 2], [1, 3], [2, 2]],1085,871,1055,884
668373,6,117,144,[10, 4, 3, 11, 7, 9],[[2, 3], [3, 3], [3, 1], [3, 2], [1, 3], [2, 2]],1084,853,1052,892
668419,6,117,144,[10, 4, 3, 11, 7, 9],[[2, 3], [3, 3], [3, 1], [3, 2], [1, 3], [2, 2]],1090,851,1050,899
668469,6,117,144,[10, 4, 3, 11, 7, 9],[[2, 3], [3, 3], [3, 1], [3, 2], [1, 3], [2, 2]],1088,855,1051,903
668511,6,117,144,[10, 4, 3, 11, 7, 9],[[2, 3], [3, 3], [3, 1], [3, 2], [1, 3], [2, 2]],1087,848,1053,907
668578,6,117,144,[10, 4, 3, 11, 7, 9],[[2, 3], [3, 3], [3, 1], [3, 2], [1, 3], [2, 2]],1083,880,1056,912
668618,6,117,144,[10, 4, 3, 11, 7, 9],[[2, 3], [3, 3], [3, 1], [3, 2], [1, 3], [2, 2]],1073,846,1061,915
668658,6,117,144,[10, 4, 3, 11, 7, 9],[[2, 3], [3, 3], [3, 1], [3, 2], [1, 3], [2, 2]],1076,847,1072,915
668705,6,118,41,[6, 5, 8, 12, 2, 1],[[2, 1], [3, 1], [1, 2], [1, 3], [2, 2], [3, 3]],1074,870,1087,911
668750,6,118,41,[6, 5, 8, 12, 2, 1],[[2, 1], [3, 1], [1, 2], [1, 3], [2, 2], [3, 3]],1075,877,1109,897
668797,6,118,41,[6, 5, 8, 12, 2, 1],[[2, 1], [3, 1], [1, 2], [1, 3], [2, 2], [3, 3]],1072,873,1115,882
668855,6,118,41,[6, 5, 8, 12, 2, 1],[[2, 1], [3, 1], [1, 2], [1, 3], [2, 2], [3, 3]],1057,859,1118,875
668902,6,118,41,[6, 5, 8, 12, 2, 1],[[2, 1], [3, 1], [1, 2], [1, 3], [2, 2], [3, 3]],1048,843,1124,858
668960,6,118,41,[6, 5, 8, 12, 2, 1],[[2, 1], [3, 1], [1, 2], [1, 3], [2, 2], [3, 3]],1089,851,1125,843
669008,6,118,41,[6, 5, 8, 12, 2, 1],[[2, 1], [3, 1], [1, 2], [1, 3], [2, 2], [3, 3]],1087,859,1125,826
669067,6,118,41,[6, 5, 8, 12, 2, 1],[[2, 1], [3, 1], [1, 2], [1, 3], [2, 2], [3, 3]],1093,876,1119,804
669114,6,118,41,[6, 5, 8, 12, 2, 1],[[2, 1], [3, 1], [1, 2], [1, 3], [2, 2], [3, 3]],1101,911,1115,797
669165,6,118,41,[6, 5, 8, 12, 2, 1],[[2, 1], [3, 1], [1, 2], [1, 3], [2, 2], [3, 3]],1061,916,1110,796
669213,6,118,41,[6, 5, 8, 12, 2, 1],[[2, 1], [3, 1], [1, 2], [1, 3], [2, 2], [3, 3]],1034,917,1094,796
669249,6,118,41,[6, 5, 8, 12, 2, 1],[[2, 1], [3, 1], [1, 2], [1, 3], [2, 2], [3, 3]],1039,923,1087,799
669309,6,118,41,[6, 5, 8, 12, 2, 1],[[2, 1], [3, 1], [1, 2], [1, 3], [2, 2], [3, 3]],1031,937,1074,811
669388,6,118,41,[6, 5, 8, 12, 2, 1],[[2, 1], [3, 1], [1, 2], [1, 3], [2, 2], [3, 3]],1043,973,1065,828
669440,6,118,41,[6, 5, 8, 12, 2, 1],[[2, 1], [3, 1], [1, 2], [1, 3], [2, 2], [3, 3]],1049,961,1064,838
669482,6,118,41,[6, 5, 8, 12, 2, 1],[[2, 1], [3, 1], [1, 2], [1, 3], [2, 2], [3, 3]],1054,969,1061,853
669554,6,118,41,[6, 5, 8, 12, 2, 1],[[2, 1], [3, 1], [1, 2], [1, 3], [2, 2], [3, 3]],1026,974,1061,868
669636,6,118,41,[6, 5, 8, 12, 2, 1],[[2, 1], [3, 1], [1, 2], [1, 3], [2, 2], [3, 3]],1026,950,1061,874
669714,6,118,41,[6, 5, 8, 12, 2, 1],[[2, 1], [3, 1], [1, 2], [1, 3], [2, 2], [3, 3]],997,977,1061,876
669766,6,118,41,[6, 5, 8, 12, 2, 1],[[2, 1], [3, 1], [1, 2], [1, 3], [2, 2], [3, 3]],976,963,1061,876
669813,6,118,41,[6, 5, 8, 12, 2, 1],[[2, 1], [3, 1], [1, 2], [1, 3], [2, 2], [3, 3]],976,978,1061,876
669881,6,118,41,[6, 5, 8, 12, 2, 1],[[2, 1], [3, 1], [1, 2], [1, 3], [2, 2], [3, 3]],977,959,1062,876
669932,6,118,41,[6, 5, 8, 12, 2, 1],[[2, 1], [3, 1], [1, 2], [1, 3], [2, 2], [3, 3]],977,982,1063,876
670006,6,118,41,[6, 5, 8, 12, 2, 1],[[2, 1], [3, 1], [1, 2], [1, 3], [2, 2], [3, 3]],969,985,1082,876
670088,6,118,41,[6, 5, 8, 12, 2, 1],[[2, 1], [3, 1], [1, 2], [1, 3], [2, 2], [3, 3]],995,1018,1099,876
670144,6,118,41,[6, 5, 8, 12, 2, 1],[[2, 1], [3, 1], [1, 2], [1, 3], [2, 2], [3, 3]],988,999,1108,874
670212,6,118,41,[6, 5, 8, 12, 2, 1],[[2, 1], [3, 1], [1, 2], [1, 3], [2, 2], [3, 3]],1021,1017,1114,872
670281,6,118,41,[6, 5, 8, 12, 2, 1],[[2, 1], [3, 1], [1, 2], [1, 3], [2, 2], [3, 3]],1012,1007,1122,870
670361,6,118,41,[6, 5, 8, 12, 2, 1],[[2, 1], [3, 1], [1, 2], [1, 3], [2, 2], [3, 3]],983,1007,1130,866
670399,6,118,41,[6, 5, 8, 12, 2, 1],[[2, 1], [3, 1], [1, 2], [1, 3], [2, 2], [3, 3]],984,987,1135,864
670473,6,118,41,[6, 5, 8, 12, 2, 1],[[2, 1], [3, 1], [1, 2], [1, 3], [2, 2], [3, 3]],1011,985,1135,864
670532,6,118,41,[6, 5, 8, 12, 2, 1],[[2, 1], [3, 1], [1, 2], [1, 3], [2, 2], [3, 3]],1007,1002,1135,864
670580,6,118,41,[6, 5, 8, 12, 2, 1],[[2, 1], [3, 1], [1, 2], [1, 3], [2, 2], [3, 3]],1015,1014,1135,864
670638,6,118,41,[6, 5, 8, 12, 2, 1],[[2, 1], [3, 1], [1, 2], [1, 3], [2, 2], [3, 3]],1014,995,1135,864
670693,6,118,41,[6, 5, 8, 12, 2, 1],[[2, 1], [3, 1], [1, 2], [1, 3], [2, 2], [3, 3]],1015,972,1135,864
670746,6,118,41,[6, 5, 8, 12, 2, 1],[[2, 1], [3, 1], [1, 2], [1, 3], [2, 2], [3, 3]],1015,981,1135,863
670786,6,118,41,[6, 5, 8, 12, 2, 1],[[2, 1], [3, 1], [1, 2], [1, 3], [2, 2], [3, 3]],1013,973,1135,863
670855,6,118,41,[6, 5, 8, 12, 2, 1],[[2, 1], [3, 1], [1, 2], [1, 3], [2, 2], [3, 3]],1024,989,1135,863
670906,6,118,41,[6, 5, 8, 12, 2, 1],[[2, 1], [3, 1], [1, 2], [1, 3], [2, 2], [3, 3]],1010,985,1135,863
670955,6,118,41,[6, 5, 8, 12, 2, 1],[[2, 1], [3, 1], [1, 2], [1, 3], [2, 2], [3, 3]],1006,979,1135,863
671045,6,118,41,[6, 5, 8, 12, 2, 1],[[2, 1], [3, 1], [1, 2], [1, 3], [2, 2], [3, 3]],1022,984,1135,863
671100,6,118,41,[6, 5, 8, 12, 2, 1],[[2, 1], [3, 1], [1, 2], [1, 3], [2, 2], [3, 3]],1003,991,1135,863
671160,6,118,41,[6, 5, 8, 12, 2, 1],[[2, 1], [3, 1], [1, 2], [1, 3], [2, 2], [3, 3]],1009,990,1135,863
671218,6,118,41,[6, 5, 8, 12, 2, 1],[[2, 1], [3, 1], [1, 2], [1, 3], [2, 2], [3, 3]],1013,987,1135,863
671277,6,118,41,[6, 5, 8, 12, 2, 1],[[2, 1], [3, 1], [1, 2], [1, 3], [2, 2], [3, 3]],1014,998,1111,862
671324,6,118,41,[6, 5, 8, 12, 2, 1],[[2, 1], [3, 1], [1, 2], [1, 3], [2, 2], [3, 3]],1005,989,1081,872
671393,6,118,41,[6, 5, 8, 12, 2, 1],[[2, 1], [3, 1], [1, 2], [1, 3], [2, 2], [3, 3]],1049,979,1072,880
671443,6,118,41,[6, 5, 8, 12, 2, 1],[[2, 1], [3, 1], [1, 2], [1, 3], [2, 2], [3, 3]],1048,984,1029,907
671508,6,118,41,[6, 5, 8, 12, 2, 1],[[2, 1], [3, 1], [1, 2], [1, 3], [2, 2], [3, 3]],1069,968,1009,925
671564,6,118,41,[6, 5, 8, 12, 2, 1],[[2, 1], [3, 1], [1, 2], [1, 3], [2, 2], [3, 3]],1079,1006,1007,931
671614,6,118,41,[6, 5, 8, 12, 2, 1],[[2, 1], [3, 1], [1, 2], [1, 3], [2, 2], [3, 3]],1058,1026,1005,940
671668,6,118,41,[6, 5, 8, 12, 2, 1],[[2, 1], [3, 1], [1, 2], [1, 3], [2, 2], [3, 3]],1026,975,1003,944
671717,6,118,41,[6, 5, 8, 12, 2, 1],[[2, 1], [3, 1], [1, 2], [1, 3], [2, 2], [3, 3]],1009,1003,1004,949
671770,6,118,41,[6, 5, 8, 12, 2, 1],[[2, 1], [3, 1], [1, 2], [1, 3], [2, 2], [3, 3]],1005,998,1022,957
671847,6,118,41,[6, 5, 8, 12, 2, 1],[[2, 1], [3, 1], [1, 2], [1, 3], [2, 2], [3, 3]],1021,1012,1084,958
671916,6,118,41,[6, 5, 8, 12, 2, 1],[[2, 1], [3, 1], [1, 2], [1, 3], [2, 2], [3, 3]],1033,1004,1084,958
671982,6,118,41,[6, 5, 8, 12, 2, 1],[[2, 1], [3, 1], [1, 2], [1, 3], [2, 2], [3, 3]],1029,988,1084,958
672065,6,118,41,[6, 5, 8, 12, 2, 1],[[2, 1], [3, 1], [1, 2], [1, 3], [2, 2], [3, 3]],1013,990,1075,963
672120,6,118,41,[6, 5, 8, 12, 2, 1],[[2, 1], [3, 1], [1, 2], [1, 3], [2, 2], [3, 3]],1006,972,1044,970
672176,6,118,41,[6, 5, 8, 12, 2, 1],[[2, 1], [3, 1], [1, 2], [1, 3], [2, 2], [3, 3]],1008,979,1039,975
672249,6,118,41,[6, 5, 8, 12, 2, 1],[[2, 1], [3, 1], [1, 2], [1, 3], [2, 2], [3, 3]],999,961,1036,986
672321,6,118,41,[6, 5, 8, 12, 2, 1],[[2, 1], [3, 1], [1, 2], [1, 3], [2, 2], [3, 3]],965,974,1036,987
672395,6,118,41,[6, 5, 8, 12, 2, 1],[[2, 1], [3, 1], [1, 2], [1, 3], [2, 2], [3, 3]],984,961,1033,998
672435,6,118,41,[6, 5, 8, 12, 2, 1],[[2, 1], [3, 1], [1, 2], [1, 3], [2, 2], [3, 3]],965,970,1032,1000
672511,6,118,41,[6, 5, 8, 12, 2, 1],[[2, 1], [3, 1], [1, 2], [1, 3], [2, 2], [3, 3]],955,962,1032,1000
672563,6,118,41,[6, 5, 8, 12, 2, 1],[[2, 1], [3, 1], [1, 2], [1, 3], [2, 2], [3, 3]],961,964,1031,1001
672632,6,118,41,[6, 5, 8, 12, 2, 1],[[2, 1], [3, 1], [1, 2], [1, 3], [2, 2], [3, 3]],943,961,1021,1006
672678,6,118,41,[6, 5, 8, 12, 2, 1],[[2, 1], [3, 1], [1, 2], [1, 3], [2, 2], [3, 3]],955,1000,1021,1006
672718,6,119,46,[10, 4, 8, 12, 2, 1],[[2, 1], [3, 1], [1, 2], [1, 3], [2, 2], [3, 3]],974,996,1021,1006
672813,6,119,46,[10, 4, 8, 12, 2, 1],[[2, 1], [3, 1], [1, 2], [1, 3], [2, 2], [3, 3]],977,1006,1014,1000
672877,6,119,46,[10, 4, 8, 12, 2, 1],[[2, 1], [3, 1], [1, 2], [1, 3], [2, 2], [3, 3]],960,991,1006,995
672931,6,119,46,[10, 4, 8, 12, 2, 1],[[2, 1], [3, 1], [1, 2], [1, 3], [2, 2], [3, 3]],987,1012,1000,993
672995,6,119,46,[10, 4, 8, 12, 2, 1],[[2, 1], [3, 1], [1, 2], [1, 3], [2, 2], [3, 3]],981,1003,999,991
673049,6,119,46,[10, 4, 8, 12, 2, 1],[[2, 1], [3, 1], [1, 2], [1, 3], [2, 2], [3, 3]],975,1027,999,991
673107,6,119,46,[10, 4, 8, 12, 2, 1],[[2, 1], [3, 1], [1, 2], [1, 3], [2, 2], [3, 3]],966,998,999,991
673160,6,119,46,[10, 4, 8, 12, 2, 1],[[2, 1], [3, 1], [1, 2], [1, 3], [2, 2], [3, 3]],947,1003,999,991
673214,6,119,46,[10, 4, 8, 12, 2, 1],[[2, 1], [3, 1], [1, 2], [1, 3], [2, 2], [3, 3]],972,996,997,989
673273,6,119,46,[10, 4, 8, 12, 2, 1],[[2, 1], [3, 1], [1, 2], [1, 3], [2, 2], [3, 3]],969,978,993,984
673337,6,119,46,[10, 4, 8, 12, 2, 1],[[2, 1], [3, 1], [1, 2], [1, 3], [2, 2], [3, 3]],958,971,989,982
673388,6,119,46,[10, 4, 8, 12, 2, 1],[[2, 1], [3, 1], [1, 2], [1, 3], [2, 2], [3, 3]],959,965,989,981
673479,6,119,46,[10, 4, 8, 12, 2, 1],[[2, 1], [3, 1], [1, 2], [1, 3], [2, 2], [3, 3]],947,938,980,982
673541,6,119,46,[10, 4, 8, 12, 2, 1],[[2, 1], [3, 1], [1, 2], [1, 3], [2, 2], [3, 3]],955,945,975,984
673615,6,119,46,[10, 4, 8, 12, 2, 1],[[2, 1], [3, 1], [1, 2], [1, 3], [2, 2], [3, 3]],942,946,975,984
673657,6,119,46,[10, 4, 8, 12, 2, 1],[[2, 1], [3, 1], [1, 2], [1, 3], [2, 2], [3, 3]],947,926,967,987
673733,6,119,46,[10, 4, 8, 12, 2, 1],[[2, 1], [3, 1], [1, 2], [1, 3], [2, 2], [3, 3]],942,910,958,987
673813,6,119,46,[10, 4, 8, 12, 2, 1],[[2, 1], [3, 1], [1, 2], [1, 3], [2, 2], [3, 3]],945,918,951,987
673856,6,119,46,[10, 4, 8, 12, 2, 1],[[2, 1], [3, 1], [1, 2], [1, 3], [2, 2], [3, 3]],931,924,949,985
673926,6,119,46,[10, 4, 8, 12, 2, 1],[[2, 1], [3, 1], [1, 2], [1, 3], [2, 2], [3, 3]],949,923,945,974
673980,6,119,46,[10, 4, 8, 12, 2, 1],[[2, 1], [3, 1], [1, 2], [1, 3], [2, 2], [3, 3]],938,917,945,967
674020,6,119,46,[10, 4, 8, 12, 2, 1],[[2, 1], [3, 1], [1, 2], [1, 3], [2, 2], [3, 3]],905,923,945,959
674083,6,119,46,[10, 4, 8, 12, 2, 1],[[2, 1], [3, 1], [1, 2], [1, 3], [2, 2], [3, 3]],922,923,948,952
674158,6,119,46,[10, 4, 8, 12, 2, 1],[[2, 1], [3, 1], [1, 2], [1, 3], [2, 2], [3, 3]],913,931,950,946
674246,6,119,46,[10, 4, 8, 12, 2, 1],[[2, 1], [3, 1], [1, 2], [1, 3], [2, 2], [3, 3]],925,955,950,943
674287,6,119,46,[10, 4, 8, 12, 2, 1],[[2, 1], [3, 1], [1, 2], [1, 3], [2, 2], [3, 3]],946,969,950,943
674352,6,119,46,[10, 4, 8, 12, 2, 1],[[2, 1], [3, 1], [1, 2], [1, 3], [2, 2], [3, 3]],942,963,950,943
674411,6,119,46,[10, 4, 8, 12, 2, 1],[[2, 1], [3, 1], [1, 2], [1, 3], [2, 2], [3, 3]],926,984,935,939
674463,6,119,46,[10, 4, 8, 12, 2, 1],[[2, 1], [3, 1], [1, 2], [1, 3], [2, 2], [3, 3]],914,987,933,938
674514,6,119,46,[10, 4, 8, 12, 2, 1],[[2, 1], [3, 1], [1, 2], [1, 3], [2, 2], [3, 3]],909,970,933,938
674557,6,119,46,[10, 4, 8, 12, 2, 1],[[2, 1], [3, 1], [1, 2], [1, 3], [2, 2], [3, 3]],883,999,933,938
674608,6,119,46,[10, 4, 8, 12, 2, 1],[[2, 1], [3, 1], [1, 2], [1, 3], [2, 2], [3, 3]],878,1011,939,944
674657,6,119,46,[10, 4, 8, 12, 2, 1],[[2, 1], [3, 1], [1, 2], [1, 3], [2, 2], [3, 3]],910,984,941,946
674741,6,119,46,[10, 4, 8, 12, 2, 1],[[2, 1], [3, 1], [1, 2], [1, 3], [2, 2], [3, 3]],905,996,949,959
674800,6,119,46,[10, 4, 8, 12, 2, 1],[[2, 1], [3, 1], [1, 2], [1, 3], [2, 2], [3, 3]],899,996,949,960
674857,6,119,46,[10, 4, 8, 12, 2, 1],[[2, 1], [3, 1], [1, 2], [1, 3], [2, 2], [3, 3]],877,1038,949,960
674921,6,119,46,[10, 4, 8, 12, 2, 1],[[2, 1], [3, 1], [1, 2], [1, 3], [2, 2], [3, 3]],879,988,938,969
674968,6,119,46,[10, 4, 8, 12, 2, 1],[[2, 1], [3, 1], [1, 2], [1, 3], [2, 2], [3, 3]],891,994,921,976
675033,6,119,46,[10, 4, 8, 12, 2, 1],[[2, 1], [3, 1], [1, 2], [1, 3], [2, 2], [3, 3]],901,975,911,979
675102,6,119,46,[10, 4, 8, 12, 2, 1],[[2, 1], [3, 1], [1, 2], [1, 3], [2, 2], [3, 3]],916,985,911,979
675156,6,119,46,[10, 4, 8, 12, 2, 1],[[2, 1], [3, 1], [1, 2], [1, 3], [2, 2], [3, 3]],930,980,911,979
675210,6,119,46,[10, 4, 8, 12, 2, 1],[[2, 1], [3, 1], [1, 2], [1, 3], [2, 2], [3, 3]],913,991,911,979
675251,6,119,46,[10, 4, 8, 12, 2, 1],[[2, 1], [3, 1], [1, 2], [1, 3], [2, 2], [3, 3]],923,989,893,989
675310,6,119,46,[10, 4, 8, 12, 2, 1],[[2, 1], [3, 1], [1, 2], [1, 3], [2, 2], [3, 3]],909,1001,891,989
675384,6,119,46,[10, 4, 8, 12, 2, 1],[[2, 1], [3, 1], [1, 2], [1, 3], [2, 2], [3, 3]],896,1013,891,989
675442,6,119,46,[10, 4, 8, 12, 2, 1],[[2, 1], [3, 1], [1, 2], [1, 3], [2, 2], [3, 3]],920,994,891,989
675494,6,119,46,[10, 4, 8, 12, 2, 1],[[2, 1], [3, 1], [1, 2], [1, 3], [2, 2], [3, 3]],942,976,921,976
675569,6,119,46,[10, 4, 8, 12, 2, 1],[[2, 1], [3, 1], [1, 2], [1, 3], [2, 2], [3, 3]],956,993,928,975
675639,6,119,46,[10, 4, 8, 12, 2, 1],[[2, 1], [3, 1], [1, 2], [1, 3], [2, 2], [3, 3]],961,963,931,975
675693,6,119,46,[10, 4, 8, 12, 2, 1],[[2, 1], [3, 1], [1, 2], [1, 3], [2, 2], [3, 3]],944,951,932,980
675758,6,119,46,[10, 4, 8, 12, 2, 1],[[2, 1], [3, 1], [1, 2], [1, 3], [2, 2], [3, 3]],941,965,924,992
675829,6,119,46,[10, 4, 8, 12, 2, 1],[[2, 1], [3, 1], [1, 2], [1, 3], [2, 2], [3, 3]],955,989,920,997
675873,6,119,46,[10, 4, 8, 12, 2, 1],[[2, 1], [3, 1], [1, 2], [1, 3], [2, 2], [3, 3]],956,1004,920,997
675933,6,119,46,[10, 4, 8, 12, 2, 1],[[2, 1], [3, 1], [1, 2], [1, 3], [2, 2], [3, 3]],973,971,917,1003
676030,6,119,46,[10, 4, 8, 12, 2, 1],[[2, 1], [3, 1], [1, 2], [1, 3], [2, 2], [3, 3]],1001,931,917,1003
676097,6,119,46,[10, 4, 8, 12, 2, 1],[[2, 1], [3, 1], [1, 2], [1, 3], [2, 2], [3, 3]],1014,927,947,994
676151,6,119,46,[10, 4, 8, 12, 2, 1],[[2, 1], [3, 1], [1, 2], [1, 3], [2, 2], [3, 3]],1036,895,956,989
676200,6,119,46,[10, 4, 8, 12, 2, 1],[[2, 1], [3, 1], [1, 2], [1, 3], [2, 2], [3, 3]],1035,911,956,989
676251,6,119,46,[10, 4, 8, 12, 2, 1],[[2, 1], [3, 1], [1, 2], [1, 3], [2, 2], [3, 3]],1021,899,956,989
676312,6,119,46,[10, 4, 8, 12, 2, 1],[[2, 1], [3, 1], [1, 2], [1, 3], [2, 2], [3, 3]],1040,904,958,988
676400,6,119,46,[10, 4, 8, 12, 2, 1],[[2, 1], [3, 1], [1, 2], [1, 3], [2, 2], [3, 3]],1017,918,995,982
676463,6,119,46,[10, 4, 8, 12, 2, 1],[[2, 1], [3, 1], [1, 2], [1, 3], [2, 2], [3, 3]],1000,928,1024,970
676523,6,119,46,[10, 4, 8, 12, 2, 1],[[2, 1], [3, 1], [1, 2], [1, 3], [2, 2], [3, 3]],1000,934,1038,959
676581,6,119,46,[10, 4, 8, 12, 2, 1],[[2, 1], [3, 1], [1, 2], [1, 3], [2, 2], [3, 3]],995,902,1038,959
676634,6,119,46,[10, 4, 8, 12, 2, 1],[[2, 1], [3, 1], [1, 2], [1, 3], [2, 2], [3, 3]],995,903,1045,952
676682,6,119,46,[10, 4, 8, 12, 2, 1],[[2, 1], [3, 1], [1, 2], [1, 3], [2, 2], [3, 3]],1015,893,1058,941
676722,6,119,46,[10, 4, 8, 12, 2, 1],[[2, 1], [3, 1], [1, 2], [1, 3], [2, 2], [3, 3]],1000,870,1064,935
676765,6,120,127,[6, 5, 3, 11, 2, 1],[[2, 3], [3, 3], [1, 2], [1, 3], [2, 1], [3, 2]],992,874,1065,935
676827,6,120,127,[6, 5, 3, 11, 2, 1],[[2, 3], [3, 3], [1, 2], [1, 3], [2, 1], [3, 2]],980,894,1054,939
676888,6,120,127,[6, 5, 3, 11, 2, 1],[[2, 3], [3, 3], [1, 2], [1, 3], [2, 1], [3, 2]],1015,902,1028,947
676952,6,120,127,[6, 5, 3, 11, 2, 1],[[2, 3], [3, 3], [1, 2], [1, 3], [2, 1], [3, 2]],990,909,1022,949
677015,6,120,127,[6, 5, 3, 11, 2, 1],[[2, 3], [3, 3], [1, 2], [1, 3], [2, 1], [3, 2]],997,935,1022,949
677069,6,120,127,[6, 5, 3, 11, 2, 1],[[2, 3], [3, 3], [1, 2], [1, 3], [2, 1], [3, 2]],1019,909,1022,942
677121,6,120,127,[6, 5, 3, 11, 2, 1],[[2, 3], [3, 3], [1, 2], [1, 3], [2, 1], [3, 2]],997,892,1022,931
677195,6,120,127,[6, 5, 3, 11, 2, 1],[[2, 3], [3, 3], [1, 2], [1, 3], [2, 1], [3, 2]],1011,905,1020,924
677259,6,120,127,[6, 5, 3, 11, 2, 1],[[2, 3], [3, 3], [1, 2], [1, 3], [2, 1], [3, 2]],997,897,1020,924
677319,6,120,127,[6, 5, 3, 11, 2, 1],[[2, 3], [3, 3], [1, 2], [1, 3], [2, 1], [3, 2]],969,907,1004,923
677382,6,120,127,[6, 5, 3, 11, 2, 1],[[2, 3], [3, 3], [1, 2], [1, 3], [2, 1], [3, 2]],990,927,997,924
677455,6,120,127,[6, 5, 3, 11, 2, 1],[[2, 3], [3, 3], [1, 2], [1, 3], [2, 1], [3, 2]],1009,941,996,925
677506,6,120,127,[6, 5, 3, 11, 2, 1],[[2, 3], [3, 3], [1, 2], [1, 3], [2, 1], [3, 2]],989,951,995,925
677580,6,120,127,[6, 5, 3, 11, 2, 1],[[2, 3], [3, 3], [1, 2], [1, 3], [2, 1], [3, 2]],971,993,975,933
677635,6,120,127,[6, 5, 3, 11, 2, 1],[[2, 3], [3, 3], [1, 2], [1, 3], [2, 1], [3, 2]],979,987,972,939
677718,6,120,127,[6, 5, 3, 11, 2, 1],[[2, 3], [3, 3], [1, 2], [1, 3], [2, 1], [3, 2]],981,1009,972,940
677775,6,120,127,[6, 5, 3, 11, 2, 1],[[2, 3], [3, 3], [1, 2], [1, 3], [2, 1], [3, 2]],979,1021,969,926
677880,6,120,127,[6, 5, 3, 11, 2, 1],[[2, 3], [3, 3], [1, 2], [1, 3], [2, 1], [3, 2]],1009,973,967,913
677936,6,120,127,[6, 5, 3, 11, 2, 1],[[2, 3], [3, 3], [1, 2], [1, 3], [2, 1], [3, 2]],993,970,966,913
677995,6,120,127,[6, 5, 3, 11, 2, 1],[[2, 3], [3, 3], [1, 2], [1, 3], [2, 1], [3, 2]],979,1026,950,921
678041,6,120,127,[6, 5, 3, 11, 2, 1],[[2, 3], [3, 3], [1, 2], [1, 3], [2, 1], [3, 2]],973,960,946,927
678089,6,120,127,[6, 5, 3, 11, 2, 1],[[2, 3], [3, 3], [1, 2], [1, 3], [2, 1], [3, 2]],949,986,946,940
678135,6,120,127,[6, 5, 3, 11, 2, 1],[[2, 3], [3, 3], [1, 2], [1, 3], [2, 1], [3, 2]],948,978,946,950
678207,6,120,127,[6, 5, 3, 11, 2, 1],[[2, 3], [3, 3], [1, 2], [1, 3], [2, 1], [3, 2]],952,992,952,959
678260,6,120,127,[6, 5, 3, 11, 2, 1],[[2, 3], [3, 3], [1, 2], [1, 3], [2, 1], [3, 2]],932,1000,956,963
678299,6,120,127,[6, 5, 3, 11, 2, 1],[[2, 3], [3, 3], [1, 2], [1, 3], [2, 1], [3, 2]],911,1013,969,964
678375,6,120,127,[6, 5, 3, 11, 2, 1],[[2, 3], [3, 3], [1, 2], [1, 3], [2, 1], [3, 2]],885,996,981,964
678427,6,120,127,[6, 5, 3, 11, 2, 1],[[2, 3], [3, 3], [1, 2], [1, 3], [2, 1], [3, 2]],890,1016,982,965
678475,6,120,127,[6, 5, 3, 11, 2, 1],[[2, 3], [3, 3], [1, 2], [1, 3], [2, 1], [3, 2]],879,979,983,973
678525,6,120,127,[6, 5, 3, 11, 2, 1],[[2, 3], [3, 3], [1, 2], [1, 3], [2, 1], [3, 2]],880,953,984,978
678598,6,120,127,[6, 5, 3, 11, 2, 1],[[2, 3], [3, 3], [1, 2], [1, 3], [2, 1], [3, 2]],874,961,979,988
678638,6,120,127,[6, 5, 3, 11, 2, 1],[[2, 3], [3, 3], [1, 2], [1, 3], [2, 1], [3, 2]],877,952,972,992
678707,6,120,127,[6, 5, 3, 11, 2, 1],[[2, 3], [3, 3], [1, 2], [1, 3], [2, 1], [3, 2]],904,939,967,995
678765,6,120,127,[6, 5, 3, 11, 2, 1],[[2, 3], [3, 3], [1, 2], [1, 3], [2, 1], [3, 2]],907,945,964,994
678806,6,120,127,[6, 5, 3, 11, 2, 1],[[2, 3], [3, 3], [1, 2], [1, 3], [2, 1], [3, 2]],890,961,953,984
678854,6,120,127,[6, 5, 3, 11, 2, 1],[[2, 3], [3, 3], [1, 2], [1, 3], [2, 1], [3, 2]],892,946,947,976
678894,6,120,127,[6, 5, 3, 11, 2, 1],[[2, 3], [3, 3], [1, 2], [1, 3], [2, 1], [3, 2]],905,972,944,971
678936,6,120,127,[6, 5, 3, 11, 2, 1],[[2, 3], [3, 3], [1, 2], [1, 3], [2, 1], [3, 2]],898,981,943,965
678990,6,120,127,[6, 5, 3, 11, 2, 1],[[2, 3], [3, 3], [1, 2], [1, 3], [2, 1], [3, 2]],871,973,942,957
679038,6,120,127,[6, 5, 3, 11, 2, 1],[[2, 3], [3, 3], [1, 2], [1, 3], [2, 1], [3, 2]],881,971,942,947
679102,6,120,127,[6, 5, 3, 11, 2, 1],[[2, 3], [3, 3], [1, 2], [1, 3], [2, 1], [3, 2]],885,952,946,938
679171,6,120,127,[6, 5, 3, 11, 2, 1],[[2, 3], [3, 3], [1, 2], [1, 3], [2, 1], [3, 2]],878,926,953,932
679230,6,120,127,[6, 5, 3, 11, 2, 1],[[2, 3], [3, 3], [1, 2], [1, 3], [2, 1], [3, 2]],883,917,954,930
679294,6,120,127,[6, 5, 3, 11, 2, 1],[[2, 3], [3, 3], [1, 2], [1, 3], [2, 1], [3, 2]],882,933,954,928
679348,6,120,127,[6, 5, 3, 11, 2, 1],[[2, 3], [3, 3], [1, 2], [1, 3], [2, 1], [3, 2]],884,948,954,928
679417,6,120,127,[6, 5, 3, 11, 2, 1],[[2, 3], [3, 3], [1, 2], [1, 3], [2, 1], [3, 2]],906,934,943,928
679481,6,120,127,[6, 5, 3, 11, 2, 1],[[2, 3], [3, 3], [1, 2], [1, 3], [2, 1], [3, 2]],883,940,935,931
679524,6,120,127,[6, 5, 3, 11, 2, 1],[[2, 3], [3, 3], [1, 2], [1, 3], [2, 1], [3, 2]],873,940,934,932
679592,6,120,127,[6, 5, 3, 11, 2, 1],[[2, 3], [3, 3], [1, 2], [1, 3], [2, 1], [3, 2]],858,928,929,936
679637,6,120,127,[6, 5, 3, 11, 2, 1],[[2, 3], [3, 3], [1, 2], [1, 3], [2, 1], [3, 2]],859,934,928,940
679710,6,120,127,[6, 5, 3, 11, 2, 1],[[2, 3], [3, 3], [1, 2], [1, 3], [2, 1], [3, 2]],896,932,928,945
679757,6,120,127,[6, 5, 3, 11, 2, 1],[[2, 3], [3, 3], [1, 2], [1, 3], [2, 1], [3, 2]],897,965,930,949
679851,6,120,127,[6, 5, 3, 11, 2, 1],[[2, 3], [3, 3], [1, 2], [1, 3], [2, 1], [3, 2]],913,960,932,956
679976,6,120,127,[6, 5, 3, 11, 2, 1],[[2, 3], [3, 3], [1, 2], [1, 3], [2, 1], [3, 2]],938,990,942,963
680026,6,120,127,[6, 5, 3, 11, 2, 1],[[2, 3], [3, 3], [1, 2], [1, 3], [2, 1], [3, 2]],947,987,958,964
680090,6,120,127,[6, 5, 3, 11, 2, 1],[[2, 3], [3, 3], [1, 2], [1, 3], [2, 1], [3, 2]],962,996,968,964
680145,6,120,127,[6, 5, 3, 11, 2, 1],[[2, 3], [3, 3], [1, 2], [1, 3], [2, 1], [3, 2]],976,982,984,959
680208,6,120,127,[6, 5, 3, 11, 2, 1],[[2, 3], [3, 3], [1, 2], [1, 3], [2, 1], [3, 2]],959,982,992,954
680290,6,120,127,[6, 5, 3, 11, 2, 1],[[2, 3], [3, 3], [1, 2], [1, 3], [2, 1], [3, 2]],974,981,993,947
680346,6,120,127,[6, 5, 3, 11, 2, 1],[[2, 3], [3, 3], [1, 2], [1, 3], [2, 1], [3, 2]],987,996,993,934
680399,6,120,127,[6, 5, 3, 11, 2, 1],[[2, 3], [3, 3], [1, 2], [1, 3], [2, 1], [3, 2]],992,996,992,925
680469,6,120,127,[6, 5, 3, 11, 2, 1],[[2, 3], [3, 3], [1, 2], [1, 3], [2, 1], [3, 2]],968,1002,979,910
680536,6,120,127,[6, 5, 3, 11, 2, 1],[[2, 3], [3, 3], [1, 2], [1, 3], [2, 1], [3, 2]],964,1009,961,899
680613,6,120,127,[6, 5, 3, 11, 2, 1],[[2, 3], [3, 3], [1, 2], [1, 3], [2, 1], [3, 2]],963,994,941,896
680679,6,120,127,[6, 5, 3, 11, 2, 1],[[2, 3], [3, 3], [1, 2], [1, 3], [2, 1], [3, 2]],966,984,927,901
680734,6,120,127,[6, 5, 3, 11, 2, 1],[[2, 3], [3, 3], [1, 2], [1, 3], [2, 1], [3, 2]],969,966,922,909
680795,6,120,127,[6, 5, 3, 11, 2, 1],[[2, 3], [3, 3], [1, 2], [1, 3], [2, 1], [3, 2]],962,989,920,917
680848,6,120,127,[6, 5, 3, 11, 2, 1],[[2, 3], [3, 3], [1, 2], [1, 3], [2, 1], [3, 2]],963,965,923,924
680902,6,121,37,[6, 5, 8, 12, 7, 9],[[2, 1], [3, 1], [1, 2], [1, 3], [2, 3], [3, 2]],982,972,927,930
680965,6,121,37,[6, 5, 8, 12, 7, 9],[[2, 1], [3, 1], [1, 2], [1, 3], [2, 3], [3, 2]],967,980,942,932
681025,6,121,37,[6, 5, 8, 12, 7, 9],[[2, 1], [3, 1], [1, 2], [1, 3], [2, 3], [3, 2]],960,989,958,933
681097,6,121,37,[6, 5, 8, 12, 7, 9],[[2, 1], [3, 1], [1, 2], [1, 3], [2, 3], [3, 2]],962,958,963,933
681139,6,121,37,[6, 5, 8, 12, 7, 9],[[2, 1], [3, 1], [1, 2], [1, 3], [2, 3], [3, 2]],951,936,971,932
681210,6,121,37,[6, 5, 8, 12, 7, 9],[[2, 1], [3, 1], [1, 2], [1, 3], [2, 3], [3, 2]],936,954,982,924
681270,6,121,37,[6, 5, 8, 12, 7, 9],[[2, 1], [3, 1], [1, 2], [1, 3], [2, 3], [3, 2]],949,928,987,916
681341,6,121,37,[6, 5, 8, 12, 7, 9],[[2, 1], [3, 1], [1, 2], [1, 3], [2, 3], [3, 2]],922,928,987,915
681378,6,121,37,[6, 5, 8, 12, 7, 9],[[2, 1], [3, 1], [1, 2], [1, 3], [2, 3], [3, 2]],910,928,987,915
681436,6,121,37,[6, 5, 8, 12, 7, 9],[[2, 1], [3, 1], [1, 2], [1, 3], [2, 3], [3, 2]],900,903,969,915
681533,6,121,37,[6, 5, 8, 12, 7, 9],[[2, 1], [3, 1], [1, 2], [1, 3], [2, 3], [3, 2]],928,914,950,920
681590,6,121,37,[6, 5, 8, 12, 7, 9],[[2, 1], [3, 1], [1, 2], [1, 3], [2, 3], [3, 2]],933,926,940,929
681656,6,121,37,[6, 5, 8, 12, 7, 9],[[2, 1], [3, 1], [1, 2], [1, 3], [2, 3], [3, 2]],915,940,937,929
681717,6,121,37,[6, 5, 8, 12, 7, 9],[[2, 1], [3, 1], [1, 2], [1, 3], [2, 3], [3, 2]],949,943,917,906
681772,6,121,37,[6, 5, 8, 12, 7, 9],[[2, 1], [3, 1], [1, 2], [1, 3], [2, 3], [3, 2]],947,938,897,878
681851,6,121,37,[6, 5, 8, 12, 7, 9],[[2, 1], [3, 1], [1, 2], [1, 3], [2, 3], [3, 2]],966,931,894,877
681893,6,121,37,[6, 5, 8, 12, 7, 9],[[2, 1], [3, 1], [1, 2], [1, 3], [2, 3], [3, 2]],948,940,894,877
681935,6,121,37,[6, 5, 8, 12, 7, 9],[[2, 1], [3, 1], [1, 2], [1, 3], [2, 3], [3, 2]],931,934,894,877
681988,6,121,37,[6, 5, 8, 12, 7, 9],[[2, 1], [3, 1], [1, 2], [1, 3], [2, 3], [3, 2]],941,896,894,877
682032,6,121,37,[6, 5, 8, 12, 7, 9],[[2, 1], [3, 1], [1, 2], [1, 3], [2, 3], [3, 2]],937,886,918,883
682085,6,121,37,[6, 5, 8, 12, 7, 9],[[2, 1], [3, 1], [1, 2], [1, 3], [2, 3], [3, 2]],941,890,939,895
682132,6,121,37,[6, 5, 8, 12, 7, 9],[[2, 1], [3, 1], [1, 2], [1, 3], [2, 3], [3, 2]],929,900,941,896
682190,6,121,37,[6, 5, 8, 12, 7, 9],[[2, 1], [3, 1], [1, 2], [1, 3], [2, 3], [3, 2]],939,916,941,896
682256,6,121,37,[6, 5, 8, 12, 7, 9],[[2, 1], [3, 1], [1, 2], [1, 3], [2, 3], [3, 2]],927,903,937,908
682345,6,121,37,[6, 5, 8, 12, 7, 9],[[2, 1], [3, 1], [1, 2], [1, 3], [2, 3], [3, 2]],926,870,931,914
682412,6,121,37,[6, 5, 8, 12, 7, 9],[[2, 1], [3, 1], [1, 2], [1, 3], [2, 3], [3, 2]],945,869,927,915
682479,6,121,37,[6, 5, 8, 12, 7, 9],[[2, 1], [3, 1], [1, 2], [1, 3], [2, 3], [3, 2]],920,877,924,899
682545,6,121,37,[6, 5, 8, 12, 7, 9],[[2, 1], [3, 1], [1, 2], [1, 3], [2, 3], [3, 2]],932,860,931,886
682603,6,121,37,[6, 5, 8, 12, 7, 9],[[2, 1], [3, 1], [1, 2], [1, 3], [2, 3], [3, 2]],913,849,937,882
682676,6,121,37,[6, 5, 8, 12, 7, 9],[[2, 1], [3, 1], [1, 2], [1, 3], [2, 3], [3, 2]],927,864,925,871
682734,6,121,37,[6, 5, 8, 12, 7, 9],[[2, 1], [3, 1], [1, 2], [1, 3], [2, 3], [3, 2]],920,874,888,858
682804,6,121,37,[6, 5, 8, 12, 7, 9],[[2, 1], [3, 1], [1, 2], [1, 3], [2, 3], [3, 2]],933,865,880,862
682857,6,121,37,[6, 5, 8, 12, 7, 9],[[2, 1], [3, 1], [1, 2], [1, 3], [2, 3], [3, 2]],952,872,880,868
682916,6,121,37,[6, 5, 8, 12, 7, 9],[[2, 1], [3, 1], [1, 2], [1, 3], [2, 3], [3, 2]],973,896,881,869
682979,6,121,37,[6, 5, 8, 12, 7, 9],[[2, 1], [3, 1], [1, 2], [1, 3], [2, 3], [3, 2]],948,891,893,858
683043,6,121,37,[6, 5, 8, 12, 7, 9],[[2, 1], [3, 1], [1, 2], [1, 3], [2, 3], [3, 2]],946,888,897,839
683112,6,121,37,[6, 5, 8, 12, 7, 9],[[2, 1], [3, 1], [1, 2], [1, 3], [2, 3], [3, 2]],960,869,897,839
683172,6,121,37,[6, 5, 8, 12, 7, 9],[[2, 1], [3, 1], [1, 2], [1, 3], [2, 3], [3, 2]],957,849,885,860
683221,6,121,37,[6, 5, 8, 12, 7, 9],[[2, 1], [3, 1], [1, 2], [1, 3], [2, 3], [3, 2]],968,832,883,868
683284,6,121,37,[6, 5, 8, 12, 7, 9],[[2, 1], [3, 1], [1, 2], [1, 3], [2, 3], [3, 2]],952,848,884,870
683347,6,121,37,[6, 5, 8, 12, 7, 9],[[2, 1], [3, 1], [1, 2], [1, 3], [2, 3], [3, 2]],979,861,891,870
683405,6,121,37,[6, 5, 8, 12, 7, 9],[[2, 1], [3, 1], [1, 2], [1, 3], [2, 3], [3, 2]],961,843,917,860
683482,6,121,37,[6, 5, 8, 12, 7, 9],[[2, 1], [3, 1], [1, 2], [1, 3], [2, 3], [3, 2]],959,825,928,854
683525,6,121,37,[6, 5, 8, 12, 7, 9],[[2, 1], [3, 1], [1, 2], [1, 3], [2, 3], [3, 2]],942,847,933,844
683601,6,121,37,[6, 5, 8, 12, 7, 9],[[2, 1], [3, 1], [1, 2], [1, 3], [2, 3], [3, 2]],945,877,931,824
683642,6,121,37,[6, 5, 8, 12, 7, 9],[[2, 1], [3, 1], [1, 2], [1, 3], [2, 3], [3, 2]],919,866,928,820
683713,6,121,37,[6, 5, 8, 12, 7, 9],[[2, 1], [3, 1], [1, 2], [1, 3], [2, 3], [3, 2]],923,889,914,823
683761,6,121,37,[6, 5, 8, 12, 7, 9],[[2, 1], [3, 1], [1, 2], [1, 3], [2, 3], [3, 2]],925,885,900,831
683811,6,121,37,[6, 5, 8, 12, 7, 9],[[2, 1], [3, 1], [1, 2], [1, 3], [2, 3], [3, 2]],910,885,895,846
683863,6,121,37,[6, 5, 8, 12, 7, 9],[[2, 1], [3, 1], [1, 2], [1, 3], [2, 3], [3, 2]],936,895,892,866
683910,6,121,37,[6, 5, 8, 12, 7, 9],[[2, 1], [3, 1], [1, 2], [1, 3], [2, 3], [3, 2]],950,898,896,878
683960,6,121,37,[6, 5, 8, 12, 7, 9],[[2, 1], [3, 1], [1, 2], [1, 3], [2, 3], [3, 2]],932,926,900,879
684012,6,121,37,[6, 5, 8, 12, 7, 9],[[2, 1], [3, 1], [1, 2], [1, 3], [2, 3], [3, 2]],930,944,914,878
684062,6,121,37,[6, 5, 8, 12, 7, 9],[[2, 1], [3, 1], [1, 2], [1, 3], [2, 3], [3, 2]],922,924,938,864
684111,6,121,37,[6, 5, 8, 12, 7, 9],[[2, 1], [3, 1], [1, 2], [1, 3], [2, 3], [3, 2]],913,959,951,850
684165,6,121,37,[6, 5, 8, 12, 7, 9],[[2, 1], [3, 1], [1, 2], [1, 3], [2, 3], [3, 2]],919,958,953,837
684207,6,121,37,[6, 5, 8, 12, 7, 9],[[2, 1], [3, 1], [1, 2], [1, 3], [2, 3], [3, 2]],902,981,953,834
684288,6,121,37,[6, 5, 8, 12, 7, 9],[[2, 1], [3, 1], [1, 2], [1, 3], [2, 3], [3, 2]],898,991,953,834
684337,6,121,37,[6, 5, 8, 12, 7, 9],[[2, 1], [3, 1], [1, 2], [1, 3], [2, 3], [3, 2]],905,999,927,836
684402,6,121,37,[6, 5, 8, 12, 7, 9],[[2, 1], [3, 1], [1, 2], [1, 3], [2, 3], [3, 2]],925,1005,913,841
684457,6,121,37,[6, 5, 8, 12, 7, 9],[[2, 1], [3, 1], [1, 2], [1, 3], [2, 3], [3, 2]],923,1023,902,851
684511,6,121,37,[6, 5, 8, 12, 7, 9],[[2, 1], [3, 1], [1, 2], [1, 3], [2, 3], [3, 2]],905,985,898,863
684581,6,121,37,[6, 5, 8, 12, 7, 9],[[2, 1], [3, 1], [1, 2], [1, 3], [2, 3], [3, 2]],903,985,898,876
684633,6,121,37,[6, 5, 8, 12, 7, 9],[[2, 1], [3, 1], [1, 2], [1, 3], [2, 3], [3, 2]],922,991,898,877
684692,6,121,37,[6, 5, 8, 12, 7, 9],[[2, 1], [3, 1], [1, 2], [1, 3], [2, 3], [3, 2]],911,982,902,877
684750,6,121,37,[6, 5, 8, 12, 7, 9],[[2, 1], [3, 1], [1, 2], [1, 3], [2, 3], [3, 2]],915,993,918,875
684805,6,121,37,[6, 5, 8, 12, 7, 9],[[2, 1], [3, 1], [1, 2], [1, 3], [2, 3], [3, 2]],900,974,936,863
684850,6,121,37,[6, 5, 8, 12, 7, 9],[[2, 1], [3, 1], [1, 2], [1, 3], [2, 3], [3, 2]],894,990,941,851
684909,6,121,37,[6, 5, 8, 12, 7, 9],[[2, 1], [3, 1], [1, 2], [1, 3], [2, 3], [3, 2]],866,969,940,842
684956,6,122,96,[10, 4, 3, 11, 2, 1],[[1, 3], [2, 3], [3, 2], [3, 3], [1, 1], [2, 2]],879,965,939,841
685034,6,122,96,[10, 4, 3, 11, 2, 1],[[1, 3], [2, 3], [3, 2], [3, 3], [1, 1], [2, 2]],884,944,906,852
685085,6,122,96,[10, 4, 3, 11, 2, 1],[[1, 3], [2, 3], [3, 2], [3, 3], [1, 1], [2, 2]],897,965,887,873
685125,6,122,96,[10, 4, 3, 11, 2, 1],[[1, 3], [2, 3], [3, 2], [3, 3], [1, 1], [2, 2]],878,991,881,894
685182,6,122,96,[10, 4, 3, 11, 2, 1],[[1, 3], [2, 3], [3, 2], [3, 3], [1, 1], [2, 2]],886,957,884,918
685250,6,122,96,[10, 4, 3, 11, 2, 1],[[1, 3], [2, 3], [3, 2], [3, 3], [1, 1], [2, 2]],882,961,892,939
685297,6,122,96,[10, 4, 3, 11, 2, 1],[[1, 3], [2, 3], [3, 2], [3, 3], [1, 1], [2, 2]],877,959,896,941
685337,6,122,96,[10, 4, 3, 11, 2, 1],[[1, 3], [2, 3], [3, 2], [3, 3], [1, 1], [2, 2]],866,951,905,943
685425,6,122,96,[10, 4, 3, 11, 2, 1],[[1, 3], [2, 3], [3, 2], [3, 3], [1, 1], [2, 2]],862,940,929,933
685485,6,122,96,[10, 4, 3, 11, 2, 1],[[1, 3], [2, 3], [3, 2], [3, 3], [1, 1], [2, 2]],879,954,944,917
685540,6,122,96,[10, 4, 3, 11, 2, 1],[[1, 3], [2, 3], [3, 2], [3, 3], [1, 1], [2, 2]],880,921,947,904
685603,6,122,96,[10, 4, 3, 11, 2, 1],[[1, 3], [2, 3], [3, 2], [3, 3], [1, 1], [2, 2]],825,915,948,889
685681,6,122,96,[10, 4, 3, 11, 2, 1],[[1, 3], [2, 3], [3, 2], [3, 3], [1, 1], [2, 2]],812,932,942,883
685731,6,122,96,[10, 4, 3, 11, 2, 1],[[1, 3], [2, 3], [3, 2], [3, 3], [1, 1], [2, 2]],818,932,935,883
685779,6,122,96,[10, 4, 3, 11, 2, 1],[[1, 3], [2, 3], [3, 2], [3, 3], [1, 1], [2, 2]],852,932,925,887
685848,6,122,96,[10, 4, 3, 11, 2, 1],[[1, 3], [2, 3], [3, 2], [3, 3], [1, 1], [2, 2]],842,926,916,903
685914,6,122,96,[10, 4, 3, 11, 2, 1],[[1, 3], [2, 3], [3, 2], [3, 3], [1, 1], [2, 2]],837,916,915,913
686013,6,122,96,[10, 4, 3, 11, 2, 1],[[1, 3], [2, 3], [3, 2], [3, 3], [1, 1], [2, 2]],843,919,921,927
686053,6,122,96,[10, 4, 3, 11, 2, 1],[[1, 3], [2, 3], [3, 2], [3, 3], [1, 1], [2, 2]],853,916,922,928
686141,6,122,96,[10, 4, 3, 11, 2, 1],[[1, 3], [2, 3], [3, 2], [3, 3], [1, 1], [2, 2]],868,898,928,927
686203,6,122,96,[10, 4, 3, 11, 2, 1],[[1, 3], [2, 3], [3, 2], [3, 3], [1, 1], [2, 2]],878,887,937,905
686260,6,122,96,[10, 4, 3, 11, 2, 1],[[1, 3], [2, 3], [3, 2], [3, 3], [1, 1], [2, 2]],888,889,933,889
686300,6,122,96,[10, 4, 3, 11, 2, 1],[[1, 3], [2, 3], [3, 2], [3, 3], [1, 1], [2, 2]],893,876,926,875
686376,6,122,96,[10, 4, 3, 11, 2, 1],[[1, 3], [2, 3], [3, 2], [3, 3], [1, 1], [2, 2]],910,876,918,874
686420,6,122,96,[10, 4, 3, 11, 2, 1],[[1, 3], [2, 3], [3, 2], [3, 3], [1, 1], [2, 2]],896,877,908,874
686494,6,122,96,[10, 4, 3, 11, 2, 1],[[1, 3], [2, 3], [3, 2], [3, 3], [1, 1], [2, 2]],890,871,904,874
686539,6,122,96,[10, 4, 3, 11, 2, 1],[[1, 3], [2, 3], [3, 2], [3, 3], [1, 1], [2, 2]],917,865,900,876
686604,6,122,96,[10, 4, 3, 11, 2, 1],[[1, 3], [2, 3], [3, 2], [3, 3], [1, 1], [2, 2]],935,880,900,876
686644,6,122,96,[10, 4, 3, 11, 2, 1],[[1, 3], [2, 3], [3, 2], [3, 3], [1, 1], [2, 2]],932,890,900,876
686680,6,122,96,[10, 4, 3, 11, 2, 1],[[1, 3], [2, 3], [3, 2], [3, 3], [1, 1], [2, 2]],938,892,900,876
686738,6,122,96,[10, 4, 3, 11, 2, 1],[[1, 3], [2, 3], [3, 2], [3, 3], [1, 1], [2, 2]],956,881,900,876
686792,6,122,96,[10, 4, 3, 11, 2, 1],[[1, 3], [2, 3], [3, 2], [3, 3], [1, 1], [2, 2]],954,896,900,877
686846,6,122,96,[10, 4, 3, 11, 2, 1],[[1, 3], [2, 3], [3, 2], [3, 3], [1, 1], [2, 2]],969,881,893,888
686905,6,122,96,[10, 4, 3, 11, 2, 1],[[1, 3], [2, 3], [3, 2], [3, 3], [1, 1], [2, 2]],970,895,893,888
686964,6,122,96,[10, 4, 3, 11, 2, 1],[[1, 3], [2, 3], [3, 2], [3, 3], [1, 1], [2, 2]],960,899,903,888
687011,6,122,96,[10, 4, 3, 11, 2, 1],[[1, 3], [2, 3], [3, 2], [3, 3], [1, 1], [2, 2]],963,878,922,891
687051,6,122,96,[10, 4, 3, 11, 2, 1],[[1, 3], [2, 3], [3, 2], [3, 3], [1, 1], [2, 2]],945,873,932,891
687115,6,122,96,[10, 4, 3, 11, 2, 1],[[1, 3], [2, 3], [3, 2], [3, 3], [1, 1], [2, 2]],932,895,938,891
687177,6,122,96,[10, 4, 3, 11, 2, 1],[[1, 3], [2, 3], [3, 2], [3, 3], [1, 1], [2, 2]],921,888,946,891
687224,6,122,96,[10, 4, 3, 11, 2, 1],[[1, 3], [2, 3], [3, 2], [3, 3], [1, 1], [2, 2]],919,880,951,891
687265,6,122,96,[10, 4, 3, 11, 2, 1],[[1, 3], [2, 3], [3, 2], [3, 3], [1, 1], [2, 2]],946,880,959,891
687332,6,122,96,[10, 4, 3, 11, 2, 1],[[1, 3], [2, 3], [3, 2], [3, 3], [1, 1], [2, 2]],917,890,964,891
687388,6,122,96,[10, 4, 3, 11, 2, 1],[[1, 3], [2, 3], [3, 2], [3, 3], [1, 1], [2, 2]],912,901,964,891
687453,6,122,96,[10, 4, 3, 11, 2, 1],[[1, 3], [2, 3], [3, 2], [3, 3], [1, 1], [2, 2]],903,905,964,891
687514,6,122,96,[10, 4, 3, 11, 2, 1],[[1, 3], [2, 3], [3, 2], [3, 3], [1, 1], [2, 2]],926,912,964,891
687576,6,122,96,[10, 4, 3, 11, 2, 1],[[1, 3], [2, 3], [3, 2], [3, 3], [1, 1], [2, 2]],927,899,959,880
687630,6,122,96,[10, 4, 3, 11, 2, 1],[[1, 3], [2, 3], [3, 2], [3, 3], [1, 1], [2, 2]],910,892,950,869
687690,6,122,96,[10, 4, 3, 11, 2, 1],[[1, 3], [2, 3], [3, 2], [3, 3], [1, 1], [2, 2]],894,887,947,866
687756,6,122,96,[10, 4, 3, 11, 2, 1],[[1, 3], [2, 3], [3, 2], [3, 3], [1, 1], [2, 2]],882,886,946,866
687813,6,122,96,[10, 4, 3, 11, 2, 1],[[1, 3], [2, 3], [3, 2], [3, 3], [1, 1], [2, 2]],884,906,933,866
687855,6,122,96,[10, 4, 3, 11, 2, 1],[[1, 3], [2, 3], [3, 2], [3, 3], [1, 1], [2, 2]],860,889,926,867
687925,6,122,96,[10, 4, 3, 11, 2, 1],[[1, 3], [2, 3], [3, 2], [3, 3], [1, 1], [2, 2]],884,900,925,867
687981,6,122,96,[10, 4, 3, 11, 2, 1],[[1, 3], [2, 3], [3, 2], [3, 3], [1, 1], [2, 2]],904,884,925,867
688019,6,122,96,[10, 4, 3, 11, 2, 1],[[1, 3], [2, 3], [3, 2], [3, 3], [1, 1], [2, 2]],884,907,925,867
688109,6,122,96,[10, 4, 3, 11, 2, 1],[[1, 3], [2, 3], [3, 2], [3, 3], [1, 1], [2, 2]],879,854,941,871
688188,6,122,96,[10, 4, 3, 11, 2, 1],[[1, 3], [2, 3], [3, 2], [3, 3], [1, 1], [2, 2]],862,851,945,871
688285,6,122,96,[10, 4, 3, 11, 2, 1],[[1, 3], [2, 3], [3, 2], [3, 3], [1, 1], [2, 2]],878,883,947,871
688342,6,122,96,[10, 4, 3, 11, 2, 1],[[1, 3], [2, 3], [3, 2], [3, 3], [1, 1], [2, 2]],880,897,951,869
688418,6,122,96,[10, 4, 3, 11, 2, 1],[[1, 3], [2, 3], [3, 2], [3, 3], [1, 1], [2, 2]],885,913,954,868
688468,6,122,96,[10, 4, 3, 11, 2, 1],[[1, 3], [2, 3], [3, 2], [3, 3], [1, 1], [2, 2]],877,881,954,868
688508,6,122,96,[10, 4, 3, 11, 2, 1],[[1, 3], [2, 3], [3, 2], [3, 3], [1, 1], [2, 2]],863,872,954,868
688576,6,122,96,[10, 4, 3, 11, 2, 1],[[1, 3], [2, 3], [3, 2], [3, 3], [1, 1], [2, 2]],891,853,919,863
688629,6,122,96,[10, 4, 3, 11, 2, 1],[[1, 3], [2, 3], [3, 2], [3, 3], [1, 1], [2, 2]],896,842,913,863
688692,6,122,96,[10, 4, 3, 11, 2, 1],[[1, 3], [2, 3], [3, 2], [3, 3], [1, 1], [2, 2]],896,845,903,866
688746,6,122,96,[10, 4, 3, 11, 2, 1],[[1, 3], [2, 3], [3, 2], [3, 3], [1, 1], [2, 2]],892,804,899,868
688800,6,122,96,[10, 4, 3, 11, 2, 1],[[1, 3], [2, 3], [3, 2], [3, 3], [1, 1], [2, 2]],917,800,893,872
688846,6,122,96,[10, 4, 3, 11, 2, 1],[[1, 3], [2, 3], [3, 2], [3, 3], [1, 1], [2, 2]],933,806,885,876
688906,6,122,96,[10, 4, 3, 11, 2, 1],[[1, 3], [2, 3], [3, 2], [3, 3], [1, 1], [2, 2]],923,812,884,878
688961,6,122,96,[10, 4, 3, 11, 2, 1],[[1, 3], [2, 3], [3, 2], [3, 3], [1, 1], [2, 2]],924,818,884,882
689015,6,123,111,[6, 5, 3, 11, 7, 9],[[2, 3], [3, 3], [1, 1], [1, 2], [2, 2], [3, 1]],924,823,890,882
689084,6,123,111,[6, 5, 3, 11, 7, 9],[[2, 3], [3, 3], [1, 1], [1, 2], [2, 2], [3, 1]],897,797,922,880
689137,6,123,111,[6, 5, 3, 11, 7, 9],[[2, 3], [3, 3], [1, 1], [1, 2], [2, 2], [3, 1]],899,811,941,879
689185,6,123,111,[6, 5, 3, 11, 7, 9],[[2, 3], [3, 3], [1, 1], [1, 2], [2, 2], [3, 1]],896,828,955,873
689239,6,123,111,[6, 5, 3, 11, 7, 9],[[2, 3], [3, 3], [1, 1], [1, 2], [2, 2], [3, 1]],930,811,959,870
689288,6,123,111,[6, 5, 3, 11, 7, 9],[[2, 3], [3, 3], [1, 1], [1, 2], [2, 2], [3, 1]],909,826,961,868
689342,6,123,111,[6, 5, 3, 11, 7, 9],[[2, 3], [3, 3], [1, 1], [1, 2], [2, 2], [3, 1]],911,843,961,867
689399,6,123,111,[6, 5, 3, 11, 7, 9],[[2, 3], [3, 3], [1, 1], [1, 2], [2, 2], [3, 1]],930,834,962,861
689465,6,123,111,[6, 5, 3, 11, 7, 9],[[2, 3], [3, 3], [1, 1], [1, 2], [2, 2], [3, 1]],942,839,962,857
689535,6,123,111,[6, 5, 3, 11, 7, 9],[[2, 3], [3, 3], [1, 1], [1, 2], [2, 2], [3, 1]],953,842,952,855
689603,6,123,111,[6, 5, 3, 11, 7, 9],[[2, 3], [3, 3], [1, 1], [1, 2], [2, 2], [3, 1]],972,806,938,853
689650,6,123,111,[6, 5, 3, 11, 7, 9],[[2, 3], [3, 3], [1, 1], [1, 2], [2, 2], [3, 1]],974,838,931,851
689717,6,123,111,[6, 5, 3, 11, 7, 9],[[2, 3], [3, 3], [1, 1], [1, 2], [2, 2], [3, 1]],929,820,922,851
689768,6,123,111,[6, 5, 3, 11, 7, 9],[[2, 3], [3, 3], [1, 1], [1, 2], [2, 2], [3, 1]],921,821,911,850
689824,6,123,111,[6, 5, 3, 11, 7, 9],[[2, 3], [3, 3], [1, 1], [1, 2], [2, 2], [3, 1]],920,818,901,850
689871,6,123,111,[6, 5, 3, 11, 7, 9],[[2, 3], [3, 3], [1, 1], [1, 2], [2, 2], [3, 1]],912,826,901,849
689925,6,123,111,[6, 5, 3, 11, 7, 9],[[2, 3], [3, 3], [1, 1], [1, 2], [2, 2], [3, 1]],882,839,901,849
689977,6,123,111,[6, 5, 3, 11, 7, 9],[[2, 3], [3, 3], [1, 1], [1, 2], [2, 2], [3, 1]],910,816,901,849
690031,6,123,111,[6, 5, 3, 11, 7, 9],[[2, 3], [3, 3], [1, 1], [1, 2], [2, 2], [3, 1]],889,846,901,849
690078,6,123,111,[6, 5, 3, 11, 7, 9],[[2, 3], [3, 3], [1, 1], [1, 2], [2, 2], [3, 1]],891,856,909,841
690115,6,123,111,[6, 5, 3, 11, 7, 9],[[2, 3], [3, 3], [1, 1], [1, 2], [2, 2], [3, 1]],925,858,916,837
690158,6,123,111,[6, 5, 3, 11, 7, 9],[[2, 3], [3, 3], [1, 1], [1, 2], [2, 2], [3, 1]],935,860,921,834
690230,6,123,111,[6, 5, 3, 11, 7, 9],[[2, 3], [3, 3], [1, 1], [1, 2], [2, 2], [3, 1]],919,885,924,832
690284,6,123,111,[6, 5, 3, 11, 7, 9],[[2, 3], [3, 3], [1, 1], [1, 2], [2, 2], [3, 1]],897,895,924,832
690326,6,123,111,[6, 5, 3, 11, 7, 9],[[2, 3], [3, 3], [1, 1], [1, 2], [2, 2], [3, 1]],885,895,924,832
690398,6,123,111,[6, 5, 3, 11, 7, 9],[[2, 3], [3, 3], [1, 1], [1, 2], [2, 2], [3, 1]],864,947,900,842
690447,6,123,111,[6, 5, 3, 11, 7, 9],[[2, 3], [3, 3], [1, 1], [1, 2], [2, 2], [3, 1]],871,954,889,848
690511,6,123,111,[6, 5, 3, 11, 7, 9],[[2, 3], [3, 3], [1, 1], [1, 2], [2, 2], [3, 1]],878,954,882,853
690562,6,123,111,[6, 5, 3, 11, 7, 9],[[2, 3], [3, 3], [1, 1], [1, 2], [2, 2], [3, 1]],877,956,877,855
690640,6,123,111,[6, 5, 3, 11, 7, 9],[[2, 3], [3, 3], [1, 1], [1, 2], [2, 2], [3, 1]],884,1001,870,862
690690,6,123,111,[6, 5, 3, 11, 7, 9],[[2, 3], [3, 3], [1, 1], [1, 2], [2, 2], [3, 1]],885,994,869,863
690743,6,123,111,[6, 5, 3, 11, 7, 9],[[2, 3], [3, 3], [1, 1], [1, 2], [2, 2], [3, 1]],910,997,869,870
690806,6,123,111,[6, 5, 3, 11, 7, 9],[[2, 3], [3, 3], [1, 1], [1, 2], [2, 2], [3, 1]],903,1010,870,874
690857,6,123,111,[6, 5, 3, 11, 7, 9],[[2, 3], [3, 3], [1, 1], [1, 2], [2, 2], [3, 1]],875,986,883,881
690917,6,123,111,[6, 5, 3, 11, 7, 9],[[2, 3], [3, 3], [1, 1], [1, 2], [2, 2], [3, 1]],858,996,893,885
690964,6,123,111,[6, 5, 3, 11, 7, 9],[[2, 3], [3, 3], [1, 1], [1, 2], [2, 2], [3, 1]],895,981,898,886
691003,6,123,111,[6, 5, 3, 11, 7, 9],[[2, 3], [3, 3], [1, 1], [1, 2], [2, 2], [3, 1]],900,1001,898,886
691051,6,123,111,[6, 5, 3, 11, 7, 9],[[2, 3], [3, 3], [1, 1], [1, 2], [2, 2], [3, 1]],894,1022,898,886
691097,6,123,111,[6, 5, 3, 11, 7, 9],[[2, 3], [3, 3], [1, 1], [1, 2], [2, 2], [3, 1]],912,967,898,886
691176,6,123,111,[6, 5, 3, 11, 7, 9],[[2, 3], [3, 3], [1, 1], [1, 2], [2, 2], [3, 1]],929,963,888,895
691216,6,123,111,[6, 5, 3, 11, 7, 9],[[2, 3], [3, 3], [1, 1], [1, 2], [2, 2], [3, 1]],914,964,887,895
691263,6,123,111,[6, 5, 3, 11, 7, 9],[[2, 3], [3, 3], [1, 1], [1, 2], [2, 2], [3, 1]],914,963,887,896
691318,6,123,111,[6, 5, 3, 11, 7, 9],[[2, 3], [3, 3], [1, 1], [1, 2], [2, 2], [3, 1]],929,956,881,896
691382,6,123,111,[6, 5, 3, 11, 7, 9],[[2, 3], [3, 3], [1, 1], [1, 2], [2, 2], [3, 1]],912,949,861,887
691433,6,123,111,[6, 5, 3, 11, 7, 9],[[2, 3], [3, 3], [1, 1], [1, 2], [2, 2], [3, 1]],899,959,858,885
691483,6,123,111,[6, 5, 3, 11, 7, 9],[[2, 3], [3, 3], [1, 1], [1, 2], [2, 2], [3, 1]],890,946,857,881
691555,6,123,111,[6, 5, 3, 11, 7, 9],[[2, 3], [3, 3], [1, 1], [1, 2], [2, 2], [3, 1]],867,949,862,877
691611,6,123,111,[6, 5, 3, 11, 7, 9],[[2, 3], [3, 3], [1, 1], [1, 2], [2, 2], [3, 1]],857,965,873,877
691686,6,123,111,[6, 5, 3, 11, 7, 9],[[2, 3], [3, 3], [1, 1], [1, 2], [2, 2], [3, 1]],872,963,882,887
691734,6,123,111,[6, 5, 3, 11, 7, 9],[[2, 3], [3, 3], [1, 1], [1, 2], [2, 2], [3, 1]],904,956,888,894
691817,6,123,111,[6, 5, 3, 11, 7, 9],[[2, 3], [3, 3], [1, 1], [1, 2], [2, 2], [3, 1]],889,978,898,910
691879,6,123,111,[6, 5, 3, 11, 7, 9],[[2, 3], [3, 3], [1, 1], [1, 2], [2, 2], [3, 1]],884,980,908,915
691953,6,123,111,[6, 5, 3, 11, 7, 9],[[2, 3], [3, 3], [1, 1], [1, 2], [2, 2], [3, 1]],878,965,923,917
692015,6,123,111,[6, 5, 3, 11, 7, 9],[[2, 3], [3, 3], [1, 1], [1, 2], [2, 2], [3, 1]],871,971,931,913
692073,6,123,111,[6, 5, 3, 11, 7, 9],[[2, 3], [3, 3], [1, 1], [1, 2], [2, 2], [3, 1]],865,1015,937,900
692144,6,123,111,[6, 5, 3, 11, 7, 9],[[2, 3], [3, 3], [1, 1], [1, 2], [2, 2], [3, 1]],858,995,934,892
692212,6,123,111,[6, 5, 3, 11, 7, 9],[[2, 3], [3, 3], [1, 1], [1, 2], [2, 2], [3, 1]],852,997,928,890
692281,6,123,111,[6, 5, 3, 11, 7, 9],[[2, 3], [3, 3], [1, 1], [1, 2], [2, 2], [3, 1]],845,993,917,891
692349,6,123,111,[6, 5, 3, 11, 7, 9],[[2, 3], [3, 3], [1, 1], [1, 2], [2, 2], [3, 1]],854,992,911,902
692408,6,123,111,[6, 5, 3, 11, 7, 9],[[2, 3], [3, 3], [1, 1], [1, 2], [2, 2], [3, 1]],855,997,911,914
692470,6,123,111,[6, 5, 3, 11, 7, 9],[[2, 3], [3, 3], [1, 1], [1, 2], [2, 2], [3, 1]],880,1007,906,929
692537,6,123,111,[6, 5, 3, 11, 7, 9],[[2, 3], [3, 3], [1, 1], [1, 2], [2, 2], [3, 1]],877,983,891,933
692597,6,123,111,[6, 5, 3, 11, 7, 9],[[2, 3], [3, 3], [1, 1], [1, 2], [2, 2], [3, 1]],868,967,862,929
692654,6,123,111,[6, 5, 3, 11, 7, 9],[[2, 3], [3, 3], [1, 1], [1, 2], [2, 2], [3, 1]],866,951,852,920
692708,6,123,111,[6, 5, 3, 11, 7, 9],[[2, 3], [3, 3], [1, 1], [1, 2], [2, 2], [3, 1]],856,956,851,906
692767,6,123,111,[6, 5, 3, 11, 7, 9],[[2, 3], [3, 3], [1, 1], [1, 2], [2, 2], [3, 1]],875,917,870,895
692816,6,123,111,[6, 5, 3, 11, 7, 9],[[2, 3], [3, 3], [1, 1], [1, 2], [2, 2], [3, 1]],870,933,889,895
692856,6,123,111,[6, 5, 3, 11, 7, 9],[[2, 3], [3, 3], [1, 1], [1, 2], [2, 2], [3, 1]],878,957,894,896
692925,6,123,111,[6, 5, 3, 11, 7, 9],[[2, 3], [3, 3], [1, 1], [1, 2], [2, 2], [3, 1]],877,986,906,909
692976,6,123,111,[6, 5, 3, 11, 7, 9],[[2, 3], [3, 3], [1, 1], [1, 2], [2, 2], [3, 1]],870,990,909,910
693035,6,124,100,[10, 4, 3, 11, 7, 9],[[1, 3], [2, 3], [3, 1], [3, 2], [1, 2], [2, 1]],878,965,912,910
693097,6,124,100,[10, 4, 3, 11, 7, 9],[[1, 3], [2, 3], [3, 1], [3, 2], [1, 2], [2, 1]],880,990,918,896
693137,6,124,100,[10, 4, 3, 11, 7, 9],[[1, 3], [2, 3], [3, 1], [3, 2], [1, 2], [2, 1]],881,1007,916,889
693180,6,124,100,[10, 4, 3, 11, 7, 9],[[1, 3], [2, 3], [3, 1], [3, 2], [1, 2], [2, 1]],894,1005,915,887
693244,6,124,100,[10, 4, 3, 11, 7, 9],[[1, 3], [2, 3], [3, 1], [3, 2], [1, 2], [2, 1]],916,997,896,896
693295,6,124,100,[10, 4, 3, 11, 7, 9],[[1, 3], [2, 3], [3, 1], [3, 2], [1, 2], [2, 1]],922,1000,892,906
693336,6,124,100,[10, 4, 3, 11, 7, 9],[[1, 3], [2, 3], [3, 1], [3, 2], [1, 2], [2, 1]],937,980,892,912
693380,6,124,100,[10, 4, 3, 11, 7, 9],[[1, 3], [2, 3], [3, 1], [3, 2], [1, 2], [2, 1]],944,989,893,922
693443,6,124,100,[10, 4, 3, 11, 7, 9],[[1, 3], [2, 3], [3, 1], [3, 2], [1, 2], [2, 1]],955,986,897,933
693510,6,124,100,[10, 4, 3, 11, 7, 9],[[1, 3], [2, 3], [3, 1], [3, 2], [1, 2], [2, 1]],930,995,894,943
693589,6,124,100,[10, 4, 3, 11, 7, 9],[[1, 3], [2, 3], [3, 1], [3, 2], [1, 2], [2, 1]],921,972,882,952
693647,6,124,100,[10, 4, 3, 11, 7, 9],[[1, 3], [2, 3], [3, 1], [3, 2], [1, 2], [2, 1]],908,953,870,957
693717,6,124,100,[10, 4, 3, 11, 7, 9],[[1, 3], [2, 3], [3, 1], [3, 2], [1, 2], [2, 1]],915,964,857,962
693769,6,124,100,[10, 4, 3, 11, 7, 9],[[1, 3], [2, 3], [3, 1], [3, 2], [1, 2], [2, 1]],904,968,852,964
693822,6,124,100,[10, 4, 3, 11, 7, 9],[[1, 3], [2, 3], [3, 1], [3, 2], [1, 2], [2, 1]],896,977,842,964
693868,6,124,100,[10, 4, 3, 11, 7, 9],[[1, 3], [2, 3], [3, 1], [3, 2], [1, 2], [2, 1]],903,984,842,964
693954,6,124,100,[10, 4, 3, 11, 7, 9],[[1, 3], [2, 3], [3, 1], [3, 2], [1, 2], [2, 1]],901,974,842,964
694014,6,124,100,[10, 4, 3, 11, 7, 9],[[1, 3], [2, 3], [3, 1], [3, 2], [1, 2], [2, 1]],898,979,845,967
694084,6,124,100,[10, 4, 3, 11, 7, 9],[[1, 3], [2, 3], [3, 1], [3, 2], [1, 2], [2, 1]],906,967,856,975
694128,6,124,100,[10, 4, 3, 11, 7, 9],[[1, 3], [2, 3], [3, 1], [3, 2], [1, 2], [2, 1]],914,961,867,984
694207,6,124,100,[10, 4, 3, 11, 7, 9],[[1, 3], [2, 3], [3, 1], [3, 2], [1, 2], [2, 1]],901,922,880,990
694287,6,124,100,[10, 4, 3, 11, 7, 9],[[1, 3], [2, 3], [3, 1], [3, 2], [1, 2], [2, 1]],894,936,886,990
694353,6,124,100,[10, 4, 3, 11, 7, 9],[[1, 3], [2, 3], [3, 1], [3, 2], [1, 2], [2, 1]],903,947,897,988
694412,6,124,100,[10, 4, 3, 11, 7, 9],[[1, 3], [2, 3], [3, 1], [3, 2], [1, 2], [2, 1]],918,956,915,975
694470,6,124,100,[10, 4, 3, 11, 7, 9],[[1, 3], [2, 3], [3, 1], [3, 2], [1, 2], [2, 1]],941,928,915,971
694518,6,124,100,[10, 4, 3, 11, 7, 9],[[1, 3], [2, 3], [3, 1], [3, 2], [1, 2], [2, 1]],907,940,917,957
694574,6,124,100,[10, 4, 3, 11, 7, 9],[[1, 3], [2, 3], [3, 1], [3, 2], [1, 2], [2, 1]],904,945,917,949
694644,6,124,100,[10, 4, 3, 11, 7, 9],[[1, 3], [2, 3], [3, 1], [3, 2], [1, 2], [2, 1]],890,977,916,941
694718,6,124,100,[10, 4, 3, 11, 7, 9],[[1, 3], [2, 3], [3, 1], [3, 2], [1, 2], [2, 1]],900,959,916,941
694768,6,124,100,[10, 4, 3, 11, 7, 9],[[1, 3], [2, 3], [3, 1], [3, 2], [1, 2], [2, 1]],930,987,907,937
694822,6,124,100,[10, 4, 3, 11, 7, 9],[[1, 3], [2, 3], [3, 1], [3, 2], [1, 2], [2, 1]],902,984,902,936
694880,6,124,100,[10, 4, 3, 11, 7, 9],[[1, 3], [2, 3], [3, 1], [3, 2], [1, 2], [2, 1]],892,959,897,936
694934,6,124,100,[10, 4, 3, 11, 7, 9],[[1, 3], [2, 3], [3, 1], [3, 2], [1, 2], [2, 1]],867,951,889,940
694988,6,124,100,[10, 4, 3, 11, 7, 9],[[1, 3], [2, 3], [3, 1], [3, 2], [1, 2], [2, 1]],867,968,886,944
695051,6,124,100,[10, 4, 3, 11, 7, 9],[[1, 3], [2, 3], [3, 1], [3, 2], [1, 2], [2, 1]],846,983,886,950
695104,6,124,100,[10, 4, 3, 11, 7, 9],[[1, 3], [2, 3], [3, 1], [3, 2], [1, 2], [2, 1]],842,987,886,955
695168,6,124,100,[10, 4, 3, 11, 7, 9],[[1, 3], [2, 3], [3, 1], [3, 2], [1, 2], [2, 1]],835,980,888,960
695227,6,124,100,[10, 4, 3, 11, 7, 9],[[1, 3], [2, 3], [3, 1], [3, 2], [1, 2], [2, 1]],834,949,888,960
695276,6,124,100,[10, 4, 3, 11, 7, 9],[[1, 3], [2, 3], [3, 1], [3, 2], [1, 2], [2, 1]],844,969,888,960
695330,6,124,100,[10, 4, 3, 11, 7, 9],[[1, 3], [2, 3], [3, 1], [3, 2], [1, 2], [2, 1]],828,987,888,960
695378,6,124,100,[10, 4, 3, 11, 7, 9],[[1, 3], [2, 3], [3, 1], [3, 2], [1, 2], [2, 1]],849,982,888,960
695432,6,124,100,[10, 4, 3, 11, 7, 9],[[1, 3], [2, 3], [3, 1], [3, 2], [1, 2], [2, 1]],868,974,888,960
695486,6,124,100,[10, 4, 3, 11, 7, 9],[[1, 3], [2, 3], [3, 1], [3, 2], [1, 2], [2, 1]],880,950,881,963
695549,6,124,100,[10, 4, 3, 11, 7, 9],[[1, 3], [2, 3], [3, 1], [3, 2], [1, 2], [2, 1]],873,960,873,965
695606,6,124,100,[10, 4, 3, 11, 7, 9],[[1, 3], [2, 3], [3, 1], [3, 2], [1, 2], [2, 1]],852,962,864,963
695681,6,124,100,[10, 4, 3, 11, 7, 9],[[1, 3], [2, 3], [3, 1], [3, 2], [1, 2], [2, 1]],840,979,859,958
695749,6,124,100,[10, 4, 3, 11, 7, 9],[[1, 3], [2, 3], [3, 1], [3, 2], [1, 2], [2, 1]],841,980,858,948
695800,6,124,100,[10, 4, 3, 11, 7, 9],[[1, 3], [2, 3], [3, 1], [3, 2], [1, 2], [2, 1]],833,943,866,940
695851,6,124,100,[10, 4, 3, 11, 7, 9],[[1, 3], [2, 3], [3, 1], [3, 2], [1, 2], [2, 1]],823,961,872,933
695892,6,124,100,[10, 4, 3, 11, 7, 9],[[1, 3], [2, 3], [3, 1], [3, 2], [1, 2], [2, 1]],818,965,878,930
695964,6,124,100,[10, 4, 3, 11, 7, 9],[[1, 3], [2, 3], [3, 1], [3, 2], [1, 2], [2, 1]],835,986,888,931
696011,6,124,100,[10, 4, 3, 11, 7, 9],[[1, 3], [2, 3], [3, 1], [3, 2], [1, 2], [2, 1]],852,989,903,949
696071,6,124,100,[10, 4, 3, 11, 7, 9],[[1, 3], [2, 3], [3, 1], [3, 2], [1, 2], [2, 1]],856,973,907,966
696141,6,124,100,[10, 4, 3, 11, 7, 9],[[1, 3], [2, 3], [3, 1], [3, 2], [1, 2], [2, 1]],864,965,891,975
696185,6,124,100,[10, 4, 3, 11, 7, 9],[[1, 3], [2, 3], [3, 1], [3, 2], [1, 2], [2, 1]],873,960,876,975
696237,6,124,100,[10, 4, 3, 11, 7, 9],[[1, 3], [2, 3], [3, 1], [3, 2], [1, 2], [2, 1]],885,972,856,973
696285,6,124,100,[10, 4, 3, 11, 7, 9],[[1, 3], [2, 3], [3, 1], [3, 2], [1, 2], [2, 1]],858,976,846,971
696331,6,124,100,[10, 4, 3, 11, 7, 9],[[1, 3], [2, 3], [3, 1], [3, 2], [1, 2], [2, 1]],873,957,840,966
696382,6,124,100,[10, 4, 3, 11, 7, 9],[[1, 3], [2, 3], [3, 1], [3, 2], [1, 2], [2, 1]],868,958,835,953
696437,6,124,100,[10, 4, 3, 11, 7, 9],[[1, 3], [2, 3], [3, 1], [3, 2], [1, 2], [2, 1]],868,964,835,934
696485,6,124,100,[10, 4, 3, 11, 7, 9],[[1, 3], [2, 3], [3, 1], [3, 2], [1, 2], [2, 1]],857,962,844,925
696548,6,124,100,[10, 4, 3, 11, 7, 9],[[1, 3], [2, 3], [3, 1], [3, 2], [1, 2], [2, 1]],815,964,855,923
696601,6,124,100,[10, 4, 3, 11, 7, 9],[[1, 3], [2, 3], [3, 1], [3, 2], [1, 2], [2, 1]],811,942,869,932
696664,6,124,100,[10, 4, 3, 11, 7, 9],[[1, 3], [2, 3], [3, 1], [3, 2], [1, 2], [2, 1]],799,951,877,953
696714,6,124,100,[10, 4, 3, 11, 7, 9],[[1, 3], [2, 3], [3, 1], [3, 2], [1, 2], [2, 1]],776,966,878,964
696754,6,124,100,[10, 4, 3, 11, 7, 9],[[1, 3], [2, 3], [3, 1], [3, 2], [1, 2], [2, 1]],806,992,874,969
696802,6,124,100,[10, 4, 3, 11, 7, 9],[[1, 3], [2, 3], [3, 1], [3, 2], [1, 2], [2, 1]],814,964,867,973
696871,6,124,100,[10, 4, 3, 11, 7, 9],[[1, 3], [2, 3], [3, 1], [3, 2], [1, 2], [2, 1]],815,988,859,973
696926,6,124,100,[10, 4, 3, 11, 7, 9],[[1, 3], [2, 3], [3, 1], [3, 2], [1, 2], [2, 1]],844,1003,850,960
696990,6,124,100,[10, 4, 3, 11, 7, 9],[[1, 3], [2, 3], [3, 1], [3, 2], [1, 2], [2, 1]],836,979,848,947
697048,6,124,100,[10, 4, 3, 11, 7, 9],[[1, 3], [2, 3], [3, 1], [3, 2], [1, 2], [2, 1]],812,969,857,941
697104,6,125,74,[10, 4, 8, 12, 7, 9],[[1, 3], [2, 3], [1, 1], [1, 2], [2, 2], [3, 1]],837,947,869,940
697155,6,125,74,[10, 4, 8, 12, 7, 9],[[1, 3], [2, 3], [1, 1], [1, 2], [2, 2], [3, 1]],830,928,870,940
697209,6,125,74,[10, 4, 8, 12, 7, 9],[[1, 3], [2, 3], [1, 1], [1, 2], [2, 2], [3, 1]],807,955,873,948
697271,6,125,74,[10, 4, 8, 12, 7, 9],[[1, 3], [2, 3], [1, 1], [1, 2], [2, 2], [3, 1]],823,953,864,957
697343,6,125,74,[10, 4, 8, 12, 7, 9],[[1, 3], [2, 3], [1, 1], [1, 2], [2, 2], [3, 1]],816,940,844,966
697392,6,125,74,[10, 4, 8, 12, 7, 9],[[1, 3], [2, 3], [1, 1], [1, 2], [2, 2], [3, 1]],817,929,832,967
697477,6,125,74,[10, 4, 8, 12, 7, 9],[[1, 3], [2, 3], [1, 1], [1, 2], [2, 2], [3, 1]],818,944,826,967
697526,6,125,74,[10, 4, 8, 12, 7, 9],[[1, 3], [2, 3], [1, 1], [1, 2], [2, 2], [3, 1]],813,965,821,967
697580,6,125,74,[10, 4, 8, 12, 7, 9],[[1, 3], [2, 3], [1, 1], [1, 2], [2, 2], [3, 1]],840,991,821,967
697661,6,125,74,[10, 4, 8, 12, 7, 9],[[1, 3], [2, 3], [1, 1], [1, 2], [2, 2], [3, 1]],837,984,814,965
697737,6,125,74,[10, 4, 8, 12, 7, 9],[[1, 3], [2, 3], [1, 1], [1, 2], [2, 2], [3, 1]],845,984,809,953
697820,6,125,74,[10, 4, 8, 12, 7, 9],[[1, 3], [2, 3], [1, 1], [1, 2], [2, 2], [3, 1]],821,995,813,945
697885,6,125,74,[10, 4, 8, 12, 7, 9],[[1, 3], [2, 3], [1, 1], [1, 2], [2, 2], [3, 1]],826,986,823,940
697944,6,125,74,[10, 4, 8, 12, 7, 9],[[1, 3], [2, 3], [1, 1], [1, 2], [2, 2], [3, 1]],836,963,834,939
698017,6,125,74,[10, 4, 8, 12, 7, 9],[[1, 3], [2, 3], [1, 1], [1, 2], [2, 2], [3, 1]],843,981,842,939
698066,6,125,74,[10, 4, 8, 12, 7, 9],[[1, 3], [2, 3], [1, 1], [1, 2], [2, 2], [3, 1]],832,987,843,940
698119,6,125,74,[10, 4, 8, 12, 7, 9],[[1, 3], [2, 3], [1, 1], [1, 2], [2, 2], [3, 1]],827,1012,844,941
698169,6,125,74,[10, 4, 8, 12, 7, 9],[[1, 3], [2, 3], [1, 1], [1, 2], [2, 2], [3, 1]],826,974,849,952
698228,6,125,74,[10, 4, 8, 12, 7, 9],[[1, 3], [2, 3], [1, 1], [1, 2], [2, 2], [3, 1]],834,974,850,964
698272,6,125,74,[10, 4, 8, 12, 7, 9],[[1, 3], [2, 3], [1, 1], [1, 2], [2, 2], [3, 1]],837,963,848,971
698345,6,125,74,[10, 4, 8, 12, 7, 9],[[1, 3], [2, 3], [1, 1], [1, 2], [2, 2], [3, 1]],834,959,841,977
698386,6,125,74,[10, 4, 8, 12, 7, 9],[[1, 3], [2, 3], [1, 1], [1, 2], [2, 2], [3, 1]],838,966,834,982
698480,6,125,74,[10, 4, 8, 12, 7, 9],[[1, 3], [2, 3], [1, 1], [1, 2], [2, 2], [3, 1]],861,962,820,985
698517,6,125,74,[10, 4, 8, 12, 7, 9],[[1, 3], [2, 3], [1, 1], [1, 2], [2, 2], [3, 1]],853,940,810,985
698559,6,125,74,[10, 4, 8, 12, 7, 9],[[1, 3], [2, 3], [1, 1], [1, 2], [2, 2], [3, 1]],866,923,805,985
698624,6,125,74,[10, 4, 8, 12, 7, 9],[[1, 3], [2, 3], [1, 1], [1, 2], [2, 2], [3, 1]],878,933,798,971
698674,6,125,74,[10, 4, 8, 12, 7, 9],[[1, 3], [2, 3], [1, 1], [1, 2], [2, 2], [3, 1]],873,928,793,953
698713,6,125,74,[10, 4, 8, 12, 7, 9],[[1, 3], [2, 3], [1, 1], [1, 2], [2, 2], [3, 1]],868,939,794,943
698765,6,125,74,[10, 4, 8, 12, 7, 9],[[1, 3], [2, 3], [1, 1], [1, 2], [2, 2], [3, 1]],852,944,805,932
698824,6,125,74,[10, 4, 8, 12, 7, 9],[[1, 3], [2, 3], [1, 1], [1, 2], [2, 2], [3, 1]],873,922,813,927
698867,6,125,74,[10, 4, 8, 12, 7, 9],[[1, 3], [2, 3], [1, 1], [1, 2], [2, 2], [3, 1]],898,947,820,922
698926,6,125,74,[10, 4, 8, 12, 7, 9],[[1, 3], [2, 3], [1, 1], [1, 2], [2, 2], [3, 1]],920,938,831,918
698969,6,125,74,[10, 4, 8, 12, 7, 9],[[1, 3], [2, 3], [1, 1], [1, 2], [2, 2], [3, 1]],942,955,837,918
699028,6,125,74,[10, 4, 8, 12, 7, 9],[[1, 3], [2, 3], [1, 1], [1, 2], [2, 2], [3, 1]],951,935,847,928
699102,6,125,74,[10, 4, 8, 12, 7, 9],[[1, 3], [2, 3], [1, 1], [1, 2], [2, 2], [3, 1]],946,932,854,960
699160,6,125,74,[10, 4, 8, 12, 7, 9],[[1, 3], [2, 3], [1, 1], [1, 2], [2, 2], [3, 1]],922,955,854,979
699219,6,125,74,[10, 4, 8, 12, 7, 9],[[1, 3], [2, 3], [1, 1], [1, 2], [2, 2], [3, 1]],910,946,849,982
699273,6,125,74,[10, 4, 8, 12, 7, 9],[[1, 3], [2, 3], [1, 1], [1, 2], [2, 2], [3, 1]],914,961,834,983
699338,6,125,74,[10, 4, 8, 12, 7, 9],[[1, 3], [2, 3], [1, 1], [1, 2], [2, 2], [3, 1]],901,949,822,982
699407,6,125,74,[10, 4, 8, 12, 7, 9],[[1, 3], [2, 3], [1, 1], [1, 2], [2, 2], [3, 1]],905,952,808,965
699459,6,125,74,[10, 4, 8, 12, 7, 9],[[1, 3], [2, 3], [1, 1], [1, 2], [2, 2], [3, 1]],925,955,807,938
699511,6,125,74,[10, 4, 8, 12, 7, 9],[[1, 3], [2, 3], [1, 1], [1, 2], [2, 2], [3, 1]],933,944,822,922
699573,6,125,74,[10, 4, 8, 12, 7, 9],[[1, 3], [2, 3], [1, 1], [1, 2], [2, 2], [3, 1]],940,974,855,917
699616,6,125,74,[10, 4, 8, 12, 7, 9],[[1, 3], [2, 3], [1, 1], [1, 2], [2, 2], [3, 1]],935,968,869,921
699684,6,125,74,[10, 4, 8, 12, 7, 9],[[1, 3], [2, 3], [1, 1], [1, 2], [2, 2], [3, 1]],956,952,882,938
699758,6,125,74,[10, 4, 8, 12, 7, 9],[[1, 3], [2, 3], [1, 1], [1, 2], [2, 2], [3, 1]],937,956,886,970
699827,6,125,74,[10, 4, 8, 12, 7, 9],[[1, 3], [2, 3], [1, 1], [1, 2], [2, 2], [3, 1]],952,946,860,975
699919,6,125,74,[10, 4, 8, 12, 7, 9],[[1, 3], [2, 3], [1, 1], [1, 2], [2, 2], [3, 1]],965,937,841,959
699997,6,125,74,[10, 4, 8, 12, 7, 9],[[1, 3], [2, 3], [1, 1], [1, 2], [2, 2], [3, 1]],952,948,835,892
700042,6,125,74,[10, 4, 8, 12, 7, 9],[[1, 3], [2, 3], [1, 1], [1, 2], [2, 2], [3, 1]],963,974,841,879
700088,6,125,74,[10, 4, 8, 12, 7, 9],[[1, 3], [2, 3], [1, 1], [1, 2], [2, 2], [3, 1]],947,985,848,875
700140,6,125,74,[10, 4, 8, 12, 7, 9],[[1, 3], [2, 3], [1, 1], [1, 2], [2, 2], [3, 1]],964,962,862,875
700187,6,125,74,[10, 4, 8, 12, 7, 9],[[1, 3], [2, 3], [1, 1], [1, 2], [2, 2], [3, 1]],985,972,875,864
700240,6,125,74,[10, 4, 8, 12, 7, 9],[[1, 3], [2, 3], [1, 1], [1, 2], [2, 2], [3, 1]],985,983,883,847
700289,6,125,74,[10, 4, 8, 12, 7, 9],[[1, 3], [2, 3], [1, 1], [1, 2], [2, 2], [3, 1]],986,940,883,838
700344,6,125,74,[10, 4, 8, 12, 7, 9],[[1, 3], [2, 3], [1, 1], [1, 2], [2, 2], [3, 1]],1011,928,886,838
700386,6,125,74,[10, 4, 8, 12, 7, 9],[[1, 3], [2, 3], [1, 1], [1, 2], [2, 2], [3, 1]],1007,940,886,847
700450,6,125,74,[10, 4, 8, 12, 7, 9],[[1, 3], [2, 3], [1, 1], [1, 2], [2, 2], [3, 1]],986,946,877,867
700513,6,125,74,[10, 4, 8, 12, 7, 9],[[1, 3], [2, 3], [1, 1], [1, 2], [2, 2], [3, 1]],1001,956,869,886
700582,6,125,74,[10, 4, 8, 12, 7, 9],[[1, 3], [2, 3], [1, 1], [1, 2], [2, 2], [3, 1]],1003,945,864,895
700643,6,125,74,[10, 4, 8, 12, 7, 9],[[1, 3], [2, 3], [1, 1], [1, 2], [2, 2], [3, 1]],1011,948,864,895
700700,6,125,74,[10, 4, 8, 12, 7, 9],[[1, 3], [2, 3], [1, 1], [1, 2], [2, 2], [3, 1]],1020,968,864,897
700740,6,125,74,[10, 4, 8, 12, 7, 9],[[1, 3], [2, 3], [1, 1], [1, 2], [2, 2], [3, 1]],1006,959,865,903
700782,6,125,74,[10, 4, 8, 12, 7, 9],[[1, 3], [2, 3], [1, 1], [1, 2], [2, 2], [3, 1]],999,970,869,912
700841,6,125,74,[10, 4, 8, 12, 7, 9],[[1, 3], [2, 3], [1, 1], [1, 2], [2, 2], [3, 1]],981,996,885,933
700882,6,125,74,[10, 4, 8, 12, 7, 9],[[1, 3], [2, 3], [1, 1], [1, 2], [2, 2], [3, 1]],1007,976,919,961
700935,6,125,74,[10, 4, 8, 12, 7, 9],[[1, 3], [2, 3], [1, 1], [1, 2], [2, 2], [3, 1]],996,967,980,993
700989,6,125,74,[10, 4, 8, 12, 7, 9],[[1, 3], [2, 3], [1, 1], [1, 2], [2, 2], [3, 1]],982,956,1023,1005
701052,6,125,74,[10, 4, 8, 12, 7, 9],[[1, 3], [2, 3], [1, 1], [1, 2], [2, 2], [3, 1]],999,932,1024,1005
701105,6,125,74,[10, 4, 8, 12, 7, 9],[[1, 3], [2, 3], [1, 1], [1, 2], [2, 2], [3, 1]],966,930,1024,1005
701164,6,126,91,[6, 5, 3, 11, 7, 9],[[1, 3], [2, 3], [3, 2], [3, 3], [1, 2], [2, 1]],960,914,1023,997
706454,7,126,91,[6, 5, 3, 11, 7, 9],[[1, 3], [2, 3], [3, 2], [3, 3], [1, 2], [2, 1]],990,531,952,545
706516,7,126,91,[6, 5, 3, 11, 7, 9],[[1, 3], [2, 3], [3, 2], [3, 3], [1, 2], [2, 1]],991,530,953,551
706570,7,126,91,[6, 5, 3, 11, 7, 9],[[1, 3], [2, 3], [3, 2], [3, 3], [1, 2], [2, 1]],988,510,953,551
706630,7,126,91,[6, 5, 3, 11, 7, 9],[[1, 3], [2, 3], [3, 2], [3, 3], [1, 2], [2, 1]],976,514,953,551
706688,7,126,91,[6, 5, 3, 11, 7, 9],[[1, 3], [2, 3], [3, 2], [3, 3], [1, 2], [2, 1]],957,520,953,551
706748,7,126,91,[6, 5, 3, 11, 7, 9],[[1, 3], [2, 3], [3, 2], [3, 3], [1, 2], [2, 1]],930,519,953,551
706807,7,126,91,[6, 5, 3, 11, 7, 9],[[1, 3], [2, 3], [3, 2], [3, 3], [1, 2], [2, 1]],935,520,953,551
706867,7,126,91,[6, 5, 3, 11, 7, 9],[[1, 3], [2, 3], [3, 2], [3, 3], [1, 2], [2, 1]],936,505,945,544
706921,7,126,91,[6, 5, 3, 11, 7, 9],[[1, 3], [2, 3], [3, 2], [3, 3], [1, 2], [2, 1]],922,512,945,544
706977,7,126,91,[6, 5, 3, 11, 7, 9],[[1, 3], [2, 3], [3, 2], [3, 3], [1, 2], [2, 1]],933,522,945,544
707031,7,126,91,[6, 5, 3, 11, 7, 9],[[1, 3], [2, 3], [3, 2], [3, 3], [1, 2], [2, 1]],931,519,945,544
707080,7,126,91,[6, 5, 3, 11, 7, 9],[[1, 3], [2, 3], [3, 2], [3, 3], [1, 2], [2, 1]],889,477,945,544
707133,7,126,91,[6, 5, 3, 11, 7, 9],[[1, 3], [2, 3], [3, 2], [3, 3], [1, 2], [2, 1]],896,450,945,544
707187,7,126,91,[6, 5, 3, 11, 7, 9],[[1, 3], [2, 3], [3, 2], [3, 3], [1, 2], [2, 1]],890,462,945,544
707243,7,126,91,[6, 5, 3, 11, 7, 9],[[1, 3], [2, 3], [3, 2], [3, 3], [1, 2], [2, 1]],861,456,945,544
707299,7,126,91,[6, 5, 3, 11, 7, 9],[[1, 3], [2, 3], [3, 2], [3, 3], [1, 2], [2, 1]],840,423,945,544
707369,7,126,91,[6, 5, 3, 11, 7, 9],[[1, 3], [2, 3], [3, 2], [3, 3], [1, 2], [2, 1]],837,437,945,544
707441,7,126,91,[6, 5, 3, 11, 7, 9],[[1, 3], [2, 3], [3, 2], [3, 3], [1, 2], [2, 1]],830,456,947,540
707499,7,127,4,[10, 4, 3, 11, 7, 9],[[1, 1], [2, 1], [1, 2], [1, 3], [2, 3], [3, 2]],821,442,944,540
707574,7,127,4,[10, 4, 3, 11, 7, 9],[[1, 1], [2, 1], [1, 2], [1, 3], [2, 3], [3, 2]],837,447,944,540
707659,7,127,4,[10, 4, 3, 11, 7, 9],[[1, 1], [2, 1], [1, 2], [1, 3], [2, 3], [3, 2]],850,479,941,537
707736,7,127,4,[10, 4, 3, 11, 7, 9],[[1, 1], [2, 1], [1, 2], [1, 3], [2, 3], [3, 2]],856,471,941,537
707796,7,127,4,[10, 4, 3, 11, 7, 9],[[1, 1], [2, 1], [1, 2], [1, 3], [2, 3], [3, 2]],875,475,912,541
707860,7,127,4,[10, 4, 3, 11, 7, 9],[[1, 1], [2, 1], [1, 2], [1, 3], [2, 3], [3, 2]],879,467,899,545
707932,7,127,4,[10, 4, 3, 11, 7, 9],[[1, 1], [2, 1], [1, 2], [1, 3], [2, 3], [3, 2]],871,460,892,547
707992,7,127,4,[10, 4, 3, 11, 7, 9],[[1, 1], [2, 1], [1, 2], [1, 3], [2, 3], [3, 2]],884,469,892,547
708065,7,127,4,[10, 4, 3, 11, 7, 9],[[1, 1], [2, 1], [1, 2], [1, 3], [2, 3], [3, 2]],893,473,892,547
708139,7,127,4,[10, 4, 3, 11, 7, 9],[[1, 1], [2, 1], [1, 2], [1, 3], [2, 3], [3, 2]],888,470,890,533
708196,7,127,4,[10, 4, 3, 11, 7, 9],[[1, 1], [2, 1], [1, 2], [1, 3], [2, 3], [3, 2]],893,512,890,509
708264,7,127,4,[10, 4, 3, 11, 7, 9],[[1, 1], [2, 1], [1, 2], [1, 3], [2, 3], [3, 2]],880,503,890,505
708312,7,127,4,[10, 4, 3, 11, 7, 9],[[1, 1], [2, 1], [1, 2], [1, 3], [2, 3], [3, 2]],864,504,890,505
708368,7,127,4,[10, 4, 3, 11, 7, 9],[[1, 1], [2, 1], [1, 2], [1, 3], [2, 3], [3, 2]],859,519,890,505
708419,7,127,4,[10, 4, 3, 11, 7, 9],[[1, 1], [2, 1], [1, 2], [1, 3], [2, 3], [3, 2]],827,532,890,498
708459,7,127,4,[10, 4, 3, 11, 7, 9],[[1, 1], [2, 1], [1, 2], [1, 3], [2, 3], [3, 2]],813,552,890,491
708542,7,127,4,[10, 4, 3, 11, 7, 9],[[1, 1], [2, 1], [1, 2], [1, 3], [2, 3], [3, 2]],810,547,890,485
708610,7,127,4,[10, 4, 3, 11, 7, 9],[[1, 1], [2, 1], [1, 2], [1, 3], [2, 3], [3, 2]],795,555,890,488
708662,7,127,4,[10, 4, 3, 11, 7, 9],[[1, 1], [2, 1], [1, 2], [1, 3], [2, 3], [3, 2]],803,563,888,530
708710,7,127,4,[10, 4, 3, 11, 7, 9],[[1, 1], [2, 1], [1, 2], [1, 3], [2, 3], [3, 2]],798,572,884,546
708764,7,127,4,[10, 4, 3, 11, 7, 9],[[1, 1], [2, 1], [1, 2], [1, 3], [2, 3], [3, 2]],796,601,883,547
708813,7,127,4,[10, 4, 3, 11, 7, 9],[[1, 1], [2, 1], [1, 2], [1, 3], [2, 3], [3, 2]],812,622,881,545
708854,7,127,4,[10, 4, 3, 11, 7, 9],[[1, 1], [2, 1], [1, 2], [1, 3], [2, 3], [3, 2]],830,621,871,542
708912,7,127,4,[10, 4, 3, 11, 7, 9],[[1, 1], [2, 1], [1, 2], [1, 3], [2, 3], [3, 2]],855,616,846,562
708960,7,127,4,[10, 4, 3, 11, 7, 9],[[1, 1], [2, 1], [1, 2], [1, 3], [2, 3], [3, 2]],856,572,841,579
709005,7,127,4,[10, 4, 3, 11, 7, 9],[[1, 1], [2, 1], [1, 2], [1, 3], [2, 3], [3, 2]],847,566,841,582
709056,7,127,4,[10, 4, 3, 11, 7, 9],[[1, 1], [2, 1], [1, 2], [1, 3], [2, 3], [3, 2]],814,560,841,582
709092,7,127,4,[10, 4, 3, 11, 7, 9],[[1, 1], [2, 1], [1, 2], [1, 3], [2, 3], [3, 2]],801,560,841,582
709151,7,127,4,[10, 4, 3, 11, 7, 9],[[1, 1], [2, 1], [1, 2], [1, 3], [2, 3], [3, 2]],801,565,841,582
709214,7,127,4,[10, 4, 3, 11, 7, 9],[[1, 1], [2, 1], [1, 2], [1, 3], [2, 3], [3, 2]],796,580,841,582
709273,7,127,4,[10, 4, 3, 11, 7, 9],[[1, 1], [2, 1], [1, 2], [1, 3], [2, 3], [3, 2]],800,576,841,582
709337,7,127,4,[10, 4, 3, 11, 7, 9],[[1, 1], [2, 1], [1, 2], [1, 3], [2, 3], [3, 2]],802,575,846,568
709392,7,127,4,[10, 4, 3, 11, 7, 9],[[1, 1], [2, 1], [1, 2], [1, 3], [2, 3], [3, 2]],783,588,857,521
709450,7,127,4,[10, 4, 3, 11, 7, 9],[[1, 1], [2, 1], [1, 2], [1, 3], [2, 3], [3, 2]],757,599,847,506
709507,7,127,4,[10, 4, 3, 11, 7, 9],[[1, 1], [2, 1], [1, 2], [1, 3], [2, 3], [3, 2]],742,606,831,506
709583,7,127,4,[10, 4, 3, 11, 7, 9],[[1, 1], [2, 1], [1, 2], [1, 3], [2, 3], [3, 2]],740,590,804,521
709638,7,127,4,[10, 4, 3, 11, 7, 9],[[1, 1], [2, 1], [1, 2], [1, 3], [2, 3], [3, 2]],728,579,798,550
709720,7,127,4,[10, 4, 3, 11, 7, 9],[[1, 1], [2, 1], [1, 2], [1, 3], [2, 3], [3, 2]],766,562,822,567
709769,7,127,4,[10, 4, 3, 11, 7, 9],[[1, 1], [2, 1], [1, 2], [1, 3], [2, 3], [3, 2]],764,563,844,567
709814,7,127,4,[10, 4, 3, 11, 7, 9],[[1, 1], [2, 1], [1, 2], [1, 3], [2, 3], [3, 2]],736,534,857,558
709906,7,127,4,[10, 4, 3, 11, 7, 9],[[1, 1], [2, 1], [1, 2], [1, 3], [2, 3], [3, 2]],751,550,857,543
709981,7,127,4,[10, 4, 3, 11, 7, 9],[[1, 1], [2, 1], [1, 2], [1, 3], [2, 3], [3, 2]],766,523,813,535
710039,7,127,4,[10, 4, 3, 11, 7, 9],[[1, 1], [2, 1], [1, 2], [1, 3], [2, 3], [3, 2]],771,518,783,536
710097,7,127,4,[10, 4, 3, 11, 7, 9],[[1, 1], [2, 1], [1, 2], [1, 3], [2, 3], [3, 2]],798,502,773,541
710184,7,127,4,[10, 4, 3, 11, 7, 9],[[1, 1], [2, 1], [1, 2], [1, 3], [2, 3], [3, 2]],800,501,767,567
710258,7,127,4,[10, 4, 3, 11, 7, 9],[[1, 1], [2, 1], [1, 2], [1, 3], [2, 3], [3, 2]],799,491,780,587
710329,7,127,4,[10, 4, 3, 11, 7, 9],[[1, 1], [2, 1], [1, 2], [1, 3], [2, 3], [3, 2]],776,481,790,591
710388,7,127,4,[10, 4, 3, 11, 7, 9],[[1, 1], [2, 1], [1, 2], [1, 3], [2, 3], [3, 2]],752,493,821,574
710453,7,127,4,[10, 4, 3, 11, 7, 9],[[1, 1], [2, 1], [1, 2], [1, 3], [2, 3], [3, 2]],750,476,846,550
710511,7,127,4,[10, 4, 3, 11, 7, 9],[[1, 1], [2, 1], [1, 2], [1, 3], [2, 3], [3, 2]],758,478,849,537
710586,7,127,4,[10, 4, 3, 11, 7, 9],[[1, 1], [2, 1], [1, 2], [1, 3], [2, 3], [3, 2]],763,467,827,533
710658,7,127,4,[10, 4, 3, 11, 7, 9],[[1, 1], [2, 1], [1, 2], [1, 3], [2, 3], [3, 2]],761,480,768,538
710702,7,127,4,[10, 4, 3, 11, 7, 9],[[1, 1], [2, 1], [1, 2], [1, 3], [2, 3], [3, 2]],736,476,761,540
710742,7,127,4,[10, 4, 3, 11, 7, 9],[[1, 1], [2, 1], [1, 2], [1, 3], [2, 3], [3, 2]],754,460,759,540
710796,7,127,4,[10, 4, 3, 11, 7, 9],[[1, 1], [2, 1], [1, 2], [1, 3], [2, 3], [3, 2]],733,460,758,545
710855,7,127,4,[10, 4, 3, 11, 7, 9],[[1, 1], [2, 1], [1, 2], [1, 3], [2, 3], [3, 2]],752,457,755,562
710897,7,127,4,[10, 4, 3, 11, 7, 9],[[1, 1], [2, 1], [1, 2], [1, 3], [2, 3], [3, 2]],767,459,756,568
710952,7,127,4,[10, 4, 3, 11, 7, 9],[[1, 1], [2, 1], [1, 2], [1, 3], [2, 3], [3, 2]],764,462,765,571
711011,7,127,4,[10, 4, 3, 11, 7, 9],[[1, 1], [2, 1], [1, 2], [1, 3], [2, 3], [3, 2]],762,492,790,571
711069,7,127,4,[10, 4, 3, 11, 7, 9],[[1, 1], [2, 1], [1, 2], [1, 3], [2, 3], [3, 2]],755,472,798,567
711122,7,127,4,[10, 4, 3, 11, 7, 9],[[1, 1], [2, 1], [1, 2], [1, 3], [2, 3], [3, 2]],754,478,812,552
711185,7,127,4,[10, 4, 3, 11, 7, 9],[[1, 1], [2, 1], [1, 2], [1, 3], [2, 3], [3, 2]],745,477,813,542
711227,7,127,4,[10, 4, 3, 11, 7, 9],[[1, 1], [2, 1], [1, 2], [1, 3], [2, 3], [3, 2]],747,489,808,538
711286,7,127,4,[10, 4, 3, 11, 7, 9],[[1, 1], [2, 1], [1, 2], [1, 3], [2, 3], [3, 2]],740,481,788,534
711334,7,127,4,[10, 4, 3, 11, 7, 9],[[1, 1], [2, 1], [1, 2], [1, 3], [2, 3], [3, 2]],735,471,780,534
711384,7,127,4,[10, 4, 3, 11, 7, 9],[[1, 1], [2, 1], [1, 2], [1, 3], [2, 3], [3, 2]],708,453,775,537
711429,7,127,4,[10, 4, 3, 11, 7, 9],[[1, 1], [2, 1], [1, 2], [1, 3], [2, 3], [3, 2]],724,451,773,548
711470,7,127,4,[10, 4, 3, 11, 7, 9],[[1, 1], [2, 1], [1, 2], [1, 3], [2, 3], [3, 2]],726,458,773,557
711516,7,128,29,[6, 5, 8, 12, 2, 1],[[1, 1], [2, 1], [3, 1], [3, 2], [1, 2], [2, 3]],723,451,782,572
711587,7,128,29,[6, 5, 8, 12, 2, 1],[[1, 1], [2, 1], [3, 1], [3, 2], [1, 2], [2, 3]],715,446,813,579
711635,7,128,29,[6, 5, 8, 12, 2, 1],[[1, 1], [2, 1], [3, 1], [3, 2], [1, 2], [2, 3]],731,433,825,569
711682,7,128,29,[6, 5, 8, 12, 2, 1],[[1, 1], [2, 1], [3, 1], [3, 2], [1, 2], [2, 3]],717,418,830,541
711746,7,128,29,[6, 5, 8, 12, 2, 1],[[1, 1], [2, 1], [3, 1], [3, 2], [1, 2], [2, 3]],716,397,826,524
711820,7,128,29,[6, 5, 8, 12, 2, 1],[[1, 1], [2, 1], [3, 1], [3, 2], [1, 2], [2, 3]],719,391,814,511
711867,7,128,29,[6, 5, 8, 12, 2, 1],[[1, 1], [2, 1], [3, 1], [3, 2], [1, 2], [2, 3]],693,390,805,509
711914,7,128,29,[6, 5, 8, 12, 2, 1],[[1, 1], [2, 1], [3, 1], [3, 2], [1, 2], [2, 3]],666,423,801,509
712004,7,128,29,[6, 5, 8, 12, 2, 1],[[1, 1], [2, 1], [3, 1], [3, 2], [1, 2], [2, 3]],680,440,783,515
712071,7,128,29,[6, 5, 8, 12, 2, 1],[[1, 1], [2, 1], [3, 1], [3, 2], [1, 2], [2, 3]],673,437,780,520
712139,7,128,29,[6, 5, 8, 12, 2, 1],[[1, 1], [2, 1], [3, 1], [3, 2], [1, 2], [2, 3]],663,421,780,528
712203,7,128,29,[6, 5, 8, 12, 2, 1],[[1, 1], [2, 1], [3, 1], [3, 2], [1, 2], [2, 3]],669,416,784,520
712287,7,128,29,[6, 5, 8, 12, 2, 1],[[1, 1], [2, 1], [3, 1], [3, 2], [1, 2], [2, 3]],684,401,781,482
712376,7,128,29,[6, 5, 8, 12, 2, 1],[[1, 1], [2, 1], [3, 1], [3, 2], [1, 2], [2, 3]],698,422,730,455
712451,7,128,29,[6, 5, 8, 12, 2, 1],[[1, 1], [2, 1], [3, 1], [3, 2], [1, 2], [2, 3]],690,446,720,451
712546,7,128,29,[6, 5, 8, 12, 2, 1],[[1, 1], [2, 1], [3, 1], [3, 2], [1, 2], [2, 3]],694,433,698,437
712595,7,128,29,[6, 5, 8, 12, 2, 1],[[1, 1], [2, 1], [3, 1], [3, 2], [1, 2], [2, 3]],693,414,685,429
712659,7,128,29,[6, 5, 8, 12, 2, 1],[[1, 1], [2, 1], [3, 1], [3, 2], [1, 2], [2, 3]],693,411,682,429
712720,7,128,29,[6, 5, 8, 12, 2, 1],[[1, 1], [2, 1], [3, 1], [3, 2], [1, 2], [2, 3]],675,390,675,439
712760,7,128,29,[6, 5, 8, 12, 2, 1],[[1, 1], [2, 1], [3, 1], [3, 2], [1, 2], [2, 3]],694,376,668,456
712808,7,128,29,[6, 5, 8, 12, 2, 1],[[1, 1], [2, 1], [3, 1], [3, 2], [1, 2], [2, 3]],675,384,668,478
712871,7,128,29,[6, 5, 8, 12, 2, 1],[[1, 1], [2, 1], [3, 1], [3, 2], [1, 2], [2, 3]],686,364,674,495
712935,7,128,29,[6, 5, 8, 12, 2, 1],[[1, 1], [2, 1], [3, 1], [3, 2], [1, 2], [2, 3]],694,361,704,500
712993,7,128,29,[6, 5, 8, 12, 2, 1],[[1, 1], [2, 1], [3, 1], [3, 2], [1, 2], [2, 3]],705,376,721,493
713057,7,128,29,[6, 5, 8, 12, 2, 1],[[1, 1], [2, 1], [3, 1], [3, 2], [1, 2], [2, 3]],706,338,740,459
713105,7,128,29,[6, 5, 8, 12, 2, 1],[[1, 1], [2, 1], [3, 1], [3, 2], [1, 2], [2, 3]],692,338,739,445
713158,7,128,29,[6, 5, 8, 12, 2, 1],[[1, 1], [2, 1], [3, 1], [3, 2], [1, 2], [2, 3]],659,335,735,433
713216,7,128,29,[6, 5, 8, 12, 2, 1],[[1, 1], [2, 1], [3, 1], [3, 2], [1, 2], [2, 3]],678,336,725,430
713280,7,128,29,[6, 5, 8, 12, 2, 1],[[1, 1], [2, 1], [3, 1], [3, 2], [1, 2], [2, 3]],717,370,699,432
713338,7,128,29,[6, 5, 8, 12, 2, 1],[[1, 1], [2, 1], [3, 1], [3, 2], [1, 2], [2, 3]],727,386,685,438
713398,7,128,29,[6, 5, 8, 12, 2, 1],[[1, 1], [2, 1], [3, 1], [3, 2], [1, 2], [2, 3]],726,393,674,448
713456,7,128,29,[6, 5, 8, 12, 2, 1],[[1, 1], [2, 1], [3, 1], [3, 2], [1, 2], [2, 3]],731,411,679,465
713506,7,128,29,[6, 5, 8, 12, 2, 1],[[1, 1], [2, 1], [3, 1], [3, 2], [1, 2], [2, 3]],714,379,692,466
713575,7,128,29,[6, 5, 8, 12, 2, 1],[[1, 1], [2, 1], [3, 1], [3, 2], [1, 2], [2, 3]],726,370,733,426
713636,7,128,29,[6, 5, 8, 12, 2, 1],[[1, 1], [2, 1], [3, 1], [3, 2], [1, 2], [2, 3]],722,368,740,394
713682,7,128,29,[6, 5, 8, 12, 2, 1],[[1, 1], [2, 1], [3, 1], [3, 2], [1, 2], [2, 3]],730,350,735,376
713754,7,128,29,[6, 5, 8, 12, 2, 1],[[1, 1], [2, 1], [3, 1], [3, 2], [1, 2], [2, 3]],713,330,714,359
713810,7,128,29,[6, 5, 8, 12, 2, 1],[[1, 1], [2, 1], [3, 1], [3, 2], [1, 2], [2, 3]],694,325,697,366
713890,7,128,29,[6, 5, 8, 12, 2, 1],[[1, 1], [2, 1], [3, 1], [3, 2], [1, 2], [2, 3]],690,331,686,409
713932,7,128,29,[6, 5, 8, 12, 2, 1],[[1, 1], [2, 1], [3, 1], [3, 2], [1, 2], [2, 3]],689,332,688,429
714002,7,128,29,[6, 5, 8, 12, 2, 1],[[1, 1], [2, 1], [3, 1], [3, 2], [1, 2], [2, 3]],701,342,693,442
714052,7,128,29,[6, 5, 8, 12, 2, 1],[[1, 1], [2, 1], [3, 1], [3, 2], [1, 2], [2, 3]],709,347,698,453
714115,7,128,29,[6, 5, 8, 12, 2, 1],[[1, 1], [2, 1], [3, 1], [3, 2], [1, 2], [2, 3]],731,360,709,468
714155,7,128,29,[6, 5, 8, 12, 2, 1],[[1, 1], [2, 1], [3, 1], [3, 2], [1, 2], [2, 3]],747,353,715,475
714207,7,128,29,[6, 5, 8, 12, 2, 1],[[1, 1], [2, 1], [3, 1], [3, 2], [1, 2], [2, 3]],771,358,722,475
714268,7,128,29,[6, 5, 8, 12, 2, 1],[[1, 1], [2, 1], [3, 1], [3, 2], [1, 2], [2, 3]],779,359,736,467
714317,7,128,29,[6, 5, 8, 12, 2, 1],[[1, 1], [2, 1], [3, 1], [3, 2], [1, 2], [2, 3]],774,354,755,451
714386,7,128,29,[6, 5, 8, 12, 2, 1],[[1, 1], [2, 1], [3, 1], [3, 2], [1, 2], [2, 3]],767,361,769,421
714452,7,128,29,[6, 5, 8, 12, 2, 1],[[1, 1], [2, 1], [3, 1], [3, 2], [1, 2], [2, 3]],787,344,770,404
714503,7,128,29,[6, 5, 8, 12, 2, 1],[[1, 1], [2, 1], [3, 1], [3, 2], [1, 2], [2, 3]],793,343,768,391
714579,7,128,29,[6, 5, 8, 12, 2, 1],[[1, 1], [2, 1], [3, 1], [3, 2], [1, 2], [2, 3]],798,366,764,390
714640,7,128,29,[6, 5, 8, 12, 2, 1],[[1, 1], [2, 1], [3, 1], [3, 2], [1, 2], [2, 3]],814,358,764,390
714690,7,128,29,[6, 5, 8, 12, 2, 1],[[1, 1], [2, 1], [3, 1], [3, 2], [1, 2], [2, 3]],846,373,764,390
714743,7,128,29,[6, 5, 8, 12, 2, 1],[[1, 1], [2, 1], [3, 1], [3, 2], [1, 2], [2, 3]],835,362,744,394
714802,7,128,29,[6, 5, 8, 12, 2, 1],[[1, 1], [2, 1], [3, 1], [3, 2], [1, 2], [2, 3]],831,337,737,399
714857,7,128,29,[6, 5, 8, 12, 2, 1],[[1, 1], [2, 1], [3, 1], [3, 2], [1, 2], [2, 3]],827,342,734,407
714910,7,128,29,[6, 5, 8, 12, 2, 1],[[1, 1], [2, 1], [3, 1], [3, 2], [1, 2], [2, 3]],830,353,735,416
714948,7,128,29,[6, 5, 8, 12, 2, 1],[[1, 1], [2, 1], [3, 1], [3, 2], [1, 2], [2, 3]],842,376,740,431
715012,7,128,29,[6, 5, 8, 12, 2, 1],[[1, 1], [2, 1], [3, 1], [3, 2], [1, 2], [2, 3]],802,348,757,456
715060,7,128,29,[6, 5, 8, 12, 2, 1],[[1, 1], [2, 1], [3, 1], [3, 2], [1, 2], [2, 3]],803,366,777,468
715118,7,128,29,[6, 5, 8, 12, 2, 1],[[1, 1], [2, 1], [3, 1], [3, 2], [1, 2], [2, 3]],781,340,791,471
715178,7,128,29,[6, 5, 8, 12, 2, 1],[[1, 1], [2, 1], [3, 1], [3, 2], [1, 2], [2, 3]],764,335,817,467
715241,7,128,29,[6, 5, 8, 12, 2, 1],[[1, 1], [2, 1], [3, 1], [3, 2], [1, 2], [2, 3]],764,341,838,456
715306,7,128,29,[6, 5, 8, 12, 2, 1],[[1, 1], [2, 1], [3, 1], [3, 2], [1, 2], [2, 3]],771,357,863,430
715360,7,128,29,[6, 5, 8, 12, 2, 1],[[1, 1], [2, 1], [3, 1], [3, 2], [1, 2], [2, 3]],775,363,870,411
715419,7,128,29,[6, 5, 8, 12, 2, 1],[[1, 1], [2, 1], [3, 1], [3, 2], [1, 2], [2, 3]],763,373,864,390
715474,7,128,29,[6, 5, 8, 12, 2, 1],[[1, 1], [2, 1], [3, 1], [3, 2], [1, 2], [2, 3]],787,383,848,366
715530,7,128,29,[6, 5, 8, 12, 2, 1],[[1, 1], [2, 1], [3, 1], [3, 2], [1, 2], [2, 3]],765,386,828,350
715581,7,129,122,[10, 4, 8, 12, 7, 9],[[2, 3], [3, 3], [1, 2], [1, 3], [2, 2], [3, 1]],784,385,820,345
715619,7,129,122,[10, 4, 8, 12, 7, 9],[[2, 3], [3, 3], [1, 2], [1, 3], [2, 2], [3, 1]],778,379,808,344
715678,7,129,122,[10, 4, 8, 12, 7, 9],[[2, 3], [3, 3], [1, 2], [1, 3], [2, 2], [3, 1]],794,397,789,344
715732,7,129,122,[10, 4, 8, 12, 7, 9],[[2, 3], [3, 3], [1, 2], [1, 3], [2, 2], [3, 1]],814,369,781,346
715780,7,129,122,[10, 4, 8, 12, 7, 9],[[2, 3], [3, 3], [1, 2], [1, 3], [2, 2], [3, 1]],809,368,758,355
715829,7,129,122,[10, 4, 8, 12, 7, 9],[[2, 3], [3, 3], [1, 2], [1, 3], [2, 2], [3, 1]],820,387,755,358
715878,7,129,122,[10, 4, 8, 12, 7, 9],[[2, 3], [3, 3], [1, 2], [1, 3], [2, 2], [3, 1]],807,376,751,366
715929,7,129,122,[10, 4, 8, 12, 7, 9],[[2, 3], [3, 3], [1, 2], [1, 3], [2, 2], [3, 1]],809,376,747,380
716000,7,129,122,[10, 4, 8, 12, 7, 9],[[2, 3], [3, 3], [1, 2], [1, 3], [2, 2], [3, 1]],810,365,750,398
716048,7,129,122,[10, 4, 8, 12, 7, 9],[[2, 3], [3, 3], [1, 2], [1, 3], [2, 2], [3, 1]],815,375,759,421
716124,7,129,122,[10, 4, 8, 12, 7, 9],[[2, 3], [3, 3], [1, 2], [1, 3], [2, 2], [3, 1]],809,373,780,453
716175,7,129,122,[10, 4, 8, 12, 7, 9],[[2, 3], [3, 3], [1, 2], [1, 3], [2, 2], [3, 1]],798,370,802,475
716242,7,129,122,[10, 4, 8, 12, 7, 9],[[2, 3], [3, 3], [1, 2], [1, 3], [2, 2], [3, 1]],769,354,824,485
716321,7,129,122,[10, 4, 8, 12, 7, 9],[[2, 3], [3, 3], [1, 2], [1, 3], [2, 2], [3, 1]],789,361,846,487
716389,7,129,122,[10, 4, 8, 12, 7, 9],[[2, 3], [3, 3], [1, 2], [1, 3], [2, 2], [3, 1]],794,382,873,472
716467,7,129,122,[10, 4, 8, 12, 7, 9],[[2, 3], [3, 3], [1, 2], [1, 3], [2, 2], [3, 1]],790,379,883,453
716563,7,129,122,[10, 4, 8, 12, 7, 9],[[2, 3], [3, 3], [1, 2], [1, 3], [2, 2], [3, 1]],767,403,886,416
716653,7,129,122,[10, 4, 8, 12, 7, 9],[[2, 3], [3, 3], [1, 2], [1, 3], [2, 2], [3, 1]],781,415,869,399
716724,7,129,122,[10, 4, 8, 12, 7, 9],[[2, 3], [3, 3], [1, 2], [1, 3], [2, 2], [3, 1]],770,420,860,396
716778,7,129,122,[10, 4, 8, 12, 7, 9],[[2, 3], [3, 3], [1, 2], [1, 3], [2, 2], [3, 1]],766,417,859,396
716828,7,129,122,[10, 4, 8, 12, 7, 9],[[2, 3], [3, 3], [1, 2], [1, 3], [2, 2], [3, 1]],749,426,859,396
716882,7,129,122,[10, 4, 8, 12, 7, 9],[[2, 3], [3, 3], [1, 2], [1, 3], [2, 2], [3, 1]],746,440,859,396
716946,7,129,122,[10, 4, 8, 12, 7, 9],[[2, 3], [3, 3], [1, 2], [1, 3], [2, 2], [3, 1]],755,447,859,396
716999,7,129,122,[10, 4, 8, 12, 7, 9],[[2, 3], [3, 3], [1, 2], [1, 3], [2, 2], [3, 1]],742,476,859,396
717059,7,129,122,[10, 4, 8, 12, 7, 9],[[2, 3], [3, 3], [1, 2], [1, 3], [2, 2], [3, 1]],712,474,836,408
717122,7,129,122,[10, 4, 8, 12, 7, 9],[[2, 3], [3, 3], [1, 2], [1, 3], [2, 2], [3, 1]],684,482,825,413
717183,7,129,122,[10, 4, 8, 12, 7, 9],[[2, 3], [3, 3], [1, 2], [1, 3], [2, 2], [3, 1]],682,472,821,420
717243,7,129,122,[10, 4, 8, 12, 7, 9],[[2, 3], [3, 3], [1, 2], [1, 3], [2, 2], [3, 1]],697,478,818,429
717302,7,129,122,[10, 4, 8, 12, 7, 9],[[2, 3], [3, 3], [1, 2], [1, 3], [2, 2], [3, 1]],714,483,814,444
717366,7,129,122,[10, 4, 8, 12, 7, 9],[[2, 3], [3, 3], [1, 2], [1, 3], [2, 2], [3, 1]],713,465,808,462
717426,7,129,122,[10, 4, 8, 12, 7, 9],[[2, 3], [3, 3], [1, 2], [1, 3], [2, 2], [3, 1]],716,517,799,472
717512,7,129,122,[10, 4, 8, 12, 7, 9],[[2, 3], [3, 3], [1, 2], [1, 3], [2, 2], [3, 1]],710,516,795,473
717558,7,129,122,[10, 4, 8, 12, 7, 9],[[2, 3], [3, 3], [1, 2], [1, 3], [2, 2], [3, 1]],682,515,795,473
717608,7,129,122,[10, 4, 8, 12, 7, 9],[[2, 3], [3, 3], [1, 2], [1, 3], [2, 2], [3, 1]],704,499,795,473
717664,7,129,122,[10, 4, 8, 12, 7, 9],[[2, 3], [3, 3], [1, 2], [1, 3], [2, 2], [3, 1]],693,506,794,473
717707,7,129,122,[10, 4, 8, 12, 7, 9],[[2, 3], [3, 3], [1, 2], [1, 3], [2, 2], [3, 1]],692,544,762,478
717769,7,129,122,[10, 4, 8, 12, 7, 9],[[2, 3], [3, 3], [1, 2], [1, 3], [2, 2], [3, 1]],697,516,746,481
717818,7,129,122,[10, 4, 8, 12, 7, 9],[[2, 3], [3, 3], [1, 2], [1, 3], [2, 2], [3, 1]],673,494,746,483
717860,7,129,122,[10, 4, 8, 12, 7, 9],[[2, 3], [3, 3], [1, 2], [1, 3], [2, 2], [3, 1]],691,480,744,489
717929,7,129,122,[10, 4, 8, 12, 7, 9],[[2, 3], [3, 3], [1, 2], [1, 3], [2, 2], [3, 1]],667,487,745,493
717980,7,129,122,[10, 4, 8, 12, 7, 9],[[2, 3], [3, 3], [1, 2], [1, 3], [2, 2], [3, 1]],658,490,748,503
718049,7,129,122,[10, 4, 8, 12, 7, 9],[[2, 3], [3, 3], [1, 2], [1, 3], [2, 2], [3, 1]],661,500,748,512
718107,7,129,122,[10, 4, 8, 12, 7, 9],[[2, 3], [3, 3], [1, 2], [1, 3], [2, 2], [3, 1]],660,517,750,514
718150,7,129,122,[10, 4, 8, 12, 7, 9],[[2, 3], [3, 3], [1, 2], [1, 3], [2, 2], [3, 1]],676,491,750,514
718216,7,129,122,[10, 4, 8, 12, 7, 9],[[2, 3], [3, 3], [1, 2], [1, 3], [2, 2], [3, 1]],649,492,750,514
718275,7,129,122,[10, 4, 8, 12, 7, 9],[[2, 3], [3, 3], [1, 2], [1, 3], [2, 2], [3, 1]],640,492,750,514
718356,7,129,122,[10, 4, 8, 12, 7, 9],[[2, 3], [3, 3], [1, 2], [1, 3], [2, 2], [3, 1]],652,494,750,514
718438,7,129,122,[10, 4, 8, 12, 7, 9],[[2, 3], [3, 3], [1, 2], [1, 3], [2, 2], [3, 1]],639,483,750,514
718491,7,129,122,[10, 4, 8, 12, 7, 9],[[2, 3], [3, 3], [1, 2], [1, 3], [2, 2], [3, 1]],625,488,750,514
718544,7,129,122,[10, 4, 8, 12, 7, 9],[[2, 3], [3, 3], [1, 2], [1, 3], [2, 2], [3, 1]],629,478,750,514
718596,7,129,122,[10, 4, 8, 12, 7, 9],[[2, 3], [3, 3], [1, 2], [1, 3], [2, 2], [3, 1]],605,502,750,514
718666,7,129,122,[10, 4, 8, 12, 7, 9],[[2, 3], [3, 3], [1, 2], [1, 3], [2, 2], [3, 1]],631,508,750,514
718724,7,129,122,[10, 4, 8, 12, 7, 9],[[2, 3], [3, 3], [1, 2], [1, 3], [2, 2], [3, 1]],656,490,750,514
718776,7,129,122,[10, 4, 8, 12, 7, 9],[[2, 3], [3, 3], [1, 2], [1, 3], [2, 2], [3, 1]],647,497,750,514
718825,7,129,122,[10, 4, 8, 12, 7, 9],[[2, 3], [3, 3], [1, 2], [1, 3], [2, 2], [3, 1]],659,478,750,514
718894,7,129,122,[10, 4, 8, 12, 7, 9],[[2, 3], [3, 3], [1, 2], [1, 3], [2, 2], [3, 1]],670,483,736,494
718958,7,129,122,[10, 4, 8, 12, 7, 9],[[2, 3], [3, 3], [1, 2], [1, 3], [2, 2], [3, 1]],650,490,722,477
719031,7,129,122,[10, 4, 8, 12, 7, 9],[[2, 3], [3, 3], [1, 2], [1, 3], [2, 2], [3, 1]],644,503,720,477
719094,7,129,122,[10, 4, 8, 12, 7, 9],[[2, 3], [3, 3], [1, 2], [1, 3], [2, 2], [3, 1]],629,488,720,477
719157,7,129,122,[10, 4, 8, 12, 7, 9],[[2, 3], [3, 3], [1, 2], [1, 3], [2, 2], [3, 1]],650,467,720,477
719206,7,129,122,[10, 4, 8, 12, 7, 9],[[2, 3], [3, 3], [1, 2], [1, 3], [2, 2], [3, 1]],612,456,720,477
719265,7,129,122,[10, 4, 8, 12, 7, 9],[[2, 3], [3, 3], [1, 2], [1, 3], [2, 2], [3, 1]],617,426,720,477
719305,7,129,122,[10, 4, 8, 12, 7, 9],[[2, 3], [3, 3], [1, 2], [1, 3], [2, 2], [3, 1]],626,439,720,477
719365,7,129,122,[10, 4, 8, 12, 7, 9],[[2, 3], [3, 3], [1, 2], [1, 3], [2, 2], [3, 1]],624,416,706,490
719417,7,129,122,[10, 4, 8, 12, 7, 9],[[2, 3], [3, 3], [1, 2], [1, 3], [2, 2], [3, 1]],609,432,689,503
719481,7,129,122,[10, 4, 8, 12, 7, 9],[[2, 3], [3, 3], [1, 2], [1, 3], [2, 2], [3, 1]],621,416,689,504
719523,7,129,122,[10, 4, 8, 12, 7, 9],[[2, 3], [3, 3], [1, 2], [1, 3], [2, 2], [3, 1]],640,397,689,504
719591,7,129,122,[10, 4, 8, 12, 7, 9],[[2, 3], [3, 3], [1, 2], [1, 3], [2, 2], [3, 1]],622,396,689,504
719653,7,130,17,[6, 5, 8, 12, 7, 9],[[1, 1], [2, 1], [3, 2], [3, 3], [2, 2], [3, 1]],613,393,689,504
719706,7,130,17,[6, 5, 8, 12, 7, 9],[[1, 1], [2, 1], [3, 2], [3, 3], [2, 2], [3, 1]],605,382,688,504
719760,7,130,17,[6, 5, 8, 12, 7, 9],[[1, 1], [2, 1], [3, 2], [3, 3], [2, 2], [3, 1]],609,410,681,489
719817,7,130,17,[6, 5, 8, 12, 7, 9],[[1, 1], [2, 1], [3, 2], [3, 3], [2, 2], [3, 1]],608,395,672,470
719865,7,130,17,[6, 5, 8, 12, 7, 9],[[1, 1], [2, 1], [3, 2], [3, 3], [2, 2], [3, 1]],593,394,670,459
719914,7,130,17,[6, 5, 8, 12, 7, 9],[[1, 1], [2, 1], [3, 2], [3, 3], [2, 2], [3, 1]],592,393,669,451
719967,7,130,17,[6, 5, 8, 12, 7, 9],[[1, 1], [2, 1], [3, 2], [3, 3], [2, 2], [3, 1]],601,401,669,442
720030,7,130,17,[6, 5, 8, 12, 7, 9],[[1, 1], [2, 1], [3, 2], [3, 3], [2, 2], [3, 1]],590,421,668,431
720080,7,130,17,[6, 5, 8, 12, 7, 9],[[1, 1], [2, 1], [3, 2], [3, 3], [2, 2], [3, 1]],598,401,668,420
720134,7,130,17,[6, 5, 8, 12, 7, 9],[[1, 1], [2, 1], [3, 2], [3, 3], [2, 2], [3, 1]],610,402,668,419
720172,7,130,17,[6, 5, 8, 12, 7, 9],[[1, 1], [2, 1], [3, 2], [3, 3], [2, 2], [3, 1]],597,381,668,419
720244,7,130,17,[6, 5, 8, 12, 7, 9],[[1, 1], [2, 1], [3, 2], [3, 3], [2, 2], [3, 1]],615,394,668,419
720309,7,130,17,[6, 5, 8, 12, 7, 9],[[1, 1], [2, 1], [3, 2], [3, 3], [2, 2], [3, 1]],593,382,668,419
720372,7,130,17,[6, 5, 8, 12, 7, 9],[[1, 1], [2, 1], [3, 2], [3, 3], [2, 2], [3, 1]],592,386,668,419
720449,7,130,17,[6, 5, 8, 12, 7, 9],[[1, 1], [2, 1], [3, 2], [3, 3], [2, 2], [3, 1]],608,378,666,427
720510,7,130,17,[6, 5, 8, 12, 7, 9],[[1, 1], [2, 1], [3, 2], [3, 3], [2, 2], [3, 1]],592,385,666,427
720625,7,130,17,[6, 5, 8, 12, 7, 9],[[1, 1], [2, 1], [3, 2], [3, 3], [2, 2], [3, 1]],609,392,666,427
720684,7,130,17,[6, 5, 8, 12, 7, 9],[[1, 1], [2, 1], [3, 2], [3, 3], [2, 2], [3, 1]],582,399,666,427
720741,7,130,17,[6, 5, 8, 12, 7, 9],[[1, 1], [2, 1], [3, 2], [3, 3], [2, 2], [3, 1]],609,389,666,427
720789,7,130,17,[6, 5, 8, 12, 7, 9],[[1, 1], [2, 1], [3, 2], [3, 3], [2, 2], [3, 1]],605,436,666,427
720841,7,130,17,[6, 5, 8, 12, 7, 9],[[1, 1], [2, 1], [3, 2], [3, 3], [2, 2], [3, 1]],570,410,622,411
720904,7,130,17,[6, 5, 8, 12, 7, 9],[[1, 1], [2, 1], [3, 2], [3, 3], [2, 2], [3, 1]],581,383,588,408
720957,7,130,17,[6, 5, 8, 12, 7, 9],[[1, 1], [2, 1], [3, 2], [3, 3], [2, 2], [3, 1]],589,378,588,408
721016,7,130,17,[6, 5, 8, 12, 7, 9],[[1, 1], [2, 1], [3, 2], [3, 3], [2, 2], [3, 1]],588,398,588,408
721078,7,130,17,[6, 5, 8, 12, 7, 9],[[1, 1], [2, 1], [3, 2], [3, 3], [2, 2], [3, 1]],609,394,588,408
721136,7,130,17,[6, 5, 8, 12, 7, 9],[[1, 1], [2, 1], [3, 2], [3, 3], [2, 2], [3, 1]],642,381,588,408
721205,7,130,17,[6, 5, 8, 12, 7, 9],[[1, 1], [2, 1], [3, 2], [3, 3], [2, 2], [3, 1]],658,432,588,408
721262,7,130,17,[6, 5, 8, 12, 7, 9],[[1, 1], [2, 1], [3, 2], [3, 3], [2, 2], [3, 1]],642,439,588,408
721333,7,130,17,[6, 5, 8, 12, 7, 9],[[1, 1], [2, 1], [3, 2], [3, 3], [2, 2], [3, 1]],633,398,588,408
721397,7,130,17,[6, 5, 8, 12, 7, 9],[[1, 1], [2, 1], [3, 2], [3, 3], [2, 2], [3, 1]],617,429,610,398
721452,7,130,17,[6, 5, 8, 12, 7, 9],[[1, 1], [2, 1], [3, 2], [3, 3], [2, 2], [3, 1]],613,431,660,396
721523,7,130,17,[6, 5, 8, 12, 7, 9],[[1, 1], [2, 1], [3, 2], [3, 3], [2, 2], [3, 1]],614,449,682,400
721569,7,130,17,[6, 5, 8, 12, 7, 9],[[1, 1], [2, 1], [3, 2], [3, 3], [2, 2], [3, 1]],634,442,684,401
721633,7,130,17,[6, 5, 8, 12, 7, 9],[[1, 1], [2, 1], [3, 2], [3, 3], [2, 2], [3, 1]],610,447,684,401
721694,7,130,17,[6, 5, 8, 12, 7, 9],[[1, 1], [2, 1], [3, 2], [3, 3], [2, 2], [3, 1]],614,432,684,401
721787,7,130,17,[6, 5, 8, 12, 7, 9],[[1, 1], [2, 1], [3, 2], [3, 3], [2, 2], [3, 1]],616,429,684,401
721853,7,130,17,[6, 5, 8, 12, 7, 9],[[1, 1], [2, 1], [3, 2], [3, 3], [2, 2], [3, 1]],585,404,668,416
721913,7,130,17,[6, 5, 8, 12, 7, 9],[[1, 1], [2, 1], [3, 2], [3, 3], [2, 2], [3, 1]],603,384,637,433
721971,7,130,17,[6, 5, 8, 12, 7, 9],[[1, 1], [2, 1], [3, 2], [3, 3], [2, 2], [3, 1]],608,374,636,434
722037,7,130,17,[6, 5, 8, 12, 7, 9],[[1, 1], [2, 1], [3, 2], [3, 3], [2, 2], [3, 1]],603,393,631,432
722101,7,130,17,[6, 5, 8, 12, 7, 9],[[1, 1], [2, 1], [3, 2], [3, 3], [2, 2], [3, 1]],635,409,616,442
722165,7,130,17,[6, 5, 8, 12, 7, 9],[[1, 1], [2, 1], [3, 2], [3, 3], [2, 2], [3, 1]],617,410,600,453
722221,7,130,17,[6, 5, 8, 12, 7, 9],[[1, 1], [2, 1], [3, 2], [3, 3], [2, 2], [3, 1]],644,418,599,453
722293,7,130,17,[6, 5, 8, 12, 7, 9],[[1, 1], [2, 1], [3, 2], [3, 3], [2, 2], [3, 1]],660,424,599,424
722348,7,130,17,[6, 5, 8, 12, 7, 9],[[1, 1], [2, 1], [3, 2], [3, 3], [2, 2], [3, 1]],694,434,599,422
722413,7,130,17,[6, 5, 8, 12, 7, 9],[[1, 1], [2, 1], [3, 2], [3, 3], [2, 2], [3, 1]],712,418,599,421
722504,7,130,17,[6, 5, 8, 12, 7, 9],[[1, 1], [2, 1], [3, 2], [3, 3], [2, 2], [3, 1]],727,414,602,427
722549,7,130,17,[6, 5, 8, 12, 7, 9],[[1, 1], [2, 1], [3, 2], [3, 3], [2, 2], [3, 1]],716,411,603,425
722591,7,130,17,[6, 5, 8, 12, 7, 9],[[1, 1], [2, 1], [3, 2], [3, 3], [2, 2], [3, 1]],705,410,603,424
722663,7,130,17,[6, 5, 8, 12, 7, 9],[[1, 1], [2, 1], [3, 2], [3, 3], [2, 2], [3, 1]],691,387,604,424
722708,7,130,17,[6, 5, 8, 12, 7, 9],[[1, 1], [2, 1], [3, 2], [3, 3], [2, 2], [3, 1]],693,375,610,436
722766,7,130,17,[6, 5, 8, 12, 7, 9],[[1, 1], [2, 1], [3, 2], [3, 3], [2, 2], [3, 1]],716,390,612,437
722817,7,130,17,[6, 5, 8, 12, 7, 9],[[1, 1], [2, 1], [3, 2], [3, 3], [2, 2], [3, 1]],719,419,612,437
722876,7,130,17,[6, 5, 8, 12, 7, 9],[[1, 1], [2, 1], [3, 2], [3, 3], [2, 2], [3, 1]],728,388,612,437
722931,7,130,17,[6, 5, 8, 12, 7, 9],[[1, 1], [2, 1], [3, 2], [3, 3], [2, 2], [3, 1]],717,411,612,437
722979,7,130,17,[6, 5, 8, 12, 7, 9],[[1, 1], [2, 1], [3, 2], [3, 3], [2, 2], [3, 1]],729,440,612,437
723066,7,130,17,[6, 5, 8, 12, 7, 9],[[1, 1], [2, 1], [3, 2], [3, 3], [2, 2], [3, 1]],722,447,612,437
723131,7,130,17,[6, 5, 8, 12, 7, 9],[[1, 1], [2, 1], [3, 2], [3, 3], [2, 2], [3, 1]],720,452,617,449
723190,7,130,17,[6, 5, 8, 12, 7, 9],[[1, 1], [2, 1], [3, 2], [3, 3], [2, 2], [3, 1]],708,454,631,459
723253,7,130,17,[6, 5, 8, 12, 7, 9],[[1, 1], [2, 1], [3, 2], [3, 3], [2, 2], [3, 1]],706,459,642,448
723312,7,130,17,[6, 5, 8, 12, 7, 9],[[1, 1], [2, 1], [3, 2], [3, 3], [2, 2], [3, 1]],708,431,656,433
723367,7,130,17,[6, 5, 8, 12, 7, 9],[[1, 1], [2, 1], [3, 2], [3, 3], [2, 2], [3, 1]],707,433,657,433
723412,7,130,17,[6, 5, 8, 12, 7, 9],[[1, 1], [2, 1], [3, 2], [3, 3], [2, 2], [3, 1]],689,403,664,451
723485,7,130,17,[6, 5, 8, 12, 7, 9],[[1, 1], [2, 1], [3, 2], [3, 3], [2, 2], [3, 1]],704,391,672,473
723526,7,130,17,[6, 5, 8, 12, 7, 9],[[1, 1], [2, 1], [3, 2], [3, 3], [2, 2], [3, 1]],724,388,672,473
723615,7,130,17,[6, 5, 8, 12, 7, 9],[[1, 1], [2, 1], [3, 2], [3, 3], [2, 2], [3, 1]],717,410,676,473
723657,7,130,17,[6, 5, 8, 12, 7, 9],[[1, 1], [2, 1], [3, 2], [3, 3], [2, 2], [3, 1]],703,399,680,474
723712,7,131,138,[10, 4, 8, 12, 2, 1],[[2, 3], [3, 3], [3, 1], [3, 2], [1, 1], [2, 2]],690,390,689,491
723780,7,131,138,[10, 4, 8, 12, 2, 1],[[2, 3], [3, 3], [3, 1], [3, 2], [1, 1], [2, 2]],701,387,697,501
723849,7,131,138,[10, 4, 8, 12, 2, 1],[[2, 3], [3, 3], [3, 1], [3, 2], [1, 1], [2, 2]],678,397,717,479
723906,7,131,138,[10, 4, 8, 12, 2, 1],[[2, 3], [3, 3], [3, 1], [3, 2], [1, 1], [2, 2]],649,390,725,465
723979,7,131,138,[10, 4, 8, 12, 2, 1],[[2, 3], [3, 3], [3, 1], [3, 2], [1, 1], [2, 2]],641,377,725,469
724038,7,131,138,[10, 4, 8, 12, 2, 1],[[2, 3], [3, 3], [3, 1], [3, 2], [1, 1], [2, 2]],652,374,726,479
724092,7,131,138,[10, 4, 8, 12, 2, 1],[[2, 3], [3, 3], [3, 1], [3, 2], [1, 1], [2, 2]],675,362,726,476
724148,7,131,138,[10, 4, 8, 12, 2, 1],[[2, 3], [3, 3], [3, 1], [3, 2], [1, 1], [2, 2]],645,359,726,462
724206,7,131,138,[10, 4, 8, 12, 2, 1],[[2, 3], [3, 3], [3, 1], [3, 2], [1, 1], [2, 2]],633,371,726,460
724265,7,131,138,[10, 4, 8, 12, 2, 1],[[2, 3], [3, 3], [3, 1], [3, 2], [1, 1], [2, 2]],624,349,725,460
724336,7,131,138,[10, 4, 8, 12, 2, 1],[[2, 3], [3, 3], [3, 1], [3, 2], [1, 1], [2, 2]],627,331,714,448
724410,7,131,138,[10, 4, 8, 12, 2, 1],[[2, 3], [3, 3], [3, 1], [3, 2], [1, 1], [2, 2]],618,313,679,355
724488,7,131,138,[10, 4, 8, 12, 2, 1],[[2, 3], [3, 3], [3, 1], [3, 2], [1, 1], [2, 2]],616,333,650,283
724542,7,131,138,[10, 4, 8, 12, 2, 1],[[2, 3], [3, 3], [3, 1], [3, 2], [1, 1], [2, 2]],625,331,650,283
724609,7,131,138,[10, 4, 8, 12, 2, 1],[[2, 3], [3, 3], [3, 1], [3, 2], [1, 1], [2, 2]],636,318,650,283
724666,7,131,138,[10, 4, 8, 12, 2, 1],[[2, 3], [3, 3], [3, 1], [3, 2], [1, 1], [2, 2]],624,323,650,283
724731,7,131,138,[10, 4, 8, 12, 2, 1],[[2, 3], [3, 3], [3, 1], [3, 2], [1, 1], [2, 2]],617,344,650,288
724778,7,131,138,[10, 4, 8, 12, 2, 1],[[2, 3], [3, 3], [3, 1], [3, 2], [1, 1], [2, 2]],618,348,650,315
724838,7,131,138,[10, 4, 8, 12, 2, 1],[[2, 3], [3, 3], [3, 1], [3, 2], [1, 1], [2, 2]],626,364,653,335
724892,7,131,138,[10, 4, 8, 12, 2, 1],[[2, 3], [3, 3], [3, 1], [3, 2], [1, 1], [2, 2]],614,357,653,335
724949,7,131,138,[10, 4, 8, 12, 2, 1],[[2, 3], [3, 3], [3, 1], [3, 2], [1, 1], [2, 2]],628,363,653,335
725004,7,131,138,[10, 4, 8, 12, 2, 1],[[2, 3], [3, 3], [3, 1], [3, 2], [1, 1], [2, 2]],625,391,653,335
725052,7,131,138,[10, 4, 8, 12, 2, 1],[[2, 3], [3, 3], [3, 1], [3, 2], [1, 1], [2, 2]],621,381,653,335
725106,7,131,138,[10, 4, 8, 12, 2, 1],[[2, 3], [3, 3], [3, 1], [3, 2], [1, 1], [2, 2]],636,381,653,336
725170,7,131,138,[10, 4, 8, 12, 2, 1],[[2, 3], [3, 3], [3, 1], [3, 2], [1, 1], [2, 2]],611,377,653,336
725230,7,131,138,[10, 4, 8, 12, 2, 1],[[2, 3], [3, 3], [3, 1], [3, 2], [1, 1], [2, 2]],594,402,653,336
725301,7,131,138,[10, 4, 8, 12, 2, 1],[[2, 3], [3, 3], [3, 1], [3, 2], [1, 1], [2, 2]],583,428,653,336
725368,7,131,138,[10, 4, 8, 12, 2, 1],[[2, 3], [3, 3], [3, 1], [3, 2], [1, 1], [2, 2]],589,436,653,336
725451,7,131,138,[10, 4, 8, 12, 2, 1],[[2, 3], [3, 3], [3, 1], [3, 2], [1, 1], [2, 2]],589,435,653,336
725514,7,131,138,[10, 4, 8, 12, 2, 1],[[2, 3], [3, 3], [3, 1], [3, 2], [1, 1], [2, 2]],621,439,653,336
725584,7,131,138,[10, 4, 8, 12, 2, 1],[[2, 3], [3, 3], [3, 1], [3, 2], [1, 1], [2, 2]],632,430,653,336
725654,7,131,138,[10, 4, 8, 12, 2, 1],[[2, 3], [3, 3], [3, 1], [3, 2], [1, 1], [2, 2]],632,416,635,395
725714,7,131,138,[10, 4, 8, 12, 2, 1],[[2, 3], [3, 3], [3, 1], [3, 2], [1, 1], [2, 2]],615,404,632,403
725780,7,131,138,[10, 4, 8, 12, 2, 1],[[2, 3], [3, 3], [3, 1], [3, 2], [1, 1], [2, 2]],623,388,629,415
725837,7,131,138,[10, 4, 8, 12, 2, 1],[[2, 3], [3, 3], [3, 1], [3, 2], [1, 1], [2, 2]],621,391,628,437
725903,7,131,138,[10, 4, 8, 12, 2, 1],[[2, 3], [3, 3], [3, 1], [3, 2], [1, 1], [2, 2]],610,376,628,439
725968,7,131,138,[10, 4, 8, 12, 2, 1],[[2, 3], [3, 3], [3, 1], [3, 2], [1, 1], [2, 2]],602,381,633,434
726031,7,131,138,[10, 4, 8, 12, 2, 1],[[2, 3], [3, 3], [3, 1], [3, 2], [1, 1], [2, 2]],587,400,646,425
726091,7,131,138,[10, 4, 8, 12, 2, 1],[[2, 3], [3, 3], [3, 1], [3, 2], [1, 1], [2, 2]],586,378,655,425
726161,7,131,138,[10, 4, 8, 12, 2, 1],[[2, 3], [3, 3], [3, 1], [3, 2], [1, 1], [2, 2]],561,382,656,426
726245,7,131,138,[10, 4, 8, 12, 2, 1],[[2, 3], [3, 3], [3, 1], [3, 2], [1, 1], [2, 2]],593,390,656,417
726308,7,131,138,[10, 4, 8, 12, 2, 1],[[2, 3], [3, 3], [3, 1], [3, 2], [1, 1], [2, 2]],594,398,656,412
726367,7,131,138,[10, 4, 8, 12, 2, 1],[[2, 3], [3, 3], [3, 1], [3, 2], [1, 1], [2, 2]],546,407,656,412
726431,7,131,138,[10, 4, 8, 12, 2, 1],[[2, 3], [3, 3], [3, 1], [3, 2], [1, 1], [2, 2]],529,405,654,413
726518,7,131,138,[10, 4, 8, 12, 2, 1],[[2, 3], [3, 3], [3, 1], [3, 2], [1, 1], [2, 2]],536,420,646,407
726577,7,131,138,[10, 4, 8, 12, 2, 1],[[2, 3], [3, 3], [3, 1], [3, 2], [1, 1], [2, 2]],501,416,644,405
726634,7,131,138,[10, 4, 8, 12, 2, 1],[[2, 3], [3, 3], [3, 1], [3, 2], [1, 1], [2, 2]],491,407,644,405
726701,7,131,138,[10, 4, 8, 12, 2, 1],[[2, 3], [3, 3], [3, 1], [3, 2], [1, 1], [2, 2]],542,408,644,405
726749,7,131,138,[10, 4, 8, 12, 2, 1],[[2, 3], [3, 3], [3, 1], [3, 2], [1, 1], [2, 2]],569,396,644,405
726794,7,131,138,[10, 4, 8, 12, 2, 1],[[2, 3], [3, 3], [3, 1], [3, 2], [1, 1], [2, 2]],578,401,644,405
726840,7,131,138,[10, 4, 8, 12, 2, 1],[[2, 3], [3, 3], [3, 1], [3, 2], [1, 1], [2, 2]],563,396,644,405
726899,7,131,138,[10, 4, 8, 12, 2, 1],[[2, 3], [3, 3], [3, 1], [3, 2], [1, 1], [2, 2]],557,424,636,410
726946,7,131,138,[10, 4, 8, 12, 2, 1],[[2, 3], [3, 3], [3, 1], [3, 2], [1, 1], [2, 2]],550,440,636,411
726982,7,131,138,[10, 4, 8, 12, 2, 1],[[2, 3], [3, 3], [3, 1], [3, 2], [1, 1], [2, 2]],543,445,634,406
727046,7,131,138,[10, 4, 8, 12, 2, 1],[[2, 3], [3, 3], [3, 1], [3, 2], [1, 1], [2, 2]],548,427,633,400
727104,7,131,138,[10, 4, 8, 12, 2, 1],[[2, 3], [3, 3], [3, 1], [3, 2], [1, 1], [2, 2]],555,436,633,400
727162,7,131,138,[10, 4, 8, 12, 2, 1],[[2, 3], [3, 3], [3, 1], [3, 2], [1, 1], [2, 2]],552,433,631,407
727216,7,131,138,[10, 4, 8, 12, 2, 1],[[2, 3], [3, 3], [3, 1], [3, 2], [1, 1], [2, 2]],540,439,631,407
727270,7,131,138,[10, 4, 8, 12, 2, 1],[[2, 3], [3, 3], [3, 1], [3, 2], [1, 1], [2, 2]],562,430,631,407
727323,7,131,138,[10, 4, 8, 12, 2, 1],[[2, 3], [3, 3], [3, 1], [3, 2], [1, 1], [2, 2]],552,405,630,400
727372,7,131,138,[10, 4, 8, 12, 2, 1],[[2, 3], [3, 3], [3, 1], [3, 2], [1, 1], [2, 2]],556,391,630,400
727430,7,131,138,[10, 4, 8, 12, 2, 1],[[2, 3], [3, 3], [3, 1], [3, 2], [1, 1], [2, 2]],589,380,628,407
727487,7,131,138,[10, 4, 8, 12, 2, 1],[[2, 3], [3, 3], [3, 1], [3, 2], [1, 1], [2, 2]],583,361,625,412
727545,7,131,138,[10, 4, 8, 12, 2, 1],[[2, 3], [3, 3], [3, 1], [3, 2], [1, 1], [2, 2]],597,373,625,412
727607,7,131,138,[10, 4, 8, 12, 2, 1],[[2, 3], [3, 3], [3, 1], [3, 2], [1, 1], [2, 2]],580,391,623,404
727679,7,131,138,[10, 4, 8, 12, 2, 1],[[2, 3], [3, 3], [3, 1], [3, 2], [1, 1], [2, 2]],597,380,623,403
727763,7,132,32,[10, 4, 3, 11, 2, 1],[[1, 1], [2, 1], [3, 1], [3, 2], [1, 2], [2, 3]],593,388,620,409
727823,7,132,32,[10, 4, 3, 11, 2, 1],[[1, 1], [2, 1], [3, 1], [3, 2], [1, 2], [2, 3]],577,398,620,409
727910,7,132,32,[10, 4, 3, 11, 2, 1],[[1, 1], [2, 1], [3, 1], [3, 2], [1, 2], [2, 3]],585,400,620,402
727991,7,132,32,[10, 4, 3, 11, 2, 1],[[1, 1], [2, 1], [3, 1], [3, 2], [1, 2], [2, 3]],585,415,620,402
728053,7,132,32,[10, 4, 3, 11, 2, 1],[[1, 1], [2, 1], [3, 1], [3, 2], [1, 2], [2, 3]],590,399,620,402
728131,7,132,32,[10, 4, 3, 11, 2, 1],[[1, 1], [2, 1], [3, 1], [3, 2], [1, 2], [2, 3]],593,407,620,397
728193,7,132,32,[10, 4, 3, 11, 2, 1],[[1, 1], [2, 1], [3, 1], [3, 2], [1, 2], [2, 3]],556,404,620,397
728267,7,132,32,[10, 4, 3, 11, 2, 1],[[1, 1], [2, 1], [3, 1], [3, 2], [1, 2], [2, 3]],563,418,620,397
728353,7,132,32,[10, 4, 3, 11, 2, 1],[[1, 1], [2, 1], [3, 1], [3, 2], [1, 2], [2, 3]],523,424,620,394
728398,7,132,32,[10, 4, 3, 11, 2, 1],[[1, 1], [2, 1], [3, 1], [3, 2], [1, 2], [2, 3]],517,442,618,390
728472,7,132,32,[10, 4, 3, 11, 2, 1],[[1, 1], [2, 1], [3, 1], [3, 2], [1, 2], [2, 3]],501,457,618,390
728539,7,132,32,[10, 4, 3, 11, 2, 1],[[1, 1], [2, 1], [3, 1], [3, 2], [1, 2], [2, 3]],513,463,618,390
728607,7,132,32,[10, 4, 3, 11, 2, 1],[[1, 1], [2, 1], [3, 1], [3, 2], [1, 2], [2, 3]],523,469,618,390
728664,7,132,32,[10, 4, 3, 11, 2, 1],[[1, 1], [2, 1], [3, 1], [3, 2], [1, 2], [2, 3]],533,485,609,384
728724,7,132,32,[10, 4, 3, 11, 2, 1],[[1, 1], [2, 1], [3, 1], [3, 2], [1, 2], [2, 3]],525,470,597,397
728772,7,132,32,[10, 4, 3, 11, 2, 1],[[1, 1], [2, 1], [3, 1], [3, 2], [1, 2], [2, 3]],518,466,587,420
728831,7,132,32,[10, 4, 3, 11, 2, 1],[[1, 1], [2, 1], [3, 1], [3, 2], [1, 2], [2, 3]],527,440,585,425
728879,7,132,32,[10, 4, 3, 11, 2, 1],[[1, 1], [2, 1], [3, 1], [3, 2], [1, 2], [2, 3]],540,427,585,425
728919,7,132,32,[10, 4, 3, 11, 2, 1],[[1, 1], [2, 1], [3, 1], [3, 2], [1, 2], [2, 3]],519,421,585,425
728967,7,132,32,[10, 4, 3, 11, 2, 1],[[1, 1], [2, 1], [3, 1], [3, 2], [1, 2], [2, 3]],555,420,586,428
729017,7,132,32,[10, 4, 3, 11, 2, 1],[[1, 1], [2, 1], [3, 1], [3, 2], [1, 2], [2, 3]],550,407,587,438
729062,7,132,32,[10, 4, 3, 11, 2, 1],[[1, 1], [2, 1], [3, 1], [3, 2], [1, 2], [2, 3]],577,394,587,439
729108,7,132,32,[10, 4, 3, 11, 2, 1],[[1, 1], [2, 1], [3, 1], [3, 2], [1, 2], [2, 3]],590,405,587,439
729158,7,132,32,[10, 4, 3, 11, 2, 1],[[1, 1], [2, 1], [3, 1], [3, 2], [1, 2], [2, 3]],588,410,587,434
729199,7,132,32,[10, 4, 3, 11, 2, 1],[[1, 1], [2, 1], [3, 1], [3, 2], [1, 2], [2, 3]],578,395,587,431
729247,7,132,32,[10, 4, 3, 11, 2, 1],[[1, 1], [2, 1], [3, 1], [3, 2], [1, 2], [2, 3]],560,412,587,431
729292,7,132,32,[10, 4, 3, 11, 2, 1],[[1, 1], [2, 1], [3, 1], [3, 2], [1, 2], [2, 3]],541,401,585,430
729339,7,132,32,[10, 4, 3, 11, 2, 1],[[1, 1], [2, 1], [3, 1], [3, 2], [1, 2], [2, 3]],525,399,581,427
729397,7,132,32,[10, 4, 3, 11, 2, 1],[[1, 1], [2, 1], [3, 1], [3, 2], [1, 2], [2, 3]],515,416,582,410
729471,7,132,32,[10, 4, 3, 11, 2, 1],[[1, 1], [2, 1], [3, 1], [3, 2], [1, 2], [2, 3]],503,395,584,403
729520,7,132,32,[10, 4, 3, 11, 2, 1],[[1, 1], [2, 1], [3, 1], [3, 2], [1, 2], [2, 3]],510,389,584,403
729575,7,132,32,[10, 4, 3, 11, 2, 1],[[1, 1], [2, 1], [3, 1], [3, 2], [1, 2], [2, 3]],496,382,584,406
729639,7,132,32,[10, 4, 3, 11, 2, 1],[[1, 1], [2, 1], [3, 1], [3, 2], [1, 2], [2, 3]],510,395,584,406
729723,7,132,32,[10, 4, 3, 11, 2, 1],[[1, 1], [2, 1], [3, 1], [3, 2], [1, 2], [2, 3]],519,415,584,395
729786,7,132,32,[10, 4, 3, 11, 2, 1],[[1, 1], [2, 1], [3, 1], [3, 2], [1, 2], [2, 3]],527,404,584,395
729828,7,132,32,[10, 4, 3, 11, 2, 1],[[1, 1], [2, 1], [3, 1], [3, 2], [1, 2], [2, 3]],528,398,583,402
729906,7,132,32,[10, 4, 3, 11, 2, 1],[[1, 1], [2, 1], [3, 1], [3, 2], [1, 2], [2, 3]],504,399,582,403
729950,7,132,32,[10, 4, 3, 11, 2, 1],[[1, 1], [2, 1], [3, 1], [3, 2], [1, 2], [2, 3]],530,419,580,401
730023,7,132,32,[10, 4, 3, 11, 2, 1],[[1, 1], [2, 1], [3, 1], [3, 2], [1, 2], [2, 3]],532,411,579,396
730065,7,132,32,[10, 4, 3, 11, 2, 1],[[1, 1], [2, 1], [3, 1], [3, 2], [1, 2], [2, 3]],560,444,579,396
730149,7,132,32,[10, 4, 3, 11, 2, 1],[[1, 1], [2, 1], [3, 1], [3, 2], [1, 2], [2, 3]],551,415,578,401
730206,7,132,32,[10, 4, 3, 11, 2, 1],[[1, 1], [2, 1], [3, 1], [3, 2], [1, 2], [2, 3]],527,418,578,401
730271,7,132,32,[10, 4, 3, 11, 2, 1],[[1, 1], [2, 1], [3, 1], [3, 2], [1, 2], [2, 3]],510,407,578,401
730327,7,132,32,[10, 4, 3, 11, 2, 1],[[1, 1], [2, 1], [3, 1], [3, 2], [1, 2], [2, 3]],475,437,578,401
730417,7,132,32,[10, 4, 3, 11, 2, 1],[[1, 1], [2, 1], [3, 1], [3, 2], [1, 2], [2, 3]],527,417,578,401
730482,7,132,32,[10, 4, 3, 11, 2, 1],[[1, 1], [2, 1], [3, 1], [3, 2], [1, 2], [2, 3]],499,466,578,401
730557,7,132,32,[10, 4, 3, 11, 2, 1],[[1, 1], [2, 1], [3, 1], [3, 2], [1, 2], [2, 3]],459,471,578,401
730642,7,132,32,[10, 4, 3, 11, 2, 1],[[1, 1], [2, 1], [3, 1], [3, 2], [1, 2], [2, 3]],517,461,578,401
730682,7,132,32,[10, 4, 3, 11, 2, 1],[[1, 1], [2, 1], [3, 1], [3, 2], [1, 2], [2, 3]],537,457,578,401
730738,7,132,32,[10, 4, 3, 11, 2, 1],[[1, 1], [2, 1], [3, 1], [3, 2], [1, 2], [2, 3]],522,456,578,401
730791,7,132,32,[10, 4, 3, 11, 2, 1],[[1, 1], [2, 1], [3, 1], [3, 2], [1, 2], [2, 3]],498,448,578,401
730848,7,132,32,[10, 4, 3, 11, 2, 1],[[1, 1], [2, 1], [3, 1], [3, 2], [1, 2], [2, 3]],476,444,578,401
730907,7,132,32,[10, 4, 3, 11, 2, 1],[[1, 1], [2, 1], [3, 1], [3, 2], [1, 2], [2, 3]],535,470,578,401
730960,7,132,32,[10, 4, 3, 11, 2, 1],[[1, 1], [2, 1], [3, 1], [3, 2], [1, 2], [2, 3]],531,434,578,401
731024,7,132,32,[10, 4, 3, 11, 2, 1],[[1, 1], [2, 1], [3, 1], [3, 2], [1, 2], [2, 3]],529,406,578,401
731099,7,132,32,[10, 4, 3, 11, 2, 1],[[1, 1], [2, 1], [3, 1], [3, 2], [1, 2], [2, 3]],537,379,578,401
731152,7,132,32,[10, 4, 3, 11, 2, 1],[[1, 1], [2, 1], [3, 1], [3, 2], [1, 2], [2, 3]],545,378,578,401
731210,7,132,32,[10, 4, 3, 11, 2, 1],[[1, 1], [2, 1], [3, 1], [3, 2], [1, 2], [2, 3]],534,356,578,401
731258,7,132,32,[10, 4, 3, 11, 2, 1],[[1, 1], [2, 1], [3, 1], [3, 2], [1, 2], [2, 3]],520,362,578,401
731304,7,132,32,[10, 4, 3, 11, 2, 1],[[1, 1], [2, 1], [3, 1], [3, 2], [1, 2], [2, 3]],520,365,578,401
731354,7,132,32,[10, 4, 3, 11, 2, 1],[[1, 1], [2, 1], [3, 1], [3, 2], [1, 2], [2, 3]],520,370,578,401
731394,7,132,32,[10, 4, 3, 11, 2, 1],[[1, 1], [2, 1], [3, 1], [3, 2], [1, 2], [2, 3]],528,354,578,401
731443,7,132,32,[10, 4, 3, 11, 2, 1],[[1, 1], [2, 1], [3, 1], [3, 2], [1, 2], [2, 3]],561,349,578,401
731489,7,132,32,[10, 4, 3, 11, 2, 1],[[1, 1], [2, 1], [3, 1], [3, 2], [1, 2], [2, 3]],552,369,578,401
731544,7,132,32,[10, 4, 3, 11, 2, 1],[[1, 1], [2, 1], [3, 1], [3, 2], [1, 2], [2, 3]],559,355,575,386
731604,7,132,32,[10, 4, 3, 11, 2, 1],[[1, 1], [2, 1], [3, 1], [3, 2], [1, 2], [2, 3]],590,364,564,366
731656,7,132,32,[10, 4, 3, 11, 2, 1],[[1, 1], [2, 1], [3, 1], [3, 2], [1, 2], [2, 3]],573,375,552,352
731721,7,132,32,[10, 4, 3, 11, 2, 1],[[1, 1], [2, 1], [3, 1], [3, 2], [1, 2], [2, 3]],572,362,548,350
731775,7,132,32,[10, 4, 3, 11, 2, 1],[[1, 1], [2, 1], [3, 1], [3, 2], [1, 2], [2, 3]],596,389,548,350
731873,7,133,112,[10, 4, 3, 11, 7, 9],[[2, 3], [3, 3], [1, 1], [1, 2], [2, 2], [3, 1]],625,383,548,350
731941,7,133,112,[10, 4, 3, 11, 7, 9],[[2, 3], [3, 3], [1, 1], [1, 2], [2, 2], [3, 1]],639,382,548,350
731992,7,133,112,[10, 4, 3, 11, 7, 9],[[2, 3], [3, 3], [1, 1], [1, 2], [2, 2], [3, 1]],649,373,548,350
732057,7,133,112,[10, 4, 3, 11, 7, 9],[[2, 3], [3, 3], [1, 1], [1, 2], [2, 2], [3, 1]],646,384,555,355
732114,7,133,112,[10, 4, 3, 11, 7, 9],[[2, 3], [3, 3], [1, 1], [1, 2], [2, 2], [3, 1]],672,400,572,378
732174,7,133,112,[10, 4, 3, 11, 7, 9],[[2, 3], [3, 3], [1, 1], [1, 2], [2, 2], [3, 1]],673,385,581,390
732216,7,133,112,[10, 4, 3, 11, 7, 9],[[2, 3], [3, 3], [1, 1], [1, 2], [2, 2], [3, 1]],646,370,583,392
732289,7,133,112,[10, 4, 3, 11, 7, 9],[[2, 3], [3, 3], [1, 1], [1, 2], [2, 2], [3, 1]],664,356,588,394
732355,7,133,112,[10, 4, 3, 11, 7, 9],[[2, 3], [3, 3], [1, 1], [1, 2], [2, 2], [3, 1]],667,339,598,396
732462,7,133,112,[10, 4, 3, 11, 7, 9],[[2, 3], [3, 3], [1, 1], [1, 2], [2, 2], [3, 1]],660,360,628,396
732523,7,133,112,[10, 4, 3, 11, 7, 9],[[2, 3], [3, 3], [1, 1], [1, 2], [2, 2], [3, 1]],665,373,634,392
732595,7,133,112,[10, 4, 3, 11, 7, 9],[[2, 3], [3, 3], [1, 1], [1, 2], [2, 2], [3, 1]],632,384,641,385
732653,7,133,112,[10, 4, 3, 11, 7, 9],[[2, 3], [3, 3], [1, 1], [1, 2], [2, 2], [3, 1]],650,386,649,376
732731,7,133,112,[10, 4, 3, 11, 7, 9],[[2, 3], [3, 3], [1, 1], [1, 2], [2, 2], [3, 1]],649,396,652,368
732776,7,133,112,[10, 4, 3, 11, 7, 9],[[2, 3], [3, 3], [1, 1], [1, 2], [2, 2], [3, 1]],596,381,653,364
732827,7,133,112,[10, 4, 3, 11, 7, 9],[[2, 3], [3, 3], [1, 1], [1, 2], [2, 2], [3, 1]],581,373,653,356
732872,7,133,112,[10, 4, 3, 11, 7, 9],[[2, 3], [3, 3], [1, 1], [1, 2], [2, 2], [3, 1]],609,375,649,348
732923,7,133,112,[10, 4, 3, 11, 7, 9],[[2, 3], [3, 3], [1, 1], [1, 2], [2, 2], [3, 1]],593,367,641,337
732959,7,133,112,[10, 4, 3, 11, 7, 9],[[2, 3], [3, 3], [1, 1], [1, 2], [2, 2], [3, 1]],601,372,641,337
733027,7,133,112,[10, 4, 3, 11, 7, 9],[[2, 3], [3, 3], [1, 1], [1, 2], [2, 2], [3, 1]],616,362,640,337
733081,7,133,112,[10, 4, 3, 11, 7, 9],[[2, 3], [3, 3], [1, 1], [1, 2], [2, 2], [3, 1]],632,368,620,337
733136,7,133,112,[10, 4, 3, 11, 7, 9],[[2, 3], [3, 3], [1, 1], [1, 2], [2, 2], [3, 1]],627,359,610,337
733189,7,133,112,[10, 4, 3, 11, 7, 9],[[2, 3], [3, 3], [1, 1], [1, 2], [2, 2], [3, 1]],625,344,607,338
733247,7,133,112,[10, 4, 3, 11, 7, 9],[[2, 3], [3, 3], [1, 1], [1, 2], [2, 2], [3, 1]],606,333,599,345
733305,7,133,112,[10, 4, 3, 11, 7, 9],[[2, 3], [3, 3], [1, 1], [1, 2], [2, 2], [3, 1]],596,369,599,345
733359,7,133,112,[10, 4, 3, 11, 7, 9],[[2, 3], [3, 3], [1, 1], [1, 2], [2, 2], [3, 1]],599,367,595,350
733412,7,133,112,[10, 4, 3, 11, 7, 9],[[2, 3], [3, 3], [1, 1], [1, 2], [2, 2], [3, 1]],608,397,594,356
733466,7,133,112,[10, 4, 3, 11, 7, 9],[[2, 3], [3, 3], [1, 1], [1, 2], [2, 2], [3, 1]],630,413,596,363
733520,7,133,112,[10, 4, 3, 11, 7, 9],[[2, 3], [3, 3], [1, 1], [1, 2], [2, 2], [3, 1]],603,415,599,365
733573,7,133,112,[10, 4, 3, 11, 7, 9],[[2, 3], [3, 3], [1, 1], [1, 2], [2, 2], [3, 1]],615,408,601,369
733640,7,133,112,[10, 4, 3, 11, 7, 9],[[2, 3], [3, 3], [1, 1], [1, 2], [2, 2], [3, 1]],594,415,602,369
733723,7,133,112,[10, 4, 3, 11, 7, 9],[[2, 3], [3, 3], [1, 1], [1, 2], [2, 2], [3, 1]],595,402,602,369
733777,7,133,112,[10, 4, 3, 11, 7, 9],[[2, 3], [3, 3], [1, 1], [1, 2], [2, 2], [3, 1]],618,385,602,369
733830,7,133,112,[10, 4, 3, 11, 7, 9],[[2, 3], [3, 3], [1, 1], [1, 2], [2, 2], [3, 1]],589,398,621,371
733880,7,133,112,[10, 4, 3, 11, 7, 9],[[2, 3], [3, 3], [1, 1], [1, 2], [2, 2], [3, 1]],557,405,629,371
733939,7,133,112,[10, 4, 3, 11, 7, 9],[[2, 3], [3, 3], [1, 1], [1, 2], [2, 2], [3, 1]],553,397,631,371
734013,7,133,112,[10, 4, 3, 11, 7, 9],[[2, 3], [3, 3], [1, 1], [1, 2], [2, 2], [3, 1]],524,390,631,371
734073,7,133,112,[10, 4, 3, 11, 7, 9],[[2, 3], [3, 3], [1, 1], [1, 2], [2, 2], [3, 1]],512,389,631,371
734116,7,133,112,[10, 4, 3, 11, 7, 9],[[2, 3], [3, 3], [1, 1], [1, 2], [2, 2], [3, 1]],533,402,631,371
734182,7,133,112,[10, 4, 3, 11, 7, 9],[[2, 3], [3, 3], [1, 1], [1, 2], [2, 2], [3, 1]],548,401,630,371
734261,7,133,112,[10, 4, 3, 11, 7, 9],[[2, 3], [3, 3], [1, 1], [1, 2], [2, 2], [3, 1]],544,386,630,371
734318,7,133,112,[10, 4, 3, 11, 7, 9],[[2, 3], [3, 3], [1, 1], [1, 2], [2, 2], [3, 1]],570,376,630,371
734386,7,133,112,[10, 4, 3, 11, 7, 9],[[2, 3], [3, 3], [1, 1], [1, 2], [2, 2], [3, 1]],568,381,630,371
734462,7,133,112,[10, 4, 3, 11, 7, 9],[[2, 3], [3, 3], [1, 1], [1, 2], [2, 2], [3, 1]],585,395,629,371
734509,7,133,112,[10, 4, 3, 11, 7, 9],[[2, 3], [3, 3], [1, 1], [1, 2], [2, 2], [3, 1]],568,376,619,370
734559,7,133,112,[10, 4, 3, 11, 7, 9],[[2, 3], [3, 3], [1, 1], [1, 2], [2, 2], [3, 1]],551,396,617,370
734610,7,133,112,[10, 4, 3, 11, 7, 9],[[2, 3], [3, 3], [1, 1], [1, 2], [2, 2], [3, 1]],539,389,617,370
734661,7,133,112,[10, 4, 3, 11, 7, 9],[[2, 3], [3, 3], [1, 1], [1, 2], [2, 2], [3, 1]],561,431,617,370
734715,7,133,112,[10, 4, 3, 11, 7, 9],[[2, 3], [3, 3], [1, 1], [1, 2], [2, 2], [3, 1]],539,400,609,359
734752,7,133,112,[10, 4, 3, 11, 7, 9],[[2, 3], [3, 3], [1, 1], [1, 2], [2, 2], [3, 1]],534,389,605,354
734811,7,133,112,[10, 4, 3, 11, 7, 9],[[2, 3], [3, 3], [1, 1], [1, 2], [2, 2], [3, 1]],507,395,600,351
734879,7,133,112,[10, 4, 3, 11, 7, 9],[[2, 3], [3, 3], [1, 1], [1, 2], [2, 2], [3, 1]],486,397,599,350
734934,7,133,112,[10, 4, 3, 11, 7, 9],[[2, 3], [3, 3], [1, 1], [1, 2], [2, 2], [3, 1]],485,390,598,350
734994,7,133,112,[10, 4, 3, 11, 7, 9],[[2, 3], [3, 3], [1, 1], [1, 2], [2, 2], [3, 1]],502,394,591,342
735056,7,133,112,[10, 4, 3, 11, 7, 9],[[2, 3], [3, 3], [1, 1], [1, 2], [2, 2], [3, 1]],462,403,590,341
735120,7,133,112,[10, 4, 3, 11, 7, 9],[[2, 3], [3, 3], [1, 1], [1, 2], [2, 2], [3, 1]],498,356,590,341
735190,7,133,112,[10, 4, 3, 11, 7, 9],[[2, 3], [3, 3], [1, 1], [1, 2], [2, 2], [3, 1]],491,381,579,350
735238,7,133,112,[10, 4, 3, 11, 7, 9],[[2, 3], [3, 3], [1, 1], [1, 2], [2, 2], [3, 1]],515,378,566,364
735292,7,133,112,[10, 4, 3, 11, 7, 9],[[2, 3], [3, 3], [1, 1], [1, 2], [2, 2], [3, 1]],519,371,556,382
735352,7,133,112,[10, 4, 3, 11, 7, 9],[[2, 3], [3, 3], [1, 1], [1, 2], [2, 2], [3, 1]],490,410,549,393
735415,7,133,112,[10, 4, 3, 11, 7, 9],[[2, 3], [3, 3], [1, 1], [1, 2], [2, 2], [3, 1]],488,386,545,398
735469,7,133,112,[10, 4, 3, 11, 7, 9],[[2, 3], [3, 3], [1, 1], [1, 2], [2, 2], [3, 1]],502,393,545,398
735540,7,133,112,[10, 4, 3, 11, 7, 9],[[2, 3], [3, 3], [1, 1], [1, 2], [2, 2], [3, 1]],508,377,545,398
735612,7,133,112,[10, 4, 3, 11, 7, 9],[[2, 3], [3, 3], [1, 1], [1, 2], [2, 2], [3, 1]],526,364,539,391
735674,7,133,112,[10, 4, 3, 11, 7, 9],[[2, 3], [3, 3], [1, 1], [1, 2], [2, 2], [3, 1]],540,353,522,376
735742,7,133,112,[10, 4, 3, 11, 7, 9],[[2, 3], [3, 3], [1, 1], [1, 2], [2, 2], [3, 1]],564,342,513,376
735831,7,133,112,[10, 4, 3, 11, 7, 9],[[2, 3], [3, 3], [1, 1], [1, 2], [2, 2], [3, 1]],569,339,512,376
735908,7,134,64,[10, 4, 3, 11, 7, 9],[[2, 1], [3, 1], [1, 1], [1, 2], [2, 3], [3, 2]],592,345,512,376
735964,7,134,64,[10, 4, 3, 11, 7, 9],[[2, 1], [3, 1], [1, 1], [1, 2], [2, 3], [3, 2]],581,320,512,376
736032,7,134,64,[10, 4, 3, 11, 7, 9],[[2, 1], [3, 1], [1, 1], [1, 2], [2, 3], [3, 2]],547,321,512,376
736103,7,134,64,[10, 4, 3, 11, 7, 9],[[2, 1], [3, 1], [1, 1], [1, 2], [2, 3], [3, 2]],556,314,512,376
736164,7,134,64,[10, 4, 3, 11, 7, 9],[[2, 1], [3, 1], [1, 1], [1, 2], [2, 3], [3, 2]],565,342,512,377
736225,7,134,64,[10, 4, 3, 11, 7, 9],[[2, 1], [3, 1], [1, 1], [1, 2], [2, 3], [3, 2]],574,352,512,382
736274,7,134,64,[10, 4, 3, 11, 7, 9],[[2, 1], [3, 1], [1, 1], [1, 2], [2, 3], [3, 2]],579,341,512,383
736334,7,134,64,[10, 4, 3, 11, 7, 9],[[2, 1], [3, 1], [1, 1], [1, 2], [2, 3], [3, 2]],590,346,512,383
736398,7,134,64,[10, 4, 3, 11, 7, 9],[[2, 1], [3, 1], [1, 1], [1, 2], [2, 3], [3, 2]],574,342,512,383
736464,7,134,64,[10, 4, 3, 11, 7, 9],[[2, 1], [3, 1], [1, 1], [1, 2], [2, 3], [3, 2]],544,356,529,380
736500,7,134,64,[10, 4, 3, 11, 7, 9],[[2, 1], [3, 1], [1, 1], [1, 2], [2, 3], [3, 2]],541,348,564,375
736556,7,134,64,[10, 4, 3, 11, 7, 9],[[2, 1], [3, 1], [1, 1], [1, 2], [2, 3], [3, 2]],566,347,576,370
736613,7,134,64,[10, 4, 3, 11, 7, 9],[[2, 1], [3, 1], [1, 1], [1, 2], [2, 3], [3, 2]],553,340,585,362
736671,7,134,64,[10, 4, 3, 11, 7, 9],[[2, 1], [3, 1], [1, 1], [1, 2], [2, 3], [3, 2]],559,352,592,355
736720,7,134,64,[10, 4, 3, 11, 7, 9],[[2, 1], [3, 1], [1, 1], [1, 2], [2, 3], [3, 2]],555,344,599,347
736770,7,134,64,[10, 4, 3, 11, 7, 9],[[2, 1], [3, 1], [1, 1], [1, 2], [2, 3], [3, 2]],549,375,612,331
736816,7,134,64,[10, 4, 3, 11, 7, 9],[[2, 1], [3, 1], [1, 1], [1, 2], [2, 3], [3, 2]],527,388,612,331
736862,7,134,64,[10, 4, 3, 11, 7, 9],[[2, 1], [3, 1], [1, 1], [1, 2], [2, 3], [3, 2]],512,395,612,331
736924,7,134,64,[10, 4, 3, 11, 7, 9],[[2, 1], [3, 1], [1, 1], [1, 2], [2, 3], [3, 2]],512,413,612,331
736971,7,134,64,[10, 4, 3, 11, 7, 9],[[2, 1], [3, 1], [1, 1], [1, 2], [2, 3], [3, 2]],488,426,612,331
737012,7,134,64,[10, 4, 3, 11, 7, 9],[[2, 1], [3, 1], [1, 1], [1, 2], [2, 3], [3, 2]],513,403,612,331
737061,7,134,64,[10, 4, 3, 11, 7, 9],[[2, 1], [3, 1], [1, 1], [1, 2], [2, 3], [3, 2]],496,398,605,334
737097,7,134,64,[10, 4, 3, 11, 7, 9],[[2, 1], [3, 1], [1, 1], [1, 2], [2, 3], [3, 2]],508,397,594,337
737156,7,134,64,[10, 4, 3, 11, 7, 9],[[2, 1], [3, 1], [1, 1], [1, 2], [2, 3], [3, 2]],511,377,578,345
737210,7,134,64,[10, 4, 3, 11, 7, 9],[[2, 1], [3, 1], [1, 1], [1, 2], [2, 3], [3, 2]],500,374,567,353
737268,7,134,64,[10, 4, 3, 11, 7, 9],[[2, 1], [3, 1], [1, 1], [1, 2], [2, 3], [3, 2]],479,388,558,359
737327,7,134,64,[10, 4, 3, 11, 7, 9],[[2, 1], [3, 1], [1, 1], [1, 2], [2, 3], [3, 2]],525,397,558,359
737412,7,134,64,[10, 4, 3, 11, 7, 9],[[2, 1], [3, 1], [1, 1], [1, 2], [2, 3], [3, 2]],494,413,558,359
737470,7,134,64,[10, 4, 3, 11, 7, 9],[[2, 1], [3, 1], [1, 1], [1, 2], [2, 3], [3, 2]],470,416,558,359
737530,7,134,64,[10, 4, 3, 11, 7, 9],[[2, 1], [3, 1], [1, 1], [1, 2], [2, 3], [3, 2]],518,417,559,354
737592,7,134,64,[10, 4, 3, 11, 7, 9],[[2, 1], [3, 1], [1, 1], [1, 2], [2, 3], [3, 2]],520,387,563,347
737656,7,134,64,[10, 4, 3, 11, 7, 9],[[2, 1], [3, 1], [1, 1], [1, 2], [2, 3], [3, 2]],514,391,565,344
737730,7,134,64,[10, 4, 3, 11, 7, 9],[[2, 1], [3, 1], [1, 1], [1, 2], [2, 3], [3, 2]],540,365,565,344
737782,7,134,64,[10, 4, 3, 11, 7, 9],[[2, 1], [3, 1], [1, 1], [1, 2], [2, 3], [3, 2]],544,375,565,344
737849,7,134,64,[10, 4, 3, 11, 7, 9],[[2, 1], [3, 1], [1, 1], [1, 2], [2, 3], [3, 2]],555,368,565,344
737905,7,134,64,[10, 4, 3, 11, 7, 9],[[2, 1], [3, 1], [1, 1], [1, 2], [2, 3], [3, 2]],556,402,565,344
737995,7,134,64,[10, 4, 3, 11, 7, 9],[[2, 1], [3, 1], [1, 1], [1, 2], [2, 3], [3, 2]],567,419,565,344
738051,7,134,64,[10, 4, 3, 11, 7, 9],[[2, 1], [3, 1], [1, 1], [1, 2], [2, 3], [3, 2]],578,414,565,344
738126,7,134,64,[10, 4, 3, 11, 7, 9],[[2, 1], [3, 1], [1, 1], [1, 2], [2, 3], [3, 2]],604,396,565,344
738200,7,134,64,[10, 4, 3, 11, 7, 9],[[2, 1], [3, 1], [1, 1], [1, 2], [2, 3], [3, 2]],639,375,565,344
738265,7,134,64,[10, 4, 3, 11, 7, 9],[[2, 1], [3, 1], [1, 1], [1, 2], [2, 3], [3, 2]],644,374,565,344
738310,7,134,64,[10, 4, 3, 11, 7, 9],[[2, 1], [3, 1], [1, 1], [1, 2], [2, 3], [3, 2]],654,369,565,344
738383,7,134,64,[10, 4, 3, 11, 7, 9],[[2, 1], [3, 1], [1, 1], [1, 2], [2, 3], [3, 2]],649,360,565,344
738434,7,134,64,[10, 4, 3, 11, 7, 9],[[2, 1], [3, 1], [1, 1], [1, 2], [2, 3], [3, 2]],623,366,565,344
738475,7,134,64,[10, 4, 3, 11, 7, 9],[[2, 1], [3, 1], [1, 1], [1, 2], [2, 3], [3, 2]],627,365,565,344
738552,7,134,64,[10, 4, 3, 11, 7, 9],[[2, 1], [3, 1], [1, 1], [1, 2], [2, 3], [3, 2]],615,346,565,344
738621,7,134,64,[10, 4, 3, 11, 7, 9],[[2, 1], [3, 1], [1, 1], [1, 2], [2, 3], [3, 2]],620,345,565,344
738688,7,134,64,[10, 4, 3, 11, 7, 9],[[2, 1], [3, 1], [1, 1], [1, 2], [2, 3], [3, 2]],641,341,570,344
738747,7,134,64,[10, 4, 3, 11, 7, 9],[[2, 1], [3, 1], [1, 1], [1, 2], [2, 3], [3, 2]],643,359,577,344
738820,7,134,64,[10, 4, 3, 11, 7, 9],[[2, 1], [3, 1], [1, 1], [1, 2], [2, 3], [3, 2]],648,388,578,345
738873,7,134,64,[10, 4, 3, 11, 7, 9],[[2, 1], [3, 1], [1, 1], [1, 2], [2, 3], [3, 2]],639,389,580,346
738927,7,134,64,[10, 4, 3, 11, 7, 9],[[2, 1], [3, 1], [1, 1], [1, 2], [2, 3], [3, 2]],639,404,588,347
738981,7,134,64,[10, 4, 3, 11, 7, 9],[[2, 1], [3, 1], [1, 1], [1, 2], [2, 3], [3, 2]],628,439,608,348
739043,7,134,64,[10, 4, 3, 11, 7, 9],[[2, 1], [3, 1], [1, 1], [1, 2], [2, 3], [3, 2]],632,470,609,348
739100,7,134,64,[10, 4, 3, 11, 7, 9],[[2, 1], [3, 1], [1, 1], [1, 2], [2, 3], [3, 2]],662,455,612,350
739159,7,134,64,[10, 4, 3, 11, 7, 9],[[2, 1], [3, 1], [1, 1], [1, 2], [2, 3], [3, 2]],674,447,617,356
739216,7,134,64,[10, 4, 3, 11, 7, 9],[[2, 1], [3, 1], [1, 1], [1, 2], [2, 3], [3, 2]],656,462,622,363
739274,7,134,64,[10, 4, 3, 11, 7, 9],[[2, 1], [3, 1], [1, 1], [1, 2], [2, 3], [3, 2]],643,459,626,370
739341,7,134,64,[10, 4, 3, 11, 7, 9],[[2, 1], [3, 1], [1, 1], [1, 2], [2, 3], [3, 2]],638,464,627,371
739389,7,134,64,[10, 4, 3, 11, 7, 9],[[2, 1], [3, 1], [1, 1], [1, 2], [2, 3], [3, 2]],671,456,628,371
739458,7,134,64,[10, 4, 3, 11, 7, 9],[[2, 1], [3, 1], [1, 1], [1, 2], [2, 3], [3, 2]],663,449,634,379
739513,7,134,64,[10, 4, 3, 11, 7, 9],[[2, 1], [3, 1], [1, 1], [1, 2], [2, 3], [3, 2]],663,462,638,389
739598,7,134,64,[10, 4, 3, 11, 7, 9],[[2, 1], [3, 1], [1, 1], [1, 2], [2, 3], [3, 2]],668,443,644,404
739667,7,134,64,[10, 4, 3, 11, 7, 9],[[2, 1], [3, 1], [1, 1], [1, 2], [2, 3], [3, 2]],647,451,650,421
739740,7,134,64,[10, 4, 3, 11, 7, 9],[[2, 1], [3, 1], [1, 1], [1, 2], [2, 3], [3, 2]],610,448,653,426
739842,7,134,64,[10, 4, 3, 11, 7, 9],[[2, 1], [3, 1], [1, 1], [1, 2], [2, 3], [3, 2]],652,442,654,431
739926,7,134,64,[10, 4, 3, 11, 7, 9],[[2, 1], [3, 1], [1, 1], [1, 2], [2, 3], [3, 2]],660,455,655,434
739994,7,135,22,[10, 4, 8, 12, 2, 1],[[1, 1], [2, 1], [3, 2], [3, 3], [1, 2], [2, 3]],654,472,655,434
740030,7,135,22,[10, 4, 8, 12, 2, 1],[[1, 1], [2, 1], [3, 2], [3, 3], [1, 2], [2, 3]],658,475,655,434
740092,7,135,22,[10, 4, 8, 12, 2, 1],[[1, 1], [2, 1], [3, 2], [3, 3], [1, 2], [2, 3]],672,445,652,434
740154,7,135,22,[10, 4, 8, 12, 2, 1],[[1, 1], [2, 1], [3, 2], [3, 3], [1, 2], [2, 3]],681,441,648,433
740217,7,135,22,[10, 4, 8, 12, 2, 1],[[1, 1], [2, 1], [3, 2], [3, 3], [1, 2], [2, 3]],672,459,648,433
740263,7,135,22,[10, 4, 8, 12, 2, 1],[[1, 1], [2, 1], [3, 2], [3, 3], [1, 2], [2, 3]],673,467,648,433
740317,7,135,22,[10, 4, 8, 12, 2, 1],[[1, 1], [2, 1], [3, 2], [3, 3], [1, 2], [2, 3]],664,461,648,433
740365,7,135,22,[10, 4, 8, 12, 2, 1],[[1, 1], [2, 1], [3, 2], [3, 3], [1, 2], [2, 3]],663,442,648,433
740421,7,135,22,[10, 4, 8, 12, 2, 1],[[1, 1], [2, 1], [3, 2], [3, 3], [1, 2], [2, 3]],679,424,650,433
740463,7,135,22,[10, 4, 8, 12, 2, 1],[[1, 1], [2, 1], [3, 2], [3, 3], [1, 2], [2, 3]],675,379,650,436
740536,7,135,22,[10, 4, 8, 12, 2, 1],[[1, 1], [2, 1], [3, 2], [3, 3], [1, 2], [2, 3]],701,386,654,446
740624,7,135,22,[10, 4, 8, 12, 2, 1],[[1, 1], [2, 1], [3, 2], [3, 3], [1, 2], [2, 3]],708,369,654,449
740674,7,135,22,[10, 4, 8, 12, 2, 1],[[1, 1], [2, 1], [3, 2], [3, 3], [1, 2], [2, 3]],722,362,654,449
740729,7,135,22,[10, 4, 8, 12, 2, 1],[[1, 1], [2, 1], [3, 2], [3, 3], [1, 2], [2, 3]],722,349,654,449
740768,7,135,22,[10, 4, 8, 12, 2, 1],[[1, 1], [2, 1], [3, 2], [3, 3], [1, 2], [2, 3]],701,366,654,449
740829,7,135,22,[10, 4, 8, 12, 2, 1],[[1, 1], [2, 1], [3, 2], [3, 3], [1, 2], [2, 3]],677,368,652,449
740883,7,135,22,[10, 4, 8, 12, 2, 1],[[1, 1], [2, 1], [3, 2], [3, 3], [1, 2], [2, 3]],689,387,654,443
740936,7,135,22,[10, 4, 8, 12, 2, 1],[[1, 1], [2, 1], [3, 2], [3, 3], [1, 2], [2, 3]],713,405,665,437
740989,7,135,22,[10, 4, 8, 12, 2, 1],[[1, 1], [2, 1], [3, 2], [3, 3], [1, 2], [2, 3]],683,369,680,428
741048,7,135,22,[10, 4, 8, 12, 2, 1],[[1, 1], [2, 1], [3, 2], [3, 3], [1, 2], [2, 3]],697,382,687,424
741102,7,135,22,[10, 4, 8, 12, 2, 1],[[1, 1], [2, 1], [3, 2], [3, 3], [1, 2], [2, 3]],713,380,688,424
741161,7,135,22,[10, 4, 8, 12, 2, 1],[[1, 1], [2, 1], [3, 2], [3, 3], [1, 2], [2, 3]],687,372,686,422
741215,7,135,22,[10, 4, 8, 12, 2, 1],[[1, 1], [2, 1], [3, 2], [3, 3], [1, 2], [2, 3]],685,377,684,421
741269,7,135,22,[10, 4, 8, 12, 2, 1],[[1, 1], [2, 1], [3, 2], [3, 3], [1, 2], [2, 3]],691,375,683,421
741333,7,135,22,[10, 4, 8, 12, 2, 1],[[1, 1], [2, 1], [3, 2], [3, 3], [1, 2], [2, 3]],674,371,680,420
741388,7,135,22,[10, 4, 8, 12, 2, 1],[[1, 1], [2, 1], [3, 2], [3, 3], [1, 2], [2, 3]],665,361,666,420
741437,7,135,22,[10, 4, 8, 12, 2, 1],[[1, 1], [2, 1], [3, 2], [3, 3], [1, 2], [2, 3]],665,384,665,420
741500,7,135,22,[10, 4, 8, 12, 2, 1],[[1, 1], [2, 1], [3, 2], [3, 3], [1, 2], [2, 3]],655,387,675,424
741554,7,135,22,[10, 4, 8, 12, 2, 1],[[1, 1], [2, 1], [3, 2], [3, 3], [1, 2], [2, 3]],664,388,685,426
741612,7,135,22,[10, 4, 8, 12, 2, 1],[[1, 1], [2, 1], [3, 2], [3, 3], [1, 2], [2, 3]],630,362,687,428
741681,7,135,22,[10, 4, 8, 12, 2, 1],[[1, 1], [2, 1], [3, 2], [3, 3], [1, 2], [2, 3]],638,388,687,428
741755,7,135,22,[10, 4, 8, 12, 2, 1],[[1, 1], [2, 1], [3, 2], [3, 3], [1, 2], [2, 3]],653,371,687,428
741818,7,135,22,[10, 4, 8, 12, 2, 1],[[1, 1], [2, 1], [3, 2], [3, 3], [1, 2], [2, 3]],640,358,687,428
741859,7,135,22,[10, 4, 8, 12, 2, 1],[[1, 1], [2, 1], [3, 2], [3, 3], [1, 2], [2, 3]],639,355,687,428
741926,7,135,22,[10, 4, 8, 12, 2, 1],[[1, 1], [2, 1], [3, 2], [3, 3], [1, 2], [2, 3]],636,323,687,428
741984,7,135,22,[10, 4, 8, 12, 2, 1],[[1, 1], [2, 1], [3, 2], [3, 3], [1, 2], [2, 3]],629,324,682,426
742059,7,135,22,[10, 4, 8, 12, 2, 1],[[1, 1], [2, 1], [3, 2], [3, 3], [1, 2], [2, 3]],598,313,667,420
742141,7,135,22,[10, 4, 8, 12, 2, 1],[[1, 1], [2, 1], [3, 2], [3, 3], [1, 2], [2, 3]],601,289,615,406
742188,7,135,22,[10, 4, 8, 12, 2, 1],[[1, 1], [2, 1], [3, 2], [3, 3], [1, 2], [2, 3]],614,313,605,398
742247,7,135,22,[10, 4, 8, 12, 2, 1],[[1, 1], [2, 1], [3, 2], [3, 3], [1, 2], [2, 3]],606,316,605,392
742293,7,135,22,[10, 4, 8, 12, 2, 1],[[1, 1], [2, 1], [3, 2], [3, 3], [1, 2], [2, 3]],627,318,610,382
742361,7,135,22,[10, 4, 8, 12, 2, 1],[[1, 1], [2, 1], [3, 2], [3, 3], [1, 2], [2, 3]],621,291,617,354
742426,7,135,22,[10, 4, 8, 12, 2, 1],[[1, 1], [2, 1], [3, 2], [3, 3], [1, 2], [2, 3]],623,295,613,296
742481,7,135,22,[10, 4, 8, 12, 2, 1],[[1, 1], [2, 1], [3, 2], [3, 3], [1, 2], [2, 3]],633,285,607,281
742551,7,135,22,[10, 4, 8, 12, 2, 1],[[1, 1], [2, 1], [3, 2], [3, 3], [1, 2], [2, 3]],623,293,604,272
742625,7,135,22,[10, 4, 8, 12, 2, 1],[[1, 1], [2, 1], [3, 2], [3, 3], [1, 2], [2, 3]],641,268,604,272
742704,7,135,22,[10, 4, 8, 12, 2, 1],[[1, 1], [2, 1], [3, 2], [3, 3], [1, 2], [2, 3]],646,252,604,272
742760,7,135,22,[10, 4, 8, 12, 2, 1],[[1, 1], [2, 1], [3, 2], [3, 3], [1, 2], [2, 3]],680,251,615,289
742813,7,135,22,[10, 4, 8, 12, 2, 1],[[1, 1], [2, 1], [3, 2], [3, 3], [1, 2], [2, 3]],693,248,621,293
742871,7,135,22,[10, 4, 8, 12, 2, 1],[[1, 1], [2, 1], [3, 2], [3, 3], [1, 2], [2, 3]],678,249,643,293
742930,7,135,22,[10, 4, 8, 12, 2, 1],[[1, 1], [2, 1], [3, 2], [3, 3], [1, 2], [2, 3]],682,234,666,278
742984,7,135,22,[10, 4, 8, 12, 2, 1],[[1, 1], [2, 1], [3, 2], [3, 3], [1, 2], [2, 3]],670,249,667,270
743038,7,135,22,[10, 4, 8, 12, 2, 1],[[1, 1], [2, 1], [3, 2], [3, 3], [1, 2], [2, 3]],678,222,663,259
743091,7,135,22,[10, 4, 8, 12, 2, 1],[[1, 1], [2, 1], [3, 2], [3, 3], [1, 2], [2, 3]],687,228,662,256
743144,7,135,22,[10, 4, 8, 12, 2, 1],[[1, 1], [2, 1], [3, 2], [3, 3], [1, 2], [2, 3]],681,221,662,256
743202,7,135,22,[10, 4, 8, 12, 2, 1],[[1, 1], [2, 1], [3, 2], [3, 3], [1, 2], [2, 3]],685,202,666,257
743255,7,135,22,[10, 4, 8, 12, 2, 1],[[1, 1], [2, 1], [3, 2], [3, 3], [1, 2], [2, 3]],662,203,668,258
743309,7,135,22,[10, 4, 8, 12, 2, 1],[[1, 1], [2, 1], [3, 2], [3, 3], [1, 2], [2, 3]],660,166,676,244
743377,7,135,22,[10, 4, 8, 12, 2, 1],[[1, 1], [2, 1], [3, 2], [3, 3], [1, 2], [2, 3]],672,173,677,242
743437,7,135,22,[10, 4, 8, 12, 2, 1],[[1, 1], [2, 1], [3, 2], [3, 3], [1, 2], [2, 3]],698,178,677,240
743488,7,135,22,[10, 4, 8, 12, 2, 1],[[1, 1], [2, 1], [3, 2], [3, 3], [1, 2], [2, 3]],689,189,663,240
743546,7,135,22,[10, 4, 8, 12, 2, 1],[[1, 1], [2, 1], [3, 2], [3, 3], [1, 2], [2, 3]],653,187,661,240
743611,7,135,22,[10, 4, 8, 12, 2, 1],[[1, 1], [2, 1], [3, 2], [3, 3], [1, 2], [2, 3]],642,203,659,232
743672,7,135,22,[10, 4, 8, 12, 2, 1],[[1, 1], [2, 1], [3, 2], [3, 3], [1, 2], [2, 3]],669,223,654,157
743727,7,135,22,[10, 4, 8, 12, 2, 1],[[1, 1], [2, 1], [3, 2], [3, 3], [1, 2], [2, 3]],661,207,665,115
743787,7,135,22,[10, 4, 8, 12, 2, 1],[[1, 1], [2, 1], [3, 2], [3, 3], [1, 2], [2, 3]],683,222,667,108
743852,7,135,22,[10, 4, 8, 12, 2, 1],[[1, 1], [2, 1], [3, 2], [3, 3], [1, 2], [2, 3]],690,217,667,108
743939,7,135,22,[10, 4, 8, 12, 2, 1],[[1, 1], [2, 1], [3, 2], [3, 3], [1, 2], [2, 3]],675,211,672,141
743981,7,135,22,[10, 4, 8, 12, 2, 1],[[1, 1], [2, 1], [3, 2], [3, 3], [1, 2], [2, 3]],632,220,688,195
744035,7,135,22,[10, 4, 8, 12, 2, 1],[[1, 1], [2, 1], [3, 2], [3, 3], [1, 2], [2, 3]],621,196,698,204
744075,7,136,59,[6, 5, 3, 11, 2, 1],[[2, 1], [3, 1], [3, 2], [3, 3], [1, 1], [2, 2]],624,212,712,212
744146,7,136,59,[6, 5, 3, 11, 2, 1],[[2, 1], [3, 1], [3, 2], [3, 3], [1, 1], [2, 2]],597,218,739,222
744203,7,136,59,[6, 5, 3, 11, 2, 1],[[2, 1], [3, 1], [3, 2], [3, 3], [1, 1], [2, 2]],610,240,755,226
744259,7,136,59,[6, 5, 3, 11, 2, 1],[[2, 1], [3, 1], [3, 2], [3, 3], [1, 1], [2, 2]],641,249,756,226
744325,7,136,59,[6, 5, 3, 11, 2, 1],[[2, 1], [3, 1], [3, 2], [3, 3], [1, 1], [2, 2]],626,243,756,228
744383,7,136,59,[6, 5, 3, 11, 2, 1],[[2, 1], [3, 1], [3, 2], [3, 3], [1, 1], [2, 2]],590,250,742,230
744438,7,136,59,[6, 5, 3, 11, 2, 1],[[2, 1], [3, 1], [3, 2], [3, 3], [1, 1], [2, 2]],574,230,725,232
744497,7,136,59,[6, 5, 3, 11, 2, 1],[[2, 1], [3, 1], [3, 2], [3, 3], [1, 1], [2, 2]],563,246,721,232
744565,7,136,59,[6, 5, 3, 11, 2, 1],[[2, 1], [3, 1], [3, 2], [3, 3], [1, 1], [2, 2]],596,281,716,235
744638,7,136,59,[6, 5, 3, 11, 2, 1],[[2, 1], [3, 1], [3, 2], [3, 3], [1, 1], [2, 2]],618,275,673,239
744682,7,136,59,[6, 5, 3, 11, 2, 1],[[2, 1], [3, 1], [3, 2], [3, 3], [1, 1], [2, 2]],617,297,673,239
744731,7,136,59,[6, 5, 3, 11, 2, 1],[[2, 1], [3, 1], [3, 2], [3, 3], [1, 1], [2, 2]],606,304,668,239
744777,7,136,59,[6, 5, 3, 11, 2, 1],[[2, 1], [3, 1], [3, 2], [3, 3], [1, 1], [2, 2]],613,292,647,235
744844,7,136,59,[6, 5, 3, 11, 2, 1],[[2, 1], [3, 1], [3, 2], [3, 3], [1, 1], [2, 2]],626,300,644,235
744888,7,136,59,[6, 5, 3, 11, 2, 1],[[2, 1], [3, 1], [3, 2], [3, 3], [1, 1], [2, 2]],610,313,644,235
744927,7,136,59,[6, 5, 3, 11, 2, 1],[[2, 1], [3, 1], [3, 2], [3, 3], [1, 1], [2, 2]],590,283,644,235
744986,7,136,59,[6, 5, 3, 11, 2, 1],[[2, 1], [3, 1], [3, 2], [3, 3], [1, 1], [2, 2]],596,286,647,244
745050,7,136,59,[6, 5, 3, 11, 2, 1],[[2, 1], [3, 1], [3, 2], [3, 3], [1, 1], [2, 2]],598,297,651,253
745098,7,136,59,[6, 5, 3, 11, 2, 1],[[2, 1], [3, 1], [3, 2], [3, 3], [1, 1], [2, 2]],590,242,654,260
745152,7,136,59,[6, 5, 3, 11, 2, 1],[[2, 1], [3, 1], [3, 2], [3, 3], [1, 1], [2, 2]],576,246,654,264
745204,7,136,59,[6, 5, 3, 11, 2, 1],[[2, 1], [3, 1], [3, 2], [3, 3], [1, 1], [2, 2]],567,268,654,268
745258,7,136,59,[6, 5, 3, 11, 2, 1],[[2, 1], [3, 1], [3, 2], [3, 3], [1, 1], [2, 2]],582,294,654,268
745316,7,136,59,[6, 5, 3, 11, 2, 1],[[2, 1], [3, 1], [3, 2], [3, 3], [1, 1], [2, 2]],582,286,654,268
745384,7,136,59,[6, 5, 3, 11, 2, 1],[[2, 1], [3, 1], [3, 2], [3, 3], [1, 1], [2, 2]],590,284,654,268
745448,7,136,59,[6, 5, 3, 11, 2, 1],[[2, 1], [3, 1], [3, 2], [3, 3], [1, 1], [2, 2]],571,296,650,267
745505,7,136,59,[6, 5, 3, 11, 2, 1],[[2, 1], [3, 1], [3, 2], [3, 3], [1, 1], [2, 2]],542,317,649,266
745586,7,136,59,[6, 5, 3, 11, 2, 1],[[2, 1], [3, 1], [3, 2], [3, 3], [1, 1], [2, 2]],536,310,649,266
745638,7,136,59,[6, 5, 3, 11, 2, 1],[[2, 1], [3, 1], [3, 2], [3, 3], [1, 1], [2, 2]],539,300,649,266
745689,7,136,59,[6, 5, 3, 11, 2, 1],[[2, 1], [3, 1], [3, 2], [3, 3], [1, 1], [2, 2]],523,308,643,266
745768,7,136,59,[6, 5, 3, 11, 2, 1],[[2, 1], [3, 1], [3, 2], [3, 3], [1, 1], [2, 2]],498,294,636,266
745870,7,136,59,[6, 5, 3, 11, 2, 1],[[2, 1], [3, 1], [3, 2], [3, 3], [1, 1], [2, 2]],506,290,630,268
745918,7,136,59,[6, 5, 3, 11, 2, 1],[[2, 1], [3, 1], [3, 2], [3, 3], [1, 1], [2, 2]],518,306,622,269
745987,7,136,59,[6, 5, 3, 11, 2, 1],[[2, 1], [3, 1], [3, 2], [3, 3], [1, 1], [2, 2]],520,290,608,274
746047,7,136,59,[6, 5, 3, 11, 2, 1],[[2, 1], [3, 1], [3, 2], [3, 3], [1, 1], [2, 2]],550,268,605,276
746088,7,136,59,[6, 5, 3, 11, 2, 1],[[2, 1], [3, 1], [3, 2], [3, 3], [1, 1], [2, 2]],534,282,596,278
746160,7,136,59,[6, 5, 3, 11, 2, 1],[[2, 1], [3, 1], [3, 2], [3, 3], [1, 1], [2, 2]],522,282,573,282
746204,7,136,59,[6, 5, 3, 11, 2, 1],[[2, 1], [3, 1], [3, 2], [3, 3], [1, 1], [2, 2]],506,289,572,282
746274,7,136,59,[6, 5, 3, 11, 2, 1],[[2, 1], [3, 1], [3, 2], [3, 3], [1, 1], [2, 2]],497,287,572,282
746323,7,136,59,[6, 5, 3, 11, 2, 1],[[2, 1], [3, 1], [3, 2], [3, 3], [1, 1], [2, 2]],521,279,572,282
746370,7,136,59,[6, 5, 3, 11, 2, 1],[[2, 1], [3, 1], [3, 2], [3, 3], [1, 1], [2, 2]],531,271,572,282
746429,7,136,59,[6, 5, 3, 11, 2, 1],[[2, 1], [3, 1], [3, 2], [3, 3], [1, 1], [2, 2]],557,253,572,282
746470,7,136,59,[6, 5, 3, 11, 2, 1],[[2, 1], [3, 1], [3, 2], [3, 3], [1, 1], [2, 2]],587,263,572,282
746525,7,136,59,[6, 5, 3, 11, 2, 1],[[2, 1], [3, 1], [3, 2], [3, 3], [1, 1], [2, 2]],577,253,572,283
746576,7,136,59,[6, 5, 3, 11, 2, 1],[[2, 1], [3, 1], [3, 2], [3, 3], [1, 1], [2, 2]],578,262,562,288
746677,7,136,59,[6, 5, 3, 11, 2, 1],[[2, 1], [3, 1], [3, 2], [3, 3], [1, 1], [2, 2]],569,263,560,288
746738,7,136,59,[6, 5, 3, 11, 2, 1],[[2, 1], [3, 1], [3, 2], [3, 3], [1, 1], [2, 2]],594,261,560,288
746785,7,136,59,[6, 5, 3, 11, 2, 1],[[2, 1], [3, 1], [3, 2], [3, 3], [1, 1], [2, 2]],575,248,562,285
746826,7,136,59,[6, 5, 3, 11, 2, 1],[[2, 1], [3, 1], [3, 2], [3, 3], [1, 1], [2, 2]],577,227,578,276
746876,7,136,59,[6, 5, 3, 11, 2, 1],[[2, 1], [3, 1], [3, 2], [3, 3], [1, 1], [2, 2]],591,227,603,269
746920,7,136,59,[6, 5, 3, 11, 2, 1],[[2, 1], [3, 1], [3, 2], [3, 3], [1, 1], [2, 2]],594,235,605,268
746971,7,136,59,[6, 5, 3, 11, 2, 1],[[2, 1], [3, 1], [3, 2], [3, 3], [1, 1], [2, 2]],612,255,605,268
747010,7,136,59,[6, 5, 3, 11, 2, 1],[[2, 1], [3, 1], [3, 2], [3, 3], [1, 1], [2, 2]],640,262,605,268
747053,7,136,59,[6, 5, 3, 11, 2, 1],[[2, 1], [3, 1], [3, 2], [3, 3], [1, 1], [2, 2]],644,253,605,268
747116,7,136,59,[6, 5, 3, 11, 2, 1],[[2, 1], [3, 1], [3, 2], [3, 3], [1, 1], [2, 2]],612,258,605,268
747174,7,136,59,[6, 5, 3, 11, 2, 1],[[2, 1], [3, 1], [3, 2], [3, 3], [1, 1], [2, 2]],605,244,604,267
747229,7,136,59,[6, 5, 3, 11, 2, 1],[[2, 1], [3, 1], [3, 2], [3, 3], [1, 1], [2, 2]],616,275,596,250
747297,7,136,59,[6, 5, 3, 11, 2, 1],[[2, 1], [3, 1], [3, 2], [3, 3], [1, 1], [2, 2]],629,272,594,244
747358,7,136,59,[6, 5, 3, 11, 2, 1],[[2, 1], [3, 1], [3, 2], [3, 3], [1, 1], [2, 2]],633,285,594,244
747422,7,136,59,[6, 5, 3, 11, 2, 1],[[2, 1], [3, 1], [3, 2], [3, 3], [1, 1], [2, 2]],622,293,594,244
747484,7,136,59,[6, 5, 3, 11, 2, 1],[[2, 1], [3, 1], [3, 2], [3, 3], [1, 1], [2, 2]],615,324,583,251
747543,7,136,59,[6, 5, 3, 11, 2, 1],[[2, 1], [3, 1], [3, 2], [3, 3], [1, 1], [2, 2]],596,334,569,256
747610,7,136,59,[6, 5, 3, 11, 2, 1],[[2, 1], [3, 1], [3, 2], [3, 3], [1, 1], [2, 2]],615,314,561,256
747669,7,136,59,[6, 5, 3, 11, 2, 1],[[2, 1], [3, 1], [3, 2], [3, 3], [1, 1], [2, 2]],609,285,555,255
747717,7,136,59,[6, 5, 3, 11, 2, 1],[[2, 1], [3, 1], [3, 2], [3, 3], [1, 1], [2, 2]],638,265,555,255
747753,7,136,59,[6, 5, 3, 11, 2, 1],[[2, 1], [3, 1], [3, 2], [3, 3], [1, 1], [2, 2]],631,267,557,263
747820,7,136,59,[6, 5, 3, 11, 2, 1],[[2, 1], [3, 1], [3, 2], [3, 3], [1, 1], [2, 2]],625,252,576,286
747898,7,136,59,[6, 5, 3, 11, 2, 1],[[2, 1], [3, 1], [3, 2], [3, 3], [1, 1], [2, 2]],635,287,583,291
747954,7,136,59,[6, 5, 3, 11, 2, 1],[[2, 1], [3, 1], [3, 2], [3, 3], [1, 1], [2, 2]],643,292,583,291
748037,7,136,59,[6, 5, 3, 11, 2, 1],[[2, 1], [3, 1], [3, 2], [3, 3], [1, 1], [2, 2]],651,299,583,297
748097,7,136,59,[6, 5, 3, 11, 2, 1],[[2, 1], [3, 1], [3, 2], [3, 3], [1, 1], [2, 2]],644,332,583,298
748132,7,137,70,[10, 4, 8, 12, 2, 1],[[2, 1], [3, 1], [1, 1], [1, 2], [2, 2], [3, 3]],646,341,583,298
748206,7,137,70,[10, 4, 8, 12, 2, 1],[[2, 1], [3, 1], [1, 1], [1, 2], [2, 2], [3, 3]],635,368,583,298
748264,7,137,70,[10, 4, 8, 12, 2, 1],[[2, 1], [3, 1], [1, 1], [1, 2], [2, 2], [3, 3]],643,378,583,298
748340,7,137,70,[10, 4, 8, 12, 2, 1],[[2, 1], [3, 1], [1, 1], [1, 2], [2, 2], [3, 3]],623,374,583,298
748421,7,137,70,[10, 4, 8, 12, 2, 1],[[2, 1], [3, 1], [1, 1], [1, 2], [2, 2], [3, 3]],613,381,583,298
748462,7,137,70,[10, 4, 8, 12, 2, 1],[[2, 1], [3, 1], [1, 1], [1, 2], [2, 2], [3, 3]],623,370,598,292
748500,7,137,70,[10, 4, 8, 12, 2, 1],[[2, 1], [3, 1], [1, 1], [1, 2], [2, 2], [3, 3]],608,400,612,310
748567,7,137,70,[10, 4, 8, 12, 2, 1],[[2, 1], [3, 1], [1, 1], [1, 2], [2, 2], [3, 3]],603,390,633,360
748623,7,137,70,[10, 4, 8, 12, 2, 1],[[2, 1], [3, 1], [1, 1], [1, 2], [2, 2], [3, 3]],616,398,654,399
748667,7,137,70,[10, 4, 8, 12, 2, 1],[[2, 1], [3, 1], [1, 1], [1, 2], [2, 2], [3, 3]],621,398,667,411
748737,7,137,70,[10, 4, 8, 12, 2, 1],[[2, 1], [3, 1], [1, 1], [1, 2], [2, 2], [3, 3]],618,415,668,411
748798,7,137,70,[10, 4, 8, 12, 2, 1],[[2, 1], [3, 1], [1, 1], [1, 2], [2, 2], [3, 3]],617,410,668,411
748859,7,137,70,[10, 4, 8, 12, 2, 1],[[2, 1], [3, 1], [1, 1], [1, 2], [2, 2], [3, 3]],622,434,666,440
748909,7,137,70,[10, 4, 8, 12, 2, 1],[[2, 1], [3, 1], [1, 1], [1, 2], [2, 2], [3, 3]],625,446,663,453
748959,7,137,70,[10, 4, 8, 12, 2, 1],[[2, 1], [3, 1], [1, 1], [1, 2], [2, 2], [3, 3]],626,434,663,453
749003,7,137,70,[10, 4, 8, 12, 2, 1],[[2, 1], [3, 1], [1, 1], [1, 2], [2, 2], [3, 3]],653,429,651,437
749061,7,137,70,[10, 4, 8, 12, 2, 1],[[2, 1], [3, 1], [1, 1], [1, 2], [2, 2], [3, 3]],648,436,634,432
749104,7,137,70,[10, 4, 8, 12, 2, 1],[[2, 1], [3, 1], [1, 1], [1, 2], [2, 2], [3, 3]],651,412,630,433
749167,7,137,70,[10, 4, 8, 12, 2, 1],[[2, 1], [3, 1], [1, 1], [1, 2], [2, 2], [3, 3]],679,412,629,439
749226,7,137,70,[10, 4, 8, 12, 2, 1],[[2, 1], [3, 1], [1, 1], [1, 2], [2, 2], [3, 3]],691,423,629,439
749279,7,137,70,[10, 4, 8, 12, 2, 1],[[2, 1], [3, 1], [1, 1], [1, 2], [2, 2], [3, 3]],704,408,629,429
749354,7,137,70,[10, 4, 8, 12, 2, 1],[[2, 1], [3, 1], [1, 1], [1, 2], [2, 2], [3, 3]],696,412,630,429
749432,7,137,70,[10, 4, 8, 12, 2, 1],[[2, 1], [3, 1], [1, 1], [1, 2], [2, 2], [3, 3]],714,394,634,436
749504,7,137,70,[10, 4, 8, 12, 2, 1],[[2, 1], [3, 1], [1, 1], [1, 2], [2, 2], [3, 3]],720,389,658,428
749568,7,137,70,[10, 4, 8, 12, 2, 1],[[2, 1], [3, 1], [1, 1], [1, 2], [2, 2], [3, 3]],725,376,735,422
749639,7,137,70,[10, 4, 8, 12, 2, 1],[[2, 1], [3, 1], [1, 1], [1, 2], [2, 2], [3, 3]],719,391,738,429
749700,7,137,70,[10, 4, 8, 12, 2, 1],[[2, 1], [3, 1], [1, 1], [1, 2], [2, 2], [3, 3]],699,398,737,440
749774,7,137,70,[10, 4, 8, 12, 2, 1],[[2, 1], [3, 1], [1, 1], [1, 2], [2, 2], [3, 3]],705,407,737,440
749819,7,137,70,[10, 4, 8, 12, 2, 1],[[2, 1], [3, 1], [1, 1], [1, 2], [2, 2], [3, 3]],696,375,738,434
749854,7,137,70,[10, 4, 8, 12, 2, 1],[[2, 1], [3, 1], [1, 1], [1, 2], [2, 2], [3, 3]],710,347,741,432
749924,7,137,70,[10, 4, 8, 12, 2, 1],[[2, 1], [3, 1], [1, 1], [1, 2], [2, 2], [3, 3]],715,377,741,432
749993,7,137,70,[10, 4, 8, 12, 2, 1],[[2, 1], [3, 1], [1, 1], [1, 2], [2, 2], [3, 3]],737,380,729,432
750058,7,137,70,[10, 4, 8, 12, 2, 1],[[2, 1], [3, 1], [1, 1], [1, 2], [2, 2], [3, 3]],723,370,694,433
750123,7,137,70,[10, 4, 8, 12, 2, 1],[[2, 1], [3, 1], [1, 1], [1, 2], [2, 2], [3, 3]],744,370,694,425
750189,7,137,70,[10, 4, 8, 12, 2, 1],[[2, 1], [3, 1], [1, 1], [1, 2], [2, 2], [3, 3]],756,352,694,410
750246,7,137,70,[10, 4, 8, 12, 2, 1],[[2, 1], [3, 1], [1, 1], [1, 2], [2, 2], [3, 3]],764,345,694,397
750302,7,137,70,[10, 4, 8, 12, 2, 1],[[2, 1], [3, 1], [1, 1], [1, 2], [2, 2], [3, 3]],764,354,693,393
750379,7,137,70,[10, 4, 8, 12, 2, 1],[[2, 1], [3, 1], [1, 1], [1, 2], [2, 2], [3, 3]],752,371,692,382
750439,7,137,70,[10, 4, 8, 12, 2, 1],[[2, 1], [3, 1], [1, 1], [1, 2], [2, 2], [3, 3]],722,377,694,380
750485,7,137,70,[10, 4, 8, 12, 2, 1],[[2, 1], [3, 1], [1, 1], [1, 2], [2, 2], [3, 3]],736,382,726,380
750533,7,137,70,[10, 4, 8, 12, 2, 1],[[2, 1], [3, 1], [1, 1], [1, 2], [2, 2], [3, 3]],756,388,747,379
750602,7,137,70,[10, 4, 8, 12, 2, 1],[[2, 1], [3, 1], [1, 1], [1, 2], [2, 2], [3, 3]],741,383,755,375
750666,7,137,70,[10, 4, 8, 12, 2, 1],[[2, 1], [3, 1], [1, 1], [1, 2], [2, 2], [3, 3]],709,384,755,374
750768,7,137,70,[10, 4, 8, 12, 2, 1],[[2, 1], [3, 1], [1, 1], [1, 2], [2, 2], [3, 3]],711,394,750,378
750842,7,137,70,[10, 4, 8, 12, 2, 1],[[2, 1], [3, 1], [1, 1], [1, 2], [2, 2], [3, 3]],696,390,736,385
750891,7,137,70,[10, 4, 8, 12, 2, 1],[[2, 1], [3, 1], [1, 1], [1, 2], [2, 2], [3, 3]],723,384,735,385
750949,7,137,70,[10, 4, 8, 12, 2, 1],[[2, 1], [3, 1], [1, 1], [1, 2], [2, 2], [3, 3]],718,395,735,385
751002,7,137,70,[10, 4, 8, 12, 2, 1],[[2, 1], [3, 1], [1, 1], [1, 2], [2, 2], [3, 3]],750,388,726,385
751055,7,137,70,[10, 4, 8, 12, 2, 1],[[2, 1], [3, 1], [1, 1], [1, 2], [2, 2], [3, 3]],735,405,717,385
751108,7,137,70,[10, 4, 8, 12, 2, 1],[[2, 1], [3, 1], [1, 1], [1, 2], [2, 2], [3, 3]],708,432,716,385
751161,7,137,70,[10, 4, 8, 12, 2, 1],[[2, 1], [3, 1], [1, 1], [1, 2], [2, 2], [3, 3]],685,444,716,385
751213,7,137,70,[10, 4, 8, 12, 2, 1],[[2, 1], [3, 1], [1, 1], [1, 2], [2, 2], [3, 3]],699,444,716,385
751266,7,137,70,[10, 4, 8, 12, 2, 1],[[2, 1], [3, 1], [1, 1], [1, 2], [2, 2], [3, 3]],718,415,716,385
751321,7,137,70,[10, 4, 8, 12, 2, 1],[[2, 1], [3, 1], [1, 1], [1, 2], [2, 2], [3, 3]],688,386,716,385
751389,7,137,70,[10, 4, 8, 12, 2, 1],[[2, 1], [3, 1], [1, 1], [1, 2], [2, 2], [3, 3]],666,388,716,385
751444,7,137,70,[10, 4, 8, 12, 2, 1],[[2, 1], [3, 1], [1, 1], [1, 2], [2, 2], [3, 3]],648,383,716,385
751508,7,137,70,[10, 4, 8, 12, 2, 1],[[2, 1], [3, 1], [1, 1], [1, 2], [2, 2], [3, 3]],675,375,716,385
751576,7,137,70,[10, 4, 8, 12, 2, 1],[[2, 1], [3, 1], [1, 1], [1, 2], [2, 2], [3, 3]],660,374,717,385
751639,7,137,70,[10, 4, 8, 12, 2, 1],[[2, 1], [3, 1], [1, 1], [1, 2], [2, 2], [3, 3]],661,350,743,391
751721,7,137,70,[10, 4, 8, 12, 2, 1],[[2, 1], [3, 1], [1, 1], [1, 2], [2, 2], [3, 3]],675,341,751,391
751772,7,137,70,[10, 4, 8, 12, 2, 1],[[2, 1], [3, 1], [1, 1], [1, 2], [2, 2], [3, 3]],669,362,751,391
751822,7,137,70,[10, 4, 8, 12, 2, 1],[[2, 1], [3, 1], [1, 1], [1, 2], [2, 2], [3, 3]],679,387,751,391
751864,7,137,70,[10, 4, 8, 12, 2, 1],[[2, 1], [3, 1], [1, 1], [1, 2], [2, 2], [3, 3]],659,370,724,387
751926,7,137,70,[10, 4, 8, 12, 2, 1],[[2, 1], [3, 1], [1, 1], [1, 2], [2, 2], [3, 3]],689,365,686,375
751981,7,137,70,[10, 4, 8, 12, 2, 1],[[2, 1], [3, 1], [1, 1], [1, 2], [2, 2], [3, 3]],685,395,682,366
752039,7,137,70,[10, 4, 8, 12, 2, 1],[[2, 1], [3, 1], [1, 1], [1, 2], [2, 2], [3, 3]],674,408,678,355
752095,7,137,70,[10, 4, 8, 12, 2, 1],[[2, 1], [3, 1], [1, 1], [1, 2], [2, 2], [3, 3]],682,404,677,337
752166,7,138,36,[10, 4, 3, 11, 2, 1],[[1, 1], [2, 1], [3, 1], [3, 2], [2, 2], [3, 3]],712,397,677,332
752206,7,138,36,[10, 4, 3, 11, 2, 1],[[1, 1], [2, 1], [3, 1], [3, 2], [2, 2], [3, 3]],710,419,677,332
752266,7,138,36,[10, 4, 3, 11, 2, 1],[[1, 1], [2, 1], [3, 1], [3, 2], [2, 2], [3, 3]],716,378,677,332
752337,7,138,36,[10, 4, 3, 11, 2, 1],[[1, 1], [2, 1], [3, 1], [3, 2], [2, 2], [3, 3]],733,378,667,356
752398,7,138,36,[10, 4, 3, 11, 2, 1],[[1, 1], [2, 1], [3, 1], [3, 2], [2, 2], [3, 3]],728,379,661,379
752443,7,138,36,[10, 4, 3, 11, 2, 1],[[1, 1], [2, 1], [3, 1], [3, 2], [2, 2], [3, 3]],719,398,661,386
752515,7,138,36,[10, 4, 3, 11, 2, 1],[[1, 1], [2, 1], [3, 1], [3, 2], [2, 2], [3, 3]],701,398,662,389
752571,7,138,36,[10, 4, 3, 11, 2, 1],[[1, 1], [2, 1], [3, 1], [3, 2], [2, 2], [3, 3]],706,389,662,389
752624,7,138,36,[10, 4, 3, 11, 2, 1],[[1, 1], [2, 1], [3, 1], [3, 2], [2, 2], [3, 3]],683,412,662,389
752681,7,138,36,[10, 4, 3, 11, 2, 1],[[1, 1], [2, 1], [3, 1], [3, 2], [2, 2], [3, 3]],703,390,662,389
752734,7,138,36,[10, 4, 3, 11, 2, 1],[[1, 1], [2, 1], [3, 1], [3, 2], [2, 2], [3, 3]],708,388,680,379
752808,7,138,36,[10, 4, 3, 11, 2, 1],[[1, 1], [2, 1], [3, 1], [3, 2], [2, 2], [3, 3]],709,386,687,372
752896,7,138,36,[10, 4, 3, 11, 2, 1],[[1, 1], [2, 1], [3, 1], [3, 2], [2, 2], [3, 3]],714,389,691,362
752964,7,138,36,[10, 4, 3, 11, 2, 1],[[1, 1], [2, 1], [3, 1], [3, 2], [2, 2], [3, 3]],714,381,691,353
753012,7,138,36,[10, 4, 3, 11, 2, 1],[[1, 1], [2, 1], [3, 1], [3, 2], [2, 2], [3, 3]],696,387,691,347
753069,7,138,36,[10, 4, 3, 11, 2, 1],[[1, 1], [2, 1], [3, 1], [3, 2], [2, 2], [3, 3]],701,379,689,342
753126,7,138,36,[10, 4, 3, 11, 2, 1],[[1, 1], [2, 1], [3, 1], [3, 2], [2, 2], [3, 3]],705,391,681,339
753166,7,138,36,[10, 4, 3, 11, 2, 1],[[1, 1], [2, 1], [3, 1], [3, 2], [2, 2], [3, 3]],707,383,676,337
753209,7,138,36,[10, 4, 3, 11, 2, 1],[[1, 1], [2, 1], [3, 1], [3, 2], [2, 2], [3, 3]],711,391,669,335
753259,7,138,36,[10, 4, 3, 11, 2, 1],[[1, 1], [2, 1], [3, 1], [3, 2], [2, 2], [3, 3]],747,412,663,335
753313,7,138,36,[10, 4, 3, 11, 2, 1],[[1, 1], [2, 1], [3, 1], [3, 2], [2, 2], [3, 3]],735,401,658,337
753381,7,138,36,[10, 4, 3, 11, 2, 1],[[1, 1], [2, 1], [3, 1], [3, 2], [2, 2], [3, 3]],746,430,642,347
753433,7,138,36,[10, 4, 3, 11, 2, 1],[[1, 1], [2, 1], [3, 1], [3, 2], [2, 2], [3, 3]],727,438,640,350
753491,7,138,36,[10, 4, 3, 11, 2, 1],[[1, 1], [2, 1], [3, 1], [3, 2], [2, 2], [3, 3]],706,438,638,355
753550,7,138,36,[10, 4, 3, 11, 2, 1],[[1, 1], [2, 1], [3, 1], [3, 2], [2, 2], [3, 3]],716,433,637,360
753608,7,138,36,[10, 4, 3, 11, 2, 1],[[1, 1], [2, 1], [3, 1], [3, 2], [2, 2], [3, 3]],682,427,639,368
753661,7,138,36,[10, 4, 3, 11, 2, 1],[[1, 1], [2, 1], [3, 1], [3, 2], [2, 2], [3, 3]],655,422,641,374
753744,7,138,36,[10, 4, 3, 11, 2, 1],[[1, 1], [2, 1], [3, 1], [3, 2], [2, 2], [3, 3]],658,403,646,382
753804,7,138,36,[10, 4, 3, 11, 2, 1],[[1, 1], [2, 1], [3, 1], [3, 2], [2, 2], [3, 3]],668,417,662,406
753884,7,138,36,[10, 4, 3, 11, 2, 1],[[1, 1], [2, 1], [3, 1], [3, 2], [2, 2], [3, 3]],684,427,670,416
753932,7,138,36,[10, 4, 3, 11, 2, 1],[[1, 1], [2, 1], [3, 1], [3, 2], [2, 2], [3, 3]],700,424,670,417
754020,7,138,36,[10, 4, 3, 11, 2, 1],[[1, 1], [2, 1], [3, 1], [3, 2], [2, 2], [3, 3]],717,431,670,420
754094,7,138,36,[10, 4, 3, 11, 2, 1],[[1, 1], [2, 1], [3, 1], [3, 2], [2, 2], [3, 3]],689,430,669,421
754141,7,138,36,[10, 4, 3, 11, 2, 1],[[1, 1], [2, 1], [3, 1], [3, 2], [2, 2], [3, 3]],699,441,656,408
754193,7,138,36,[10, 4, 3, 11, 2, 1],[[1, 1], [2, 1], [3, 1], [3, 2], [2, 2], [3, 3]],730,442,645,389
754267,7,138,36,[10, 4, 3, 11, 2, 1],[[1, 1], [2, 1], [3, 1], [3, 2], [2, 2], [3, 3]],697,448,644,387
754321,7,138,36,[10, 4, 3, 11, 2, 1],[[1, 1], [2, 1], [3, 1], [3, 2], [2, 2], [3, 3]],717,448,645,387
754378,7,138,36,[10, 4, 3, 11, 2, 1],[[1, 1], [2, 1], [3, 1], [3, 2], [2, 2], [3, 3]],700,429,674,387
754464,7,138,36,[10, 4, 3, 11, 2, 1],[[1, 1], [2, 1], [3, 1], [3, 2], [2, 2], [3, 3]],701,459,685,386
754534,7,138,36,[10, 4, 3, 11, 2, 1],[[1, 1], [2, 1], [3, 1], [3, 2], [2, 2], [3, 3]],701,471,711,392
754589,7,138,36,[10, 4, 3, 11, 2, 1],[[1, 1], [2, 1], [3, 1], [3, 2], [2, 2], [3, 3]],715,484,716,396
754631,7,138,36,[10, 4, 3, 11, 2, 1],[[1, 1], [2, 1], [3, 1], [3, 2], [2, 2], [3, 3]],703,465,719,400
754695,7,138,36,[10, 4, 3, 11, 2, 1],[[1, 1], [2, 1], [3, 1], [3, 2], [2, 2], [3, 3]],718,478,720,404
754759,7,138,36,[10, 4, 3, 11, 2, 1],[[1, 1], [2, 1], [3, 1], [3, 2], [2, 2], [3, 3]],745,502,715,417
754826,7,138,36,[10, 4, 3, 11, 2, 1],[[1, 1], [2, 1], [3, 1], [3, 2], [2, 2], [3, 3]],739,533,700,425
754878,7,138,36,[10, 4, 3, 11, 2, 1],[[1, 1], [2, 1], [3, 1], [3, 2], [2, 2], [3, 3]],716,545,687,425
754954,7,138,36,[10, 4, 3, 11, 2, 1],[[1, 1], [2, 1], [3, 1], [3, 2], [2, 2], [3, 3]],726,555,682,426
754999,7,138,36,[10, 4, 3, 11, 2, 1],[[1, 1], [2, 1], [3, 1], [3, 2], [2, 2], [3, 3]],713,566,682,426
755049,7,138,36,[10, 4, 3, 11, 2, 1],[[1, 1], [2, 1], [3, 1], [3, 2], [2, 2], [3, 3]],739,538,682,426
755092,7,138,36,[10, 4, 3, 11, 2, 1],[[1, 1], [2, 1], [3, 1], [3, 2], [2, 2], [3, 3]],743,545,682,426
755156,7,138,36,[10, 4, 3, 11, 2, 1],[[1, 1], [2, 1], [3, 1], [3, 2], [2, 2], [3, 3]],744,526,693,436
755224,7,138,36,[10, 4, 3, 11, 2, 1],[[1, 1], [2, 1], [3, 1], [3, 2], [2, 2], [3, 3]],716,515,707,474
755277,7,138,36,[10, 4, 3, 11, 2, 1],[[1, 1], [2, 1], [3, 1], [3, 2], [2, 2], [3, 3]],742,524,719,527
755335,7,138,36,[10, 4, 3, 11, 2, 1],[[1, 1], [2, 1], [3, 1], [3, 2], [2, 2], [3, 3]],742,516,718,557
755392,7,138,36,[10, 4, 3, 11, 2, 1],[[1, 1], [2, 1], [3, 1], [3, 2], [2, 2], [3, 3]],753,537,712,577
755440,7,138,36,[10, 4, 3, 11, 2, 1],[[1, 1], [2, 1], [3, 1], [3, 2], [2, 2], [3, 3]],750,538,710,578
755503,7,138,36,[10, 4, 3, 11, 2, 1],[[1, 1], [2, 1], [3, 1], [3, 2], [2, 2], [3, 3]],750,555,710,578
755556,7,138,36,[10, 4, 3, 11, 2, 1],[[1, 1], [2, 1], [3, 1], [3, 2], [2, 2], [3, 3]],778,553,708,573
755619,7,138,36,[10, 4, 3, 11, 2, 1],[[1, 1], [2, 1], [3, 1], [3, 2], [2, 2], [3, 3]],760,573,716,538
755678,7,138,36,[10, 4, 3, 11, 2, 1],[[1, 1], [2, 1], [3, 1], [3, 2], [2, 2], [3, 3]],794,579,726,518
755741,7,138,36,[10, 4, 3, 11, 2, 1],[[1, 1], [2, 1], [3, 1], [3, 2], [2, 2], [3, 3]],797,582,726,516
755809,7,138,36,[10, 4, 3, 11, 2, 1],[[1, 1], [2, 1], [3, 1], [3, 2], [2, 2], [3, 3]],787,603,726,516
755876,7,138,36,[10, 4, 3, 11, 2, 1],[[1, 1], [2, 1], [3, 1], [3, 2], [2, 2], [3, 3]],807,602,729,523
755933,7,138,36,[10, 4, 3, 11, 2, 1],[[1, 1], [2, 1], [3, 1], [3, 2], [2, 2], [3, 3]],826,603,733,528
755983,7,138,36,[10, 4, 3, 11, 2, 1],[[1, 1], [2, 1], [3, 1], [3, 2], [2, 2], [3, 3]],833,578,754,541
756074,7,138,36,[10, 4, 3, 11, 2, 1],[[1, 1], [2, 1], [3, 1], [3, 2], [2, 2], [3, 3]],846,580,789,544
756155,7,138,36,[10, 4, 3, 11, 2, 1],[[1, 1], [2, 1], [3, 1], [3, 2], [2, 2], [3, 3]],859,588,797,548
756208,7,138,36,[10, 4, 3, 11, 2, 1],[[1, 1], [2, 1], [3, 1], [3, 2], [2, 2], [3, 3]],886,595,797,548
756260,7,139,8,[10, 4, 3, 11, 7, 9],[[1, 1], [2, 1], [1, 2], [1, 3], [2, 2], [3, 1]],901,596,797,549
756302,7,139,8,[10, 4, 3, 11, 7, 9],[[1, 1], [2, 1], [1, 2], [1, 3], [2, 2], [3, 1]],918,605,797,555
756371,7,139,8,[10, 4, 3, 11, 7, 9],[[1, 1], [2, 1], [1, 2], [1, 3], [2, 2], [3, 1]],881,594,794,565
756430,7,139,8,[10, 4, 3, 11, 7, 9],[[1, 1], [2, 1], [1, 2], [1, 3], [2, 2], [3, 1]],881,566,791,571
756480,7,139,8,[10, 4, 3, 11, 7, 9],[[1, 1], [2, 1], [1, 2], [1, 3], [2, 2], [3, 1]],887,544,792,574
756557,7,139,8,[10, 4, 3, 11, 7, 9],[[1, 1], [2, 1], [1, 2], [1, 3], [2, 2], [3, 1]],863,529,793,575
756615,7,139,8,[10, 4, 3, 11, 7, 9],[[1, 1], [2, 1], [1, 2], [1, 3], [2, 2], [3, 1]],876,523,793,575
756672,7,139,8,[10, 4, 3, 11, 7, 9],[[1, 1], [2, 1], [1, 2], [1, 3], [2, 2], [3, 1]],878,513,806,579
756723,7,139,8,[10, 4, 3, 11, 7, 9],[[1, 1], [2, 1], [1, 2], [1, 3], [2, 2], [3, 1]],876,514,847,590
756770,7,139,8,[10, 4, 3, 11, 7, 9],[[1, 1], [2, 1], [1, 2], [1, 3], [2, 2], [3, 1]],871,507,870,593
756824,7,139,8,[10, 4, 3, 11, 7, 9],[[1, 1], [2, 1], [1, 2], [1, 3], [2, 2], [3, 1]],893,517,881,581
756868,7,139,8,[10, 4, 3, 11, 7, 9],[[1, 1], [2, 1], [1, 2], [1, 3], [2, 2], [3, 1]],869,529,893,552
756919,7,139,8,[10, 4, 3, 11, 7, 9],[[1, 1], [2, 1], [1, 2], [1, 3], [2, 2], [3, 1]],864,534,904,534
756959,7,139,8,[10, 4, 3, 11, 7, 9],[[1, 1], [2, 1], [1, 2], [1, 3], [2, 2], [3, 1]],861,527,906,528
757007,7,139,8,[10, 4, 3, 11, 7, 9],[[1, 1], [2, 1], [1, 2], [1, 3], [2, 2], [3, 1]],894,547,906,527
757047,7,139,8,[10, 4, 3, 11, 7, 9],[[1, 1], [2, 1], [1, 2], [1, 3], [2, 2], [3, 1]],891,547,906,527
757095,7,139,8,[10, 4, 3, 11, 7, 9],[[1, 1], [2, 1], [1, 2], [1, 3], [2, 2], [3, 1]],892,540,905,527
757136,7,139,8,[10, 4, 3, 11, 7, 9],[[1, 1], [2, 1], [1, 2], [1, 3], [2, 2], [3, 1]],906,530,902,520
757184,7,139,8,[10, 4, 3, 11, 7, 9],[[1, 1], [2, 1], [1, 2], [1, 3], [2, 2], [3, 1]],892,543,890,506
757229,7,139,8,[10, 4, 3, 11, 7, 9],[[1, 1], [2, 1], [1, 2], [1, 3], [2, 2], [3, 1]],883,567,871,498
757280,7,139,8,[10, 4, 3, 11, 7, 9],[[1, 1], [2, 1], [1, 2], [1, 3], [2, 2], [3, 1]],858,568,851,494
757330,7,139,8,[10, 4, 3, 11, 7, 9],[[1, 1], [2, 1], [1, 2], [1, 3], [2, 2], [3, 1]],863,578,837,493
757376,7,139,8,[10, 4, 3, 11, 7, 9],[[1, 1], [2, 1], [1, 2], [1, 3], [2, 2], [3, 1]],834,583,829,493
757435,7,139,8,[10, 4, 3, 11, 7, 9],[[1, 1], [2, 1], [1, 2], [1, 3], [2, 2], [3, 1]],817,573,821,495
757493,7,139,8,[10, 4, 3, 11, 7, 9],[[1, 1], [2, 1], [1, 2], [1, 3], [2, 2], [3, 1]],814,598,820,496
757569,7,139,8,[10, 4, 3, 11, 7, 9],[[1, 1], [2, 1], [1, 2], [1, 3], [2, 2], [3, 1]],800,612,815,503
757628,7,139,8,[10, 4, 3, 11, 7, 9],[[1, 1], [2, 1], [1, 2], [1, 3], [2, 2], [3, 1]],805,612,814,511
757708,7,139,8,[10, 4, 3, 11, 7, 9],[[1, 1], [2, 1], [1, 2], [1, 3], [2, 2], [3, 1]],823,609,814,520
757763,7,139,8,[10, 4, 3, 11, 7, 9],[[1, 1], [2, 1], [1, 2], [1, 3], [2, 2], [3, 1]],817,612,814,531
757829,7,139,8,[10, 4, 3, 11, 7, 9],[[1, 1], [2, 1], [1, 2], [1, 3], [2, 2], [3, 1]],815,607,814,547
757873,7,139,8,[10, 4, 3, 11, 7, 9],[[1, 1], [2, 1], [1, 2], [1, 3], [2, 2], [3, 1]],835,585,809,563
757961,7,139,8,[10, 4, 3, 11, 7, 9],[[1, 1], [2, 1], [1, 2], [1, 3], [2, 2], [3, 1]],856,575,793,593
758005,7,139,8,[10, 4, 3, 11, 7, 9],[[1, 1], [2, 1], [1, 2], [1, 3], [2, 2], [3, 1]],865,563,786,604
758085,7,139,8,[10, 4, 3, 11, 7, 9],[[1, 1], [2, 1], [1, 2], [1, 3], [2, 2], [3, 1]],855,579,785,614
758165,7,139,8,[10, 4, 3, 11, 7, 9],[[1, 1], [2, 1], [1, 2], [1, 3], [2, 2], [3, 1]],855,573,785,622
758226,7,139,8,[10, 4, 3, 11, 7, 9],[[1, 1], [2, 1], [1, 2], [1, 3], [2, 2], [3, 1]],865,591,786,637
758284,7,139,8,[10, 4, 3, 11, 7, 9],[[1, 1], [2, 1], [1, 2], [1, 3], [2, 2], [3, 1]],867,566,789,639
758363,7,139,8,[10, 4, 3, 11, 7, 9],[[1, 1], [2, 1], [1, 2], [1, 3], [2, 2], [3, 1]],869,560,841,622
758455,7,139,8,[10, 4, 3, 11, 7, 9],[[1, 1], [2, 1], [1, 2], [1, 3], [2, 2], [3, 1]],873,559,851,616
758494,7,139,8,[10, 4, 3, 11, 7, 9],[[1, 1], [2, 1], [1, 2], [1, 3], [2, 2], [3, 1]],891,556,851,616
758553,7,139,8,[10, 4, 3, 11, 7, 9],[[1, 1], [2, 1], [1, 2], [1, 3], [2, 2], [3, 1]],908,567,851,616
758629,7,139,8,[10, 4, 3, 11, 7, 9],[[1, 1], [2, 1], [1, 2], [1, 3], [2, 2], [3, 1]],876,579,851,616
758696,7,139,8,[10, 4, 3, 11, 7, 9],[[1, 1], [2, 1], [1, 2], [1, 3], [2, 2], [3, 1]],864,578,851,617
758740,7,139,8,[10, 4, 3, 11, 7, 9],[[1, 1], [2, 1], [1, 2], [1, 3], [2, 2], [3, 1]],841,555,848,621
758797,7,139,8,[10, 4, 3, 11, 7, 9],[[1, 1], [2, 1], [1, 2], [1, 3], [2, 2], [3, 1]],848,530,845,621
758860,7,139,8,[10, 4, 3, 11, 7, 9],[[1, 1], [2, 1], [1, 2], [1, 3], [2, 2], [3, 1]],840,549,844,620
758910,7,139,8,[10, 4, 3, 11, 7, 9],[[1, 1], [2, 1], [1, 2], [1, 3], [2, 2], [3, 1]],838,535,860,604
758959,7,139,8,[10, 4, 3, 11, 7, 9],[[1, 1], [2, 1], [1, 2], [1, 3], [2, 2], [3, 1]],841,531,867,584
759004,7,139,8,[10, 4, 3, 11, 7, 9],[[1, 1], [2, 1], [1, 2], [1, 3], [2, 2], [3, 1]],872,535,867,584
759044,7,139,8,[10, 4, 3, 11, 7, 9],[[1, 1], [2, 1], [1, 2], [1, 3], [2, 2], [3, 1]],861,529,867,584
759092,7,139,8,[10, 4, 3, 11, 7, 9],[[1, 1], [2, 1], [1, 2], [1, 3], [2, 2], [3, 1]],876,548,862,588
759141,7,139,8,[10, 4, 3, 11, 7, 9],[[1, 1], [2, 1], [1, 2], [1, 3], [2, 2], [3, 1]],870,538,860,591
759190,7,139,8,[10, 4, 3, 11, 7, 9],[[1, 1], [2, 1], [1, 2], [1, 3], [2, 2], [3, 1]],852,576,862,595
759248,7,139,8,[10, 4, 3, 11, 7, 9],[[1, 1], [2, 1], [1, 2], [1, 3], [2, 2], [3, 1]],831,595,862,595
759307,7,139,8,[10, 4, 3, 11, 7, 9],[[1, 1], [2, 1], [1, 2], [1, 3], [2, 2], [3, 1]],813,617,878,583
759361,7,139,8,[10, 4, 3, 11, 7, 9],[[1, 1], [2, 1], [1, 2], [1, 3], [2, 2], [3, 1]],795,599,883,572
759409,7,139,8,[10, 4, 3, 11, 7, 9],[[1, 1], [2, 1], [1, 2], [1, 3], [2, 2], [3, 1]],780,613,883,572
759458,7,139,8,[10, 4, 3, 11, 7, 9],[[1, 1], [2, 1], [1, 2], [1, 3], [2, 2], [3, 1]],777,600,883,571
759527,7,139,8,[10, 4, 3, 11, 7, 9],[[1, 1], [2, 1], [1, 2], [1, 3], [2, 2], [3, 1]],762,593,868,579
759591,7,139,8,[10, 4, 3, 11, 7, 9],[[1, 1], [2, 1], [1, 2], [1, 3], [2, 2], [3, 1]],758,601,842,597
759657,7,139,8,[10, 4, 3, 11, 7, 9],[[1, 1], [2, 1], [1, 2], [1, 3], [2, 2], [3, 1]],765,581,830,610
759735,7,139,8,[10, 4, 3, 11, 7, 9],[[1, 1], [2, 1], [1, 2], [1, 3], [2, 2], [3, 1]],778,596,829,611
759811,7,139,8,[10, 4, 3, 11, 7, 9],[[1, 1], [2, 1], [1, 2], [1, 3], [2, 2], [3, 1]],781,588,822,611
759895,7,139,8,[10, 4, 3, 11, 7, 9],[[1, 1], [2, 1], [1, 2], [1, 3], [2, 2], [3, 1]],795,597,792,611
759959,7,139,8,[10, 4, 3, 11, 7, 9],[[1, 1], [2, 1], [1, 2], [1, 3], [2, 2], [3, 1]],802,618,791,611
760013,7,139,8,[10, 4, 3, 11, 7, 9],[[1, 1], [2, 1], [1, 2], [1, 3], [2, 2], [3, 1]],807,603,786,610
760119,7,139,8,[10, 4, 3, 11, 7, 9],[[1, 1], [2, 1], [1, 2], [1, 3], [2, 2], [3, 1]],823,599,782,603
760199,7,139,8,[10, 4, 3, 11, 7, 9],[[1, 1], [2, 1], [1, 2], [1, 3], [2, 2], [3, 1]],806,577,782,603
760247,7,139,8,[10, 4, 3, 11, 7, 9],[[1, 1], [2, 1], [1, 2], [1, 3], [2, 2], [3, 1]],791,585,782,603
760301,7,139,8,[10, 4, 3, 11, 7, 9],[[1, 1], [2, 1], [1, 2], [1, 3], [2, 2], [3, 1]],810,583,784,604
760390,7,140,58,[10, 4, 8, 12, 2, 1],[[2, 1], [3, 1], [3, 2], [3, 3], [1, 1], [2, 2]],808,584,787,604
760449,7,140,58,[10, 4, 8, 12, 2, 1],[[2, 1], [3, 1], [3, 2], [3, 3], [1, 1], [2, 2]],817,608,805,598
760514,7,140,58,[10, 4, 8, 12, 2, 1],[[2, 1], [3, 1], [3, 2], [3, 3], [1, 1], [2, 2]],832,609,819,586
760558,7,140,58,[10, 4, 8, 12, 2, 1],[[2, 1], [3, 1], [3, 2], [3, 3], [1, 1], [2, 2]],829,603,821,574
760620,7,140,58,[10, 4, 8, 12, 2, 1],[[2, 1], [3, 1], [3, 2], [3, 3], [1, 1], [2, 2]],839,611,821,566
760690,7,140,58,[10, 4, 8, 12, 2, 1],[[2, 1], [3, 1], [3, 2], [3, 3], [1, 1], [2, 2]],812,654,820,566
760739,7,140,58,[10, 4, 8, 12, 2, 1],[[2, 1], [3, 1], [3, 2], [3, 3], [1, 1], [2, 2]],816,683,816,566
760792,7,140,58,[10, 4, 8, 12, 2, 1],[[2, 1], [3, 1], [3, 2], [3, 3], [1, 1], [2, 2]],805,662,794,572
760843,7,140,58,[10, 4, 8, 12, 2, 1],[[2, 1], [3, 1], [3, 2], [3, 3], [1, 1], [2, 2]],820,674,789,576
760886,7,140,58,[10, 4, 8, 12, 2, 1],[[2, 1], [3, 1], [3, 2], [3, 3], [1, 1], [2, 2]],823,677,789,581
760936,7,140,58,[10, 4, 8, 12, 2, 1],[[2, 1], [3, 1], [3, 2], [3, 3], [1, 1], [2, 2]],845,661,792,584
760975,7,140,58,[10, 4, 8, 12, 2, 1],[[2, 1], [3, 1], [3, 2], [3, 3], [1, 1], [2, 2]],838,671,792,584
761019,7,140,58,[10, 4, 8, 12, 2, 1],[[2, 1], [3, 1], [3, 2], [3, 3], [1, 1], [2, 2]],875,646,795,583
761086,7,140,58,[10, 4, 8, 12, 2, 1],[[2, 1], [3, 1], [3, 2], [3, 3], [1, 1], [2, 2]],870,641,804,577
761134,7,140,58,[10, 4, 8, 12, 2, 1],[[2, 1], [3, 1], [3, 2], [3, 3], [1, 1], [2, 2]],854,645,804,577
761174,7,140,58,[10, 4, 8, 12, 2, 1],[[2, 1], [3, 1], [3, 2], [3, 3], [1, 1], [2, 2]],878,656,805,581
761223,7,140,58,[10, 4, 8, 12, 2, 1],[[2, 1], [3, 1], [3, 2], [3, 3], [1, 1], [2, 2]],866,656,804,594
761267,7,140,58,[10, 4, 8, 12, 2, 1],[[2, 1], [3, 1], [3, 2], [3, 3], [1, 1], [2, 2]],858,669,803,600
761313,7,140,58,[10, 4, 8, 12, 2, 1],[[2, 1], [3, 1], [3, 2], [3, 3], [1, 1], [2, 2]],843,675,803,600
761371,7,140,58,[10, 4, 8, 12, 2, 1],[[2, 1], [3, 1], [3, 2], [3, 3], [1, 1], [2, 2]],820,664,828,596
761414,7,140,58,[10, 4, 8, 12, 2, 1],[[2, 1], [3, 1], [3, 2], [3, 3], [1, 1], [2, 2]],830,693,845,594
761479,7,140,58,[10, 4, 8, 12, 2, 1],[[2, 1], [3, 1], [3, 2], [3, 3], [1, 1], [2, 2]],829,696,846,596
761517,7,140,58,[10, 4, 8, 12, 2, 1],[[2, 1], [3, 1], [3, 2], [3, 3], [1, 1], [2, 2]],824,662,846,596
761570,7,140,58,[10, 4, 8, 12, 2, 1],[[2, 1], [3, 1], [3, 2], [3, 3], [1, 1], [2, 2]],820,675,848,599
761629,7,140,58,[10, 4, 8, 12, 2, 1],[[2, 1], [3, 1], [3, 2], [3, 3], [1, 1], [2, 2]],853,674,858,604
761696,7,140,58,[10, 4, 8, 12, 2, 1],[[2, 1], [3, 1], [3, 2], [3, 3], [1, 1], [2, 2]],862,674,860,605
761746,7,140,58,[10, 4, 8, 12, 2, 1],[[2, 1], [3, 1], [3, 2], [3, 3], [1, 1], [2, 2]],854,674,860,606
761813,7,140,58,[10, 4, 8, 12, 2, 1],[[2, 1], [3, 1], [3, 2], [3, 3], [1, 1], [2, 2]],863,649,862,608
761874,7,140,58,[10, 4, 8, 12, 2, 1],[[2, 1], [3, 1], [3, 2], [3, 3], [1, 1], [2, 2]],839,647,863,609
761925,7,140,58,[10, 4, 8, 12, 2, 1],[[2, 1], [3, 1], [3, 2], [3, 3], [1, 1], [2, 2]],839,654,863,609
761993,7,140,58,[10, 4, 8, 12, 2, 1],[[2, 1], [3, 1], [3, 2], [3, 3], [1, 1], [2, 2]],820,652,867,612
762064,7,140,58,[10, 4, 8, 12, 2, 1],[[2, 1], [3, 1], [3, 2], [3, 3], [1, 1], [2, 2]],809,644,869,613
762122,7,140,58,[10, 4, 8, 12, 2, 1],[[2, 1], [3, 1], [3, 2], [3, 3], [1, 1], [2, 2]],813,661,870,614
762232,7,140,58,[10, 4, 8, 12, 2, 1],[[2, 1], [3, 1], [3, 2], [3, 3], [1, 1], [2, 2]],838,678,870,614
762281,7,140,58,[10, 4, 8, 12, 2, 1],[[2, 1], [3, 1], [3, 2], [3, 3], [1, 1], [2, 2]],849,680,870,615
762359,7,140,58,[10, 4, 8, 12, 2, 1],[[2, 1], [3, 1], [3, 2], [3, 3], [1, 1], [2, 2]],839,686,870,615
762458,7,140,58,[10, 4, 8, 12, 2, 1],[[2, 1], [3, 1], [3, 2], [3, 3], [1, 1], [2, 2]],858,681,863,620
762509,7,140,58,[10, 4, 8, 12, 2, 1],[[2, 1], [3, 1], [3, 2], [3, 3], [1, 1], [2, 2]],848,702,857,625
762575,7,140,58,[10, 4, 8, 12, 2, 1],[[2, 1], [3, 1], [3, 2], [3, 3], [1, 1], [2, 2]],826,697,851,629
762675,7,140,58,[10, 4, 8, 12, 2, 1],[[2, 1], [3, 1], [3, 2], [3, 3], [1, 1], [2, 2]],823,692,847,643
762738,7,140,58,[10, 4, 8, 12, 2, 1],[[2, 1], [3, 1], [3, 2], [3, 3], [1, 1], [2, 2]],830,677,844,652
762811,7,140,58,[10, 4, 8, 12, 2, 1],[[2, 1], [3, 1], [3, 2], [3, 3], [1, 1], [2, 2]],825,691,843,658
762855,7,140,58,[10, 4, 8, 12, 2, 1],[[2, 1], [3, 1], [3, 2], [3, 3], [1, 1], [2, 2]],820,705,842,661
762899,7,140,58,[10, 4, 8, 12, 2, 1],[[2, 1], [3, 1], [3, 2], [3, 3], [1, 1], [2, 2]],816,681,840,665
762950,7,140,58,[10, 4, 8, 12, 2, 1],[[2, 1], [3, 1], [3, 2], [3, 3], [1, 1], [2, 2]],827,689,839,668
762990,7,140,58,[10, 4, 8, 12, 2, 1],[[2, 1], [3, 1], [3, 2], [3, 3], [1, 1], [2, 2]],815,657,838,669
763033,7,140,58,[10, 4, 8, 12, 2, 1],[[2, 1], [3, 1], [3, 2], [3, 3], [1, 1], [2, 2]],813,652,836,672
763081,7,140,58,[10, 4, 8, 12, 2, 1],[[2, 1], [3, 1], [3, 2], [3, 3], [1, 1], [2, 2]],814,623,836,672
763134,7,140,58,[10, 4, 8, 12, 2, 1],[[2, 1], [3, 1], [3, 2], [3, 3], [1, 1], [2, 2]],798,629,836,672
763188,7,140,58,[10, 4, 8, 12, 2, 1],[[2, 1], [3, 1], [3, 2], [3, 3], [1, 1], [2, 2]],806,628,837,672
763237,7,140,58,[10, 4, 8, 12, 2, 1],[[2, 1], [3, 1], [3, 2], [3, 3], [1, 1], [2, 2]],807,646,837,672
763290,7,140,58,[10, 4, 8, 12, 2, 1],[[2, 1], [3, 1], [3, 2], [3, 3], [1, 1], [2, 2]],789,654,837,672
763329,7,140,58,[10, 4, 8, 12, 2, 1],[[2, 1], [3, 1], [3, 2], [3, 3], [1, 1], [2, 2]],821,630,837,672
763372,7,140,58,[10, 4, 8, 12, 2, 1],[[2, 1], [3, 1], [3, 2], [3, 3], [1, 1], [2, 2]],824,621,835,672
763430,7,140,58,[10, 4, 8, 12, 2, 1],[[2, 1], [3, 1], [3, 2], [3, 3], [1, 1], [2, 2]],814,611,828,661
763493,7,140,58,[10, 4, 8, 12, 2, 1],[[2, 1], [3, 1], [3, 2], [3, 3], [1, 1], [2, 2]],801,644,825,644
763556,7,140,58,[10, 4, 8, 12, 2, 1],[[2, 1], [3, 1], [3, 2], [3, 3], [1, 1], [2, 2]],801,668,825,641
763609,7,140,58,[10, 4, 8, 12, 2, 1],[[2, 1], [3, 1], [3, 2], [3, 3], [1, 1], [2, 2]],779,644,825,641
763662,7,140,58,[10, 4, 8, 12, 2, 1],[[2, 1], [3, 1], [3, 2], [3, 3], [1, 1], [2, 2]],801,657,825,641
763716,7,140,58,[10, 4, 8, 12, 2, 1],[[2, 1], [3, 1], [3, 2], [3, 3], [1, 1], [2, 2]],784,651,825,641
763779,7,140,58,[10, 4, 8, 12, 2, 1],[[2, 1], [3, 1], [3, 2], [3, 3], [1, 1], [2, 2]],787,653,825,641
763827,7,140,58,[10, 4, 8, 12, 2, 1],[[2, 1], [3, 1], [3, 2], [3, 3], [1, 1], [2, 2]],798,654,825,641
763907,7,140,58,[10, 4, 8, 12, 2, 1],[[2, 1], [3, 1], [3, 2], [3, 3], [1, 1], [2, 2]],785,651,825,641
763986,7,140,58,[10, 4, 8, 12, 2, 1],[[2, 1], [3, 1], [3, 2], [3, 3], [1, 1], [2, 2]],790,668,825,641
764072,7,140,58,[10, 4, 8, 12, 2, 1],[[2, 1], [3, 1], [3, 2], [3, 3], [1, 1], [2, 2]],800,687,825,641
764130,7,140,58,[10, 4, 8, 12, 2, 1],[[2, 1], [3, 1], [3, 2], [3, 3], [1, 1], [2, 2]],821,687,825,641
764210,7,140,58,[10, 4, 8, 12, 2, 1],[[2, 1], [3, 1], [3, 2], [3, 3], [1, 1], [2, 2]],804,673,825,641
764275,7,140,58,[10, 4, 8, 12, 2, 1],[[2, 1], [3, 1], [3, 2], [3, 3], [1, 1], [2, 2]],811,667,821,643
764348,7,140,58,[10, 4, 8, 12, 2, 1],[[2, 1], [3, 1], [3, 2], [3, 3], [1, 1], [2, 2]],799,682,817,646
764399,7,140,58,[10, 4, 8, 12, 2, 1],[[2, 1], [3, 1], [3, 2], [3, 3], [1, 1], [2, 2]],803,689,817,647
764451,7,141,129,[6, 5, 8, 12, 2, 1],[[2, 3], [3, 3], [1, 2], [1, 3], [1, 1], [2, 2]],830,700,817,647
764546,7,141,129,[6, 5, 8, 12, 2, 1],[[2, 3], [3, 3], [1, 2], [1, 3], [1, 1], [2, 2]],846,696,817,647
764612,7,141,129,[6, 5, 8, 12, 2, 1],[[2, 3], [3, 3], [1, 2], [1, 3], [1, 1], [2, 2]],859,723,813,646
764669,7,141,129,[6, 5, 8, 12, 2, 1],[[2, 3], [3, 3], [1, 2], [1, 3], [1, 1], [2, 2]],866,714,813,646
764725,7,141,129,[6, 5, 8, 12, 2, 1],[[2, 3], [3, 3], [1, 2], [1, 3], [1, 1], [2, 2]],855,707,813,646
764791,7,141,129,[6, 5, 8, 12, 2, 1],[[2, 3], [3, 3], [1, 2], [1, 3], [1, 1], [2, 2]],859,709,813,646
764868,7,141,129,[6, 5, 8, 12, 2, 1],[[2, 3], [3, 3], [1, 2], [1, 3], [1, 1], [2, 2]],862,717,810,644
764916,7,141,129,[6, 5, 8, 12, 2, 1],[[2, 3], [3, 3], [1, 2], [1, 3], [1, 1], [2, 2]],853,709,807,643
764974,7,141,129,[6, 5, 8, 12, 2, 1],[[2, 3], [3, 3], [1, 2], [1, 3], [1, 1], [2, 2]],845,701,807,634
765037,7,141,129,[6, 5, 8, 12, 2, 1],[[2, 3], [3, 3], [1, 2], [1, 3], [1, 1], [2, 2]],866,687,823,616
765090,7,141,129,[6, 5, 8, 12, 2, 1],[[2, 3], [3, 3], [1, 2], [1, 3], [1, 1], [2, 2]],840,679,828,610
765142,7,141,129,[6, 5, 8, 12, 2, 1],[[2, 3], [3, 3], [1, 2], [1, 3], [1, 1], [2, 2]],854,682,829,609
765195,7,141,129,[6, 5, 8, 12, 2, 1],[[2, 3], [3, 3], [1, 2], [1, 3], [1, 1], [2, 2]],875,685,835,611
765257,7,141,129,[6, 5, 8, 12, 2, 1],[[2, 3], [3, 3], [1, 2], [1, 3], [1, 1], [2, 2]],879,666,837,629
765304,7,141,129,[6, 5, 8, 12, 2, 1],[[2, 3], [3, 3], [1, 2], [1, 3], [1, 1], [2, 2]],846,648,837,640
765344,7,141,129,[6, 5, 8, 12, 2, 1],[[2, 3], [3, 3], [1, 2], [1, 3], [1, 1], [2, 2]],866,640,837,644
765401,7,141,129,[6, 5, 8, 12, 2, 1],[[2, 3], [3, 3], [1, 2], [1, 3], [1, 1], [2, 2]],869,632,838,650
765460,7,141,129,[6, 5, 8, 12, 2, 1],[[2, 3], [3, 3], [1, 2], [1, 3], [1, 1], [2, 2]],871,639,838,655
765526,7,141,129,[6, 5, 8, 12, 2, 1],[[2, 3], [3, 3], [1, 2], [1, 3], [1, 1], [2, 2]],886,624,836,667
765593,7,141,129,[6, 5, 8, 12, 2, 1],[[2, 3], [3, 3], [1, 2], [1, 3], [1, 1], [2, 2]],892,660,832,683
765645,7,141,129,[6, 5, 8, 12, 2, 1],[[2, 3], [3, 3], [1, 2], [1, 3], [1, 1], [2, 2]],904,638,827,693
765692,7,141,129,[6, 5, 8, 12, 2, 1],[[2, 3], [3, 3], [1, 2], [1, 3], [1, 1], [2, 2]],900,618,825,697
765744,7,141,129,[6, 5, 8, 12, 2, 1],[[2, 3], [3, 3], [1, 2], [1, 3], [1, 1], [2, 2]],904,604,825,698
765785,7,141,129,[6, 5, 8, 12, 2, 1],[[2, 3], [3, 3], [1, 2], [1, 3], [1, 1], [2, 2]],893,607,825,698
765831,7,141,129,[6, 5, 8, 12, 2, 1],[[2, 3], [3, 3], [1, 2], [1, 3], [1, 1], [2, 2]],917,578,825,698
765906,7,141,129,[6, 5, 8, 12, 2, 1],[[2, 3], [3, 3], [1, 2], [1, 3], [1, 1], [2, 2]],906,569,825,698
765953,7,141,129,[6, 5, 8, 12, 2, 1],[[2, 3], [3, 3], [1, 2], [1, 3], [1, 1], [2, 2]],918,576,824,697
766001,7,141,129,[6, 5, 8, 12, 2, 1],[[2, 3], [3, 3], [1, 2], [1, 3], [1, 1], [2, 2]],945,549,834,695
766049,7,141,129,[6, 5, 8, 12, 2, 1],[[2, 3], [3, 3], [1, 2], [1, 3], [1, 1], [2, 2]],916,579,841,688
766112,7,141,129,[6, 5, 8, 12, 2, 1],[[2, 3], [3, 3], [1, 2], [1, 3], [1, 1], [2, 2]],946,584,848,664
766165,7,141,129,[6, 5, 8, 12, 2, 1],[[2, 3], [3, 3], [1, 2], [1, 3], [1, 1], [2, 2]],933,566,853,651
766221,7,141,129,[6, 5, 8, 12, 2, 1],[[2, 3], [3, 3], [1, 2], [1, 3], [1, 1], [2, 2]],924,575,860,629
766286,7,141,129,[6, 5, 8, 12, 2, 1],[[2, 3], [3, 3], [1, 2], [1, 3], [1, 1], [2, 2]],938,578,863,618
766376,7,141,129,[6, 5, 8, 12, 2, 1],[[2, 3], [3, 3], [1, 2], [1, 3], [1, 1], [2, 2]],928,591,870,602
766418,7,141,129,[6, 5, 8, 12, 2, 1],[[2, 3], [3, 3], [1, 2], [1, 3], [1, 1], [2, 2]],915,575,877,592
766501,7,141,129,[6, 5, 8, 12, 2, 1],[[2, 3], [3, 3], [1, 2], [1, 3], [1, 1], [2, 2]],911,540,897,563
766591,7,141,129,[6, 5, 8, 12, 2, 1],[[2, 3], [3, 3], [1, 2], [1, 3], [1, 1], [2, 2]],944,544,903,552
766687,7,141,129,[6, 5, 8, 12, 2, 1],[[2, 3], [3, 3], [1, 2], [1, 3], [1, 1], [2, 2]],932,556,905,545
766782,7,141,129,[6, 5, 8, 12, 2, 1],[[2, 3], [3, 3], [1, 2], [1, 3], [1, 1], [2, 2]],915,575,904,545
766834,7,141,129,[6, 5, 8, 12, 2, 1],[[2, 3], [3, 3], [1, 2], [1, 3], [1, 1], [2, 2]],895,563,881,554
766898,7,141,129,[6, 5, 8, 12, 2, 1],[[2, 3], [3, 3], [1, 2], [1, 3], [1, 1], [2, 2]],889,546,862,565
766957,7,141,129,[6, 5, 8, 12, 2, 1],[[2, 3], [3, 3], [1, 2], [1, 3], [1, 1], [2, 2]],890,526,861,573
767016,7,141,129,[6, 5, 8, 12, 2, 1],[[2, 3], [3, 3], [1, 2], [1, 3], [1, 1], [2, 2]],893,534,861,583
767079,7,141,129,[6, 5, 8, 12, 2, 1],[[2, 3], [3, 3], [1, 2], [1, 3], [1, 1], [2, 2]],893,535,863,594
767147,7,141,129,[6, 5, 8, 12, 2, 1],[[2, 3], [3, 3], [1, 2], [1, 3], [1, 1], [2, 2]],884,552,864,595
767213,7,141,129,[6, 5, 8, 12, 2, 1],[[2, 3], [3, 3], [1, 2], [1, 3], [1, 1], [2, 2]],880,542,866,596
767278,7,141,129,[6, 5, 8, 12, 2, 1],[[2, 3], [3, 3], [1, 2], [1, 3], [1, 1], [2, 2]],859,546,881,593
767353,7,141,129,[6, 5, 8, 12, 2, 1],[[2, 3], [3, 3], [1, 2], [1, 3], [1, 1], [2, 2]],851,551,903,580
767398,7,141,129,[6, 5, 8, 12, 2, 1],[[2, 3], [3, 3], [1, 2], [1, 3], [1, 1], [2, 2]],842,554,906,573
767443,7,141,129,[6, 5, 8, 12, 2, 1],[[2, 3], [3, 3], [1, 2], [1, 3], [1, 1], [2, 2]],842,540,907,562
767506,7,141,129,[6, 5, 8, 12, 2, 1],[[2, 3], [3, 3], [1, 2], [1, 3], [1, 1], [2, 2]],860,542,903,543
767558,7,141,129,[6, 5, 8, 12, 2, 1],[[2, 3], [3, 3], [1, 2], [1, 3], [1, 1], [2, 2]],846,553,891,530
767607,7,141,129,[6, 5, 8, 12, 2, 1],[[2, 3], [3, 3], [1, 2], [1, 3], [1, 1], [2, 2]],853,538,876,528
767660,7,141,129,[6, 5, 8, 12, 2, 1],[[2, 3], [3, 3], [1, 2], [1, 3], [1, 1], [2, 2]],847,526,862,528
767721,7,141,129,[6, 5, 8, 12, 2, 1],[[2, 3], [3, 3], [1, 2], [1, 3], [1, 1], [2, 2]],827,546,848,537
767789,7,141,129,[6, 5, 8, 12, 2, 1],[[2, 3], [3, 3], [1, 2], [1, 3], [1, 1], [2, 2]],817,530,836,562
767841,7,141,129,[6, 5, 8, 12, 2, 1],[[2, 3], [3, 3], [1, 2], [1, 3], [1, 1], [2, 2]],847,513,836,577
767887,7,141,129,[6, 5, 8, 12, 2, 1],[[2, 3], [3, 3], [1, 2], [1, 3], [1, 1], [2, 2]],837,499,836,587
767966,7,141,129,[6, 5, 8, 12, 2, 1],[[2, 3], [3, 3], [1, 2], [1, 3], [1, 1], [2, 2]],863,520,839,593
768025,7,141,129,[6, 5, 8, 12, 2, 1],[[2, 3], [3, 3], [1, 2], [1, 3], [1, 1], [2, 2]],876,520,848,602
768077,7,141,129,[6, 5, 8, 12, 2, 1],[[2, 3], [3, 3], [1, 2], [1, 3], [1, 1], [2, 2]],919,537,866,618
768125,7,141,129,[6, 5, 8, 12, 2, 1],[[2, 3], [3, 3], [1, 2], [1, 3], [1, 1], [2, 2]],919,539,877,624
768172,7,141,129,[6, 5, 8, 12, 2, 1],[[2, 3], [3, 3], [1, 2], [1, 3], [1, 1], [2, 2]],922,530,884,625
768219,7,141,129,[6, 5, 8, 12, 2, 1],[[2, 3], [3, 3], [1, 2], [1, 3], [1, 1], [2, 2]],912,567,892,625
768285,7,141,129,[6, 5, 8, 12, 2, 1],[[2, 3], [3, 3], [1, 2], [1, 3], [1, 1], [2, 2]],917,553,913,612
768331,7,141,129,[6, 5, 8, 12, 2, 1],[[2, 3], [3, 3], [1, 2], [1, 3], [1, 1], [2, 2]],909,545,924,604
768406,7,141,129,[6, 5, 8, 12, 2, 1],[[2, 3], [3, 3], [1, 2], [1, 3], [1, 1], [2, 2]],930,545,939,588
768472,7,141,129,[6, 5, 8, 12, 2, 1],[[2, 3], [3, 3], [1, 2], [1, 3], [1, 1], [2, 2]],949,553,949,570
768549,7,142,73,[6, 5, 8, 12, 7, 9],[[1, 3], [2, 3], [1, 1], [1, 2], [2, 2], [3, 1]],985,555,953,556
768610,7,142,73,[6, 5, 8, 12, 7, 9],[[1, 3], [2, 3], [1, 1], [1, 2], [2, 2], [3, 1]],982,554,953,546
768666,7,142,73,[6, 5, 8, 12, 7, 9],[[1, 3], [2, 3], [1, 1], [1, 2], [2, 2], [3, 1]],980,546,953,542
768732,7,142,73,[6, 5, 8, 12, 7, 9],[[1, 3], [2, 3], [1, 1], [1, 2], [2, 2], [3, 1]],983,525,949,539
768780,7,142,73,[6, 5, 8, 12, 7, 9],[[1, 3], [2, 3], [1, 1], [1, 2], [2, 2], [3, 1]],989,543,942,531
768852,7,142,73,[6, 5, 8, 12, 7, 9],[[1, 3], [2, 3], [1, 1], [1, 2], [2, 2], [3, 1]],952,557,933,526
768894,7,142,73,[6, 5, 8, 12, 7, 9],[[1, 3], [2, 3], [1, 1], [1, 2], [2, 2], [3, 1]],954,545,931,526
768952,7,142,73,[6, 5, 8, 12, 7, 9],[[1, 3], [2, 3], [1, 1], [1, 2], [2, 2], [3, 1]],961,562,930,526
769009,7,142,73,[6, 5, 8, 12, 7, 9],[[1, 3], [2, 3], [1, 1], [1, 2], [2, 2], [3, 1]],959,530,930,526
769063,7,142,73,[6, 5, 8, 12, 7, 9],[[1, 3], [2, 3], [1, 1], [1, 2], [2, 2], [3, 1]],969,536,927,537
769121,7,142,73,[6, 5, 8, 12, 7, 9],[[1, 3], [2, 3], [1, 1], [1, 2], [2, 2], [3, 1]],986,537,927,548
769185,7,142,73,[6, 5, 8, 12, 7, 9],[[1, 3], [2, 3], [1, 1], [1, 2], [2, 2], [3, 1]],972,514,929,552
769247,7,142,73,[6, 5, 8, 12, 7, 9],[[1, 3], [2, 3], [1, 1], [1, 2], [2, 2], [3, 1]],974,498,929,553
769316,7,142,73,[6, 5, 8, 12, 7, 9],[[1, 3], [2, 3], [1, 1], [1, 2], [2, 2], [3, 1]],952,513,931,553
769379,7,142,73,[6, 5, 8, 12, 7, 9],[[1, 3], [2, 3], [1, 1], [1, 2], [2, 2], [3, 1]],944,530,931,553
769443,7,142,73,[6, 5, 8, 12, 7, 9],[[1, 3], [2, 3], [1, 1], [1, 2], [2, 2], [3, 1]],957,536,950,552
769505,7,142,73,[6, 5, 8, 12, 7, 9],[[1, 3], [2, 3], [1, 1], [1, 2], [2, 2], [3, 1]],946,536,960,547
769558,7,142,73,[6, 5, 8, 12, 7, 9],[[1, 3], [2, 3], [1, 1], [1, 2], [2, 2], [3, 1]],960,497,966,540
769611,7,142,73,[6, 5, 8, 12, 7, 9],[[1, 3], [2, 3], [1, 1], [1, 2], [2, 2], [3, 1]],966,498,967,533
769675,7,142,73,[6, 5, 8, 12, 7, 9],[[1, 3], [2, 3], [1, 1], [1, 2], [2, 2], [3, 1]],986,498,966,527
769739,7,142,73,[6, 5, 8, 12, 7, 9],[[1, 3], [2, 3], [1, 1], [1, 2], [2, 2], [3, 1]],977,531,963,524
769820,7,142,73,[6, 5, 8, 12, 7, 9],[[1, 3], [2, 3], [1, 1], [1, 2], [2, 2], [3, 1]],976,575,961,524
769898,7,142,73,[6, 5, 8, 12, 7, 9],[[1, 3], [2, 3], [1, 1], [1, 2], [2, 2], [3, 1]],971,561,936,560
769949,7,142,73,[6, 5, 8, 12, 7, 9],[[1, 3], [2, 3], [1, 1], [1, 2], [2, 2], [3, 1]],976,590,940,580
769988,7,142,73,[6, 5, 8, 12, 7, 9],[[1, 3], [2, 3], [1, 1], [1, 2], [2, 2], [3, 1]],985,615,948,594
770046,7,142,73,[6, 5, 8, 12, 7, 9],[[1, 3], [2, 3], [1, 1], [1, 2], [2, 2], [3, 1]],949,620,957,597
770122,7,142,73,[6, 5, 8, 12, 7, 9],[[1, 3], [2, 3], [1, 1], [1, 2], [2, 2], [3, 1]],966,610,971,574
770172,7,142,73,[6, 5, 8, 12, 7, 9],[[1, 3], [2, 3], [1, 1], [1, 2], [2, 2], [3, 1]],974,585,962,544
770234,7,142,73,[6, 5, 8, 12, 7, 9],[[1, 3], [2, 3], [1, 1], [1, 2], [2, 2], [3, 1]],954,583,953,539
770292,7,142,73,[6, 5, 8, 12, 7, 9],[[1, 3], [2, 3], [1, 1], [1, 2], [2, 2], [3, 1]],938,581,934,554
770344,7,142,73,[6, 5, 8, 12, 7, 9],[[1, 3], [2, 3], [1, 1], [1, 2], [2, 2], [3, 1]],900,576,933,565
770385,7,142,73,[6, 5, 8, 12, 7, 9],[[1, 3], [2, 3], [1, 1], [1, 2], [2, 2], [3, 1]],941,563,940,572
770456,7,142,73,[6, 5, 8, 12, 7, 9],[[1, 3], [2, 3], [1, 1], [1, 2], [2, 2], [3, 1]],957,575,956,574
770503,7,142,73,[6, 5, 8, 12, 7, 9],[[1, 3], [2, 3], [1, 1], [1, 2], [2, 2], [3, 1]],974,567,975,553
770550,7,142,73,[6, 5, 8, 12, 7, 9],[[1, 3], [2, 3], [1, 1], [1, 2], [2, 2], [3, 1]],985,569,978,537
770598,7,142,73,[6, 5, 8, 12, 7, 9],[[1, 3], [2, 3], [1, 1], [1, 2], [2, 2], [3, 1]],969,556,971,528
770672,7,142,73,[6, 5, 8, 12, 7, 9],[[1, 3], [2, 3], [1, 1], [1, 2], [2, 2], [3, 1]],965,558,947,533
770715,7,142,73,[6, 5, 8, 12, 7, 9],[[1, 3], [2, 3], [1, 1], [1, 2], [2, 2], [3, 1]],983,569,931,556
770762,7,142,73,[6, 5, 8, 12, 7, 9],[[1, 3], [2, 3], [1, 1], [1, 2], [2, 2], [3, 1]],996,593,931,564
770816,7,142,73,[6, 5, 8, 12, 7, 9],[[1, 3], [2, 3], [1, 1], [1, 2], [2, 2], [3, 1]],983,592,939,576
770864,7,142,73,[6, 5, 8, 12, 7, 9],[[1, 3], [2, 3], [1, 1], [1, 2], [2, 2], [3, 1]],988,588,943,577
770911,7,142,73,[6, 5, 8, 12, 7, 9],[[1, 3], [2, 3], [1, 1], [1, 2], [2, 2], [3, 1]],967,593,950,571
770998,7,142,73,[6, 5, 8, 12, 7, 9],[[1, 3], [2, 3], [1, 1], [1, 2], [2, 2], [3, 1]],927,601,949,557
771067,7,142,73,[6, 5, 8, 12, 7, 9],[[1, 3], [2, 3], [1, 1], [1, 2], [2, 2], [3, 1]],910,597,938,552
771126,7,142,73,[6, 5, 8, 12, 7, 9],[[1, 3], [2, 3], [1, 1], [1, 2], [2, 2], [3, 1]],920,615,930,571
771184,7,142,73,[6, 5, 8, 12, 7, 9],[[1, 3], [2, 3], [1, 1], [1, 2], [2, 2], [3, 1]],873,633,931,578
771232,7,142,73,[6, 5, 8, 12, 7, 9],[[1, 3], [2, 3], [1, 1], [1, 2], [2, 2], [3, 1]],885,618,931,578
771292,7,142,73,[6, 5, 8, 12, 7, 9],[[1, 3], [2, 3], [1, 1], [1, 2], [2, 2], [3, 1]],895,611,961,562
771328,7,142,73,[6, 5, 8, 12, 7, 9],[[1, 3], [2, 3], [1, 1], [1, 2], [2, 2], [3, 1]],875,609,980,545
771386,7,142,73,[6, 5, 8, 12, 7, 9],[[1, 3], [2, 3], [1, 1], [1, 2], [2, 2], [3, 1]],869,624,984,529
771448,7,142,73,[6, 5, 8, 12, 7, 9],[[1, 3], [2, 3], [1, 1], [1, 2], [2, 2], [3, 1]],881,646,973,523
771506,7,142,73,[6, 5, 8, 12, 7, 9],[[1, 3], [2, 3], [1, 1], [1, 2], [2, 2], [3, 1]],871,666,948,525
771565,7,142,73,[6, 5, 8, 12, 7, 9],[[1, 3], [2, 3], [1, 1], [1, 2], [2, 2], [3, 1]],886,654,927,543
771618,7,142,73,[6, 5, 8, 12, 7, 9],[[1, 3], [2, 3], [1, 1], [1, 2], [2, 2], [3, 1]],910,659,918,565
771693,7,142,73,[6, 5, 8, 12, 7, 9],[[1, 3], [2, 3], [1, 1], [1, 2], [2, 2], [3, 1]],898,651,920,573
771742,7,142,73,[6, 5, 8, 12, 7, 9],[[1, 3], [2, 3], [1, 1], [1, 2], [2, 2], [3, 1]],911,633,928,577
771818,7,142,73,[6, 5, 8, 12, 7, 9],[[1, 3], [2, 3], [1, 1], [1, 2], [2, 2], [3, 1]],925,644,932,577
771884,7,142,73,[6, 5, 8, 12, 7, 9],[[1, 3], [2, 3], [1, 1], [1, 2], [2, 2], [3, 1]],944,646,932,577
771924,7,142,73,[6, 5, 8, 12, 7, 9],[[1, 3], [2, 3], [1, 1], [1, 2], [2, 2], [3, 1]],929,668,932,585
771981,7,142,73,[6, 5, 8, 12, 7, 9],[[1, 3], [2, 3], [1, 1], [1, 2], [2, 2], [3, 1]],941,681,919,613
772035,7,142,73,[6, 5, 8, 12, 7, 9],[[1, 3], [2, 3], [1, 1], [1, 2], [2, 2], [3, 1]],932,687,915,625
772099,7,142,73,[6, 5, 8, 12, 7, 9],[[1, 3], [2, 3], [1, 1], [1, 2], [2, 2], [3, 1]],949,690,915,629
772148,7,142,73,[6, 5, 8, 12, 7, 9],[[1, 3], [2, 3], [1, 1], [1, 2], [2, 2], [3, 1]],951,681,915,632
772208,7,142,73,[6, 5, 8, 12, 7, 9],[[1, 3], [2, 3], [1, 1], [1, 2], [2, 2], [3, 1]],950,673,915,637
772271,7,142,73,[6, 5, 8, 12, 7, 9],[[1, 3], [2, 3], [1, 1], [1, 2], [2, 2], [3, 1]],955,652,915,639
772313,7,142,73,[6, 5, 8, 12, 7, 9],[[1, 3], [2, 3], [1, 1], [1, 2], [2, 2], [3, 1]],960,652,917,644
772378,7,142,73,[6, 5, 8, 12, 7, 9],[[1, 3], [2, 3], [1, 1], [1, 2], [2, 2], [3, 1]],943,664,920,649
772437,7,142,73,[6, 5, 8, 12, 7, 9],[[1, 3], [2, 3], [1, 1], [1, 2], [2, 2], [3, 1]],918,668,932,655
772490,7,142,73,[6, 5, 8, 12, 7, 9],[[1, 3], [2, 3], [1, 1], [1, 2], [2, 2], [3, 1]],888,674,937,656
772536,7,142,73,[6, 5, 8, 12, 7, 9],[[1, 3], [2, 3], [1, 1], [1, 2], [2, 2], [3, 1]],888,698,952,654
772582,7,143,108,[10, 4, 3, 11, 2, 1],[[1, 3], [2, 3], [3, 1], [3, 2], [2, 2], [3, 3]],893,663,960,651
772655,7,143,108,[10, 4, 3, 11, 2, 1],[[1, 3], [2, 3], [3, 1], [3, 2], [2, 2], [3, 3]],882,652,970,646
772702,7,143,108,[10, 4, 3, 11, 2, 1],[[1, 3], [2, 3], [3, 1], [3, 2], [2, 2], [3, 3]],894,659,978,639
772744,7,143,108,[10, 4, 3, 11, 2, 1],[[1, 3], [2, 3], [3, 1], [3, 2], [2, 2], [3, 3]],893,674,980,632
772794,7,143,108,[10, 4, 3, 11, 2, 1],[[1, 3], [2, 3], [3, 1], [3, 2], [2, 2], [3, 3]],873,654,981,625
772868,7,143,108,[10, 4, 3, 11, 2, 1],[[1, 3], [2, 3], [3, 1], [3, 2], [2, 2], [3, 3]],881,636,980,612
772914,7,143,108,[10, 4, 3, 11, 2, 1],[[1, 3], [2, 3], [3, 1], [3, 2], [2, 2], [3, 3]],890,649,980,611
772959,7,143,108,[10, 4, 3, 11, 2, 1],[[1, 3], [2, 3], [3, 1], [3, 2], [2, 2], [3, 3]],880,644,980,611
773009,7,143,108,[10, 4, 3, 11, 2, 1],[[1, 3], [2, 3], [3, 1], [3, 2], [2, 2], [3, 3]],875,672,972,605
773050,7,143,108,[10, 4, 3, 11, 2, 1],[[1, 3], [2, 3], [3, 1], [3, 2], [2, 2], [3, 3]],872,693,967,602
773098,7,143,108,[10, 4, 3, 11, 2, 1],[[1, 3], [2, 3], [3, 1], [3, 2], [2, 2], [3, 3]],846,712,958,598
773137,7,143,108,[10, 4, 3, 11, 2, 1],[[1, 3], [2, 3], [3, 1], [3, 2], [2, 2], [3, 3]],829,729,942,593
773195,7,143,108,[10, 4, 3, 11, 2, 1],[[1, 3], [2, 3], [3, 1], [3, 2], [2, 2], [3, 3]],845,742,923,582
773240,7,143,108,[10, 4, 3, 11, 2, 1],[[1, 3], [2, 3], [3, 1], [3, 2], [2, 2], [3, 3]],863,741,912,577
773309,7,143,108,[10, 4, 3, 11, 2, 1],[[1, 3], [2, 3], [3, 1], [3, 2], [2, 2], [3, 3]],866,792,907,576
773372,7,143,108,[10, 4, 3, 11, 2, 1],[[1, 3], [2, 3], [3, 1], [3, 2], [2, 2], [3, 3]],893,783,889,593
773419,7,143,108,[10, 4, 3, 11, 2, 1],[[1, 3], [2, 3], [3, 1], [3, 2], [2, 2], [3, 3]],885,776,876,616
773477,7,143,108,[10, 4, 3, 11, 2, 1],[[1, 3], [2, 3], [3, 1], [3, 2], [2, 2], [3, 3]],896,816,867,644
773547,7,143,108,[10, 4, 3, 11, 2, 1],[[1, 3], [2, 3], [3, 1], [3, 2], [2, 2], [3, 3]],911,821,863,669
773606,7,143,108,[10, 4, 3, 11, 2, 1],[[1, 3], [2, 3], [3, 1], [3, 2], [2, 2], [3, 3]],906,800,863,687
773665,7,143,108,[10, 4, 3, 11, 2, 1],[[1, 3], [2, 3], [3, 1], [3, 2], [2, 2], [3, 3]],923,790,865,696
773734,7,143,108,[10, 4, 3, 11, 2, 1],[[1, 3], [2, 3], [3, 1], [3, 2], [2, 2], [3, 3]],913,797,868,706
773791,7,143,108,[10, 4, 3, 11, 2, 1],[[1, 3], [2, 3], [3, 1], [3, 2], [2, 2], [3, 3]],951,814,870,714
773863,7,143,108,[10, 4, 3, 11, 2, 1],[[1, 3], [2, 3], [3, 1], [3, 2], [2, 2], [3, 3]],964,813,877,728
773929,7,143,108,[10, 4, 3, 11, 2, 1],[[1, 3], [2, 3], [3, 1], [3, 2], [2, 2], [3, 3]],966,842,882,738
773983,7,143,108,[10, 4, 3, 11, 2, 1],[[1, 3], [2, 3], [3, 1], [3, 2], [2, 2], [3, 3]],953,858,889,756
774036,7,143,108,[10, 4, 3, 11, 2, 1],[[1, 3], [2, 3], [3, 1], [3, 2], [2, 2], [3, 3]],957,856,892,760
774122,7,143,108,[10, 4, 3, 11, 2, 1],[[1, 3], [2, 3], [3, 1], [3, 2], [2, 2], [3, 3]],952,853,892,761
774194,7,143,108,[10, 4, 3, 11, 2, 1],[[1, 3], [2, 3], [3, 1], [3, 2], [2, 2], [3, 3]],979,870,892,761
774245,7,143,108,[10, 4, 3, 11, 2, 1],[[1, 3], [2, 3], [3, 1], [3, 2], [2, 2], [3, 3]],958,859,894,765
774304,7,143,108,[10, 4, 3, 11, 2, 1],[[1, 3], [2, 3], [3, 1], [3, 2], [2, 2], [3, 3]],965,853,897,769
774357,7,143,108,[10, 4, 3, 11, 2, 1],[[1, 3], [2, 3], [3, 1], [3, 2], [2, 2], [3, 3]],948,857,906,781
774401,7,143,108,[10, 4, 3, 11, 2, 1],[[1, 3], [2, 3], [3, 1], [3, 2], [2, 2], [3, 3]],955,873,910,788
774480,7,143,108,[10, 4, 3, 11, 2, 1],[[1, 3], [2, 3], [3, 1], [3, 2], [2, 2], [3, 3]],965,865,916,799
774547,7,143,108,[10, 4, 3, 11, 2, 1],[[1, 3], [2, 3], [3, 1], [3, 2], [2, 2], [3, 3]],924,859,917,802
774594,7,143,108,[10, 4, 3, 11, 2, 1],[[1, 3], [2, 3], [3, 1], [3, 2], [2, 2], [3, 3]],928,834,918,802
774650,7,143,108,[10, 4, 3, 11, 2, 1],[[1, 3], [2, 3], [3, 1], [3, 2], [2, 2], [3, 3]],933,858,920,805
774693,7,143,108,[10, 4, 3, 11, 2, 1],[[1, 3], [2, 3], [3, 1], [3, 2], [2, 2], [3, 3]],936,852,920,810
774769,7,143,108,[10, 4, 3, 11, 2, 1],[[1, 3], [2, 3], [3, 1], [3, 2], [2, 2], [3, 3]],917,839,920,813
774839,7,143,108,[10, 4, 3, 11, 2, 1],[[1, 3], [2, 3], [3, 1], [3, 2], [2, 2], [3, 3]],926,820,920,813
774900,7,143,108,[10, 4, 3, 11, 2, 1],[[1, 3], [2, 3], [3, 1], [3, 2], [2, 2], [3, 3]],931,843,920,813
774963,7,143,108,[10, 4, 3, 11, 2, 1],[[1, 3], [2, 3], [3, 1], [3, 2], [2, 2], [3, 3]],934,850,920,813
775031,7,143,108,[10, 4, 3, 11, 2, 1],[[1, 3], [2, 3], [3, 1], [3, 2], [2, 2], [3, 3]],947,832,920,813
775096,7,143,108,[10, 4, 3, 11, 2, 1],[[1, 3], [2, 3], [3, 1], [3, 2], [2, 2], [3, 3]],967,814,920,813
775141,7,143,108,[10, 4, 3, 11, 2, 1],[[1, 3], [2, 3], [3, 1], [3, 2], [2, 2], [3, 3]],954,817,920,813
775187,7,143,108,[10, 4, 3, 11, 2, 1],[[1, 3], [2, 3], [3, 1], [3, 2], [2, 2], [3, 3]],954,825,920,813
775245,7,143,108,[10, 4, 3, 11, 2, 1],[[1, 3], [2, 3], [3, 1], [3, 2], [2, 2], [3, 3]],967,824,920,813
775307,7,143,108,[10, 4, 3, 11, 2, 1],[[1, 3], [2, 3], [3, 1], [3, 2], [2, 2], [3, 3]],956,837,921,814
775352,7,143,108,[10, 4, 3, 11, 2, 1],[[1, 3], [2, 3], [3, 1], [3, 2], [2, 2], [3, 3]],957,853,922,814
775397,7,143,108,[10, 4, 3, 11, 2, 1],[[1, 3], [2, 3], [3, 1], [3, 2], [2, 2], [3, 3]],926,857,922,814
775460,7,143,108,[10, 4, 3, 11, 2, 1],[[1, 3], [2, 3], [3, 1], [3, 2], [2, 2], [3, 3]],937,884,922,814
775504,7,143,108,[10, 4, 3, 11, 2, 1],[[1, 3], [2, 3], [3, 1], [3, 2], [2, 2], [3, 3]],942,892,922,814
775548,7,143,108,[10, 4, 3, 11, 2, 1],[[1, 3], [2, 3], [3, 1], [3, 2], [2, 2], [3, 3]],939,922,922,814
775596,7,143,108,[10, 4, 3, 11, 2, 1],[[1, 3], [2, 3], [3, 1], [3, 2], [2, 2], [3, 3]],923,919,922,814
775653,7,143,108,[10, 4, 3, 11, 2, 1],[[1, 3], [2, 3], [3, 1], [3, 2], [2, 2], [3, 3]],936,906,922,814
775727,7,143,108,[10, 4, 3, 11, 2, 1],[[1, 3], [2, 3], [3, 1], [3, 2], [2, 2], [3, 3]],935,896,922,814
775779,7,143,108,[10, 4, 3, 11, 2, 1],[[1, 3], [2, 3], [3, 1], [3, 2], [2, 2], [3, 3]],914,908,922,814
775838,7,143,108,[10, 4, 3, 11, 2, 1],[[1, 3], [2, 3], [3, 1], [3, 2], [2, 2], [3, 3]],909,892,929,828
775896,7,143,108,[10, 4, 3, 11, 2, 1],[[1, 3], [2, 3], [3, 1], [3, 2], [2, 2], [3, 3]],901,918,921,833
775963,7,143,108,[10, 4, 3, 11, 2, 1],[[1, 3], [2, 3], [3, 1], [3, 2], [2, 2], [3, 3]],918,943,921,833
776030,7,143,108,[10, 4, 3, 11, 2, 1],[[1, 3], [2, 3], [3, 1], [3, 2], [2, 2], [3, 3]],927,928,921,833
776084,7,143,108,[10, 4, 3, 11, 2, 1],[[1, 3], [2, 3], [3, 1], [3, 2], [2, 2], [3, 3]],941,962,921,833
776161,7,143,108,[10, 4, 3, 11, 2, 1],[[1, 3], [2, 3], [3, 1], [3, 2], [2, 2], [3, 3]],938,961,921,833
776210,7,143,108,[10, 4, 3, 11, 2, 1],[[1, 3], [2, 3], [3, 1], [3, 2], [2, 2], [3, 3]],938,968,921,833
776305,7,143,108,[10, 4, 3, 11, 2, 1],[[1, 3], [2, 3], [3, 1], [3, 2], [2, 2], [3, 3]],975,956,921,833
776348,7,143,108,[10, 4, 3, 11, 2, 1],[[1, 3], [2, 3], [3, 1], [3, 2], [2, 2], [3, 3]],976,966,921,833
776389,7,143,108,[10, 4, 3, 11, 2, 1],[[1, 3], [2, 3], [3, 1], [3, 2], [2, 2], [3, 3]],933,976,921,833
776465,7,143,108,[10, 4, 3, 11, 2, 1],[[1, 3], [2, 3], [3, 1], [3, 2], [2, 2], [3, 3]],932,971,926,841
776508,7,143,108,[10, 4, 3, 11, 2, 1],[[1, 3], [2, 3], [3, 1], [3, 2], [2, 2], [3, 3]],907,985,925,848
776579,7,143,108,[10, 4, 3, 11, 2, 1],[[1, 3], [2, 3], [3, 1], [3, 2], [2, 2], [3, 3]],883,956,949,880
776645,7,144,107,[6, 5, 3, 11, 2, 1],[[1, 3], [2, 3], [3, 1], [3, 2], [2, 2], [3, 3]],885,963,984,914
