"Block","Tracked_x","Tracked_y","Mouse_x","Mouse_y"
0,972,558,961,541
0,969,556,961,541
0,968,558,961,541
0,942,567,961,541
0,940,557,961,541
0,972,553,961,541
0,960,569,961,541
0,949,600,961,541
0,962,607,961,541
0,975,618,961,541
0,981,628,961,541
0,987,615,961,541
0,960,637,961,541
0,967,629,961,541
0,949,641,961,541
0,958,656,961,541
0,963,664,961,541
0,972,682,973,643
0,980,655,991,706
0,982,662,998,778
0,988,682,997,823
0,982,683,991,846
0,943,659,990,848
0,934,646,986,841
0,940,646,959,776
0,945,640,951,741
0,939,662,947,736
0,961,653,932,706
0,951,611,925,687
0,948,610,925,678
0,980,626,925,676
0,1024,628,927,658
0,1036,635,938,632
0,1026,621,939,626
0,1023,627,939,624
0,1037,609,950,622
0,1031,613,1012,620
0,1027,607,1012,620
0,1002,621,1012,620
0,1021,653,1012,620
0,1024,668,1032,620
0,1013,674,1031,620
0,1021,670,1017,627
0,1008,663,1002,637
0,1027,656,1001,638
0,1033,637,1002,658
0,1018,661,1002,682
0,1014,676,1002,686
0,1004,664,1002,692
0,965,640,1002,692
0,972,653,1002,692
0,969,653,1007,686
0,973,662,1012,672
0,977,644,1013,661
0,947,631,1005,655
0,931,615,985,652
0,904,637,983,652
0,906,626,983,652
0,901,620,983,652
0,919,616,980,652
0,910,611,973,652
0,918,615,967,652
0,916,625,964,651
0,924,630,959,648
0,900,648,941,640
0,895,644,927,635
0,915,644,927,635
0,914,619,927,635
0,908,624,927,635
0,886,632,922,635
0,869,623,900,635
0,833,622,896,637
0,816,605,895,639
0,817,571,895,639
0,819,588,896,636
0,831,592,886,633
0,833,606,875,631
0,841,654,855,620
0,826,669,832,605
0,837,670,804,588
0,876,687,795,583
0,885,687,795,583
0,879,676,795,583
0,854,674,794,594
0,865,685,798,625
0,852,682,849,651
0,858,683,865,656
0,841,671,865,656
0,840,671,865,656
0,859,646,865,656
0,868,653,865,656
0,844,642,865,656
0,834,637,862,656
0,822,591,860,657
0,836,601,860,657
0,831,612,855,652
0,807,624,849,642
0,800,632,834,623
0,807,639,834,611
0,810,641,833,603
0,775,657,833,602
0,787,671,833,602
0,773,674,829,602
0,769,665,814,606
0,783,666,808,612
0,772,683,771,628
0,757,699,767,631
0,754,704,759,642
0,750,725,756,647
0,747,750,755,649
0,761,753,754,652
0,761,721,752,660
0,775,719,752,664
0,766,734,752,671
0,784,718,752,684
0,776,709,752,699
0,760,717,753,703
0,766,731,754,703
0,766,732,772,705
0,768,723,776,705
0,746,722,779,700
0,734,747,781,687
0,737,757,779,677
0,744,761,778,677
0,753,746,773,681
0,744,759,768,690
0,713,745,765,699
0,710,783,765,702
0,707,763,764,713
0,710,772,764,724
0,713,784,761,749
0,699,757,754,769
0,674,786,752,773
0,662,787,743,786
0,644,803,740,790
0,627,782,735,793
0,642,822,734,793
0,633,797,694,797
0,636,788,677,798
0,655,798,640,798
0,687,762,577,796
0,685,773,561,796
0,715,797,557,796
0,720,775,542,803
0,740,797,541,803
0,739,796,562,796
0,731,800,569,794
0,748,773,598,794
0,727,780,622,797
0,768,782,688,803
0,765,763,702,805
0,755,735,702,806
0,758,762,702,806
0,738,772,702,808
0,735,790,703,812
0,732,769,708,815
0,746,779,730,816
0,722,778,730,815
0,718,796,730,814
0,737,827,725,814
0,754,836,717,814
0,735,870,708,814
0,719,869,706,814
0,752,854,705,814
0,739,846,705,814
0,698,849,704,814
0,694,844,704,814
0,687,831,704,816
0,709,837,704,818
0,715,837,704,826
0,706,855,704,836
0,697,841,704,858
0,692,853,704,861
0,688,839,704,861
0,663,828,704,861
0,660,823,704,861
0,645,829,704,861
0,655,824,700,861
0,693,845,699,861
0,685,837,698,861
0,693,828,692,857
0,688,816,686,853
0,694,800,681,847
0,671,778,677,844
0,668,765,676,841
0,671,740,676,839
0,673,750,675,833
0,707,741,674,824
0,699,756,672,814
0,702,748,670,806
0,710,749,668,796
0,729,759,659,769
0,727,773,657,761
0,713,788,656,755
0,709,792,656,750
0,692,792,656,747
0,683,816,664,740
0,666,818,674,735
0,673,831,674,735
0,667,822,680,747
0,679,808,683,773
0,691,792,678,814
0,702,794,670,828
0,729,783,664,828
0,734,792,656,829
0,747,787,653,827
0,719,753,649,823
0,713,777,649,816
0,717,778,655,812
0,749,744,660,812
0,756,754,662,812
0,744,732,662,812
0,744,763,668,799
0,732,758,674,784
0,742,763,674,784
0,756,795,675,784
0,745,787,679,781
0,728,760,683,778
0,715,753,687,774
0,727,736,697,770
0,729,714,705,771
0,735,688,706,773
0,765,696,707,781
0,743,719,707,784
0,739,712,707,788
0,744,691,706,789
0,722,700,704,792
0,730,724,704,792
0,723,719,711,792
0,734,712,734,792
0,697,731,746,791
0,682,728,748,788
0,704,717,749,779
0,712,721,751,770
0,704,726,751,765
0,718,736,747,762
0,723,728,719,760
0,702,727,714,759
0,707,730,710,758
0,703,717,694,752
0,712,711,694,752
0,752,723,694,752
0,763,755,694,750
0,749,752,697,744
0,738,764,701,739
0,742,720,709,737
0,731,740,710,737
0,759,723,727,745
0,749,724,728,750
0,769,726,728,760
0,770,733,728,763
0,794,714,726,763
0,817,689,719,766
0,815,701,719,767
0,817,699,719,767
0,817,742,725,761
0,817,737,751,755
0,833,754,754,753
0,818,766,763,748
0,805,768,787,739
0,826,776,787,737
0,822,790,787,737
0,828,783,790,742
0,850,770,795,753
0,821,780,795,756
0,812,729,795,758
0,808,765,791,763
0,814,795,788,774
0,814,826,781,791
0,797,804,781,797
0,810,830,781,797
0,843,852,775,790
0,826,846,771,778
0,823,858,768,774
0,801,886,768,774
0,762,882,769,784
0,746,874,782,813
0,755,887,789,825
0,727,886,789,831
0,722,888,767,872
0,708,877,760,887
0,694,860,749,892
0,682,863,738,894
0,670,871,701,884
0,640,885,700,873
0,638,905,701,867
0,637,899,703,866
0,594,876,703,866
0,598,873,691,869
0,606,891,675,877
0,640,858,671,904
0,644,855,663,919
0,639,823,642,936
0,642,851,605,939
0,616,851,573,941
0,631,849,572,941
0,641,877,572,941
0,653,893,569,936
0,637,889,570,925
0,603,892,582,911
0,599,895,604,904
0,612,892,611,901
0,612,942,611,901
0,595,935,612,901
0,610,954,612,901
0,598,957,612,904
0,626,993,610,908
0,629,1004,598,919
0,642,1004,597,924
0,647,993,597,925
0,653,984,597,932
0,665,992,600,938
0,657,982,618,958
0,673,978,633,966
0,670,984,636,971
0,692,976,645,974
0,715,971,712,981
0,718,962,716,981
0,743,946,716,981
0,731,922,716,981
0,718,923,716,981
0,717,926,718,981
0,744,910,724,982
0,751,926,768,979
0,742,937,791,966
0,734,946,819,939
0,727,928,816,929
0,729,954,809,912
0,754,984,808,908
0,756,977,808,902
0,753,978,807,901
0,745,960,806,901
0,760,970,803,904
0,764,981,800,914
0,774,962,798,924
0,759,962,797,925
0,784,944,797,927
0,794,920,792,938
0,811,921,786,952
0,824,925,781,983
0,821,925,778,1006
0,839,921,770,1016
0,863,950,769,1018
0,863,951,769,1018
0,884,947,773,1016
0,889,941,782,1003
0,879,968,818,985
0,897,978,829,985
0,895,979,838,990
0,900,956,853,991
0,900,961,861,991
0,897,958,862,991
0,877,959,862,991
0,862,950,866,994
0,843,944,866,994
0,852,957,867,994
0,831,976,867,994
0,780,990,867,994
0,800,977,854,986
0,778,986,763,949
0,785,978,763,949
0,786,996,763,949
0,794,1003,762,949
0,802,999,762,949
0,798,996,762,948
0,815,1011,762,948
0,813,974,758,949
0,811,974,756,950
0,806,986,756,956
0,796,987,756,958
0,776,997,762,968
0,752,1003,762,968
0,766,986,766,970
0,766,969,770,970
0,758,953,770,970
0,768,942,770,970
0,803,940,770,970
0,816,973,770,972
0,831,985,770,973
0,831,965,770,973
0,827,941,770,973
0,818,950,770,970
0,834,935,779,958
0,861,950,782,955
0,878,961,786,956
0,890,957,799,956
0,915,966,808,956
0,935,946,833,956
0,944,942,859,959
0,962,944,871,959
0,950,955,872,959
0,951,954,887,959
0,970,935,906,959
0,950,917,907,959
0,956,917,913,957
0,976,933,917,955
0,961,914,917,955
0,944,918,917,955
0,972,909,919,954
0,984,921,928,949
0,985,927,935,943
0,955,928,937,941
0,975,954,940,935
0,977,966,940,926
0,973,960,938,921
0,975,953,933,917
0,977,959,933,917
0,967,956,933,917
0,979,961,927,911
0,1009,976,923,909
0,1023,967,923,910
0,1047,953,924,916
0,1052,936,932,923
0,1064,931,940,932
0,1024,907,955,939
0,1026,885,1016,962
0,1035,883,1019,962
0,1035,888,1020,961
0,1075,897,1027,948
0,1055,874,1028,940
0,1041,859,1028,932
0,1029,887,1030,924
0,1036,898,1030,920
0,1037,901,1034,910
0,1063,911,1037,898
0,1085,913,1038,891
0,1084,911,1035,891
0,1084,915,1007,915
0,1079,909,1002,924
0,1083,919,1002,928
0,1102,911,1016,932
0,1106,924,1046,934
0,1088,918,1051,935
0,1059,910,1066,935
0,1068,903,1073,935
0,1047,906,1095,935
0,1027,909,1095,935
0,1030,901,1095,935
0,1045,917,1095,935
0,1040,942,1093,926
0,1030,943,1086,921
0,999,966,1072,921
0,955,984,1067,922
0,969,977,1067,922
0,963,979,1067,922
0,948,985,1067,922
0,949,992,1055,932
0,933,986,1048,935
0,920,976,1039,938
0,934,931,1000,953
0,933,929,981,960
0,923,915,981,960
0,907,922,976,963
0,886,922,974,964
0,888,933,951,971
0,860,924,951,971
0,851,923,957,961
0,847,932,957,953
0,830,931,940,952
0,856,940,883,952
0,846,921,875,951
0,870,913,831,948
0,901,911,816,944
0,893,922,796,942
0,904,906,796,942
0,878,897,786,940
0,885,878,786,940
0,886,914,800,937
0,884,898,810,936
0,861,881,829,932
0,837,886,852,927
0,829,874,863,924
0,861,902,870,922
0,835,903,880,919
0,835,919,886,915
0,859,933,886,915
0,878,931,872,909
0,881,928,868,907
0,889,926,867,906
0,903,929,861,899
0,879,943,861,899
0,908,950,876,925
0,923,937,946,938
0,914,952,946,938
0,893,966,946,938
0,856,993,946,938
0,853,1001,946,938
0,859,1001,944,949
0,835,1022,944,949
0,822,990,939,952
0,824,1012,904,956
0,867,1007,896,959
0,881,1006,887,964
0,901,1011,874,971
0,883,1009,866,974
0,873,1007,853,977
0,869,988,853,977
0,839,984,853,977
0,816,976,853,977
0,814,936,853,977
0,825,946,881,982
0,824,904,886,982
0,802,910,886,982
0,805,923,856,982
0,816,938,851,975
0,812,925,840,959
0,826,929,829,928
0,822,926,828,924
0,835,933,827,924
0,839,956,826,925
0,850,930,821,928
0,870,954,821,930
0,875,956,819,934
0,865,947,819,937
0,898,954,819,939
0,902,966,819,939
0,894,994,828,948
0,893,1005,861,964
0,896,1003,875,969
0,891,1008,884,970
0,889,1014,887,970
0,919,1005,891,973
0,925,1014,896,978
0,923,997,899,982
0,924,997,901,987
0,944,1025,901,987
0,954,1003,901,989
0,953,1005,901,989
0,948,1026,901,989
0,952,941,906,990
0,940,925,923,993
0,939,960,926,993
0,953,966,933,996
0,952,964,933,1000
0,945,976,934,1000
0,970,972,934,1000
0,948,970,927,993
0,953,987,914,971
0,950,996,903,952
0,995,1000,902,951
0,1024,996,902,953
0,1045,1004,902,966
0,1040,993,904,984
0,1035,1003,905,987
0,1032,988,913,987
0,1019,1015,958,987
0,1000,1013,991,982
0,1005,1006,1013,978
0,995,992,1029,974
0,1013,987,1034,971
0,1001,997,1034,971
0,999,980,1024,972
0,1021,972,1013,973
0,1000,971,998,979
0,1014,969,983,985
0,1028,974,983,985
0,1035,992,983,985
0,1019,998,983,985
0,1010,1024,978,989
0,1007,999,966,995
0,1023,1028,966,995
0,1032,1008,966,995
0,1038,996,966,995
0,1026,1018,966,995
0,998,991,966,995
0,999,993,966,997
0,1021,1017,966,997
0,1027,986,966,997
0,1021,972,966,997
0,1028,952,966,997
0,1034,940,966,997
0,1018,941,966,997
0,1013,926,966,997
0,1022,945,966,997
0,1018,947,966,997
0,1013,992,966,997
0,1017,1009,989,984
0,1017,990,992,974
0,1007,1008,992,966
0,1017,1024,992,965
0,1002,974,992,965
0,997,953,992,965
0,1007,971,988,965
0,999,981,981,972
0,989,992,979,977
0,1016,1006,975,979
0,1018,977,972,983
0,1032,988,970,984
0,1029,986,970,984
0,1025,985,969,986
0,1042,971,966,988
0,1083,980,966,988
0,1077,965,966,988
0,1077,943,966,988
0,1056,933,966,989
0,1072,948,991,994
0,1053,939,1016,994
0,1044,932,1027,993
0,1044,945,1027,993
0,1024,915,1027,992
0,999,932,1027,992
0,1017,944,1024,989
0,1024,944,1014,977
0,1019,951,1008,974
0,1040,970,1004,972
0,1009,991,992,972
0,1015,962,980,972
0,1023,968,978,973
0,995,965,974,976
0,1021,972,971,977
0,1022,972,970,977
0,1019,960,970,977
0,1015,954,969,980
0,1029,961,969,980
0,1004,967,965,983
0,1023,953,960,986
0,1025,937,960,986
0,1030,922,959,988
0,1045,943,958,988
0,1049,932,956,988
0,1057,942,956,988
0,1045,957,948,976
0,1028,940,946,973
0,1036,960,946,973
0,1019,979,946,973
0,1035,978,951,970
0,1039,967,968,968
0,1030,983,990,973
0,1033,990,991,975
0,1032,999,993,977
0,1036,993,994,980
0,1047,979,995,989
0,1038,1007,996,989
0,1032,1018,996,991
0,1016,965,996,993
0,1034,970,996,993
0,1037,934,996,993
0,1017,920,1003,993
0,1037,915,1010,993
0,1026,923,1011,993
0,1024,927,1014,987
0,1040,930,1014,981
0,1046,943,1014,977
0,1053,945,1013,971
0,1047,944,1012,966
0,1048,948,1008,961
0,1023,952,1007,957
0,1034,949,1005,956
0,1066,942,1004,956
0,1052,965,1003,956
0,1050,995,998,956
0,1049,998,990,956
0,1035,990,987,957
0,1038,974,987,957
0,1014,992,987,963
0,1027,1001,989,969
0,1022,980,990,971
0,1012,1010,1000,975
0,1002,991,1000,975
0,979,1009,1026,983
0,983,999,1027,983
0,1006,1006,1028,985
0,1003,993,1028,985
0,1033,994,1028,985
0,1056,975,1028,985
0,1080,973,1028,985
0,1068,958,1028,985
0,1070,957,1028,986
0,1025,944,1027,990
0,1017,954,1026,994
0,1000,945,1026,994
0,999,954,1037,994
0,986,955,1037,994
0,985,975,1037,994
0,979,1027,1037,994
0,985,988,1036,986
0,991,998,1032,976
0,978,984,1025,964
0,996,969,1017,964
0,1010,982,1005,964
0,1035,982,1003,966
0,1033,983,996,971
0,1027,1003,996,971
0,1018,987,990,973
0,1006,1004,990,974
0,1007,991,990,974
0,1038,995,990,978
0,1023,985,990,979
0,1034,992,991,981
0,1028,976,996,985
0,1032,949,999,987
0,1046,939,1001,988
0,1058,914,1002,988
0,1080,938,1006,985
0,1081,931,1010,983
0,1138,926,1013,979
0,1141,914,1016,973
0,1101,904,1024,965
0,1085,899,1031,961
0,1109,870,1036,959
0,1111,897,1054,959
0,1110,885,1059,959
0,1116,874,1059,959
0,1099,861,1064,953
0,1093,888,1071,940
0,1096,869,1100,906
0,1108,868,1101,906
0,1111,867,1101,905
0,1103,885,1101,901
0,1111,851,1099,895
0,1147,824,1099,894
0,1133,849,1098,894
0,1105,870,1097,894
0,1101,869,1096,894
0,1071,848,1085,899
0,1051,822,1085,899
0,1035,822,1085,899
0,1050,832,1085,899
0,1058,822,1080,904
0,1067,818,1072,909
0,1070,835,1072,909
0,1080,814,1071,909
0,1103,829,1062,904
0,1118,820,1062,904
0,1121,821,1062,901
0,1106,802,1062,901
0,1105,791,1061,901
0,1090,802,1061,901
0,1102,799,1061,901
0,1132,795,1063,901
0,1155,780,1073,890
0,1162,797,1077,880
0,1167,809,1078,876
0,1158,813,1086,867
0,1158,797,1103,850
0,1168,777,1109,843
0,1150,787,1134,840
0,1165,797,1146,837
0,1161,795,1146,837
0,1159,820,1146,837
0,1186,822,1146,837
0,1188,832,1146,837
0,1189,832,1146,837
0,1197,838,1146,842
0,1192,827,1146,842
0,1179,840,1146,842
0,1183,819,1146,842
0,1176,797,1146,842
0,1149,783,1151,844
0,1168,794,1152,855
0,1177,810,1152,868
0,1184,807,1148,870
0,1149,800,1148,871
0,1169,805,1145,871
0,1195,784,1145,871
0,1199,785,1136,860
0,1175,769,1135,849
0,1191,764,1143,847
0,1171,771,1154,841
0,1173,751,1158,837
0,1160,761,1169,830
0,1203,744,1170,828
0,1202,731,1170,828
0,1222,754,1170,828
0,1209,743,1170,825
0,1199,752,1168,819
0,1183,755,1168,818
0,1189,747,1164,789
0,1176,719,1167,746
0,1187,723,1164,721
0,1192,736,1164,698
0,1171,743,1164,696
0,1189,716,1164,696
0,1178,683,1164,696
0,1192,695,1161,696
0,1172,694,1152,707
0,1191,697,1127,745
0,1194,710,1124,749
0,1170,730,1124,750
0,1192,741,1124,750
0,1191,759,1124,740
0,1203,774,1124,739
0,1209,748,1124,732
0,1182,730,1124,725
0,1187,710,1124,724
0,1164,688,1122,724
0,1170,711,1114,729
0,1160,725,1113,745
0,1170,736,1113,745
0,1154,766,1113,745
0,1146,750,1131,738
0,1150,766,1132,738
0,1145,779,1132,738
0,1129,748,1134,729
0,1149,789,1134,729
0,1162,794,1114,740
0,1157,792,1109,755
0,1149,807,1106,762
0,1169,783,1106,774
0,1151,793,1105,789
0,1152,807,1105,796
0,1139,805,1105,797
0,1156,814,1106,802
0,1165,808,1107,804
0,1160,792,1108,804
0,1139,784,1119,806
0,1125,757,1121,807
0,1136,764,1121,807
0,1147,749,1121,807
0,1162,759,1123,807
0,1176,747,1128,807
0,1174,771,1128,807
0,1180,785,1128,807
0,1164,784,1119,804
0,1186,773,1111,800
0,1159,789,1111,798
0,1163,781,1111,798
0,1161,800,1111,798
0,1173,786,1129,800
0,1173,768,1129,802
0,1193,785,1144,805
0,1183,807,1160,813
0,1179,800,1173,818
0,1190,833,1183,833
0,1173,846,1185,834
0,1147,821,1189,835
0,1130,819,1189,835
0,1136,822,1189,835
0,1149,824,1189,834
0,1173,830,1181,839
0,1194,844,1158,847
0,1175,856,1145,849
0,1149,864,1145,849
0,1136,874,1145,849
0,1140,880,1145,849
0,1145,892,1148,851
0,1151,890,1154,852
0,1155,906,1154,852
0,1152,884,1154,855
0,1120,866,1153,869
0,1135,884,1154,904
0,1128,881,1156,924
0,1147,896,1151,948
0,1140,902,1138,957
0,1141,900,1130,962
0,1141,902,1105,973
0,1176,920,1093,979
0,1175,921,1092,973
0,1177,900,1097,951
0,1176,874,1100,943
0,1161,868,1100,943
0,1176,883,1105,946
0,1141,850,1109,947
0,1157,869,1141,941
0,1151,870,1148,922
0,1149,905,1150,911
0,1174,871,1150,911
0,1197,862,1150,911
0,1187,857,1150,911
0,1188,876,1146,911
0,1216,892,1141,911
0,1202,879,1141,911
0,1201,888,1141,911
0,1191,874,1141,911
0,1200,863,1144,911
0,1183,894,1162,905
0,1203,932,1171,897
0,1207,921,1175,885
0,1242,915,1176,884
0,1240,894,1177,883
0,1230,884,1178,883
0,1266,885,1178,883
0,1243,865,1176,885
0,1269,866,1172,903
0,1263,893,1172,903
0,1278,887,1195,908
0,1284,874,1195,908
0,1268,881,1195,908
0,1276,889,1195,908
0,1302,900,1204,906
0,1315,911,1209,905
0,1302,924,1224,901
0,1305,924,1230,901
0,1302,924,1230,901
0,1342,916,1239,902
0,1358,928,1264,919
0,1360,938,1272,945
0,1360,953,1278,961
0,1349,943,1273,985
0,1342,938,1272,996
0,1335,946,1273,1004
0,1334,926,1275,1007
0,1327,920,1313,1020
0,1321,909,1353,1022
0,1323,941,1353,1022
0,1346,946,1316,983
0,1348,941,1301,968
0,1374,946,1297,959
0,1391,937,1293,949
0,1383,960,1293,948
0,1366,962,1293,948
0,1375,942,1293,948
0,1355,958,1315,958
0,1371,981,1357,975
0,1372,1000,1359,976
0,1360,992,1359,976
0,1384,955,1361,975
0,1377,957,1362,973
0,1383,955,1362,973
0,1388,969,1362,978
0,1387,985,1362,990
0,1406,1003,1364,999
0,1373,994,1366,1001
0,1384,1029,1369,1001
0,1375,959,1377,1000
0,1387,941,1380,998
0,1384,932,1386,995
0,1379,931,1386,990
0,1381,942,1386,989
0,1369,950,1383,983
0,1364,934,1371,965
0,1367,931,1359,936
0,1354,928,1357,927
0,1382,917,1360,925
0,1384,918,1360,925
0,1323,925,1366,921
0,1347,938,1370,916
0,1380,893,1370,916
0,1388,908,1370,916
0,1368,921,1370,914
0,1344,918,1370,912
0,1338,937,1344,917
0,1363,899,1339,918
0,1386,910,1322,926
0,1398,912,1322,926
0,1403,929,1322,926
0,1403,925,1322,926
0,1405,923,1322,926
0,1384,958,1339,929
0,1417,985,1352,929
0,1407,971,1359,928
0,1402,960,1363,924
0,1387,922,1367,924
0,1390,932,1367,924
0,1380,948,1367,946
0,1362,944,1367,955
0,1359,949,1372,967
0,1341,942,1372,967
0,1335,974,1372,967
0,1321,970,1372,960
0,1349,967,1375,958
0,1340,975,1376,950
0,1356,980,1376,947
0,1368,987,1373,946
0,1392,986,1334,955
0,1379,962,1319,962
0,1396,947,1317,969
0,1397,968,1316,975
0,1403,972,1316,978
0,1404,988,1316,978
0,1381,985,1320,984
0,1384,1015,1322,986
0,1360,1025,1342,988
0,1344,1006,1345,985
0,1342,994,1359,977
0,1321,1044,1364,976
0,1309,933,1371,976
0,1309,935,1376,981
0,1322,931,1381,994
0,1296,917,1385,997
0,1295,927,1385,997
0,1268,941,1380,1000
0,1301,949,1363,994
0,1290,937,1329,975
0,1282,936,1308,948
0,1299,933,1303,944
0,1285,943,1303,944
0,1270,957,1296,946
0,1254,950,1281,954
0,1232,953,1279,956
0,1220,941,1278,960
0,1227,930,1277,963
0,1217,931,1277,963
0,1256,910,1277,963
0,1255,889,1239,964
0,1237,883,1191,964
0,1258,880,1190,964
0,1270,867,1190,964
0,1263,860,1190,964
0,1286,846,1199,960
0,1291,849,1224,946
0,1296,850,1231,932
0,1283,841,1235,926
0,1278,826,1236,922
0,1251,828,1237,912
0,1225,837,1241,898
0,1221,837,1247,887
0,1202,862,1247,887
0,1217,835,1249,880
0,1212,851,1249,879
0,1201,837,1246,870
0,1196,822,1246,870
0,1180,816,1240,870
0,1197,794,1230,873
0,1201,804,1228,874
0,1193,785,1228,874
0,1188,783,1226,875
0,1205,782,1225,875
0,1197,804,1221,869
0,1176,818,1221,860
0,1197,805,1221,854
0,1181,785,1213,843
0,1199,782,1203,827
0,1221,762,1196,816
0,1211,768,1185,807
0,1230,773,1179,804
0,1225,731,1177,803
0,1214,750,1177,803
0,1243,745,1177,803
0,1262,727,1177,803
0,1243,700,1177,803
0,1245,698,1177,803
0,1254,704,1189,803
0,1279,676,1248,805
0,1262,681,1252,805
0,1267,682,1253,804
0,1246,663,1244,765
0,1267,656,1260,747
0,1274,655,1264,735
0,1258,668,1264,733
0,1275,700,1264,729
0,1275,681,1264,712
0,1282,689,1263,700
0,1275,698,1258,690
0,1281,721,1258,689
0,1272,704,1250,692
0,1278,709,1226,732
0,1257,708,1226,733
0,1240,710,1228,739
0,1208,724,1228,739
0,1180,745,1228,739
0,1174,739,1228,739
0,1192,735,1235,741
0,1187,738,1239,741
0,1200,726,1240,741
0,1190,688,1240,741
0,1186,693,1236,751
0,1177,684,1217,777
0,1153,678,1208,797
0,1137,686,1208,797
0,1123,655,1208,797
0,1107,638,1208,802
0,1087,634,1208,802
0,1091,628,1208,802
0,1088,601,1194,773
0,1083,581,1164,754
0,1074,591,1151,752
0,1084,612,1122,724
0,1072,608,1105,700
0,1095,604,1105,699
0,1111,585,1097,690
0,1118,570,1078,672
0,1125,563,1076,670
0,1118,543,1076,670
0,1110,546,1076,670
0,1092,533,1078,667
0,1088,512,1129,636
0,1095,507,1134,623
0,1078,527,1135,608
0,1061,528,1135,590
0,1077,530,1133,571
0,1074,522,1131,557
0,1054,499,1125,531
0,1067,495,1119,497
0,1086,494,1118,496
0,1100,484,1102,494
0,1109,471,1032,521
0,1125,469,1032,522
0,1138,475,1032,522
0,1147,472,1032,522
0,1142,458,1032,522
0,1123,458,1038,519
0,1122,451,1072,512
0,1133,470,1074,514
0,1160,487,1074,519
0,1146,487,1073,520
0,1168,477,1073,520
0,1173,486,1073,520
0,1176,479,1075,514
0,1163,461,1087,510
0,1167,503,1107,525
0,1150,469,1129,538
0,1134,477,1190,543
0,1131,489,1211,543
0,1144,473,1211,537
0,1136,470,1204,528
0,1181,471,1203,527
0,1181,455,1200,527
0,1189,456,1162,528
0,1183,456,1145,531
0,1173,445,1145,531
0,1172,470,1145,531
0,1189,438,1145,531
0,1194,430,1145,521
0,1188,416,1150,516
0,1208,436,1151,515
0,1199,440,1155,514
0,1218,420,1160,509
0,1210,401,1164,502
0,1255,392,1167,500
0,1264,362,1167,494
0,1246,376,1167,478
0,1207,397,1167,459
0,1226,401,1178,431
0,1223,365,1185,420
0,1232,353,1206,397
0,1233,350,1207,395
0,1239,378,1207,395
0,1265,357,1207,395
0,1266,367,1207,395
0,1259,378,1206,409
0,1244,392,1206,411
0,1251,398,1206,411
0,1262,393,1218,403
0,1254,387,1239,388
0,1253,367,1243,386
0,1276,405,1247,383
0,1279,406,1247,383
0,1234,439,1245,391
0,1236,419,1244,404
0,1266,405,1244,404
0,1253,392,1244,404
0,1248,396,1243,410
0,1231,395,1243,444
0,1238,418,1248,460
0,1231,463,1248,462
0,1252,464,1250,462
0,1231,468,1250,462
0,1242,477,1252,462
0,1244,466,1258,461
0,1245,478,1269,459
0,1227,495,1254,471
0,1216,511,1240,492
0,1191,501,1236,503
0,1175,508,1232,513
0,1189,476,1229,519
0,1151,466,1224,525
0,1152,467,1224,525
0,1148,453,1199,541
0,1102,439,1197,543
0,1119,439,1192,544
0,1103,407,1183,544
0,1122,419,1174,544
0,1133,445,1158,534
0,1149,417,1145,512
0,1156,398,1143,511
0,1158,350,1142,503
0,1162,374,1142,499
0,1187,394,1142,499
0,1212,373,1145,498
0,1229,379,1154,486
0,1260,383,1156,471
0,1257,371,1154,465
0,1250,357,1154,457
1,933,554,954,534
1,925,546,954,534
1,916,518,954,534
1,922,498,954,534
1,939,516,954,534
1,950,495,958,530
1,951,476,959,529
1,939,469,965,532
1,958,489,965,532
1,949,480,965,532
1,938,473,968,538
1,932,450,968,538
1,928,450,968,538
1,928,447,968,538
1,945,431,968,538
1,940,411,968,537
1,938,402,970,518
1,915,406,970,510
1,910,420,970,508
1,918,431,970,508
1,936,403,970,508
1,944,377,970,508
1,948,403,969,502
1,955,408,968,496
1,958,393,968,492
1,979,391,966,490
1,975,386,966,490
1,959,366,966,490
1,976,363,966,490
1,951,400,966,490
1,924,394,966,480
1,919,419,970,456
1,916,432,970,447
1,910,422,970,447
1,911,402,970,447
1,928,375,970,447
1,947,404,967,447
1,966,423,923,447
1,954,409,919,447
1,958,430,919,447
1,955,422,916,440
1,964,420,913,436
1,954,398,913,436
1,978,402,913,436
1,972,394,919,441
1,983,390,923,450
1,989,396,933,465
1,979,416,940,471
1,984,423,940,471
1,993,415,940,471
1,980,415,969,458
1,963,406,970,458
1,971,394,975,455
1,976,389,978,451
1,990,385,978,451
1,986,385,977,449
1,1002,394,963,447
1,1017,400,960,445
1,1042,392,958,445
1,1022,387,958,445
1,1025,396,958,448
1,1000,396,975,464
1,992,406,980,464
1,1015,394,1023,463
1,1001,407,1047,456
1,984,446,1058,454
1,961,462,1058,454
1,959,470,1058,454
1,975,497,1060,445
1,981,504,1052,445
1,973,510,1016,455
1,947,489,995,468
1,938,493,965,488
1,924,511,965,490
1,935,525,971,503
1,923,542,977,511
1,937,551,979,513
1,948,574,979,513
1,951,578,979,513
1,949,580,965,533
1,938,606,949,559
1,948,626,946,572
1,938,597,947,583
1,937,584,949,596
1,953,599,955,606
1,952,623,957,608
1,959,609,957,608
1,954,621,957,613
1,974,606,957,613
1,944,596,957,613
1,944,595,951,613
1,924,589,948,613
1,924,586,948,613
1,908,591,948,617
1,914,611,948,617
1,924,613,948,617
1,955,608,948,617
1,970,611,916,612
1,994,623,861,607
1,1005,637,861,607
1,1022,633,861,607
1,1024,632,861,607
1,1023,627,868,610
1,1028,608,915,627
1,1029,640,988,649
1,1039,654,998,653
1,1069,657,998,653
1,1073,645,998,653
1,1060,656,998,653
1,1025,643,998,653
1,1010,658,998,653
1,1017,664,1003,653
1,1006,635,1030,655
1,1019,617,1031,655
1,1015,640,1037,659
1,1033,666,1037,660
1,1028,671,1036,665
1,1026,702,1036,666
1,1021,676,1036,666
1,995,690,1036,667
1,972,695,1035,671
1,981,716,1029,680
1,960,714,1029,680
1,964,725,1029,680
1,967,725,1029,680
1,976,725,1004,686
1,988,709,986,688
1,981,720,986,688
1,1008,690,986,688
1,1023,676,986,688
1,1015,675,984,707
1,1029,675,985,725
1,1022,685,989,739
1,1017,680,997,750
1,1004,661,1012,744
1,1010,676,1036,732
1,1031,667,1039,725
1,1028,673,1039,725
1,1022,677,1039,725
1,1036,681,1039,725
1,1039,679,1034,719
1,1025,682,1028,717
1,996,681,1016,716
1,994,712,1011,716
1,990,728,1011,716
1,998,740,1011,713
1,990,708,1011,711
1,976,714,1011,711
1,982,732,1011,711
1,984,718,1011,711
1,969,713,1008,714
1,948,708,999,724
1,967,719,999,724
1,987,733,996,727
1,995,729,989,733
1,991,724,985,736
1,964,727,978,738
1,979,718,966,740
1,981,710,964,740
1,1004,734,964,740
1,1002,739,964,740
1,1007,721,964,740
1,996,711,963,740
1,1004,704,963,740
1,1008,694,963,740
1,1008,708,968,740
1,1036,716,975,742
1,1040,733,981,747
1,1045,754,987,755
1,1043,768,994,761
1,1034,738,1001,761
1,1038,722,1027,761
1,1049,709,1028,761
1,1027,689,1044,764
1,1039,689,1044,765
1,1057,683,1046,775
1,1058,697,1049,786
1,1075,675,1049,788
1,1074,663,1049,789
1,1104,662,1056,780
1,1094,660,1074,765
1,1087,688,1075,764
1,1091,697,1075,764
1,1103,690,1081,757
1,1112,700,1094,744
1,1094,691,1103,736
1,1088,698,1111,729
1,1104,692,1111,729
1,1108,685,1111,729
1,1112,684,1118,736
1,1089,696,1122,739
1,1090,689,1122,741
1,1087,705,1122,741
1,1087,714,1124,744
1,1094,727,1126,746
1,1073,758,1126,748
1,1065,774,1128,749
1,1069,753,1127,755
1,1061,751,1106,772
1,1085,761,1093,788
1,1087,781,1093,789
1,1076,779,1086,802
1,1083,774,1083,812
1,1104,752,1083,812
1,1089,750,1083,812
1,1102,713,1083,812
1,1103,705,1082,812
1,1083,706,1071,814
1,1095,707,1071,814
1,1093,676,1067,813
1,1108,678,1065,807
1,1111,664,1064,798
1,1101,695,1069,791
1,1095,693,1078,783
1,1114,691,1083,775
1,1108,681,1086,767
1,1103,679,1088,760
1,1087,677,1093,751
1,1092,685,1093,749
1,1076,692,1094,749
1,1085,685,1094,746
1,1096,690,1091,739
1,1098,700,1086,732
1,1131,708,1084,732
1,1087,683,1080,730
1,1077,689,1050,729
1,1104,669,1047,729
1,1102,678,1047,729
1,1118,695,1047,735
1,1101,663,1048,736
1,1105,683,1048,736
1,1121,670,1069,734
1,1145,645,1073,732
1,1132,655,1090,722
1,1119,646,1097,717
1,1124,640,1103,709
1,1143,630,1109,703
1,1139,618,1119,690
1,1102,618,1121,673
1,1090,635,1122,661
1,1110,618,1124,648
1,1114,666,1124,647
1,1131,690,1124,641
1,1126,693,1123,634
1,1140,686,1121,630
1,1151,656,1121,630
1,1155,656,1107,634
1,1164,666,1099,644
1,1155,668,1097,657
1,1159,673,1097,661
1,1151,683,1100,663
1,1143,696,1108,663
1,1164,684,1108,663
1,1161,679,1109,663
1,1159,681,1132,667
1,1123,696,1132,667
1,1134,689,1145,675
1,1118,681,1146,677
1,1105,673,1146,677
1,1097,668,1147,677
1,1107,656,1147,677
1,1111,664,1147,677
1,1110,664,1147,677
1,1136,654,1147,677
1,1122,662,1147,677
1,1137,674,1147,677
1,1156,709,1136,668
1,1162,688,1125,662
1,1160,708,1122,657
1,1170,712,1122,656
1,1167,693,1122,656
1,1147,693,1122,656
1,1161,710,1122,666
1,1144,710,1122,673
1,1133,724,1124,684
1,1154,736,1126,686
1,1156,756,1133,695
1,1153,757,1138,698
1,1134,726,1144,699
1,1112,702,1151,699
1,1117,701,1163,699
1,1167,678,1174,698
1,1133,674,1185,692
1,1117,672,1185,689
1,1119,699,1185,682
1,1112,706,1183,679
1,1118,697,1177,674
1,1131,690,1177,674
1,1140,699,1172,672
1,1111,704,1156,669
1,1160,698,1149,669
1,1160,719,1130,675
1,1168,705,1120,680
1,1183,711,1114,685
1,1172,698,1114,691
1,1164,686,1113,699
1,1198,662,1115,703
1,1194,678,1122,708
1,1199,655,1127,709
1,1206,657,1132,709
1,1228,653,1151,709
1,1231,635,1170,705
1,1231,627,1178,702
1,1228,645,1203,690
1,1247,628,1228,676
1,1260,616,1238,670
1,1240,617,1246,659
1,1236,635,1250,647
1,1225,637,1250,646
1,1214,644,1248,641
1,1244,656,1240,635
1,1257,652,1229,633
1,1264,655,1225,633
1,1268,650,1225,633
1,1254,660,1215,634
1,1270,657,1212,637
1,1239,651,1212,637
1,1239,617,1212,647
1,1231,602,1220,663
1,1215,605,1230,671
1,1227,624,1236,673
1,1194,617,1243,675
1,1193,608,1244,675
1,1201,601,1244,675
1,1196,604,1246,669
1,1181,605,1244,655
1,1158,594,1239,646
1,1148,627,1235,639
1,1167,632,1226,629
1,1172,642,1223,619
1,1166,657,1219,616
1,1163,650,1219,616
1,1145,641,1219,616
1,1125,623,1219,616
1,1083,626,1219,616
1,1089,600,1215,617
1,1095,622,1207,631
1,1082,622,1206,633
1,1119,650,1206,633
1,1110,671,1206,634
1,1101,667,1206,634
1,1092,691,1197,639
1,1079,687,1197,639
1,1051,688,1196,642
1,1063,686,1189,658
1,1057,691,1176,668
1,1053,698,1175,669
1,1075,684,1166,674
1,1073,666,1139,688
1,1068,689,1114,698
1,1050,671,1105,702
1,1058,694,1105,702
1,1049,715,1105,702
1,1035,709,1105,702
1,1039,712,1105,702
1,1033,746,1104,701
1,1032,772,1096,699
1,1022,763,1091,696
1,1033,772,1088,696
1,1032,748,1078,697
1,1029,734,1062,700
1,1037,744,1058,715
1,1031,728,1058,717
1,1017,735,1058,729
1,1039,736,1058,738
1,1038,733,1058,739
1,1030,710,1058,739
1,1013,688,1058,739
1,1038,675,1058,739
1,1037,689,1055,739
1,1022,686,1044,724
1,1022,679,1014,707
1,1005,682,1007,700
1,1021,686,1005,693
1,1032,691,1001,682
1,1061,680,999,679
1,1070,690,998,672
1,1082,717,997,669
1,1108,719,995,669
1,1104,737,995,668
1,1105,740,999,664
1,1112,745,1022,671
1,1112,746,1131,716
1,1109,807,1158,728
1,1146,821,1158,729
1,1129,809,1173,750
1,1102,790,1177,763
1,1090,772,1212,789
1,1090,779,1212,789
1,1088,795,1212,789
1,1082,771,1212,789
1,1084,747,1209,791
1,1081,758,1186,792
1,1078,736,1181,792
1,1088,709,1156,781
1,1082,716,1121,766
1,1087,709,1090,742
1,1094,672,1070,714
1,1082,677,1054,699
1,1092,655,1050,692
1,1093,651,1050,692
1,1087,678,1050,692
1,1108,677,1050,692
1,1105,670,1050,692
1,1116,707,1053,695
1,1146,677,1071,710
1,1139,669,1080,714
1,1111,661,1082,715
1,1125,646,1096,725
1,1126,658,1112,735
1,1163,661,1113,735
1,1177,660,1115,726
1,1166,663,1115,718
1,1181,686,1115,712
1,1184,668,1114,710
1,1155,658,1123,698
1,1131,640,1124,696
1,1161,645,1126,693
1,1169,655,1126,690
1,1179,646,1129,686
1,1157,657,1132,682
1,1159,651,1133,680
1,1178,633,1137,672
1,1152,641,1137,665
1,1146,637,1137,662
1,1149,623,1138,661
1,1140,587,1141,649
1,1162,575,1144,641
1,1167,592,1146,637
1,1159,594,1146,637
1,1145,583,1146,637
1,1135,585,1146,637
1,1137,604,1150,629
1,1123,615,1156,614
1,1122,616,1157,607
1,1141,627,1159,600
1,1145,629,1159,599
1,1150,669,1159,599
1,1150,661,1138,619
1,1145,648,1136,637
1,1132,625,1136,644
1,1166,626,1136,651
1,1198,648,1132,667
1,1191,664,1129,671
1,1201,697,1129,671
1,1198,694,1129,671
1,1222,688,1129,671
1,1241,694,1130,670
1,1245,699,1141,660
1,1222,674,1152,653
1,1263,679,1152,653
1,1258,654,1157,660
1,1262,659,1159,665
1,1275,652,1159,665
1,1271,655,1159,665
1,1278,668,1159,665
1,1282,680,1162,665
1,1289,691,1163,665
1,1269,679,1172,657
1,1273,665,1175,654
1,1272,674,1178,654
1,1278,683,1180,653
1,1277,682,1180,653
1,1276,689,1182,652
1,1271,699,1183,651
1,1295,737,1183,651
1,1301,747,1183,651
1,1280,750,1183,651
1,1256,744,1183,651
1,1269,732,1187,653
1,1248,710,1206,674
1,1229,745,1281,724
1,1235,744,1289,744
1,1218,740,1291,750
1,1215,740,1293,757
1,1200,720,1293,757
1,1192,706,1293,757
1,1192,718,1186,730
1,1210,722,1183,727
1,1221,694,1183,727
1,1211,693,1183,726
1,1206,709,1181,717
1,1201,697,1181,714
1,1224,702,1184,708
1,1218,701,1185,705
1,1220,709,1185,705
1,1212,700,1185,705
1,1217,674,1185,705
1,1211,673,1185,705
1,1225,651,1185,705
1,1218,656,1185,705
1,1203,672,1185,705
1,1218,670,1185,705
1,1215,666,1185,705
1,1210,662,1185,705
1,1209,668,1185,705
1,1190,657,1185,705
1,1175,647,1185,705
1,1169,621,1194,705
1,1173,633,1198,703
1,1165,602,1201,702
1,1180,603,1201,702
1,1175,599,1201,702
1,1196,570,1201,702
1,1195,568,1201,702
1,1213,607,1201,702
1,1211,595,1193,702
1,1192,601,1177,661
1,1177,580,1113,505
1,1210,593,1095,480
1,1205,572,1095,480
1,1206,581,1095,480
1,1198,603,1095,486
1,1185,601,1114,542
1,1172,590,1154,606
1,1182,595,1160,612
1,1172,603,1169,603
1,1165,590,1190,588
1,1182,577,1190,588
1,1169,588,1190,588
1,1160,595,1190,588
1,1154,585,1190,588
1,1135,586,1191,588
1,1130,575,1192,595
1,1118,595,1193,601
1,1115,616,1193,604
1,1086,593,1193,604
1,1084,592,1193,604
1,1065,574,1193,604
1,1083,587,1193,604
1,1081,582,1193,604
1,1066,573,1193,604
1,1084,582,1193,604
1,1100,612,1193,604
1,1102,623,1193,604
1,1134,636,1193,604
1,1114,655,1193,604
1,1111,649,1193,604
1,1096,650,1193,604
1,1108,654,1166,651
1,1090,669,1156,696
1,1118,673,1171,730
1,1108,684,1172,745
1,1080,673,1172,757
1,1082,663,1171,759
1,1087,681,1171,759
1,1118,663,1135,744
1,1132,660,1091,725
1,1147,658,1091,720
1,1124,643,1091,711
1,1106,668,1096,708
1,1098,686,1104,706
1,1085,718,1131,699
1,1099,706,1182,693
1,1103,723,1182,693
1,1127,734,1182,693
1,1145,737,1182,693
1,1117,745,1182,704
1,1129,754,1172,723
1,1151,729,1169,728
1,1146,712,1169,729
1,1153,740,1159,744
1,1148,765,1156,748
1,1133,792,1148,752
1,1112,790,1140,755
1,1127,779,1140,755
1,1118,802,1136,756
1,1121,782,1135,756
1,1132,789,1135,756
1,1157,788,1135,756
1,1152,791,1135,756
1,1187,794,1135,756
1,1176,792,1135,756
1,1164,816,1135,756
1,1188,813,1135,756
1,1156,815,1135,756
1,1146,817,1135,756
1,1145,835,1141,764
1,1127,821,1145,772
1,1135,803,1146,774
1,1140,786,1147,777
1,1164,770,1147,777
1,1153,753,1147,777
1,1178,736,1147,777
1,1173,723,1149,779
1,1188,728,1149,779
1,1190,727,1149,780
1,1180,716,1151,781
1,1181,701,1154,782
1,1159,706,1154,782
1,1179,698,1154,782
1,1190,711,1154,782
1,1193,706,1155,782
1,1187,674,1174,760
1,1182,663,1195,727
1,1169,678,1196,719
1,1149,684,1200,707
1,1144,679,1200,692
1,1152,669,1200,685
1,1172,669,1200,684
1,1157,667,1190,677
1,1151,651,1176,674
1,1149,647,1176,673
1,1144,633,1176,673
1,1128,641,1176,673
1,1119,622,1176,673
1,1133,627,1176,673
1,1144,635,1176,673
1,1137,630,1176,673
1,1131,617,1176,673
1,1133,613,1168,684
1,1136,605,1152,701
1,1143,613,1152,702
1,1153,600,1152,702
1,1137,589,1152,702
1,1136,590,1152,702
1,1136,581,1135,674
1,1116,551,1128,662
1,1129,540,1122,647
1,1118,499,1121,645
1,1144,496,1119,638
1,1181,521,1116,631
1,1183,521,1114,629
1,1190,520,1114,629
1,1176,532,1114,629
1,1175,533,1114,629
1,1150,518,1114,629
1,1167,551,1114,629
1,1139,517,1114,629
1,1160,503,1123,613
1,1170,506,1147,593
1,1175,499,1158,586
1,1176,473,1171,571
1,1180,493,1185,558
1,1183,513,1185,557
1,1195,508,1192,547
1,1166,507,1192,547
1,1144,513,1192,547
1,1120,505,1192,547
1,1100,512,1189,555
1,1096,535,1186,563
1,1088,531,1186,563
1,1089,531,1186,563
1,1078,541,1185,565
1,1079,544,1119,586
1,1046,543,1104,591
1,1034,563,1086,599
1,1002,553,1052,605
1,1005,522,1051,605
1,973,530,1051,605
1,982,512,1051,605
1,1004,500,1051,605
1,1014,494,1051,605
1,993,511,1051,603
1,992,518,1055,592
1,1005,504,1055,582
1,989,505,1053,568
1,955,502,1051,552
1,980,492,1044,529
1,1008,471,1039,521
1,1007,498,1029,510
1,1021,512,1002,486
1,1021,518,988,474
1,1042,544,982,472
1,1035,535,976,472
1,1047,516,969,472
1,1030,490,961,478
1,1051,478,961,498
1,1046,464,992,536
1,1034,458,1002,546
1,1009,444,1008,549
1,1004,444,1012,549
1,1018,479,1029,542
1,984,470,1029,538
1,978,477,1029,526
1,976,482,1022,516
1,957,488,1021,514
1,946,501,1021,514
1,963,508,996,514
1,949,476,987,513
1,971,474,987,513
1,955,470,979,516
1,967,460,975,520
1,947,427,973,525
1,946,395,972,527
1,978,401,972,528
1,976,391,972,528
1,978,389,975,524
1,984,375,991,504
1,972,334,995,485
1,999,316,999,476
1,995,287,999,472
1,996,291,995,462
1,1026,287,992,450
1,1023,291,990,438
1,1060,303,994,411
1,1069,279,1024,297
1,1049,294,1025,276
1,1041,288,1025,276
1,1044,299,1071,260
1,1050,292,1147,249
1,1046,282,1149,248
1,1049,296,1151,261
1,1071,277,1152,272
1,1094,287,1148,285
1,1101,271,1127,298
1,1108,274,1093,312
1,1116,256,1083,314
1,1100,256,1078,316
1,1081,247,1076,317
1,1082,238,1076,317
1,1098,238,1076,317
1,1104,220,1076,317
1,1108,216,1076,317
1,1118,221,1082,315
1,1156,219,1112,291
1,1137,245,1116,282
1,1125,215,1120,270
1,1131,200,1127,260
1,1134,203,1130,256
1,1096,222,1135,252
1,1110,214,1155,252
1,1120,212,1163,251
1,1112,236,1163,251
1,1088,236,1163,251
1,1110,215,1163,251
1,1095,199,1163,251
1,1082,201,1163,251
1,1122,181,1163,251
1,1142,175,1163,251
1,1176,178,1118,248
1,1172,188,1087,247
1,1180,159,1087,247
1,1187,160,1087,247
1,1182,141,1087,247
1,1180,130,1087,247
1,1197,120,1087,247
1,1197,147,1087,247
1,1187,179,1087,247
1,1200,209,1087,247
1,1217,183,1150,247
1,1206,182,1175,247
1,1201,174,1175,247
1,1215,162,1175,247
1,1222,133,1175,247
1,1231,137,1175,247
1,1211,174,1179,248
1,1204,175,1179,248
1,1192,187,1189,248
1,1185,168,1195,245
1,1199,185,1199,243
1,1209,188,1209,233
1,1194,177,1210,233
1,1163,183,1210,233
1,1179,160,1210,233
1,1169,137,1210,233
1,1176,141,1210,233
1,1184,105,1206,233
1,1178,96,1185,233
1,1178,105,1183,233
1,1199,95,1183,233
1,1185,108,1183,233
1,1198,126,1182,233
1,1215,93,1175,211
1,1222,93,1164,167
1,1228,90,1158,148
1,1214,98,1157,145
1,1200,123,1157,145
1,1171,131,1157,145
1,1191,122,1171,145
1,1198,95,1211,138
1,1193,84,1287,116
1,1195,80,1285,81
1,1192,92,1263,81
1,1172,94,1231,104
1,1175,99,1208,130
1,1173,100,1192,164
1,1166,90,1191,165
1,1175,93,1191,163
1,1166,88,1193,144
1,1171,82,1192,123
1,1164,54,1190,117
1,1179,91,1190,117
1,1188,92,1166,125
1,1188,77,1154,125
1,1210,78,1127,121
1,1213,85,1120,121
1,1196,106,1120,121
1,1195,112,1120,121
1,1182,116,1120,121
1,1172,122,1156,115
1,1174,96,1199,105
1,1220,94,1200,104
1,1227,76,1203,96
1,1222,82,1203,92
1,1216,103,1201,91
1,1221,72,1190,93
1,1197,92,1189,93
1,1187,103,1185,99
1,1195,98,1187,107
1,1189,87,1194,116
1,1228,102,1197,118
1,1195,103,1200,121
1,1215,118,1205,125
1,1200,125,1205,125
1,1176,107,1205,125
1,1176,123,1205,125
1,1175,121,1205,125
1,1173,149,1205,125
1,1209,152,1205,125
1,1207,143,1205,125
1,1203,192,1205,125
1,1193,180,1205,125
1,1197,190,1199,125
1,1187,203,1187,124
1,1194,212,1187,124
1,1185,223,1185,125
1,1197,239,1180,136
1,1189,234,1186,186
1,1194,206,1189,225
1,1210,189,1192,257
1,1206,183,1197,314
1,1211,178,1198,319
1,1258,172,1198,321
1,1248,166,1199,322
1,1253,168,1201,322
1,1257,158,1200,306
1,1266,174,1204,262
1,1265,185,1218,236
1,1268,165,1221,234
1,1289,201,1221,234
1,1301,198,1221,234
1,1332,190,1245,226
1,1331,198,1248,224
1,1361,200,1248,224
1,1343,187,1248,224
1,1329,186,1250,224
1,1355,193,1256,231
1,1343,195,1265,238
1,1333,171,1279,243
1,1324,142,1285,245
1,1334,147,1285,245
1,1352,178,1285,244
1,1355,177,1285,237
1,1358,179,1285,233
1,1345,173,1282,229
1,1315,179,1279,224
1,1336,193,1279,223
1,1348,170,1280,219
1,1368,152,1307,217
1,1342,163,1309,217
1,1347,188,1320,212
1,1351,199,1331,209
1,1384,229,1356,200
1,1370,244,1356,200
1,1340,224,1356,200
1,1328,200,1356,199
1,1326,198,1362,193
1,1324,208,1366,188
1,1339,206,1366,188
1,1323,212,1366,188
1,1334,201,1366,188
1,1336,179,1366,188
1,1349,178,1366,188
1,1333,179,1366,188
1,1298,184,1341,190
1,1310,173,1323,192
1,1312,175,1319,194
1,1331,179,1316,195
1,1310,175,1314,199
1,1309,191,1314,200
1,1298,177,1314,200
1,1290,189,1311,206
1,1271,209,1311,206
1,1265,164,1311,206
1,1254,179,1318,214
1,1233,175,1319,216
1,1271,186,1320,218
1,1258,178,1321,218
1,1255,142,1323,220
1,1282,140,1324,220
1,1267,141,1324,220
1,1238,122,1324,220
1,1245,98,1326,220
1,1249,88,1347,219
1,1246,98,1348,218
1,1252,93,1353,216
1,1267,99,1357,214
1,1249,95,1364,209
1,1253,97,1364,209
1,1250,85,1375,200
1,1254,86,1378,199
1,1253,83,1378,199
1,1256,69,1378,190
1,1275,74,1377,186
1,1247,66,1369,180
1,1272,75,1366,179
1,1271,119,1359,177
1,1289,89,1348,172
1,1294,88,1328,162
1,1272,78,1308,150
1,1267,97,1290,139
1,1269,106,1275,129
1,1262,109,1272,128
1,1259,118,1272,128
1,1265,100,1272,128
1,1264,84,1272,128
1,1256,87,1274,127
1,1256,78,1275,127
1,1250,78,1282,121
1,1278,72,1283,119
1,1264,60,1287,112
1,1290,67,1289,109
1,1301,77,1289,109
1,1292,96,1276,110
1,1300,106,1272,111
1,1296,117,1272,111
1,1282,98,1272,111
1,1278,86,1272,111
1,1304,79,1272,111
1,1327,77,1274,115
1,1320,68,1294,130
1,1326,71,1294,130
1,1320,50,1294,130
1,1304,93,1294,130
1,1326,120,1294,130
1,1307,112,1294,130
1,1283,139,1294,130
1,1250,149,1294,130
1,1247,147,1294,130
1,1253,136,1294,130
1,1256,122,1294,130
1,1282,119,1294,130
1,1280,119,1294,130
1,1293,110,1294,130
1,1281,112,1294,130
1,1271,115,1294,130
1,1291,100,1294,130
1,1316,83,1294,130
1,1326,102,1294,130
1,1328,112,1294,130
1,1342,121,1294,130
1,1344,140,1294,130
1,1360,120,1297,131
1,1343,111,1298,131
1,1352,111,1298,131
1,1342,98,1298,131
1,1329,123,1299,131
1,1316,125,1300,133
1,1307,114,1319,140
1,1312,137,1346,142
1,1316,115,1346,140
1,1317,144,1346,128
1,1309,124,1346,124
1,1330,117,1346,119
1,1318,121,1348,109
1,1307,129,1348,109
1,1304,123,1348,109
1,1318,131,1346,112
1,1337,134,1344,115
1,1331,125,1342,115
1,1328,104,1334,116
1,1362,108,1327,118
1,1374,115,1327,118
1,1383,121,1327,118
1,1405,134,1314,115
1,1429,145,1313,113
1,1423,149,1313,113
1,1413,160,1313,113
1,1434,149,1317,115
1,1389,150,1370,145
1,1393,145,1409,195
1,1396,142,1432,221
1,1378,124,1451,242
1,1383,136,1455,246
1,1373,116,1457,246
1,1379,122,1455,245
1,1400,127,1445,230
1,1402,108,1423,209
1,1420,96,1421,206
1,1398,92,1421,206
1,1395,94,1419,206
1,1384,115,1419,206
1,1398,102,1418,204
1,1401,93,1416,197
1,1396,98,1416,183
1,1399,107,1409,160
1,1368,137,1403,141
1,1394,147,1397,122
1,1393,134,1396,117
1,1426,108,1395,107
1,1435,101,1392,97
1,1402,108,1392,95
1,1413,111,1392,95
1,1403,99,1392,95
1,1377,129,1392,105
1,1368,139,1401,144
1,1374,120,1403,155
1,1364,120,1403,159
1,1361,150,1403,159
1,1377,176,1403,159
1,1369,175,1404,159
1,1375,174,1404,166
1,1371,161,1404,169
1,1370,138,1404,178
1,1367,110,1405,190
1,1366,101,1405,203
1,1366,95,1405,204
1,1353,74,1405,204
1,1336,59,1405,206
1,1330,96,1406,206
1,1350,99,1395,188
1,1355,115,1381,160
1,1331,130,1379,158
1,1320,108,1375,152
1,1333,106,1373,148
1,1310,79,1369,145
1,1285,67,1365,138
1,1275,95,1365,138
1,1250,78,1365,138
1,1236,70,1365,138
1,1241,62,1365,138
1,1265,87,1365,138
1,1263,97,1365,138
1,1266,92,1365,138
1,1263,97,1335,140
1,1272,109,1275,143
1,1280,104,1257,143
1,1288,70,1221,146
1,1280,97,1218,148
1,1263,102,1217,148
1,1255,84,1217,148
1,1263,90,1217,148
1,1247,90,1227,146
1,1240,70,1249,136
1,1231,76,1281,123
1,1217,64,1290,116
1,1220,77,1291,115
1,1242,67,1291,115
1,1238,83,1299,100
1,1250,104,1300,93
1,1241,113,1300,88
1,1254,106,1300,88
1,1251,105,1298,88
1,1247,114,1295,88
1,1227,114,1290,88
1,1234,123,1280,93
1,1250,97,1273,97
1,1245,82,1273,97
1,1225,84,1273,97
1,1198,55,1273,97
1,1216,81,1273,97
1,1198,72,1273,97
1,1246,69,1272,97
1,1248,73,1272,100
1,1252,84,1271,106
1,1244,92,1268,113
1,1280,109,1267,114
1,1309,138,1267,114
1,1292,143,1267,114
1,1278,131,1267,114
1,1278,127,1263,113
1,1299,113,1260,110
1,1297,104,1260,110
1,1291,109,1260,109
1,1294,82,1260,109
1,1303,92,1260,109
1,1301,99,1260,109
1,1294,116,1260,109
1,1269,107,1260,109
1,1280,103,1260,109
1,1276,123,1260,109
1,1295,92,1260,109
1,1316,69,1260,109
1,1326,81,1260,109
1,1338,83,1260,109
1,1320,58,1260,109
1,1358,88,1260,109
1,1349,86,1260,109
1,1339,83,1260,109
1,1333,83,1260,109
1,1320,68,1260,109
1,1348,77,1260,109
1,1328,84,1260,109
1,1324,70,1260,109
1,1316,67,1260,109
1,1305,59,1260,109
1,1319,75,1260,109
1,1323,83,1260,109
1,1314,58,1260,109
1,1314,74,1260,109
1,1306,66,1262,109
1,1304,102,1279,112
1,1308,127,1304,113
1,1336,142,1306,113
1,1350,154,1313,113
1,1367,144,1325,108
1,1380,127,1327,106
1,1372,136,1327,106
1,1376,162,1329,117
1,1356,175,1335,146
1,1354,152,1343,156
1,1356,147,1352,169
1,1354,132,1356,174
1,1330,133,1363,178
1,1323,142,1363,178
1,1326,119,1363,178
1,1325,131,1363,174
1,1344,128,1363,160
1,1330,118,1362,155
1,1345,125,1358,148
1,1300,160,1354,144
1,1301,149,1348,142
1,1321,135,1346,142
1,1320,126,1337,147
1,1343,128,1337,148
1,1347,125,1341,151
1,1353,124,1343,152
1,1329,122,1348,154
1,1333,114,1355,154
1,1316,114,1359,155
1,1302,130,1360,155
1,1286,96,1360,155
1,1257,104,1360,155
1,1273,87,1360,155
1,1247,110,1376,150
1,1279,108,1393,141
1,1297,103,1393,137
1,1289,101,1391,127
1,1263,130,1389,123
1,1285,117,1382,120
1,1294,88,1375,119
1,1289,71,1366,118
1,1292,66,1355,116
1,1277,85,1343,118
1,1258,95,1337,121
1,1254,121,1334,126
1,1258,119,1334,126
1,1255,131,1332,131
1,1230,133,1332,131
1,1237,150,1332,135
1,1222,164,1333,141
1,1221,198,1335,148
1,1205,193,1337,151
1,1213,217,1344,153
1,1199,212,1344,154
1,1215,207,1350,154
1,1183,210,1355,153
1,1180,200,1360,149
1,1183,207,1367,139
1,1182,235,1372,132
1,1201,255,1373,130
1,1202,257,1373,126
1,1208,258,1372,119
1,1241,265,1368,112
1,1266,261,1365,109
1,1271,251,1364,107
1,1282,231,1364,107
1,1283,211,1356,110
1,1272,218,1343,144
1,1267,221,1343,157
1,1267,216,1351,172
1,1280,242,1351,173
1,1299,235,1351,182
1,1279,255,1344,194
1,1263,239,1335,206
1,1239,261,1332,209
1,1231,253,1330,211
1,1204,242,1325,216
1,1179,244,1318,223
1,1180,212,1310,227
1,1190,205,1294,238
1,1220,225,1280,245
1,1227,239,1271,249
1,1215,227,1254,253
1,1239,210,1247,255
1,1277,187,1247,255
1,1276,187,1247,255
1,1298,192,1247,255
1,1321,187,1247,255
1,1314,208,1244,255
2,963,522,956,540
2,975,496,956,540
2,967,477,956,540
2,977,500,956,540
2,967,490,956,540
2,941,538,956,540
2,959,549,957,547
2,958,537,958,548
2,952,541,959,548
2,941,532,973,537
2,939,538,979,533
2,924,535,979,533
2,940,547,979,533
2,966,535,977,538
2,948,541,977,543
2,978,549,971,556
2,973,533,969,563
2,956,544,965,567
2,961,518,965,567
2,977,516,965,567
2,965,521,965,567
2,968,529,965,567
2,963,522,965,567
2,946,532,970,560
2,980,557,974,552
2,964,543,974,552
2,995,541,974,552
2,965,560,963,551
2,964,556,911,552
2,952,549,911,552
2,956,554,913,559
2,976,548,928,574
2,971,569,937,577
2,957,576,952,577
2,948,559,957,577
2,949,581,957,577
2,947,572,957,577
2,965,580,951,576
2,958,613,945,579
2,974,613,944,584
2,976,615,945,595
2,954,617,948,600
2,959,624,955,606
2,947,648,965,608
2,955,657,983,611
2,927,643,987,611
2,923,629,989,608
2,915,650,991,604
2,919,646,988,596
2,973,626,979,588
2,985,636,973,585
2,980,639,969,586
2,996,637,963,595
2,1012,654,957,606
2,972,679,957,628
2,962,661,961,642
2,991,662,965,647
2,992,674,968,654
2,990,661,968,654
2,998,658,968,657
2,1009,669,971,671
2,1008,670,973,681
2,1014,654,973,690
2,1020,656,973,691
2,1028,668,973,691
2,1017,679,973,691
2,1004,659,991,693
2,1018,690,1002,690
2,1026,708,1006,689
2,1058,688,1012,687
2,1080,723,1017,684
2,1084,723,1020,684
2,1076,748,1020,684
2,1068,727,1020,684
2,1055,713,1020,684
2,1043,731,1024,686
2,1044,703,1042,697
2,1049,696,1058,711
2,1028,689,1072,721
2,1049,687,1081,735
2,1033,673,1090,746
2,1047,650,1090,746
2,1034,646,1090,746
2,1002,640,1090,746
2,996,649,1077,740
2,978,661,1065,721
2,1007,666,1052,683
2,1006,677,1041,658
2,1015,662,1037,652
2,997,651,1032,642
2,1031,657,1032,642
2,1023,654,1027,632
2,1008,629,1027,631
2,1006,632,1024,642
2,1001,609,1021,653
2,1008,620,1021,665
2,1030,608,1021,665
2,1022,623,1021,673
2,1009,640,1021,673
2,1018,637,1021,673
2,996,659,1021,673
2,990,649,1021,678
2,957,636,1023,681
2,958,664,1023,687
2,964,668,1023,687
2,941,660,1024,687
2,917,656,1024,687
2,927,671,1024,687
2,910,679,1024,687
2,864,672,1013,691
2,880,669,1001,691
2,889,704,986,691
2,890,733,979,691
2,891,735,951,691
2,872,717,930,692
2,865,694,930,692
2,850,699,930,692
2,857,694,930,692
2,869,673,930,697
2,878,671,930,704
2,899,685,930,706
2,890,712,925,710
2,855,684,917,714
2,863,668,916,715
2,837,668,916,715
2,845,683,912,712
2,827,692,910,705
2,838,704,910,702
2,862,715,909,697
2,868,721,903,691
2,882,729,883,681
2,891,736,855,672
2,883,721,849,672
2,896,717,849,672
2,944,709,846,680
2,971,751,843,690
2,953,747,843,694
2,965,744,843,694
2,980,752,847,696
2,955,779,849,698
2,942,764,854,706
2,933,734,860,719
2,926,735,870,733
2,943,736,879,743
2,944,763,887,749
2,958,762,901,756
2,946,749,902,757
2,951,752,902,757
2,964,776,921,749
2,977,801,931,747
2,976,816,931,747
2,1002,839,932,753
2,1004,833,934,761
2,984,842,936,763
2,987,839,942,771
2,957,850,947,788
2,934,842,953,804
2,946,819,956,815
2,939,842,965,832
2,949,832,966,832
2,950,871,966,832
2,948,859,966,832
2,933,855,966,834
2,926,852,966,834
2,952,871,957,838
2,939,861,941,843
2,963,857,939,853
2,963,857,938,855
2,961,858,938,855
2,948,875,940,856
2,959,882,941,860
2,972,861,942,868
2,967,866,940,874
2,958,861,939,878
2,985,865,935,881
2,1016,863,929,887
2,1012,852,927,889
2,1022,842,927,889
2,1040,827,927,889
2,1038,819,927,889
2,1006,838,941,889
2,1010,810,1019,879
2,1012,835,1031,873
2,1069,818,1059,847
2,1059,817,1073,823
2,1074,820,1074,814
2,1052,847,1072,814
2,1020,846,1044,824
2,1034,854,1039,828
2,1035,870,1039,828
2,1002,882,1039,828
2,980,872,1047,823
2,976,888,1053,820
2,965,876,1053,820
2,945,882,1040,831
2,960,871,1012,844
2,953,870,981,857
2,933,880,961,860
2,954,887,960,860
2,955,886,955,862
2,960,874,953,862
2,965,864,953,863
2,941,918,953,864
2,956,914,954,866
2,975,952,960,873
2,973,952,966,879
2,980,942,970,883
2,1002,955,971,883
2,1005,970,986,883
2,1003,973,997,883
2,1017,927,1001,883
2,1032,926,1008,883
2,1038,916,1014,886
2,1041,932,1027,910
2,1055,940,1036,925
2,1058,943,1043,941
2,1063,933,1046,942
2,1071,928,1047,944
2,1079,911,1047,944
2,1102,908,1047,944
2,1115,925,1047,944
2,1109,932,1047,944
2,1083,956,1047,952
2,1096,912,1048,953
2,1100,928,1079,938
2,1125,949,1115,925
2,1122,983,1115,923
2,1130,960,1115,923
2,1115,943,1115,923
2,1119,933,1115,923
2,1139,955,1116,924
2,1121,977,1117,929
2,1101,978,1117,940
2,1080,1014,1117,941
2,1103,996,1122,960
2,1108,989,1128,976
2,1124,964,1144,993
2,1134,984,1146,997
2,1120,966,1146,997
2,1134,982,1145,997
2,1153,955,1145,997
2,1149,991,1142,996
2,1160,982,1139,987
2,1155,992,1135,969
2,1151,1007,1135,965
2,1144,1029,1135,965
2,1152,995,1135,965
2,1173,992,1135,965
2,1185,981,1152,963
2,1188,1003,1160,963
2,1169,1029,1160,963
2,1173,990,1156,960
2,1191,998,1151,957
2,1179,1024,1148,957
2,1175,990,1148,957
2,1154,1014,1148,957
2,1164,977,1148,957
2,1164,990,1160,972
2,1191,967,1166,980
2,1169,961,1171,986
2,1178,976,1172,992
2,1169,981,1172,998
2,1155,984,1170,1001
2,1117,983,1168,1005
2,1125,990,1168,1007
2,1120,976,1168,1007
2,1131,960,1168,1007
2,1144,972,1168,1007
2,1139,965,1113,1003
2,1163,958,1095,996
2,1164,965,1077,988
2,1196,993,1076,982
2,1203,1004,1078,974
2,1190,1009,1084,969
2,1184,1006,1104,962
2,1183,994,1113,958
2,1189,988,1144,965
2,1198,961,1165,973
2,1211,951,1185,987
2,1211,945,1188,990
2,1221,930,1191,992
2,1191,928,1193,998
2,1189,957,1194,1000
2,1208,948,1195,1004
2,1208,926,1196,1006
2,1180,956,1196,1006
2,1180,952,1203,1006
2,1172,929,1206,1004
2,1186,918,1219,997
2,1183,936,1219,997
2,1173,910,1208,989
2,1163,927,1201,984
2,1150,940,1172,965
2,1130,943,1167,953
2,1130,947,1166,943
2,1132,950,1165,929
2,1141,981,1163,917
2,1159,986,1163,914
2,1167,971,1162,914
2,1176,954,1162,914
2,1178,928,1162,914
2,1182,950,1157,914
2,1151,958,1152,914
2,1153,953,1148,922
2,1179,987,1148,931
2,1185,991,1148,931
2,1208,984,1152,935
2,1208,990,1154,936
2,1194,994,1154,936
2,1222,1003,1154,938
2,1220,1016,1154,947
2,1215,983,1154,964
2,1230,988,1154,964
2,1222,988,1161,973
2,1243,960,1174,982
2,1248,935,1185,990
2,1255,925,1186,990
2,1266,916,1186,990
2,1279,910,1189,981
2,1262,917,1192,970
2,1259,925,1192,966
2,1254,939,1192,964
2,1271,947,1193,964
2,1275,930,1197,959
2,1265,922,1197,959
2,1274,935,1197,959
2,1294,929,1199,960
2,1280,958,1201,972
2,1282,954,1201,983
2,1278,963,1203,989
2,1282,959,1206,994
2,1304,956,1213,997
2,1314,964,1219,997
2,1328,977,1224,997
2,1344,969,1224,997
2,1343,949,1235,997
2,1348,957,1247,999
2,1312,944,1256,1001
2,1298,910,1268,1004
2,1306,912,1284,1008
2,1309,900,1297,1012
2,1309,885,1299,1012
2,1277,892,1299,1013
2,1281,914,1299,1013
2,1260,919,1299,1013
2,1259,914,1300,1004
2,1234,912,1294,967
2,1225,918,1287,947
2,1214,924,1282,927
2,1226,936,1280,923
2,1231,915,1280,923
2,1227,908,1276,923
2,1226,881,1260,931
2,1227,884,1255,934
2,1244,883,1253,938
2,1228,869,1252,939
2,1209,859,1252,944
2,1220,848,1252,945
2,1231,879,1257,945
2,1233,901,1265,935
2,1238,912,1265,917
2,1247,924,1262,907
2,1233,913,1253,896
2,1239,903,1250,894
2,1249,903,1239,887
2,1272,890,1238,887
2,1276,883,1237,887
2,1287,877,1231,895
2,1285,895,1227,900
2,1287,874,1227,907
2,1297,874,1227,907
2,1313,898,1227,907
2,1287,896,1245,908
2,1284,878,1266,907
2,1284,864,1281,904
2,1265,878,1294,896
2,1258,883,1296,895
2,1260,869,1296,895
2,1240,859,1299,895
2,1257,849,1303,906
2,1276,823,1303,913
2,1289,807,1288,925
2,1282,792,1280,927
2,1294,766,1280,927
2,1289,761,1279,927
2,1291,759,1275,916
2,1323,750,1277,900
2,1338,737,1285,888
2,1332,728,1296,873
2,1345,746,1307,854
2,1336,744,1313,830
2,1334,737,1314,822
2,1344,741,1315,813
2,1337,761,1316,803
2,1360,782,1319,788
2,1375,800,1323,771
2,1391,792,1328,751
2,1408,806,1330,750
2,1411,825,1329,743
2,1399,812,1329,742
2,1394,825,1329,742
2,1389,807,1327,755
2,1407,764,1324,783
2,1387,737,1330,802
2,1366,771,1341,818
2,1383,778,1341,818
2,1370,797,1355,828
2,1388,768,1356,829
2,1404,789,1361,802
2,1412,797,1368,765
2,1422,799,1368,763
2,1472,808,1368,763
2,1377,802,1368,763
2,1374,778,1368,763
2,1391,794,1369,764
2,1410,815,1392,786
2,1407,815,1393,788
2,1445,794,1395,790
2,1398,785,1395,790
2,1407,777,1395,790
2,1416,763,1392,800
2,1427,765,1388,822
2,1421,745,1388,825
2,1407,779,1388,825
2,1400,797,1388,825
2,1398,774,1403,811
2,1398,775,1420,796
2,1424,743,1423,783
2,1440,740,1423,783
2,1451,743,1423,783
2,1374,782,1423,791
2,1389,807,1423,799
2,1386,805,1418,808
2,1406,828,1416,817
2,1397,809,1416,817
2,1403,830,1415,817
2,1408,808,1415,817
2,1409,823,1414,817
2,1399,834,1414,817
2,1394,835,1414,817
2,1391,822,1414,832
2,1407,818,1414,854
2,1412,829,1414,855
2,1415,837,1414,860
2,1422,830,1414,866
2,1418,825,1411,873
2,1416,825,1410,874
2,1421,807,1409,876
2,1426,809,1406,879
2,1425,807,1406,879
2,1467,786,1406,879
2,1401,781,1404,879
2,1423,754,1404,879
2,1442,731,1415,850
2,1442,725,1435,811
2,1432,723,1456,767
2,1424,763,1456,753
2,1422,753,1456,747
2,1452,748,1456,747
2,1400,736,1447,767
2,1384,748,1444,770
2,1396,767,1440,776
2,1417,784,1440,779
2,1438,781,1435,788
2,1403,798,1433,796
2,1437,814,1433,804
2,1387,821,1433,807
2,1405,823,1433,807
2,1399,807,1433,807
2,1384,748,1434,802
2,1385,747,1440,787
2,1395,764,1442,775
2,1406,748,1442,774
2,1393,769,1442,785
2,1389,775,1437,801
2,1388,780,1436,803
2,1392,786,1423,798
2,1392,795,1400,760
2,1403,810,1384,726
2,1411,811,1381,721
2,1445,840,1381,721
2,1446,839,1381,721
2,1379,839,1397,753
2,1388,841,1406,777
2,1395,840,1412,790
2,1374,845,1412,790
2,1370,867,1415,796
2,1387,840,1421,805
2,1376,827,1428,815
2,1368,835,1428,821
2,1378,832,1428,822
2,1367,821,1418,825
2,1367,801,1408,830
2,1382,815,1403,834
2,1374,795,1401,836
2,1375,791,1399,845
2,1351,792,1398,846
2,1350,788,1398,846
2,1363,772,1398,846
2,1317,770,1401,824
2,1289,770,1411,793
2,1289,775,1411,782
2,1314,780,1410,775
2,1322,776,1406,763
2,1307,795,1399,749
2,1297,784,1395,746
2,1299,790,1385,746
2,1299,777,1372,753
2,1267,795,1366,759
2,1297,787,1360,765
2,1294,809,1353,774
2,1295,794,1349,781
2,1303,806,1346,783
2,1298,802,1346,783
2,1288,778,1346,783
2,1283,769,1346,783
2,1270,771,1346,783
2,1256,773,1346,783
2,1251,781,1341,787
2,1238,778,1339,789
2,1240,816,1339,789
2,1213,829,1339,789
2,1225,821,1339,789
2,1194,833,1339,789
2,1212,821,1339,789
2,1208,821,1339,789
2,1206,816,1309,795
2,1172,818,1289,811
2,1168,844,1270,825
2,1178,846,1255,845
2,1174,858,1249,849
2,1190,857,1246,850
2,1193,850,1246,850
2,1188,861,1229,852
2,1198,826,1205,853
2,1179,783,1193,854
2,1180,798,1192,854
2,1176,819,1192,854
2,1186,804,1192,854
2,1185,806,1192,854
2,1190,799,1192,854
2,1204,814,1192,854
2,1184,794,1192,854
2,1186,788,1192,854
2,1199,765,1191,835
2,1209,776,1194,829
2,1215,767,1197,823
2,1226,777,1198,821
2,1245,777,1198,819
2,1232,757,1201,812
2,1220,756,1202,806
2,1222,757,1202,805
2,1228,751,1202,805
2,1252,725,1202,805
2,1220,745,1202,805
2,1254,754,1208,800
2,1251,777,1212,795
2,1237,794,1218,787
2,1225,815,1223,779
2,1219,802,1225,777
2,1246,816,1225,777
2,1252,826,1225,777
2,1248,788,1225,777
2,1246,789,1225,777
2,1237,780,1225,777
2,1238,779,1225,777
2,1219,781,1225,777
2,1212,775,1225,777
2,1221,747,1225,777
2,1214,730,1233,774
2,1213,725,1236,773
2,1231,733,1236,773
2,1207,738,1236,773
2,1165,743,1236,773
2,1182,741,1236,773
2,1181,745,1236,773
2,1141,754,1244,750
2,1135,763,1249,740
2,1136,755,1251,725
2,1116,779,1251,725
2,1115,745,1244,721
2,1106,716,1205,711
2,1090,691,1178,711
2,1105,683,1164,712
2,1102,674,1157,715
2,1123,667,1147,728
2,1133,658,1144,731
2,1170,644,1144,732
2,1191,628,1144,732
2,1192,629,1144,732
2,1179,611,1134,713
2,1175,613,1131,693
2,1166,600,1135,689
2,1172,594,1135,689
2,1165,605,1135,689
2,1176,619,1140,687
2,1198,587,1148,681
2,1216,589,1150,673
2,1216,597,1150,661
2,1203,607,1150,654
2,1204,600,1150,649
2,1196,619,1150,649
2,1177,633,1150,649
2,1176,650,1155,638
2,1182,651,1160,635
2,1137,652,1163,632
2,1141,642,1170,626
2,1143,652,1177,618
2,1145,666,1190,611
2,1154,652,1192,608
2,1177,662,1196,605
2,1181,642,1196,605
2,1199,666,1197,605
2,1205,646,1197,605
2,1217,636,1197,605
2,1196,595,1183,609
2,1188,623,1173,617
2,1194,618,1171,618
2,1189,626,1170,618
2,1174,621,1170,618
2,1167,618,1170,618
2,1171,610,1169,623
2,1158,602,1165,630
2,1151,620,1164,632
2,1127,630,1163,638
2,1136,653,1163,638
2,1124,636,1163,638
2,1132,632,1157,642
2,1125,644,1128,643
2,1111,654,1090,643
2,1117,663,1083,643
2,1141,687,1082,643
2,1146,689,1082,643
2,1142,658,1078,651
2,1132,645,1077,655
2,1150,653,1077,656
2,1142,657,1077,661
2,1128,656,1082,668
2,1144,636,1105,680
2,1151,644,1106,682
2,1174,658,1112,686
2,1186,666,1119,688
2,1176,679,1128,688
2,1177,669,1137,685
2,1196,679,1145,678
2,1194,692,1151,671
2,1172,695,1157,666
2,1160,675,1159,664
2,1157,693,1160,663
2,1156,700,1160,654
2,1155,696,1160,654
2,1179,689,1158,654
2,1176,704,1152,657
2,1165,719,1150,658
2,1174,713,1150,669
2,1136,704,1149,680
2,1147,682,1151,687
2,1156,687,1154,693
2,1155,688,1154,693
2,1150,715,1154,693
2,1167,728,1154,693
2,1161,716,1169,691
2,1145,714,1183,686
2,1152,720,1183,684
2,1147,745,1183,676
2,1136,724,1183,675
2,1145,740,1181,667
2,1162,735,1180,667
2,1166,728,1174,666
2,1177,707,1164,666
2,1175,710,1154,670
2,1188,703,1148,677
2,1183,674,1147,679
2,1186,642,1146,687
2,1194,665,1146,701
2,1222,661,1146,716
2,1223,652,1152,723
2,1231,629,1165,724
2,1232,619,1181,720
2,1225,597,1204,700
2,1228,595,1217,691
2,1226,593,1227,683
2,1237,602,1243,667
2,1252,584,1249,653
2,1252,596,1251,638
2,1251,615,1251,614
2,1272,612,1251,598
2,1250,587,1251,595
2,1239,601,1251,595
2,1230,611,1249,598
2,1241,612,1235,620
2,1214,593,1235,638
2,1234,599,1237,640
2,1233,573,1244,641
2,1227,577,1260,641
2,1230,602,1265,636
2,1213,576,1268,628
2,1226,579,1268,623
2,1175,571,1268,614
2,1160,586,1267,601
2,1182,566,1264,590
2,1202,557,1262,589
2,1170,547,1262,589
2,1162,534,1256,583
2,1157,533,1256,583
2,1165,549,1256,583
2,1167,577,1252,579
2,1158,562,1239,572
2,1152,589,1229,564
2,1170,592,1224,561
2,1174,588,1216,553
2,1195,589,1208,551
2,1186,604,1201,550
2,1190,626,1180,554
2,1145,653,1160,570
2,1134,651,1147,587
2,1130,660,1138,603
2,1116,688,1137,615
2,1120,704,1137,621
2,1135,721,1137,625
2,1130,727,1137,633
2,1126,709,1134,639
2,1128,721,1134,646
2,1140,738,1134,647
2,1146,739,1136,654
2,1164,710,1142,663
2,1162,707,1146,669
2,1143,694,1149,676
2,1162,693,1151,677
2,1131,702,1153,684
2,1139,716,1155,687
2,1149,698,1155,687
2,1151,696,1155,687
2,1145,691,1155,687
2,1143,704,1155,687
2,1141,709,1155,687
2,1140,712,1155,687
2,1155,722,1155,687
2,1136,719,1155,687
2,1103,718,1155,687
2,1093,703,1155,687
2,1101,704,1155,687
2,1076,729,1155,687
2,1084,713,1155,687
2,1121,729,1155,687
2,1120,719,1155,687
2,1142,738,1155,687
2,1133,738,1139,690
2,1123,734,1122,694
2,1133,730,1122,694
2,1147,716,1122,694
2,1152,720,1122,694
2,1150,736,1122,694
2,1124,730,1122,698
2,1125,734,1124,706
2,1105,720,1128,710
2,1131,713,1129,711
2,1139,709,1136,717
2,1133,726,1141,720
2,1137,729,1156,726
2,1130,731,1160,729
2,1132,733,1160,729
2,1145,705,1160,729
2,1155,695,1160,729
2,1123,682,1162,725
2,1106,679,1162,718
2,1090,674,1163,715
2,1094,713,1163,711
2,1087,685,1163,711
2,1091,694,1163,711
2,1081,698,1163,711
2,1045,703,1163,707
2,1067,720,1163,707
2,1079,722,1161,702
2,1073,706,1153,690
2,1077,727,1146,685
2,1078,733,1145,685
2,1051,709,1145,685
2,1034,723,1116,674
2,1011,728,1115,674
2,977,704,1109,674
2,1002,731,1107,680
2,1021,746,1104,683
2,1019,753,1103,685
2,1042,731,1099,691
2,1026,750,1093,696
2,1022,773,1086,701
2,1014,789,1079,707
2,1044,793,1073,717
2,1008,804,1064,739
2,1012,800,1059,752
2,975,824,1058,757
2,953,842,1057,763
2,980,852,1057,768
2,1005,840,1057,771
2,991,837,1060,780
2,949,811,1059,790
2,966,806,1047,817
2,991,816,1046,822
2,984,829,1043,829
2,1004,847,1042,832
2,1011,838,1037,837
2,1030,835,1036,839
2,1017,860,1027,842
2,1018,824,1018,846
2,1005,804,1016,847
2,1013,783,1016,847
2,1027,740,1015,849
2,1029,745,1013,854
2,1040,763,1012,858
2,1050,751,1011,864
2,1034,778,1011,865
2,1044,782,1011,866
2,1044,798,1028,864
2,1035,781,1052,855
2,1069,756,1067,841
2,1067,741,1077,828
2,1070,743,1084,821
2,1062,726,1088,815
2,1047,705,1093,807
2,1027,726,1094,806
2,1030,742,1096,800
2,1015,735,1100,788
2,1005,728,1101,778
2,989,713,1102,768
2,958,692,1103,758
2,929,671,1102,749
2,927,681,1100,736
2,914,678,1090,729
2,916,694,1089,728
2,918,690,1066,721
2,883,693,1056,718
2,892,703,1019,705
2,872,693,987,696
2,852,742,975,695
2,847,732,975,695
2,881,716,975,694
2,853,734,975,694
2,856,757,963,702
2,881,751,955,713
2,876,784,945,723
2,879,801,932,736
2,865,805,915,748
2,895,823,904,755
2,887,828,898,758
2,890,818,898,758
2,895,802,896,763
2,921,785,894,770
2,922,791,894,777
2,915,772,894,785
2,917,769,898,806
2,930,785,904,822
2,944,756,909,834
2,976,769,910,837
2,989,757,911,840
2,1014,760,914,841
2,963,750,930,837
2,974,758,939,833
2,962,773,947,831
2,978,778,959,827
2,994,750,982,817
2,1007,773,1004,801
2,1024,765,1007,791
2,1036,761,1007,791
2,1040,784,1007,791
2,1045,759,1007,790
2,1033,797,1000,782
2,1049,792,998,776
2,1037,778,996,764
2,1025,798,996,753
2,1014,832,1002,740
2,1011,846,1006,730
2,1034,836,1006,730
2,1026,841,1009,740
2,1033,843,1015,760
2,1033,830,1016,788
2,1024,813,1016,809
2,1039,800,1016,823
2,1036,788,1016,826
2,1063,788,1015,829
2,1067,803,1012,836
2,1076,792,1011,842
2,1072,805,1010,846
2,1084,771,1009,848
2,1097,770,1009,848
2,1081,764,1009,848
2,1102,757,1019,851
2,1110,753,1050,851
2,1081,761,1062,847
2,1083,714,1072,837
2,1095,726,1083,817
2,1094,724,1090,795
2,1108,723,1094,780
2,1106,727,1094,775
2,1135,708,1094,771
2,1151,711,1090,753
2,1147,723,1083,734
2,1145,735,1082,733
2,1158,725,1083,721
2,1159,709,1100,703
2,1159,721,1129,683
2,1156,744,1139,680
2,1150,762,1140,680
2,1190,761,1140,680
2,1165,749,1140,680
2,1155,715,1140,680
2,1154,711,1140,680
2,1159,719,1140,680
2,1150,731,1142,696
2,1161,731,1145,707
2,1188,737,1146,713
2,1190,736,1146,716
2,1200,718,1146,716
2,1201,723,1146,716
2,1193,720,1146,716
2,1198,719,1147,716
2,1172,708,1151,722
2,1178,711,1161,730
2,1188,726,1175,737
2,1216,718,1179,739
2,1192,759,1180,739
2,1190,756,1180,739
2,1198,748,1180,739
2,1196,760,1180,739
2,1182,748,1180,739
2,1175,752,1180,739
2,1184,765,1180,739
2,1182,767,1180,739
2,1164,759,1180,739
2,1175,736,1180,739
2,1184,736,1180,739
2,1165,721,1186,745
2,1136,691,1195,766
2,1132,685,1195,766
2,1106,682,1199,766
2,1100,644,1205,761
2,1089,612,1209,753
2,1092,614,1206,731
2,1126,622,1148,686
2,1145,640,1138,678
2,1151,635,1123,667
2,1147,647,1112,662
2,1161,649,1109,659
2,1139,629,1109,659
2,1128,642,1109,659
2,1120,641,1109,659
2,1115,625,1109,659
2,1079,650,1109,659
2,1082,680,1109,659
2,1090,666,1109,659
2,1053,665,1109,659
2,1056,674,1109,659
2,1046,662,1109,659
2,1049,657,1109,659
2,1047,696,1109,659
2,1065,677,1109,659
2,1040,658,1109,659
2,1064,635,1109,659
2,1056,609,1109,659
2,1046,606,1109,659
2,1008,622,1109,659
2,1011,645,1109,659
2,997,642,1109,659
2,1014,659,1109,659
2,1026,684,1109,659
2,1007,671,1109,659
2,1013,662,1107,649
2,1041,668,1106,647
2,1043,674,1106,647
2,1055,675,1106,647
2,1073,686,1106,647
2,1078,661,1106,647
2,1092,660,1106,647
2,1111,654,1106,647
2,1107,655,1106,647
2,1103,633,1106,647
2,1106,631,1106,647
2,1113,651,1106,647
2,1126,649,1104,656
2,1118,629,1100,664
2,1111,643,1101,674
2,1106,665,1101,674
2,1074,657,1107,683
2,1105,662,1108,688
2,1109,675,1108,688
2,1103,659,1109,688
2,1101,651,1109,688
2,1089,653,1109,688
2,1112,646,1109,688
2,1081,636,1109,688
2,1076,623,1109,688
2,1092,635,1109,688
2,1103,637,1109,688
2,1109,649,1109,688
2,1136,634,1109,688
2,1184,657,1109,688
2,1200,670,1109,688
2,1161,666,1108,688
2,1186,676,1108,688
2,1205,682,1108,688
2,1203,701,1108,688
2,1222,697,1108,686
2,1179,702,1106,670
2,1171,709,1104,659
2,1157,738,1102,657
2,1148,714,1098,647
2,1159,708,1092,632
2,1174,702,1091,629
2,1172,695,1091,629
2,1160,717,1091,629
2,1152,738,1088,650
2,1200,755,1081,699
2,1193,727,1082,755
2,1204,732,1114,833
2,1206,742,1131,862
2,1201,756,1166,891
2,1180,758,1171,894
2,1180,769,1177,885
2,1180,786,1187,864
2,1170,774,1213,833
2,1202,772,1213,833
2,1199,795,1213,833
2,1195,758,1213,833
2,1191,752,1213,830
2,1172,760,1186,776
2,1185,769,1169,746
2,1206,748,1168,743
2,1231,771,1168,743
2,1240,756,1149,743
2,1222,746,1141,744
2,1227,741,1139,744
2,1220,726,1139,744
2,1222,745,1159,750
2,1221,766,1222,752
2,1219,756,1259,750
2,1229,756,1264,748
2,1236,763,1265,748
2,1217,777,1265,748
2,1239,775,1265,748
2,1227,805,1265,748
2,1217,799,1265,748
2,1219,833,1265,748
2,1211,847,1237,744
2,1167,869,1212,737
2,1186,854,1212,737
2,1183,866,1212,737
2,1199,885,1208,737
2,1201,892,1189,749
2,1188,914,1180,832
2,1184,903,1172,851
2,1141,911,1172,858
2,1153,892,1168,861
2,1183,894,1163,870
2,1203,897,1160,880
2,1201,900,1153,890
2,1207,931,1137,899
2,1235,925,1104,915
2,1222,906,1080,924
2,1236,900,1080,924
2,1235,891,1080,924
2,1240,845,1094,917
2,1234,832,1145,911
2,1242,836,1155,909
2,1200,873,1163,907
2,1197,869,1175,902
2,1204,903,1201,888
2,1196,900,1204,882
2,1201,922,1208,860
2,1216,927,1209,859
2,1210,922,1209,859
2,1213,927,1197,865
2,1226,932,1188,871
2,1238,936,1181,881
2,1261,899,1177,888
2,1304,920,1175,893
2,1316,943,1174,901
2,1327,959,1173,905
2,1313,948,1173,907
2,1319,963,1171,911
2,1343,948,1170,912
2,1360,956,1170,912
2,1362,947,1170,914
2,1387,925,1169,915
2,1409,928,1168,915
2,1405,937,1168,896
2,1409,942,1168,873
2,1408,942,1172,858
2,1401,973,1190,849
2,1397,960,1234,861
2,1434,946,1310,892
2,1411,971,1326,906
2,1386,972,1331,915
2,1376,959,1331,918
2,1400,978,1331,930
2,1427,977,1331,941
2,1418,953,1331,943
2,1437,953,1331,943
2,1417,934,1343,953
2,1412,940,1351,964
2,1410,947,1367,974
2,1447,950,1377,978
2,1417,940,1385,980
2,1439,943,1385,981
2,1398,969,1385,981
2,1379,970,1395,971
2,1359,997,1409,963
2,1386,972,1409,963
2,1385,953,1409,963
2,1401,988,1409,963
2,1424,984,1409,963
2,1430,981,1409,963
2,1441,978,1409,963
2,1402,998,1409,963
2,1416,987,1409,963
2,1441,998,1409,963
2,1398,1006,1409,963
2,1387,1008,1409,963
2,1381,996,1409,963
2,1380,1005,1409,963
2,1381,978,1409,963
2,1378,996,1409,963
2,1409,985,1409,963
2,1435,984,1409,963
2,1435,1004,1412,965
2,1401,976,1425,970
2,1413,986,1425,970
2,1436,978,1425,970
2,1414,977,1426,970
2,1423,938,1436,968
2,1433,924,1436,968
2,1447,944,1444,962
2,1394,935,1446,958
2,1433,958,1449,951
2,1386,955,1450,948
2,1365,975,1454,939
2,1392,971,1458,931
2,1378,1016,1460,926
2,1394,969,1463,920
2,1410,982,1464,917
2,1423,972,1464,916
2,1417,977,1464,916
2,1408,978,1464,916
2,1416,975,1464,916
2,1397,971,1464,916
2,1388,997,1454,924
2,1400,1004,1449,929
2,1411,991,1443,937
2,1402,999,1436,945
2,1409,1007,1429,951
2,1390,998,1422,956
2,1384,999,1420,959
2,1383,997,1419,960
2,1369,997,1415,963
2,1364,992,1408,965
2,1357,1028,1404,966
2,1354,985,1395,968
2,1357,961,1395,970
2,1341,965,1393,971
2,1350,976,1383,974
2,1361,935,1378,977
2,1351,954,1377,977
2,1341,970,1367,980
2,1362,944,1363,981
2,1373,938,1363,981
2,1394,923,1363,981
2,1380,931,1363,981
2,1394,929,1363,978
2,1402,904,1365,974
2,1417,889,1369,973
2,1408,873,1379,969
2,1431,879,1384,964
2,1399,909,1393,957
2,1383,914,1398,954
2,1367,902,1403,947
2,1362,898,1413,933
3,974,543,968,535
3,992,529,968,535
3,1000,528,968,535
3,952,523,966,538
3,986,511,929,615
3,974,519,929,635
3,970,518,930,635
3,957,500,930,632
3,918,500,930,629
3,907,475,937,615
3,907,444,965,583
3,912,443,981,549
3,934,436,980,540
3,925,460,977,536
3,908,471,970,508
3,911,465,930,426
3,897,457,916,396
3,902,474,916,396
3,921,458,916,396
3,921,458,916,396
3,921,443,916,396
3,905,467,916,396
3,883,448,916,396
3,904,464,916,396
3,900,471,923,391
3,915,472,927,389
3,884,490,939,431
3,896,496,938,455
3,900,513,938,479
3,929,535,942,518
3,962,516,967,581
3,944,514,969,582
3,932,502,971,560
3,927,484,971,560
3,908,483,971,560
3,921,477,971,560
3,920,466,970,565
3,924,477,966,566
3,924,496,945,529
3,917,484,905,501
3,928,532,899,500
3,923,534,899,500
3,888,542,899,500
3,853,554,917,505
3,883,571,928,505
3,896,583,934,505
3,914,600,934,501
3,929,592,929,501
3,940,624,901,528
3,962,613,887,553
3,975,590,888,568
3,971,592,892,580
3,981,596,893,583
3,1012,610,897,589
3,1023,603,900,593
3,1040,600,906,600
3,1035,596,921,607
3,1055,602,939,608
3,1041,593,955,604
3,1049,590,967,596
3,1041,596,974,593
3,1049,640,976,592
3,1054,640,976,592
3,1073,639,986,584
3,1045,627,989,582
3,1065,624,989,582
3,1090,638,974,575
3,1078,653,965,573
3,1060,641,963,573
3,1051,661,959,580
3,1079,667,969,604
3,1091,652,1014,649
3,1101,670,1029,661
3,1102,652,1034,670
3,1105,640,1052,688
3,1070,677,1053,688
3,1058,677,1055,688
3,1031,666,1055,688
3,1031,692,1055,688
3,1030,693,1084,683
3,1022,689,1089,674
3,1006,678,1089,674
3,1002,675,1089,674
3,989,681,1089,674
3,1005,704,1054,681
3,967,724,1049,683
3,963,713,1049,683
3,932,724,1049,683
3,936,733,1049,683
3,937,740,1047,682
3,924,743,1039,666
3,909,744,1039,662
3,915,737,1044,657
3,907,732,1044,657
3,880,730,1011,691
3,882,734,970,743
3,862,757,956,761
3,858,765,951,769
3,873,783,946,774
3,896,767,944,778
3,919,742,928,788
3,905,767,915,790
3,921,777,899,792
3,962,766,899,792
3,954,780,899,792
3,966,782,898,805
3,976,767,897,811
3,966,762,900,825
3,993,762,913,836
3,1002,755,925,841
3,991,766,951,844
3,987,744,968,844
3,978,756,998,845
3,990,771,1001,845
3,981,763,1014,833
3,996,764,1019,808
3,1022,769,1012,789
3,1020,798,995,769
3,1021,796,994,769
3,1044,777,994,769
3,1051,793,993,769
3,1052,782,988,769
3,1068,773,988,769
3,1074,756,988,772
3,1069,786,988,774
3,1052,770,995,798
3,1054,799,1008,814
3,1012,798,1033,832
3,1046,798,1051,839
3,1039,781,1055,839
3,1037,772,1072,839
3,1040,752,1073,839
3,1036,740,1073,839
3,1033,750,1077,839
3,1060,751,1088,839
3,1057,747,1090,839
3,1077,765,1090,839
3,1090,744,1090,839
3,1092,758,1090,839
3,1058,735,1083,841
3,1074,723,1078,844
3,1086,745,1073,846
3,1093,751,1072,846
3,1099,760,1072,846
3,1123,752,1086,821
3,1104,760,1102,773
3,1098,732,1115,727
3,1091,707,1116,722
3,1080,717,1116,722
3,1092,717,1116,722
3,1084,699,1116,722
3,1073,696,1116,722
3,1055,707,1110,722
3,1046,701,1063,724
3,1022,702,1060,726
3,1035,700,1060,728
3,1048,693,1060,728
3,1055,691,1040,672
3,1022,672,1026,643
3,1022,651,1012,610
3,1009,663,1010,607
3,1015,677,1010,607
3,1039,651,994,607
3,1003,659,959,613
3,997,647,948,625
3,1039,656,943,637
3,1035,636,944,650
3,1065,616,947,663
3,1070,609,963,681
3,1095,590,974,684
3,1084,551,1009,685
3,1085,552,1039,685
3,1084,562,1063,684
3,1068,564,1077,677
3,1064,578,1084,656
3,1067,600,1087,626
3,1090,616,1087,616
3,1080,602,1084,592
3,1096,600,1068,575
3,1093,588,1032,558
3,1105,581,1014,557
3,1101,592,999,562
3,1100,586,992,567
3,1089,590,984,583
3,1094,617,981,597
3,1070,637,983,616
3,1083,658,992,639
3,1059,656,995,642
3,1048,640,995,642
3,1031,630,995,642
3,1041,615,995,642
3,1015,583,995,643
3,1046,565,998,648
3,1073,554,998,648
3,1093,559,998,648
3,1100,588,998,648
3,1101,597,998,648
3,1108,601,1005,642
3,1117,607,1019,629
3,1112,615,1025,624
3,1108,614,1027,623
3,1105,610,1027,623
3,1126,612,1027,623
3,1095,584,1027,623
3,1102,574,1051,627
3,1086,571,1075,629
3,1098,550,1081,633
3,1077,547,1088,637
3,1062,564,1097,642
3,1056,570,1097,642
3,1064,561,1097,642
3,1083,556,1097,642
3,1083,542,1104,622
3,1079,547,1105,605
3,1093,535,1099,587
3,1085,575,1099,587
3,1091,585,1097,581
3,1092,576,1096,581
3,1089,594,1096,581
3,1093,584,1096,581
3,1101,597,1096,581
3,1094,611,1096,581
3,1093,623,1096,581
3,1122,616,1084,561
3,1107,594,1064,537
3,1128,593,1051,524
3,1159,601,1051,524
3,1139,607,1051,524
3,1144,592,1051,524
3,1155,606,1051,524
3,1155,627,1053,539
3,1144,595,1090,575
3,1116,592,1146,614
3,1094,635,1158,628
3,1119,636,1178,647
3,1090,631,1206,663
3,1071,609,1223,670
3,1062,617,1223,670
3,1047,624,1223,670
3,1064,619,1196,668
3,1046,620,1099,668
3,1052,635,1090,668
3,1034,642,1086,668
3,1020,637,1085,669
3,1033,623,1075,669
3,1046,624,1075,669
3,1032,595,1075,665
3,1053,600,1086,648
3,1058,620,1086,642
3,1040,609,1086,642
3,1040,598,1086,642
3,1020,602,1063,639
3,1005,608,1054,631
3,1006,619,1054,631
3,1024,603,1054,631
3,1028,614,1054,631
3,1021,628,1053,617
3,1011,620,1053,610
3,1025,608,1054,598
3,1056,588,1054,598
3,1062,586,1041,598
3,1061,583,1031,603
3,1071,573,1022,608
3,1060,579,1021,608
3,1061,557,1021,608
3,1059,540,1021,608
3,1078,548,1021,608
3,1075,544,1021,608
3,1073,560,1021,608
3,1064,577,1021,608
3,1044,548,1021,608
3,1041,551,1028,545
3,1037,522,1023,533
3,1053,516,1023,533
3,1066,525,1023,533
3,1061,531,1023,533
3,1041,558,1023,533
3,1037,567,1023,533
3,1035,556,1023,533
3,1045,558,1023,533
3,1055,574,1035,559
3,1028,585,1037,562
3,1023,579,1037,564
3,1019,580,1040,573
3,1036,583,1047,582
3,1035,561,1064,593
3,1014,560,1082,598
3,1019,585,1083,596
3,1034,606,1083,596
3,1066,617,1083,596
3,1055,621,1083,596
3,1058,613,1083,596
3,1046,600,1083,596
3,1040,606,1086,603
3,1071,610,1088,607
3,1104,607,1088,607
3,1109,609,1088,607
3,1121,614,1080,622
3,1132,604,1074,629
3,1135,592,1068,631
3,1125,601,1068,631
3,1150,613,1068,631
3,1151,636,1068,631
3,1170,645,1068,631
3,1185,659,1068,631
3,1214,650,1068,631
3,1213,632,1068,631
3,1183,615,1086,622
3,1193,619,1097,619
3,1202,625,1098,619
3,1188,630,1098,619
3,1208,622,1098,619
3,1207,629,1108,619
3,1212,641,1115,619
3,1218,673,1117,619
3,1209,694,1117,618
3,1227,704,1117,618
3,1226,726,1117,618
3,1223,727,1117,618
3,1222,749,1163,689
3,1260,741,1224,767
3,1246,753,1240,783
3,1251,726,1250,792
3,1260,739,1253,797
3,1215,747,1254,799
3,1229,727,1254,799
3,1219,709,1254,803
3,1222,710,1254,816
3,1217,711,1253,827
3,1207,704,1237,833
3,1194,722,1230,831
3,1162,728,1226,813
3,1163,742,1225,794
3,1189,759,1222,751
3,1227,752,1212,725
3,1235,770,1208,719
3,1216,767,1208,719
3,1242,788,1195,715
3,1258,789,1182,710
3,1218,770,1177,708
3,1235,791,1176,708
3,1242,815,1174,719
3,1243,839,1174,736
3,1239,837,1178,747
3,1236,823,1183,754
3,1224,870,1208,768
3,1206,896,1222,771
3,1212,912,1240,778
3,1209,900,1242,779
3,1225,913,1262,800
3,1217,907,1267,803
3,1211,911,1273,844
3,1199,903,1268,860
3,1203,886,1258,874
3,1197,874,1208,908
3,1207,870,1184,914
3,1220,844,1182,914
3,1207,845,1180,913
3,1202,825,1179,912
3,1233,825,1176,908
3,1247,824,1176,902
3,1260,825,1179,886
3,1251,823,1181,880
3,1245,843,1187,871
3,1251,828,1196,861
3,1241,840,1203,852
3,1236,816,1207,848
3,1235,809,1207,848
3,1235,848,1211,847
3,1230,831,1223,849
3,1241,832,1227,854
3,1255,834,1228,856
3,1268,802,1228,856
3,1216,800,1228,857
3,1207,824,1228,857
3,1201,839,1226,862
3,1217,839,1223,866
3,1232,839,1221,868
3,1262,833,1221,868
3,1262,837,1221,868
3,1296,837,1221,868
3,1295,822,1221,868
3,1279,846,1221,868
3,1276,867,1221,868
3,1282,876,1221,868
3,1245,885,1221,868
3,1270,891,1221,868
3,1258,884,1221,868
3,1279,889,1221,868
3,1263,893,1221,868
3,1264,855,1222,891
3,1281,843,1225,898
3,1302,853,1226,901
3,1308,843,1226,901
3,1337,848,1226,901
3,1337,863,1226,902
3,1352,855,1228,902
3,1331,851,1240,902
3,1341,887,1256,903
3,1320,898,1263,903
3,1319,919,1275,903
3,1319,919,1279,903
3,1329,914,1279,902
3,1338,930,1288,902
3,1320,918,1295,899
3,1316,906,1296,898
3,1331,892,1296,898
3,1323,898,1296,898
3,1340,910,1296,898
3,1345,908,1296,896
3,1345,903,1296,895
3,1315,929,1294,894
3,1305,895,1292,889
3,1323,898,1289,887
3,1311,883,1289,887
3,1313,884,1266,883
3,1293,859,1259,883
3,1327,859,1254,887
3,1326,852,1252,893
3,1327,879,1250,904
3,1344,880,1251,912
3,1335,865,1254,914
3,1333,876,1282,915
3,1348,844,1304,908
3,1348,838,1323,899
3,1357,849,1340,884
3,1339,842,1341,883
3,1341,842,1341,882
3,1340,869,1341,873
3,1358,896,1345,863
3,1357,904,1345,859
3,1368,908,1345,859
3,1368,893,1345,859
3,1386,869,1345,859
3,1378,880,1345,859
3,1365,875,1347,859
3,1359,886,1349,860
3,1372,901,1349,861
3,1369,888,1349,863
3,1363,910,1354,886
3,1390,891,1360,901
3,1418,908,1362,906
3,1432,884,1362,906
3,1414,915,1362,906
3,1393,920,1370,913
3,1390,919,1373,916
3,1440,908,1374,917
3,1400,923,1375,917
3,1394,923,1375,918
3,1387,918,1382,911
3,1427,969,1385,907
3,1443,981,1385,907
3,1397,972,1385,907
3,1410,972,1385,907
3,1417,979,1385,907
3,1421,970,1385,907
3,1403,971,1385,907
3,1401,969,1385,907
3,1405,975,1373,938
3,1409,990,1373,938
3,1416,1015,1373,992
3,1444,971,1373,1011
3,1413,960,1373,1015
3,1403,967,1373,1015
3,1397,975,1373,1015
3,1373,972,1373,1015
3,1371,977,1374,1007
3,1358,946,1378,983
3,1347,945,1381,966
3,1332,953,1381,965
3,1318,923,1381,965
3,1312,918,1381,965
3,1322,918,1381,965
3,1307,914,1381,964
3,1323,902,1381,964
3,1332,934,1378,961
3,1332,929,1335,947
3,1342,908,1312,940
3,1339,912,1312,940
3,1320,906,1312,940
3,1310,915,1312,940
3,1329,900,1312,940
3,1333,924,1312,940
3,1332,933,1312,940
3,1341,944,1312,940
3,1378,949,1312,940
3,1388,929,1312,940
3,1393,931,1312,940
3,1386,937,1312,940
3,1422,936,1312,940
3,1413,946,1351,1003
3,1416,950,1433,1045
3,1421,951,1485,1061
3,1412,949,1491,1063
3,1415,966,1491,1063
3,1430,954,1491,1063
3,1440,978,1491,1063
3,1442,1007,1491,1063
3,1395,992,1497,1030
3,1391,987,1500,1000
3,1384,991,1498,994
3,1356,1028,1498,994
3,1364,969,1464,985
3,1365,950,1433,983
3,1374,970,1423,984
3,1400,969,1410,988
3,1395,967,1402,991
3,1443,941,1378,995
3,1402,943,1330,1003
3,1393,918,1328,1003
3,1388,906,1328,1003
3,1387,909,1328,1003
3,1365,903,1372,1005
3,1367,915,1389,1005
3,1361,910,1389,1005
3,1368,899,1389,1005
3,1392,894,1389,1004
3,1389,910,1383,917
3,1372,911,1381,914
3,1398,903,1381,914
3,1388,903,1381,914
3,1396,924,1381,914
3,1395,935,1381,914
3,1423,909,1381,914
3,1427,896,1381,914
3,1429,909,1381,914
3,1417,920,1381,914
3,1386,924,1381,914
3,1397,924,1381,914
3,1383,931,1381,914
3,1403,903,1381,914
3,1373,901,1381,914
3,1390,906,1381,914
3,1411,915,1381,914
3,1383,914,1381,914
3,1390,940,1381,914
3,1361,954,1381,914
3,1361,940,1381,914
3,1367,948,1381,914
3,1375,941,1381,914
3,1364,945,1377,917
3,1360,972,1354,935
3,1379,970,1341,944
3,1407,950,1334,948
3,1421,946,1334,948
3,1432,944,1334,948
3,1406,931,1334,948
3,1419,912,1312,956
3,1420,898,1310,958
3,1426,900,1310,958
3,1442,901,1310,958
3,1420,905,1310,958
3,1431,904,1310,958
3,1415,897,1310,958
3,1405,877,1310,958
3,1388,853,1310,958
3,1394,849,1321,949
3,1381,822,1330,945
3,1393,816,1335,941
3,1354,795,1339,939
3,1362,781,1339,939
3,1370,792,1348,931
3,1363,789,1366,905
3,1353,800,1382,864
3,1337,819,1385,829
3,1358,823,1382,807
3,1354,848,1380,794
3,1348,834,1373,780
3,1332,857,1372,778
3,1339,857,1367,771
3,1305,855,1359,765
3,1290,863,1357,765
3,1289,897,1357,765
3,1298,908,1338,780
3,1297,890,1329,794
3,1290,903,1325,805
3,1277,908,1319,835
3,1252,929,1318,854
3,1230,929,1315,874
3,1263,927,1313,880
3,1258,909,1305,901
3,1260,916,1302,905
3,1246,897,1296,913
3,1245,872,1289,919
3,1232,892,1289,919
3,1235,866,1289,919
3,1235,889,1289,919
3,1261,889,1289,919
3,1252,867,1289,919
3,1260,884,1289,919
3,1258,874,1288,919
3,1266,885,1288,919
3,1277,887,1287,919
3,1295,880,1275,889
3,1308,883,1272,880
3,1299,864,1267,872
3,1299,866,1265,869
3,1279,870,1265,869
3,1268,868,1265,869
3,1286,857,1265,869
3,1277,847,1265,869
3,1300,829,1265,869
3,1299,828,1265,869
3,1311,813,1265,869
3,1322,830,1265,869
3,1314,811,1265,869
3,1329,802,1265,869
3,1306,800,1265,869
3,1289,768,1265,869
3,1278,748,1265,869
3,1281,752,1265,869
3,1290,761,1265,869
3,1249,769,1265,869
3,1266,785,1265,869
3,1246,826,1265,869
3,1223,840,1265,869
3,1222,846,1265,869
3,1216,862,1265,869
3,1225,856,1265,869
3,1194,878,1265,869
3,1223,870,1265,869
3,1214,851,1265,869
3,1230,862,1265,869
3,1191,855,1265,869
3,1177,839,1265,869
3,1159,845,1265,869
3,1158,831,1265,869
3,1159,845,1265,869
3,1172,829,1265,869
3,1195,820,1265,869
3,1184,803,1265,869
3,1197,798,1265,869
3,1207,780,1260,845
3,1219,762,1254,807
3,1215,750,1247,795
3,1198,711,1246,793
3,1187,726,1246,793
3,1183,727,1246,793
3,1148,757,1246,793
3,1130,770,1246,793
3,1139,758,1246,793
3,1149,764,1246,793
3,1139,757,1246,792
3,1134,753,1134,744
3,1104,757,1038,753
3,1127,796,1033,757
3,1105,772,1033,758
3,1129,794,1033,764
3,1111,792,1033,764
3,1135,801,1056,753
3,1147,798,1060,749
3,1140,784,1060,749
3,1133,780,1059,759
3,1115,790,1060,789
3,1126,796,1070,809
3,1140,805,1113,837
3,1144,812,1158,852
3,1148,783,1173,853
3,1134,784,1179,833
3,1130,798,1172,823
3,1127,776,1155,822
3,1107,784,1142,829
3,1117,786,1136,836
3,1130,785,1136,846
3,1116,756,1136,853
3,1101,744,1147,868
3,1109,753,1162,876
3,1100,757,1190,872
3,1099,766,1219,840
3,1110,768,1223,811
3,1120,774,1209,804
3,1130,784,1181,802
3,1139,797,1149,804
3,1153,800,1135,816
3,1156,805,1132,836
3,1150,822,1134,852
3,1146,822,1142,869
3,1150,827,1155,884
3,1122,825,1162,887
3,1096,815,1184,892
3,1075,817,1186,892
3,1079,810,1202,858
3,1079,797,1203,848
3,1093,798,1203,848
3,1080,773,1203,848
3,1087,776,1200,845
3,1084,808,1150,834
3,1077,820,1129,833
3,1088,825,1122,833
3,1090,830,1116,833
3,1094,856,1109,835
3,1095,873,1109,836
3,1096,852,1109,836
3,1076,867,1109,836
3,1074,868,1109,836
3,1064,874,1109,836
3,1058,884,1109,836
3,1041,875,1107,848
3,1035,873,1102,858
3,1019,866,1094,871
3,1031,881,1087,884
3,1006,894,1075,895
3,1035,919,1058,908
3,1040,917,1043,916
3,1061,918,1039,919
3,1077,906,1039,919
3,1095,883,1039,919
3,1088,902,1039,919
3,1077,897,1039,919
3,1077,898,1039,919
3,1074,899,1069,918
3,1081,920,1130,929
3,1074,935,1134,930
3,1071,938,1134,921
3,1098,936,1141,901
3,1107,939,1145,886
3,1116,945,1146,876
3,1118,941,1134,872
3,1124,958,1104,867
3,1157,967,1095,866
3,1168,960,1088,867
3,1155,936,1075,870
3,1163,885,1069,872
3,1175,885,1069,872
3,1152,878,1069,872
3,1166,885,1069,872
3,1151,885,1069,872
3,1163,855,1069,872
3,1171,876,1069,872
3,1192,892,1069,872
3,1185,893,1084,863
3,1188,920,1094,863
3,1200,933,1094,863
3,1204,934,1094,863
3,1189,960,1094,863
3,1171,960,1099,862
3,1202,958,1109,861
3,1196,982,1112,860
3,1206,987,1115,860
3,1167,997,1127,860
3,1177,1002,1127,860
3,1198,976,1130,870
3,1212,987,1140,888
3,1223,1004,1140,890
3,1224,1027,1141,890
3,1236,990,1141,890
3,1236,989,1155,905
3,1231,1003,1156,907
3,1228,1023,1157,908
3,1237,993,1176,916
3,1244,987,1185,919
3,1277,1011,1186,919
3,1268,1008,1186,919
3,1299,1006,1186,919
3,1266,983,1189,922
3,1277,988,1202,936
3,1246,999,1205,939
3,1233,979,1218,948
3,1240,980,1246,977
3,1237,965,1259,997
3,1238,986,1285,1025
3,1231,996,1293,1036
3,1256,1012,1303,1053
3,1262,992,1303,1053
3,1265,1011,1303,1053
3,1245,996,1303,1053
3,1256,999,1300,1053
3,1237,986,1297,1051
3,1238,980,1291,1046
3,1274,985,1274,1036
3,1285,971,1263,1028
3,1282,1005,1261,1027
3,1290,993,1261,1027
3,1265,1010,1254,1032
3,1279,1002,1254,1036
3,1295,1003,1255,1036
3,1306,970,1282,1018
3,1300,990,1298,1002
3,1314,1002,1303,986
3,1305,992,1300,976
3,1315,969,1281,974
3,1332,955,1259,998
3,1324,952,1266,1032
3,1310,950,1310,1029
3,1305,962,1342,993
3,1305,973,1345,979
3,1304,969,1345,979
3,1303,964,1339,979
3,1284,949,1328,985
3,1297,960,1327,985
3,1294,959,1327,985
3,1256,948,1318,998
3,1267,925,1316,1004
3,1243,925,1320,1001
3,1246,921,1342,971
3,1246,909,1345,957
3,1260,916,1339,946
3,1278,926,1312,931
3,1280,906,1278,911
3,1288,922,1238,894
3,1286,908,1204,889
3,1309,908,1190,894
3,1286,886,1179,919
3,1260,876,1179,935
3,1279,898,1186,952
3,1274,886,1200,961
3,1271,895,1212,962
3,1263,902,1231,954
3,1262,904,1251,930
3,1239,878,1252,920
3,1223,899,1252,919
3,1220,901,1252,919
3,1248,912,1252,919
3,1244,931,1225,919
3,1264,923,1219,922
3,1278,904,1207,929
3,1286,907,1196,945
3,1309,912,1191,970
3,1281,901,1189,990
3,1266,941,1192,1001
3,1284,919,1194,1007
3,1272,910,1194,1008
3,1273,916,1214,1006
3,1237,906,1245,998
3,1249,905,1271,980
3,1237,904,1284,961
3,1238,885,1290,932
3,1225,886,1290,919
3,1235,892,1285,900
3,1230,890,1273,892
3,1214,893,1252,884
3,1211,877,1226,883
3,1240,882,1210,885
3,1254,891,1209,885
3,1275,918,1206,896
3,1259,941,1203,913
3,1251,947,1208,931
3,1248,965,1218,945
3,1245,961,1225,949
3,1202,944,1237,951
3,1193,971,1253,950
3,1205,979,1261,947
3,1218,1002,1269,942
3,1205,1006,1283,927
3,1191,1002,1284,921
3,1187,1014,1285,917
3,1159,978,1276,913
3,1158,979,1241,912
3,1144,983,1219,918
3,1124,967,1198,926
3,1117,968,1169,941
3,1120,962,1143,959
3,1110,972,1127,971
3,1108,970,1123,978
3,1090,969,1122,979
3,1100,962,1122,979
3,1091,977,1115,982
3,1079,961,1089,978
3,1100,958,1066,968
3,1119,957,1066,967
3,1132,984,1066,967
3,1128,990,1065,967
3,1121,984,1065,967
3,1095,986,1065,967
3,1089,965,1065,967
3,1083,970,1075,960
3,1094,980,1084,958
3,1093,1046,1084,958
3,1091,944,1088,955
3,1110,931,1106,945
3,1135,950,1107,945
3,1120,936,1107,945
3,1127,909,1119,979
3,1128,918,1148,1011
3,1137,938,1148,1011
3,1154,911,1149,1011
3,1164,919,1149,1011
3,1175,911,1149,1011
3,1189,947,1149,1011
3,1226,931,1149,1011
3,1242,928,1147,1012
3,1271,933,1147,1012
3,1280,931,1147,1012
3,1227,926,1147,1012
3,1229,890,1147,1012
3,1208,876,1147,1012
3,1224,873,1147,1012
3,1223,903,1147,1012
3,1228,905,1147,1012
3,1237,905,1147,1012
3,1235,919,1147,1012
3,1280,898,1147,1012
3,1281,892,1147,1012
3,1247,900,1147,1012
3,1258,904,1147,1012
3,1252,916,1147,1012
3,1239,914,1147,1012
3,1216,893,1147,1012
3,1205,887,1147,1012
3,1190,903,1147,1012
3,1190,892,1147,1012
3,1162,887,1147,1012
3,1163,882,1147,1012
3,1150,894,1147,1012
3,1172,892,1147,1012
3,1151,897,1147,1012
3,1127,889,1147,1012
3,1131,897,1147,1012
3,1109,916,1147,1012
3,1105,910,1147,1012
3,1121,853,1147,1012
3,1117,850,1147,1012
3,1131,859,1147,1012
3,1126,885,1134,992
3,1100,897,1102,947
3,1091,914,1086,923
3,1087,921,1063,899
3,1035,941,1036,855
3,1030,908,1033,847
3,1011,924,1033,847
3,1000,923,1039,853
3,1005,911,1073,887
3,1017,911,1089,904
3,1002,920,1090,905
3,981,899,1090,905
3,980,905,1090,904
3,983,880,1069,890
3,976,890,1022,883
3,964,903,1005,891
3,982,932,1002,897
3,998,920,1002,907
3,991,919,1023,915
3,1021,912,1061,912
3,1038,927,1087,895
3,1030,947,1090,892
3,1004,966,1090,892
3,1008,953,1090,892
3,1044,978,1090,892
3,1027,984,1090,892
3,1033,980,1090,892
3,1036,998,1090,892
3,1018,1017,1090,892
3,1020,992,1090,892
3,1018,998,1090,892
3,1016,984,1090,892
3,1022,982,1090,892
3,1023,954,1090,892
3,1037,934,1090,892
3,1019,939,1090,892
3,1011,926,1073,902
3,1046,949,1051,924
3,1050,937,1031,961
3,1036,939,1023,980
3,1018,971,1022,995
3,1028,961,1022,995
3,1009,952,1035,989
3,1022,967,1050,980
3,1005,957,1050,979
3,1027,954,1050,979
3,1008,938,1050,979
3,1026,938,1050,979
3,1030,934,1050,979
3,1013,949,1050,979
3,1035,958,1050,979
3,1011,960,1050,979
3,1019,984,1050,979
3,1012,956,1050,979
3,1007,968,1049,958
3,1010,943,1047,956
3,993,934,1040,959
3,999,945,1035,963
3,997,916,1032,970
3,1009,926,1032,971
3,1042,935,1032,971
3,1052,924,1046,965
3,1046,919,1056,956
3,1035,898,1056,955
3,1058,899,1019,973
3,1078,911,1001,994
3,1069,912,1003,996
3,1054,920,1083,952
3,1039,898,1104,898
3,1029,850,1083,877
3,1013,842,1060,890
3,1018,863,1051,913
3,1006,845,1060,932
3,1010,857,1078,941
3,1018,853,1109,939
3,1012,871,1149,895
3,1007,878,1151,841
3,996,827,1140,831
3,990,825,1122,825
3,970,807,1081,837
3,982,794,1074,843
3,973,789,1065,854
3,975,825,1062,863
3,970,844,1061,869
3,975,848,1060,872
3,979,855,1060,872
3,972,874,1050,862
3,993,854,981,740
3,983,863,943,700
3,997,844,939,698
3,1025,833,927,704
3,999,840,904,735
3,999,846,901,781
3,1021,862,918,820
3,1045,878,964,867
3,1079,894,1009,872
3,1103,895,1028,865
3,1108,918,1028,856
3,1096,951,1028,856
3,1087,945,1028,856
3,1068,948,1024,868
3,1057,972,1027,888
3,1030,974,1034,899
3,1030,978,1050,901
3,1030,970,1085,883
3,1017,977,1095,860
3,1052,980,1088,856
3,1045,978,1050,855
3,1026,986,993,873
3,1050,990,978,888
3,1063,989,977,896
3,1083,983,977,899
3,1092,960,977,899
3,1072,952,998,896
3,1055,957,1053,873
3,1012,944,1066,858
3,997,924,1067,853
3,1023,922,1067,853
3,993,921,1042,884
3,982,923,1035,899
3,966,930,1035,904
3,980,958,1037,907
3,981,965,1037,907
3,970,963,1037,907
3,969,976,1037,907
3,968,956,1007,920
3,977,964,954,938
3,979,970,954,939
3,976,942,954,939
3,979,942,954,939
3,963,929,954,939
3,950,940,954,939
3,938,933,954,939
3,931,935,954,939
3,907,914,954,939
3,902,912,954,939
3,896,906,995,930
3,893,909,1036,898
3,886,919,1038,891
3,881,901,1038,891
3,855,889,1016,888
3,858,884,990,894
3,860,884,969,907
3,842,894,955,930
3,810,903,953,941
3,812,917,954,947
3,835,908,954,926
3,820,891,899,824
3,817,905,890,819
3,819,883,865,832
3,806,900,846,843
3,785,876,823,865
3,812,863,821,894
3,804,837,834,923
3,787,826,860,937
3,787,843,894,934
3,805,853,911,896
3,793,869,898,871
3,785,874,876,869
3,774,868,830,875
3,803,862,805,887
3,792,910,798,895
3,776,887,796,902
3,764,873,796,911
3,743,867,796,911
3,774,871,796,911
3,765,863,797,911
3,753,894,797,911
3,755,905,797,911
3,753,855,797,911
3,727,885,797,911
3,743,905,797,911
3,728,867,797,911
3,693,883,788,911
3,673,878,759,906
3,688,885,758,906
3,654,881,758,906
3,667,866,758,906
3,681,854,758,906
3,691,886,758,906
3,680,893,758,906
3,684,896,758,906
3,677,895,758,906
3,677,872,758,906
3,674,883,758,906
3,684,869,758,906
3,683,859,758,906
3,660,854,758,906
3,641,850,758,906
3,631,866,758,906
3,631,885,758,912
3,596,878,759,921
3,598,881,759,922
3,597,884,776,922
3,615,895,808,899
3,609,897,801,876
3,608,916,787,869
3,647,898,704,862
3,661,869,683,865
3,657,898,667,879
3,694,896,664,901
3,667,914,665,904
3,644,923,686,921
3,632,914,700,929
3,607,904,702,928
3,599,909,721,893
3,603,894,714,877
3,593,886,701,876
3,616,894,674,892
3,627,896,668,898
3,625,868,668,900
3,624,862,668,900
3,628,903,668,900
3,631,880,668,900
3,643,877,668,900
3,650,865,668,900
3,638,852,668,900
3,637,864,668,900
3,645,826,681,888
3,662,822,685,886
3,668,834,685,886
3,650,802,685,886
3,643,809,690,882
3,635,826,690,881
3,614,810,690,881
3,620,808,690,881
3,633,772,690,881
3,650,791,690,881
3,658,780,690,881
3,674,801,690,881
3,693,779,690,881
3,690,752,692,881
3,696,734,693,881
3,684,715,693,881
3,706,755,705,861
3,700,757,715,845
3,738,742,719,833
3,718,732,722,819
3,732,748,722,803
3,749,746,722,803
3,742,747,722,803
3,748,778,722,803
3,767,771,722,803
3,775,759,722,803
3,784,749,722,803
3,742,756,722,803
3,731,763,722,803
3,745,744,722,803
3,725,743,722,803
3,723,753,722,803
3,697,761,722,803
3,687,759,722,803
3,663,773,722,803
3,674,765,722,803
3,698,758,722,803
3,728,753,722,803
3,718,755,722,803
3,701,779,722,803
4,974,532,979,549
4,986,537,979,549
4,989,544,979,549
4,1004,561,977,549
4,1016,585,977,549
4,1009,592,977,549
4,1021,607,977,549
4,1003,602,977,549
4,1015,583,977,549
4,1026,583,977,549
4,1063,583,977,560
4,1094,565,977,592
4,1075,553,990,647
4,1102,566,1009,695
4,1098,579,1010,698
4,1094,572,1015,702
4,1093,544,1052,715
4,1069,541,1065,707
4,1048,521,1089,685
4,1066,520,1099,675
4,1084,544,1099,675
4,1065,546,1099,675
4,1057,537,1097,663
4,1078,526,1094,646
4,1086,539,1089,642
4,1082,547,1069,636
4,1098,549,1052,636
4,1100,561,1052,636
4,1103,563,1052,636
4,1125,571,1067,632
4,1116,556,1091,621
4,1125,526,1091,621
4,1145,519,1094,610
4,1142,520,1095,603
4,1144,542,1108,597
4,1104,525,1164,593
4,1114,506,1226,596
4,1098,512,1217,596
4,1106,506,1203,595
4,1114,479,1203,594
4,1094,457,1202,594
4,1076,441,1177,593
4,1071,449,1167,593
4,1042,455,1162,593
4,1060,453,1162,593
4,1051,454,1148,569
4,1054,444,1133,536
4,1048,440,1106,497
4,1029,420,1085,486
4,1030,400,1074,482
4,995,372,1072,481
4,1015,349,1072,481
4,1021,358,1072,481
4,1027,324,1072,481
4,1004,328,1072,481
4,1005,333,1072,481
4,1023,341,1072,481
4,1014,339,1061,474
4,1024,350,1025,382
4,1049,358,1033,331
4,1073,346,1040,296
4,1077,338,1040,292
4,1052,361,1040,292
4,1057,362,1038,301
4,1044,361,1040,326
4,1061,347,1070,348
4,1067,343,1075,351
4,1053,322,1075,351
4,1056,324,1075,351
4,1057,324,1075,351
4,1066,322,1075,351
4,1074,320,1075,351
4,1069,341,1075,351
4,1083,344,1075,351
4,1094,322,1075,351
4,1083,303,1073,335
4,1077,286,1063,305
4,1084,292,1050,308
4,1085,293,1028,325
4,1095,297,1021,335
4,1100,305,1020,341
4,1098,311,1019,346
4,1088,308,1019,346
4,1066,335,1019,346
4,1086,339,1055,347
4,1067,357,1096,335
4,1059,349,1106,330
4,1093,343,1106,329
4,1097,354,1106,329
4,1120,379,1106,329
4,1129,366,1087,335
4,1132,355,1077,341
4,1117,320,1077,341
4,1114,331,1077,341
4,1126,336,1077,344
4,1105,348,1079,350
4,1088,361,1080,350
4,1089,360,1080,350
4,1115,365,1080,350
4,1100,383,1080,350
4,1116,363,1080,350
4,1114,379,1077,365
4,1096,401,1077,366
4,1105,414,1077,376
4,1122,389,1076,392
4,1140,388,1076,393
4,1155,399,1076,393
4,1187,386,1076,397
4,1185,370,1078,405
4,1145,361,1080,405
4,1150,339,1093,405
4,1144,314,1125,406
4,1138,296,1154,404
4,1137,300,1168,398
4,1148,291,1171,394
4,1145,300,1177,387
4,1148,288,1179,368
4,1174,281,1169,338
4,1148,284,1159,323
4,1174,258,1158,322
4,1152,253,1137,311
4,1119,261,1126,309
4,1111,245,1114,325
4,1117,229,1117,334
4,1105,253,1131,340
4,1116,265,1151,338
4,1124,274,1178,326
4,1133,258,1191,314
4,1125,253,1205,293
4,1118,254,1208,282
4,1106,227,1193,278
4,1093,214,1180,279
4,1096,228,1159,291
4,1127,193,1154,301
4,1117,179,1152,317
4,1100,171,1153,322
4,1080,167,1161,329
4,1082,172,1177,330
4,1090,177,1208,322
4,1071,188,1213,320
4,1036,181,1213,320
4,1049,180,1213,320
4,1070,181,1206,323
4,1089,207,1198,331
4,1089,213,1195,337
4,1110,199,1195,342
4,1116,203,1194,342
4,1106,209,1163,291
4,1113,196,1143,242
4,1138,229,1139,236
4,1119,231,1139,236
4,1121,250,1139,236
4,1114,254,1139,236
4,1127,243,1139,236
4,1149,234,1139,236
4,1160,234,1110,265
4,1140,229,1105,293
4,1181,232,1109,306
4,1183,246,1125,317
4,1163,232,1133,317
4,1164,208,1155,302
4,1164,205,1160,285
4,1138,211,1158,275
4,1135,235,1157,275
4,1156,232,1137,282
4,1172,237,1114,295
4,1174,225,1112,306
4,1198,233,1118,309
4,1182,222,1137,310
4,1179,239,1170,300
4,1206,249,1170,300
4,1199,292,1170,300
4,1211,293,1187,299
4,1213,292,1188,299
4,1230,311,1202,274
4,1235,323,1204,269
4,1260,314,1204,269
4,1237,323,1204,269
4,1236,343,1194,279
4,1230,326,1189,292
4,1225,321,1189,299
4,1211,313,1195,304
4,1208,299,1207,307
4,1220,302,1214,307
4,1210,317,1232,304
4,1189,317,1235,304
4,1177,336,1235,303
4,1158,341,1235,303
4,1166,393,1235,303
4,1159,390,1213,310
4,1156,427,1208,312
4,1158,433,1208,314
4,1133,461,1209,315
4,1142,471,1209,315
4,1141,473,1209,316
4,1124,451,1206,344
4,1133,467,1189,490
4,1161,455,1175,527
4,1150,426,1160,584
4,1143,428,1160,588
4,1139,440,1160,588
4,1105,442,1160,588
4,1102,421,1160,588
4,1126,401,1160,588
4,1122,433,1130,531
4,1093,431,1126,526
4,1116,426,1126,526
4,1111,436,1119,534
4,1130,448,1119,537
4,1134,428,1126,535
4,1108,462,1137,517
4,1107,479,1133,499
4,1097,467,1112,491
4,1094,490,1096,504
4,1097,465,1095,519
4,1095,464,1104,531
4,1047,447,1129,521
4,1040,430,1147,486
4,1036,412,1140,460
4,1049,428,1133,455
4,1034,420,1115,456
4,1021,434,1081,471
4,1013,454,1063,474
4,1025,432,1058,477
4,1014,434,1047,466
4,1019,440,1043,463
4,1001,435,1026,458
4,983,431,1018,473
4,958,444,1025,496
4,978,437,1054,510
4,975,441,1070,503
4,982,446,1059,455
4,991,463,1026,448
4,978,460,1008,468
4,980,471,1013,497
4,962,477,1014,498
4,977,461,1014,498
4,965,459,1014,498
4,971,442,1014,498
4,978,471,1014,498
4,986,465,1014,498
4,983,451,1014,498
4,968,442,1014,498
4,949,439,1014,498
4,946,420,1014,498
4,951,437,1014,498
4,948,438,1014,498
4,935,438,1014,498
4,920,405,1014,498
4,901,396,1014,498
4,893,364,1014,498
4,868,362,1014,498
4,877,339,1020,504
4,851,309,1038,505
4,849,301,1034,444
4,865,299,978,403
4,875,310,960,395
4,907,286,933,379
4,945,290,908,359
4,928,295,885,335
4,929,280,874,326
4,919,280,874,326
4,940,275,874,326
4,932,264,874,326
4,927,292,874,326
4,934,297,874,326
4,958,308,877,338
4,938,303,880,348
4,960,309,882,352
4,962,317,882,353
4,950,301,882,353
4,949,344,882,353
4,938,333,883,353
4,946,340,883,353
4,959,347,883,353
4,938,368,883,353
4,949,371,883,353
4,931,353,883,354
4,958,356,883,354
4,945,361,914,358
4,931,397,917,356
4,930,407,917,356
4,907,404,917,373
4,903,421,920,381
4,888,428,920,381
4,896,432,920,381
4,900,428,920,381
4,909,429,920,381
4,916,432,920,381
4,913,444,920,381
4,934,446,920,381
4,932,454,920,381
4,930,446,920,381
4,941,423,944,411
4,965,394,978,470
4,937,393,992,494
4,945,396,1003,532
4,957,393,1008,551
4,940,381,1008,560
4,929,395,1008,563
4,910,368,1008,566
4,921,359,1008,566
4,935,358,1004,565
4,933,370,1004,565
4,954,357,1002,565
4,958,362,1002,566
4,958,365,1001,565
4,973,368,993,543
4,972,375,987,520
4,976,389,977,489
4,954,361,961,453
4,953,352,957,445
4,936,333,957,445
4,963,321,957,445
4,983,321,957,445
4,983,298,957,445
4,966,277,957,445
4,960,288,957,445
4,983,303,957,445
4,978,324,953,436
4,948,293,951,429
4,938,253,948,415
4,958,261,949,401
4,945,252,950,395
4,961,241,950,395
4,935,246,950,395
4,931,244,974,328
4,946,228,971,323
4,931,192,947,343
4,943,237,933,369
4,943,243,940,394
4,954,237,948,396
4,948,229,993,359
4,959,238,1001,276
4,958,235,971,238
4,946,230,944,227
4,966,228,934,227
4,956,222,934,227
4,947,198,934,227
4,945,187,934,227
4,948,158,934,227
4,963,168,927,270
4,962,187,939,291
4,959,204,968,298
4,932,206,994,293
4,949,210,1026,239
4,927,184,1011,167
4,932,234,971,131
4,938,241,955,128
4,942,249,940,133
4,955,250,915,149
4,943,259,904,185
4,970,271,920,224
4,966,259,952,250
4,950,261,980,258
4,936,274,995,259
4,902,277,999,259
4,881,267,999,259
4,904,294,999,272
4,883,273,999,290
4,874,265,1003,298
4,891,281,1003,299
4,895,276,1003,299
4,886,283,1003,299
4,882,249,931,301
4,857,239,853,298
4,864,233,853,298
4,863,217,857,307
4,886,215,859,311
4,908,213,859,311
4,898,211,859,311
4,895,239,860,311
4,898,265,860,311
4,887,254,870,290
4,892,240,883,265
4,877,250,892,257
4,876,269,892,257
4,865,272,892,257
4,859,262,892,257
4,851,292,892,257
4,859,266,892,257
4,861,256,892,257
4,868,270,892,257
4,883,272,892,257
4,873,260,892,257
4,869,284,892,257
4,857,312,894,258
4,853,300,909,285
4,858,313,920,298
4,832,291,920,300
4,810,279,939,320
4,793,302,957,327
4,802,290,977,322
4,810,304,994,287
4,821,306,986,246
4,798,316,960,226
4,763,309,916,216
4,760,297,871,211
4,779,275,849,210
4,775,265,833,222
4,747,277,817,242
4,726,275,812,255
4,732,278,810,280
4,724,263,828,304
4,743,264,849,310
4,756,263,861,294
4,732,266,821,251
4,727,262,760,236
4,726,265,735,234
4,726,244,718,234
4,739,218,714,237
4,735,238,714,237
4,740,261,714,237
4,736,263,714,237
4,723,268,714,237
4,716,264,714,237
4,721,279,714,237
4,714,282,717,254
4,710,275,734,279
4,731,264,735,280
4,729,275,735,281
4,700,274,739,288
4,706,286,741,295
4,731,274,743,297
4,724,279,743,297
4,734,296,743,297
4,733,292,743,297
4,736,281,751,307
4,721,265,752,307
4,703,278,752,307
4,718,260,752,307
4,712,256,752,307
4,703,242,752,307
4,711,235,752,307
4,712,252,752,307
4,711,251,752,307
4,713,268,752,307
4,743,270,752,307
4,773,258,752,307
4,767,234,752,307
4,775,223,745,291
4,760,235,742,282
4,734,227,742,282
4,726,236,742,282
4,729,226,742,282
4,748,193,742,282
4,740,182,753,276
4,734,180,765,268
4,714,164,766,266
4,698,164,766,266
4,724,139,766,265
4,717,140,765,248
4,727,146,763,225
4,726,133,754,205
4,720,136,751,199
4,746,142,750,195
4,725,125,745,188
4,720,118,744,187
4,719,134,744,187
4,691,146,744,187
4,673,146,744,187
4,678,140,744,187
4,657,171,744,187
4,660,165,744,187
4,647,184,740,195
4,677,187,740,195
4,693,185,740,195
4,691,206,740,195
4,724,180,738,198
4,746,163,721,212
4,774,172,718,218
4,782,183,718,221
4,793,181,718,221
4,793,213,718,221
4,807,186,718,221
4,806,173,720,223
4,804,179,722,225
4,803,199,748,245
4,781,184,776,256
4,809,211,807,259
4,838,240,827,259
4,812,221,833,257
4,815,233,839,255
4,832,241,839,255
4,862,250,839,241
4,883,227,838,235
4,879,237,838,235
4,873,238,836,234
4,880,275,834,230
4,888,266,834,230
4,872,299,833,240
4,860,318,833,250
4,859,321,837,253
4,867,331,851,261
4,855,333,872,268
4,884,327,879,272
4,909,293,879,272
4,900,307,879,274
4,904,315,882,283
4,887,326,882,294
4,878,347,884,307
4,852,354,885,321
4,833,356,888,329
4,848,352,892,343
4,848,360,898,357
4,814,349,900,365
4,824,374,900,372
4,792,363,898,385
4,789,359,896,390
4,814,368,896,393
4,841,379,896,393
4,825,397,893,403
4,800,394,880,414
4,797,404,850,434
4,795,418,835,442
4,760,445,835,442
4,763,417,835,442
4,756,415,833,446
4,718,447,823,457
4,688,440,812,471
4,681,447,797,489
4,695,444,783,504
4,688,446,774,514
4,688,453,766,520
4,678,442,751,528
4,673,435,732,536
4,683,433,714,541
4,669,419,706,541
4,692,429,695,542
4,686,469,694,542
4,667,449,694,542
4,672,468,693,516
4,657,463,701,491
4,680,432,703,485
4,688,407,703,485
4,689,397,703,485
4,682,395,703,485
4,638,394,698,490
4,671,388,690,496
4,699,398,689,497
4,675,390,689,497
4,692,394,681,499
4,675,404,672,500
4,657,406,671,500
4,652,430,662,485
4,635,447,662,485
4,636,462,662,485
4,637,472,662,485
4,634,482,662,485
4,633,472,662,485
4,659,462,662,485
4,646,460,662,485
4,627,433,662,485
4,609,444,662,485
4,625,459,662,485
4,658,471,661,490
4,656,469,665,498
4,654,474,665,500
4,658,465,663,501
4,658,457,653,508
4,685,457,644,516
4,691,443,628,524
4,680,462,616,529
4,711,463,610,532
4,702,455,585,517
4,686,440,585,516
4,684,452,585,516
4,668,444,585,516
4,669,452,585,516
4,679,461,585,516
4,682,458,608,519
4,688,459,645,514
4,705,450,649,504
4,690,451,667,485
4,683,451,679,478
4,685,452,692,462
4,687,455,697,442
4,675,465,697,442
4,674,451,689,450
4,657,438,680,460
4,662,461,676,471
4,629,454,662,482
4,618,470,657,487
4,616,484,649,494
4,635,503,648,494
4,610,512,637,498
4,571,509,630,501
4,560,485,625,502
4,554,486,624,502
4,564,510,624,502
4,579,495,624,502
4,576,502,624,502
4,580,490,626,504
4,567,504,627,504
4,583,494,627,504
4,591,487,627,504
4,556,476,627,504
4,554,469,627,504
4,560,445,618,509
4,537,446,616,514
4,547,449,612,524
4,547,459,601,530
4,537,439,591,536
4,556,473,583,536
4,539,489,579,536
4,537,476,576,527
4,551,484,571,513
4,541,478,570,506
4,555,474,570,496
4,582,470,569,496
4,574,459,565,495
4,585,463,518,496
4,603,446,506,497
4,617,433,501,500
4,616,449,495,506
4,629,440,494,509
4,618,452,494,515
4,601,452,502,529
4,613,421,508,536
4,612,425,534,545
4,597,434,558,548
4,590,429,590,550
4,587,434,615,541
4,620,444,620,535
4,591,392,628,517
4,598,425,632,506
4,596,426,633,497
4,588,438,634,487
4,615,422,633,482
4,609,428,631,477
4,594,437,623,470
4,602,428,619,470
4,607,420,618,470
4,594,432,598,470
4,582,426,589,480
4,588,415,586,489
4,585,411,586,496
4,590,421,586,499
4,566,438,593,494
4,560,425,623,441
4,575,429,622,418
4,574,421,609,396
4,564,416,594,373
4,551,438,587,365
4,568,437,578,362
4,592,422,565,368
4,614,432,540,396
4,617,452,537,419
4,645,458,540,435
4,640,433,555,465
4,626,397,565,484
4,626,433,578,491
4,617,455,593,495
4,609,465,609,499
4,632,454,614,501
4,642,416,620,501
4,644,427,630,498
4,647,444,647,490
4,673,460,659,485
4,683,422,666,481
4,671,423,666,481
4,686,433,666,480
4,674,467,666,480
4,686,445,668,477
4,682,428,672,468
4,714,420,672,462
4,708,415,672,456
4,698,400,672,455
4,724,386,672,455
4,716,412,670,451
4,730,412,662,444
4,722,396,661,443
4,686,402,660,443
4,699,408,660,443
4,708,377,660,443
4,726,401,660,443
4,720,384,660,443
4,711,389,660,443
4,711,384,660,443
4,694,403,660,443
4,690,380,655,443
4,693,385,634,446
4,675,372,634,447
4,663,362,634,447
4,656,343,633,452
4,661,339,628,460
4,629,342,628,464
4,630,312,628,468
4,666,319,628,472
4,671,347,633,485
4,680,336,636,492
4,657,351,636,493
4,662,346,637,493
4,654,362,637,493
4,633,377,637,493
4,616,373,637,493
4,613,369,637,493
4,644,383,637,493
4,639,374,642,493
4,617,376,649,492
4,592,385,650,490
4,583,378,654,488
4,586,378,661,481
4,547,374,670,464
4,518,384,671,453
4,498,389,667,435
4,481,376,653,411
4,517,367,639,390
4,541,401,622,372
4,529,383,590,354
4,507,378,573,353
4,523,385,572,353
4,520,409,572,357
4,526,408,577,363
4,533,419,579,389
4,561,377,578,396
4,559,347,578,397
4,553,319,578,397
4,564,331,578,390
4,541,338,578,390
4,551,331,578,390
4,532,329,579,397
4,531,349,579,397
4,536,335,588,395
4,533,331,588,395
4,588,330,587,386
4,580,320,585,379
4,570,301,573,350
4,573,341,567,339
4,558,340,558,336
4,565,357,555,335
4,549,344,555,335
4,549,350,546,341
4,545,355,544,355
4,567,369,547,368
4,567,357,551,373
4,567,375,551,373
4,581,396,556,372
4,581,391,562,368
4,583,407,568,364
4,561,410,573,362
4,566,389,573,362
4,550,387,573,362
4,552,386,570,362
4,518,404,548,369
4,506,391,537,374
4,508,390,529,381
4,508,384,528,381
4,517,397,527,390
4,469,423,528,403
4,522,418,530,412
4,499,419,532,415
4,514,416,532,415
4,526,414,537,419
4,535,427,547,421
4,493,409,549,421
4,486,420,549,415
4,536,401,548,415
4,503,406,538,421
4,480,395,535,428
4,534,402,536,448
4,529,417,538,457
4,514,460,540,459
4,538,442,540,460
4,569,439,540,460
4,563,423,529,460
4,582,429,514,460
4,561,434,508,460
4,580,435,508,460
4,591,412,508,460
4,588,434,509,460
4,568,430,530,467
4,577,418,555,474
4,596,400,561,476
4,609,388,561,476
4,605,406,561,476
4,595,417,561,476
4,576,426,561,476
4,573,400,561,476
4,546,429,561,476
4,574,416,566,477
4,552,421,602,488
4,551,418,616,489
4,570,417,616,489
4,552,398,612,479
4,551,381,605,471
4,561,347,590,463
4,570,329,573,460
4,556,323,556,464
4,577,294,549,474
4,570,317,550,484
4,543,316,555,491
4,551,303,567,499
4,556,310,582,500
4,567,320,597,491
4,574,298,619,462
4,576,289,624,447
4,565,305,632,402
4,547,289,627,367
4,561,307,620,345
4,556,297,611,335
4,538,282,594,325
4,512,295,576,321
4,519,335,544,320
4,516,373,530,321
4,529,384,524,325
4,502,384,506,339
4,493,370,498,357
4,491,376,496,367
4,474,371,491,382
4,521,379,491,397
4,521,357,491,418
4,563,342,498,441
4,587,340,503,451
4,574,336,503,451
4,567,351,504,451
4,565,342,512,452
4,575,343,531,453
4,596,384,536,453
4,594,390,540,453
4,577,411,543,453
4,533,420,551,452
4,535,404,551,452
4,536,405,551,452
4,549,441,554,442
4,544,441,567,426
4,540,475,574,420
4,560,490,576,420
4,552,512,576,420
4,557,503,576,420
4,538,496,576,420
4,540,463,576,420
4,533,475,569,427
4,543,474,560,443
4,532,475,560,452
4,538,483,560,464
4,524,513,563,469
4,528,522,564,475
4,533,520,565,477
4,537,513,565,477
4,548,496,563,484
4,554,507,561,490
4,541,521,558,504
4,521,528,558,510
4,503,508,558,511
4,479,451,558,511
4,490,437,558,511
4,489,434,559,516
4,484,417,559,520
4,482,402,559,520
4,505,402,559,520
4,503,408,559,520
4,503,405,558,507
4,507,412,552,460
4,488,392,552,441
4,496,401,549,427
4,511,387,549,427
4,500,395,549,427
4,509,410,549,427
4,511,398,549,427
4,494,398,539,427
4,484,424,507,435
4,502,443,493,443
4,487,415,487,453
4,517,401,487,462
4,499,414,487,473
4,506,411,497,489
4,519,406,506,497
4,497,397,522,505
4,460,383,554,513
4,514,398,569,510
4,523,391,578,501
4,519,402,586,489
4,526,421,594,476
4,521,456,598,461
4,529,450,598,447
4,528,467,597,436
4,524,483,580,416
4,512,465,563,407
4,506,450,546,403
4,502,456,521,403
4,491,462,502,408
4,489,448,488,419
4,509,438,481,430
4,520,458,478,441
4,499,469,477,447
4,491,468,475,458
4,508,469,476,470
4,509,476,478,481
4,508,494,484,491
4,487,479,492,503
4,482,495,493,503
4,495,502,493,504
4,483,504,493,504
4,506,527,511,515
4,522,529,526,523
4,516,514,530,525
4,501,515,531,525
4,511,525,531,525
4,518,558,531,525
4,501,583,531,525
4,504,610,531,525
4,489,614,531,526
4,479,636,531,533
4,526,620,531,553
4,539,639,525,575
4,531,642,518,591
4,550,614,511,607
4,526,608,500,630
4,546,625,486,651
4,556,637,486,653
4,551,627,485,663
4,545,618,485,671
4,571,632,485,671
4,590,642,485,673
4,566,613,487,673
4,588,617,530,675
4,586,601,536,670
4,588,607,555,657
4,604,614,560,655
4,592,581,560,655
4,612,574,560,655
4,616,570,560,655
4,612,577,560,650
4,600,574,561,646
4,591,581,561,646
4,584,561,561,646
4,582,573,563,644
4,570,573,574,635
4,561,573,577,634
4,548,581,580,630
4,534,587,584,623
4,540,572,586,621
4,544,567,586,620
4,539,562,586,620
4,543,568,586,619
4,527,577,586,614
4,515,553,585,608
4,525,556,585,602
4,544,590,585,597
4,529,585,588,587
4,530,602,589,580
4,515,587,591,575
4,533,587,592,571
4,530,598,592,571
4,520,586,592,571
4,507,612,592,571
4,496,591,592,571
4,488,595,581,577
4,520,581,572,584
4,539,595,568,586
4,539,581,561,592
4,537,570,551,595
4,525,570,549,596
4,538,578,542,599
4,535,562,539,600
4,543,558,539,600
4,544,558,539,600
4,548,542,539,600
4,556,550,539,600
4,566,590,539,600
4,581,590,539,600
4,604,576,549,591
4,606,561,553,584
4,603,540,559,572
4,607,508,562,565
4,612,518,566,562
4,603,517,570,559
4,622,519,574,559
4,642,532,580,558
4,641,507,593,560
4,657,490,600,563
4,655,506,600,563
4,646,511,600,563
4,653,500,608,566
4,635,504,615,567
4,665,496,622,567
4,668,527,628,567
4,663,508,639,563
4,647,466,645,559
4,648,475,655,553
4,669,499,657,544
4,651,490,660,530
4,659,477,660,522
4,682,497,658,506
4,673,499,654,495
4,660,493,651,481
4,666,484,647,474
4,650,492,646,473
4,647,492,646,473
4,629,491,646,473
4,614,493,631,480
4,639,497,630,493
4,596,516,635,496
4,608,503,638,497
4,621,527,638,497
4,608,510,638,497
4,612,518,638,497
4,602,542,638,497
4,589,494,627,502
4,576,521,611,508
4,560,516,608,512
4,551,519,606,520
4,576,525,612,536
4,599,528,614,540
4,586,521,615,542
4,585,522,615,542
4,592,530,598,548
4,600,513,594,551
4,584,494,593,570
4,602,493,601,586
4,602,500,606,592
4,572,516,606,593
4,566,520,614,593
4,581,517,618,588
4,587,516,629,570
4,575,530,631,559
4,577,572,626,551
4,581,587,603,541
4,577,594,588,536
4,569,594,575,533
4,563,606,575,533
4,561,607,564,541
4,553,628,563,548
4,549,627,562,565
4,559,640,567,575
4,544,618,568,579
4,555,621,572,584
4,553,607,575,587
4,560,610,576,588
4,549,594,576,588
4,526,612,577,588
4,524,602,592,588
4,508,581,610,586
4,483,601,622,581
4,482,610,629,576
4,488,653,631,574
4,486,653,631,574
4,457,634,631,574
4,548,651,626,574
4,548,661,616,574
4,526,675,607,575
4,521,672,600,580
4,516,651,591,589
4,547,664,581,599
4,513,657,575,606
4,527,636,565,623
4,520,630,549,643
4,523,636,540,652
4,516,642,534,657
4,538,648,516,680
4,551,645,510,697
4,563,625,510,703
4,573,614,512,704
4,551,621,535,715
4,556,650,548,715
4,560,656,569,716
4,543,656,588,714
4,560,649,598,693
4,581,680,607,675
4,555,675,612,657
4,541,693,612,652
4,556,688,612,652
4,561,653,603,644
4,574,659,586,640
4,556,679,567,636
4,565,654,561,636
4,578,670,554,637
4,558,687,551,639
4,537,689,548,641
4,542,684,545,647
4,529,679,545,653
4,522,657,546,662
4,494,650,552,674
4,503,617,561,688
4,503,642,565,692
4,495,641,566,692
4,504,658,577,683
4,509,677,580,674
4,507,687,579,667
4,507,674,577,662
4,504,650,568,656
4,522,627,551,648
4,500,636,542,644
4,510,598,542,644
4,522,598,542,644
4,516,581,542,644
4,524,584,542,644
4,529,589,542,644
4,517,598,542,644
4,500,596,542,644
4,500,565,542,644
4,496,547,542,644
4,504,539,542,644
4,521,550,542,644
4,474,566,543,639
4,512,576,544,626
4,532,575,538,603
4,540,542,489,578
4,544,538,454,578
4,514,556,445,582
4,488,556,440,592
4,508,557,440,593
4,478,557,461,597
4,540,557,524,599
4,539,541,533,592
4,534,536,533,585
4,529,519,533,585
4,539,491,533,585
4,541,502,522,599
4,526,509,540,618
4,533,503,577,617
4,552,496,586,597
4,561,502,589,573
4,565,498,578,561
4,559,528,565,560
4,575,526,551,569
4,555,550,548,576
4,546,549,546,587
4,541,555,548,594
4,541,551,549,598
4,552,565,568,600
4,549,550,587,599
4,558,543,592,590
4,580,522,596,576
4,569,543,594,573
4,564,552,585,573
4,562,557,547,579
4,562,549,537,587
4,563,545,532,593
4,573,527,530,600
4,549,513,530,602
4,563,533,530,605
4,571,524,530,606
4,586,520,530,606
4,585,518,530,606
4,565,508,530,606
4,560,489,530,610
4,536,501,533,616
4,522,510,533,616
4,516,512,536,616
4,513,509,548,612
4,519,507,553,608
4,507,516,553,607
4,505,525,553,599
4,496,503,552,593
4,512,525,550,587
4,546,532,547,580
4,562,522,539,566
4,549,533,527,552
4,530,537,515,545
4,530,558,508,543
4,528,570,496,542
4,541,543,487,544
4,509,552,483,549
4,499,564,480,560
4,496,567,483,573
4,505,583,488,586
4,509,594,493,590
4,523,584,504,599
4,509,556,516,601
4,543,571,525,601
4,547,569,537,596
4,546,557,546,591
4,561,567,550,585
4,572,552,554,578
4,559,536,554,569
4,554,554,551,557
4,576,540,546,545
4,571,566,540,533
4,521,543,534,529
4,500,528,525,528
4,497,528,515,527
4,496,516,505,532
4,503,505,494,540
4,486,499,491,549
4,512,505,491,563
4,509,519,491,569
4,513,528,493,579
4,510,519,496,583
4,538,505,509,589
4,505,519,517,590
4,494,541,530,590
5,936,539,974,546
5,952,556,974,546
5,950,556,974,546
5,916,563,974,546
5,942,529,974,546
5,934,507,974,546
5,915,519,974,546
5,914,507,974,546
5,921,496,974,546
5,938,481,974,546
5,940,459,974,546
5,964,497,974,546
5,964,517,965,547
5,958,503,955,547
5,957,496,955,547
5,931,519,955,547
5,952,508,952,534
5,940,479,950,531
5,918,483,950,531
5,912,488,950,531
5,923,481,950,531
5,906,494,950,531
5,917,506,950,531
5,920,484,950,531
5,935,495,950,531
5,933,512,950,531
5,938,533,950,531
5,915,545,950,531
5,935,557,950,531
5,948,547,950,531
5,931,538,944,524
5,912,550,920,487
5,923,528,901,476
5,908,517,875,489
5,921,506,863,495
5,913,500,855,504
5,908,510,850,538
5,915,519,855,563
5,915,521,873,584
5,910,525,885,586
5,916,533,904,583
5,956,505,924,574
5,959,509,963,531
5,952,492,964,527
5,908,482,963,521
5,927,467,959,520
5,934,462,959,520
5,956,431,959,520
5,944,458,958,534
5,963,460,958,534
5,969,457,958,534
5,973,466,987,495
5,970,478,973,463
5,940,482,950,456
5,896,473,939,459
5,918,477,928,475
5,926,489,929,487
5,928,509,935,491
5,901,500,951,494
5,890,516,965,490
5,889,514,968,477
5,902,516,966,474
5,917,543,956,476
5,952,541,929,493
5,954,525,922,503
5,932,496,922,511
5,931,491,924,525
5,935,477,934,537
5,948,462,952,540
5,930,472,968,530
5,916,454,974,515
5,922,445,956,488
5,951,486,955,486
5,935,510,945,488
5,922,500,914,504
5,903,515,905,514
5,888,506,905,521
5,868,519,908,529
5,853,528,909,531
5,874,514,914,537
5,879,504,919,540
5,885,495,922,542
5,856,496,922,542
5,874,508,922,542
5,910,494,922,542
5,923,489,909,538
5,921,519,904,536
5,912,519,898,529
5,909,506,894,524
5,902,499,891,522
5,915,503,891,521
5,892,524,890,515
5,907,531,890,513
5,893,525,890,513
5,898,530,890,513
5,912,513,899,502
5,903,502,908,494
5,916,491,911,492
5,949,474,912,492
5,962,487,914,492
5,957,475,920,504
5,940,472,921,516
5,928,475,922,520
5,928,452,923,521
5,899,442,923,522
5,905,427,925,529
5,898,440,930,535
5,891,476,930,535
5,905,462,937,539
5,912,475,937,539
5,914,478,950,535
5,916,456,963,524
5,933,472,966,517
5,958,475,966,502
5,951,480,964,492
5,968,485,958,482
5,968,478,954,472
5,948,468,953,472
5,939,468,943,467
5,932,467,935,465
5,918,433,923,461
5,886,430,906,465
5,874,456,895,474
5,889,490,881,495
5,909,470,877,510
5,925,462,878,518
5,932,471,881,523
5,931,480,888,529
5,910,473,895,530
5,903,469,903,529
5,918,484,907,525
5,890,485,909,523
5,905,488,909,523
5,911,505,909,523
5,907,511,909,523
5,891,497,909,523
5,915,489,909,523
5,918,493,909,523
5,925,486,909,523
5,918,506,909,523
5,908,504,909,523
5,906,517,915,525
5,918,497,918,527
5,926,490,919,527
5,899,478,924,523
5,886,466,924,522
5,868,500,924,522
5,861,498,924,522
5,837,536,924,522
5,847,552,924,522
5,832,554,924,522
5,813,554,924,522
5,798,567,924,522
5,819,575,924,522
5,803,559,924,522
5,810,544,924,522
5,799,536,924,522
5,787,530,924,522
5,780,536,924,522
5,771,558,924,522
5,768,544,924,522
5,767,552,924,522
5,780,560,924,522
5,778,576,924,522
5,773,577,924,522
5,772,581,924,522
5,762,565,924,522
5,761,536,916,551
5,774,511,900,560
5,776,504,876,575
5,768,495,836,587
5,765,518,797,600
5,790,532,780,603
5,795,524,780,603
5,780,515,780,603
5,763,496,780,603
5,786,501,780,603
5,794,502,793,601
5,785,503,793,601
5,782,502,793,601
5,783,518,793,601
5,772,551,793,601
5,787,539,793,601
5,784,540,793,601
5,790,538,793,601
5,769,552,793,601
5,781,576,793,601
5,800,549,772,567
5,753,570,785,564
5,754,563,787,567
5,776,586,787,567
5,768,549,787,567
5,763,562,787,567
5,771,525,787,567
5,788,520,787,567
5,797,535,787,567
5,791,514,787,567
5,787,506,787,567
5,816,507,791,567
5,816,502,791,568
5,808,511,791,568
5,826,492,792,568
5,862,493,793,569
5,858,502,801,575
5,861,479,799,589
5,885,471,796,592
5,903,476,796,592
5,897,459,797,592
5,931,457,821,564
5,910,444,827,555
5,894,466,827,555
5,912,453,827,555
5,909,432,827,555
5,913,434,829,555
5,921,397,839,553
5,927,425,859,543
5,935,419,859,543
5,945,444,859,543
5,940,438,881,523
5,922,449,941,474
5,901,443,953,463
5,911,456,953,463
5,911,449,953,463
5,910,437,953,463
5,917,442,953,463
5,916,444,953,463
5,912,430,953,463
5,915,435,953,463
5,908,444,953,463
5,913,451,953,463
5,920,446,953,463
5,914,453,953,463
5,910,455,953,463
5,914,462,953,463
5,920,450,953,463
5,927,465,934,437
5,917,463,913,416
5,898,468,908,427
5,920,470,905,454
5,923,483,906,457
5,943,454,906,457
5,933,471,906,457
5,948,457,906,457
5,944,466,906,457
5,964,496,906,457
5,1005,524,906,457
5,1006,520,906,457
5,1008,492,906,457
5,1008,481,906,457
5,1008,518,906,457
5,996,536,906,457
5,990,538,906,457
5,986,546,913,466
5,999,517,918,473
5,982,518,923,480
5,980,521,930,492
5,983,519,935,502
5,996,496,947,530
5,1002,514,952,541
5,1008,490,955,547
5,1026,509,955,548
5,1039,491,960,551
5,1026,486,970,556
5,1025,526,976,556
5,1036,540,985,549
5,1030,541,995,538
5,1033,545,999,533
5,1053,544,1008,521
5,1093,548,1013,513
5,1082,549,1015,508
5,1099,546,1015,508
5,1079,523,1010,501
5,1045,544,1003,499
5,1036,536,1001,499
5,1053,523,999,499
5,1081,557,989,499
5,1085,571,986,502
5,1089,580,983,509
5,1098,559,981,514
5,1091,565,981,521
5,1086,566,981,529
5,1120,550,981,540
5,1130,566,984,559
5,1119,549,996,578
5,1099,527,1030,607
5,1063,533,1079,626
5,1061,537,1108,631
5,1057,555,1112,631
5,1052,548,1128,617
5,1056,544,1128,603
5,1024,539,1122,585
5,1024,557,1118,577
5,1012,526,1113,575
5,995,515,1105,570
5,1002,536,1066,565
5,1009,547,1061,565
5,1020,516,1053,565
5,1022,508,1048,566
5,1017,485,1041,566
5,1015,467,1027,566
5,1007,438,998,556
5,986,430,980,545
5,972,465,969,536
5,968,458,966,531
5,953,465,951,493
5,937,471,951,471
5,946,434,953,437
5,955,411,953,437
5,935,410,954,413
5,934,409,954,410
5,918,401,954,410
5,913,416,954,410
5,891,392,954,410
5,883,375,954,410
5,910,372,954,410
5,895,375,954,410
5,892,374,954,410
5,883,388,954,410
5,884,379,954,410
5,880,398,954,410
5,883,392,954,410
5,890,365,954,410
5,894,362,954,410
5,878,392,954,410
5,895,373,954,410
5,869,375,954,410
5,854,365,924,415
5,842,373,906,414
5,848,351,905,413
5,862,368,904,413
5,821,357,900,406
5,792,397,897,400
5,782,393,886,385
5,757,395,871,376
5,754,380,868,370
5,756,381,862,365
5,762,361,862,365
5,758,351,862,365
5,779,347,842,372
5,768,362,812,383
5,755,350,809,384
5,784,334,809,384
5,799,343,808,384
5,786,373,786,385
5,791,370,778,385
5,815,370,778,385
5,783,382,778,385
5,805,366,778,385
5,812,369,778,385
5,845,360,778,385
5,824,351,787,393
5,829,350,826,416
5,822,327,842,423
5,814,352,843,423
5,788,339,843,424
5,805,332,851,419
5,803,337,863,408
5,813,334,864,391
5,800,338,860,387
5,796,353,856,382
5,797,334,852,380
5,791,336,822,363
5,812,339,805,354
5,823,329,802,354
5,836,314,802,353
5,849,298,802,353
5,856,272,798,357
5,853,273,795,364
5,863,259,795,364
5,884,254,795,364
5,889,286,800,364
5,887,281,836,353
5,887,275,842,351
5,882,264,850,346
5,853,261,858,339
5,819,275,867,333
5,834,278,868,333
5,854,305,868,333
5,852,320,868,333
5,833,313,864,333
5,862,299,849,334
5,855,299,843,331
5,860,271,832,307
5,877,286,825,291
5,870,301,824,285
5,883,284,824,285
5,855,279,833,318
5,881,287,839,332
5,917,269,860,377
5,910,276,876,394
5,898,286,883,399
5,903,284,897,400
5,934,309,914,397
5,959,322,939,379
5,933,312,952,359
5,926,292,955,352
5,943,289,956,346
5,948,296,958,332
5,949,259,958,324
5,979,250,958,314
5,979,259,958,314
5,981,251,958,314
5,993,263,958,314
5,1008,225,940,315
5,1001,222,937,317
5,987,234,937,317
5,975,228,937,317
5,976,261,937,317
5,983,257,937,317
5,989,291,968,287
5,969,295,977,270
5,972,297,981,250
5,961,303,983,245
5,965,309,985,238
5,968,277,985,238
5,960,269,986,252
5,970,244,986,283
5,977,239,984,321
5,973,228,984,332
5,977,243,984,344
5,973,252,984,344
5,949,254,984,334
5,951,278,998,277
5,952,291,1002,258
5,940,305,1002,258
5,935,295,1002,258
5,928,305,999,271
5,920,288,993,278
5,955,284,986,288
5,968,304,982,298
5,941,279,975,317
5,943,264,973,327
5,949,250,966,342
5,935,237,966,342
5,949,251,966,342
5,960,248,965,326
5,935,268,965,317
5,953,258,964,311
5,956,266,964,311
5,940,253,964,311
5,951,260,959,306
5,974,259,958,305
5,990,262,957,292
5,999,239,957,289
5,984,234,957,289
5,991,231,957,289
5,994,216,957,287
5,981,232,957,280
5,956,253,960,275
5,964,271,960,275
5,959,243,960,275
5,939,249,960,275
5,959,239,960,275
5,950,249,960,275
5,950,217,960,275
5,948,225,960,275
5,958,219,960,275
5,956,233,960,275
5,954,249,960,275
5,966,282,960,275
5,959,278,960,275
5,979,295,960,275
5,979,277,960,275
5,993,290,960,275
5,993,297,960,275
5,972,298,960,275
5,956,322,960,275
5,942,300,960,275
5,951,278,960,275
5,928,262,960,275
5,928,238,960,275
5,911,258,969,282
5,917,245,979,304
5,895,259,979,304
5,886,279,979,304
5,902,271,979,304
5,909,295,979,284
5,883,276,979,276
5,898,278,978,271
5,932,246,978,271
5,944,233,977,271
5,947,229,977,271
5,956,214,977,271
5,947,199,970,271
5,942,208,960,275
5,934,208,960,275
5,939,210,960,275
5,949,230,960,275
5,963,232,960,275
5,957,223,960,275
5,950,194,960,275
5,934,198,960,275
5,936,175,960,275
5,919,147,960,275
5,910,178,960,275
5,904,182,960,275
5,891,146,960,275
5,893,189,984,224
5,882,173,985,220
5,882,149,985,219
5,903,179,940,161
5,928,170,909,144
5,922,143,881,140
5,941,138,880,140
5,964,134,880,140
5,966,122,880,140
5,930,98,881,148
5,955,78,892,168
5,965,89,909,174
5,979,98,938,173
5,984,91,951,168
5,988,93,960,158
5,996,76,959,143
5,986,91,949,123
5,990,89,940,116
5,998,94,931,106
5,976,108,930,104
5,998,103,929,101
5,1016,100,933,87
5,1040,86,939,82
5,1023,65,939,82
5,1032,69,939,82
5,1038,64,939,82
5,1049,104,941,84
5,1049,61,946,91
5,1049,76,957,97
5,1042,56,984,101
5,1036,102,999,103
5,1035,114,999,103
5,1024,121,999,103
5,1065,122,999,103
5,1068,126,1018,116
5,1086,140,1027,120
5,1090,144,1032,124
5,1072,156,1035,135
5,1056,186,1038,158
5,1057,187,1040,170
5,1049,209,1040,177
5,1044,200,1043,182
5,1043,190,1042,192
5,1052,187,1035,219
5,1042,210,1030,235
5,1043,200,1028,246
5,1036,195,1026,256
5,1055,172,1025,263
5,1049,173,1025,263
5,1047,174,1025,263
5,1048,164,1025,263
5,1033,163,1025,263
5,1004,161,1025,263
5,1010,162,1023,260
5,1018,148,1022,253
5,1008,165,1026,239
5,1000,177,1032,226
5,992,179,1040,217
5,985,159,1041,216
5,999,157,1041,216
5,997,188,1042,212
5,1030,172,1042,208
5,1024,195,1042,206
5,1038,197,1042,206
5,1020,183,1041,200
5,1028,191,1032,194
5,1000,168,1031,194
5,981,178,1031,194
5,937,175,1031,194
5,938,160,1031,194
5,957,190,1025,194
5,973,166,1019,200
5,969,165,1017,205
5,987,158,1017,214
5,1005,158,1017,217
5,1016,135,1017,217
5,1029,117,1007,206
5,1036,126,969,194
5,1053,89,934,193
5,1056,100,905,194
5,1041,110,905,194
5,1032,95,905,195
5,1024,84,908,202
5,1024,80,914,210
5,1053,87,917,215
5,1063,82,917,215
5,1049,76,938,218
5,1038,63,986,212
5,1059,94,1013,198
5,1064,95,1019,189
5,1041,117,1019,183
5,1055,127,1019,183
5,1056,104,1019,183
5,1073,107,1019,172
5,1060,86,1019,160
5,1085,70,1021,147
5,1104,109,1022,146
5,1087,94,1022,146
5,1091,94,1022,146
5,1067,108,1022,146
5,1100,101,1022,146
5,1119,121,1022,146
5,1123,132,1022,146
5,1109,133,1022,146
5,1124,140,1022,146
5,1135,138,1022,146
5,1147,134,1022,146
5,1172,141,1022,146
5,1158,136,1022,146
5,1145,122,1026,155
5,1154,119,1068,203
5,1166,132,1120,230
5,1167,144,1153,218
5,1171,137,1165,204
5,1167,156,1165,204
5,1169,166,1176,218
5,1185,136,1198,229
5,1191,120,1232,213
5,1170,132,1238,211
5,1158,121,1248,211
5,1143,153,1274,212
5,1124,168,1281,212
5,1142,186,1310,208
5,1134,167,1310,208
5,1110,164,1310,208
5,1101,182,1306,208
5,1081,176,1305,208
5,1099,168,1259,210
5,1141,158,1184,217
5,1139,140,1155,222
5,1160,157,1155,222
5,1169,157,1148,215
5,1169,137,1127,205
5,1144,116,1127,205
5,1149,129,1131,187
5,1138,140,1136,175
5,1131,126,1137,171
5,1109,151,1141,159
5,1111,130,1146,146
5,1117,135,1154,135
5,1108,130,1156,131
5,1103,119,1159,126
5,1070,128,1161,120
5,1084,123,1161,119
5,1100,147,1153,106
5,1126,174,1141,98
5,1124,150,1126,95
5,1152,125,1121,95
5,1186,134,1116,95
5,1181,132,1100,95
5,1165,119,1089,99
5,1160,127,1089,99
5,1150,136,1089,100
5,1159,126,1089,100
5,1134,152,1104,129
5,1139,142,1129,138
5,1135,150,1130,138
5,1134,129,1146,135
5,1132,136,1158,127
5,1127,140,1163,122
5,1118,185,1163,113
5,1113,187,1163,106
5,1101,191,1162,101
5,1106,175,1160,98
5,1100,197,1160,97
5,1110,217,1160,97
5,1085,244,1150,99
5,1097,262,1122,132
5,1090,257,1119,157
5,1123,273,1124,167
5,1112,256,1128,185
5,1107,259,1134,203
5,1081,281,1136,215
5,1083,277,1138,225
5,1097,289,1139,245
5,1109,298,1142,258
5,1150,262,1143,265
5,1132,254,1143,266
5,1155,261,1136,279
5,1151,251,1121,298
5,1148,238,1116,305
5,1170,248,1114,311
5,1138,245,1110,316
5,1104,250,1110,322
5,1089,241,1110,328
5,1046,249,1110,335
5,1062,271,1112,337
5,1068,260,1113,339
5,1066,248,1113,339
5,1063,257,1113,339
5,1051,246,1113,339
5,1041,255,1098,338
5,1071,252,1037,334
5,1089,222,1026,333
5,1103,219,1026,333
5,1111,238,1026,325
5,1090,212,1026,319
5,1085,207,1031,308
5,1041,227,1051,293
5,1045,240,1067,284
5,1023,256,1074,281
5,1021,261,1083,279
5,1031,277,1083,278
5,1024,274,1092,274
5,1033,285,1097,268
5,1037,284,1100,259
5,1035,323,1101,254
5,1029,310,1101,253
5,1022,306,1101,253
5,1023,302,1101,253
5,1019,294,1101,253
5,1004,273,1072,266
5,1004,262,1066,272
5,1010,271,1057,285
5,993,262,1047,292
5,995,276,1047,292
5,989,278,1047,292
5,1003,279,1047,292
5,1004,292,1047,292
5,1004,307,1047,292
5,989,335,1040,294
5,993,352,1025,292
5,1000,367,1019,282
5,970,367,1013,257
5,962,371,1013,249
5,936,364,1012,249
5,909,396,1012,249
5,927,392,1000,264
5,928,397,996,294
5,930,399,1003,319
5,903,438,1012,350
5,930,417,1016,384
5,908,402,1016,443
5,893,380,1008,454
5,881,389,1001,458
5,860,381,970,461
5,875,359,947,468
5,879,352,925,475
5,865,348,922,475
5,898,353,915,447
5,913,348,911,432
5,914,353,911,417
5,917,339,908,408
5,939,335,908,395
5,957,315,903,378
5,957,319,900,365
5,961,338,900,353
5,985,321,910,345
5,968,326,919,340
5,965,339,935,335
5,982,346,939,334
5,983,353,939,334
5,996,339,956,350
5,1007,331,964,366
5,1009,347,965,371
5,1030,332,964,378
5,1039,300,961,385
5,1007,301,955,393
5,994,298,953,394
5,982,283,953,394
5,991,291,953,394
5,1002,290,951,394
5,1012,298,961,366
5,979,305,970,352
5,970,298,979,345
5,964,303,991,335
5,957,313,1001,326
5,959,297,1014,317
5,972,284,1019,310
5,949,309,1027,298
5,951,277,1031,291
5,961,248,1033,282
5,941,260,1033,282
5,952,268,1025,272
5,945,260,1023,271
5,930,256,1002,269
5,919,228,997,269
5,929,217,991,272
5,933,217,979,272
5,928,233,955,272
5,924,226,954,270
5,895,207,947,258
5,900,181,942,234
5,897,174,940,221
5,918,199,940,211
5,899,201,938,198
5,897,207,931,188
5,908,211,917,176
5,912,220,903,175
5,920,235,903,175
5,945,226,889,177
5,921,229,874,181
5,888,252,864,193
5,913,278,861,200
5,922,255,858,208
5,925,250,858,213
5,936,271,861,215
5,933,262,881,231
5,942,284,909,242
5,945,304,920,257
5,947,299,933,275
5,956,319,949,302
5,950,305,958,331
5,983,336,959,336
5,962,329,961,341
5,972,346,961,344
5,964,354,962,353
5,950,359,962,357
5,932,370,961,364
5,904,413,958,369
5,886,410,955,375
5,860,398,949,379
5,851,410,948,381
5,862,370,943,391
5,842,349,941,397
5,851,353,938,405
5,849,370,938,405
5,847,388,938,405
5,837,386,928,398
5,822,391,916,368
5,840,389,910,355
5,879,419,904,344
5,874,421,898,337
5,869,462,889,336
5,857,454,867,342
5,820,444,861,357
5,834,448,860,380
5,819,442,860,385
5,829,430,864,402
5,809,424,872,428
5,769,440,872,439
5,785,452,867,445
5,788,448,853,450
5,767,435,850,451
5,757,442,850,451
5,785,429,844,449
5,791,413,830,440
5,792,432,826,438
5,780,441,826,438
5,785,446,815,440
5,783,470,799,444
5,768,441,793,444
5,761,456,792,445
5,753,435,785,446
5,725,436,784,447
5,708,442,784,447
5,707,431,784,447
5,690,433,763,453
5,686,441,746,454
5,703,396,722,456
5,707,396,697,457
5,708,391,686,456
5,713,374,673,450
5,701,370,664,449
5,726,374,656,447
5,731,383,656,447
5,736,391,656,442
5,751,395,686,424
5,761,398,707,409
5,744,408,719,403
5,744,407,720,403
5,737,393,720,403
5,724,406,737,406
5,739,399,752,411
5,737,403,754,411
5,745,409,757,417
5,770,409,760,418
5,769,397,760,418
5,755,409,753,422
5,791,385,749,423
5,804,391,749,423
5,841,410,749,423
5,833,425,751,423
5,822,421,761,420
5,808,438,776,415
5,839,428,798,410
5,851,426,798,410
5,829,394,806,413
5,823,389,814,418
5,843,395,837,442
5,826,428,846,452
5,823,445,851,460
5,829,433,851,463
5,842,436,851,463
5,851,455,848,463
5,847,457,841,462
5,885,466,829,456
5,870,434,829,456
5,868,424,829,456
5,852,410,839,460
5,848,392,856,468
5,840,403,874,479
5,852,440,879,482
5,835,446,883,484
5,821,453,893,487
5,834,463,897,489
5,842,460,894,488
5,833,442,891,480
5,858,435,891,480
5,832,402,890,480
5,834,407,890,480
5,829,424,864,481
5,824,452,851,482
5,824,453,851,482
5,838,456,842,471
5,811,444,833,463
5,785,451,824,451
5,805,431,822,448
5,800,443,822,448
5,833,452,821,442
5,820,435,820,442
5,807,452,820,437
5,806,445,820,437
5,772,463,820,434
5,782,464,820,434
5,776,480,817,440
5,773,485,813,445
5,740,483,810,450
5,724,481,809,453
5,713,478,797,463
5,714,470,787,472
5,732,464,778,479
5,752,489,774,482
5,738,485,763,490
5,729,495,758,493
5,746,492,731,496
5,728,481,717,496
5,726,489,714,494
5,718,482,713,492
5,714,491,713,489
5,663,491,712,488
5,684,476,712,488
5,688,527,712,488
5,726,528,712,488
5,732,521,712,488
5,722,527,712,488
5,755,539,724,495
5,753,536,726,497
5,732,558,728,497
5,709,583,733,502
5,724,601,739,510
5,708,590,747,519
5,711,577,754,528
5,702,606,764,545
5,699,604,769,552
5,697,631,770,558
5,692,634,771,558
5,701,639,771,561
5,696,622,768,567
5,716,620,762,568
5,697,593,751,573
5,690,593,742,579
5,711,601,717,606
5,730,611,713,623
5,755,622,708,635
5,747,610,708,638
5,775,609,708,638
5,783,589,708,648
5,795,602,711,657
5,800,608,718,663
5,805,635,726,668
5,790,663,739,674
5,788,649,747,675
5,759,648,755,676
5,763,656,774,676
5,733,637,780,676
5,742,637,781,676
5,743,631,785,679
5,762,654,786,679
5,795,647,786,679
5,786,677,786,679
5,789,677,786,679
5,760,677,786,674
5,725,667,786,667
5,734,660,785,662
5,732,640,784,662
5,750,639,781,658
5,729,631,781,658
5,712,609,781,658
5,709,609,781,658
5,731,619,764,658
5,725,613,757,658
5,699,604,751,658
5,713,604,746,659
5,703,615,745,660
5,704,622,741,659
5,684,610,724,633
5,660,603,712,610
5,656,566,707,595
5,619,540,707,592
5,632,522,706,587
5,620,530,706,587
5,626,545,706,587
5,616,556,706,587
5,628,602,694,593
5,649,634,690,601
5,655,658,690,603
5,666,656,690,604
5,666,669,683,597
5,638,641,673,587
5,622,638,664,585
5,608,639,660,585
5,628,637,644,591
5,652,658,640,598
5,639,644,636,606
5,633,652,636,608
5,631,639,636,616
5,625,646,636,623
5,602,657,636,625
5,583,633,638,625
5,595,616,682,627
5,605,625,694,627
5,594,621,705,618
5,588,623,710,604
5,603,612,712,592
5,599,623,712,590
5,606,649,712,590
5,610,683,699,584
5,597,670,668,578
5,584,700,661,578
5,605,707,643,586
5,591,700,633,595
5,610,692,629,602
5,606,698,628,609
5,590,697,628,615
5,583,674,628,624
5,609,685,633,637
5,616,690,641,643
5,619,697,676,654
5,637,672,690,657
5,651,662,698,657
5,623,637,712,657
5,614,656,728,656
5,642,659,732,652
5,637,657,733,645
5,631,676,733,643
5,656,695,730,636
5,646,699,723,635
5,628,686,704,635
5,623,668,689,639
5,624,675,671,646
5,631,659,652,660
5,618,662,632,679
5,632,669,624,689
5,644,696,623,694
5,670,659,617,696
5,682,667,613,702
5,681,682,611,702
5,671,677,611,702
5,683,686,610,702
5,686,681,618,707
5,696,689,620,708
5,698,677,636,709
5,702,700,675,712
5,666,689,684,712
5,676,681,685,712
5,675,675,685,712
5,690,675,699,704
5,682,671,716,696
5,656,677,725,691
5,647,671,731,687
5,644,658,737,681
5,656,656,742,673
5,640,644,743,665
5,642,663,743,655
5,690,661,743,651
5,703,683,742,647
5,709,656,739,646
5,698,582,694,641
5,692,583,671,645
5,670,574,657,656
5,672,559,650,666
5,677,560,649,669
5,685,558,649,672
5,689,563,649,672
5,673,580,653,675
5,680,596,657,677
5,672,599,657,678
5,673,599,657,678
5,681,608,689,686
5,672,594,726,690
5,635,613,758,688
5,626,624,773,675
5,644,636,782,657
5,664,639,782,639
5,659,635,782,638
5,666,645,779,632
5,653,624,772,627
5,655,620,753,619
5,662,599,734,617
5,664,600,708,617
5,682,612,684,620
5,685,588,677,622
5,722,574,668,624
5,743,552,661,627
5,753,548,653,632
5,755,573,648,635
5,754,556,645,642
5,738,555,640,652
5,726,522,640,659
5,726,534,640,660
5,696,541,640,660
5,705,524,665,660
5,716,506,708,644
5,740,515,733,620
5,744,542,756,590
5,733,565,758,582
5,744,547,761,571
5,742,544,765,561
5,745,518,772,542
5,735,505,776,530
5,725,514,776,530
5,735,522,776,530
5,740,523,776,530
5,752,535,776,530
5,716,533,776,530
5,749,528,776,530
5,748,556,776,538
5,757,553,772,547
5,756,549,770,552
5,745,559,770,552
5,756,546,770,552
5,744,541,768,562
5,729,544,767,570
5,727,557,765,578
5,731,542,765,595
5,743,541,764,601
5,730,555,764,601
5,716,560,764,601
5,693,515,764,601
5,692,527,764,601
5,699,526,764,601
5,709,528,764,601
5,709,567,764,601
5,722,575,764,601
5,719,575,764,601
5,701,587,764,601
5,691,604,764,601
5,706,620,771,598
5,701,607,783,590
5,696,585,783,590
5,679,593,783,590
5,662,614,783,590
5,663,604,783,590
5,683,595,783,590
5,683,586,783,590
5,659,603,783,590
5,641,596,783,590
5,647,600,783,590
5,637,626,783,590
5,629,655,783,590
5,637,696,778,590
5,639,674,715,589
5,633,664,692,589
5,605,647,678,593
5,570,657,661,603
5,580,666,644,613
5,586,695,644,613
5,571,722,641,623
5,573,729,640,625
5,566,748,640,625
5,581,737,640,625
5,556,722,638,625
5,563,740,631,626
5,571,746,626,628
5,586,754,621,631
5,600,729,620,632
5,572,722,620,632
5,553,723,620,632
5,568,716,620,632
5,564,731,620,633
5,565,742,648,654
5,551,747,660,659
5,576,756,660,659
5,584,768,660,659
5,593,797,660,659
5,604,772,660,659
6,977,564,944,543
6,972,534,941,537
6,975,524,941,530
6,993,520,941,530
6,975,515,941,530
6,958,510,941,530
6,958,516,941,530
6,970,512,963,554
6,947,507,986,568
6,921,524,989,571
6,893,526,989,571
6,880,522,989,571
6,906,503,989,571
6,904,524,996,558
6,891,540,997,546
6,901,525,996,544
6,906,533,996,542
6,874,521,996,542
6,869,494,996,542
6,887,479,992,542
6,880,465,980,546
6,913,467,976,550
6,927,475,976,550
6,936,480,976,550
6,961,505,976,550
6,975,520,976,557
6,964,533,976,558
6,949,529,982,518
6,955,543,978,516
6,949,523,978,516
6,974,495,978,516
6,990,520,978,516
6,1013,528,978,516
6,988,521,978,516
6,988,501,978,516
6,986,512,978,516
6,981,507,983,517
6,1010,488,992,520
6,1004,493,989,537
6,1006,526,1005,562
6,1014,527,1016,566
6,1028,531,1023,565
6,1047,547,1025,561
6,1074,566,1025,559
6,1073,555,1005,554
6,1081,537,1003,557
6,1108,523,1003,565
6,1119,505,1041,601
6,1109,513,1054,607
6,1113,486,1068,608
6,1117,497,1080,600
6,1117,477,1086,597
6,1137,477,1097,589
6,1129,474,1098,586
6,1141,492,1098,574
6,1109,484,1098,570
6,1103,503,1098,563
6,1107,515,1099,542
6,1099,506,1100,532
6,1103,490,1102,522
6,1086,492,1102,522
6,1096,508,1102,522
6,1092,518,1086,528
6,1094,541,1075,543
6,1081,559,1069,557
6,1093,568,1069,557
6,1104,586,1069,557
6,1097,558,1079,557
6,1107,589,1084,557
6,1120,599,1095,553
6,1129,614,1097,552
6,1114,598,1101,550
6,1115,641,1120,537
6,1095,663,1122,537
6,1095,648,1122,537
6,1099,639,1122,537
6,1100,638,1122,537
6,1111,623,1122,537
6,1107,607,1120,541
6,1114,624,1106,554
6,1139,620,1100,561
6,1141,618,1099,571
6,1144,624,1100,577
6,1136,627,1104,587
6,1153,638,1108,600
6,1151,653,1109,601
6,1148,678,1109,601
6,1128,677,1109,601
6,1145,708,1109,601
6,1132,704,1109,601
6,1111,663,1109,601
6,1140,665,1109,601
6,1140,665,1109,601
6,1167,659,1103,636
6,1157,686,1099,656
6,1157,707,1109,696
6,1163,717,1111,699
6,1172,708,1111,699
6,1207,724,1111,699
6,1191,722,1111,699
6,1218,719,1122,692
6,1216,710,1123,692
6,1195,708,1123,692
6,1226,687,1123,698
6,1238,694,1139,764
6,1247,694,1185,873
6,1263,689,1202,903
6,1270,694,1204,903
6,1297,687,1220,872
6,1318,697,1237,856
6,1327,686,1259,817
6,1330,714,1281,733
6,1335,700,1284,704
6,1336,706,1284,703
6,1363,734,1284,703
6,1363,741,1284,703
6,1371,746,1259,714
6,1362,717,1227,769
6,1356,722,1247,802
6,1389,702,1308,830
6,1379,714,1325,831
6,1364,717,1338,817
6,1353,707,1332,808
6,1332,727,1327,806
6,1331,702,1317,795
6,1332,707,1312,773
6,1347,730,1311,772
6,1328,721,1311,772
6,1314,696,1311,749
6,1332,723,1313,690
6,1341,730,1300,649
6,1339,712,1295,646
6,1365,706,1274,646
6,1374,730,1252,655
6,1375,767,1233,663
6,1372,773,1229,710
6,1377,797,1247,735
6,1367,801,1282,742
6,1378,776,1311,742
6,1400,790,1323,742
6,1426,811,1330,742
6,1441,787,1331,743
6,1413,794,1332,743
6,1395,774,1346,757
6,1430,764,1352,761
6,1466,735,1352,761
6,1407,724,1352,761
6,1411,720,1371,775
6,1423,728,1381,780
6,1399,740,1384,783
6,1374,770,1386,783
6,1373,772,1400,790
6,1377,779,1413,790
6,1392,756,1418,785
6,1398,792,1423,774
6,1427,798,1423,772
6,1420,814,1423,772
6,1386,835,1423,772
6,1395,818,1421,772
6,1393,797,1384,766
6,1396,799,1373,766
6,1420,783,1373,766
6,1415,797,1371,778
6,1409,792,1370,782
6,1388,793,1371,789
6,1411,804,1375,796
6,1426,800,1379,805
6,1435,787,1380,812
6,1416,807,1383,817
6,1395,793,1383,817
6,1421,800,1383,817
6,1431,823,1392,817
6,1375,846,1413,811
6,1357,837,1423,807
6,1346,828,1433,805
6,1337,798,1447,803
6,1339,787,1459,803
6,1352,785,1460,799
6,1323,768,1458,794
6,1321,762,1423,777
6,1320,756,1398,774
6,1316,745,1382,771
6,1307,742,1382,771
6,1317,725,1382,771
6,1282,746,1382,771
6,1290,731,1382,771
6,1303,736,1382,771
6,1312,730,1382,771
6,1305,734,1343,765
6,1296,756,1312,762
6,1328,758,1307,761
6,1331,766,1307,761
6,1332,748,1307,761
6,1322,741,1307,761
6,1305,733,1307,761
6,1317,727,1307,761
6,1306,733,1307,761
6,1331,731,1307,761
6,1368,737,1307,761
6,1354,759,1307,761
6,1350,764,1307,761
6,1374,791,1307,761
6,1387,804,1307,761
6,1369,808,1307,761
6,1351,804,1307,761
6,1349,805,1307,761
6,1359,775,1307,761
6,1364,769,1307,761
6,1357,789,1307,761
6,1349,797,1307,761
6,1318,788,1311,766
6,1331,787,1322,773
6,1318,783,1328,776
6,1318,765,1330,778
6,1318,771,1330,778
6,1297,745,1330,778
6,1303,736,1332,778
6,1318,759,1332,778
6,1316,779,1332,778
6,1270,791,1332,778
6,1280,773,1332,778
6,1262,803,1332,778
6,1280,796,1332,778
6,1298,819,1332,778
6,1334,813,1332,778
6,1339,806,1332,778
6,1377,821,1332,778
6,1396,810,1332,778
6,1424,805,1353,773
6,1439,837,1360,768
6,1421,841,1363,763
6,1438,827,1371,748
6,1400,839,1373,736
6,1409,821,1373,736
6,1429,824,1373,736
6,1447,808,1364,757
6,1408,837,1361,792
6,1407,831,1371,831
6,1408,816,1382,860
6,1390,823,1384,866
6,1387,803,1395,882
6,1379,820,1405,887
6,1383,824,1442,896
6,1400,817,1470,899
6,1370,836,1484,895
6,1364,841,1490,867
6,1342,839,1453,816
6,1347,822,1430,812
6,1367,828,1417,812
6,1387,843,1411,814
6,1398,854,1395,820
6,1379,863,1389,824
6,1352,880,1387,825
6,1344,911,1386,825
6,1342,893,1386,825
6,1354,885,1386,826
6,1363,883,1386,826
6,1363,872,1381,836
6,1340,869,1366,855
6,1329,876,1353,869
6,1338,894,1341,885
6,1324,922,1337,889
6,1334,899,1337,889
6,1327,923,1337,889
6,1334,932,1331,899
6,1327,937,1328,901
6,1309,959,1328,901
6,1309,943,1328,901
6,1292,938,1328,902
6,1274,924,1328,902
6,1282,907,1328,902
6,1287,925,1326,911
6,1260,923,1324,915
6,1248,956,1324,916
6,1259,929,1324,916
6,1276,954,1322,921
6,1254,949,1318,930
6,1263,952,1313,936
6,1274,957,1304,939
6,1276,950,1290,941
6,1275,932,1279,941
6,1263,912,1279,941
6,1272,924,1279,941
6,1262,940,1279,941
6,1255,938,1279,941
6,1248,933,1279,941
6,1258,927,1279,941
6,1253,922,1279,941
6,1258,946,1279,941
6,1254,938,1279,941
6,1256,945,1279,941
6,1252,929,1279,941
6,1250,962,1279,941
6,1268,957,1279,941
6,1237,959,1279,941
6,1240,972,1279,941
6,1267,955,1279,941
6,1275,948,1279,941
6,1277,973,1279,941
6,1283,968,1279,941
6,1283,955,1279,941
6,1296,945,1279,941
6,1316,939,1279,941
6,1321,929,1279,941
6,1324,919,1279,941
6,1314,930,1279,941
6,1299,934,1279,941
6,1316,934,1279,941
6,1296,931,1278,941
6,1280,930,1276,941
6,1294,935,1276,941
6,1287,926,1276,941
6,1270,917,1276,941
6,1289,907,1276,941
6,1313,914,1276,941
6,1325,903,1276,941
6,1331,923,1276,941
6,1336,929,1276,941
6,1331,959,1276,941
6,1368,968,1276,941
6,1357,987,1278,987
6,1385,987,1287,1009
6,1387,975,1288,1009
6,1408,968,1288,1009
6,1401,972,1288,1009
6,1394,947,1288,1009
6,1393,927,1299,1008
6,1420,935,1395,997
6,1418,923,1405,994
6,1428,946,1404,994
6,1448,944,1404,994
6,1381,955,1404,994
6,1390,961,1404,994
6,1371,969,1404,994
6,1357,973,1401,991
6,1377,961,1385,955
6,1361,946,1382,948
6,1356,921,1381,942
6,1369,920,1381,942
6,1379,943,1381,942
6,1348,919,1381,942
6,1364,909,1381,942
6,1391,910,1381,942
6,1374,961,1381,942
6,1321,963,1381,942
6,1301,954,1381,942
6,1307,931,1381,942
6,1307,925,1381,942
6,1278,964,1381,942
6,1264,957,1381,942
6,1283,934,1381,942
6,1283,921,1381,942
6,1272,922,1381,942
6,1253,919,1381,942
6,1249,941,1381,942
6,1242,950,1381,942
6,1272,955,1381,942
6,1281,963,1381,942
6,1266,955,1381,942
6,1258,977,1381,942
6,1224,978,1371,941
6,1208,988,1319,934
6,1195,1005,1319,934
6,1159,1011,1319,934
6,1163,977,1319,934
6,1158,987,1319,934
6,1171,971,1319,934
6,1193,979,1319,934
6,1191,967,1311,946
6,1199,986,1309,948
6,1196,988,1309,948
6,1207,970,1309,948
6,1197,968,1309,948
6,1196,955,1309,949
6,1169,942,1309,949
6,1178,931,1302,950
6,1178,913,1285,956
6,1162,922,1278,967
6,1155,918,1276,971
6,1150,905,1275,971
6,1139,889,1275,971
6,1147,914,1216,957
6,1147,924,1197,955
6,1119,917,1171,940
6,1092,914,1123,919
6,1103,940,1096,909
6,1111,935,1089,899
6,1085,954,1084,889
6,1090,940,1084,888
6,1066,961,1084,888
6,1017,963,1076,858
6,1000,935,1071,834
6,974,917,1063,815
6,980,911,1063,814
6,988,916,1063,814
6,988,917,1063,814
6,995,926,1053,801
6,985,943,1032,792
6,968,962,1021,792
6,954,962,1014,793
6,985,939,1003,796
6,966,914,994,799
6,972,898,980,814
6,985,901,973,833
6,974,889,971,849
6,991,914,970,852
6,971,918,970,852
6,978,920,966,860
6,985,914,959,871
6,1020,915,955,874
6,1050,944,947,878
6,1046,957,939,880
6,1050,950,926,887
6,1038,954,926,887
6,1052,947,926,887
6,1042,950,936,897
6,1040,962,993,925
6,1038,971,1016,932
6,1051,937,1018,933
6,1068,923,1018,933
6,1081,944,1025,927
6,1068,948,1026,915
6,1073,934,1023,906
6,1093,913,1018,895
6,1092,911,1016,892
6,1101,897,1016,892
6,1094,905,1016,892
6,1087,924,1010,894
6,1078,911,997,899
6,1068,896,994,906
6,1108,897,993,908
6,1121,925,1006,923
6,1104,918,1041,941
6,1127,918,1087,952
6,1168,909,1109,953
6,1200,901,1121,951
6,1199,896,1122,945
6,1194,927,1123,934
6,1197,941,1124,925
6,1192,949,1124,919
6,1170,943,1123,912
6,1158,957,1119,907
6,1166,980,1114,898
6,1165,990,1108,895
6,1171,983,1103,893
6,1185,982,1095,892
6,1166,976,1095,892
6,1159,968,1095,892
6,1167,973,1095,892
6,1167,973,1095,892
6,1167,983,1095,892
6,1161,978,1057,895
6,1162,975,1047,895
6,1182,984,1043,895
6,1178,977,1043,896
6,1202,980,1043,896
6,1187,976,1043,896
6,1202,975,1043,896
6,1207,1005,1043,896
6,1197,993,1043,896
6,1197,987,1043,896
6,1195,992,1043,896
6,1204,983,1043,896
6,1219,955,1043,896
6,1229,950,1043,896
6,1232,939,1043,896
6,1215,937,1043,896
6,1209,919,1043,896
6,1192,906,1043,896
6,1194,893,1043,896
6,1178,910,1075,910
6,1190,911,1095,916
6,1174,914,1102,917
6,1142,917,1102,917
6,1141,920,1102,917
6,1145,931,1102,917
6,1142,932,1144,917
6,1153,930,1161,917
6,1147,926,1161,917
6,1156,922,1161,917
6,1169,937,1161,915
6,1164,943,1147,908
6,1155,967,1111,899
6,1148,994,1105,896
6,1194,994,1098,896
6,1192,993,1098,896
6,1186,1031,1098,896
6,1176,1005,1098,896
6,1206,1030,1118,926
6,1171,985,1137,941
6,1181,966,1148,952
6,1151,980,1152,955
6,1150,977,1161,961
6,1131,944,1165,965
6,1153,935,1166,966
6,1138,947,1167,966
6,1176,961,1167,966
6,1155,971,1167,966
6,1150,960,1167,966
6,1174,966,1155,967
6,1184,995,1139,967
6,1192,999,1139,967
6,1219,1003,1139,967
6,1209,997,1139,960
6,1200,982,1145,950
6,1163,1013,1156,944
6,1148,1009,1159,942
6,1143,987,1164,938
6,1167,979,1172,934
6,1146,976,1173,934
6,1128,974,1187,925
6,1136,960,1195,919
6,1137,968,1196,917
6,1157,971,1196,917
6,1148,955,1195,911
6,1147,974,1189,910
6,1140,1005,1178,908
6,1116,989,1164,909
6,1140,968,1160,911
6,1129,971,1154,919
6,1137,958,1153,928
6,1122,957,1148,934
6,1137,945,1147,939
6,1146,923,1146,944
6,1118,922,1146,951
6,1117,915,1145,958
6,1124,907,1142,966
6,1108,896,1139,970
6,1115,896,1139,971
6,1135,919,1135,962
6,1127,917,1122,939
6,1121,939,1104,910
6,1097,928,1083,874
6,1140,929,1059,861
6,1119,941,1052,859
6,1153,935,1052,859
6,1170,930,1052,859
6,1156,968,1052,858
6,1162,983,1050,853
6,1154,984,1049,850
6,1160,968,1049,850
6,1170,962,1049,850
6,1144,961,1049,850
6,1163,966,1049,850
6,1145,983,1049,850
6,1140,992,1049,850
6,1114,974,1049,850
6,1104,968,1049,850
6,1109,959,1049,850
6,1095,955,1049,850
6,1113,948,1064,833
6,1099,953,1067,823
6,1097,943,1067,823
6,1087,909,1067,823
6,1073,898,1067,823
6,1064,901,1067,823
6,1097,896,1067,823
6,1100,923,1067,823
6,1090,920,1067,823
6,1091,926,1067,823
6,1073,923,1067,823
6,1076,931,1067,823
6,1097,927,1067,823
6,1120,932,1067,823
6,1132,933,1061,831
6,1142,967,1056,837
6,1154,1026,1056,837
6,1147,969,1056,837
6,1133,968,1055,837
6,1131,996,1055,837
6,1140,967,1055,837
6,1132,1001,1055,837
6,1146,999,1048,820
6,1139,969,1046,819
6,1135,940,1046,819
6,1125,949,1046,819
6,1101,949,1046,819
6,1099,966,1046,819
6,1081,952,1083,917
6,1071,953,1121,960
6,1094,927,1127,963
6,1096,930,1130,964
6,1099,935,1131,966
6,1081,929,1131,966
6,1083,939,1132,966
6,1071,949,1132,966
6,1063,946,1132,966
6,1075,951,1132,966
6,1072,940,1132,966
6,1067,926,1132,954
6,1070,922,1132,945
6,1058,897,1132,943
6,1083,908,1132,943
6,1087,899,1132,943
6,1080,922,1132,943
6,1091,927,1132,943
6,1089,936,1130,937
6,1102,948,1083,882
6,1098,968,1044,830
6,1094,967,1043,827
6,1105,1011,1043,827
6,1098,1032,1043,827
6,1123,979,1043,835
6,1124,982,1052,860
6,1128,991,1060,869
6,1146,989,1084,887
6,1134,984,1084,887
6,1106,1009,1087,881
6,1118,982,1092,873
6,1129,977,1093,868
6,1125,993,1093,868
6,1117,960,1092,867
6,1107,976,1092,867
6,1096,988,1083,865
6,1079,982,1050,865
6,1075,980,1036,866
6,1097,971,1032,884
6,1083,973,1036,902
6,1095,961,1052,920
6,1077,958,1068,922
6,1066,961,1087,915
6,1050,970,1105,897
6,1033,963,1105,890
6,1057,937,1104,886
6,1066,919,1104,886
6,1064,910,1087,884
6,1046,881,1059,884
6,1064,872,1055,884
6,1085,871,1055,884
6,1084,853,1052,892
6,1090,851,1050,899
6,1088,855,1051,903
6,1087,848,1053,907
6,1083,880,1056,912
6,1073,846,1061,915
6,1076,847,1072,915
6,1074,870,1087,911
6,1075,877,1109,897
6,1072,873,1115,882
6,1057,859,1118,875
6,1048,843,1124,858
6,1089,851,1125,843
6,1087,859,1125,826
6,1093,876,1119,804
6,1101,911,1115,797
6,1061,916,1110,796
6,1034,917,1094,796
6,1039,923,1087,799
6,1031,937,1074,811
6,1043,973,1065,828
6,1049,961,1064,838
6,1054,969,1061,853
6,1026,974,1061,868
6,1026,950,1061,874
6,997,977,1061,876
6,976,963,1061,876
6,976,978,1061,876
6,977,959,1062,876
6,977,982,1063,876
6,969,985,1082,876
6,995,1018,1099,876
6,988,999,1108,874
6,1021,1017,1114,872
6,1012,1007,1122,870
6,983,1007,1130,866
6,984,987,1135,864
6,1011,985,1135,864
6,1007,1002,1135,864
6,1015,1014,1135,864
6,1014,995,1135,864
6,1015,972,1135,864
6,1015,981,1135,863
6,1013,973,1135,863
6,1024,989,1135,863
6,1010,985,1135,863
6,1006,979,1135,863
6,1022,984,1135,863
6,1003,991,1135,863
6,1009,990,1135,863
6,1013,987,1135,863
6,1014,998,1111,862
6,1005,989,1081,872
6,1049,979,1072,880
6,1048,984,1029,907
6,1069,968,1009,925
6,1079,1006,1007,931
6,1058,1026,1005,940
6,1026,975,1003,944
6,1009,1003,1004,949
6,1005,998,1022,957
6,1021,1012,1084,958
6,1033,1004,1084,958
6,1029,988,1084,958
6,1013,990,1075,963
6,1006,972,1044,970
6,1008,979,1039,975
6,999,961,1036,986
6,965,974,1036,987
6,984,961,1033,998
6,965,970,1032,1000
6,955,962,1032,1000
6,961,964,1031,1001
6,943,961,1021,1006
6,955,1000,1021,1006
6,974,996,1021,1006
6,977,1006,1014,1000
6,960,991,1006,995
6,987,1012,1000,993
6,981,1003,999,991
6,975,1027,999,991
6,966,998,999,991
6,947,1003,999,991
6,972,996,997,989
6,969,978,993,984
6,958,971,989,982
6,959,965,989,981
6,947,938,980,982
6,955,945,975,984
6,942,946,975,984
6,947,926,967,987
6,942,910,958,987
6,945,918,951,987
6,931,924,949,985
6,949,923,945,974
6,938,917,945,967
6,905,923,945,959
6,922,923,948,952
6,913,931,950,946
6,925,955,950,943
6,946,969,950,943
6,942,963,950,943
6,926,984,935,939
6,914,987,933,938
6,909,970,933,938
6,883,999,933,938
6,878,1011,939,944
6,910,984,941,946
6,905,996,949,959
6,899,996,949,960
6,877,1038,949,960
6,879,988,938,969
6,891,994,921,976
6,901,975,911,979
6,916,985,911,979
6,930,980,911,979
6,913,991,911,979
6,923,989,893,989
6,909,1001,891,989
6,896,1013,891,989
6,920,994,891,989
6,942,976,921,976
6,956,993,928,975
6,961,963,931,975
6,944,951,932,980
6,941,965,924,992
6,955,989,920,997
6,956,1004,920,997
6,973,971,917,1003
6,1001,931,917,1003
6,1014,927,947,994
6,1036,895,956,989
6,1035,911,956,989
6,1021,899,956,989
6,1040,904,958,988
6,1017,918,995,982
6,1000,928,1024,970
6,1000,934,1038,959
6,995,902,1038,959
6,995,903,1045,952
6,1015,893,1058,941
6,1000,870,1064,935
6,992,874,1065,935
6,980,894,1054,939
6,1015,902,1028,947
6,990,909,1022,949
6,997,935,1022,949
6,1019,909,1022,942
6,997,892,1022,931
6,1011,905,1020,924
6,997,897,1020,924
6,969,907,1004,923
6,990,927,997,924
6,1009,941,996,925
6,989,951,995,925
6,971,993,975,933
6,979,987,972,939
6,981,1009,972,940
6,979,1021,969,926
6,1009,973,967,913
6,993,970,966,913
6,979,1026,950,921
6,973,960,946,927
6,949,986,946,940
6,948,978,946,950
6,952,992,952,959
6,932,1000,956,963
6,911,1013,969,964
6,885,996,981,964
6,890,1016,982,965
6,879,979,983,973
6,880,953,984,978
6,874,961,979,988
6,877,952,972,992
6,904,939,967,995
6,907,945,964,994
6,890,961,953,984
6,892,946,947,976
6,905,972,944,971
6,898,981,943,965
6,871,973,942,957
6,881,971,942,947
6,885,952,946,938
6,878,926,953,932
6,883,917,954,930
6,882,933,954,928
6,884,948,954,928
6,906,934,943,928
6,883,940,935,931
6,873,940,934,932
6,858,928,929,936
6,859,934,928,940
6,896,932,928,945
6,897,965,930,949
6,913,960,932,956
6,938,990,942,963
6,947,987,958,964
6,962,996,968,964
6,976,982,984,959
6,959,982,992,954
6,974,981,993,947
6,987,996,993,934
6,992,996,992,925
6,968,1002,979,910
6,964,1009,961,899
6,963,994,941,896
6,966,984,927,901
6,969,966,922,909
6,962,989,920,917
6,963,965,923,924
6,982,972,927,930
6,967,980,942,932
6,960,989,958,933
6,962,958,963,933
6,951,936,971,932
6,936,954,982,924
6,949,928,987,916
6,922,928,987,915
6,910,928,987,915
6,900,903,969,915
6,928,914,950,920
6,933,926,940,929
6,915,940,937,929
6,949,943,917,906
6,947,938,897,878
6,966,931,894,877
6,948,940,894,877
6,931,934,894,877
6,941,896,894,877
6,937,886,918,883
6,941,890,939,895
6,929,900,941,896
6,939,916,941,896
6,927,903,937,908
6,926,870,931,914
6,945,869,927,915
6,920,877,924,899
6,932,860,931,886
6,913,849,937,882
6,927,864,925,871
6,920,874,888,858
6,933,865,880,862
6,952,872,880,868
6,973,896,881,869
6,948,891,893,858
6,946,888,897,839
6,960,869,897,839
6,957,849,885,860
6,968,832,883,868
6,952,848,884,870
6,979,861,891,870
6,961,843,917,860
6,959,825,928,854
6,942,847,933,844
6,945,877,931,824
6,919,866,928,820
6,923,889,914,823
6,925,885,900,831
6,910,885,895,846
6,936,895,892,866
6,950,898,896,878
6,932,926,900,879
6,930,944,914,878
6,922,924,938,864
6,913,959,951,850
6,919,958,953,837
6,902,981,953,834
6,898,991,953,834
6,905,999,927,836
6,925,1005,913,841
6,923,1023,902,851
6,905,985,898,863
6,903,985,898,876
6,922,991,898,877
6,911,982,902,877
6,915,993,918,875
6,900,974,936,863
6,894,990,941,851
6,866,969,940,842
6,879,965,939,841
6,884,944,906,852
6,897,965,887,873
6,878,991,881,894
6,886,957,884,918
6,882,961,892,939
6,877,959,896,941
6,866,951,905,943
6,862,940,929,933
6,879,954,944,917
6,880,921,947,904
6,825,915,948,889
6,812,932,942,883
6,818,932,935,883
6,852,932,925,887
6,842,926,916,903
6,837,916,915,913
6,843,919,921,927
6,853,916,922,928
6,868,898,928,927
6,878,887,937,905
6,888,889,933,889
6,893,876,926,875
6,910,876,918,874
6,896,877,908,874
6,890,871,904,874
6,917,865,900,876
6,935,880,900,876
6,932,890,900,876
6,938,892,900,876
6,956,881,900,876
6,954,896,900,877
6,969,881,893,888
6,970,895,893,888
6,960,899,903,888
6,963,878,922,891
6,945,873,932,891
6,932,895,938,891
6,921,888,946,891
6,919,880,951,891
6,946,880,959,891
6,917,890,964,891
6,912,901,964,891
6,903,905,964,891
6,926,912,964,891
6,927,899,959,880
6,910,892,950,869
6,894,887,947,866
6,882,886,946,866
6,884,906,933,866
6,860,889,926,867
6,884,900,925,867
6,904,884,925,867
6,884,907,925,867
6,879,854,941,871
6,862,851,945,871
6,878,883,947,871
6,880,897,951,869
6,885,913,954,868
6,877,881,954,868
6,863,872,954,868
6,891,853,919,863
6,896,842,913,863
6,896,845,903,866
6,892,804,899,868
6,917,800,893,872
6,933,806,885,876
6,923,812,884,878
6,924,818,884,882
6,924,823,890,882
6,897,797,922,880
6,899,811,941,879
6,896,828,955,873
6,930,811,959,870
6,909,826,961,868
6,911,843,961,867
6,930,834,962,861
6,942,839,962,857
6,953,842,952,855
6,972,806,938,853
6,974,838,931,851
6,929,820,922,851
6,921,821,911,850
6,920,818,901,850
6,912,826,901,849
6,882,839,901,849
6,910,816,901,849
6,889,846,901,849
6,891,856,909,841
6,925,858,916,837
6,935,860,921,834
6,919,885,924,832
6,897,895,924,832
6,885,895,924,832
6,864,947,900,842
6,871,954,889,848
6,878,954,882,853
6,877,956,877,855
6,884,1001,870,862
6,885,994,869,863
6,910,997,869,870
6,903,1010,870,874
6,875,986,883,881
6,858,996,893,885
6,895,981,898,886
6,900,1001,898,886
6,894,1022,898,886
6,912,967,898,886
6,929,963,888,895
6,914,964,887,895
6,914,963,887,896
6,929,956,881,896
6,912,949,861,887
6,899,959,858,885
6,890,946,857,881
6,867,949,862,877
6,857,965,873,877
6,872,963,882,887
6,904,956,888,894
6,889,978,898,910
6,884,980,908,915
6,878,965,923,917
6,871,971,931,913
6,865,1015,937,900
6,858,995,934,892
6,852,997,928,890
6,845,993,917,891
6,854,992,911,902
6,855,997,911,914
6,880,1007,906,929
6,877,983,891,933
6,868,967,862,929
6,866,951,852,920
6,856,956,851,906
6,875,917,870,895
6,870,933,889,895
6,878,957,894,896
6,877,986,906,909
6,870,990,909,910
6,878,965,912,910
6,880,990,918,896
6,881,1007,916,889
6,894,1005,915,887
6,916,997,896,896
6,922,1000,892,906
6,937,980,892,912
6,944,989,893,922
6,955,986,897,933
6,930,995,894,943
6,921,972,882,952
6,908,953,870,957
6,915,964,857,962
6,904,968,852,964
6,896,977,842,964
6,903,984,842,964
6,901,974,842,964
6,898,979,845,967
6,906,967,856,975
6,914,961,867,984
6,901,922,880,990
6,894,936,886,990
6,903,947,897,988
6,918,956,915,975
6,941,928,915,971
6,907,940,917,957
6,904,945,917,949
6,890,977,916,941
6,900,959,916,941
6,930,987,907,937
6,902,984,902,936
6,892,959,897,936
6,867,951,889,940
6,867,968,886,944
6,846,983,886,950
6,842,987,886,955
6,835,980,888,960
6,834,949,888,960
6,844,969,888,960
6,828,987,888,960
6,849,982,888,960
6,868,974,888,960
6,880,950,881,963
6,873,960,873,965
6,852,962,864,963
6,840,979,859,958
6,841,980,858,948
6,833,943,866,940
6,823,961,872,933
6,818,965,878,930
6,835,986,888,931
6,852,989,903,949
6,856,973,907,966
6,864,965,891,975
6,873,960,876,975
6,885,972,856,973
6,858,976,846,971
6,873,957,840,966
6,868,958,835,953
6,868,964,835,934
6,857,962,844,925
6,815,964,855,923
6,811,942,869,932
6,799,951,877,953
6,776,966,878,964
6,806,992,874,969
6,814,964,867,973
6,815,988,859,973
6,844,1003,850,960
6,836,979,848,947
6,812,969,857,941
6,837,947,869,940
6,830,928,870,940
6,807,955,873,948
6,823,953,864,957
6,816,940,844,966
6,817,929,832,967
6,818,944,826,967
6,813,965,821,967
6,840,991,821,967
6,837,984,814,965
6,845,984,809,953
6,821,995,813,945
6,826,986,823,940
6,836,963,834,939
6,843,981,842,939
6,832,987,843,940
6,827,1012,844,941
6,826,974,849,952
6,834,974,850,964
6,837,963,848,971
6,834,959,841,977
6,838,966,834,982
6,861,962,820,985
6,853,940,810,985
6,866,923,805,985
6,878,933,798,971
6,873,928,793,953
6,868,939,794,943
6,852,944,805,932
6,873,922,813,927
6,898,947,820,922
6,920,938,831,918
6,942,955,837,918
6,951,935,847,928
6,946,932,854,960
6,922,955,854,979
6,910,946,849,982
6,914,961,834,983
6,901,949,822,982
6,905,952,808,965
6,925,955,807,938
6,933,944,822,922
6,940,974,855,917
6,935,968,869,921
6,956,952,882,938
6,937,956,886,970
6,952,946,860,975
6,965,937,841,959
6,952,948,835,892
6,963,974,841,879
6,947,985,848,875
6,964,962,862,875
6,985,972,875,864
6,985,983,883,847
6,986,940,883,838
6,1011,928,886,838
6,1007,940,886,847
6,986,946,877,867
6,1001,956,869,886
6,1003,945,864,895
6,1011,948,864,895
6,1020,968,864,897
6,1006,959,865,903
6,999,970,869,912
6,981,996,885,933
6,1007,976,919,961
6,996,967,980,993
6,982,956,1023,1005
6,999,932,1024,1005
6,966,930,1024,1005
6,960,914,1023,997
7,990,531,952,545
7,991,530,953,551
7,988,510,953,551
7,976,514,953,551
7,957,520,953,551
7,930,519,953,551
7,935,520,953,551
7,936,505,945,544
7,922,512,945,544
7,933,522,945,544
7,931,519,945,544
7,889,477,945,544
7,896,450,945,544
7,890,462,945,544
7,861,456,945,544
7,840,423,945,544
7,837,437,945,544
7,830,456,947,540
7,821,442,944,540
7,837,447,944,540
7,850,479,941,537
7,856,471,941,537
7,875,475,912,541
7,879,467,899,545
7,871,460,892,547
7,884,469,892,547
7,893,473,892,547
7,888,470,890,533
7,893,512,890,509
7,880,503,890,505
7,864,504,890,505
7,859,519,890,505
7,827,532,890,498
7,813,552,890,491
7,810,547,890,485
7,795,555,890,488
7,803,563,888,530
7,798,572,884,546
7,796,601,883,547
7,812,622,881,545
7,830,621,871,542
7,855,616,846,562
7,856,572,841,579
7,847,566,841,582
7,814,560,841,582
7,801,560,841,582
7,801,565,841,582
7,796,580,841,582
7,800,576,841,582
7,802,575,846,568
7,783,588,857,521
7,757,599,847,506
7,742,606,831,506
7,740,590,804,521
7,728,579,798,550
7,766,562,822,567
7,764,563,844,567
7,736,534,857,558
7,751,550,857,543
7,766,523,813,535
7,771,518,783,536
7,798,502,773,541
7,800,501,767,567
7,799,491,780,587
7,776,481,790,591
7,752,493,821,574
7,750,476,846,550
7,758,478,849,537
7,763,467,827,533
7,761,480,768,538
7,736,476,761,540
7,754,460,759,540
7,733,460,758,545
7,752,457,755,562
7,767,459,756,568
7,764,462,765,571
7,762,492,790,571
7,755,472,798,567
7,754,478,812,552
7,745,477,813,542
7,747,489,808,538
7,740,481,788,534
7,735,471,780,534
7,708,453,775,537
7,724,451,773,548
7,726,458,773,557
7,723,451,782,572
7,715,446,813,579
7,731,433,825,569
7,717,418,830,541
7,716,397,826,524
7,719,391,814,511
7,693,390,805,509
7,666,423,801,509
7,680,440,783,515
7,673,437,780,520
7,663,421,780,528
7,669,416,784,520
7,684,401,781,482
7,698,422,730,455
7,690,446,720,451
7,694,433,698,437
7,693,414,685,429
7,693,411,682,429
7,675,390,675,439
7,694,376,668,456
7,675,384,668,478
7,686,364,674,495
7,694,361,704,500
7,705,376,721,493
7,706,338,740,459
7,692,338,739,445
7,659,335,735,433
7,678,336,725,430
7,717,370,699,432
7,727,386,685,438
7,726,393,674,448
7,731,411,679,465
7,714,379,692,466
7,726,370,733,426
7,722,368,740,394
7,730,350,735,376
7,713,330,714,359
7,694,325,697,366
7,690,331,686,409
7,689,332,688,429
7,701,342,693,442
7,709,347,698,453
7,731,360,709,468
7,747,353,715,475
7,771,358,722,475
7,779,359,736,467
7,774,354,755,451
7,767,361,769,421
7,787,344,770,404
7,793,343,768,391
7,798,366,764,390
7,814,358,764,390
7,846,373,764,390
7,835,362,744,394
7,831,337,737,399
7,827,342,734,407
7,830,353,735,416
7,842,376,740,431
7,802,348,757,456
7,803,366,777,468
7,781,340,791,471
7,764,335,817,467
7,764,341,838,456
7,771,357,863,430
7,775,363,870,411
7,763,373,864,390
7,787,383,848,366
7,765,386,828,350
7,784,385,820,345
7,778,379,808,344
7,794,397,789,344
7,814,369,781,346
7,809,368,758,355
7,820,387,755,358
7,807,376,751,366
7,809,376,747,380
7,810,365,750,398
7,815,375,759,421
7,809,373,780,453
7,798,370,802,475
7,769,354,824,485
7,789,361,846,487
7,794,382,873,472
7,790,379,883,453
7,767,403,886,416
7,781,415,869,399
7,770,420,860,396
7,766,417,859,396
7,749,426,859,396
7,746,440,859,396
7,755,447,859,396
7,742,476,859,396
7,712,474,836,408
7,684,482,825,413
7,682,472,821,420
7,697,478,818,429
7,714,483,814,444
7,713,465,808,462
7,716,517,799,472
7,710,516,795,473
7,682,515,795,473
7,704,499,795,473
7,693,506,794,473
7,692,544,762,478
7,697,516,746,481
7,673,494,746,483
7,691,480,744,489
7,667,487,745,493
7,658,490,748,503
7,661,500,748,512
7,660,517,750,514
7,676,491,750,514
7,649,492,750,514
7,640,492,750,514
7,652,494,750,514
7,639,483,750,514
7,625,488,750,514
7,629,478,750,514
7,605,502,750,514
7,631,508,750,514
7,656,490,750,514
7,647,497,750,514
7,659,478,750,514
7,670,483,736,494
7,650,490,722,477
7,644,503,720,477
7,629,488,720,477
7,650,467,720,477
7,612,456,720,477
7,617,426,720,477
7,626,439,720,477
7,624,416,706,490
7,609,432,689,503
7,621,416,689,504
7,640,397,689,504
7,622,396,689,504
7,613,393,689,504
7,605,382,688,504
7,609,410,681,489
7,608,395,672,470
7,593,394,670,459
7,592,393,669,451
7,601,401,669,442
7,590,421,668,431
7,598,401,668,420
7,610,402,668,419
7,597,381,668,419
7,615,394,668,419
7,593,382,668,419
7,592,386,668,419
7,608,378,666,427
7,592,385,666,427
7,609,392,666,427
7,582,399,666,427
7,609,389,666,427
7,605,436,666,427
7,570,410,622,411
7,581,383,588,408
7,589,378,588,408
7,588,398,588,408
7,609,394,588,408
7,642,381,588,408
7,658,432,588,408
7,642,439,588,408
7,633,398,588,408
7,617,429,610,398
7,613,431,660,396
7,614,449,682,400
7,634,442,684,401
7,610,447,684,401
7,614,432,684,401
7,616,429,684,401
7,585,404,668,416
7,603,384,637,433
7,608,374,636,434
7,603,393,631,432
7,635,409,616,442
7,617,410,600,453
7,644,418,599,453
7,660,424,599,424
7,694,434,599,422
7,712,418,599,421
7,727,414,602,427
7,716,411,603,425
7,705,410,603,424
7,691,387,604,424
7,693,375,610,436
7,716,390,612,437
7,719,419,612,437
7,728,388,612,437
7,717,411,612,437
7,729,440,612,437
7,722,447,612,437
7,720,452,617,449
7,708,454,631,459
7,706,459,642,448
7,708,431,656,433
7,707,433,657,433
7,689,403,664,451
7,704,391,672,473
7,724,388,672,473
7,717,410,676,473
7,703,399,680,474
7,690,390,689,491
7,701,387,697,501
7,678,397,717,479
7,649,390,725,465
7,641,377,725,469
7,652,374,726,479
7,675,362,726,476
7,645,359,726,462
7,633,371,726,460
7,624,349,725,460
7,627,331,714,448
7,618,313,679,355
7,616,333,650,283
7,625,331,650,283
7,636,318,650,283
7,624,323,650,283
7,617,344,650,288
7,618,348,650,315
7,626,364,653,335
7,614,357,653,335
7,628,363,653,335
7,625,391,653,335
7,621,381,653,335
7,636,381,653,336
7,611,377,653,336
7,594,402,653,336
7,583,428,653,336
7,589,436,653,336
7,589,435,653,336
7,621,439,653,336
7,632,430,653,336
7,632,416,635,395
7,615,404,632,403
7,623,388,629,415
7,621,391,628,437
7,610,376,628,439
7,602,381,633,434
7,587,400,646,425
7,586,378,655,425
7,561,382,656,426
7,593,390,656,417
7,594,398,656,412
7,546,407,656,412
7,529,405,654,413
7,536,420,646,407
7,501,416,644,405
7,491,407,644,405
7,542,408,644,405
7,569,396,644,405
7,578,401,644,405
7,563,396,644,405
7,557,424,636,410
7,550,440,636,411
7,543,445,634,406
7,548,427,633,400
7,555,436,633,400
7,552,433,631,407
7,540,439,631,407
7,562,430,631,407
7,552,405,630,400
7,556,391,630,400
7,589,380,628,407
7,583,361,625,412
7,597,373,625,412
7,580,391,623,404
7,597,380,623,403
7,593,388,620,409
7,577,398,620,409
7,585,400,620,402
7,585,415,620,402
7,590,399,620,402
7,593,407,620,397
7,556,404,620,397
7,563,418,620,397
7,523,424,620,394
7,517,442,618,390
7,501,457,618,390
7,513,463,618,390
7,523,469,618,390
7,533,485,609,384
7,525,470,597,397
7,518,466,587,420
7,527,440,585,425
7,540,427,585,425
7,519,421,585,425
7,555,420,586,428
7,550,407,587,438
7,577,394,587,439
7,590,405,587,439
7,588,410,587,434
7,578,395,587,431
7,560,412,587,431
7,541,401,585,430
7,525,399,581,427
7,515,416,582,410
7,503,395,584,403
7,510,389,584,403
7,496,382,584,406
7,510,395,584,406
7,519,415,584,395
7,527,404,584,395
7,528,398,583,402
7,504,399,582,403
7,530,419,580,401
7,532,411,579,396
7,560,444,579,396
7,551,415,578,401
7,527,418,578,401
7,510,407,578,401
7,475,437,578,401
7,527,417,578,401
7,499,466,578,401
7,459,471,578,401
7,517,461,578,401
7,537,457,578,401
7,522,456,578,401
7,498,448,578,401
7,476,444,578,401
7,535,470,578,401
7,531,434,578,401
7,529,406,578,401
7,537,379,578,401
7,545,378,578,401
7,534,356,578,401
7,520,362,578,401
7,520,365,578,401
7,520,370,578,401
7,528,354,578,401
7,561,349,578,401
7,552,369,578,401
7,559,355,575,386
7,590,364,564,366
7,573,375,552,352
7,572,362,548,350
7,596,389,548,350
7,625,383,548,350
7,639,382,548,350
7,649,373,548,350
7,646,384,555,355
7,672,400,572,378
7,673,385,581,390
7,646,370,583,392
7,664,356,588,394
7,667,339,598,396
7,660,360,628,396
7,665,373,634,392
7,632,384,641,385
7,650,386,649,376
7,649,396,652,368
7,596,381,653,364
7,581,373,653,356
7,609,375,649,348
7,593,367,641,337
7,601,372,641,337
7,616,362,640,337
7,632,368,620,337
7,627,359,610,337
7,625,344,607,338
7,606,333,599,345
7,596,369,599,345
7,599,367,595,350
7,608,397,594,356
7,630,413,596,363
7,603,415,599,365
7,615,408,601,369
7,594,415,602,369
7,595,402,602,369
7,618,385,602,369
7,589,398,621,371
7,557,405,629,371
7,553,397,631,371
7,524,390,631,371
7,512,389,631,371
7,533,402,631,371
7,548,401,630,371
7,544,386,630,371
7,570,376,630,371
7,568,381,630,371
7,585,395,629,371
7,568,376,619,370
7,551,396,617,370
7,539,389,617,370
7,561,431,617,370
7,539,400,609,359
7,534,389,605,354
7,507,395,600,351
7,486,397,599,350
7,485,390,598,350
7,502,394,591,342
7,462,403,590,341
7,498,356,590,341
7,491,381,579,350
7,515,378,566,364
7,519,371,556,382
7,490,410,549,393
7,488,386,545,398
7,502,393,545,398
7,508,377,545,398
7,526,364,539,391
7,540,353,522,376
7,564,342,513,376
7,569,339,512,376
7,592,345,512,376
7,581,320,512,376
7,547,321,512,376
7,556,314,512,376
7,565,342,512,377
7,574,352,512,382
7,579,341,512,383
7,590,346,512,383
7,574,342,512,383
7,544,356,529,380
7,541,348,564,375
7,566,347,576,370
7,553,340,585,362
7,559,352,592,355
7,555,344,599,347
7,549,375,612,331
7,527,388,612,331
7,512,395,612,331
7,512,413,612,331
7,488,426,612,331
7,513,403,612,331
7,496,398,605,334
7,508,397,594,337
7,511,377,578,345
7,500,374,567,353
7,479,388,558,359
7,525,397,558,359
7,494,413,558,359
7,470,416,558,359
7,518,417,559,354
7,520,387,563,347
7,514,391,565,344
7,540,365,565,344
7,544,375,565,344
7,555,368,565,344
7,556,402,565,344
7,567,419,565,344
7,578,414,565,344
7,604,396,565,344
7,639,375,565,344
7,644,374,565,344
7,654,369,565,344
7,649,360,565,344
7,623,366,565,344
7,627,365,565,344
7,615,346,565,344
7,620,345,565,344
7,641,341,570,344
7,643,359,577,344
7,648,388,578,345
7,639,389,580,346
7,639,404,588,347
7,628,439,608,348
7,632,470,609,348
7,662,455,612,350
7,674,447,617,356
7,656,462,622,363
7,643,459,626,370
7,638,464,627,371
7,671,456,628,371
7,663,449,634,379
7,663,462,638,389
7,668,443,644,404
7,647,451,650,421
7,610,448,653,426
7,652,442,654,431
7,660,455,655,434
7,654,472,655,434
7,658,475,655,434
7,672,445,652,434
7,681,441,648,433
7,672,459,648,433
7,673,467,648,433
7,664,461,648,433
7,663,442,648,433
7,679,424,650,433
7,675,379,650,436
7,701,386,654,446
7,708,369,654,449
7,722,362,654,449
7,722,349,654,449
7,701,366,654,449
7,677,368,652,449
7,689,387,654,443
7,713,405,665,437
7,683,369,680,428
7,697,382,687,424
7,713,380,688,424
7,687,372,686,422
7,685,377,684,421
7,691,375,683,421
7,674,371,680,420
7,665,361,666,420
7,665,384,665,420
7,655,387,675,424
7,664,388,685,426
7,630,362,687,428
7,638,388,687,428
7,653,371,687,428
7,640,358,687,428
7,639,355,687,428
7,636,323,687,428
7,629,324,682,426
7,598,313,667,420
7,601,289,615,406
7,614,313,605,398
7,606,316,605,392
7,627,318,610,382
7,621,291,617,354
7,623,295,613,296
7,633,285,607,281
7,623,293,604,272
7,641,268,604,272
7,646,252,604,272
7,680,251,615,289
7,693,248,621,293
7,678,249,643,293
7,682,234,666,278
7,670,249,667,270
7,678,222,663,259
7,687,228,662,256
7,681,221,662,256
7,685,202,666,257
7,662,203,668,258
7,660,166,676,244
7,672,173,677,242
7,698,178,677,240
7,689,189,663,240
7,653,187,661,240
7,642,203,659,232
7,669,223,654,157
7,661,207,665,115
7,683,222,667,108
7,690,217,667,108
7,675,211,672,141
7,632,220,688,195
7,621,196,698,204
7,624,212,712,212
7,597,218,739,222
7,610,240,755,226
7,641,249,756,226
7,626,243,756,228
7,590,250,742,230
7,574,230,725,232
7,563,246,721,232
7,596,281,716,235
7,618,275,673,239
7,617,297,673,239
7,606,304,668,239
7,613,292,647,235
7,626,300,644,235
7,610,313,644,235
7,590,283,644,235
7,596,286,647,244
7,598,297,651,253
7,590,242,654,260
7,576,246,654,264
7,567,268,654,268
7,582,294,654,268
7,582,286,654,268
7,590,284,654,268
7,571,296,650,267
7,542,317,649,266
7,536,310,649,266
7,539,300,649,266
7,523,308,643,266
7,498,294,636,266
7,506,290,630,268
7,518,306,622,269
7,520,290,608,274
7,550,268,605,276
7,534,282,596,278
7,522,282,573,282
7,506,289,572,282
7,497,287,572,282
7,521,279,572,282
7,531,271,572,282
7,557,253,572,282
7,587,263,572,282
7,577,253,572,283
7,578,262,562,288
7,569,263,560,288
7,594,261,560,288
7,575,248,562,285
7,577,227,578,276
7,591,227,603,269
7,594,235,605,268
7,612,255,605,268
7,640,262,605,268
7,644,253,605,268
7,612,258,605,268
7,605,244,604,267
7,616,275,596,250
7,629,272,594,244
7,633,285,594,244
7,622,293,594,244
7,615,324,583,251
7,596,334,569,256
7,615,314,561,256
7,609,285,555,255
7,638,265,555,255
7,631,267,557,263
7,625,252,576,286
7,635,287,583,291
7,643,292,583,291
7,651,299,583,297
7,644,332,583,298
7,646,341,583,298
7,635,368,583,298
7,643,378,583,298
7,623,374,583,298
7,613,381,583,298
7,623,370,598,292
7,608,400,612,310
7,603,390,633,360
7,616,398,654,399
7,621,398,667,411
7,618,415,668,411
7,617,410,668,411
7,622,434,666,440
7,625,446,663,453
7,626,434,663,453
7,653,429,651,437
7,648,436,634,432
7,651,412,630,433
7,679,412,629,439
7,691,423,629,439
7,704,408,629,429
7,696,412,630,429
7,714,394,634,436
7,720,389,658,428
7,725,376,735,422
7,719,391,738,429
7,699,398,737,440
7,705,407,737,440
7,696,375,738,434
7,710,347,741,432
7,715,377,741,432
7,737,380,729,432
7,723,370,694,433
7,744,370,694,425
7,756,352,694,410
7,764,345,694,397
7,764,354,693,393
7,752,371,692,382
7,722,377,694,380
7,736,382,726,380
7,756,388,747,379
7,741,383,755,375
7,709,384,755,374
7,711,394,750,378
7,696,390,736,385
7,723,384,735,385
7,718,395,735,385
7,750,388,726,385
7,735,405,717,385
7,708,432,716,385
7,685,444,716,385
7,699,444,716,385
7,718,415,716,385
7,688,386,716,385
7,666,388,716,385
7,648,383,716,385
7,675,375,716,385
7,660,374,717,385
7,661,350,743,391
7,675,341,751,391
7,669,362,751,391
7,679,387,751,391
7,659,370,724,387
7,689,365,686,375
7,685,395,682,366
7,674,408,678,355
7,682,404,677,337
7,712,397,677,332
7,710,419,677,332
7,716,378,677,332
7,733,378,667,356
7,728,379,661,379
7,719,398,661,386
7,701,398,662,389
7,706,389,662,389
7,683,412,662,389
7,703,390,662,389
7,708,388,680,379
7,709,386,687,372
7,714,389,691,362
7,714,381,691,353
7,696,387,691,347
7,701,379,689,342
7,705,391,681,339
7,707,383,676,337
7,711,391,669,335
7,747,412,663,335
7,735,401,658,337
7,746,430,642,347
7,727,438,640,350
7,706,438,638,355
7,716,433,637,360
7,682,427,639,368
7,655,422,641,374
7,658,403,646,382
7,668,417,662,406
7,684,427,670,416
7,700,424,670,417
7,717,431,670,420
7,689,430,669,421
7,699,441,656,408
7,730,442,645,389
7,697,448,644,387
7,717,448,645,387
7,700,429,674,387
7,701,459,685,386
7,701,471,711,392
7,715,484,716,396
7,703,465,719,400
7,718,478,720,404
7,745,502,715,417
7,739,533,700,425
7,716,545,687,425
7,726,555,682,426
7,713,566,682,426
7,739,538,682,426
7,743,545,682,426
7,744,526,693,436
7,716,515,707,474
7,742,524,719,527
7,742,516,718,557
7,753,537,712,577
7,750,538,710,578
7,750,555,710,578
7,778,553,708,573
7,760,573,716,538
7,794,579,726,518
7,797,582,726,516
7,787,603,726,516
7,807,602,729,523
7,826,603,733,528
7,833,578,754,541
7,846,580,789,544
7,859,588,797,548
7,886,595,797,548
7,901,596,797,549
7,918,605,797,555
7,881,594,794,565
7,881,566,791,571
7,887,544,792,574
7,863,529,793,575
7,876,523,793,575
7,878,513,806,579
7,876,514,847,590
7,871,507,870,593
7,893,517,881,581
7,869,529,893,552
7,864,534,904,534
7,861,527,906,528
7,894,547,906,527
7,891,547,906,527
7,892,540,905,527
7,906,530,902,520
7,892,543,890,506
7,883,567,871,498
7,858,568,851,494
7,863,578,837,493
7,834,583,829,493
7,817,573,821,495
7,814,598,820,496
7,800,612,815,503
7,805,612,814,511
7,823,609,814,520
7,817,612,814,531
7,815,607,814,547
7,835,585,809,563
7,856,575,793,593
7,865,563,786,604
7,855,579,785,614
7,855,573,785,622
7,865,591,786,637
7,867,566,789,639
7,869,560,841,622
7,873,559,851,616
7,891,556,851,616
7,908,567,851,616
7,876,579,851,616
7,864,578,851,617
7,841,555,848,621
7,848,530,845,621
7,840,549,844,620
7,838,535,860,604
7,841,531,867,584
7,872,535,867,584
7,861,529,867,584
7,876,548,862,588
7,870,538,860,591
7,852,576,862,595
7,831,595,862,595
7,813,617,878,583
7,795,599,883,572
7,780,613,883,572
7,777,600,883,571
7,762,593,868,579
7,758,601,842,597
7,765,581,830,610
7,778,596,829,611
7,781,588,822,611
7,795,597,792,611
7,802,618,791,611
7,807,603,786,610
7,823,599,782,603
7,806,577,782,603
7,791,585,782,603
7,810,583,784,604
7,808,584,787,604
7,817,608,805,598
7,832,609,819,586
7,829,603,821,574
7,839,611,821,566
7,812,654,820,566
7,816,683,816,566
7,805,662,794,572
7,820,674,789,576
7,823,677,789,581
7,845,661,792,584
7,838,671,792,584
7,875,646,795,583
7,870,641,804,577
7,854,645,804,577
7,878,656,805,581
7,866,656,804,594
7,858,669,803,600
7,843,675,803,600
7,820,664,828,596
7,830,693,845,594
7,829,696,846,596
7,824,662,846,596
7,820,675,848,599
7,853,674,858,604
7,862,674,860,605
7,854,674,860,606
7,863,649,862,608
7,839,647,863,609
7,839,654,863,609
7,820,652,867,612
7,809,644,869,613
7,813,661,870,614
7,838,678,870,614
7,849,680,870,615
7,839,686,870,615
7,858,681,863,620
7,848,702,857,625
7,826,697,851,629
7,823,692,847,643
7,830,677,844,652
7,825,691,843,658
7,820,705,842,661
7,816,681,840,665
7,827,689,839,668
7,815,657,838,669
7,813,652,836,672
7,814,623,836,672
7,798,629,836,672
7,806,628,837,672
7,807,646,837,672
7,789,654,837,672
7,821,630,837,672
7,824,621,835,672
7,814,611,828,661
7,801,644,825,644
7,801,668,825,641
7,779,644,825,641
7,801,657,825,641
7,784,651,825,641
7,787,653,825,641
7,798,654,825,641
7,785,651,825,641
7,790,668,825,641
7,800,687,825,641
7,821,687,825,641
7,804,673,825,641
7,811,667,821,643
7,799,682,817,646
7,803,689,817,647
7,830,700,817,647
7,846,696,817,647
7,859,723,813,646
7,866,714,813,646
7,855,707,813,646
7,859,709,813,646
7,862,717,810,644
7,853,709,807,643
7,845,701,807,634
7,866,687,823,616
7,840,679,828,610
7,854,682,829,609
7,875,685,835,611
7,879,666,837,629
7,846,648,837,640
7,866,640,837,644
7,869,632,838,650
7,871,639,838,655
7,886,624,836,667
7,892,660,832,683
7,904,638,827,693
7,900,618,825,697
7,904,604,825,698
7,893,607,825,698
7,917,578,825,698
7,906,569,825,698
7,918,576,824,697
7,945,549,834,695
7,916,579,841,688
7,946,584,848,664
7,933,566,853,651
7,924,575,860,629
7,938,578,863,618
7,928,591,870,602
7,915,575,877,592
7,911,540,897,563
7,944,544,903,552
7,932,556,905,545
7,915,575,904,545
7,895,563,881,554
7,889,546,862,565
7,890,526,861,573
7,893,534,861,583
7,893,535,863,594
7,884,552,864,595
7,880,542,866,596
7,859,546,881,593
7,851,551,903,580
7,842,554,906,573
7,842,540,907,562
7,860,542,903,543
7,846,553,891,530
7,853,538,876,528
7,847,526,862,528
7,827,546,848,537
7,817,530,836,562
7,847,513,836,577
7,837,499,836,587
7,863,520,839,593
7,876,520,848,602
7,919,537,866,618
7,919,539,877,624
7,922,530,884,625
7,912,567,892,625
7,917,553,913,612
7,909,545,924,604
7,930,545,939,588
7,949,553,949,570
7,985,555,953,556
7,982,554,953,546
7,980,546,953,542
7,983,525,949,539
7,989,543,942,531
7,952,557,933,526
7,954,545,931,526
7,961,562,930,526
7,959,530,930,526
7,969,536,927,537
7,986,537,927,548
7,972,514,929,552
7,974,498,929,553
7,952,513,931,553
7,944,530,931,553
7,957,536,950,552
7,946,536,960,547
7,960,497,966,540
7,966,498,967,533
7,986,498,966,527
7,977,531,963,524
7,976,575,961,524
7,971,561,936,560
7,976,590,940,580
7,985,615,948,594
7,949,620,957,597
7,966,610,971,574
7,974,585,962,544
7,954,583,953,539
7,938,581,934,554
7,900,576,933,565
7,941,563,940,572
7,957,575,956,574
7,974,567,975,553
7,985,569,978,537
7,969,556,971,528
7,965,558,947,533
7,983,569,931,556
7,996,593,931,564
7,983,592,939,576
7,988,588,943,577
7,967,593,950,571
7,927,601,949,557
7,910,597,938,552
7,920,615,930,571
7,873,633,931,578
7,885,618,931,578
7,895,611,961,562
7,875,609,980,545
7,869,624,984,529
7,881,646,973,523
7,871,666,948,525
7,886,654,927,543
7,910,659,918,565
7,898,651,920,573
7,911,633,928,577
7,925,644,932,577
7,944,646,932,577
7,929,668,932,585
7,941,681,919,613
7,932,687,915,625
7,949,690,915,629
7,951,681,915,632
7,950,673,915,637
7,955,652,915,639
7,960,652,917,644
7,943,664,920,649
7,918,668,932,655
7,888,674,937,656
7,888,698,952,654
7,893,663,960,651
7,882,652,970,646
7,894,659,978,639
7,893,674,980,632
7,873,654,981,625
7,881,636,980,612
7,890,649,980,611
7,880,644,980,611
7,875,672,972,605
7,872,693,967,602
7,846,712,958,598
7,829,729,942,593
7,845,742,923,582
7,863,741,912,577
7,866,792,907,576
7,893,783,889,593
7,885,776,876,616
7,896,816,867,644
7,911,821,863,669
7,906,800,863,687
7,923,790,865,696
7,913,797,868,706
7,951,814,870,714
7,964,813,877,728
7,966,842,882,738
7,953,858,889,756
7,957,856,892,760
7,952,853,892,761
7,979,870,892,761
7,958,859,894,765
7,965,853,897,769
7,948,857,906,781
7,955,873,910,788
7,965,865,916,799
7,924,859,917,802
7,928,834,918,802
7,933,858,920,805
7,936,852,920,810
7,917,839,920,813
7,926,820,920,813
7,931,843,920,813
7,934,850,920,813
7,947,832,920,813
7,967,814,920,813
7,954,817,920,813
7,954,825,920,813
7,967,824,920,813
7,956,837,921,814
7,957,853,922,814
7,926,857,922,814
7,937,884,922,814
7,942,892,922,814
7,939,922,922,814
7,923,919,922,814
7,936,906,922,814
7,935,896,922,814
7,914,908,922,814
7,909,892,929,828
7,901,918,921,833
7,918,943,921,833
7,927,928,921,833
7,941,962,921,833
7,938,961,921,833
7,938,968,921,833
7,975,956,921,833
7,976,966,921,833
7,933,976,921,833
7,932,971,926,841
7,907,985,925,848
7,883,956,949,880
7,885,963,984,914
