"Block","Tracked_x","Tracked_y","Mouse_x","Mouse_y"
0,973,523,960,541
0,941,544,960,541
0,955,541,960,541
0,955,551,960,541
0,965,563,960,541
0,993,574,960,541
0,971,593,960,541
0,942,582,960,541
0,938,606,960,541
0,923,585,960,541
0,885,554,960,541
0,897,576,960,541
0,888,567,960,541
0,875,575,960,541
0,872,562,960,541
0,878,600,960,541
0,876,605,960,541
0,873,602,960,541
0,871,600,960,541
0,884,613,960,541
0,873,619,960,541
0,915,627,960,541
0,906,627,960,541
0,883,653,960,541
0,868,663,960,541
0,873,665,960,541
0,860,601,960,541
0,894,600,960,541
0,895,616,960,541
0,910,642,960,541
0,901,639,960,541
0,891,665,960,541
0,900,675,960,541
0,895,647,960,541
0,883,639,959,559
0,890,651,957,575
0,895,616,947,612
0,890,642,942,637
0,874,653,930,655
0,874,654,889,686
0,886,671,880,689
0,876,665,859,679
0,863,670,848,674
0,865,672,847,674
0,857,676,847,672
0,849,680,853,660
0,854,682,861,643
0,862,692,862,642
0,841,688,863,642
0,865,677,865,642
0,882,656,865,651
0,887,628,859,668
0,841,591,857,671
0,853,586,857,675
0,866,593,857,682
0,832,605,857,688
0,838,602,870,678
0,839,587,896,650
0,850,612,901,621
0,860,642,898,610
0,856,633,899,592
0,884,623,894,556
0,872,629,867,531
0,881,603,866,531
0,861,600,856,544
0,830,623,850,563
0,836,636,848,574
0,866,629,853,580
0,848,620,857,582
0,840,602,865,583
0,828,613,865,583
0,813,573,849,572
0,798,590,848,571
0,791,617,848,571
0,802,613,836,571
0,787,601,827,573
0,743,609,815,560
0,754,605,797,541
0,753,592,793,540
0,738,598,786,537
0,720,608,778,530
0,699,590,772,528
0,691,565,758,528
0,729,567,755,534
0,729,586,750,548
0,736,555,733,571
0,746,540,716,579
0,723,529,706,582
0,754,563,699,584
0,757,566,689,581
0,787,550,674,567
0,805,546,669,559
0,765,536,668,558
0,770,520,684,537
0,770,493,699,525
0,780,515,721,522
0,779,524,749,539
0,761,485,781,551
0,761,488,798,549
0,745,493,810,539
0,739,470,814,532
0,760,473,816,522
0,774,468,811,510
0,780,458,801,501
0,797,463,794,497
0,788,464,778,488
0,771,472,775,477
0,755,487,777,459
0,719,511,778,447
0,719,521,778,431
0,713,510,773,418
0,703,493,774,400
0,673,493,775,384
0,674,472,745,383
0,683,473,728,391
0,694,449,716,413
0,701,435,715,425
0,678,454,715,436
0,693,453,715,442
0,734,467,715,444
0,725,455,696,441
0,724,451,688,438
0,696,445,695,423
0,731,460,706,400
0,721,432,713,390
0,718,446,722,385
0,701,468,723,385
0,679,463,730,427
0,667,458,731,438
0,679,454,727,445
0,671,435,725,449
0,702,430,722,453
0,690,435,719,459
0,711,433,718,462
0,722,417,718,467
0,732,421,718,469
0,719,433,718,469
0,716,429,715,470
0,736,422,715,457
0,752,401,721,440
0,768,392,728,426
0,744,419,741,417
0,738,418,753,409
0,738,421,763,403
0,734,416,773,397
0,747,428,787,389
0,739,426,791,383
0,753,427,794,375
0,741,403,798,373
0,746,412,801,369
0,760,401,803,368
0,756,390,803,368
0,758,379,803,368
0,739,394,779,374
0,735,397,750,380
0,728,391,747,380
0,718,395,746,371
0,725,386,749,363
0,734,404,752,358
0,745,403,757,346
0,750,388,759,339
0,740,399,756,338
0,747,419,754,338
0,755,426,752,338
0,744,409,748,338
0,735,406,745,338
0,742,392,740,340
0,749,382,739,345
0,742,393,746,352
0,753,379,773,370
0,748,383,773,373
0,757,368,773,373
0,740,377,775,373
0,738,395,774,376
0,738,416,767,381
0,733,399,766,382
0,727,413,774,382
0,751,422,801,375
0,752,411,802,370
0,749,403,802,363
0,713,392,802,363
0,704,415,810,369
0,697,388,813,375
0,707,393,818,377
0,707,384,819,378
0,719,414,819,378
0,704,403,822,378
0,684,414,828,362
0,692,422,826,357
0,693,395,814,350
0,713,377,799,348
0,685,364,784,348
0,686,367,777,353
0,668,341,772,364
0,679,329,762,383
0,692,347,758,398
0,708,342,755,406
0,683,311,739,413
0,700,337,728,413
0,717,333,720,410
0,746,326,723,376
0,718,324,756,319
0,724,335,765,307
0,729,319,771,305
0,711,295,777,306
0,695,288,786,320
0,702,272,804,350
0,698,236,805,357
0,691,230,793,357
0,676,241,781,346
0,680,269,779,331
0,710,295,780,322
0,671,311,775,312
0,666,303,777,283
0,653,303,775,261
0,637,310,740,249
0,633,321,701,248
0,640,314,674,248
0,631,344,666,254
0,627,366,659,277
0,633,371,665,286
0,644,371,679,303
0,633,330,684,308
0,638,312,684,309
0,652,291,677,321
0,641,304,673,369
0,638,325,666,409
0,633,355,666,424
0,640,339,667,424
0,627,324,701,367
0,623,318,698,320
0,583,281,692,309
0,583,285,679,303
0,584,270,658,299
0,604,272,650,305
0,584,258,647,318
0,559,259,647,327
0,555,240,630,326
0,555,218,614,313
0,558,210,617,297
0,550,196,625,290
0,540,190,634,279
0,533,198,636,271
0,522,196,625,265
0,523,192,619,260
0,522,174,609,238
0,524,175,592,219
0,508,182,587,211
0,494,200,583,205
0,461,246,579,198
0,529,242,566,191
0,522,242,563,189
0,516,235,563,189
0,523,251,563,189
0,527,242,560,195
0,554,264,569,245
0,566,257,589,291
0,565,298,600,307
0,596,305,607,313
0,606,306,613,317
0,624,309,626,332
0,612,323,628,333
0,591,355,627,331
0,598,378,623,327
0,566,399,644,333
0,545,397,655,337
0,549,419,660,339
0,551,400,665,340
0,544,397,686,357
0,571,417,694,368
0,578,364,696,381
0,566,356,671,386
0,559,380,641,395
0,565,371,624,397
0,570,354,565,366
0,607,362,560,364
0,590,370,560,362
0,593,356,560,339
0,585,346,559,326
0,590,344,559,326
0,595,324,558,328
0,598,325,557,344
0,603,348,565,353
0,592,349,570,353
0,590,371,583,354
0,583,353,591,354
0,593,317,600,354
0,564,302,612,354
0,575,296,624,355
0,574,313,629,351
0,566,332,633,348
0,577,344,634,339
0,582,321,626,322
0,567,332,623,315
0,558,344,618,311
0,562,342,612,306
0,568,322,601,304
0,560,318,598,304
0,547,338,596,307
0,537,344,592,316
0,556,345,592,322
0,526,356,592,327
0,518,345,594,329
0,526,341,596,328
0,534,336,597,315
0,528,338,591,303
0,529,300,586,302
0,539,298,579,302
0,565,279,571,302
0,583,283,566,304
0,581,263,562,308
0,597,253,561,311
0,603,262,561,311
0,619,284,561,311
0,605,283,592,301
0,581,283,624,299
0,597,301,650,296
0,588,308,667,296
0,584,311,681,296
0,588,334,696,302
0,584,337,699,304
0,604,341,697,307
0,608,348,680,319
0,615,368,655,329
0,603,385,647,331
0,602,382,636,336
0,587,390,634,345
0,585,416,634,353
0,579,403,641,362
0,595,418,646,374
0,576,427,648,382
0,597,433,642,392
0,614,395,623,410
0,605,370,612,427
0,595,384,602,438
0,571,369,586,447
0,558,390,580,452
0,554,432,580,452
0,548,436,590,447
0,548,429,610,404
0,534,408,611,375
0,552,421,603,367
0,541,419,588,366
0,535,441,574,366
0,557,457,556,380
0,542,469,549,391
0,553,481,549,403
0,551,490,545,418
0,582,460,539,430
0,563,462,537,437
0,573,449,546,451
0,583,493,549,478
0,613,490,551,502
0,619,483,556,516
0,619,474,568,530
0,604,482,572,534
0,590,466,574,540
0,592,473,577,540
0,543,489,609,501
0,570,498,619,487
0,554,523,630,477
0,533,489,639,441
0,554,473,639,425
0,548,461,638,425
0,559,461,623,451
0,533,480,620,462
0,546,476,620,466
0,582,477,623,469
0,546,468,623,469
0,557,456,623,471
0,545,452,617,469
0,545,440,613,465
0,536,440,612,464
0,536,408,612,457
0,520,404,608,441
0,536,394,600,427
0,557,409,599,424
0,539,394,601,421
0,526,413,602,420
0,525,399,602,417
0,526,373,595,412
0,517,369,589,408
0,508,390,582,399
0,480,409,578,386
0,478,407,562,367
0,505,399,556,353
0,512,434,538,339
0,489,443,525,329
0,515,467,518,326
0,499,457,511,330
0,481,457,507,355
0,520,443,515,381
0,530,440,546,402
0,536,427,560,406
0,531,440,565,409
0,528,447,571,416
0,542,437,579,447
0,496,468,576,458
0,501,475,570,461
0,490,475,566,457
0,500,440,566,450
0,515,429,572,429
0,513,403,575,422
0,514,383,575,421
0,520,362,577,429
0,519,358,579,458
0,505,342,579,464
0,527,361,575,466
0,538,364,569,465
0,561,388,560,446
0,561,383,546,408
0,550,414,529,381
0,564,423,514,375
0,574,423,512,374
0,604,437,506,372
0,605,438,506,372
0,565,418,516,396
0,574,406,532,421
0,572,433,553,445
0,558,408,558,450
0,536,405,565,450
0,549,417,576,442
0,533,424,584,437
0,531,401,598,437
0,543,407,624,444
0,554,407,653,447
0,581,382,686,447
0,578,367,688,438
0,562,371,676,421
0,554,399,663,417
0,547,387,653,416
0,540,390,653,416
0,539,348,652,411
0,537,358,641,398
0,543,367,636,389
0,538,363,629,384
0,568,359,626,383
0,575,338,615,387
0,571,332,605,387
0,587,335,570,374
0,620,339,568,369
0,622,349,566,366
0,618,376,566,362
0,590,401,571,354
0,569,418,574,343
0,555,372,580,335
0,511,380,586,333
0,543,389,611,333
0,555,399,614,333
0,532,403,608,340
0,547,403,581,355
0,538,368,563,362
0,531,371,560,362
0,535,391,560,362
0,515,397,556,362
0,506,392,552,364
0,475,413,541,373
0,501,397,527,386
0,507,421,521,400
0,527,410,523,408
0,525,394,533,409
0,513,394,543,409
0,541,395,543,414
0,546,402,543,421
0,573,391,541,426
0,566,434,543,440
0,564,446,546,443
0,537,437,553,432
0,539,418,558,410
0,561,441,562,405
0,561,450,562,405
0,578,479,572,413
0,560,473,579,422
0,577,448,579,431
0,582,435,573,445
0,592,450,572,451
0,621,452,573,452
0,608,439,573,452
0,626,439,570,449
0,624,444,570,463
0,635,465,570,473
0,624,474,566,483
0,629,474,566,486
0,624,493,571,486
0,648,496,610,470
0,664,498,625,459
0,613,502,636,454
0,612,517,658,457
0,618,536,695,463
0,616,528,717,465
0,606,535,738,474
0,595,556,756,482
0,584,607,758,486
0,605,610,750,498
0,606,635,724,513
0,598,648,713,514
0,598,652,701,510
0,605,650,688,509
0,620,646,673,514
0,625,635,660,522
0,618,614,645,554
0,633,603,622,600
0,641,621,607,651
0,640,590,604,681
0,635,606,594,729
0,634,605,586,757
0,635,600,586,770
0,649,604,600,739
0,655,613,605,671
0,637,617,599,644
0,628,632,596,617
0,638,638,600,593
0,628,644,604,593
0,598,598,608,596
0,616,574,617,604
0,618,564,618,607
0,649,570,615,622
0,633,555,608,636
0,621,550,605,647
0,606,550,605,648
0,597,533,602,648
0,608,546,600,642
0,606,525,600,634
0,614,529,607,615
0,613,521,606,610
0,626,507,601,604
0,621,501,592,586
0,620,473,592,578
0,601,459,592,566
0,609,468,592,560
0,603,458,605,541
0,586,447,610,531
0,588,445,612,506
0,591,453,609,492
0,604,425,602,471
0,590,420,598,460
0,619,453,595,456
0,631,484,592,455
0,640,489,560,438
0,614,472,557,437
0,624,484,555,436
0,609,470,559,453
0,612,482,561,458
0,618,468,569,466
0,638,484,581,470
0,626,454,597,462
0,649,475,619,457
0,647,458,634,463
0,651,493,642,464
0,635,487,651,464
0,632,491,653,464
0,619,465,656,464
0,627,448,661,470
0,650,459,664,473
0,655,475,675,480
0,647,478,687,484
0,636,487,692,483
0,631,495,695,482
0,634,480,699,479
0,641,430,689,471
0,639,449,682,471
0,634,455,675,467
0,640,488,663,461
0,627,490,652,457
0,638,480,649,457
0,627,459,642,458
0,634,473,632,456
0,639,461,618,432
0,620,462,611,415
0,608,437,610,410
0,610,431,609,412
0,623,410,617,434
0,610,385,627,453
0,638,395,631,461
0,601,386,631,461
0,629,397,631,461
0,634,366,629,459
0,650,383,615,444
0,657,411,611,437
0,671,418,600,435
0,669,440,600,433
0,654,432,608,422
0,653,418,616,401
0,667,412,626,392
0,645,409,634,391
0,651,403,639,406
0,642,392,639,419
0,654,452,639,420
0,632,464,640,420
0,646,507,648,420
0,636,501,662,420
0,651,483,670,415
0,632,502,677,412
0,625,477,679,409
0,632,452,679,411
0,595,435,679,425
0,625,432,676,451
0,625,412,676,463
0,616,423,673,471
0,596,424,662,478
0,593,430,638,487
0,611,411,632,489
0,607,427,618,479
0,604,444,613,466
0,609,443,613,465
0,611,437,617,465
0,602,438,624,466
0,621,436,624,466
0,624,431,626,474
0,623,419,628,487
0,621,403,628,496
0,642,409,627,500
0,674,408,626,503
0,648,389,626,503
0,628,374,623,503
0,659,365,620,502
0,649,358,622,501
0,628,343,631,488
0,646,341,633,480
0,644,341,633,479
0,631,323,633,479
0,629,332,635,470
0,625,315,635,443
0,617,327,633,436
0,603,305,627,428
0,625,308,628,415
0,616,311,628,410
0,615,351,628,410
0,596,354,634,397
0,617,350,637,380
0,634,360,637,380
0,639,366,637,380
0,653,364,637,380
0,698,375,637,380
0,693,372,637,380
0,666,385,627,393
0,687,356,626,411
0,709,357,626,418
0,726,377,629,423
0,722,359,635,428
0,720,349,653,433
0,734,340,671,434
0,729,354,678,433
0,717,364,691,425
0,702,353,725,406
0,697,330,734,401
0,663,344,736,399
0,635,331,733,396
0,648,316,724,394
0,660,312,690,390
0,647,313,673,392
0,667,285,669,394
0,644,298,669,394
0,644,287,669,394
0,645,296,669,394
0,648,298,666,391
0,645,258,666,379
0,643,244,655,367
0,632,242,654,360
0,622,240,651,347
0,632,219,651,331
0,659,233,650,327
0,652,242,644,324
0,642,259,637,318
0,626,275,631,313
0,631,288,629,311
0,646,316,624,308
0,633,327,622,306
0,610,302,618,297
0,623,317,628,294
0,624,326,646,309
0,607,308,660,328
0,610,266,663,343
0,608,271,657,353
0,579,271,649,360
0,586,275,637,370
0,598,265,635,374
0,611,268,634,381
0,625,268,631,394
0,628,263,630,408
0,616,237,630,411
0,620,229,635,418
0,645,237,635,415
0,654,209,632,405
0,665,218,633,399
0,653,199,638,396
0,657,193,640,393
0,665,214,639,366
0,650,209,647,346
0,683,183,657,335
0,688,209,660,324
0,687,214,660,312
0,692,212,655,304
0,692,254,656,301
0,703,257,660,307
0,709,242,660,312
0,738,254,660,312
0,725,263,661,305
0,713,269,648,283
0,717,277,648,270
0,691,266,662,269
0,692,264,722,304
0,723,265,753,334
0,733,236,763,341
0,740,225,786,343
0,735,223,787,343
0,749,233,787,343
0,760,226,778,340
0,767,224,776,340
0,761,232,777,337
0,769,234,778,326
0,778,234,783,306
0,769,205,788,287
0,764,223,803,281
0,764,221,830,270
0,770,222,847,259
0,783,223,857,255
0,768,202,861,249
0,733,187,861,241
0,717,207,848,238
0,711,206,840,238
0,705,224,834,238
0,686,218,834,238
0,663,205,833,240
0,654,225,816,247
0,656,234,763,267
0,654,216,713,287
0,652,201,675,309
0,664,211,650,324
0,656,214,624,336
0,665,215,619,339
0,666,247,619,339
0,648,260,617,343
0,635,269,617,343
0,660,284,632,340
0,638,282,662,321
0,626,285,675,311
0,629,313,678,305
0,604,310,678,306
0,603,308,688,334
0,603,300,692,357
0,604,319,694,366
0,602,312,690,377
0,571,311,677,394
0,585,311,669,397
0,557,332,661,397
0,595,337,653,397
0,564,358,651,397
0,544,345,646,396
0,522,371,624,386
0,518,371,620,388
0,514,368,612,404
0,524,368,609,414
0,496,387,602,420
0,479,387,579,421
0,500,393,548,427
0,503,419,537,429
0,510,416,530,430
0,502,418,529,428
0,500,422,529,425
0,480,427,528,423
0,519,414,525,423
0,517,412,525,423
0,519,390,528,426
0,516,377,559,439
0,546,392,575,442
0,540,387,576,444
0,552,429,574,450
0,552,431,566,451
0,554,446,557,451
0,573,421,544,436
0,576,441,551,416
0,563,440,582,426
0,589,440,601,442
0,589,432,611,446
0,562,398,633,444
0,527,380,661,442
0,552,372,672,447
0,581,370,675,452
0,585,416,676,458
0,562,414,676,458
0,567,422,657,457
0,569,441,607,418
0,567,456,611,411
0,578,442,614,411
0,606,424,614,411
0,624,422,614,411
0,617,434,613,411
0,607,424,602,411
0,610,424,597,412
0,597,433,598,421
0,598,412,601,425
0,601,422,603,425
0,597,419,611,423
0,585,426,633,423
0,606,419,639,425
0,579,409,646,426
0,569,383,648,434
0,608,384,653,444
0,597,395,649,448
0,607,410,647,451
0,585,413,646,454
0,581,401,646,454
0,587,392,646,454
0,586,395,641,451
0,591,386,639,447
0,595,384,639,441
0,608,396,640,431
0,611,404,620,416
0,581,404,612,402
0,589,426,610,393
0,552,376,607,385
0,602,380,609,362
0,608,394,607,357
0,611,392,607,356
0,620,399,611,353
0,591,385,617,348
0,589,396,619,345
0,603,387,621,344
0,589,375,629,343
0,601,378,631,343
0,610,399,632,343
0,603,397,632,343
0,605,423,632,346
0,591,421,632,356
0,588,408,622,353
0,611,385,610,349
0,633,379,606,349
0,655,394,602,351
0,650,391,592,357
0,640,410,586,374
0,641,413,589,383
0,653,419,597,397
0,651,427,611,403
0,688,430,644,396
0,683,437,664,394
0,694,434,674,395
0,683,445,690,406
0,676,434,703,414
0,694,427,717,419
0,710,428,722,425
0,699,426,719,427
0,694,428,717,431
0,692,406,716,433
0,672,413,714,442
0,668,409,714,448
0,648,386,714,448
0,646,364,719,447
0,635,366,732,447
0,611,379,766,448
0,609,406,779,448
0,596,415,781,448
0,544,411,782,448
0,564,432,759,434
0,537,464,677,376
0,550,458,672,371
0,549,444,670,371
0,570,451,636,394
0,590,446,618,405
0,586,471,616,417
0,579,501,616,447
0,596,500,615,491
0,605,491,602,507
0,617,490,600,508
0,604,491,600,508
0,599,502,607,508
0,625,485,610,509
0,658,460,610,515
0,663,453,613,516
0,682,452,620,520
0,683,503,621,520
0,700,544,623,523
0,697,521,663,517
0,695,515,695,487
0,714,512,699,472
0,708,494,702,471
0,687,525,703,479
0,696,523,703,490
0,707,503,705,501
0,721,502,711,514
0,713,501,714,520
0,704,496,715,525
0,696,488,715,525
0,706,460,708,524
0,697,475,699,517
0,719,468,693,514
0,709,467,688,496
0,704,452,680,475
0,735,434,679,470
0,746,415,682,463
0,740,410,687,456
0,756,410,702,449
0,770,392,721,436
0,766,419,738,419
0,749,400,745,411
0,735,420,750,394
0,747,444,751,375
0,746,450,749,367
0,737,466,747,360
0,777,476,747,360
0,800,456,747,364
0,789,425,743,379
0,793,432,733,396
0,806,449,726,403
0,813,443,716,426
0,811,434,717,442
0,814,442,731,454
0,821,443,762,457
0,832,441,783,454
0,853,446,806,448
0,858,439,812,445
0,858,420,817,443
0,862,400,820,443
0,849,392,827,448
0,857,424,832,452
0,863,446,835,454
0,848,430,847,455
0,844,405,850,455
0,827,431,835,413
0,825,458,828,403
0,849,452,844,417
0,864,441,852,424
0,901,441,856,421
0,909,460,858,409
0,919,471,859,408
0,941,459,858,412
0,926,464,848,416
0,945,496,830,432
0,936,510,868,446
0,941,507,876,447
0,934,504,887,444
0,914,509,904,439
0,913,515,934,440
0,900,509,959,445
0,891,514,993,465
0,874,491,1011,476
0,902,481,1010,484
0,901,464,983,497
0,896,471,910,502
0,909,470,899,502
0,885,475,899,502
0,910,472,896,501
0,889,479,895,501
0,875,471,888,501
0,882,443,887,501
0,899,423,887,500
0,876,450,884,495
0,896,452,884,494
0,912,454,884,494
0,916,442,884,494
0,934,466,884,483
0,937,478,873,450
0,953,491,873,448
0,909,492,880,443
0,911,500,891,442
0,929,508,905,441
0,900,517,921,445
0,906,514,926,449
0,907,527,933,455
0,914,522,938,462
0,903,524,943,481
0,924,506,950,492
0,939,530,950,499
0,913,532,952,519
0,903,573,952,557
0,896,545,952,598
0,931,525,949,617
0,947,522,946,626
0,952,523,947,632
0,948,509,948,633
0,965,500,948,633
0,943,481,942,629
0,920,458,937,618
0,930,449,925,593
0,936,422,920,578
0,960,414,923,571
0,983,423,953,536
0,947,417,945,473
0,932,411,925,427
0,931,401,924,391
0,918,419,927,381
0,937,409,934,359
0,917,408,936,334
0,879,418,936,331
0,884,417,938,332
0,872,414,948,355
0,902,421,948,369
0,883,428,933,378
0,873,438,907,397
0,830,429,871,416
0,835,433,839,438
0,839,424,818,452
0,850,416,813,451
0,881,426,806,448
0,852,413,801,448
0,860,411,797,454
0,859,414,793,459
0,848,410,792,460
0,842,411,792,460
0,858,402,842,457
0,844,416,851,453
0,848,427,851,453
0,834,391,858,454
0,832,379,859,455
0,834,395,853,458
0,866,401,846,460
0,870,388,841,468
0,862,389,841,470
0,839,371,844,466
0,828,361,847,461
0,837,353,856,461
0,838,364,864,462
0,850,345,869,462
0,855,326,871,461
0,888,328,864,459
0,852,348,853,455
0,862,304,851,447
0,861,318,857,419
0,870,320,860,391
0,884,326,863,377
0,882,319,864,357
0,909,334,872,347
0,942,327,873,346
0,948,342,869,354
0,945,344,846,394
0,954,374,844,397
0,953,369,846,397
0,947,381,858,396
0,970,389,874,402
0,994,389,891,409
0,986,387,903,417
0,991,387,920,441
0,974,377,927,455
0,994,384,928,466
0,991,383,922,480
0,969,372,921,487
0,940,372,922,487
0,950,365,926,479
0,921,377,929,473
0,875,360,935,468
0,876,371,947,466
0,858,355,965,446
0,849,355,967,426
0,826,354,952,409
0,839,363,926,408
0,819,353,911,412
0,782,327,905,415
0,782,307,898,421
0,782,303,879,426
0,770,310,875,426
0,788,290,864,429
0,789,293,861,429
0,759,300,859,418
0,780,297,833,389
0,772,309,831,386
0,756,307,828,370
0,766,315,825,361
0,737,320,803,359
0,770,316,795,363
0,742,328,791,369
0,753,351,780,384
0,735,351,774,397
0,771,341,751,417
0,756,339,742,419
0,770,346,711,425
0,781,342,706,425
0,806,368,713,425
0,808,371,769,441
0,830,373,802,455
0,838,378,807,458
0,847,379,817,464
0,859,353,824,469
0,856,383,849,484
0,903,385,878,484
0,903,407,890,483
0,918,394,889,483
0,946,414,884,482
0,966,408,875,467
0,976,369,852,435
0,953,393,858,438
0,957,394,892,459
0,940,364,910,469
0,916,375,931,466
0,923,374,949,460
0,930,364,963,449
0,917,387,981,425
0,906,379,989,412
0,900,393,976,395
0,911,367,958,387
0,906,360,936,389
0,890,353,934,391
0,901,333,928,399
0,911,325,925,401
0,916,335,923,401
0,895,355,923,403
0,881,361,925,406
0,886,349,933,409
0,878,331,931,409
0,891,352,916,404
0,895,330,912,404
0,918,363,884,411
0,888,376,855,429
0,904,378,854,430
0,920,374,852,430
0,918,373,854,421
0,910,387,855,407
0,898,409,860,399
0,894,412,884,390
0,873,415,914,391
0,864,410,936,394
0,869,384,938,395
0,875,386,955,385
0,844,372,955,385
0,838,379,943,394
0,825,411,911,424
0,832,393,910,433
0,837,416,910,438
0,823,413,910,438
0,809,415,906,428
0,800,413,902,424
0,797,416,895,424
0,773,404,888,429
0,782,413,888,438
0,773,399,885,455
0,802,395,884,467
0,780,390,871,479
0,778,406,839,485
0,793,429,820,485
0,757,397,791,486
0,753,418,777,489
0,769,436,776,489
0,769,456,765,470
0,762,453,761,447
0,743,450,768,441
0,755,446,775,441
0,751,433,789,444
0,742,444,794,451
0,763,448,802,463
0,771,436,812,476
0,761,441,814,476
0,774,450,814,480
0,787,442,815,484
0,794,413,821,490
0,783,428,824,491
0,771,429,823,491
0,801,446,818,492
0,787,460,812,492
0,785,461,811,492
0,779,444,809,492
0,774,427,806,492
0,755,430,804,493
0,747,412,808,497
0,748,392,826,509
0,746,361,826,509
0,721,365,827,514
0,744,369,829,516
0,752,346,822,511
0,784,364,782,450
0,793,370,789,427
0,805,382,781,417
0,784,405,767,416
0,819,409,750,416
0,816,407,750,415
0,808,441,738,402
0,828,464,736,399
0,816,499,769,406
0,803,520,799,412
0,795,527,815,408
0,794,517,816,408
0,815,523,827,420
0,831,509,824,440
0,818,508,819,458
1,975,516,963,542
1,950,540,963,542
1,962,526,963,542
1,964,515,963,542
1,946,529,963,542
1,949,549,963,542
1,969,560,963,542
1,959,558,963,542
1,939,540,963,542
1,963,541,963,542
1,994,556,963,542
1,987,569,963,544
1,996,559,962,556
1,950,538,962,556
1,918,529,961,557
1,967,541,968,557
1,972,519,984,551
1,955,508,988,551
1,952,512,988,551
1,957,529,987,551
1,964,553,975,550
1,973,544,927,554
1,996,571,927,555
1,975,569,930,551
1,992,569,945,536
1,987,557,945,535
1,987,562,945,535
1,968,581,967,528
1,957,571,1004,527
1,961,558,1008,530
1,986,547,1009,543
1,988,540,1009,560
1,988,492,1009,562
1,1012,470,1009,562
1,1006,488,1009,562
1,1007,490,1009,561
1,1036,496,996,530
1,1022,487,1001,518
1,984,466,1006,513
1,984,472,1007,512
1,984,480,1012,497
1,990,464,1008,479
1,1006,460,1000,476
1,1015,482,986,469
1,1019,488,962,467
1,985,496,961,475
1,1010,500,952,483
1,1012,507,956,488
1,1007,506,980,477
1,1012,502,988,469
1,1017,526,990,465
1,1022,516,978,470
1,1021,524,978,471
1,990,502,978,471
1,1012,503,977,471
1,993,508,977,472
1,989,508,976,474
1,1000,503,976,474
1,1021,532,977,477
1,1038,535,984,475
1,1032,576,990,472
1,1041,577,990,472
1,1049,617,990,472
1,1046,634,990,472
1,1080,650,990,470
1,1085,635,990,470
1,1089,609,990,470
1,1079,614,990,470
1,1078,626,985,510
1,1072,654,983,556
1,1039,635,985,558
1,1029,637,986,558
1,1010,644,986,558
1,1010,634,990,560
1,1027,645,1022,623
1,1025,613,1052,671
1,1053,606,1057,669
1,1056,598,1073,659
1,1050,605,1073,659
1,1029,599,1064,647
1,1013,587,1001,616
1,1004,603,975,588
1,999,602,984,528
1,1004,605,986,467
1,1010,620,984,464
1,997,660,984,464
1,994,664,984,464
1,1009,665,987,483
1,1024,678,989,519
1,1016,646,989,534
1,1012,641,989,534
1,1000,631,978,551
1,1001,629,978,591
1,985,633,980,629
1,991,615,977,648
1,1009,623,972,664
1,1012,607,968,679
1,1023,608,967,680
1,1016,602,975,675
1,1020,566,997,625
1,1008,554,986,565
1,994,563,979,553
1,994,561,978,552
1,980,581,974,550
1,977,560,968,551
1,950,528,961,557
1,946,517,961,560
1,940,491,961,560
1,942,513,961,560
1,954,528,961,560
1,957,555,963,559
1,973,543,993,527
1,950,526,997,522
1,972,541,987,513
1,957,538,983,509
1,962,537,979,508
1,958,535,967,504
1,978,545,960,518
1,977,537,956,525
1,990,541,946,533
1,988,537,926,538
1,1006,533,913,538
1,1013,532,906,538
1,985,538,903,537
1,975,515,903,536
1,1000,500,907,530
1,1008,515,932,516
1,1014,517,949,508
1,1008,513,964,502
1,1026,503,967,499
1,1041,509,967,499
1,1068,500,967,499
1,1082,477,984,491
1,1097,484,997,487
1,1083,476,997,487
1,1092,501,997,487
1,1087,493,1036,489
1,1082,479,1054,489
1,1077,481,1054,489
1,1064,492,1055,488
1,1035,479,1055,488
1,1037,484,1057,483
1,1054,513,1059,482
1,1065,525,1081,465
1,1041,535,1087,452
1,1032,524,1085,435
1,1046,516,1068,421
1,1021,513,1009,429
1,1038,498,986,466
1,1016,510,1001,528
1,1010,533,1003,537
1,1022,538,989,548
1,1027,579,945,571
1,1036,596,935,582
1,1035,629,934,583
1,1049,639,915,594
1,1061,643,876,613
1,1075,624,868,619
1,1086,620,868,619
1,1079,620,868,619
1,1071,623,885,623
1,1101,627,981,614
1,1101,590,1025,595
1,1098,574,1032,589
1,1078,577,1053,577
1,1056,573,1082,569
1,1067,560,1082,573
1,1085,572,1080,580
1,1070,561,1079,583
1,1074,563,1077,580
1,1113,564,998,535
1,1100,553,1030,507
1,1079,552,1049,492
1,1095,551,1052,481
1,1075,549,1057,466
1,1084,510,1057,465
1,1073,529,1057,465
1,1064,534,1057,465
1,1056,515,1057,475
1,1053,510,1057,483
1,1027,482,1057,495
1,1037,485,1055,502
1,1038,492,1054,504
1,1043,483,1052,504
1,1091,481,1016,499
1,1078,492,1010,491
1,1048,528,994,485
1,1058,502,988,484
1,1060,486,971,483
1,1071,495,968,483
1,1071,515,969,483
1,1059,516,1003,482
1,1032,516,1010,482
1,1026,519,998,493
1,1032,512,998,501
1,1046,510,1000,505
1,1072,496,1009,506
1,1043,502,1011,507
1,1061,519,1010,511
1,1070,517,997,522
1,1055,526,990,526
1,1053,515,989,526
1,1043,514,974,526
1,1023,506,959,521
1,1010,506,959,519
1,1026,518,981,509
1,1031,473,1019,503
1,1027,487,1049,501
1,1033,494,1060,496
1,1048,498,1062,491
1,1059,491,1062,491
1,1058,472,991,478
1,1047,468,978,464
1,1057,454,999,453
1,1049,444,1014,443
1,1042,412,1022,437
1,1032,426,1043,426
1,1042,440,1063,417
1,1036,445,1076,401
1,1047,438,1079,371
1,1001,432,1069,358
1,969,422,1056,354
1,965,412,1024,356
1,964,403,1004,376
1,1002,414,1020,460
1,991,416,1026,497
1,1029,404,1026,503
1,1034,425,1025,506
1,1027,412,986,519
1,1048,397,958,522
1,1019,429,942,523
1,1008,407,933,491
1,999,385,942,440
1,1010,405,950,418
1,1039,385,960,403
1,1039,373,977,392
1,1036,371,999,390
1,1046,371,1002,389
1,1009,345,1005,393
1,1013,385,1015,398
1,1008,378,1020,397
1,1024,400,1020,397
1,1035,384,1022,389
1,1055,402,1023,376
1,1051,399,1020,356
1,1056,389,1001,351
1,1062,382,995,351
1,1077,395,990,353
1,1085,406,988,360
1,1098,400,1003,385
1,1102,385,1025,402
1,1101,418,1030,407
1,1117,427,1033,407
1,1127,438,1052,417
1,1112,462,1071,425
1,1104,481,1076,427
1,1113,511,1102,432
1,1118,535,1123,433
1,1110,529,1130,433
1,1128,522,1130,433
1,1123,534,1130,433
1,1105,545,1124,438
1,1097,562,1088,461
1,1107,559,1070,488
1,1086,567,1066,510
1,1097,550,1076,530
1,1069,541,1094,550
1,1057,537,1106,566
1,1060,551,1107,582
1,1045,531,1107,605
1,1069,512,1101,615
1,1087,527,1078,630
1,1080,516,1058,634
1,1078,518,1039,619
1,1075,501,1034,599
1,1065,454,1051,548
1,1079,436,1079,509
1,1107,410,1090,500
1,1083,414,1101,494
1,1098,405,1102,494
1,1112,397,1105,493
1,1096,407,1119,468
1,1100,416,1100,430
1,1117,415,1062,395
1,1103,436,1061,386
1,1101,431,1062,371
1,1098,411,1064,327
1,1075,394,1063,313
1,1047,397,1064,311
1,1042,388,1084,313
1,1052,382,1111,332
1,1048,376,1121,369
1,1031,383,1123,398
1,1008,377,1124,411
1,1014,393,1117,415
1,1036,388,1092,415
1,1054,361,1070,415
1,1043,381,1064,411
1,1022,368,1053,409
1,1014,410,1038,404
1,1031,387,1029,404
1,1012,376,989,421
1,1025,363,961,443
1,1061,352,950,455
1,1052,342,940,463
1,1041,336,934,469
1,1017,327,933,470
1,1017,315,970,456
1,1040,304,1014,427
1,1041,281,1055,382
1,1008,293,1061,346
1,1006,285,1062,330
1,1005,241,1062,326
1,1001,232,1055,324
1,1000,240,1050,323
1,999,226,1044,314
1,996,217,1040,307
1,982,227,1038,300
1,973,236,1034,298
1,954,234,1034,297
1,951,238,1034,293
1,961,230,1046,276
1,992,246,1056,260
1,992,229,1057,249
1,1027,218,1057,249
1,1032,237,1050,250
1,1033,245,1028,266
1,1044,236,1011,292
1,1068,223,1001,310
1,1077,224,998,326
1,1078,219,1004,327
1,1088,222,1014,323
1,1070,215,1027,311
1,1056,205,1046,298
1,1032,211,1067,285
1,1009,192,1082,277
1,1010,196,1110,267
1,1000,202,1127,257
1,955,166,1147,244
1,916,158,1152,238
1,936,167,1152,238
1,924,193,1092,238
1,915,183,1012,246
1,914,141,998,254
1,918,160,972,270
1,921,154,955,281
1,926,171,933,281
1,881,160,925,265
1,880,159,928,263
1,893,134,928,262
1,874,141,928,262
1,885,139,957,213
1,886,148,973,178
1,885,157,969,175
1,858,203,889,194
1,858,209,841,220
1,824,215,819,227
1,843,232,793,227
1,841,239,792,227
1,792,242,806,219
1,783,251,835,217
1,791,249,853,223
1,821,257,866,231
1,812,295,891,278
1,807,305,914,333
1,820,330,916,354
1,833,344,910,376
1,849,382,901,385
1,843,348,889,391
1,842,393,862,401
1,842,385,833,412
1,851,375,828,411
1,837,369,825,405
1,840,365,827,400
1,823,349,827,404
1,803,369,825,414
1,806,359,810,438
1,817,368,793,456
1,832,366,769,469
1,835,358,749,477
1,836,362,744,478
1,865,351,741,477
1,858,355,735,463
1,862,372,732,440
1,819,367,744,430
1,822,381,781,413
1,820,392,821,402
1,811,372,866,399
1,807,393,922,395
1,793,374,931,397
1,798,377,947,406
1,818,386,948,417
1,821,368,926,424
1,826,404,888,419
1,851,401,870,405
1,870,405,863,401
1,871,396,864,398
1,890,422,865,398
1,894,429,865,398
1,908,436,865,398
1,955,423,864,399
1,929,424,857,410
1,939,426,855,423
1,916,403,877,444
1,926,403,895,454
1,937,415,918,462
1,932,425,948,461
1,903,425,969,445
1,907,450,996,422
1,895,448,1004,405
1,870,451,1007,397
1,881,436,1007,379
1,907,440,993,358
1,921,444,963,355
1,882,439,923,374
1,883,459,911,391
1,885,427,909,404
1,903,414,899,420
1,869,418,884,435
1,854,404,874,446
1,864,398,872,454
1,881,416,872,459
1,873,423,872,467
1,876,411,880,468
1,886,416,887,459
1,886,406,888,446
1,892,398,876,418
1,902,444,875,414
1,915,462,875,413
1,915,471,883,413
1,909,477,915,413
1,916,492,936,403
1,935,506,955,379
1,932,487,964,361
1,949,501,964,361
1,956,518,963,358
1,948,529,960,353
1,948,511,938,348
1,933,485,883,360
1,919,472,860,385
1,948,477,859,416
1,955,469,873,438
1,957,484,887,453
1,956,471,902,482
1,973,477,908,489
1,963,510,912,491
1,1002,536,914,491
1,986,553,929,483
1,995,523,935,479
1,986,526,939,467
1,981,530,938,448
1,985,528,935,440
1,984,526,939,444
1,976,551,951,466
1,975,558,957,478
1,970,570,959,496
1,973,575,959,514
1,987,554,959,525
1,975,539,956,536
1,993,550,951,545
1,1014,543,949,549
1,1002,517,948,552
1,1004,520,946,552
1,974,528,941,552
1,997,508,941,547
1,1018,498,965,521
1,989,499,1002,499
1,1000,519,1025,490
1,1021,562,1039,487
1,1002,576,1058,484
1,978,581,1064,482
1,955,594,1064,477
1,939,589,1057,474
1,941,597,1048,471
1,931,581,1048,471
1,932,585,1048,475
1,956,593,1032,499
1,960,611,983,533
1,971,596,952,548
1,941,586,937,550
1,935,575,915,539
1,960,562,913,537
1,975,546,913,540
1,944,561,924,565
1,958,581,926,576
1,944,579,925,586
1,936,597,924,591
1,931,599,923,596
1,923,597,921,601
1,915,579,922,602
1,932,606,947,584
1,920,604,951,566
1,926,572,951,566
1,896,566,949,569
1,910,592,949,573
1,908,588,943,578
1,928,608,934,578
1,937,610,924,575
1,937,608,922,573
1,929,598,913,562
1,962,604,896,553
1,965,596,889,550
1,972,609,882,548
1,1003,628,879,548
1,997,641,871,550
1,1024,631,852,551
1,1019,635,846,551
1,1006,631,846,553
1,987,605,891,566
1,972,625,927,569
1,979,614,991,589
1,989,631,1141,622
1,1013,626,1163,626
1,1027,639,1163,626
1,1037,616,1163,627
1,1039,612,1147,635
1,1030,619,1094,634
1,1052,625,1071,631
1,1042,598,1059,634
1,1073,609,1056,639
1,1077,605,1053,644
1,1078,616,1052,646
1,1091,625,1050,647
1,1098,609,1049,647
1,1099,607,1034,647
1,1104,622,1028,647
1,1105,640,1027,647
1,1087,641,1033,641
1,1086,655,1046,627
1,1104,667,1053,615
1,1093,664,1058,609
1,1092,655,1059,608
1,1081,655,1059,612
1,1075,648,1059,626
1,1068,668,1053,651
1,1052,652,1054,661
1,1051,657,1061,666
1,1044,670,1073,670
1,1050,661,1088,672
1,1063,660,1101,671
1,1079,650,1102,671
1,1074,647,1102,672
1,1054,637,1103,675
1,1066,636,1103,675
1,1062,676,1104,673
1,1077,657,1103,663
1,1056,660,1095,646
1,1050,653,1092,630
1,1060,645,1060,615
1,1022,642,1057,616
1,1014,649,1055,625
1,1013,645,1020,671
1,1029,671,1019,696
1,1036,646,1012,702
1,1035,639,1012,702
1,1051,624,1006,704
1,1062,611,1004,704
1,1062,635,1004,704
1,1076,630,999,703
1,1049,634,986,702
1,1021,627,985,702
1,1037,603,985,700
1,1042,597,1042,660
1,1056,602,1086,614
1,1090,605,1097,609
1,1084,611,1104,605
1,1054,594,1123,583
1,1062,574,1113,549
1,1064,586,1103,548
1,1061,587,1084,554
1,1082,559,1067,560
1,1084,573,1055,564
1,1071,566,1041,569
1,1075,586,1022,570
1,1067,588,1019,570
1,1089,594,1019,567
1,1094,563,1022,563
1,1085,579,1047,560
1,1079,587,1069,556
1,1106,588,1083,547
1,1124,578,1090,542
1,1124,594,1092,541
1,1126,582,1092,541
1,1134,588,1087,550
1,1150,579,1082,554
1,1165,601,1082,554
1,1181,605,1090,551
1,1200,594,1105,549
1,1208,592,1117,549
1,1211,615,1142,552
1,1212,620,1154,553
1,1206,624,1188,561
1,1197,618,1208,570
1,1156,617,1228,577
1,1150,625,1230,579
1,1155,623,1231,588
1,1134,622,1231,601
1,1155,613,1228,615
1,1170,597,1187,627
1,1184,600,1108,615
1,1173,575,1101,613
1,1160,555,1101,613
1,1140,520,1097,613
1,1178,535,1092,614
1,1172,535,1087,616
1,1192,570,1084,618
1,1205,589,1083,619
1,1171,598,1083,619
1,1158,618,1083,605
1,1151,645,1077,581
1,1149,637,1081,559
1,1148,659,1099,542
1,1148,615,1114,537
1,1152,607,1134,531
1,1160,617,1143,529
1,1136,619,1143,529
1,1126,605,1145,537
1,1143,574,1145,556
1,1145,571,1141,565
1,1127,567,1139,566
1,1131,569,1128,562
1,1122,573,1083,534
1,1114,589,1037,517
1,1090,569,1019,516
1,1123,569,998,516
1,1131,570,987,516
1,1115,562,982,513
1,1131,571,979,513
1,1147,584,986,516
1,1150,580,1003,527
1,1134,590,1032,530
1,1180,600,1051,523
1,1192,586,1076,520
1,1188,595,1103,520
1,1171,603,1122,521
1,1171,607,1146,521
1,1180,615,1163,522
1,1193,616,1177,525
1,1199,621,1186,529
1,1182,623,1190,533
1,1152,632,1187,540
1,1146,631,1174,547
1,1139,645,1153,562
1,1160,645,1148,573
1,1157,642,1148,577
1,1139,666,1144,583
1,1124,690,1131,592
1,1147,705,1100,610
1,1135,688,1088,632
1,1148,678,1079,661
1,1160,665,1071,685
1,1181,656,1065,694
1,1192,633,1065,694
1,1184,629,1066,696
1,1185,625,1081,692
1,1215,623,1100,678
1,1189,636,1110,659
1,1173,659,1115,624
1,1163,675,1119,600
1,1124,677,1123,584
1,1091,678,1136,567
1,1075,657,1159,555
1,1026,662,1164,553
1,1036,649,1168,563
1,1031,648,1164,579
1,1059,647,1133,598
1,1072,615,1120,599
1,1085,629,1089,588
1,1047,625,1085,585
1,1056,652,1085,584
1,1064,637,1075,592
1,1088,625,1070,599
1,1076,608,1070,600
1,1088,615,1068,600
1,1128,601,1068,596
1,1123,609,1054,582
1,1115,589,1052,581
1,1111,590,1049,581
1,1097,555,1043,581
1,1096,529,1032,581
1,1109,508,1026,578
1,1112,473,1023,576
1,1106,490,1021,566
1,1120,462,1027,544
1,1125,439,1040,514
1,1111,456,1059,482
1,1107,449,1065,460
1,1106,462,1067,432
1,1125,464,1087,404
1,1133,442,1105,368
1,1128,425,1105,363
1,1089,422,1101,366
1,1068,429,1101,366
1,1049,430,1101,374
1,1069,433,1106,390
1,1048,430,1117,419
1,1081,447,1128,427
1,1103,420,1139,419
1,1120,397,1150,399
1,1108,417,1144,387
1,1103,427,1119,387
1,1108,428,1068,411
1,1138,423,1018,438
1,1157,413,997,450
1,1158,414,980,451
1,1171,395,976,443
1,1165,421,976,428
1,1170,432,986,421
1,1139,414,1013,408
1,1113,414,1075,402
1,1140,392,1112,407
1,1159,401,1193,409
1,1168,394,1223,409
1,1182,410,1238,401
1,1202,439,1240,398
1,1217,422,1237,396
1,1220,413,1215,389
1,1207,432,1195,388
1,1197,431,1183,388
1,1206,424,1183,386
1,1210,432,1183,381
1,1187,427,1172,379
1,1195,431,1167,401
1,1194,399,1161,426
1,1185,408,1154,471
1,1201,421,1057,530
1,1193,420,1016,543
1,1186,406,1015,543
1,1168,402,1017,543
1,1140,386,1021,538
1,1173,399,1044,526
1,1186,401,1072,508
1,1202,376,1094,487
1,1214,387,1098,461
1,1206,402,1098,429
1,1178,398,1099,410
1,1163,411,1103,400
1,1144,417,1103,400
1,1174,438,1103,400
1,1193,426,1110,397
1,1222,387,1137,391
1,1208,408,1145,391
1,1190,407,1146,394
1,1172,410,1139,404
1,1188,417,1113,414
1,1172,406,1112,416
1,1168,415,1112,416
1,1172,419,1128,416
1,1135,445,1139,413
1,1125,445,1144,411
1,1158,467,1149,408
1,1168,422,1153,406
1,1205,428,1153,406
1,1212,447,1153,406
1,1223,460,1153,406
1,1230,453,1153,406
1,1211,447,1153,406
1,1203,427,1153,406
1,1161,423,1153,406
1,1158,458,1153,406
1,1176,427,1153,406
1,1178,446,1157,416
1,1202,436,1162,419
1,1207,413,1169,419
1,1183,391,1169,419
1,1150,395,1169,419
1,1163,360,1169,419
1,1151,347,1169,419
1,1118,319,1170,419
1,1101,299,1173,420
1,1064,295,1175,420
1,1041,310,1175,417
1,1046,302,1171,409
1,1055,315,1150,392
1,1039,313,1134,384
1,1057,301,1118,382
1,1063,306,1099,385
1,1057,326,1081,394
1,1060,336,1054,406
1,1034,325,1009,422
1,1027,308,993,425
1,1030,293,990,419
1,1012,285,987,390
1,1014,265,962,359
1,996,242,960,356
1,983,260,951,353
1,978,277,944,354
1,997,269,936,357
1,1005,274,935,363
1,1022,300,935,366
1,1038,279,935,366
1,1027,292,939,358
1,1019,290,946,340
1,1015,289,949,315
1,1031,273,946,309
1,1013,294,965,307
1,1019,287,993,312
1,1020,303,998,317
1,1023,289,1005,329
1,1010,282,1025,346
1,985,284,1030,346
1,1015,316,1045,345
1,1012,313,1051,341
1,1030,303,1064,336
1,1041,290,1083,332
1,1056,287,1094,328
1,1049,276,1094,328
1,1000,247,1043,322
1,968,258,1034,320
1,1002,247,1033,320
1,999,242,1030,329
1,1009,214,1027,336
1,1023,215,1027,336
1,1006,231,1027,336
1,1011,222,1030,332
1,1020,251,1030,332
1,990,270,1018,324
1,965,281,997,312
1,965,270,1014,281
1,950,277,1030,245
1,947,311,1031,237
1,971,289,1030,230
1,975,280,1025,217
1,961,282,1021,212
1,955,270,1009,207
1,948,252,986,222
1,948,244,993,283
1,954,214,987,314
1,930,229,980,334
1,931,207,978,340
1,930,169,976,349
1,934,167,971,356
1,919,138,966,360
1,894,149,963,361
1,921,148,961,356
1,889,130,942,290
1,884,114,932,278
1,903,109,920,266
1,923,93,903,248
1,918,119,854,208
1,903,114,829,193
1,888,107,824,192
1,893,109,824,192
1,888,111,823,192
1,892,126,825,185
1,880,98,847,173
1,892,90,878,162
1,905,84,886,161
1,916,81,904,166
1,915,76,920,170
1,897,76,929,167
1,916,74,943,159
1,918,96,947,155
1,918,72,947,155
1,902,73,937,143
1,891,89,915,120
1,894,116,863,34
1,903,133,860,27
1,891,133,860,27
1,895,98,860,27
1,882,113,866,14
1,870,106,876,8
1,866,119,905,70
1,859,145,908,103
1,846,120,906,134
1,864,125,906,140
1,870,118,906,141
1,867,143,900,155
1,875,113,895,163
1,859,153,893,166
1,884,151,891,176
1,872,137,891,185
1,884,136,892,187
1,880,129,900,158
1,869,113,890,125
1,871,127,887,119
1,870,131,883,111
1,863,137,874,101
1,865,109,876,91
1,854,150,879,85
1,846,145,884,82
1,815,131,887,81
1,811,122,889,79
1,817,133,891,79
1,789,127,905,85
1,780,130,906,99
1,779,121,905,104
1,773,85,888,111
1,821,99,850,122
1,816,113,808,133
1,849,86,774,145
1,855,76,739,164
1,845,87,713,179
1,838,52,713,187
1,842,96,742,197
1,851,89,776,200
1,863,98,794,193
1,864,101,802,192
1,851,110,811,189
1,875,103,820,193
1,873,98,826,199
1,865,90,835,202
1,847,103,847,205
1,832,120,853,205
1,811,97,857,195
1,814,99,847,159
1,840,57,843,142
1,856,114,843,140
1,870,129,840,138
1,859,122,837,129
1,864,112,843,118
1,861,94,851,105
1,843,80,868,94
1,824,54,877,89
1,803,106,881,89
1,787,101,887,92
1,770,94,888,95
1,780,95,888,97
1,776,80,888,100
1,807,80,888,100
1,811,83,888,101
1,802,69,888,101
1,805,66,835,101
1,815,96,779,112
1,824,117,760,119
1,816,133,746,126
1,819,130,736,129
1,821,116,726,128
1,801,114,739,116
1,783,122,791,82
1,820,137,795,79
1,800,146,796,79
1,816,163,798,86
1,817,154,805,96
1,800,141,805,96
1,795,126,811,98
1,800,92,817,102
1,817,75,828,108
1,828,29,830,112
1,829,116,830,114
1,822,105,827,128
1,788,85,826,131
1,779,103,826,131
1,758,129,825,132
1,736,104,806,123
1,718,109,796,113
1,713,100,801,107
1,716,106,808,99
1,716,84,812,85
1,719,84,814,64
1,697,109,821,52
1,706,136,825,45
1,705,132,805,36
1,700,153,772,38
1,700,166,749,57
1,677,182,728,84
1,669,211,722,95
1,679,209,721,107
1,682,236,730,126
1,665,242,738,153
1,691,245,720,183
1,721,248,682,240
1,715,254,674,279
1,749,271,673,317
1,704,257,659,336
1,689,261,652,354
1,682,273,650,373
1,691,278,646,391
1,688,278,642,397
1,702,244,646,370
1,734,259,661,310
1,749,275,669,289
1,714,307,688,268
1,706,308,697,227
1,715,339,695,205
1,739,327,695,204
1,732,322,697,203
1,752,324,710,208
1,773,322,727,226
1,764,356,728,241
1,754,347,728,259
1,764,369,726,281
1,764,362,735,301
1,738,357,741,301
1,739,362,744,301
1,753,354,754,304
1,751,362,767,313
1,734,368,777,323
1,763,386,793,333
1,771,393,802,336
1,789,385,811,337
1,783,410,811,337
1,776,409,810,334
1,773,428,804,333
1,780,448,787,346
1,805,463,782,368
1,802,453,793,399
1,803,436,796,411
1,807,455,797,414
1,791,442,802,428
1,788,434,806,451
1,772,420,809,463
1,761,423,812,475
1,745,422,813,476
1,743,408,813,476
1,770,421,791,463
1,770,437,775,435
1,771,459,774,421
1,773,482,777,419
1,789,508,778,406
1,761,497,764,391
1,771,499,763,391
1,766,509,771,398
1,752,477,780,399
1,760,498,803,392
1,756,472,826,392
1,756,482,850,395
1,743,466,865,402
1,721,490,882,424
1,704,499,895,447
1,708,482,890,466
1,708,480,862,475
1,720,501,788,482
1,717,494,759,489
1,709,490,747,485
1,739,473,722,472
1,722,466,702,466
1,719,453,694,466
1,706,473,669,461
1,734,484,661,458
1,726,475,697,457
1,694,476,762,457
1,681,473,789,453
1,680,509,791,452
1,700,526,793,452
1,713,521,799,453
1,698,553,806,455
1,692,561,818,456
1,683,563,815,454
1,697,589,788,453
1,675,623,779,471
1,694,649,757,519
1,668,663,718,580
1,679,683,679,623
1,682,683,667,639
1,694,691,654,655
1,692,717,641,664
1,716,724,636,665
1,732,735,640,659
1,708,732,650,644
1,722,756,656,639
1,724,741,656,639
1,732,736,682,655
1,740,712,732,688
1,757,722,775,717
1,736,720,776,723
1,792,719,784,735
1,760,731,792,750
1,788,741,798,761
1,787,740,799,761
1,796,742,789,757
1,766,735,789,743
1,765,732,795,734
1,778,735,798,716
1,770,748,811,690
1,791,738,802,671
1,791,720,792,654
1,813,735,792,651
1,809,740,796,648
1,809,744,793,638
1,806,748,792,637
1,814,720,783,645
1,814,713,778,655
1,843,722,779,665
1,846,722,803,685
1,831,700,808,699
1,813,725,791,720
1,811,728,759,745
1,820,721,751,752
1,795,733,759,752
1,811,748,782,752
1,788,755,804,752
1,791,769,805,755
1,799,744,766,778
1,799,751,711,784
1,789,762,697,753
1,817,749,717,722
1,823,763,719,721
1,822,758,731,727
1,812,755,737,728
1,840,778,743,724
1,853,768,755,728
1,841,800,762,733
1,836,826,764,734
1,833,817,765,734
1,821,799,772,739
1,821,804,781,746
1,819,792,793,755
1,810,785,804,760
1,821,782,804,760
1,801,784,804,760
1,792,765,799,761
1,794,753,798,761
1,822,766,793,757
1,830,775,789,745
1,829,774,791,730
1,799,760,794,705
1,786,730,794,697
1,758,720,793,695
1,741,723,797,693
1,729,713,831,693
1,723,711,855,705
1,750,701,856,712
1,746,715,856,716
1,741,715,830,715
1,737,736,766,684
1,748,758,729,672
1,750,773,726,671
1,770,786,726,670
1,780,791,728,676
1,795,776,726,696
1,800,801,734,727
1,806,805,735,746
1,807,809,742,766
1,783,848,765,779
1,798,835,813,779
1,811,834,843,779
1,788,832,850,779
1,801,837,864,779
1,802,837,864,779
1,775,852,846,790
1,763,871,831,798
1,739,877,822,802
1,757,883,813,805
1,768,880,806,807
1,791,892,803,809
1,793,922,770,821
1,807,895,763,825
1,800,901,741,833
1,798,906,746,833
1,812,890,796,824
1,822,893,826,825
1,837,902,827,825
1,867,904,827,828
1,876,894,828,832
1,882,905,829,833
1,921,880,836,837
1,924,896,845,845
1,930,897,876,874
1,959,891,886,879
1,963,913,892,878
1,976,907,901,876
1,953,912,903,876
1,1001,918,910,871
1,1012,888,928,860
1,1021,879,960,845
1,1020,873,996,837
1,1006,874,1044,834
1,999,866,1064,833
1,999,863,1076,825
1,997,833,1094,818
1,990,837,1097,815
1,996,838,1120,810
1,973,860,1135,807
1,971,851,1138,803
1,968,874,1137,793
1,986,890,1098,784
1,981,889,1063,779
1,977,865,1021,772
1,970,852,1012,769
1,986,868,989,761
1,1010,845,975,759
1,1029,840,974,757
1,1011,878,972,756
1,1020,881,965,754
1,1020,884,944,747
1,1050,891,944,745
1,1076,858,944,745
1,1088,836,949,750
1,1096,841,974,769
1,1074,840,995,780
1,1047,832,1026,781
1,1035,837,1127,802
2,962,550,961,534
2,976,552,961,534
2,982,541,961,534
2,982,556,961,534
2,975,590,961,534
2,965,601,961,534
2,964,598,961,534
2,954,597,961,534
2,946,622,961,534
2,943,616,961,530
2,894,612,961,540
2,921,614,958,583
2,948,613,954,608
2,931,595,949,615
2,922,597,908,627
2,921,556,867,626
2,918,564,862,625
2,926,580,864,608
2,926,579,865,597
2,919,586,865,591
2,925,609,867,577
2,963,598,872,566
2,958,590,875,558
2,951,595,877,552
2,948,594,883,540
2,947,611,890,534
2,944,612,904,523
2,963,602,943,518
2,948,609,967,525
2,918,643,967,538
2,898,612,970,556
2,893,603,985,601
2,896,616,989,619
2,921,600,986,630
2,908,607,982,633
2,890,596,970,634
2,889,570,929,635
2,893,566,908,621
2,870,552,891,582
2,864,526,865,563
2,824,532,862,548
2,815,547,860,528
2,813,549,862,508
2,809,551,867,483
2,795,569,864,478
2,805,578,834,464
2,825,595,804,461
2,824,605,774,459
2,832,613,760,460
2,853,614,759,464
2,851,616,752,476
2,860,629,799,536
2,838,617,882,607
2,834,615,913,639
2,817,627,929,642
2,839,625,945,649
2,830,607,963,655
2,812,562,973,668
2,828,547,988,681
2,815,577,988,681
2,829,567,941,667
2,819,597,859,640
2,796,592,855,630
2,787,572,854,586
2,766,573,839,527
2,782,552,823,510
2,792,564,823,509
2,758,545,824,508
2,742,562,824,508
2,754,581,822,514
2,757,548,820,525
2,751,542,821,547
2,749,541,823,558
2,734,578,814,567
2,718,574,775,567
2,750,561,743,568
2,731,574,742,575
2,743,570,741,590
2,726,567,736,598
2,729,578,722,604
2,729,597,708,605
2,740,610,713,599
2,737,620,740,582
2,739,638,766,573
2,747,624,769,571
2,773,612,745,571
2,755,617,737,572
2,760,624,737,573
2,752,622,739,579
2,776,606,767,598
2,815,598,774,603
2,780,624,785,604
2,811,625,785,604
2,810,643,785,603
2,821,632,785,599
2,819,652,788,596
2,812,654,790,590
2,795,670,794,583
2,771,657,805,576
2,776,654,810,575
2,742,665,817,575
2,760,659,840,596
2,780,681,872,623
2,797,684,886,635
2,792,674,900,653
2,801,691,905,661
2,797,652,908,671
2,763,659,903,671
2,761,671,879,671
2,759,687,879,671
2,749,653,878,673
2,762,638,875,679
2,741,653,841,684
2,718,670,773,682
2,734,669,760,682
2,733,683,754,676
2,736,693,732,651
2,743,686,713,625
2,737,686,686,595
2,771,687,669,584
2,800,699,660,584
2,787,725,655,590
2,773,712,654,601
2,783,696,666,624
2,768,725,693,646
2,749,709,732,660
2,747,719,761,664
2,728,736,763,667
2,710,737,777,678
2,724,774,784,685
2,701,774,786,691
2,700,781,794,704
2,712,776,797,710
2,707,771,797,712
2,720,776,797,715
2,717,804,796,722
2,735,824,780,732
2,698,816,752,737
2,694,809,734,738
2,696,794,734,738
2,685,800,717,736
2,684,773,711,734
2,677,761,710,734
2,665,752,709,734
2,682,746,708,738
2,684,774,707,742
2,691,785,707,745
2,679,804,707,748
2,671,792,707,748
2,648,809,707,748
2,617,832,707,740
2,639,830,712,724
2,655,826,714,707
2,674,829,714,705
2,677,817,712,707
2,653,826,681,734
2,639,832,658,756
2,617,806,653,773
2,625,800,647,791
2,624,775,642,809
2,636,756,633,840
2,634,748,629,852
2,629,779,629,852
2,656,778,636,847
2,641,788,642,831
2,631,786,642,795
2,628,773,651,748
2,620,768,660,706
2,595,773,663,688
2,595,773,664,668
2,604,787,664,666
2,591,790,664,666
2,595,771,663,670
2,602,740,661,690
2,611,723,662,698
2,587,740,658,697
2,568,740,632,696
2,553,716,618,679
2,559,704,623,618
2,540,691,633,565
2,536,690,629,541
2,539,709,623,536
2,542,713,612,533
2,535,713,589,528
2,538,731,586,529
2,555,716,583,538
2,560,750,582,557
2,577,745,582,607
2,581,743,584,635
2,561,764,592,650
2,551,784,614,660
2,550,771,634,661
2,528,776,646,667
2,536,764,688,677
2,520,791,708,694
2,521,785,709,705
2,561,787,709,714
2,545,767,706,720
2,527,760,705,722
2,538,750,696,725
2,533,732,686,730
2,536,719,669,733
2,522,723,658,737
2,527,713,628,749
2,519,724,602,759
2,523,695,591,757
2,529,677,571,708
2,545,661,500,649
2,581,673,481,637
2,593,641,481,637
2,594,644,481,642
2,592,641,479,643
2,590,645,465,613
2,584,664,467,597
2,596,675,517,598
2,575,677,549,608
2,561,675,580,614
2,563,682,601,616
2,549,691,617,618
2,544,699,625,619
2,562,711,625,619
2,543,724,625,619
2,540,735,625,619
2,546,741,625,619
2,581,721,633,619
2,584,719,655,613
2,621,728,670,606
2,639,705,671,598
2,629,719,661,598
2,643,705,648,611
2,651,695,647,637
2,664,689,660,660
2,663,683,665,666
2,654,672,672,679
2,634,647,673,683
2,641,633,678,680
2,634,637,695,679
2,647,680,728,676
2,658,672,759,676
2,667,670,772,676
2,676,662,772,668
2,658,680,719,632
2,658,701,698,619
2,679,704,684,615
2,660,699,674,615
2,652,697,659,624
2,648,698,653,635
2,642,708,651,646
2,634,683,658,653
2,628,683,667,658
2,624,704,689,659
2,623,706,701,659
2,596,719,706,655
2,595,739,701,638
2,607,755,688,619
2,607,748,664,602
2,599,774,650,594
2,589,758,639,590
2,585,751,631,588
2,585,746,625,593
2,569,756,628,606
2,561,769,638,620
2,571,787,641,627
2,573,793,628,648
2,583,811,590,670
2,570,814,553,684
2,549,838,550,686
2,540,834,541,695
2,553,825,532,712
2,530,816,518,747
2,539,823,515,772
2,543,847,517,790
2,537,844,524,800
2,542,834,533,802
2,556,834,545,803
2,548,822,558,803
2,545,826,573,799
2,549,818,576,793
2,544,817,581,787
2,558,800,581,786
2,545,806,582,786
2,543,833,583,786
2,536,802,585,789
2,510,779,585,789
2,488,786,587,789
2,522,789,593,770
2,513,793,561,673
2,543,797,535,630
2,508,824,533,629
2,497,827,525,630
2,522,827,504,632
2,498,816,497,641
2,490,797,497,664
2,488,808,501,684
2,511,807,504,707
2,497,789,516,733
2,463,776,524,745
2,537,755,531,752
2,522,750,533,754
2,527,756,533,754
2,523,738,533,754
2,523,713,533,754
2,540,707,534,753
2,545,729,535,752
2,535,726,535,751
2,536,727,535,751
2,518,729,535,751
2,516,745,537,750
2,505,739,543,737
2,492,751,547,708
2,521,748,558,680
2,503,747,567,675
2,503,754,567,675
2,489,770,567,675
2,508,776,567,675
2,505,767,566,681
2,492,792,559,695
2,518,789,557,696
2,533,772,550,700
2,538,789,547,702
2,547,806,541,706
2,548,838,537,707
2,546,857,536,707
2,533,852,536,707
2,501,858,536,707
2,494,850,536,709
2,523,837,540,714
2,532,832,542,722
2,533,853,542,737
2,543,852,542,749
2,541,867,542,753
2,553,863,541,757
2,556,847,540,759
2,565,841,537,761
2,566,850,537,761
2,561,854,537,761
2,561,874,537,761
2,553,874,538,761
2,571,875,538,761
2,562,888,540,759
2,549,907,540,759
2,560,914,540,759
2,552,916,540,759
2,579,931,540,759
2,570,939,540,759
2,551,968,542,762
2,557,978,543,776
2,573,1002,546,796
2,570,986,548,816
2,578,997,553,843
2,579,992,568,880
2,596,982,573,897
2,603,994,574,908
2,613,998,578,918
2,611,995,581,921
2,606,978,583,926
2,598,1016,585,927
2,562,1018,592,934
2,553,987,597,939
2,578,1001,601,943
2,584,1025,615,946
2,568,969,643,956
2,569,1000,645,957
2,582,1002,645,957
2,589,1004,646,957
2,597,995,646,957
2,613,1000,646,957
2,636,1015,633,958
2,608,1013,613,958
2,590,1001,607,958
2,615,1002,606,957
2,591,989,604,950
2,609,977,601,945
2,583,993,600,941
2,594,961,600,931
2,597,960,604,923
2,598,989,607,922
2,576,991,607,922
2,565,977,607,922
2,531,1006,607,922
2,517,998,607,922
2,533,1010,608,919
2,532,1002,609,910
2,503,999,609,910
2,486,998,600,909
2,523,986,579,909
2,548,975,575,911
2,556,1003,569,916
2,557,996,566,920
2,570,980,558,928
2,554,984,554,933
2,573,992,550,940
2,576,1022,550,941
2,573,996,550,945
2,598,1006,548,949
2,578,1013,550,953
2,558,966,552,956
2,569,976,552,958
2,556,1004,559,961
2,582,1002,566,963
2,569,990,566,964
2,540,995,566,964
2,564,988,567,964
2,557,962,574,966
2,540,972,575,969
2,543,963,576,974
2,565,974,576,980
2,551,972,576,981
2,539,982,576,981
2,554,993,576,981
2,556,981,577,981
2,563,1002,578,975
2,559,1020,584,963
2,548,964,584,959
2,564,935,584,949
2,555,952,584,948
2,563,949,584,948
2,576,948,579,953
2,601,956,575,962
2,597,971,571,970
2,581,987,571,970
2,592,986,571,970
2,605,995,569,963
2,597,984,568,945
2,612,985,566,924
2,610,1011,572,914
2,639,995,575,910
2,655,1008,579,901
2,673,1015,581,893
2,662,1022,581,892
2,662,1028,581,892
2,681,1001,581,893
2,683,1022,581,915
2,731,994,586,925
2,712,985,593,930
2,703,981,609,936
2,682,991,632,945
2,697,1010,651,951
2,687,990,687,957
2,693,994,695,957
2,684,981,722,963
2,679,946,727,963
2,651,959,753,965
2,632,940,759,968
2,642,932,764,977
2,641,926,764,983
2,649,932,763,985
2,631,924,761,989
2,626,896,754,993
2,623,906,748,995
2,618,904,740,998
2,647,921,711,997
2,670,918,710,995
2,673,960,703,992
2,707,955,692,969
2,702,953,638,918
2,715,958,536,849
2,710,960,533,839
2,730,996,533,840
2,729,995,534,852
2,739,996,537,861
2,753,958,549,867
2,773,977,579,874
2,790,938,591,878
2,808,951,606,884
2,791,941,638,897
2,799,966,648,901
2,817,972,652,905
2,833,967,665,911
2,821,971,688,916
2,833,946,718,919
2,802,968,741,919
2,795,953,768,916
2,805,960,817,917
2,797,956,847,919
2,799,954,854,918
2,810,966,885,917
2,819,970,903,917
2,851,970,903,917
2,865,990,912,917
2,855,1021,912,917
2,837,991,910,917
2,834,990,875,917
2,822,1016,851,917
2,823,998,849,917
2,819,1010,849,917
2,830,992,851,917
2,815,989,861,913
2,808,1008,877,912
2,796,1005,879,909
2,804,1001,881,902
2,792,996,876,886
2,806,994,874,870
2,790,1006,874,863
2,770,959,872,861
2,772,966,872,861
2,760,959,867,867
2,761,959,863,881
2,779,963,845,910
2,775,974,819,933
2,794,982,774,948
2,754,991,740,953
2,752,989,714,957
2,754,967,666,957
2,754,965,662,957
2,731,986,657,957
2,742,987,657,955
2,756,982,657,950
2,789,998,656,946
2,808,1010,656,944
2,843,1004,663,942
2,838,995,678,939
2,855,977,715,939
2,866,999,733,941
2,860,997,779,943
2,852,992,847,951
2,866,996,886,953
2,893,956,908,954
2,868,948,924,954
2,904,946,928,954
2,915,965,936,954
2,896,962,937,955
2,900,959,909,959
2,879,972,880,959
2,887,961,843,962
2,884,964,829,962
2,912,981,815,962
2,906,995,812,962
2,873,984,812,962
2,884,972,812,962
2,862,967,831,959
2,854,957,842,958
2,844,960,853,953
2,847,971,860,951
2,887,976,860,951
2,848,962,845,948
2,844,958,837,944
2,853,940,836,943
2,844,954,822,937
2,855,939,811,936
2,845,964,808,936
2,872,970,806,936
2,887,974,806,936
2,909,960,810,934
2,920,977,818,929
2,910,976,818,927
2,880,970,818,921
2,872,949,818,918
2,875,962,818,918
2,903,976,818,918
2,879,1005,818,927
2,898,992,818,936
2,882,1013,823,952
2,891,982,826,959
2,881,964,820,959
2,891,959,818,960
2,909,967,828,952
2,911,982,853,950
2,909,992,860,950
2,906,990,891,950
2,914,1018,910,950
2,926,997,926,950
2,927,978,932,950
2,926,976,951,950
2,940,982,954,952
2,971,970,954,953
2,1013,967,954,956
2,996,1001,950,965
2,1013,1013,948,971
2,987,980,942,982
2,970,983,937,986
2,1006,962,925,992
2,1024,954,920,993
2,1024,952,914,992
2,999,964,914,987
2,1019,982,926,981
2,1027,987,950,981
2,1025,971,961,981
2,1025,967,1005,980
2,1045,978,1032,980
2,1030,996,1063,980
2,1042,988,1106,977
2,1062,1035,1127,969
2,1070,981,1145,969
2,1053,978,1162,967
2,1068,966,1163,961
2,1064,980,1124,959
2,1089,951,1090,960
2,1091,939,1088,962
2,1097,958,1060,963
2,1087,958,1035,963
2,1085,970,1031,963
2,1074,961,1033,963
2,1069,941,1043,963
2,1090,963,1054,962
2,1095,953,1074,958
2,1097,989,1080,956
2,1099,1017,1082,955
2,1113,978,1083,955
2,1111,982,1092,955
2,1124,971,1098,955
2,1119,981,1103,954
2,1143,993,1110,953
2,1159,1010,1119,950
2,1168,996,1124,946
2,1182,997,1125,945
2,1181,1002,1125,945
2,1208,986,1130,946
2,1217,985,1150,952
2,1200,1005,1164,954
2,1192,999,1193,958
2,1199,998,1210,960
2,1193,1003,1233,960
2,1198,1003,1256,960
2,1192,997,1274,960
2,1208,975,1277,961
2,1225,986,1279,965
2,1238,975,1270,976
2,1217,960,1246,990
2,1226,930,1226,1002
2,1214,898,1211,1011
2,1210,855,1209,1013
2,1196,827,1209,1013
2,1199,842,1209,1012
2,1194,831,1210,1005
2,1191,804,1209,989
2,1204,798,1221,967
2,1192,783,1201,899
2,1215,770,1182,864
2,1216,785,1159,818
2,1213,792,1139,765
2,1194,789,1101,690
2,1184,791,1091,674
2,1187,788,1091,668
2,1208,801,1090,654
2,1193,793,1095,639
2,1183,774,1125,638
2,1152,781,1162,661
2,1136,792,1171,678
2,1124,769,1173,690
2,1135,763,1170,700
2,1147,766,1178,703
2,1147,785,1183,703
2,1152,780,1183,703
2,1128,768,1181,704
2,1127,773,1165,724
2,1136,770,1093,788
2,1158,800,1078,821
2,1145,799,1037,843
2,1160,806,1028,848
2,1163,819,1035,842
2,1157,821,1057,835
2,1167,806,1062,830
2,1176,796,1075,830
2,1204,805,1100,830
2,1212,781,1104,830
2,1219,790,1136,830
2,1215,801,1141,831
2,1233,807,1142,836
2,1232,816,1142,838
2,1222,815,1150,834
2,1209,808,1160,812
2,1203,820,1178,773
2,1208,829,1190,747
2,1200,851,1198,731
2,1206,859,1222,711
2,1194,846,1247,695
2,1201,848,1257,694
2,1205,872,1260,697
2,1209,883,1257,720
2,1239,887,1231,750
2,1230,861,1209,768
2,1237,866,1192,776
2,1263,853,1159,789
2,1262,859,1147,803
2,1237,824,1137,826
2,1240,819,1134,839
2,1255,822,1134,852
2,1264,805,1136,862
2,1273,782,1141,865
2,1288,772,1148,866
2,1268,775,1165,862
2,1286,794,1182,828
2,1268,818,1204,781
2,1271,787,1219,760
2,1283,800,1238,745
2,1280,804,1268,728
2,1283,803,1319,707
2,1299,799,1325,704
2,1297,790,1328,715
2,1284,785,1308,755
2,1281,806,1293,774
2,1297,811,1288,777
2,1255,793,1280,777
2,1253,795,1273,773
2,1246,809,1271,771
2,1224,813,1269,770
2,1237,808,1268,770
2,1255,782,1268,768
2,1242,776,1272,768
2,1243,758,1280,787
2,1235,731,1272,817
2,1239,741,1247,859
2,1221,700,1224,886
2,1240,705,1203,902
2,1244,681,1190,904
2,1259,679,1170,898
2,1256,673,1149,875
2,1213,675,1146,847
2,1224,667,1162,811
2,1230,660,1185,771
2,1233,662,1202,732
2,1230,657,1219,695
2,1237,678,1231,677
2,1239,673,1235,664
2,1239,659,1235,656
2,1247,649,1235,646
2,1232,687,1235,628
2,1229,700,1234,624
2,1213,694,1234,624
2,1217,670,1234,624
2,1234,710,1234,624
2,1242,717,1232,626
2,1251,729,1232,641
2,1256,760,1240,670
2,1266,764,1240,671
2,1267,788,1240,671
2,1262,795,1240,671
2,1264,801,1240,671
2,1246,807,1242,725
2,1202,823,1259,778
2,1227,815,1266,815
2,1238,806,1268,839
2,1240,832,1269,864
2,1248,842,1268,875
2,1238,849,1267,877
2,1234,834,1262,873
2,1268,841,1242,852
2,1284,842,1239,842
2,1277,841,1239,826
2,1281,850,1243,806
2,1284,873,1246,794
2,1255,852,1247,791
2,1266,862,1247,790
2,1240,896,1252,790
2,1253,900,1259,795
2,1249,922,1268,817
2,1229,901,1275,831
2,1223,910,1279,845
2,1220,910,1280,857
2,1221,915,1275,865
2,1239,914,1253,871
2,1245,912,1241,877
2,1244,883,1232,883
2,1222,908,1217,890
2,1210,910,1209,891
2,1206,897,1208,891
2,1203,894,1203,883
2,1199,913,1196,870
2,1185,894,1195,867
2,1178,885,1195,857
2,1192,866,1194,855
2,1194,865,1194,853
2,1194,873,1193,851
2,1196,892,1193,849
2,1203,887,1193,849
2,1186,887,1193,849
2,1159,863,1193,849
2,1167,855,1193,849
2,1180,851,1193,849
2,1195,894,1193,849
2,1214,896,1193,849
2,1212,913,1193,849
2,1242,937,1191,849
2,1237,942,1188,849
2,1219,961,1188,849
2,1243,972,1193,844
2,1258,1006,1230,846
2,1262,1017,1257,855
2,1241,992,1281,872
2,1211,981,1297,897
2,1197,975,1302,922
2,1176,986,1301,927
2,1191,1002,1294,936
2,1195,1003,1287,944
2,1192,1006,1273,954
2,1204,1007,1191,957
2,1225,999,1131,956
2,1189,1030,1131,956
2,1205,1014,1131,956
2,1210,1013,1117,959
2,1201,1003,1109,960
2,1220,1021,1104,966
2,1235,989,1103,968
2,1251,1001,1131,971
2,1263,987,1154,974
2,1282,975,1173,978
2,1263,1004,1176,981
2,1264,1003,1195,982
2,1277,988,1203,976
2,1236,1001,1207,975
2,1275,991,1211,974
2,1276,1001,1215,972
2,1251,1018,1238,972
2,1270,988,1247,972
2,1288,985,1247,972
2,1279,990,1247,972
2,1282,994,1247,972
2,1286,985,1262,972
2,1302,1002,1278,972
2,1289,996,1278,972
2,1288,993,1283,972
2,1320,963,1285,972
2,1338,947,1285,973
2,1334,933,1275,979
2,1325,951,1273,980
2,1336,957,1273,980
2,1321,985,1271,980
2,1296,967,1269,978
2,1308,1002,1273,973
2,1285,962,1299,962
2,1298,945,1324,945
2,1326,925,1356,917
2,1314,939,1373,908
2,1297,963,1390,903
2,1305,959,1390,903
2,1317,983,1376,914
2,1353,972,1361,921
2,1357,990,1346,927
2,1334,972,1341,931
2,1318,983,1327,935
2,1293,976,1326,938
2,1268,979,1328,940
2,1282,971,1350,946
2,1269,969,1372,948
2,1295,976,1392,951
2,1283,975,1398,952
2,1290,967,1398,953
2,1312,961,1378,960
2,1329,961,1318,962
2,1324,941,1268,965
2,1316,927,1226,971
2,1318,907,1177,970
2,1342,924,1175,968
2,1330,905,1175,964
2,1332,909,1176,957
2,1335,888,1189,952
2,1315,876,1233,944
2,1333,866,1259,941
2,1366,877,1276,939
2,1334,864,1295,935
2,1325,860,1306,926
2,1329,854,1313,914
2,1300,830,1315,906
2,1275,845,1316,890
2,1276,877,1320,879
2,1267,867,1329,864
2,1284,867,1337,851
2,1290,871,1337,848
2,1298,880,1333,839
2,1274,877,1327,834
2,1280,862,1312,831
2,1278,837,1295,833
2,1261,849,1289,844
2,1262,858,1289,865
2,1266,845,1301,887
2,1256,843,1305,892
2,1261,877,1308,893
2,1244,889,1317,895
2,1243,900,1317,895
2,1236,938,1314,898
2,1227,955,1306,902
2,1241,948,1302,906
2,1243,926,1295,906
2,1259,938,1288,901
2,1290,943,1288,901
2,1301,918,1286,916
2,1296,914,1283,929
2,1311,897,1278,942
2,1317,886,1277,951
2,1302,874,1272,960
2,1293,865,1268,964
2,1302,892,1257,966
2,1320,872,1251,966
2,1295,858,1249,963
2,1292,860,1246,955
2,1257,870,1246,945
2,1225,867,1247,939
2,1236,872,1249,928
2,1265,889,1253,914
2,1303,892,1256,904
2,1289,902,1256,888
2,1291,862,1244,874
2,1301,866,1223,872
2,1303,856,1198,880
2,1291,880,1194,885
2,1289,874,1202,885
2,1269,835,1205,882
2,1283,836,1213,877
2,1295,832,1222,873
2,1313,819,1242,873
2,1305,810,1258,878
2,1322,832,1258,878
2,1343,805,1266,848
2,1340,794,1268,813
2,1338,808,1269,789
2,1332,832,1266,767
2,1318,842,1267,760
2,1326,856,1269,752
2,1344,856,1278,741
2,1354,873,1320,739
2,1355,874,1349,759
2,1360,871,1359,783
2,1369,868,1353,816
2,1360,859,1325,847
2,1344,861,1301,858
2,1335,888,1293,865
2,1300,907,1292,871
2,1268,909,1292,883
2,1264,931,1292,892
2,1271,942,1303,907
2,1252,933,1328,918
2,1248,969,1347,924
2,1234,997,1354,925
2,1244,1012,1362,926
2,1224,994,1373,927
2,1191,982,1372,927
2,1203,980,1292,918
2,1209,1007,1280,919
2,1232,1024,1280,929
2,1231,987,1256,948
2,1241,976,1210,967
2,1230,945,1195,974
2,1266,950,1190,979
2,1259,946,1184,988
2,1259,952,1182,993
2,1266,903,1182,994
2,1277,910,1200,995
2,1276,902,1209,995
2,1285,909,1213,997
2,1299,923,1214,997
2,1298,915,1218,991
2,1273,901,1226,983
2,1281,881,1231,967
2,1300,885,1237,939
2,1295,882,1242,905
2,1290,886,1249,889
2,1270,882,1262,865
2,1256,873,1269,824
2,1240,889,1271,816
2,1243,875,1271,816
2,1206,865,1276,817
2,1231,853,1279,821
2,1251,861,1285,845
2,1242,873,1293,875
2,1221,864,1294,917
2,1237,862,1291,932
2,1235,864,1264,946
2,1240,859,1245,948
2,1240,835,1233,948
2,1247,833,1224,938
2,1272,821,1222,924
2,1261,837,1229,913
2,1266,892,1232,907
2,1262,910,1236,899
2,1233,899,1237,896
2,1241,858,1237,895
2,1222,868,1242,881
2,1208,872,1261,872
2,1199,886,1307,877
2,1175,886,1309,889
2,1188,888,1304,919
2,1166,871,1266,942
2,1159,859,1261,946
2,1147,851,1220,947
2,1120,829,1182,945
2,1084,865,1165,944
2,1092,860,1163,943
2,1090,886,1142,933
2,1102,865,1131,911
2,1114,888,1142,882
2,1085,867,1159,846
2,1094,868,1159,832
2,1095,875,1160,828
2,1095,893,1164,828
2,1102,914,1164,828
2,1095,893,1160,828
2,1096,879,1132,828
2,1097,893,1118,834
2,1065,887,1109,837
2,1064,894,1109,837
2,1094,892,1108,848
2,1104,916,1121,895
2,1122,907,1134,934
2,1128,901,1136,957
2,1102,893,1132,969
2,1117,918,1132,975
2,1130,909,1132,979
2,1129,923,1133,983
2,1146,899,1134,984
2,1124,872,1134,984
2,1092,878,1129,984
2,1102,860,1110,983
2,1087,849,1105,983
2,1089,863,1104,983
2,1074,846,1104,983
2,1095,828,1099,981
2,1103,817,1092,969
2,1112,844,1081,948
2,1115,849,1067,930
2,1124,839,1059,923
2,1135,854,1066,916
2,1117,848,1073,910
2,1137,833,1073,907
2,1125,830,1065,899
2,1122,841,1071,882
2,1145,879,1082,865
2,1121,868,1094,857
2,1109,850,1105,852
2,1096,831,1129,851
2,1102,844,1145,855
2,1088,841,1153,871
2,1112,837,1154,906
2,1097,857,1154,929
2,1097,850,1148,942
2,1082,825,1134,945
2,1094,826,1119,945
2,1064,858,1115,946
2,1040,878,1111,948
2,1050,876,1111,949
2,1069,876,1111,949
2,1056,858,1111,949
2,1070,869,1111,949
2,1071,883,1111,948
2,1061,867,1087,932
2,1042,859,1065,926
2,1045,826,1061,931
2,1008,840,1059,935
2,1014,823,1058,939
2,989,821,1050,942
2,1007,811,1042,944
2,1038,808,1037,944
2,1048,816,1034,944
2,1055,823,1020,935
2,1051,842,973,907
2,1063,854,965,893
2,1057,856,966,887
2,1052,862,969,878
2,1057,847,979,864
2,1038,860,986,849
2,1044,862,996,833
2,1062,853,1012,827
2,1037,835,1028,825
2,1051,850,1038,827
2,1047,907,1042,833
2,1047,919,1044,846
2,1054,910,1044,879
2,1069,930,1041,902
2,1083,907,1039,911
2,1101,895,1035,913
2,1105,890,1032,914
2,1096,867,1032,914
2,1090,891,1032,923
2,1089,907,1038,935
2,1080,905,1044,948
2,1088,914,1074,965
2,1067,892,1087,972
2,1041,885,1099,976
2,1060,901,1117,976
2,1060,920,1136,976
2,1060,917,1147,969
2,1068,936,1129,938
2,1083,960,1121,925
2,1049,982,1118,923
2,1047,986,1115,923
2,1058,983,1100,923
2,1055,963,1089,921
2,1056,948,1086,925
2,1079,928,1071,931
2,1089,914,1065,935
2,1091,926,1062,939
2,1108,921,1057,939
2,1115,893,1035,932
2,1105,858,1020,907
2,1108,857,1020,892
2,1103,834,1020,881
2,1086,836,1023,872
2,1063,850,1033,859
2,1064,841,1038,847
2,1044,841,1052,842
2,1068,807,1059,838
2,1060,804,1076,831
2,1030,790,1083,827
2,1038,802,1083,822
2,1029,816,1081,818
2,1013,810,1076,810
2,1004,804,1070,798
2,1008,827,1070,788
2,1012,811,1069,784
2,1004,808,1059,777
2,992,812,1047,776
2,960,834,1022,782
2,958,859,982,803
2,944,863,972,811
2,932,842,971,816
2,929,857,984,821
2,933,853,991,832
2,915,858,1006,841
2,927,839,1018,851
2,918,836,1021,855
2,903,834,1016,863
2,903,842,987,910
2,881,856,954,919
2,883,848,926,928
2,913,849,918,934
2,906,863,916,943
2,937,866,910,945
2,945,876,903,942
2,935,880,895,936
2,941,871,895,926
2,958,859,892,920
2,966,856,890,910
2,969,867,890,898
2,974,860,890,890
2,960,868,889,880
2,928,890,888,873
2,903,887,893,859
2,888,859,918,846
2,901,883,941,839
2,913,904,952,834
2,930,898,969,830
2,919,905,973,828
2,898,919,982,825
2,907,927,983,824
2,937,933,983,824
2,922,949,966,825
2,937,957,948,837
2,944,939,930,856
2,966,933,913,898
2,977,948,906,912
2,992,939,904,925
2,994,955,908,940
2,986,945,924,963
2,958,942,936,975
2,979,948,944,983
2,995,965,951,988
2,985,947,956,990
2,944,966,967,996
2,957,927,971,996
2,982,914,974,996
2,972,919,974,996
2,950,945,975,996
2,926,949,978,993
2,916,948,979,989
2,891,971,980,984
2,882,978,983,976
2,886,956,986,967
2,890,941,986,958
2,879,953,981,950
2,863,969,970,946
2,907,983,948,944
2,908,982,924,947
2,922,970,900,954
2,929,999,893,961
2,910,999,891,971
2,911,991,859,979
2,882,969,826,983
2,896,964,824,986
2,913,968,834,986
2,923,969,854,986
2,909,987,874,986
2,907,1009,876,986
2,890,967,892,986
2,897,983,908,985
2,903,963,906,983
2,903,947,892,982
2,919,932,886,981
2,954,912,884,981
2,976,905,884,978
2,997,918,886,972
2,1030,914,887,970
2,1038,926,887,970
2,1037,925,887,970
2,1019,928,890,970
2,1030,934,928,970
2,1021,936,1002,970
3,963,545,966,545
3,966,549,966,545
3,994,539,966,545
3,984,543,966,545
3,966,545,966,545
3,971,534,966,545
3,994,536,966,545
3,995,527,966,545
3,985,537,966,545
3,1006,545,966,545
3,1018,514,966,545
3,1045,508,953,528
3,1043,534,941,515
3,1025,514,942,513
3,1032,530,946,515
3,1051,539,954,527
3,1041,566,961,537
3,1035,580,968,541
3,1037,557,990,549
3,1090,567,1008,553
3,1104,567,1014,556
3,1105,576,1014,556
3,1122,579,1014,556
3,1118,561,1014,556
3,1118,509,1014,556
3,1113,520,1015,556
3,1136,526,1015,556
3,1129,527,1015,556
3,1144,509,1015,556
3,1163,533,1015,556
3,1153,544,1058,531
3,1169,526,1147,500
3,1175,522,1263,499
3,1174,515,1333,500
3,1170,521,1341,497
3,1174,509,1343,519
3,1162,481,1330,590
3,1173,468,1285,627
3,1174,454,1229,629
3,1165,474,1187,612
3,1163,472,1159,581
3,1173,462,1147,557
3,1133,453,1138,535
3,1119,486,1134,513
3,1120,477,1132,494
3,1105,458,1135,474
3,1110,451,1137,468
3,1105,460,1137,468
3,1138,458,1137,468
3,1130,464,1136,461
3,1112,497,1123,434
3,1121,504,1119,416
3,1123,509,1115,411
3,1121,483,1113,414
3,1129,484,1108,441
3,1153,484,1107,469
3,1142,488,1107,510
3,1144,466,1107,548
3,1130,486,1108,561
3,1138,498,1111,581
3,1151,493,1111,589
3,1159,485,1111,582
3,1169,457,1123,521
3,1179,425,1119,474
3,1185,414,1111,444
3,1194,407,1110,430
3,1205,391,1103,426
3,1223,369,1078,405
3,1221,354,1074,402
3,1235,373,1109,384
3,1248,404,1148,349
3,1276,423,1156,330
3,1278,415,1169,316
3,1311,433,1211,302
3,1282,438,1217,301
3,1284,437,1233,322
3,1284,420,1289,463
3,1306,426,1291,491
3,1308,444,1291,493
3,1322,443,1291,493
3,1322,450,1291,493
3,1325,436,1292,502
3,1298,449,1294,518
3,1312,457,1295,520
3,1318,448,1291,517
3,1348,450,1273,494
3,1376,423,1264,478
3,1369,425,1258,460
3,1344,406,1255,449
3,1348,388,1252,443
3,1334,405,1252,442
3,1328,398,1252,442
3,1318,442,1257,449
3,1310,461,1265,450
3,1301,444,1305,433
3,1269,426,1336,406
3,1294,399,1340,390
3,1294,419,1337,380
3,1299,409,1328,352
3,1292,422,1324,333
3,1276,436,1319,332
3,1264,468,1304,347
3,1269,452,1295,361
3,1286,438,1294,363
3,1276,457,1294,364
3,1265,463,1292,364
3,1247,487,1286,367
3,1240,493,1281,373
3,1238,483,1275,391
3,1256,487,1274,427
3,1233,452,1274,458
3,1231,444,1274,494
3,1217,427,1273,511
3,1217,428,1269,518
3,1237,428,1268,521
3,1232,430,1267,519
3,1256,438,1260,505
3,1237,431,1252,495
3,1238,410,1251,467
3,1267,420,1251,427
3,1261,432,1251,416
3,1277,436,1251,411
3,1266,430,1252,404
3,1272,450,1257,392
3,1304,449,1258,388
3,1320,445,1261,379
3,1357,448,1260,372
3,1332,442,1258,371
3,1313,456,1255,369
3,1296,477,1246,372
3,1300,483,1240,375
3,1299,502,1239,384
3,1321,456,1260,402
3,1306,475,1281,408
3,1304,454,1320,414
3,1320,447,1349,429
3,1340,448,1354,438
3,1316,408,1355,448
3,1323,437,1356,463
3,1334,433,1358,467
3,1307,441,1355,468
3,1302,446,1342,468
3,1318,471,1325,467
3,1341,482,1320,463
3,1342,497,1322,443
3,1317,490,1334,434
3,1316,472,1337,434
3,1305,466,1337,434
3,1314,464,1337,445
3,1309,487,1342,467
3,1310,475,1351,472
3,1301,471,1353,476
3,1321,462,1355,481
3,1321,468,1357,481
3,1295,466,1354,480
3,1313,457,1323,465
3,1317,431,1293,447
3,1296,453,1284,447
3,1291,437,1280,451
3,1327,439,1262,463
3,1335,422,1253,466
3,1345,417,1245,454
3,1356,404,1235,443
3,1341,401,1233,428
3,1362,389,1234,401
3,1381,382,1235,384
3,1385,369,1236,371
3,1391,362,1241,361
3,1381,369,1250,350
3,1377,368,1256,341
3,1370,348,1256,341
3,1370,356,1257,341
3,1346,398,1257,341
3,1334,367,1257,341
3,1352,374,1329,330
3,1372,375,1367,323
3,1407,377,1369,323
3,1423,352,1369,323
3,1444,368,1396,334
3,1384,347,1417,351
3,1363,380,1418,362
3,1346,377,1417,365
3,1334,348,1407,373
3,1345,332,1402,380
3,1353,348,1397,389
3,1346,331,1397,391
3,1352,306,1397,392
3,1328,302,1397,392
3,1327,330,1376,386
3,1320,352,1361,371
3,1312,373,1359,339
3,1337,367,1361,313
3,1344,379,1364,286
3,1322,377,1364,274
3,1318,366,1364,260
3,1317,359,1364,258
3,1333,351,1362,265
3,1339,364,1349,298
3,1332,360,1344,377
3,1329,331,1344,382
3,1336,330,1344,382
3,1342,333,1344,391
3,1319,322,1346,394
3,1335,332,1350,397
3,1310,311,1354,401
3,1328,309,1358,408
3,1350,323,1359,412
3,1323,318,1359,412
3,1314,303,1359,412
3,1310,311,1356,408
3,1302,311,1351,402
3,1317,328,1346,396
3,1312,315,1342,389
3,1337,302,1337,376
3,1349,292,1331,351
3,1350,296,1324,328
3,1346,285,1320,312
3,1372,276,1316,305
3,1376,244,1315,300
3,1376,222,1322,293
3,1361,236,1341,293
3,1362,228,1354,291
3,1340,228,1378,281
3,1330,239,1386,277
3,1347,233,1386,277
3,1326,241,1386,277
3,1331,283,1386,277
3,1346,264,1386,277
3,1321,255,1386,277
3,1321,275,1357,277
3,1352,252,1344,264
3,1347,230,1340,254
3,1353,216,1340,254
3,1368,226,1340,254
3,1381,259,1326,266
3,1360,258,1315,301
3,1350,280,1320,322
3,1353,255,1325,332
3,1342,275,1325,339
3,1343,265,1326,342
3,1346,247,1326,343
3,1338,270,1327,343
3,1359,283,1335,336
3,1384,272,1338,324
3,1403,275,1338,320
3,1408,275,1338,319
3,1418,271,1338,318
3,1421,295,1341,312
3,1406,274,1349,306
3,1424,287,1354,299
3,1406,246,1353,297
3,1405,270,1349,291
3,1387,293,1349,286
3,1362,289,1354,277
3,1319,299,1367,271
3,1314,307,1367,271
3,1306,316,1367,271
3,1300,302,1367,271
3,1306,300,1367,271
3,1327,291,1367,271
3,1325,306,1352,282
3,1316,292,1276,331
3,1312,307,1213,382
3,1299,319,1214,393
3,1283,327,1225,399
3,1255,315,1237,400
3,1287,310,1270,397
3,1275,309,1295,385
3,1264,332,1300,378
3,1270,351,1307,367
3,1251,344,1307,365
3,1261,360,1308,363
3,1239,346,1308,360
3,1234,351,1308,355
3,1247,328,1308,351
3,1268,325,1308,350
3,1286,316,1305,350
3,1286,325,1301,355
3,1280,317,1300,357
3,1303,297,1300,363
3,1303,279,1300,366
3,1340,276,1298,371
3,1350,267,1296,372
3,1370,286,1295,373
3,1345,275,1294,369
3,1334,265,1297,343
3,1327,273,1305,317
3,1330,255,1336,290
3,1347,227,1367,282
3,1365,245,1410,292
3,1389,238,1414,296
3,1386,229,1414,298
3,1360,195,1412,295
3,1370,217,1397,260
3,1355,202,1388,239
3,1371,201,1370,234
3,1368,193,1342,233
3,1369,190,1334,211
3,1363,193,1354,155
3,1376,191,1367,118
3,1380,182,1374,94
3,1403,190,1380,71
3,1394,190,1385,65
3,1373,203,1388,64
3,1391,198,1388,64
3,1400,167,1389,64
3,1377,156,1398,78
3,1376,145,1394,94
3,1369,152,1392,111
3,1394,167,1392,126
3,1373,159,1392,135
3,1355,167,1394,140
3,1393,181,1396,143
3,1429,160,1398,147
3,1406,169,1398,150
3,1429,177,1398,150
3,1436,178,1398,150
3,1417,135,1398,150
3,1411,117,1398,150
3,1399,149,1386,153
3,1409,129,1349,158
3,1406,136,1335,158
3,1404,133,1312,151
3,1407,127,1282,147
3,1415,122,1279,147
3,1405,103,1306,144
3,1408,116,1323,140
3,1434,103,1318,138
3,1405,116,1320,132
3,1415,106,1326,130
3,1421,118,1327,129
3,1402,134,1328,129
3,1383,147,1330,129
3,1382,138,1332,135
3,1363,158,1344,141
3,1364,163,1354,132
3,1356,142,1364,124
3,1367,173,1374,119
3,1359,167,1382,111
3,1362,196,1388,104
3,1363,219,1386,103
3,1341,203,1357,119
3,1340,187,1336,141
3,1317,200,1334,144
3,1307,222,1331,150
3,1315,228,1329,161
3,1324,234,1323,210
3,1324,252,1316,270
3,1330,253,1313,293
3,1330,240,1313,307
3,1339,229,1312,317
3,1335,244,1310,323
3,1341,247,1301,332
3,1328,250,1298,333
3,1340,223,1298,333
3,1343,222,1298,333
3,1351,200,1302,321
3,1375,207,1311,316
3,1348,191,1324,309
3,1356,190,1335,302
3,1346,188,1346,290
3,1352,182,1355,279
3,1351,193,1361,270
3,1319,192,1368,259
3,1327,189,1369,245
3,1292,182,1360,240
3,1294,187,1353,231
3,1290,203,1350,211
3,1277,215,1356,172
3,1298,213,1356,171
3,1289,200,1350,166
3,1293,194,1322,153
3,1262,196,1299,146
3,1275,193,1268,153
3,1281,193,1252,176
3,1262,190,1249,196
3,1278,172,1249,208
3,1288,171,1252,214
3,1264,168,1255,215
3,1280,168,1264,215
3,1296,161,1279,211
3,1299,118,1284,208
3,1315,108,1291,198
3,1311,114,1295,186
3,1328,102,1295,178
3,1311,125,1295,172
3,1299,119,1290,167
3,1288,120,1287,165
3,1332,120,1283,162
3,1325,99,1280,157
3,1344,84,1277,152
3,1350,104,1267,146
3,1370,75,1258,141
3,1404,119,1257,141
3,1392,103,1257,141
3,1382,87,1257,141
3,1354,84,1261,137
3,1358,67,1303,133
3,1377,70,1338,133
3,1363,78,1353,133
3,1347,95,1374,133
3,1330,92,1389,132
3,1322,81,1391,129
3,1337,78,1390,125
3,1337,78,1372,110
3,1323,76,1360,98
3,1347,62,1356,93
3,1364,93,1350,85
3,1385,113,1344,82
3,1340,122,1338,78
3,1315,124,1338,78
3,1312,126,1338,78
3,1357,120,1338,78
3,1352,127,1338,78
3,1364,132,1338,78
3,1350,133,1338,78
3,1385,137,1338,78
3,1352,162,1338,78
3,1385,160,1338,78
3,1378,124,1299,171
3,1343,125,1288,197
3,1346,100,1287,199
3,1357,87,1287,199
3,1390,113,1287,199
3,1417,115,1287,199
3,1408,124,1310,201
3,1401,120,1384,175
3,1403,80,1405,165
3,1382,102,1408,151
3,1399,81,1405,128
3,1373,52,1400,113
3,1377,107,1400,112
3,1358,124,1424,101
3,1335,116,1437,93
3,1323,130,1437,93
3,1324,138,1418,96
3,1339,152,1397,101
3,1341,147,1397,101
3,1330,148,1374,110
3,1343,150,1360,113
3,1325,127,1306,131
3,1307,110,1270,144
3,1329,112,1259,150
3,1349,131,1259,150
3,1336,120,1259,150
3,1327,147,1259,150
3,1325,145,1259,150
3,1321,144,1259,150
3,1305,151,1259,150
3,1291,150,1259,150
3,1300,158,1259,150
3,1296,152,1259,150
3,1318,162,1259,150
3,1316,153,1259,150
3,1304,150,1259,150
3,1296,128,1259,150
3,1312,135,1259,150
3,1311,148,1259,150
3,1286,151,1259,150
3,1289,158,1259,150
3,1286,154,1259,150
3,1272,148,1259,150
3,1292,144,1259,150
3,1298,130,1259,150
3,1287,131,1259,150
3,1287,110,1259,150
3,1300,104,1259,150
3,1318,121,1279,138
3,1316,90,1292,126
3,1317,79,1293,122
3,1294,83,1293,122
3,1257,86,1293,122
3,1240,98,1293,122
3,1252,96,1293,122
3,1250,86,1293,122
3,1269,85,1293,122
3,1236,73,1293,122
3,1248,69,1293,122
3,1241,91,1293,122
3,1263,105,1293,122
3,1287,105,1293,122
3,1305,135,1293,122
3,1300,163,1293,122
3,1281,156,1293,122
3,1286,142,1293,122
3,1305,150,1268,133
3,1323,140,1207,173
3,1326,151,1197,186
3,1339,128,1197,186
3,1336,140,1197,186
3,1325,152,1215,194
3,1329,134,1255,205
3,1312,126,1262,206
3,1323,121,1273,206
3,1311,109,1332,193
3,1293,111,1345,180
3,1283,132,1346,164
3,1283,122,1345,156
3,1311,119,1339,145
3,1313,104,1338,140
3,1349,107,1338,140
3,1357,121,1338,140
3,1363,147,1333,137
3,1380,181,1328,136
3,1401,162,1324,136
3,1413,192,1317,136
3,1422,173,1315,136
3,1418,176,1315,136
3,1405,180,1315,136
3,1403,206,1359,157
3,1404,215,1392,168
3,1406,226,1406,171
3,1400,220,1451,171
3,1404,231,1478,166
3,1401,219,1478,165
3,1391,241,1484,171
3,1375,238,1484,180
3,1377,238,1475,188
3,1359,221,1457,197
3,1369,208,1457,198
3,1358,204,1442,200
3,1345,187,1432,204
3,1336,184,1426,207
3,1352,206,1424,209
3,1369,182,1421,216
3,1343,166,1417,223
3,1352,203,1415,230
3,1326,194,1414,234
3,1331,191,1414,234
3,1350,188,1407,243
3,1340,185,1404,248
3,1340,207,1402,251
3,1320,206,1402,251
3,1305,219,1393,253
3,1280,216,1391,253
3,1271,217,1386,248
3,1262,228,1377,233
3,1260,240,1369,221
3,1270,250,1367,217
3,1285,214,1366,215
3,1269,208,1363,213
3,1257,207,1357,213
3,1243,217,1348,219
3,1258,223,1336,227
3,1256,236,1334,244
3,1249,235,1334,254
3,1242,250,1334,260
3,1267,243,1334,262
3,1272,245,1325,266
3,1260,240,1313,267
3,1254,218,1301,264
3,1251,239,1286,261
3,1233,245,1239,262
3,1246,249,1210,263
3,1229,263,1207,261
3,1240,245,1207,261
3,1228,267,1199,260
3,1218,269,1189,260
3,1221,272,1188,260
3,1204,294,1187,256
3,1207,309,1187,247
3,1207,302,1191,241
3,1178,322,1199,238
3,1160,332,1226,236
3,1143,329,1249,236
3,1136,325,1253,242
3,1127,311,1245,255
3,1127,314,1240,262
3,1098,318,1228,277
3,1061,317,1217,294
3,1063,322,1201,307
3,1065,317,1193,310
3,1049,315,1192,310
3,1056,340,1152,300
3,1070,324,1135,294
3,1066,303,1092,288
3,1074,307,1025,284
3,1074,318,973,294
3,1100,317,952,300
3,1071,333,913,325
3,1083,349,895,346
3,1098,359,901,363
3,1072,381,911,367
3,1058,396,924,367
3,1065,374,944,358
3,1048,388,963,347
3,1035,374,981,337
3,1017,382,1006,326
3,1027,386,1010,324
3,1037,384,1016,327
3,1045,384,1026,345
3,1045,376,1042,377
3,1027,388,1051,393
3,1004,412,1061,407
3,1015,395,1067,419
3,998,386,1070,431
3,1001,381,1074,442
3,1001,363,1075,444
3,1023,347,1075,444
3,1019,347,1067,432
3,1038,327,1065,426
3,1057,307,1062,422
3,1049,289,1060,412
3,1074,290,1055,404
3,1088,306,1050,395
3,1098,294,1041,383
3,1109,300,1036,378
3,1110,290,1022,367
3,1095,279,1012,347
3,1089,264,1017,336
3,1106,278,1034,330
3,1087,285,1068,324
3,1092,280,1093,323
3,1079,297,1107,320
3,1083,298,1121,315
3,1090,321,1134,309
3,1086,318,1144,303
3,1067,339,1147,297
3,1039,349,1142,283
3,1035,358,1130,274
3,1025,328,1105,262
3,1042,317,1079,255
3,1030,312,1066,255
3,1024,320,1055,255
3,1039,296,1052,255
3,1023,320,1052,255
3,1045,324,1052,255
3,1021,316,1063,247
3,1040,332,1067,244
3,1030,311,1047,327
3,1025,267,1040,376
3,1045,266,1041,388
3,1040,299,1041,393
3,1052,311,1038,401
3,1038,343,1033,411
3,1033,294,1031,417
3,1059,295,1041,419
3,1032,270,1073,410
3,1045,257,1077,389
3,1060,276,1065,357
3,1071,287,1051,328
3,1048,285,1047,308
3,1062,252,1047,297
3,1060,265,1047,297
3,1048,298,1047,297
3,1041,293,1047,278
3,1074,257,1061,245
3,1054,285,1088,218
3,1042,288,1096,208
3,1053,279,1101,198
3,1053,282,1101,192
3,1045,287,1091,201
3,1075,278,1084,223
3,1073,268,1081,247
3,1071,253,1081,258
3,1078,246,1082,264
3,1064,237,1084,269
3,1045,245,1084,270
3,1030,265,1084,270
3,1064,265,1084,270
3,1048,251,1084,270
3,1041,252,1084,270
3,1084,212,1089,266
3,1068,196,1091,256
3,1065,196,1061,246
3,1078,187,1019,264
3,1082,187,976,298
3,1077,179,974,305
3,1076,200,979,312
3,1083,182,991,316
3,1067,165,999,317
3,1053,131,1016,310
3,1058,151,1027,288
3,1071,129,1032,225
3,1068,119,1055,171
3,1060,139,1072,129
3,1042,179,1072,114
3,1055,177,1070,106
3,1032,195,1071,100
3,1026,209,1077,99
3,1031,210,1085,101
3,1042,198,1089,131
3,1045,222,1059,158
3,1052,223,987,201
3,1075,214,972,212
3,1083,214,958,249
3,1091,226,956,262
3,1116,237,961,264
3,1128,252,969,264
3,1131,223,977,262
3,1143,224,991,258
3,1138,250,1014,251
3,1129,264,1038,239
3,1122,270,1059,220
3,1150,276,1077,218
3,1123,296,1103,232
3,1118,287,1125,244
3,1136,283,1133,246
3,1164,272,1142,247
3,1165,272,1161,250
3,1183,276,1174,253
3,1152,256,1177,253
3,1172,260,1179,253
3,1181,267,1184,250
3,1177,276,1184,250
3,1169,254,1182,249
3,1189,274,1173,248
3,1218,273,1160,248
3,1205,262,1156,248
3,1227,286,1156,248
3,1252,292,1145,248
3,1268,291,1121,248
3,1295,309,1104,248
3,1277,320,1092,243
3,1286,313,1089,243
3,1279,305,1087,242
3,1269,281,1075,240
3,1269,301,1067,240
3,1277,311,1068,240
3,1285,291,1128,254
3,1274,292,1227,290
3,1266,287,1261,319
3,1238,299,1280,333
3,1253,311,1298,343
3,1239,319,1332,362
3,1253,318,1340,366
3,1272,310,1341,362
3,1283,303,1325,332
3,1285,308,1305,309
3,1291,296,1283,298
3,1327,302,1256,292
3,1319,284,1234,292
3,1316,267,1217,295
3,1282,264,1200,307
3,1293,269,1196,322
3,1285,260,1203,333
3,1290,274,1232,351
3,1287,270,1274,354
3,1278,269,1360,296
3,1296,279,1356,243
3,1308,298,1331,207
3,1297,306,1322,195
3,1308,285,1309,185
3,1304,275,1291,169
3,1282,236,1277,167
3,1254,250,1266,182
3,1263,251,1265,207
3,1283,249,1287,236
3,1285,275,1306,260
3,1289,290,1329,270
3,1298,322,1352,255
3,1306,337,1342,215
3,1280,346,1284,117
3,1268,339,1246,72
3,1291,336,1222,57
3,1280,333,1220,56
3,1318,336,1220,56
3,1341,329,1210,56
3,1365,320,1209,74
3,1341,332,1229,118
3,1334,338,1253,154
3,1328,327,1263,174
3,1351,325,1272,194
3,1326,333,1288,214
3,1344,317,1302,224
3,1350,311,1329,245
3,1361,258,1357,277
3,1361,260,1379,311
3,1355,294,1384,317
3,1345,282,1385,319
3,1354,282,1385,319
3,1366,275,1371,291
3,1387,256,1370,278
3,1361,266,1370,277
3,1357,279,1370,277
3,1355,283,1370,277
3,1358,287,1370,277
3,1372,273,1370,277
3,1400,272,1370,279
3,1394,261,1370,279
3,1416,268,1370,279
3,1438,257,1359,284
3,1410,250,1337,291
3,1413,260,1335,294
3,1405,246,1350,292
3,1399,246,1361,289
3,1398,268,1378,289
3,1418,298,1420,286
3,1399,301,1451,283
3,1407,301,1472,276
3,1405,292,1475,275
3,1396,268,1477,272
3,1404,256,1477,272
3,1420,279,1461,264
3,1432,285,1382,244
3,1429,283,1317,240
3,1430,286,1310,246
3,1431,273,1309,252
3,1409,277,1314,255
3,1419,282,1327,255
3,1416,277,1341,253
3,1423,288,1347,252
3,1421,293,1352,252
3,1408,292,1359,250
3,1398,292,1362,250
3,1407,297,1369,248
3,1391,314,1373,248
3,1390,319,1375,248
3,1377,315,1377,252
3,1356,319,1379,263
3,1359,314,1371,281
3,1317,311,1368,295
3,1311,326,1369,301
3,1300,315,1369,308
3,1277,279,1365,316
3,1270,297,1352,332
3,1282,309,1342,340
3,1285,293,1325,349
3,1262,290,1312,350
3,1239,290,1306,350
3,1237,296,1284,344
3,1248,296,1273,338
3,1254,268,1264,329
3,1240,297,1261,315
3,1246,297,1266,309
3,1252,302,1282,306
3,1213,300,1306,304
3,1231,324,1320,305
3,1226,329,1330,304
3,1220,327,1330,303
3,1201,327,1328,303
3,1216,350,1302,301
3,1186,348,1295,296
3,1161,353,1286,285
3,1143,339,1284,283
3,1140,338,1276,289
3,1116,318,1270,298
3,1097,322,1252,321
3,1130,313,1118,354
3,1137,324,1062,359
3,1138,337,1034,365
3,1132,320,1014,367
3,1128,328,988,374
3,1120,310,984,374
3,1114,279,984,374
3,1111,256,1046,367
3,1110,273,1084,360
3,1085,265,1088,359
3,1110,255,1102,353
3,1140,254,1126,347
3,1164,259,1151,336
3,1153,254,1159,325
3,1155,249,1154,289
3,1141,232,1152,272
3,1122,206,1152,265
3,1115,201,1151,263
3,1104,221,1148,257
3,1104,208,1145,248
3,1110,232,1149,238
3,1125,238,1152,231
3,1137,247,1152,230
3,1103,260,1135,240
3,1104,267,1106,260
3,1088,262,1088,270
3,1093,274,1087,274
3,1093,297,1095,287
3,1082,302,1150,316
3,1089,257,1183,317
3,1072,265,1192,315
3,1079,272,1188,283
3,1086,256,1183,261
3,1071,278,1182,257
3,1088,286,1160,256
3,1093,279,1139,256
3,1110,301,1104,261
3,1107,303,1084,266
3,1127,300,1080,267
3,1117,305,1080,267
3,1114,282,1080,269
3,1090,300,1080,269
3,1092,303,1082,270
3,1119,267,1099,274
3,1119,247,1134,275
3,1121,238,1138,277
3,1108,254,1138,280
3,1134,258,1136,290
3,1128,247,1133,300
3,1124,279,1134,301
3,1134,285,1148,299
3,1098,278,1165,298
3,1123,273,1185,298
3,1115,272,1198,298
3,1117,273,1200,296
3,1117,246,1204,291
3,1125,236,1197,281
3,1119,224,1177,268
3,1126,224,1163,264
3,1140,206,1144,264
3,1140,213,1132,270
3,1129,224,1130,273
3,1117,241,1130,285
3,1123,245,1130,304
3,1111,212,1134,310
3,1114,228,1150,311
3,1103,229,1183,296
3,1117,240,1192,266
3,1092,242,1158,208
3,1090,251,1145,198
3,1090,266,1139,182
3,1108,255,1125,162
3,1118,277,1102,129
3,1147,243,1100,121
3,1154,255,1105,129
3,1148,243,1122,183
3,1157,238,1133,232
3,1161,210,1141,256
3,1150,219,1140,272
3,1140,233,1136,293
3,1138,242,1126,330
3,1146,266,1128,347
3,1129,240,1134,362
3,1132,214,1134,370
3,1139,211,1134,372
3,1149,237,1134,372
3,1168,235,1128,357
3,1182,252,1134,327
3,1177,235,1146,303
3,1170,243,1156,273
3,1170,230,1163,247
3,1148,259,1168,235
3,1149,270,1176,227
3,1127,280,1178,227
3,1141,246,1180,223
3,1144,213,1180,219
3,1139,189,1167,216
3,1108,203,1150,216
3,1089,239,1129,230
3,1089,272,1110,247
3,1108,251,1105,259
3,1118,237,1108,262
3,1099,212,1117,263
3,1104,209,1134,259
3,1092,220,1138,251
3,1101,236,1123,241
3,1123,249,1109,241
3,1135,244,1099,241
3,1123,255,1096,242
3,1085,254,1093,242
3,1094,270,1093,242
3,1100,284,1093,242
3,1107,292,1102,244
3,1124,321,1117,248
3,1140,324,1120,248
3,1151,314,1120,248
3,1144,308,1120,248
3,1144,327,1119,248
3,1136,324,1118,243
3,1149,328,1118,234
3,1136,322,1118,232
3,1123,322,1118,231
3,1117,305,1117,235
3,1103,335,1117,248
3,1109,302,1124,258
3,1079,330,1127,269
3,1099,328,1128,275
3,1091,321,1128,275
3,1094,316,1121,276
3,1099,353,1117,278
3,1128,355,1112,291
3,1153,352,1109,304
3,1153,342,1101,332
3,1138,331,1097,340
3,1139,312,1095,343
3,1126,300,1091,346
3,1148,292,1076,361
3,1134,283,1075,362
3,1132,265,1087,364
3,1131,244,1120,364
3,1124,255,1158,347
3,1140,246,1153,330
3,1102,255,1149,322
3,1116,284,1146,315
3,1126,299,1142,307
3,1141,298,1134,299
3,1164,282,1130,296
3,1183,250,1125,294
3,1155,266,1125,294
3,1150,272,1125,293
3,1154,288,1124,293
3,1145,276,1124,293
3,1169,231,1124,301
3,1167,259,1128,302
3,1175,240,1137,302
3,1195,230,1153,295
3,1211,251,1161,286
3,1191,235,1175,255
3,1183,263,1182,215
3,1192,296,1180,202
3,1200,286,1177,198
3,1198,283,1176,198
3,1159,296,1173,200
3,1152,295,1168,204
3,1163,318,1165,210
3,1147,305,1162,221
3,1151,267,1165,235
3,1135,270,1171,244
3,1123,265,1172,247
3,1118,254,1167,249
3,1130,234,1154,254
3,1143,265,1151,259
3,1149,232,1148,261
3,1141,226,1146,261
3,1140,219,1140,260
3,1103,250,1139,251
3,1098,263,1147,238
3,1077,260,1152,235
3,1093,246,1148,233
3,1117,273,1112,219
3,1115,282,1096,214
3,1100,271,1096,214
3,1078,283,1097,218
3,1085,276,1097,225
3,1059,283,1097,235
3,1072,265,1095,246
3,1079,275,1096,252
3,1097,256,1103,254
3,1094,255,1107,255
3,1079,257,1107,255
3,1042,283,1105,256
3,1028,279,1095,257
3,1037,298,1093,257
3,1039,299,1093,257
3,1023,318,1093,257
3,1041,318,1096,257
3,1034,306,1105,256
3,1031,328,1108,251
3,1015,311,1108,247
3,1034,317,1098,247
3,1017,322,1075,259
3,1048,333,1043,321
3,1031,322,1024,380
3,1003,330,1028,396
3,1040,313,1029,398
3,1058,301,1029,403
3,1062,298,1010,416
3,1067,285,999,423
3,1061,293,998,423
3,1023,270,993,384
3,1028,273,1006,371
3,1022,278,1057,343
3,1004,282,1115,314
3,992,287,1132,282
3,1000,307,1123,246
3,1007,306,1111,227
3,990,314,1101,221
3,1002,293,1064,222
3,1016,269,1040,236
3,998,289,1033,250
3,1017,284,1028,259
3,1014,268,1020,268
3,977,262,1014,272
3,966,281,1014,272
3,986,306,1012,272
3,997,314,987,246
3,996,331,972,219
3,1016,340,972,217
3,996,352,972,217
3,1018,345,972,217
3,1017,330,972,217
3,1014,306,972,221
3,1019,278,972,229
3,987,268,986,241
3,946,267,1006,250
3,948,243,1033,262
3,940,220,1055,275
3,939,206,1062,279
3,950,212,1071,279
3,958,194,1078,276
3,994,188,1071,250
3,1019,162,1045,231
3,1004,162,1031,230
3,1004,149,1017,233
3,1017,145,1006,242
3,1038,159,1004,248
3,1041,160,1005,248
3,1053,177,1027,225
3,1057,180,1038,202
3,1014,170,1038,201
3,1037,184,1038,201
3,1035,176,1050,190
3,1058,156,1073,187
3,1088,107,1094,197
3,1087,82,1098,203
3,1070,69,1083,217
3,1092,75,1012,236
3,1106,54,997,239
3,1105,118,993,237
3,1128,131,993,232
3,1104,138,996,230
3,1098,113,1015,216
3,1083,122,1024,207
3,1078,110,1034,190
3,1079,86,1049,175
3,1053,89,1057,174
3,1035,92,1114,177
3,1017,105,1121,180
3,1006,105,1132,185
3,1003,98,1154,194
3,992,117,1219,184
3,965,133,1229,174
3,981,123,1214,153
3,989,143,1155,127
3,1020,146,1118,118
3,1014,125,1086,122
3,1020,130,1066,134
3,973,103,1033,150
3,960,118,1013,153
3,946,119,1004,153
3,974,132,1004,153
3,981,145,1000,139
3,960,155,999,108
3,954,177,999,104
3,945,168,984,94
3,960,179,936,92
3,941,175,910,95
3,953,170,910,95
3,950,178,909,105
3,938,175,909,129
3,926,193,916,142
3,936,189,933,166
3,915,181,939,173
3,933,187,969,199
3,924,208,978,203
3,912,206,995,204
3,886,213,998,204
3,901,220,1003,203
3,910,198,1005,203
3,938,198,1005,203
3,928,223,1005,203
3,952,225,1005,203
3,979,231,1005,203
3,1009,254,1005,203
3,990,269,967,203
3,966,260,850,199
3,995,240,844,203
3,1024,254,844,203
3,1063,236,857,205
3,1059,235,895,208
3,1062,256,911,208
3,1088,250,914,209
3,1093,234,916,233
3,1061,252,925,241
3,1029,268,938,248
3,1035,279,957,269
3,1021,270,969,280
3,1017,283,976,279
3,1027,289,985,252
3,1022,283,985,244
3,1006,309,985,238
3,1006,275,985,230
3,1029,294,986,227
3,1044,292,986,232
3,1040,270,989,252
3,1047,262,994,262
3,1043,250,997,267
3,1042,276,997,268
3,1068,279,997,269
3,1038,300,991,279
3,1044,292,988,292
3,1038,294,988,292
3,1021,300,988,292
3,1006,322,988,286
3,989,320,993,286
3,979,297,1017,292
3,982,329,1038,298
3,987,325,1046,296
3,987,326,1050,291
3,980,332,1050,289
3,965,317,1050,290
3,966,319,1034,302
3,955,296,1015,304
3,953,323,995,304
3,950,310,973,304
3,957,336,957,307
3,939,330,935,317
3,941,352,928,321
3,964,396,923,324
3,961,383,923,324
3,970,400,929,324
4,946,539,966,553
4,930,561,966,553
4,933,542,966,553
4,920,531,966,553
4,915,530,966,553
4,920,525,966,546
4,931,512,963,516
4,960,516,962,507
4,967,494,962,507
4,964,498,962,507
4,957,489,962,507
4,956,461,962,507
4,959,463,962,507
4,980,456,962,507
4,965,442,962,507
4,1006,403,962,507
4,976,428,962,507
4,979,397,962,507
4,979,410,962,507
4,1005,453,962,507
4,990,451,962,507
4,964,423,962,507
4,961,413,962,507
4,968,454,962,507
4,960,487,962,507
4,951,470,964,504
4,934,462,964,497
4,955,485,964,497
4,976,493,964,490
4,964,508,952,486
4,954,509,929,494
4,921,499,924,498
4,923,494,924,498
4,909,465,935,499
4,909,482,972,500
4,914,474,972,503
4,913,464,930,509
4,914,448,902,507
4,896,447,922,491
4,914,433,936,483
4,897,425,936,483
4,905,431,936,483
4,914,449,936,483
4,925,428,913,475
4,910,433,880,471
4,908,425,875,468
4,915,418,877,452
4,898,414,877,437
4,916,421,870,428
4,910,407,870,426
4,925,404,880,415
4,927,407,885,407
4,924,411,886,406
4,945,426,896,406
4,960,433,926,401
4,964,438,937,396
4,985,431,941,396
4,984,439,942,403
4,1008,450,938,413
4,992,472,935,419
4,988,465,933,427
4,992,467,935,429
4,985,483,949,429
4,973,486,956,425
4,981,517,956,425
4,950,514,956,427
4,944,540,969,439
4,921,535,977,457
4,911,543,976,493
4,903,531,968,516
4,880,503,966,537
4,880,495,966,543
4,896,514,954,550
4,933,507,936,556
4,924,491,925,550
4,899,497,905,526
4,909,489,911,511
4,919,495,940,495
4,920,471,968,478
4,892,432,973,476
4,901,456,973,475
4,933,455,992,471
4,930,450,995,470
4,961,435,994,471
4,918,435,973,472
4,909,430,953,468
4,909,441,945,454
4,924,421,922,435
4,918,427,921,434
4,925,434,940,433
4,926,441,951,426
4,909,445,940,421
4,922,443,922,416
4,889,452,921,416
4,890,453,924,410
4,891,476,927,409
4,871,467,925,409
4,854,467,918,409
4,861,458,918,409
4,870,447,918,428
4,887,421,908,458
4,903,421,883,492
4,881,415,851,513
4,904,425,825,522
4,897,448,808,525
4,913,465,795,528
4,919,442,798,525
4,918,461,828,486
4,902,465,837,467
4,882,470,858,459
4,879,467,873,457
4,880,486,887,458
4,872,483,908,465
4,859,479,916,465
4,878,482,916,468
4,868,476,905,477
4,881,477,891,485
4,906,481,874,487
4,910,479,859,487
4,901,471,848,481
4,925,488,845,474
4,925,479,853,460
4,925,477,882,453
4,943,489,892,451
4,926,487,901,449
4,909,517,909,449
4,920,512,910,449
4,918,506,910,449
4,907,474,927,450
4,871,493,929,459
4,833,483,923,473
4,821,467,909,484
4,829,447,909,486
4,788,467,909,488
4,782,469,906,496
4,764,477,899,497
4,735,484,897,496
4,745,478,893,493
4,705,472,883,491
4,690,469,860,490
4,681,476,823,494
4,664,482,760,502
4,662,490,732,505
4,638,485,729,505
4,623,492,725,506
4,597,489,724,506
4,574,481,724,506
4,585,486,718,508
4,625,460,697,508
4,634,460,697,508
4,622,471,688,508
4,649,469,659,510
4,653,464,626,514
4,629,467,570,514
4,626,448,525,516
4,656,429,510,516
4,686,449,496,516
4,673,476,495,516
4,674,499,504,512
4,703,476,556,498
4,701,487,600,492
4,704,470,615,491
4,708,490,666,486
4,702,491,686,484
4,706,478,702,484
4,712,485,702,484
4,702,514,717,484
4,703,501,749,482
4,718,501,749,482
4,711,495,722,484
4,730,490,709,491
4,721,497,713,491
4,717,501,714,491
4,719,495,715,495
4,732,479,720,499
4,716,477,746,501
4,686,460,782,501
4,672,458,803,501
4,650,440,819,501
4,629,458,844,501
4,617,466,852,501
4,641,475,853,501
4,657,482,853,501
4,654,487,819,501
4,671,487,746,493
4,653,457,738,489
4,661,444,708,483
4,662,428,682,480
4,672,448,679,480
4,673,449,677,484
4,677,427,669,496
4,704,432,664,503
4,692,427,664,503
4,682,405,663,503
4,697,360,672,503
4,703,379,677,497
4,696,374,689,465
4,677,356,695,441
4,689,336,700,424
4,695,363,695,400
4,696,356,683,381
4,689,354,674,364
4,697,340,666,341
4,682,344,663,326
4,680,365,661,320
4,676,363,661,320
4,669,342,661,320
4,662,351,661,320
4,662,335,661,320
4,688,320,660,328
4,685,296,661,331
4,703,302,662,334
4,686,272,670,340
4,695,271,687,361
4,677,297,692,374
4,674,290,699,389
4,707,295,707,396
4,720,298,707,396
4,728,291,691,373
4,735,279,658,327
4,733,258,661,293
4,694,261,665,277
4,661,272,665,268
4,659,258,666,266
4,638,258,675,266
4,632,267,712,276
4,648,276,720,285
4,625,264,723,294
4,636,266,723,296
4,611,264,680,285
4,586,245,647,271
4,616,245,661,267
4,601,256,664,267
4,613,263,663,266
4,618,264,636,266
4,634,277,607,268
4,647,261,596,269
4,642,280,561,270
4,627,260,537,272
4,629,246,496,273
4,609,224,496,274
4,633,211,496,274
4,616,190,504,274
4,638,196,523,265
4,664,202,539,249
4,659,202,559,231
4,637,204,567,219
4,648,203,571,208
4,643,208,581,201
4,648,188,608,195
4,653,162,672,195
4,659,173,700,195
4,671,178,704,199
4,664,209,691,216
4,665,207,680,223
4,676,223,671,224
4,690,253,654,226
4,688,255,636,228
4,674,274,658,228
4,687,255,701,223
4,676,242,702,222
4,672,254,702,222
4,700,249,700,227
4,705,239,695,257
4,724,222,702,295
4,756,226,711,333
4,746,219,693,373
4,721,224,668,404
4,714,210,657,417
4,769,229,644,397
4,770,234,638,368
4,759,228,652,344
4,758,248,686,322
4,722,255,716,298
4,694,257,720,281
4,709,258,712,255
4,717,259,710,244
4,718,281,711,236
4,733,294,724,230
4,733,277,725,229
4,725,275,727,236
4,750,284,742,276
4,747,295,753,305
4,760,267,759,329
4,745,294,756,341
4,744,302,752,346
4,748,334,749,347
4,758,340,718,349
4,769,308,707,349
4,755,318,705,346
4,756,292,717,330
4,762,308,743,320
4,747,285,764,316
4,717,304,788,316
4,700,282,808,324
4,722,302,815,340
4,739,280,816,355
4,744,302,816,364
4,728,290,815,370
4,739,297,799,372
4,713,264,775,369
4,733,281,757,347
4,714,287,755,317
4,733,291,756,305
4,739,305,751,273
4,758,291,732,247
4,768,268,725,244
4,771,265,719,243
4,762,244,717,243
4,792,236,715,243
4,780,236,714,243
4,763,230,709,242
4,781,211,696,246
4,791,233,692,248
4,792,256,692,248
4,802,279,703,256
4,758,280,734,265
4,781,280,736,266
4,762,292,739,265
4,766,283,740,254
4,761,287,752,247
4,759,285,773,255
4,797,274,793,274
4,814,244,796,287
4,799,250,794,325
4,811,226,778,342
4,804,210,765,358
4,778,199,761,379
4,764,202,772,400
4,790,191,783,400
4,785,166,815,390
4,776,183,832,358
4,788,184,840,333
4,788,196,816,299
4,751,190,791,292
4,788,175,758,294
4,784,182,749,297
4,747,180,745,298
4,740,207,764,287
4,728,221,779,273
4,748,211,784,266
4,741,185,784,264
4,729,163,785,263
4,717,140,785,262
4,691,141,785,261
4,691,142,785,261
4,674,139,785,261
4,671,144,785,261
4,695,133,791,258
4,687,131,804,256
4,703,120,810,252
4,688,88,821,229
4,650,82,814,211
4,666,57,771,204
4,653,102,668,200
4,676,133,653,200
4,681,142,653,200
4,678,132,656,200
4,651,148,655,199
4,644,157,645,189
4,642,154,648,170
4,655,160,681,160
4,672,166,724,157
4,665,151,753,152
4,678,170,770,143
4,700,180,777,146
4,731,179,762,164
4,740,191,701,172
4,751,190,685,171
4,733,156,645,148
4,748,172,632,138
4,761,181,646,139
4,790,184,690,162
4,782,188,718,182
4,743,190,742,199
4,756,187,758,214
4,760,184,792,241
4,745,175,813,253
4,735,183,831,258
4,734,188,853,260
4,739,180,864,256
4,738,189,863,238
4,748,181,838,216
4,775,181,805,201
4,805,160,771,204
4,795,165,746,211
4,790,174,726,219
4,780,153,706,229
4,764,158,706,232
4,776,130,716,234
4,787,125,748,234
4,767,85,761,229
4,771,88,763,226
4,759,86,760,223
4,765,106,754,222
4,751,123,754,222
4,761,156,754,222
4,768,161,748,223
4,787,151,744,226
4,767,173,744,226
4,781,167,749,221
4,744,179,767,207
4,721,198,780,193
4,714,197,782,177
4,711,194,758,169
4,713,192,719,172
4,720,183,711,179
4,715,156,715,181
4,745,134,716,181
4,769,136,719,183
4,768,119,720,194
4,769,118,712,213
4,782,110,707,225
4,795,91,706,232
4,775,69,717,237
4,774,77,795,235
4,755,112,828,224
4,790,123,834,208
4,784,117,826,199
4,782,117,808,187
4,765,122,798,181
4,782,128,792,180
4,792,139,770,184
4,774,120,759,187
4,783,115,759,188
4,801,108,761,188
4,820,95,766,189
4,828,81,781,181
4,827,70,787,176
4,841,68,788,170
4,855,113,756,150
4,859,156,743,140
4,822,124,742,133
4,805,114,742,122
4,833,127,748,110
4,820,163,753,107
4,831,183,758,110
4,831,184,778,140
4,837,190,793,201
4,805,202,793,202
4,795,174,793,202
4,785,191,793,207
4,792,211,801,219
4,791,215,808,224
4,764,236,820,226
4,798,243,826,227
4,779,222,826,227
4,779,239,825,227
4,771,210,802,219
4,763,187,773,219
4,777,168,757,219
4,772,175,757,219
4,750,150,757,219
4,749,130,757,219
4,763,123,757,219
4,750,113,757,219
4,747,126,758,219
4,753,119,775,219
4,762,117,778,219
4,750,112,786,214
4,755,137,792,213
4,765,126,798,209
4,763,127,798,207
4,735,122,767,183
4,718,140,761,181
4,689,115,759,178
4,673,91,758,178
4,639,108,749,178
4,647,155,746,182
4,662,169,751,184
4,646,178,779,185
4,622,195,786,172
4,628,189,733,149
4,606,167,642,143
4,619,133,601,159
4,655,139,593,166
4,654,132,584,185
4,640,136,580,215
4,637,133,579,246
4,640,125,593,287
4,641,112,606,295
4,622,102,613,296
4,630,88,619,289
4,655,108,625,257
4,651,101,633,216
4,648,88,651,201
4,647,78,658,191
4,668,95,657,179
4,649,81,638,163
4,615,96,633,161
4,631,95,633,161
4,629,111,633,161
4,633,112,633,161
4,636,123,633,161
4,639,139,633,161
4,635,142,632,163
4,637,120,607,140
4,659,152,577,142
4,648,160,528,160
4,632,185,507,151
4,654,157,501,138
4,641,136,504,137
4,644,159,557,146
4,658,153,634,152
4,638,163,652,148
4,636,158,658,146
4,663,173,676,146
4,686,157,686,147
4,692,141,687,147
4,707,141,681,151
4,678,145,672,172
4,696,142,673,192
4,670,140,679,207
4,687,111,679,210
4,687,110,679,210
4,673,80,676,187
4,670,111,668,164
4,673,105,667,162
4,665,113,658,175
4,660,123,653,194
4,649,148,660,212
4,627,185,684,225
4,637,197,707,223
4,642,180,724,203
4,654,172,713,180
4,631,179,704,180
4,647,179,684,200
4,641,199,672,225
4,632,175,672,247
4,612,183,676,250
4,596,181,679,250
4,554,191,670,246
4,561,176,646,232
4,571,203,637,226
4,575,174,621,217
4,544,176,607,220
4,540,147,581,234
4,549,163,557,250
4,550,157,534,261
4,544,166,533,262
4,522,170,532,270
4,534,186,550,298
4,512,188,566,309
4,522,207,586,307
4,528,204,611,289
4,526,209,616,280
4,511,207,618,267
4,523,234,606,258
4,534,243,572,238
4,511,253,548,237
4,523,261,536,238
4,524,270,533,240
4,518,222,533,240
4,497,195,533,247
4,490,169,534,263
4,514,164,537,266
4,522,153,539,266
4,520,170,553,264
4,483,174,567,254
4,518,175,569,247
4,491,176,569,241
4,493,159,573,235
4,524,170,571,220
4,518,173,555,187
4,502,166,533,155
4,527,172,533,155
4,526,188,519,170
4,520,185,512,182
4,507,172,504,186
4,508,153,497,186
4,522,159,477,175
4,532,152,464,170
4,543,160,463,162
4,519,154,466,154
4,519,152,468,152
4,510,149,477,156
4,501,145,500,165
4,501,153,518,157
4,525,142,517,130
4,493,124,512,100
4,474,145,513,88
4,513,144,506,75
4,516,160,481,61
4,527,154,449,58
4,513,141,440,58
4,522,165,437,61
4,495,139,436,69
4,501,126,448,81
4,487,127,461,87
4,503,139,464,87
4,502,157,464,91
4,497,178,469,114
4,527,192,474,129
4,503,171,483,141
4,481,165,491,151
4,487,162,502,159
4,513,170,510,167
4,511,173,520,174
4,492,167,532,183
4,497,195,546,192
4,499,195,553,198
4,504,211,566,219
4,489,205,574,233
4,521,174,576,243
4,513,159,576,251
4,528,171,573,259
4,534,196,570,267
4,526,183,565,272
4,515,184,560,273
4,511,159,528,237
4,519,147,527,230
4,524,137,537,235
4,534,120,556,248
4,527,124,558,250
4,528,98,558,250
4,541,94,557,250
4,532,64,544,243
4,530,93,523,221
4,537,111,517,201
4,554,112,511,188
4,549,99,510,174
4,538,80,518,148
4,515,88,521,114
4,536,77,521,104
4,522,115,530,93
4,516,123,544,85
4,508,93,547,83
4,496,71,547,83
4,475,64,546,109
4,517,78,547,125
4,521,61,547,126
4,510,102,547,126
4,515,110,520,112
4,501,115,474,92
4,483,96,453,85
4,531,116,446,87
4,537,117,443,91
4,519,130,443,91
4,503,158,444,85
4,512,144,454,57
4,511,152,452,44
4,541,160,440,42
4,528,151,426,45
4,508,161,423,52
4,485,134,418,59
4,477,157,415,63
4,498,190,415,66
4,478,208,446,92
4,531,219,520,123
4,528,204,563,144
4,544,211,578,151
4,536,229,578,151
4,543,231,573,156
4,547,260,573,167
4,556,248,577,174
4,552,242,578,184
4,558,272,572,197
4,546,248,555,229
4,519,267,550,247
4,522,270,550,255
4,527,273,549,263
4,531,271,546,272
4,531,274,543,279
4,511,301,541,303
4,541,286,552,323
4,548,313,566,332
4,569,309,581,329
4,547,303,586,309
4,544,321,549,261
4,542,323,523,217
4,543,318,516,209
4,527,340,512,213
4,539,341,510,228
4,536,330,516,290
4,549,331,539,351
4,539,305,559,388
4,534,299,575,415
4,534,324,591,440
4,532,325,600,460
4,513,336,600,472
4,537,348,592,481
4,533,350,580,479
4,528,343,559,455
4,506,351,551,424
4,513,345,553,383
4,519,357,557,365
4,526,369,557,364
4,524,361,544,340
4,518,347,519,299
4,471,312,515,292
4,538,304,514,292
4,518,279,514,292
4,523,265,509,306
4,518,267,504,326
4,508,244,504,328
4,512,240,504,328
4,534,239,504,328
4,533,240,504,328
4,539,273,504,328
4,551,290,504,328
4,524,304,504,328
4,525,318,499,322
4,552,326,497,304
4,551,306,495,285
4,553,297,505,262
4,555,306,524,254
4,541,307,541,254
4,519,322,564,264
4,504,325,577,289
4,481,326,581,318
4,512,320,578,343
4,502,332,569,350
4,485,328,562,350
4,510,337,549,335
4,504,355,544,319
4,484,376,541,310
4,510,391,535,266
4,509,397,543,224
4,495,374,549,213
4,525,383,564,229
4,530,374,598,265
4,533,366,619,278
4,539,372,624,280
4,551,358,602,298
4,544,332,557,324
4,523,312,496,387
4,515,307,491,433
4,507,323,501,466
4,501,300,509,492
4,491,293,511,498
4,484,291,511,498
4,497,271,515,498
4,513,259,534,476
4,508,273,545,438
4,535,298,542,426
4,532,298,537,415
4,546,300,526,384
4,522,324,510,331
4,527,314,509,322
4,521,324,517,312
4,542,310,552,288
4,524,316,590,260
4,544,321,590,256
4,528,318,584,258
4,553,292,584,265
4,574,326,586,274
4,565,339,589,283
4,560,340,585,291
4,582,372,578,297
4,572,350,571,298
4,575,342,569,299
4,571,346,569,299
4,570,345,568,296
4,579,328,566,288
4,571,318,566,291
4,586,325,582,341
4,568,331,590,381
4,559,344,592,396
4,569,332,593,398
4,551,323,593,398
4,552,330,583,376
4,542,291,563,335
4,566,293,549,304
4,579,292,536,285
4,585,298,536,285
4,571,281,550,340
4,592,274,560,355
4,570,267,561,356
4,541,258,561,356
4,530,277,564,351
4,573,274,564,332
4,568,271,564,326
4,561,252,570,325
4,602,268,591,321
4,603,255,605,314
4,597,239,606,307
4,595,231,584,296
4,560,245,559,296
4,569,219,548,296
4,596,217,545,296
4,574,206,539,280
4,596,192,537,271
4,602,194,536,263
4,650,163,536,262
4,659,172,535,262
4,649,172,534,273
4,630,167,546,294
4,628,173,560,306
4,610,204,566,309
4,605,198,571,309
4,599,218,592,285
4,601,178,619,225
4,612,171,631,171
4,617,172,632,138
4,638,154,625,127
4,627,156,621,124
4,619,176,602,124
4,610,198,576,131
4,633,216,552,141
4,634,183,540,146
4,613,198,535,152
4,610,201,528,158
4,613,194,520,164
4,609,209,517,172
4,615,192,517,172
4,603,189,527,169
4,599,174,605,110
4,602,171,613,89
4,587,158,614,81
4,609,150,614,80
4,604,139,611,69
4,613,131,549,54
4,623,145,519,60
4,630,154,490,100
4,619,149,502,125
4,627,152,538,145
4,619,150,566,156
4,641,130,608,158
4,653,106,616,143
4,649,97,612,117
4,645,87,596,101
4,625,69,584,97
4,631,79,584,97
4,646,81,584,97
4,637,101,584,101
4,625,120,603,116
4,621,95,625,123
4,599,106,634,123
4,589,111,656,104
4,562,108,658,77
4,569,130,642,70
4,600,172,618,68
4,587,149,600,78
4,605,150,590,95
4,577,137,585,110
4,604,111,584,121
4,614,97,584,141
4,616,91,592,173
4,609,93,619,220
4,606,106,635,245
4,583,101,638,248
4,599,103,644,255
4,594,103,647,262
4,574,90,648,264
4,550,117,648,264
4,535,116,571,216
4,527,126,550,186
4,508,146,544,161
4,492,153,547,150
4,489,152,552,140
4,528,147,553,130
4,514,159,550,118
4,542,175,549,115
4,543,152,549,115
4,535,164,549,115
4,507,152,549,115
4,507,167,554,157
4,506,174,558,178
4,544,164,558,201
4,575,133,557,209
4,551,125,555,224
4,546,153,555,231
4,539,138,552,237
4,545,134,542,242
4,554,135,530,245
4,525,125,521,245
4,538,145,521,238
4,540,156,540,225
4,531,183,553,219
4,512,197,564,212
4,513,205,574,202
4,522,218,589,189
4,540,194,590,176
4,580,165,589,169
4,582,172,575,172
4,603,177,558,198
4,597,167,558,225
4,593,172,568,251
4,636,158,586,280
4,616,129,593,290
4,608,113,597,297
4,579,131,601,304
4,561,143,601,304
4,541,148,601,304
4,562,140,602,294
4,570,119,596,254
4,538,128,587,235
4,560,120,580,227
4,552,95,571,223
4,553,102,564,223
4,559,125,562,223
4,557,117,561,223
4,523,129,561,223
4,543,139,571,191
4,538,134,571,170
4,542,134,571,158
4,525,142,572,148
4,543,153,575,136
4,551,146,571,125
4,568,137,548,125
4,573,150,536,139
4,563,155,531,176
4,596,165,533,190
4,600,186,536,191
4,576,177,540,194
4,591,191,551,194
4,599,171,574,194
4,569,155,582,192
4,568,144,589,188
4,559,126,589,188
4,556,156,589,185
4,524,150,588,182
4,531,140,582,167
4,540,147,581,154
4,529,151,581,143
4,534,169,582,125
4,536,186,583,118
4,542,210,583,118
4,548,214,582,118
4,576,247,555,128
4,591,248,553,136
4,600,237,559,144
4,617,234,566,157
4,623,226,579,187
4,623,246,601,236
4,647,268,611,245
4,683,251,631,258
4,655,292,642,266
4,680,270,644,267
4,645,277,644,267
4,611,242,654,249
4,610,236,656,245
4,613,247,656,245
4,583,247,661,245
4,598,216,670,255
4,585,188,679,264
4,565,203,683,279
4,532,180,683,298
4,520,176,675,307
4,506,170,664,307
4,500,183,647,294
4,485,199,636,278
4,501,223,625,242
4,492,208,622,200
4,534,197,621,178
4,528,179,614,159
4,486,183,605,160
4,515,197,596,207
4,520,218,599,214
4,523,189,599,214
4,516,172,561,218
4,469,156,541,222
4,523,156,534,223
4,531,166,527,225
4,564,144,517,227
4,547,140,483,228
4,500,127,479,228
4,471,109,479,228
4,525,132,482,220
4,495,116,493,207
4,513,123,521,192
4,504,119,538,190
4,517,121,548,188
4,556,109,550,181
4,566,99,540,173
4,548,115,509,164
4,563,112,479,148
4,548,98,464,132
4,540,93,464,129
4,540,109,467,127
4,545,102,484,124
4,543,148,513,112
4,519,164,534,108
4,535,179,546,114
4,533,168,546,116
4,540,156,540,129
4,547,164,535,137
4,527,145,530,156
4,532,161,530,199
4,553,153,538,300
4,578,156,542,313
4,570,165,542,313
4,556,172,547,307
4,547,148,561,289
4,549,142,563,264
4,540,127,542,204
4,535,126,527,173
4,538,145,524,161
4,533,136,523,160
4,534,148,525,165
4,561,161,542,183
4,555,190,555,188
4,560,186,559,188
4,571,164,563,167
4,586,129,554,137
4,611,110,536,113
4,615,131,534,110
4,617,132,534,122
4,624,111,573,208
4,626,106,590,246
4,636,125,596,254
4,634,120,596,254
4,634,84,605,250
4,640,81,623,211
4,597,89,625,178
4,624,87,620,160
4,619,80,619,159
4,631,68,618,162
4,610,89,621,211
4,608,82,637,264
4,626,76,639,266
4,606,81,640,263
4,604,79,639,226
4,601,94,611,161
4,609,121,600,141
4,614,109,591,128
4,626,109,588,126
4,633,119,585,126
4,652,109,579,137
4,652,143,587,165
4,670,139,601,187
4,694,137,613,200
4,698,134,619,206
4,694,169,620,206
4,697,171,622,206
4,703,199,632,185
4,701,175,635,176
4,706,203,642,176
4,695,211,673,190
4,697,187,731,205
4,679,189,756,205
4,677,180,757,205
4,685,169,757,205
4,695,188,752,210
4,698,174,720,226
4,697,160,689,237
4,711,162,677,243
4,706,172,674,243
4,705,192,675,231
4,731,176,675,206
4,735,187,676,192
4,748,196,676,192
4,779,181,689,208
4,776,181,697,229
4,744,173,702,243
4,756,187,703,254
4,743,196,698,258
4,742,193,698,258
4,712,181,733,246
4,714,204,765,238
4,698,207,774,232
4,700,230,774,222
4,700,268,748,196
4,713,296,736,193
4,738,303,729,195
4,751,288,720,201
4,749,280,715,211
4,743,286,711,219
4,733,285,712,233
4,765,297,718,247
4,798,304,734,263
4,815,314,742,270
4,798,308,749,273
4,777,288,756,276
4,805,303,760,277
4,807,296,765,277
4,793,289,773,274
4,779,295,780,270
4,784,289,781,270
4,781,281,787,280
4,768,318,796,299
4,774,315,800,310
4,781,322,801,320
4,776,292,793,328
4,793,323,777,332
4,796,332,764,330
4,784,323,751,323
4,794,304,748,322
4,798,307,747,321
4,797,310,747,321
4,786,335,746,322
4,777,315,720,356
4,789,288,713,374
4,776,281,713,374
4,792,303,713,374
4,793,313,742,374
4,802,306,774,369
4,813,295,790,358
4,780,288,794,326
4,777,284,784,287
4,762,285,780,272
4,755,267,776,266
4,742,287,776,266
4,762,307,781,268
4,722,316,794,277
4,723,334,811,286
4,725,296,818,290
4,744,259,827,295
4,747,252,832,297
4,779,247,832,298
4,789,245,828,299
4,803,238,806,302
4,792,218,786,311
4,783,221,766,322
4,783,191,762,324
4,792,200,762,322
4,786,203,763,306
4,762,207,770,292
4,780,220,786,288
4,771,212,803,283
4,782,207,817,274
4,799,202,819,254
4,730,224,783,206
4,737,208,760,197
4,752,213,755,199
4,738,218,751,210
4,725,213,749,216
4,727,239,749,216
4,760,256,748,214
4,784,260,745,214
4,791,265,739,234
4,793,274,734,256
4,787,303,732,267
4,781,282,754,284
4,763,289,785,306
4,772,270,797,317
4,772,266,804,323
4,747,250,811,331
4,758,251,813,332
4,756,263,813,332
4,766,247,813,331
4,758,271,807,323
4,751,235,794,310
4,743,238,794,310
4,743,252,792,303
4,743,253,784,295
4,718,254,780,286
4,731,237,783,266
4,743,243,783,241
4,739,227,773,235
4,744,228,764,235
4,757,228,746,245
4,787,247,729,251
4,802,261,700,255
4,811,275,695,254
4,787,262,726,241
4,757,250,749,237
4,724,216,783,242
4,726,217,802,260
4,761,195,809,269
4,780,201,818,292
4,762,176,824,317
4,764,137,821,350
4,774,150,821,368
4,791,151,821,371
4,807,154,821,371
4,798,171,822,371
4,777,196,829,332
4,775,186,829,296
4,750,194,815,268
4,724,179,803,252
4,738,182,800,234
4,716,177,803,216
4,713,188,819,181
4,686,199,820,176
4,667,204,830,183
4,672,207,828,201
4,664,210,783,218
4,643,223,738,220
4,639,233,724,221
4,642,210,710,225
4,652,212,697,229
4,631,194,671,243
4,648,202,639,282
4,664,185,631,314
4,647,192,630,323
4,645,183,630,323
4,685,190,630,323
4,668,176,632,324
4,673,177,669,291
4,719,165,666,247
4,711,184,664,245
4,692,168,664,245
4,664,158,678,226
4,665,141,698,210
4,666,150,698,210
4,660,148,698,210
5,962,530,963,540
5,959,527,963,540
5,976,523,963,540
5,984,533,963,540
5,969,522,963,540
5,964,495,963,540
5,956,481,963,540
5,964,466,960,540
5,965,486,948,534
5,943,478,945,533
5,974,478,945,533
5,964,483,957,526
5,979,458,970,522
5,948,483,979,516
5,944,467,983,514
5,959,468,973,508
5,933,476,942,506
5,909,449,936,506
5,905,460,934,506
5,910,475,950,486
5,885,473,960,477
5,896,470,960,477
5,876,468,960,477
5,875,480,960,477
5,879,496,960,477
5,859,494,954,472
5,853,453,947,470
5,845,424,926,476
5,836,426,912,480
5,825,443,855,499
5,834,441,831,526
5,851,462,830,531
5,856,440,824,519
5,851,437,766,462
5,865,447,750,455
5,863,450,743,455
5,844,447,736,454
5,852,451,760,435
5,860,450,766,425
5,862,444,773,419
5,850,436,786,418
5,881,443,815,417
5,887,484,822,416
5,882,486,823,415
5,904,468,827,420
5,907,455,839,430
5,907,452,843,431
5,899,468,848,431
5,929,489,868,443
5,952,482,899,461
5,953,452,921,468
5,982,443,927,470
5,999,459,939,468
5,982,445,946,464
5,975,452,950,457
5,942,474,950,453
5,948,491,952,439
5,978,487,954,432
5,976,493,958,425
5,972,478,968,421
5,951,491,985,420
5,981,503,1000,420
5,972,528,1001,421
5,999,547,1003,430
5,1009,530,1003,451
5,991,513,1005,467
5,984,503,1007,474
5,1021,491,1005,478
5,1022,495,988,483
5,1039,487,970,492
5,1087,468,969,494
5,1041,475,969,494
5,1041,481,988,494
5,1054,496,1037,499
5,1035,500,1052,489
5,1030,490,1071,471
5,1027,522,1079,467
5,1008,513,1083,464
5,1020,516,1097,472
5,1028,517,1104,486
5,1022,491,1104,512
5,1045,492,1099,526
5,1044,510,1093,534
5,1051,508,1079,534
5,1040,499,1061,534
5,1048,511,1052,530
5,1053,515,1045,522
5,1035,508,1041,508
5,1038,529,1044,495
5,1025,555,1055,483
5,1043,571,1065,475
5,1083,576,1077,470
5,1097,595,1085,468
5,1069,614,1094,468
5,1055,603,1104,468
5,1051,618,1116,468
5,1033,626,1116,468
5,1038,651,1102,454
5,1033,672,1091,448
5,1042,688,1087,452
5,1038,705,1077,485
5,1052,695,1062,533
5,1069,676,1051,575
5,1063,657,1036,606
5,1074,665,1024,674
5,1108,662,1017,755
5,1117,655,1007,787
5,1121,652,996,817
5,1137,626,996,818
5,1119,645,996,818
5,1116,606,1033,754
5,1107,611,1068,694
5,1116,626,1096,663
5,1124,618,1124,644
5,1115,597,1150,608
5,1072,594,1153,582
5,1062,602,1150,575
5,1091,588,1141,576
5,1112,605,1131,579
5,1110,584,1128,580
5,1104,590,1105,583
5,1115,570,1103,584
5,1122,595,1095,582
5,1122,587,1084,576
5,1147,579,1079,574
5,1152,571,1077,579
5,1183,575,1079,584
5,1188,571,1082,585
5,1177,602,1093,589
5,1178,628,1129,593
5,1205,633,1137,588
5,1192,642,1160,573
5,1205,643,1178,563
5,1217,643,1191,568
5,1237,630,1197,584
5,1234,636,1206,620
5,1213,644,1210,634
5,1212,635,1211,642
5,1208,650,1211,653
5,1201,667,1210,656
5,1195,692,1211,657
5,1186,703,1244,636
5,1180,694,1252,624
5,1168,732,1247,621
5,1164,716,1224,621
5,1173,732,1191,627
5,1193,726,1175,628
5,1178,725,1175,628
5,1151,734,1182,613
5,1168,733,1181,608
5,1166,738,1169,610
5,1176,717,1144,635
5,1185,733,1140,669
5,1151,716,1155,723
5,1156,746,1155,745
5,1121,731,1149,782
5,1120,718,1141,809
5,1131,719,1140,818
5,1109,697,1140,822
5,1130,680,1140,818
5,1122,693,1121,759
5,1151,719,1101,694
5,1143,739,1098,657
5,1116,724,1092,629
5,1090,736,1082,602
5,1081,744,1059,577
5,1090,740,1051,559
5,1088,723,1057,546
5,1087,766,1088,556
5,1075,767,1112,580
5,1100,734,1124,609
5,1093,723,1121,633
5,1057,711,1096,658
5,1050,712,1079,671
5,1032,728,1072,675
5,1019,736,1062,689
5,1017,744,1058,729
5,1015,748,1065,743
5,1006,745,1076,762
5,1009,741,1081,769
5,1023,714,1081,764
5,1012,724,1078,762
5,1013,712,1078,762
5,997,705,1078,754
5,971,696,1069,735
5,965,674,1062,729
5,976,666,1062,717
5,969,672,1064,701
5,996,701,1064,700
5,1032,699,1038,709
5,1029,711,984,714
5,1024,714,899,665
5,1028,717,880,641
5,1043,732,881,624
5,1058,744,884,619
5,1015,725,944,646
5,1031,705,994,673
5,1033,716,995,673
5,1015,715,1002,680
5,996,708,1038,701
5,996,715,1050,703
5,974,706,1054,703
5,1009,714,1065,700
5,989,710,1071,693
5,957,716,1068,685
5,923,709,1035,677
5,946,728,1020,677
5,949,737,1017,677
5,916,722,1016,677
5,922,697,1012,679
5,943,691,1009,679
5,932,719,997,668
5,941,703,983,654
5,911,721,976,649
5,889,704,975,648
5,884,697,975,648
5,886,695,972,651
5,874,706,967,656
5,842,695,967,666
5,846,670,969,672
5,854,654,966,677
5,878,688,938,682
5,888,679,908,687
5,875,675,892,691
5,866,668,883,691
5,882,649,862,675
5,877,630,859,642
5,857,582,859,611
5,852,558,870,600
5,819,557,882,594
5,811,561,896,593
5,810,547,919,595
5,809,538,934,595
5,820,520,953,571
5,787,532,947,546
5,766,524,902,491
5,742,540,843,439
5,732,568,823,422
5,710,560,790,409
5,699,595,782,416
5,713,594,774,431
5,716,592,769,445
5,692,612,765,461
5,702,615,763,475
5,682,598,761,495
5,680,604,762,505
5,698,631,763,520
5,686,637,754,553
5,708,633,742,563
5,704,662,733,563
5,695,667,728,563
5,681,662,725,562
5,706,654,721,570
5,721,643,720,603
5,730,629,719,609
5,720,628,719,615
5,719,627,713,631
5,700,613,707,666
5,688,622,697,698
5,716,618,691,709
5,724,632,691,709
5,714,640,691,709
5,706,637,701,678
5,679,639,708,601
5,669,622,709,594
5,677,665,709,594
5,670,664,709,593
5,652,634,720,545
5,664,640,723,527
5,640,650,723,529
5,634,641,715,557
5,644,653,712,579
5,671,637,714,602
5,682,633,718,625
5,668,624,719,627
5,639,621,712,621
5,646,634,695,612
5,650,608,695,612
5,666,621,695,612
5,674,621,695,612
5,697,644,694,609
5,752,638,686,592
5,773,608,685,580
5,739,614,685,566
5,723,640,683,558
5,729,639,681,554
5,736,647,680,553
5,754,659,694,557
5,763,666,769,584
5,759,662,791,593
5,755,658,798,596
5,754,656,815,610
5,762,653,824,629
5,750,643,831,642
5,767,627,831,642
5,747,622,831,642
5,745,613,825,651
5,704,615,819,657
5,681,621,812,663
5,664,621,811,663
5,662,631,809,656
5,645,593,812,644
5,643,612,800,622
5,659,629,770,608
5,654,616,746,612
5,664,604,716,639
5,669,615,701,640
5,691,617,674,618
5,680,627,664,615
5,675,652,656,616
5,666,651,646,616
5,677,638,643,612
5,690,598,643,602
5,676,588,652,594
5,665,582,671,590
5,637,573,695,590
5,610,600,710,590
5,616,635,721,591
5,643,623,726,591
5,641,600,729,589
5,621,613,729,589
5,619,628,709,585
5,593,622,682,582
5,595,606,679,593
5,601,618,690,622
5,584,613,716,646
5,554,626,724,653
5,557,625,724,653
5,533,630,724,654
5,550,623,712,653
5,545,611,638,631
5,575,582,605,615
5,555,585,604,608
5,534,607,602,606
5,549,583,586,603
5,541,591,559,603
5,529,569,545,603
5,552,549,537,607
5,561,546,535,607
5,532,528,532,607
5,527,537,525,607
5,563,538,512,607
5,559,536,505,607
5,580,549,524,592
5,569,543,559,555
5,565,557,555,535
5,562,551,554,516
5,567,552,537,468
5,551,537,502,416
5,554,526,499,412
5,538,532,527,432
5,505,511,568,449
5,474,515,601,454
5,515,519,617,463
5,526,551,621,481
5,543,547,619,500
5,549,549,562,524
5,538,555,501,523
5,526,524,495,520
5,505,523,495,520
5,507,545,496,520
5,529,532,505,520
5,530,540,507,519
5,534,529,511,519
5,535,510,523,526
5,546,505,556,553
5,550,509,563,566
5,552,484,563,569
5,568,475,578,561
5,581,477,609,519
5,589,481,619,490
5,591,491,617,489
5,593,483,587,489
5,599,488,551,489
5,600,459,560,466
5,575,465,581,430
5,590,460,599,363
5,573,444,613,308
5,569,446,619,296
5,541,440,626,304
5,543,442,633,330
5,532,450,632,372
5,515,466,605,438
5,509,466,569,478
5,494,470,549,501
5,493,482,549,501
5,495,474,546,503
5,486,467,540,512
5,516,466,536,531
5,549,460,544,535
5,537,449,567,536
5,549,433,584,524
5,546,434,596,480
5,563,441,570,445
5,562,437,555,434
5,572,460,549,430
5,535,482,559,393
5,540,462,589,349
5,516,493,596,338
5,525,510,595,340
5,526,513,594,366
5,535,498,598,373
5,533,502,599,380
5,539,480,596,392
5,549,456,582,414
5,540,453,574,428
5,549,459,574,428
5,541,422,574,428
5,525,420,572,436
5,532,420,571,440
5,530,414,571,438
5,516,429,607,398
5,505,442,653,349
5,503,473,654,348
5,513,502,632,360
5,561,497,567,374
5,573,490,546,373
5,600,513,526,372
5,579,530,526,372
5,557,530,533,388
5,583,514,549,405
5,605,516,607,443
5,604,512,667,462
5,617,533,690,467
5,636,544,688,480
5,654,546,640,515
5,659,561,624,525
5,636,563,620,525
5,611,574,602,525
5,622,565,594,525
5,623,555,589,527
5,651,544,589,527
5,664,531,600,529
5,679,518,647,549
5,672,535,662,555
5,688,530,673,557
5,687,509,694,560
5,669,508,702,560
5,671,542,706,560
5,663,549,710,555
5,630,537,724,531
5,638,533,736,512
5,641,547,749,489
5,654,550,750,482
5,669,527,746,482
5,658,534,692,496
5,652,546,639,500
5,621,558,639,500
5,643,545,683,502
5,661,562,703,504
5,664,579,703,504
5,687,575,701,507
5,682,574,701,507
5,694,565,737,508
5,710,552,739,508
5,711,536,714,513
5,705,514,700,517
5,715,517,690,525
5,714,524,690,530
5,732,512,688,535
5,736,501,684,539
5,715,487,694,520
5,699,481,715,486
5,691,445,715,476
5,674,447,719,474
5,694,453,775,490
5,704,412,780,496
5,714,411,783,504
5,719,421,786,512
5,734,401,787,517
5,756,410,787,520
5,755,406,788,520
5,766,411,795,517
5,769,434,799,508
5,765,439,800,501
5,793,436,800,501
5,808,462,800,501
5,809,471,809,457
5,805,482,856,376
5,799,464,860,367
5,790,442,860,367
5,788,454,825,408
5,814,454,810,450
5,825,419,814,460
5,797,435,822,474
5,797,409,827,492
5,770,404,830,501
5,771,407,831,501
5,766,396,848,501
5,775,415,884,487
5,751,436,889,459
5,772,423,860,418
5,780,420,810,392
5,779,434,778,394
5,771,476,740,406
5,781,473,710,419
5,765,474,701,429
5,763,454,701,451
5,768,464,719,467
5,743,461,743,475
5,748,451,759,476
5,755,429,774,472
5,745,429,778,467
5,753,416,780,458
5,740,413,777,448
5,722,400,775,447
5,701,400,775,447
5,671,402,775,447
5,683,372,779,442
5,691,380,797,407
5,693,406,789,381
5,691,370,771,380
5,704,369,747,390
5,714,360,695,418
5,743,343,692,426
5,737,331,695,438
5,754,320,711,457
5,745,337,722,463
5,746,323,732,466
5,737,307,743,465
5,716,351,755,458
5,699,340,779,444
5,680,342,787,432
5,686,332,798,420
5,659,326,804,406
5,636,288,793,397
5,654,266,758,398
5,657,262,720,416
5,648,250,696,427
5,652,239,680,427
5,664,248,676,415
5,666,237,676,395
5,643,220,685,352
5,649,239,685,320
5,623,255,687,292
5,600,262,702,276
5,606,244,712,263
5,613,274,715,259
5,612,288,715,258
5,625,286,660,264
5,633,268,611,283
5,619,283,599,290
5,616,279,592,296
5,603,301,586,317
5,599,324,605,371
5,567,299,628,410
5,553,338,641,420
5,545,364,649,419
5,556,353,666,402
5,559,363,667,382
5,569,368,657,368
5,546,382,647,361
5,537,383,623,354
5,532,418,607,354
5,516,394,604,355
5,535,391,595,363
5,544,380,587,374
5,535,379,572,387
5,517,396,559,400
5,528,381,534,436
5,532,380,513,488
5,533,384,522,515
5,512,386,530,524
5,511,424,532,526
5,518,394,560,514
5,513,409,576,477
5,535,411,570,468
5,575,382,567,470
5,599,331,565,470
5,578,337,574,458
5,555,330,574,448
5,567,328,567,446
5,565,337,566,446
5,590,325,602,413
5,568,364,604,385
5,574,371,592,352
5,564,386,581,327
5,570,401,576,318
5,567,418,571,315
5,564,403,563,314
5,555,412,556,321
5,558,428,548,346
5,536,411,546,375
5,541,371,555,386
5,550,390,568,399
5,551,381,576,403
5,553,384,580,407
5,544,397,604,418
5,564,430,615,426
5,567,445,626,434
5,572,435,635,441
5,578,422,637,444
5,589,416,632,446
5,593,404,602,446
5,598,439,588,446
5,560,443,580,449
5,584,463,573,458
5,554,481,572,459
5,575,472,580,448
5,621,480,584,420
5,625,461,584,404
5,618,459,584,404
5,602,448,592,417
5,606,436,599,434
5,610,442,605,465
5,637,459,618,506
5,639,453,623,516
5,599,475,623,510
5,589,465,623,485
5,574,465,621,463
5,570,489,621,447
5,570,480,621,446
5,553,483,620,447
5,557,479,619,462
5,538,489,619,477
5,522,488,619,480
5,504,501,619,480
5,485,514,620,477
5,539,517,623,454
5,543,505,623,443
5,533,500,619,438
5,561,533,618,437
5,544,535,612,440
5,546,520,608,449
5,542,516,608,453
5,527,538,608,460
5,538,516,610,467
5,507,522,624,503
5,527,549,626,513
5,524,546,621,525
5,512,554,605,524
5,500,544,589,515
5,515,561,584,513
5,502,581,567,516
5,488,599,529,524
5,496,598,518,525
5,496,598,502,532
5,518,604,491,543
5,530,593,490,547
5,547,593,490,547
5,532,597,504,548
5,537,601,535,549
5,495,597,571,556
5,484,598,588,574
5,476,606,602,583
5,523,577,607,587
5,550,566,607,587
5,559,575,607,587
5,570,510,593,589
5,581,514,568,592
5,570,496,558,591
5,576,483,552,582
5,575,479,550,577
5,575,496,550,565
5,594,510,562,552
5,598,488,580,534
5,597,480,585,507
5,569,480,581,498
5,570,480,579,492
5,579,493,577,492
5,576,504,577,492
5,569,514,577,492
5,576,483,577,499
5,575,509,577,510
5,547,522,577,514
5,538,505,581,514
5,560,497,601,495
5,549,515,607,484
5,554,523,608,479
5,550,512,608,479
5,554,502,600,495
5,556,485,594,516
5,557,473,593,524
5,553,456,593,524
5,566,435,593,524
5,578,446,589,527
5,537,428,576,532
5,600,419,569,538
5,619,416,569,539
5,618,405,569,539
5,656,398,565,535
5,659,382,556,519
5,641,362,552,507
5,631,377,552,497
5,643,376,552,492
5,639,353,555,497
5,629,335,569,522
5,635,321,584,545
5,605,332,592,552
5,614,322,593,553
5,600,317,594,551
5,574,293,594,525
5,556,275,591,509
5,507,267,591,499
5,494,263,593,491
5,482,239,609,448
5,509,263,607,416
5,488,276,585,378
5,511,261,552,362
5,529,266,521,364
5,525,255,517,364
5,554,257,508,353
5,559,246,498,338
5,542,230,494,325
5,540,262,492,318
5,554,280,492,311
5,540,295,492,305
5,537,273,492,303
5,551,281,492,303
5,572,288,501,298
5,548,274,520,286
5,553,298,529,281
5,528,291,529,281
5,496,305,537,309
5,478,312,546,333
5,514,315,555,358
5,497,323,561,382
5,474,322,571,405
5,506,303,574,417
5,515,306,580,422
5,501,313,596,429
5,493,329,607,435
5,493,350,616,441
5,514,353,622,443
5,503,345,630,449
5,499,354,632,462
5,477,363,627,472
5,521,364,623,475
5,499,346,599,459
5,485,330,564,408
5,489,328,557,396
5,500,335,556,394
5,522,317,556,394
5,511,328,559,407
5,524,353,564,429
5,545,367,573,442
5,537,403,578,445
5,523,410,578,446
5,528,432,579,446
5,548,440,584,415
5,558,425,580,404
5,553,420,577,409
5,547,452,579,448
5,525,473,586,466
5,531,463,591,484
5,519,458,593,492
5,498,454,597,503
5,475,455,598,505
5,528,465,600,511
5,514,473,602,520
5,511,460,602,526
5,498,457,602,526
5,486,465,602,526
5,498,487,600,524
5,515,469,599,522
5,538,477,599,522
5,544,472,599,522
5,537,479,599,524
5,552,479,599,526
5,530,480,600,523
5,538,472,599,513
5,560,466,591,510
5,553,470,587,511
5,552,437,587,511
5,545,453,587,511
5,542,456,587,511
5,543,443,587,511
5,571,462,587,511
5,598,451,587,511
5,583,462,587,511
5,571,500,587,511
5,583,522,587,511
5,596,521,587,511
5,586,527,587,511
5,582,511,595,499
5,557,507,595,498
5,591,510,596,508
5,573,521,595,524
5,579,522,595,525
5,580,540,595,525
5,621,543,596,526
5,628,525,598,529
5,632,518,599,529
5,622,526,599,530
5,631,532,602,537
5,618,523,602,538
5,640,502,604,540
5,639,494,610,545
5,634,490,616,546
5,644,488,634,543
5,670,512,636,543
5,660,528,647,543
5,675,548,655,543
5,697,535,658,542
5,699,525,663,540
5,677,508,670,532
5,697,522,672,522
5,724,497,672,518
5,719,503,672,518
5,704,496,681,531
5,713,478,696,533
5,687,477,703,533
5,682,454,711,531
5,654,480,724,529
5,659,478,743,531
5,674,510,752,531
5,649,522,759,530
5,612,520,761,526
5,600,505,754,511
5,593,527,738,498
5,565,537,722,504
5,556,555,705,523
5,542,560,701,533
5,537,553,698,538
5,541,549,691,545
5,526,553,681,556
5,504,536,666,568
5,522,525,654,574
5,514,520,631,571
5,496,528,628,570
5,493,525,619,571
5,507,502,610,572
5,522,510,610,570
5,553,491,610,553
5,566,472,612,537
5,577,471,612,537
5,597,490,612,537
5,623,520,614,529
5,632,483,631,515
5,625,470,644,506
5,607,440,647,500
5,620,414,653,493
5,597,397,660,486
5,606,389,668,478
5,613,403,669,477
5,614,398,668,477
5,591,425,662,482
5,598,442,658,473
5,612,444,641,450
5,627,447,635,431
5,619,432,632,410
5,598,419,632,391
5,567,440,634,376
5,572,456,636,364
5,588,453,636,361
5,581,416,636,361
5,591,396,636,374
5,607,371,636,416
5,583,351,637,423
5,617,345,637,437
5,621,316,637,470
5,634,302,637,495
5,633,308,637,500
5,626,320,637,500
5,625,338,637,494
5,618,336,624,453
5,572,344,619,420
5,597,348,627,390
5,590,341,634,366
5,581,331,638,355
5,562,336,640,347
5,566,329,648,335
5,542,346,653,330
5,559,356,653,330
5,537,347,654,332
5,545,346,664,341
5,540,334,672,341
5,528,306,674,339
5,530,321,666,340
5,529,309,636,373
5,546,303,628,392
5,559,285,619,400
5,541,307,617,400
5,520,313,606,359
5,514,308,600,313
5,511,327,600,296
5,512,341,602,284
5,538,326,605,281
5,530,319,605,278
5,515,307,606,278
5,491,327,607,293
5,499,339,601,307
5,488,305,597,313
5,507,303,587,334
5,514,278,574,356
5,515,303,572,359
5,523,333,570,359
5,528,346,544,334
5,529,335,538,327
5,526,352,535,309
5,582,315,535,295
5,604,331,543,288
5,618,319,543,287
5,655,312,546,293
5,662,301,550,315
5,684,317,561,347
5,683,313,569,367
5,671,330,571,378
5,647,313,573,383
5,655,338,574,383
5,642,366,603,369
5,619,368,640,353
5,618,364,661,364
5,578,371,672,368
5,558,365,695,368
5,540,374,699,368
5,542,367,697,378
5,530,360,684,399
5,525,385,678,408
5,496,405,676,408
5,505,426,672,410
5,492,421,635,385
5,525,431,631,378
5,521,418,631,371
5,495,401,631,369
5,502,402,630,370
5,505,407,602,390
5,523,425,563,461
5,521,454,561,485
5,521,413,561,496
5,521,412,557,503
5,531,419,552,506
5,534,419,550,507
5,551,443,550,507
5,557,450,558,481
5,567,468,566,435
5,587,457,568,424
5,583,455,568,422
5,580,469,563,421
5,564,486,555,421
5,587,481,545,420
5,587,484,526,406
5,577,486,519,404
5,561,498,519,403
5,564,494,526,403
5,546,513,540,402
5,564,498,550,401
5,537,471,573,441
5,537,459,590,486
5,555,419,591,518
5,552,417,568,554
5,571,397,556,573
5,581,408,552,575
5,575,404,548,568
5,579,401,530,535
5,585,420,528,528
5,543,415,529,516
5,556,395,543,495
5,562,405,563,475
5,574,399,576,466
5,594,363,583,465
5,585,330,588,469
5,582,335,594,478
5,593,324,594,485
5,594,315,589,490
5,591,333,585,490
5,598,329,539,446
5,564,332,526,419
5,579,325,531,397
5,578,330,547,374
5,560,330,577,343
5,560,329,586,336
5,558,331,586,336
5,569,318,590,335
5,558,331,591,334
5,547,316,591,334
5,536,334,574,362
5,557,333,556,396
5,574,362,536,428
5,571,386,535,435
5,554,379,536,437
5,555,390,542,437
5,576,389,556,422
5,583,402,566,380
5,552,390,561,365
5,575,383,553,391
5,574,399,562,424
5,588,395,584,456
5,587,408,596,469
5,593,402,600,474
5,572,407,603,474
5,579,407,601,474
5,583,391,591,475
5,591,377,591,475
5,568,379,597,475
5,578,386,611,475
5,565,371,592,456
5,575,384,563,434
5,564,379,562,405
5,590,386,567,394
5,604,379,570,383
5,602,393,570,382
5,601,378,570,382
5,611,395,579,375
5,597,412,590,367
5,636,431,593,357
5,599,437,585,350
5,589,432,573,346
5,605,427,573,346
5,626,416,576,344
5,615,393,579,344
5,618,375,582,357
5,588,377,583,394
5,597,386,585,434
5,581,373,584,449
5,587,350,584,449
5,579,345,596,441
5,545,369,622,413
5,540,372,631,383
5,508,381,628,371
5,485,376,621,369
5,505,379,561,369
5,504,396,536,379
5,484,403,534,387
5,503,400,536,394
5,506,388,536,399
5,522,370,536,399
5,521,386,551,411
5,495,373,572,414
5,501,379,608,416
5,505,377,608,416
5,516,386,605,419
5,511,365,591,423
5,534,331,599,423
5,490,329,619,423
5,499,358,619,423
5,467,363,576,414
5,484,377,545,399
5,508,352,544,398
5,517,354,544,390
5,502,363,543,380
5,491,368,532,363
5,522,375,524,361
5,531,352,521,373
5,509,374,527,403
5,480,375,546,436
5,485,369,565,443
5,510,391,596,419
5,515,378,597,412
5,503,355,574,399
5,505,346,476,381
5,517,367,471,381
5,520,401,473,389
5,553,390,479,398
5,566,376,479,399
5,556,391,476,402
5,544,393,464,405
5,542,400,459,407
5,568,379,463,405
5,544,401,483,407
5,565,422,543,439
5,577,418,575,456
5,567,426,588,455
5,571,430,597,455
5,588,432,609,446
5,591,435,612,435
5,600,412,611,427
5,597,427,599,421
5,610,448,591,419
5,610,456,587,418
5,631,471,585,418
5,644,450,585,418
5,637,447,585,418
5,665,445,585,418
5,654,437,585,418
5,656,428,595,419
5,658,425,633,435
5,684,431,650,452
5,698,392,656,462
5,703,386,662,470
5,682,395,662,471
5,702,403,663,471
5,711,400,674,459
5,701,401,676,446
5,705,398,676,434
5,682,415,675,424
5,677,374,675,410
5,674,376,678,399
5,675,359,678,399
5,662,340,678,399
5,672,324,678,399
5,705,338,678,399
5,718,323,678,399
5,720,332,678,399
5,731,325,678,399
5,725,334,678,399
5,720,361,678,399
5,730,342,678,399
5,717,360,678,399
5,709,343,718,400
5,722,347,729,400
5,749,345,729,400
5,757,352,734,415
5,757,339,736,456
5,755,344,737,465
5,747,343,738,465
5,778,339,738,465
5,785,344,738,465
5,781,345,739,465
5,763,351,752,454
5,751,337,756,442
5,733,353,756,434
5,739,337,755,428
5,728,322,749,428
5,715,334,738,432
5,715,342,719,441
5,698,340,718,440
5,724,333,720,424
5,704,316,730,399
5,691,320,733,377
5,698,301,727,370
5,691,295,716,365
5,690,305,703,366
5,683,273,691,377
5,687,266,685,386
5,668,267,682,391
5,674,222,682,391
5,692,229,682,391
5,686,204,680,382
5,666,209,683,368
5,648,185,693,351
5,643,188,708,333
5,630,194,716,310
5,638,179,718,286
5,634,153,713,265
5,619,180,700,257
5,624,175,673,250
5,630,210,640,240
5,611,222,615,232
5,609,237,599,225
5,623,232,598,225
5,652,231,597,217
5,667,199,597,209
5,660,196,599,201
5,647,197,604,187
5,648,164,608,178
5,659,153,611,177
5,638,178,627,188
5,633,157,652,202
5,638,152,652,204
5,643,141,652,204
5,641,142,652,204
5,648,162,652,204
5,681,180,652,204
5,674,181,652,204
5,661,165,653,204
5,679,195,653,204
5,668,196,653,204
5,651,196,653,204
5,610,200,639,203
5,618,210,636,205
5,636,187,631,217
5,654,227,631,219
5,642,213,638,224
5,629,192,643,228
5,628,180,648,230
5,635,210,654,233
5,661,205,654,233
5,662,230,654,233
5,686,245,654,234
5,683,247,654,234
5,695,257,655,235
5,701,278,655,235
5,714,264,657,237
5,712,267,657,237
5,701,259,657,237
5,703,252,657,240
5,714,240,658,240
5,712,237,662,246
5,735,237,679,253
5,716,226,698,260
5,677,227,705,263
5,687,250,711,267
5,687,226,718,271
5,662,187,720,271
5,652,183,720,271
5,663,181,721,275
5,667,199,728,278
5,664,179,729,279
5,647,195,729,279
5,672,178,699,267
5,660,185,684,261
5,676,174,673,255
6,974,533,963,540
6,974,532,963,540
6,954,526,963,540
6,959,533,963,540
6,968,535,963,540
6,967,515,963,540
6,958,501,947,510
6,960,490,929,497
6,975,503,929,497
6,957,497,929,497
6,980,471,964,525
6,1013,488,1026,554
6,1017,483,1047,555
6,991,510,1062,548
6,964,504,1069,542
6,952,521,1074,536
6,953,554,1061,519
6,967,592,1035,502
6,954,616,1004,486
6,942,621,1000,482
6,942,630,999,478
6,929,653,988,470
6,916,643,970,470
6,918,650,958,482
6,889,689,957,491
6,886,697,957,505
6,893,719,957,524
6,900,724,970,596
6,908,728,983,718
6,924,715,969,751
6,941,731,939,753
6,933,730,933,752
6,947,705,932,746
6,939,689,917,713
6,912,682,897,676
6,922,715,897,674
6,943,726,912,671
6,919,746,952,659
6,908,736,960,650
6,897,746,957,647
6,883,754,884,662
6,880,766,831,758
6,869,770,853,837
6,818,765,861,839
6,821,767,857,835
6,818,794,812,817
6,829,811,811,816
6,818,792,813,811
6,849,792,818,797
6,850,788,818,779
6,840,768,816,778
6,841,775,819,754
6,833,786,835,731
6,834,789,839,723
6,853,786,838,728
6,847,786,840,739
6,854,788,841,740
6,832,816,841,740
6,825,824,841,740
6,814,830,841,741
6,813,849,842,752
6,821,840,849,761
6,815,827,860,765
6,791,823,860,765
6,803,828,843,768
6,784,812,815,778
6,769,826,804,782
6,756,845,796,785
6,740,871,785,787
6,733,882,775,790
6,743,872,772,791
6,743,872,772,791
6,762,870,769,791
6,756,842,758,791
6,757,838,760,787
6,754,837,771,781
6,768,799,774,781
6,788,803,774,780
6,813,814,766,789
6,823,798,757,822
6,817,788,758,844
6,800,777,762,848
6,801,791,774,841
6,820,772,815,800
6,803,770,834,768
6,804,775,837,766
6,802,744,838,766
6,809,724,847,759
6,828,761,849,738
6,807,747,846,731
6,775,749,822,730
6,765,753,811,731
6,773,727,813,728
6,761,727,816,714
6,748,738,817,705
6,738,720,816,701
6,712,701,821,696
6,719,709,826,683
6,715,700,812,674
6,707,698,801,669
6,735,696,791,664
6,743,700,776,659
6,752,684,762,656
6,775,695,743,653
6,768,711,731,653
6,751,715,712,653
6,740,711,697,648
6,730,690,689,645
6,751,668,683,643
6,748,669,683,642
6,740,634,689,642
6,744,612,714,643
6,736,598,725,650
6,733,594,734,654
6,748,610,754,669
6,742,602,766,674
6,746,603,779,671
6,732,590,794,656
6,764,580,800,642
6,768,586,803,626
6,783,596,791,611
6,802,615,735,593
6,802,619,726,596
6,798,609,723,600
6,816,601,721,603
6,807,617,720,600
6,802,606,727,576
6,786,610,743,559
6,794,639,748,558
6,790,619,763,560
6,763,617,784,565
6,769,594,825,566
6,742,592,835,566
6,746,565,835,574
6,767,566,812,608
6,776,584,807,610
6,768,575,797,610
6,773,588,786,610
6,776,582,773,610
6,783,572,757,607
6,803,572,740,603
6,790,560,740,602
6,792,508,741,599
6,789,511,753,595
6,788,506,783,592
6,779,511,808,588
6,770,513,823,588
6,743,514,834,582
6,731,502,856,568
6,726,510,856,553
6,749,531,813,528
6,726,520,681,486
6,705,517,547,468
6,706,507,534,468
6,720,503,533,466
6,713,504,538,470
6,716,488,581,487
6,700,468,593,489
6,687,473,631,489
6,698,460,673,489
6,724,474,741,494
6,680,484,779,496
6,669,488,791,495
6,670,510,793,492
6,671,514,769,470
6,664,534,696,433
6,658,543,669,413
6,657,547,656,390
6,686,543,609,383
6,660,556,604,393
6,663,554,616,419
6,666,564,643,468
6,653,576,658,506
6,647,599,675,533
6,660,588,681,545
6,651,602,684,550
6,652,594,685,551
6,651,592,681,551
6,646,576,678,551
6,617,585,678,539
6,616,594,663,477
6,593,599,657,461
6,591,574,657,456
6,583,579,676,449
6,568,584,679,448
6,577,602,687,460
6,582,590,692,497
6,587,601,683,535
6,584,601,669,544
6,594,603,643,539
6,569,568,579,532
6,576,575,558,533
6,564,574,545,543
6,562,597,537,557
6,563,636,533,561
6,564,657,527,579
6,576,645,527,597
6,539,642,535,613
6,551,667,541,615
6,571,649,560,598
6,550,649,569,587
6,531,630,578,594
6,531,638,593,611
6,530,624,617,618
6,509,645,647,618
6,510,645,664,619
6,524,620,667,626
6,538,618,667,636
6,550,617,667,642
6,550,605,621,646
6,553,621,599,646
6,542,616,595,639
6,550,609,593,606
6,557,592,593,581
6,566,594,593,573
6,548,584,610,564
6,519,583,630,542
6,537,579,637,521
6,554,563,633,509
6,560,566,609,504
6,554,581,597,502
6,552,588,590,499
6,553,580,583,493
6,530,583,578,499
6,526,590,570,519
6,546,590,549,562
6,559,573,543,586
6,565,572,541,596
6,525,578,540,600
6,516,562,538,604
6,534,580,537,605
6,530,563,528,580
6,512,529,520,546
6,476,529,520,542
6,504,501,541,526
6,489,511,549,520
6,504,497,549,519
6,508,500,551,525
6,506,524,558,509
6,504,526,525,440
6,490,503,510,427
6,515,473,510,426
6,525,478,510,414
6,521,471,510,411
6,472,487,513,397
6,511,497,534,380
6,522,464,550,371
6,507,480,558,369
6,495,454,577,366
6,502,455,579,365
6,490,448,567,377
6,478,442,545,405
6,495,449,534,432
6,464,454,532,445
6,522,452,527,476
6,504,437,529,485
6,512,438,531,486
6,492,440,539,476
6,528,426,540,445
6,542,415,534,412
6,521,439,529,381
6,509,456,534,364
6,495,448,536,354
6,514,446,536,349
6,512,418,536,345
6,512,406,536,345
6,475,374,536,345
6,496,355,536,345
6,481,342,536,364
6,521,322,536,412
6,528,316,537,418
6,549,316,542,384
6,563,324,542,342
6,555,320,542,335
6,564,328,536,322
6,562,331,542,298
6,562,360,548,282
6,555,346,550,272
6,558,330,557,256
6,551,309,559,250
6,536,292,560,253
6,517,285,580,299
6,517,308,590,326
6,515,330,599,335
6,548,334,608,338
6,577,323,615,335
6,582,281,620,300
6,594,274,618,281
6,594,298,616,276
6,588,320,606,269
6,570,321,592,267
6,546,342,571,270
6,562,352,568,275
6,530,358,571,283
6,513,368,593,296
6,491,383,628,306
6,532,367,648,306
6,546,372,674,299
6,562,355,691,296
6,573,355,706,303
6,575,381,716,314
6,588,381,714,322
6,599,391,684,333
6,611,410,645,364
6,632,411,642,389
6,638,435,642,412
6,643,469,642,429
6,649,470,636,456
6,646,462,634,470
6,635,468,634,472
6,612,478,634,472
6,619,502,634,461
6,621,501,619,413
6,604,495,614,412
6,589,491,623,444
6,572,500,652,462
6,551,527,681,463
6,566,518,686,463
6,537,519,686,463
6,522,519,682,464
6,556,523,654,467
6,527,542,650,467
6,495,544,648,469
6,505,538,645,473
6,519,555,641,481
6,511,562,628,510
6,532,541,626,527
6,518,529,626,532
6,504,560,626,540
6,476,601,621,542
6,499,621,612,540
6,506,653,577,518
6,484,662,528,485
6,492,689,523,481
6,491,693,523,481
6,488,695,524,488
6,502,684,529,515
6,511,686,541,551
6,509,704,551,579
6,494,695,563,618
6,470,705,564,655
6,557,672,559,695
6,568,697,555,711
6,545,691,554,717
6,555,701,553,717
6,533,716,545,741
6,494,692,536,785
6,485,705,536,786
6,521,691,557,670
6,513,683,559,649
6,546,678,559,645
6,556,655,559,645
6,582,658,556,634
6,595,632,565,620
6,579,630,565,620
6,583,627,569,620
6,550,651,569,624
6,563,659,570,628
6,566,654,570,628
6,578,659,550,602
6,597,684,520,581
6,608,685,514,582
6,598,723,514,584
6,584,717,514,587
6,579,720,529,590
6,578,720,551,598
6,595,688,579,608
6,588,732,584,608
6,593,753,593,613
6,573,785,599,624
6,581,793,605,648
6,566,779,604,677
6,586,776,589,708
6,565,776,580,718
6,559,770,575,722
6,572,799,574,722
6,544,801,564,708
6,547,817,548,678
6,560,805,545,672
6,594,793,545,672
6,595,803,545,672
6,577,801,553,687
6,590,798,564,703
6,601,802,575,742
6,608,818,587,804
6,603,830,594,815
6,592,832,637,801
6,597,833,656,796
6,614,820,666,796
6,602,833,682,797
6,591,841,703,797
6,592,835,717,793
6,598,861,719,786
6,590,884,718,785
6,602,873,688,783
6,600,860,657,783
6,614,859,647,783
6,651,846,631,790
6,629,830,618,813
6,633,835,602,843
6,635,848,588,868
6,619,850,570,910
6,597,857,567,921
6,622,862,567,921
6,596,858,607,894
6,600,880,642,872
6,590,876,649,850
6,595,871,650,835
6,582,869,660,817
6,582,860,665,809
6,559,859,665,809
6,527,865,665,808
6,532,869,665,808
6,523,883,665,808
6,527,863,659,820
6,522,879,636,858
6,520,883,635,859
6,500,878,630,833
6,498,859,623,822
6,519,879,619,818
6,521,891,607,814
6,522,861,584,810
6,516,869,549,810
6,538,870,517,815
6,528,883,507,832
6,517,895,505,844
6,540,907,505,854
6,524,899,510,857
6,524,882,515,864
6,501,907,520,871
6,498,905,521,871
6,476,876,528,872
6,502,863,537,871
6,511,861,537,871
6,515,847,537,871
6,498,826,545,865
6,511,835,554,859
6,494,837,555,853
6,491,834,553,852
6,500,835,545,852
6,522,823,534,826
6,529,820,516,751
6,556,833,514,736
6,587,815,515,734
6,599,804,515,734
6,602,845,515,726
6,615,825,514,713
6,612,823,514,712
6,614,809,513,733
6,618,821,513,760
6,648,802,525,774
6,642,783,554,765
6,640,806,588,742
6,640,808,620,725
6,614,807,652,705
6,616,819,664,680
6,601,826,664,671
6,619,829,662,670
6,649,828,657,669
6,646,879,651,666
6,606,894,639,667
6,616,877,623,698
6,644,892,621,730
6,654,878,633,761
6,679,869,643,777
6,668,837,650,788
6,688,837,659,803
6,688,838,664,811
6,654,855,661,831
6,647,851,646,853
6,648,864,637,860
6,645,862,636,863
6,638,853,654,847
6,638,827,686,826
6,648,813,700,816
6,651,808,704,814
6,657,823,710,810
6,678,831,725,802
6,700,836,746,795
6,704,856,759,795
6,702,852,761,795
6,689,868,759,800
6,678,857,747,805
6,660,862,737,799
6,652,866,738,784
6,651,864,751,774
6,673,864,767,779
6,668,850,767,801
6,670,862,764,835
6,674,862,764,840
6,666,882,764,840
6,678,879,764,840
6,652,890,764,840
6,637,869,759,840
6,630,886,735,840
6,639,894,713,845
6,650,897,699,854
6,649,894,682,867
6,663,889,646,888
6,681,887,620,910
6,693,891,619,913
6,702,897,619,913
6,697,887,629,911
6,689,890,647,909
6,677,892,668,898
6,657,890,684,879
6,671,888,688,873
6,673,890,690,880
6,689,882,742,856
6,681,864,757,853
6,691,869,755,873
6,697,843,718,913
6,712,838,713,914
6,738,824,706,914
6,745,815,701,911
6,743,838,699,907
6,758,841,696,904
6,760,827,691,900
6,754,813,679,885
6,743,814,675,864
6,717,823,682,841
6,707,826,710,819
6,677,794,751,790
6,695,799,771,777
6,674,766,774,776
6,687,754,787,776
6,701,737,791,776
6,696,723,791,783
6,709,719,784,806
6,695,704,768,827
6,713,731,755,829
6,668,740,733,809
6,671,740,718,758
6,673,724,720,746
6,674,717,723,737
6,682,696,728,730
6,686,671,731,727
6,683,658,738,723
6,681,663,740,719
6,676,677,741,719
6,697,737,741,719
6,705,736,740,722
6,709,744,736,727
6,732,720,736,727
6,731,713,736,727
6,738,687,736,727
6,750,689,734,734
6,764,688,732,740
6,754,687,730,744
6,729,669,729,764
6,734,650,729,766
6,742,652,736,763
6,745,676,751,753
6,746,695,763,736
6,784,706,772,721
6,802,714,784,706
6,797,738,790,694
6,784,756,793,684
6,774,751,796,677
6,792,756,798,672
6,778,746,799,667
6,772,748,799,667
6,766,737,799,667
6,774,715,799,667
6,782,720,799,667
6,778,730,798,670
6,805,715,798,671
6,763,728,798,671
6,772,716,798,672
6,781,707,802,691
6,754,723,807,695
6,790,735,788,677
6,770,722,770,683
6,780,726,741,695
6,773,729,719,704
6,784,744,708,710
6,782,707,699,721
6,779,708,697,741
6,774,705,707,766
6,762,720,721,773
6,753,720,734,773
6,748,728,746,772
6,769,732,756,771
6,769,746,757,769
6,755,749,758,768
6,763,758,754,766
6,758,752,733,768
6,778,737,727,769
6,749,744,720,774
6,740,752,711,788
6,744,762,697,812
6,724,777,693,817
6,735,770,681,826
6,739,759,680,828
6,747,737,701,756
6,747,730,730,711
6,751,728,730,711
6,758,703,739,719
6,774,684,748,731
6,804,703,752,739
6,820,697,753,744
6,806,724,760,752
6,806,730,766,752
6,800,732,786,752
6,818,704,807,755
6,841,688,824,757
6,822,678,838,759
6,833,669,846,759
6,869,679,848,758
6,833,651,849,758
6,831,645,858,764
6,822,645,868,766
6,815,645,869,766
6,820,638,869,766
6,830,637,869,774
6,810,652,865,775
6,805,666,840,763
6,805,668,794,738
6,793,671,783,693
6,788,661,760,615
6,775,665,757,601
6,771,642,755,596
6,777,634,755,596
6,781,651,755,596
6,799,670,755,596
6,803,702,755,596
6,814,713,766,643
6,805,709,776,665
6,794,729,779,665
6,802,730,788,654
6,803,735,790,654
6,802,749,795,654
6,816,759,804,663
6,803,749,813,678
6,787,746,819,694
6,780,744,820,710
6,794,757,821,717
6,801,780,822,720
6,791,778,822,727
6,783,779,822,735
6,781,785,823,751
6,786,783,823,757
6,776,760,821,760
6,780,788,811,767
6,754,793,774,786
6,736,772,732,813
6,766,750,716,822
6,792,753,708,830
6,785,750,703,834
6,771,746,703,834
6,783,734,703,834
6,807,721,719,824
6,806,728,745,795
6,779,737,750,787
6,760,727,753,782
6,764,738,766,764
6,768,751,783,732
6,736,757,792,708
6,739,789,797,693
6,733,776,805,683
6,722,786,814,668
6,728,792,828,647
6,715,780,828,646
6,713,784,807,678
6,751,793,802,705
6,756,799,798,724
6,772,781,791,744
6,772,779,786,751
6,770,782,785,752
6,790,753,778,754
6,806,771,737,785
6,781,779,721,827
6,787,804,721,834
6,809,821,727,852
6,786,835,730,860
6,770,844,731,861
6,792,834,732,861
6,801,824,732,861
6,798,834,732,861
6,789,852,732,861
6,788,855,732,861
6,791,834,733,861
6,796,870,739,858
6,786,859,753,855
6,800,860,756,855
6,794,851,757,871
6,776,865,758,875
6,783,886,767,866
6,767,880,773,860
6,775,865,773,860
6,770,858,773,860
6,755,864,773,858
6,768,836,773,858
6,770,862,773,858
6,767,882,771,873
6,760,907,768,886
6,746,901,766,894
6,742,879,765,897
6,719,860,765,897
6,707,850,765,897
6,699,888,765,897
6,719,875,765,897
6,702,860,765,897
6,722,851,765,897
6,729,857,765,897
6,721,875,765,897
6,716,871,765,897
6,707,899,765,897
6,688,898,769,889
6,681,892,769,882
6,662,882,768,879
6,647,895,763,876
6,630,897,755,875
6,644,885,746,880
6,659,889,739,882
6,660,894,733,885
6,647,906,696,888
6,637,911,539,885
6,647,909,535,883
6,663,875,535,883
6,665,893,556,871
6,672,892,578,859
6,685,916,590,861
6,680,901,620,879
6,677,934,656,891
6,677,933,685,891
6,689,950,707,892
6,718,929,715,895
6,729,940,715,896
6,709,938,716,896
6,691,961,716,896
6,701,978,716,896
6,697,960,716,896
6,693,946,712,897
6,696,917,708,898
6,684,902,708,898
6,675,911,708,898
6,664,878,708,898
6,627,900,716,903
6,616,901,727,912
6,612,885,728,919
6,594,887,723,927
6,587,886,718,928
6,577,876,696,916
6,559,882,652,898
6,583,899,650,896
6,583,924,635,899
6,587,927,617,906
6,596,945,602,906
6,634,936,584,902
6,633,939,577,901
6,608,936,573,901
6,600,921,571,901
6,598,931,573,903
6,626,928,582,905
6,600,932,605,908
6,589,916,643,906
6,579,927,687,904
6,585,919,707,904
6,577,900,710,904
6,605,898,710,904
6,609,914,710,904
6,602,921,702,910
6,637,917,671,928
6,627,920,652,936
6,629,923,638,942
6,609,909,632,947
6,621,902,622,955
6,621,873,615,962
6,607,874,607,967
6,599,904,600,970
6,591,921,599,971
6,594,891,599,971
6,614,917,599,971
6,629,914,595,971
6,620,913,595,955
6,628,930,607,925
6,636,921,614,903
6,628,886,615,895
6,611,889,616,890
6,568,882,617,886
6,577,865,617,886
6,578,866,631,882
6,592,868,650,881
6,607,859,668,881
6,601,837,683,889
6,594,824,686,896
6,601,826,687,913
6,613,844,676,930
6,621,848,663,938
6,610,857,659,938
6,608,853,651,936
6,585,876,638,919
6,572,872,635,916
6,560,854,633,913
6,566,838,635,908
6,563,827,643,895
6,570,850,653,882
6,590,839,671,859
6,597,826,679,854
6,619,820,679,854
6,607,833,679,854
6,609,851,679,854
6,606,848,679,854
6,626,843,679,854
6,635,840,660,854
6,638,863,653,854
6,627,872,653,854
6,646,872,653,854
6,629,894,649,859
6,627,868,650,861
6,626,863,650,861
6,608,850,658,863
6,592,853,690,867
6,596,860,714,867
6,625,857,726,867
6,642,856,730,867
6,624,867,728,867
6,635,871,715,867
6,628,885,703,868
6,614,888,673,866
6,634,878,651,864
6,609,874,643,863
6,595,891,605,872
6,580,867,587,877
6,586,874,569,886
6,551,883,558,897
6,567,888,553,904
6,569,868,553,906
6,583,878,553,906
6,582,881,590,898
6,569,880,630,882
6,568,891,634,880
6,542,884,636,880
6,569,864,640,881
6,573,847,643,882
6,581,860,645,882
6,577,860,645,882
6,593,844,635,883
6,582,843,625,885
6,606,849,618,886
6,644,815,607,893
6,636,779,591,901
6,603,794,588,901
6,626,782,578,896
6,653,821,572,881
6,643,829,566,871
6,661,813,565,868
6,701,821,563,861
6,682,813,565,845
6,668,790,574,820
6,669,780,582,797
6,675,776,593,773
6,655,772,603,759
6,635,759,629,735
6,610,760,662,718
6,598,754,687,712
6,569,757,697,713
6,573,716,705,716
6,588,699,707,717
6,567,714,702,726
6,547,726,669,747
6,552,739,666,747
6,576,721,661,747
6,600,705,654,745
6,627,731,652,734
6,645,719,655,712
6,622,710,655,706
6,637,679,650,708
6,659,682,637,723
6,639,660,633,735
6,646,670,636,744
6,636,674,655,759
6,657,639,682,777
6,664,669,700,782
6,655,655,708,756
6,638,667,688,710
6,624,656,666,689
6,614,667,645,689
6,631,656,604,701
6,625,659,580,717
6,604,643,568,755
6,596,649,595,800
6,622,644,609,803
6,601,671,623,785
6,592,661,633,748
6,605,650,636,723
6,610,671,632,695
6,590,675,623,686
6,565,664,608,685
6,565,688,600,688
6,573,682,599,694
6,547,677,602,698
6,556,683,640,707
6,552,671,662,704
6,542,681,672,686
6,564,679,658,662
6,577,688,626,650
6,585,698,588,653
6,599,711,551,661
6,593,711,538,644
6,605,719,522,659
6,618,720,514,686
6,619,747,521,698
6,615,772,536,706
6,639,803,567,706
6,659,802,593,692
6,653,780,605,685
6,646,774,628,680
6,654,781,648,666
6,666,796,655,665
6,667,804,659,665
6,677,793,675,703
6,663,806,694,740
6,664,802,705,759
6,652,804,705,768
6,661,797,703,772
6,652,803,692,775
6,655,813,667,778
6,668,829,654,778
6,670,804,640,778
6,682,798,632,778
6,710,792,630,779
6,687,781,630,771
6,668,791,633,755
6,661,784,633,755
6,654,794,636,755
6,682,773,674,776
6,645,785,709,800
6,626,808,726,815
6,638,829,728,816
6,639,875,728,816
6,630,883,728,816
6,637,879,724,803
6,633,876,712,791
6,643,865,704,791
6,677,860,679,799
6,656,832,650,815
6,643,860,632,829
6,635,881,629,842
6,621,900,626,853
6,597,858,626,857
6,622,884,628,859
6,610,857,632,859
6,628,852,638,859
6,636,864,643,858
6,632,872,648,854
6,666,861,656,848
6,685,875,660,844
6,700,896,660,838
6,678,897,653,835
6,682,881,638,836
6,680,898,631,840
6,674,937,625,846
6,661,929,623,849
6,650,939,623,850
6,657,911,624,849
6,633,911,626,848
6,616,898,626,848
6,608,897,628,848
6,611,928,638,853
6,636,929,642,857
6,606,902,643,859
6,619,902,644,869
6,630,915,644,877
6,620,930,640,881
6,637,929,621,884
6,637,901,604,887
6,624,908,596,891
6,620,918,594,896
6,587,901,592,903
6,578,899,590,912
6,598,885,587,925
6,588,880,587,931
6,594,862,586,934
6,585,833,584,939
6,572,825,583,942
6,585,823,583,942
6,592,814,582,942
6,582,814,582,939
6,614,832,586,879
6,612,843,586,817
6,610,873,586,814
6,616,872,586,814
6,604,827,583,810
6,614,823,579,777
6,609,838,578,760
6,608,864,578,760
6,615,878,578,760
6,601,912,578,760
6,596,894,579,779
6,582,896,588,787
6,587,903,590,783
6,593,920,591,775
6,577,951,586,766
6,579,953,585,766
6,582,924,575,789
6,582,923,574,813
6,588,893,586,839
6,592,917,592,847
6,595,935,596,847
6,581,921,597,847
6,548,909,597,847
6,550,896,597,847
6,523,894,597,847
6,536,896,597,847
6,554,875,597,847
6,563,883,597,847
6,573,863,597,847
6,595,862,597,847
6,581,872,597,847
6,598,860,597,847
6,606,884,597,847
6,610,875,594,856
6,610,887,592,866
6,604,912,592,868
6,601,901,592,868
6,591,905,592,868
6,559,929,592,868
6,559,925,593,865
6,538,920,604,848
6,542,921,606,843
6,548,916,606,845
6,543,913,605,887
6,537,917,605,893
6,514,924,605,894
6,511,917,605,894
6,516,902,608,878
6,483,906,609,873
6,497,904,609,869
6,512,913,609,869
6,517,930,608,872
6,498,929,604,880
6,496,954,602,884
6,492,936,601,887
6,498,946,592,894
6,495,950,581,897
6,510,947,573,899
6,518,945,568,900
6,510,933,563,902
6,525,917,560,904
6,554,914,557,908
6,530,907,557,908
6,522,894,557,908
6,544,882,557,908
6,566,908,557,908
6,558,929,557,908
6,577,935,557,908
6,577,925,557,908
6,557,938,536,890
6,547,941,522,856
6,578,912,527,841
6,596,907,530,836
6,584,918,537,834
6,599,909,544,829
6,588,926,551,824
6,577,911,553,824
6,577,895,568,849
6,592,889,572,866
6,603,882,575,880
6,644,872,575,880
6,638,862,575,884
6,609,884,575,890
6,622,883,575,895
6,644,858,575,899
6,651,842,575,903
6,632,853,575,905
6,603,847,575,905
6,599,822,590,885
6,593,828,607,865
6,598,861,623,860
6,604,879,645,849
6,606,860,666,835
6,623,843,681,820
6,631,847,685,806
6,650,831,683,792
6,656,832,669,783
6,683,838,650,786
6,680,825,646,794
6,709,823,635,812
6,723,808,633,820
6,735,791,633,822
6,739,777,635,828
6,726,765,640,829
6,713,752,641,831
6,701,758,642,831
6,685,780,642,837
6,696,749,643,841
6,718,752,643,841
6,727,754,647,836
6,741,748,649,810
6,774,724,649,800
6,764,706,648,800
6,744,688,647,800
6,766,706,645,804
6,773,724,645,806
6,783,723,645,807
6,767,729,659,807
6,739,740,685,795
6,736,726,702,774
6,739,748,721,729
6,711,762,739,665
6,697,794,746,653
6,706,767,747,648
6,701,773,747,648
6,711,763,747,647
6,685,731,751,639
6,683,738,752,627
6,656,753,747,635
6,663,727,738,668
6,654,711,743,707
6,655,704,746,730
6,656,710,747,778
6,638,725,747,796
6,635,727,746,801
6,619,700,745,803
6,634,706,738,803
6,633,707,702,790
6,656,675,679,775
6,681,667,665,754
6,675,672,662,747
6,687,692,659,742
6,683,695,657,739
6,646,691,652,726
6,631,705,649,719
6,637,704,648,705
6,605,676,652,700
6,590,680,659,697
6,575,683,667,699
6,572,698,691,721
6,573,720,698,734
6,561,732,700,752
6,570,712,689,757
6,559,714,664,748
6,557,700,638,720
6,554,688,638,706
6,539,704,648,698
6,542,700,663,697
6,545,685,685,700
6,529,723,700,706
6,516,705,707,713
6,518,703,707,722
6,505,698,707,732
6,510,691,701,737
6,540,655,694,734
6,542,622,681,721
6,536,643,665,704
6,523,654,639,687
6,517,612,623,671
6,525,614,607,666
6,537,604,592,664
6,544,586,570,664
6,543,601,553,668
6,553,592,545,674
6,550,571,540,679
6,531,583,538,680
6,534,584,538,643
6,549,588,526,598
6,549,585,526,597
6,567,571,526,597
6,592,553,528,592
6,579,548,536,578
6,573,553,543,568
6,563,524,545,565
6,554,507,552,556
6,551,505,565,544
6,578,525,574,530
6,612,517,578,521
6,605,516,583,519
6,597,490,589,516
6,587,504,598,513
6,603,536,613,500
6,596,541,617,489
6,586,557,619,472
6,586,558,620,463
6,570,580,624,450
7,949,549,959,548
7,966,530,959,548
7,969,545,959,548
7,937,541,959,548
7,940,533,959,548
7,947,530,959,548
7,927,507,959,548
7,923,510,959,548
7,932,500,959,548
7,915,507,959,548
7,908,510,959,548
7,908,526,959,548
7,902,537,959,548
7,882,532,959,548
7,881,549,959,548
7,871,543,959,548
7,867,550,959,548
7,879,543,955,539
7,881,556,955,537
7,869,550,947,544
7,860,541,935,564
7,835,568,929,567
7,808,590,914,569
7,808,611,900,571
7,797,613,885,575
7,783,603,859,573
7,768,610,847,567
7,766,636,836,552
7,759,628,835,551
7,759,637,835,551
7,774,645,837,559
7,781,647,787,605
7,772,651,752,641
7,780,638,742,669
7,785,652,730,709
7,791,627,726,721
7,801,632,724,731
7,767,620,724,731
7,760,630,733,726
7,765,640,759,707
7,756,642,778,682
7,773,640,780,654
7,773,644,780,633
7,748,670,777,632
7,759,634,775,630
7,742,614,743,618
7,735,631,737,617
7,739,630,736,616
7,745,623,734,616
7,757,614,733,616
7,762,628,733,616
7,759,602,729,611
7,749,590,725,608
7,749,596,726,603
7,762,604,727,601
7,745,620,727,601
7,746,623,732,599
7,761,662,785,569
7,774,661,797,560
7,781,662,797,560
7,765,642,797,560
7,769,652,797,560
7,738,655,792,563
7,732,643,780,593
7,726,665,807,645
7,729,682,829,660
7,737,684,862,662
7,710,670,931,656
7,691,677,989,651
7,701,682,984,639
7,707,688,954,627
7,702,723,910,626
7,715,713,898,629
7,744,740,882,640
7,738,743,829,664
7,744,758,792,676
7,746,777,777,682
7,754,773,765,688
7,725,779,739,699
7,736,785,726,706
7,772,812,718,712
7,774,795,711,721
7,788,804,703,745
7,775,827,703,773
7,748,846,713,799
7,764,860,721,806
7,751,863,732,810
7,781,876,740,814
7,772,869,767,834
7,765,863,793,848
7,759,871,817,850
7,739,868,832,850
7,764,904,835,850
7,806,893,842,851
7,811,870,843,851
7,812,868,844,836
7,848,851,837,826
7,857,880,815,833
7,862,868,793,864
7,865,880,801,883
7,862,882,855,901
7,881,880,915,903
7,881,867,945,902
7,880,864,963,904
7,899,836,971,904
7,903,818,981,903
7,914,815,990,899
7,930,812,995,892
7,912,829,995,887
7,937,834,982,887
7,946,824,947,893
7,940,828,944,876
7,951,826,959,812
7,931,839,976,788
7,918,837,977,779
7,929,834,973,774
7,919,853,957,771
7,925,850,935,760
7,883,854,916,737
7,871,840,906,726
7,886,846,902,721
7,889,836,900,716
7,903,802,901,707
7,873,787,911,696
7,887,806,917,692
7,886,764,918,701
7,880,789,898,733
7,856,801,876,757
7,873,794,863,764
7,852,780,859,764
7,881,789,857,764
7,860,805,855,764
7,846,765,845,746
7,848,765,825,693
7,876,773,820,675
7,888,752,821,668
7,875,743,828,660
7,882,738,837,651
7,901,733,844,646
7,907,713,852,648
7,917,728,874,661
7,919,749,883,662
7,922,748,885,663
7,912,728,896,652
7,910,753,899,633
7,915,729,897,620
7,930,738,897,610
7,960,738,901,604
7,958,742,910,608
7,968,738,937,647
7,976,738,946,663
7,962,755,951,673
7,967,790,961,692
7,981,782,967,700
7,981,763,967,702
7,1010,733,967,702
7,1000,737,970,702
7,1004,735,976,700
7,986,716,986,698
7,982,697,995,696
7,960,704,1019,704
7,930,714,1024,708
7,955,719,1030,724
7,935,711,1030,730
7,936,718,1030,730
7,920,722,1030,730
7,948,708,1033,728
7,954,717,1022,703
7,958,735,983,687
7,957,754,966,685
7,986,744,947,699
7,980,724,939,705
7,985,712,926,717
7,961,692,920,725
7,950,695,919,737
7,977,700,924,751
7,988,686,936,759
7,1004,696,947,762
7,1012,730,961,763
7,1031,724,976,749
7,1049,726,985,732
7,1048,732,983,714
7,1058,701,968,692
7,1037,707,959,686
7,1049,696,948,672
7,1072,709,955,661
7,1058,723,998,660
7,1075,719,1012,653
7,1081,695,1030,640
7,1081,692,1040,631
7,1084,670,1045,627
7,1090,677,1045,627
7,1113,709,1061,648
7,1089,713,1085,665
7,1071,701,1090,665
7,1066,703,1120,664
7,1065,704,1143,659
7,1076,684,1156,655
7,1076,682,1163,651
7,1084,699,1164,651
7,1078,706,1146,665
7,1071,667,1110,712
7,1064,665,1102,729
7,1075,666,1093,735
7,1104,690,1089,737
7,1092,699,1082,738
7,1076,688,1077,738
7,1081,706,1069,727
7,1073,677,1064,711
7,1064,675,1066,680
7,1039,678,1068,676
7,1039,662,1073,676
7,1016,685,1084,680
7,993,677,1088,680
7,1009,677,1096,678
7,1018,672,1103,670
7,1014,649,1106,662
7,1022,668,1105,647
7,1022,664,1096,640
7,1014,683,1069,633
7,1016,668,1056,633
7,1002,666,1036,646
7,995,659,1014,658
7,995,658,1006,661
7,996,644,1004,663
7,1000,642,1004,663
7,1014,649,1004,663
7,1022,668,997,665
7,1020,667,979,669
7,1040,650,967,670
7,1044,669,964,670
7,1049,689,952,663
7,1043,686,942,648
7,1051,674,941,640
7,1036,682,941,633
7,1045,688,950,628
7,1047,705,971,620
7,1068,688,996,613
7,1084,675,1007,613
7,1082,694,1012,614
7,1064,700,1033,625
7,1070,713,1054,631
7,1053,686,1064,639
7,1074,682,1082,660
7,1072,700,1107,679
7,1081,708,1112,680
7,1093,704,1119,680
7,1105,710,1135,670
7,1078,684,1148,658
7,1079,674,1153,656
7,1077,683,1153,656
7,1060,654,1147,664
7,1056,667,1142,676
7,1071,690,1125,691
7,1078,700,1112,695
7,1063,692,1073,696
7,1077,687,1043,679
7,1072,668,1013,636
7,1059,677,1012,624
7,1063,666,1017,613
7,1074,658,1019,601
7,1075,668,1019,590
7,1062,649,1013,579
7,1041,679,1013,577
7,1019,687,1019,577
7,1051,689,1038,585
7,1034,698,1043,588
7,1032,716,1048,593
7,1027,709,1056,601
7,1032,724,1063,605
7,1010,700,1057,595
7,1011,733,1025,580
7,1030,763,1024,579
7,1026,770,1028,587
7,1032,781,1036,595
7,1026,796,1046,607
7,1021,778,1057,629
7,1022,762,1059,644
7,1041,756,1057,649
7,1048,767,1056,662
7,1055,735,1084,702
7,1065,713,1108,732
7,1064,711,1128,759
7,1082,694,1130,763
7,1082,705,1134,773
7,1099,700,1134,796
7,1089,688,1127,803
7,1102,666,1114,813
7,1107,683,1098,813
7,1114,673,1067,767
7,1104,667,1076,717
7,1131,676,1095,696
7,1117,675,1112,678
7,1090,680,1122,670
7,1079,668,1132,664
7,1088,654,1137,664
7,1116,658,1145,666
7,1104,647,1151,672
7,1116,654,1151,672
7,1103,643,1139,658
7,1095,640,1110,623
7,1068,683,1092,611
7,1082,680,1084,609
7,1059,688,1076,602
7,1042,670,1070,590
7,1069,668,1064,573
7,1075,681,1063,569
7,1072,669,1063,569
7,1069,679,1065,579
7,1071,687,1073,606
7,1049,666,1073,617
7,1028,643,1071,631
7,1054,646,1065,642
7,1051,663,1052,652
7,1031,639,1038,663
7,1046,632,1027,671
7,1050,615,1020,674
7,1056,655,1018,675
7,1077,673,1018,675
7,1069,655,1014,669
7,1069,650,1011,659
7,1060,620,1016,649
7,1065,626,1033,642
7,1085,627,1048,634
7,1105,623,1056,629
7,1082,616,1077,626
7,1088,624,1088,625
7,1104,618,1099,626
7,1136,647,1112,624
7,1143,685,1139,617
7,1138,659,1152,611
7,1147,673,1148,602
7,1158,670,1107,590
7,1152,659,1078,584
7,1145,669,1081,592
7,1117,657,1093,600
7,1134,651,1108,601
7,1142,627,1127,601
7,1139,636,1134,606
7,1127,629,1143,626
7,1110,612,1145,643
7,1160,617,1147,651
7,1140,596,1148,654
7,1154,621,1151,659
7,1131,623,1153,660
7,1118,595,1155,658
7,1136,604,1159,631
7,1138,614,1148,611
7,1153,637,1146,595
7,1144,632,1146,582
7,1168,631,1141,578
7,1130,633,1141,578
7,1128,622,1141,573
7,1100,627,1149,550
7,1106,613,1150,543
7,1119,625,1153,537
7,1132,635,1156,535
7,1145,629,1158,534
7,1132,649,1170,525
7,1131,651,1173,524
7,1137,664,1173,524
7,1128,671,1173,524
7,1103,666,1173,524
7,1107,667,1189,542
7,1103,669,1196,549
7,1127,674,1206,558
7,1135,647,1225,580
7,1137,632,1232,591
7,1167,645,1236,602
7,1164,651,1235,609
7,1167,649,1228,618
7,1165,630,1219,632
7,1191,618,1202,640
7,1161,618,1181,643
7,1172,609,1158,637
7,1170,592,1143,623
7,1177,577,1140,617
7,1150,574,1136,598
7,1161,560,1137,588
7,1174,524,1147,580
7,1168,537,1159,571
7,1159,513,1167,565
7,1167,517,1176,561
7,1181,520,1183,557
7,1170,514,1189,555
7,1154,516,1224,530
7,1169,530,1247,521
7,1189,521,1255,518
7,1205,505,1260,515
7,1189,526,1264,518
7,1182,519,1273,550
7,1164,511,1309,607
7,1174,520,1338,673
7,1163,512,1332,695
7,1157,504,1263,649
7,1160,482,1226,616
7,1151,482,1211,606
7,1158,487,1198,600
7,1136,506,1180,586
7,1140,514,1167,563
7,1168,516,1164,550
7,1168,531,1163,545
7,1184,528,1163,539
7,1186,543,1163,529
7,1155,554,1163,513
7,1145,545,1162,509
7,1139,540,1160,507
7,1153,537,1159,507
7,1165,567,1157,518
7,1155,576,1161,545
7,1146,592,1168,564
7,1147,602,1174,576
7,1123,615,1178,582
7,1126,628,1179,586
7,1124,610,1181,592
7,1115,627,1182,603
7,1092,627,1182,606
7,1085,659,1179,610
7,1071,670,1177,610
7,1040,654,1158,589
7,1059,671,1152,578
7,1057,665,1149,573
7,1051,648,1144,566
7,1065,665,1139,564
7,1047,667,1129,564
7,1056,667,1090,634
7,1045,679,1051,724
7,1045,680,1048,736
7,1051,679,1047,737
7,1069,701,1049,738
7,1078,663,1057,744
7,1067,659,1062,751
7,1100,644,1069,737
7,1099,627,1071,699
7,1115,620,1069,662
7,1120,646,1067,658
7,1122,649,1067,652
7,1135,627,1067,652
7,1128,655,1068,650
7,1138,651,1118,628
7,1124,662,1197,577
7,1107,674,1198,576
7,1070,656,1200,578
7,1074,661,1204,585
7,1075,676,1207,586
7,1058,670,1209,586
7,1069,672,1219,586
7,1040,689,1220,585
7,1056,705,1212,591
7,1041,699,1161,622
7,1046,698,1111,651
7,1055,695,1080,671
7,1073,706,1034,693
7,1067,733,1024,693
7,1084,743,1018,696
7,1082,733,1017,696
7,1068,748,1017,699
7,1049,755,1030,714
7,1039,758,1055,722
7,1059,741,1085,722
7,1058,784,1098,718
7,1064,769,1112,710
7,1061,777,1128,708
7,1058,775,1145,705
7,1062,780,1155,704
7,1047,801,1148,716
7,1025,805,1096,759
7,1020,804,1078,776
7,1028,811,1069,788
7,1024,799,1057,803
7,1006,813,1047,822
7,996,823,1039,832
7,981,852,1033,840
7,982,850,1028,857
7,983,855,1024,869
7,995,856,1024,875
7,987,866,1030,882
7,989,843,1042,884
7,1010,863,1064,882
7,1014,861,1101,872
7,1031,853,1107,869
7,1022,849,1107,868
7,1034,848,1107,870
7,1047,854,1085,891
7,1028,863,1062,912
7,1035,852,1054,928
7,1015,889,1054,929
7,1030,895,1054,921
7,999,883,1054,921
7,990,881,1054,921
7,1000,865,1057,892
7,1008,877,1065,856
7,1030,867,1069,832
7,1014,836,1069,830
7,1035,870,1069,830
7,1063,887,1068,830
7,1062,891,1032,828
7,1044,905,1021,826
7,1057,906,1021,830
7,1065,927,1043,831
7,1076,938,1110,829
7,1079,970,1161,827
7,1074,985,1196,822
7,1069,1009,1207,816
7,1075,993,1207,818
7,1073,992,1182,861
7,1062,988,1174,924
7,1027,989,1175,929
7,1035,997,1179,940
7,1051,1002,1182,948
7,1044,1002,1185,961
7,1066,992,1186,972
7,1070,941,1186,979
7,1085,904,1182,973
7,1064,910,1141,958
7,1072,919,1119,958
7,1085,922,1094,966
7,1085,932,1059,980
7,1092,935,1031,991
7,1086,933,1010,999
7,1069,929,1010,991
7,1051,929,1011,959
7,1040,927,1022,930
7,1052,904,1032,924
7,1033,895,1066,918
7,1060,892,1088,914
7,1044,891,1103,909
7,1016,893,1113,906
7,1007,900,1124,908
7,1032,906,1136,920
7,1029,922,1144,945
7,1028,913,1145,961
7,1042,914,1144,968
7,1068,941,1127,976
7,1076,921,1111,976
7,1096,927,1100,972
7,1084,930,1100,971
7,1121,930,1100,971
7,1144,922,1087,971
7,1166,930,1071,971
7,1178,934,1068,967
7,1190,910,1062,942
7,1177,895,1062,936
7,1167,906,1075,927
7,1187,931,1093,919
7,1209,913,1105,915
7,1208,887,1117,914
7,1228,902,1124,914
7,1203,917,1125,914
7,1213,896,1125,914
7,1203,909,1121,914
7,1217,909,1084,925
7,1220,895,1076,928
7,1227,909,1072,929
7,1198,906,1072,929
7,1213,904,1089,923
7,1217,882,1129,912
7,1243,865,1155,905
7,1238,873,1164,894
7,1240,869,1163,882
7,1229,885,1166,869
7,1254,913,1178,864
7,1241,928,1204,868
7,1262,939,1253,869
7,1278,944,1310,867
7,1274,972,1332,860
7,1268,971,1344,857
7,1264,959,1340,858
7,1279,937,1302,882
7,1273,948,1259,911
7,1293,972,1257,913
7,1303,983,1251,915
7,1302,1014,1243,915
7,1318,968,1242,915
7,1327,977,1240,904
7,1314,965,1242,882
7,1316,965,1253,868
7,1318,940,1255,864
7,1303,952,1258,875
7,1296,978,1270,899
7,1261,977,1280,905
7,1253,984,1287,911
7,1256,976,1297,922
7,1239,986,1310,942
7,1257,1025,1314,947
7,1266,977,1320,947
7,1230,996,1337,942
7,1212,1014,1345,939
7,1225,1009,1354,938
7,1200,987,1355,938
7,1207,1003,1337,942
7,1201,1030,1279,963
7,1203,991,1244,982
7,1168,1000,1242,983
7,1199,974,1226,977
7,1213,991,1212,973
7,1251,961,1212,973
7,1254,963,1212,973
7,1251,944,1202,967
7,1253,971,1187,962
7,1277,962,1187,962
7,1288,970,1187,962
7,1315,971,1229,956
7,1279,948,1256,956
7,1266,955,1268,956
7,1249,954,1295,956
7,1258,926,1304,956
7,1251,929,1324,956
7,1242,910,1325,956
7,1244,904,1311,958
7,1267,898,1282,965
7,1299,908,1271,967
7,1283,910,1268,968
7,1273,926,1263,970
7,1277,916,1254,973
7,1298,923,1253,973
7,1290,936,1256,972
7,1305,956,1281,960
7,1299,952,1291,952
7,1307,966,1297,942
7,1297,950,1301,935
7,1305,962,1303,930
7,1312,955,1303,929
7,1324,961,1302,922
7,1333,968,1295,913
7,1321,964,1295,912
7,1317,970,1295,912
7,1335,954,1295,912
7,1328,961,1295,912
7,1344,971,1295,912
7,1372,965,1293,904
7,1402,956,1293,903
7,1399,976,1294,902
7,1394,977,1298,902
7,1388,970,1302,903
7,1387,978,1312,905
7,1380,979,1349,907
7,1386,966,1390,906
7,1377,962,1426,907
7,1395,960,1439,909
7,1393,987,1449,918
7,1393,986,1455,949
7,1382,984,1455,964
7,1387,978,1447,972
7,1403,989,1415,988
7,1399,981,1404,990
7,1414,969,1395,994
7,1393,962,1391,995
7,1394,985,1391,995
7,1389,1003,1391,995
7,1386,1015,1391,995
7,1394,967,1390,995
7,1390,956,1385,984
7,1407,939,1377,968
7,1386,956,1374,968
7,1362,950,1368,969
7,1356,966,1353,979
7,1388,964,1340,992
7,1379,974,1338,994
7,1368,956,1339,996
7,1392,975,1350,993
7,1378,988,1374,967
7,1386,966,1377,946
7,1357,952,1377,940
7,1368,942,1377,939
7,1369,951,1369,933
7,1359,944,1358,930
7,1378,957,1337,932
7,1386,968,1302,950
7,1373,1023,1286,962
7,1366,1002,1284,965
7,1393,989,1286,963
7,1407,987,1311,951
7,1419,997,1336,938
7,1429,986,1364,929
7,1434,995,1390,931
7,1413,1005,1416,938
7,1446,1004,1430,947
7,1425,993,1446,974
7,1425,1004,1452,986
7,1416,1006,1454,1002
7,1414,1032,1450,1018
7,1442,985,1407,1058
7,1416,979,1367,1073
7,1420,980,1344,1059
7,1413,985,1313,1023
7,1421,985,1312,1004
7,1418,976,1315,997
7,1427,987,1328,990
7,1438,979,1351,987
7,1412,986,1363,987
7,1424,976,1376,987
7,1409,967,1383,987
7,1404,993,1391,986
7,1413,1001,1403,983
7,1425,998,1411,982
7,1430,1014,1413,982
7,1427,1001,1416,982
7,1436,1000,1439,982
7,1417,1004,1452,978
7,1445,1001,1464,969
7,1419,997,1464,969
7,1399,994,1464,970
7,1430,998,1458,979
7,1417,993,1458,981
7,1435,999,1458,981
7,1407,993,1457,990
7,1421,992,1455,1001
7,1414,994,1455,1003
7,1425,1004,1455,1003
7,1430,984,1451,1005
7,1438,1005,1438,1009
7,1432,972,1436,1009
7,1407,952,1433,1009
7,1393,959,1419,1006
7,1417,960,1412,1003
7,1415,955,1412,1002
7,1432,955,1412,1002
7,1417,957,1412,1002
7,1439,935,1410,999
7,1417,922,1409,994
7,1403,951,1409,972
7,1404,930,1392,926
7,1398,939,1384,917
7,1395,907,1381,914
7,1406,899,1372,900
7,1418,892,1367,884
7,1413,895,1367,875
7,1421,892,1369,872
7,1394,878,1375,869
7,1396,882,1387,858
7,1379,901,1390,851
7,1377,917,1392,845
7,1370,909,1396,842
7,1378,896,1400,836
7,1384,895,1404,826
7,1373,904,1405,818
7,1371,924,1400,812
7,1380,919,1388,813
7,1380,927,1376,819
7,1356,922,1367,829
7,1377,925,1361,842
7,1393,943,1361,859
7,1383,946,1364,887
7,1361,953,1369,904
7,1358,974,1375,922
7,1369,978,1380,942
7,1365,954,1383,960
7,1362,965,1383,979
7,1362,938,1383,997
7,1358,938,1383,1016
7,1359,929,1377,1030
7,1342,935,1374,1035
7,1329,966,1369,1037
7,1340,953,1353,1028
7,1351,977,1313,987
7,1348,986,1306,962
7,1337,989,1312,941
7,1324,969,1340,914
7,1340,962,1353,894
7,1321,980,1362,882
7,1319,1005,1369,876
7,1302,1004,1384,869
7,1314,981,1395,866
7,1320,968,1406,865
7,1331,980,1417,865
7,1313,972,1437,879
7,1316,994,1447,894
7,1292,984,1450,912
7,1275,1007,1384,936
7,1269,1008,1347,952
7,1264,1006,1332,961
7,1258,1020,1322,977
7,1267,978,1298,1006
7,1261,984,1290,1013
7,1238,986,1283,1025
7,1245,1021,1272,1037
7,1246,1007,1257,1043
7,1255,1021,1231,1041
7,1244,983,1207,1030
7,1230,994,1199,1013
7,1215,1025,1194,999
7,1184,981,1193,996
7,1200,978,1192,991
7,1206,979,1202,981
7,1203,949,1239,974
7,1177,944,1259,972
7,1195,958,1273,972
7,1188,932,1302,974
7,1182,908,1309,974
7,1190,901,1311,976
7,1182,887,1310,979
7,1175,873,1264,985
7,1163,874,1197,984
7,1171,824,1184,984
7,1174,836,1171,985
7,1145,805,1152,984
7,1152,813,1151,977
7,1160,827,1161,923
7,1150,815,1171,886
7,1133,813,1177,871
7,1143,821,1188,846
7,1141,808,1193,825
7,1116,819,1196,794
7,1133,845,1193,778
7,1144,849,1187,773
7,1143,842,1176,774
7,1127,848,1171,778
7,1082,820,1162,783
7,1080,852,1157,791
7,1105,855,1154,806
7,1069,842,1153,824
7,1071,838,1165,845
7,1055,820,1183,859
7,1028,827,1191,860
7,1048,846,1196,844
7,1039,840,1175,806
7,1062,869,1138,785
7,1056,879,1088,776
7,1081,841,1066,775
7,1091,834,1045,770
7,1085,841,1040,770
7,1078,851,1025,778
7,1074,849,992,802
7,1079,850,985,812
7,1084,842,985,824
7,1075,838,991,830
7,1067,812,1017,838
7,1063,825,1060,838
7,1064,803,1094,816
7,1098,806,1115,785
7,1100,782,1130,767
7,1097,776,1133,757
7,1101,772,1115,749
7,1114,756,1035,748
7,1117,752,1012,754
7,1110,758,1008,762
7,1092,783,1006,773
7,1105,772,1010,791
7,1108,742,1012,803
7,1088,746,1021,811
7,1078,731,1035,807
7,1092,745,1051,782
7,1087,732,1058,755
7,1086,748,1061,730
7,1089,733,1061,709
7,1086,729,1061,686
7,1080,746,1061,672
7,1066,730,1067,662
7,1052,741,1082,653
7,1047,760,1099,643
7,1036,758,1109,641
7,1052,764,1112,638
7,1036,751,1117,638
7,1042,750,1118,644
7,1012,756,1115,671
7,1030,752,1108,688
7,1014,733,1101,697
7,1017,701,1093,711
7,1017,685,1089,719
7,1002,692,1085,729
7,993,687,1080,734
7,1004,661,1066,746
7,995,676,1052,753
7,1004,668,1026,730
7,988,639,991,684
7,1013,614,979,648
7,1044,622,973,621
7,1043,606,972,598
7,1049,606,976,576
7,1058,596,976,559
7,1042,601,982,557
7,1064,612,993,555
7,1067,639,1005,556
7,1060,613,1019,565
7,1059,626,1027,572
7,1060,597,1039,584
7,1047,622,1047,594
7,1072,624,1078,612
7,1073,615,1102,623
7,1083,609,1129,635
7,1095,600,1156,649
7,1093,625,1167,667
7,1103,613,1173,689
7,1074,637,1174,692
7,1102,643,1174,695
7,1109,641,1168,697
7,1120,636,1149,700
7,1119,642,1126,700
7,1125,631,1114,700
7,1109,613,1094,700
7,1098,606,1082,698
7,1083,596,1077,696
7,1079,615,1084,693
7,1049,605,1108,687
7,1035,641,1126,686
7,1015,655,1139,685
7,982,661,1141,684
7,982,635,1143,680
7,1004,606,1140,672
7,998,592,1110,652
7,1018,583,1072,634
7,1005,558,1044,617
7,994,523,1039,614
7,1035,485,1038,614
7,1030,479,1025,614
7,1023,470,1021,614
7,1029,455,1021,614
7,1030,459,1024,615
7,1022,482,1032,615
7,1010,475,1043,606
7,1006,495,1042,570
7,1024,518,1028,525
7,1010,498,1025,495
7,1002,513,1019,464
7,1020,509,975,414
7,1019,499,932,352
7,1035,492,930,347
7,1032,481,930,347
7,1048,464,930,347
7,1048,456,964,371
7,1056,435,990,386
7,1052,432,997,396
7,1035,449,1008,417
7,1047,447,1014,428
7,1060,467,1022,446
7,1080,482,1022,450
7,1089,486,1022,450
7,1107,491,1022,450
7,1086,488,1017,446
7,1102,487,1009,438
7,1115,494,1009,436
7,1115,487,1009,436
7,1129,512,1009,436
7,1099,529,1009,436
7,1112,510,1059,461
7,1084,535,1117,492
7,1065,531,1127,511
7,1071,532,1147,549
7,1079,536,1151,554
7,1051,559,1151,555
7,1070,572,1151,555
7,1046,594,1151,555
7,1036,568,1151,555
7,1020,555,1151,555
7,1016,559,1142,560
7,992,568,1140,561
7,998,570,1129,562
7,1006,553,1091,563
7,1025,542,1075,568
7,1011,553,1000,534
7,995,540,969,517
7,1026,531,968,517
7,1022,525,957,534
7,1042,538,955,541
7,1065,525,955,541
7,1076,527,956,541
7,1095,535,983,541
7,1075,513,983,541
7,1062,523,1020,541
7,1021,481,1042,542
7,1024,476,1048,536
7,1016,472,1056,520
7,1008,445,1063,509
7,1001,424,1066,499
7,994,405,1070,498
7,1005,399,1079,495
7,1011,422,1090,490
7,1017,422,1101,486
7,1028,444,1116,481
7,1008,446,1139,479
7,999,461,1148,473
7,980,467,1150,473
7,960,498,1124,446
7,975,492,1110,440
7,992,484,1110,440
7,982,480,1105,440
7,987,484,1098,445
7,969,537,1091,447
7,985,548,1081,452
7,960,555,1062,462
7,930,559,1035,485
7,959,556,1020,503
7,963,541,1015,514
7,946,522,1003,541
7,928,501,986,581
7,941,492,978,601
7,949,508,968,618
7,967,525,967,623
7,956,499,961,627
7,977,501,954,628
7,971,492,945,613
7,948,502,933,556
7,959,489,936,505
7,972,472,955,448
7,955,456,959,427
7,994,478,967,414
7,1007,484,975,395
7,1011,493,976,383
7,1012,504,974,378
7,1005,520,970,375
7,966,525,970,375
7,970,526,969,377
7,981,503,965,408
7,974,506,981,454
7,973,493,1003,474
7,980,476,1014,491
7,998,500,1001,522
7,985,508,977,545
7,1008,493,976,547
7,995,500,976,547
7,991,487,976,544
7,971,493,994,517
7,987,508,1016,514
7,989,506,1050,528
7,979,498,1078,547
7,970,493,1088,561
7,952,540,1087,580
7,926,542,1074,599
7,934,502,1065,609
7,947,493,1055,611
7,957,502,1043,612
7,953,522,1029,615
7,962,485,1026,615
7,955,493,1021,603
7,924,498,1013,581
7,964,498,1008,579
7,951,501,1003,579
7,958,484,1001,570
7,972,490,997,527
7,987,483,994,503
7,977,501,998,489
7,978,515,1010,474
7,996,526,1016,464
7,976,514,1016,464
7,938,520,961,450
7,913,532,950,448
7,906,559,950,448
7,910,556,950,448
7,893,553,1018,476
7,883,549,1020,489
7,850,549,975,532
7,825,558,888,622
7,855,571,877,637
7,841,566,875,637
7,864,567,872,637
7,862,574,845,619
7,872,597,827,599
7,863,589,820,579
7,820,570,821,558
7,798,575,823,549
7,782,572,827,543
7,779,549,832,538
7,756,563,837,536
7,756,570,845,534
7,765,572,868,534
7,766,549,898,535
7,788,572,904,535
7,776,577,905,535
7,772,569,879,536
7,784,558,807,546
7,759,583,777,555
7,757,574,774,556
7,768,563,765,556
7,771,559,740,550
7,781,558,728,549
7,797,558,728,549
7,815,570,721,548
7,821,576,714,547
7,821,584,703,542
7,816,595,702,541
7,833,596,702,540
7,828,612,702,539
7,849,619,708,538
7,872,606,712,538
7,875,621,718,536
7,869,603,739,536
7,876,604,750,535
7,895,619,750,535
7,934,607,752,535
7,965,601,774,551
7,983,625,782,558
7,967,611,790,567
7,956,581,805,588
7,959,579,824,603
7,958,597,838,600
7,970,596,873,580
7,976,603,894,577
7,971,594,961,593
7,949,617,996,605
7,943,597,997,606
7,933,569,997,606
7,911,580,997,606
7,891,586,997,606
7,878,593,997,606
7,896,616,997,606
7,923,610,997,606
7,892,598,977,615
7,877,601,958,624
7,867,601,952,624
7,878,615,919,616
7,871,587,902,612
7,888,581,890,616
7,900,575,874,627
7,927,572,846,644
7,914,579,841,647
7,939,587,838,647
7,943,572,829,647
7,968,535,825,645
7,960,550,823,639
7,959,577,820,610
7,988,561,818,604
7,1014,577,822,596
7,1002,591,852,574
7,974,614,885,556
7,969,645,911,538
7,960,643,933,531
7,956,627,975,538
7,939,646,1019,559
7,937,640,1030,577
7,946,638,1007,618
7,945,619,993,625
7,944,631,975,625
7,918,597,964,618
7,916,592,963,616
7,916,579,959,608
7,915,570,898,573
7,923,582,851,562
7,920,619,848,563
7,885,633,845,575
7,873,663,841,603
7,882,664,840,606
7,866,672,851,600
7,857,699,885,586
7,879,695,915,567
7,907,673,918,566
7,898,666,918,566
7,918,671,920,587
7,910,668,892,633
7,890,654,809,700
7,884,660,780,713
7,899,655,770,720
7,914,643,765,728
7,907,629,759,752
7,913,641,760,757
7,889,642,796,737
7,904,629,877,679
7,906,619,887,667
7,917,594,902,641
7,907,607,914,596
7,893,578,914,581
7,885,571,908,587
7,855,579,894,624
7,871,586,894,639
7,884,569,900,663
7,871,589,902,668
7,869,599,902,669
7,880,612,839,621
7,886,624,805,596
7,884,626,801,594
7,905,616,787,601
7,885,593,772,608
7,879,583,769,608
7,862,593,768,604
7,870,596,774,606
7,896,629,799,624
7,890,631,824,647
7,900,610,846,654
7,894,639,861,644
7,900,626,869,623
7,909,614,868,602
7,926,622,862,592
7,910,633,860,589
7,944,613,860,583
7,947,625,859,578
7,936,615,859,575
7,936,615,860,578
7,928,586,852,604
7,946,580,848,609
7,934,592,864,599
7,940,572,873,592
7,927,579,875,592
7,914,593,910,606
7,912,586,923,604
7,922,573,945,598
