"Block","Tracked_x","Tracked_y","Mouse_x","Mouse_y"
0,936,503,963,542
0,917,508,963,542
0,888,475,963,542
0,856,458,963,542
0,852,475,963,542
0,870,471,963,542
0,872,449,963,542
0,872,425,963,542
0,891,431,963,542
0,902,414,963,542
0,874,398,963,542
0,865,393,963,542
0,878,408,963,542
0,886,430,963,542
0,885,423,963,542
0,887,435,963,542
0,899,433,963,542
0,877,400,963,542
0,878,420,963,542
0,889,406,963,542
0,883,433,963,542
0,875,420,963,542
0,877,435,963,542
0,882,452,963,542
0,879,427,963,542
0,890,439,963,542
0,912,463,963,542
0,902,461,963,541
0,916,451,963,541
0,948,449,963,541
0,963,444,963,541
0,958,414,963,541
0,958,425,963,541
0,946,436,963,541
0,979,474,963,541
0,972,491,963,541
0,966,499,963,536
0,974,489,961,523
0,990,464,942,495
0,1015,474,936,478
0,1032,465,964,493
0,1007,435,986,505
0,991,412,1000,510
0,991,391,1051,510
0,997,355,1188,523
0,1026,355,1260,526
0,1012,368,1257,523
0,1025,392,1231,514
0,1008,377,1218,510
0,1008,356,1163,486
0,1016,371,1114,456
0,1009,351,1091,432
0,1010,363,1077,423
0,1022,353,1057,415
0,1041,338,1043,413
0,1022,306,1018,398
0,1050,286,1017,398
0,1068,259,1013,396
0,1051,288,1010,395
0,1042,307,1010,395
0,1047,316,1010,394
0,1062,324,1010,394
0,1066,328,1010,394
0,1067,329,1018,379
0,1064,327,1021,368
0,1100,334,1021,366
0,1112,307,1021,366
0,1106,321,1021,366
0,1102,344,1021,366
0,1108,309,1021,366
0,1129,333,1025,368
0,1143,326,1029,370
0,1140,320,1035,371
0,1129,336,1043,371
0,1158,369,1087,353
0,1150,382,1104,343
0,1152,375,1123,329
0,1134,371,1149,306
0,1156,344,1156,296
0,1150,331,1156,295
0,1162,324,1156,295
0,1154,343,1161,353
0,1158,325,1163,390
0,1161,322,1168,408
0,1178,299,1170,417
0,1163,283,1170,429
0,1195,271,1170,429
0,1217,281,1165,426
0,1238,262,1155,416
0,1244,242,1152,388
0,1217,243,1152,365
0,1200,262,1161,336
0,1204,280,1202,310
0,1179,304,1230,298
0,1172,302,1240,296
0,1205,304,1244,296
0,1214,333,1235,296
0,1163,303,1198,302
0,1171,292,1178,313
0,1156,293,1168,319
0,1169,294,1166,321
0,1180,309,1168,324
0,1164,318,1171,325
0,1159,309,1171,325
0,1167,308,1152,325
0,1161,313,1145,325
0,1168,302,1138,323
0,1171,312,1122,322
0,1197,317,1109,322
0,1185,314,1106,322
0,1160,310,1106,322
0,1178,319,1107,322
0,1197,324,1116,323
0,1173,307,1122,323
0,1183,286,1122,323
0,1194,286,1122,323
0,1203,270,1122,323
0,1209,289,1125,323
0,1199,277,1129,323
0,1199,262,1129,323
0,1196,277,1129,323
0,1211,291,1129,323
0,1197,289,1129,323
0,1193,296,1130,323
0,1217,298,1130,323
0,1203,292,1130,323
0,1230,278,1130,323
0,1215,264,1135,323
0,1220,270,1135,323
0,1203,286,1135,323
0,1219,290,1135,323
0,1220,307,1135,323
0,1208,343,1143,323
0,1203,346,1151,320
0,1215,362,1165,309
0,1197,351,1172,300
0,1204,351,1173,305
0,1177,356,1180,333
0,1167,398,1184,341
0,1153,389,1194,346
0,1140,391,1197,349
0,1134,379,1205,361
0,1127,400,1212,378
0,1110,398,1216,393
0,1114,417,1177,418
0,1083,446,1146,429
0,1093,470,1137,430
0,1089,488,1131,428
0,1054,488,1111,421
0,1058,492,1102,415
0,1026,482,1094,412
0,1034,486,1085,412
0,1049,504,1074,418
0,1030,508,1074,436
0,1007,507,1074,458
0,985,484,1076,480
0,972,469,1076,503
0,985,442,1073,514
0,993,432,1071,521
0,995,445,1057,524
0,1011,429,989,524
0,1017,446,977,509
0,1019,457,984,479
0,1054,451,1000,449
0,1038,470,1003,446
0,1041,485,1018,446
0,1062,473,1032,446
0,1066,447,1038,447
0,1059,448,1045,452
0,1061,440,1048,455
0,1054,447,1048,456
0,1077,436,1046,457
0,1061,442,1046,458
0,1047,450,1044,459
0,1053,462,1042,460
0,1016,482,1042,460
0,1011,470,1042,460
0,989,486,1070,460
0,990,518,1074,458
0,995,490,1074,458
0,1019,523,1073,458
0,1000,546,1050,473
0,988,551,1002,507
0,973,539,974,528
0,984,513,969,537
0,945,507,966,548
0,971,506,969,557
0,959,509,970,559
0,968,517,970,559
0,977,527,971,559
0,980,499,974,559
0,960,530,976,535
0,956,497,969,513
0,961,500,969,513
0,947,517,968,512
0,976,526,968,511
0,952,528,978,512
0,929,507,974,519
0,966,507,964,522
0,948,493,955,523
0,909,508,944,529
0,935,488,938,533
0,913,482,936,539
0,906,478,937,540
0,893,476,940,541
0,893,469,944,541
0,910,478,944,541
0,941,499,938,539
0,956,494,938,539
0,940,484,937,539
0,946,488,937,536
0,975,488,937,536
0,985,519,937,536
0,988,512,937,534
0,989,506,937,533
0,1000,519,937,533
0,1025,533,937,533
0,1017,506,938,531
0,1032,530,951,526
0,1016,531,953,524
0,994,528,964,524
0,995,509,988,526
0,989,519,1023,537
0,976,517,1023,537
0,987,507,1023,536
0,1019,512,1023,530
0,1003,522,1018,525
0,1019,512,989,512
0,1003,501,989,511
0,1010,495,999,506
0,996,521,1010,505
0,979,494,1015,505
0,985,482,1022,506
0,968,456,1061,504
0,954,452,1069,503
0,956,445,1053,503
0,952,450,1000,511
0,940,443,985,505
0,929,455,947,473
0,926,471,910,449
0,922,458,901,445
0,905,428,897,434
0,926,445,898,432
0,910,459,899,431
0,917,509,902,431
0,890,499,906,431
0,889,518,909,431
0,890,519,910,433
0,865,500,912,440
0,873,512,908,457
0,866,526,907,494
0,884,509,901,513
0,887,524,883,543
0,883,544,875,561
0,915,527,875,563
0,918,524,875,563
0,954,499,873,565
0,941,518,873,565
0,937,519,873,565
0,956,505,878,566
0,959,484,893,566
0,951,473,933,557
0,967,490,965,543
0,935,469,1007,517
0,925,490,1017,502
0,916,491,1018,486
0,906,494,1001,473
0,908,500,994,461
0,922,510,990,460
0,916,485,989,460
0,921,485,984,459
0,952,468,967,467
0,928,443,949,482
0,921,420,948,490
0,909,419,942,497
0,905,376,939,498
0,884,386,937,501
0,871,397,937,501
0,852,410,935,501
0,851,399,940,483
0,846,391,938,410
0,847,405,895,379
0,864,408,870,378
0,860,399,834,378
0,853,401,821,384
0,846,422,797,401
0,818,422,795,413
0,812,421,798,417
0,798,415,804,422
0,807,398,804,424
0,795,410,804,424
0,826,404,803,428
0,825,415,799,432
0,803,411,759,427
0,808,419,689,413
0,804,444,677,410
0,800,445,662,407
0,797,436,651,407
0,813,408,649,407
0,814,401,644,407
0,822,402,642,410
0,807,425,642,410
0,826,426,642,410
0,843,433,642,410
0,843,434,644,408
0,858,445,707,379
0,845,443,718,376
0,849,432,718,378
0,834,413,752,423
0,822,396,812,467
0,813,406,841,491
0,812,422,844,491
0,814,400,847,492
0,805,403,847,492
0,796,433,847,490
0,808,429,811,452
0,828,430,802,443
0,808,436,792,433
0,802,423,791,431
0,825,420,783,430
0,795,396,774,440
0,811,400,770,444
0,799,367,769,447
0,822,381,764,448
0,820,370,752,450
0,805,388,752,451
0,827,391,737,450
0,825,374,730,446
0,833,347,735,416
0,842,353,747,384
0,854,349,754,366
0,872,355,751,361
0,879,345,735,360
0,887,326,720,360
0,900,340,717,360
0,892,323,733,356
0,863,314,775,350
0,848,320,807,347
0,830,324,808,347
0,821,311,822,342
0,804,319,845,333
0,796,340,846,331
0,797,328,861,335
0,787,323,924,345
0,809,338,903,353
0,803,353,821,354
0,812,350,716,347
0,825,347,668,337
0,819,365,664,336
0,829,377,664,336
0,819,388,672,334
0,825,394,689,339
0,811,389,723,353
0,825,375,754,369
0,838,392,786,384
0,865,374,824,404
0,843,368,831,411
0,847,366,832,413
0,850,384,833,417
0,846,395,833,417
0,845,389,833,417
0,828,380,833,417
0,836,391,848,417
0,857,419,849,416
0,867,430,849,416
0,839,434,849,416
0,820,428,849,418
0,818,428,852,431
0,801,444,862,447
0,803,423,895,475
0,812,389,910,483
0,794,376,917,488
0,776,393,948,495
0,759,381,945,495
0,789,379,880,490
0,763,401,839,478
0,762,389,823,463
0,777,369,806,456
0,771,359,759,451
0,765,360,742,448
0,758,330,737,450
0,753,321,737,450
0,761,307,735,451
0,756,314,727,453
0,745,305,724,453
0,736,301,723,450
0,731,297,731,428
0,739,299,752,414
0,734,296,776,403
0,731,283,783,399
0,724,271,781,396
0,677,275,778,393
0,678,235,775,386
0,650,226,769,376
0,678,227,763,369
0,674,210,761,365
0,675,217,760,362
0,659,224,755,362
0,661,235,725,369
0,659,227,681,372
0,642,211,657,364
0,629,204,641,339
0,633,201,628,306
0,643,226,604,276
0,649,227,584,255
0,689,226,590,236
0,675,220,607,221
0,678,239,635,210
0,686,236,649,213
0,686,231,681,232
0,690,234,696,238
0,670,236,713,238
0,660,256,728,238
0,637,240,736,238
0,634,238,740,238
0,617,244,743,238
0,598,245,752,233
0,573,245,753,232
0,588,253,742,234
0,611,279,699,261
0,611,292,669,282
0,601,282,634,300
0,618,249,618,312
0,604,233,616,313
0,625,206,616,315
0,624,154,621,325
0,604,160,673,324
0,616,153,711,319
0,621,132,711,318
0,635,110,706,285
0,638,123,666,246
0,641,154,628,238
0,650,138,574,226
0,648,128,568,223
0,652,135,566,190
0,617,157,611,115
0,618,126,621,111
0,646,130,632,111
0,667,120,643,113
0,683,138,678,116
0,673,135,685,118
0,677,161,675,135
0,670,145,664,150
0,688,174,669,150
0,705,161,694,143
0,695,172,713,134
0,696,171,741,131
0,674,172,751,129
0,633,163,796,126
0,669,157,804,125
0,678,162,804,125
0,668,139,783,130
0,665,131,717,149
0,691,104,646,160
0,669,113,611,162
0,679,117,588,158
0,675,101,587,155
0,704,115,593,148
0,709,104,624,136
0,693,100,639,131
0,706,88,646,130
0,718,79,654,130
0,702,107,670,137
0,702,105,676,139
0,719,82,685,140
0,698,73,688,141
0,676,73,701,147
0,686,64,705,149
0,667,78,716,150
0,666,95,716,151
0,655,98,714,152
0,627,107,699,152
0,606,124,678,152
0,581,129,667,149
0,567,143,650,147
0,540,138,643,146
0,528,123,632,150
0,525,136,631,163
0,527,123,626,179
0,521,129,589,191
0,496,117,560,194
0,522,124,505,194
0,558,134,459,194
0,540,137,453,194
0,548,141,453,194
0,546,120,455,195
0,547,118,461,190
0,545,115,463,188
0,536,121,474,183
0,525,140,478,181
0,531,119,482,181
0,519,113,488,183
0,515,107,488,194
0,502,114,465,208
0,518,122,446,214
0,540,112,449,217
0,524,110,477,221
0,534,96,575,219
0,526,95,575,211
0,525,89,587,170
0,537,121,600,156
0,549,121,614,150
0,561,113,617,147
0,567,94,619,146
0,558,82,619,146
0,534,77,618,146
0,546,58,605,146
0,540,90,592,146
0,541,108,578,147
0,529,123,577,147
0,520,125,577,147
0,520,121,577,147
0,513,110,567,144
0,496,121,565,144
0,504,97,554,137
0,507,101,531,135
0,515,84,524,135
0,516,91,512,137
0,535,87,506,142
0,523,63,512,147
0,518,65,518,154
0,518,63,528,157
0,503,96,572,158
0,499,114,579,158
0,482,121,585,158
0,485,135,592,156
0,490,100,593,156
0,493,104,593,156
0,478,77,590,156
0,523,66,560,160
0,504,78,552,163
0,478,65,538,167
0,513,76,533,169
0,496,73,529,170
0,473,53,525,170
0,548,115,525,168
0,569,134,525,166
0,568,164,534,157
0,563,155,541,153
0,556,137,569,150
0,559,143,574,150
0,561,151,573,152
0,594,157,559,171
0,595,163,554,187
0,565,159,559,207
0,557,175,561,217
0,571,201,561,220
0,565,208,558,220
0,567,214,552,211
0,582,207,546,189
0,602,207,545,181
0,600,220,545,181
0,606,220,539,183
0,614,213,534,203
0,596,198,531,220
0,577,208,530,241
0,585,185,538,271
0,592,164,551,277
0,583,165,565,277
0,571,184,571,270
0,565,205,578,263
0,542,205,608,256
0,582,210,608,255
0,565,209,607,248
0,545,201,598,240
0,560,200,582,238
0,543,204,563,242
0,558,192,556,246
0,562,205,556,246
0,516,215,556,246
0,524,211,559,247
0,515,179,561,247
0,531,175,564,246
0,555,175,566,243
0,558,175,566,243
0,539,183,558,245
0,521,199,555,246
0,541,219,553,250
0,536,214,553,250
0,538,200,554,254
0,561,207,560,255
0,560,192,564,256
0,551,185,575,256
0,564,196,582,255
0,573,183,589,254
0,581,172,592,250
0,562,148,593,249
0,568,146,598,245
0,572,161,599,245
0,576,162,605,241
0,565,186,610,239
0,512,195,621,233
0,519,185,628,226
0,551,186,593,198
0,542,186,568,191
0,538,186,544,184
0,541,179,529,177
0,531,208,525,177
0,525,197,525,184
0,512,148,541,204
0,508,153,573,227
0,501,138,576,231
0,503,165,576,234
0,483,179,576,238
0,511,167,574,241
0,513,190,554,245
0,518,165,554,245
0,520,179,537,245
0,537,183,535,245
0,530,168,534,244
0,528,183,534,242
0,490,165,540,232
0,514,166,554,227
0,515,174,562,226
0,498,168,565,226
0,493,137,581,226
0,483,139,581,225
0,479,146,528,229
0,498,144,499,233
0,501,144,488,229
0,510,153,479,223
0,543,135,467,214
0,555,109,459,202
0,553,108,454,192
0,560,95,453,189
0,546,95,466,180
0,519,97,503,172
0,514,85,526,174
0,505,103,545,174
0,473,111,552,174
0,508,128,555,174
0,516,136,559,174
0,540,123,559,174
0,538,104,550,172
0,541,104,521,172
0,558,84,511,172
0,552,85,512,173
0,547,87,565,177
0,537,90,591,177
0,518,77,600,179
0,516,60,612,179
0,508,79,613,179
0,493,70,623,168
0,484,81,625,162
0,502,86,613,151
0,502,71,605,150
0,499,34,566,150
0,502,93,536,150
0,524,86,526,149
0,532,97,515,146
0,522,100,514,145
0,532,92,519,140
0,524,84,533,135
0,530,111,539,135
0,521,88,545,135
0,490,86,550,136
0,520,100,550,136
0,506,103,549,143
0,517,136,547,148
0,522,121,540,153
0,511,106,528,159
0,504,77,503,165
0,490,86,491,170
0,499,80,487,172
0,507,77,486,173
0,506,84,487,176
0,510,94,496,181
0,528,112,497,181
0,531,141,509,175
0,512,107,516,170
0,516,100,518,163
0,521,105,518,157
0,525,143,525,155
0,524,137,666,185
0,529,145,675,188
0,526,133,659,189
0,542,137,620,187
0,557,127,603,185
0,585,125,586,184
0,575,118,584,183
0,577,121,581,182
0,578,113,570,176
0,561,108,568,174
0,568,105,568,174
0,603,112,567,171
0,609,115,567,166
0,581,98,574,151
0,562,81,578,146
0,581,105,578,140
0,612,106,578,140
0,608,92,578,142
0,603,102,579,144
0,641,120,579,145
0,658,124,579,145
0,636,103,579,145
0,653,127,593,152
0,653,129,603,157
0,641,146,606,158
0,631,119,624,163
0,625,112,627,164
0,640,86,642,168
0,650,78,659,168
0,666,47,662,162
0,681,108,664,153
0,708,107,664,148
0,707,125,659,145
0,715,118,657,144
0,725,123,649,142
0,720,134,645,143
0,732,140,641,149
0,744,148,640,152
0,752,161,639,157
0,752,157,639,160
0,751,145,639,165
0,753,151,639,166
0,753,135,641,167
0,752,150,648,169
0,750,167,656,170
0,762,164,672,170
0,763,161,693,170
0,750,138,701,169
0,727,114,707,167
0,731,118,708,164
0,702,150,713,161
0,702,145,715,152
0,713,175,715,150
0,749,170,719,150
0,750,160,720,149
0,728,153,723,149
0,722,143,723,153
0,711,127,715,160
0,699,135,715,163
0,694,132,733,168
0,689,114,742,168
0,689,104,753,162
0,702,110,757,153
0,680,119,750,147
0,678,118,738,142
0,710,127,725,142
0,695,123,721,142
0,703,123,702,146
0,726,121,682,149
0,720,130,635,154
0,722,146,634,154
0,736,150,634,154
0,745,152,647,146
0,749,131,691,143
0,726,144,703,141
0,737,170,715,142
0,709,150,717,142
0,724,184,717,142
0,719,184,731,141
0,712,146,743,140
0,712,115,753,137
0,701,103,754,134
0,714,96,741,138
0,723,83,721,146
0,728,76,710,152
0,713,57,709,152
0,700,77,709,152
0,706,111,709,152
0,687,112,709,152
0,688,100,709,142
0,695,112,703,128
0,665,115,702,127
0,625,89,693,122
0,597,114,680,122
0,560,122,676,122
0,557,133,675,129
0,539,146,672,136
0,528,167,669,141
0,519,168,631,156
0,534,169,597,167
0,540,194,569,171
0,528,218,534,177
0,521,225,525,179
0,529,256,525,179
0,529,270,525,181
0,562,258,535,185
0,567,221,551,197
0,584,210,555,215
0,596,217,569,271
0,594,222,572,281
0,559,205,577,299
0,553,185,581,299
0,592,180,623,279
0,601,187,655,245
0,617,166,655,239
0,604,152,654,239
0,590,174,641,231
0,606,163,632,219
0,622,212,637,209
0,597,191,645,205
0,634,186,645,205
0,651,201,604,204
0,655,202,590,205
0,658,200,590,208
0,674,210,596,229
0,669,208,603,234
0,664,229,622,236
0,638,230,652,233
0,631,245,682,229
0,595,240,693,225
0,580,216,693,225
0,577,224,693,225
0,615,226,688,233
0,620,246,674,245
0,623,248,657,249
0,641,231,648,249
0,651,240,644,243
0,658,237,641,237
0,660,237,641,231
0,657,248,643,230
0,670,256,661,226
0,670,260,665,225
0,672,249,667,225
0,697,275,671,226
0,691,290,675,228
0,678,285,676,229
0,672,296,676,230
0,684,275,677,230
0,694,262,678,237
0,696,269,683,249
0,689,295,681,267
0,683,285,674,276
0,684,297,651,287
0,686,319,648,287
0,688,313,648,287
0,681,321,656,292
0,662,315,677,302
0,639,333,688,307
0,658,332,690,308
0,667,328,691,308
0,681,299,693,310
0,697,285,694,321
0,697,296,692,326
0,701,269,667,327
0,721,263,649,329
0,712,250,658,318
0,690,239,691,294
0,663,233,695,287
0,667,249,713,276
0,695,264,727,267
0,670,243,747,266
0,697,248,755,262
0,734,264,753,259
0,744,267,738,253
0,741,273,722,246
0,765,286,709,246
0,775,278,686,255
0,764,264,684,262
0,762,277,687,271
0,754,294,710,278
0,756,290,716,280
0,754,301,717,281
0,756,281,717,281
0,747,268,721,283
0,740,267,732,282
0,745,241,732,282
0,731,237,732,282
0,747,243,733,286
0,761,239,733,288
0,782,240,733,290
0,786,251,734,285
0,800,255,736,273
0,788,254,742,266
0,790,235,763,259
0,783,235,798,253
0,765,216,802,253
0,764,242,808,252
0,789,238,810,252
0,779,240,809,254
0,777,246,768,270
0,796,235,745,267
0,783,249,737,263
0,798,262,731,259
0,794,251,731,254
0,804,230,731,253
0,806,257,738,253
0,843,271,757,253
0,851,259,776,260
0,815,265,781,263
0,836,300,784,271
0,845,299,785,273
0,857,295,786,282
0,839,295,794,295
0,844,293,802,303
0,836,278,811,304
0,863,284,812,306
0,872,267,813,307
0,863,291,816,310
0,855,293,820,329
0,861,308,820,338
0,862,326,821,338
0,839,325,829,334
0,819,321,899,318
0,818,310,921,308
0,799,318,921,306
0,812,338,924,306
0,839,352,924,306
0,831,341,904,324
0,828,349,878,332
0,819,325,876,332
0,836,317,876,332
0,842,321,876,332
0,845,321,878,337
0,883,328,888,360
0,869,305,893,366
0,868,281,883,358
0,876,315,859,340
0,894,322,859,340
0,904,345,880,330
0,914,350,903,325
0,919,315,903,324
0,908,314,903,325
0,899,299,906,347
0,877,310,918,382
0,875,303,929,390
0,859,317,932,391
0,877,317,932,391
0,856,274,932,392
0,834,282,933,393
0,842,283,934,393
0,829,296,910,387
0,816,327,872,387
0,804,321,871,387
0,821,309,857,369
0,810,287,813,336
0,836,269,799,310
0,848,292,796,308
0,856,286,773,323
0,865,289,771,330
0,860,318,772,332
0,828,319,790,327
0,802,305,828,316
0,764,307,837,306
0,768,288,842,301
0,777,288,847,300
0,793,274,855,310
0,784,257,854,323
0,773,262,826,334
0,772,293,818,334
0,763,291,808,326
0,776,279,798,322
0,776,281,792,317
0,770,279,789,316
0,758,258,789,316
0,773,262,789,316
0,794,291,786,315
0,764,309,786,315
0,735,326,786,315
0,752,325,788,311
0,758,329,787,309
0,751,306,777,287
0,763,297,775,279
0,764,318,775,277
0,764,284,760,278
0,729,278,721,286
0,725,287,711,289
0,719,282,701,296
0,740,285,697,301
0,762,272,697,303
0,754,279,700,305
0,748,246,700,305
0,766,260,693,306
0,767,276,659,310
0,786,286,652,310
0,792,275,649,305
0,793,284,650,300
0,796,294,672,290
0,771,300,689,289
0,774,295,740,297
0,770,305,788,299
0,768,284,857,294
0,786,303,890,285
0,791,311,893,282
0,794,297,883,268
0,812,287,854,260
0,825,269,808,262
0,831,264,789,269
0,842,280,786,275
0,858,290,788,285
0,859,277,819,302
0,875,295,869,307
0,859,281,869,307
0,878,277,872,304
0,906,305,873,300
0,917,273,873,295
0,908,264,874,291
0,892,259,875,290
0,888,266,877,289
0,849,257,881,291
0,850,259,897,300
0,852,247,934,306
0,832,269,934,306
0,821,286,934,306
0,796,262,934,302
0,804,263,932,296
0,797,271,899,285
0,808,279,860,283
0,781,283,857,283
0,776,293,855,288
0,773,309,854,289
0,796,333,831,294
0,790,338,807,303
0,793,333,804,305
0,792,364,801,309
0,771,372,799,315
0,763,376,806,327
0,754,373,811,330
0,754,367,816,332
0,742,363,818,334
0,719,359,818,337
0,721,363,800,351
0,745,367,774,365
0,751,355,768,370
0,761,380,758,370
0,746,372,748,370
0,737,372,685,364
0,745,355,679,348
0,755,327,720,338
0,743,335,726,336
0,767,355,728,337
0,760,346,733,352
0,753,337,733,358
0,761,329,735,358
0,738,348,735,358
0,748,361,735,354
0,722,367,720,346
0,733,366,720,346
0,738,394,723,349
0,737,417,710,362
0,763,408,674,364
0,762,402,660,368
0,798,410,650,374
0,822,386,646,382
0,856,405,646,387
0,857,426,672,398
0,860,418,679,400
0,834,421,702,404
0,833,448,749,404
0,846,460,769,404
0,854,479,796,410
0,843,493,817,415
0,823,486,820,420
0,838,474,822,428
0,848,486,822,444
0,845,474,822,462
0,862,459,815,478
0,879,458,804,488
0,837,442,778,489
0,845,456,773,489
0,851,454,773,489
0,815,464,773,489
0,826,484,775,493
0,802,467,783,496
0,807,496,801,501
0,807,519,811,506
0,777,510,818,509
0,767,491,820,510
0,778,461,820,510
0,779,461,820,510
0,774,460,783,507
0,782,488,777,510
0,774,502,773,520
0,780,508,766,524
0,763,514,767,522
0,766,524,778,493
0,774,501,792,463
0,784,497,800,437
0,778,502,800,431
0,766,499,800,427
0,750,498,788,446
0,779,492,776,479
0,731,507,768,516
0,750,498,758,528
0,744,535,737,555
0,734,518,707,574
0,705,530,701,575
0,705,525,679,573
0,734,530,659,565
0,749,530,655,558
0,761,518,654,551
0,780,515,654,542
0,754,534,653,544
0,757,549,653,544
0,739,574,664,550
0,749,571,694,561
0,715,561,720,566
0,728,559,732,567
0,727,562,749,571
0,736,583,760,571
0,732,614,760,573
0,752,635,750,579
0,741,642,691,588
0,738,667,655,589
0,748,646,650,603
0,770,634,648,615
0,748,650,653,651
0,746,655,666,677
0,739,641,683,693
0,719,624,697,706
0,713,633,715,711
0,706,621,735,711
0,680,635,746,708
0,666,667,746,702
0,663,660,746,694
0,659,668,745,686
0,667,669,742,683
0,649,678,714,678
0,648,693,699,677
0,662,700,689,673
0,665,690,680,673
0,685,683,668,678
0,710,723,656,692
0,707,734,654,711
0,699,734,653,727
0,703,704,669,751
0,694,698,670,752
0,692,715,683,762
0,702,691,691,767
0,703,667,691,767
0,719,666,691,772
0,729,650,691,779
0,733,642,688,785
0,706,627,683,790
0,695,617,682,790
0,680,625,679,788
0,686,628,681,781
0,668,633,688,768
0,686,599,662,739
0,685,604,645,727
0,698,606,635,720
0,697,581,635,718
0,673,588,635,716
0,690,597,620,700
0,679,598,621,695
0,700,589,637,689
0,726,607,649,688
0,706,618,619,688
0,693,618,610,687
0,665,617,610,685
0,666,600,611,680
0,677,589,616,668
0,656,598,617,666
0,668,597,619,665
0,656,624,634,660
0,632,636,652,660
0,634,627,654,660
0,615,625,661,661
0,605,629,660,662
0,603,620,649,664
0,604,619,612,668
0,612,642,606,669
0,599,657,599,675
0,590,663,591,679
0,571,647,591,679
0,546,641,590,679
0,543,651,568,676
0,562,651,565,673
0,566,654,564,670
0,567,661,564,670
0,560,682,552,669
0,552,681,502,661
0,539,690,496,660
0,526,672,496,660
0,500,688,496,660
0,507,735,494,674
1,928,562,970,540
1,925,562,970,540
1,912,546,970,540
1,919,547,970,540
1,921,551,970,540
1,917,559,970,540
1,938,563,970,540
1,979,582,963,539
1,1009,563,959,538
1,996,557,952,535
1,989,569,942,530
1,998,581,940,529
1,998,599,946,531
1,998,603,994,571
1,988,645,1025,581
1,983,675,1025,581
1,976,671,1025,581
1,1005,667,1031,587
1,1028,674,1035,598
1,1025,685,1028,624
1,1022,711,1001,654
1,1003,729,992,655
1,1014,713,998,659
1,998,716,1027,667
1,1003,711,1050,668
1,1028,738,1052,668
1,1056,738,1051,669
1,1038,745,1032,678
1,1056,748,1013,690
1,1064,763,1008,709
1,1036,768,1017,729
1,1041,740,1041,749
1,1048,761,1050,755
1,1040,779,1053,758
1,1063,771,1069,767
1,1079,792,1081,771
1,1093,818,1082,771
1,1132,788,1082,771
1,1126,789,1082,771
1,1132,787,1101,771
1,1159,769,1121,774
1,1152,762,1139,782
1,1161,753,1155,785
1,1165,758,1174,786
1,1157,757,1185,778
1,1148,766,1190,771
1,1152,764,1190,760
1,1175,774,1185,751
1,1183,780,1185,740
1,1185,772,1185,739
1,1152,799,1179,735
1,1159,780,1173,732
1,1154,766,1171,732
1,1137,768,1199,741
1,1147,772,1204,742
1,1157,775,1199,747
1,1158,763,1191,751
1,1136,776,1175,754
1,1143,786,1168,754
1,1154,796,1161,753
1,1149,820,1161,753
1,1150,787,1160,753
1,1159,793,1160,753
1,1141,818,1160,753
1,1146,808,1160,759
1,1138,800,1156,768
1,1132,806,1155,770
1,1133,807,1155,770
1,1142,816,1155,770
1,1136,812,1154,772
1,1111,819,1153,775
1,1122,797,1150,780
1,1137,793,1146,785
1,1127,790,1146,786
1,1121,780,1145,789
1,1124,767,1137,793
1,1104,781,1125,799
1,1140,758,1115,803
1,1124,754,1102,802
1,1142,744,1093,799
1,1149,741,1088,799
1,1171,718,1088,798
1,1164,699,1083,792
1,1157,696,1080,786
1,1147,686,1087,772
1,1149,674,1095,769
1,1153,657,1108,761
1,1153,664,1111,753
1,1155,681,1110,723
1,1131,699,1104,709
1,1137,720,1092,683
1,1159,713,1087,672
1,1147,703,1083,667
1,1147,701,1084,666
1,1124,698,1084,666
1,1119,687,1084,666
1,1115,674,1112,686
1,1123,664,1153,712
1,1119,667,1161,721
1,1116,664,1161,721
1,1110,668,1161,722
1,1100,660,1156,722
1,1117,660,1149,723
1,1109,676,1143,725
1,1123,671,1139,725
1,1119,656,1134,725
1,1093,673,1134,725
1,1100,657,1133,725
1,1087,664,1130,724
1,1064,650,1125,717
1,1088,648,1125,713
1,1073,638,1126,704
1,1089,647,1126,698
1,1066,637,1120,690
1,1058,612,1107,682
1,1049,601,1107,682
1,1082,585,1097,675
1,1064,577,1090,667
1,1087,584,1084,660
1,1089,605,1077,652
1,1082,613,1071,645
1,1081,624,1068,638
1,1079,631,1067,628
1,1059,649,1069,620
1,1036,663,1073,620
1,1037,693,1080,625
1,1064,717,1088,644
1,1073,675,1088,653
1,1084,643,1084,661
1,1100,647,1075,668
1,1119,651,1071,670
1,1149,637,1074,676
1,1169,651,1078,681
1,1128,653,1082,680
1,1147,646,1086,651
1,1145,615,1085,634
1,1145,649,1077,601
1,1126,635,1075,591
1,1124,617,1074,591
1,1098,611,1075,593
1,1126,613,1095,616
1,1142,596,1112,625
1,1134,607,1113,627
1,1128,580,1113,627
1,1128,583,1114,628
1,1128,570,1115,628
1,1138,563,1115,628
1,1132,556,1111,626
1,1155,551,1108,624
1,1154,518,1107,623
1,1125,520,1113,593
1,1154,525,1119,573
1,1160,493,1127,548
1,1172,497,1136,526
1,1168,497,1136,522
1,1176,497,1136,522
1,1140,507,1135,518
1,1121,491,1124,514
1,1119,498,1106,514
1,1092,504,1102,514
1,1097,528,1102,514
1,1105,535,1067,516
1,1085,533,1046,517
1,1068,548,1040,517
1,1069,564,1040,517
1,1079,557,1040,517
1,1058,568,1030,516
1,1072,583,1007,513
1,1070,594,959,517
1,1065,560,957,520
1,1090,559,969,528
1,1079,575,988,534
1,1028,591,1021,550
1,1034,599,1048,568
1,1038,580,1057,577
1,1054,576,1064,585
1,1065,568,1072,592
1,1087,551,1075,593
1,1105,531,1067,602
1,1089,523,1049,609
1,1084,540,1041,603
1,1110,544,1036,595
1,1133,534,1039,576
1,1110,534,1045,569
1,1109,559,1053,565
1,1076,551,1063,563
1,1107,548,1075,563
1,1111,539,1091,563
1,1106,565,1092,563
1,1101,565,1092,563
1,1113,570,1099,569
1,1105,556,1102,577
1,1085,561,1100,582
1,1059,573,1099,584
1,1041,563,1099,584
1,1030,574,1098,584
1,1051,573,1088,587
1,1040,577,1085,590
1,1040,594,1085,590
1,1053,605,1075,589
1,1042,572,997,586
1,1063,533,985,586
1,1046,519,985,586
1,1054,519,985,586
1,1034,541,984,589
1,1035,530,984,592
1,1045,531,984,597
1,1035,498,999,604
1,1029,493,1010,599
1,1037,497,1014,591
1,1040,498,1006,567
1,1046,497,1002,552
1,1065,483,1000,543
1,1070,469,999,538
1,1069,447,997,527
1,1077,437,997,526
1,1079,442,998,519
1,1084,451,1004,508
1,1087,449,1016,501
1,1083,453,1029,495
1,1081,421,1047,471
1,1086,415,1054,460
1,1077,417,1059,447
1,1073,423,1059,446
1,1084,434,1065,446
1,1092,436,1083,452
1,1084,449,1103,458
1,1065,459,1103,458
1,1073,447,1104,453
1,1052,448,1109,441
1,1065,464,1115,423
1,1061,483,1117,423
1,1059,473,1117,423
1,1067,474,1117,423
1,1050,469,1092,419
1,1044,471,987,422
1,1054,478,978,424
1,1084,477,987,449
1,1107,466,1000,471
1,1114,472,1009,478
1,1081,466,1016,481
1,1068,444,1025,483
1,1053,413,1039,486
1,1071,440,1046,488
1,1064,422,1062,488
1,1079,401,1082,489
1,1087,401,1085,489
1,1055,411,1076,477
1,1064,392,1048,447
1,1069,427,1038,411
1,1074,432,1037,384
1,1074,429,1037,382
1,1101,422,1042,383
1,1121,393,1046,384
1,1099,413,1056,398
1,1067,396,1064,412
1,1071,398,1066,419
1,1074,384,1066,427
1,1055,400,1068,430
1,1069,406,1073,430
1,1089,416,1080,425
1,1092,419,1075,423
1,1054,402,1067,418
1,1051,395,1061,417
1,1051,361,1043,421
1,1062,355,1034,429
1,1047,318,1041,441
1,1062,305,1042,443
1,1075,319,1043,443
1,1069,326,1050,440
1,1091,299,1073,419
1,1084,283,1078,402
1,1089,305,1084,380
1,1069,301,1087,365
1,1052,314,1091,361
1,1078,306,1100,362
1,1072,284,1135,364
1,1085,286,1143,362
1,1079,289,1143,362
1,1070,299,1142,361
1,1072,291,1127,354
1,1061,300,1104,341
1,1031,316,1085,334
1,1027,332,1076,329
1,1012,348,1061,322
1,1012,327,1056,318
1,1017,314,1048,299
1,1006,311,1021,290
1,1023,306,989,329
1,1050,272,991,381
1,1023,263,998,407
1,990,260,999,408
1,990,280,999,408
1,993,267,999,410
1,974,247,1001,400
1,979,244,1009,371
1,985,252,1014,338
1,965,253,1019,320
1,941,295,1019,314
1,937,300,1019,312
1,940,290,998,309
1,933,287,954,299
1,952,259,918,301
1,960,267,909,302
1,960,271,887,321
1,966,274,881,345
1,953,251,888,365
1,963,246,892,368
1,959,241,901,372
1,973,227,906,375
1,950,206,908,376
1,972,222,917,375
1,962,187,917,371
1,939,203,902,364
1,934,229,897,343
1,949,214,896,329
1,947,223,890,311
1,938,214,890,305
1,926,208,890,301
1,914,227,890,301
1,901,207,879,298
1,885,211,864,297
1,900,222,861,297
1,873,252,852,295
1,865,245,843,292
1,861,240,831,286
1,865,235,819,272
1,894,229,800,256
1,880,237,791,254
1,902,222,775,253
1,917,226,756,256
1,938,237,744,266
1,944,250,843,265
1,959,257,884,255
1,968,240,908,245
1,953,256,920,243
1,928,258,940,241
1,911,241,957,243
1,915,261,970,253
1,897,278,981,267
1,903,282,975,280
1,927,281,950,283
1,921,307,895,283
1,921,309,842,284
1,921,322,835,283
1,911,323,835,283
1,905,322,840,284
1,913,323,856,299
1,915,328,885,314
1,924,349,918,320
1,925,338,928,321
1,963,345,928,321
1,974,391,928,322
1,959,391,928,329
1,986,416,928,348
1,968,386,938,369
1,955,381,946,382
1,957,403,953,390
1,984,415,958,397
1,987,404,968,418
1,961,374,978,442
1,954,358,990,465
1,965,347,1001,482
1,964,365,1012,492
1,970,354,1014,492
1,975,373,1017,493
1,989,402,1016,482
1,964,390,1007,467
1,958,377,976,417
1,961,378,955,388
1,954,364,945,368
1,991,334,946,360
1,1017,345,975,367
1,1001,356,991,402
1,1030,354,998,421
1,1055,377,1002,443
1,1058,382,1010,449
1,1046,383,1036,456
1,1051,402,1059,459
1,1059,412,1084,454
1,1055,399,1084,454
1,1072,411,1084,454
1,1081,404,1085,454
1,1089,384,1088,454
1,1071,344,1113,454
1,1095,352,1152,449
1,1093,352,1231,435
1,1092,367,1231,435
1,1085,354,1220,425
1,1085,349,1191,415
1,1078,345,1123,392
1,1071,320,1114,380
1,1073,345,1112,364
1,1097,351,1106,341
1,1078,346,1085,321
1,1090,325,1044,300
1,1090,343,1044,300
1,1076,365,1044,300
1,1081,388,1044,300
1,1064,382,1051,290
1,1068,373,1062,281
1,1076,403,1065,282
1,1103,422,1064,308
1,1116,443,1036,361
1,1104,430,1015,380
1,1070,460,1002,390
1,1049,439,1001,398
1,1058,425,1041,424
1,1032,412,1070,436
1,1041,392,1076,441
1,1059,372,1088,455
1,1047,371,1088,469
1,1017,350,1066,484
1,1009,354,1052,497
1,974,368,1052,498
1,977,361,1048,493
1,952,360,1044,449
1,940,365,1026,377
1,934,352,992,348
1,954,335,953,344
1,941,341,929,351
1,949,323,925,353
1,980,305,915,362
1,990,336,907,373
1,1009,342,924,395
1,1013,329,978,413
1,1013,323,1016,417
1,1055,322,1016,417
1,1047,322,1012,421
1,1078,303,981,433
1,1086,282,959,450
1,1074,287,951,453
1,1102,290,948,453
1,1102,288,960,448
1,1106,279,1034,411
1,1105,288,1089,356
1,1080,305,1094,334
1,1081,300,1098,320
1,1063,287,1099,314
1,1056,288,1106,302
1,1094,277,1112,301
1,1120,284,1135,295
1,1104,297,1132,316
1,1091,310,1128,332
1,1079,297,1192,339
1,1076,292,1232,340
1,1085,310,1267,340
1,1088,311,1257,336
1,1093,294,1206,320
1,1071,276,1178,312
1,1111,269,1158,291
1,1127,253,1125,271
1,1111,244,1124,263
1,1133,247,1127,246
1,1130,251,1127,244
1,1108,281,1127,239
1,1103,268,1127,239
1,1101,278,1127,239
1,1115,279,1127,239
1,1130,311,1132,239
1,1137,314,1136,242
1,1134,296,1143,246
1,1132,313,1148,248
1,1150,331,1148,248
1,1131,341,1151,250
1,1117,343,1157,250
1,1138,343,1164,251
1,1118,361,1172,258
1,1112,326,1172,259
1,1086,298,1172,259
1,1085,314,1172,260
1,1092,322,1156,306
1,1076,318,1142,323
1,1084,290,1136,330
1,1094,293,1130,337
1,1087,298,1126,344
1,1096,281,1124,350
1,1083,311,1123,350
1,1068,307,1103,353
1,1084,326,1077,359
1,1089,356,1076,357
1,1110,370,1066,350
1,1123,375,1057,338
1,1121,404,1056,336
1,1115,416,1056,336
1,1136,411,1061,337
1,1141,411,1065,339
1,1134,417,1076,367
1,1108,436,1097,405
1,1107,421,1095,413
1,1097,434,1090,427
1,1065,440,1089,428
1,1048,443,1080,428
1,1049,441,1060,427
1,1040,417,1030,422
1,1013,398,1021,422
1,1008,385,1012,413
1,1004,392,1006,412
1,1014,353,1004,419
1,1021,357,1001,425
1,1027,325,999,426
1,1023,323,995,424
1,1019,322,978,404
1,1030,337,940,364
1,1028,315,929,344
1,1011,319,925,322
1,1017,316,924,302
1,1010,326,924,283
1,997,324,928,277
1,1016,315,940,265
1,1012,305,963,247
1,1030,309,967,243
1,1047,285,989,258
1,1056,307,1024,289
1,1073,303,1024,318
1,1060,300,1020,332
1,1057,317,1014,345
1,1061,331,1013,350
1,1045,336,1013,352
1,1038,311,1009,358
1,1005,308,1009,360
1,1003,290,1012,360
1,986,294,1019,361
1,963,289,1024,362
1,963,264,1027,363
1,951,269,1028,364
1,944,285,1029,364
1,963,299,1034,362
1,964,275,1042,353
1,983,290,1042,353
1,974,308,1021,343
1,959,291,984,342
1,954,304,976,343
1,958,321,976,343
1,960,321,987,340
1,983,326,1007,328
1,1003,335,1024,314
1,1001,324,1028,310
1,1007,335,1033,303
1,1033,341,1033,303
1,1027,293,1025,317
1,1008,296,1018,329
1,1002,284,1015,337
1,1015,292,1016,348
1,1018,288,1022,355
1,997,266,1074,383
1,974,222,1075,383
1,1015,244,1065,375
1,1026,233,1023,358
1,1035,231,968,329
1,1027,233,958,303
1,1049,243,936,245
1,1071,252,934,222
1,1056,234,938,194
1,1049,227,947,181
1,1078,214,956,180
1,1078,218,1045,216
1,1076,233,1053,244
1,1082,217,1053,254
1,1072,198,1053,259
1,1074,215,1053,263
1,1084,214,1053,265
1,1104,185,1053,265
1,1076,193,1051,266
1,1077,202,1044,266
1,1081,173,1028,250
1,1082,175,1022,224
1,1075,156,1027,205
1,1089,154,1030,202
1,1067,141,1047,194
1,1084,123,1058,187
1,1104,103,1062,186
1,1092,113,1067,185
1,1082,114,1069,185
1,1079,101,1069,185
1,1060,94,1073,175
1,1107,124,1072,165
1,1087,112,1068,162
1,1083,126,1054,159
1,1081,140,1003,156
1,1080,103,967,152
1,1100,79,967,152
1,1088,102,967,152
1,1092,105,997,158
1,1055,112,1025,163
1,1045,115,1026,163
1,1003,117,1028,166
1,976,86,1028,166
1,1002,86,1030,166
1,1003,72,1033,167
1,996,70,1033,167
1,962,90,1033,167
1,977,84,943,195
1,962,46,878,205
1,988,118,872,204
1,993,104,866,201
1,994,101,866,200
1,1002,108,867,181
1,1022,146,872,170
1,1023,111,884,159
1,1020,120,895,156
1,1008,148,920,151
1,1012,168,932,157
1,1012,191,945,167
1,1025,206,952,169
1,1009,227,952,174
1,999,224,952,182
1,1007,226,952,189
1,991,221,952,190
1,990,232,952,190
1,986,230,980,189
1,986,270,994,189
1,1008,254,998,189
1,1040,257,1013,184
1,1058,248,1013,183
1,1063,237,1011,182
1,1071,238,997,186
1,1053,251,991,198
1,1076,279,989,207
1,1076,305,989,213
1,1097,291,989,215
1,1087,295,989,220
1,1113,274,989,222
1,1137,288,989,222
1,1149,249,994,222
1,1159,229,1018,213
1,1176,227,1024,212
1,1188,223,1037,214
1,1162,235,1084,243
1,1159,224,1127,268
1,1185,215,1130,270
1,1189,197,1132,270
1,1206,162,1147,262
1,1186,148,1176,248
1,1207,134,1193,238
1,1208,149,1193,238
1,1229,158,1194,235
1,1211,143,1199,227
1,1201,104,1207,215
1,1175,117,1213,205
1,1184,98,1213,204
1,1178,88,1214,202
1,1184,71,1220,195
1,1200,75,1225,190
1,1204,76,1233,175
1,1203,72,1236,173
1,1207,99,1225,167
1,1211,101,1184,149
1,1216,113,1152,139
1,1198,90,1150,137
1,1197,112,1151,138
1,1184,131,1166,150
1,1187,133,1176,159
1,1179,118,1180,169
1,1158,98,1193,183
1,1175,70,1194,186
1,1168,97,1170,186
1,1148,104,1149,183
1,1132,90,1136,174
1,1119,83,1116,155
1,1119,115,1100,137
1,1105,130,1097,127
1,1087,132,1097,121
1,1109,108,1098,119
1,1092,116,1098,119
1,1110,116,1098,119
1,1125,123,1080,125
1,1126,111,1046,139
1,1145,100,1036,144
1,1151,94,1029,148
1,1127,94,1024,155
1,1129,108,1024,157
1,1120,113,1025,172
1,1115,123,1034,177
1,1142,131,1041,181
1,1110,132,1073,166
1,1099,145,1079,160
1,1098,113,1079,152
1,1134,131,1075,145
1,1123,127,1069,143
1,1092,117,1059,139
1,1108,114,1056,136
1,1126,143,1049,132
1,1107,139,1044,131
1,1082,118,1033,131
1,1070,98,1013,137
1,1078,106,1000,142
1,1100,89,1000,144
1,1091,87,1001,153
1,1085,112,1011,161
1,1057,124,1018,162
1,1057,118,1019,161
1,1050,110,1014,147
1,1022,73,996,137
1,1030,81,997,128
1,1023,88,1012,114
1,1007,80,1021,110
1,1013,88,1036,110
1,1043,76,1041,110
1,1014,79,1056,113
1,997,53,1058,117
1,986,91,1068,122
1,990,96,1068,123
1,1010,68,1063,123
1,1032,87,1044,126
1,1025,103,1019,129
1,1016,107,1011,130
1,1051,102,989,135
1,1044,104,989,135
1,1036,115,987,140
1,1030,139,989,149
1,1053,134,997,154
1,1061,121,1006,155
1,1085,109,1007,155
1,1088,120,1016,155
1,1092,123,1021,155
1,1089,131,1027,151
1,1120,127,1035,151
1,1116,118,1082,152
1,1113,103,1123,152
1,1104,96,1145,152
1,1109,97,1157,150
1,1113,96,1183,146
1,1101,77,1192,144
1,1108,88,1200,140
1,1100,80,1211,134
1,1080,99,1212,134
1,1107,74,1212,133
1,1123,68,1212,133
1,1116,97,1212,133
1,1122,81,1212,133
1,1118,58,1212,133
1,1134,98,1212,139
1,1119,125,1197,150
1,1112,157,1153,161
1,1095,168,1146,161
1,1124,155,1127,157
1,1147,130,1123,157
1,1147,124,1123,157
1,1139,139,1120,156
1,1134,132,1114,152
1,1120,165,1110,140
1,1104,172,1105,128
1,1135,163,1105,126
1,1134,162,1111,123
1,1104,172,1119,123
1,1097,183,1135,127
1,1120,171,1135,136
1,1122,154,1135,145
1,1139,176,1142,152
1,1123,183,1151,152
1,1143,197,1163,145
1,1141,204,1169,142
1,1135,173,1172,141
1,1097,158,1173,139
1,1082,137,1173,139
1,1058,146,1174,140
1,1072,150,1158,158
1,1083,127,1138,167
1,1075,126,1127,166
1,1093,134,1095,165
1,1075,131,1072,164
1,1061,124,1063,162
1,1040,132,1056,161
1,1050,167,1054,160
1,1063,139,1054,158
1,1069,146,1061,150
1,1074,135,1061,149
1,1049,127,1064,146
1,1066,134,1064,146
1,1072,140,1064,146
1,1078,120,1069,149
1,1049,109,1082,162
1,1055,148,1091,171
1,1067,128,1096,174
1,1087,130,1098,175
1,1086,119,1096,178
1,1111,97,1085,178
1,1121,89,1066,176
1,1135,89,1058,165
1,1109,95,1051,145
1,1095,84,1046,132
1,1100,101,1039,126
1,1094,104,1036,125
1,1105,83,1032,125
1,1100,94,1035,126
1,1121,90,1079,129
1,1102,80,1107,129
1,1110,70,1107,129
1,1108,73,1117,130
1,1112,61,1124,129
1,1094,81,1125,129
1,1098,114,1125,129
1,1102,121,1125,129
1,1121,130,1125,129
1,1104,128,1125,128
1,1106,131,1122,127
1,1127,141,1118,124
1,1167,148,1117,122
1,1179,128,1113,115
1,1175,141,1113,115
1,1157,153,1113,115
1,1153,171,1114,115
1,1162,211,1158,141
1,1166,234,1217,157
1,1137,237,1226,160
1,1127,252,1228,163
1,1123,252,1228,176
1,1143,270,1227,194
1,1132,260,1218,221
1,1117,273,1212,229
1,1104,273,1197,237
1,1089,272,1166,244
1,1097,254,1143,254
1,1100,240,1134,263
1,1064,262,1110,284
1,1068,242,1093,307
1,1065,248,1085,316
1,1045,240,1085,318
1,1035,249,1085,318
1,1061,256,1084,306
1,1060,259,1083,294
1,1061,278,1075,282
1,1057,254,1059,280
1,1063,250,1040,280
1,1041,215,1040,280
1,1035,195,1038,279
1,1006,194,1038,266
1,993,173,1040,256
1,998,141,1045,248
1,997,158,1048,243
1,980,154,1048,240
1,970,147,1027,227
1,994,112,982,194
1,996,96,963,180
1,985,98,948,166
1,960,99,937,150
1,949,89,929,132
1,951,79,928,132
1,945,89,934,132
1,941,96,950,132
1,937,97,965,132
1,917,86,967,132
1,897,74,969,131
1,879,75,969,125
1,841,52,960,119
1,834,76,947,117
1,837,56,946,117
1,845,91,913,130
1,860,95,862,146
1,839,92,811,171
1,818,120,772,204
1,819,96,768,213
1,829,123,765,213
1,838,129,750,197
1,847,103,734,179
1,844,106,728,172
1,838,99,726,171
1,831,105,726,171
1,847,98,815,172
1,874,116,857,174
1,875,121,859,174
1,875,95,861,170
1,880,95,858,166
1,871,99,841,162
1,862,118,820,162
1,864,107,820,162
1,847,120,820,162
1,845,121,871,170
1,863,94,948,173
1,875,94,961,175
1,871,88,966,176
1,884,100,966,176
1,896,98,948,173
1,893,95,892,170
1,906,96,864,165
1,907,83,857,162
1,900,79,856,159
1,861,67,862,152
1,880,85,873,141
1,900,57,878,138
1,874,80,897,128
1,874,68,908,124
1,897,81,911,124
1,868,85,914,124
1,856,91,886,135
1,879,72,818,152
1,896,45,781,161
1,891,81,768,170
1,884,67,759,180
1,869,120,758,182
1,846,107,767,187
1,856,125,770,187
1,839,123,798,180
1,822,121,819,169
1,832,143,859,137
1,840,139,864,124
1,855,120,864,122
1,856,137,828,122
1,841,164,792,124
1,829,147,756,125
1,842,150,728,128
1,827,158,716,130
1,820,157,716,130
1,821,166,712,132
1,857,139,708,135
1,845,135,705,140
1,853,160,700,147
1,857,173,679,152
1,860,168,665,145
1,860,172,677,123
1,866,178,764,99
1,880,183,822,95
1,853,191,857,109
1,851,186,878,123
1,843,211,875,139
1,856,205,855,160
1,886,191,852,164
1,863,187,849,173
1,838,210,843,177
1,839,219,813,182
1,802,226,722,179
1,809,232,656,179
1,812,226,656,179
1,831,238,670,188
1,846,244,708,190
1,848,245,756,187
1,849,259,789,186
1,852,268,793,186
1,860,257,793,192
1,876,251,793,206
1,880,257,790,224
1,887,256,792,260
1,887,245,810,283
1,908,236,822,305
1,908,247,846,351
1,899,228,871,372
1,901,230,891,382
1,919,201,909,382
1,913,193,918,373
1,895,214,939,331
1,896,208,951,275
1,897,214,940,224
1,909,210,929,208
1,947,238,905,183
1,928,220,874,161
1,944,225,851,144
1,959,231,847,143
1,963,214,844,142
1,977,234,845,159
1,967,216,883,195
1,957,190,1009,247
1,926,181,1046,264
1,914,177,1048,285
1,920,195,1050,290
1,947,237,1053,293
1,922,223,1053,285
1,925,222,1053,265
1,923,220,1030,223
1,935,240,980,188
1,926,215,917,151
1,927,216,863,133
1,928,194,854,133
1,927,179,854,156
1,932,172,862,185
1,925,209,914,224
1,929,240,917,228
1,912,212,920,235
1,930,205,920,235
1,933,203,922,235
1,929,192,923,213
1,915,198,915,172
1,896,214,900,160
1,897,213,899,169
1,887,195,908,206
1,860,195,939,248
1,858,208,962,296
1,856,201,967,317
1,883,204,945,337
1,874,207,847,343
1,861,204,791,332
1,857,215,756,294
1,858,230,667,250
1,839,220,655,230
1,818,207,654,215
1,818,238,701,194
1,828,244,736,186
1,810,252,743,186
1,808,236,758,196
1,798,238,759,203
1,805,232,759,212
1,821,200,730,227
1,857,202,705,230
1,845,196,672,233
1,853,205,645,236
1,874,186,635,235
1,882,173,624,235
1,877,180,618,235
1,888,184,619,235
1,875,198,677,238
1,882,221,837,242
1,895,222,851,238
1,904,222,871,222
1,900,243,885,210
1,916,238,889,200
1,909,255,889,197
1,936,246,889,186
1,933,257,889,185
1,935,270,900,196
1,903,276,906,223
1,916,303,888,264
1,912,291,876,274
1,919,302,871,281
1,914,286,868,289
1,914,272,875,296
1,912,266,922,304
1,887,255,922,305
1,878,259,920,305
1,866,257,920,305
1,865,263,920,305
1,878,259,921,305
1,905,260,921,305
1,922,250,921,305
1,907,234,876,340
1,878,222,811,338
1,872,207,789,336
1,888,221,772,338
1,860,166,739,349
1,880,181,739,356
1,888,175,739,365
1,893,170,739,365
1,882,162,772,357
1,875,181,815,324
1,873,168,818,291
1,908,188,808,247
1,897,163,788,208
1,895,172,770,177
1,917,188,755,148
1,918,200,752,121
1,943,178,758,104
1,949,186,775,93
1,919,185,786,86
1,927,185,802,80
1,932,205,839,78
1,947,213,871,84
1,951,221,878,92
1,965,200,878,106
1,984,210,883,128
1,972,225,884,131
1,954,203,886,142
1,961,224,886,146
1,969,248,894,155
1,1002,256,919,165
1,1013,223,928,172
1,985,204,942,196
1,996,214,968,262
1,990,207,973,325
1,1007,190,986,345
1,1011,162,994,351
1,989,206,1005,348
1,962,197,1015,292
1,962,202,989,239
1,956,216,953,199
1,927,225,923,171
1,956,238,898,147
1,956,233,886,129
1,942,238,886,117
1,955,273,890,110
1,957,301,893,109
1,950,286,900,113
1,960,258,924,149
1,957,257,933,176
1,967,290,945,234
1,965,273,949,285
1,965,297,947,301
1,967,296,941,323
1,959,299,941,329
1,979,313,938,329
1,988,319,934,329
1,987,319,934,328
1,984,302,934,328
1,976,299,934,326
1,990,296,940,327
1,967,332,949,332
1,986,361,955,335
1,998,351,965,337
1,987,329,967,339
1,983,307,969,338
1,960,307,973,335
1,954,304,968,358
1,968,287,964,372
1,948,264,966,372
1,939,271,966,372
1,954,273,967,372
1,959,283,967,362
1,968,253,963,351
1,954,234,946,316
1,938,217,940,300
1,897,215,937,288
1,887,194,943,284
1,901,233,958,282
1,916,221,979,282
1,938,218,984,282
1,936,213,985,282
1,949,207,973,282
1,937,190,882,238
1,893,219,809,185
1,896,233,793,159
1,906,262,786,138
1,885,292,785,120
1,875,289,787,119
1,854,295,810,125
1,858,303,826,137
1,856,320,844,161
1,864,336,854,177
1,855,339,861,198
1,845,336,858,216
1,858,335,848,237
1,878,335,840,244
1,904,316,822,254
1,876,323,786,277
1,878,328,767,299
1,885,338,753,332
1,887,342,753,359
1,875,365,755,366
1,895,361,762,387
1,875,360,764,391
1,869,385,797,395
1,864,371,834,390
1,904,358,835,390
1,912,307,806,419
1,920,308,792,455
1,927,313,792,455
1,949,299,792,455
1,941,301,814,455
1,930,305,848,449
1,922,311,858,441
1,957,322,885,411
1,939,315,900,345
1,922,328,897,286
1,952,321,875,261
1,950,295,874,259
1,953,312,875,260
1,948,329,900,261
1,940,321,922,261
1,910,316,975,263
1,910,300,989,263
1,889,308,986,265
1,887,317,966,278
1,885,332,955,286
1,894,349,956,294
1,896,338,955,300
1,905,372,925,324
1,917,365,887,334
1,928,386,843,355
1,939,407,838,368
1,930,390,850,410
1,907,404,851,411
1,918,397,879,413
1,907,396,902,409
1,930,384,902,408
1,940,354,904,401
1,921,360,906,395
1,938,341,902,389
1,956,321,897,387
1,976,327,885,378
1,972,347,877,357
1,930,341,1010,310
1,949,335,1051,316
1,954,348,1041,330
1,979,380,1015,362
1,980,385,975,390
2,970,539,960,545
2,979,545,960,545
2,984,532,960,545
2,989,546,960,545
2,966,550,960,545
2,979,561,960,545
2,964,571,960,545
2,986,575,960,545
2,994,580,970,538
2,990,607,970,538
2,984,595,970,538
2,984,605,970,538
2,1002,601,973,537
2,981,598,977,537
2,1000,584,984,548
2,1006,605,990,561
2,1005,585,1003,588
2,1003,591,1009,615
2,1013,589,1009,634
2,1047,587,1005,638
2,1041,584,1001,641
2,1025,579,999,642
2,1012,566,994,642
2,1022,568,993,642
2,1030,592,990,637
2,1032,562,992,630
2,1034,580,1012,593
2,1015,582,996,575
2,1030,587,982,570
2,1047,572,982,559
2,1042,584,982,552
2,1056,642,987,550
2,1037,674,1006,544
2,1023,666,1006,544
2,1056,669,997,554
2,1061,691,1001,578
2,1073,690,1015,596
2,1043,690,1031,624
2,1079,684,1032,640
2,1101,686,1041,650
2,1097,677,1066,651
2,1134,663,1151,655
2,1127,652,1159,655
2,1141,656,1159,655
2,1138,658,1154,651
2,1156,645,1118,636
2,1152,642,1086,633
2,1149,638,1083,632
2,1162,632,1083,632
2,1161,626,1108,632
2,1141,623,1134,632
2,1140,638,1152,638
2,1123,622,1161,646
2,1129,623,1166,656
2,1161,627,1169,656
2,1153,609,1169,656
2,1161,620,1169,656
2,1148,615,1168,641
2,1173,614,1151,624
2,1171,602,1133,620
2,1171,590,1114,619
2,1173,588,1113,619
2,1171,631,1120,619
2,1149,641,1146,632
2,1146,631,1157,640
2,1134,646,1163,642
2,1117,643,1177,653
2,1091,648,1189,667
2,1097,646,1191,689
2,1110,619,1194,693
2,1132,637,1195,694
2,1150,633,1198,697
2,1149,622,1197,697
2,1149,630,1197,697
2,1144,644,1191,688
2,1144,658,1185,677
2,1159,663,1182,672
2,1169,648,1159,651
2,1182,649,1143,639
2,1180,608,1139,638
2,1164,639,1131,639
2,1172,645,1121,656
2,1167,646,1123,666
2,1148,661,1128,676
2,1123,673,1139,694
2,1127,662,1147,705
2,1135,677,1147,706
2,1114,700,1147,706
2,1122,706,1150,707
2,1133,707,1156,704
2,1157,695,1167,695
2,1165,717,1174,691
2,1171,689,1176,686
2,1192,698,1169,671
2,1191,688,1102,662
2,1184,713,1048,666
2,1201,676,1045,667
2,1177,696,1047,667
2,1174,673,1065,652
2,1192,697,1079,650
2,1193,704,1101,649
2,1173,696,1135,658
2,1162,719,1150,660
2,1187,719,1152,667
2,1178,734,1156,670
2,1183,767,1164,682
2,1155,778,1166,690
2,1156,781,1171,696
2,1129,786,1177,699
2,1142,788,1193,698
2,1146,806,1201,697
2,1141,815,1202,697
2,1151,803,1164,700
2,1180,783,1125,709
2,1167,805,1126,715
2,1141,811,1142,727
2,1166,799,1159,735
2,1156,798,1162,738
2,1195,797,1163,744
2,1193,774,1163,750
2,1208,812,1164,752
2,1231,807,1168,768
2,1223,793,1170,775
2,1230,799,1168,785
2,1246,794,1164,788
2,1222,787,1165,791
2,1218,776,1178,787
2,1205,768,1194,774
2,1217,717,1200,765
2,1234,716,1210,759
2,1227,743,1221,752
2,1265,740,1222,750
2,1263,734,1226,743
2,1261,737,1273,729
2,1252,745,1287,721
2,1232,730,1287,721
2,1231,753,1287,718
2,1234,740,1279,716
2,1220,744,1249,700
2,1190,751,1246,699
2,1222,747,1246,699
2,1239,773,1246,699
2,1220,733,1235,686
2,1228,738,1234,686
2,1213,742,1234,686
2,1225,725,1231,678
2,1251,728,1216,668
2,1220,703,1182,664
2,1218,727,1177,664
2,1190,699,1177,669
2,1192,696,1192,696
2,1167,692,1208,715
2,1194,694,1213,720
2,1177,687,1213,724
2,1144,687,1205,740
2,1137,695,1200,745
2,1128,664,1200,746
2,1155,703,1191,751
2,1152,720,1165,763
2,1145,720,1164,764
2,1166,714,1164,765
2,1159,721,1197,732
2,1152,728,1196,724
2,1141,757,1177,700
2,1145,745,1167,688
2,1146,729,1159,672
2,1173,758,1157,670
2,1169,759,1157,670
2,1183,736,1158,669
2,1168,750,1159,672
2,1159,727,1133,699
2,1168,724,1122,716
2,1193,720,1136,727
2,1189,724,1178,735
2,1178,725,1197,735
2,1177,743,1197,735
2,1171,738,1198,735
2,1164,750,1207,734
2,1188,777,1208,733
2,1176,765,1208,733
2,1191,798,1212,730
2,1169,813,1219,726
2,1196,815,1235,719
2,1199,827,1246,716
2,1223,818,1254,720
2,1237,830,1259,731
2,1251,797,1255,742
2,1249,819,1244,749
2,1284,825,1229,749
2,1265,799,1220,752
2,1293,809,1214,755
2,1312,798,1212,757
2,1306,774,1212,757
2,1320,764,1216,761
2,1331,748,1222,764
2,1331,778,1226,768
2,1336,771,1241,771
2,1331,776,1249,771
2,1367,754,1260,756
2,1386,744,1268,731
2,1379,733,1272,713
2,1381,717,1275,710
2,1354,711,1278,710
2,1350,731,1284,710
2,1372,674,1302,729
2,1376,665,1308,738
2,1388,665,1315,744
2,1377,634,1321,746
2,1400,628,1327,749
2,1364,656,1335,749
2,1363,682,1356,739
2,1349,700,1369,723
2,1345,714,1379,700
2,1377,694,1398,659
2,1375,673,1405,625
2,1386,694,1413,606
2,1393,674,1416,605
2,1426,685,1423,628
2,1437,698,1427,647
2,1400,681,1440,664
2,1408,690,1444,667
2,1406,708,1465,674
2,1416,722,1479,668
2,1409,728,1497,653
2,1381,730,1502,636
2,1392,727,1502,634
2,1387,730,1498,634
2,1381,718,1496,634
2,1372,708,1500,642
2,1374,734,1506,644
2,1379,708,1523,646
2,1378,702,1524,648
2,1379,713,1484,675
2,1390,723,1409,712
2,1382,711,1390,724
2,1380,692,1379,747
2,1365,679,1385,762
2,1385,654,1390,764
2,1395,669,1401,764
2,1392,661,1438,746
2,1410,681,1449,734
2,1397,670,1462,711
2,1408,666,1468,694
2,1421,667,1469,684
2,1413,668,1472,672
2,1404,663,1473,668
2,1402,641,1484,667
2,1401,635,1543,663
2,1410,601,1544,662
2,1419,606,1544,662
2,1409,633,1533,655
2,1413,622,1525,640
2,1413,597,1514,615
2,1397,592,1514,603
2,1396,585,1514,581
2,1385,584,1507,565
2,1369,582,1481,546
2,1359,564,1426,538
2,1337,548,1353,537
2,1311,568,1326,537
2,1317,559,1320,537
2,1306,558,1312,533
2,1290,585,1244,507
2,1282,587,1230,500
2,1293,608,1227,494
2,1306,585,1227,481
2,1287,587,1229,476
2,1265,601,1255,487
2,1283,608,1257,498
2,1305,596,1263,524
2,1352,598,1304,643
2,1333,611,1332,695
2,1328,628,1342,703
2,1314,635,1355,708
2,1295,648,1414,699
2,1303,645,1433,691
2,1317,651,1435,668
2,1307,635,1435,658
2,1297,617,1429,646
2,1294,605,1406,606
2,1276,597,1368,587
2,1266,585,1358,591
2,1273,578,1342,610
2,1290,588,1343,627
2,1308,585,1359,635
2,1326,560,1381,638
2,1318,548,1398,632
2,1310,520,1410,624
2,1309,510,1398,589
2,1327,495,1374,566
2,1332,483,1358,568
2,1339,499,1352,570
2,1347,499,1344,577
2,1365,487,1340,582
2,1378,493,1340,583
2,1387,515,1344,581
2,1397,516,1411,521
2,1427,538,1419,494
2,1439,559,1420,488
2,1404,568,1420,487
2,1415,561,1419,487
2,1404,543,1411,485
2,1415,554,1405,484
2,1421,539,1403,493
2,1440,554,1413,509
2,1394,569,1430,537
2,1403,563,1433,559
2,1386,575,1431,582
2,1370,571,1435,591
2,1375,554,1445,595
2,1338,549,1457,596
2,1314,536,1467,600
2,1311,547,1467,600
2,1292,529,1458,601
2,1301,544,1376,605
2,1288,571,1363,600
2,1305,548,1354,578
2,1304,567,1340,559
2,1293,570,1330,543
2,1289,580,1325,538
2,1289,590,1319,532
2,1295,591,1306,532
2,1308,590,1299,543
2,1315,609,1313,560
2,1338,616,1352,589
2,1315,601,1372,600
2,1323,609,1374,602
2,1332,610,1375,614
2,1345,622,1371,619
2,1361,649,1384,638
2,1352,628,1397,646
2,1359,621,1416,647
2,1344,597,1424,647
2,1339,615,1429,639
2,1312,607,1433,627
2,1345,598,1434,606
2,1358,598,1434,606
2,1408,582,1435,622
2,1400,563,1431,649
2,1412,574,1410,658
2,1433,573,1399,651
2,1403,585,1380,626
2,1360,573,1394,586
2,1371,575,1435,561
2,1375,554,1460,555
2,1373,560,1465,554
2,1365,551,1468,547
2,1388,568,1468,542
2,1375,553,1466,522
2,1370,554,1461,510
2,1367,563,1437,502
2,1362,577,1424,502
2,1355,572,1414,503
2,1363,560,1408,509
2,1367,562,1407,522
2,1388,536,1413,544
2,1384,522,1420,554
2,1360,515,1410,559
2,1359,516,1369,569
2,1330,520,1359,559
2,1336,511,1349,543
2,1342,470,1340,504
2,1347,475,1339,486
2,1351,475,1343,475
2,1354,471,1364,460
2,1401,489,1365,458
2,1416,471,1363,452
2,1416,468,1350,446
2,1396,469,1322,452
2,1384,477,1300,455
2,1388,484,1287,460
2,1399,488,1297,466
2,1420,514,1378,485
2,1428,507,1410,493
2,1414,507,1419,501
2,1421,506,1414,517
2,1428,489,1401,537
2,1426,473,1394,547
2,1439,456,1375,564
2,1403,451,1364,568
2,1420,461,1359,562
2,1415,449,1361,527
2,1442,451,1373,500
2,1396,482,1386,481
2,1380,448,1400,455
2,1358,472,1404,448
2,1357,471,1404,435
2,1367,468,1393,428
2,1371,478,1386,423
2,1363,459,1377,421
2,1385,488,1368,438
2,1383,461,1408,467
2,1368,463,1434,483
2,1391,482,1454,502
2,1389,459,1456,507
2,1407,456,1458,504
2,1405,465,1460,468
2,1390,436,1447,429
2,1404,466,1434,413
2,1400,452,1405,410
2,1399,473,1364,410
2,1400,464,1286,416
2,1402,466,1264,419
2,1427,450,1264,419
2,1424,431,1276,414
2,1434,432,1312,399
2,1410,424,1336,398
2,1426,430,1396,406
2,1412,432,1418,411
2,1436,456,1421,414
2,1414,451,1425,418
2,1427,441,1431,425
2,1427,487,1434,429
2,1445,459,1435,429
2,1392,442,1451,400
2,1373,481,1453,379
2,1369,492,1455,365
2,1363,473,1457,363
2,1372,471,1467,364
2,1376,476,1491,381
2,1354,482,1509,395
2,1334,460,1509,399
2,1336,461,1509,410
2,1304,469,1492,434
2,1313,482,1472,448
2,1330,454,1454,452
2,1322,462,1451,453
2,1346,448,1449,453
2,1334,441,1453,469
2,1326,419,1455,469
2,1322,409,1455,469
2,1307,416,1459,480
2,1309,419,1456,496
2,1319,425,1415,495
2,1330,457,1358,459
2,1332,432,1275,403
2,1307,430,1264,384
2,1317,436,1259,360
2,1315,437,1263,354
2,1301,447,1278,357
2,1318,426,1327,372
2,1321,430,1345,377
2,1313,454,1347,381
2,1309,460,1347,384
2,1309,438,1338,388
2,1337,448,1332,401
2,1329,435,1338,416
2,1326,440,1351,434
2,1297,438,1434,458
2,1295,461,1436,458
2,1299,417,1426,462
2,1298,415,1408,468
2,1312,411,1393,476
2,1341,409,1376,477
2,1340,424,1332,468
2,1331,445,1316,461
2,1333,429,1302,453
2,1336,438,1273,439
2,1316,430,1267,415
2,1322,412,1303,396
2,1290,427,1336,386
2,1278,431,1339,386
2,1284,434,1343,392
2,1303,422,1338,407
2,1313,427,1286,448
2,1328,433,1274,464
2,1332,448,1276,478
2,1329,464,1305,513
2,1350,481,1301,511
2,1344,473,1280,518
2,1347,461,1252,524
2,1343,438,1251,517
2,1351,442,1272,481
2,1394,442,1314,468
2,1396,466,1347,465
2,1410,460,1352,464
2,1419,490,1354,460
2,1410,475,1358,441
2,1421,498,1359,410
2,1408,495,1366,408
2,1407,507,1371,408
2,1417,458,1395,424
2,1413,482,1423,438
2,1424,479,1426,454
2,1382,459,1425,476
2,1416,460,1422,483
2,1425,447,1407,503
2,1431,410,1404,504
2,1442,426,1404,504
2,1403,459,1406,504
2,1376,471,1419,508
2,1367,469,1427,511
2,1361,465,1427,513
2,1376,448,1413,525
2,1373,477,1393,528
2,1382,464,1378,524
2,1364,449,1366,496
2,1326,464,1372,464
2,1342,486,1387,437
2,1343,473,1390,432
2,1336,464,1393,407
2,1345,490,1394,406
2,1342,457,1502,447
2,1355,443,1527,450
2,1359,418,1488,456
2,1383,413,1439,456
2,1394,413,1427,457
2,1390,415,1416,462
2,1375,426,1415,474
2,1379,402,1417,480
2,1404,392,1417,480
2,1421,394,1404,460
2,1431,386,1367,431
2,1399,385,1341,401
2,1376,389,1334,390
2,1378,396,1334,389
2,1381,362,1330,386
2,1390,371,1282,425
2,1427,386,1273,435
2,1414,391,1261,450
2,1438,385,1261,450
2,1436,378,1307,470
2,1408,392,1372,481
2,1435,388,1399,470
2,1425,392,1401,469
2,1432,425,1394,448
2,1430,435,1376,408
2,1431,432,1359,386
2,1419,435,1344,382
2,1392,415,1341,382
2,1432,409,1312,408
2,1421,417,1321,433
2,1407,416,1343,446
2,1403,374,1398,461
2,1376,373,1398,464
2,1395,374,1398,466
2,1405,410,1461,428
2,1415,429,1489,398
2,1418,405,1484,358
2,1412,410,1461,345
2,1400,407,1430,335
2,1417,395,1426,334
2,1426,412,1421,333
2,1394,408,1401,333
2,1395,436,1371,333
2,1391,446,1370,331
2,1409,429,1367,332
2,1388,425,1367,353
2,1405,443,1379,380
2,1399,439,1385,408
2,1386,446,1385,412
2,1401,432,1373,406
2,1393,426,1349,386
2,1379,446,1326,360
2,1388,447,1312,347
2,1358,452,1316,342
2,1387,472,1336,328
2,1395,452,1366,317
2,1388,450,1393,341
2,1388,438,1415,357
2,1397,429,1421,379
2,1422,457,1414,410
2,1422,467,1400,431
2,1428,478,1390,439
2,1436,452,1320,464
2,1433,435,1155,501
2,1409,429,1168,495
2,1437,414,1177,495
2,1413,404,1237,484
2,1421,399,1301,472
2,1428,400,1318,467
2,1420,379,1325,466
2,1412,369,1361,445
2,1399,369,1411,401
2,1417,356,1444,380
2,1410,390,1448,380
2,1382,383,1451,379
2,1369,381,1460,353
2,1376,380,1468,311
2,1367,396,1460,306
2,1356,392,1410,311
2,1360,408,1402,314
2,1368,400,1402,314
2,1365,392,1402,314
2,1373,395,1424,307
2,1374,408,1447,299
2,1389,401,1445,311
2,1362,387,1424,347
2,1336,394,1417,362
2,1327,387,1416,367
2,1322,370,1417,381
2,1311,385,1422,389
2,1313,377,1424,392
2,1298,375,1424,392
2,1295,361,1424,392
2,1299,376,1310,386
2,1289,379,1251,376
2,1268,369,1238,368
2,1277,367,1221,352
2,1280,367,1211,335
2,1269,361,1206,324
2,1293,371,1203,320
2,1296,384,1202,316
2,1292,393,1201,314
2,1293,375,1194,312
2,1298,369,1179,311
2,1291,368,1151,317
2,1291,361,1161,334
2,1279,359,1276,372
2,1254,365,1334,374
2,1275,362,1341,375
2,1282,345,1357,374
2,1286,326,1369,372
2,1287,306,1373,363
2,1273,307,1360,360
2,1275,306,1321,361
2,1273,346,1303,353
2,1256,354,1298,351
2,1265,371,1294,351
2,1262,378,1287,370
2,1264,369,1285,392
2,1286,400,1284,406
2,1269,385,1284,406
2,1261,396,1284,405
2,1253,407,1285,382
2,1245,407,1295,342
2,1243,457,1317,315
2,1265,471,1328,307
2,1270,479,1341,307
2,1287,438,1359,311
2,1265,411,1377,327
2,1265,395,1381,338
2,1262,386,1372,363
2,1271,396,1364,383
2,1267,417,1360,409
2,1248,409,1344,431
2,1279,431,1337,440
2,1295,422,1333,446
2,1321,431,1329,449
2,1332,419,1325,440
2,1315,411,1321,412
2,1287,438,1319,379
2,1271,424,1324,369
2,1295,436,1330,364
2,1279,430,1353,344
2,1274,426,1358,336
2,1284,423,1378,308
2,1279,425,1388,300
2,1288,440,1402,293
2,1314,456,1403,301
2,1338,474,1404,305
2,1330,483,1435,295
2,1336,492,1473,283
2,1325,491,1480,278
2,1340,461,1481,279
2,1340,481,1506,331
2,1322,487,1494,393
2,1319,473,1459,424
2,1348,478,1433,455
2,1353,462,1425,467
2,1353,462,1499,466
2,1338,453,1526,466
2,1324,455,1492,476
2,1320,456,1385,497
2,1336,463,1362,504
2,1339,466,1362,499
2,1321,475,1418,478
2,1304,460,1468,459
2,1303,479,1546,437
2,1318,500,1547,435
2,1321,503,1549,423
2,1313,484,1546,406
2,1315,462,1540,391
2,1284,476,1522,375
2,1286,470,1473,381
2,1272,433,1363,447
2,1292,427,1346,459
2,1283,431,1329,476
2,1296,401,1293,500
2,1272,419,1234,517
2,1297,413,1168,495
2,1310,400,1142,446
2,1332,388,1159,397
2,1316,367,1200,377
2,1319,358,1246,356
2,1312,370,1270,354
2,1315,354,1287,353
2,1310,353,1300,348
2,1355,352,1310,343
2,1358,351,1344,335
2,1333,373,1381,313
2,1345,392,1385,262
2,1314,393,1382,256
2,1272,398,1374,262
2,1284,361,1372,265
2,1290,359,1375,270
2,1259,371,1410,280
2,1240,379,1441,284
2,1227,401,1441,287
2,1227,415,1454,303
2,1248,398,1459,322
2,1251,390,1443,337
2,1257,375,1419,342
2,1257,411,1395,348
2,1244,382,1387,357
2,1242,411,1392,377
2,1262,423,1403,400
2,1249,396,1408,413
2,1244,394,1412,420
2,1224,390,1412,422
2,1217,377,1412,429
2,1250,360,1389,452
2,1253,365,1333,502
2,1237,361,1325,513
2,1255,362,1314,530
2,1256,365,1303,531
2,1243,349,1240,493
2,1253,334,1163,440
2,1240,308,1147,384
2,1256,299,1154,339
2,1247,342,1177,298
2,1283,374,1179,291
2,1275,375,1215,271
2,1259,381,1242,262
2,1273,379,1366,243
2,1276,400,1366,242
2,1284,407,1370,257
2,1248,418,1374,275
2,1261,404,1383,290
2,1276,415,1406,311
2,1246,423,1386,349
2,1244,414,1338,380
2,1224,419,1323,394
2,1225,419,1312,405
2,1207,414,1312,418
2,1224,415,1313,420
2,1245,422,1297,445
2,1241,421,1208,502
2,1256,440,1165,498
2,1268,448,1141,440
2,1257,459,1144,362
2,1269,470,1173,268
2,1262,479,1190,243
2,1253,480,1213,234
2,1247,499,1260,235
2,1242,498,1353,258
2,1251,495,1368,289
2,1231,507,1346,371
2,1244,507,1338,393
2,1264,466,1322,406
2,1289,455,1292,425
2,1320,452,1256,440
2,1308,449,1247,443
2,1312,446,1214,452
2,1318,441,1191,409
2,1333,439,1221,348
2,1321,457,1276,306
2,1331,452,1308,290
2,1332,462,1319,290
2,1362,493,1320,290
2,1356,469,1327,296
2,1349,455,1335,309
2,1370,471,1338,355
2,1403,476,1326,396
2,1381,487,1299,423
2,1387,484,1266,444
2,1400,487,1251,451
2,1400,457,1247,461
2,1366,454,1256,468
2,1320,477,1287,468
2,1307,496,1333,465
2,1305,492,1336,465
2,1297,473,1346,461
2,1298,472,1352,450
2,1306,466,1352,445
2,1310,486,1357,438
2,1305,488,1367,440
2,1337,473,1381,457
2,1317,498,1386,464
2,1296,495,1376,472
2,1269,499,1345,477
2,1238,465,1335,478
2,1239,485,1334,478
2,1234,520,1331,478
2,1215,538,1299,485
2,1210,555,1290,488
2,1205,536,1210,499
2,1202,532,1161,497
2,1210,556,1151,479
2,1214,581,1135,458
2,1251,599,1129,456
2,1266,610,1124,486
2,1243,604,1124,507
2,1232,618,1128,539
2,1253,602,1137,549
2,1253,599,1247,556
2,1257,627,1277,556
2,1231,639,1285,549
2,1215,638,1286,549
2,1224,637,1290,551
2,1225,615,1277,573
2,1179,646,1258,604
2,1181,659,1258,607
2,1182,657,1265,625
2,1206,646,1252,659
2,1189,661,1178,681
2,1211,658,1091,682
2,1193,660,1077,678
2,1203,628,1077,678
2,1208,624,1136,673
2,1205,606,1148,672
2,1180,601,1149,672
2,1179,585,1158,676
2,1193,621,1170,683
2,1208,651,1176,686
2,1204,624,1176,686
2,1202,630,1176,686
2,1232,622,1176,686
2,1194,628,1134,624
2,1206,635,1131,617
2,1189,646,1168,614
2,1172,639,1239,630
2,1168,626,1247,635
2,1190,619,1247,635
2,1209,627,1247,635
2,1197,645,1204,635
2,1195,624,1157,634
2,1179,605,1151,624
2,1186,617,1147,613
2,1180,611,1159,608
2,1188,625,1167,598
2,1192,621,1170,589
2,1191,623,1170,583
2,1190,608,1175,583
2,1166,593,1204,601
2,1165,627,1246,629
2,1170,628,1242,636
2,1176,607,1173,669
2,1170,587,1168,674
2,1177,594,1168,680
2,1188,566,1160,695
2,1197,550,1145,699
2,1164,562,1068,660
2,1154,551,1053,646
2,1143,537,1066,603
2,1130,524,1099,585
2,1120,503,1137,551
2,1118,504,1139,525
2,1125,486,1105,512
2,1144,464,1009,503
2,1147,462,943,496
2,1138,450,938,486
2,1119,447,906,442
2,1143,430,876,424
2,1130,421,860,386
2,1124,428,883,349
2,1147,423,950,311
2,1136,442,1019,311
2,1125,427,1062,320
2,1122,448,1070,344
2,1132,460,1073,363
2,1160,458,1078,372
2,1150,479,1093,373
2,1144,471,1102,373
2,1149,459,1104,373
2,1144,435,1107,373
2,1161,429,1114,367
2,1139,421,1147,356
2,1129,419,1195,349
2,1099,396,1205,348
2,1080,393,1216,355
2,1092,416,1237,359
2,1103,392,1252,340
2,1097,413,1258,304
2,1083,376,1236,266
2,1082,374,1191,263
2,1099,394,1115,284
2,1072,379,1112,285
2,1054,394,1112,285
2,1046,367,1104,260
2,1056,360,1055,210
2,1083,351,1049,209
2,1071,354,1021,208
2,1077,362,990,218
2,1077,374,987,233
2,1068,395,987,253
2,1082,386,982,255
2,1076,393,961,256
2,1064,391,955,256
2,1054,386,921,229
2,1043,405,917,234
2,1034,412,945,297
2,999,410,968,350
2,1013,407,987,420
2,1017,406,1023,451
2,1025,416,1032,467
2,1037,444,996,466
2,1006,455,943,431
2,1011,453,938,427
2,1022,474,932,428
2,1007,482,910,443
2,1031,504,894,463
2,1052,496,901,486
2,1052,513,920,508
2,1052,499,978,557
2,1041,501,992,566
2,1002,511,993,593
2,1004,519,1001,602
2,991,546,1040,604
2,959,574,1091,592
2,982,603,1095,587
2,988,604,1101,569
2,970,586,1101,559
2,957,570,1055,546
2,989,566,1034,551
2,981,561,1001,591
2,992,569,980,641
2,989,548,979,662
2,1000,530,979,671
2,988,504,932,699
2,998,470,890,702
2,1016,436,864,690
2,1028,454,845,659
2,1011,480,872,616
2,1008,481,880,612
2,985,474,874,625
2,969,457,871,630
2,963,422,969,607
2,958,404,1176,546
2,957,403,1168,546
2,923,410,1107,530
2,929,397,1000,485
2,933,395,944,443
2,921,387,937,418
2,900,375,920,352
2,944,386,920,345
2,943,415,920,345
2,917,400,904,328
2,902,413,893,318
2,897,425,871,312
2,923,437,870,312
2,889,447,853,352
2,880,454,860,370
2,874,480,879,384
2,855,502,886,388
2,840,503,886,388
2,831,497,875,389
2,833,476,807,384
2,842,496,775,390
2,849,510,781,395
2,865,500,802,427
2,840,505,817,457
2,848,483,822,500
2,846,481,807,524
2,833,449,798,529
2,843,445,788,530
2,829,445,786,530
2,814,429,786,530
2,808,424,786,530
2,810,395,788,529
2,819,402,876,518
2,820,422,897,516
2,833,401,877,477
2,831,403,838,438
2,809,396,816,404
2,818,410,816,404
2,806,389,815,404
2,789,373,786,426
2,771,358,740,442
2,750,362,736,441
2,750,350,794,425
2,720,354,856,420
2,719,363,837,467
2,732,370,777,494
2,716,342,757,497
2,740,345,757,497
2,727,375,734,507
2,732,375,703,509
2,735,365,669,502
2,729,395,650,465
2,734,386,629,430
2,713,379,628,403
2,704,369,631,383
2,687,363,631,383
2,681,365,619,414
2,677,351,616,462
2,678,368,622,507
2,684,381,618,524
2,663,383,606,532
2,652,400,583,544
2,676,410,578,545
2,709,408,572,545
2,690,416,568,533
2,688,398,588,501
2,708,412,590,499
2,714,410,590,499
2,718,435,570,469
2,716,451,563,398
2,711,451,602,353
2,728,465,610,358
2,707,452,622,452
2,700,470,647,521
2,695,460,679,541
2,717,450,689,568
2,736,453,628,605
2,725,442,592,613
2,741,446,610,575
2,718,464,639,482
2,730,478,631,389
2,745,454,628,352
2,754,455,628,351
2,758,454,630,347
2,755,460,631,347
2,773,472,640,362
2,774,484,704,406
2,774,480,734,452
2,771,477,721,489
2,785,495,713,518
2,801,495,711,532
2,787,502,711,544
2,759,514,711,544
2,731,494,708,552
2,721,493,699,556
2,709,474,698,548
2,729,457,727,515
2,737,450,757,492
2,742,447,758,486
2,745,436,737,485
2,736,463,727,463
2,734,483,729,437
2,739,463,720,419
2,738,465,713,414
2,752,477,711,407
2,732,461,711,406
2,742,468,703,482
2,765,479,689,530
2,779,512,684,545
2,797,491,695,554
2,793,471,685,573
2,799,447,640,581
2,802,440,635,564
2,805,450,650,510
2,839,472,681,476
2,836,476,678,458
2,806,465,621,404
2,811,448,613,399
2,797,440,644,406
2,825,432,706,450
2,783,406,705,525
2,799,407,673,553
2,810,430,676,560
2,832,434,713,565
2,834,434,739,567
2,872,458,741,572
2,889,459,742,572
2,897,429,946,454
2,900,423,946,454
2,911,454,946,454
2,927,467,946,454
2,934,497,946,454
2,922,519,946,454
2,913,531,946,454
2,903,490,946,454
2,922,502,946,454
2,922,481,946,454
2,943,479,942,456
2,941,468,926,464
2,940,448,916,476
2,938,481,894,500
2,951,472,888,508
2,973,457,888,508
2,1014,482,888,508
2,1003,496,896,493
2,996,488,913,475
2,994,504,926,450
2,1004,500,933,443
2,1020,510,944,446
2,1013,508,989,457
2,1003,515,1012,467
2,1014,520,988,499
2,991,532,959,515
2,984,511,959,524
2,979,518,957,527
2,970,511,957,527
2,959,526,958,528
2,962,533,997,535
2,972,512,1009,536
2,971,524,1011,536
2,984,542,1012,536
2,962,528,1012,536
2,962,527,1012,536
2,948,522,1012,536
2,948,538,1012,536
2,953,559,999,536
2,933,574,981,532
2,926,583,979,530
2,931,596,950,517
2,935,597,925,501
2,913,605,919,486
2,890,595,933,473
2,900,598,944,468
2,891,608,944,468
2,896,613,944,468
2,918,619,920,469
2,910,603,905,473
2,920,572,901,481
2,903,565,900,493
2,890,560,905,519
2,883,577,913,530
2,881,610,916,541
2,863,619,924,549
2,832,629,992,552
2,869,617,1001,552
2,857,596,1001,549
2,852,596,993,542
2,876,593,964,549
2,884,613,939,577
2,909,590,931,616
2,921,576,931,625
2,933,575,918,645
2,943,583,902,657
2,954,563,886,663
2,942,585,863,666
2,940,554,845,668
2,961,551,835,656
2,938,546,840,643
2,940,543,925,603
2,911,530,951,593
2,892,518,966,580
2,880,505,968,576
2,878,501,970,557
2,890,528,968,553
2,894,550,964,551
2,890,556,888,549
2,895,571,874,543
2,871,564,858,539
2,873,587,815,522
2,879,606,812,521
2,899,596,836,519
2,904,599,970,541
3,965,535,955,539
3,962,534,955,539
3,935,549,955,539
3,953,545,958,540
3,930,532,972,543
3,948,524,1029,548
3,963,521,1047,548
3,942,526,1047,548
3,934,510,1036,547
3,948,507,997,543
3,940,508,949,539
3,933,518,914,538
3,913,520,907,533
3,934,502,909,528
3,921,473,909,516
3,936,463,910,510
3,937,463,913,500
3,943,483,917,494
3,967,493,917,494
3,987,501,917,494
3,996,480,920,493
3,989,481,957,466
3,986,504,974,441
3,989,515,975,431
3,1000,526,975,431
3,1011,499,975,431
3,1021,507,980,443
3,996,483,1006,501
3,1004,486,1060,537
3,1017,506,1080,550
3,1008,526,1078,555
3,1003,535,1077,558
3,969,538,1082,549
3,961,546,1106,498
3,953,579,1129,457
3,932,598,1129,457
3,924,600,1123,463
3,885,614,1113,478
3,897,603,1051,539
3,908,614,969,591
3,910,602,943,600
3,925,615,878,621
3,923,634,844,632
3,903,644,844,632
3,896,643,848,633
3,892,661,900,631
3,887,662,986,631
3,905,666,1007,632
3,883,664,1008,639
3,883,676,1008,652
3,865,659,1000,669
3,875,666,968,696
3,869,661,939,715
3,891,687,930,722
3,935,720,928,725
3,927,762,910,729
3,904,758,885,702
3,884,754,864,678
3,850,725,862,650
3,858,737,862,639
3,840,732,862,626
3,849,750,862,623
3,855,759,855,618
3,831,745,791,628
3,845,742,761,635
3,827,732,738,659
3,835,754,764,712
3,812,739,831,750
3,820,740,848,753
3,814,733,850,753
3,812,738,850,753
3,823,744,774,744
3,815,741,739,741
3,809,712,737,741
3,815,688,732,739
3,830,653,725,733
3,841,648,725,730
3,855,632,740,712
3,850,634,761,704
3,851,627,799,689
3,864,589,813,688
3,866,599,818,683
3,887,579,859,632
3,916,580,897,541
3,939,568,919,460
3,932,570,919,449
3,922,574,919,449
3,937,585,897,446
3,943,590,884,445
3,918,608,870,449
3,908,637,866,459
3,914,641,911,515
3,923,635,963,535
3,917,624,976,545
3,919,615,982,553
3,936,604,1000,561
3,926,585,1000,562
3,907,596,982,573
3,911,600,938,588
3,898,585,920,594
3,904,588,911,598
3,897,581,908,598
3,930,564,875,574
3,905,548,777,559
3,916,557,766,558
3,914,557,765,544
3,921,544,805,518
3,930,527,843,507
3,930,518,879,510
3,893,500,879,510
3,882,506,889,528
3,848,484,909,576
3,849,510,913,588
3,854,461,913,589
3,816,453,944,562
3,816,447,957,537
3,790,447,952,505
3,784,481,897,488
3,787,488,840,479
3,807,486,790,467
3,818,520,776,462
3,836,527,732,435
3,827,540,700,421
3,837,546,698,421
3,833,557,698,421
3,807,559,698,423
3,822,558,726,471
3,807,570,743,495
3,809,559,766,514
3,801,549,779,525
3,789,559,779,525
3,811,606,769,612
3,792,590,738,627
3,785,593,727,631
3,805,585,727,631
3,798,586,726,608
3,795,576,726,594
3,770,549,712,570
3,812,544,712,570
3,822,542,656,539
3,849,548,632,517
3,820,542,632,517
3,799,542,638,516
3,803,535,855,487
3,779,527,942,480
3,797,523,951,463
3,786,536,951,463
3,781,525,951,463
3,791,525,951,463
3,821,557,951,463
3,829,559,951,463
3,825,587,968,497
3,830,568,968,499
3,825,574,948,519
3,818,581,888,537
3,820,560,837,558
3,804,588,837,559
3,791,591,835,563
3,790,607,824,579
3,805,610,823,583
3,787,641,823,583
3,770,650,825,585
3,786,674,825,585
3,771,665,825,585
3,788,656,825,585
3,789,642,825,585
3,814,621,825,585
3,821,603,825,585
3,825,633,825,585
3,833,615,826,585
3,824,623,814,628
3,817,661,811,634
3,849,686,863,688
3,844,658,961,724
3,862,656,970,720
3,872,649,970,719
3,886,653,968,714
3,884,641,965,711
3,884,662,965,711
3,864,638,942,711
3,900,643,915,712
3,907,640,893,716
3,899,634,892,716
3,891,652,887,706
3,896,648,887,699
3,892,668,885,689
3,905,662,885,686
3,877,660,884,671
3,883,649,870,651
3,866,642,868,647
3,848,641,868,647
3,853,649,846,649
3,867,650,829,654
3,864,651,810,661
3,902,646,808,662
3,896,656,808,662
3,906,660,815,650
3,918,672,852,572
3,900,671,854,572
3,887,671,854,572
3,865,666,861,568
3,896,672,861,568
3,891,690,898,575
3,875,693,911,583
3,879,687,913,611
3,886,679,888,673
3,914,655,873,690
3,937,647,865,696
3,934,653,840,709
3,941,649,839,715
3,922,653,845,717
3,923,639,845,718
3,920,663,845,718
3,918,660,839,718
3,910,683,817,720
3,904,698,817,720
3,892,712,830,669
3,887,723,854,622
3,875,718,855,622
3,858,718,912,713
3,832,726,940,718
3,827,735,940,718
3,830,731,897,734
3,825,723,762,713
3,807,733,682,689
3,833,728,682,689
3,824,761,698,699
3,828,732,726,720
3,808,702,764,759
3,809,722,787,771
3,803,717,787,771
3,819,706,787,771
3,819,687,787,771
3,841,692,759,776
3,800,692,725,781
3,796,679,726,778
3,779,664,759,759
3,786,684,766,757
3,761,693,771,756
3,780,685,774,751
3,769,661,834,700
3,770,679,830,678
3,769,675,763,662
3,779,680,714,648
3,779,685,707,591
3,786,659,707,591
3,793,648,706,590
3,797,658,675,586
3,807,682,675,586
3,832,709,679,597
3,832,731,743,610
3,805,738,764,603
3,838,745,777,603
3,861,717,816,703
3,872,706,837,731
3,888,702,863,748
3,880,682,888,763
3,877,663,891,771
3,865,683,820,761
3,855,678,815,746
3,859,671,924,665
3,863,678,919,659
3,866,684,815,619
3,845,682,795,529
3,860,703,797,528
3,863,707,805,551
3,865,724,802,571
3,859,707,806,577
3,877,689,805,596
3,858,689,808,625
3,888,685,810,646
3,880,675,811,671
3,874,670,812,692
3,860,667,815,698
3,874,709,985,649
3,842,731,997,638
3,865,741,962,648
3,872,755,940,650
3,875,735,941,650
3,889,769,1011,635
3,873,773,980,629
3,878,752,870,644
3,864,734,795,646
3,855,755,797,677
3,866,745,831,723
3,853,719,864,766
3,874,727,829,788
3,884,731,740,812
3,877,686,707,810
3,887,705,700,806
3,883,691,710,801
3,889,670,846,801
3,888,674,879,797
3,869,649,879,797
3,867,646,879,797
3,861,661,882,783
3,880,653,878,779
3,887,652,869,764
3,858,674,862,746
3,850,650,862,745
3,858,641,859,763
3,839,653,850,786
3,832,644,857,797
3,844,671,865,820
3,848,669,879,826
3,851,676,891,829
3,878,676,875,783
3,871,687,747,747
3,884,674,700,745
3,892,703,731,757
3,882,686,848,799
3,861,706,893,819
3,865,688,894,828
3,874,676,897,832
3,889,689,901,838
3,903,706,908,845
3,882,689,911,852
3,885,709,914,860
3,873,705,902,868
3,913,702,882,879
3,948,707,882,879
3,954,693,882,880
3,982,701,882,880
3,964,694,877,892
3,962,684,859,901
3,978,659,850,906
3,980,643,929,885
3,982,646,985,871
3,938,661,1004,855
3,946,675,1010,834
3,947,684,1024,786
3,943,705,1024,785
3,887,673,1026,779
3,912,656,1028,768
3,911,656,983,784
3,895,672,961,787
3,894,680,971,788
3,933,683,960,809
3,931,719,924,845
3,930,723,890,831
3,903,717,804,756
3,909,719,858,741
3,901,736,1010,794
3,893,728,1030,811
3,915,733,1021,829
3,906,724,1005,862
3,904,687,1003,878
3,927,700,968,921
3,915,731,955,932
3,891,731,917,932
3,895,735,892,908
3,910,745,887,877
3,907,783,885,866
3,921,792,885,860
3,895,791,908,842
3,919,794,945,823
3,937,811,913,828
3,947,815,884,820
3,966,837,910,783
3,973,849,947,776
3,968,879,974,803
3,983,876,977,829
3,993,900,961,849
3,1019,911,948,885
3,1048,941,950,912
3,1055,953,1018,936
3,1077,946,1025,936
3,1085,927,1044,934
3,1068,921,1077,923
3,1069,918,1090,920
3,1108,897,1103,916
3,1127,914,1131,900
3,1132,907,1131,899
3,1144,898,1131,899
3,1149,900,1132,893
3,1158,920,1151,883
3,1142,908,1162,880
3,1115,902,1166,906
3,1119,896,1191,909
3,1126,902,1229,887
3,1130,900,1259,885
3,1168,893,1264,888
3,1202,897,1258,893
3,1217,900,1258,887
3,1254,904,1300,852
3,1267,921,1310,863
3,1277,923,1266,894
3,1266,927,1264,880
3,1233,918,1347,831
3,1235,907,1420,828
3,1224,924,1427,828
3,1222,919,1443,809
3,1231,891,1448,805
3,1237,880,1448,805
3,1230,903,1451,803
3,1214,901,1365,854
3,1239,919,1349,867
3,1234,919,1353,874
3,1218,926,1348,887
3,1199,929,1351,901
3,1211,939,1304,925
3,1214,944,1262,927
3,1217,915,1262,912
3,1232,931,1305,880
3,1231,933,1361,838
3,1229,935,1375,814
3,1214,952,1354,822
3,1199,953,1316,857
3,1187,986,1322,874
3,1174,1002,1323,892
3,1168,990,1323,912
3,1138,980,1331,928
3,1146,978,1331,933
3,1121,995,1342,936
3,1126,996,1442,936
3,1140,978,1427,943
3,1148,999,1295,955
3,1146,1018,1225,955
3,1154,994,1238,953
3,1176,991,1278,952
3,1174,997,1302,950
3,1160,998,1299,952
3,1150,989,1306,928
3,1168,1003,1241,924
3,1174,1009,1166,932
3,1199,1005,1166,928
3,1169,1012,1208,911
3,1162,993,1296,894
3,1152,981,1299,894
3,1155,965,1309,908
3,1175,951,1317,909
3,1174,973,1326,912
3,1183,985,1323,920
3,1199,974,1323,920
3,1188,971,1349,877
3,1185,967,1352,875
3,1205,996,1343,886
3,1225,1003,1328,917
3,1241,1023,1333,917
3,1247,1015,1339,915
3,1277,1003,1341,916
3,1263,1031,1307,939
3,1269,990,1302,947
3,1270,1004,1320,964
3,1267,1021,1287,984
3,1259,995,1272,987
3,1266,989,1283,988
3,1249,969,1297,985
3,1239,966,1363,956
3,1241,963,1363,955
3,1253,957,1344,958
3,1231,955,1344,959
3,1236,969,1353,969
3,1251,971,1352,985
3,1241,955,1352,988
3,1227,958,1350,1001
3,1190,962,1348,1006
3,1188,944,1351,1014
3,1190,966,1361,1022
3,1199,939,1346,1035
3,1222,924,1352,1033
3,1210,913,1393,1023
3,1218,899,1361,1020
3,1236,909,1230,1018
3,1242,908,1219,1013
3,1244,881,1231,1000
3,1264,854,1237,994
3,1266,875,1260,963
3,1277,874,1265,938
3,1282,861,1279,893
3,1288,899,1279,893
3,1305,895,1286,890
3,1312,880,1346,914
3,1309,889,1343,923
3,1321,887,1332,946
3,1294,892,1329,955
3,1269,882,1314,963
3,1245,868,1306,979
3,1243,874,1338,986
3,1265,860,1311,1003
3,1259,857,1300,1013
3,1263,855,1310,1021
3,1255,876,1279,1033
3,1262,885,1268,1035
3,1258,864,1288,1004
3,1243,846,1305,978
3,1243,840,1305,954
3,1222,861,1305,952
3,1208,835,1311,949
3,1227,829,1300,948
3,1218,855,1274,956
3,1185,846,1273,960
3,1192,850,1276,983
3,1229,853,1284,996
3,1226,875,1276,1002
3,1212,855,1247,1007
3,1224,828,1232,1007
3,1214,859,1219,953
3,1234,845,1224,913
3,1209,905,1245,900
3,1219,901,1269,895
3,1211,884,1288,895
3,1174,876,1310,897
3,1177,849,1323,899
3,1168,866,1289,905
3,1175,850,1197,905
3,1194,822,1173,902
3,1200,830,1171,896
3,1192,816,1174,883
3,1216,815,1169,877
3,1220,839,1169,869
3,1238,830,1169,871
3,1275,838,1169,874
3,1266,852,1207,886
3,1262,851,1244,868
3,1263,844,1244,866
3,1234,860,1243,858
3,1223,840,1261,880
3,1211,809,1292,907
3,1238,804,1273,942
3,1253,804,1259,947
3,1251,771,1221,958
3,1263,768,1220,961
3,1293,776,1255,978
3,1293,772,1255,982
3,1297,773,1239,990
3,1293,786,1219,987
3,1293,779,1218,930
3,1305,784,1223,913
3,1293,802,1226,906
3,1294,807,1240,889
3,1316,795,1255,878
3,1313,811,1255,877
3,1333,807,1257,885
3,1315,822,1289,896
3,1288,831,1315,929
3,1262,811,1304,952
3,1271,820,1309,911
3,1268,832,1330,898
3,1270,835,1332,882
3,1258,828,1310,867
3,1253,840,1293,862
3,1274,837,1285,858
3,1276,842,1269,849
3,1294,834,1261,901
3,1279,837,1261,917
3,1268,849,1242,920
3,1253,854,1218,907
3,1264,889,1243,919
3,1263,899,1335,941
3,1274,904,1344,946
3,1285,923,1319,945
3,1269,928,1290,887
3,1273,950,1280,844
3,1256,913,1275,844
3,1253,935,1249,882
3,1238,944,1231,918
3,1263,945,1236,922
3,1278,915,1240,928
3,1282,937,1243,931
3,1253,928,1255,935
3,1256,936,1256,938
3,1273,935,1261,945
3,1283,902,1280,956
3,1281,896,1285,961
3,1273,891,1288,960
3,1300,885,1319,930
3,1277,870,1349,909
3,1315,863,1333,920
3,1348,865,1331,934
3,1362,859,1361,951
3,1374,864,1352,964
3,1394,875,1355,955
3,1370,885,1373,939
3,1356,897,1400,893
3,1364,927,1398,887
3,1351,935,1384,888
3,1327,944,1353,935
3,1310,956,1360,957
3,1324,960,1366,963
3,1327,979,1364,966
3,1326,953,1354,969
3,1350,949,1398,971
3,1334,939,1478,964
3,1315,968,1407,972
3,1316,974,1380,984
3,1313,966,1410,978
3,1274,973,1484,945
3,1278,978,1507,933
3,1249,983,1414,938
3,1238,992,1437,886
3,1243,999,1489,840
3,1250,1004,1497,846
3,1234,977,1482,902
3,1224,969,1460,937
3,1222,950,1499,947
3,1219,953,1517,952
3,1236,941,1474,982
3,1252,940,1511,989
3,1262,976,1573,989
3,1254,960,1541,1001
3,1294,996,1548,1000
3,1298,1010,1612,967
3,1278,992,1608,960
3,1281,996,1582,904
3,1252,989,1580,896
3,1262,981,1578,913
3,1257,1012,1584,951
3,1246,997,1599,975
3,1237,1010,1608,979
3,1254,983,1572,976
3,1247,998,1394,996
3,1251,1001,1323,1001
3,1258,998,1288,995
3,1250,986,1275,986
3,1267,978,1237,985
3,1269,980,1214,982
3,1239,984,1205,965
3,1266,963,1234,908
3,1258,993,1237,900
3,1279,993,1204,938
3,1279,1005,1298,1000
3,1262,1019,1291,1000
3,1247,998,1291,983
3,1240,1007,1297,980
3,1241,987,1299,980
3,1264,1003,1298,980
3,1258,1018,1321,966
3,1262,995,1307,977
3,1255,981,1263,989
3,1245,956,1252,975
3,1265,957,1261,969
3,1277,960,1286,956
3,1265,942,1301,970
3,1255,951,1301,984
3,1249,962,1301,976
3,1232,948,1319,955
3,1210,959,1317,960
3,1205,972,1289,999
3,1200,964,1273,1005
3,1227,945,1274,969
3,1208,924,1319,942
3,1206,916,1304,970
3,1170,920,1210,980
3,1146,918,1126,951
3,1132,900,1130,935
3,1133,913,1135,921
3,1119,905,1147,882
3,1107,904,1107,858
3,1138,891,958,805
3,1143,874,901,792
3,1161,865,901,787
3,1157,868,902,785
3,1185,881,935,770
3,1159,867,936,770
3,1163,861,984,792
3,1149,865,1233,891
3,1155,856,1316,913
3,1175,879,1313,917
3,1169,885,1336,921
3,1188,907,1354,921
3,1205,895,1352,920
3,1209,863,1328,901
3,1223,870,1275,873
3,1253,890,1263,845
3,1267,897,1261,846
3,1261,854,1250,870
3,1262,848,1259,887
3,1254,835,1270,873
3,1277,830,1282,860
3,1279,836,1289,846
3,1265,804,1289,846
3,1238,809,1287,828
3,1251,817,1275,813
3,1264,836,1248,807
3,1257,868,1238,800
3,1255,876,1237,795
3,1259,887,1246,789
3,1234,911,1247,789
3,1231,908,1258,811
3,1219,892,1277,855
3,1220,870,1286,871
3,1221,881,1290,898
3,1233,899,1287,903
3,1192,885,1204,911
3,1181,906,1132,892
3,1163,905,1124,861
3,1149,884,1158,843
3,1126,895,1206,825
3,1119,891,1213,825
3,1106,890,1231,838
3,1124,893,1231,842
3,1145,898,1231,842
3,1160,898,1174,848
3,1141,893,1058,858
3,1148,889,1041,858
3,1118,871,1038,858
3,1102,890,1017,863
3,1116,903,1009,859
3,1122,905,998,850
3,1137,910,1022,840
3,1133,884,1061,840
3,1120,893,1065,840
3,1118,894,1117,861
3,1148,879,1128,871
3,1130,876,1126,871
3,1165,875,1128,871
3,1162,888,1123,873
3,1170,893,1106,882
3,1194,880,1108,883
3,1207,882,1118,870
3,1204,873,1118,869
3,1194,867,1115,853
3,1188,858,1112,842
3,1190,873,1107,810
3,1168,872,1116,809
3,1177,876,1183,827
3,1179,897,1242,840
3,1182,893,1230,854
3,1180,896,1215,859
3,1190,901,1214,854
3,1185,898,1200,853
3,1165,927,1104,862
3,1172,923,1098,863
3,1185,926,1108,851
3,1176,937,1114,849
3,1146,908,1114,843
3,1162,925,1124,833
3,1202,917,1134,828
3,1194,938,1133,839
3,1204,946,1110,874
3,1217,940,1109,878
3,1223,962,1108,904
3,1202,957,1069,926
3,1184,976,1064,927
3,1205,977,1091,924
3,1192,986,1154,920
3,1174,1003,1251,893
3,1158,1018,1266,888
3,1163,981,1264,885
3,1171,996,1251,894
3,1165,985,1225,922
3,1153,999,1185,947
3,1176,987,1128,977
3,1199,981,1125,981
3,1187,1007,1117,995
3,1175,1033,1115,1000
3,1185,969,1118,1006
3,1184,996,1125,1013
3,1214,1012,1132,1017
3,1215,998,1144,1019
3,1230,978,1180,1023
3,1224,949,1197,1026
3,1224,946,1197,1026
3,1224,961,1177,1026
3,1223,943,1176,1026
3,1226,943,1194,1026
3,1214,962,1215,1024
3,1203,967,1220,1019
3,1197,972,1203,1000
3,1169,971,1191,961
3,1151,964,1176,877
3,1157,985,1150,859
3,1158,1005,1125,856
3,1183,1019,1071,863
3,1169,997,1068,864
3,1165,998,1068,875
3,1164,987,1078,888
3,1133,970,1123,926
3,1170,982,1128,942
3,1188,979,1142,951
3,1223,964,1154,960
3,1227,929,1158,962
3,1220,910,1156,970
3,1180,947,1147,977
3,1173,933,1147,978
3,1152,930,1166,979
3,1152,928,1198,967
3,1141,923,1213,935
3,1168,942,1139,885
3,1174,933,1071,869
3,1191,935,1036,881
3,1190,961,1030,908
3,1187,934,1071,953
3,1226,930,1158,975
3,1235,924,1198,972
3,1248,922,1248,945
3,1253,912,1252,910
3,1258,911,1228,907
3,1276,915,1183,914
3,1268,901,1179,920
3,1276,906,1185,928
3,1275,904,1201,933
3,1263,910,1238,941
3,1258,912,1281,936
3,1254,885,1283,932
3,1250,879,1283,930
3,1246,886,1285,899
3,1261,881,1287,896
3,1250,904,1284,896
3,1248,886,1274,907
3,1217,892,1272,907
3,1216,885,1262,915
3,1215,891,1190,944
3,1219,884,1180,951
3,1205,895,1147,937
3,1234,875,1120,906
3,1223,899,1126,902
3,1249,850,1138,912
3,1222,845,1132,957
3,1211,839,1140,949
3,1226,825,1175,943
3,1226,826,1178,964
3,1228,840,1151,980
3,1204,836,1165,935
3,1213,865,1193,913
3,1214,842,1148,913
3,1198,850,1099,872
3,1211,855,1101,865
3,1209,834,1118,856
3,1207,829,1141,857
3,1202,829,1187,882
3,1186,835,1200,898
3,1185,814,1197,910
3,1197,804,1194,916
3,1188,785,1170,930
3,1155,801,1163,932
3,1134,803,1145,929
3,1133,792,1129,872
3,1129,813,1140,843
3,1120,784,1168,821
3,1112,759,1173,811
3,1080,767,1189,762
3,1057,753,1185,755
3,1020,751,1125,731
3,1038,780,1032,740
3,1048,780,1024,740
3,1054,796,1024,740
3,1049,792,987,698
3,1051,845,974,681
3,1087,839,968,675
3,1066,840,922,665
3,1039,868,838,665
3,1024,863,824,665
3,1016,846,880,722
3,1038,863,1143,766
3,1048,838,1212,790
3,1052,837,1121,825
3,1060,839,1028,862
3,1051,861,1009,878
3,1073,852,1015,908
3,1077,839,1024,930
3,1100,826,1033,939
3,1074,832,1046,948
3,1088,831,1034,958
3,1097,829,1022,964
3,1097,841,1022,964
3,1084,873,1011,970
3,1118,880,1009,970
3,1118,895,1022,951
3,1135,908,1052,935
3,1140,904,1076,924
3,1140,902,1084,915
3,1121,898,1086,909
3,1085,904,1090,906
3,1082,935,1098,913
3,1083,929,1125,926
3,1063,958,1137,934
3,1066,966,1139,937
3,1075,999,1131,937
3,1050,995,1084,942
3,1029,983,1057,944
3,1021,992,1057,945
3,1028,979,1057,953
3,1048,963,1057,960
3,1037,986,1050,940
3,1046,998,1041,902
3,1051,993,1030,920
3,1059,1016,1008,960
3,1053,990,1008,961
3,1047,1002,998,943
3,1045,976,997,943
3,1051,994,1115,927
3,1037,973,1159,920
3,1047,969,1160,920
3,1016,974,1137,944
3,1013,976,1118,967
3,1018,984,1102,981
3,1035,980,1092,985
3,1052,1009,1076,987
3,1048,990,1029,977
3,1034,1016,1012,967
3,1047,987,1004,961
3,1036,1009,1001,957
3,1034,970,1000,957
3,1048,980,982,973
3,1058,1006,963,998
3,1063,995,960,998
3,1048,952,964,981
3,1059,961,967,980
3,1053,985,970,980
3,1021,971,1057,944
3,1017,982,1088,950
3,1005,1012,1088,962
3,1004,1005,1086,967
3,1004,996,1062,971
3,993,977,1054,967
3,1004,974,1048,958
3,1006,973,1028,1011
3,992,984,1023,1026
3,992,1006,1020,1014
3,967,1036,1006,981
3,960,985,988,946
3,989,990,978,924
3,994,998,978,923
3,1016,999,954,919
3,1015,1015,880,920
3,1032,981,820,914
3,1006,983,809,885
3,982,973,804,877
3,998,997,856,893
3,1000,1005,1016,947
3,1016,995,1069,970
3,1016,991,1070,982
3,1009,994,1074,993
3,1014,1004,1074,1010
3,1057,1015,1070,1023
3,1059,1012,1065,1030
3,1040,992,1041,1043
3,1067,1007,1038,1043
3,1087,1002,1038,1043
3,1097,992,1032,1033
3,1082,994,1032,1029
3,1101,1004,1034,1018
3,1126,983,1044,1078
3,1139,968,1043,1079
3,1170,957,1039,1075
3,1135,942,1062,1033
3,1149,946,1086,1032
3,1147,953,1141,1006
3,1161,954,1219,991
3,1157,947,1316,954
3,1130,925,1312,953
3,1140,913,1310,953
3,1126,945,1253,947
3,1111,971,1200,917
3,1126,950,1153,908
3,1107,933,1132,902
3,1080,881,1085,899
3,1063,891,1080,898
3,1079,858,1073,893
3,1089,864,1065,890
3,1086,870,1056,881
3,1087,866,1053,872
3,1068,885,1052,868
3,1064,905,1051,859
3,1036,911,1060,829
3,1055,905,1166,784
3,1061,936,1185,782
3,1074,948,1155,797
3,1097,952,1062,851
3,1121,920,1043,895
3,1112,923,1030,917
3,1098,914,1028,926
3,1101,929,1033,933
3,1089,954,1081,945
3,1078,951,1118,947
3,1053,963,1119,945
3,1037,968,1125,934
3,1043,940,1118,925
3,1050,936,1089,919
3,1034,929,1043,956
3,1034,936,1031,994
3,1030,927,985,1022
3,1038,933,952,1030
3,1028,936,947,1034
3,1053,959,938,1017
3,1060,952,968,982
3,1068,954,1025,968
3,1057,931,1029,973
3,1071,927,1039,982
3,1070,924,1055,990
3,1052,916,1067,1002
3,1065,929,1071,1009
3,1065,921,1076,1014
3,1059,935,1097,1006
3,1056,945,1118,955
3,1048,923,1082,917
3,1066,889,1003,883
3,1047,874,962,879
3,1052,856,962,879
3,1059,873,962,881
3,1031,882,974,880
3,1023,911,1043,881
3,1029,907,1122,895
3,1029,930,1103,924
3,1052,924,1089,939
3,1036,914,1096,946
3,1039,902,1120,948
3,1039,897,1126,940
3,1023,900,1093,940
3,1038,902,950,988
3,1027,922,943,1009
3,1020,918,968,1019
3,1003,936,1001,1025
3,992,929,1004,1026
3,1024,943,1012,1026
3,1003,926,1024,1002
3,994,949,1045,927
3,995,937,991,871
3,995,928,829,875
3,990,920,825,876
3,972,930,835,888
3,980,938,915,941
3,946,952,951,962
3,951,942,934,994
3,966,909,941,1005
3,983,904,968,1015
3,979,893,971,1018
3,989,903,978,1021
3,977,888,980,1021
3,983,868,973,1021
3,1013,875,950,1024
3,1013,878,946,1013
3,1008,891,957,973
3,985,898,978,930
3,969,915,993,858
3,956,919,993,850
3,943,913,993,850
3,927,925,993,850
3,919,935,996,863
3,905,978,1003,885
3,905,989,960,931
3,897,1008,919,953
3,910,974,914,956
3,893,974,911,956
3,912,965,905,951
3,898,977,887,931
3,908,967,881,911
3,900,958,857,881
3,881,967,787,862
3,888,957,785,872
3,872,968,820,911
3,889,965,883,954
3,903,941,880,989
3,902,911,860,1015
3,914,924,839,1026
3,925,962,817,1032
3,928,971,817,1032
3,941,982,893,1034
3,936,991,920,995
3,944,1000,936,979
3,936,1001,957,958
3,929,983,957,954
3,917,1018,962,953
3,926,1011,986,955
3,935,1005,1014,960
3,951,987,1018,963
3,946,981,1022,971
3,935,981,1022,976
3,926,978,994,980
3,914,978,939,981
3,890,975,884,960
3,865,959,874,938
3,854,972,874,926
3,888,977,886,890
3,881,972,878,887
3,876,962,827,913
3,876,954,800,918
3,884,963,804,918
3,893,948,870,926
3,864,935,965,933
3,870,943,971,943
3,870,917,901,966
3,874,915,884,964
3,858,902,884,952
3,826,917,882,961
3,826,918,880,964
3,823,911,878,945
3,816,924,869,883
3,833,921,869,878
3,822,914,859,900
3,847,909,715,940
3,857,914,713,941
3,868,938,725,946
3,858,911,814,973
3,871,898,836,986
3,886,870,837,990
3,907,883,838,993
3,908,902,841,993
3,889,911,870,958
3,881,892,909,912
3,899,935,918,901
3,882,927,925,927
3,883,935,923,943
3,876,957,918,933
3,861,942,920,906
3,850,941,920,905
3,851,945,920,905
3,864,943,921,906
3,899,954,858,912
3,894,980,828,910
3,900,978,828,911
3,911,992,852,925
3,918,989,871,954
3,894,989,877,974
3,870,961,877,974
3,886,978,917,962
3,839,976,936,954
3,829,973,936,947
3,828,967,936,947
3,826,976,936,947
3,816,987,938,947
3,828,973,917,944
3,837,981,827,940
3,847,982,818,929
3,854,993,818,942
3,862,998,815,962
3,840,990,809,971
3,837,975,808,972
3,826,969,808,962
3,833,980,814,951
3,820,967,860,918
3,815,959,895,918
3,779,966,914,918
3,784,984,895,918
3,790,988,841,918
3,797,976,749,913
3,825,976,741,909
3,836,968,732,907
3,818,968,686,912
3,810,982,664,927
3,790,990,656,947
3,819,978,658,963
3,838,1005,690,994
3,826,1007,771,1000
3,817,973,891,1003
3,791,955,893,1002
3,817,972,881,988
3,826,957,849,980
3,847,958,834,973
3,853,950,827,973
3,832,957,823,973
3,830,951,803,966
3,834,949,799,958
3,825,969,811,936
3,817,972,844,927
3,826,973,855,924
3,858,967,865,918
3,877,943,867,900
3,885,935,851,881
3,896,898,797,901
3,908,895,789,926
3,891,898,819,958
3,880,912,844,973
3,879,891,847,975
3,884,889,847,979
3,875,899,850,982
3,871,921,852,982
3,877,933,870,949
3,866,916,862,925
3,872,910,831,868
3,869,916,816,863
3,860,915,809,865
3,854,917,810,871
3,861,932,803,888
3,867,944,801,894
3,905,935,787,898
3,890,928,772,907
3,907,926,768,902
3,908,914,766,902
3,899,893,831,885
3,922,880,846,900
3,912,881,839,922
3,905,865,896,925
3,906,864,905,930
3,903,873,905,935
3,902,889,931,938
3,921,908,932,941
3,906,899,932,941
3,896,880,957,895
3,909,857,933,878
3,935,875,837,885
4,944,564,961,541
4,921,583,961,541
4,956,605,961,541
4,976,594,961,541
4,986,588,961,541
4,1013,572,961,541
4,992,565,961,541
4,980,575,950,561
4,980,578,951,591
4,966,567,997,608
4,964,546,1023,606
4,947,532,1023,599
4,932,532,1020,591
4,909,546,1009,574
4,898,576,986,568
4,882,589,972,563
4,887,626,971,561
4,894,623,941,551
4,925,619,884,540
4,924,618,789,549
4,938,619,778,568
4,931,607,838,621
4,935,630,928,625
4,953,638,940,625
4,930,625,940,625
4,912,661,940,625
4,917,678,940,625
4,944,668,944,621
4,949,659,944,621
4,935,629,932,653
4,962,616,902,705
4,970,623,895,714
4,977,626,875,730
4,953,607,862,736
4,942,582,862,736
4,942,604,881,740
4,959,599,1001,718
4,959,604,1015,717
4,972,589,1000,707
4,1012,594,955,700
4,1022,605,901,682
4,1021,589,871,602
4,1055,589,868,588
4,1037,604,868,585
4,1062,595,887,588
4,1071,596,995,604
4,1072,580,1028,608
4,1086,580,1032,618
4,1084,570,1032,618
4,1080,567,1014,633
4,1078,582,1014,633
4,1059,570,1014,635
4,1080,550,1048,621
4,1057,565,1082,597
4,1019,531,1088,586
4,1034,547,1095,573
4,1024,553,1095,567
4,997,533,1052,562
4,998,541,1019,562
4,1007,559,965,561
4,1017,545,975,553
4,1040,547,1039,497
4,1033,533,1039,497
4,1059,549,1016,501
4,1056,538,929,518
4,1070,528,890,532
4,1051,532,886,536
4,1038,555,904,556
4,1051,574,937,580
4,1065,553,946,593
4,1058,548,946,605
4,1058,548,954,619
4,1064,556,957,620
4,1076,560,967,622
4,1046,554,1004,602
4,1055,543,1018,583
4,1043,551,1018,574
4,1055,549,1019,570
4,1081,560,1019,570
4,1063,537,1015,562
4,1070,527,991,547
4,1054,521,977,537
4,1064,519,976,527
4,1036,518,996,513
4,1031,540,1008,506
4,1041,507,1008,506
4,1019,505,1006,507
4,1020,481,1007,509
4,1050,488,1030,517
4,1093,497,1034,527
4,1080,493,1027,554
4,1091,505,1181,495
4,1072,507,1181,488
4,1078,497,1180,486
4,1066,507,1180,486
4,1068,513,1137,480
4,1057,499,1107,480
4,1085,507,1106,480
4,1078,500,1111,478
4,1083,528,1130,473
4,1070,532,1154,467
4,1066,537,1154,467
4,1087,548,1149,468
4,1081,525,1117,479
4,1080,548,1103,490
4,1041,537,1064,528
4,1056,553,1036,580
4,1068,551,1044,587
4,1090,555,1084,603
4,1091,566,1102,609
4,1072,553,1107,610
4,1054,562,1108,610
4,1046,559,1108,610
4,1037,560,1109,584
4,1035,544,1108,558
4,1039,524,1116,548
4,1044,533,1109,552
4,1068,545,1052,584
4,1076,531,1016,604
4,1072,530,1003,612
4,1081,529,1003,613
4,1077,503,1022,603
4,1094,511,1048,590
4,1084,525,1083,558
4,1057,543,1083,557
4,1048,544,1077,537
4,1040,586,1082,529
4,1042,599,1085,525
4,1054,592,1082,525
4,1059,574,1055,526
4,1040,556,1023,521
4,1030,548,987,518
4,1023,526,957,512
4,1038,535,945,511
4,1031,550,936,511
4,1042,552,936,511
4,1027,541,1008,511
4,1043,557,1046,543
4,1042,518,1017,586
4,1045,515,1014,595
4,1065,513,1018,606
4,1070,525,1008,627
4,1068,507,1008,627
4,1059,500,999,627
4,1045,523,983,624
4,1049,542,952,583
4,1039,537,947,548
4,1046,522,950,528
4,1016,506,955,524
4,1004,517,960,516
4,1004,551,960,515
4,983,566,960,515
4,959,585,999,504
4,958,602,1108,502
4,955,602,1097,512
4,933,601,1061,533
4,932,600,1026,550
4,933,612,997,560
4,898,614,997,560
4,919,644,989,567
4,898,615,936,596
4,895,627,924,600
4,885,624,916,594
4,863,613,893,586
4,877,640,870,583
4,870,615,869,581
4,881,614,857,591
4,880,602,856,607
4,870,591,900,639
4,880,588,986,656
4,856,575,1003,660
4,867,579,933,685
4,890,584,879,707
4,888,579,936,724
4,888,577,946,728
4,892,565,913,732
4,914,566,857,692
4,913,578,852,605
4,923,573,849,573
4,918,578,847,555
4,903,593,847,552
4,917,633,847,538
4,905,656,847,538
4,903,643,847,537
4,909,669,874,529
4,916,679,1121,525
4,910,672,1138,535
4,895,659,1067,559
4,872,684,1012,591
4,869,703,966,634
4,878,701,951,663
4,894,726,940,696
4,881,740,941,709
4,880,751,928,724
4,880,786,895,738
4,895,803,879,760
4,910,808,886,789
4,902,803,902,810
4,926,799,907,818
4,914,855,916,830
4,915,872,931,843
4,928,891,962,861
4,959,883,1028,879
4,967,877,1031,880
4,988,879,1023,878
4,1022,894,999,878
4,1008,897,998,878
4,1012,875,920,887
4,1010,906,871,890
4,1011,893,882,886
4,997,891,926,880
4,999,869,938,875
4,1011,852,938,875
4,1022,842,943,874
4,1016,835,957,874
4,1031,835,984,882
4,1014,843,988,888
4,1000,862,981,901
4,1001,876,957,916
4,1011,858,953,919
4,1015,860,953,921
4,1012,825,951,921
4,1028,849,960,914
4,1015,842,974,908
4,1032,835,967,915
4,1050,821,948,919
4,1053,821,944,903
4,1042,840,955,820
4,1071,863,985,791
4,1053,870,999,791
4,1065,870,1008,801
4,1061,858,1014,802
4,1069,865,1060,806
4,1088,857,1083,818
4,1098,846,1086,832
4,1111,865,1083,844
4,1121,862,1083,844
4,1138,853,1083,847
4,1096,854,1136,837
4,1079,853,1172,828
4,1055,865,1181,822
4,1058,856,1178,819
4,1054,859,1178,819
4,1047,870,1185,820
4,1054,857,1194,802
4,1030,863,1183,786
4,1038,836,1165,778
4,1032,828,1163,777
4,1011,805,1173,776
4,1002,816,1192,775
4,975,812,1192,775
4,963,817,1156,789
4,961,792,1160,793
4,952,807,1216,794
4,935,813,1223,794
4,938,772,1195,804
4,928,745,1188,808
4,940,748,1169,813
4,919,748,1118,826
4,922,737,1044,830
4,941,703,937,832
4,920,690,875,822
4,930,702,849,802
4,967,722,821,747
4,978,722,801,689
4,985,711,798,639
4,998,715,818,624
4,997,725,863,602
4,1012,739,964,631
4,1012,751,1078,730
4,993,778,1069,757
4,982,788,997,788
4,981,799,986,794
4,983,789,985,812
4,996,774,987,815
4,996,800,989,816
4,1003,815,1005,821
4,1005,832,1008,823
4,1014,850,1009,824
4,1035,848,1010,833
4,1032,855,995,858
4,1054,884,984,877
4,1072,905,999,886
4,1095,894,1030,887
4,1119,919,1063,881
4,1116,915,1083,878
4,1094,917,1091,878
4,1102,921,1113,877
4,1096,926,1114,877
4,1054,955,1120,877
4,1065,971,1173,878
4,1074,984,1216,880
4,1078,971,1216,880
4,1075,965,1221,880
4,1076,967,1236,880
4,1072,957,1253,870
4,1073,966,1254,869
4,1084,929,1254,869
4,1065,925,1253,877
4,1094,933,1234,908
4,1083,965,1233,909
4,1071,968,1233,909
4,1091,1018,1233,909
4,1080,948,1248,910
4,1080,972,1281,903
4,1072,964,1281,902
4,1065,949,1273,904
4,1065,941,1294,906
4,1046,944,1335,906
4,1040,936,1336,906
4,1047,921,1336,906
4,1070,934,1299,908
4,1060,949,1257,913
4,1059,953,1270,906
4,1080,954,1289,900
4,1080,969,1263,905
4,1056,970,1200,918
4,1064,931,1111,918
4,1057,924,1086,916
4,1088,913,1062,915
4,1088,913,1055,914
4,1070,923,1035,908
4,1068,927,1030,906
4,1069,948,1038,906
4,1055,949,1076,904
4,1018,934,1136,904
4,994,937,1141,905
4,988,945,1141,905
4,987,945,1141,905
4,994,943,1123,914
4,1010,912,1080,925
4,1004,880,1012,931
4,1008,897,990,932
4,1002,896,963,935
4,988,896,956,935
4,1010,884,956,935
4,1007,881,961,935
4,1015,867,1000,924
4,979,878,1019,917
4,995,905,1018,915
4,991,907,1015,915
4,976,919,1015,915
4,959,929,1012,913
4,958,922,996,908
4,974,942,951,908
4,981,915,950,908
4,986,910,975,908
4,993,902,983,907
4,984,906,971,917
4,958,899,968,917
4,970,891,982,913
4,960,874,1012,911
4,952,845,1007,913
4,973,855,984,920
4,965,862,979,920
4,948,850,974,907
4,953,857,990,906
4,970,864,991,906
4,953,866,986,906
4,929,863,984,899
4,905,843,1017,876
4,919,864,1037,870
4,917,884,1037,870
4,930,882,1012,879
4,907,872,911,902
4,902,894,807,907
4,896,880,747,900
4,900,847,726,897
4,901,845,724,895
4,918,822,723,894
4,925,831,727,891
4,934,864,746,887
4,915,865,746,887
4,919,883,747,887
4,926,879,815,888
4,893,875,912,895
4,887,878,915,897
4,870,894,914,901
4,882,884,877,911
4,876,906,837,915
4,869,887,849,907
4,875,884,865,904
4,878,897,865,904
4,891,913,865,900
4,897,925,865,900
4,897,927,815,897
4,893,927,790,897
4,887,950,789,897
4,904,917,814,895
4,882,917,942,898
4,890,919,945,901
4,896,927,931,903
4,923,912,914,910
4,935,919,914,910
4,924,910,947,919
4,923,902,952,921
4,921,909,944,926
4,940,908,931,930
4,957,898,931,930
4,966,883,929,930
4,935,884,922,928
4,938,884,923,922
4,916,889,909,921
4,926,909,851,921
4,929,904,896,910
4,889,912,1051,904
4,894,907,1052,904
4,886,924,991,904
4,890,927,996,894
4,884,949,1009,890
4,897,967,1011,889
4,891,953,1009,887
4,894,944,984,845
4,898,936,941,844
4,930,916,885,880
4,953,908,887,905
4,948,893,889,914
4,970,898,903,937
4,979,878,904,957
4,961,870,904,960
4,953,867,931,965
4,937,861,968,964
4,952,857,973,964
4,931,860,973,963
4,956,878,973,954
4,919,898,995,935
4,900,903,1000,930
4,900,896,976,917
4,862,889,934,903
4,845,886,944,882
4,842,878,945,880
4,842,884,905,875
4,814,888,807,871
4,805,896,808,871
4,835,913,819,872
4,839,935,811,875
4,832,921,790,880
4,822,923,732,882
4,847,911,687,882
4,858,891,686,882
4,867,916,677,882
4,876,927,669,882
4,848,925,689,881
4,855,934,895,876
4,820,948,933,876
4,824,929,933,876
4,824,939,950,880
4,833,942,964,880
4,824,908,962,880
4,854,897,811,890
4,900,874,657,890
4,919,907,665,890
4,896,887,785,885
4,909,892,829,885
4,889,888,815,888
4,856,867,847,891
4,860,826,909,891
4,857,815,918,891
4,850,845,917,890
4,854,810,916,890
4,841,794,916,889
4,844,805,910,887
4,837,809,865,885
4,837,802,783,879
4,841,792,761,874
4,844,792,797,852
4,848,793,811,830
4,844,781,818,786
4,838,780,816,798
4,823,757,810,840
4,817,744,820,850
4,805,723,836,846
4,802,690,833,739
4,816,688,791,622
4,792,676,785,604
4,783,650,796,605
4,793,653,796,604
4,809,632,749,578
4,789,638,720,484
4,787,645,781,434
4,793,645,795,426
4,804,659,797,426
4,804,674,797,426
4,788,673,793,490
4,786,667,812,602
4,781,664,812,626
4,782,658,813,636
4,792,646,822,657
4,787,650,829,665
4,744,651,831,674
4,766,650,831,676
4,761,643,823,678
4,767,644,764,666
4,795,695,724,657
4,781,709,751,622
4,797,694,755,621
4,792,703,756,615
4,783,726,756,615
4,779,715,756,615
4,771,705,757,615
4,752,694,795,630
4,780,666,837,643
4,739,651,842,646
4,741,667,842,647
4,736,670,819,658
4,747,650,757,672
4,768,651,761,673
4,751,649,792,673
4,767,667,783,673
4,763,663,727,675
4,737,653,722,675
4,734,648,757,668
4,703,647,795,665
4,712,636,770,672
4,717,620,748,677
4,724,610,748,677
4,713,615,748,677
4,697,596,683,702
4,686,577,667,703
4,695,558,660,673
4,666,586,652,655
4,664,587,648,649
4,676,591,645,624
4,682,597,636,609
4,671,593,624,544
4,706,597,619,510
4,690,576,619,499
4,678,559,617,500
4,650,551,606,542
4,645,549,614,589
4,636,540,643,642
4,637,530,645,657
4,626,552,648,668
4,647,548,649,673
4,650,595,639,674
4,652,602,604,608
4,639,614,575,551
4,667,624,571,533
4,688,610,571,549
4,704,621,607,603
4,729,607,627,663
4,721,586,630,683
4,706,574,630,692
4,704,566,612,705
4,743,563,597,715
4,763,529,605,719
4,761,522,628,719
4,753,518,632,719
4,749,498,632,719
4,747,513,670,709
4,780,529,754,694
4,800,532,765,687
4,795,518,740,657
4,789,514,695,569
4,806,472,689,531
4,779,473,745,522
4,773,489,783,519
4,812,511,783,519
4,824,536,783,519
4,831,514,792,525
4,832,492,795,520
4,829,504,801,503
4,840,526,800,494
4,837,513,800,494
4,832,527,802,502
4,818,507,819,530
4,832,514,842,548
4,829,519,846,548
4,853,513,867,546
4,879,500,883,541
4,891,521,891,538
4,869,514,892,534
4,851,477,892,525
4,872,472,892,524
4,900,457,892,521
4,914,444,898,506
4,901,407,940,499
4,905,423,941,484
4,896,408,930,459
4,859,394,917,377
4,864,411,923,347
4,864,452,916,344
4,863,440,850,336
4,883,440,803,331
4,889,414,776,333
4,896,389,769,384
4,895,385,909,475
4,890,401,933,481
4,898,419,934,469
4,863,416,929,426
4,852,406,914,396
4,870,378,887,383
4,882,365,868,380
4,868,389,804,382
4,875,371,800,383
4,876,392,799,389
4,884,390,810,401
4,900,380,829,399
4,914,360,854,383
4,916,367,861,364
4,914,394,841,342
4,908,393,827,325
4,909,401,817,315
4,914,404,811,312
4,867,409,810,312
4,873,403,813,310
4,897,417,837,301
4,891,380,848,299
4,884,392,862,296
4,879,389,860,317
4,879,422,831,332
4,887,410,825,347
4,897,447,830,356
4,904,458,844,370
4,914,437,845,370
4,928,421,846,337
4,952,425,821,259
4,907,435,817,249
4,909,443,832,279
4,906,425,857,332
4,934,423,883,433
4,940,413,887,476
4,944,424,887,494
4,932,439,883,508
4,925,445,887,511
4,929,451,908,490
4,938,452,912,486
4,956,469,923,460
4,949,488,924,453
4,936,480,924,438
4,929,476,924,437
4,899,472,924,417
4,878,472,917,400
4,895,476,900,369
4,889,468,892,356
4,887,488,892,356
4,851,481,902,368
4,857,501,910,438
4,842,481,796,479
4,849,465,743,477
4,845,486,738,477
4,863,480,738,477
4,885,475,729,474
4,871,455,715,494
4,856,460,663,550
4,850,459,654,565
4,849,465,652,565
4,864,479,640,519
4,870,489,650,477
4,895,501,671,457
4,887,510,672,456
4,884,486,675,455
4,860,469,740,457
4,865,456,863,503
4,911,413,906,522
4,931,409,906,522
4,892,398,871,489
4,889,377,844,458
4,892,369,843,455
4,886,379,843,455
4,927,383,829,503
4,909,393,827,511
4,929,343,832,483
4,907,344,842,427
4,912,340,840,374
4,926,338,840,369
4,914,347,855,351
4,891,338,898,345
4,876,337,942,334
4,913,323,948,332
4,925,307,949,328
4,910,304,936,317
4,928,329,899,296
4,971,318,842,310
4,976,327,749,355
4,937,333,724,371
4,946,356,724,371
4,962,326,748,359
4,969,318,816,282
4,960,347,847,219
4,959,381,849,213
4,968,368,848,212
4,967,357,848,212
4,969,371,848,220
4,971,361,866,233
4,951,356,911,277
4,905,361,931,293
4,914,362,898,323
4,902,354,842,363
4,908,357,828,407
4,906,366,828,417
4,866,358,838,436
4,866,360,843,445
4,848,381,848,455
4,841,376,848,461
4,832,390,837,460
4,818,399,798,436
4,833,378,784,420
4,821,391,758,398
4,829,406,726,449
4,803,380,721,495
4,809,396,724,504
4,766,401,732,513
4,765,393,747,529
4,799,387,765,539
4,821,400,824,542
4,823,398,846,542
4,832,381,794,541
4,828,387,712,526
4,867,390,708,526
4,866,393,718,513
4,843,375,760,496
4,842,391,843,453
4,840,394,860,455
4,834,396,882,454
4,842,386,883,453
4,840,418,900,427
4,823,445,911,408
4,836,494,892,382
4,815,520,825,347
4,813,525,800,334
4,812,538,799,334
4,770,534,787,356
4,760,541,791,371
4,775,530,821,416
4,783,534,830,447
4,779,552,833,478
4,756,556,828,496
4,764,576,802,522
4,798,546,737,558
4,773,543,696,568
4,751,537,692,566
4,728,575,686,540
4,744,574,676,484
4,744,583,674,469
4,738,596,680,450
4,751,591,675,450
4,718,591,664,471
4,728,607,668,486
4,735,603,698,506
4,709,587,720,523
4,719,580,721,531
4,738,598,723,537
4,740,581,727,541
4,745,571,731,555
4,754,570,734,562
4,758,560,732,571
4,737,594,738,573
4,744,597,838,573
4,748,579,850,573
4,781,593,850,573
4,818,593,855,568
4,830,567,885,559
4,821,572,885,558
4,825,571,882,555
4,833,578,841,555
4,834,573,796,574
4,852,563,797,580
4,845,566,858,580
4,849,582,929,581
4,814,561,933,582
4,814,557,935,586
4,821,582,936,590
4,818,566,936,590
4,844,560,939,594
4,813,520,936,616
4,815,539,905,635
4,783,529,895,643
4,763,540,938,628
4,753,509,980,618
4,743,500,963,623
4,744,494,948,628
4,738,520,948,626
4,751,509,971,616
4,742,524,969,614
4,727,517,910,595
4,705,520,771,532
4,711,502,709,479
4,691,497,686,457
4,676,480,662,437
4,702,478,652,444
4,715,483,654,472
4,737,478,663,496
4,756,489,661,501
4,785,495,644,499
4,796,513,593,477
4,805,499,568,451
4,812,505,570,444
4,796,527,624,436
4,770,534,712,443
4,772,539,775,475
4,762,530,798,501
4,786,548,812,516
4,804,533,816,522
4,782,544,817,541
4,782,570,804,556
4,801,585,788,573
4,812,602,753,579
4,820,597,748,579
4,827,579,744,570
4,820,582,771,576
4,810,583,818,597
4,787,589,841,604
4,773,567,868,602
4,771,560,868,600
4,785,536,850,565
4,776,521,778,503
4,772,526,724,520
4,756,511,714,543
4,757,513,717,560
4,763,505,725,577
4,758,490,840,598
4,752,513,860,587
4,753,525,842,579
4,733,524,768,568
4,689,532,763,568
4,694,549,763,567
4,669,545,768,565
4,683,548,770,543
4,701,540,762,532
4,699,565,761,534
4,685,544,723,546
4,673,558,644,528
4,666,580,560,519
4,663,562,545,512
4,665,577,544,487
4,677,602,586,465
4,662,626,604,462
4,660,608,608,470
4,666,592,609,496
4,646,592,609,501
4,674,599,611,504
4,679,597,627,516
4,672,601,631,534
4,671,616,631,536
4,688,607,627,544
4,690,621,611,551
4,694,625,592,553
4,699,598,592,540
4,699,607,625,476
4,682,609,607,446
4,689,657,596,433
4,706,651,596,433
4,705,650,613,468
4,698,650,614,512
4,685,676,607,554
4,695,684,650,640
4,700,699,712,692
4,689,716,717,709
4,654,719,721,734
4,669,753,725,746
4,646,752,724,751
4,668,757,698,755
4,684,737,665,758
4,690,744,660,756
4,672,751,652,751
4,669,755,640,734
4,658,745,639,733
4,652,742,642,731
4,660,731,672,742
4,669,760,692,754
4,670,761,706,771
4,681,739,727,791
4,664,750,727,798
4,664,770,708,802
4,629,768,687,806
4,655,752,683,806
4,633,767,698,798
4,617,761,712,791
4,636,757,712,791
4,623,763,709,791
4,641,767,706,793
4,651,765,700,795
4,677,748,677,795
4,681,771,590,788
4,677,747,570,777
4,674,730,567,768
4,667,721,564,760
4,670,735,563,759
4,678,746,560,758
4,667,750,607,776
4,679,736,611,805
4,667,726,587,843
4,656,727,590,843
4,665,727,614,846
4,688,740,656,850
4,696,717,682,847
4,698,726,708,802
4,667,718,697,777
4,665,712,613,771
4,640,742,569,759
4,643,759,705,733
4,635,768,773,715
4,644,772,764,699
4,611,776,729,690
4,641,769,687,683
4,662,718,677,682
4,661,727,674,674
4,674,733,669,672
4,691,725,613,687
4,680,719,583,725
4,674,718,592,764
4,666,725,593,786
4,705,739,598,811
4,702,741,604,819
4,706,753,647,832
4,705,740,663,832
4,710,764,658,830
4,706,735,654,827
4,712,722,652,827
4,711,736,656,826
4,714,761,714,828
4,702,760,793,832
4,694,758,796,832
4,673,755,797,829
4,672,765,765,823
4,671,777,761,821
4,695,768,761,820
4,675,764,761,820
4,666,797,821,820
4,663,767,866,834
4,644,759,844,854
4,648,755,797,862
4,670,761,787,852
4,677,738,787,837
4,674,710,785,837
4,642,711,688,835
4,629,711,598,819
4,646,709,582,803
4,646,730,610,799
4,665,714,677,786
4,693,738,686,786
4,694,720,672,777
4,719,706,598,733
4,687,660,545,653
4,651,651,537,630
4,632,662,540,625
4,645,645,546,627
4,649,669,583,666
4,643,656,633,709
4,645,649,688,770
4,653,643,697,782
4,660,633,687,791
4,654,628,667,788
4,646,650,612,713
4,638,649,605,689
4,635,650,617,607
4,650,683,617,601
4,630,640,600,584
4,632,629,597,578
4,642,653,584,562
4,654,641,584,562
4,631,629,677,658
4,643,624,695,710
4,633,634,675,715
4,632,623,673,716
4,618,647,647,703
4,601,632,572,691
4,590,606,577,680
4,586,627,671,646
4,577,605,678,646
4,590,633,654,646
4,607,633,652,642
4,601,598,627,606
4,591,605,577,594
4,607,622,509,585
4,609,612,489,585
4,592,602,489,582
4,609,587,489,570
4,616,587,498,522
4,616,604,502,503
4,619,606,502,492
4,651,592,490,491
4,684,601,498,484
4,686,621,495,478
4,704,643,472,478
4,708,624,475,470
4,743,641,486,461
4,755,648,486,461
4,781,668,490,461
4,788,678,653,547
4,807,697,910,657
4,852,691,899,669
4,879,680,903,681
4,851,691,926,697
4,849,693,926,712
4,855,675,933,738
4,863,667,929,746
4,856,675,923,755
4,827,683,915,755
4,852,663,911,753
4,832,630,904,745
4,835,646,871,736
4,848,616,864,732
4,835,628,853,730
4,867,625,796,724
4,876,652,794,720
4,880,658,802,709
4,886,669,843,652
4,854,670,846,645
4,885,676,852,637
4,901,675,856,648
4,881,686,895,683
4,904,682,897,705
4,881,682,853,750
4,894,704,852,760
4,875,689,879,767
4,895,679,888,773
4,918,660,895,778
4,943,647,954,782
4,930,634,983,782
4,936,638,944,782
4,975,634,930,782
4,989,647,951,761
4,993,623,948,755
4,979,604,928,745
4,980,579,919,687
4,964,577,924,671
4,971,579,924,671
4,967,550,937,671
4,982,554,974,670
4,961,572,955,656
4,946,563,872,598
4,958,523,854,565
4,974,504,861,543
4,958,477,862,540
4,935,470,874,540
4,947,443,909,554
4,950,447,909,593
4,938,451,889,613
4,938,456,888,616
4,921,468,909,613
4,931,470,921,588
4,911,455,879,474
4,911,444,860,437
4,895,425,847,425
4,909,381,815,428
4,925,373,812,428
4,971,395,813,441
4,971,405,844,441
4,958,412,888,439
4,939,402,900,439
4,937,403,900,437
4,968,389,914,426
4,918,400,960,425
4,924,398,966,423
4,909,377,989,410
4,904,380,1018,385
4,922,387,1030,370
4,937,349,987,372
4,952,350,885,366
4,963,329,879,360
4,942,340,876,351
4,937,339,884,343
4,937,341,905,330
4,919,334,906,327
4,888,347,910,319
4,896,364,912,317
4,896,372,923,312
4,877,355,939,299
4,881,361,947,293
4,871,369,943,290
4,875,353,910,299
4,874,373,894,307
4,879,366,896,310
4,876,349,905,315
4,898,338,913,321
4,888,345,902,334
4,893,330,895,342
4,920,312,899,367
4,952,315,924,385
4,973,317,913,399
4,981,306,905,397
4,977,309,901,377
4,939,300,920,285
4,954,318,921,250
4,957,297,932,226
4,961,289,956,221
4,945,294,1097,245
4,922,296,1177,273
4,947,301,1127,305
4,929,291,1055,314
4,918,263,1053,312
4,925,273,1038,310
4,918,302,870,319
4,916,293,873,300
4,919,284,911,273
4,935,307,912,269
4,943,331,916,258
4,918,327,926,252
4,931,323,928,251
4,938,311,928,251
4,975,267,936,255
4,1002,280,942,282
4,1034,273,922,308
4,1040,285,938,324
4,1070,245,925,355
4,1079,229,912,365
4,1070,206,952,342
4,1052,240,1035,294
4,1029,240,1042,292
4,1060,271,1052,284
4,1071,289,1056,276
4,1059,300,1060,245
4,1084,268,1032,222
4,1107,279,989,209
4,1087,287,935,192
4,1116,304,923,186
4,1092,274,941,174
4,1086,266,996,168
4,1089,268,999,171
4,1079,255,1004,181
4,1110,260,1018,184
4,1101,263,1056,182
4,1095,254,1064,182
4,1110,253,1064,194
4,1099,262,1059,211
4,1129,249,1055,212
4,1115,251,1055,212
4,1084,243,1061,206
4,1095,245,1061,206
4,1076,206,1061,206
4,1081,205,1082,202
4,1069,227,1121,172
4,1060,224,1125,167
4,1071,218,1121,174
4,1078,237,1109,191
4,1067,266,1110,195
4,1079,266,1119,204
4,1094,253,1122,204
4,1100,247,1130,184
4,1080,252,1120,179
4,1071,247,1092,181
4,1061,270,1108,180
4,1043,243,1123,174
4,1043,245,1071,192
4,1046,236,1029,205
4,1031,252,1031,205
4,1026,270,1057,204
4,1008,259,1064,238
4,1013,269,1049,268
4,1021,272,1048,269
4,1022,282,1016,269
4,1009,305,962,268
4,1001,317,957,251
4,992,333,948,257
4,1007,325,941,274
4,993,296,939,299
4,1016,332,954,315
4,1030,297,977,344
4,1027,299,1029,380
4,1003,329,1033,383
4,1021,324,1010,412
4,1017,328,992,433
4,1001,353,983,445
4,1009,339,885,441
4,1015,330,872,421
4,995,333,934,352
4,994,330,1010,309
4,999,337,1007,308
4,999,368,1003,308
4,1036,379,993,321
4,1036,375,982,339
4,999,376,974,375
4,974,380,973,382
4,923,396,971,402
4,932,403,1043,434
4,932,414,1069,435
4,944,402,1051,446
4,944,405,967,457
4,940,395,889,427
4,922,397,843,421
4,915,374,839,390
4,934,359,839,381
4,929,372,837,364
5,964,544,953,542
5,961,534,953,542
5,967,537,953,542
5,950,523,953,542
5,916,486,953,542
5,907,483,953,542
5,901,490,953,542
5,900,497,953,542
5,928,494,953,542
5,930,461,957,514
5,925,443,933,460
5,943,428,881,416
5,961,448,790,374
5,972,454,789,360
5,939,449,872,380
5,953,469,901,401
5,971,441,903,410
5,958,464,961,421
5,946,458,992,431
5,923,451,988,445
5,933,440,971,453
5,946,416,956,458
5,932,420,925,462
5,911,416,914,462
5,888,422,914,462
5,873,429,923,451
5,859,443,919,448
5,843,444,920,418
5,848,436,958,385
5,847,433,961,381
5,843,449,909,394
5,853,444,808,445
5,851,404,802,458
5,880,390,805,473
5,870,389,805,479
5,897,416,805,483
5,898,423,803,488
5,893,404,784,492
5,879,408,751,506
5,898,393,854,462
5,918,384,934,416
5,911,383,924,405
5,904,421,896,368
5,898,437,887,354
5,897,444,886,342
5,884,467,887,339
5,888,480,887,339
5,924,500,872,364
5,894,479,873,431
5,887,471,882,448
5,880,461,886,466
5,898,457,873,473
5,876,411,840,493
5,863,449,843,494
5,831,459,858,494
5,820,455,877,481
5,834,455,844,448
5,817,470,819,435
5,792,501,811,427
5,757,503,811,423
5,755,510,810,423
5,756,539,809,423
5,745,519,788,425
5,745,532,765,443
5,745,533,750,465
5,733,552,747,472
5,699,549,744,481
5,671,561,733,489
5,645,561,694,504
5,654,556,688,504
5,636,571,687,504
5,640,583,675,506
5,631,617,667,520
5,672,611,687,537
5,643,587,716,564
5,625,604,733,577
5,640,594,736,580
5,648,609,712,592
5,637,608,697,592
5,667,618,693,592
5,680,610,662,607
5,696,635,625,624
5,681,638,604,640
5,679,654,576,658
5,655,657,575,659
5,654,669,575,659
5,654,670,580,659
5,625,648,692,654
5,615,644,777,654
5,603,644,747,659
5,596,642,665,661
5,584,660,658,663
5,597,690,659,665
5,585,689,647,671
5,598,698,587,675
5,611,678,567,657
5,596,679,562,646
5,603,672,551,627
5,595,646,551,624
5,583,655,552,623
5,609,629,556,641
5,595,591,556,652
5,600,600,557,654
5,574,610,562,674
5,560,607,565,685
5,525,611,565,685
5,518,587,572,685
5,490,585,612,685
5,515,537,654,670
5,517,553,659,650
5,520,536,652,627
5,527,556,651,624
5,499,564,640,608
5,495,544,630,601
5,517,568,609,586
5,522,558,598,581
5,499,575,537,574
5,513,584,535,571
5,479,604,551,552
5,523,607,577,524
5,485,588,579,522
5,532,606,576,537
5,525,594,568,549
5,517,584,568,549
5,499,578,573,553
5,451,574,647,575
5,530,581,648,585
5,536,591,597,602
5,530,574,543,590
5,499,562,507,528
5,512,562,529,504
5,491,571,548,501
5,519,594,558,501
5,537,635,559,502
5,523,599,581,502
5,513,579,704,502
5,534,560,704,509
5,537,594,653,536
5,561,614,622,546
5,565,582,610,554
5,585,565,599,570
5,589,549,593,601
5,599,560,589,617
5,613,562,589,619
5,613,583,576,601
5,608,599,583,546
5,624,595,619,476
5,641,597,620,473
5,657,583,614,482
5,653,581,587,501
5,668,589,577,504
5,663,589,544,485
5,657,555,525,469
5,657,539,517,465
5,656,552,516,463
5,678,552,533,460
5,654,556,565,477
5,654,546,582,505
5,659,536,586,525
5,665,531,595,526
5,656,516,632,534
5,654,529,642,539
5,677,529,644,539
5,687,508,634,515
5,703,505,631,488
5,713,476,640,467
5,708,462,647,516
5,716,456,636,556
5,726,473,578,553
5,705,476,558,540
5,688,519,548,531
5,714,538,551,517
5,710,553,579,503
5,716,553,590,497
5,705,532,554,490
5,695,541,505,481
5,714,556,512,465
5,708,579,572,459
5,689,615,596,468
5,712,596,563,505
5,703,618,545,525
5,667,581,557,537
5,692,578,575,559
5,683,583,581,570
5,681,604,595,577
5,681,579,604,581
5,675,574,603,586
5,676,577,599,592
5,653,545,608,592
5,640,556,632,600
5,641,546,642,605
5,643,561,642,605
5,662,584,641,605
5,672,596,637,578
5,716,606,634,537
5,699,606,618,503
5,680,607,610,494
5,665,619,603,482
5,681,627,616,467
5,680,630,685,446
5,683,646,673,461
5,685,648,614,506
5,691,660,610,529
5,701,691,629,542
5,731,730,652,553
5,730,693,652,570
5,732,685,652,575
5,719,682,665,580
5,718,667,676,584
5,715,682,661,573
5,701,668,601,537
5,697,665,556,503
5,681,663,583,453
5,681,706,621,443
5,681,721,557,464
5,731,750,540,465
5,728,757,553,446
5,731,790,577,436
5,750,814,581,434
5,736,817,562,464
5,715,830,543,511
5,720,823,560,537
5,701,826,596,566
5,686,814,617,583
5,716,804,618,584
5,696,797,618,584
5,691,793,594,587
5,694,773,575,585
5,676,781,575,558
5,699,762,579,513
5,692,773,566,496
5,675,755,535,482
5,672,777,512,453
5,659,802,662,443
5,646,795,732,475
5,643,779,707,525
5,650,787,677,577
5,621,761,649,634
5,586,765,627,674
5,573,781,593,743
5,583,809,584,767
5,614,808,595,778
5,618,803,632,820
5,612,821,635,834
5,609,836,633,835
5,614,813,622,860
5,619,811,635,872
5,642,799,656,872
5,641,799,652,863
5,635,805,652,843
5,630,807,649,838
5,626,779,649,838
5,583,794,649,838
5,599,773,647,831
5,610,797,665,802
5,615,792,670,801
5,629,806,674,814
5,633,816,652,842
5,623,819,604,843
5,636,825,599,825
5,639,860,632,808
5,612,834,631,809
5,631,840,579,835
5,639,840,575,827
5,638,835,606,812
5,651,841,626,811
5,652,851,629,811
5,663,853,600,817
5,677,855,578,803
5,687,874,574,777
5,654,853,593,771
5,627,861,620,793
5,647,837,629,837
5,655,809,629,847
5,687,802,660,836
5,684,795,673,845
5,705,805,635,918
5,710,788,621,920
5,668,771,603,884
5,690,757,624,851
5,686,757,647,854
5,689,808,645,859
5,692,812,645,839
5,714,828,645,838
5,708,866,641,822
5,715,849,637,797
5,726,879,644,783
5,753,870,652,803
5,749,862,645,824
5,760,859,644,824
5,746,888,697,785
5,739,887,716,778
5,723,890,716,778
5,709,884,701,796
5,709,870,696,800
5,688,858,725,800
5,698,838,753,821
5,704,829,741,843
5,716,827,727,853
5,732,828,726,852
5,712,843,726,843
5,716,861,713,857
5,702,859,687,873
5,667,856,678,845
5,663,841,706,829
5,663,860,748,838
5,652,852,757,881
5,663,862,748,893
5,685,850,796,865
5,675,844,829,850
5,683,842,775,849
5,655,873,638,838
5,662,859,527,806
5,678,827,552,780
5,695,822,599,759
5,695,812,634,768
5,709,817,643,782
5,742,821,647,809
5,740,814,605,834
5,741,801,607,834
5,717,818,613,834
5,752,835,666,834
5,762,817,665,836
5,789,812,664,840
5,803,828,721,850
5,807,833,758,854
5,796,835,766,843
5,778,852,767,836
5,751,858,733,806
5,786,863,731,799
5,786,875,741,766
5,816,855,761,757
5,824,857,783,803
5,854,860,790,869
5,823,832,791,876
5,811,859,876,892
5,800,869,952,885
5,786,876,951,870
5,815,873,957,846
5,804,882,958,840
5,819,885,902,825
5,840,860,746,812
5,825,868,729,811
5,848,875,761,837
5,859,886,777,860
5,841,892,774,871
5,844,888,785,869
5,854,897,859,867
5,846,888,857,872
5,837,916,826,881
5,808,924,849,862
5,780,944,869,859
5,789,941,849,865
5,764,939,796,879
5,801,935,783,879
5,819,940,841,868
5,827,949,861,873
5,822,946,854,890
5,811,949,841,894
5,845,914,838,871
5,842,904,851,865
5,840,906,865,865
5,832,909,788,873
5,825,931,702,847
5,824,930,697,832
5,824,948,712,830
5,821,957,716,860
5,847,955,708,892
5,862,931,715,920
5,882,925,730,932
5,886,906,753,949
5,856,929,768,963
5,854,932,795,979
5,835,923,819,988
5,852,923,869,984
5,853,935,876,972
5,860,926,872,956
5,840,922,823,925
5,866,903,705,907
5,842,885,697,907
5,848,881,706,918
5,832,882,717,937
5,853,901,738,943
5,866,891,736,941
5,891,890,728,937
5,874,897,731,929
5,893,900,740,934
5,929,899,749,941
5,940,885,810,951
5,946,896,835,947
5,941,906,835,947
5,938,918,858,926
5,939,934,952,892
5,947,952,956,891
5,946,952,955,882
5,949,997,971,867
5,949,989,978,864
5,955,997,978,864
5,948,1002,963,863
5,950,977,908,874
5,980,986,894,877
5,982,973,911,894
5,999,986,927,905
5,995,969,929,916
5,961,989,924,918
5,936,1007,943,916
5,969,1018,956,918
5,970,984,956,919
5,940,973,956,921
5,971,991,979,919
5,969,986,1068,919
5,973,969,1100,915
5,971,977,1068,918
5,960,978,1015,930
5,964,973,964,934
5,958,959,964,934
5,978,948,997,936
5,969,936,999,936
5,969,911,961,936
5,964,911,927,935
5,963,935,929,919
5,966,908,943,918
5,965,909,957,918
5,978,911,940,926
5,980,919,934,926
5,1014,904,933,909
5,1006,903,975,897
5,1024,908,993,907
5,1009,905,964,942
5,972,900,949,948
5,967,884,947,949
5,937,888,966,948
5,948,917,975,955
5,929,925,977,958
5,914,954,1007,957
5,925,956,1044,941
5,936,972,920,901
5,905,979,820,878
5,899,934,831,873
5,934,922,870,859
5,945,899,902,867
5,972,892,915,878
5,970,903,909,892
5,947,912,906,894
5,951,913,908,900
5,960,905,917,914
5,955,903,925,922
5,1005,900,955,928
5,1020,920,976,917
5,1010,904,994,897
5,989,902,971,872
5,983,883,961,864
5,994,877,959,853
5,1020,860,979,851
5,982,868,998,857
5,982,872,999,869
5,1001,867,969,890
5,986,879,963,901
5,992,889,1124,969
5,960,883,1204,1000
5,969,893,1190,1003
5,971,895,1069,998
5,990,907,1015,984
5,976,890,1031,948
5,962,892,1113,888
5,930,890,1133,861
5,924,891,1082,850
5,948,880,925,851
5,941,878,910,851
5,933,871,919,856
5,940,868,920,893
5,959,866,853,933
5,957,885,853,933
5,957,887,859,941
5,965,916,865,945
5,970,890,883,947
5,968,898,972,916
5,962,918,993,907
5,920,918,987,895
5,924,914,983,891
5,928,919,982,886
5,913,929,973,874
5,920,911,954,861
5,914,915,960,858
5,916,901,969,858
5,925,912,961,877
5,898,926,928,913
5,908,959,926,920
5,932,971,943,928
5,915,980,958,932
5,889,960,913,934
5,899,959,863,927
5,901,949,916,874
5,903,938,952,843
5,905,966,946,827
5,898,975,880,825
5,895,974,887,829
5,916,980,985,867
5,936,1003,992,891
5,930,1002,949,917
5,969,1003,926,924
5,934,996,930,928
5,923,991,932,930
5,906,1003,905,943
5,888,1002,895,949
5,887,990,905,955
5,894,1023,939,970
5,899,998,968,973
5,893,998,977,973
5,913,1019,971,973
5,898,994,895,979
5,920,1003,878,980
5,912,1008,881,980
5,887,979,919,978
5,875,991,942,978
5,833,974,898,983
5,807,984,880,983
5,804,974,902,983
5,803,999,877,988
5,819,979,823,993
5,826,969,820,988
5,838,952,768,978
5,826,960,672,961
5,815,944,674,958
5,832,967,699,954
5,805,948,818,952
5,809,925,855,955
5,820,942,850,959
5,839,927,848,959
5,828,959,846,959
5,787,952,845,960
5,786,929,845,966
5,777,927,849,984
5,779,962,850,996
5,772,935,850,997
5,778,938,850,997
5,777,936,847,991
5,785,915,817,983
5,763,927,739,972
5,763,936,711,968
5,758,970,731,960
5,774,965,745,960
5,788,970,751,960
5,797,974,752,964
5,791,995,761,966
5,787,989,807,964
5,788,985,799,966
5,771,978,700,977
5,780,977,697,977
5,783,991,725,976
5,783,1010,774,974
5,803,1016,755,981
5,775,999,708,989
5,787,1019,711,981
5,779,1008,720,981
5,833,1014,713,986
5,840,1000,692,993
5,822,1001,691,993
5,811,1030,712,989
5,808,993,779,993
5,810,1018,795,997
5,803,1009,901,992
5,835,996,905,988
5,841,995,789,975
5,836,1016,713,970
5,840,1011,713,968
5,827,996,744,973
5,849,1010,755,982
5,866,995,756,988
5,864,997,759,995
5,892,984,762,998
5,890,976,788,1000
5,911,999,802,1000
5,920,980,811,994
5,905,954,811,994
5,901,958,812,980
5,875,937,906,946
5,865,931,1030,942
5,872,921,1034,948
5,841,929,960,961
5,865,904,916,974
5,844,898,915,975
5,820,922,906,975
5,771,941,849,975
5,785,963,820,977
5,778,986,808,974
5,789,981,806,963
5,784,964,817,949
5,788,993,813,945
5,801,983,811,942
5,830,973,847,927
5,819,957,855,945
5,832,952,815,986
5,835,960,808,1006
5,819,935,808,1007
5,807,906,850,1001
5,814,898,878,1011
5,793,920,879,1022
5,786,922,881,1028
5,816,940,891,1023
5,837,937,873,1006
5,844,909,789,968
5,821,903,723,939
5,843,865,718,929
5,855,845,753,905
5,876,843,778,904
5,864,867,816,926
5,878,875,836,953
5,883,876,834,961
5,891,879,834,961
5,895,865,838,949
5,896,834,857,936
5,913,834,859,908
5,917,827,846,862
5,917,819,829,796
5,909,836,817,756
5,915,847,823,769
5,919,864,840,824
5,927,839,861,864
5,924,827,815,892
5,932,842,804,901
5,938,856,825,904
5,939,879,895,880
5,939,870,904,875
5,944,847,906,859
5,928,823,916,832
5,922,808,928,829
5,912,822,943,863
5,883,835,953,922
5,856,822,953,939
5,860,790,953,945
5,869,796,951,953
5,876,767,923,955
5,894,773,878,949
5,874,766,805,892
5,884,773,801,830
5,888,767,855,795
5,920,769,903,783
5,918,760,903,783
5,896,755,895,792
5,886,738,904,810
5,904,740,908,814
5,903,742,887,813
5,900,721,876,800
5,890,708,876,756
5,887,678,873,721
5,875,659,866,692
5,867,658,855,691
5,866,670,847,691
5,878,628,847,690
5,858,628,847,684
5,860,634,836,664
5,856,641,814,630
5,833,625,809,581
5,817,642,808,532
5,799,614,797,509
5,802,597,790,495
5,824,601,793,482
5,851,601,796,479
5,872,574,816,470
5,851,578,818,469
5,835,599,798,496
5,864,584,831,670
5,867,581,909,728
5,848,578,918,724
5,842,565,924,707
5,842,537,941,699
5,829,541,939,691
5,831,576,917,663
5,872,555,898,625
5,869,588,872,582
5,870,565,853,552
5,920,551,846,550
5,903,540,839,549
5,907,533,822,562
5,913,515,839,570
5,930,531,892,582
5,931,534,918,586
5,949,532,918,586
5,932,508,872,603
5,941,510,862,607
5,904,518,857,606
5,918,561,856,603
5,909,558,893,568
5,910,593,935,528
5,908,579,953,511
5,920,569,965,506
5,940,558,1008,494
5,949,579,1009,501
5,965,595,926,537
5,961,587,825,572
5,914,581,798,581
5,911,575,798,593
5,905,590,804,597
5,886,590,884,614
5,845,557,968,623
5,872,563,990,650
5,856,586,997,667
5,849,587,923,664
5,860,558,800,632
5,866,545,774,581
5,865,551,803,548
5,897,519,809,541
5,904,526,809,541
5,908,527,814,540
5,921,523,838,530
5,951,532,841,530
5,962,527,848,530
5,945,535,868,537
5,931,539,874,543
5,950,553,904,547
5,949,517,961,531
5,962,541,1023,504
5,995,526,1031,501
5,990,502,1035,512
5,998,503,1059,555
5,987,500,1063,578
5,975,511,1029,604
5,993,490,1011,604
5,1022,479,975,558
5,1062,470,940,509
5,1072,497,934,485
5,1050,513,931,459
5,1040,531,930,452
5,1062,546,939,448
5,1067,566,1067,488
5,1045,591,1133,542
5,1071,632,1128,576
5,1092,632,1128,593
5,1101,648,1123,603
5,1107,618,1049,617
5,1108,628,1037,617
5,1089,621,1037,617
5,1082,605,1037,617
5,1079,598,1037,615
5,1092,603,1036,614
5,1098,589,1038,616
5,1119,583,1086,689
5,1112,575,1082,760
5,1121,579,1062,780
5,1107,591,1056,747
5,1104,590,1065,730
5,1143,595,1066,730
5,1155,627,1089,692
5,1152,640,1126,662
5,1159,642,1144,657
5,1146,643,1146,666
5,1171,625,1149,673
5,1186,580,1160,674
5,1182,579,1169,684
5,1170,595,1173,696
5,1152,577,1178,699
5,1132,607,1185,701
5,1122,627,1186,708
5,1130,637,1185,711
5,1114,648,1191,712
5,1106,636,1194,712
5,1115,610,1176,725
5,1079,579,1139,731
5,1078,580,1144,718
5,1102,587,1167,708
5,1126,591,1143,731
5,1160,603,1127,738
5,1156,589,1135,737
5,1173,579,1134,737
5,1185,584,1154,684
5,1211,577,1208,646
5,1204,595,1220,648
5,1189,609,1231,697
5,1217,608,1239,720
5,1181,625,1247,722
5,1194,621,1250,733
5,1219,629,1250,734
5,1199,632,1198,656
5,1189,636,1126,604
5,1209,641,1109,567
5,1207,623,1109,567
5,1217,607,1121,583
5,1204,609,1151,594
5,1202,595,1155,638
5,1193,603,1151,644
5,1180,583,1151,634
5,1172,595,1183,577
5,1186,587,1193,572
5,1171,584,1190,610
5,1143,605,1127,648
5,1126,617,1096,660
5,1117,592,1104,613
5,1127,607,1122,588
5,1104,628,1106,609
5,1128,625,1005,651
5,1123,655,972,639
5,1113,673,963,592
5,1117,658,987,584
5,1109,661,1055,595
5,1112,631,1072,627
5,1131,622,1072,651
5,1127,612,1072,652
5,1124,588,1076,674
5,1133,588,1035,746
5,1106,608,1003,795
5,1111,618,1012,806
5,1107,638,1055,812
5,1124,611,1083,789
5,1124,629,1077,749
5,1122,623,1072,670
5,1138,623,1072,631
5,1145,608,1075,602
5,1139,592,1073,599
5,1120,597,1072,599
5,1110,573,1081,596
5,1108,577,1081,596
5,1099,586,1111,599
5,1068,580,1121,602
5,1059,562,1082,608
5,1047,522,1057,611
5,1037,535,1061,603
5,1002,576,1098,577
5,993,558,1101,571
5,981,568,1055,562
5,958,566,993,546
5,967,563,962,505
5,975,558,959,497
5,974,568,963,496
5,960,570,929,549
5,981,560,890,619
5,977,564,906,689
5,998,560,925,713
5,1001,575,940,722
5,1005,593,940,722
5,1011,610,961,692
5,1019,615,1002,655
5,998,611,999,633
5,993,634,990,600
5,975,594,989,589
5,988,612,989,589
5,984,620,989,589
5,985,617,1001,589
5,1002,590,973,602
5,1024,588,939,663
5,1035,561,933,693
5,1055,566,933,695
5,1061,552,904,698
5,1080,526,888,686
5,1094,545,904,661
5,1096,553,944,653
5,1087,538,1003,645
5,1088,543,1139,568
5,1082,560,1217,528
5,1058,556,1229,519
5,1053,520,1236,514
5,1039,518,1237,509
5,1037,506,1133,522
5,1055,498,1003,537
5,1039,520,995,528
5,1015,528,983,489
5,1008,521,975,453
5,1020,537,968,432
5,1048,548,968,432
5,1082,532,992,437
5,1085,543,1038,471
5,1058,538,1056,518
5,1062,549,1049,538
5,1050,559,1047,554
5,1069,556,1053,568
5,1055,528,1072,582
5,1048,528,1096,577
5,1007,513,1106,574
5,1024,507,1116,556
5,1012,514,1119,553
5,1026,555,1120,545
5,1017,516,1104,533
5,1007,509,1071,520
5,1014,493,1048,504
5,1027,499,969,527
5,1006,464,975,583
5,969,440,1033,618
5,961,424,1038,628
5,966,445,1038,628
5,958,429,1042,617
5,952,442,1041,581
5,941,469,990,486
5,936,473,960,442
5,933,465,947,430
5,938,462,933,423
5,930,462,893,401
5,939,449,883,387
5,939,464,882,390
5,929,463,866,437
5,945,478,884,471
5,954,487,890,483
5,932,499,895,506
5,921,504,896,499
5,902,480,925,473
5,890,474,963,428
5,897,486,963,423
5,895,513,965,433
5,872,533,1023,499
5,862,548,1042,546
5,861,551,1036,588
5,844,561,932,612
5,879,564,795,597
5,893,564,774,585
5,894,556,757,594
5,920,578,729,635
5,908,572,729,665
5,906,570,747,695
5,915,575,769,701
5,916,566,796,685
5,902,562,807,648
5,917,551,813,636
5,918,523,855,623
5,884,520,863,622
5,883,543,863,622
5,866,540,878,610
5,866,540,884,606
5,864,566,897,597
5,896,604,912,587
5,903,583,959,548
5,908,614,948,536
5,911,603,911,525
5,920,618,822,523
5,901,617,787,536
5,912,616,814,560
5,902,626,858,584
5,930,632,881,588
5,915,630,887,592
5,918,616,888,593
5,928,610,933,586
5,936,597,968,580
5,945,603,968,580
5,988,596,968,580
5,976,592,968,580
5,967,580,945,584
5,1010,598,943,585
5,1019,602,942,585
5,1019,624,799,607
5,1025,611,734,618
5,1032,585,847,572
5,1033,571,937,568
5,1042,586,921,597
5,1026,558,925,606
5,1035,565,970,620
5,1018,554,982,637
5,994,569,992,643
5,985,553,1013,643
5,1009,588,1019,643
5,997,602,1029,638
5,1006,607,1057,626
5,1031,577,1079,609
5,1053,592,1079,609
5,1061,576,1068,604
5,1066,564,1062,599
5,1073,568,1078,581
5,1086,580,1091,583
5,1121,580,1073,615
5,1134,598,1057,621
5,1126,592,1069,602
5,1107,615,1084,593
5,1106,610,1101,599
5,1106,616,1110,627
5,1120,612,1111,634
5,1118,625,1147,621
5,1145,618,1159,624
5,1157,625,1153,649
5,1161,606,1143,638
5,1152,602,1163,611
5,1148,614,1177,610
5,1140,617,1163,649
5,1137,611,1150,658
5,1145,636,1195,631
5,1141,653,1228,625
5,1153,679,1238,628
5,1200,682,1246,630
5,1208,690,1264,624
5,1214,704,1256,630
5,1201,718,1241,645
5,1192,718,1242,648
5,1170,712,1251,652
5,1166,713,1252,665
5,1180,690,1242,687
5,1168,696,1247,691
5,1172,688,1266,702
5,1163,700,1272,711
5,1138,701,1247,735
5,1141,690,1226,744
5,1149,674,1241,742
5,1150,670,1284,751
5,1148,661,1295,768
5,1131,662,1310,797
5,1106,660,1334,804
5,1101,661,1335,804
5,1090,660,1321,796
5,1095,690,1273,757
5,1087,694,1241,654
5,1064,693,1257,640
5,1096,686,1255,660
5,1103,717,1160,669
5,1085,703,1135,663
5,1109,708,1126,667
5,1091,727,1066,707
5,1107,721,1031,736
5,1100,721,1030,749
5,1090,724,1030,771
5,1127,702,1044,773
5,1108,660,1153,747
5,1092,659,1147,753
5,1101,669,1073,784
5,1112,671,1081,789
5,1105,651,1144,786
5,1103,657,1199,781
5,1084,675,1201,760
5,1067,689,1218,721
5,1059,679,1166,665
5,1037,662,997,642
5,1025,638,994,640
5,1039,646,994,645
5,1058,625,1007,688
5,1082,617,1016,700
5,1079,623,1030,712
5,1108,611,1044,716
5,1092,645,1045,716
5,1088,631,1013,701
5,1104,637,998,660
5,1070,631,1018,622
5,1066,633,1088,567
5,1086,638,1098,567
5,1089,616,1116,588
5,1102,631,1123,596
5,1133,616,1118,627
5,1105,609,1108,631
5,1135,597,1108,637
5,1114,583,1108,646
5,1132,591,1076,666
5,1142,586,1073,669
5,1146,609,1068,618
5,1161,608,1063,612
5,1168,618,1060,594
5,1155,607,1080,573
5,1157,623,1097,587
5,1150,604,1119,622
5,1123,576,1122,622
5,1118,570,1138,606
5,1102,558,1171,575
5,1100,562,1172,575
5,1093,556,1191,608
5,1073,548,1117,611
5,1098,568,1031,576
5,1098,602,999,536
5,1113,586,998,524
5,1120,577,1011,537
5,1105,546,1014,591
5,1089,572,1014,606
5,1089,576,1009,570
5,1069,585,997,536
5,1074,605,1016,514
5,1079,613,1071,509
5,1091,628,1161,485
5,1071,640,1170,476
5,1066,638,1094,492
5,1067,654,992,571
5,1088,657,996,619
5,1101,646,1023,672
5,1129,642,1024,696
5,1123,653,1021,697
5,1158,645,1022,704
5,1154,648,1023,704
5,1152,627,1037,704
5,1147,641,1072,692
5,1163,636,1087,688
5,1150,646,1087,688
5,1166,637,1087,685
5,1153,635,1098,663
5,1113,628,1101,662
5,1117,616,1096,660
5,1114,612,1063,609
5,1133,584,1053,628
5,1137,597,1053,629
5,1167,595,1053,626
5,1165,570,1066,580
5,1168,567,1066,580
5,1171,561,1054,605
5,1181,567,1056,614
5,1196,585,1058,614
5,1204,578,1082,624
5,1192,574,1137,623
5,1202,566,1189,611
5,1201,591,1189,611
5,1199,582,1179,611
5,1211,589,1170,595
5,1213,570,1158,575
5,1204,563,1134,564
5,1191,544,1130,558
5,1170,542,1130,558
5,1192,580,1137,564
5,1183,560,1151,565
5,1208,546,1155,564
5,1188,557,1215,525
5,1202,576,1225,518
5,1189,561,1190,547
5,1175,531,1119,579
5,1190,554,1114,579
5,1218,512,1114,579
5,1208,526,1127,571
5,1233,522,1110,570
5,1212,499,1064,559
5,1211,508,1032,544
5,1197,526,1043,514
5,1208,515,1203,505
5,1203,535,1246,490
5,1195,570,1246,487
5,1177,592,1246,470
5,1193,578,1253,460
5,1186,593,1251,456
5,1178,592,1243,453
5,1191,586,1230,444
5,1169,594,1135,498
5,1179,575,1070,571
5,1196,569,1068,635
5,1205,561,1077,645
5,1213,570,1124,648
5,1221,584,1161,634
5,1240,585,1163,627
5,1226,573,1163,627
5,1239,561,1171,612
5,1258,548,1184,573
5,1264,554,1178,546
5,1261,545,1177,544
5,1238,557,1188,543
5,1215,570,1268,578
5,1217,582,1272,589
5,1218,592,1271,590
5,1258,603,1236,601
5,1277,575,1236,607
5,1267,594,1243,601
5,1246,591,1199,599
5,1250,578,1157,600
5,1262,599,1150,577
5,1272,595,1219,555
5,1282,586,1291,545
5,1290,611,1287,560
5,1272,587,1311,577
5,1248,610,1331,592
5,1223,582,1344,615
5,1214,559,1409,622
5,1217,565,1395,623
5,1229,536,1342,618
5,1234,501,1298,590
5,1232,484,1279,575
5,1232,500,1272,562
5,1242,494,1268,546
5,1247,492,1273,524
5,1241,482,1274,522
5,1249,449,1274,522
5,1262,462,1275,522
5,1269,442,1276,532
5,1253,454,1276,557
5,1217,466,1283,565
5,1197,456,1285,551
5,1214,434,1266,525
5,1202,423,1248,460
5,1192,411,1247,434
5,1199,379,1246,424
5,1186,374,1223,420
5,1195,396,1157,442
5,1157,377,1144,466
5,1154,366,1141,482
5,1163,354,1141,482
5,1194,338,1184,437
5,1213,345,1187,410
5,1244,338,1176,379
5,1233,302,1176,379
5,1216,293,1155,380
5,1213,285,1161,359
5,1239,288,1198,307
5,1254,290,1210,282
5,1255,307,1215,271
5,1242,293,1249,253
5,1271,283,1278,273
5,1266,264,1296,324
5,1239,254,1305,342
6,981,566,967,545
6,975,581,967,545
6,990,577,967,545
6,1013,576,967,545
6,999,579,967,545
6,973,556,967,545
6,946,554,962,545
6,945,537,960,544
6,945,535,960,544
6,921,552,965,537
6,933,573,987,512
6,947,569,988,511
6,960,559,988,511
6,962,565,979,507
6,947,583,963,493
6,960,574,946,485
6,945,554,942,488
6,917,559,936,515
6,898,573,943,526
6,883,569,953,537
6,883,593,961,539
6,895,579,961,539
6,904,572,964,543
6,901,575,953,553
6,882,557,953,553
6,898,559,955,553
6,902,580,938,560
6,934,560,935,557
6,927,554,948,523
6,891,586,952,518
6,897,579,884,536
6,926,596,828,548
6,932,603,839,528
6,934,633,876,517
6,961,641,891,516
6,990,634,873,561
6,978,631,868,574
6,989,632,871,584
6,986,636,882,597
6,990,663,890,635
6,967,667,890,640
6,953,673,930,635
6,968,674,960,623
6,964,676,964,611
6,965,701,962,585
6,1000,709,947,570
6,981,707,925,561
6,958,704,916,559
6,966,682,912,558
6,967,700,919,587
6,961,689,951,635
6,959,720,958,642
6,960,719,958,643
6,961,727,955,655
6,968,726,954,666
6,957,704,1020,672
6,971,699,1058,670
6,964,701,1060,670
6,974,705,1034,660
6,978,689,919,633
6,963,709,895,608
6,967,714,902,595
6,934,736,915,588
6,975,742,913,588
6,963,754,913,587
6,922,737,923,549
6,932,738,929,514
6,939,725,917,527
6,946,743,861,597
6,972,740,856,647
6,991,733,884,688
6,983,719,903,731
6,993,700,891,757
6,971,710,883,770
6,977,710,883,775
6,997,705,890,786
6,1014,738,930,783
6,1011,727,948,752
6,1005,715,956,736
6,1013,722,964,698
6,1030,728,961,695
6,1005,726,910,687
6,1015,728,873,688
6,1004,735,860,688
6,998,717,878,676
6,981,692,944,666
6,997,677,985,662
6,999,669,987,663
6,1023,685,1048,670
6,1035,720,1050,690
6,1027,672,1028,697
6,1032,663,1016,657
6,1062,664,1010,623
6,1075,662,1011,601
6,1106,676,1012,599
6,1078,672,1019,602
6,1092,677,1023,622
6,1065,688,1037,639
6,1072,693,1093,641
6,1093,679,1107,642
6,1115,671,1154,645
6,1135,704,1194,639
6,1117,713,1189,636
6,1144,713,1138,652
6,1160,728,1087,677
6,1170,741,1080,682
6,1188,749,1080,682
6,1157,749,1104,698
6,1144,731,1118,706
6,1123,731,1118,706
6,1150,734,1123,709
6,1163,705,1127,712
6,1155,716,1119,697
6,1129,718,1105,653
6,1146,741,1085,656
6,1152,771,1075,660
6,1134,786,1088,653
6,1158,781,1105,645
6,1157,797,1110,672
6,1177,791,1107,688
6,1190,784,1097,674
6,1202,802,1077,598
6,1165,807,1103,597
6,1172,806,1132,662
6,1158,818,1104,679
6,1161,843,1041,650
6,1146,852,1054,642
6,1141,860,1063,650
6,1126,849,1016,712
6,1128,865,946,744
6,1113,864,905,757
6,1121,878,904,757
6,1106,870,908,763
6,1150,889,941,794
6,1150,889,997,818
6,1161,878,1043,842
6,1180,855,1046,851
6,1154,871,1047,856
6,1144,856,1077,864
6,1139,857,1127,859
6,1138,870,1166,839
6,1152,861,1166,830
6,1177,876,1168,823
6,1183,886,1167,812
6,1182,899,1163,819
6,1192,924,1158,821
6,1174,952,1167,824
6,1181,967,1181,840
6,1150,1012,1195,871
6,1148,986,1195,872
6,1145,986,1195,872
6,1130,989,1196,875
6,1099,1009,1204,877
6,1084,1004,1212,883
6,1081,955,1215,888
6,1051,953,1241,891
6,1062,944,1245,908
6,1063,934,1186,945
6,1088,922,1127,949
6,1096,904,1127,949
6,1082,924,1126,949
6,1091,909,1150,937
6,1133,895,1232,925
6,1117,887,1260,913
6,1132,881,1260,911
6,1149,876,1274,904
6,1171,837,1282,902
6,1156,845,1283,902
6,1145,830,1283,900
6,1178,819,1258,889
6,1149,820,1210,898
6,1161,796,1209,900
6,1169,814,1214,900
6,1182,818,1222,907
6,1164,834,1223,909
6,1152,828,1224,894
6,1145,823,1210,870
6,1130,845,1203,853
6,1124,844,1204,853
6,1121,865,1233,869
6,1107,852,1233,885
6,1108,852,1222,889
6,1106,860,1258,874
6,1096,854,1291,890
6,1070,858,1298,905
6,1065,879,1258,920
6,1068,876,1253,920
6,1053,920,1262,919
6,1020,926,1281,925
6,1032,944,1212,956
6,1033,952,1175,952
6,1031,949,1170,947
6,1013,936,1160,938
6,988,948,1129,923
6,980,937,1036,919
6,957,942,1007,917
6,922,949,977,917
6,925,950,965,917
6,937,944,939,923
6,939,963,899,936
6,953,951,865,957
6,962,937,867,959
6,971,942,885,964
6,945,963,885,964
6,949,971,886,956
6,928,955,866,945
6,948,955,828,940
6,942,997,784,946
6,939,990,760,961
6,908,1001,758,963
6,908,997,756,957
6,893,992,800,919
6,893,1021,839,900
6,870,995,845,897
6,871,977,849,895
6,855,1008,794,929
6,857,997,737,946
6,848,991,735,934
6,845,1004,730,933
6,885,1004,693,959
6,889,1021,683,971
6,889,1011,729,980
6,876,1039,824,1007
6,852,984,825,1008
6,866,983,836,1009
6,872,962,844,1009
6,866,933,850,1010
6,864,949,881,1010
6,852,900,901,1006
6,830,888,949,972
6,828,900,949,972
6,828,893,949,972
6,835,889,949,965
6,819,914,939,931
6,818,917,919,913
6,810,932,863,924
6,802,918,854,928
6,818,941,877,928
6,839,948,918,955
6,859,944,944,970
6,836,932,955,982
6,826,932,939,1012
6,852,912,936,1020
6,865,901,937,1030
6,878,916,936,1036
6,862,934,933,1039
6,860,946,939,1045
6,854,945,945,1013
6,844,951,967,935
6,864,951,976,917
6,871,927,974,915
6,852,953,966,893
6,860,935,931,866
6,874,901,868,872
6,877,900,866,881
6,871,900,873,942
6,881,890,888,975
6,893,905,892,982
6,912,932,893,995
6,925,940,892,997
6,903,925,874,981
6,885,923,850,962
6,907,898,850,962
6,905,919,860,956
6,913,916,932,916
6,886,912,932,911
6,866,925,891,910
6,872,950,876,899
6,879,953,875,871
6,890,944,894,829
6,893,916,885,823
6,884,926,863,827
6,890,902,861,829
6,874,905,877,877
6,899,881,878,920
6,908,929,878,954
6,899,928,892,960
6,904,926,919,967
6,902,942,914,981
6,886,940,892,1000
6,863,923,931,1005
6,878,917,932,1005
6,866,932,933,995
6,862,935,936,913
6,887,939,940,866
6,913,938,928,852
6,905,917,836,868
6,904,920,709,883
6,944,930,696,893
6,919,931,731,923
6,959,967,944,925
6,964,953,974,925
6,964,939,968,926
6,947,924,970,926
6,941,903,929,935
6,923,877,894,939
6,911,868,912,929
6,909,879,972,917
6,913,883,970,924
6,878,897,963,929
6,851,891,961,928
6,874,894,968,905
6,873,888,952,910
6,874,853,895,919
6,892,850,872,912
6,924,858,861,879
6,936,852,880,874
6,934,833,909,891
6,940,845,912,910
6,944,827,910,916
6,933,832,901,888
6,939,812,909,881
6,951,812,943,883
6,961,798,927,930
6,948,817,912,934
6,967,821,938,918
6,996,835,961,951
6,1000,834,824,1008
6,1004,829,819,989
6,1011,824,910,955
6,990,829,956,952
6,1007,800,962,967
6,1003,813,938,993
6,977,799,930,998
6,997,751,931,975
6,959,754,949,960
6,968,738,934,1009
6,960,773,921,1016
6,950,786,914,995
6,947,775,942,952
6,947,772,953,964
6,951,772,938,995
6,966,759,921,1003
6,967,803,915,976
6,992,798,932,941
6,967,826,940,946
6,970,819,904,984
6,975,805,855,972
6,982,796,884,940
6,987,802,947,936
6,1008,805,946,959
6,1009,766,894,989
6,1005,770,883,966
6,1003,742,903,919
6,1014,762,924,918
6,1034,773,929,938
6,1042,772,929,936
6,1047,780,952,848
6,1069,783,944,831
6,1085,796,936,826
6,1081,807,926,790
6,1073,791,969,779
6,1064,791,1097,815
6,1055,794,1125,826
6,1055,773,1026,862
6,1069,762,1015,864
6,1072,752,1015,864
6,1096,747,1023,855
6,1100,744,1028,832
6,1094,730,1025,813
6,1093,743,1014,776
6,1091,756,1001,746
6,1106,744,1012,715
6,1095,758,1020,714
6,1068,748,1022,713
6,1082,752,1022,713
6,1080,767,1021,709
6,1092,792,1018,712
6,1087,751,1016,751
6,1094,738,1021,775
6,1131,730,1035,771
6,1126,744,1079,754
6,1142,740,1075,777
6,1114,747,1047,788
6,1063,753,1054,777
6,1056,763,1088,785
6,1030,754,1069,811
6,1020,721,1037,810
6,1014,704,1043,783
6,1001,709,1071,767
6,997,710,1093,764
6,1013,684,1096,764
6,994,688,1096,761
6,986,666,1098,750
6,995,641,1098,746
6,1003,661,1063,745
6,998,628,1054,737
6,1007,647,1042,706
6,986,638,1045,700
6,973,626,1025,709
6,933,621,1005,703
6,892,614,993,669
6,894,633,993,660
6,907,646,1004,664
6,922,632,1047,687
6,920,631,1027,731
6,930,636,939,763
6,926,634,926,747
6,931,605,979,711
6,898,606,1030,723
6,896,627,981,779
6,880,656,928,761
6,860,635,918,737
6,842,622,969,731
6,862,627,990,729
6,866,633,980,681
6,840,622,958,630
6,819,614,946,624
6,788,609,893,629
6,772,630,854,631
6,775,647,853,632
6,783,676,843,619
6,789,688,836,602
6,805,695,800,578
6,784,684,765,559
6,771,692,713,543
6,734,669,680,532
6,734,675,664,527
6,745,672,650,562
6,777,678,664,631
6,807,688,698,685
6,801,676,704,706
6,770,698,685,721
6,760,706,642,736
6,755,702,625,743
6,743,727,622,742
6,758,736,626,733
6,752,762,624,732
6,761,773,603,731
6,784,786,596,727
6,787,772,593,686
6,820,793,614,663
6,808,807,615,667
6,793,796,591,692
6,837,813,591,692
6,834,814,591,692
6,825,792,591,692
6,841,803,622,685
6,815,817,675,713
6,816,818,696,755
6,825,825,681,774
6,798,829,656,750
6,800,841,681,733
6,773,817,783,760
6,786,799,825,799
6,791,814,834,807
6,791,842,963,844
6,812,833,933,878
6,802,850,928,879
6,776,867,998,884
6,784,855,1076,917
6,815,845,1073,922
6,785,830,1073,922
6,783,851,959,914
6,793,851,828,863
6,812,854,817,856
6,816,865,817,856
6,813,852,820,859
6,835,862,819,860
6,851,861,823,855
6,865,838,830,856
6,892,825,772,877
6,893,836,736,874
6,897,841,758,845
6,902,831,813,844
6,917,859,821,852
6,928,844,808,879
6,919,825,787,883
6,939,825,787,872
6,933,841,821,869
6,924,842,827,883
6,936,833,789,893
6,944,814,768,868
6,922,806,837,853
6,924,812,858,855
6,935,801,832,880
6,926,785,775,890
6,928,789,790,864
6,961,775,830,862
6,971,799,833,888
6,965,801,788,904
6,984,808,758,867
6,984,817,841,860
6,980,799,880,880
6,985,784,839,912
6,974,792,752,915
6,970,807,748,863
6,964,817,824,834
6,979,814,857,843
6,970,809,853,845
6,1008,801,869,790
6,1016,812,943,747
6,1030,827,939,752
6,1023,827,941,747
6,990,843,954,746
6,1015,833,956,746
6,1033,837,955,746
6,1022,836,956,753
6,1016,844,1015,797
6,1033,817,1029,825
6,1016,823,996,840
6,1033,836,974,840
6,1069,820,968,858
6,1070,817,961,863
6,1109,798,961,863
6,1090,786,961,863
6,1083,776,1020,847
6,1077,779,1100,851
6,1067,795,1100,848
6,1041,772,1124,827
6,1042,766,1133,823
6,1046,754,1153,793
6,1057,748,1143,783
6,1071,755,986,792
6,1079,750,923,800
6,1076,773,933,763
6,1067,767,963,734
6,1081,765,981,715
6,1081,754,995,703
6,1085,770,1012,703
6,1097,768,1044,740
6,1097,778,1046,756
6,1101,798,1035,789
6,1088,782,1032,794
6,1096,763,1021,812
6,1131,750,1012,802
6,1141,768,1051,757
6,1177,764,1059,752
6,1182,751,1059,752
6,1172,772,1059,758
6,1139,801,1059,763
6,1134,811,1086,765
6,1137,818,1165,769
6,1131,798,1187,769
6,1135,817,1187,767
6,1117,787,1187,750
6,1128,799,1188,745
6,1108,778,1186,739
6,1108,776,1161,734
6,1125,770,1136,739
6,1119,754,1121,765
6,1118,770,1122,784
6,1126,779,1132,809
6,1146,792,1134,814
6,1152,785,1137,818
6,1148,790,1133,820
6,1132,773,1109,808
6,1128,799,1102,773
6,1104,795,1135,749
6,1121,794,1149,749
6,1111,783,1156,758
6,1105,764,1141,788
6,1104,740,1133,791
6,1117,715,1099,803
6,1129,716,1077,811
6,1141,728,1027,819
6,1126,732,1019,788
6,1126,711,1061,764
6,1128,696,1120,730
6,1150,696,1116,714
6,1163,696,1105,694
6,1163,680,1107,682
6,1165,693,1107,682
6,1179,691,1105,681
6,1184,683,1100,678
6,1179,664,1114,673
6,1206,662,1116,672
6,1203,659,1116,672
6,1176,643,1114,664
6,1173,649,1105,638
6,1164,640,1104,628
6,1158,651,1116,652
6,1149,638,1138,673
6,1159,642,1167,704
6,1162,657,1172,701
6,1147,665,1210,666
6,1143,676,1218,642
6,1148,700,1187,634
6,1167,709,1113,635
6,1178,703,1079,634
6,1181,714,1075,634
6,1206,716,1072,633
6,1209,729,1087,648
6,1209,728,1152,704
6,1219,769,1182,727
6,1234,762,1183,727
6,1250,738,1187,733
6,1230,743,1199,735
6,1227,743,1207,735
6,1248,739,1207,735
6,1254,730,1213,735
6,1254,725,1219,737
6,1259,728,1226,742
6,1262,725,1245,754
6,1259,708,1247,760
6,1259,688,1226,770
6,1245,694,1214,770
6,1237,706,1206,736
6,1240,718,1237,721
6,1235,738,1254,724
6,1226,759,1256,725
6,1203,764,1250,723
6,1203,754,1221,674
6,1209,761,1222,659
6,1218,760,1225,674
6,1202,761,1225,721
6,1194,794,1185,767
6,1172,772,1151,788
6,1169,777,1134,792
6,1171,771,1113,774
6,1189,772,1125,761
6,1227,738,1133,753
6,1201,732,1137,764
6,1234,718,1125,779
6,1248,706,1119,784
6,1211,689,1133,783
6,1229,694,1160,783
6,1249,659,1167,783
6,1246,693,1190,777
6,1235,688,1222,758
6,1264,704,1226,757
6,1252,680,1258,754
6,1262,679,1322,731
6,1260,638,1323,731
6,1259,633,1316,731
6,1256,617,1294,713
6,1276,643,1290,688
6,1275,642,1307,657
6,1276,650,1316,649
6,1252,629,1322,645
6,1260,620,1357,629
6,1263,629,1414,588
6,1269,642,1415,586
6,1275,654,1415,586
6,1277,656,1413,579
6,1263,662,1403,568
6,1238,661,1399,561
6,1229,655,1399,561
6,1243,647,1399,561
6,1221,648,1383,570
6,1229,661,1357,576
6,1244,670,1329,589
6,1236,683,1306,606
6,1202,674,1305,612
6,1222,697,1308,613
6,1214,686,1236,623
6,1225,701,1204,619
6,1243,712,1194,593
6,1240,684,1200,587
6,1255,673,1213,612
6,1266,656,1191,681
6,1279,669,1176,715
6,1278,651,1176,730
6,1259,646,1179,758
6,1252,630,1177,761
6,1240,601,1175,758
6,1251,608,1199,697
6,1243,576,1226,656
6,1262,547,1245,633
6,1261,524,1246,625
6,1250,519,1241,618
6,1244,534,1232,616
6,1248,544,1223,600
6,1277,514,1217,590
6,1253,526,1217,577
6,1252,504,1218,561
6,1253,501,1214,535
6,1224,489,1201,512
6,1224,486,1204,501
6,1228,475,1268,475
6,1231,465,1311,459
6,1218,485,1312,459
6,1205,474,1308,459
6,1229,492,1291,458
6,1222,502,1219,456
6,1244,505,1218,457
6,1216,492,1219,434
6,1191,488,1220,422
6,1198,489,1220,422
6,1204,489,1227,426
6,1191,482,1236,444
6,1212,473,1239,454
6,1211,474,1238,485
6,1212,450,1195,510
6,1229,447,1188,498
6,1236,436,1188,498
6,1258,434,1192,505
6,1246,443,1196,510
6,1253,457,1197,522
6,1250,475,1191,533
6,1246,480,1191,533
6,1248,484,1259,471
6,1228,498,1312,432
6,1215,487,1320,414
6,1210,498,1310,391
6,1213,486,1286,365
6,1197,505,1260,364
6,1207,503,1225,410
6,1226,500,1228,449
6,1227,512,1233,481
6,1242,505,1234,492
6,1261,517,1217,511
6,1277,506,1212,517
6,1276,519,1212,517
6,1290,521,1212,519
6,1288,525,1212,520
6,1299,557,1213,517
6,1327,582,1234,506
6,1329,594,1235,503
6,1318,579,1238,509
6,1319,583,1323,509
6,1328,562,1355,507
6,1320,548,1338,519
6,1323,556,1323,559
6,1325,571,1329,597
6,1344,567,1332,647
6,1337,569,1322,690
6,1358,532,1308,693
6,1334,556,1274,629
6,1332,561,1269,522
6,1304,560,1269,521
6,1306,571,1337,541
6,1304,592,1364,539
6,1258,577,1378,517
6,1271,557,1389,503
6,1266,556,1381,498
6,1257,586,1319,502
6,1254,597,1297,504
6,1273,605,1290,519
6,1269,603,1285,537
6,1286,585,1279,549
6,1260,625,1276,551
6,1252,598,1275,551
6,1279,608,1275,550
6,1284,602,1255,558
6,1324,628,1233,532
6,1321,620,1244,521
6,1312,630,1266,521
6,1314,640,1278,530
6,1332,621,1276,540
6,1332,629,1266,542
6,1338,642,1260,528
6,1346,611,1271,526
6,1364,631,1289,539
6,1357,676,1277,559
6,1367,656,1274,563
6,1380,630,1273,560
6,1380,612,1297,569
6,1360,595,1301,582
6,1367,574,1297,597
6,1365,586,1299,602
6,1381,600,1307,617
6,1391,590,1279,651
6,1395,596,1257,657
6,1389,581,1257,655
6,1382,571,1274,625
6,1385,568,1292,567
6,1383,570,1301,564
6,1375,548,1337,564
6,1366,551,1338,564
6,1380,577,1347,533
6,1376,566,1363,523
6,1394,572,1369,547
6,1401,571,1359,577
6,1414,575,1357,577
6,1432,563,1363,602
6,1434,556,1355,612
6,1405,542,1353,596
6,1426,547,1380,588
6,1408,521,1391,589
6,1411,527,1387,588
6,1449,509,1380,573
6,1364,506,1374,541
6,1347,482,1354,535
6,1338,476,1339,538
6,1341,491,1335,544
6,1355,496,1342,553
6,1375,518,1359,550
6,1380,522,1365,549
6,1398,519,1366,540
6,1392,515,1352,500
6,1357,511,1244,482
6,1372,496,1235,476
6,1405,481,1254,469
6,1389,469,1303,464
6,1392,464,1337,464
6,1392,456,1341,467
6,1388,467,1363,489
6,1395,468,1379,525
6,1369,475,1376,542
6,1374,461,1371,552
6,1355,465,1311,570
6,1374,463,1296,569
6,1363,486,1296,569
6,1351,445,1296,569
6,1362,438,1296,569
6,1347,435,1296,569
6,1343,419,1296,569
6,1344,436,1296,569
6,1330,443,1296,569
6,1332,422,1296,569
6,1324,401,1296,569
6,1310,405,1296,569
6,1302,406,1296,569
6,1287,395,1296,569
6,1259,405,1295,549
6,1257,397,1270,461
6,1262,400,1210,401
6,1275,379,1092,362
6,1294,355,1048,343
6,1265,373,1044,338
6,1247,356,1041,328
6,1256,334,1038,321
6,1252,338,1038,315
6,1239,312,1046,315
6,1241,309,1087,322
6,1274,286,1094,322
6,1284,293,1094,322
6,1295,310,1094,322
6,1298,330,1090,312
6,1326,315,1073,298
6,1301,323,1061,294
6,1311,326,1049,290
6,1319,340,1049,288
6,1349,357,1048,288
6,1345,340,1043,290
6,1323,339,1043,290
6,1320,331,1041,292
6,1306,361,1010,311
6,1309,359,1010,311
6,1271,365,1016,314
6,1284,363,1076,318
6,1282,355,1080,323
6,1283,362,1093,341
6,1255,350,1171,346
6,1240,350,1184,348
6,1248,351,1184,344
6,1258,371,1196,329
6,1276,362,1199,329
6,1250,338,1182,349
6,1273,339,1163,367
6,1253,356,1163,368
6,1244,316,1175,368
6,1247,303,1191,370
6,1251,301,1216,375
6,1266,308,1266,359
6,1255,299,1288,353
6,1250,290,1300,347
6,1267,290,1305,339
6,1263,284,1300,333
6,1255,280,1226,341
6,1252,303,1157,343
6,1251,315,1147,330
6,1254,304,1145,318
6,1258,292,1149,308
6,1260,286,1163,291
6,1239,267,1167,287
6,1256,255,1168,287
6,1278,258,1183,299
6,1303,264,1189,304
6,1293,279,1192,311
6,1265,293,1192,313
6,1254,298,1192,313
6,1256,304,1192,313
6,1252,308,1197,315
6,1229,333,1251,318
6,1253,326,1261,323
6,1266,337,1257,329
6,1271,338,1254,335
6,1258,325,1252,336
6,1250,340,1252,337
6,1273,371,1252,337
6,1248,366,1251,337
6,1242,380,1247,337
6,1240,362,1247,337
6,1241,333,1247,337
6,1253,348,1247,337
6,1247,343,1246,337
6,1239,336,1242,342
6,1250,309,1238,346
6,1235,308,1238,346
6,1223,320,1238,346
6,1229,306,1238,346
6,1236,292,1238,346
6,1244,275,1238,346
6,1273,267,1238,346
6,1247,259,1238,346
6,1233,269,1238,346
6,1249,263,1238,346
6,1251,260,1238,346
6,1250,267,1238,346
6,1252,254,1238,346
6,1253,269,1238,346
6,1246,253,1238,346
6,1243,280,1238,346
6,1217,280,1238,346
6,1226,249,1238,346
6,1252,246,1238,346
6,1234,257,1238,346
6,1238,257,1238,346
6,1232,264,1225,343
6,1242,263,1168,324
6,1252,282,1157,306
6,1236,296,1160,270
6,1236,313,1170,257
6,1255,303,1171,248
6,1229,304,1179,232
6,1226,317,1199,214
6,1218,314,1203,212
6,1236,299,1210,221
6,1232,274,1244,267
6,1234,270,1260,282
6,1232,245,1259,300
6,1217,243,1243,341
6,1206,262,1228,369
6,1196,257,1221,384
6,1212,256,1218,387
6,1204,234,1209,380
6,1192,224,1177,322
6,1179,211,1163,261
6,1175,205,1163,248
6,1197,211,1165,244
6,1204,247,1165,243
6,1199,258,1165,238
6,1208,263,1153,226
6,1192,293,1142,220
6,1210,283,1120,211
6,1208,270,1102,205
6,1202,262,1096,200
6,1211,264,1095,200
6,1201,308,1108,224
6,1205,320,1200,292
6,1187,318,1241,321
6,1185,327,1241,331
6,1164,332,1238,345
6,1175,349,1237,347
6,1162,348,1237,347
6,1156,348,1237,350
6,1137,357,1237,350
6,1160,358,1233,349
6,1175,406,1195,328
6,1160,413,1163,316
6,1143,433,1094,307
6,1137,432,1056,307
6,1140,466,1012,309
6,1130,475,991,312
6,1123,465,991,312
6,1154,457,990,318
6,1179,462,1013,355
6,1185,469,1070,403
6,1210,472,1126,440
6,1243,472,1130,442
6,1264,480,1154,448
6,1286,485,1187,448
6,1313,509,1206,443
6,1320,504,1208,443
6,1322,512,1233,447
6,1337,524,1309,447
6,1359,488,1317,454
6,1369,523,1321,466
6,1388,520,1293,494
6,1369,509,1268,503
6,1360,525,1268,504
6,1365,502,1274,509
6,1352,526,1318,513
6,1341,508,1378,493
6,1384,505,1381,482
6,1352,501,1381,482
6,1351,523,1382,481
6,1366,519,1377,480
6,1390,512,1376,480
6,1399,496,1370,480
6,1385,484,1345,480
6,1358,456,1334,481
6,1362,467,1334,481
6,1354,466,1334,481
6,1353,477,1334,481
6,1336,473,1334,481
6,1388,457,1334,481
6,1354,478,1334,481
6,1340,451,1334,481
6,1344,424,1334,481
6,1348,420,1334,481
6,1322,406,1312,490
6,1329,423,1310,490
6,1376,426,1310,490
6,1377,447,1311,472
6,1363,440,1339,417
6,1385,431,1337,376
6,1391,482,1299,350
6,1385,471,1306,347
6,1406,470,1348,367
6,1418,470,1402,410
6,1394,460,1408,421
6,1393,456,1409,447
6,1361,456,1406,459
6,1367,482,1405,460
6,1337,467,1359,476
6,1353,454,1308,480
6,1362,452,1308,478
6,1339,439,1364,459
6,1368,450,1375,459
6,1387,449,1372,465
6,1410,440,1365,468
6,1415,467,1360,466
6,1407,438,1360,461
6,1398,443,1349,435
6,1407,409,1331,415
6,1416,396,1311,383
6,1430,407,1308,380
6,1426,420,1320,380
6,1439,446,1360,383
6,1421,468,1382,397
6,1436,492,1385,405
6,1410,493,1387,407
6,1410,469,1388,409
6,1369,469,1389,409
6,1386,482,1388,422
6,1413,467,1386,447
6,1422,469,1386,465
6,1418,493,1376,481
6,1409,498,1362,490
6,1410,519,1317,495
6,1423,516,1306,491
6,1437,506,1302,486
6,1407,503,1328,477
6,1396,510,1339,477
6,1410,521,1340,483
6,1404,532,1338,490
6,1423,526,1338,491
6,1395,557,1340,492
6,1381,560,1342,492
6,1384,579,1354,486
6,1398,605,1362,479
6,1398,591,1362,480
6,1404,612,1358,489
6,1396,602,1358,499
6,1408,625,1365,511
6,1391,613,1366,522
6,1361,611,1356,531
6,1382,634,1354,532
6,1381,639,1352,528
6,1409,620,1366,517
6,1392,633,1368,517
6,1376,654,1367,516
6,1375,651,1346,538
6,1351,660,1344,546
6,1377,662,1344,553
6,1387,639,1349,562
6,1397,624,1351,581
6,1412,642,1351,590
6,1436,635,1351,590
6,1416,612,1356,595
6,1414,589,1360,610
6,1416,565,1333,663
6,1399,573,1330,678
6,1402,564,1335,684
6,1408,538,1353,687
6,1386,547,1393,651
6,1372,552,1393,605
6,1354,549,1367,586
6,1327,542,1359,581
6,1313,547,1376,569
6,1320,539,1380,565
6,1330,541,1380,563
6,1308,554,1364,550
6,1320,549,1349,551
6,1296,546,1359,558
6,1295,546,1374,567
6,1280,536,1376,571
6,1276,525,1364,582
6,1291,514,1361,584
6,1272,516,1362,584
6,1263,510,1369,583
6,1263,519,1373,588
6,1278,543,1367,590
6,1290,528,1351,580
6,1295,538,1354,550
6,1281,538,1363,545
6,1290,522,1364,545
6,1297,523,1357,545
6,1293,502,1345,546
6,1318,499,1333,536
6,1312,530,1324,499
6,1323,537,1324,487
6,1308,537,1330,482
6,1293,536,1324,479
6,1279,520,1282,458
6,1262,540,1247,428
6,1273,531,1256,425
6,1260,499,1280,442
6,1262,474,1340,514
6,1228,443,1343,536
6,1227,419,1342,540
6,1226,382,1342,544
6,1238,425,1342,557
6,1224,445,1343,560
6,1211,454,1348,565
6,1209,456,1351,571
6,1204,461,1346,569
6,1204,477,1315,522
6,1193,480,1324,484
6,1206,481,1330,478
6,1193,484,1331,470
6,1203,467,1316,456
6,1205,467,1334,447
6,1223,453,1356,444
6,1202,446,1364,443
6,1199,455,1341,428
6,1219,438,1315,416
6,1187,446,1312,407
6,1196,435,1329,387
6,1186,431,1334,385
6,1202,424,1330,386
6,1198,417,1320,402
6,1185,419,1332,414
6,1182,431,1359,424
6,1195,417,1383,451
6,1174,450,1355,456
6,1180,462,1282,432
6,1195,465,1231,359
6,1199,480,1235,288
6,1224,505,1249,261
6,1243,492,1253,253
6,1221,465,1259,250
6,1224,466,1259,250
6,1239,456,1259,250
6,1237,458,1259,251
6,1237,465,1259,258
6,1204,467,1239,270
6,1193,493,1237,270
6,1208,477,1237,263
6,1223,457,1262,230
6,1197,437,1264,228
6,1215,430,1231,234
6,1206,423,1231,234
6,1225,471,1231,234
6,1221,475,1245,217
6,1222,471,1245,217
6,1217,457,1236,228
6,1245,437,1187,259
6,1243,424,1181,263
6,1254,403,1194,254
6,1233,397,1294,209
6,1227,363,1311,207
6,1233,355,1300,235
6,1252,370,1259,259
6,1243,352,1255,262
6,1231,361,1264,261
6,1230,383,1285,258
6,1219,376,1307,279
6,1227,370,1312,289
6,1230,387,1312,289
6,1224,367,1308,270
6,1221,385,1319,245
6,1216,415,1317,226
6,1214,397,1301,223
6,1230,394,1280,223
6,1251,359,1280,223
6,1274,382,1267,240
6,1275,372,1261,256
6,1294,358,1254,263
6,1323,340,1253,266
6,1332,351,1252,266
6,1304,370,1216,261
6,1327,364,1195,251
6,1316,360,1201,223
6,1337,349,1215,211
6,1340,312,1242,205
6,1354,345,1254,236
6,1342,331,1239,264
6,1357,342,1238,261
6,1374,345,1256,233
6,1383,328,1288,221
6,1368,343,1293,236
6,1365,335,1269,260
6,1339,333,1266,257
6,1328,309,1280,242
7,957,520,978,555
7,964,498,978,555
7,948,492,976,549
7,944,510,973,500
7,894,534,971,495
7,918,528,971,495
7,926,546,971,495
7,925,532,971,495
7,933,564,971,495
7,923,583,973,488
7,917,594,984,471
7,899,585,987,469
7,920,572,990,479
7,902,605,992,561
7,908,592,1027,621
7,912,600,1042,618
7,904,608,1078,554
7,897,619,1078,554
7,882,633,1045,554
7,884,642,911,564
7,878,612,840,566
7,866,577,840,566
7,888,558,842,566
7,878,559,861,564
7,850,545,890,556
7,842,580,902,555
7,852,585,907,555
7,864,604,911,555
7,877,600,923,553
7,879,593,923,553
7,859,606,914,556
7,853,618,928,551
7,870,623,963,549
7,855,593,974,558
7,808,578,950,578
7,786,583,944,581
7,795,605,973,589
7,795,597,997,601
7,797,601,933,599
7,816,633,930,582
7,846,652,948,572
7,855,682,947,571
7,844,686,886,580
7,829,694,875,572
7,794,694,874,560
7,776,691,909,544
7,810,716,912,551
7,790,709,898,581
7,814,716,886,600
7,845,683,876,609
7,863,687,851,621
7,854,717,814,634
7,841,724,803,638
7,824,706,802,639
7,828,703,830,640
7,832,697,848,644
7,803,684,847,651
7,800,679,841,655
7,767,684,849,660
7,780,664,870,669
7,791,632,859,678
7,816,627,850,679
7,825,643,885,661
7,838,649,879,665
7,841,636,836,680
7,840,630,826,678
7,861,634,886,656
7,829,648,884,656
7,860,650,836,674
7,819,634,804,676
7,809,631,806,656
7,811,636,846,629
7,808,625,867,623
7,840,611,860,631
7,831,600,833,649
7,820,589,830,652
7,813,573,853,646
7,785,555,898,630
7,750,564,899,632
7,771,570,821,674
7,755,563,804,680
7,729,563,845,645
7,729,554,894,617
7,716,563,912,617
7,693,564,914,620
7,705,561,914,621
7,706,561,914,621
7,707,580,859,590
7,698,588,720,572
7,672,573,715,568
7,680,571,709,552
7,702,589,709,545
7,697,594,710,544
7,708,612,710,543
7,708,597,711,541
7,697,580,702,544
7,672,556,748,537
7,649,539,752,537
7,655,526,667,574
7,646,546,658,576
7,673,519,706,559
7,673,512,720,558
7,660,511,672,581
7,680,517,719,553
7,679,524,759,539
7,673,531,711,569
7,695,514,651,570
7,666,523,645,526
7,667,527,661,510
7,636,521,668,498
7,646,500,637,514
7,654,500,613,529
7,678,506,636,513
7,683,472,635,525
7,683,487,618,565
7,676,503,613,571
7,695,510,614,558
7,702,498,643,539
7,712,503,655,534
7,707,506,656,542
7,677,509,634,554
7,667,489,633,538
7,654,460,651,520
7,630,486,686,520
7,639,465,691,548
7,655,496,661,549
7,638,481,697,532
7,644,475,611,552
7,620,471,624,540
7,597,462,638,537
7,568,454,623,545
7,537,430,639,531
7,543,434,644,492
7,546,431,573,409
7,554,428,492,365
7,525,424,491,365
7,541,445,472,385
7,547,441,449,408
7,585,450,445,413
7,591,436,443,416
7,613,448,443,416
7,610,461,434,413
7,597,477,433,412
7,598,481,433,412
7,576,488,431,409
7,575,488,428,398
7,570,481,434,391
7,573,469,439,386
7,564,490,389,392
7,569,473,381,393
7,582,476,399,380
7,593,466,430,365
7,599,463,429,365
7,637,462,393,388
7,612,463,393,388
7,607,452,426,373
7,598,459,420,377
7,583,455,412,382
7,600,462,460,372
7,579,468,443,383
7,595,466,428,392
7,574,457,480,375
7,575,459,488,381
7,592,444,486,388
7,579,435,490,389
7,589,432,559,389
7,583,450,524,414
7,582,464,506,431
7,585,482,518,432
7,588,482,522,437
7,586,487,518,447
7,584,483,514,450
7,568,452,523,446
7,574,435,519,445
7,568,420,499,448
7,580,420,512,443
7,592,400,575,438
7,609,413,586,440
7,605,392,561,449
7,609,399,563,450
7,638,383,565,457
7,636,387,541,473
7,622,367,538,474
7,621,395,563,464
7,620,416,579,461
7,626,417,576,462
7,643,439,571,464
7,666,438,583,452
7,683,446,626,416
7,708,436,628,413
7,685,432,580,421
7,719,428,542,423
7,705,453,568,400
7,721,457,636,373
7,720,428,625,385
7,732,412,603,402
7,739,408,658,400
7,742,375,692,424
7,750,354,668,435
7,759,340,685,427
7,746,365,699,423
7,739,340,697,426
7,728,344,700,424
7,702,329,736,403
7,715,324,744,398
7,743,319,734,403
7,761,339,729,406
7,729,317,743,395
7,738,324,821,357
7,732,317,846,350
7,736,323,841,362
7,760,304,805,395
7,759,292,781,400
7,757,292,774,376
7,757,311,808,349
7,756,316,812,347
7,806,298,808,345
7,819,287,786,335
7,815,265,795,304
7,822,276,810,296
7,814,283,810,299
7,844,285,798,313
7,805,275,813,304
7,810,266,841,288
7,817,299,833,289
7,822,308,818,292
7,805,303,858,263
7,807,304,877,255
7,833,296,842,285
7,812,303,820,294
7,811,311,855,263
7,847,325,892,240
7,843,299,890,242
7,831,291,833,275
7,846,296,839,271
7,878,280,898,232
7,831,301,898,272
7,849,288,922,301
7,840,295,971,320
7,844,296,996,345
7,857,282,999,360
7,845,290,997,366
7,843,306,971,384
7,855,318,946,392
7,861,311,956,373
7,875,287,984,364
7,856,287,977,364
7,859,285,876,393
7,891,285,868,390
7,907,251,957,361
7,918,262,1002,357
7,927,238,988,368
7,919,253,927,395
7,915,250,922,394
7,923,265,984,364
7,945,271,993,363
7,938,243,916,403
7,917,232,852,433
7,913,221,853,405
7,905,239,890,383
7,884,221,916,385
7,884,236,915,402
7,875,244,865,423
7,880,250,873,413
7,889,250,940,395
7,887,223,944,402
7,871,213,878,427
7,867,211,850,430
7,880,207,874,383
7,858,229,907,374
7,884,234,919,396
7,881,244,912,415
7,879,271,858,426
7,900,283,851,417
7,904,259,885,375
7,898,273,913,374
7,907,303,914,374
7,905,288,911,374
7,914,291,939,319
7,928,279,929,290
7,921,269,903,289
7,950,259,888,289
7,952,259,886,289
7,958,281,865,290
7,986,292,864,292
7,987,293,870,300
7,972,288,880,304
7,968,296,864,312
7,967,311,832,325
7,998,308,878,296
7,1017,302,896,290
7,1039,314,876,313
7,1023,370,843,330
7,1006,371,866,309
7,1013,362,876,302
7,990,368,871,304
7,1014,377,877,294
7,1017,354,904,275
7,1024,314,895,294
7,1031,311,884,301
7,1005,325,912,290
7,1008,320,940,284
7,1000,323,941,284
7,987,314,924,303
7,978,290,918,309
7,999,283,971,288
7,993,290,976,291
7,1004,299,959,308
7,980,278,955,312
7,959,271,971,302
7,985,284,983,298
7,947,313,963,314
7,942,303,885,329
7,930,310,858,318
7,921,333,917,286
7,937,312,977,284
7,939,342,976,294
7,930,337,952,307
7,954,358,953,301
7,938,359,955,301
7,888,325,908,319
7,906,320,884,331
7,905,307,914,318
7,897,298,926,315
7,894,302,911,325
7,893,316,925,317
7,916,334,954,322
7,930,333,946,326
7,925,331,948,322
7,915,307,984,304
7,925,300,986,305
7,927,281,937,312
7,922,282,931,307
7,925,285,950,279
7,934,284,951,278
7,926,299,926,289
7,932,308,930,282
7,911,273,942,274
7,926,267,941,290
7,931,265,905,306
7,922,279,885,300
7,933,269,915,275
7,904,281,920,277
7,899,285,924,299
7,893,288,903,315
7,877,296,903,306
7,892,309,928,290
7,882,316,933,306
7,862,339,889,331
7,874,336,890,312
7,886,333,919,283
7,878,330,939,278
7,903,353,931,298
7,892,333,915,303
7,881,346,916,290
7,906,341,922,286
7,924,353,907,324
7,937,340,849,340
7,971,312,847,340
7,1002,314,855,342
7,1010,327,857,349
7,997,304,850,342
7,993,292,878,306
7,970,254,885,312
7,980,217,867,361
7,1002,192,811,365
7,965,230,822,312
7,951,263,884,286
7,991,274,905,298
7,971,296,887,330
7,949,299,878,319
7,962,337,930,267
7,956,340,935,285
7,964,340,880,329
7,950,332,869,321
7,932,313,913,259
7,937,295,967,241
7,982,294,971,263
7,975,279,916,323
7,976,283,876,325
7,970,293,899,261
7,997,300,945,244
7,978,302,969,291
7,971,286,963,305
7,977,276,944,307
7,995,279,937,294
7,1016,306,956,269
7,1016,300,975,262
7,1023,299,973,281
7,1039,295,956,293
7,1037,291,973,279
7,1046,271,1009,258
7,1036,276,1020,256
7,1031,297,1009,281
7,1007,290,1003,291
7,981,290,1013,289
7,972,272,1091,257
7,978,308,1119,246
7,972,305,1122,246
7,961,327,1172,252
7,966,338,1242,250
7,971,346,1256,249
7,977,369,1229,250
7,986,386,1228,250
7,971,380,1240,245
7,978,395,1215,247
7,1000,390,1187,240
7,984,360,1192,237
7,959,365,1160,249
7,979,382,1159,249
7,985,385,1179,244
7,1021,387,1180,265
7,1021,355,1162,275
7,1015,353,1151,274
7,1010,386,1150,274
7,1034,396,1102,277
7,1031,389,1023,273
7,1049,394,1031,242
7,1035,391,1054,233
7,1069,407,1066,241
7,1082,428,1063,251
7,1070,416,1036,258
7,1088,429,1030,256
7,1079,412,1036,251
7,1080,377,1054,263
7,1061,376,1086,322
7,1056,371,1106,350
7,1049,383,1124,369
7,1026,407,1171,422
7,1037,383,1190,451
7,1083,384,1163,454
7,1080,389,1160,450
7,1078,382,1181,439
7,1078,383,1189,429
7,1056,373,1179,398
7,1059,381,1155,355
7,1050,420,1154,353
7,1072,403,1152,363
7,1060,398,1147,391
7,1068,409,1137,392
7,1065,431,1029,392
7,1073,441,1028,392
7,1070,446,1051,409
7,1015,458,1069,437
7,1036,460,1085,456
7,1035,477,1108,460
7,1042,476,1106,473
7,1055,492,1106,473
7,1043,496,1108,475
7,1029,508,1108,475
7,1039,528,1109,475
7,1050,523,1152,447
7,1048,533,1183,438
7,1052,546,1181,438
7,1044,555,1128,457
7,1019,550,1125,459
7,1038,547,1166,465
7,1048,546,1177,483
7,1029,519,1168,513
7,1012,547,1157,537
7,987,554,1157,538
7,993,527,1135,544
7,957,567,1042,539
7,951,526,1019,528
7,959,514,1013,500
7,943,509,1017,479
7,934,511,1054,450
7,962,515,1055,454
7,966,501,993,501
7,971,528,994,496
7,964,523,1025,479
7,979,547,976,495
7,959,554,927,508
7,966,566,919,499
7,959,557,948,475
7,944,557,949,475
7,935,567,946,475
7,925,573,948,461
7,917,571,960,463
7,886,567,1004,505
7,876,570,1008,539
7,865,576,981,574
7,890,591,958,592
7,892,610,924,601
7,910,621,915,602
7,880,623,877,572
7,897,610,835,545
7,892,598,829,539
7,928,580,829,539
7,936,591,831,539
7,928,587,842,582
7,901,586,842,583
7,889,573,845,585
7,878,568,845,585
7,887,579,845,585
7,933,591,853,585
7,943,562,936,573
7,974,547,933,572
7,955,553,851,578
7,972,568,833,582
7,964,556,885,584
7,962,553,955,573
7,979,569,970,572
7,959,583,1031,557
7,963,587,1054,549
7,970,577,1041,533
7,954,572,1007,517
7,969,553,982,510
7,979,536,921,532
7,958,525,888,581
7,966,542,923,628
7,994,550,1021,635
7,986,528,1022,635
7,976,504,1047,614
7,949,536,1058,600
7,947,538,1015,575
7,949,533,1004,555
7,961,519,1004,552
7,977,549,1004,552
7,988,585,995,552
7,973,599,957,552
7,958,575,942,557
7,942,568,945,573
7,967,567,999,579
7,969,586,1057,579
7,974,594,1050,590
7,989,588,1000,591
7,986,592,995,564
7,969,571,1013,548
7,948,584,1016,551
7,969,608,976,571
7,947,588,921,579
7,946,587,986,548
7,952,593,1028,551
7,925,598,1021,583
7,931,582,889,612
7,949,601,867,584
7,959,578,914,540
7,957,580,944,528
7,965,554,951,538
7,978,563,939,570
7,980,561,925,581
7,978,570,956,566
7,972,596,963,567
7,971,591,974,591
7,956,575,970,614
7,961,601,907,619
7,973,568,876,612
7,975,576,931,545
7,981,585,980,527
7,992,574,987,535
7,991,558,981,574
7,993,543,934,600
7,997,525,879,605
7,977,519,886,561
7,981,509,913,545
7,972,528,928,541
7,952,542,941,547
7,937,550,944,568
7,929,551,931,578
7,929,528,929,577
7,938,517,953,565
7,976,502,960,570
7,1020,515,934,593
7,1012,483,930,587
7,1020,492,984,525
7,1012,479,988,525
7,1032,500,997,543
7,1017,502,998,551
7,1013,468,1055,519
7,1035,466,1133,470
7,1043,450,1133,470
7,1018,429,1126,471
7,1009,444,1124,471
7,1017,420,1104,470
7,1019,407,1080,459
7,1036,396,1065,447
7,1044,378,1064,433
7,1044,364,1044,443
7,1042,382,1003,454
7,1041,389,1032,429
7,1036,388,1037,426
7,1041,382,1029,442
7,1033,410,1020,448
7,1028,439,1051,426
7,1033,466,1058,421
7,1032,480,1058,421
7,993,478,1023,441
7,998,466,998,453
7,992,489,1018,436
7,979,505,1048,416
7,972,506,1048,416
7,965,483,1033,442
7,991,489,995,458
7,992,496,1004,445
7,1004,490,1020,434
7,1019,508,1019,446
7,1012,498,969,510
7,1033,508,939,527
7,1041,507,936,527
7,1076,519,935,526
7,1059,530,935,521
7,1056,526,966,483
7,1054,506,985,469
7,1046,486,986,469
7,1032,475,986,469
7,1060,487,965,479
7,1071,477,982,471
7,1079,470,1011,463
7,1070,471,1009,473
7,1083,468,924,514
7,1108,472,934,502
7,1109,462,994,483
7,1130,473,1017,487
7,1132,484,1021,490
7,1136,492,1029,490
7,1119,511,1054,482
7,1142,502,1058,482
7,1142,522,1060,482
7,1157,552,1073,482
7,1147,543,1093,477
7,1137,542,1099,477
7,1119,542,1104,476
7,1118,546,1140,468
7,1101,540,1183,466
7,1103,570,1184,485
7,1091,544,1197,516
7,1111,517,1216,551
7,1115,517,1225,569
7,1123,528,1226,583
7,1144,555,1231,594
7,1164,524,1236,605
7,1135,543,1236,609
7,1157,540,1228,613
7,1152,535,1208,610
7,1172,531,1213,589
7,1152,538,1224,582
7,1155,524,1212,581
7,1143,515,1231,548
7,1133,492,1244,541
7,1131,489,1244,541
7,1158,512,1265,541
7,1139,521,1363,550
7,1140,502,1340,570
7,1153,483,1302,573
7,1161,476,1290,550
7,1154,476,1296,536
7,1141,485,1297,535
7,1169,502,1283,540
7,1176,482,1282,540
7,1182,491,1314,520
7,1170,471,1335,521
7,1143,447,1329,538
7,1147,467,1298,551
7,1132,445,1294,552
7,1130,451,1324,534
7,1100,432,1374,509
7,1088,424,1381,506
7,1093,426,1381,506
7,1102,396,1370,495
7,1123,375,1326,470
7,1122,380,1176,457
7,1123,388,1028,443
7,1103,374,1017,431
7,1087,384,1028,416
7,1089,382,1051,386
7,1092,373,1070,375
7,1089,372,1077,370
7,1092,379,1061,362
7,1066,390,1024,364
7,1068,358,1032,361
7,1066,346,1035,359
7,1032,323,1035,359
7,1036,323,1027,389
7,1051,328,1040,407
7,1060,324,1051,407
7,1045,333,1027,401
7,1064,316,944,371
7,1087,313,880,335
7,1095,311,857,320
7,1057,303,857,320
7,1034,306,884,313
7,1024,320,929,313
7,1048,329,948,322
7,1030,312,948,323
7,1034,309,956,321
7,1011,322,1000,306
7,1035,348,1002,305
7,1027,323,929,306
7,1019,327,919,301
7,1019,331,915,294
7,1049,325,915,293
7,1086,340,915,293
7,1108,325,965,293
7,1110,304,1015,299
7,1098,304,1018,308
7,1099,294,1016,312
7,1106,296,1016,312
7,1130,288,1066,323
7,1133,273,1179,341
7,1124,290,1200,339
7,1126,300,1200,339
7,1127,302,1200,333
7,1109,310,1204,309
7,1078,322,1197,302
7,1082,326,1191,292
7,1065,376,1191,290
7,1076,382,1225,278
7,1059,408,1203,275
7,1055,410,977,327
7,1063,412,952,329
7,1054,407,960,333
7,1043,392,1001,366
7,1031,411,1063,430
7,1040,404,1075,460
7,1042,395,1075,466
7,1055,394,1073,468
7,1050,388,1025,476
7,1067,396,907,430
7,1070,409,895,397
7,1095,415,909,394
7,1087,411,968,397
7,1074,414,992,408
7,1085,443,998,415
7,1088,435,1004,423
7,1093,426,1014,434
7,1033,418,1035,436
7,1037,427,1064,438
7,1048,420,1065,438
7,1060,400,1065,439
7,1063,398,1065,441
7,1054,402,1065,441
7,1070,378,1031,448
7,1084,394,934,444
7,1088,400,921,416
7,1041,385,929,397
7,1031,379,961,382
7,1010,378,988,372
7,1008,390,999,371
7,999,397,1006,373
7,1030,432,1034,379
7,1022,432,1054,382
7,1009,457,1056,385
7,991,440,1057,388
7,965,457,1058,389
7,960,456,1053,393
7,933,468,1039,398
7,946,451,1018,398
7,952,439,959,403
7,951,425,930,401
7,941,429,884,400
7,927,449,827,408
7,942,432,826,408
7,944,436,814,415
7,974,426,814,415
7,985,422,843,421
7,976,417,901,425
7,940,420,905,425
7,922,416,874,432
7,912,414,873,433
7,918,378,900,436
7,911,346,946,436
7,912,340,964,434
7,893,338,964,434
7,887,338,963,433
7,918,313,963,432
7,905,323,965,419
7,904,304,967,384
7,882,297,868,349
7,897,295,818,349
7,896,299,817,349
7,908,304,816,349
7,910,307,817,349
7,911,322,868,349
7,929,349,881,346
7,935,364,851,344
7,921,365,764,319
7,906,360,758,263
7,902,382,772,247
7,897,382,788,240
7,905,376,811,243
7,898,386,862,278
7,904,381,943,351
7,907,362,964,408
7,887,367,911,444
7,906,358,897,440
7,900,361,861,424
7,898,388,801,394
7,918,374,799,364
7,953,392,807,358
7,972,390,809,363
7,1012,381,814,367
7,990,410,817,368
7,988,428,810,376
7,1019,443,812,377
7,1047,435,859,379
7,1083,433,930,392
7,1056,422,943,402
7,1062,432,963,410
7,1063,430,1010,437
7,1106,431,1035,458
7,1106,413,1082,460
7,1117,404,1109,457
7,1124,410,1105,451
7,1155,426,1081,429
7,1163,427,1003,426
7,1166,395,1006,430
7,1155,387,1027,428
7,1177,381,1040,425
7,1175,378,1040,426
7,1156,378,1064,430
7,1140,376,1089,430
7,1107,392,1092,433
7,1106,418,1090,436
7,1102,401,1110,437
7,1092,403,1171,424
7,1102,395,1169,422
7,1100,424,1076,427
7,1111,418,1024,423
7,1104,453,1015,418
7,1107,489,1013,418
7,1101,486,1007,418
7,1094,487,1010,419
7,1093,492,1010,419
7,1106,475,1000,438
7,1128,482,999,444
7,1119,512,1006,445
7,1108,522,1018,452
7,1127,522,1025,480
7,1133,498,1025,503
7,1131,492,1031,520
7,1120,487,1031,553
7,1098,445,1031,560
7,1098,462,1040,565
7,1108,466,1060,569
7,1099,484,1074,569
7,1074,476,1053,565
7,1097,478,927,577
7,1091,481,927,578
7,1056,489,1000,572
7,1069,507,1044,565
7,1086,536,1052,549
7,1100,535,1062,530
7,1105,546,1057,537
7,1109,547,1044,554
7,1092,576,1036,564
7,1108,580,1030,566
7,1121,573,1026,566
7,1127,584,1018,570
7,1119,569,1016,571
7,1114,571,1001,563
7,1138,562,1001,563
7,1154,571,1011,564
7,1134,560,1089,572
7,1145,552,1117,572
7,1159,558,1119,580
7,1157,579,1123,585
7,1157,569,1144,586
7,1143,566,1152,586
7,1135,571,1156,593
7,1131,592,1163,593
7,1125,588,1170,593
7,1112,599,1180,585
7,1107,589,1198,553
7,1100,577,1209,533
7,1114,585,1204,540
7,1104,607,1205,560
7,1107,603,1210,563
7,1088,604,1211,564
7,1070,601,1231,569
7,1067,595,1235,579
7,1068,580,1130,631
7,1087,545,1112,646
7,1094,506,1112,646
7,1075,515,1112,645
7,1056,527,1105,645
7,1055,554,1104,639
7,1117,559,1131,610
7,1124,585,1133,610
7,1120,606,1137,610
7,1105,622,1148,599
7,1112,624,1130,591
7,1134,637,1100,607
7,1133,647,1098,607
7,1132,684,1135,583
7,1126,707,1141,594
7,1108,705,1133,647
7,1100,711,1129,658
7,1120,711,1132,660
7,1090,709,1136,670
7,1089,708,1137,680
7,1102,717,1133,678
7,1103,744,1129,678
7,1081,744,1098,695
7,1088,737,1094,704
7,1078,743,1103,720
7,1071,742,1116,782
7,1084,740,1119,808
7,1090,723,1097,814
7,1098,730,1066,832
7,1079,722,1058,833
7,1101,736,1066,827
7,1111,747,1094,824
7,1117,741,1098,828
7,1108,704,1080,851
7,1103,708,1076,860
7,1110,706,1083,864
7,1113,729,1078,873
7,1141,727,1025,880
7,1115,726,1014,880
7,1085,724,1032,861
7,1076,732,1065,841
7,1096,745,1080,827
7,1093,754,1080,827
7,1073,742,1100,818
7,1091,730,1142,797
7,1099,739,1145,797
7,1084,757,1117,805
7,1076,748,1065,822
7,1065,724,980,833
7,1066,731,965,831
7,1066,721,968,823
7,1073,699,969,812
7,1068,712,978,787
7,1055,740,990,772
7,1023,732,1005,766
7,1031,724,1007,769
7,1039,749,1007,773
7,1063,727,1007,775
7,1049,711,1006,786
7,1052,728,1002,799
7,1054,740,999,805
7,1049,761,1002,807
7,1056,757,1019,818
7,1072,757,1021,822
7,1073,783,1022,822
7,1071,782,1026,824
7,1061,790,1010,833
7,1058,788,1009,836
7,1040,814,1030,836
7,1027,770,1039,836
7,1012,752,1035,841
7,1028,734,1027,838
7,1021,721,1043,823
7,1014,734,1031,822
7,1000,720,995,829
7,1029,737,1067,756
7,1034,736,1075,735
7,1015,736,1029,703
7,1050,735,941,644
7,1042,745,884,610
7,1056,750,885,610
7,1057,746,909,630
7,1031,752,937,652
7,1027,768,957,674
7,1029,768,975,722
7,1021,772,995,755
7,985,773,1003,760
7,986,768,1032,765
7,971,754,1040,765
7,961,762,1003,764
7,966,770,937,774
7,959,800,937,777
7,946,776,936,777
7,961,765,936,777
7,975,750,929,763
7,992,748,932,763
7,1009,769,948,777
7,1007,742,905,814
7,1013,742,881,828
7,1004,724,881,828
7,1003,715,878,829
7,974,747,922,822
7,957,749,933,820
7,967,718,934,820
7,936,718,950,820
7,917,720,965,818
7,948,698,949,795
7,956,696,928,787
7,959,668,928,787
7,935,679,862,786
7,921,663,820,782
7,907,672,869,714
7,884,685,899,672
7,884,699,899,651
7,845,699,887,642
7,852,668,879,634
7,859,659,870,631
7,880,668,865,629
7,878,668,836,654
7,883,676,815,677
7,881,664,847,670
7,882,667,857,657
7,904,657,862,627
7,911,669,855,585
7,942,658,840,553
7,941,636,843,570
7,941,631,876,613
7,919,623,907,636
7,905,620,904,652
7,896,635,891,658
7,904,644,882,645
7,895,632,897,644
7,904,623,915,644
7,928,634,909,644
7,937,607,884,642
7,937,575,882,632
7,942,600,892,632
7,958,604,883,646
7,950,594,865,677
7,953,566,890,664
7,941,576,936,649
7,941,555,935,647
7,954,568,907,629
7,946,577,889,593
7,929,562,878,562
7,952,555,878,559
7,931,567,891,568
7,936,524,894,568
7,921,507,803,594
7,913,513,790,594
7,920,527,806,594
7,934,543,851,590
7,898,523,860,588
7,925,519,860,591
7,922,503,860,591
7,910,507,859,587
7,910,494,859,572
7,913,492,864,565
7,928,485,866,563
7,929,460,848,563
7,939,465,849,557
7,909,468,872,510
7,939,465,872,500
7,944,475,882,498
7,923,483,968,494
7,924,502,995,502
7,913,497,959,519
7,918,503,982,517
7,917,504,974,519
7,910,495,943,532
7,952,491,940,522
7,933,506,943,491
7,931,506,928,473
7,950,505,895,430
7,970,491,893,430
7,967,502,900,434
7,983,516,924,462
7,1011,527,929,490
7,993,572,929,490
7,991,567,931,513
7,1000,559,939,519
7,1011,579,979,526
7,1021,588,985,533
7,1013,580,985,554
7,1016,586,985,587
7,1013,613,985,604
7,1013,633,985,628
7,1021,611,952,655
7,1033,615,941,657
7,1037,618,936,633
7,1043,631,941,626
7,1038,636,944,626
7,1050,620,937,629
7,1025,603,939,643
7,993,603,973,647
7,1021,609,983,660
7,994,607,979,669
7,995,595,979,665
7,990,613,1010,623
7,960,615,1037,582
7,954,630,996,564
7,972,597,975,562
7,952,603,974,560
7,962,624,966,556
7,956,634,959,553
7,957,630,972,546
7,951,639,958,576
7,945,636,935,610
7,956,650,931,627
7,939,677,926,640
7,924,697,924,643
7,971,725,953,647
7,977,724,973,648
7,970,727,975,648
7,961,725,957,654
7,968,733,947,675
7,981,731,954,679
7,1014,736,986,688
7,1002,747,1003,689
7,978,758,1012,692
7,953,775,1014,690
7,967,786,1019,684
7,970,766,1019,684
7,989,765,1014,686
7,991,761,1012,686
7,985,757,1012,686
7,958,778,1010,698
7,991,797,1002,714
7,990,779,1000,716
7,992,792,988,717
7,992,813,938,699
7,975,808,915,689
7,992,823,931,697
7,992,819,947,741
7,983,828,952,753
7,975,824,965,765
7,977,847,1028,791
7,982,882,1026,800
7,948,901,1023,822
7,931,923,1015,841
7,927,897,1013,851
7,926,883,1005,862
7,945,906,955,874
7,958,938,898,878
7,948,931,837,869
7,933,957,807,863
7,908,966,813,875
7,922,965,847,899
7,930,967,874,916
7,938,972,887,923
7,928,970,918,927
7,940,959,923,933
7,951,949,924,939
7,946,945,920,950
7,966,970,900,971
7,975,990,892,979
7,988,999,892,980
7,975,1012,892,980
7,988,1016,890,986
7,993,1009,888,992
7,985,998,888,995
7,971,985,902,996
7,977,991,908,998
7,957,1002,916,1002
7,960,1010,927,1005
7,954,989,954,1011
7,956,1014,975,1011
7,972,999,980,1011
7,962,987,984,1003
7,956,986,985,993
7,947,994,952,1010
7,922,1015,947,1017
7,925,975,950,1011
7,900,962,951,1010
7,875,981,956,1013
7,879,985,969,1015
7,891,1007,972,1015
7,891,1011,965,1015
7,859,1026,914,1019
7,847,961,795,1029
7,832,951,763,1033
7,879,952,745,1031
7,843,937,730,1031
7,871,920,722,1029
7,851,908,720,1025
7,858,894,735,1023
7,866,892,754,1018
7,895,888,771,1018
7,888,897,771,1017
7,887,885,772,1017
7,897,886,772,1016
7,920,878,772,1008
7,919,835,777,997
7,914,787,778,980
7,929,798,818,916
7,939,811,849,880
7,971,775,858,871
7,980,778,868,845
7,998,812,878,817
7,1019,814,905,760
7,1016,810,911,723
7,1003,801,917,690
7,985,808,948,664
7,971,803,1005,645
7,959,815,1027,660
