"Block","Tracked_x","Tracked_y","Mouse_x","Mouse_y"
0,940,593,960,540
0,942,603,960,540
0,945,583,960,540
0,969,568,960,540
0,974,565,960,540
0,989,566,960,540
0,996,549,960,540
0,994,558,960,540
0,975,549,960,540
0,978,522,960,540
0,981,526,960,540
0,972,511,960,540
0,994,526,960,540
0,993,517,960,540
0,986,528,960,540
0,964,525,960,540
0,990,514,960,540
0,981,526,960,540
0,998,535,960,540
0,1003,526,960,540
0,984,510,960,540
0,961,533,960,540
0,975,560,960,540
0,972,545,960,540
0,949,547,960,540
0,949,566,960,540
0,909,581,960,540
0,911,575,960,540
0,918,579,960,540
0,918,584,960,540
0,921,571,960,540
0,916,558,960,540
0,908,545,960,540
0,927,526,960,540
0,951,534,960,540
0,949,523,960,540
0,963,512,960,540
0,968,522,960,540
0,998,501,960,540
0,964,488,960,540
0,960,499,960,540
0,953,494,960,540
0,950,487,960,540
0,939,460,960,540
0,957,455,960,540
0,972,467,960,540
0,996,476,960,540
0,988,467,960,540
0,988,463,960,540
0,981,472,960,540
0,967,459,960,540
0,955,451,960,540
0,968,454,960,540
0,967,440,960,540
0,983,442,960,540
0,982,446,960,540
0,982,437,960,540
0,964,435,960,540
0,973,435,960,540
0,1005,458,960,540
0,1008,452,960,540
0,973,455,960,540
0,990,464,960,540
0,977,458,960,540
0,963,461,960,540
0,964,466,960,540
0,968,474,960,540
0,958,462,960,540
0,954,477,960,540
0,950,467,960,540
0,953,455,960,540
0,951,467,960,540
0,942,464,960,540
0,928,472,960,540
0,909,478,960,540
0,916,486,960,540
0,885,493,960,540
0,873,511,960,540
0,883,499,960,540
0,907,497,960,540
0,894,478,960,540
0,916,447,960,540
0,890,440,960,540
0,912,448,960,540
0,932,425,960,540
0,929,417,960,540
0,945,406,960,540
0,946,398,960,540
0,936,370,960,540
0,917,381,960,540
0,906,364,960,540
0,926,375,960,540
0,930,377,960,540
0,932,383,960,540
0,926,372,960,540
0,894,355,960,540
0,889,321,960,540
0,868,328,960,540
0,860,324,960,540
0,852,336,960,540
0,837,332,960,540
0,859,353,960,540
0,842,381,960,540
0,832,373,960,540
0,840,389,960,540
0,827,379,960,540
0,812,378,960,540
0,832,381,960,540
0,844,400,960,540
0,863,403,960,540
0,856,397,960,540
0,875,391,960,540
0,882,394,960,540
0,895,395,960,540
0,895,400,960,540
0,913,409,960,540
0,911,391,960,540
0,936,411,960,540
0,940,423,960,540
0,947,416,960,540
0,972,401,960,540
0,970,380,960,540
0,951,388,960,540
0,924,408,960,540
0,922,385,960,540
0,915,396,960,540
0,905,407,960,540
0,904,420,960,540
0,883,432,960,540
0,882,435,960,540
0,874,423,960,540
0,870,439,960,540
0,857,442,960,540
0,856,451,960,540
0,857,430,960,540
0,835,403,960,538
0,839,408,960,537
0,846,424,960,534
0,853,424,959,527
0,849,450,957,520
0,821,448,953,507
0,845,447,950,495
0,851,455,947,484
0,842,449,945,477
0,847,425,945,473
0,843,424,945,469
0,844,451,945,468
0,844,477,945,464
0,830,491,945,463
0,838,465,945,460
0,834,486,945,456
0,830,482,945,452
0,828,489,943,450
0,836,489,943,450
0,840,495,942,450
0,833,519,939,452
0,837,519,932,459
0,845,502,926,466
0,812,496,918,472
0,816,480,914,476
0,811,488,911,482
0,829,496,909,485
0,831,505,908,492
0,814,515,905,500
0,813,513,902,508
0,787,517,899,517
0,793,492,895,526
0,797,458,892,532
0,790,456,886,540
0,784,463,882,549
0,757,465,878,553
0,756,469,877,555
0,767,473,877,555
0,767,474,877,555
0,780,460,877,552
0,754,487,874,548
0,761,477,873,543
0,779,492,870,537
0,755,488,863,530
0,760,474,855,525
0,737,463,850,523
0,717,464,844,520
0,695,456,843,520
0,697,448,842,520
0,688,447,842,520
0,702,461,841,519
0,696,444,840,518
0,691,412,839,516
0,691,405,839,515
0,679,406,838,515
0,673,413,836,515
0,654,422,835,515
0,634,412,834,515
0,659,414,826,511
0,645,411,815,503
0,635,401,811,500
0,649,402,797,490
0,625,396,783,478
0,640,395,774,470
0,654,356,770,465
0,656,363,768,463
0,655,358,768,461
0,667,327,768,460
0,667,342,767,457
0,658,340,763,453
0,648,352,754,447
0,654,348,741,441
0,642,348,730,438
0,653,350,720,435
0,635,347,710,435
0,632,343,699,435
0,649,334,691,435
0,651,338,682,433
0,643,354,677,432
0,644,344,672,428
0,643,346,663,419
0,652,351,657,414
0,653,351,655,411
0,625,360,644,402
0,612,357,639,398
0,611,342,633,395
0,567,324,630,393
0,540,320,622,388
0,556,304,617,386
0,569,300,613,384
0,552,318,612,383
0,545,309,612,382
0,561,292,612,382
0,530,293,613,382
0,546,279,613,381
0,561,291,616,381
0,587,312,617,381
0,607,307,618,381
0,610,302,618,380
0,610,293,618,379
0,610,278,616,375
0,601,279,615,373
0,598,283,610,370
0,591,290,604,367
0,593,270,599,363
0,600,264,592,357
0,619,235,584,351
0,618,229,581,346
0,606,215,579,342
0,636,219,579,336
0,642,227,579,332
0,632,230,579,329
0,626,232,579,327
0,649,214,580,326
0,643,241,581,324
0,651,230,584,322
0,641,232,586,321
0,672,246,587,319
0,650,240,587,318
0,638,248,588,314
0,626,259,592,310
0,614,232,603,304
0,596,214,625,295
0,575,215,634,289
0,577,213,640,285
0,548,195,643,282
0,568,177,648,279
0,574,185,649,277
0,578,187,650,276
0,564,214,651,275
0,566,210,652,275
0,555,220,655,274
0,549,212,661,274
0,547,203,668,274
0,546,219,678,274
0,561,221,683,274
0,588,207,686,274
0,597,219,686,273
0,621,230,686,272
0,633,222,686,271
0,663,200,682,268
0,672,217,677,260
0,685,195,674,251
0,673,183,671,244
0,697,171,670,236
0,715,187,668,230
0,709,186,668,225
0,699,181,668,223
0,727,143,668,222
0,705,143,667,221
0,708,128,667,219
0,700,132,667,219
0,716,143,667,219
0,720,137,667,219
0,747,131,667,219
0,748,131,667,219
0,751,130,667,219
0,737,120,667,219
0,716,143,668,219
0,710,130,671,219
0,712,136,674,219
0,706,144,679,219
0,723,137,685,218
0,709,150,688,217
0,708,143,689,216
0,715,160,689,215
0,684,155,690,214
0,682,141,690,214
0,660,135,694,212
0,627,109,699,211
0,625,139,706,211
0,622,111,713,210
0,608,158,718,208
0,599,151,720,207
0,581,152,722,206
0,581,165,724,204
0,582,179,726,203
0,576,195,727,201
0,565,189,731,197
0,536,199,733,195
0,555,207,735,193
0,552,209,736,191
0,550,202,736,187
0,538,213,736,186
0,564,215,736,184
0,563,186,733,182
0,562,196,730,182
0,584,204,726,180
0,579,219,722,180
0,561,204,719,180
0,568,211,714,180
0,577,213,708,182
0,587,209,703,185
0,595,219,700,190
0,583,187,699,195
0,582,182,693,204
0,566,165,692,207
0,566,153,692,210
0,556,146,692,214
0,559,110,692,216
0,563,160,692,218
0,541,164,692,222
0,557,164,692,224
0,570,140,691,226
0,567,150,690,230
0,575,147,688,235
0,572,167,687,240
0,579,162,687,243
0,567,130,687,244
0,544,122,687,244
0,536,129,687,244
0,552,118,687,244
0,559,124,686,243
0,548,131,679,234
0,552,126,670,227
0,568,143,659,221
0,573,155,648,214
0,587,140,645,211
0,608,135,645,210
0,606,133,648,207
0,639,137,653,201
0,640,121,657,195
0,656,121,660,192
0,663,125,663,188
0,657,127,662,182
0,664,139,655,176
0,654,136,639,170
0,674,111,616,162
0,685,116,598,156
0,691,148,586,153
0,712,153,582,152
0,698,141,582,152
0,693,142,582,152
0,706,144,582,151
0,713,183,582,150
0,711,175,582,149
0,711,177,583,149
0,726,154,586,149
0,732,192,587,147
0,741,189,589,146
0,739,198,592,146
0,759,214,594,145
0,729,213,598,145
0,707,205,603,145
0,727,223,608,145
0,698,219,615,145
0,692,209,621,145
0,694,228,625,147
0,714,232,633,152
0,705,223,639,156
0,722,252,641,160
0,706,262,646,169
0,719,273,653,186
0,696,255,660,207
0,688,270,672,228
0,700,234,676,234
0,702,228,679,239
0,683,220,679,242
0,678,206,677,244
0,690,185,676,248
0,680,181,672,250
0,706,173,667,254
0,707,160,663,258
0,701,152,661,262
0,703,152,658,267
0,721,146,657,274
0,728,149,654,278
0,743,131,654,280
0,759,145,653,281
0,757,114,653,282
0,735,152,653,282
0,747,159,653,282
0,743,157,653,282
0,747,139,653,282
0,741,148,653,282
0,746,134,654,282
0,760,150,658,282
0,756,145,660,282
0,752,135,664,280
0,765,151,666,279
0,759,163,673,273
0,758,164,680,272
0,757,162,689,270
0,744,164,699,270
0,743,181,710,271
0,722,183,717,274
0,739,179,720,275
0,746,182,721,275
0,741,188,721,275
0,734,150,722,275
0,739,138,724,276
0,733,144,729,276
0,715,138,736,276
0,708,135,741,276
0,703,143,743,275
0,714,117,743,273
0,743,145,743,270
0,756,161,743,269
0,787,147,743,265
0,796,184,743,263
0,808,189,743,262
0,783,183,742,259
0,798,186,742,258
0,791,174,742,256
0,793,175,742,254
0,783,194,742,253
0,771,179,742,250
0,786,165,742,248
0,774,167,742,247
0,752,166,742,247
0,750,153,742,246
0,731,139,744,246
0,737,132,747,246
0,717,115,755,246
0,719,134,762,246
0,749,140,770,246
0,781,133,777,247
0,790,125,784,249
0,776,137,787,249
0,777,147,788,249
0,783,124,788,249
0,772,114,788,249
0,758,132,789,249
0,764,130,791,248
0,761,140,795,245
0,759,161,797,243
0,762,153,804,239
0,753,147,811,234
0,768,166,817,230
0,766,186,822,227
0,783,168,826,223
0,776,188,830,221
0,768,180,832,219
0,760,174,833,216
0,749,171,833,214
0,772,161,833,211
0,756,167,832,209
0,744,177,828,205
0,768,163,821,204
0,773,180,813,201
0,795,190,808,200
0,820,181,806,198
0,835,179,806,198
0,839,158,806,198
0,847,161,806,198
0,857,165,804,198
0,816,166,802,200
0,827,182,799,201
0,787,182,797,203
0,809,188,794,204
0,818,165,793,207
0,786,184,793,211
0,795,191,793,215
0,799,177,793,219
0,787,164,797,224
0,801,155,805,228
0,789,174,812,231
0,768,181,819,232
0,767,202,824,234
0,741,185,827,234
0,750,178,828,234
0,747,170,828,234
0,733,160,828,234
0,745,145,829,233
0,743,147,829,230
0,750,146,829,229
0,760,139,829,227
0,763,163,828,226
0,747,163,827,225
0,753,173,825,225
0,748,181,825,225
0,753,188,825,225
0,756,183,825,225
0,789,176,824,225
0,776,164,823,225
0,770,151,823,225
0,788,143,822,226
0,798,160,822,226
0,804,138,822,226
0,821,176,822,226
0,822,162,821,226
0,842,175,821,226
0,834,182,821,226
0,823,182,819,223
0,840,175,817,222
0,854,186,816,221
0,871,156,816,220
0,887,174,815,220
0,877,186,815,220
0,859,181,818,221
0,868,181,821,223
0,855,161,828,225
0,865,154,849,233
0,868,151,880,243
0,875,165,908,251
0,845,160,917,254
0,853,174,919,254
0,850,184,919,254
0,823,194,917,255
0,829,212,914,255
0,819,216,913,255
0,826,234,913,255
0,841,242,913,255
0,870,237,913,255
0,867,223,913,255
0,859,215,913,255
0,835,192,913,255
0,827,184,913,255
0,837,162,913,255
0,848,149,913,255
0,849,161,913,255
0,836,138,913,255
0,827,130,913,255
0,857,135,913,255
0,865,122,913,255
0,854,144,913,255
0,854,116,914,255
0,856,126,914,255
0,869,120,914,255
0,884,125,914,255
0,889,140,914,255
0,879,147,914,255
0,882,166,914,254
0,883,165,914,253
0,864,172,913,251
0,866,141,912,247
0,870,137,909,245
0,857,157,908,241
0,863,180,907,239
0,853,189,907,235
0,844,182,907,232
0,834,171,907,229
0,849,177,907,226
0,857,169,907,224
0,852,157,910,222
0,839,156,912,221
0,852,162,913,220
0,876,176,913,220
0,875,193,913,220
0,860,176,913,219
0,846,159,913,219
0,845,142,913,219
0,868,120,913,218
0,881,143,913,218
0,870,138,913,218
0,875,127,911,217
0,877,132,909,217
0,861,144,908,217
0,880,143,905,217
0,868,156,901,215
0,847,147,897,215
0,844,161,895,214
0,823,187,893,213
0,819,203,891,213
0,846,186,890,213
0,860,178,888,213
0,820,176,887,212
0,827,159,887,212
0,835,160,887,211
0,835,153,886,211
0,825,151,886,210
0,820,131,885,209
0,808,106,885,208
0,768,160,885,205
0,774,177,885,205
0,785,181,885,204
0,773,181,885,204
0,784,186,884,204
0,771,183,883,204
0,771,206,883,204
0,769,191,882,204
0,805,199,880,203
0,797,206,879,203
0,797,200,877,203
0,805,208,876,203
0,792,187,872,203
0,776,186,867,203
0,787,172,857,203
0,789,193,847,203
0,764,192,840,203
0,773,185,834,203
0,773,182,831,204
0,764,186,827,205
0,741,198,821,211
0,739,185,817,212
0,733,165,816,214
0,738,167,816,217
0,728,141,815,218
0,731,152,815,219
0,743,158,814,221
0,729,165,813,222
0,725,166,810,224
0,724,149,809,226
0,727,146,807,227
0,714,145,806,228
0,705,159,805,229
0,713,199,803,230
0,732,187,802,231
0,735,199,800,232
0,740,203,799,232
0,736,205,797,232
0,725,190,793,232
0,724,208,791,231
0,712,215,788,230
0,708,219,786,229
0,695,196,783,229
0,672,176,779,228
0,683,192,775,227
0,673,206,772,225
0,681,228,767,224
0,679,232,766,224
0,675,213,763,224
0,689,186,761,226
0,722,180,759,227
0,718,179,757,229
0,730,188,756,230
0,746,216,755,232
0,762,239,752,234
0,750,257,749,236
0,726,244,742,237
0,716,230,734,239
0,700,220,722,241
0,695,236,699,244
0,723,234,686,245
0,712,261,678,248
0,698,267,672,251
0,708,256,670,252
0,728,277,666,255
0,710,297,665,257
0,703,313,664,259
0,714,309,663,263
0,720,300,663,264
0,734,322,663,267
0,722,342,663,270
0,735,342,663,272
0,740,365,664,273
0,745,351,665,274
0,742,368,666,275
0,745,365,667,277
0,732,382,669,278
0,724,391,671,280
0,731,402,673,282
0,705,424,674,284
0,709,433,675,287
0,705,411,678,293
0,720,405,680,298
0,703,411,687,309
0,702,411,699,323
0,708,385,720,337
0,693,392,731,341
0,701,392,738,346
0,710,373,745,348
0,702,342,749,351
0,705,354,750,355
0,708,345,753,358
0,720,349,756,363
0,730,338,758,365
0,745,334,760,368
0,745,315,760,370
0,731,310,761,372
0,725,317,762,373
0,720,328,762,376
0,711,332,762,378
0,702,338,763,379
0,696,337,763,381
0,708,333,763,384
0,736,324,763,385
0,710,346,763,386
0,694,350,763,386
0,707,347,762,386
0,672,324,762,386
0,668,329,762,386
0,664,345,762,386
0,647,360,762,386
0,673,360,762,386
0,663,371,762,386
0,653,384,761,386
0,623,358,760,386
0,627,350,759,386
0,622,363,757,386
0,630,340,756,386
0,624,356,756,386
0,644,329,755,386
0,652,315,755,386
0,649,295,754,386
0,655,276,754,386
0,649,294,753,386
0,658,285,752,386
0,658,280,749,386
0,675,270,743,386
0,673,294,736,388
0,664,270,729,389
0,681,262,722,390
0,667,248,717,392
0,669,250,712,392
0,663,223,710,392
0,677,238,706,390
0,683,252,702,389
0,677,268,694,386
0,690,257,687,385
0,686,267,685,384
0,685,259,683,382
0,681,281,683,379
0,698,301,683,377
0,683,310,683,373
0,683,306,683,371
0,689,317,684,369
0,693,314,686,365
0,691,316,690,360
0,687,306,694,355
0,699,316,694,351
0,694,317,694,346
0,691,315,694,344
0,699,318,694,342
0,710,333,694,340
0,726,324,694,340
0,718,330,694,340
0,733,341,694,339
0,730,336,694,339
0,733,340,693,337
0,727,346,693,336
0,716,345,693,334
0,710,365,693,331
0,695,367,693,331
0,693,355,693,331
0,704,354,694,331
0,684,351,694,331
0,704,331,695,331
0,722,360,696,331
0,725,383,696,331
0,731,370,696,331
0,723,341,696,331
0,724,330,696,331
0,723,331,696,331
0,751,338,699,334
0,762,357,704,339
0,777,349,711,345
0,771,361,717,352
0,759,344,721,356
0,806,335,721,357
0,802,346,721,357
0,809,346,720,359
0,822,361,718,360
0,804,353,715,363
0,807,333,713,366
0,830,338,712,369
0,827,315,711,372
0,831,347,711,376
0,812,346,714,382
0,806,360,717,385
0,806,358,723,388
0,811,358,725,391
0,811,362,727,391
0,817,341,729,392
0,825,340,730,393
0,809,353,732,396
0,820,350,737,400
0,826,342,745,405
0,821,356,750,407
0,846,363,754,407
0,871,372,755,409
0,864,372,760,410
0,865,365,765,410
0,864,360,772,411
0,889,352,776,411
0,881,352,778,411
0,896,365,779,411
0,890,374,783,411
0,895,379,785,411
0,867,354,792,414
0,862,362,799,415
0,850,381,806,417
0,847,376,813,417
0,867,382,817,416
0,871,389,818,415
0,884,393,818,415
0,878,400,819,415
0,875,389,824,415
0,906,396,831,415
0,912,405,838,416
0,905,379,847,417
0,909,356,853,420
0,912,338,862,423
0,914,326,872,424
0,954,323,877,425
0,960,311,878,425
0,954,317,878,425
0,949,327,878,425
0,967,341,878,425
0,950,338,878,425
0,964,339,878,425
0,963,347,878,425
0,942,338,878,425
0,910,349,879,425
0,929,338,881,425
0,931,344,881,425
0,926,350,883,425
0,936,363,884,425
0,953,349,885,425
0,974,355,890,424
0,965,376,900,424
0,951,362,919,424
0,952,349,931,424
0,943,345,934,424
0,946,337,935,424
0,949,309,936,424
0,955,329,938,423
0,956,331,940,422
0,988,346,943,421
0,975,318,952,418
0,971,328,957,415
0,961,319,964,414
0,962,312,971,414
0,980,322,978,414
0,976,325,988,414
0,975,330,1004,414
0,965,326,1018,416
0,982,314,1035,418
0,970,329,1045,419
0,982,325,1050,420
0,979,326,1052,420
0,952,348,1052,420
0,948,348,1048,418
0,938,348,1044,417
0,933,337,1044,417
0,939,335,1043,416
0,958,341,1043,416
0,971,343,1043,416
0,966,337,1043,416
0,980,345,1043,415
0,955,341,1040,413
0,972,369,1037,413
0,966,377,1034,413
0,949,377,1033,413
0,956,379,1033,413
0,966,381,1033,412
0,970,353,1032,412
0,972,361,1030,411
0,962,351,1027,411
0,949,338,1023,411
0,966,337,1020,410
0,958,329,1018,410
0,973,309,1018,410
0,961,295,1018,410
0,948,289,1018,410
0,909,289,1018,410
0,879,285,1018,410
0,863,287,1018,410
0,860,292,1018,410
0,855,276,1016,410
0,855,280,1015,411
0,882,276,1014,411
0,863,276,1012,412
0,854,291,1012,412
0,854,293,1011,412
0,830,296,1011,412
0,807,292,1007,411
0,795,264,999,407
0,814,259,981,402
0,803,263,961,396
0,801,242,935,388
0,778,229,923,387
0,796,236,918,387
0,792,218,917,387
0,772,219,917,387
0,776,247,917,387
0,793,262,917,387
0,805,273,917,384
0,767,257,913,381
0,748,264,907,373
0,780,261,898,366
0,767,263,886,356
0,779,263,870,345
0,754,256,859,339
0,753,266,853,331
0,762,259,849,321
0,766,283,844,312
0,731,275,841,303
0,730,276,834,294
0,735,274,822,284
0,757,266,811,279
0,753,254,809,277
0,733,273,809,277
0,724,267,807,275
0,716,278,807,275
0,716,280,807,275
0,741,278,807,275
0,722,287,806,275
0,745,278,805,275
0,760,254,805,275
0,733,270,805,275
0,749,292,805,276
0,743,294,805,281
0,767,322,807,288
0,791,312,808,295
0,789,306,808,300
0,783,279,808,303
0,771,272,807,305
0,743,255,805,307
0,754,227,804,309
0,735,231,804,309
0,725,239,804,309
0,715,242,802,309
0,697,239,800,308
0,712,217,794,304
0,717,231,790,302
0,726,221,785,301
0,729,208,783,301
0,739,212,782,301
0,737,172,779,301
0,757,179,777,303
0,758,189,775,304
0,770,204,774,307
0,770,194,772,309
0,759,204,770,309
0,744,228,763,311
0,761,234,759,313
0,770,255,755,313
0,774,259,755,313
0,763,259,754,313
0,761,258,754,313
0,787,275,754,313
0,795,268,754,313
0,781,268,755,313
0,777,296,759,311
0,804,319,763,306
0,807,319,766,300
0,805,300,767,295
0,802,310,767,292
0,817,300,769,286
0,791,304,770,283
0,810,300,771,280
0,790,330,773,279
0,795,338,777,279
0,788,334,792,284
0,785,339,799,289
0,778,322,801,291
0,782,321,802,293
0,794,313,802,297
0,767,313,802,303
0,790,290,805,314
0,784,302,810,323
0,792,294,814,328
0,798,292,815,331
0,813,277,816,332
0,795,284,816,333
0,819,254,816,334
0,836,255,816,335
0,812,263,816,338
0,801,248,815,340
0,828,256,814,342
0,806,249,814,346
0,830,251,814,348
0,856,254,813,351
0,840,244,812,354
0,837,254,812,354
0,877,252,812,354
0,878,240,812,354
0,861,245,807,353
0,868,250,805,353
0,870,274,805,353
0,869,282,805,353
0,860,274,805,351
0,856,276,803,350
0,862,277,803,349
0,858,281,803,347
0,890,250,804,345
0,906,255,806,342
0,915,247,811,340
0,914,230,817,336
0,876,228,822,331
0,895,226,829,329
0,883,226,837,324
0,866,208,844,323
0,870,189,860,320
0,880,195,873,322
0,886,196,886,328
0,894,186,898,335
0,884,199,907,344
0,898,208,911,348
0,873,230,914,352
0,882,250,915,353
0,884,268,915,354
0,882,282,915,354
0,890,275,915,355
0,912,300,915,355
0,914,309,909,353
0,907,313,902,347
0,922,318,891,342
0,921,319,885,336
0,911,339,884,335
0,929,319,884,334
0,933,336,884,332
0,944,328,886,330
0,940,333,889,330
0,921,347,890,328
0,923,341,891,328
0,937,328,892,328
0,948,337,898,328
0,952,342,902,329
0,954,338,904,330
0,948,331,905,330
0,942,326,905,331
0,912,323,906,332
0,934,343,906,332
0,944,355,906,334
0,939,343,908,336
0,943,348,909,337
0,948,357,910,338
0,960,364,910,340
0,958,342,910,343
0,950,333,910,346
0,945,332,911,348
0,945,337,912,349
0,914,337,913,350
0,933,323,913,350
0,937,331,913,350
0,939,330,913,350
0,947,340,913,350
0,946,341,913,350
0,928,348,913,351
0,910,319,913,351
0,905,303,914,351
0,904,292,914,351
0,913,285,916,353
0,928,300,918,355
0,943,289,920,356
0,974,282,921,357
0,975,273,922,357
0,951,276,922,358
0,966,283,923,359
0,966,273,923,361
0,1006,292,923,362
0,1008,301,925,362
0,1023,276,925,363
0,985,280,925,363
0,979,283,925,363
0,977,293,925,363
0,967,303,925,363
0,981,299,925,363
0,989,318,925,363
0,985,333,925,363
0,992,326,925,362
0,988,331,932,358
0,981,350,941,352
0,970,351,948,352
0,963,347,959,350
0,960,314,967,349
0,982,305,968,349
0,986,321,968,349
0,973,339,968,349
0,964,351,968,349
0,965,322,968,349
0,941,317,968,349
0,922,339,968,349
0,929,336,968,350
0,930,319,968,353
0,908,300,971,358
0,891,294,974,361
0,893,288,976,363
0,904,292,976,363
0,908,300,976,364
0,917,301,976,364
0,937,312,975,364
0,957,310,975,364
0,970,305,975,364
0,987,294,975,364
0,988,295,975,364
0,999,284,975,364
0,996,306,975,364
0,1016,325,975,364
0,1017,316,975,364
0,1019,292,975,364
0,994,298,971,364
0,987,319,967,364
0,1041,315,961,364
0,1033,300,960,364
0,1021,311,960,364
0,1033,293,960,364
0,1034,289,959,364
0,1012,285,959,363
0,1011,284,958,363
0,1007,255,958,363
0,1007,263,958,363
0,1016,266,958,363
0,1041,272,958,363
0,1036,277,958,363
0,1038,255,958,362
0,1027,250,958,362
0,1019,241,958,362
0,1050,249,958,360
0,1040,257,959,360
0,1043,266,959,358
0,1034,252,961,356
0,1017,241,962,354
0,1043,253,964,352
0,1031,243,966,350
0,1019,220,966,349
0,1015,227,974,348
0,1022,220,988,348
0,1029,210,1023,349
0,1031,229,1056,353
0,1021,217,1078,355
0,1026,210,1085,355
0,1024,211,1085,355
0,1019,205,1071,346
0,1012,209,1056,339
0,1005,209,1045,332
0,989,216,1037,328
0,1001,199,1036,326
0,984,204,1036,324
0,983,208,1037,320
0,986,203,1037,318
0,996,217,1038,314
0,991,222,1038,312
0,976,228,1039,310
0,976,237,1041,303
0,981,221,1043,296
0,957,209,1043,290
0,931,216,1043,281
0,909,210,1043,274
0,898,209,1041,265
0,874,200,1037,261
0,886,205,1033,258
0,886,198,1030,255
0,899,204,1027,253
0,914,199,1023,251
0,920,192,1019,250
0,918,214,1016,249
0,930,201,1012,248
0,942,178,1004,245
0,944,176,999,244
0,952,197,996,243
0,935,175,988,241
0,918,171,986,241
0,914,170,986,241
0,921,173,985,241
0,941,183,984,241
0,959,185,984,241
0,969,212,981,240
0,963,226,978,237
0,960,225,972,235
0,982,242,966,231
0,955,270,963,228
0,965,279,961,226
0,976,287,960,223
0,969,269,959,220
0,960,265,959,216
0,959,259,957,214
0,967,277,954,210
0,972,299,951,206
0,948,291,950,204
0,925,284,948,202
0,904,282,947,200
0,911,264,946,199
0,897,268,946,197
0,887,294,946,196
0,886,301,946,196
0,857,306,946,196
0,845,320,946,196
0,834,325,947,196
0,843,328,951,199
0,843,338,959,205
0,857,342,969,217
0,844,356,970,224
0,829,351,970,229
0,821,336,967,231
0,820,322,965,232
0,822,345,960,234
0,837,327,953,237
0,829,331,944,241
0,821,335,933,246
0,814,337,921,249
0,813,345,914,250
0,823,361,904,255
0,826,368,900,259
0,850,361,896,266
0,867,344,893,273
0,872,342,889,279
0,876,385,884,284
0,879,382,881,288
0,885,366,878,291
0,877,366,876,293
0,904,360,874,294
0,909,359,872,295
0,906,359,869,295
0,902,366,867,297
0,894,360,864,301
0,903,363,862,307
0,902,349,861,314
0,898,350,861,319
0,897,348,861,322
0,877,339,863,326
0,868,333,864,331
0,851,340,875,345
0,871,347,885,368
0,868,334,898,385
0,877,313,900,390
0,891,329,902,392
0,891,320,902,393
0,920,318,902,394
0,916,322,902,394
0,922,354,902,394
0,944,350,902,394
0,961,339,902,394
0,956,334,902,394
0,961,319,903,393
0,952,308,903,390
0,947,308,904,389
0,962,323,904,388
0,958,325,904,386
0,973,328,904,383
0,942,315,904,381
0,962,314,904,380
0,942,307,904,380
0,934,309,904,379
0,930,318,904,379
0,935,331,904,378
0,957,323,904,378
0,972,314,904,376
0,964,328,904,376
0,993,329,904,375
0,981,330,905,375
0,1000,329,905,375
0,994,310,905,375
0,991,318,906,375
0,1005,325,907,374
0,1039,343,908,373
0,1037,342,910,372
0,1041,334,911,371
0,1048,343,912,370
0,1040,346,913,368
0,1018,354,915,366
0,1020,348,916,364
0,1029,367,919,362
0,1020,380,924,358
0,1016,376,928,355
0,1018,384,935,351
0,1027,386,939,348
0,1012,403,943,347
0,1013,388,946,346
0,1003,406,946,346
0,987,416,948,346
0,995,405,952,347
0,992,393,957,353
0,1001,357,963,360
0,999,370,970,365
0,1003,372,973,367
0,1002,370,973,368
0,1019,371,974,370
0,1025,373,973,374
0,1043,375,973,378
0,1046,385,972,386
0,1049,375,972,393
0,1075,393,972,399
0,1094,379,972,406
0,1086,395,972,410
0,1082,391,972,414
0,1091,384,972,414
0,1085,383,972,414
0,1102,397,972,414
0,1102,394,972,414
0,1104,382,972,414
0,1096,385,973,414
0,1103,377,976,414
0,1121,364,979,414
0,1115,376,983,416
0,1091,354,990,420
0,1088,363,1001,423
0,1104,376,1016,432
0,1120,370,1023,437
0,1098,345,1028,442
0,1118,339,1030,445
0,1107,325,1030,446
0,1086,312,1032,447
0,1076,280,1041,450
0,1101,271,1053,450
0,1109,291,1063,449
0,1086,296,1077,449
0,1101,297,1092,446
0,1114,306,1101,444
0,1110,318,1108,442
0,1093,324,1117,440
0,1123,308,1122,439
0,1118,312,1125,439
0,1119,303,1128,438
0,1123,300,1128,436
0,1109,305,1128,432
0,1125,305,1127,425
0,1149,311,1120,416
0,1149,310,1112,410
0,1147,315,1110,405
0,1139,294,1107,399
0,1143,303,1107,393
0,1152,308,1107,387
0,1159,316,1107,384
0,1168,301,1110,378
0,1159,317,1111,375
0,1128,323,1115,370
0,1135,318,1119,364
0,1118,297,1121,361
0,1077,286,1125,360
0,1088,274,1130,358
0,1112,266,1134,356
0,1122,289,1135,355
0,1125,284,1137,351
0,1122,277,1137,349
0,1136,292,1141,345
0,1150,271,1143,343
0,1152,267,1144,342
0,1141,285,1149,337
0,1123,279,1151,335
0,1109,311,1153,331
0,1112,304,1157,323
0,1101,299,1158,321
0,1108,298,1160,315
0,1105,301,1164,311
0,1088,281,1170,306
0,1077,259,1175,300
0,1085,250,1178,295
0,1085,251,1182,289
0,1103,265,1186,286
0,1078,278,1188,283
0,1072,247,1189,281
0,1085,229,1189,280
0,1099,219,1189,280
0,1113,205,1189,280
0,1094,205,1189,280
0,1112,208,1187,280
0,1123,188,1182,283
0,1113,194,1173,290
0,1116,211,1161,298
0,1130,189,1148,305
0,1122,197,1141,308
0,1139,194,1136,310
0,1120,197,1134,310
0,1116,226,1133,311
0,1113,207,1132,311
0,1138,204,1131,311
0,1143,223,1130,310
0,1154,247,1129,308
0,1155,219,1129,304
0,1170,193,1129,300
0,1170,194,1130,296
0,1173,210,1131,292
0,1186,225,1131,289
0,1153,249,1133,284
0,1158,273,1133,279
0,1189,298,1133,273
0,1189,279,1133,270
0,1185,278,1132,266
0,1193,285,1130,265
0,1182,280,1128,263
0,1210,281,1127,263
0,1201,281,1127,263
0,1225,298,1126,263
0,1209,298,1124,263
0,1200,268,1123,265
0,1193,269,1122,268
0,1183,275,1122,270
0,1204,260,1122,272
0,1215,271,1125,276
0,1206,285,1127,281
0,1220,286,1132,287
0,1210,298,1139,296
0,1185,281,1148,304
0,1206,289,1161,310
0,1209,297,1170,315
0,1204,307,1174,316
0,1210,283,1175,316
0,1209,302,1175,316
0,1221,306,1175,316
0,1236,284,1181,319
0,1241,282,1184,321
0,1235,276,1189,322
0,1259,277,1189,322
0,1265,278,1190,323
0,1260,267,1190,327
0,1276,267,1192,332
0,1269,244,1196,341
0,1268,261,1201,350
0,1253,249,1202,353
0,1227,247,1202,355
0,1227,253,1202,356
0,1219,266,1202,357
0,1220,279,1203,358
0,1203,280,1204,358
0,1206,273,1205,358
0,1183,258,1206,358
0,1187,264,1209,358
0,1179,283,1212,357
0,1175,264,1216,354
0,1156,262,1221,354
0,1151,254,1230,348
0,1153,254,1237,345
0,1154,263,1239,340
0,1160,273,1240,335
0,1160,265,1239,326
0,1171,251,1235,317
0,1173,236,1233,310
0,1160,234,1232,302
0,1167,239,1230,297
0,1186,255,1227,292
0,1209,258,1217,283
0,1217,252,1206,275
0,1209,258,1200,271
0,1201,253,1196,269
0,1226,235,1195,267
0,1223,203,1195,267
0,1224,223,1195,267
0,1221,236,1195,267
0,1215,233,1195,267
0,1209,245,1195,267
0,1175,242,1195,266
0,1188,232,1195,266
0,1178,211,1195,265
0,1174,188,1195,264
0,1163,201,1196,264
0,1163,222,1196,264
0,1156,233,1196,264
0,1161,255,1200,262
0,1156,259,1202,261
0,1159,265,1204,261
0,1145,255,1207,260
0,1146,260,1208,260
0,1163,278,1208,259
0,1160,257,1208,259
0,1164,256,1209,259
0,1162,237,1209,258
0,1145,226,1209,258
0,1153,238,1209,257
0,1177,258,1209,257
0,1170,263,1209,256
0,1164,272,1209,255
0,1161,260,1208,255
0,1164,263,1207,255
0,1184,269,1205,255
0,1194,273,1203,258
0,1210,282,1200,271
0,1213,273,1199,278
0,1227,280,1197,284
0,1233,255,1195,289
0,1229,255,1192,293
0,1226,273,1188,300
0,1216,270,1186,309
0,1227,257,1184,312
0,1231,249,1183,313
0,1222,256,1182,313
0,1207,264,1177,312
0,1201,266,1173,311
0,1203,272,1172,310
0,1211,264,1171,307
0,1206,262,1169,305
0,1198,268,1166,303
0,1188,253,1163,299
0,1202,254,1159,297
0,1207,282,1158,294
0,1213,273,1158,293
0,1205,238,1158,293
0,1202,225,1160,292
0,1215,268,1164,292
0,1202,230,1171,295
0,1221,214,1181,299
0,1216,229,1187,301
0,1199,227,1196,302
0,1176,215,1199,302
0,1189,202,1200,303
0,1193,199,1201,303
0,1183,199,1201,305
0,1159,178,1201,306
0,1170,181,1201,307
0,1167,172,1201,309
0,1178,141,1201,310
0,1181,153,1201,310
0,1187,170,1201,310
0,1183,177,1201,310
0,1174,179,1201,310
0,1168,184,1201,309
0,1149,196,1198,305
0,1151,201,1195,302
0,1127,200,1185,292
0,1110,191,1176,283
0,1108,191,1161,266
0,1110,201,1147,247
0,1103,177,1139,236
0,1090,170,1136,229
0,1072,174,1136,222
0,1096,172,1136,218
0,1101,170,1138,213
0,1086,162,1141,208
0,1093,173,1141,206
0,1067,189,1141,205
0,1095,187,1141,204
0,1090,180,1141,204
0,1097,181,1140,203
0,1114,179,1136,201
0,1123,209,1131,200
0,1113,226,1121,197
0,1110,220,1108,195
0,1119,220,1100,195
0,1123,221,1096,195
0,1133,216,1096,195
0,1120,228,1094,195
0,1121,230,1091,195
0,1114,248,1088,195
0,1128,240,1083,196
0,1128,262,1077,197
0,1107,268,1074,197
0,1130,290,1072,198
0,1118,314,1070,199
0,1138,309,1069,199
0,1120,282,1067,199
0,1122,297,1063,199
0,1126,286,1058,199
0,1093,292,1056,199
0,1080,285,1055,199
0,1078,312,1055,199
0,1083,314,1055,199
0,1069,304,1054,199
0,1092,292,1054,202
0,1105,287,1055,204
0,1100,304,1062,208
0,1118,292,1071,214
0,1110,305,1083,224
0,1104,310,1094,234
0,1109,296,1102,241
0,1137,305,1104,247
0,1129,314,1106,250
0,1124,331,1107,254
0,1135,331,1107,257
0,1125,357,1105,263
0,1140,350,1101,269
0,1133,338,1094,274
0,1137,308,1086,279
0,1115,284,1079,285
0,1098,278,1073,290
0,1113,283,1069,296
0,1096,282,1064,304
0,1103,275,1062,308
0,1107,293,1062,310
0,1120,288,1061,315
0,1111,286,1061,320
0,1119,267,1061,327
0,1105,263,1065,338
0,1124,263,1071,345
0,1129,250,1076,350
0,1129,262,1082,352
0,1111,254,1084,355
0,1134,254,1084,355
0,1147,247,1084,355
0,1182,266,1089,353
0,1166,277,1092,349
0,1150,248,1098,344
0,1121,270,1101,340
0,1122,266,1103,333
0,1124,256,1105,328
0,1136,258,1106,321
0,1141,278,1106,312
0,1143,283,1107,305
0,1142,289,1109,298
0,1119,291,1110,295
0,1125,310,1111,292
0,1150,313,1113,291
0,1162,313,1113,290
0,1201,324,1115,290
0,1211,300,1116,290
0,1214,278,1119,289
0,1205,264,1124,289
0,1195,267,1131,289
0,1176,269,1142,289
0,1182,284,1148,290
0,1214,289,1151,291
0,1212,320,1151,291
0,1209,325,1151,293
0,1207,318,1151,293
0,1204,329,1151,294
0,1216,324,1151,297
0,1229,357,1156,305
0,1241,362,1159,310
0,1233,367,1161,314
0,1240,371,1162,316
0,1233,382,1163,316
0,1214,393,1163,317
0,1245,389,1166,317
0,1253,373,1168,318
0,1260,382,1175,320
0,1261,394,1197,327
0,1269,371,1233,342
0,1281,372,1275,367
0,1297,365,1299,378
0,1303,371,1311,388
0,1315,380,1312,392
0,1317,350,1310,393
0,1304,363,1308,394
0,1295,378,1307,397
0,1304,395,1306,398
0,1286,401,1304,400
0,1291,412,1301,402
0,1281,400,1300,404
0,1279,401,1298,410
0,1284,422,1296,415
0,1281,441,1295,422
0,1290,432,1293,427
0,1298,439,1291,431
0,1294,460,1290,433
0,1279,452,1290,433
0,1276,440,1289,436
0,1264,437,1287,438
0,1244,469,1287,439
0,1239,455,1287,440
0,1235,429,1287,440
0,1241,433,1287,440
0,1235,407,1288,440
0,1239,408,1288,440
0,1221,409,1288,440
0,1220,432,1290,441
0,1240,423,1290,442
0,1253,418,1291,442
0,1250,404,1291,442
0,1243,418,1291,442
0,1227,408,1291,442
0,1213,416,1291,442
0,1211,407,1284,438
0,1213,411,1266,433
0,1203,419,1233,423
0,1202,411,1192,412
0,1201,409,1166,404
0,1176,409,1151,397
0,1188,393,1146,395
0,1200,414,1146,395
0,1215,403,1146,395
0,1184,408,1146,395
0,1163,427,1149,396
0,1161,406,1151,397
0,1155,405,1155,400
0,1165,395,1156,401
0,1168,376,1158,402
0,1163,368,1159,403
0,1179,350,1161,404
0,1197,340,1163,405
0,1227,349,1164,405
0,1215,343,1164,405
0,1241,342,1164,407
0,1243,328,1164,407
0,1244,327,1162,407
0,1236,334,1158,407
0,1238,350,1154,407
0,1241,333,1149,407
0,1243,304,1142,407
0,1211,312,1135,403
0,1204,315,1130,401
0,1199,306,1123,398
0,1207,307,1120,395
0,1209,289,1119,394
0,1241,297,1119,394
0,1256,300,1125,394
0,1267,299,1146,394
0,1278,290,1165,394
0,1255,298,1188,391
0,1262,311,1208,383
0,1245,307,1214,370
0,1238,304,1214,365
0,1259,313,1208,354
0,1239,294,1202,345
0,1249,293,1192,329
0,1251,267,1179,317
0,1260,251,1175,304
0,1278,232,1173,295
0,1302,212,1176,288
0,1284,233,1181,283
0,1267,213,1185,277
0,1257,230,1189,268
0,1285,230,1195,261
0,1302,229,1203,252
0,1306,199,1206,245
0,1305,201,1210,237
0,1296,211,1211,228
0,1292,199,1214,222
0,1306,213,1215,219
0,1322,193,1219,217
0,1311,192,1226,217
0,1290,198,1244,217
0,1286,180,1259,218
0,1297,208,1267,218
0,1280,186,1271,218
0,1268,186,1271,218
0,1289,183,1271,218
0,1292,153,1275,220
0,1296,161,1289,221
0,1287,164,1304,223
0,1276,168,1316,223
0,1252,167,1317,223
0,1264,140,1320,222
0,1280,155,1322,220
0,1279,167,1324,217
0,1264,169,1326,213
0,1240,165,1328,210
0,1228,176,1329,208
0,1200,188,1331,207
0,1196,192,1335,205
0,1216,234,1340,203
0,1209,218,1346,201
0,1205,200,1351,198
0,1236,211,1355,194
0,1241,216,1359,190
0,1237,222,1360,188
0,1224,216,1360,187
0,1234,221,1360,186
0,1233,230,1360,185
0,1227,245,1355,183
0,1195,232,1344,180
0,1185,226,1329,177
0,1200,222,1319,175
0,1206,241,1312,177
0,1197,251,1303,182
0,1209,242,1295,188
0,1205,245,1285,194
0,1209,237,1277,201
0,1204,246,1269,218
0,1207,260,1268,225
0,1214,275,1270,231
0,1220,277,1271,234
0,1232,278,1273,239
0,1231,249,1275,246
0,1232,243,1275,250
0,1235,248,1272,255
0,1238,224,1267,261
0,1218,220,1264,268
0,1220,197,1261,275
0,1217,203,1258,284
0,1194,174,1254,294
0,1194,176,1249,303
0,1196,165,1245,311
0,1189,160,1245,316
0,1202,166,1244,319
0,1211,198,1244,321
0,1208,201,1244,323
0,1230,205,1244,324
0,1224,189,1244,327
0,1223,181,1245,329
0,1261,197,1246,329
0,1265,208,1246,329
0,1273,214,1247,329
0,1259,195,1247,329
0,1258,220,1250,327
0,1247,211,1251,317
0,1247,224,1251,310
0,1257,228,1251,303
0,1258,223,1251,298
0,1276,193,1250,294
0,1277,221,1250,291
0,1295,244,1248,285
0,1290,250,1248,282
0,1288,262,1248,280
0,1303,266,1250,277
0,1337,254,1251,275
0,1347,279,1252,274
0,1359,292,1253,274
0,1324,279,1253,274
0,1340,276,1253,274
0,1317,281,1253,274
0,1321,263,1256,274
0,1317,262,1263,276
0,1331,264,1274,280
0,1336,267,1290,289
0,1335,259,1297,295
0,1333,270,1304,300
0,1329,273,1307,304
0,1338,265,1308,310
0,1344,260,1308,314
0,1336,249,1308,318
0,1381,251,1307,319
0,1345,275,1307,320
0,1363,257,1307,320
0,1388,238,1307,320
0,1351,245,1307,320
0,1345,237,1307,320
0,1333,241,1309,319
0,1341,234,1314,315
0,1348,237,1318,313
0,1342,216,1321,311
0,1341,222,1325,310
0,1325,213,1330,310
0,1318,195,1344,311
0,1332,180,1361,313
0,1329,163,1370,314
0,1338,157,1373,314
0,1344,162,1373,314
0,1348,168,1373,314
0,1362,142,1373,313
0,1370,150,1375,312
0,1388,161,1376,308
0,1371,153,1376,306
0,1364,161,1376,300
0,1355,160,1374,294
0,1359,182,1373,291
0,1341,188,1372,286
0,1350,208,1367,279
0,1350,217,1363,273
0,1340,226,1360,268
0,1342,198,1359,265
0,1349,212,1359,262
0,1322,203,1359,261
0,1317,201,1361,260
0,1306,207,1362,259
0,1295,195,1364,256
0,1314,197,1364,255
0,1328,201,1365,254
0,1331,199,1366,253
0,1330,227,1367,251
0,1326,204,1367,248
0,1328,198,1369,247
0,1337,212,1369,247
0,1342,205,1369,247
0,1325,203,1370,247
0,1309,222,1370,247
0,1325,246,1370,247
0,1288,229,1370,247
0,1290,225,1368,247
0,1286,221,1367,247
0,1297,191,1367,247
0,1294,196,1366,247
0,1301,189,1366,247
0,1302,186,1366,247
0,1324,177,1366,247
0,1318,167,1366,247
0,1326,184,1366,247
0,1337,164,1366,247
0,1363,182,1365,247
0,1360,180,1364,247
0,1372,191,1364,247
0,1348,196,1364,247
0,1337,198,1364,247
0,1341,178,1363,247
0,1347,174,1362,247
0,1340,165,1362,247
0,1353,148,1359,247
0,1348,161,1356,247
0,1331,153,1354,247
0,1310,175,1350,247
0,1317,148,1349,247
0,1336,143,1348,247
0,1334,128,1348,247
0,1304,139,1348,247
0,1324,122,1347,247
0,1350,138,1347,247
0,1346,141,1345,247
0,1350,138,1344,246
0,1356,147,1343,246
0,1342,141,1342,246
0,1327,127,1342,246
0,1350,128,1342,246
0,1327,132,1342,245
0,1323,104,1341,245
0,1328,163,1339,243
0,1310,161,1336,242
0,1318,173,1333,239
0,1320,172,1330,237
0,1339,188,1329,236
0,1346,173,1329,233
0,1336,184,1329,231
0,1320,192,1329,228
0,1326,196,1329,224
0,1332,189,1329,219
0,1351,219,1329,215
0,1360,203,1329,212
0,1366,216,1328,212
0,1370,220,1328,211
0,1386,226,1326,211
0,1346,222,1319,211
0,1342,235,1307,211
0,1334,264,1290,212
0,1336,242,1279,218
0,1339,233,1270,224
0,1346,269,1264,228
0,1349,260,1260,232
0,1363,261,1259,233
0,1372,249,1259,235
0,1372,230,1271,244
0,1362,259,1295,263
0,1358,279,1324,281
0,1346,262,1348,291
0,1341,278,1364,303
0,1352,266,1364,304
0,1362,277,1364,306
0,1353,276,1364,307
0,1347,282,1364,307
0,1353,251,1364,307
0,1354,244,1364,307
0,1330,228,1364,307
0,1312,212,1364,307
0,1308,215,1365,307
0,1333,216,1365,307
0,1320,216,1367,307
0,1323,224,1368,306
0,1346,248,1368,306
0,1351,251,1368,306
0,1353,289,1370,306
0,1366,281,1374,307
0,1369,274,1379,310
0,1359,264,1386,312
0,1353,261,1391,313
0,1334,273,1395,316
0,1328,271,1396,318
0,1343,265,1398,318
0,1334,252,1398,318
0,1318,237,1398,317
0,1311,235,1397,314
0,1301,208,1396,313
0,1294,191,1395,313
0,1300,214,1395,313
0,1271,219,1395,313
0,1287,218,1395,313
0,1271,230,1394,313
0,1298,213,1394,313
0,1305,220,1392,313
0,1292,216,1387,313
0,1287,237,1383,313
0,1278,248,1381,313
0,1286,217,1381,313
0,1288,212,1377,312
0,1279,199,1374,311
0,1263,193,1368,309
0,1258,190,1362,305
0,1259,176,1346,300
0,1251,179,1326,293
0,1245,173,1311,289
0,1238,177,1307,288
0,1227,180,1307,287
0,1224,183,1307,287
0,1228,195,1307,287
0,1237,205,1307,287
0,1223,196,1307,287
0,1215,189,1307,287
0,1196,191,1307,287
0,1170,190,1303,284
0,1165,181,1301,279
0,1172,177,1295,273
0,1156,184,1282,264
0,1138,194,1263,252
0,1123,185,1241,236
0,1132,180,1218,223
0,1110,177,1194,209
0,1113,188,1170,199
0,1131,210,1154,194
0,1127,204,1146,191
0,1137,221,1145,191
0,1121,217,1142,190
0,1135,195,1142,190
0,1141,195,1134,187
0,1151,218,1124,185
0,1167,223,1114,182
0,1170,230,1107,182
0,1163,229,1101,182
0,1171,215,1098,182
0,1175,224,1094,182
0,1158,205,1089,182
0,1182,203,1082,182
0,1171,209,1075,184
0,1154,211,1068,189
0,1131,188,1061,193
0,1170,184,1052,196
0,1146,206,1046,200
0,1135,202,1044,211
0,1160,236,1049,231
0,1162,220,1067,255
0,1140,230,1091,273
0,1144,198,1107,282
0,1153,188,1114,285
0,1148,159,1115,285
0,1159,160,1117,285
0,1165,167,1118,282
0,1170,165,1120,279
0,1157,181,1124,274
0,1164,184,1125,272
0,1166,162,1126,270
0,1159,159,1131,267
0,1154,174,1134,264
0,1150,174,1142,262
0,1142,157,1145,259
0,1142,131,1148,257
0,1138,133,1150,253
0,1120,156,1151,252
0,1141,176,1153,251
0,1159,182,1155,250
0,1152,189,1156,247
0,1140,202,1159,244
0,1124,222,1159,241
0,1126,208,1158,237
0,1130,216,1156,231
0,1123,245,1153,228
0,1124,235,1149,224
0,1113,260,1144,221
0,1096,291,1139,218
0,1086,299,1133,217
0,1092,307,1128,216
0,1096,325,1123,214
0,1126,328,1122,214
0,1141,339,1122,214
0,1119,315,1122,214
0,1135,323,1122,214
0,1122,320,1122,218
0,1135,339,1126,225
0,1132,335,1132,233
0,1121,320,1135,240
0,1134,310,1139,244
0,1122,313,1139,251
0,1095,312,1140,259
0,1074,298,1142,281
0,1082,303,1145,295
0,1085,296,1146,311
0,1090,301,1149,321
0,1102,307,1151,327
0,1131,330,1155,342
0,1114,334,1157,346
0,1128,341,1158,348
0,1138,340,1159,350
0,1167,342,1159,353
0,1149,325,1161,357
0,1151,333,1165,360
0,1142,333,1166,360
0,1140,323,1166,360
0,1128,329,1166,360
0,1101,322,1166,360
0,1084,303,1166,360
0,1111,323,1166,360
0,1118,312,1166,359
0,1106,321,1165,359
0,1122,316,1165,359
0,1111,313,1165,359
0,1099,310,1167,360
0,1103,325,1169,362
0,1102,311,1169,362
0,1124,330,1169,362
0,1088,338,1169,362
0,1074,356,1169,362
0,1075,361,1169,362
0,1090,360,1169,362
0,1091,356,1169,362
0,1064,366,1168,361
0,1061,370,1167,360
0,1071,384,1167,360
0,1068,389,1167,360
0,1041,370,1167,360
0,1018,381,1167,360
0,1032,369,1167,360
0,1025,372,1167,360
0,1061,375,1167,360
0,1030,398,1167,360
0,1011,416,1166,360
0,1019,405,1163,360
0,1026,399,1159,364
0,1025,372,1155,373
0,1038,385,1148,384
0,1045,391,1141,394
0,1050,394,1136,399
0,1058,380,1129,402
0,1054,382,1122,403
0,1052,379,1112,403
0,1057,388,1102,405
0,1057,390,1093,406
0,1053,411,1075,408
0,1050,414,1064,409
0,1029,416,1055,411
0,1025,404,1050,412
0,997,405,1047,413
0,997,401,1044,416
0,1021,390,1042,417
0,993,390,1041,418
0,978,382,1041,419
0,972,419,1040,420
0,993,431,1040,421
0,1003,423,1040,422
0,1016,417,1040,422
0,1013,411,1040,422
0,1035,413,1040,422
0,1031,431,1040,422
0,1016,429,1041,422
0,1023,457,1041,422
0,1017,445,1041,422
0,1021,431,1041,422
0,996,423,1041,422
0,994,417,1041,422
0,1009,441,1038,425
0,1033,436,1037,429
0,1015,464,1036,434
0,995,440,1036,436
0,982,435,1036,438
0,962,427,1034,442
0,939,432,1031,444
0,927,424,1030,448
0,934,423,1029,450
0,924,418,1027,452
0,925,412,1021,455
0,935,412,1018,459
0,911,397,1012,462
0,897,373,1008,464
0,889,375,1005,466
0,909,386,1002,468
0,890,378,1000,469
0,906,390,998,470
0,904,380,994,471
0,917,348,992,472
0,916,347,992,472
0,926,340,988,473
0,941,351,986,473
0,954,365,982,476
0,970,364,977,477
0,980,363,974,480
0,991,387,968,481
0,1001,392,961,482
0,983,392,959,482
0,974,412,957,482
0,969,393,955,482
0,954,362,955,482
0,942,380,955,482
0,925,405,955,482
0,913,398,955,482
0,935,409,954,482
0,961,411,954,482
0,956,431,954,482
0,962,450,954,480
0,932,429,960,474
0,937,419,973,470
0,920,408,986,463
0,902,432,992,459
0,886,446,997,449
0,899,449,1000,442
0,910,441,1000,435
0,890,438,1000,428
0,855,441,1000,424
0,883,451,999,422
0,894,450,998,421
0,923,451,996,421
0,907,433,996,421
0,902,452,995,421
0,916,444,995,422
0,902,449,994,423
0,900,460,993,424
0,906,473,991,426
0,914,485,987,430
0,911,494,985,433
0,899,469,984,434
0,887,476,982,437
0,895,476,981,441
0,889,464,979,447
0,910,467,976,453
0,899,474,974,456
0,904,467,972,460
0,904,468,971,461
0,883,458,970,461
0,892,447,968,463
0,884,449,964,467
0,878,456,960,471
0,876,448,956,478
0,889,427,951,487
0,898,411,948,498
0,905,417,940,511
0,906,424,934,522
0,901,421,930,526
0,872,415,928,527
0,860,386,927,527
0,865,389,927,527
0,856,385,924,527
0,849,370,923,527
0,844,359,922,527
0,828,367,920,526
0,834,383,918,525
0,836,367,916,525
0,840,383,916,524
0,817,396,915,522
0,834,411,914,521
0,842,412,913,519
0,817,421,912,515
0,819,445,908,513
0,833,425,906,511
0,845,443,902,509
0,853,445,900,507
0,844,435,896,505
0,842,418,891,498
0,849,406,873,485
0,867,388,859,476
0,860,412,845,467
0,861,426,834,461
0,851,425,823,455
0,857,428,816,452
0,870,444,812,451
0,882,442,803,449
0,887,442,795,448
0,890,461,792,448
0,900,449,784,448
0,917,456,773,448
0,919,456,769,448
0,915,463,767,448
0,894,465,766,448
0,873,464,766,448
0,869,465,766,448
0,856,447,766,448
0,847,461,766,448
0,850,463,770,450
0,853,444,777,453
0,837,469,785,456
0,843,476,798,459
0,830,477,812,459
0,822,485,821,461
0,835,475,833,461
0,837,515,844,460
0,848,510,851,457
0,827,477,855,456
0,814,477,855,455
0,815,457,855,455
0,788,440,855,455
0,796,428,855,455
0,786,410,855,455
0,786,402,855,454
0,796,398,855,452
0,778,401,854,452
0,795,411,852,451
0,793,420,851,451
0,799,415,851,451
0,799,429,851,451
0,806,406,851,453
0,824,399,851,454
0,820,399,851,455
0,820,409,851,455
0,817,405,851,455
0,824,418,851,455
0,824,420,850,455
0,842,414,848,455
0,839,399,841,453
0,806,394,829,449
0,788,407,824,446
0,808,410,822,444
0,797,440,821,443
0,802,444,821,442
0,800,452,821,440
0,812,460,821,438
0,814,469,822,437
0,800,463,823,435
0,804,475,824,432
0,807,468,824,429
0,782,478,825,424
0,757,471,825,417
0,757,484,825,410
0,737,494,825,403
0,714,493,824,400
0,724,500,822,397
0,702,493,817,395
0,714,516,816,395
0,727,502,814,395
0,727,486,814,399
0,740,483,814,404
0,767,490,814,409
0,756,497,815,414
0,716,485,815,416
0,723,478,815,419
0,703,471,815,420
0,696,482,814,421
0,700,479,810,422
0,689,489,803,425
0,686,492,798,426
0,675,503,795,428
0,660,497,794,429
0,683,484,792,430
0,690,473,789,432
0,689,504,788,434
0,686,486,788,434
0,687,508,788,434
0,674,513,788,435
0,659,510,787,435
0,683,530,786,437
0,693,523,783,439
0,707,530,777,443
0,707,511,772,449
0,735,515,766,454
0,750,511,755,464
0,755,504,738,477
0,780,459,722,488
0,799,474,710,496
0,813,469,703,499
0,825,469,701,500
0,845,476,700,500
0,840,443,696,501
0,834,448,693,501
0,806,450,682,501
0,826,453,668,501
0,834,449,656,501
0,843,440,643,505
0,830,445,638,507
0,838,432,633,511
0,850,438,633,512
0,850,434,633,513
0,849,411,633,513
0,855,424,633,513
0,866,420,638,513
0,888,439,646,508
0,895,461,655,504
0,899,457,664,498
0,890,431,671,494
0,893,440,676,491
0,876,413,683,486
0,877,412,689,482
0,886,404,696,479
0,888,387,703,475
0,891,409,706,473
0,888,410,714,469
0,905,417,725,464
0,906,410,747,459
0,897,397,774,459
0,877,389,792,455
0,866,378,806,454
0,868,393,813,452
0,852,393,817,451
0,866,397,817,451
0,859,394,817,451
0,858,394,817,451
0,832,385,817,451
0,839,380,818,450
0,829,405,819,449
0,817,433,820,448
0,825,407,820,447
0,810,423,820,447
0,830,415,822,445
0,837,456,825,445
0,825,454,830,444
0,844,471,838,443
0,853,473,845,441
0,830,449,851,441
0,822,468,853,441
0,810,456,853,441
0,820,454,853,440
0,807,478,852,439
0,797,486,846,436
0,797,484,843,436
0,805,475,838,436
0,808,504,831,436
0,818,506,829,438
0,821,504,826,440
0,832,519,825,444
0,826,525,825,447
0,802,519,825,452
0,791,528,825,456
0,780,546,827,458
0,784,532,829,462
0,793,550,830,464
0,811,528,831,466
0,804,530,832,470
0,797,544,832,474
0,772,549,835,479
0,775,530,839,484
0,747,550,845,493
0,742,526,851,502
0,734,513,854,506
0,716,512,854,510
0,716,500,854,511
0,709,508,854,511
0,711,527,853,512
0,709,523,852,513
0,714,505,851,514
0,716,490,845,520
0,698,476,837,530
0,689,478,829,536
0,676,485,824,539
0,679,517,815,541
0,703,542,810,543
0,692,542,809,543
0,689,528,805,543
0,701,514,803,542
0,707,517,802,542
0,728,522,797,538
0,706,509,791,534
0,694,505,782,529
0,719,513,773,521
0,722,521,765,514
0,721,517,754,504
0,728,532,741,497
0,741,561,732,496
0,759,555,727,496
0,763,560,724,503
0,756,573,721,510
0,759,575,720,517
0,753,577,720,524
0,743,577,717,530
0,749,575,712,534
0,767,563,706,538
0,759,573,701,541
0,779,548,698,541
0,778,569,694,541
0,814,579,689,541
0,823,573,684,540
0,858,592,677,540
0,872,564,672,540
0,874,559,666,540
0,863,557,661,543
0,855,545,657,543
0,850,517,655,544
0,849,527,654,544
0,821,508,654,545
0,824,502,653,547
0,830,521,653,548
0,820,540,654,554
0,830,578,658,559
0,832,574,661,562
0,843,586,667,565
0,856,566,676,565
0,852,585,685,565
0,833,597,693,562
0,833,582,704,557
0,824,577,711,554
0,830,568,718,551
0,835,564,726,549
0,829,569,734,547
0,825,571,743,541
0,831,590,751,534
0,826,594,754,527
0,834,590,754,523
0,825,592,754,519
0,829,580,754,519
0,814,571,754,519
0,830,582,754,519
0,858,572,755,519
0,845,571,756,519
0,816,552,758,519
0,811,559,765,520
0,811,560,780,525
0,786,553,789,528
0,801,535,799,531
0,809,540,806,533
0,818,533,807,536
0,821,547,809,538
0,802,542,810,543
0,793,528,811,547
0,797,524,812,552
0,806,530,817,558
0,804,548,817,561
0,804,547,817,563
0,793,535,817,565
0,799,541,817,567
0,788,520,815,568
0,758,521,812,570
0,763,524,809,570
0,767,498,802,570
0,760,502,793,570
0,768,540,792,570
0,758,536,791,570
0,776,544,791,570
0,783,557,791,570
0,771,553,791,570
0,774,552,790,570
0,796,555,788,571
0,758,561,788,571
0,760,579,787,572
0,760,588,787,572
0,762,586,787,572
0,761,603,787,574
0,754,595,786,574
0,741,584,785,574
0,745,603,784,574
0,751,593,783,574
0,747,593,782,574
0,760,566,780,574
0,768,577,779,574
0,759,560,778,575
0,766,575,778,575
0,753,571,778,575
0,726,565,777,575
0,747,592,777,575
0,719,594,777,575
0,712,581,777,575
0,742,576,777,575
0,737,583,777,575
0,747,594,777,575
0,779,571,777,575
0,777,556,777,575
0,788,561,777,575
0,776,542,777,575
0,794,556,777,575
0,806,568,777,575
0,807,549,777,575
0,787,541,777,575
0,770,556,777,575
0,792,551,777,575
0,801,560,777,575
0,789,535,777,575
0,775,533,777,575
0,783,546,777,575
0,777,566,777,575
0,791,556,777,575
0,783,575,777,577
0,768,580,778,578
0,786,585,781,579
0,775,584,782,579
0,791,601,783,578
0,802,586,785,574
0,792,585,789,570
0,778,584,795,566
0,772,584,798,562
0,769,587,799,559
0,749,593,801,558
0,777,601,801,557
0,772,620,801,557
0,770,602,801,557
0,766,611,801,557
0,762,590,801,557
0,751,602,801,557
0,762,592,801,557
0,750,590,801,557
0,783,574,800,558
0,799,572,799,561
0,819,574,798,564
0,829,584,797,567
0,822,582,797,571
0,817,596,796,573
0,813,591,794,578
0,800,569,794,583
0,771,571,794,584
0,764,589,794,584
0,767,591,794,584
0,770,588,794,585
0,774,587,794,585
0,771,612,794,585
0,764,607,794,585
0,777,604,794,585
0,793,628,794,584
0,796,629,794,583
0,791,628,795,581
0,780,622,796,579
0,759,634,797,579
0,769,641,797,579
0,741,639,798,580
0,752,639,798,581
0,755,649,799,581
0,746,638,799,583
0,748,609,799,583
0,740,587,799,584
0,735,571,800,585
0,753,540,800,585
0,750,555,800,586
0,752,567,801,589
0,746,557,803,590
0,732,559,804,592
0,721,552,806,596
0,729,523,806,598
0,725,512,807,602
0,742,504,808,605
0,724,487,810,606
0,733,493,810,608
0,747,467,810,608
0,737,475,810,608
0,752,451,810,608
0,738,433,810,608
0,731,449,810,608
0,734,452,810,608
0,722,457,810,609
0,704,435,809,609
0,705,421,809,609
0,709,379,809,609
0,722,373,808,609
0,718,358,807,606
0,717,354,806,602
0,725,356,805,599
0,704,363,805,594
0,720,372,805,587
0,721,367,803,580
0,714,370,802,573
0,721,392,799,566
0,726,390,798,560
0,713,387,797,557
0,710,366,795,553
0,714,379,795,550
0,708,375,794,543
0,719,362,783,512
0,707,392,774,479
0,714,384,770,441
0,728,399,768,414
0,724,405,771,394
0,724,415,776,374
0,725,444,778,362
0,701,445,779,347
0,701,431,779,337
0,684,413,779,332
0,683,411,779,328
0,683,413,779,328
0,696,401,779,327
0,689,384,779,327
0,679,385,779,327
0,671,384,779,327
0,661,395,778,328
0,666,383,772,339
0,667,383,767,352
0,681,380,760,375
0,690,392,756,387
0,689,387,756,397
0,692,365,756,404
0,682,355,755,409
0,667,361,754,413
0,644,363,752,414
0,658,368,749,414
0,659,352,745,414
0,656,371,740,413
0,693,360,733,411
0,677,352,722,410
0,672,360,710,408
0,668,371,703,408
0,650,376,696,407
0,638,389,694,407
0,642,383,693,407
0,647,389,693,407
0,650,387,693,407
0,673,372,693,407
0,673,401,693,406
0,667,412,693,404
0,665,420,693,403
0,644,417,692,402
0,656,420,689,401
0,669,410,686,401
0,671,389,685,401
0,669,398,681,401
0,667,394,679,402
0,675,408,675,404
0,667,427,672,405
0,666,429,669,407
0,683,430,664,409
0,683,414,660,411
0,668,402,654,418
0,677,386,653,420
0,695,381,650,422
0,685,381,649,425
0,682,390,648,427
0,663,388,648,429
0,657,373,648,433
0,660,391,648,438
0,652,380,648,440
0,648,402,648,441
0,663,403,647,445
0,655,402,647,446
0,653,399,646,447
0,642,403,646,447
0,638,390,646,447
0,648,382,646,447
0,641,372,646,444
0,628,378,650,440
0,630,382,655,438
0,612,373,659,435
0,614,362,663,434
0,616,347,667,430
0,601,349,668,429
0,622,347,670,427
0,622,319,670,427
0,641,312,670,426
0,649,312,670,426
0,654,327,670,426
0,665,329,670,426
0,647,313,670,426
0,623,303,671,425
0,620,327,671,425
0,622,324,671,423
0,603,326,671,421
0,612,324,671,419
0,601,346,671,415
0,625,365,670,412
0,623,372,669,410
0,658,367,668,406
0,663,362,668,402
0,668,328,668,397
0,652,311,668,392
0,668,313,668,387
0,647,325,669,380
0,656,336,671,371
0,655,357,674,358
0,640,359,674,346
0,656,385,674,338
0,638,392,674,334
0,621,386,672,333
0,629,375,673,333
0,646,389,673,334
0,645,363,673,338
0,642,341,673,345
0,638,320,674,352
0,643,316,674,357
0,649,322,677,362
0,657,342,677,365
0,653,344,677,366
0,667,336,677,366
0,674,331,677,366
0,676,325,677,366
0,681,318,674,367
0,696,317,673,371
0,696,330,672,373
0,706,335,671,375
0,671,297,670,380
0,646,293,668,382
0,620,278,668,383
0,628,287,668,383
0,630,305,668,383
0,628,323,668,383
0,624,298,666,381
0,609,279,665,380
0,623,284,664,378
0,636,275,664,375
0,628,281,663,373
0,655,304,663,371
0,651,316,663,365
0,627,328,663,361
0,614,321,663,359
0,625,309,663,355
0,628,321,663,353
0,631,301,663,351
0,631,282,663,349
0,638,280,662,345
0,655,278,659,341
0,640,293,658,339
0,629,299,654,335
0,646,272,652,333
0,642,290,651,331
0,648,292,650,330
0,625,303,650,330
0,623,307,650,330
0,613,317,649,330
0,607,324,648,333
0,610,339,645,337
0,596,319,644,338
0,587,317,643,339
0,597,306,642,340
0,609,299,641,342
0,599,345,641,343
0,610,349,641,343
0,578,338,641,343
0,581,345,641,343
0,562,350,641,343
0,562,363,638,341
0,583,360,638,340
0,586,331,637,340
0,603,337,637,340
0,597,355,637,340
0,615,351,636,339
0,618,328,636,339
0,596,324,636,339
0,589,328,636,339
0,609,322,635,339
0,617,295,635,339
0,595,297,633,338
0,590,321,633,338
0,598,305,632,338
0,575,298,632,338
0,593,307,629,340
0,591,312,628,343
0,581,287,626,345
0,583,277,623,349
0,551,273,622,350
0,552,270,622,352
0,559,273,622,352
0,563,281,622,353
0,562,274,622,353
0,569,274,622,353
0,581,263,622,353
0,578,266,625,353
0,596,267,627,353
0,594,277,628,353
0,606,275,628,353
0,588,271,628,353
0,598,292,628,353
0,600,270,628,352
0,602,264,628,351
0,604,265,628,348
0,597,267,624,347
0,614,260,624,346
0,600,264,621,346
0,621,260,619,346
0,621,258,616,345
0,626,265,614,345
0,633,252,609,344
0,636,241,602,341
0,638,213,594,338
0,650,210,590,336
0,626,205,588,332
0,623,197,587,331
0,643,204,585,327
0,639,227,584,325
0,631,255,583,323
0,634,239,583,321
0,651,234,583,317
0,639,267,583,315
0,642,266,584,312
0,638,261,586,311
0,607,291,587,309
0,639,290,589,307
0,628,298,591,306
0,644,279,591,303
0,633,293,591,300
0,628,305,593,292
0,628,317,593,288
0,624,292,594,283
0,623,280,595,282
0,596,253,596,280
0,589,279,599,275
0,593,280,600,275
0,586,277,600,274
0,619,316,600,274
0,616,321,600,274
0,624,334,602,276
0,637,320,604,282
0,628,305,605,289
0,622,295,606,294
0,622,309,606,298
0,595,295,608,303
0,625,312,609,304
0,623,330,609,305
0,617,334,609,305
0,605,339,608,305
0,611,346,607,306
0,605,341,603,308
0,597,344,602,310
0,598,387,602,311
0,575,405,602,312
0,559,399,602,312
0,571,418,602,314
0,581,403,602,316
0,596,398,603,318
0,605,387,604,319
0,595,382,605,319
0,593,389,605,319
0,585,397,605,319
0,598,408,606,320
0,591,399,609,320
0,586,398,611,321
0,587,381,613,322
0,574,378,614,324
0,574,397,614,327
0,555,365,614,329
0,541,361,614,331
0,546,369,611,337
0,573,348,607,341
0,581,332,603,345
0,596,345,602,351
0,620,356,602,354
0,606,390,604,359
0,607,371,608,370
0,612,383,613,388
0,616,388,620,406
0,591,399,632,427
0,575,404,643,446
0,581,418,649,453
0,591,435,650,456
0,596,441,649,456
0,605,438,645,455
0,614,449,640,451
0,607,449,634,444
0,603,431,625,436
0,600,424,619,432
0,613,443,618,428
0,610,419,618,426
0,638,420,618,423
0,645,431,618,421
0,643,435,619,421
0,630,434,619,421
0,624,407,619,421
0,618,408,618,425
0,590,392,617,428
0,587,386,615,435
0,571,399,616,444
0,598,400,620,454
0,598,395,623,462
0,593,403,625,467
0,603,407,626,472
0,600,392,626,476
0,608,420,627,482
0,628,402,627,492
0,629,428,630,494
0,632,422,631,498
0,644,417,633,500
0,630,398,634,502
0,606,407,635,506
0,607,396,637,507
0,612,395,639,507
0,590,411,641,508
0,571,422,644,508
0,600,417,645,508
0,593,413,645,508
0,613,427,646,505
0,613,440,647,502
0,621,446,648,500
0,613,471,649,498
0,604,480,652,495
0,601,484,653,492
0,598,488,654,488
0,589,495,655,485
0,600,515,655,482
0,603,517,653,479
0,604,512,650,475
0,611,513,641,470
0,593,525,626,465
0,609,495,609,462
0,607,502,606,461
0,627,489,606,461
0,614,459,606,461
0,621,481,606,461
0,584,502,606,461
0,566,524,606,461
0,577,511,606,461
0,598,510,606,460
0,594,499,606,456
0,567,496,610,454
0,536,482,612,450
0,557,480,612,449
0,572,485,612,448
0,548,498,612,448
0,533,498,612,448
0,553,497,612,448
0,559,493,613,448
0,577,494,613,452
0,603,503,612,456
0,625,490,611,459
0,617,474,607,461
0,606,466,602,464
0,621,442,596,466
0,619,445,591,471
0,612,445,583,477
0,605,457,580,480
0,580,460,577,483
0,582,451,574,484
0,600,432,569,486
0,602,432,563,488
0,601,455,556,490
0,597,442,548,495
0,571,428,544,497
0,576,414,542,498
0,571,410,540,499
0,567,396,536,505
0,550,411,530,511
0,570,413,526,515
0,571,416,524,519
0,577,416,524,520
0,591,392,524,520
0,579,379,525,520
0,575,387,527,520
0,566,405,528,517
0,574,405,530,513
0,555,384,531,508
0,551,392,534,499
0,535,384,536,497
0,557,383,543,479
0,553,389,546,464
0,552,368,551,446
0,547,353,556,434
0,563,342,561,423
0,579,346,562,416
0,578,356,564,411
0,565,373,564,408
0,573,372,564,406
0,567,374,562,403
0,573,383,561,400
0,601,387,560,395
0,611,370,555,386
0,603,367,549,377
0,601,352,535,363
0,607,356,526,354
0,602,363,521,348
0,609,376,519,346
0,615,367,519,343
0,592,366,520,341
0,603,373,521,340
0,591,403,522,339
0,600,379,523,339
0,599,407,525,343
0,577,404,531,350
0,588,412,539,363
0,576,418,545,372
0,569,399,551,380
0,572,427,557,382
0,564,408,560,385
0,563,419,562,385
0,550,432,562,385
0,550,429,562,385
0,552,438,562,385
0,536,447,563,385
0,569,443,564,387
0,555,436,568,391
0,549,418,574,399
0,573,429,577,406
0,569,436,581,416
0,571,425,583,425
0,578,399,583,432
0,564,408,579,441
0,586,412,575,448
0,603,398,563,460
0,570,389,549,469
0,567,385,538,475
0,553,385,533,478
0,557,370,529,478
0,572,388,527,478
0,571,396,526,478
0,599,420,526,478
0,602,402,526,478
0,616,410,526,477
0,636,412,527,477
0,634,400,529,475
0,610,397,534,474
0,604,396,537,474
0,599,395,541,471
0,573,410,545,468
0,601,412,550,465
0,598,420,554,463
0,624,403,559,462
0,644,407,566,460
0,646,377,572,457
0,635,378,576,455
0,626,374,579,452
0,597,379,586,450
0,609,391,591,449
0,599,371,593,447
0,592,391,595,447
0,598,403,595,446
0,595,418,598,445
0,594,433,599,444
0,616,451,600,443
0,622,461,603,442
0,611,463,607,439
0,628,471,613,437
0,615,463,616,435
0,618,475,620,431
0,636,475,621,428
0,637,473,622,425
0,620,454,622,421
0,610,457,622,419
0,610,461,622,419
0,602,473,622,419
0,597,464,620,419
0,575,478,613,424
0,598,476,605,433
0,580,498,597,446
0,589,508,594,457
0,607,511,594,467
0,594,505,597,472
0,616,497,598,476
0,598,493,600,477
0,617,524,600,479
0,614,522,601,480
0,636,515,604,482
0,626,508,608,482
0,627,508,610,482
0,591,499,613,482
0,553,485,615,482
0,575,510,618,482
0,566,519,623,482
0,553,522,629,485
0,568,518,636,488
0,577,525,643,490
0,571,518,649,493
0,595,523,650,497
0,595,520,651,499
0,587,524,651,502
0,601,522,651,505
0,605,527,649,509
0,605,549,648,516
0,622,518,645,524
0,630,539,644,526
0,604,549,642,527
0,597,557,637,527
0,609,553,626,527
0,593,557,618,527
0,625,548,608,529
0,612,553,600,530
0,605,563,597,530
0,600,567,596,530
0,596,575,594,530
0,604,600,590,531
0,582,597,585,534
0,584,595,581,538
0,586,596,580,541
0,604,589,580,545
0,612,608,580,548
0,613,615,580,555
0,627,615,582,562
0,643,606,586,569
0,650,583,592,573
0,645,563,597,576
0,658,559,604,578
0,642,562,608,578
0,649,548,610,578
0,645,556,610,578
0,639,558,610,578
0,621,540,610,578
0,628,542,610,578
0,625,550,610,579
0,609,549,611,580
0,600,526,611,581
0,617,529,611,582
0,604,532,611,584
0,592,533,611,586
0,604,529,611,588
0,599,530,611,590
0,625,536,612,592
0,611,540,614,594
0,617,553,616,596
0,625,563,620,600
0,614,560,623,601
0,610,550,627,601
0,602,577,632,601
0,602,591,636,598
0,608,597,638,594
0,583,552,640,589
0,572,568,641,582
0,597,576,645,571
0,622,574,645,564
0,613,555,645,557
0,600,579,645,550
0,600,600,641,544
0,588,600,639,542
0,601,609,638,542
0,608,600,638,542
0,601,595,637,542
0,574,572,636,548
0,570,588,636,557
0,570,612,636,567
0,573,637,638,578
0,571,641,641,587
0,579,649,642,591
0,582,658,644,593
0,554,663,644,593
0,551,665,645,594
0,563,671,645,594
0,557,672,645,594
0,546,680,645,595
0,539,697,645,597
0,558,700,645,598
0,553,679,645,599
0,554,701,645,599
0,563,686,644,600
0,566,678,643,601
0,547,692,642,602
0,541,713,641,603
0,540,694,639,604
0,569,689,638,606
0,583,692,637,606
0,585,700,635,607
0,588,722,631,610
0,589,716,629,613
0,597,742,627,616
0,605,735,624,620
0,630,721,623,622
0,608,717,622,625
0,591,698,621,627
0,596,697,621,630
0,587,685,620,634
0,580,701,620,639
0,569,702,620,644
0,567,720,620,648
0,559,731,620,649
0,553,751,620,650
0,571,753,620,650
0,566,748,620,650
0,589,738,620,650
0,592,758,622,651
0,599,752,625,652
0,613,772,627,652
0,614,754,628,652
0,614,768,629,653
0,608,765,630,654
0,609,769,633,657
0,599,780,635,661
0,592,788,638,664
0,590,799,640,670
0,583,784,640,682
0,584,769,640,696
0,569,785,634,716
0,542,797,626,742
0,579,793,619,767
0,586,788,615,800
0,600,769,615,807
0,606,770,615,811
0,600,765,615,812
0,595,792,615,812
0,596,800,615,812
0,585,790,615,812
0,638,772,615,812
0,638,758,615,812
0,643,756,615,812
0,616,763,615,812
0,624,750,615,812
0,624,754,615,813
0,601,762,612,817
0,597,768,610,819
0,593,759,606,824
0,599,770,602,830
0,612,772,599,836
0,636,763,598,837
0,613,795,597,838
0,635,800,597,838
0,618,790,597,838
0,642,780,597,838
0,642,769,597,838
0,623,780,600,834
0,638,769,604,825
0,634,753,610,816
0,633,754,618,803
0,649,762,627,787
0,642,782,632,772
0,650,795,637,757
0,636,788,639,746
0,647,791,640,741
0,638,805,640,738
0,651,822,640,738
0,655,792,640,738
0,667,802,642,743
0,681,802,642,749
0,682,821,643,752
0,690,821,646,759
0,679,840,647,764
0,686,854,650,771
0,687,838,651,778
0,673,832,654,782
0,684,815,655,783
0,668,825,657,785
0,656,848,658,785
0,660,846,660,786
0,668,837,663,788
0,651,832,666,790
0,681,846,669,791
0,661,820,670,793
0,653,822,672,797
0,658,810,673,802
0,670,818,676,809
0,684,824,676,816
0,659,838,678,823
0,644,839,678,828
0,631,836,678,833
0,624,855,678,837
0,638,849,678,840
0,658,843,676,844
0,642,837,676,846
0,629,813,679,850
0,615,839,679,850
0,615,826,681,856
0,623,825,688,865
0,607,834,704,878
0,607,854,723,889
0,596,858,735,896
0,579,865,739,897
0,588,860,739,897
0,620,864,738,897
0,605,868,732,890
0,603,902,724,884
0,608,888,721,882
0,600,863,717,880
0,616,843,716,879
0,627,824,715,879
0,620,843,715,879
0,634,835,711,879
0,615,824,706,879
0,626,821,696,879
0,629,826,685,879
0,643,785,679,879
0,661,782,673,880
0,654,776,671,881
0,639,787,670,882
0,647,789,669,884
0,646,796,666,889
0,643,797,664,893
0,634,813,663,896
0,633,845,661,902
0,633,862,659,907
0,645,878,654,913
0,654,878,650,918
0,647,879,648,920
0,646,860,647,922
0,652,860,647,923
0,661,858,647,923
0,646,854,647,923
0,650,862,647,920
0,653,856,649,911
0,639,866,654,899
0,660,855,657,888
0,672,873,658,878
0,671,870,658,871
0,689,873,658,866
0,699,847,658,863
0,708,833,658,862
0,708,850,658,862
0,696,858,658,862
0,688,864,658,862
0,685,889,658,865
0,688,888,658,868
0,684,884,658,871
0,693,881,658,871
0,694,881,659,874
0,709,868,661,877
0,726,841,668,881
0,738,828,675,886
0,756,847,681,890
0,752,836,686,892
0,772,849,687,894
0,779,866,687,894
0,801,875,689,895
0,804,886,692,895
0,804,878,697,895
0,793,874,701,895
0,800,903,716,895
0,793,897,726,895
0,806,893,733,894
0,788,905,734,893
0,781,895,734,892
0,773,896,735,892
0,762,878,735,892
0,779,889,737,891
0,785,890,738,891
0,795,877,740,890
0,762,865,742,891
0,774,888,746,893
0,776,877,750,897
0,771,887,754,901
0,771,907,759,906
0,764,903,764,911
0,773,895,769,915
0,783,898,775,918
0,780,909,781,920
0,779,915,781,921
0,785,871,781,921
0,800,877,782,923
0,799,898,787,925
0,801,906,798,927
0,807,878,812,929
0,824,890,819,931
0,821,881,821,931
0,808,888,821,931
0,805,887,821,931
0,814,883,821,931
0,827,882,823,931
0,827,891,824,930
0,859,875,824,929
0,867,887,825,927
0,874,883,825,927
0,872,895,825,927
0,877,904,825,926
0,886,901,825,926
0,905,933,824,924
0,885,941,820,924
0,876,946,818,924
0,873,926,816,924
0,870,912,814,924
0,874,887,813,924
0,897,892,813,924
0,890,877,813,924
0,899,868,813,924
0,886,867,815,924
0,896,871,820,926
0,870,874,827,927
0,872,874,839,929
0,867,874,851,930
0,862,850,858,930
0,840,838,859,930
0,850,846,859,930
0,826,850,859,930
0,847,833,860,932
0,872,835,873,932
0,877,833,885,931
0,885,840,894,927
0,903,827,901,922
0,903,834,907,917
0,906,807,913,911
0,894,818,921,905
0,881,807,930,900
0,887,810,941,894
0,881,836,948,891
0,883,842,954,889
0,895,842,956,886
0,899,847,956,885
0,885,837,956,883
0,889,839,959,882
0,904,845,961,881
0,900,845,966,877
0,887,860,971,872
0,874,853,975,868
0,876,880,982,864
0,888,910,989,859
0,903,886,994,854
0,905,869,995,847
0,891,867,995,843
0,892,850,995,840
0,872,859,994,838
0,854,860,991,837
0,860,861,990,836
0,858,872,988,836
0,858,887,984,835
0,847,879,981,834
0,834,886,978,833
0,827,862,976,832
0,848,864,975,830
0,811,842,975,830
0,785,858,974,831
0,783,862,971,834
0,784,885,967,843
0,795,882,961,852
0,799,876,958,859
0,816,886,956,863
0,784,877,951,864
0,775,884,946,864
0,775,876,937,866
0,771,862,930,866
0,746,846,920,866
0,769,862,904,865
0,787,855,881,859
0,790,849,858,854
0,804,825,836,852
0,800,811,817,852
0,775,824,810,855
0,784,823,802,861
0,823,830,795,869
0,805,844,783,879
0,814,849,768,885
0,839,863,752,891
0,848,874,741,895
0,851,870,736,898
0,842,874,730,901
0,856,861,728,903
0,865,875,724,905
0,857,870,724,905
0,855,848,725,905
0,871,864,727,903
0,871,873,731,899
0,858,880,733,897
0,853,867,737,895
0,869,871,738,892
0,870,868,740,892
0,849,857,747,891
0,863,861,755,891
0,865,867,766,891
0,881,847,781,895
0,901,853,789,896
0,907,861,810,900
0,921,859,823,901
0,927,880,828,901
0,926,866,832,897
0,938,855,832,892
0,942,839,834,885
0,927,855,837,881
0,932,858,846,876
0,910,838,851,871
0,888,836,854,870
0,893,848,859,865
0,876,826,862,862
0,856,843,874,854
0,863,827,895,848
0,878,837,941,841
0,893,830,992,835
0,902,829,1035,831
0,900,827,1056,829
0,914,840,1059,829
0,927,838,1059,829
0,917,837,1055,827
0,918,851,1052,826
0,922,870,1047,825
0,939,847,1038,823
0,944,840,1031,823
0,951,836,1026,822
0,971,864,1022,822
0,946,872,1019,822
0,947,879,1013,823
0,933,879,1008,825
0,951,882,999,829
0,947,853,989,832
0,975,845,982,835
0,980,840,978,836
0,993,847,978,836
0,1018,865,977,838
0,1001,848,972,839
0,988,851,971,839
0,986,844,970,841
0,968,845,970,842
0,976,861,970,843
0,1003,856,970,843
0,1011,882,970,843
0,1008,913,970,843
0,1019,912,970,844
0,1027,904,970,846
0,1015,899,970,847
0,1003,893,970,848
0,998,910,970,850
0,993,913,971,853
0,1015,914,975,855
0,1005,904,978,859
0,995,881,986,862
0,1021,862,989,863
0,1037,856,992,863
0,1016,863,996,864
0,1034,873,1000,865
0,1029,875,1005,867
0,1028,889,1009,869
0,1011,876,1012,870
0,1029,871,1012,871
0,1027,883,1013,874
0,1036,881,1013,877
0,1036,892,1015,881
0,1025,898,1017,884
0,1016,910,1019,884
0,1032,911,1019,884
0,1023,915,1019,884
0,1018,908,1019,884
0,1016,905,1019,884
0,1030,889,1019,884
0,1017,894,1019,885
0,1045,891,1019,886
0,1061,898,1019,887
0,1056,900,1019,887
0,1051,925,1019,887
0,1040,923,1019,887
0,1034,943,1019,887
0,1026,931,1019,887
0,1015,916,1019,887
0,1038,885,1020,887
0,1036,913,1021,887
0,1049,912,1024,887
0,1057,892,1024,887
0,1072,871,1030,888
0,1084,858,1033,888
0,1074,873,1033,888
0,1084,857,1033,888
0,1097,855,1033,888
0,1126,850,1033,888
0,1127,842,1033,887
0,1132,840,1033,887
0,1159,841,1033,887
0,1138,843,1033,887
0,1143,829,1035,887
0,1151,804,1036,887
0,1172,819,1037,886
0,1169,833,1038,885
0,1168,832,1039,884
0,1168,833,1043,881
0,1186,833,1045,879
0,1189,813,1052,876
0,1182,815,1069,873
0,1171,831,1102,867
0,1185,829,1123,860
0,1165,839,1134,857
0,1167,813,1139,854
0,1170,804,1141,852
0,1182,798,1144,848
0,1190,782,1146,844
0,1212,767,1151,837
0,1225,794,1160,829
0,1202,810,1177,822
0,1200,824,1196,815
0,1207,829,1211,810
0,1198,845,1224,804
0,1201,832,1230,796
0,1211,826,1231,791
0,1212,830,1231,791
0,1218,818,1232,787
0,1230,813,1238,784
0,1222,812,1246,781
0,1230,822,1252,777
0,1238,821,1256,774
0,1234,842,1258,770
0,1246,828,1261,768
0,1237,820,1263,764
0,1235,837,1263,762
0,1234,864,1264,760
0,1245,870,1264,759
0,1224,878,1264,758
0,1230,869,1264,758
0,1235,879,1264,758
0,1237,880,1263,758
0,1233,914,1262,759
0,1227,917,1261,760
0,1224,941,1257,766
0,1219,948,1255,770
0,1239,947,1253,772
0,1227,939,1252,775
0,1227,938,1252,777
0,1251,951,1251,782
0,1247,967,1249,785
0,1228,916,1247,791
0,1222,903,1245,796
0,1226,917,1242,801
0,1248,893,1239,809
0,1252,900,1236,819
0,1265,891,1234,828
0,1250,905,1234,840
0,1266,892,1235,850
0,1263,876,1235,857
0,1273,840,1235,864
0,1279,832,1232,873
0,1279,831,1227,886
0,1267,830,1225,894
0,1262,818,1224,897
0,1262,833,1224,898
0,1260,813,1224,900
0,1247,801,1224,900
0,1251,785,1224,900
0,1239,775,1224,900
0,1239,766,1224,900
0,1265,772,1228,904
0,1286,791,1237,905
0,1281,778,1246,907
0,1268,774,1252,907
0,1262,790,1254,907
0,1269,756,1254,907
0,1264,762,1254,907
0,1247,741,1254,907
0,1244,709,1255,905
0,1256,709,1257,899
0,1253,693,1259,890
0,1256,710,1259,878
0,1241,717,1259,859
0,1262,720,1262,844
0,1268,717,1263,836
0,1281,709,1266,829
0,1268,710,1268,818
0,1288,732,1269,813
0,1294,738,1272,806
0,1301,717,1272,802
0,1277,717,1274,797
0,1275,707,1280,784
0,1320,695,1282,777
0,1315,696,1282,771
0,1318,690,1281,765
0,1317,692,1280,759
0,1311,680,1280,752
0,1311,728,1280,747
0,1332,730,1280,740
0,1324,732,1282,732
0,1339,751,1283,726
0,1343,733,1284,723
0,1344,728,1286,720
0,1339,713,1286,720
0,1334,704,1288,719
0,1352,735,1288,719
0,1362,746,1288,719
0,1365,748,1288,719
0,1369,760,1288,719
0,1368,763,1289,719
0,1371,769,1290,719
0,1386,763,1293,719
0,1370,760,1297,720
0,1367,784,1302,720
0,1367,774,1305,720
0,1362,768,1307,720
0,1380,770,1308,720
0,1373,771,1311,720
0,1355,782,1315,720
0,1337,758,1317,720
0,1353,776,1321,720
0,1353,773,1326,721
0,1353,756,1333,722
0,1334,753,1348,727
0,1313,757,1366,735
0,1320,746,1389,740
0,1324,730,1404,744
0,1321,753,1411,747
0,1311,740,1414,747
0,1287,741,1414,747
0,1301,725,1414,747
0,1303,719,1415,747
0,1314,698,1416,747
0,1320,733,1418,747
0,1315,722,1420,747
0,1278,716,1422,747
0,1275,731,1422,747
0,1261,721,1422,747
0,1264,734,1421,747
0,1270,748,1419,747
0,1291,736,1416,747
0,1295,746,1410,747
0,1288,765,1399,747
0,1273,776,1394,748
0,1289,778,1389,748
0,1279,750,1387,748
0,1238,731,1385,748
0,1262,742,1384,748
0,1254,743,1384,748
0,1233,757,1383,748
0,1228,731,1374,745
0,1220,741,1366,743
0,1200,738,1364,743
0,1197,735,1364,743
0,1193,728,1364,744
0,1189,749,1364,745
0,1173,767,1364,747
0,1204,759,1364,748
0,1184,761,1364,751
0,1208,750,1364,752
0,1223,748,1361,753
0,1213,746,1353,754
0,1221,736,1312,758
0,1223,723,1259,757
0,1224,714,1172,752
0,1210,703,1119,749
0,1218,711,1096,748
0,1228,695,1092,746
0,1210,688,1092,746
0,1210,685,1092,746
0,1228,692,1092,746
0,1223,691,1092,746
0,1227,701,1092,746
0,1223,699,1092,746
0,1235,720,1096,745
0,1228,726,1101,744
0,1206,703,1110,741
0,1198,712,1113,739
0,1195,718,1116,736
0,1165,712,1117,735
0,1198,731,1120,734
0,1213,718,1124,733
0,1220,730,1129,731
0,1230,734,1133,729
0,1230,743,1135,727
0,1213,750,1138,724
0,1226,762,1145,721
0,1233,786,1160,716
0,1230,806,1167,714
0,1215,824,1171,714
0,1206,829,1170,712
0,1229,817,1167,711
0,1233,808,1164,711
0,1226,814,1163,710
0,1218,804,1163,710
0,1237,830,1163,710
0,1243,841,1163,710
0,1253,842,1163,710
0,1250,853,1164,710
0,1247,835,1168,714
0,1259,855,1175,721
0,1241,843,1182,728
0,1229,861,1191,736
0,1240,872,1199,744
0,1246,873,1202,751
0,1236,862,1205,758
0,1224,872,1205,761
0,1217,863,1204,767
0,1224,819,1203,772
0,1236,809,1200,779
0,1243,808,1200,788
0,1260,821,1200,802
0,1241,798,1208,810
0,1251,811,1214,815
0,1254,825,1218,819
0,1248,834,1219,820
0,1243,827,1220,822
0,1254,819,1221,823
0,1269,814,1223,825
0,1263,798,1226,829
0,1261,786,1231,832
0,1247,784,1232,834
0,1247,790,1232,834
0,1246,806,1232,834
0,1245,804,1232,834
0,1217,822,1232,834
0,1234,831,1232,834
0,1219,846,1233,832
0,1232,865,1235,828
0,1237,873,1235,826
0,1238,865,1237,822
0,1252,861,1238,819
0,1234,855,1241,814
0,1265,856,1244,811
0,1268,841,1246,809
0,1274,845,1247,809
0,1299,837,1248,808
0,1305,848,1248,806
0,1292,845,1249,805
0,1304,831,1250,804
0,1301,842,1250,804
0,1319,870,1250,804
0,1295,864,1250,804
0,1311,865,1250,804
0,1321,870,1250,804
0,1348,883,1250,804
0,1341,869,1250,807
0,1314,873,1252,810
0,1280,868,1253,815
0,1298,871,1255,819
0,1286,872,1258,821
0,1294,864,1259,824
0,1303,854,1262,827
0,1297,859,1268,831
0,1272,883,1272,835
0,1276,878,1276,838
0,1274,890,1277,840
0,1267,890,1278,842
0,1281,884,1280,843
0,1287,884,1283,846
0,1275,919,1286,848
0,1268,937,1292,851
0,1257,895,1295,851
0,1267,901,1297,851
0,1275,891,1297,851
0,1299,884,1297,851
0,1283,878,1297,851
0,1260,883,1297,851
0,1263,888,1298,851
0,1279,889,1298,851
0,1294,894,1298,851
0,1275,884,1298,851
0,1274,926,1298,851
0,1263,897,1298,851
0,1251,857,1298,851
0,1248,838,1298,854
0,1270,853,1298,855
0,1271,842,1298,858
0,1289,839,1297,861
0,1302,817,1298,865
0,1286,807,1299,870
0,1303,817,1302,876
0,1314,825,1303,878
0,1307,861,1303,881
0,1315,869,1303,881
0,1331,882,1303,882
0,1337,892,1303,884
0,1325,891,1303,884
0,1312,874,1302,886
0,1286,849,1302,887
0,1303,854,1302,887
0,1311,878,1302,887
0,1313,843,1302,887
0,1327,852,1302,887
0,1309,871,1301,887
0,1323,873,1301,887
0,1341,917,1301,887
0,1349,896,1301,887
0,1359,871,1301,887
0,1358,854,1301,887
0,1370,849,1302,887
0,1392,846,1303,886
0,1331,829,1306,885
0,1340,839,1306,885
0,1343,844,1303,885
0,1358,862,1304,885
0,1338,869,1304,886
0,1331,825,1303,892
0,1346,824,1304,892
0,1362,804,1298,900
0,1342,795,1299,901
0,1355,790,1301,902
0,1359,769,1304,902
0,1385,765,1310,902
0,1379,746,1315,902
0,1375,752,1325,902
0,1354,753,1329,899
0,1356,750,1330,895
0,1348,749,1331,890
0,1366,739,1333,885
0,1363,758,1335,881
0,1381,755,1339,876
0,1353,738,1345,868
0,1344,719,1351,861
0,1353,729,1358,852
0,1368,743,1363,837
0,1364,726,1370,822
0,1378,737,1377,806
0,1379,757,1394,780
0,1371,771,1397,776
0,1364,766,1407,760
0,1367,746,1413,747
0,1369,782,1418,732
0,1371,806,1418,718
0,1359,794,1418,699
0,1375,829,1418,685
0,1372,835,1418,677
0,1362,840,1417,668
0,1366,833,1415,662
0,1387,838,1413,659
0,1339,847,1413,659
0,1337,823,1413,659
0,1335,819,1414,659
0,1331,823,1416,659
0,1312,811,1419,661
0,1309,817,1422,665
0,1292,809,1424,669
0,1295,818,1425,672
0,1297,830,1425,675
0,1324,826,1422,683
0,1332,831,1420,694
0,1348,838,1420,700
0,1351,850,1420,703
0,1345,848,1418,708
0,1321,855,1415,715
0,1308,859,1413,721
0,1290,873,1408,726
0,1308,863,1403,728
0,1295,873,1394,732
0,1297,844,1385,734
0,1291,842,1373,738
0,1282,832,1364,744
0,1292,831,1358,750
0,1291,820,1355,755
0,1289,837,1355,759
0,1298,839,1355,762
0,1311,824,1357,765
0,1298,827,1357,770
0,1296,829,1357,776
0,1291,804,1358,781
0,1304,778,1358,786
0,1299,777,1358,793
0,1286,776,1358,798
0,1291,780,1356,802
0,1314,753,1355,806
0,1308,779,1351,811
0,1338,767,1341,820
0,1328,779,1336,822
0,1342,792,1326,827
0,1338,800,1322,830
0,1327,792,1312,832
0,1314,801,1309,832
0,1296,826,1309,832
0,1296,822,1309,833
0,1308,823,1309,833
0,1309,833,1308,833
0,1313,849,1307,830
0,1292,859,1304,827
0,1285,818,1301,823
0,1290,813,1298,816
0,1299,813,1295,814
0,1312,801,1295,810
0,1297,809,1295,803
0,1279,796,1296,800
0,1278,794,1297,797
0,1296,766,1299,794
0,1305,770,1299,794
0,1304,773,1299,794
0,1304,780,1299,794
0,1282,762,1299,794
0,1283,744,1299,794
0,1300,715,1301,798
0,1289,727,1302,803
0,1298,724,1303,808
0,1300,703,1304,812
0,1316,696,1304,812
0,1334,708,1304,813
0,1354,703,1300,813
0,1374,700,1297,814
0,1392,710,1294,816
0,1332,703,1293,816
0,1324,689,1293,816
0,1324,683,1293,816
0,1318,686,1292,816
0,1305,669,1291,816
0,1298,655,1289,814
0,1317,658,1285,808
0,1310,658,1282,803
0,1311,656,1282,800
0,1331,673,1284,795
0,1314,655,1291,789
0,1294,636,1298,783
0,1267,646,1305,782
0,1284,630,1312,780
0,1283,629,1319,778
0,1285,639,1319,778
0,1295,638,1319,777
0,1294,625,1319,773
0,1281,627,1317,766
0,1308,618,1314,755
0,1305,618,1314,749
0,1313,636,1314,730
0,1330,621,1314,720
0,1339,619,1314,711
0,1352,617,1314,699
0,1349,625,1314,687
0,1357,599,1311,677
0,1306,584,1308,668
0,1299,578,1303,657
0,1279,580,1299,648
0,1278,573,1294,637
0,1273,570,1293,627
0,1276,557,1290,617
0,1299,550,1287,604
0,1291,546,1284,594
0,1291,564,1281,587
0,1297,554,1281,584
0,1291,552,1281,583
0,1295,558,1281,583
0,1304,556,1281,583
0,1298,546,1281,583
0,1309,524,1281,583
0,1320,542,1281,583
0,1309,561,1281,583
0,1304,546,1281,583
0,1296,538,1281,581
0,1306,530,1279,577
0,1326,537,1277,572
0,1319,527,1271,566
0,1313,542,1259,559
0,1287,540,1256,556
0,1281,511,1252,552
0,1278,532,1251,546
0,1288,518,1251,543
0,1248,529,1252,537
0,1235,537,1253,532
0,1240,546,1254,528
0,1238,544,1257,524
0,1218,539,1258,522
0,1203,510,1259,520
0,1210,529,1259,517
0,1200,533,1259,515
0,1203,524,1260,514
0,1208,538,1261,514
0,1220,536,1262,513
0,1224,529,1266,513
0,1232,512,1266,513
0,1220,550,1267,513
0,1233,537,1267,513
0,1238,549,1267,513
0,1243,572,1266,513
0,1259,560,1263,513
0,1237,591,1261,513
0,1230,622,1257,517
0,1217,600,1251,519
0,1207,588,1242,522
0,1210,589,1235,527
0,1225,603,1231,531
0,1215,628,1228,532
0,1218,633,1228,532
0,1219,644,1228,532
0,1198,644,1228,532
0,1198,673,1228,532
0,1166,657,1228,532
0,1157,611,1228,532
0,1143,607,1228,533
0,1155,569,1230,533
0,1164,584,1232,534
0,1171,582,1233,535
0,1187,597,1233,538
0,1189,593,1233,538
0,1203,585,1233,540
0,1189,585,1234,542
0,1180,573,1235,546
0,1169,565,1237,551
0,1166,546,1236,558
0,1170,548,1232,569
0,1160,545,1222,580
0,1162,546,1214,589
0,1168,560,1207,595
0,1180,556,1203,596
0,1190,554,1198,596
0,1200,567,1190,596
0,1175,543,1188,596
0,1182,558,1186,596
0,1178,559,1186,596
0,1188,553,1186,596
0,1186,539,1186,596
0,1173,520,1186,596
0,1169,541,1183,596
0,1186,527,1178,596
0,1219,514,1169,593
0,1241,511,1162,590
0,1213,494,1153,586
0,1217,492,1150,583
0,1206,468,1147,581
0,1213,459,1147,579
0,1218,445,1148,578
0,1220,456,1150,575
0,1210,463,1150,573
0,1210,459,1150,572
0,1182,462,1150,570
0,1163,472,1149,570
0,1173,470,1148,568
0,1180,483,1148,568
0,1167,485,1147,568
0,1187,483,1146,573
0,1205,520,1146,576
0,1181,515,1146,580
0,1185,514,1148,585
0,1182,503,1154,586
0,1198,494,1156,586
0,1210,505,1158,586
0,1209,488,1159,585
0,1212,483,1160,583
0,1225,488,1162,579
0,1221,499,1164,574
0,1229,524,1168,567
0,1228,531,1170,549
0,1211,520,1169,540
0,1229,516,1169,536
0,1258,523,1169,534
0,1269,544,1170,533
0,1262,534,1172,533
0,1253,527,1173,532
0,1266,520,1175,529
0,1263,503,1179,528
0,1272,504,1182,527
0,1254,503,1193,526
0,1252,511,1208,526
0,1242,503,1222,526
0,1235,494,1232,526
0,1257,472,1236,526
0,1277,461,1237,526
0,1263,453,1237,526
0,1246,462,1237,526
0,1245,456,1237,526
0,1251,460,1239,526
0,1264,460,1241,526
0,1272,469,1243,526
0,1249,486,1247,528
0,1244,503,1251,533
0,1233,493,1253,535
0,1210,476,1254,537
0,1223,463,1254,537
0,1206,471,1253,539
0,1198,474,1249,540
0,1208,475,1248,541
0,1215,473,1246,542
0,1216,475,1245,543
1,966,534,961,543
1,968,552,961,543
1,978,540,961,543
1,1005,540,961,543
1,988,528,961,543
1,978,508,961,543
1,976,524,961,543
1,950,505,961,543
1,946,518,961,543
1,941,518,961,543
1,961,531,961,543
1,970,508,961,543
1,958,525,961,543
1,980,510,961,543
1,990,509,961,543
1,970,519,961,543
1,977,509,961,543
1,980,506,961,543
1,958,495,961,543
1,949,509,961,543
1,952,486,961,543
1,961,492,961,543
1,971,503,961,543
1,977,501,961,543
1,1010,529,961,543
1,990,507,961,542
1,1008,492,961,539
1,1011,498,961,537
1,1009,491,961,535
1,1006,478,963,533
1,1010,445,964,531
1,1008,439,967,526
1,974,427,968,522
1,990,424,968,521
1,1009,444,968,520
1,993,444,973,518
1,980,458,977,516
1,993,474,982,516
1,979,489,983,515
1,989,479,985,515
1,990,467,989,515
1,967,454,996,513
1,973,435,1013,509
1,971,420,1019,504
1,989,430,1020,501
1,1008,413,1020,496
1,1003,424,1019,489
1,997,456,1018,482
1,1004,463,1018,473
1,982,447,1021,466
1,984,431,1024,460
1,974,427,1026,458
1,989,424,1026,457
1,988,417,1026,457
1,982,389,1025,457
1,961,374,1024,455
1,956,339,1021,452
1,946,341,1020,450
1,948,327,1019,448
1,943,327,1017,444
1,947,328,1016,442
1,944,329,1014,439
1,955,336,1012,438
1,948,326,1012,438
1,928,323,1012,438
1,925,314,1012,437
1,920,289,1011,435
1,917,247,1007,431
1,919,240,998,423
1,940,254,984,413
1,943,248,973,397
1,934,235,966,384
1,910,229,963,373
1,908,225,959,366
1,885,230,957,365
1,879,213,957,363
1,901,201,957,363
1,901,204,955,363
1,907,197,951,363
1,899,215,940,363
1,899,218,931,363
1,888,187,923,363
1,889,186,916,361
1,872,151,912,360
1,861,163,910,358
1,870,162,907,355
1,873,179,903,351
1,862,187,897,345
1,845,179,888,340
1,851,195,879,333
1,820,198,870,327
1,795,200,861,319
1,788,211,855,312
1,820,223,853,306
1,784,216,851,300
1,789,214,851,293
1,790,211,851,288
1,798,178,851,282
1,796,185,848,274
1,801,194,834,251
1,795,207,826,235
1,796,193,820,220
1,785,195,811,202
1,770,160,806,191
1,761,172,805,189
1,773,160,805,191
1,801,149,809,202
1,817,163,811,221
1,795,148,814,238
1,791,145,819,251
1,784,154,824,255
1,798,162,828,257
1,797,159,833,257
1,786,159,833,255
1,786,153,833,252
1,788,150,832,248
1,790,161,827,243
1,803,166,822,240
1,802,177,817,237
1,800,171,814,236
1,805,143,814,234
1,788,145,814,233
1,773,136,814,231
1,778,150,814,229
1,769,127,816,227
1,772,144,817,223
1,772,167,817,222
1,743,150,817,221
1,751,152,817,221
1,733,152,817,221
1,743,160,817,221
1,739,165,815,221
1,765,176,815,220
1,768,166,816,219
1,774,167,816,219
1,765,168,816,219
1,773,170,816,219
1,757,147,816,219
1,740,153,816,219
1,729,135,814,218
1,739,125,803,215
1,702,149,793,215
1,698,142,788,215
1,703,140,784,215
1,690,160,782,216
1,686,145,781,218
1,699,147,776,222
1,667,175,774,225
1,674,174,774,228
1,681,154,774,230
1,669,118,778,234
1,670,143,780,236
1,664,129,780,236
1,641,136,781,236
1,648,124,781,236
1,642,134,780,236
1,655,117,776,235
1,632,147,760,234
1,637,129,754,234
1,649,126,737,234
1,679,130,732,236
1,714,143,725,239
1,721,124,718,241
1,703,128,711,243
1,667,143,696,246
1,681,156,684,248
1,672,154,671,249
1,673,160,655,249
1,669,191,639,249
1,669,183,620,249
1,671,185,604,249
1,658,172,595,249
1,664,173,593,248
1,648,172,593,248
1,652,171,594,246
1,647,167,599,244
1,649,163,610,241
1,641,147,619,239
1,635,162,623,238
1,633,171,624,238
1,628,149,629,237
1,624,169,630,237
1,638,153,634,236
1,650,147,641,234
1,666,151,655,234
1,677,165,669,233
1,691,173,679,233
1,684,157,692,233
1,709,167,694,233
1,706,158,694,233
1,697,146,694,233
1,691,171,694,233
1,691,172,693,232
1,692,144,691,232
1,706,158,688,230
1,680,171,682,229
1,675,168,679,229
1,676,176,679,229
1,675,178,679,229
1,679,181,679,229
1,683,186,680,228
1,684,174,681,228
1,689,144,684,226
1,679,133,693,223
1,698,137,702,218
1,683,115,709,217
1,661,138,718,214
1,651,167,726,211
1,660,175,731,210
1,657,171,735,209
1,646,183,736,208
1,629,186,737,205
1,618,188,738,204
1,614,194,738,203
1,632,191,738,202
1,631,195,737,202
1,646,223,735,201
1,636,212,733,201
1,654,199,731,200
1,651,191,730,200
1,658,181,726,198
1,649,197,722,197
1,653,190,715,197
1,644,174,703,197
1,644,181,691,197
1,633,203,682,199
1,642,183,675,202
1,638,193,670,205
1,644,200,667,207
1,649,196,666,210
1,663,200,666,211
1,666,189,666,212
1,647,200,666,212
1,647,199,666,213
1,679,202,666,214
1,675,213,666,215
1,684,215,666,215
1,703,221,666,215
1,678,225,666,215
1,686,220,666,215
1,710,212,666,215
1,742,231,666,215
1,735,205,666,215
1,729,224,666,216
1,741,205,666,218
1,731,206,667,219
1,737,204,667,220
1,753,202,668,221
1,759,211,671,223
1,786,208,675,227
1,804,224,682,228
1,794,223,701,232
1,781,243,724,239
1,811,248,749,243
1,815,245,764,246
1,787,257,775,248
1,771,254,782,249
1,774,281,787,252
1,792,279,792,252
1,811,274,799,252
1,809,267,806,252
1,803,259,810,252
1,794,270,815,252
1,781,279,816,252
1,800,254,844,252
1,813,249,874,252
1,820,228,906,252
1,815,240,925,252
1,812,241,935,252
1,820,253,939,252
1,833,263,939,252
1,823,271,939,253
1,828,267,941,254
1,838,261,943,257
1,839,254,946,260
1,829,260,947,262
1,831,246,947,266
1,827,252,944,270
1,842,246,942,272
1,867,266,941,273
1,873,277,933,273
1,887,283,919,273
1,857,304,909,273
1,864,308,902,276
1,866,322,900,277
1,844,314,896,279
1,836,318,891,283
1,828,306,885,286
1,835,287,882,289
1,850,303,878,290
1,867,320,877,290
1,874,304,875,290
1,880,295,872,291
1,873,276,863,294
1,892,271,854,295
1,883,281,849,299
1,897,277,844,307
1,890,263,844,315
1,862,264,844,325
1,873,260,844,336
1,889,242,844,343
1,874,242,844,344
1,869,246,844,344
1,841,257,844,344
1,830,276,844,345
1,838,271,845,347
1,816,260,846,352
1,802,258,849,358
1,793,238,853,360
1,792,254,855,361
1,761,270,857,361
1,770,265,861,361
1,781,268,863,359
1,770,250,867,358
1,789,222,870,355
1,801,243,874,353
1,807,248,878,349
1,800,229,882,347
1,785,230,883,347
1,780,227,883,346
1,784,226,883,346
1,750,243,883,346
1,753,254,883,346
1,750,242,880,344
1,757,236,865,337
1,751,244,830,324
1,767,249,820,318
1,766,255,816,314
1,781,264,815,312
1,752,256,816,307
1,721,251,819,301
1,734,266,822,296
1,746,268,822,289
1,717,271,821,280
1,699,273,819,277
1,709,268,819,277
1,709,260,819,277
1,685,259,819,277
1,689,285,818,277
1,701,303,816,276
1,701,329,814,276
1,722,325,813,274
1,741,318,812,274
1,748,318,811,273
1,747,350,807,271
1,736,352,800,269
1,725,344,788,269
1,715,326,773,268
1,736,324,763,268
1,729,332,750,268
1,764,316,745,269
1,760,319,742,272
1,776,284,737,278
1,769,304,737,287
1,767,309,737,295
1,759,291,739,304
1,759,286,748,314
1,727,280,759,318
1,735,296,763,321
1,738,308,764,321
1,727,295,765,321
1,750,283,765,321
1,749,271,765,321
1,758,274,765,321
1,758,255,765,321
1,753,249,766,321
1,748,271,776,321
1,744,257,786,321
1,761,264,800,321
1,762,293,808,320
1,755,281,808,320
1,788,287,808,320
1,791,284,808,320
1,797,297,808,320
1,798,298,808,319
1,784,289,807,319
1,746,312,806,319
1,741,296,806,319
1,744,321,805,318
1,733,337,803,316
1,705,352,800,312
1,683,365,795,308
1,667,368,790,306
1,666,381,784,303
1,664,408,782,301
1,686,403,781,301
1,673,419,781,301
1,681,419,781,301
1,688,434,781,301
1,704,438,782,301
1,714,448,784,301
1,712,439,784,301
1,718,463,784,301
1,691,468,784,301
1,686,480,784,301
1,696,481,779,311
1,722,489,772,324
1,728,449,769,332
1,742,443,768,339
1,765,441,768,343
1,762,429,768,350
1,739,434,770,358
1,725,448,771,371
1,730,467,771,392
1,727,476,771,419
1,723,467,771,438
1,735,494,771,448
1,705,479,771,457
1,703,470,774,464
1,690,481,777,468
1,701,499,777,468
1,704,501,778,468
1,693,510,780,463
1,697,506,781,460
1,699,500,783,457
1,685,499,786,455
1,713,489,789,451
1,706,501,791,449
1,707,498,791,448
1,707,510,791,448
1,729,514,791,448
1,723,516,790,449
1,702,517,788,454
1,706,559,784,460
1,707,579,781,469
1,699,577,779,476
1,706,597,778,481
1,713,596,774,490
1,701,587,769,499
1,692,583,763,509
1,674,589,759,520
1,707,589,754,533
1,710,581,751,545
1,712,577,744,558
1,712,582,739,569
1,684,579,735,578
1,672,553,730,586
1,681,559,728,589
1,672,548,726,592
1,659,519,720,594
1,658,488,717,597
1,678,492,717,600
1,678,490,716,604
1,688,498,716,608
1,675,515,714,613
1,663,513,713,618
1,647,512,713,620
1,663,509,715,621
1,677,521,718,621
1,658,517,719,621
1,672,510,720,618
1,666,517,720,613
1,655,517,722,604
1,685,515,722,595
1,695,494,722,585
1,699,498,722,573
1,700,484,722,561
1,713,473,721,549
1,713,482,720,540
1,710,495,718,532
1,698,495,717,528
1,691,505,715,526
1,690,486,712,525
1,707,486,710,525
1,725,469,705,525
1,758,456,696,528
1,741,413,684,530
1,755,422,672,530
1,741,434,663,530
1,729,444,663,530
1,730,444,662,530
1,728,452,666,529
1,708,438,677,525
1,679,447,695,518
1,669,461,715,510
1,686,447,727,502
1,699,464,734,495
1,696,450,737,487
1,718,456,740,480
1,701,452,747,473
1,698,443,758,459
1,694,432,769,441
1,669,446,778,425
1,673,449,779,415
1,680,459,779,407
1,669,463,776,399
1,675,488,773,395
1,674,495,768,391
1,692,501,761,389
1,701,503,756,389
1,697,480,750,389
1,701,483,748,389
1,717,483,748,389
1,726,520,748,389
1,738,508,747,389
1,733,515,746,389
1,746,508,741,389
1,747,516,737,389
1,752,502,731,396
1,766,507,725,411
1,795,516,723,436
1,814,506,724,463
1,795,524,732,486
1,799,531,741,497
1,806,545,753,508
1,790,554,755,509
1,769,535,755,509
1,742,556,755,509
1,753,562,755,509
1,775,568,755,509
1,772,570,756,511
1,814,552,760,517
1,802,532,766,523
1,802,522,773,530
1,794,555,781,538
1,793,557,790,547
1,807,591,799,563
1,836,586,809,589
1,861,608,816,602
1,848,629,820,606
1,852,622,821,607
1,841,607,821,608
1,849,590,821,609
1,842,590,822,612
1,852,587,826,614
1,870,584,833,615
1,860,594,838,615
1,843,589,840,615
1,823,573,843,614
1,832,558,846,610
1,828,557,852,608
1,830,541,857,608
1,828,524,862,608
1,814,522,867,609
1,810,529,873,614
1,837,518,879,619
1,844,497,890,626
1,830,504,907,633
1,814,508,917,636
1,815,506,926,638
1,802,509,935,638
1,794,510,943,636
1,802,498,947,633
1,807,491,948,632
1,786,505,948,632
1,772,532,948,632
1,790,502,948,636
1,785,516,949,638
1,791,536,949,639
1,793,531,949,641
1,812,508,949,641
1,779,535,948,640
1,750,546,939,639
1,744,553,917,632
1,747,553,889,623
1,753,569,853,613
1,777,538,825,605
1,780,534,818,602
1,785,507,818,601
1,766,528,818,597
1,773,537,818,594
1,763,551,819,593
1,736,537,823,585
1,754,537,827,578
1,764,552,830,572
1,767,586,832,565
1,739,590,832,558
1,760,598,832,546
1,768,572,830,538
1,764,578,830,532
1,760,570,830,531
1,739,575,829,531
1,730,557,829,531
1,725,557,829,531
1,710,559,829,531
1,684,568,829,531
1,678,592,828,531
1,674,587,825,534
1,681,596,821,536
1,676,637,820,536
1,679,632,820,536
1,664,661,820,536
1,672,671,820,538
1,683,639,820,543
1,669,625,818,556
1,667,625,817,568
1,680,608,815,578
1,702,625,812,587
1,709,603,808,592
1,708,602,801,597
1,708,572,793,600
1,730,575,787,601
1,744,567,778,607
1,726,582,773,614
1,753,583,769,622
1,755,611,767,629
1,749,610,766,636
1,765,612,766,639
1,780,600,764,643
1,775,587,760,647
1,791,591,756,649
1,792,606,752,651
1,790,603,750,653
1,801,605,748,653
1,832,598,748,654
1,835,599,748,654
1,848,607,748,650
1,827,611,751,646
1,849,592,755,641
1,855,584,762,637
1,852,563,767,633
1,859,560,770,631
1,837,560,771,631
1,802,559,772,630
1,796,575,773,630
1,781,605,775,629
1,792,590,780,628
1,784,593,789,626
1,774,588,798,623
1,795,572,812,620
1,790,569,823,619
1,789,539,830,617
1,805,550,834,617
1,806,561,835,617
1,801,547,836,616
1,787,568,836,613
1,792,553,834,609
1,772,546,832,605
1,763,540,830,603
1,739,568,826,599
1,731,569,822,595
1,729,559,816,591
1,727,559,812,588
1,723,572,811,587
1,742,548,811,585
1,731,577,811,584
1,736,559,811,582
1,713,568,811,579
1,710,586,810,578
1,680,605,810,574
1,660,589,810,569
1,650,583,810,563
1,639,597,806,559
1,640,573,803,558
1,627,546,800,558
1,619,531,794,561
1,599,540,785,569
1,580,551,776,575
1,584,561,768,576
1,570,561,759,576
1,612,567,740,574
1,623,546,722,570
1,593,538,708,570
1,601,507,698,570
1,611,481,684,571
1,624,485,673,574
1,612,480,663,574
1,613,482,654,575
1,608,498,649,575
1,588,489,644,573
1,565,483,637,569
1,573,459,629,565
1,575,459,621,559
1,562,446,620,559
1,560,460,620,558
1,554,476,620,558
1,554,481,623,558
1,559,452,629,558
1,553,445,642,557
1,556,450,652,554
1,554,453,658,549
1,560,463,659,545
1,562,468,658,539
1,578,482,656,532
1,591,484,653,524
1,588,475,647,513
1,593,472,638,499
1,598,466,627,483
1,587,483,619,469
1,592,467,609,460
1,609,467,602,453
1,597,480,596,447
1,603,479,593,443
1,623,496,589,441
1,642,527,585,437
1,651,559,577,430
1,630,585,573,427
1,627,578,569,425
1,632,563,568,424
1,637,584,567,424
1,625,574,566,423
1,623,582,563,421
1,665,568,561,420
1,679,571,559,419
1,689,554,555,418
1,675,532,554,418
1,675,525,553,418
1,668,509,553,422
1,667,526,557,437
1,661,539,567,451
1,671,531,580,466
1,674,515,589,475
1,662,510,595,481
1,635,503,599,482
1,623,484,601,485
1,610,481,605,486
1,592,494,614,488
1,603,501,621,488
1,622,455,628,487
1,642,462,632,483
1,614,471,632,476
1,622,472,635,469
1,611,461,635,462
1,603,485,636,455
1,604,503,636,451
1,594,514,636,448
1,588,501,636,446
1,597,512,635,442
1,603,513,628,436
1,625,492,623,433
1,620,490,616,431
1,628,487,614,430
1,660,479,613,430
1,661,499,611,430
1,652,484,610,433
1,652,503,609,435
1,662,497,609,437
1,660,492,609,438
1,675,485,610,440
1,698,466,610,440
1,709,442,610,441
1,701,441,610,442
1,706,423,612,444
1,721,421,615,446
1,718,423,619,448
1,724,411,620,448
1,711,422,621,448
1,746,425,623,449
1,755,425,625,449
1,740,405,629,449
1,750,402,636,448
1,725,425,643,448
1,706,419,651,449
1,724,435,662,449
1,710,393,676,448
1,675,399,696,445
1,697,385,723,441
1,689,375,750,427
1,665,382,771,413
1,679,403,784,399
1,679,403,795,381
1,676,396,795,372
1,661,391,795,364
1,646,388,794,360
1,668,398,792,358
1,644,383,791,358
1,665,384,791,358
1,676,399,791,358
1,673,405,791,358
1,682,409,789,357
1,677,387,788,357
1,685,409,788,356
1,713,424,788,354
1,710,444,788,353
1,705,466,788,352
1,707,474,788,351
1,710,492,786,350
1,708,469,782,350
1,720,445,777,349
1,701,434,765,349
1,694,427,753,347
1,681,425,744,347
1,684,436,742,347
1,696,427,743,347
1,679,408,749,356
1,673,417,755,363
1,661,415,761,376
1,660,448,768,387
1,674,455,774,403
1,663,463,779,410
1,657,477,780,417
1,650,476,779,419
1,622,475,775,420
1,636,485,768,420
1,652,454,760,420
1,625,449,745,422
1,624,446,731,425
1,630,484,716,428
1,626,478,696,437
1,621,472,688,446
1,641,458,685,464
1,617,465,685,483
1,628,484,691,503
1,612,502,693,518
1,622,471,693,528
1,619,484,693,535
1,647,475,693,540
1,614,486,691,544
1,621,488,689,545
1,630,480,687,545
1,614,502,677,539
1,627,505,666,534
1,618,495,653,529
1,613,483,646,528
1,596,446,645,528
1,615,467,645,528
1,625,447,645,529
1,610,460,645,530
1,599,468,645,530
1,593,485,645,530
1,593,495,645,530
1,614,500,645,530
1,639,488,649,530
1,652,493,650,529
1,663,505,652,528
1,655,523,653,527
1,659,518,654,525
1,674,502,658,522
1,680,504,662,518
1,672,495,668,511
1,674,498,674,504
1,668,494,675,497
1,685,505,673,490
1,695,468,665,483
1,701,466,658,481
1,650,457,654,481
1,639,475,647,482
1,653,483,642,486
1,642,460,636,493
1,651,467,634,502
1,649,439,634,511
1,657,422,635,518
1,658,404,639,522
1,640,383,642,523
1,658,374,646,523
1,650,361,651,524
1,659,359,656,524
1,659,374,663,521
1,650,399,670,518
1,638,404,676,515
1,621,422,678,513
1,633,412,680,509
1,642,407,682,506
1,647,436,684,503
1,663,475,685,498
1,641,482,685,495
1,642,491,685,488
1,648,497,685,479
1,651,491,685,466
1,653,502,680,456
1,647,497,671,442
1,656,504,663,431
1,658,499,661,424
1,674,488,661,422
1,664,510,662,422
1,676,512,663,422
1,687,494,663,422
1,688,490,665,422
1,672,497,666,422
1,668,506,666,422
1,671,515,666,422
1,663,491,666,422
1,646,467,669,420
1,629,477,672,420
1,628,477,678,422
1,642,492,683,425
1,637,474,685,428
1,618,480,689,434
1,636,501,689,437
1,652,500,691,441
1,646,510,692,443
1,618,480,692,443
1,629,466,692,443
1,619,451,692,443
1,622,465,692,443
1,608,443,693,443
1,622,458,693,443
1,605,461,694,442
1,624,460,694,441
1,636,430,693,437
1,615,432,692,436
1,616,436,690,436
1,611,449,690,436
1,604,462,689,436
1,591,445,688,440
1,585,424,685,445
1,573,432,681,451
1,585,444,675,457
1,570,439,672,459
1,550,438,671,460
1,552,447,670,460
1,539,457,670,460
1,566,438,670,460
1,573,439,667,460
1,576,431,665,459
1,573,442,663,457
1,580,438,656,454
1,571,432,647,451
1,569,421,638,446
1,549,421,628,439
1,554,437,621,433
1,552,420,615,431
1,564,425,610,428
1,534,442,605,427
1,553,459,599,425
1,558,479,594,425
1,536,478,590,425
1,566,467,590,425
1,576,464,590,425
1,584,446,590,425
1,602,441,590,425
1,621,445,590,425
1,598,440,590,425
1,597,452,590,425
1,595,466,589,424
1,591,458,587,423
1,599,467,587,423
1,630,439,586,423
1,601,444,586,424
1,595,445,588,431
1,604,443,591,440
1,590,432,597,448
1,587,397,601,453
1,589,421,603,457
1,564,424,609,461
1,549,398,614,464
1,563,393,623,465
1,547,383,625,465
1,547,375,626,465
1,549,404,626,465
1,568,402,626,465
1,584,413,626,465
1,597,427,626,463
1,603,403,626,462
1,602,411,626,459
1,604,403,626,458
1,625,400,625,457
1,633,398,624,454
1,632,394,620,450
1,648,429,613,444
1,637,428,605,439
1,660,454,600,435
1,658,445,600,434
1,671,431,599,433
1,680,426,599,433
1,673,446,599,433
1,654,455,599,433
1,640,453,599,433
1,634,472,599,433
1,639,470,603,434
1,626,477,608,436
1,610,479,617,437
1,604,472,622,437
1,623,471,629,437
1,629,470,641,437
1,626,488,653,437
1,625,508,660,437
1,621,519,663,437
1,601,535,663,437
1,621,535,662,437
1,635,550,660,437
1,628,544,659,436
1,636,552,659,435
1,627,551,657,435
1,631,541,657,435
1,614,525,657,435
1,617,525,656,438
1,613,534,650,445
1,634,518,644,451
1,631,522,636,460
1,624,499,632,462
1,637,499,631,464
1,646,494,631,468
1,636,486,636,475
1,603,506,646,489
1,627,517,656,500
1,615,515,669,511
1,592,507,675,516
1,567,487,678,520
1,566,478,678,523
1,554,473,678,524
1,527,487,678,524
1,545,486,678,524
1,539,479,674,521
1,541,464,666,517
1,533,451,659,513
1,582,444,655,509
1,587,454,653,508
1,592,460,653,504
1,576,441,654,499
1,573,426,654,494
1,562,432,652,487
1,533,415,646,483
1,562,403,638,478
1,570,410,630,477
1,585,422,626,476
1,572,427,620,476
1,573,438,618,476
1,568,475,618,476
1,574,456,618,476
1,566,468,618,476
1,543,496,615,474
1,578,492,614,472
1,605,504,613,469
1,602,519,612,465
1,591,556,608,460
1,597,578,605,453
1,581,592,603,443
1,582,589,602,440
1,587,579,602,436
1,584,621,602,436
1,575,616,604,435
1,570,590,604,435
1,587,579,605,435
1,598,585,608,436
1,583,582,613,444
1,585,581,617,451
1,598,579,617,463
1,627,572,617,487
1,629,605,617,500
1,654,600,617,505
1,675,594,617,510
1,691,589,614,513
1,682,590,611,515
1,677,587,607,517
1,682,574,605,519
1,695,562,604,519
1,698,577,601,519
1,700,566,598,519
1,710,586,594,518
1,695,581,592,520
1,702,562,592,526
1,716,535,598,534
1,716,541,612,542
1,744,545,625,550
1,743,561,634,558
1,739,579,641,559
1,731,584,647,561
1,722,593,652,561
1,737,607,661,559
1,736,608,668,554
1,731,609,674,550
1,737,599,682,547
1,747,592,688,546
1,745,594,689,546
1,767,589,689,545
1,775,598,691,544
1,816,603,697,541
1,810,593,707,532
1,816,601,713,525
1,835,597,715,518
1,825,581,715,513
1,817,592,715,511
1,802,599,718,509
1,811,600,721,508
1,808,612,727,508
1,783,621,735,508
1,786,617,755,512
1,798,622,783,527
1,789,611,797,540
1,790,587,811,550
1,795,577,820,559
1,781,574,828,567
1,785,558,833,571
1,773,562,837,573
1,754,559,838,573
1,761,583,838,573
1,778,587,839,573
1,747,565,845,573
1,727,568,859,572
1,726,578,869,569
1,700,564,880,569
1,699,574,891,567
1,717,553,895,567
1,706,547,895,566
1,716,551,895,566
1,716,536,895,565
1,685,548,892,561
1,665,539,885,559
1,655,540,873,556
1,658,544,856,554
1,665,562,843,554
1,637,540,831,554
1,619,526,821,554
1,611,537,812,557
1,624,550,805,560
1,639,576,798,561
1,641,567,793,561
1,671,560,789,563
1,660,558,786,563
1,646,560,777,562
1,648,544,763,560
1,639,566,746,557
1,621,570,726,553
1,640,582,703,550
1,615,579,681,544
1,641,577,670,539
1,663,590,663,536
1,652,586,659,535
1,665,605,655,534
1,665,617,654,534
1,660,601,656,534
1,644,606,666,537
1,633,600,682,542
1,636,607,702,548
1,648,587,715,553
1,642,582,720,555
1,629,578,720,555
1,603,567,720,555
1,614,575,720,555
1,576,594,720,555
1,576,588,720,555
1,590,583,720,555
1,585,596,720,555
1,605,585,720,558
1,601,603,720,559
1,609,595,720,560
1,617,594,720,562
1,610,609,718,564
1,621,601,715,567
1,618,595,710,568
1,616,574,703,569
1,611,560,691,569
1,654,566,675,569
1,637,559,658,569
1,664,551,651,569
1,649,549,650,569
1,646,561,650,569
1,664,545,650,571
1,656,531,649,574
1,637,529,649,575
1,639,516,648,576
1,628,490,648,579
1,629,480,648,579
1,627,495,648,580
1,610,498,648,580
1,599,486,648,580
1,581,481,648,580
1,574,486,648,580
1,590,489,648,580
1,594,493,648,578
1,596,492,648,577
1,609,482,648,575
1,613,493,648,570
1,610,480,648,563
1,616,487,643,546
1,593,477,638,535
1,597,460,631,515
1,601,441,617,489
1,594,446,602,473
1,598,455,591,466
1,598,475,580,462
1,617,489,578,462
1,618,477,576,462
1,626,497,577,462
1,623,509,577,463
1,635,516,579,463
1,646,511,582,464
1,657,523,586,464
1,666,482,591,464
1,653,490,593,464
1,653,483,595,460
1,646,492,594,453
1,655,516,590,446
1,667,509,582,439
1,643,512,577,433
1,646,510,571,427
1,671,486,568,423
1,675,464,566,421
1,666,471,566,420
1,683,494,566,419
1,714,498,566,419
1,712,504,566,418
1,697,502,566,418
1,701,522,566,418
1,691,538,566,418
1,671,547,566,418
1,668,561,566,418
1,679,575,567,417
1,666,569,570,417
1,677,566,575,417
1,666,550,583,417
1,683,548,598,419
1,674,552,609,424
1,650,575,620,427
1,609,565,624,429
1,583,586,628,433
1,590,590,630,437
1,564,584,634,442
1,561,595,640,449
1,548,600,645,463
1,540,608,645,469
1,537,577,645,479
1,523,594,643,494
1,599,596,640,497
1,582,611,639,500
1,582,638,637,501
1,594,626,633,502
1,585,612,626,504
1,559,613,614,505
1,551,608,602,507
1,540,614,591,505
1,560,590,581,505
1,564,600,575,503
1,562,612,573,503
1,552,621,572,503
1,564,628,572,503
1,574,638,572,504
1,583,649,572,511
1,563,642,575,518
1,532,644,581,528
1,573,650,593,539
1,570,632,609,555
1,565,652,619,567
1,550,665,624,574
1,563,665,624,581
1,567,655,623,586
1,547,678,621,590
1,548,664,620,592
1,558,664,617,595
1,552,673,615,597
1,565,665,610,602
1,569,675,609,603
1,557,673,609,604
1,556,644,609,608
1,554,664,609,616
1,555,670,611,621
1,551,661,613,628
1,571,670,615,637
1,571,681,615,643
1,558,679,617,649
1,555,672,620,653
1,537,681,622,655
1,536,700,623,656
1,586,681,623,656
1,569,717,623,656
1,561,722,623,656
1,554,716,623,656
1,560,724,623,656
1,588,676,623,656
1,599,684,623,657
1,591,665,623,657
1,578,667,623,658
1,581,694,623,659
1,574,684,623,661
1,566,667,623,662
1,588,639,623,662
1,593,624,624,662
1,606,630,624,663
1,611,639,624,663
1,601,667,623,665
1,589,688,621,667
1,595,650,619,670
1,602,667,616,672
1,613,684,615,674
1,590,692,614,675
1,572,689,614,678
1,569,681,613,678
1,564,668,613,679
1,556,652,613,679
1,541,667,613,679
1,543,669,613,679
1,577,651,613,679
1,606,658,613,679
1,604,664,614,675
1,588,630,619,669
1,575,602,621,661
1,571,589,621,654
1,557,604,621,652
1,540,608,621,650
1,561,610,621,650
1,562,647,621,650
1,548,650,621,650
1,563,678,621,650
1,553,705,621,650
1,545,692,621,651
1,570,685,621,651
1,546,678,621,651
1,549,682,621,652
1,561,681,621,652
1,562,682,621,652
1,572,686,621,652
1,574,700,621,652
1,581,689,621,652
1,585,712,621,652
1,574,724,621,652
1,566,709,621,652
1,566,681,621,652
1,567,685,621,652
1,569,695,621,652
1,587,719,621,652
1,592,736,621,652
1,581,718,621,650
1,568,705,620,645
1,558,696,616,636
1,580,694,615,630
1,562,681,613,629
1,567,680,612,628
1,559,684,612,628
1,580,687,612,628
1,589,697,612,629
1,599,678,612,632
1,596,675,612,634
1,600,660,612,636
1,625,659,612,641
1,635,638,612,646
1,633,627,612,654
1,641,612,614,662
1,606,647,615,666
1,605,674,616,670
1,617,675,616,675
1,574,651,616,677
1,596,660,616,679
1,595,661,616,680
1,600,661,616,682
1,614,668,616,684
1,636,645,616,685
1,659,657,616,686
1,697,650,616,686
1,694,650,616,686
1,673,647,616,686
1,679,645,616,686
1,660,638,616,686
1,667,646,619,678
1,671,621,621,673
1,660,587,623,666
1,677,604,626,658
1,664,614,627,653
1,667,628,627,651
1,677,647,628,647
1,676,653,630,645
1,671,660,632,644
1,690,652,634,643
1,665,636,640,640
1,670,638,643,639
1,655,650,647,636
1,651,647,654,636
1,640,642,657,635
1,615,615,660,634
1,631,628,663,633
1,626,622,665,632
1,630,624,667,630
1,655,599,669,629
1,654,584,672,627
1,645,588,673,626
1,671,582,676,626
1,693,574,676,625
1,704,559,677,625
1,685,557,677,623
1,683,552,677,621
1,688,537,678,620
1,692,544,679,619
1,716,547,679,619
1,676,569,680,618
1,679,550,680,618
1,689,548,680,618
1,674,545,680,617
1,684,531,680,616
1,677,534,680,615
1,674,551,680,612
1,671,551,680,610
1,689,542,680,608
1,717,568,680,603
1,738,567,683,596
1,758,574,687,588
1,765,600,696,573
1,756,603,705,554
1,769,584,712,539
1,772,592,715,526
1,769,577,719,512
1,774,589,721,503
1,796,588,724,483
1,798,561,724,474
1,772,585,724,468
1,786,564,723,455
1,778,536,723,450
1,759,549,723,445
1,749,538,724,439
1,754,537,726,434
1,766,503,728,429
1,777,519,729,423
1,791,511,732,419
1,797,508,734,417
1,797,511,735,416
1,775,487,739,416
1,805,529,742,416
1,840,517,746,417
1,806,539,752,422
1,828,561,754,424
1,813,560,754,426
1,791,571,756,430
1,779,539,759,433
1,779,520,760,436
1,785,527,762,437
1,769,533,762,437
1,775,537,762,437
1,769,530,764,437
1,795,543,769,437
1,787,553,776,437
1,820,559,783,438
1,844,549,790,438
1,854,546,799,440
1,869,548,806,443
1,884,546,811,445
1,864,534,812,448
1,872,532,813,449
1,869,527,815,451
1,880,529,816,453
1,869,554,818,458
1,852,546,821,464
1,884,549,823,466
1,903,514,823,468
1,906,526,826,471
1,876,529,827,472
1,877,519,828,474
1,874,517,830,476
1,871,516,834,482
1,878,507,838,487
1,867,491,839,490
1,842,484,843,493
1,877,469,847,498
1,881,477,851,501
1,877,474,854,502
1,879,472,858,503
1,889,512,861,503
1,879,518,864,503
1,855,518,867,503
1,857,528,871,503
1,848,559,874,503
1,841,577,880,502
1,849,582,882,498
1,835,593,885,495
1,849,567,887,493
1,836,545,887,486
1,815,544,887,480
1,819,524,888,475
1,807,499,888,470
1,786,502,888,466
1,790,500,888,465
1,794,505,888,465
1,787,528,888,465
1,765,520,888,465
1,776,536,888,465
1,790,549,887,470
1,784,553,886,477
1,749,581,883,488
1,749,561,881,492
1,742,571,881,494
1,748,573,881,495
1,747,569,880,497
1,742,557,877,498
1,727,550,871,499
1,727,561,867,501
1,744,553,864,501
1,725,555,862,501
1,720,528,858,501
1,730,515,853,501
1,746,525,847,503
1,785,530,844,506
1,790,531,835,514
1,806,502,831,520
1,797,500,826,525
1,775,516,818,533
1,773,527,811,539
1,803,533,803,548
1,820,527,796,555
1,800,524,786,565
1,822,520,784,568
1,843,502,782,572
1,842,535,779,572
1,837,526,775,572
1,830,529,774,572
1,828,528,773,570
1,797,515,773,566
1,794,516,775,563
1,797,541,778,562
1,798,537,779,559
1,813,539,780,558
1,811,547,782,556
1,774,531,785,554
1,777,521,787,550
1,756,515,788,548
1,777,538,790,545
1,796,529,791,543
1,804,500,794,541
1,814,519,794,540
1,835,505,795,536
1,841,496,795,535
1,859,546,795,534
1,855,551,796,532
1,843,558,797,530
1,826,566,797,530
1,845,589,797,526
1,849,604,798,524
1,852,621,798,521
1,853,635,798,518
1,852,652,797,516
1,849,661,797,514
1,836,639,797,514
1,838,632,797,514
1,838,617,797,514
1,843,603,797,514
1,840,586,797,520
1,839,588,803,528
1,824,595,804,532
1,819,606,807,536
1,816,606,808,541
1,810,617,810,548
1,820,610,811,553
1,840,598,811,558
1,843,606,812,564
1,852,616,812,567
1,837,622,814,571
1,845,577,814,573
1,847,561,815,574
1,824,573,815,574
1,813,570,815,574
1,804,568,815,574
1,812,572,816,574
1,830,560,818,574
1,840,553,820,574
1,833,543,829,574
1,847,508,841,574
1,836,531,856,573
1,838,511,861,573
1,834,497,864,573
1,818,509,868,577
1,836,515,871,579
1,859,524,874,580
1,855,517,876,582
1,877,515,879,583
1,862,511,882,583
1,848,498,884,583
1,869,492,886,583
1,875,502,887,582
1,875,494,887,581
1,865,476,887,579
1,866,459,885,578
1,848,464,881,574
1,870,479,878,572
1,880,470,875,568
1,885,460,871,564
1,890,461,870,563
1,899,446,863,559
1,916,465,857,556
1,927,447,852,554
1,906,437,851,553
1,906,459,851,551
1,904,454,853,546
1,901,430,859,537
1,926,415,862,527
1,931,418,866,514
1,928,408,866,502
1,910,412,868,472
1,902,396,871,450
1,913,415,879,432
1,914,417,891,419
1,896,414,895,415
1,893,405,897,415
1,884,415,901,416
1,898,415,910,422
1,890,425,919,428
1,915,413,930,431
1,905,434,940,432
1,911,430,944,432
1,911,427,944,432
1,891,407,945,432
1,893,404,945,431
1,887,424,947,429
1,886,440,949,425
1,890,429,949,424
1,879,415,949,423
1,885,421,948,422
1,899,426,946,421
1,902,410,945,421
1,901,396,944,421
1,918,421,941,421
1,941,430,938,421
1,948,416,936,421
1,971,390,933,421
1,993,388,933,421
1,988,375,933,421
1,983,361,932,421
1,977,345,932,421
1,986,376,932,421
1,991,369,932,422
1,1005,374,931,422
1,996,386,930,422
1,982,383,930,422
1,970,386,930,423
1,979,385,930,424
1,990,382,930,426
1,985,366,930,428
1,960,383,932,429
1,955,405,936,430
1,952,398,939,430
1,927,368,943,428
1,924,357,951,421
1,920,327,956,415
1,910,301,960,411
1,912,302,961,408
1,930,296,964,402
1,940,312,971,398
1,937,314,979,391
1,941,319,993,376
1,953,314,1001,367
1,969,300,1007,358
1,963,301,1011,351
1,961,303,1013,346
1,940,313,1012,343
1,979,319,1009,342
1,983,306,1007,342
1,955,289,1003,341
1,966,321,1001,340
1,961,322,1000,338
1,966,337,997,335
1,964,327,995,332
1,966,322,994,329
1,968,340,993,327
1,972,358,993,325
1,1003,339,990,323
1,994,350,989,320
1,990,351,987,319
1,1010,336,987,317
1,1002,308,985,315
1,1019,328,982,313
1,1027,328,981,311
1,1026,347,979,309
1,1001,375,978,307
1,987,375,977,304
1,997,357,974,302
1,995,364,974,300
1,977,350,973,299
1,962,369,973,296
1,964,376,973,294
1,984,387,973,292
1,994,396,973,291
1,1027,391,975,291
1,1010,388,976,291
1,978,403,978,291
1,993,426,983,291
1,987,409,985,293
1,990,417,986,294
1,992,396,986,297
1,982,385,987,299
1,983,377,987,301
1,977,384,987,306
1,977,387,988,310
1,974,390,990,313
1,981,385,994,320
1,989,378,1003,326
1,987,380,1015,337
1,977,365,1022,341
1,984,379,1029,346
1,1002,385,1033,347
1,1008,388,1036,348
1,995,391,1037,349
1,990,397,1039,351
1,984,388,1043,355
1,1003,389,1047,362
1,995,380,1051,368
1,992,373,1056,377
1,973,385,1057,384
1,953,390,1057,392
1,955,404,1057,399
1,954,406,1053,403
1,933,425,1049,409
1,907,456,1045,410
1,894,441,1042,411
1,903,424,1039,411
1,918,411,1038,411
1,917,414,1037,411
1,902,401,1037,411
1,875,407,1035,410
1,873,411,1035,409
1,878,423,1035,405
1,871,405,1037,399
1,859,405,1041,394
1,842,407,1044,388
1,858,404,1045,386
1,833,413,1045,385
1,819,451,1045,384
1,788,476,1043,382
1,812,497,1040,382
1,810,487,1034,383
1,804,474,1021,385
1,806,461,1001,386
1,830,440,976,388
1,843,427,967,389
1,853,428,962,391
1,844,455,959,392
1,843,459,951,397
1,849,437,934,400
1,846,453,922,400
1,855,429,912,400
1,857,415,907,401
1,852,439,905,403
1,845,430,903,415
1,842,428,901,427
1,841,404,901,435
1,850,376,899,446
1,840,356,899,451
1,855,339,899,455
1,869,336,897,458
1,857,354,892,462
1,858,351,886,468
1,859,326,882,477
1,858,345,877,491
1,852,344,877,500
1,855,347,875,509
1,846,348,875,512
1,841,349,875,513
1,843,339,875,513
1,836,340,875,513
1,858,356,875,512
1,870,351,875,507
1,871,369,875,499
1,872,389,875,488
1,863,396,875,480
1,872,395,877,473
1,855,406,877,464
1,873,402,880,454
1,858,397,883,443
1,864,383,883,436
1,893,384,885,428
1,893,381,884,421
1,877,365,884,415
1,855,369,883,410
1,848,387,881,406
1,862,397,882,404
1,869,386,882,403
1,878,394,883,403
1,886,388,883,403
1,888,396,884,402
1,879,399,884,402
1,893,408,886,402
1,891,402,888,404
1,891,407,891,405
1,870,380,891,406
1,861,397,891,406
1,831,407,891,406
1,832,392,891,406
1,849,407,891,406
1,848,387,891,406
1,860,366,891,406
1,863,382,891,406
1,868,391,891,406
1,882,388,891,406
1,870,373,892,407
1,860,372,894,408
1,866,355,895,408
1,864,357,895,408
1,850,352,895,408
1,835,344,895,408
1,857,363,895,408
1,864,361,895,407
1,865,357,894,406
1,843,366,892,405
1,819,394,891,403
1,797,412,889,402
1,817,402,889,402
1,825,411,889,402
1,809,412,889,402
1,796,402,889,402
1,802,382,889,402
1,812,376,889,402
1,856,380,889,402
1,868,370,889,402
1,853,364,888,400
1,871,348,888,400
1,879,346,886,399
1,870,347,885,399
1,877,342,883,399
1,872,333,881,399
1,841,312,880,399
1,833,329,879,399
1,833,347,877,401
1,836,350,873,402
1,831,328,873,402
1,827,347,868,402
1,825,343,860,402
1,824,328,849,403
1,820,356,839,403
1,821,337,831,403
1,823,325,822,403
1,847,317,817,403
1,835,326,817,402
1,849,344,817,399
1,845,346,817,397
1,835,350,819,391
1,849,342,821,384
1,855,332,822,374
1,837,330,822,371
1,838,333,817,358
1,845,342,813,347
1,839,353,805,338
1,824,372,804,336
1,830,371,798,330
1,817,384,791,325
1,815,391,789,322
1,794,388,787,321
1,768,388,783,319
1,766,369,779,316
1,758,374,776,315
1,745,377,772,314
1,750,396,772,314
1,736,408,772,313
1,744,407,778,313
1,756,389,785,316
1,754,414,794,320
1,724,427,803,327
1,722,411,813,333
1,724,426,816,337
1,727,407,818,340
1,726,427,818,345
1,736,422,818,349
1,729,426,817,352
1,722,428,814,357
1,727,418,812,359
1,715,410,808,362
1,724,431,802,366
1,724,474,797,372
1,721,465,789,383
1,730,467,782,398
1,731,461,774,408
1,751,455,770,413
1,745,464,770,415
1,743,458,769,417
1,742,465,768,419
1,754,460,768,420
1,741,469,767,422
1,727,463,766,426
1,727,465,766,428
1,744,457,764,432
1,752,455,763,434
1,765,461,763,438
1,775,486,762,440
1,791,475,761,441
1,781,466,761,442
1,780,464,761,442
1,785,434,761,442
1,789,409,761,442
1,784,417,760,443
1,775,424,760,443
1,780,410,760,443
1,800,414,760,443
1,799,443,760,443
1,811,429,760,443
1,824,425,760,443
1,834,433,762,443
1,827,454,767,443
1,812,461,776,445
1,795,456,787,448
1,798,470,792,449
1,851,463,799,451
1,863,441,803,451
1,845,476,804,447
1,819,495,805,442
1,803,497,809,436
1,834,496,815,432
1,841,468,820,429
1,841,470,824,429
1,841,470,830,429
1,861,476,841,431
1,897,466,844,433
1,905,480,849,435
1,893,452,849,435
1,893,443,849,435
1,903,447,849,435
1,912,469,849,435
1,898,497,851,438
1,874,488,852,439
1,885,498,856,447
1,871,484,860,454
1,857,501,866,460
1,872,496,870,465
1,876,470,877,470
1,868,475,883,472
1,887,483,890,477
1,895,484,900,478
1,880,495,911,480
1,900,475,923,480
1,904,460,933,481
1,886,474,942,481
1,871,481,949,479
1,876,462,956,479
1,864,483,964,478
1,882,493,971,476
1,871,501,978,475
1,856,488,981,475
1,860,480,981,475
1,868,475,981,474
1,874,472,982,473
1,880,455,982,471
1,894,455,982,471
1,900,469,982,469
1,906,473,982,468
1,903,486,980,466
1,890,495,976,465
1,904,504,965,461
1,920,498,961,459
1,921,516,949,459
1,929,499,943,459
1,918,500,936,462
1,904,478,930,465
1,907,479,926,468
1,884,482,925,469
1,891,490,925,469
1,881,479,925,469
1,905,480,925,469
1,917,475,925,469
1,895,488,926,470
1,880,479,931,471
1,893,454,938,473
1,906,452,943,473
1,928,455,948,474
1,918,454,952,474
1,886,450,957,475
1,874,449,964,477
1,878,429,971,478
1,896,404,973,478
1,895,380,974,479
1,893,387,974,479
1,903,396,974,479
1,924,418,974,479
1,939,430,974,479
1,948,439,974,479
1,954,435,974,479
1,938,426,974,479
1,921,452,974,479
1,898,440,974,479
1,897,440,974,479
1,903,427,974,479
1,894,442,974,479
1,866,440,974,479
1,875,447,972,479
1,848,446,968,479
1,828,449,966,479
1,840,441,966,478
1,833,456,966,478
1,833,457,966,476
1,819,451,966,474
1,824,456,966,472
1,828,456,966,470
1,844,470,965,468
1,848,473,962,465
1,836,440,955,459
1,842,411,937,452
1,828,403,912,446
1,832,398,884,440
1,835,385,859,441
1,823,386,845,442
1,802,368,828,442
1,796,362,822,442
1,809,388,819,442
1,808,364,819,443
1,835,348,819,443
1,824,357,819,443
1,837,359,819,443
1,847,359,819,443
1,859,351,819,443
1,861,340,819,443
1,842,367,819,443
1,827,382,819,443
1,816,387,817,443
1,836,388,816,443
1,829,409,813,445
1,806,404,811,445
1,829,395,810,445
1,820,385,810,445
1,822,382,812,445
1,820,389,815,444
1,825,387,818,443
1,826,360,820,441
1,833,371,827,435
1,828,394,830,430
1,840,391,835,423
1,848,392,839,416
1,834,385,840,410
1,857,386,842,401
1,861,383,842,396
1,848,376,843,384
1,854,405,846,376
1,854,389,850,371
1,852,390,854,365
1,867,399,857,361
1,861,392,859,358
1,875,406,859,354
1,862,403,861,351
1,883,405,862,347
1,885,423,864,343
1,886,394,867,338
1,886,374,869,334
1,907,371,869,331
1,923,359,869,328
1,928,381,869,326
1,930,388,869,321
1,914,411,869,320
1,891,419,869,318
1,896,429,869,318
1,899,438,869,318
1,890,417,869,318
1,901,409,869,318
1,901,392,869,318
1,871,409,869,322
1,893,416,869,327
1,892,422,871,336
1,897,420,874,344
1,901,423,878,352
1,911,426,882,356
1,917,416,886,361
1,933,395,887,364
1,945,411,887,369
1,938,391,887,378
1,952,380,887,388
1,946,345,887,398
1,965,336,887,409
1,942,328,887,417
1,938,314,887,423
1,935,312,887,425
1,923,311,887,426
1,940,317,888,427
1,942,336,890,427
1,963,323,894,429
1,921,316,896,429
1,913,345,898,429
1,925,354,901,429
1,910,367,904,428
1,928,354,911,426
1,924,381,924,421
1,916,397,930,416
1,919,375,933,410
1,901,383,933,403
1,915,382,932,396
1,911,361,926,387
1,918,379,916,374
1,912,369,902,361
1,909,340,891,347
1,894,329,882,338
1,917,309,878,333
1,915,315,875,329
1,915,325,875,329
1,905,322,875,329
1,915,334,875,329
1,913,335,877,333
1,916,328,880,342
1,899,317,884,349
1,899,318,887,355
1,885,308,889,360
1,884,302,890,362
1,888,307,890,366
1,895,288,891,370
1,892,301,892,372
1,887,301,893,373
1,891,307,893,374
1,878,294,893,374
1,890,264,894,374
1,916,277,895,374
1,903,266,898,374
1,903,296,899,374
1,887,284,900,374
1,874,283,901,370
1,852,256,902,368
1,859,234,904,363
1,882,242,905,356
1,888,234,905,343
1,913,217,903,336
1,939,216,901,331
1,929,207,899,327
1,910,216,898,325
1,923,210,898,322
1,938,214,899,320
1,920,203,901,316
1,918,189,902,314
1,901,152,903,311
1,922,160,905,308
1,924,153,909,305
1,922,153,913,299
1,918,171,920,293
1,926,161,930,285
1,938,162,934,282
1,917,150,936,280
1,918,155,939,279
1,938,143,941,278
1,939,133,943,277
1,940,155,944,274
1,943,150,947,273
1,922,166,948,271
1,895,165,950,268
1,891,156,951,266
1,892,169,953,265
1,903,158,954,262
1,900,161,954,259
1,918,154,955,256
1,945,136,956,252
1,963,143,956,250
1,963,139,956,248
1,946,128,956,245
1,955,119,956,242
1,964,148,956,241
1,975,160,956,240
1,964,159,956,238
1,988,174,956,237
1,991,172,956,235
1,993,180,956,234
1,1003,169,956,233
1,1003,209,956,232
1,986,215,956,232
1,989,218,956,230
1,1018,231,956,230
1,1037,231,957,230
1,1021,224,957,229
1,1002,222,958,228
1,1017,205,960,228
1,998,207,962,227
1,993,210,964,226
1,1006,209,967,226
1,1017,210,970,223
1,1041,214,972,222
1,1040,207,976,221
1,1040,205,981,220
1,1065,182,990,220
1,1083,171,1000,220
1,1079,179,1012,220
1,1083,205,1018,222
1,1081,190,1020,223
1,1076,202,1022,228
1,1073,194,1023,235
1,1086,208,1023,240
1,1075,238,1024,241
1,1069,242,1025,241
1,1061,228,1025,241
1,1073,223,1025,241
1,1090,215,1025,241
1,1095,211,1029,241
1,1091,210,1038,236
1,1101,227,1062,227
1,1089,234,1071,223
1,1090,229,1076,222
1,1096,240,1083,220
1,1092,211,1094,217
1,1094,205,1113,215
1,1100,185,1133,212
1,1096,169,1151,206
1,1074,200,1164,202
1,1080,198,1173,197
1,1072,195,1177,195
1,1085,217,1183,192
1,1062,231,1188,191
1,1053,249,1198,188
1,1052,252,1208,186
1,1051,250,1219,185
1,1068,281,1224,183
1,1081,279,1224,183
1,1078,278,1224,183
1,1078,286,1224,183
1,1092,303,1224,183
1,1096,291,1224,183
1,1079,282,1224,183
1,1113,295,1222,183
1,1115,296,1221,183
1,1106,283,1217,182
1,1116,275,1213,182
1,1127,285,1199,183
1,1111,288,1192,187
1,1113,294,1184,195
1,1111,296,1183,201
1,1118,286,1179,213
1,1110,309,1176,230
1,1104,334,1175,239
1,1112,337,1173,246
1,1131,326,1170,258
1,1138,311,1168,272
1,1116,292,1165,296
1,1080,303,1162,308
1,1082,301,1159,313
1,1062,286,1155,319
1,1081,277,1154,321
1,1080,255,1154,323
1,1082,251,1153,325
1,1075,248,1152,325
1,1075,261,1151,326
1,1074,265,1148,328
1,1070,272,1147,330
1,1085,279,1147,334
1,1082,294,1147,339
1,1073,285,1147,341
1,1079,273,1149,344
1,1120,262,1150,344
1,1159,264,1150,344
1,1181,265,1152,344
1,1168,249,1153,341
1,1159,236,1154,333
1,1146,237,1156,322
1,1130,211,1154,310
1,1122,232,1151,300
1,1128,228,1148,288
1,1102,232,1146,283
1,1084,239,1145,278
1,1057,244,1144,275
1,1079,235,1144,274
1,1106,270,1144,273
1,1105,263,1144,273
1,1069,256,1144,273
1,1072,251,1144,272
1,1085,247,1144,272
1,1089,250,1145,272
1,1088,251,1146,272
1,1111,267,1149,272
1,1094,248,1151,272
1,1090,263,1153,272
1,1098,256,1154,272
1,1092,263,1155,272
1,1087,249,1155,272
1,1082,237,1157,272
1,1055,218,1157,272
1,1080,230,1158,268
1,1086,246,1159,267
1,1089,257,1159,266
1,1085,257,1159,264
1,1097,254,1159,259
1,1080,248,1159,254
1,1096,239,1159,250
1,1110,246,1159,248
1,1118,235,1158,248
1,1117,230,1156,247
1,1108,249,1156,247
1,1116,262,1153,247
1,1108,278,1141,250
1,1112,273,1122,255
1,1108,263,1107,261
1,1098,260,1097,270
1,1114,267,1091,279
1,1144,270,1089,286
1,1150,293,1088,292
1,1133,284,1086,297
1,1124,261,1084,302
1,1118,249,1084,307
1,1131,234,1084,311
1,1114,233,1087,313
1,1115,223,1089,313
1,1117,203,1091,313
1,1134,193,1091,313
1,1141,216,1091,313
1,1133,214,1091,313
1,1144,218,1092,313
1,1164,213,1094,313
1,1160,209,1095,313
1,1158,216,1097,313
1,1156,218,1101,312
1,1139,239,1106,311
1,1121,250,1114,309
1,1106,252,1125,308
1,1115,240,1128,306
1,1110,241,1130,302
1,1124,248,1131,298
1,1120,260,1134,293
1,1121,254,1138,289
1,1122,269,1144,285
1,1116,264,1149,279
1,1115,268,1152,275
1,1097,267,1154,272
1,1099,274,1157,266
1,1089,270,1158,260
1,1094,254,1158,258
1,1093,246,1159,256
1,1098,247,1160,256
1,1114,266,1163,255
1,1101,279,1165,254
1,1111,299,1167,251
1,1123,301,1169,249
1,1130,294,1170,248
1,1144,281,1170,247
1,1171,271,1168,246
1,1184,274,1167,246
1,1190,266,1165,246
1,1188,262,1157,248
1,1173,252,1148,254
1,1172,243,1141,258
1,1158,282,1135,262
1,1142,263,1133,263
1,1148,269,1131,264
1,1153,248,1129,266
1,1158,247,1129,269
1,1133,249,1129,274
1,1123,254,1130,280
1,1115,252,1134,287
1,1131,238,1143,293
1,1121,233,1150,297
1,1107,210,1160,300
1,1110,222,1162,300
1,1113,223,1163,300
1,1108,237,1165,300
1,1106,235,1166,300
1,1120,237,1168,299
1,1136,244,1169,296
1,1159,231,1171,295
1,1163,226,1173,293
1,1166,230,1173,290
1,1184,241,1174,289
1,1182,255,1175,287
1,1189,255,1176,286
1,1194,272,1176,284
1,1208,311,1176,283
1,1211,297,1176,281
1,1193,305,1176,281
1,1191,297,1176,279
1,1171,297,1176,278
1,1182,285,1176,277
1,1196,304,1176,275
1,1202,316,1176,272
1,1207,303,1175,271
1,1197,316,1175,271
1,1210,327,1175,270
1,1192,349,1175,270
1,1184,349,1175,269
1,1190,368,1175,269
1,1182,379,1175,269
1,1179,388,1175,269
1,1132,390,1177,268
1,1108,406,1178,268
1,1093,409,1179,268
1,1095,419,1183,268
1,1098,425,1184,268
1,1119,399,1186,268
1,1117,395,1190,268
1,1133,392,1192,269
1,1158,399,1194,270
1,1134,381,1196,271
1,1131,370,1197,275
1,1134,376,1197,278
1,1118,360,1198,284
1,1120,370,1198,290
1,1128,386,1196,299
1,1132,386,1193,310
1,1124,398,1190,322
1,1120,391,1183,335
1,1113,404,1177,346
1,1122,403,1171,354
1,1130,411,1161,364
1,1129,426,1153,372
1,1133,420,1149,376
1,1142,421,1145,381
1,1176,430,1143,383
1,1196,417,1142,386
1,1219,400,1140,387
1,1222,419,1140,388
1,1199,424,1140,388
1,1196,427,1140,390
1,1193,414,1140,393
1,1169,414,1140,397
1,1141,410,1140,400
1,1135,408,1139,402
1,1143,412,1139,404
1,1139,412,1139,409
1,1128,412,1141,416
1,1139,415,1143,422
1,1148,410,1145,424
1,1166,417,1147,425
1,1172,417,1147,425
1,1190,414,1147,426
1,1186,451,1148,426
1,1173,447,1154,425
1,1162,466,1161,422
1,1154,449,1166,421
1,1156,444,1171,415
1,1146,479,1174,413
1,1150,498,1175,412
1,1178,535,1176,411
1,1189,517,1176,411
1,1170,512,1176,411
1,1141,521,1176,410
1,1155,531,1176,410
1,1152,538,1176,410
1,1135,528,1176,410
1,1118,510,1178,411
1,1109,500,1178,414
1,1116,505,1179,416
1,1126,507,1179,419
1,1130,520,1180,423
1,1123,530,1181,430
1,1116,536,1184,439
1,1139,536,1187,447
1,1127,545,1193,466
1,1124,541,1197,484
1,1158,520,1197,505
1,1140,546,1197,524
1,1130,540,1195,537
1,1142,537,1195,545
1,1129,532,1195,549
1,1140,524,1195,550
1,1155,527,1195,550
1,1144,543,1195,550
1,1127,542,1195,550
1,1130,524,1195,551
1,1124,513,1194,552
1,1110,520,1194,555
1,1097,524,1194,557
1,1090,530,1192,559
1,1076,543,1191,562
1,1087,531,1190,565
1,1070,540,1189,567
1,1085,554,1188,570
1,1104,572,1188,570
1,1108,560,1188,570
1,1077,572,1187,570
1,1093,576,1187,570
1,1099,565,1187,570
1,1083,529,1187,570
1,1094,541,1184,570
1,1100,537,1182,569
1,1103,523,1171,566
1,1084,509,1165,566
1,1086,485,1159,566
1,1083,472,1156,567
1,1096,490,1152,570
1,1118,486,1148,575
1,1105,510,1145,578
1,1100,502,1143,581
1,1097,512,1141,584
1,1119,520,1137,588
1,1094,522,1137,590
1,1067,499,1136,590
1,1048,512,1135,590
1,1046,532,1131,589
1,1041,548,1126,587
1,1048,547,1119,584
1,1013,552,1108,579
1,988,551,1101,577
1,969,570,1099,573
1,942,569,1096,567
1,932,555,1094,563
1,928,551,1094,560
1,903,552,1094,555
1,913,558,1095,551
1,901,578,1095,549
1,920,568,1096,547
1,932,570,1096,546
1,920,579,1095,543
1,926,574,1091,542
1,924,587,1086,542
1,956,587,1079,542
1,949,612,1065,543
1,926,601,1058,546
1,927,634,1047,549
1,908,612,1043,550
1,914,598,1042,550
1,915,586,1042,550
1,930,594,1038,551
1,934,580,1033,551
1,954,596,1026,553
1,954,595,1021,557
1,925,585,1017,561
1,926,593,1011,568
1,890,583,1001,578
1,908,593,987,588
1,902,598,978,597
1,887,592,972,605
1,883,590,971,608
1,877,593,971,613
1,887,620,970,619
1,899,626,968,624
1,906,633,964,630
1,915,638,961,635
1,926,644,957,639
1,915,645,955,641
1,938,640,952,641
1,943,640,947,641
1,929,653,937,640
1,918,653,928,638
1,920,627,924,634
1,909,650,920,630
1,903,638,916,627
1,902,635,910,626
1,900,624,906,626
1,905,610,904,626
1,910,607,902,627
1,903,601,902,628
1,907,600,901,631
1,930,593,901,634
1,932,601,901,639
1,951,604,901,645
1,950,618,901,647
1,948,632,901,648
1,939,629,901,648
1,943,644,901,648
1,938,666,901,648
1,940,648,901,648
1,929,641,901,648
1,919,616,901,648
1,920,628,901,648
1,931,635,901,648
1,925,613,901,648
1,926,590,901,648
1,927,614,901,648
1,940,616,901,649
1,948,627,899,649
1,949,634,899,649
1,961,633,899,649
1,944,621,899,649
1,947,625,905,649
1,929,624,919,649
1,907,626,936,646
1,917,621,950,638
1,914,618,959,629
1,930,602,962,620
1,931,608,965,615
1,910,601,965,611
1,909,601,966,609
1,919,601,968,607
1,919,610,971,604
1,931,612,973,603
1,956,609,973,602
1,958,610,973,602
1,954,610,973,602
1,956,579,973,602
1,1006,583,973,602
1,1032,585,972,600
1,1021,570,968,597
1,1021,582,963,593
1,1002,606,955,587
1,995,584,950,584
1,1010,576,950,583
1,978,575,946,580
1,979,574,942,572
1,969,586,937,567
1,975,578,936,567
1,965,567,934,569
1,955,561,934,579
1,952,582,935,588
1,951,600,939,597
1,938,602,948,601
1,924,606,957,604
1,909,587,966,602
1,884,587,973,598
1,905,570,982,595
1,893,584,995,591
1,876,586,1012,585
1,879,581,1023,582
1,901,593,1032,579
1,880,592,1035,578
1,871,600,1036,577
1,862,604,1036,574
1,868,599,1038,570
1,892,582,1040,565
1,887,561,1042,560
1,900,570,1043,557
1,893,553,1043,551
1,887,570,1040,546
1,881,580,1034,540
1,851,599,1029,535
1,868,599,1025,530
1,854,606,1019,529
1,858,596,1012,529
1,828,609,1003,530
1,832,594,990,536
1,860,600,976,545
1,875,599,972,549
1,871,610,970,554
1,863,590,970,558
1,857,601,972,564
1,842,595,972,567
1,818,580,973,568
1,817,597,973,568
1,821,596,973,568
1,829,596,973,569
1,822,629,973,569
1,813,647,973,572
1,806,637,971,575
1,818,630,962,580
1,808,631,952,583
1,797,628,937,588
1,768,627,927,591
1,733,647,916,594
1,735,661,907,597
1,742,644,898,599
1,739,627,890,601
1,726,616,870,605
1,729,622,847,610
1,728,625,837,615
1,753,627,833,621
1,730,632,827,628
1,738,626,820,637
1,734,630,815,643
1,728,643,807,647
1,730,620,804,647
1,731,633,801,647
1,717,637,797,647
1,718,622,796,647
1,734,604,796,647
1,716,610,796,647
1,744,620,796,647
1,723,641,796,647
1,696,644,795,647
1,653,667,792,643
1,674,684,787,641
1,683,693,780,641
1,677,690,775,641
1,675,721,771,641
1,673,726,771,641
1,671,728,770,641
1,662,710,769,642
1,672,722,768,644
1,661,729,765,645
1,677,737,758,652
1,696,750,757,655
1,697,757,757,655
1,691,763,757,655
1,708,757,757,656
1,706,767,756,657
1,700,758,752,657
1,703,778,750,658
1,690,803,749,659
1,718,807,747,660
1,711,811,743,660
1,733,831,739,660
1,744,824,736,660
1,785,807,735,660
1,769,806,735,660
1,758,782,735,661
1,767,762,732,661
1,755,761,730,663
1,762,748,729,664
1,786,756,727,665
1,790,754,725,665
1,790,758,725,666
1,764,751,725,666
1,765,747,725,667
1,752,743,724,669
1,749,729,724,671
1,756,719,725,674
1,720,695,728,677
1,675,669,734,681
1,675,675,739,682
1,665,678,746,685
1,665,688,755,686
1,663,695,765,686
1,661,690,779,686
1,649,677,786,683
1,658,691,790,682
1,672,686,792,680
1,684,687,792,679
1,676,655,792,679
1,670,665,792,679
1,676,660,792,678
1,678,674,792,676
1,700,669,791,675
1,675,689,790,675
1,698,690,789,675
1,704,665,786,675
1,700,654,784,675
1,701,656,781,675
1,722,638,778,678
1,699,631,775,679
1,718,633,773,680
1,730,632,773,680
1,735,609,773,680
1,724,611,773,680
1,725,615,772,680
1,734,607,772,680
1,720,598,772,680
1,697,607,771,679
1,707,581,771,679
1,744,579,770,679
1,747,580,770,679
1,764,579,770,679
1,759,596,770,677
1,742,592,770,676
1,751,599,768,674
1,754,620,768,672
1,725,616,766,668
1,731,642,765,666
1,744,620,764,661
1,714,612,761,654
1,732,608,759,647
1,729,624,756,638
1,723,629,753,626
1,726,622,752,613
1,727,622,752,597
1,744,624,752,580
1,747,638,752,568
1,733,621,752,559
1,723,629,754,552
1,697,596,758,548
1,700,613,763,547
1,712,627,769,544
1,705,628,771,540
1,704,651,773,538
1,688,666,776,536
1,697,639,778,533
1,682,651,780,531
1,676,669,781,530
1,653,690,781,529
1,651,666,781,529
1,640,667,781,529
1,633,675,781,529
1,639,674,781,529
1,634,681,781,529
1,642,675,780,529
1,660,679,779,529
1,655,686,777,529
1,659,673,773,529
1,683,668,766,529
1,668,674,763,530
1,653,659,758,531
1,648,680,750,536
1,648,678,739,542
1,637,699,725,553
1,617,710,696,578
1,606,715,686,592
1,589,717,677,608
1,597,712,674,617
1,601,694,671,627
1,595,682,670,636
1,599,687,668,651
1,594,686,668,657
1,624,703,665,672
1,611,705,663,682
1,615,721,659,701
1,619,737,657,710
1,617,718,657,712
1,627,717,657,713
1,639,714,657,713
1,644,726,657,713
1,643,722,656,713
1,652,713,655,713
1,647,728,650,713
1,649,727,643,710
1,638,722,634,707
1,627,757,630,706
1,618,757,627,704
1,626,748,624,702
1,621,738,622,701
1,635,735,620,701
1,619,748,617,701
1,609,722,616,704
1,642,758,616,705
1,643,752,616,707
1,644,732,616,709
1,668,740,616,712
1,683,721,616,714
1,675,718,616,716
1,703,730,618,718
1,676,723,619,722
1,678,707,619,723
1,686,704,620,726
1,681,713,620,728
1,667,729,621,730
1,681,745,621,732
1,654,763,621,734
1,641,756,622,735
1,644,738,622,735
1,635,741,623,735
1,637,735,623,735
1,633,710,623,735
1,602,691,623,735
1,577,676,623,735
1,529,694,623,736
1,571,698,625,736
1,552,692,625,736
1,526,698,627,736
1,580,712,630,737
1,561,701,636,737
1,567,697,639,735
1,556,693,643,734
1,562,709,644,734
1,527,698,645,734
1,562,695,648,733
1,547,684,650,731
1,543,648,655,729
1,542,633,659,727
1,547,649,660,725
1,544,648,662,722
1,536,644,665,720
1,604,664,666,719
1,575,669,667,716
1,587,680,667,714
1,583,716,667,711
1,598,702,664,708
1,605,707,662,707
1,593,721,657,706
1,588,737,652,705
1,580,715,647,705
1,583,722,640,703
1,614,721,634,700
1,630,752,632,698
1,631,746,628,693
1,643,752,627,688
1,629,740,626,682
1,625,756,626,680
1,609,755,626,678
1,627,730,626,678
1,622,730,626,678
1,621,727,626,678
1,594,737,626,679
1,579,742,626,683
1,559,739,623,687
1,537,752,623,693
1,570,740,622,699
1,576,756,624,704
1,590,764,625,708
1,576,774,627,711
1,599,764,630,715
1,606,757,633,717
1,633,738,640,721
1,629,752,643,723
1,616,750,644,723
1,608,736,644,724
1,623,752,644,724
1,628,758,644,724
1,635,735,644,724
1,635,732,642,723
1,661,731,637,720
1,660,719,627,716
1,646,712,618,714
1,671,734,614,713
1,664,724,612,713
1,659,726,612,713
1,656,715,611,713
1,660,732,610,715
1,678,716,610,716
1,679,722,608,717
1,673,727,609,719
1,672,726,609,720
1,687,716,609,720
1,678,717,610,721
1,693,704,612,721
1,700,720,621,721
1,703,712,635,723
1,720,716,652,723
1,713,730,660,722
1,713,745,665,722
1,714,775,665,722
1,696,753,665,721
1,682,738,665,720
1,656,740,666,719
1,666,732,666,717
1,667,725,668,715
1,655,726,669,712
1,637,718,670,709
1,639,719,674,701
1,651,729,678,700
1,648,729,683,700
1,655,715,686,700
1,644,727,689,701
1,659,733,693,706
1,664,726,695,710
1,667,729,696,714
1,694,731,696,719
1,686,749,696,722
1,684,760,696,723
1,692,763,696,723
1,695,756,696,723
1,723,748,696,723
1,724,770,696,723
1,731,759,696,722
1,743,777,696,720
1,743,782,696,718
1,754,770,696,715
1,760,756,696,714
1,750,751,696,714
1,737,737,696,714
1,714,735,699,713
1,702,739,703,713
1,704,707,708,716
1,709,670,717,719
1,713,683,723,723
1,699,669,725,724
1,676,679,727,728
1,664,669,733,731
1,668,668,741,734
1,666,681,758,735
1,682,683,761,736
1,688,678,766,736
1,686,681,768,736
1,678,678,769,736
1,676,701,772,735
1,694,700,774,733
1,706,668,779,730
1,708,677,779,729
1,730,693,780,728
1,738,718,780,727
1,740,734,780,725
1,739,730,778,719
1,738,718,770,712
1,734,699,759,706
1,723,689,748,699
1,721,642,743,697
1,740,625,741,697
1,724,587,741,697
1,712,586,741,697
1,693,615,740,697
1,692,607,738,699
1,696,620,737,701
1,706,619,737,704
1,712,634,739,706
1,689,632,742,708
1,684,650,746,711
1,696,661,749,711
1,677,664,753,711
1,673,666,757,711
1,672,662,760,711
1,674,663,767,708
1,676,662,770,707
1,681,640,772,704
1,693,645,772,703
1,709,671,772,702
1,746,646,772,700
1,747,631,772,698
1,762,638,769,694
1,783,633,768,690
1,797,655,762,686
1,779,651,759,684
1,787,663,753,678
1,802,681,749,675
1,804,678,747,674
1,784,713,744,673
1,788,725,743,672
1,805,700,743,671
1,809,686,742,670
1,829,680,741,667
1,840,683,740,665
1,860,671,739,663
1,865,691,736,659
1,848,689,735,656
1,822,673,732,648
1,815,674,731,642
1,800,644,730,637
1,808,636,728,631
1,789,636,727,626
1,782,642,727,621
1,765,644,727,619
1,762,650,727,618
1,780,652,727,618
1,797,650,727,617
1,811,653,729,617
1,818,651,733,617
1,820,646,740,617
1,840,637,766,626
1,840,622,783,629
1,826,596,794,632
1,836,615,803,632
1,856,605,804,632
1,841,599,805,632
1,826,584,805,632
1,841,572,805,632
1,845,570,805,632
1,829,578,805,632
1,825,572,805,632
1,829,552,805,632
1,827,550,805,632
1,827,541,805,632
1,829,503,805,632
1,814,496,806,632
1,812,506,808,632
1,798,524,813,631
1,801,516,819,628
1,820,511,824,625
1,812,510,832,620
1,837,500,839,615
1,817,509,845,611
1,807,514,849,605
1,800,512,854,595
1,811,543,859,587
1,815,549,863,578
1,821,548,866,571
1,815,556,869,562
1,834,569,871,553
1,864,569,872,546
1,863,571,873,539
1,878,547,873,534
1,857,563,872,530
1,850,562,871,528
1,829,554,870,526
1,824,544,868,525
1,827,556,866,522
1,847,552,865,521
1,838,546,865,521
1,863,552,865,521
1,885,558,865,521
1,904,532,865,521
1,903,532,865,521
1,930,524,865,521
1,928,506,865,521
1,926,501,865,523
1,926,478,865,525
1,927,498,865,526
1,929,486,865,528
1,949,490,864,532
1,933,488,864,533
1,924,498,864,535
1,923,494,864,537
1,911,497,864,539
1,906,520,864,539
1,900,523,864,540
1,913,525,864,540
1,913,523,864,540
1,927,521,864,540
1,929,518,864,540
1,954,512,867,540
1,950,544,868,540
1,945,555,870,538
1,943,541,875,534
1,946,536,881,533
1,940,527,888,526
1,965,539,890,526
1,966,526,892,522
1,951,544,894,520
1,960,529,894,516
1,969,521,895,514
1,963,529,896,509
1,963,519,898,505
1,958,541,901,500
1,960,543,905,494
1,950,554,909,490
1,970,551,913,486
1,984,532,915,484
1,972,545,916,482
1,984,545,917,480
1,976,553,917,479
1,971,556,917,479
1,981,547,918,479
1,986,548,918,479
1,983,530,922,479
1,986,555,925,479
1,977,540,931,478
1,988,535,935,478
1,993,534,942,478
1,1010,527,949,478
1,1007,522,959,479
1,1024,538,973,480
1,1027,513,986,482
1,1038,518,1001,484
1,1035,499,1011,484
1,1041,528,1021,484
1,1060,534,1028,484
1,1061,517,1032,484
1,1066,517,1033,484
1,1080,512,1034,483
1,1076,524,1034,483
1,1058,512,1034,483
1,1081,517,1036,482
1,1105,494,1039,481
1,1091,486,1042,478
1,1103,485,1043,476
1,1118,466,1050,474
1,1141,459,1055,472
1,1145,439,1063,471
1,1147,425,1070,471
1,1140,429,1077,471
1,1133,430,1086,471
1,1159,409,1102,472
1,1173,403,1114,473
1,1147,380,1131,473
1,1154,386,1152,473
1,1145,377,1166,473
1,1144,389,1184,473
1,1135,387,1201,471
1,1150,373,1204,470
1,1124,371,1217,468
1,1124,355,1222,466
1,1129,364,1229,463
1,1131,376,1236,460
1,1128,416,1244,457
1,1114,426,1251,454
1,1101,414,1258,448
1,1110,413,1264,444
1,1082,422,1268,438
1,1079,415,1268,433
1,1081,401,1268,425
1,1070,373,1262,420
1,1066,345,1249,413
1,1065,343,1235,407
1,1075,336,1223,404
1,1065,352,1214,402
1,1050,339,1209,401
1,1020,322,1205,401
1,1016,316,1203,401
1,1013,303,1199,402
1,1039,332,1195,409
1,1033,315,1188,417
1,1009,299,1174,429
1,1031,288,1163,435
1,1023,319,1154,440
1,1019,318,1148,444
1,1003,313,1148,444
1,1033,310,1148,444
1,1021,291,1148,444
1,1031,289,1147,443
1,1016,317,1146,441
1,1032,302,1144,438
1,1029,285,1141,435
1,1015,271,1136,430
1,1014,260,1133,424
1,1013,265,1128,420
1,1017,267,1121,414
1,1028,283,1111,407
1,1017,286,1104,402
1,1012,299,1099,397
1,1008,313,1096,393
1,1000,322,1093,389
1,999,297,1093,385
1,994,300,1093,383
1,987,300,1093,380
1,996,297,1095,373
1,1003,307,1095,368
1,1009,294,1095,365
1,986,320,1095,360
1,964,321,1097,356
1,987,325,1099,352
1,1003,311,1101,349
1,1024,311,1105,346
1,1030,329,1112,342
1,1036,340,1114,338
1,1011,329,1118,336
1,1003,331,1119,335
1,1003,351,1120,331
1,1011,337,1122,330
1,1004,340,1123,329
1,1006,360,1125,327
1,994,367,1129,323
1,984,368,1131,321
1,992,345,1132,318
1,1011,347,1133,317
1,1005,328,1133,316
1,1022,313,1133,316
1,1034,323,1132,314
1,999,330,1129,314
1,964,309,1122,314
1,982,314,1110,314
1,979,320,1098,315
1,998,319,1081,321
1,994,310,1073,327
1,995,295,1066,335
1,1005,284,1055,352
1,1000,292,1046,364
1,965,276,1044,369
1,951,281,1043,372
1,969,269,1043,372
1,974,275,1043,372
1,980,287,1043,372
1,968,293,1043,372
1,949,284,1041,372
1,955,276,1039,372
1,926,246,1034,369
1,930,251,1025,365
1,962,231,1010,359
1,948,233,997,356
1,936,258,987,352
1,927,273,984,349
1,916,238,981,347
1,907,232,981,345
1,918,238,979,341
1,913,248,977,340
1,929,239,975,339
1,919,227,974,338
1,915,208,974,336
1,930,194,973,335
1,947,196,971,333
1,947,211,969,331
1,917,178,966,328
1,912,189,964,327
1,911,195,960,326
1,885,193,955,323
1,890,180,950,323
1,883,184,945,322
1,876,193,941,320
1,882,199,937,318
1,896,201,935,317
1,860,203,934,316
1,848,203,934,314
1,837,204,934,313
1,819,189,933,310
1,810,193,932,308
1,814,196,932,306
1,809,176,929,301
1,807,168,928,298
1,796,153,924,291
1,785,138,917,285
1,788,119,909,277
1,796,145,900,268
1,808,149,894,262
1,807,147,890,257
1,791,152,886,251
1,781,152,882,245
1,756,120,876,243
1,760,134,870,240
1,787,132,867,239
1,801,124,861,238
1,802,131,850,238
1,786,123,826,234
1,794,128,799,232
1,819,157,781,228
1,804,151,771,225
1,789,134,770,224
1,778,130,768,222
1,753,111,767,220
1,766,162,766,217
1,769,189,765,212
1,753,188,759,205
1,762,177,755,196
1,753,172,752,186
1,756,164,750,177
1,744,148,750,172
1,730,154,752,168
1,727,145,756,164
1,714,128,765,160
1,711,92,771,157
1,684,145,772,156
1,686,157,773,155
1,687,126,773,154
1,714,123,773,154
1,717,136,773,154
1,711,132,773,154
1,691,129,773,154
1,686,132,772,153
1,686,134,771,153
1,694,121,771,153
1,704,132,770,152
1,668,151,770,152
1,661,139,768,152
1,641,113,767,152
1,631,163,761,153
1,633,172,754,156
1,664,169,749,157
1,666,170,744,159
1,657,188,738,159
1,649,199,733,159
1,630,175,730,159
1,642,199,721,159
1,661,205,711,159
1,677,194,699,158
1,682,192,692,158
1,674,199,691,158
1,682,176,691,158
1,670,188,691,157
1,668,183,689,157
1,646,194,687,157
1,652,187,686,157
1,659,178,684,157
1,650,186,679,158
1,621,212,672,160
1,614,226,659,165
1,583,211,644,170
1,593,230,633,174
1,586,243,624,179
1,586,235,620,183
1,599,231,620,185
1,607,202,620,186
1,629,193,619,190
1,670,192,619,195
1,663,211,619,202
1,663,196,619,214
1,692,229,620,222
1,709,238,623,233
1,705,255,623,240
1,683,254,621,247
1,670,247,618,254
1,677,232,614,261
1,673,205,608,275
1,663,237,606,282
1,686,219,606,285
1,667,228,606,286
1,684,227,606,288
1,683,219,606,289
1,685,229,606,290
1,695,232,609,292
1,700,231,620,294
1,692,223,642,297
1,716,228,671,303
1,730,233,678,306
1,740,248,685,307
1,742,263,688,307
1,759,277,695,307
1,758,285,703,305
1,791,270,720,302
1,802,272,735,297
1,816,276,746,293
1,815,262,757,286
1,788,294,762,284
1,779,287,766,280
1,777,297,773,278
1,773,307,780,274
1,763,327,793,268
1,746,342,797,265
1,749,328,802,261
1,731,330,806,258
1,728,330,810,256
1,724,354,814,255
1,735,353,819,253
1,724,335,824,253
1,718,355,829,255
1,725,372,836,258
1,734,393,838,259
1,715,402,841,261
1,733,388,843,263
1,765,368,845,266
1,758,344,845,269
1,749,337,842,273
1,727,339,833,281
1,705,332,822,287
1,704,334,813,293
1,712,313,804,300
1,708,309,795,306
1,711,296,782,313
1,708,299,769,318
1,714,309,755,328
1,707,313,751,337
1,700,309,751,342
1,673,311,753,348
1,671,318,757,353
1,667,340,758,356
1,672,303,760,358
1,671,297,761,360
1,671,284,763,360
1,670,299,763,360
1,668,314,764,360
1,665,335,764,360
1,674,346,764,360
1,686,343,764,358
1,686,330,762,357
1,694,333,760,353
1,685,347,750,346
1,706,341,741,344
1,686,339,733,344
1,685,355,722,346
1,671,328,712,349
1,666,348,701,354
1,683,359,692,355
1,695,374,685,358
1,721,374,680,361
1,716,414,675,363
1,735,408,670,367
1,711,399,664,371
1,720,387,650,381
1,704,398,641,389
1,688,409,636,393
1,680,426,636,394
1,646,421,636,394
1,661,426,636,394
1,667,430,636,394
1,677,429,636,394
1,677,440,636,394
1,705,424,636,395
1,682,421,638,398
1,666,412,644,400
1,663,437,651,403
1,649,435,662,410
1,631,451,686,416
1,630,464,692,419
1,669,452,693,419
1,655,442,694,420
1,641,437,694,421
1,658,400,694,424
1,671,438,694,425
1,673,443,693,426
1,679,439,693,427
1,667,433,693,429
1,665,425,693,430
1,643,429,693,433
1,634,451,693,438
1,626,480,691,443
1,631,489,688,453
1,633,499,680,476
1,632,486,675,495
1,617,514,670,505
1,589,508,669,516
1,584,509,669,521
1,610,502,669,525
1,591,480,669,527
1,584,479,669,527
1,595,475,669,527
1,596,494,670,527
1,605,487,671,528
1,579,485,672,529
1,573,489,673,531
1,568,499,675,534
1,586,500,677,536
1,593,505,680,538
1,581,486,683,538
1,602,472,686,538
1,589,455,687,538
1,567,465,687,538
1,542,431,687,538
1,577,436,687,538
1,569,440,687,538
1,565,426,687,537
1,558,428,674,534
1,566,437,653,530
1,561,448,649,530
1,560,436,635,529
1,552,440,625,529
1,535,426,625,530
1,546,420,625,532
1,539,418,624,534
1,543,422,623,534
1,514,419,623,535
1,584,433,621,536
1,596,447,617,537
1,563,481,616,537
1,559,500,612,537
1,570,498,611,537
1,574,484,609,535
1,571,498,607,532
1,579,501,603,530
1,573,511,600,525
1,603,508,596,519
1,631,485,591,510
1,651,491,587,500
1,646,494,584,491
1,614,502,580,483
1,622,517,576,481
1,628,524,572,481
1,633,513,570,481
1,633,515,566,488
1,627,503,566,491
1,605,533,565,500
1,594,554,568,509
1,592,568,572,514
1,554,584,578,519
1,556,593,583,520
1,544,588,588,521
1,545,571,595,521
1,541,582,607,523
1,577,563,628,523
1,591,565,638,523
1,589,546,643,523
1,608,553,644,523
1,605,545,644,523
1,618,540,644,523
1,599,552,644,523
1,591,555,644,523
1,580,576,644,523
1,579,571,644,523
1,577,589,641,525
1,547,575,635,528
1,552,563,629,532
1,561,547,625,534
1,563,564,623,538
1,568,550,617,543
1,576,519,615,545
1,588,524,614,546
1,582,549,613,548
1,601,546,613,548
1,614,531,612,549
1,621,530,611,550
1,615,542,611,552
1,614,562,608,556
1,607,564,605,561
1,601,600,601,567
1,613,598,593,578
1,585,568,585,592
1,571,592,575,603
1,558,612,569,614
1,550,599,563,620
1,561,629,560,625
1,584,619,559,627
1,602,611,559,627
1,582,596,559,627
1,592,593,560,621
1,600,593,561,619
1,612,551,563,617
1,620,562,567,616
1,580,555,572,614
1,597,560,574,613
1,603,560,574,613
1,621,549,574,613
1,634,560,574,613
1,613,554,574,617
1,597,557,573,619
1,589,589,568,624
1,618,599,566,626
1,604,596,564,628
1,605,588,563,629
1,594,590,563,630
1,595,589,562,631
1,574,594,561,633
1,562,607,561,636
1,559,603,561,638
1,584,586,561,639
1,591,589,562,639
1,562,587,565,639
1,521,587,571,639
1,587,561,586,634
1,604,560,604,622
1,616,547,611,618
1,617,542,617,612
1,655,548,618,607
1,657,529,620,600
1,666,515,619,593
1,654,506,618,586
1,655,487,615,581
1,658,502,612,578
1,643,498,609,577
1,645,507,605,577
1,667,513,598,579
1,654,504,587,585
1,678,507,576,591
1,686,480,565,597
1,694,468,556,603
1,681,464,547,609
1,681,461,545,613
1,696,450,542,617
1,706,451,541,617
1,716,459,541,617
1,712,456,541,617
1,707,454,547,617
1,688,426,563,616
1,684,430,588,613
1,695,436,608,609
1,684,417,617,607
1,678,419,622,605
1,658,429,625,599
1,617,453,625,592
1,616,441,626,585
1,606,441,629,575
1,587,454,634,560
1,606,459,637,545
1,584,439,643,528
1,561,432,646,501
1,566,455,651,485
1,563,450,655,468
1,578,446,664,450
1,597,421,671,436
1,598,419,682,415
1,600,408,686,400
1,598,406,687,386
1,619,391,685,375
1,590,383,675,361
1,587,404,669,357
1,594,407,667,356
1,618,397,664,356
1,625,390,661,356
1,630,408,650,359
1,636,385,637,364
1,625,370,622,369
1,626,355,613,372
1,620,342,608,374
1,661,344,608,375
1,636,330,608,375
1,651,353,608,375
1,650,363,608,375
1,658,347,608,375
1,649,358,608,375
1,652,356,608,375
1,658,327,607,374
1,657,334,607,370
1,658,317,607,369
1,660,328,607,365
1,686,309,607,362
1,720,310,607,359
1,725,327,607,357
1,733,311,607,354
1,737,307,608,350
1,742,295,608,346
1,742,304,609,343
1,749,297,611,341
1,760,299,612,338
1,768,286,614,337
1,780,288,614,336
1,784,297,614,335
1,773,282,614,334
1,772,294,616,333
1,732,325,618,330
1,729,319,621,330
1,709,325,627,329
1,711,321,637,326
1,710,326,651,324
1,706,326,664,323
1,731,343,676,321
1,722,340,686,320
1,722,331,697,318
1,726,342,704,317
1,744,365,709,316
1,732,352,715,313
1,749,347,725,307
1,761,330,732,301
1,759,312,745,295
1,752,335,758,290
1,763,324,773,283
1,769,321,784,275
1,770,304,792,268
1,755,289,796,260
1,749,278,796,254
1,769,280,796,248
1,789,259,796,247
1,807,251,796,247
1,802,250,796,247
1,800,218,796,247
1,796,214,796,249
1,797,192,796,254
1,805,194,799,256
1,814,206,800,257
1,829,204,800,257
1,815,184,802,258
1,813,179,809,258
1,809,170,823,260
1,809,176,840,261
1,808,175,859,261
1,820,159,868,261
1,827,154,872,261
1,834,167,872,261
1,815,170,872,261
1,823,160,874,259
1,842,157,876,256
1,838,160,877,255
1,861,143,878,253
1,847,141,880,251
1,845,146,882,248
1,855,148,884,246
1,847,138,885,244
1,845,153,888,243
1,849,169,889,240
1,849,153,889,238
1,852,152,890,234
1,843,142,891,232
1,819,129,892,231
1,796,122,897,227
1,788,142,903,225
1,789,135,907,221
1,813,138,914,215
1,823,122,920,209
1,834,118,925,202
1,800,133,930,198
1,789,143,935,191
1,788,131,937,187
1,783,125,937,184
1,790,111,939,182
1,777,116,939,178
1,772,134,939,174
1,768,112,938,172
1,775,138,937,170
1,766,147,930,166
1,771,163,920,164
1,759,145,908,163
1,774,147,894,161
1,763,127,875,159
1,762,118,850,157
1,739,147,829,157
1,746,145,812,157
1,757,131,802,157
1,769,122,798,157
1,764,146,798,157
1,740,157,798,157
1,723,164,796,156
1,724,175,788,155
1,739,182,786,154
1,715,206,779,154
1,701,188,777,154
1,691,196,772,157
1,696,200,763,164
1,703,200,746,179
1,719,185,727,193
1,715,185,718,202
1,714,186,715,207
1,714,179,715,210
1,706,161,715,210
1,701,160,715,210
1,696,172,713,210
1,713,197,710,209
1,730,218,709,210
1,742,230,708,212
1,741,234,708,214
1,719,225,707,217
1,730,228,707,220
1,732,215,708,224
1,706,220,711,231
1,701,203,716,240
1,701,192,722,247
1,709,200,729,255
1,707,215,738,262
1,722,203,740,263
1,733,220,740,263
1,737,222,740,263
1,730,229,740,263
1,763,232,740,263
1,794,243,740,262
1,804,271,740,262
1,795,265,741,262
1,790,282,741,262
1,805,284,743,263
1,808,270,745,268
1,814,279,746,274
1,807,268,747,283
1,821,273,747,292
1,819,273,747,300
1,827,294,749,312
1,794,305,751,327
1,805,297,754,339
1,818,316,757,357
1,799,301,768,373
1,804,285,776,382
1,814,285,783,389
1,811,312,789,395
1,777,312,795,403
1,757,313,806,410
1,749,298,817,413
1,768,292,824,416
1,765,290,829,417
1,786,316,830,417
1,774,331,830,417
1,787,290,833,417
1,789,265,835,417
1,799,262,839,417
1,823,280,845,417
1,815,294,851,417
1,811,294,853,417
1,788,320,853,417
1,798,334,853,417
1,820,312,853,417
1,807,312,853,417
1,829,318,853,417
1,839,325,850,417
1,852,344,848,417
1,865,347,846,417
1,834,355,846,417
1,864,349,846,417
1,867,348,846,417
1,844,335,845,417
1,851,335,845,416
1,856,318,845,416
1,845,327,845,416
1,823,342,845,417
1,817,337,844,417
1,827,329,842,418
1,790,330,841,418
1,819,342,840,418
1,791,357,839,418
1,815,383,835,416
1,811,377,834,415
1,811,371,834,413
1,821,388,833,413
1,816,394,833,413
1,852,391,832,413
1,863,418,829,414
1,876,411,827,415
1,870,418,825,415
1,887,421,825,415
1,885,430,825,415
1,892,439,825,412
1,873,443,825,408
1,867,455,825,405
1,861,438,824,404
1,849,438,824,403
1,840,436,824,403
1,827,419,824,404
1,815,405,824,408
1,797,397,824,413
1,814,374,830,419
1,804,384,835,423
1,813,395,841,427
1,807,390,847,429
1,820,377,850,431
1,821,381,851,433
1,833,383,853,436
1,828,368,854,438
1,818,372,854,439
1,804,367,854,440
1,816,351,854,440
1,805,361,855,441
1,824,360,855,442
1,799,356,855,444
1,777,380,857,445
1,775,380,857,446
1,765,374,858,447
1,788,374,860,448
1,812,358,861,450
1,818,347,866,454
1,809,354,868,456
1,793,338,873,458
1,824,354,881,460
1,826,330,888,462
1,812,357,893,464
1,812,370,895,466
1,792,381,896,468
1,767,361,899,469
1,764,350,899,470
1,754,366,899,470
1,750,375,899,471
1,754,395,899,471
1,768,375,899,471
1,766,359,897,472
1,747,376,896,472
1,752,353,896,474
1,757,363,896,474
1,763,347,896,474
1,770,350,896,474
1,768,329,896,474
1,782,329,896,474
1,779,318,893,472
1,767,325,888,471
1,746,315,884,471
1,742,297,882,472
1,752,301,881,472
1,770,276,881,474
1,765,291,880,474
1,789,296,877,476
1,798,294,872,477
1,812,280,867,477
1,813,268,860,477
1,810,266,855,478
1,827,275,845,478
1,830,261,843,478
1,833,272,835,475
1,826,275,828,472
1,828,281,824,468
1,799,287,823,465
1,796,295,821,460
1,788,310,821,454
1,810,324,821,446
1,796,324,823,437
1,773,337,830,421
1,778,345,846,398
1,778,348,853,382
1,787,370,856,368
1,785,363,858,353
1,798,370,858,343
1,807,384,858,332
1,810,377,858,325
1,826,376,858,320
1,832,391,856,318
1,808,389,856,316
1,812,394,855,316
1,804,374,854,316
1,798,386,847,325
1,810,383,839,338
1,823,368,832,354
1,785,372,824,379
1,781,397,819,402
1,809,410,819,416
1,825,402,819,421
1,820,409,820,425
1,819,421,821,426
1,814,458,821,426
1,816,456,821,426
1,801,468,821,426
1,788,494,821,426
1,787,505,821,425
1,775,503,821,425
1,749,503,821,425
1,731,509,821,424
1,725,517,821,422
1,746,502,821,421
1,742,494,821,418
1,724,487,820,416
1,717,462,820,415
1,724,454,820,415
1,746,436,819,414
1,745,426,819,414
1,757,425,819,417
1,767,435,819,427
1,777,449,817,435
1,782,427,817,442
1,768,431,817,447
1,770,428,817,451
1,786,411,816,454
1,798,423,815,456
1,794,435,814,458
1,801,443,811,458
1,796,437,810,459
1,785,432,807,459
1,778,438,803,460
1,778,434,799,460
1,761,433,794,462
1,751,445,791,463
1,747,428,790,463
1,754,429,788,463
1,724,425,788,464
1,743,417,788,464
1,741,413,788,464
1,750,432,788,464
1,747,431,788,464
1,747,439,791,464
1,709,438,796,462
1,707,433,800,460
1,704,426,803,460
1,697,408,806,460
1,692,412,807,460
1,685,409,810,460
1,691,403,816,462
1,672,402,823,463
1,694,394,828,463
1,711,397,833,464
1,723,391,833,466
1,714,405,833,466
1,744,416,837,467
1,735,424,842,468
1,732,437,846,469
1,709,404,847,469
1,687,416,848,469
1,715,408,848,469
1,720,402,848,469
1,717,420,849,469
1,722,428,849,469
1,733,417,849,469
1,738,426,849,469
1,755,423,848,469
1,743,411,842,469
1,745,398,838,469
1,751,374,833,469
1,748,351,826,469
1,741,339,818,470
1,732,333,809,471
1,749,306,798,474
1,771,317,792,474
1,768,304,789,475
1,770,314,788,475
1,760,294,787,475
1,743,292,786,476
1,735,306,785,476
1,751,308,784,478
1,745,295,778,480
1,752,314,775,480
1,732,338,770,481
1,728,319,769,481
1,731,326,768,481
1,719,302,765,481
1,712,313,765,481
1,721,341,764,479
1,728,349,764,475
1,727,361,763,468
1,712,371,760,460
1,710,379,754,447
1,702,385,743,433
1,697,363,730,414
1,683,359,723,398
1,668,363,711,375
1,644,369,699,351
1,658,360,682,332
1,672,370,668,313
1,669,371,660,299
1,639,383,655,291
1,632,385,655,291
1,636,403,655,291
1,640,379,655,292
1,646,374,656,299
1,641,394,657,308
1,667,387,660,318
1,675,393,663,327
1,675,396,665,334
1,677,397,666,338
1,647,385,666,340
1,645,383,666,342
1,653,391,666,342
1,661,391,664,341
1,649,420,661,340
1,662,447,654,338
1,661,452,647,336
1,651,446,636,335
1,657,423,631,335
1,656,437,627,335
1,680,416,622,335
1,695,417,616,335
1,677,401,609,335
1,679,380,606,336
1,679,373,606,339
1,676,393,606,342
1,669,376,605,347
1,673,407,605,356
1,665,392,607,369
1,641,383,615,382
1,642,372,640,409
1,610,350,657,419
1,575,332,670,426
1,591,323,677,429
1,613,325,679,431
1,633,325,679,431
1,609,336,681,433
1,608,330,683,434
1,610,327,686,436
1,615,322,690,437
1,610,334,693,437
1,586,333,696,437
1,591,321,698,435
1,591,312,698,433
1,580,296,698,431
1,581,274,698,430
1,611,276,695,425
1,587,263,690,418
1,587,261,685,409
1,612,258,679,402
1,596,254,672,394
1,604,242,664,387
1,588,239,659,382
1,590,229,658,380
1,566,218,657,379
1,538,214,657,379
1,574,229,657,378
1,573,205,657,376
1,570,218,657,373
1,557,201,657,372
1,543,187,655,365
1,570,199,654,360
1,568,214,653,349
1,556,236,651,337
1,550,210,649,328
1,530,220,647,319
1,583,213,640,306
1,577,202,632,295
1,598,215,624,287
1,624,191,621,284
1,632,197,617,283
1,626,205,615,281
1,599,207,610,281
1,621,201,601,280
1,616,194,589,278
1,606,171,573,278
1,609,180,558,277
1,609,166,536,273
1,596,184,529,273
1,596,177,526,272
1,613,207,526,272
1,604,201,527,272
1,600,200,529,272
1,616,197,530,276
1,598,181,534,280
1,580,168,542,286
1,600,176,549,292
1,580,167,554,295
1,587,180,557,295
1,609,185,558,295
1,607,187,558,295
1,614,175,558,294
1,612,186,560,292
1,610,184,564,288
1,642,181,566,283
1,643,204,568,274
1,650,203,568,268
1,633,212,568,262
1,632,217,565,256
1,632,230,564,251
1,642,218,562,245
1,634,230,560,242
1,636,236,558,236
1,648,229,554,232
1,665,222,550,228
1,673,216,549,224
1,680,214,549,221
1,670,227,552,218
1,677,227,557,214
1,668,217,561,212
1,676,203,563,210
1,675,238,566,210
1,685,244,567,208
1,675,248,570,207
1,676,241,573,207
1,676,233,578,206
1,677,216,583,205
1,677,205,594,205
1,686,202,599,203
1,678,208,603,203
1,669,228,607,202
1,655,226,609,202
1,648,214,610,202
1,622,206,612,202
1,629,216,615,202
1,628,202,618,202
1,610,226,620,203
1,597,239,620,203
1,591,240,620,203
1,594,223,622,203
1,587,201,626,207
1,570,190,632,208
1,572,196,634,209
1,564,198,635,209
1,593,210,635,211
1,583,217,635,211
1,592,203,635,211
1,592,203,635,211
1,590,194,635,211
1,584,202,635,211
1,568,204,634,211
1,545,213,631,210
1,550,217,630,209
1,547,236,628,208
1,550,227,626,207
1,566,237,622,206
1,576,260,617,204
1,586,266,606,203
1,578,249,598,201
1,551,235,595,201
1,545,225,595,201
1,541,247,595,201
1,548,240,595,201
1,557,244,595,201
1,570,248,595,201
1,557,276,595,201
1,556,297,595,201
1,577,279,595,201
1,586,282,595,201
1,567,263,595,201
1,545,285,595,201
1,540,305,598,203
1,550,309,599,206
1,546,327,600,210
1,560,328,601,213
1,549,336,602,218
1,555,346,603,219
1,562,340,603,220
1,548,338,603,223
1,535,359,603,225
1,567,364,602,229
1,582,390,600,236
1,594,374,600,250
1,587,405,600,266
1,582,419,600,285
1,566,418,600,291
1,566,399,600,305
1,539,369,600,314
1,532,380,600,322
1,563,379,600,331
1,572,384,600,343
1,572,395,604,354
1,556,387,608,363
1,550,390,611,368
1,526,380,612,370
1,597,375,612,374
1,602,379,613,378
1,605,394,613,383
1,595,397,615,388
1,571,398,616,391
1,561,382,617,395
1,600,381,617,396
1,603,364,617,397
1,598,348,617,398
1,622,356,617,398
1,617,380,617,398
1,630,389,617,398
1,622,406,616,396
1,635,378,613,392
1,641,374,610,389
1,640,356,609,387
1,620,361,607,387
1,616,370,607,387
1,626,347,606,387
1,627,340,606,387
1,658,351,606,387
1,661,360,606,387
1,658,353,606,387
1,637,359,605,388
1,627,355,605,390
1,625,366,605,392
1,597,366,606,394
1,615,366,606,397
1,595,352,608,399
1,596,339,610,403
1,604,323,614,404
1,621,318,615,406
1,595,295,616,408
1,596,302,616,410
1,605,287,617,411
1,605,267,618,412
1,597,274,622,413
1,582,268,624,414
1,595,287,627,415
1,598,291,629,415
1,614,280,630,415
1,600,285,630,415
1,584,285,630,414
1,586,280,630,413
1,572,292,630,409
1,561,297,630,406
1,556,291,628,399
1,551,280,628,389
1,565,257,627,379
1,585,240,625,367
1,567,249,621,358
1,571,238,613,334
1,553,230,609,316
1,600,226,604,298
1,612,219,604,284
1,587,191,604,272
1,605,188,604,264
1,618,182,604,257
1,629,189,604,253
1,628,172,604,251
1,631,142,604,251
1,629,157,604,251
1,624,155,604,251
1,602,183,604,251
1,595,181,602,251
1,560,200,601,250
1,586,207,600,247
1,552,205,596,246
1,527,199,595,245
1,583,216,594,244
1,592,190,593,243
1,580,194,593,242
1,585,187,593,238
1,601,169,595,234
1,619,167,600,229
2,951,556,960,539
2,945,552,960,539
2,959,558,960,539
2,940,569,960,539
2,956,567,960,539
2,969,579,960,539
2,975,593,960,539
2,972,600,960,539
2,999,616,960,539
2,985,619,960,539
2,954,638,960,539
2,944,661,960,539
2,956,659,960,539
2,953,651,960,539
2,961,643,960,539
2,968,650,960,539
2,955,662,960,539
2,936,685,960,539
2,944,717,960,539
2,958,718,960,539
2,986,714,960,539
2,975,686,960,539
2,969,708,960,539
2,984,710,960,539
2,995,726,956,544
2,984,730,952,550
2,1008,707,947,559
2,1003,691,943,568
2,1000,714,940,577
2,983,724,937,589
2,995,715,938,611
2,1000,709,944,636
2,1002,711,947,659
2,997,695,954,685
2,995,685,957,692
2,996,687,957,701
2,1011,676,957,708
2,1007,696,957,715
2,1032,703,957,722
2,1033,710,957,727
2,1033,721,957,729
2,1050,723,957,730
2,1036,727,957,731
2,1041,731,957,731
2,1033,745,957,731
2,1027,739,957,732
2,1033,743,957,732
2,1039,743,957,732
2,1041,760,961,731
2,1017,767,966,727
2,996,782,973,722
2,980,779,986,719
2,982,794,1006,717
2,967,800,1018,720
2,980,795,1037,731
2,995,782,1051,741
2,1021,782,1058,747
2,1024,772,1061,751
2,1005,765,1061,754
2,1000,754,1059,757
2,1025,756,1054,763
2,998,751,1050,766
2,996,746,1047,772
2,1026,738,1044,777
2,1003,727,1043,779
2,1007,742,1043,781
2,998,771,1043,781
2,986,780,1043,781
2,985,783,1043,781
2,979,779,1043,780
2,992,779,1044,779
2,990,781,1047,777
2,995,744,1050,775
2,965,745,1054,771
2,966,760,1059,767
2,947,764,1070,763
2,932,767,1079,757
2,916,747,1083,753
2,900,748,1084,745
2,913,772,1078,739
2,935,765,1072,735
2,925,741,1068,731
2,901,733,1063,730
2,905,754,1058,727
2,919,773,1045,725
2,913,732,1033,725
2,881,727,1015,725
2,884,735,1000,725
2,863,761,974,722
2,864,747,957,720
2,834,746,935,718
2,824,757,907,714
2,841,768,888,714
2,854,782,873,715
2,834,765,867,715
2,844,769,861,715
2,808,751,859,715
2,817,770,858,715
2,823,746,857,715
2,830,738,853,715
2,836,757,848,713
2,828,763,844,711
2,843,745,839,708
2,852,746,836,708
2,855,755,825,707
2,855,779,818,709
2,855,799,812,714
2,853,800,808,722
2,840,803,808,728
2,824,791,807,737
2,841,750,809,748
2,880,727,813,756
2,882,764,817,761
2,854,743,818,762
2,872,742,818,762
2,859,750,818,762
2,825,753,818,762
2,819,767,821,762
2,830,739,824,762
2,833,733,831,760
2,824,720,840,754
2,834,722,843,750
2,836,735,843,748
2,802,725,843,747
2,802,721,843,746
2,830,734,843,742
2,825,708,843,739
2,809,708,843,734
2,796,712,844,727
2,786,706,844,722
2,798,708,844,719
2,804,721,844,716
2,815,745,843,714
2,814,746,840,713
2,815,749,837,713
2,822,752,835,713
2,807,779,831,713
2,796,768,826,713
2,808,784,822,713
2,833,785,814,712
2,835,767,807,710
2,858,747,796,709
2,855,747,789,707
2,863,755,783,704
2,861,776,778,702
2,856,791,773,699
2,874,791,770,698
2,894,791,769,697
2,920,784,768,697
2,925,769,768,696
2,919,749,768,696
2,933,740,768,695
2,912,750,768,695
2,930,747,771,695
2,961,757,774,698
2,964,751,780,704
2,953,733,791,712
2,965,739,805,722
2,933,746,820,727
2,933,734,833,731
2,934,745,842,733
2,940,753,849,736
2,946,732,854,736
2,925,720,855,736
2,930,747,855,736
2,917,728,856,736
2,906,699,858,734
2,889,685,861,731
2,897,683,865,730
2,894,706,870,726
2,885,704,879,722
2,899,710,894,715
2,891,713,903,711
2,896,709,909,705
2,913,705,914,699
2,936,720,916,694
2,918,714,916,689
2,894,717,916,688
2,894,705,916,687
2,894,710,917,687
2,891,734,917,686
2,904,717,917,685
2,913,717,917,682
2,917,754,917,681
2,933,754,917,679
2,944,739,917,677
2,969,729,917,676
2,985,724,917,676
2,983,722,918,676
2,992,744,919,674
2,1004,767,921,674
2,994,802,925,674
2,997,815,944,678
2,1023,829,955,680
2,1011,824,972,682
2,1028,815,989,684
2,1028,803,993,683
2,1029,801,993,682
2,1048,805,993,682
2,1065,810,993,681
2,1055,810,993,679
2,1033,822,994,678
2,1041,828,996,674
2,1039,822,997,672
2,1021,839,999,669
2,1005,846,1000,667
2,1017,844,1004,666
2,1017,832,1008,664
2,1015,837,1011,662
2,1016,843,1016,662
2,1017,836,1031,665
2,1024,813,1070,680
2,1023,801,1117,697
2,1008,794,1160,711
2,1052,786,1188,718
2,1058,786,1195,720
2,1069,794,1198,720
2,1061,812,1195,720
2,1053,803,1190,721
2,1066,794,1188,721
2,1053,782,1186,721
2,1050,759,1183,721
2,1050,739,1181,721
2,1039,723,1179,722
2,1041,701,1174,723
2,1040,704,1170,726
2,1052,700,1161,730
2,1061,692,1152,733
2,1062,692,1144,735
2,1070,703,1137,735
2,1067,678,1132,735
2,1069,685,1130,735
2,1045,668,1129,733
2,1041,654,1129,731
2,1066,670,1127,725
2,1075,663,1119,714
2,1081,650,1107,704
2,1092,646,1103,696
2,1095,657,1100,686
2,1104,669,1100,674
2,1108,690,1098,660
2,1086,684,1098,646
2,1084,666,1098,632
2,1091,665,1099,620
2,1112,667,1105,609
2,1132,640,1115,597
2,1126,668,1122,590
2,1116,655,1126,586
2,1119,658,1130,582
2,1105,656,1131,580
2,1100,649,1132,578
2,1077,658,1135,576
2,1070,683,1135,576
2,1077,682,1135,576
2,1049,679,1135,576
2,1068,661,1135,576
2,1069,646,1132,576
2,1078,637,1130,575
2,1111,660,1123,575
2,1103,645,1116,574
2,1096,627,1109,572
2,1110,590,1104,572
2,1117,605,1096,571
2,1110,607,1087,571
2,1075,601,1079,571
2,1078,613,1070,571
2,1098,600,1065,568
2,1070,613,1061,567
2,1066,601,1056,566
2,1066,602,1054,566
2,1086,605,1051,566
2,1080,597,1050,566
2,1056,605,1049,566
2,1051,606,1049,566
2,1032,584,1049,566
2,1040,587,1049,566
2,1045,571,1049,566
2,1039,598,1049,566
2,1030,631,1050,566
2,1031,636,1054,566
2,1045,632,1059,562
2,1063,616,1068,559
2,1054,631,1075,554
2,1043,615,1080,549
2,1046,608,1084,543
2,1024,591,1086,540
2,1045,591,1090,537
2,1045,591,1094,535
2,1045,588,1096,535
2,1060,581,1097,534
2,1049,561,1097,534
2,1050,555,1096,534
2,1057,549,1092,534
2,1059,522,1089,534
2,1050,516,1084,534
2,1062,524,1083,537
2,1049,550,1080,541
2,1037,535,1079,546
2,1057,533,1078,550
2,1059,536,1075,552
2,1062,545,1072,555
2,1034,552,1071,556
2,1050,565,1070,556
2,1046,566,1070,556
2,999,583,1070,556
2,987,602,1070,556
2,956,619,1070,556
2,949,631,1070,556
2,947,646,1072,554
2,938,652,1076,550
2,933,644,1080,545
2,926,607,1084,541
2,927,630,1086,537
2,904,640,1090,535
2,894,644,1091,533
2,895,670,1091,531
2,888,668,1091,531
2,903,679,1091,531
2,883,673,1091,530
2,897,677,1090,529
2,913,658,1086,527
2,923,657,1085,527
2,934,631,1082,526
2,941,643,1079,525
2,950,640,1076,525
2,956,638,1069,523
2,945,633,1060,523
2,944,602,1050,523
2,913,615,1038,523
2,893,599,1020,535
2,901,629,1008,547
2,890,648,993,564
2,876,630,975,584
2,873,620,957,608
2,875,625,941,632
2,904,596,930,646
2,903,609,924,657
2,924,615,919,663
2,933,624,918,665
2,923,633,917,667
2,936,616,917,667
2,928,625,917,667
2,914,614,917,667
2,924,612,916,667
2,947,623,914,667
2,940,606,909,667
2,947,606,900,666
2,950,591,893,664
2,975,602,886,660
2,994,587,880,656
2,991,594,873,648
2,984,584,867,639
2,988,590,864,632
2,976,569,864,624
2,999,566,863,619
2,987,561,863,614
2,992,578,863,611
2,990,550,863,611
2,1000,547,865,610
2,1003,548,868,609
2,999,550,873,608
2,993,584,876,608
2,989,594,885,607
2,986,583,893,607
2,998,577,904,607
2,995,547,905,607
2,992,556,907,607
2,986,569,909,605
2,983,563,910,605
2,998,534,913,603
2,1036,530,920,599
2,1053,538,925,598
2,1027,534,933,595
2,1017,537,940,592
2,1032,538,947,589
2,1045,524,954,586
2,1046,500,958,584
2,1048,484,963,584
2,1062,483,968,582
2,1069,471,970,582
2,1062,495,971,582
2,1069,488,971,582
2,1079,508,974,582
2,1083,515,977,583
2,1084,537,984,585
2,1084,513,991,587
2,1072,505,998,588
2,1067,484,1010,590
2,1061,489,1029,590
2,1068,484,1035,590
2,1070,493,1045,589
2,1098,482,1060,586
2,1074,460,1069,582
2,1056,453,1077,577
2,1055,449,1088,571
2,1037,415,1103,566
2,1041,417,1121,563
2,1027,413,1152,557
2,1022,432,1156,556
2,1031,428,1169,553
2,1022,451,1191,549
2,1014,459,1200,548
2,984,462,1209,543
2,984,460,1212,543
2,990,463,1214,542
2,1003,469,1214,541
2,1001,463,1214,539
2,983,476,1211,535
2,992,461,1207,531
2,1001,463,1198,527
2,997,457,1189,521
2,1024,482,1182,518
2,1037,479,1176,517
2,1057,475,1171,517
2,1073,475,1166,515
2,1092,461,1162,515
2,1088,492,1155,517
2,1120,480,1147,520
2,1086,485,1142,521
2,1078,469,1140,522
2,1083,461,1139,523
2,1066,451,1139,523
2,1065,436,1139,523
2,1069,451,1139,523
2,1077,463,1138,523
2,1088,469,1135,523
2,1077,465,1135,523
2,1069,467,1135,523
2,1072,461,1135,523
2,1069,460,1135,523
2,1069,466,1135,523
2,1095,470,1135,523
2,1083,461,1135,523
2,1117,444,1135,522
2,1116,399,1134,520
2,1130,434,1129,516
2,1128,464,1118,513
2,1119,483,1108,508
2,1114,475,1100,504
2,1129,471,1098,503
2,1140,481,1097,502
2,1123,484,1096,499
2,1116,479,1095,497
2,1139,491,1093,494
2,1134,503,1092,491
2,1147,535,1092,489
2,1164,561,1092,487
2,1150,556,1092,486
2,1132,548,1092,483
2,1133,548,1092,480
2,1127,533,1092,476
2,1115,524,1091,471
2,1115,527,1090,467
2,1108,537,1088,465
2,1135,526,1087,463
2,1146,537,1086,462
2,1134,537,1086,461
2,1114,538,1086,461
2,1092,539,1086,461
2,1101,539,1087,461
2,1096,532,1090,461
2,1089,538,1090,461
2,1080,526,1090,463
2,1075,514,1088,468
2,1101,504,1086,472
2,1088,493,1083,477
2,1080,518,1082,483
2,1098,516,1080,486
2,1108,560,1080,490
2,1106,564,1080,492
2,1109,565,1080,493
2,1099,540,1079,495
2,1072,523,1077,496
2,1069,523,1076,497
2,1053,514,1073,499
2,1043,497,1070,504
2,1067,470,1069,505
2,1077,468,1064,510
2,1096,457,1063,511
2,1079,492,1059,514
2,1082,500,1059,514
2,1091,516,1059,514
2,1070,508,1059,514
2,1052,518,1059,514
2,1066,527,1059,515
2,1077,505,1060,516
2,1095,507,1062,517
2,1127,524,1062,517
2,1148,521,1062,517
2,1146,510,1062,517
2,1148,503,1062,517
2,1140,512,1062,517
2,1159,500,1063,513
2,1181,513,1067,501
2,1171,528,1073,490
2,1176,507,1079,481
2,1164,506,1085,476
2,1153,518,1089,475
2,1164,495,1090,474
2,1166,507,1090,474
2,1165,514,1090,472
2,1175,506,1090,471
2,1167,498,1090,471
2,1150,512,1090,471
2,1172,489,1090,471
2,1163,485,1089,470
2,1177,488,1088,470
2,1160,484,1085,470
2,1189,486,1082,469
2,1201,489,1073,467
2,1188,507,1056,466
2,1195,510,1044,464
2,1198,531,1035,463
2,1184,535,1032,463
2,1185,525,1032,463
2,1181,509,1032,463
2,1210,505,1032,463
2,1227,489,1030,463
2,1207,483,1030,464
2,1228,493,1029,467
2,1228,506,1029,469
2,1226,480,1029,471
2,1217,472,1029,472
2,1223,460,1031,473
2,1239,475,1033,475
2,1238,491,1048,478
2,1235,491,1068,483
2,1248,470,1077,485
2,1241,470,1096,492
2,1240,444,1101,493
2,1250,434,1111,496
2,1248,416,1112,496
2,1260,415,1115,496
2,1265,407,1120,496
2,1241,399,1126,494
2,1227,408,1130,490
2,1240,384,1134,483
2,1285,370,1137,477
2,1312,361,1144,475
2,1297,359,1162,471
2,1285,377,1187,469
2,1286,398,1213,469
2,1304,419,1250,457
2,1279,425,1273,447
2,1283,417,1288,438
2,1284,452,1292,428
2,1264,452,1292,426
2,1269,453,1290,419
2,1266,465,1284,402
2,1272,459,1279,389
2,1270,438,1275,372
2,1274,445,1275,347
2,1291,452,1278,330
2,1304,448,1283,315
2,1298,436,1284,302
2,1279,440,1286,295
2,1279,460,1287,294
2,1296,444,1287,294
2,1289,443,1287,294
2,1271,449,1287,297
2,1259,444,1288,299
2,1268,454,1288,304
2,1271,454,1288,309
2,1253,445,1289,313
2,1263,484,1293,318
2,1263,498,1296,325
2,1268,510,1298,332
2,1278,534,1298,342
2,1252,520,1299,350
2,1237,541,1300,359
2,1219,557,1303,366
2,1214,545,1306,373
2,1221,554,1307,375
2,1222,554,1307,377
2,1224,531,1305,379
2,1249,527,1301,382
2,1258,523,1298,384
2,1262,553,1294,390
2,1289,549,1292,397
2,1261,559,1287,408
2,1258,561,1281,428
2,1259,592,1278,448
2,1254,609,1276,467
2,1262,594,1273,480
2,1278,573,1267,493
2,1284,589,1259,504
2,1265,590,1251,517
2,1251,584,1244,531
2,1249,583,1241,540
2,1260,597,1233,551
2,1271,598,1230,556
2,1271,592,1229,558
2,1271,593,1229,558
2,1259,601,1229,558
2,1240,596,1229,558
2,1233,603,1229,558
2,1235,603,1229,560
2,1225,598,1230,562
2,1230,584,1233,564
2,1252,571,1238,567
2,1232,571,1244,571
2,1252,558,1249,574
2,1242,565,1253,576
2,1235,550,1256,576
2,1209,564,1262,578
2,1214,570,1264,578
2,1218,568,1264,578
2,1205,582,1264,577
2,1219,618,1264,577
2,1211,622,1264,575
2,1194,631,1264,574
2,1204,630,1264,573
2,1214,631,1262,572
2,1216,620,1259,569
2,1216,615,1254,567
2,1208,602,1247,563
2,1202,599,1234,558
2,1180,616,1221,553
2,1183,623,1212,550
2,1163,640,1207,547
2,1162,642,1205,545
2,1166,660,1205,545
2,1182,664,1205,545
2,1176,662,1205,545
2,1182,669,1205,548
2,1191,693,1205,553
2,1192,722,1205,558
2,1186,714,1205,565
2,1163,721,1208,570
2,1161,686,1208,575
2,1171,675,1209,577
2,1172,676,1209,578
2,1151,667,1209,578
2,1141,663,1209,578
2,1124,675,1209,578
2,1134,667,1209,581
2,1129,652,1209,585
2,1143,625,1207,592
2,1138,631,1206,597
2,1132,616,1206,605
2,1154,597,1203,616
2,1145,609,1200,627
2,1130,605,1185,641
2,1126,589,1164,655
2,1105,589,1153,663
2,1122,599,1144,669
2,1112,603,1132,673
2,1101,610,1127,673
2,1105,614,1120,672
2,1106,613,1119,671
2,1110,638,1115,669
2,1087,646,1106,665
2,1091,665,1102,661
2,1099,666,1100,659
2,1129,670,1098,656
2,1136,704,1095,652
2,1107,716,1090,645
2,1106,717,1089,638
2,1109,725,1084,627
2,1096,720,1078,614
2,1074,704,1072,605
2,1071,694,1062,596
2,1071,672,1053,591
2,1072,661,1046,587
2,1067,647,1041,586
2,1056,658,1037,586
2,1047,650,1036,586
2,1044,642,1036,586
2,1056,616,1036,586
2,1037,630,1036,586
2,1038,641,1036,586
2,1033,645,1035,586
2,1024,629,1033,590
2,1058,632,1030,593
2,1045,636,1027,596
2,1042,651,1023,600
2,1030,656,1017,601
2,1044,659,1015,602
2,1053,653,1013,602
2,1042,672,1013,602
2,1049,674,1012,601
2,1057,660,1009,599
2,1063,681,1008,595
2,1062,708,1006,590
2,1022,711,1000,584
2,1010,718,997,581
2,1029,707,994,580
2,1015,720,993,579
2,1037,715,993,578
2,1022,738,991,577
2,1033,762,989,574
2,1026,774,984,572
2,1020,764,981,572
2,1030,755,981,572
2,1032,744,981,572
2,1034,767,981,572
2,1030,784,979,572
2,1040,799,977,572
2,1027,802,973,570
2,1036,805,968,569
2,1048,809,964,568
2,1064,793,959,567
2,1080,795,957,567
2,1075,779,956,567
2,1073,787,956,567
2,1084,804,956,567
2,1077,786,956,567
2,1074,785,956,572
2,1052,777,965,585
2,1042,780,972,593
2,1051,761,991,602
2,1036,764,1002,606
2,1027,772,1012,608
2,1031,775,1017,608
2,1047,807,1018,608
2,1042,796,1021,608
2,1034,818,1021,608
2,1013,834,1022,608
2,1024,838,1024,607
2,1031,829,1033,607
2,1040,828,1042,607
2,1059,835,1052,607
2,1047,831,1057,607
2,1028,812,1061,606
2,1019,805,1061,606
2,1010,805,1061,606
2,1010,781,1061,606
2,1001,755,1060,608
2,986,763,1058,614
2,983,743,1053,626
2,996,739,1046,642
2,1017,708,1041,666
2,1035,706,1039,689
2,1035,707,1040,700
2,1032,700,1040,710
2,1016,717,1040,717
2,1013,720,1040,722
2,1016,722,1040,727
2,1024,716,1040,736
2,1036,715,1036,746
2,1051,708,1032,755
2,1055,669,1026,764
2,1073,662,1023,770
2,1069,638,1020,775
2,1079,632,1020,776
2,1066,608,1020,777
2,1060,620,1020,777
2,1063,640,1020,777
2,1060,627,1020,774
2,1051,651,1020,766
2,1072,641,1019,754
2,1043,657,1017,742
2,1053,644,1018,731
2,1025,653,1023,719
2,1006,642,1032,703
2,1014,653,1037,687
2,1019,665,1042,670
2,1009,638,1047,657
2,986,661,1050,646
2,978,669,1053,634
2,998,654,1059,624
2,993,666,1068,611
2,1001,664,1074,605
2,1010,667,1078,600
2,1019,647,1081,596
2,1026,639,1082,591
2,1044,652,1082,586
2,1043,647,1080,580
2,1046,651,1076,579
2,1035,629,1075,579
2,1051,631,1074,579
2,1050,617,1069,579
2,1058,630,1058,586
2,1053,631,1039,597
2,1065,649,1019,604
2,1069,652,1009,610
2,1101,666,1008,610
2,1074,662,1008,610
2,1070,680,1008,610
2,1103,689,1008,610
2,1116,691,1008,610
2,1135,693,1008,610
2,1139,670,1008,607
2,1155,652,1008,606
2,1148,642,1012,602
2,1131,621,1014,600
2,1119,618,1019,599
2,1110,602,1023,597
2,1107,600,1028,596
2,1101,614,1033,596
2,1093,602,1040,596
2,1096,594,1058,605
2,1099,599,1070,615
2,1091,593,1082,627
2,1087,589,1104,643
2,1083,580,1125,653
2,1075,566,1133,653
2,1070,574,1140,654
2,1072,587,1143,654
2,1074,603,1144,652
2,1074,586,1144,648
2,1081,590,1144,645
2,1101,584,1141,641
2,1093,576,1135,635
2,1100,567,1131,629
2,1104,570,1128,625
2,1107,563,1126,622
2,1121,568,1125,619
2,1117,559,1123,614
2,1140,558,1119,609
2,1126,543,1114,602
2,1100,539,1108,596
2,1085,530,1104,592
2,1091,515,1099,587
2,1093,521,1097,584
2,1090,530,1097,581
2,1086,524,1098,577
2,1095,526,1099,574
2,1091,537,1101,570
2,1092,521,1102,566
2,1086,521,1105,561
2,1083,527,1107,554
2,1085,534,1108,548
2,1073,534,1112,543
2,1068,548,1116,538
2,1066,565,1118,534
2,1048,581,1118,530
2,1042,596,1118,527
2,1023,579,1117,525
2,1030,565,1115,522
2,1041,544,1109,518
2,1065,533,1102,515
2,1040,514,1077,503
2,1023,531,1059,496
2,1010,517,1046,491
2,1045,502,1043,488
2,1043,504,1042,488
2,1023,500,1042,488
2,1040,491,1042,488
2,1033,473,1042,488
2,1022,478,1041,488
2,1025,499,1038,487
2,1016,501,1036,487
2,1028,495,1033,487
2,1049,506,1029,487
2,1041,487,1028,487
2,1035,502,1027,487
2,1032,498,1027,486
2,1028,494,1027,485
2,1024,470,1027,483
2,1022,471,1027,480
2,1030,480,1026,475
2,1035,478,1024,473
2,1028,464,1022,469
2,1026,463,1018,465
2,1028,437,1011,462
2,1043,431,1003,458
2,1011,430,998,454
2,1032,463,995,453
2,1017,450,994,453
2,1031,452,994,453
2,1037,430,994,453
2,1035,407,994,453
2,1024,424,994,453
2,1014,430,994,453
2,1000,421,994,453
2,1005,397,994,453
2,1009,391,994,453
2,1002,393,994,453
2,1015,411,994,453
2,1032,387,994,453
2,1026,402,994,453
2,1038,399,995,451
2,1028,410,998,451
2,1011,410,999,450
2,1006,413,1001,449
2,1001,423,1002,448
2,1011,434,1003,446
2,1010,417,1003,442
2,993,403,1001,439
2,998,404,993,431
2,991,420,984,425
2,989,441,978,421
2,1010,435,975,416
2,1014,446,975,416
2,1015,443,975,415
2,997,432,977,412
2,1002,443,978,411
2,1020,422,981,409
2,1034,387,983,408
2,1001,373,984,404
2,1011,390,985,403
2,1025,391,985,402
2,1035,373,986,400
2,1018,369,984,396
2,1027,388,976,392
2,1008,414,969,387
2,1022,410,967,385
2,1036,427,966,383
2,1046,423,966,383
2,1037,440,966,382
2,1034,417,966,381
2,1039,412,966,381
2,1036,422,966,379
2,1033,419,966,379
2,1030,428,966,379
2,1040,420,966,379
2,1030,426,962,379
2,1041,457,960,379
2,1024,478,959,379
2,1025,482,959,379
2,998,479,959,379
2,981,473,959,379
2,978,465,961,378
2,962,474,964,378
2,951,459,968,377
2,961,452,971,376
2,947,444,974,376
2,931,414,975,376
2,917,428,977,376
2,910,460,978,376
2,889,447,979,376
2,904,449,982,376
2,910,451,984,376
2,912,484,985,376
2,922,494,985,376
2,924,496,985,376
2,943,465,985,376
2,934,479,985,376
2,923,480,981,376
2,951,477,979,375
2,956,488,974,373
2,992,490,967,372
2,995,473,950,370
2,997,466,938,367
2,991,461,931,366
2,965,470,930,366
2,974,462,930,366
2,976,475,930,366
2,992,457,933,368
2,986,454,935,377
2,1005,458,936,381
2,995,469,941,391
2,981,475,943,394
2,996,469,953,409
2,999,467,959,420
2,1021,449,963,428
2,1003,449,966,430
2,998,439,966,432
2,972,437,965,435
2,981,439,965,435
2,996,441,965,435
2,1008,430,965,435
2,1013,427,965,435
2,1008,433,965,435
2,1012,425,965,437
2,1014,412,965,439
2,999,405,965,443
2,986,413,967,446
2,995,398,968,449
2,992,392,969,450
2,952,394,972,452
2,960,384,974,454
2,960,378,975,454
2,940,377,976,455
2,940,353,976,455
2,948,346,979,453
2,955,356,980,449
2,974,332,985,445
2,971,334,988,442
2,977,344,991,438
2,950,334,994,432
2,948,342,994,425
2,952,324,994,420
2,936,310,989,412
2,946,315,982,407
2,958,313,976,401
2,938,306,974,399
2,911,283,972,396
2,922,289,970,395
2,945,281,970,395
2,945,295,970,394
2,952,317,970,394
2,954,325,970,394
2,964,336,970,393
2,963,330,970,393
2,962,338,970,393
2,946,336,970,393
2,953,334,970,393
2,954,346,970,393
2,960,354,969,393
2,959,346,964,392
2,961,351,959,392
2,968,357,958,392
2,961,354,958,392
2,959,360,958,392
2,961,350,958,392
2,967,347,958,389
2,952,331,959,383
2,931,336,962,377
2,931,327,964,372
2,928,322,964,368
2,931,321,964,366
2,916,317,964,364
2,897,323,965,363
2,876,328,965,361
2,894,318,965,360
2,918,310,966,358
2,901,330,966,356
2,920,338,967,353
2,933,357,967,351
2,939,329,967,349
2,950,330,967,347
2,942,316,964,343
2,970,302,956,337
2,950,316,949,333
2,913,330,942,329
2,942,314,936,325
2,949,321,925,318
2,965,311,916,315
2,977,306,914,313
2,993,320,913,313
2,980,329,913,312
2,968,321,913,312
2,947,337,913,312
2,943,351,913,312
2,941,325,914,316
2,964,325,919,329
2,970,317,919,334
2,970,327,920,337
2,985,305,922,338
2,1001,316,923,339
2,995,337,927,339
2,1009,338,928,339
2,1015,333,929,339
2,1014,339,930,339
2,990,355,931,339
2,989,368,935,338
2,1011,393,937,336
2,1005,401,942,335
2,1023,401,946,334
2,1013,425,948,332
2,1018,438,953,330
2,1007,409,958,330
2,1013,395,973,330
2,993,397,993,335
2,986,379,1018,341
2,973,381,1035,344
2,973,386,1042,344
2,960,388,1043,344
2,940,382,1043,344
2,916,366,1043,344
2,904,383,1043,344
2,885,365,1045,344
2,909,344,1047,344
2,904,342,1049,344
2,902,309,1054,346
2,910,316,1070,354
2,912,320,1091,366
2,941,308,1108,376
2,913,305,1116,384
2,919,291,1117,388
2,908,284,1114,392
2,918,290,1109,394
2,934,261,1102,396
2,944,265,1093,399
2,965,280,1079,400
2,970,264,1070,403
2,966,288,1062,405
2,969,302,1056,405
2,981,301,1053,405
2,989,290,1051,405
2,964,287,1046,405
2,959,268,1042,403
2,960,247,1032,401
2,936,252,1025,398
2,928,272,1020,394
2,933,298,1014,391
2,914,299,1013,389
2,906,282,1013,387
2,927,276,1014,385
2,922,270,1016,383
2,910,259,1019,381
2,889,261,1021,376
2,912,254,1024,372
2,914,259,1025,367
2,907,280,1025,363
2,904,313,1023,359
2,915,304,1018,357
2,900,319,1009,352
2,895,292,996,346
2,882,321,987,344
2,865,320,985,343
2,866,321,985,343
2,836,324,984,343
2,831,308,984,343
2,814,291,982,342
2,819,302,978,341
2,802,311,972,340
2,821,316,971,338
2,814,305,966,337
2,807,269,965,336
2,808,272,957,333
2,813,287,957,333
2,809,264,957,333
2,819,279,957,332
2,821,261,957,332
2,827,278,956,331
2,831,306,954,331
2,841,293,951,330
2,828,314,948,329
2,821,326,942,327
2,809,324,932,326
2,802,315,922,326
2,802,302,910,326
2,798,298,897,328
2,790,290,887,328
2,785,284,877,328
2,791,295,869,328
2,799,298,868,328
2,784,314,868,328
2,775,352,869,328
2,790,335,869,327
2,776,327,869,325
2,789,320,869,322
2,804,331,869,318
2,803,347,863,314
2,785,350,856,311
2,780,339,843,306
2,770,359,831,305
2,761,358,819,302
2,789,359,808,300
2,786,361,801,300
2,773,353,792,299
2,794,367,787,298
2,796,373,782,298
2,771,370,776,296
2,799,373,771,296
2,803,388,768,296
2,822,398,763,296
2,834,376,756,296
2,842,384,745,296
2,820,371,739,296
2,819,390,730,296
2,811,378,727,296
2,813,365,727,296
2,832,381,727,296
2,857,392,727,296
2,869,399,726,296
2,866,415,726,296
2,868,399,726,296
2,905,412,726,297
2,887,394,726,300
2,859,404,729,301
2,853,399,732,305
2,857,399,737,307
2,863,376,744,310
2,866,387,751,311
2,893,402,760,313
2,922,380,770,313
2,939,359,782,314
2,910,371,802,318
2,915,359,824,320
2,917,373,857,326
2,940,369,890,334
2,926,389,911,344
2,929,417,927,347
2,916,421,929,348
2,908,418,929,349
2,924,434,925,351
2,919,432,924,353
2,901,427,923,358
2,906,444,923,366
2,919,465,923,377
2,932,455,926,384
2,969,441,929,389
2,966,431,931,392
2,952,410,933,393
2,954,395,940,397
2,961,394,948,401
2,967,401,957,403
2,943,404,964,403
2,958,396,967,402
2,928,377,968,400
2,959,389,968,397
2,971,398,968,393
2,972,380,965,389
2,953,378,964,387
2,976,401,964,384
2,978,400,963,381
2,995,416,962,378
2,978,425,960,375
2,975,435,958,373
2,979,448,951,368
2,979,465,949,364
2,992,456,949,364
2,1003,466,949,364
2,1001,450,949,364
2,1013,446,949,364
2,1013,429,949,364
2,1007,450,949,364
2,993,433,949,364
2,965,448,950,364
2,982,451,955,364
2,984,463,992,372
2,973,476,1020,382
2,981,477,1043,390
2,1019,457,1059,397
2,1033,432,1061,401
2,1026,455,1061,402
2,1042,462,1060,402
2,1041,456,1060,402
2,1007,475,1059,402
2,993,468,1059,402
2,994,494,1058,402
2,965,484,1058,403
2,988,490,1057,403
2,985,495,1056,403
2,973,513,1051,403
2,990,510,1046,400
2,969,502,1039,397
2,992,522,1033,396
2,999,518,1031,395
2,1020,536,1031,395
2,1028,508,1031,395
2,1031,539,1031,398
2,1048,510,1033,408
2,1027,531,1037,420
2,1042,516,1040,429
2,1020,525,1044,434
2,1001,557,1050,437
2,982,562,1055,440
2,990,544,1059,442
2,1001,550,1061,443
2,1004,537,1062,443
2,1015,532,1062,444
2,1039,572,1062,444
2,1029,578,1062,444
2,1014,602,1061,446
2,994,593,1059,446
2,979,617,1058,446
2,986,628,1056,447
2,1017,631,1055,447
2,998,651,1054,448
2,1010,652,1054,448
2,1008,659,1052,449
2,1005,637,1050,451
2,984,648,1046,455
2,983,647,1044,459
2,983,630,1042,461
2,976,635,1039,465
2,963,634,1038,466
2,985,645,1034,472
2,977,641,1034,477
2,992,652,1035,486
2,1003,655,1036,498
2,1015,686,1036,512
2,1006,675,1036,524
2,991,647,1033,534
2,985,670,1026,545
2,980,676,1022,556
2,994,687,1017,563
2,991,709,1012,567
2,984,703,1006,570
2,983,723,998,572
2,954,729,983,576
2,958,733,972,576
2,979,741,964,576
2,957,737,957,578
2,927,743,952,578
2,905,745,948,578
2,906,748,942,582
2,885,754,941,585
2,879,747,938,591
2,897,744,939,596
2,916,732,943,605
2,940,725,945,613
2,936,691,948,626
2,927,686,951,636
2,906,689,954,645
2,904,691,955,654
2,871,676,957,661
2,876,668,957,672
2,862,653,952,681
2,864,654,944,692
2,864,652,934,701
2,870,636,923,713
2,850,647,915,720
2,870,662,911,726
2,865,687,908,729
2,896,692,907,731
2,904,708,906,732
2,898,748,906,732
2,890,735,906,732
2,934,736,908,729
2,956,747,911,726
2,972,750,913,720
2,980,770,919,715
2,954,745,926,709
2,937,745,934,700
2,921,714,940,689
2,912,712,943,676
2,902,707,945,659
2,866,703,947,647
2,862,698,946,635
2,863,729,944,626
2,875,742,943,625
2,870,729,943,624
2,878,714,943,624
2,892,721,942,628
2,899,710,938,635
2,893,722,935,639
2,891,695,934,647
2,867,685,934,657
2,851,673,934,663
2,859,682,934,672
2,851,695,937,678
2,837,694,940,683
2,852,705,942,687
2,829,689,943,689
2,806,707,943,693
2,791,708,945,696
2,798,714,945,700
2,799,708,945,705
2,786,723,946,709
2,773,732,946,714
2,765,750,946,719
2,744,740,943,725
2,740,745,942,728
2,743,748,941,730
2,727,755,939,731
2,734,750,934,731
2,742,767,920,730
2,740,768,903,728
2,712,750,877,725
2,711,724,869,723
2,707,699,865,723
2,705,705,863,723
2,703,701,859,723
2,704,699,852,723
2,727,691,845,724
2,755,690,835,725
2,752,689,821,727
2,765,703,799,727
2,746,709,772,727
2,744,703,742,724
2,756,676,716,722
2,765,679,708,722
2,748,672,702,723
2,728,672,696,725
2,729,674,690,727
2,732,670,683,727
2,763,632,673,727
2,726,647,656,714
2,760,629,636,694
2,745,638,624,676
2,772,636,623,672
2,792,623,626,667
2,797,630,641,662
2,785,628,661,658
2,783,628,668,658
2,808,634,675,658
2,815,635,678,658
2,794,659,681,658
2,804,638,682,657
2,805,621,684,655
2,785,627,686,651
2,786,629,689,647
2,805,653,692,645
2,789,670,696,641
2,803,658,703,637
2,816,669,712,634
2,813,659,723,631
2,803,646,738,630
2,780,647,750,626
2,772,644,761,622
2,771,626,776,616
2,764,629,784,611
2,740,655,789,610
2,747,675,796,606
2,764,681,805,604
2,752,672,812,603
2,746,658,814,602
2,754,675,815,600
2,793,680,815,600
2,784,666,816,598
2,768,669,819,597
2,776,690,820,595
2,756,681,824,591
2,747,688,826,585
2,748,681,828,582
2,750,685,826,579
2,752,689,817,575
2,765,666,797,572
2,733,667,786,572
2,715,662,777,573
2,699,681,770,579
2,704,692,766,587
2,702,681,764,594
2,699,709,763,600
2,681,730,763,609
2,663,741,765,616
2,680,757,767,622
2,676,735,772,627
2,641,734,777,631
2,685,736,781,634
2,678,754,785,637
2,679,770,786,640
2,686,779,790,644
2,667,777,791,647
2,654,770,791,650
2,658,789,791,657
2,654,780,788,662
2,644,797,781,666
2,659,800,761,678
2,634,808,730,686
2,657,779,701,688
2,618,783,676,688
2,659,792,664,689
2,657,810,655,694
2,632,821,653,697
2,611,809,651,701
2,588,814,649,707
2,581,815,648,710
2,577,821,645,717
2,576,810,642,726
2,550,799,639,736
2,579,800,636,745
2,584,799,632,754
2,561,791,627,766
2,554,782,626,773
2,566,763,623,778
2,569,751,620,785
2,578,749,617,791
2,602,727,616,798
2,599,707,616,800
2,614,722,615,801
2,619,731,615,802
2,638,718,614,802
2,624,700,610,802
2,615,684,597,797
2,632,674,584,789
2,656,678,560,777
2,640,683,546,768
2,652,693,539,759
2,660,681,539,752
2,656,670,544,741
2,646,680,561,726
2,638,698,584,702
2,670,710,599,685
2,672,694,616,665
2,694,688,629,651
2,701,688,641,635
2,702,673,649,629
2,681,686,652,627
2,689,687,658,621
2,703,705,664,615
2,717,716,667,613
2,720,737,671,611
2,710,736,672,610
2,706,732,674,608
2,696,722,676,608
2,695,727,676,608
2,662,712,676,608
2,666,715,675,608
2,663,713,674,610
2,686,710,672,612
2,673,699,672,617
2,670,690,672,620
2,666,687,674,626
2,668,671,678,632
2,686,676,680,635
2,688,659,682,639
2,687,656,683,643
2,678,672,683,648
2,659,684,684,655
2,658,688,684,666
2,652,694,684,675
2,647,697,680,680
2,660,686,676,681
2,653,694,671,681
2,663,690,662,681
2,669,708,652,678
2,671,697,643,675
2,653,712,640,669
2,661,718,639,664
2,652,720,637,657
2,638,735,636,649
2,634,738,636,644
2,649,735,636,641
2,664,745,636,637
2,684,740,638,632
2,689,729,640,628
2,692,764,641,625
2,707,758,643,622
2,708,755,644,620
2,710,768,644,619
2,711,768,645,618
2,713,757,645,618
2,717,748,646,618
2,711,752,647,622
2,703,751,650,631
2,692,750,651,640
2,700,741,656,650
2,687,740,660,659
2,706,725,666,667
2,706,709,670,674
2,723,722,675,679
2,743,706,677,683
2,754,718,683,689
2,759,707,689,694
2,779,739,698,700
2,742,742,709,704
2,715,761,714,707
2,721,759,716,707
2,718,766,716,707
2,713,758,716,708
2,724,767,716,708
2,724,769,716,708
2,714,762,716,708
2,722,763,716,708
2,709,757,716,707
2,692,765,716,707
2,716,768,721,709
2,722,790,732,712
2,720,779,741,716
2,726,775,748,722
2,689,764,754,724
2,688,765,757,727
2,706,764,759,729
2,699,774,762,731
2,714,763,765,734
2,700,753,769,736
2,702,755,786,741
2,689,738,799,746
2,693,740,814,749
2,689,724,822,752
2,700,715,825,753
2,694,721,825,753
2,726,729,825,753
2,743,737,825,753
2,756,736,825,753
2,758,729,825,754
2,750,763,823,754
2,745,761,822,755
2,729,776,819,755
2,713,782,812,755
2,729,765,802,755
2,728,763,791,755
2,726,772,779,755
2,742,764,770,755
2,730,762,763,750
2,719,774,757,748
2,726,775,753,746
2,742,765,752,744
2,738,754,752,743
2,740,768,752,741
2,734,756,752,739
2,754,755,751,738
2,758,757,751,738
2,760,752,752,738
2,756,749,753,738
2,762,738,755,738
2,748,736,755,741
2,726,728,756,742
2,734,735,758,744
2,724,715,761,748
2,738,721,763,749
2,723,724,764,749
2,720,711,766,749
2,693,694,769,750
2,683,698,772,751
2,706,694,774,751
2,714,686,777,752
2,723,695,777,752
2,716,693,778,754
2,699,713,778,754
2,692,707,780,755
2,678,728,782,756
2,687,712,785,756
2,687,713,785,756
2,693,683,785,756
2,709,657,782,756
2,729,646,770,755
2,731,654,740,751
2,758,638,710,747
2,729,642,703,746
2,731,636,702,746
2,714,636,702,745
2,673,630,703,744
2,686,608,704,744
2,691,617,705,743
2,684,618,705,743
2,690,605,705,743
2,660,614,705,743
2,673,604,705,743
2,660,618,706,743
2,639,628,710,741
2,641,620,717,737
2,622,632,726,730
2,618,653,734,719
2,640,647,737,704
2,626,637,737,677
2,601,636,724,653
2,617,652,712,627
2,623,645,705,606
2,613,626,699,589
2,599,632,694,565
2,580,624,686,552
2,587,619,672,541
2,582,651,664,532
2,589,669,658,526
2,588,662,651,520
2,604,666,647,519
2,610,660,642,517
2,607,677,631,513
2,641,690,623,511
2,632,684,619,511
2,647,697,619,511
2,667,692,618,515
2,684,650,616,522
2,657,661,615,532
2,665,673,615,546
2,666,679,622,572
2,665,679,636,601
2,634,681,655,627
2,652,705,670,647
2,635,685,680,656
2,615,673,687,670
2,609,678,692,677
2,610,680,694,679
2,609,665,697,682
2,619,658,701,683
2,614,665,705,683
2,619,668,707,683
2,591,657,710,679
2,604,653,711,674
2,623,647,714,669
2,612,644,716,666
2,613,666,720,664
2,603,671,722,661
2,599,682,722,656
2,609,693,722,651
2,599,706,720,643
2,611,691,710,632
2,604,700,691,619
2,603,721,670,609
2,627,732,652,604
2,632,733,642,602
2,638,733,635,599
2,626,715,631,599
2,614,696,627,599
2,614,678,623,601
2,608,687,621,604
2,603,683,620,611
2,610,703,620,621
2,590,696,621,628
2,586,712,623,635
2,603,715,625,646
2,611,722,629,656
2,600,724,635,665
2,592,725,644,673
2,584,734,653,677
2,589,730,660,680
2,607,739,663,681
2,616,740,663,681
2,620,756,663,681
2,590,765,663,681
2,613,773,663,679
2,610,782,661,675
2,611,784,658,673
2,608,783,654,671
2,609,778,652,669
2,631,750,647,668
2,648,765,638,667
2,642,757,633,665
2,617,765,628,665
2,638,748,624,667
2,638,768,620,668
2,619,777,617,670
2,610,777,613,670
2,600,773,612,671
2,613,762,612,673
2,624,774,611,673
2,619,787,611,674
2,605,781,611,675
2,597,800,612,675
2,596,810,617,676
2,618,801,626,676
2,607,802,639,676
2,619,803,651,674
2,605,782,660,672
2,603,786,662,671
2,616,797,664,670
2,647,789,664,669
2,660,802,663,667
2,676,803,661,665
2,674,783,659,663
2,659,787,655,661
2,680,777,648,658
2,665,769,639,656
2,674,777,633,656
2,672,783,626,658
2,682,797,618,663
2,665,790,614,670
2,656,810,613,679
2,649,819,614,686
2,664,834,619,691
2,640,811,628,699
2,640,799,637,705
2,624,810,660,715
2,635,839,706,734
2,643,828,724,741
2,641,807,733,745
2,660,800,735,746
2,668,842,736,748
2,672,835,737,748
2,688,839,741,747
2,686,836,746,745
2,684,843,753,742
2,688,838,756,741
2,678,821,756,741
2,653,809,756,741
2,640,799,756,741
2,659,785,754,741
2,654,755,751,743
2,639,753,746,747
2,648,737,740,754
2,645,733,732,763
2,634,743,728,769
2,614,760,728,773
2,603,744,727,775
2,606,751,727,778
2,598,742,725,781
2,594,736,723,784
2,619,728,721,792
2,632,716,716,800
2,623,705,712,805
2,619,687,708,811
2,618,691,707,812
2,625,679,705,812
2,647,687,701,809
2,658,673,687,795
2,663,662,663,779
2,680,662,652,763
2,682,669,643,747
2,697,660,641,737
2,693,625,640,726
2,695,630,640,716
2,699,594,643,707
2,675,601,647,700
2,660,595,652,693
2,678,624,661,688
2,676,626,666,684
2,695,609,669,679
2,708,601,672,673
2,706,618,672,666
2,714,638,672,658
2,740,619,671,653
2,733,616,671,646
2,740,601,672,640
2,740,613,676,635
2,744,609,679,623
2,720,585,679,613
2,718,593,677,604
2,714,594,671,597
2,710,620,665,591
2,718,638,661,586
2,722,645,657,583
2,744,638,655,581
2,746,644,655,581
2,730,640,655,581
2,707,644,661,586
2,696,637,675,598
2,692,613,705,617
2,690,630,729,638
2,682,638,766,652
2,680,627,784,660
2,669,644,791,661
2,664,626,791,661
2,646,627,791,661
2,632,647,789,658
2,639,647,784,652
2,652,648,783,650
2,652,671,782,646
2,628,687,782,645
2,649,686,782,644
2,664,664,782,642
2,674,666,783,641
2,691,669,785,638
2,670,675,786,637
2,670,683,786,635
2,668,684,786,634
2,657,707,785,630
2,649,698,778,626
2,630,688,769,623
2,610,697,761,622
2,593,657,755,622
2,594,659,748,625
2,584,643,735,643
2,571,643,728,658
2,579,643,722,683
2,575,650,722,703
2,576,669,724,713
2,551,691,727,719
2,565,694,727,721
2,550,682,727,722
2,533,689,726,725
2,587,696,722,726
2,596,708,714,726
2,602,701,705,720
2,619,703,680,707
2,619,691,670,700
2,610,683,652,689
2,630,686,648,686
2,639,687,636,675
2,623,668,627,669
2,640,673,618,666
2,643,701,611,665
2,649,710,609,665
2,657,710,605,667
2,644,698,600,672
2,610,679,594,677
2,600,663,588,680
2,623,666,585,682
2,643,646,584,683
2,626,656,584,683
2,612,671,584,683
2,606,667,584,686
2,627,639,584,688
2,614,630,589,692
2,623,651,596,695
2,600,644,603,696
2,589,660,608,696
2,584,654,612,696
2,590,631,613,696
2,602,620,614,695
2,572,659,614,692
2,549,679,617,691
2,555,680,619,689
2,554,698,619,685
2,556,726,620,682
2,559,712,620,677
2,572,715,620,672
2,576,701,621,669
2,567,710,621,666
2,585,707,621,663
2,593,701,621,660
2,580,684,615,656
2,570,701,609,652
2,577,701,602,648
2,581,713,587,643
2,591,725,575,641
2,601,726,569,643
2,602,720,568,648
2,577,705,568,653
2,583,715,570,660
2,596,742,571,667
2,607,718,574,675
2,616,719,580,680
2,588,727,585,683
2,588,733,592,686
2,595,732,596,687
2,584,737,598,687
2,570,736,601,687
2,541,744,602,687
2,530,749,603,686
2,559,763,603,686
2,591,780,604,686
2,594,798,604,686
2,574,805,605,686
2,574,828,605,686
2,577,822,606,686
2,595,822,606,686
2,585,824,606,688
2,595,823,606,692
2,613,817,606,697
2,610,798,608,702
2,601,794,610,708
2,605,795,614,711
2,619,791,621,717
2,615,809,630,722
2,618,803,641,723
2,617,791,651,725
2,623,793,660,725
2,624,785,664,727
2,615,782,664,728
2,610,788,663,731
2,614,775,661,734
2,630,787,658,740
2,634,779,658,747
2,626,803,657,755
2,630,789,657,762
2,620,782,655,771
2,628,806,656,778
2,642,824,657,782
2,626,827,660,788
2,623,837,661,791
2,628,846,665,801
2,625,823,673,810
2,624,831,685,822
2,610,805,691,827
2,592,773,692,828
2,603,790,692,828
2,604,782,692,828
2,613,788,692,828
2,619,778,693,828
2,631,780,695,828
2,640,795,697,826
2,650,785,697,824
2,630,795,698,822
2,617,781,698,822
2,614,780,698,821
2,614,766,698,821
2,632,756,698,821
2,626,775,695,823
2,643,774,690,823
2,663,766,681,821
2,676,758,666,816
2,684,744,649,805
2,672,753,642,799
2,664,762,641,798
2,665,737,644,794
2,648,735,651,791
2,644,728,659,788
2,646,725,669,782
2,663,714,673,776
2,647,700,675,768
2,651,705,674,761
2,658,714,674,757
2,674,693,674,754
2,678,675,674,749
2,684,692,674,742
2,703,685,674,735
2,689,673,674,731
2,674,667,674,728
2,668,653,676,725
2,659,664,677,723
2,645,679,677,719
2,654,676,675,716
2,652,677,672,709
2,662,691,667,701
2,666,669,664,694
2,670,674,661,687
2,661,672,658,678
2,641,666,657,671
2,629,666,654,664
2,596,657,653,662
2,583,647,652,660
2,577,681,652,656
2,578,681,652,652
2,565,669,652,650
2,560,710,652,648
2,561,689,652,647
2,562,695,652,647
2,553,685,653,647
2,556,686,653,646
2,565,683,653,646
2,561,692,655,648
2,558,678,659,654
2,564,698,663,659
2,576,719,667,662
2,566,692,670,664
2,571,702,671,665
2,593,668,670,665
2,589,671,665,665
2,600,666,656,665
2,576,669,633,664
2,586,644,603,660
2,621,635,570,656
2,621,634,553,653
2,611,624,544,651
2,616,620,543,651
2,639,597,542,651
2,641,603,539,651
2,626,595,534,654
2,634,589,530,658
2,619,590,530,661
2,607,596,530,663
2,603,600,530,665
2,574,588,531,669
2,576,607,531,671
2,581,590,532,672
2,566,601,532,672
2,550,576,532,673
2,565,584,535,674
2,563,581,545,676
2,561,575,569,676
2,570,577,578,674
2,571,572,587,671
2,580,589,594,667
2,596,606,601,662
2,591,622,607,658
2,616,629,611,653
2,607,610,611,646
2,589,578,603,639
2,604,587,593,631
2,596,604,586,627
2,623,611,581,624
2,626,601,580,623
2,614,613,580,623
2,605,606,580,623
2,604,626,582,622
2,580,619,583,621
2,591,612,587,619
2,585,603,588,617
2,576,626,592,615
2,586,640,595,611
2,598,652,600,606
2,594,649,602,604
2,577,629,605,602
2,557,646,607,599
2,524,665,609,598
2,601,656,612,595
2,586,651,612,592
2,580,640,612,589
2,550,651,612,588
2,562,665,612,588
2,539,666,612,588
2,586,654,612,588
2,601,659,614,589
2,606,656,618,598
2,609,668,623,607
2,591,664,626,617
2,594,679,633,627
2,584,671,639,634
2,584,688,642,641
2,613,684,642,646
2,590,683,638,650
2,598,696,631,654
2,614,702,620,661
2,616,707,605,665
2,603,714,592,672
2,584,713,572,676
2,599,668,554,681
2,615,665,544,685
2,640,656,543,687
2,650,659,543,689
2,662,685,543,689
2,663,678,543,691
2,659,660,543,692
2,645,652,543,694
2,625,679,545,699
2,646,675,555,715
2,614,699,584,738
2,614,702,601,751
2,622,675,610,757
2,618,680,616,759
2,621,658,616,759
2,634,650,616,759
2,620,636,618,759
2,634,632,620,759
2,653,610,621,759
2,650,611,622,759
2,654,619,625,757
2,658,601,627,756
2,659,591,630,754
2,647,572,633,750
2,646,566,636,745
2,641,588,639,738
2,619,605,642,729
2,598,595,643,720
2,604,590,647,708
2,605,584,648,696
2,609,590,655,680
2,633,577,667,660
2,663,569,673,651
2,675,598,674,641
2,655,606,674,637
2,648,629,674,630
2,638,611,674,623
2,639,623,669,616
2,612,642,660,607
2,607,629,638,589
2,575,635,612,573
2,589,644,596,562
2,570,657,590,559
2,581,668,590,559
2,601,686,594,558
2,601,674,597,558
2,622,709,602,558
2,629,706,611,558
2,619,682,630,561
2,605,685,649,563
2,603,677,660,565
2,570,674,664,566
2,586,665,664,566
2,563,680,662,567
2,590,677,661,571
2,582,695,660,578
2,573,691,657,587
2,582,693,654,602
2,601,680,651,616
2,576,663,642,632
2,557,675,637,648
2,539,682,633,657
2,536,664,630,666
2,581,658,628,671
2,579,658,626,677
2,574,647,625,678
2,569,639,623,680
2,556,656,623,681
2,545,635,623,681
2,578,612,623,681
2,569,600,622,681
2,552,572,619,681
2,570,579,614,681
2,577,577,607,679
2,591,567,598,678
2,574,571,587,678
2,572,567,583,678
2,589,588,580,678
2,586,570,580,678
2,589,573,580,678
2,596,566,582,678
2,601,575,583,677
2,582,566,587,670
2,579,533,590,660
2,593,539,593,647
2,580,504,598,632
2,593,496,605,616
2,575,483,610,601
2,563,473,612,582
2,553,451,612,562
2,560,458,608,551
2,579,456,607,548
2,595,451,607,546
2,587,425,607,546
2,576,435,607,546
2,574,424,607,546
2,579,433,607,546
2,577,448,607,546
2,568,446,607,546
2,557,443,604,541
2,536,444,599,535
2,564,467,558,510
2,562,437,516,486
2,546,464,469,461
2,539,462,430,441
2,548,473,420,433
2,553,459,425,431
2,548,464,442,429
2,571,449,456,427
2,566,457,469,424
2,562,463,476,423
2,566,458,485,421
2,580,460,492,420
2,591,475,496,419
2,590,490,500,417
2,612,472,501,413
2,606,489,503,409
2,589,506,504,406
2,600,500,506,400
2,596,475,509,395
2,607,497,510,390
2,625,508,514,386
2,614,498,519,380
2,620,501,525,377
2,615,524,533,376
2,616,524,550,376
2,607,539,585,377
2,628,547,621,390
2,638,535,639,399
2,645,531,640,404
2,648,525,631,411
2,633,517,627,413
2,634,506,611,423
2,647,519,597,440
2,651,506,574,467
2,669,511,548,497
2,671,525,532,526
2,677,531,524,549
2,677,512,524,563
2,656,488,527,570
2,666,496,532,579
2,686,504,538,590
2,685,503,548,608
2,685,491,568,628
2,667,482,590,641
2,649,490,601,649
2,647,484,608,652
2,670,500,608,652
2,645,492,608,652
2,656,473,611,645
2,678,484,616,633
2,681,487,622,622
2,695,489,631,606
2,700,503,636,591
2,701,517,639,578
2,668,524,642,567
2,662,553,647,557
2,661,544,653,546
2,669,541,655,535
2,673,544,654,525
2,689,550,651,516
2,669,534,647,511
2,676,552,644,507
2,682,544,643,504
2,671,540,642,503
2,685,564,642,503
2,666,572,642,503
2,650,564,642,503
2,627,578,655,512
2,642,571,675,532
2,629,564,689,547
2,608,545,702,564
2,592,560,708,569
2,600,584,710,573
2,590,564,711,573
2,588,581,711,573
2,605,584,711,573
2,605,607,711,573
2,598,613,713,573
2,620,610,713,573
2,614,618,713,573
2,628,609,713,572
2,634,608,713,571
2,619,635,713,570
2,621,646,713,570
2,608,638,712,568
2,601,640,711,568
2,586,630,700,567
2,581,631,688,567
2,571,623,676,568
2,561,621,663,573
2,527,630,652,579
2,575,642,646,583
2,593,652,642,589
2,592,657,638,599
2,590,640,636,606
2,573,638,636,611
2,573,621,636,615
2,556,601,639,619
2,551,610,641,621
2,539,637,641,621
2,573,636,640,621
2,581,637,635,622
2,602,626,628,622
2,635,639,618,622
2,641,651,596,622
2,630,653,571,620
2,644,646,554,620
2,652,655,547,621
2,671,671,544,624
2,657,667,544,625
2,661,636,544,625
2,657,616,544,625
2,646,606,544,625
2,637,630,544,625
2,652,630,543,625
2,642,630,537,622
2,656,614,533,621
2,659,630,532,619
2,677,636,531,619
2,685,664,531,619
2,671,668,535,619
2,691,687,557,625
2,705,694,583,632
2,720,701,605,636
2,708,683,619,638
2,697,692,629,640
2,687,695,633,640
2,707,696,633,640
2,717,705,633,640
2,723,721,634,638
2,720,762,637,636
2,736,775,640,636
2,732,758,642,634
2,718,749,643,634
2,725,731,645,631
2,689,762,648,631
2,693,765,657,631
2,676,737,663,633
2,644,722,676,640
2,657,728,681,647
2,654,724,689,656
2,658,695,692,665
2,658,704,694,683
2,658,691,694,702
2,623,673,691,730
2,621,678,694,779
2,622,671,705,797
2,622,670,717,809
2,631,665,723,818
2,630,657,724,824
2,634,681,724,829
2,665,684,724,834
2,679,691,724,836
2,666,680,724,837
2,665,692,724,839
2,652,689,723,839
2,669,712,719,837
2,680,697,717,836
2,669,686,715,832
2,670,697,710,825
2,672,706,703,814
2,699,713,694,798
2,683,717,689,783
2,693,714,687,771
2,690,703,688,757
2,704,709,691,739
2,698,702,693,729
2,681,678,692,722
2,672,678,691,718
2,665,692,690,718
2,676,702,690,718
2,670,697,690,718
2,665,701,690,718
2,650,710,690,718
2,636,716,691,718
2,639,691,693,717
2,647,701,695,717
2,661,677,696,717
2,653,654,698,717
2,663,641,699,719
2,673,649,700,722
2,698,644,700,723
2,681,644,700,723
2,659,631,700,723
2,647,628,700,720
2,661,612,696,716
2,667,602,691,714
2,683,598,687,708
2,704,580,684,706
2,704,587,683,705
2,719,610,683,705
2,693,599,683,703
2,678,576,682,702
2,687,581,682,701
2,707,606,682,698
2,704,575,682,694
2,700,568,682,689
2,711,569,682,676
2,700,574,681,662
2,702,557,679,656
2,683,590,677,630
2,698,594,684,619
2,687,599,702,606
2,700,619,713,600
2,699,627,726,593
2,724,608,734,586
2,696,593,738,578
2,702,573,739,573
2,694,568,739,568
2,694,552,739,563
2,711,577,739,558
2,712,595,739,556
2,731,608,739,551
2,725,619,739,545
2,713,637,739,540
2,711,620,739,537
2,739,624,738,533
2,760,650,735,530
2,756,647,733,527
2,761,631,731,525
2,742,639,730,525
2,741,616,730,524
2,763,621,728,524
2,775,634,728,524
2,781,629,727,524
2,782,623,727,524
2,783,642,726,524
2,780,639,725,524
2,797,664,723,526
2,809,667,722,532
2,811,683,722,539
2,796,684,724,550
2,804,680,729,565
2,812,683,734,585
2,803,685,741,596
2,777,679,742,600
2,785,680,743,603
2,801,714,743,604
2,807,737,743,604
2,793,727,743,604
2,796,732,744,605
2,775,727,747,606
2,787,724,749,608
2,779,739,753,612
2,780,723,760,618
2,774,709,771,626
2,771,709,785,638
2,773,716,801,648
2,780,715,806,656
2,785,731,808,663
2,803,748,808,670
2,791,744,806,680
2,817,733,800,695
2,838,740,795,710
2,831,758,788,733
2,848,762,778,752
2,857,763,774,764
2,843,778,767,776
2,830,780,766,781
2,846,756,764,783
2,856,746,764,784
2,850,751,763,785
2,873,746,760,788
2,888,745,760,788
2,860,752,759,789
2,860,737,759,789
2,876,719,759,789
2,887,732,759,790
2,881,712,759,794
2,875,698,762,801
2,880,707,768,808
2,878,693,776,816
2,886,705,783,820
2,879,707,787,821
2,871,704,788,822
2,871,723,791,825
2,864,729,794,825
2,855,711,796,825
2,869,699,798,821
2,853,701,803,814
2,858,703,806,805
2,869,714,808,796
2,874,714,813,783
2,857,704,818,768
2,868,693,822,751
2,873,693,827,735
2,886,699,831,719
2,887,683,836,711
2,926,670,843,706
2,931,665,846,702
2,933,684,849,700
2,923,675,849,700
2,935,675,849,699
2,929,651,849,699
2,938,653,849,701
2,967,638,850,701
2,974,647,850,701
2,982,635,850,701
2,985,633,854,701
2,957,627,862,701
2,958,624,871,701
2,978,612,881,702
2,983,615,890,704
2,976,632,897,704
2,971,640,902,704
2,985,637,909,704
2,993,630,917,705
2,1001,613,934,708
2,1007,635,944,710
2,1023,660,955,710
2,1044,682,957,710
2,1026,663,957,707
2,1006,647,956,705
2,989,643,956,703
2,999,652,956,700
2,1006,632,956,699
2,1012,633,956,699
2,1025,642,956,698
2,1009,634,956,698
2,1001,648,956,697
2,995,657,954,695
2,1000,662,945,694
2,986,663,931,690
2,994,658,900,684
2,980,675,881,682
2,973,673,867,682
2,975,656,863,682
2,995,641,863,685
2,1030,633,868,687
2,1046,640,875,689
2,1040,645,881,690
2,1056,635,891,693
2,1069,630,908,697
2,1046,632,929,697
2,1037,638,932,697
2,1013,643,934,697
2,1026,646,934,697
2,1016,661,937,696
2,1016,659,946,695
2,1023,648,958,695
2,1021,634,969,695
2,1001,610,974,695
2,1016,590,976,695
2,983,571,976,695
2,970,550,979,695
2,974,525,984,695
2,986,533,987,692
2,984,541,990,691
2,980,545,991,686
2,978,542,997,680
2,957,549,1006,673
2,991,553,1018,658
2,1006,559,1044,627
2,995,558,1058,608
2,1006,561,1063,590
2,1006,580,1059,575
2,1012,602,1043,556
2,1008,591,1024,540
2,1011,576,1016,534
2,1015,598,1015,533
2,1018,598,1016,532
2,1039,599,1017,530
2,1036,569,1017,527
2,1035,566,1017,525
2,1043,567,1017,521
2,1059,544,1015,519
2,1086,573,1012,516
2,1100,585,1011,515
2,1120,591,1007,511
2,1131,597,1005,508
2,1129,598,1004,506
2,1130,625,1004,506
2,1136,641,1004,506
2,1126,642,1004,506
2,1134,643,1004,506
2,1106,606,1002,506
2,1134,599,1001,506
2,1125,601,1000,506
2,1154,590,1000,507
2,1175,593,1000,509
2,1201,596,1000,510
2,1221,595,1000,512
2,1229,577,1003,516
2,1240,531,1008,522
2,1262,519,1017,531
2,1217,521,1036,551
2,1199,522,1069,574
2,1200,519,1079,588
2,1187,518,1091,600
2,1165,499,1092,603
2,1153,496,1093,607
2,1126,491,1097,614
2,1113,474,1105,622
2,1096,482,1112,626
2,1109,484,1125,627
2,1120,487,1127,627
2,1106,492,1127,627
2,1083,491,1136,623
2,1088,491,1158,609
2,1090,492,1196,585
2,1085,519,1228,561
2,1066,526,1261,533
2,1047,520,1279,506
2,1058,514,1297,482
2,1070,510,1308,449
2,1058,512,1310,421
2,1062,519,1304,403
2,1068,518,1289,388
2,1058,535,1275,380
2,1063,527,1263,378
2,1061,484,1256,378
2,1070,464,1249,380
2,1079,460,1236,388
2,1065,480,1225,392
2,1066,477,1211,396
2,1077,454,1204,397
2,1097,435,1200,398
2,1127,429,1196,400
2,1119,406,1194,401
2,1111,422,1190,403
2,1107,447,1186,406
2,1099,436,1180,411
2,1105,426,1174,417
2,1084,438,1171,420
2,1086,445,1169,422
2,1081,447,1168,422
2,1089,438,1168,422
2,1102,425,1168,422
2,1097,416,1164,422
2,1106,394,1158,422
2,1114,382,1152,420
2,1110,363,1147,418
2,1115,378,1144,415
2,1103,384,1142,413
2,1106,405,1140,408
2,1110,402,1139,404
2,1117,409,1139,402
2,1113,391,1139,402
2,1095,381,1139,400
2,1109,369,1139,400
2,1093,358,1139,399
2,1076,354,1137,398
2,1070,369,1132,398
2,1083,361,1128,397
2,1062,332,1126,395
2,1078,352,1125,393
2,1078,354,1126,391
2,1057,338,1128,389
2,1065,336,1131,385
2,1069,339,1132,383
2,1061,331,1130,381
2,1071,313,1124,377
2,1068,285,1118,372
2,1071,284,1114,367
2,1061,295,1113,365
2,1056,298,1113,363
2,1052,297,1112,359
2,1040,294,1111,357
2,1031,304,1107,355
2,1033,330,1102,350
2,1042,338,1096,348
2,1034,340,1095,346
2,1032,335,1094,346
2,1041,345,1094,346
2,1040,369,1094,346
2,1047,338,1094,346
2,1058,350,1093,345
2,1039,334,1090,342
2,1036,358,1089,340
2,1059,380,1087,337
2,1062,387,1085,334
2,1054,370,1079,330
2,1066,361,1070,324
2,1071,363,1057,317
2,1056,364,1046,313
2,1066,372,1037,308
2,1087,391,1032,307
2,1064,381,1031,306
2,1074,367,1032,306
2,1077,370,1032,306
2,1122,351,1032,308
2,1112,354,1025,311
2,1116,349,1018,312
2,1100,329,1011,312
2,1096,309,1004,312
2,1102,318,1002,312
2,1093,314,1001,312
2,1088,322,1000,312
2,1117,293,1000,312
2,1119,313,1000,312
2,1119,316,1000,312
2,1142,332,1000,312
2,1179,319,1003,316
2,1148,300,1009,321
2,1162,283,1014,325
2,1163,260,1019,326
2,1153,244,1023,326
2,1179,249,1024,326
2,1199,254,1024,326
2,1186,237,1026,321
2,1184,223,1028,319
2,1171,226,1031,312
2,1188,232,1034,310
2,1182,249,1037,308
2,1190,290,1043,305
2,1179,292,1050,304
2,1158,312,1055,302
2,1161,296,1059,301
2,1157,280,1060,300
2,1166,281,1062,299
2,1177,281,1064,299
2,1165,264,1067,296
2,1167,265,1071,295
2,1178,277,1074,293
2,1197,286,1078,289
2,1203,296,1082,286
2,1200,320,1084,285
2,1191,317,1087,283
2,1212,336,1094,280
2,1195,336,1103,279
2,1206,347,1113,277
2,1198,367,1127,277
2,1200,360,1138,277
2,1200,381,1152,277
2,1200,379,1164,278
2,1215,372,1171,279
2,1226,402,1172,279
2,1235,397,1172,279
2,1243,399,1174,281
2,1217,436,1178,286
2,1206,434,1187,294
2,1212,426,1197,305
2,1199,429,1205,313
2,1176,449,1206,321
2,1174,449,1206,326
2,1194,439,1201,336
2,1201,430,1197,345
2,1200,437,1193,352
2,1213,441,1190,358
2,1222,469,1186,362
2,1249,466,1184,367
2,1243,475,1184,372
2,1248,473,1186,378
2,1224,469,1189,383
2,1240,488,1190,387
2,1242,499,1191,389
2,1251,506,1192,392
2,1263,487,1193,395
2,1295,468,1195,398
2,1295,464,1195,400
2,1280,470,1195,401
2,1280,453,1195,406
2,1256,464,1195,411
2,1219,458,1196,420
2,1206,468,1205,431
2,1219,464,1209,442
2,1223,479,1217,451
2,1211,497,1223,460
2,1192,505,1230,472
2,1192,511,1240,481
2,1200,520,1252,488
2,1198,533,1257,492
2,1203,534,1258,494
2,1190,515,1258,494
2,1171,516,1258,493
2,1143,504,1255,487
2,1134,485,1252,478
2,1117,498,1249,466
2,1141,485,1244,453
2,1146,502,1234,442
2,1165,499,1220,429
2,1175,501,1212,425
2,1194,523,1212,424
2,1181,504,1212,424
2,1172,500,1212,426
2,1165,500,1212,433
2,1163,482,1212,442
2,1154,504,1212,454
2,1137,523,1210,461
2,1133,547,1207,465
2,1154,542,1203,467
2,1159,552,1198,468
2,1164,536,1192,471
2,1160,554,1187,474
2,1168,578,1186,475
2,1169,574,1184,476
2,1144,577,1184,477
2,1133,546,1185,481
2,1130,539,1185,484
2,1115,539,1184,487
2,1121,553,1184,492
2,1122,573,1178,499
2,1103,582,1170,505
2,1108,584,1165,510
2,1092,588,1159,519
2,1108,621,1157,525
2,1102,637,1157,530
2,1118,648,1157,537
2,1118,674,1157,544
2,1119,654,1157,554
2,1126,654,1156,564
2,1139,648,1156,574
2,1143,636,1154,580
2,1119,650,1153,585
2,1143,657,1152,590
2,1133,664,1149,596
2,1134,671,1147,603
2,1147,680,1146,608
2,1142,665,1146,613
2,1133,652,1145,619
2,1106,692,1142,626
2,1112,694,1139,631
2,1113,687,1128,649
2,1116,671,1125,653
2,1143,664,1119,663
2,1155,665,1119,665
2,1160,652,1118,666
2,1150,644,1118,666
2,1147,660,1118,666
2,1158,663,1118,666
2,1153,660,1118,666
2,1167,672,1118,666
2,1145,648,1118,668
2,1147,647,1118,669
2,1154,636,1118,671
2,1165,644,1119,673
2,1179,621,1122,677
2,1169,613,1126,682
2,1172,601,1130,686
2,1165,591,1131,689
2,1189,602,1131,692
2,1194,592,1131,696
2,1211,567,1132,698
2,1201,571,1132,699
2,1193,595,1132,699
2,1190,590,1132,699
2,1194,617,1132,699
2,1229,638,1132,698
2,1235,629,1134,693
2,1241,638,1138,674
2,1233,646,1140,662
2,1232,655,1141,650
2,1250,660,1144,640
2,1256,667,1157,623
2,1251,666,1171,611
2,1254,646,1197,583
2,1269,659,1215,559
2,1253,677,1231,535
2,1273,692,1242,517
2,1287,688,1247,506
2,1296,662,1250,500
2,1263,658,1251,497
2,1260,646,1251,495
2,1274,635,1251,492
2,1279,657,1251,489
2,1278,669,1253,483
2,1262,692,1256,475
2,1244,665,1259,466
2,1256,642,1259,461
2,1236,633,1259,460
2,1227,654,1259,460
2,1208,639,1259,460
2,1202,625,1259,462
2,1190,630,1261,473
2,1200,645,1262,487
2,1212,654,1266,502
2,1196,678,1273,522
2,1198,671,1284,538
2,1194,693,1300,549
2,1205,673,1306,555
2,1184,666,1310,559
2,1189,666,1311,559
2,1189,663,1312,560
2,1182,682,1312,560
2,1158,703,1311,560
2,1167,715,1306,560
2,1157,706,1301,560
2,1132,726,1294,560
2,1131,731,1286,560
2,1144,743,1277,561
2,1124,762,1268,569
2,1110,729,1253,586
2,1109,731,1235,608
2,1068,731,1222,627
2,1075,723,1210,648
2,1086,721,1209,657
2,1071,755,1207,665
2,1085,756,1207,674
2,1103,744,1208,684
2,1110,750,1208,689
2,1120,755,1208,691
2,1116,751,1208,692
2,1103,750,1208,694
2,1107,765,1208,694
2,1114,761,1206,695
2,1117,747,1201,695
2,1107,747,1193,695
2,1121,726,1173,694
2,1124,725,1138,690
2,1123,742,1111,688
2,1116,755,1087,687
2,1094,759,1083,685
2,1087,772,1083,685
2,1100,825,1082,685
2,1074,807,1081,687
2,1068,801,1080,689
2,1070,798,1078,691
2,1100,797,1078,694
2,1115,812,1078,695
2,1137,819,1078,697
2,1120,845,1078,699
2,1114,827,1078,703
2,1107,824,1078,710
2,1096,835,1078,713
2,1097,840,1078,718
2,1112,851,1078,722
2,1087,875,1076,729
2,1071,853,1073,738
2,1085,856,1066,753
2,1079,861,1059,771
2,1089,863,1053,792
2,1092,854,1049,811
2,1096,843,1049,824
2,1088,835,1049,838
2,1094,856,1053,851
2,1090,829,1065,863
2,1073,842,1088,870
2,1050,830,1108,874
2,1011,824,1125,876
2,995,804,1132,876
2,1001,798,1132,876
2,986,806,1132,876
2,985,809,1132,876
2,968,805,1132,876
2,961,823,1132,876
2,986,802,1132,877
2,989,824,1129,879
2,985,809,1128,879
2,992,804,1128,880
2,978,830,1127,882
2,966,868,1127,882
2,993,895,1127,882
2,988,892,1127,882
2,989,909,1120,882
2,976,910,1108,879
2,986,920,1077,869
2,1015,923,1048,855
2,1014,930,1015,837
2,1030,924,1003,827
2,1056,924,999,822
2,1050,922,999,820
2,1051,919,999,817
2,1052,923,998,816
2,1045,925,998,815
2,1042,924,997,814
2,1055,910,997,814
2,1065,900,996,814
2,1076,900,995,815
2,1071,873,988,819
2,1083,876,985,821
2,1068,855,981,824
2,1062,870,980,825
2,1068,886,979,826
2,1067,875,978,828
2,1056,875,975,834
2,1065,856,975,839
2,1060,872,975,846
2,1073,857,980,851
2,1059,852,987,857
2,1044,838,992,860
2,1058,825,999,860
2,1066,845,1001,860
2,1072,856,1003,859
2,1078,844,1011,853
2,1073,858,1018,849
2,1078,870,1025,847
2,1083,840,1032,846
2,1094,844,1042,846
2,1098,836,1051,849
2,1114,828,1060,851
2,1103,823,1068,852
2,1088,834,1077,855
2,1094,832,1086,857
2,1102,849,1088,857
2,1074,832,1088,857
2,1080,839,1082,852
2,1061,848,1062,845
2,1082,849,1047,842
2,1080,831,1036,839
2,1081,847,1031,839
2,1104,846,1031,839
2,1098,870,1031,840
2,1107,858,1031,841
2,1111,858,1031,842
2,1122,850,1031,842
2,1115,820,1031,842
2,1123,807,1031,842
2,1124,797,1031,842
2,1127,807,1032,842
2,1129,796,1037,842
2,1112,809,1040,841
2,1118,796,1043,839
2,1119,800,1047,835
2,1109,813,1050,830
2,1112,808,1056,826
2,1123,813,1063,820
2,1099,824,1069,817
2,1099,813,1074,813
2,1110,819,1076,812
2,1099,822,1078,811
2,1080,813,1080,811
2,1076,855,1080,811
2,1077,872,1081,811
2,1059,885,1081,811
2,1072,883,1084,810
2,1082,862,1091,805
2,1071,891,1092,802
2,1083,892,1098,792
2,1098,888,1099,787
2,1104,867,1102,780
2,1126,864,1103,776
2,1140,863,1106,775
2,1151,846,1108,774
2,1147,851,1109,774
2,1123,858,1109,772
2,1129,830,1109,772
2,1126,823,1109,772
2,1122,822,1109,772
2,1124,802,1109,775
2,1138,794,1107,781
2,1129,810,1107,787
2,1132,818,1106,793
2,1114,790,1106,799
2,1076,793,1107,800
2,1062,794,1107,802
2,1062,796,1107,802
2,1093,783,1109,803
2,1086,759,1113,805
2,1092,749,1115,806
2,1099,755,1119,807
2,1125,757,1122,808
2,1112,789,1127,811
2,1112,792,1134,814
2,1102,785,1141,816
2,1111,781,1146,817
2,1112,788,1149,817
2,1099,789,1150,817
2,1091,777,1150,817
2,1106,788,1150,817
2,1097,783,1150,816
2,1094,764,1150,815
2,1087,744,1150,812
2,1084,745,1150,811
2,1074,753,1149,809
2,1077,734,1149,805
2,1095,749,1146,802
2,1100,729,1143,796
2,1122,727,1141,792
2,1149,723,1140,791
2,1156,732,1140,791
2,1181,747,1140,791
2,1170,746,1140,791
2,1188,735,1140,791
2,1211,728,1140,791
2,1206,697,1141,791
2,1200,682,1142,791
2,1195,678,1144,790
2,1188,663,1147,788
2,1184,647,1147,787
2,1192,640,1147,786
2,1200,640,1147,784
2,1189,630,1147,783
2,1201,637,1148,781
2,1210,649,1148,778
2,1224,645,1149,774
2,1222,653,1150,769
2,1216,626,1150,763
2,1223,624,1153,755
2,1229,624,1153,748
2,1237,615,1153,738
2,1248,609,1153,726
2,1240,606,1153,715
2,1260,599,1153,701
2,1276,603,1152,687
2,1285,627,1153,664
2,1314,616,1157,649
2,1318,619,1162,636
2,1317,609,1170,623
2,1325,609,1177,616
2,1317,595,1182,608
2,1321,599,1185,603
2,1329,579,1186,601
2,1330,571,1188,601
2,1309,573,1190,601
2,1324,571,1193,599
2,1289,534,1195,598
2,1293,542,1197,597
2,1317,544,1201,597
2,1304,538,1203,596
2,1283,516,1208,595
2,1310,529,1212,595
2,1280,513,1214,595
2,1284,521,1215,595
2,1277,510,1218,595
2,1293,483,1220,595
2,1289,496,1228,592
2,1322,510,1231,591
2,1306,513,1241,582
2,1305,501,1255,566
2,1297,484,1275,548
2,1302,461,1290,529
2,1304,470,1303,510
2,1306,460,1310,497
2,1303,478,1316,488
2,1283,486,1322,481
2,1297,501,1325,473
2,1281,499,1326,468
2,1290,488,1329,459
2,1290,504,1334,451
2,1286,508,1338,443
2,1307,522,1342,438
2,1327,521,1346,435
2,1348,499,1349,433
2,1355,485,1352,432
2,1372,495,1353,431
2,1364,481,1355,430
2,1380,453,1356,428
2,1360,445,1357,427
2,1349,457,1360,426
2,1358,448,1361,425
2,1351,444,1363,425
2,1348,415,1363,423
2,1334,414,1364,422
2,1351,400,1365,422
2,1359,396,1365,420
2,1351,402,1366,420
2,1339,395,1366,420
2,1349,394,1368,420
2,1351,393,1369,420
2,1357,397,1371,420
2,1375,416,1371,419
2,1353,412,1372,419
2,1317,402,1372,418
2,1313,433,1373,417
2,1307,409,1374,416
2,1282,393,1376,414
2,1300,387,1377,411
2,1280,389,1379,408
2,1284,391,1381,405
2,1286,364,1384,398
2,1289,337,1387,392
2,1283,341,1389,387
2,1295,346,1391,383
2,1318,368,1392,381
2,1310,385,1394,378
2,1303,392,1395,377
2,1277,397,1396,375
2,1291,392,1396,374
2,1304,390,1396,373
2,1294,385,1396,372
2,1295,366,1395,369
2,1310,392,1391,365
2,1283,397,1386,363
2,1285,396,1380,360
2,1289,395,1378,358
2,1276,357,1377,358
2,1289,341,1376,355
2,1298,354,1373,354
2,1324,364,1372,352
2,1294,359,1372,351
2,1293,353,1372,350
2,1297,350,1370,347
2,1284,362,1368,345
2,1308,363,1364,344
2,1311,357,1359,341
2,1297,334,1351,337
2,1274,329,1346,335
2,1286,339,1344,334
2,1286,362,1343,333
2,1271,381,1342,333
2,1257,378,1340,332
2,1243,388,1338,331
2,1242,382,1336,328
2,1229,383,1333,326
2,1221,382,1328,323
2,1239,377,1325,321
2,1254,385,1316,315
2,1250,369,1313,313
2,1249,362,1310,311
2,1267,377,1308,309
2,1276,385,1303,306
2,1260,378,1299,302
2,1262,364,1295,300
2,1264,350,1294,299
2,1252,365,1293,296
2,1246,374,1292,294
2,1248,375,1290,293
2,1248,363,1286,292
2,1243,371,1281,289
2,1238,347,1274,286
2,1245,370,1267,285
2,1225,362,1260,284
2,1228,351,1257,284
2,1224,343,1255,284
2,1231,347,1252,291
2,1228,352,1251,299
2,1207,330,1249,313
2,1199,332,1249,327
2,1185,332,1249,341
2,1191,302,1249,343
2,1174,299,1249,343
2,1159,310,1249,343
2,1166,305,1248,343
2,1128,293,1248,343
2,1127,285,1248,343
2,1114,284,1248,343
2,1124,285,1248,343
2,1119,285,1248,343
2,1117,309,1247,343
2,1131,288,1243,341
2,1157,271,1233,332
2,1152,263,1220,323
2,1138,257,1194,313
2,1105,253,1170,302
2,1111,225,1142,289
2,1091,229,1126,280
2,1063,251,1114,274
2,1057,250,1108,273
2,1063,245,1108,273
2,1079,233,1108,273
2,1061,271,1108,273
2,1071,260,1108,273
2,1095,266,1108,273
2,1122,293,1108,273
2,1143,273,1108,273
2,1168,295,1108,273
2,1151,302,1105,273
2,1163,331,1098,273
2,1178,346,1088,271
2,1171,372,1079,270
2,1187,357,1072,268
2,1194,364,1068,268
2,1185,360,1066,268
2,1193,385,1065,268
2,1190,380,1065,268
2,1188,391,1065,268
2,1177,405,1065,268
2,1170,407,1069,268
2,1181,407,1077,269
2,1171,386,1089,273
2,1172,383,1105,278
2,1162,366,1121,287
2,1167,358,1139,296
2,1180,362,1153,305
2,1192,377,1162,310
2,1185,375,1166,311
2,1211,373,1166,312
2,1214,382,1165,312
2,1191,396,1160,313
2,1221,398,1155,313
2,1226,395,1151,317
2,1237,374,1148,323
2,1231,356,1146,331
2,1243,368,1145,340
2,1262,366,1142,347
2,1231,362,1142,352
2,1234,336,1142,354
2,1226,351,1146,353
2,1222,338,1148,352
2,1213,323,1153,352
2,1199,318,1158,353
2,1187,302,1166,357
2,1177,305,1169,359
2,1195,310,1172,360
2,1193,323,1174,362
2,1198,305,1179,363
2,1200,293,1186,363
2,1219,310,1196,363
2,1202,325,1205,362
2,1181,302,1213,361
2,1141,306,1222,361
2,1172,324,1229,360
2,1192,301,1236,360
2,1185,306,1243,360
2,1191,313,1248,357
2,1192,298,1248,356
2,1203,293,1248,350
2,1197,301,1244,343
2,1185,334,1237,334
2,1179,340,1230,329
2,1183,347,1218,321
2,1199,340,1206,313
2,1199,333,1205,312
2,1220,359,1205,312
2,1240,377,1205,312
2,1233,380,1205,312
2,1204,378,1204,312
2,1202,378,1204,312
2,1205,385,1204,312
2,1213,365,1204,318
2,1220,352,1207,323
2,1216,350,1209,330
2,1208,378,1209,334
2,1198,404,1209,337
2,1177,411,1208,337
2,1189,411,1208,337
2,1192,418,1208,337
2,1182,414,1208,337
2,1189,407,1208,337
2,1199,431,1208,337
2,1211,449,1209,337
2,1201,464,1209,337
2,1201,457,1210,337
2,1207,455,1211,337
2,1232,478,1214,338
2,1241,470,1218,343
2,1255,480,1219,350
2,1251,475,1221,359
2,1266,498,1223,376
2,1256,519,1224,398
2,1282,522,1225,420
2,1277,553,1224,435
2,1291,541,1216,455
2,1270,550,1213,470
2,1265,554,1210,487
2,1257,560,1208,504
2,1267,559,1209,515
2,1241,559,1210,527
2,1230,547,1216,536
2,1228,565,1222,541
2,1240,594,1224,545
2,1251,592,1228,549
2,1247,581,1234,553
2,1253,569,1241,556
2,1270,560,1246,562
2,1244,557,1252,564
2,1224,563,1257,567
2,1231,566,1260,569
2,1251,550,1262,572
2,1250,528,1267,573
2,1249,534,1270,574
2,1254,532,1273,574
2,1252,534,1273,574
2,1262,487,1273,574
2,1261,494,1273,574
2,1262,486,1273,574
2,1266,494,1273,574
2,1277,498,1273,576
2,1267,479,1273,579
2,1260,510,1273,582
2,1244,517,1273,587
2,1223,515,1274,589
2,1215,536,1274,595
2,1224,559,1274,599
2,1227,587,1275,601
2,1232,596,1276,604
2,1230,609,1277,606
2,1209,607,1277,606
2,1217,611,1278,606
2,1219,612,1278,603
2,1226,612,1278,602
2,1233,612,1278,599
2,1238,580,1277,591
2,1233,581,1274,584
2,1255,568,1271,577
2,1243,595,1269,573
2,1262,574,1266,572
2,1262,584,1266,572
2,1261,580,1265,573
2,1251,587,1264,578
2,1224,581,1264,583
2,1231,579,1264,590
2,1226,589,1265,595
2,1219,578,1267,598
2,1208,580,1267,600
2,1203,567,1267,600
2,1205,583,1267,600
2,1196,574,1267,600
2,1184,596,1267,600
2,1216,568,1267,601
2,1192,556,1266,602
2,1190,570,1264,604
2,1176,566,1264,607
2,1166,561,1263,608
2,1158,579,1263,610
2,1149,585,1262,611
2,1161,585,1262,613
2,1166,589,1258,616
2,1153,589,1247,623
2,1187,599,1236,630
2,1179,609,1229,635
2,1159,620,1223,639
2,1151,627,1221,640
2,1138,632,1219,642
2,1148,610,1218,642
2,1118,601,1216,642
2,1133,582,1213,642
2,1133,539,1211,642
2,1171,528,1206,644
2,1166,543,1201,644
2,1164,547,1194,646
2,1171,553,1190,648
2,1191,544,1189,649
2,1193,538,1188,649
2,1187,550,1188,649
2,1197,536,1186,649
2,1202,540,1185,649
2,1203,537,1184,650
2,1217,551,1182,650
2,1224,519,1180,650
2,1248,512,1177,651
2,1234,513,1171,651
2,1244,532,1170,651
2,1249,547,1170,651
2,1264,545,1170,651
2,1231,549,1170,651
2,1219,563,1170,651
2,1221,559,1172,651
2,1229,551,1177,650
2,1220,562,1183,645
2,1216,555,1189,643
2,1215,555,1196,638
2,1219,544,1201,634
2,1236,565,1204,629
2,1222,567,1206,622
2,1214,558,1209,616
2,1213,553,1212,609
2,1197,559,1216,600
2,1181,546,1219,592
2,1195,561,1224,579
2,1192,551,1224,567
2,1181,563,1224,557
2,1177,540,1225,550
2,1171,536,1228,542
2,1166,530,1230,540
2,1143,545,1233,537
2,1132,547,1234,536
2,1102,554,1234,536
2,1088,539,1234,536
2,1070,555,1236,536
2,1088,549,1241,538
2,1116,575,1249,545
2,1118,571,1256,553
2,1109,588,1261,562
2,1103,559,1264,569
2,1075,570,1264,572
2,1052,555,1262,576
2,1057,546,1255,579
2,1064,546,1228,581
2,1047,544,1188,577
2,1047,526,1137,568
2,1069,538,1099,564
2,1078,546,1082,564
2,1070,533,1074,564
2,1062,510,1074,564
2,1067,490,1074,564
2,1061,503,1075,564
2,1054,523,1077,571
2,1048,526,1082,580
2,1036,523,1087,586
2,1037,526,1097,593
2,1031,531,1102,596
2,1038,505,1106,599
2,1037,496,1106,599
2,1018,495,1106,599
2,1022,497,1106,599
2,1019,494,1106,599
2,1004,492,1107,599
2,998,471,1111,599
2,1003,473,1113,599
2,985,461,1116,599
2,975,459,1118,597
2,986,453,1118,594
2,962,438,1114,586
2,967,458,1108,581
2,984,468,1106,574
2,988,492,1101,566
2,1013,487,1097,557
2,1009,480,1088,542
2,1012,475,1073,525
2,1005,462,1048,500
2,999,444,1024,486
2,1035,446,1013,481
2,1037,464,1012,481
2,1053,477,1012,481
2,1043,467,1012,482
2,1048,472,1010,485
2,1060,458,1007,487
2,1039,438,1004,489
2,1052,443,1002,490
2,1061,447,1000,490
2,1080,454,1000,490
2,1078,445,999,490
2,1078,438,997,490
2,1101,436,992,486
2,1119,455,983,480
2,1123,470,975,474
2,1117,443,971,467
2,1113,439,967,459
2,1103,445,963,454
2,1075,452,961,447
2,1054,448,962,442
2,1041,446,970,437
2,1016,456,988,432
2,1013,467,1014,428
2,1019,449,1025,428
2,1025,432,1054,429
2,1039,430,1088,438
2,1040,405,1138,461
2,1044,384,1164,473
2,1067,373,1177,481
2,1072,354,1178,483
2,1091,353,1172,485
2,1098,377,1167,485
2,1101,371,1162,486
2,1082,388,1159,486
2,1066,353,1156,487
2,1065,364,1152,487
2,1062,383,1149,488
2,1069,366,1148,488
2,1069,364,1146,490
2,1074,393,1145,491
2,1075,355,1144,492
2,1062,372,1142,494
2,1075,380,1140,496
2,1075,379,1137,496
2,1071,375,1135,496
2,1064,379,1134,496
2,1047,391,1134,496
2,1043,401,1134,495
2,1054,413,1134,493
2,1063,403,1133,488
2,1079,411,1128,479
2,1095,401,1122,470
2,1122,382,1112,458
2,1142,386,1098,448
2,1148,373,1086,436
2,1137,383,1082,432
2,1140,372,1081,428
2,1138,373,1081,427
2,1140,382,1078,422
2,1148,379,1074,418
2,1120,374,1071,416
2,1132,374,1065,413
2,1122,378,1061,412
2,1136,374,1060,412
2,1119,375,1060,412
2,1096,381,1060,412
2,1107,374,1060,416
2,1110,368,1059,420
2,1101,346,1057,426
2,1116,347,1054,429
2,1125,331,1051,432
2,1125,332,1048,434
2,1105,317,1047,435
2,1101,287,1047,436
2,1089,285,1047,436
2,1094,272,1047,438
2,1095,286,1048,439
2,1105,283,1053,439
2,1105,265,1060,438
2,1105,242,1064,433
2,1088,206,1066,427
2,1103,215,1066,421
2,1112,223,1066,412
2,1117,198,1061,399
2,1149,192,1058,384
2,1144,196,1052,367
2,1156,204,1042,336
2,1177,206,1031,297
2,1179,198,1031,270
2,1161,212,1034,248
2,1139,240,1038,237
2,1120,250,1038,232
2,1149,225,1038,231
2,1151,250,1038,231
2,1133,243,1041,231
2,1134,235,1043,231
2,1133,229,1045,230
2,1125,219,1047,230
2,1113,214,1049,230
2,1111,243,1052,229
2,1097,229,1057,227
2,1085,221,1066,224
2,1074,214,1077,221
2,1065,213,1089,218
2,1083,224,1100,214
2,1088,230,1109,211
2,1068,217,1116,206
2,1093,220,1123,204
2,1099,220,1134,201
2,1082,227,1151,195
2,1073,247,1167,190
2,1087,241,1177,185
2,1049,213,1183,181
2,1023,209,1184,180
2,1032,203,1184,179
2,1033,186,1181,178
2,1025,182,1177,176
2,1022,192,1170,175
2,1027,188,1162,175
2,1036,196,1150,175
2,1018,199,1141,175
2,1030,195,1134,175
2,1031,183,1132,175
2,1046,177,1132,175
2,1047,163,1132,175
2,1052,155,1132,175
2,1055,173,1132,175
2,1044,142,1132,175
2,1029,133,1131,175
2,997,116,1128,175
2,993,149,1122,175
2,1005,159,1110,175
2,1023,161,1090,171
2,989,152,1071,169
2,984,141,1043,165
2,979,144,1023,163
2,992,166,1018,162
2,975,164,1017,162
2,967,190,1022,162
2,979,179,1026,161
2,983,164,1029,160
2,986,160,1031,160
2,994,159,1033,158
2,974,153,1033,157
2,983,137,1032,157
2,977,164,1030,156
2,980,186,1026,154
2,984,171,1019,151
2,994,185,1014,150
2,1014,165,1010,148
2,1020,143,1009,148
2,1032,170,1008,148
2,1027,183,1008,148
2,1034,192,1008,148
2,1031,208,1006,148
2,1062,225,996,153
2,1062,225,989,159
2,1045,212,986,162
2,1045,222,986,167
2,1031,208,989,175
2,1025,202,992,178
2,990,204,994,181
2,991,204,994,181
2,996,206,994,181
2,981,241,996,183
2,986,201,999,187
2,984,197,1007,193
2,996,215,1018,201
2,979,191,1037,214
2,970,180,1055,223
2,994,191,1063,227
2,1006,205,1065,228
2,1009,202,1065,228
2,1021,200,1065,228
2,1021,184,1065,228
2,1021,179,1066,228
2,1014,165,1067,227
2,989,136,1067,225
2,1003,140,1068,221
2,997,153,1068,219
2,1021,161,1068,217
2,1040,145,1066,213
2,1035,131,1063,210
2,1030,134,1057,204
2,1023,122,1046,198
2,1008,128,1031,191
2,1011,119,1013,186
2,1004,159,994,184
2,989,167,991,184
2,1005,166,990,184
2,1009,163,990,184
2,1040,168,992,184
2,1010,161,995,187
2,1024,176,996,188
2,1010,194,996,188
2,981,195,996,188
2,1010,200,996,188
2,977,229,996,188
2,965,217,997,188
2,977,231,1001,188
2,970,231,1008,188
2,981,244,1014,188
2,984,224,1018,188
2,984,197,1019,188
2,977,194,1019,185
2,992,217,1016,183
2,986,225,1010,180
2,985,214,1003,177
2,996,203,994,175
2,980,240,986,173
2,984,246,982,173
2,977,249,981,173
2,1007,243,981,173
2,981,256,981,177
2,982,276,981,186
2,992,261,982,202
2,1005,270,982,216
2,979,264,982,230
2,969,276,983,249
2,968,266,989,269
2,959,278,993,282
2,987,254,998,293
2,986,233,1000,301
2,991,227,1000,307
2,983,220,996,318
2,998,208,990,327
2,1004,194,986,338
2,995,163,981,350
2,972,165,976,359
2,987,154,972,367
2,998,148,971,370
2,981,135,969,372
2,979,124,969,372
2,985,161,968,372
2,980,162,968,371
2,1000,142,965,369
2,1003,147,964,367
2,1010,135,963,361
2,1016,126,963,358
2,1028,127,963,351
2,1027,133,963,343
2,1054,138,963,334
2,1064,165,961,322
2,1062,150,958,301
2,1086,147,955,293
2,1108,150,954,290
2,1113,169,954,290
2,1096,155,954,290
2,1109,164,954,290
2,1110,144,954,290
2,1126,138,954,290
2,1128,150,954,290
2,1128,143,954,290
2,1117,131,954,290
2,1132,134,954,290
2,1143,127,954,290
2,1157,123,954,290
2,1176,140,958,289
2,1166,146,976,294
2,1188,138,1004,301
2,1171,115,1037,310
2,1180,149,1062,312
2,1205,145,1070,311
2,1203,169,1073,308
2,1212,173,1072,302
2,1216,176,1071,294
2,1228,177,1071,282
2,1252,178,1082,268
2,1261,200,1094,254
2,1256,211,1118,236
2,1263,214,1128,228
2,1264,230,1150,214
2,1258,223,1162,208
2,1280,209,1172,204
2,1301,214,1193,193
2,1285,225,1203,186
2,1290,200,1216,183
2,1319,212,1233,180
2,1319,212,1254,180
2,1295,213,1284,180
2,1288,224,1311,183
2,1301,225,1331,186
2,1297,221,1338,188
2,1307,218,1338,188
2,1290,249,1335,189
2,1296,254,1332,190
2,1292,242,1328,196
2,1307,246,1323,203
2,1305,229,1315,214
2,1312,220,1306,229
2,1323,221,1305,234
2,1335,238,1303,250
2,1332,242,1308,261
2,1345,273,1314,267
2,1338,270,1319,268
2,1380,267,1322,269
2,1388,244,1324,269
2,1370,233,1328,270
2,1377,234,1330,270
2,1336,239,1333,271
2,1347,240,1336,271
2,1376,218,1337,273
2,1366,218,1337,273
2,1347,229,1337,273
2,1360,215,1337,273
2,1365,210,1337,273
2,1372,224,1335,272
2,1361,217,1328,271
2,1380,183,1319,268
2,1361,202,1314,267
2,1350,202,1299,265
2,1330,206,1292,265
2,1336,224,1291,265
2,1362,230,1291,265
2,1341,217,1292,265
2,1345,214,1296,265
2,1346,236,1300,268
2,1334,236,1305,269
2,1332,240,1309,269
2,1322,222,1314,269
2,1346,197,1319,269
2,1337,196,1321,269
2,1333,207,1322,269
2,1328,197,1322,267
2,1346,188,1323,265
2,1362,191,1323,261
2,1354,187,1325,257
2,1360,156,1326,254
2,1329,146,1326,245
2,1317,147,1325,238
2,1312,136,1321,229
2,1301,152,1317,223
2,1285,135,1314,219
2,1275,113,1314,218
2,1267,113,1314,218
2,1276,152,1314,218
2,1259,152,1314,218
2,1255,179,1314,218
2,1260,188,1314,218
2,1258,199,1316,220
2,1249,187,1318,222
2,1250,203,1322,226
2,1259,181,1326,228
2,1248,178,1328,230
2,1258,179,1328,230
2,1269,160,1328,230
2,1269,160,1329,230
2,1258,126,1329,230
2,1249,125,1328,229
2,1220,125,1326,227
2,1217,165,1319,223
2,1198,153,1304,216
2,1210,149,1295,213
2,1234,145,1289,211
2,1250,164,1289,211
2,1258,199,1289,211
2,1263,195,1289,211
2,1262,208,1288,211
2,1259,184,1286,213
2,1277,199,1282,217
2,1300,203,1279,220
2,1298,217,1277,224
2,1279,222,1276,228
2,1310,235,1274,230
2,1314,245,1274,232
2,1335,263,1274,232
2,1339,285,1274,232
2,1345,302,1274,232
2,1350,280,1274,232
2,1332,280,1274,231
2,1329,284,1274,228
2,1346,287,1274,227
2,1335,297,1274,223
2,1327,265,1274,221
2,1338,229,1274,220
2,1357,220,1273,219
2,1360,221,1273,219
2,1358,221,1273,219
2,1355,233,1273,219
2,1350,225,1272,219
2,1355,221,1271,219
2,1364,214,1270,219
2,1342,204,1270,219
2,1350,208,1270,219
2,1335,206,1270,219
2,1322,207,1270,219
2,1332,181,1270,219
2,1332,162,1270,219
2,1347,170,1270,219
2,1351,168,1270,219
2,1341,150,1270,219
2,1314,152,1270,219
2,1335,150,1270,219
2,1341,167,1272,218
2,1343,186,1273,218
2,1329,187,1278,218
2,1350,185,1279,219
2,1368,168,1284,219
2,1383,188,1285,219
2,1365,186,1285,219
2,1350,170,1286,219
2,1345,165,1290,219
2,1361,167,1295,217
2,1372,187,1300,215
2,1377,187,1304,212
2,1361,197,1306,210
2,1358,208,1306,209
2,1385,195,1309,208
2,1341,188,1310,208
2,1338,183,1311,207
2,1357,200,1313,205
2,1378,224,1317,204
2,1361,227,1320,202
2,1341,216,1329,200
2,1354,227,1345,200
2,1342,220,1373,203
2,1342,232,1398,207
2,1348,239,1407,209
2,1344,249,1408,209
2,1344,256,1408,210
2,1332,287,1407,210
2,1343,298,1404,211
2,1334,293,1403,211
2,1350,273,1401,212
2,1354,286,1396,213
2,1358,277,1393,213
2,1347,273,1387,217
2,1367,249,1379,227
2,1365,238,1375,234
2,1371,226,1371,239
2,1360,246,1368,245
2,1370,249,1362,249
2,1376,242,1358,256
2,1373,252,1354,265
2,1360,260,1349,280
2,1360,293,1343,296
2,1367,293,1342,309
2,1383,292,1342,325
2,1334,302,1344,334
2,1321,295,1345,339
2,1318,308,1346,344
2,1305,284,1348,347
2,1317,291,1349,349
2,1327,314,1350,349
2,1315,316,1350,349
2,1313,324,1350,349
2,1312,320,1351,349
2,1302,328,1353,346
2,1310,334,1356,343
2,1308,346,1357,340
2,1288,341,1358,338
2,1293,348,1359,335
2,1289,346,1362,333
2,1270,346,1363,332
2,1262,353,1363,332
2,1255,367,1363,332
2,1256,354,1364,332
2,1245,370,1365,332
2,1245,362,1369,334
2,1260,358,1370,335
2,1260,364,1375,338
2,1286,364,1377,341
2,1290,367,1379,343
2,1315,383,1382,346
2,1315,397,1383,349
2,1285,396,1383,350
2,1299,376,1383,350
2,1296,353,1379,351
2,1318,368,1372,352
2,1304,348,1365,355
2,1306,340,1356,361
2,1304,353,1347,369
2,1298,359,1338,378
2,1323,343,1326,390
2,1339,328,1320,396
2,1345,314,1316,402
2,1357,313,1310,404
2,1345,307,1303,407
2,1338,318,1299,411
2,1331,340,1296,413
2,1317,349,1295,415
2,1323,340,1293,418
2,1325,348,1293,420
2,1330,353,1293,421
2,1310,360,1294,424
2,1311,368,1295,427
2,1325,374,1297,434
2,1324,375,1300,436
2,1323,396,1301,437
2,1350,381,1301,438
2,1342,370,1301,439
2,1333,387,1301,440
2,1332,365,1299,443
2,1323,362,1298,444
2,1328,392,1298,444
2,1308,376,1298,444
2,1304,365,1298,444
2,1297,354,1298,444
2,1305,341,1298,444
2,1299,337,1305,446
2,1301,349,1315,446
2,1295,340,1322,446
2,1303,350,1329,448
2,1312,361,1330,448
2,1329,366,1330,449
2,1336,356,1330,449
2,1308,369,1327,450
2,1305,380,1320,451
2,1297,379,1311,456
2,1317,372,1306,461
2,1319,370,1302,466
2,1330,373,1298,470
2,1351,389,1296,474
2,1356,374,1294,475
2,1351,369,1293,475
2,1318,363,1293,476
2,1310,353,1291,476
2,1305,370,1291,476
2,1317,389,1290,475
2,1329,404,1290,475
2,1320,423,1290,473
2,1336,437,1289,468
2,1346,429,1289,463
2,1349,417,1291,457
2,1347,444,1292,455
2,1343,453,1295,444
2,1346,460,1298,437
2,1331,446,1304,430
2,1330,429,1308,424
2,1345,437,1311,420
2,1325,417,1312,418
2,1321,422,1312,416
2,1290,437,1312,416
2,1306,449,1312,416
2,1302,451,1312,416
2,1285,459,1312,416
2,1269,456,1312,416
2,1256,445,1310,422
2,1254,434,1311,430
2,1281,425,1311,440
2,1278,417,1312,447
2,1307,412,1314,453
2,1292,408,1317,458
2,1280,449,1320,462
2,1278,440,1323,466
2,1287,434,1325,468
2,1290,452,1329,470
2,1291,457,1330,472
2,1309,456,1330,472
2,1319,436,1330,472
2,1305,455,1330,472
2,1295,451,1330,471
2,1288,435,1329,471
2,1272,433,1324,470
2,1258,422,1322,470
2,1271,409,1321,470
2,1247,413,1318,470
2,1255,428,1316,472
2,1261,431,1314,473
2,1259,443,1310,475
2,1248,461,1306,478
2,1264,446,1304,480
2,1266,449,1300,484
2,1282,460,1296,485
2,1286,458,1294,487
2,1268,467,1292,488
2,1265,480,1288,491
2,1268,481,1287,493
2,1252,483,1286,494
2,1255,470,1286,494
2,1247,456,1283,495
2,1227,465,1281,498
2,1235,492,1274,503
2,1245,498,1265,509
2,1218,489,1256,516
2,1232,507,1249,525
2,1220,514,1243,536
2,1220,527,1237,544
2,1238,523,1234,549
2,1228,528,1230,555
2,1230,536,1227,558
2,1217,544,1226,559
2,1224,554,1226,559
2,1212,540,1226,559
2,1181,568,1225,559
2,1171,563,1225,559
2,1147,564,1224,556
2,1173,583,1224,551
2,1177,598,1224,548
2,1157,587,1224,545
2,1151,573,1225,545
2,1163,576,1227,544
2,1156,566,1227,544
2,1164,567,1229,544
2,1174,589,1230,548
2,1159,580,1232,551
2,1168,570,1233,552
2,1158,571,1233,552
2,1167,580,1233,552
2,1170,580,1233,552
2,1174,612,1233,552
2,1166,604,1233,555
2,1163,576,1233,560
2,1174,565,1229,573
2,1195,557,1226,582
2,1192,569,1221,589
2,1215,594,1215,596
2,1210,579,1208,602
2,1223,593,1201,610
2,1246,582,1193,617
2,1242,570,1189,621
2,1237,566,1184,626
2,1233,558,1178,631
2,1247,545,1176,635
2,1265,570,1174,637
2,1272,594,1171,639
2,1281,626,1165,643
2,1280,624,1163,646
2,1275,637,1159,649
2,1283,643,1157,651
2,1290,629,1157,651
2,1283,632,1157,651
2,1291,613,1157,651
2,1294,609,1157,651
2,1288,607,1157,651
2,1263,631,1157,651
2,1256,607,1157,651
2,1245,614,1160,646
2,1255,619,1166,642
2,1255,632,1173,638
2,1261,632,1182,635
2,1263,638,1186,635
2,1277,659,1194,635
2,1275,636,1204,635
2,1290,640,1215,638
2,1290,639,1232,642
2,1276,642,1244,645
2,1246,640,1251,646
2,1245,629,1254,646
2,1235,646,1255,646
2,1279,667,1255,645
2,1285,672,1257,643
2,1288,646,1258,637
2,1293,632,1261,634
2,1294,632,1262,631
2,1281,612,1262,631
2,1285,608,1262,631
2,1268,612,1262,631
2,1307,603,1265,637
2,1317,591,1269,644
2,1324,594,1276,655
2,1319,605,1283,665
2,1324,619,1287,673
2,1334,608,1290,680
2,1328,624,1293,685
2,1319,633,1296,691
2,1311,641,1299,693
2,1308,643,1301,694
2,1292,642,1301,694
2,1280,645,1301,694
2,1273,660,1301,694
2,1265,646,1301,694
2,1249,686,1301,694
2,1269,673,1301,694
2,1271,670,1303,694
2,1259,670,1305,695
2,1260,696,1305,697
2,1276,683,1306,698
2,1270,677,1308,700
2,1281,655,1309,702
2,1316,636,1311,703
2,1326,662,1313,707
2,1321,671,1314,708
2,1309,669,1314,710
2,1332,666,1314,713
2,1323,648,1314,715
2,1324,632,1314,717
2,1323,629,1311,723
2,1302,651,1309,726
2,1292,662,1305,732
2,1288,662,1301,737
2,1310,646,1295,743
2,1323,644,1291,747
2,1294,652,1288,751
2,1290,621,1282,753
2,1259,622,1280,756
2,1258,611,1277,757
2,1262,593,1275,758
2,1260,593,1273,758
2,1249,616,1273,759
2,1249,604,1273,759
2,1220,600,1272,760
2,1214,580,1272,760
2,1203,566,1272,760
2,1193,545,1272,760
2,1182,548,1272,760
2,1181,551,1272,760
2,1169,566,1272,760
2,1183,567,1272,760
2,1178,559,1272,760
2,1174,560,1272,760
2,1175,554,1272,762
2,1157,556,1271,763
2,1165,564,1271,765
2,1164,582,1270,767
2,1147,574,1269,771
2,1160,566,1269,772
2,1170,581,1269,772
2,1148,582,1269,772
2,1172,564,1269,771
2,1185,570,1259,751
2,1190,583,1243,729
2,1198,591,1231,705
2,1210,593,1222,687
2,1217,579,1217,673
2,1219,581,1213,663
2,1235,563,1210,657
2,1245,555,1206,650
2,1254,557,1203,643
2,1232,585,1200,636
2,1238,577,1198,629
2,1241,574,1198,622
2,1245,579,1198,612
2,1239,584,1201,600
2,1226,580,1204,577
2,1238,592,1206,560
2,1215,581,1205,548
2,1208,593,1200,533
2,1200,609,1193,519
2,1206,619,1191,514
2,1208,604,1191,510
2,1191,612,1191,508
2,1179,604,1192,507
2,1170,586,1193,507
2,1177,589,1194,505
2,1178,583,1194,505
2,1187,596,1197,505
2,1173,590,1204,509
2,1178,600,1218,519
2,1171,588,1225,525
2,1185,564,1231,529
2,1176,570,1233,531
2,1173,556,1234,532
2,1167,567,1234,532
2,1169,559,1234,532
2,1175,566,1234,534
2,1157,551,1232,534
2,1163,540,1228,535
2,1165,547,1225,536
2,1166,553,1221,538
2,1179,546,1219,538
2,1169,538,1218,538
2,1163,564,1217,540
2,1164,571,1213,540
2,1185,579,1203,540
2,1200,597,1191,540
2,1196,585,1180,541
2,1202,567,1168,543
2,1199,544,1160,544
2,1161,520,1149,544
2,1168,520,1145,544
2,1181,540,1141,544
2,1192,548,1139,543
2,1164,545,1137,540
2,1170,552,1136,539
2,1150,523,1131,536
2,1134,508,1122,531
2,1172,516,1114,527
2,1165,529,1111,524
2,1164,527,1109,522
2,1140,510,1109,521
2,1153,493,1109,520
2,1143,512,1109,520
2,1134,495,1109,520
2,1103,501,1109,520
2,1124,513,1109,520
2,1136,522,1109,520
2,1127,557,1112,520
2,1143,543,1118,524
2,1156,563,1125,532
3,981,510,958,540
3,979,496,958,540
3,985,486,958,540
3,976,463,958,540
3,966,459,958,540
3,956,464,958,540
3,949,469,958,540
3,960,490,958,540
3,965,500,958,540
3,956,479,958,540
3,973,495,958,540
3,983,487,958,540
3,994,505,958,540
3,1016,527,958,540
3,1017,529,958,540
3,1004,529,958,540
3,1028,517,958,540
3,1028,520,958,540
3,1017,509,958,540
3,1016,522,958,540
3,1009,506,958,540
3,1005,487,958,540
3,1009,469,959,540
3,980,447,963,540
3,999,457,967,540
3,999,471,973,540
3,996,489,978,540
3,997,487,983,540
3,989,493,987,541
3,983,503,990,542
3,986,499,994,543
3,978,494,998,543
3,992,479,1000,543
3,964,486,1003,543
3,962,492,1003,543
3,972,491,1004,543
3,961,470,1006,542
3,951,483,1008,541
3,945,499,1009,540
3,937,496,1011,538
3,935,477,1012,537
3,949,476,1012,536
3,952,477,1015,535
3,928,484,1016,534
3,935,492,1016,533
3,939,503,1017,532
3,942,517,1017,530
3,956,504,1017,529
3,959,508,1017,528
3,947,524,1017,525
3,971,497,1017,521
3,989,495,1017,516
3,989,497,1015,510
3,991,519,1013,505
3,988,512,1009,501
3,991,516,1006,496
3,1003,500,1004,492
3,999,511,998,487
3,983,502,996,483
3,984,498,994,481
3,993,496,994,481
3,970,505,994,482
3,979,513,994,485
3,970,518,995,489
3,1011,523,995,493
3,1018,525,995,498
3,1037,527,996,500
3,1034,508,997,502
3,1011,491,997,503
3,984,463,997,504
3,996,435,997,507
3,982,449,997,508
3,950,461,992,510
3,981,478,992,510
3,995,465,989,511
3,1013,470,989,512
3,1019,467,989,512
3,1022,471,989,512
3,1025,503,985,512
3,1033,509,980,514
3,1028,511,975,514
3,1020,512,971,514
3,998,502,969,514
3,1000,487,969,514
3,996,496,969,514
3,981,504,968,510
3,986,486,968,507
3,981,485,967,503
3,992,466,964,496
3,993,480,961,491
3,996,493,958,485
3,1025,467,957,481
3,1023,459,957,479
3,1027,446,957,478
3,1042,456,957,477
3,1018,454,957,477
3,1018,482,957,476
3,1000,499,959,476
3,994,509,959,476
3,1015,514,961,476
3,1001,522,964,476
3,999,527,968,476
3,1002,518,973,476
3,1001,518,980,476
3,996,531,990,476
3,996,508,1006,476
3,991,524,1029,476
3,969,538,1038,476
3,962,540,1043,476
3,945,561,1044,476
3,927,564,1044,475
3,923,561,1043,474
3,920,561,1043,473
3,913,572,1043,471
3,918,543,1042,470
3,912,537,1039,468
3,904,560,1039,468
3,886,555,1039,467
3,872,556,1039,467
3,853,546,1039,465
3,861,563,1036,464
3,863,552,1032,461
3,849,547,1030,461
3,861,527,1026,460
3,864,516,1016,460
3,882,490,992,464
3,881,492,962,473
3,864,504,939,480
3,861,485,918,488
3,871,483,907,494
3,842,468,898,497
3,849,443,891,500
3,843,433,883,501
3,829,425,871,503
3,826,409,868,503
3,817,427,864,501
3,814,408,862,500
3,824,398,862,498
3,827,392,862,497
3,813,400,862,495
3,790,427,862,492
3,781,429,863,489
3,773,445,864,487
3,764,439,865,483
3,747,440,865,478
3,763,437,863,474
3,746,435,858,469
3,736,416,854,465
3,721,421,851,461
3,730,421,845,457
3,726,422,834,451
3,736,427,829,450
3,749,432,822,449
3,733,427,811,447
3,724,442,799,446
3,709,426,785,446
3,690,412,778,446
3,699,405,770,446
3,680,416,765,446
3,660,412,761,447
3,650,400,753,449
3,622,400,744,448
3,614,370,734,447
3,616,367,728,444
3,623,387,721,441
3,641,374,716,440
3,639,397,711,438
3,630,395,707,436
3,620,392,704,435
3,611,402,701,432
3,614,405,696,430
3,614,380,686,422
3,623,374,671,417
3,617,398,651,407
3,620,384,643,404
3,637,396,640,402
3,644,415,639,401
3,651,428,639,400
3,652,412,639,398
3,677,418,638,398
3,675,431,638,397
3,668,425,638,397
3,677,440,636,395
3,650,456,631,393
3,671,455,625,390
3,644,451,612,387
3,672,449,605,386
3,692,454,603,386
3,677,434,602,386
3,673,469,602,386
3,694,471,602,388
3,714,478,602,393
3,684,471,603,397
3,698,470,607,401
3,725,487,611,403
3,707,489,613,406
3,700,495,617,407
3,696,491,617,408
3,709,479,618,409
3,720,473,620,411
3,710,476,624,413
3,720,483,631,414
3,719,495,636,416
3,742,480,647,419
3,749,479,672,427
3,758,501,698,437
3,768,522,729,447
3,765,525,743,455
3,764,545,754,464
3,763,527,762,471
3,758,523,766,477
3,758,516,768,482
3,753,501,773,492
3,759,495,777,504
3,782,485,784,516
3,768,488,788,526
3,771,473,790,535
3,758,478,790,542
3,763,481,790,543
3,755,485,790,545
3,763,497,791,546
3,793,493,791,548
3,780,503,791,548
3,787,525,790,548
3,797,524,790,548
3,764,543,790,548
3,734,540,790,548
3,739,542,790,547
3,736,528,790,545
3,738,538,790,544
3,745,524,789,539
3,755,509,785,530
3,740,500,782,520
3,746,492,771,504
3,757,475,765,488
3,759,491,763,478
3,753,480,768,469
3,754,489,785,465
3,734,492,800,465
3,727,479,813,470
3,742,486,813,472
3,733,473,813,473
3,737,464,813,475
3,746,465,812,475
3,748,483,811,476
3,733,502,809,476
3,701,489,807,476
3,691,509,806,476
3,683,510,806,474
3,669,507,805,473
3,689,536,804,471
3,684,552,800,467
3,686,551,799,465
3,711,547,791,458
3,711,513,788,456
3,709,505,784,454
3,688,499,784,453
3,699,492,784,451
3,700,503,784,450
3,677,504,784,449
3,682,524,783,446
3,681,522,780,444
3,657,524,774,440
3,662,505,764,437
3,654,509,755,434
3,632,493,750,434
3,612,467,746,435
3,599,482,740,442
3,597,495,733,454
3,601,505,731,468
3,601,504,731,483
3,610,491,732,499
3,615,483,734,514
3,593,489,734,524
3,593,472,734,532
3,598,475,733,535
3,587,473,729,536
3,567,461,721,535
3,574,451,701,532
3,577,439,677,522
3,570,421,625,507
3,589,415,594,499
3,591,439,576,492
3,598,447,569,492
3,616,442,568,493
3,635,451,568,496
3,635,454,568,499
3,628,452,568,501
3,612,445,568,503
3,621,428,570,503
3,613,428,573,501
3,642,439,576,496
3,642,448,576,491
3,648,437,575,487
3,626,431,573,480
3,612,416,573,474
3,597,409,575,467
3,611,418,579,462
3,617,405,587,460
3,626,401,607,459
3,633,408,629,461
3,620,410,656,464
3,638,431,680,466
3,621,445,685,468
3,620,425,688,468
3,632,430,688,468
3,641,439,689,466
3,614,439,691,465
3,609,471,695,463
3,593,456,695,459
3,595,473,696,456
3,606,472,696,451
3,600,456,696,445
3,594,460,694,440
3,617,483,694,436
3,629,481,696,432
3,641,467,699,429
3,636,457,703,427
3,609,458,705,426
3,600,482,707,425
3,592,450,711,424
3,605,466,720,422
3,618,482,730,421
3,618,493,739,419
3,623,495,742,419
3,584,513,742,418
3,593,528,742,417
3,611,510,742,415
3,622,497,740,412
3,604,485,739,412
3,612,490,731,409
3,631,474,729,407
3,656,460,720,404
3,642,460,709,401
3,638,460,701,400
3,648,465,697,399
3,664,471,697,399
3,653,467,697,402
3,659,478,695,409
3,641,489,691,419
3,658,465,683,428
3,656,458,671,440
3,657,429,663,453
3,656,436,657,471
3,652,431,657,481
3,668,458,656,488
3,673,490,653,492
3,667,457,650,493
3,664,449,646,493
3,673,434,645,493
3,671,432,643,493
3,650,426,638,492
3,630,395,634,491
3,625,389,632,490
3,622,386,632,490
3,633,385,631,488
3,648,406,631,487
3,606,414,631,486
3,625,374,631,483
3,627,370,631,479
3,620,383,631,477
3,602,391,631,473
3,585,384,630,468
3,578,399,628,460
3,596,395,628,458
3,595,387,627,453
3,595,399,624,447
3,597,410,624,439
3,619,413,624,436
3,615,399,624,435
3,627,416,624,431
3,641,416,624,429
3,607,441,624,427
3,597,434,625,423
3,610,454,627,421
3,606,464,628,419
3,621,456,628,417
3,621,451,628,416
3,614,430,626,415
3,625,425,626,415
3,618,448,624,414
3,605,435,622,414
3,609,432,618,414
3,630,416,613,418
3,630,414,604,430
3,609,450,603,434
3,617,442,603,442
3,608,459,603,446
3,597,475,604,451
3,614,485,604,458
3,610,487,606,466
3,588,498,607,475
3,596,500,612,482
3,578,489,616,488
3,579,486,620,490
3,570,472,622,494
3,572,482,625,497
3,586,493,628,500
3,583,493,632,504
3,581,494,638,507
3,607,509,642,509
3,597,491,644,511
3,568,489,645,511
3,546,467,646,511
3,575,458,646,513
3,558,453,647,514
3,558,487,647,516
3,555,473,647,517
3,535,468,647,518
3,560,479,647,518
3,561,475,647,519
3,561,487,645,519
3,565,483,635,518
3,562,498,613,508
3,573,517,602,501
3,571,507,598,497
3,568,488,598,495
3,572,468,598,493
3,556,461,598,493
3,535,441,598,491
3,553,436,598,490
3,546,427,598,489
3,530,426,598,487
3,558,395,598,483
3,557,389,598,480
3,572,380,596,476
3,568,396,594,471
3,558,394,590,467
3,553,392,588,464
3,557,391,587,463
3,576,413,587,463
3,582,442,587,463
3,566,423,587,463
3,560,412,587,463
3,541,431,586,463
3,559,433,585,463
3,557,419,584,462
3,565,409,584,460
3,515,411,584,456
3,561,382,588,451
3,563,408,596,442
3,514,406,602,434
3,600,404,606,429
3,594,402,610,426
3,608,410,612,424
3,606,427,613,424
3,605,419,614,423
3,610,431,614,423
3,584,438,614,423
3,597,440,614,423
3,594,466,614,422
3,596,472,614,420
3,628,484,614,418
3,627,472,614,417
3,616,472,614,416
3,618,439,614,414
3,631,435,614,412
3,618,431,613,410
3,625,446,612,408
3,627,430,609,404
3,623,424,607,401
3,619,386,603,397
3,637,361,600,394
3,631,355,600,393
3,631,366,600,393
3,627,365,601,393
3,620,353,602,392
3,636,356,603,392
3,630,364,606,392
3,651,333,610,392
3,655,325,615,392
3,671,311,616,393
3,687,305,618,394
3,693,324,619,396
3,685,327,622,396
3,679,308,622,396
3,709,321,622,397
3,713,314,623,397
3,702,336,623,397
3,697,351,623,397
3,685,362,624,397
3,694,361,625,395
3,696,366,627,394
3,690,387,631,391
3,724,408,632,388
3,730,400,636,384
3,734,418,640,382
3,746,421,648,379
3,736,433,655,375
3,742,453,665,371
3,749,450,672,369
3,736,441,678,366
3,719,444,683,365
3,722,453,688,365
3,727,446,692,365
3,731,459,693,365
3,737,446,693,365
3,719,452,693,365
3,707,450,697,370
3,707,459,704,375
3,711,451,710,381
3,696,477,715,384
3,702,440,719,386
3,710,438,720,389
3,700,441,720,389
3,717,448,722,390
3,731,440,722,392
3,732,437,724,396
3,730,410,728,399
3,704,421,732,405
3,700,438,734,409
3,716,435,737,411
3,709,455,738,412
3,694,463,740,414
3,705,456,744,414
3,689,456,752,415
3,693,443,771,417
3,711,449,781,417
3,716,439,787,417
3,720,436,788,416
3,721,449,789,415
3,718,458,789,413
3,724,448,789,411
3,728,445,790,408
3,695,436,790,405
3,713,440,789,404
3,697,485,787,401
3,709,504,781,399
3,732,499,773,397
3,742,496,760,394
3,738,517,750,392
3,744,517,743,392
3,749,541,741,392
3,738,547,739,394
3,726,540,737,397
3,731,521,735,400
3,733,531,734,404
3,724,523,732,406
3,708,516,731,408
3,701,504,731,411
3,676,497,731,414
3,678,510,730,419
3,684,534,730,424
3,690,543,730,432
3,678,566,730,441
3,687,538,730,450
3,682,547,731,458
3,673,526,731,465
3,656,512,730,472
3,662,531,726,481
3,673,513,723,488
3,691,525,720,493
3,674,541,716,500
3,664,547,714,503
3,662,551,712,504
3,674,559,709,505
3,665,536,705,506
3,673,531,703,507
3,685,509,701,511
3,707,500,698,515
3,688,498,697,520
3,703,511,695,527
3,688,534,695,535
3,696,529,696,547
3,692,531,698,551
3,717,530,701,554
3,716,505,702,555
3,704,506,702,555
3,693,518,702,555
3,683,528,702,554
3,673,502,702,552
3,676,543,702,548
3,680,535,701,546
3,669,526,698,542
3,675,539,694,535
3,664,537,688,528
3,656,550,684,523
3,676,550,683,517
3,671,545,680,515
3,671,526,679,510
3,674,533,677,506
3,652,504,675,503
3,658,507,673,502
3,675,518,671,502
3,657,520,668,502
3,666,488,662,505
3,684,494,653,511
3,698,523,643,521
3,699,526,638,528
3,719,524,635,534
3,747,538,634,538
3,741,521,634,540
3,734,489,634,542
3,732,488,633,543
3,731,500,632,546
3,743,493,632,548
3,725,491,632,549
3,735,499,633,550
3,732,513,634,551
3,746,514,636,554
3,757,517,637,556
3,775,510,638,556
3,774,503,640,556
3,768,499,642,556
3,769,496,645,556
3,751,487,647,555
3,762,478,649,553
3,761,468,653,549
3,751,465,655,548
3,723,482,657,545
3,715,486,658,542
3,732,488,658,539
3,717,492,660,531
3,719,494,662,526
3,710,489,664,522
3,711,505,670,517
3,714,510,675,512
3,706,507,681,508
3,699,512,690,502
3,714,505,697,498
3,724,532,706,493
3,749,566,715,489
3,721,584,717,486
3,719,593,723,479
3,719,594,727,474
3,730,603,729,470
3,733,604,729,466
3,726,599,729,464
3,719,595,731,461
3,711,609,731,460
3,742,590,731,460
3,753,593,731,460
3,750,597,731,459
3,742,604,731,459
3,729,593,731,459
3,716,623,731,459
3,717,641,727,459
3,724,630,720,464
3,714,637,711,471
3,731,640,703,479
3,719,631,697,495
3,736,647,696,508
3,740,634,696,520
3,732,624,696,528
3,711,666,696,533
3,732,675,696,536
3,747,657,698,538
3,737,657,702,540
3,717,638,706,544
3,743,649,708,545
3,729,635,710,546
3,719,617,711,549
3,723,620,713,550
3,732,619,713,552
3,754,634,714,554
3,743,610,715,557
3,752,630,716,560
3,762,640,716,565
3,760,634,718,570
3,780,634,721,575
3,780,629,724,579
3,776,607,725,581
3,761,612,725,585
3,762,613,726,589
3,777,621,727,591
3,807,662,727,592
3,821,679,728,592
3,841,655,728,592
3,849,692,729,591
3,840,697,732,589
3,826,720,734,586
3,835,735,736,584
3,790,766,740,583
3,788,755,744,580
3,805,781,751,579
3,833,784,758,576
3,873,801,765,573
3,876,784,769,573
3,849,800,772,573
3,862,782,774,573
3,895,802,777,576
3,906,815,781,582
3,902,817,787,592
3,893,818,789,597
3,897,832,791,604
3,899,830,792,613
3,912,822,794,621
3,920,823,794,630
3,903,814,794,635
3,906,808,794,641
3,919,811,798,648
3,932,835,804,653
3,918,810,817,661
3,903,815,836,675
3,886,795,860,687
3,906,784,881,700
3,900,792,898,711
3,907,798,903,715
3,898,828,906,721
3,896,855,908,728
3,887,842,914,741
3,903,858,923,759
3,912,864,931,771
3,931,868,936,786
3,936,867,941,799
3,918,848,948,812
3,921,864,953,825
3,923,849,957,836
3,930,858,960,845
3,920,867,963,852
3,928,851,964,853
3,909,865,964,854
3,922,857,964,854
3,917,845,964,854
3,919,828,964,854
3,917,821,964,854
3,924,818,964,856
3,915,828,964,856
3,908,794,964,857
3,914,786,964,858
3,907,781,963,858
3,902,763,963,860
3,903,738,963,861
3,915,735,961,862
3,907,711,960,863
3,896,694,957,865
3,874,694,955,866
3,870,687,953,868
3,862,716,950,869
3,857,722,947,869
3,862,706,946,869
3,849,713,942,864
3,849,669,939,860
3,857,686,932,839
3,850,709,925,821
3,841,723,919,800
3,853,723,916,780
3,856,706,912,755
3,857,696,910,733
3,856,683,904,708
3,869,696,895,690
3,876,700,885,676
3,882,695,874,669
3,880,686,867,666
3,871,677,860,666
3,858,681,853,667
3,855,669,840,670
3,838,683,828,670
3,827,689,822,670
3,810,678,809,668
3,801,707,808,667
3,781,695,808,664
3,780,676,808,663
3,791,678,806,660
3,786,680,804,656
3,799,698,801,651
3,818,716,796,645
3,804,708,790,638
3,838,685,786,634
3,839,725,783,629
3,843,729,779,623
3,850,695,775,617
3,846,694,774,615
3,822,706,769,611
3,850,707,759,606
3,846,714,748,604
3,856,738,738,601
3,858,715,729,598
3,867,696,723,597
3,835,718,723,597
3,830,700,723,598
3,829,701,727,607
3,850,698,735,618
3,810,677,759,644
3,823,696,802,680
3,820,700,844,702
3,820,695,878,715
3,803,683,900,722
3,808,708,902,722
3,794,708,903,722
3,815,691,903,722
3,808,696,904,722
3,816,692,905,722
3,836,692,905,722
3,832,711,905,722
3,843,716,909,723
3,826,709,914,724
3,836,726,922,729
3,839,717,931,733
3,851,706,932,734
3,853,702,933,735
3,842,696,933,735
3,861,690,933,735
3,855,679,933,735
3,834,679,933,735
3,835,702,933,735
3,844,687,933,735
3,841,670,933,735
3,828,695,933,734
3,845,685,933,732
3,854,699,933,732
3,855,695,933,732
3,843,720,933,731
3,873,703,933,730
3,859,693,933,730
3,860,669,933,729
3,844,668,932,728
3,866,666,932,727
3,870,657,931,725
3,899,655,931,722
3,909,664,928,719
3,929,655,926,716
3,947,649,918,708
3,959,641,910,704
3,965,645,905,698
3,976,649,897,692
3,979,648,895,687
3,987,631,892,684
3,978,620,891,683
3,989,622,891,682
3,979,630,891,682
3,992,610,891,682
3,995,608,891,682
3,978,618,891,681
3,979,607,893,681
3,990,609,898,681
3,992,597,903,679
3,1001,575,912,679
3,973,574,924,679
3,963,579,942,679
3,953,596,957,679
3,961,591,971,679
3,956,607,980,678
3,963,602,981,677
3,972,595,981,674
3,963,595,981,671
3,970,608,982,664
3,973,618,982,659
3,986,607,982,652
3,988,604,979,645
3,976,609,976,639
3,974,604,975,632
3,970,590,975,629
3,985,598,975,623
3,969,597,981,616
3,961,592,983,612
3,970,585,985,609
3,970,600,986,602
3,962,567,986,601
3,972,564,986,600
3,980,572,986,600
3,987,578,986,600
3,966,568,986,600
3,988,572,986,600
3,1005,589,986,599
3,1012,621,985,599
3,995,591,985,599
3,1014,589,985,599
3,1033,601,985,599
3,1024,593,985,599
3,1019,597,985,599
3,1012,594,982,599
3,1023,598,980,599
3,1013,566,978,599
3,1012,563,977,599
3,1021,564,977,599
3,1018,579,977,599
3,1010,586,977,599
3,1012,594,977,598
3,1016,575,977,597
3,1014,577,979,596
3,1003,572,980,595
3,1009,553,983,595
3,995,564,985,593
3,1001,574,987,593
3,992,586,988,593
3,997,610,990,592
3,970,593,992,592
3,990,590,993,592
3,981,588,994,592
3,978,603,995,592
3,974,620,996,591
3,976,629,997,591
3,994,653,997,591
3,956,640,997,591
3,963,627,998,589
3,969,621,1000,588
3,967,610,1001,585
3,981,617,1002,584
3,985,610,1002,583
3,972,625,1003,582
3,968,635,1003,582
3,977,610,1003,581
3,975,632,1003,581
3,977,638,1004,580
3,970,632,1004,580
3,1005,626,1004,580
3,1011,627,1004,580
3,1000,617,1004,580
3,989,616,1004,580
3,983,613,1004,580
3,1010,607,1000,581
3,1020,598,996,587
3,1032,597,992,592
3,1027,594,986,600
3,1005,582,980,605
3,1004,581,978,608
3,1008,590,977,608
3,1005,584,977,608
3,994,573,977,608
3,1009,551,977,608
3,1025,552,977,608
3,1031,561,977,608
3,1013,561,977,608
3,1032,526,977,608
3,1014,501,977,608
3,1014,516,977,608
3,1016,531,978,608
3,998,531,983,607
3,994,560,990,606
3,993,535,999,601
3,962,516,1008,598
3,969,501,1010,597
3,986,522,1010,596
3,990,541,1010,591
3,988,528,1010,588
3,975,523,1013,583
3,1003,532,1013,579
3,1014,537,1013,574
3,1039,547,1013,567
3,1027,563,1016,558
3,1042,574,1016,552
3,1013,568,1016,543
3,1009,569,1017,539
3,1009,570,1017,537
3,999,559,1015,534
3,1032,555,1013,532
3,1010,537,1012,532
3,1000,520,1010,530
3,1026,503,1008,530
3,1017,493,1007,529
3,993,493,1005,529
3,993,481,1004,528
3,986,495,1003,527
3,985,495,1000,525
3,977,495,999,525
3,977,506,997,521
3,967,516,995,520
3,954,537,994,518
3,968,535,991,516
3,946,549,990,513
3,958,557,990,512
3,943,583,989,510
3,947,567,987,509
3,945,565,987,507
3,962,569,986,505
3,972,575,986,504
3,980,578,986,503
3,961,589,986,502
3,969,591,983,500
3,977,616,982,499
3,996,611,981,497
3,1021,588,980,496
3,1031,573,980,496
3,1034,552,980,495
3,1045,532,980,495
3,1044,539,980,494
3,1050,565,980,494
3,1038,547,980,494
3,1007,547,980,494
3,1017,543,981,494
3,1013,546,981,493
3,992,552,982,493
3,1004,579,983,493
3,988,574,983,493
3,976,581,983,493
3,984,583,986,493
3,981,585,989,493
3,969,596,992,497
3,975,586,993,498
3,1017,562,995,503
3,1015,570,995,507
3,1028,594,997,509
3,1033,587,998,510
3,1020,574,998,512
3,1014,570,998,515
3,1018,585,997,520
3,1010,602,997,523
3,1001,590,995,529
3,984,582,989,539
3,980,577,983,544
3,1017,595,979,548
3,997,606,976,552
3,981,608,972,556
3,980,611,969,558
3,969,648,968,559
3,970,653,967,560
3,983,650,967,562
3,974,650,966,564
3,989,637,965,566
3,990,639,962,567
3,992,662,961,571
3,986,659,960,573
3,969,680,959,575
3,978,665,959,575
3,952,662,959,576
3,960,693,960,576
3,966,675,963,578
3,983,670,967,578
3,975,657,972,578
3,967,642,974,579
3,964,658,974,579
3,967,658,975,580
3,970,648,975,583
3,974,640,975,588
3,982,644,975,595
3,975,636,973,606
3,962,632,968,617
3,943,618,964,627
3,929,614,961,642
3,922,584,958,649
3,913,585,956,655
3,898,597,955,660
3,895,579,955,665
3,871,576,956,672
3,879,596,960,683
3,883,592,966,692
3,903,566,974,696
3,900,567,978,700
3,919,576,980,701
3,921,574,980,702
3,909,569,980,702
3,919,557,981,700
3,907,579,981,696
3,907,577,982,691
3,925,552,982,684
3,913,556,977,673
3,906,554,973,663
3,903,553,962,649
3,910,567,956,640
3,907,602,952,631
3,922,601,948,627
3,941,614,947,625
3,924,603,947,624
3,923,612,946,623
3,912,622,946,622
3,905,629,945,620
3,901,635,945,619
3,907,632,945,619
3,911,641,944,618
3,900,636,944,617
3,912,639,943,617
3,914,630,940,615
3,913,617,937,614
3,924,615,931,609
3,932,614,929,607
3,933,615,927,605
3,947,607,925,600
3,923,597,925,595
3,900,601,925,590
3,906,598,926,587
3,888,591,926,586
3,891,599,926,586
3,905,593,926,586
3,907,611,926,586
3,899,592,926,589
3,912,579,925,594
3,883,582,921,605
3,884,582,915,616
3,875,572,912,623
3,877,558,911,627
3,891,557,911,630
3,875,552,911,630
3,881,534,911,630
3,888,532,911,630
3,882,525,911,630
3,887,525,911,627
3,889,512,912,624
3,891,508,913,621
3,878,539,915,619
3,878,546,917,615
3,857,543,918,613
3,855,553,919,609
3,840,538,919,606
3,836,530,919,603
3,809,515,919,600
3,824,498,917,599
3,826,487,916,598
3,829,445,911,595
3,830,442,902,592
3,824,457,891,590
3,816,436,880,587
3,837,431,870,584
3,825,448,865,582
3,835,476,863,579
3,853,466,862,576
3,851,462,862,573
3,875,456,861,570
3,878,460,860,566
3,884,473,857,562
3,851,470,855,560
3,861,472,851,558
3,855,467,846,555
3,845,453,840,554
3,869,452,830,551
3,850,466,819,548
3,870,462,802,544
3,862,472,793,543
3,873,497,782,541
3,856,500,780,541
3,817,520,779,540
3,817,492,777,540
3,835,495,777,540
3,818,501,777,540
3,831,502,777,540
3,822,485,777,540
3,822,498,777,540
3,828,503,778,540
3,813,506,780,540
3,811,494,782,539
3,816,472,786,539
3,838,458,795,536
3,845,482,806,536
3,805,478,813,533
3,807,486,815,533
3,814,512,815,533
3,815,503,817,532
3,800,495,817,532
3,792,514,817,532
3,774,513,816,532
3,779,526,815,531
3,798,530,815,530
3,811,510,814,529
3,807,548,814,528
3,803,551,814,525
3,847,557,814,523
3,836,541,813,521
3,839,550,812,520
3,861,555,810,518
3,849,532,808,518
3,814,550,807,515
3,835,554,804,514
3,818,568,801,513
3,836,572,799,512
3,839,573,795,509
3,824,588,792,508
3,820,543,788,507
3,820,549,785,506
3,828,576,781,505
3,843,574,779,505
3,828,554,778,505
3,824,514,778,503
3,825,499,778,503
3,839,492,778,503
3,816,494,778,503
3,803,504,778,503
3,765,488,778,503
3,753,503,778,503
3,748,510,778,503
3,778,491,778,503
3,795,484,778,503
3,797,483,779,503
3,794,480,780,503
3,795,479,782,503
3,804,479,784,503
3,825,486,789,503
3,820,482,796,503
3,821,488,801,503
3,824,508,804,502
3,805,504,805,501
3,785,505,806,500
3,788,493,807,500
3,812,502,809,499
3,815,513,809,499
3,810,520,809,499
3,799,530,809,498
3,800,526,809,498
3,808,527,809,497
3,800,551,807,495
3,798,551,805,494
3,797,527,804,493
3,790,527,804,493
3,792,525,802,493
3,790,534,802,493
3,793,529,801,492
3,784,549,799,490
3,774,538,798,490
3,748,537,796,487
3,753,553,793,486
3,756,541,792,485
3,752,509,790,485
3,772,527,786,484
3,786,553,786,483
3,808,572,785,483
3,822,592,784,483
3,811,584,784,483
3,814,596,783,482
3,802,606,782,482
3,794,609,782,482
3,812,613,782,482
3,808,609,782,482
3,800,606,782,482
3,821,597,782,482
3,812,600,782,482
3,833,601,782,482
3,844,580,782,482
3,864,597,782,482
3,855,596,781,483
3,843,586,780,484
3,841,586,780,486
3,866,587,780,489
3,853,574,780,494
3,866,576,781,501
3,872,593,781,511
3,864,584,783,525
3,880,569,782,548
3,866,557,782,560
3,865,563,781,578
3,878,560,781,593
3,873,585,786,608
3,845,582,792,617
3,859,579,801,625
3,874,625,808,629
3,863,629,814,630
3,847,634,819,630
3,845,646,828,630
3,858,647,856,630
3,852,643,878,630
3,842,647,890,630
3,837,625,897,630
3,824,646,897,630
3,829,643,897,630
3,822,671,897,630
3,834,683,897,630
3,827,676,898,629
3,784,667,898,626
3,786,684,898,624
3,745,684,899,622
3,741,683,900,620
3,752,711,900,617
3,752,703,902,614
3,760,698,903,612
3,764,697,903,609
3,757,711,903,607
3,753,706,903,606
3,730,727,903,604
3,715,726,900,601
3,714,714,896,598
3,698,700,894,595
3,695,710,894,593
3,682,701,893,591
3,684,717,893,590
3,690,724,893,588
3,689,731,893,588
3,703,718,893,588
3,701,705,893,588
3,684,702,892,590
3,682,716,891,593
3,687,715,885,601
3,685,694,877,612
3,683,694,858,625
3,698,703,837,637
3,694,719,814,642
3,711,716,794,648
3,705,723,776,651
3,711,704,767,655
3,703,727,762,659
3,686,734,762,661
3,686,737,762,668
3,690,726,762,678
3,712,693,760,700
3,703,696,759,711
3,689,710,757,719
3,715,719,757,725
3,698,704,755,727
3,710,720,755,728
3,707,718,755,728
3,710,724,754,730
3,732,727,752,734
3,736,716,751,739
3,751,703,751,743
3,755,725,751,746
3,781,696,751,748
3,810,726,751,750
3,822,729,751,750
3,832,752,751,751
3,841,751,750,751
3,854,749,748,752
3,845,752,744,753
3,859,749,740,754
3,851,754,737,754
3,874,766,737,754
3,858,760,737,754
3,848,792,737,754
3,836,781,737,754
3,860,773,737,754
3,852,780,736,754
3,858,826,736,754
3,861,805,736,754
3,862,803,736,754
3,857,773,736,755
3,830,785,736,755
3,835,802,739,758
3,839,796,748,761
3,868,779,770,766
3,868,772,798,772
3,869,779,820,774
3,858,752,835,777
3,862,724,843,782
3,865,692,843,782
3,872,703,843,783
3,874,683,843,784
3,883,672,842,786
3,889,672,842,787
3,902,669,844,790
3,904,670,846,792
3,896,663,853,796
3,891,665,867,797
3,876,652,877,797
3,879,646,888,799
3,850,632,895,799
3,854,621,898,798
3,842,636,899,796
3,837,653,902,794
3,826,656,902,792
3,821,661,902,790
3,843,618,902,787
3,836,613,902,784
3,867,589,901,779
3,866,576,901,774
3,889,589,901,769
3,910,588,894,761
3,894,579,886,752
3,908,587,875,744
3,893,618,859,733
3,881,638,842,719
3,879,622,823,705
3,886,614,811,695
3,883,627,809,690
3,911,618,809,685
3,927,631,810,679
3,944,640,815,674
3,935,645,819,668
3,904,634,825,663
3,911,628,830,657
3,911,631,838,649
3,906,621,845,642
3,909,629,851,636
3,911,641,855,629
3,919,651,858,624
3,938,651,862,618
3,933,636,863,616
3,923,645,865,615
3,902,656,866,615
3,914,658,866,615
3,902,657,866,615
3,918,654,866,615
3,926,653,866,615
3,938,649,872,622
3,928,649,878,633
3,914,635,885,646
3,911,623,889,659
3,922,624,896,670
3,906,595,900,677
3,923,593,902,680
3,920,606,903,683
3,908,614,905,684
3,882,645,905,685
3,901,664,905,685
3,903,656,905,685
3,884,656,905,685
3,894,653,905,685
3,909,652,905,685
3,907,651,905,685
3,916,651,905,685
3,933,635,905,685
3,901,637,905,685
3,907,645,906,682
3,889,625,906,677
3,909,623,906,670
3,923,618,906,665
3,937,606,906,660
3,939,586,906,656
3,938,605,906,655
3,935,579,907,653
3,911,597,908,652
3,915,619,909,651
3,914,617,910,649
3,916,621,910,648
3,897,620,911,646
3,893,643,912,644
3,891,640,914,641
3,888,637,914,638
3,873,632,915,636
3,856,646,915,632
3,869,658,916,630
3,861,641,916,626
3,852,658,917,624
3,840,672,917,620
3,864,673,918,618
3,884,679,919,613
3,875,671,919,611
3,892,644,919,609
3,889,631,918,607
3,909,630,917,605
3,897,649,916,604
3,911,638,915,604
3,964,639,912,603
3,967,633,910,603
3,961,637,903,602
3,943,626,895,602
3,947,623,885,602
3,932,604,874,604
3,928,593,870,608
3,941,584,868,613
3,926,597,866,624
3,917,608,868,635
3,908,614,871,644
3,914,606,874,651
3,904,597,878,655
3,912,597,879,657
3,903,597,880,659
3,914,599,882,662
3,897,620,883,663
3,878,613,883,664
3,886,612,884,664
3,873,634,884,664
3,850,617,885,664
3,829,620,887,664
3,832,615,891,664
3,834,572,895,660
3,829,547,900,656
3,835,545,904,652
3,838,559,907,648
3,821,560,909,644
3,796,523,910,641
3,794,522,910,637
3,783,523,910,633
3,767,539,910,632
3,757,537,909,630
3,779,534,907,630
3,772,546,903,629
3,772,532,897,629
3,768,519,890,629
3,771,501,880,629
3,775,509,867,629
3,794,511,863,629
3,795,490,863,629
3,795,496,861,629
3,807,478,855,631
3,783,480,850,631
3,801,497,842,631
3,828,499,833,627
3,827,504,827,622
3,828,477,825,619
3,799,478,823,610
3,785,467,820,598
3,777,470,819,587
3,792,464,819,577
3,779,459,817,570
3,793,475,818,560
3,812,479,820,554
3,793,498,820,548
3,762,488,820,542
3,767,503,823,534
3,759,512,825,523
3,769,527,823,509
3,753,534,820,502
3,782,542,815,491
3,768,565,810,478
3,767,549,803,462
3,798,562,794,451
3,808,554,788,442
3,806,573,785,440
3,806,571,784,438
3,827,587,784,438
3,816,590,785,439
3,810,553,785,440
3,807,559,784,441
3,815,550,782,442
3,814,561,781,443
3,822,574,781,444
3,810,556,780,447
3,810,569,778,448
3,821,571,778,450
3,821,581,776,455
3,818,609,774,464
3,821,625,771,479
3,799,610,770,487
3,815,599,768,496
3,820,592,768,506
3,825,595,772,519
3,836,582,780,530
3,819,584,787,535
3,813,583,791,536
3,821,592,795,536
3,808,585,797,535
3,819,581,801,533
3,850,591,808,533
3,868,594,818,533
3,875,608,828,534
3,868,620,838,541
3,858,635,847,550
3,862,654,853,559
3,875,641,856,564
3,876,621,857,568
3,858,600,858,570
3,862,600,859,573
3,878,569,859,574
3,872,585,863,579
3,873,583,867,584
3,862,596,871,589
3,852,604,874,598
3,856,581,882,609
3,845,588,890,623
3,846,612,904,642
3,822,575,923,657
3,804,564,942,672
3,812,562,960,678
3,832,573,965,679
3,832,571,969,679
3,834,572,969,679
3,849,553,969,679
3,894,563,967,675
3,903,556,965,672
3,915,581,961,666
3,934,574,957,659
3,957,577,952,652
3,960,588,948,644
3,973,575,944,639
3,960,566,932,630
3,990,571,921,627
3,1006,576,910,621
3,998,573,900,619
3,1001,576,899,619
3,1005,574,898,621
3,995,579,898,627
3,995,572,898,638
3,991,570,896,645
3,1001,582,895,646
3,1003,585,895,646
3,977,596,895,646
3,953,592,895,646
3,975,594,895,646
3,969,572,895,646
3,989,564,897,640
3,1000,554,904,633
3,1037,557,930,612
3,1016,566,959,596
3,1001,566,984,580
3,1000,585,1012,568
3,1021,588,1030,562
3,1044,590,1037,558
3,1040,596,1038,557
3,1040,559,1038,556
3,1039,556,1038,554
3,1039,575,1038,554
3,1043,585,1038,554
3,1051,587,1038,554
3,1071,590,1038,554
3,1069,584,1042,553
3,1072,576,1049,553
3,1072,564,1056,552
3,1064,570,1057,552
3,1073,586,1057,552
3,1063,589,1057,552
3,1051,581,1057,552
3,1032,585,1053,553
3,1020,582,1049,556
3,1039,564,1045,558
3,1054,582,1043,562
3,1050,569,1042,564
3,1063,581,1041,567
3,1049,581,1041,567
3,1042,600,1041,568
3,1041,613,1046,570
3,1040,612,1056,572
3,1039,613,1068,572
3,1041,613,1082,572
3,1024,617,1093,572
3,1037,633,1098,571
3,1031,633,1100,570
3,1042,664,1100,569
3,1018,664,1100,568
3,1022,665,1100,566
3,1014,648,1101,565
3,1028,652,1101,562
3,1026,659,1101,562
3,1018,665,1101,561
3,1036,673,1103,561
3,1053,667,1103,561
3,1044,662,1104,561
3,1033,635,1104,561
3,1032,642,1104,565
3,1026,630,1101,570
3,1010,625,1098,577
3,989,618,1095,584
3,973,635,1092,591
3,960,633,1091,600
3,945,618,1088,612
3,954,615,1083,628
3,955,610,1081,642
3,955,612,1081,654
3,967,608,1081,665
3,968,608,1081,672
3,957,609,1083,676
3,961,590,1083,679
3,963,584,1085,683
3,961,597,1085,684
3,958,601,1085,685
3,972,603,1083,685
3,949,600,1080,685
3,952,607,1071,685
3,941,600,1058,681
3,936,618,1036,673
3,919,631,1002,658
3,912,632,981,647
3,932,619,964,632
3,933,628,962,623
3,926,640,964,615
3,924,649,972,606
3,946,663,976,598
3,930,683,980,591
3,941,675,982,586
3,934,674,982,585
3,931,674,982,585
3,919,651,982,584
3,909,649,982,584
3,918,648,982,584
3,941,641,982,584
3,920,643,982,584
3,924,674,982,584
3,925,694,978,584
3,936,678,975,584
3,906,693,966,585
3,897,712,961,590
3,882,708,958,594
3,879,686,956,603
3,881,701,954,610
3,874,703,953,619
3,880,712,953,622
3,891,664,953,624
3,884,673,953,626
3,871,663,951,627
3,872,680,951,627
3,875,685,949,628
3,861,677,947,629
3,832,675,944,629
3,824,653,939,632
3,838,677,935,634
3,826,695,930,638
3,850,719,928,642
3,854,723,925,644
3,852,716,920,651
3,868,732,915,655
3,867,735,911,660
3,874,736,901,666
3,890,746,894,671
3,886,751,892,673
3,905,785,894,673
3,912,777,895,671
3,907,780,893,670
3,898,777,887,672
3,895,761,884,672
3,917,790,880,673
3,918,791,879,674
3,929,765,879,674
3,925,756,878,675
3,909,766,878,676
3,926,748,878,681
3,929,755,879,684
3,944,752,890,696
3,954,730,892,700
3,969,742,896,704
3,991,758,899,711
3,993,744,904,720
3,1011,758,908,728
3,1023,750,916,737
3,1035,748,921,741
3,1035,745,926,743
3,1029,734,927,745
3,1034,729,928,746
3,1019,750,930,748
3,1021,760,933,748
3,1048,755,937,748
3,1063,775,942,748
3,1049,775,947,746
3,1042,782,951,745
3,1026,760,956,742
3,1004,772,969,739
3,997,767,986,737
3,989,776,1009,736
3,976,776,1020,736
3,976,769,1028,737
3,961,778,1030,739
3,975,765,1031,739
3,1001,789,1033,740
3,981,800,1040,740
3,1018,799,1050,739
3,1019,804,1078,736
3,1022,801,1100,732
3,997,800,1113,730
3,1029,802,1117,730
3,1024,800,1117,730
3,1016,814,1117,730
3,1004,807,1117,729
3,983,799,1114,729
3,1004,782,1108,729
3,966,793,1099,729
3,973,782,1091,729
3,963,795,1078,729
3,948,773,1069,730
3,936,787,1064,733
3,927,788,1061,735
3,916,778,1060,737
3,906,784,1060,737
3,887,766,1059,739
3,887,767,1059,744
3,891,780,1059,746
3,880,783,1059,750
3,862,798,1061,751
3,862,799,1062,756
3,862,800,1062,761
3,863,808,1062,766
3,860,803,1062,773
3,855,796,1062,778
3,862,793,1062,780
3,853,785,1060,782
3,866,794,1058,785
3,862,814,1054,786
3,854,843,1051,787
3,836,845,1047,789
3,838,846,1042,790
3,831,837,1033,790
3,842,836,1021,790
3,845,829,1000,790
3,849,829,985,791
3,876,809,973,794
3,876,800,964,797
3,888,812,959,800
3,871,816,953,803
3,863,831,949,805
3,854,852,943,807
3,831,845,939,809
3,856,831,936,813
3,853,818,935,815
3,834,837,933,820
3,808,846,929,826
3,807,854,925,830
3,786,871,922,833
3,792,884,920,837
3,791,896,919,841
3,782,888,919,842
3,799,881,919,842
3,820,890,919,842
3,835,882,919,843
3,850,876,919,843
3,839,857,919,843
3,857,851,919,843
3,833,863,919,842
3,797,854,916,841
3,792,852,914,839
3,776,861,911,839
3,782,887,907,839
3,758,896,901,839
3,750,899,897,840
3,751,881,896,841
3,777,875,895,843
3,770,888,895,844
3,761,909,893,847
3,757,918,892,850
3,751,911,891,853
3,726,897,890,857
3,728,903,889,861
3,730,902,888,863
3,714,900,885,865
3,738,907,885,866
3,750,899,883,868
3,752,901,879,869
3,749,877,878,869
3,775,907,878,870
3,757,913,878,870
3,739,920,877,870
3,753,934,874,870
3,771,956,868,870
3,781,942,859,871
3,777,930,855,873
3,778,918,843,874
3,760,941,839,874
3,767,930,824,876
3,770,931,818,877
3,765,923,808,877
3,774,902,796,879
3,760,907,778,882
3,750,902,767,883
3,739,907,760,883
3,749,902,753,885
3,733,879,745,885
3,743,891,734,888
3,752,927,724,889
3,747,933,715,889
3,765,934,712,891
3,748,942,710,892
3,750,947,709,894
3,733,948,709,894
3,729,954,709,895
3,720,952,712,896
3,710,955,715,896
3,708,930,728,896
3,707,943,733,896
3,711,928,737,896
3,688,933,738,896
3,683,926,739,896
3,681,921,739,896
3,687,906,740,896
3,696,911,743,895
3,714,909,746,895
3,729,870,750,895
3,706,870,755,895
3,712,852,757,895
3,691,854,758,895
3,694,850,758,896
3,719,860,758,896
3,700,856,757,896
3,671,869,752,898
3,680,878,743,898
3,667,878,731,897
3,666,896,717,896
3,682,903,706,894
3,663,906,699,894
3,666,911,699,894
3,707,884,699,894
3,704,880,696,894
3,697,896,695,894
3,738,894,694,894
3,725,941,694,894
3,758,937,694,894
3,757,946,694,894
3,781,948,694,894
3,797,952,694,894
3,801,950,694,894
3,807,972,693,894
3,812,910,693,894
3,820,934,693,894
3,810,946,692,894
3,812,961,691,894
3,814,923,688,894
3,810,926,687,894
3,789,934,686,894
3,797,933,686,894
3,763,943,686,894
3,772,925,687,895
3,770,925,698,897
3,773,913,709,898
3,754,897,719,898
3,732,900,727,898
3,734,914,734,898
3,734,953,738,898
3,751,947,740,898
3,759,929,744,898
3,763,940,746,898
3,775,935,748,897
3,774,935,752,897
3,783,931,755,897
3,797,939,757,897
3,796,942,757,897
3,806,921,757,897
3,789,914,757,897
3,796,904,757,897
3,789,916,757,897
3,805,911,757,897
3,801,912,757,897
3,772,936,757,897
3,777,939,759,897
3,790,961,762,897
3,805,941,769,897
3,823,943,774,897
3,809,945,779,897
3,811,938,787,897
3,825,958,796,897
3,851,958,801,897
3,851,915,803,897
3,843,940,803,897
3,882,938,803,897
3,874,933,803,897
3,877,926,803,897
3,879,901,803,897
3,886,911,803,897
3,862,900,803,897
3,880,890,803,897
3,868,890,803,897
3,891,881,803,897
3,882,864,803,897
3,885,863,804,897
3,900,867,807,897
3,911,885,812,897
3,917,883,822,897
3,917,892,829,897
3,893,899,833,897
3,900,886,833,897
3,901,872,834,897
3,909,884,834,897
3,884,893,836,897
3,890,898,839,897
3,886,909,849,899
3,885,896,854,899
3,875,897,857,899
3,889,885,861,899
3,893,870,863,899
3,892,866,868,899
3,873,849,878,899
3,845,859,889,899
3,865,872,899,896
3,873,886,914,894
3,875,891,922,893
3,845,870,928,893
3,850,877,930,893
3,872,872,932,893
3,854,880,933,893
3,870,858,934,893
3,903,843,935,893
3,897,811,939,893
3,883,820,943,893
3,861,814,945,893
3,845,823,946,893
3,825,835,946,893
3,844,860,946,892
3,851,851,944,892
3,858,864,940,892
3,866,856,933,892
3,883,876,926,892
3,866,913,920,892
3,884,917,913,892
3,903,922,909,892
3,898,930,908,892
3,918,925,908,892
3,948,904,908,892
3,959,904,906,892
3,963,888,902,892
3,946,900,897,892
3,944,914,895,892
3,968,921,895,891
3,982,913,895,889
3,970,906,896,888
3,972,923,897,885
3,957,929,898,881
3,959,910,900,877
3,946,918,900,872
3,944,907,900,869
3,942,924,900,865
3,942,937,900,865
3,954,934,900,865
3,972,946,900,865
3,979,931,903,868
3,973,920,907,870
3,970,934,914,870
3,960,948,917,871
3,956,956,923,873
3,965,919,926,873
3,964,928,930,873
3,954,941,931,873
3,903,962,932,874
3,891,921,932,874
3,895,912,932,874
3,890,911,932,874
3,907,930,934,875
3,912,939,937,876
3,910,927,939,878
3,914,926,940,879
3,911,931,941,879
3,893,927,941,879
3,885,904,941,881
3,889,906,944,882
3,902,922,947,883
3,879,938,949,884
3,885,936,949,885
3,900,934,949,885
3,905,948,949,886
3,900,958,949,887
3,896,944,951,889
3,893,907,951,889
3,904,944,951,889
3,898,939,949,890
3,924,924,946,891
3,932,915,942,891
3,935,937,940,892
3,937,940,940,892
3,932,957,939,892
3,938,936,934,892
3,943,953,927,892
3,950,946,920,892
3,973,951,918,893
3,964,966,918,893
3,951,941,918,894
3,960,943,918,896
3,943,950,918,897
3,955,953,918,898
3,951,948,919,899
3,958,921,921,900
3,958,922,925,902
3,955,912,926,904
3,936,898,927,906
3,957,922,927,906
3,965,925,927,906
3,970,945,927,907
3,954,941,928,909
3,937,959,929,910
3,931,947,931,912
3,932,932,932,912
3,941,924,933,913
3,950,937,935,914
3,954,961,939,915
3,969,925,942,916
3,972,919,943,917
3,981,933,945,919
3,974,922,946,920
3,958,944,947,920
3,951,926,948,920
3,946,939,950,920
3,930,918,956,921
3,935,893,961,921
3,909,883,964,921
3,906,867,964,921
3,893,868,964,921
3,906,890,964,921
3,881,888,963,921
3,878,892,963,921
3,885,900,963,921
3,853,932,963,920
3,848,957,963,920
3,840,923,963,920
3,828,943,963,920
3,814,930,963,920
3,799,912,963,920
3,814,898,962,920
3,829,888,958,920
3,849,887,950,918
3,848,860,941,915
3,837,809,929,912
3,847,804,920,909
3,853,809,913,908
3,855,777,912,908
3,871,775,912,908
3,872,798,911,908
3,868,791,910,909
3,856,783,905,911
3,851,743,898,911
3,840,749,888,911
3,831,737,877,910
3,837,715,870,907
3,819,688,869,906
3,805,704,868,906
3,801,656,868,905
3,824,684,865,903
3,822,678,852,897
3,848,677,848,895
3,856,671,838,892
3,844,668,838,892
3,858,649,838,891
3,848,641,840,890
3,855,637,844,886
3,873,636,844,881
3,873,626,844,874
3,867,614,841,867
3,868,622,833,858
3,861,634,813,843
3,852,643,796,832
3,861,659,783,814
3,884,650,783,790
3,889,631,788,767
3,891,636,792,739
3,880,652,798,704
3,880,661,806,673
3,883,654,816,650
3,891,650,825,631
3,867,630,831,618
3,877,632,838,609
3,862,642,839,602
3,850,656,839,596
3,887,650,839,594
3,871,647,839,594
3,869,640,839,594
3,867,636,839,593
3,856,620,842,593
3,856,617,843,593
3,868,620,843,593
3,863,637,844,594
3,846,651,847,595
3,853,663,852,597
3,865,651,860,597
3,850,677,864,597
3,845,690,866,597
3,834,695,866,597
3,864,713,866,597
3,859,697,866,595
3,840,698,866,595
3,827,685,868,594
3,817,687,868,591
3,806,681,868,586
3,776,680,868,581
3,773,676,868,577
3,802,665,867,573
3,805,651,865,571
3,770,644,865,570
3,786,663,864,566
3,800,666,864,564
3,802,633,864,563
3,803,641,863,562
3,810,631,861,562
3,802,623,858,562
3,811,619,855,563
3,817,621,843,575
3,795,628,838,582
3,780,615,823,608
3,775,609,816,625
3,769,616,815,632
3,768,605,815,634
3,764,591,814,634
3,769,586,814,634
3,759,614,814,634
3,772,627,814,634
3,776,635,814,634
3,779,642,814,631
3,781,632,813,627
3,771,647,811,620
3,780,658,810,616
3,787,661,809,611
3,755,649,807,606
3,764,652,806,595
3,759,646,803,586
3,733,648,798,579
3,743,667,793,571
3,747,683,785,565
3,737,670,778,559
3,721,675,771,555
3,726,658,767,553
3,747,659,763,550
3,758,666,759,549
3,764,658,757,548
3,765,666,754,548
3,760,657,750,548
3,756,631,747,550
3,760,619,744,551
3,767,603,740,553
3,761,605,734,556
3,764,610,733,558
3,762,629,732,560
3,766,622,731,562
3,751,633,731,565
3,773,634,731,567
3,780,614,731,570
3,788,626,731,573
3,779,613,733,577
3,783,626,736,579
3,781,622,744,585
3,773,634,752,588
3,776,607,763,588
3,772,598,769,588
3,769,616,773,588
3,755,595,775,588
3,746,602,776,588
3,765,591,779,587
3,755,567,781,584
3,768,580,782,581
3,788,572,784,577
3,771,577,785,575
3,767,561,787,572
3,757,554,793,570
3,762,573,798,565
3,758,539,802,563
3,753,514,803,562
3,751,524,803,561
3,757,528,803,560
3,756,538,803,560
3,748,526,803,560
3,733,516,803,560
3,746,547,803,558
3,756,546,803,558
3,748,564,802,557
3,759,572,800,557
3,775,555,797,556
3,778,569,796,556
3,777,545,796,555
3,771,575,796,554
3,770,543,796,552
3,760,520,796,549
3,757,535,796,547
3,757,523,796,545
3,733,512,796,542
3,749,517,796,540
3,747,518,796,539
3,724,536,796,538
3,726,540,795,536
3,721,564,791,533
3,704,556,788,531
3,714,524,787,529
3,725,541,786,529
3,713,536,786,529
3,693,547,786,529
3,692,541,784,529
3,717,547,782,530
3,719,548,778,531
3,702,536,773,532
3,679,545,771,533
3,673,549,771,533
3,684,529,770,533
3,671,524,769,531
3,645,536,768,527
3,646,494,765,522
3,640,486,763,519
3,660,489,760,515
3,640,505,759,512
3,634,478,758,505
3,647,491,757,500
3,631,487,755,496
3,627,503,755,495
3,634,494,754,488
3,629,497,754,484
3,606,486,754,480
3,598,466,753,478
3,629,455,749,474
3,614,441,740,468
3,640,433,727,463
3,639,442,712,460
3,661,440,699,455
3,648,454,688,451
3,640,427,681,446
3,641,439,670,440
3,635,426,651,431
3,663,424,640,421
3,659,409,630,409
3,667,397,627,404
3,665,390,627,394
3,642,383,629,389
3,636,378,630,383
3,641,397,631,378
3,623,412,631,372
3,601,409,631,365
3,585,419,626,357
3,581,445,622,352
3,602,464,616,345
3,609,457,612,339
3,600,436,610,337
3,568,420,610,334
3,563,414,610,334
3,551,429,610,334
3,558,436,610,333
3,568,458,610,333
3,557,464,613,333
3,530,469,619,334
3,559,464,622,335
3,572,465,622,335
3,576,496,622,335
3,584,494,622,337
3,586,501,622,339
3,590,495,621,343
3,590,478,615,349
3,585,487,609,354
3,574,482,600,364
3,589,487,592,375
3,587,495,584,396
3,588,482,573,419
3,598,492,567,439
3,610,499,562,450
3,614,493,562,457
3,625,502,562,461
3,595,503,564,461
3,584,531,573,462
3,578,529,581,462
3,566,551,592,464
3,562,549,604,467
3,565,550,611,471
3,560,532,614,475
3,516,541,614,480
3,581,544,613,488
3,555,551,610,499
3,547,536,605,514
3,535,517,602,530
3,558,506,600,544
3,570,507,597,556
3,553,503,597,567
3,548,519,597,575
3,542,544,597,584
3,526,550,598,592
3,587,549,602,598
3,595,556,603,602
3,591,541,604,604
3,601,539,604,606
3,602,547,604,609
3,595,550,604,610
3,571,560,604,611
3,581,537,604,611
3,567,551,604,611
3,548,551,604,611
3,549,522,603,610
3,543,540,601,606
3,558,535,598,599
3,543,513,593,590
3,566,525,587,577
3,574,542,578,565
3,580,536,575,557
3,576,551,573,551
3,598,547,571,548
3,598,542,571,545
3,578,568,569,543
3,554,564,569,543
3,562,599,568,543
3,560,611,568,543
3,553,625,567,543
3,568,619,566,543
3,574,601,566,544
3,597,610,566,544
3,601,620,566,544
3,605,614,566,544
3,581,627,566,545
3,575,604,566,545
3,578,629,566,545
3,586,604,566,545
3,592,614,566,545
3,598,612,567,545
3,612,630,571,544
3,626,649,576,541
3,630,634,584,536
3,631,648,588,534
3,633,635,590,532
3,648,633,592,531
3,640,630,594,531
3,643,630,595,531
3,648,625,596,534
3,664,613,596,539
3,663,608,596,549
3,673,615,591,564
3,676,592,585,592
3,686,587,583,610
3,690,597,583,632
3,703,584,585,645
3,697,578,593,660
3,709,562,602,674
3,710,548,614,688
3,692,576,634,706
3,687,583,655,719
3,678,557,672,732
3,691,537,677,733
3,679,547,683,739
3,677,545,686,743
3,674,527,690,747
3,661,515,696,754
3,657,513,701,761
3,642,503,706,769
3,651,511,710,775
3,646,516,710,776
3,618,520,710,776
3,632,534,710,776
3,626,535,710,776
3,613,529,707,775
3,614,520,700,769
3,599,523,693,762
3,621,516,685,753
3,643,519,678,742
3,640,531,669,724
3,622,540,657,692
3,650,536,646,676
3,670,560,640,663
3,672,573,633,649
3,677,553,627,642
3,657,561,625,639
3,667,588,622,638
3,646,584,620,637
3,680,576,617,636
3,675,588,612,636
3,675,601,603,634
3,666,597,594,632
3,650,599,587,627
3,666,573,583,622
3,656,583,581,613
3,649,574,585,601
3,647,544,589,594
3,657,583,592,589
3,661,571,593,585
3,672,571,596,581
3,680,567,599,574
3,688,572,603,567
3,690,560,607,563
3,685,568,608,560
3,691,580,608,559
3,700,612,609,559
3,695,586,610,559
3,704,594,613,562
3,716,590,614,566
3,730,587,615,568
3,724,587,615,569
3,725,593,616,571
3,727,590,616,574
3,703,586,617,575
3,730,572,617,575
3,752,581,617,575
3,772,602,617,576
3,774,611,619,577
3,778,619,620,579
3,780,621,622,583
3,778,621,628,587
3,779,626,646,592
3,801,627,663,596
3,798,611,680,598
3,811,600,694,598
3,811,618,708,598
3,812,630,720,598
3,811,631,740,599
3,819,635,777,599
3,807,615,797,599
3,820,593,807,599
3,794,595,811,599
3,789,590,811,599
3,824,583,810,601
3,825,587,809,601
3,810,584,809,602
3,802,597,809,604
3,807,613,809,609
3,814,604,814,619
3,808,619,818,624
3,797,611,822,630
3,804,584,822,634
3,834,600,822,637
3,843,630,819,643
3,842,605,816,648
3,826,596,815,651
3,825,589,815,653
3,823,590,815,653
3,817,610,815,653
3,827,605,815,653
3,830,602,815,652
3,817,620,815,647
3,818,610,815,643
3,816,602,814,635
3,837,618,814,626
3,849,625,814,621
3,866,609,820,614
3,830,605,827,608
3,838,604,833,604
3,829,632,837,601
3,844,636,838,601
3,840,629,838,601
3,852,662,838,601
3,840,662,838,600
3,832,651,840,598
3,832,640,842,594
3,846,625,843,593
3,848,618,845,591
3,855,608,846,590
3,824,626,847,587
3,820,649,849,586
3,836,631,850,585
3,850,653,851,584
3,861,636,853,583
3,862,628,854,583
3,870,623,854,583
3,890,611,855,582
3,907,607,855,582
3,922,624,855,584
3,941,613,856,586
3,949,595,856,593
3,920,594,855,601
3,926,584,851,614
3,911,593,844,628
3,904,576,837,644
3,926,577,834,654
3,942,583,834,656
3,947,579,835,656
3,970,574,835,656
3,983,583,835,656
3,984,607,835,656
3,977,612,837,657
3,964,611,842,660
3,956,629,848,660
3,982,652,859,660
3,970,626,876,656
3,975,610,882,652
3,964,610,885,645
3,979,604,886,638
3,985,591,890,629
3,988,598,900,619
3,983,604,919,608
3,996,612,935,599
3,1013,620,946,596
3,1001,632,952,595
3,996,611,952,595
3,1001,609,952,595
3,987,597,952,595
3,1002,616,952,595
3,1003,602,952,595
3,992,611,953,595
3,1035,621,955,595
3,1007,635,957,595
3,997,642,962,593
3,1016,617,971,592
3,1020,608,978,590
3,1005,614,988,589
3,985,615,999,587
3,974,610,1007,587
3,990,590,1014,587
3,1031,585,1020,588
3,1008,557,1022,589
3,1001,526,1023,589
3,1029,528,1024,590
3,1016,552,1028,591
3,1022,569,1037,594
3,1024,563,1044,595
3,1002,559,1048,597
3,1003,576,1050,598
3,997,581,1050,598
3,986,604,1050,599
3,977,605,1050,599
3,985,603,1050,600
3,963,597,1050,600
3,968,594,1050,600
3,981,567,1050,601
3,982,568,1049,601
3,988,551,1049,602
3,987,561,1049,602
3,995,553,1050,602
3,983,566,1050,603
3,984,564,1053,603
3,972,572,1056,603
3,962,573,1060,602
3,965,561,1061,599
3,966,553,1061,597
3,970,563,1061,594
3,990,570,1061,590
3,997,582,1059,585
3,1013,590,1057,580
3,997,599,1048,574
3,987,596,1035,567
3,982,611,1020,562
3,972,626,1013,562
3,961,642,1012,562
3,975,644,1010,562
3,969,631,1008,564
3,982,621,1002,570
3,994,629,994,574
3,1009,638,973,584
3,1010,641,958,587
3,994,631,943,591
3,997,632,934,592
3,985,609,931,593
3,985,623,930,593
3,1001,631,930,593
3,1009,637,930,593
3,1024,644,930,596
3,1019,630,934,603
3,1027,630,941,610
3,1010,636,949,618
3,1029,631,955,627
3,1038,613,964,642
3,1006,661,967,657
3,1001,669,973,664
3,1022,657,978,675
3,1012,642,984,682
3,990,653,989,685
3,1010,618,992,687
3,1036,614,1000,692
3,1031,598,1012,695
3,1007,613,1029,699
3,1015,595,1044,699
3,997,592,1054,699
3,1000,603,1058,697
3,1030,619,1059,695
3,1042,628,1059,690
3,1057,626,1059,686
3,1058,635,1062,679
3,1031,664,1064,672
3,1035,664,1067,667
3,1029,681,1068,662
3,1000,699,1068,658
3,1002,700,1068,657
3,992,704,1068,657
3,980,710,1066,656
3,969,716,1064,655
3,950,700,1059,655
3,937,713,1050,653
3,928,727,1040,653
3,924,704,1033,653
3,917,693,1032,653
3,921,671,1032,653
3,923,642,1031,657
3,939,633,1031,664
3,955,653,1031,671
3,966,656,1036,682
3,979,653,1045,697
3,986,634,1051,706
3,966,637,1055,712
3,951,670,1056,715
3,953,684,1056,716
3,947,679,1052,721
3,949,685,1045,722
3,973,693,1033,725
3,978,717,1009,725
3,955,694,987,724
3,934,679,974,723
3,923,674,966,720
3,925,669,962,716
3,912,662,962,713
3,902,650,963,707
3,916,651,965,702
3,927,647,966,695
3,919,627,967,690
3,893,624,969,683
3,890,626,970,676
3,896,643,972,672
3,903,647,973,668
3,911,628,975,666
3,908,616,975,666
3,893,617,975,666
3,878,591,979,667
3,889,572,981,671
3,909,598,982,672
3,904,592,983,677
3,891,613,983,680
3,880,604,983,684
3,893,623,981,688
3,865,604,975,690
3,853,622,970,690
3,860,602,962,692
3,887,591,950,692
3,883,567,938,692
3,883,562,927,690
3,899,561,923,687
3,912,573,921,685
3,902,590,921,682
3,948,600,921,676
3,952,589,921,670
3,940,576,921,663
3,942,569,921,654
3,948,560,921,646
3,961,550,921,637
3,967,575,921,630
3,979,609,921,624
3,973,587,920,621
3,968,576,920,621
3,963,587,920,619
3,943,600,919,618
3,941,597,919,616
3,932,587,920,612
3,932,585,925,607
3,941,570,933,601
3,911,587,937,595
3,908,591,946,588
3,912,585,952,584
3,900,562,957,579
3,901,575,961,577
3,897,551,963,576
3,862,560,964,575
3,840,565,967,574
3,837,560,970,573
3,838,571,974,573
3,859,582,976,573
3,885,586,979,574
3,877,589,981,575
3,891,581,982,576
3,885,565,982,576
3,889,574,982,576
3,905,566,982,576
3,894,549,981,576
3,894,556,975,573
3,904,578,960,565
3,911,596,940,557
3,918,599,892,543
3,890,603,854,539
3,894,604,833,539
3,883,621,828,539
3,898,619,828,540
3,902,619,829,544
3,914,633,831,547
3,917,599,833,553
3,934,621,837,560
3,933,640,843,567
3,923,619,852,575
3,955,602,863,581
3,946,591,870,585
3,962,593,876,588
3,976,604,881,592
3,973,589,884,593
3,971,591,887,596
3,954,585,890,598
3,961,569,891,599
3,952,567,892,603
3,954,584,892,605
3,958,573,892,609
3,970,579,892,612
3,962,580,892,623
3,948,573,893,628
3,954,579,894,634
3,936,577,894,639
3,939,581,897,644
3,916,604,898,650
3,936,600,902,654
3,943,602,905,657
3,953,610,907,660
3,961,598,908,661
3,965,606,909,664
3,959,593,913,669
3,919,607,915,670
3,925,618,915,671
3,957,598,915,671
3,964,598,916,671
3,974,612,916,671
3,975,629,916,669
3,953,648,916,664
3,973,653,914,655
3,961,668,913,646
3,968,691,910,638
3,977,686,907,629
3,975,680,904,622
3,972,677,901,615
3,982,687,899,611
3,1000,681,897,608
3,1011,660,894,606
3,986,665,894,606
3,982,678,892,606
3,979,671,891,609
3,992,673,887,620
3,1010,666,886,628
3,999,670,886,638
3,992,660,886,647
3,1001,653,889,656
3,997,633,897,667
3,971,635,903,676
3,981,626,910,683
3,977,630,919,688
3,993,631,926,691
3,960,636,932,695
3,982,635,935,697
3,962,638,939,703
3,985,647,943,708
3,980,632,947,714
3,976,631,951,718
3,968,646,953,721
3,957,639,956,725
3,976,660,957,726
3,981,634,958,728
3,978,597,958,728
3,961,594,958,728
3,961,608,959,728
3,969,635,961,727
3,971,643,962,723
3,968,643,963,720
3,990,641,966,715
3,1006,652,970,707
3,983,645,973,699
3,1006,674,976,691
3,1012,669,977,688
3,1015,665,977,686
3,993,669,977,686
3,1016,647,977,684
3,1026,637,977,684
3,1026,648,977,684
3,1022,646,977,684
3,1033,666,977,684
3,1020,626,980,685
3,1023,627,982,686
3,1036,635,986,687
3,1031,654,991,688
3,1033,666,996,688
3,1025,679,1005,688
3,1047,669,1010,688
3,1043,685,1012,688
3,1058,672,1014,689
3,1059,686,1015,691
3,1081,674,1018,692
3,1080,701,1020,695
3,1098,702,1021,696
3,1114,702,1023,699
3,1095,696,1026,701
3,1090,683,1029,703
3,1070,685,1036,705
3,1080,660,1043,706
3,1078,681,1052,706
3,1091,703,1065,704
3,1083,709,1072,703
3,1089,710,1075,703
3,1073,709,1079,703
3,1058,686,1081,702
3,1053,695,1085,702
3,1047,686,1088,702
3,1042,695,1094,702
3,1019,724,1100,702
3,1031,724,1107,702
3,1053,737,1110,702
3,1055,751,1110,702
3,1060,747,1110,703
3,1072,761,1110,704
3,1079,776,1106,707
3,1050,747,1104,709
3,1039,720,1100,710
3,1039,709,1095,711
3,1055,733,1090,713
3,1069,726,1083,713
3,1067,738,1071,713
3,1079,756,1061,712
3,1084,732,1054,712
3,1078,735,1054,712
3,1084,720,1053,712
3,1099,704,1053,712
3,1091,704,1054,714
3,1096,715,1056,717
3,1072,720,1059,724
3,1086,716,1065,728
3,1077,713,1069,734
3,1085,699,1070,736
3,1091,690,1072,738
3,1095,665,1073,741
3,1088,669,1074,743
3,1089,661,1078,749
3,1083,658,1081,750
3,1066,654,1083,754
3,1083,646,1083,757
3,1102,684,1083,766
3,1125,690,1083,776
3,1148,679,1083,788
3,1160,668,1083,795
3,1183,675,1083,797
3,1175,670,1084,797
3,1176,669,1084,797
3,1168,668,1084,797
3,1197,651,1084,797
3,1198,655,1085,797
3,1202,665,1085,797
3,1188,663,1086,796
3,1201,673,1086,792
3,1173,673,1086,786
3,1156,655,1086,779
3,1155,666,1086,770
3,1148,684,1088,763
3,1127,671,1092,756
3,1115,666,1099,752
3,1109,651,1107,749
3,1112,652,1112,749
3,1119,640,1119,749
3,1136,650,1129,749
3,1117,658,1143,749
3,1113,639,1158,749
3,1120,668,1167,749
3,1114,670,1172,749
3,1122,696,1173,749
3,1112,703,1173,749
3,1090,706,1173,749
3,1120,718,1173,749
3,1136,767,1173,749
3,1147,763,1168,745
3,1129,778,1166,742
3,1138,767,1163,737
3,1101,754,1163,731
3,1114,765,1166,723
3,1128,770,1168,712
3,1114,746,1171,703
3,1127,732,1172,695
3,1133,743,1172,690
3,1140,727,1172,688
3,1135,721,1172,688
3,1157,747,1172,688
3,1147,733,1173,687
3,1152,727,1176,687
3,1138,721,1178,689
3,1156,735,1180,691
3,1155,759,1183,696
3,1180,770,1186,705
3,1162,772,1192,712
3,1168,793,1193,717
3,1150,792,1194,721
3,1159,778,1194,725
3,1162,787,1194,732
3,1165,778,1190,737
3,1164,774,1187,741
3,1161,757,1184,746
3,1183,760,1182,749
3,1190,776,1181,749
3,1188,777,1181,749
3,1173,774,1180,749
3,1167,755,1179,750
3,1180,748,1179,750
3,1194,741,1179,751
3,1199,731,1179,752
3,1183,740,1179,753
3,1193,736,1179,753
3,1184,707,1179,755
3,1169,700,1180,758
3,1184,694,1181,763
3,1190,687,1184,768
3,1185,678,1185,773
3,1183,661,1188,777
3,1218,651,1190,782
3,1220,623,1193,788
3,1218,613,1197,792
3,1211,609,1200,797
3,1208,611,1204,801
3,1205,603,1206,803
3,1209,602,1206,803
3,1209,603,1206,803
3,1203,594,1206,803
3,1208,587,1206,804
3,1205,590,1206,808
3,1198,591,1206,810
3,1211,596,1206,811
3,1232,613,1210,814
3,1198,605,1217,818
3,1193,606,1227,818
3,1196,603,1238,814
3,1188,600,1246,805
3,1171,593,1251,794
3,1175,594,1251,780
3,1186,588,1251,768
3,1199,597,1251,751
3,1204,602,1251,727
3,1206,593,1254,702
3,1222,592,1258,679
3,1228,590,1260,662
3,1202,577,1260,651
3,1203,581,1258,638
3,1200,566,1250,627
3,1189,586,1244,620
3,1180,580,1236,614
3,1167,620,1232,612
3,1179,627,1225,609
3,1170,632,1213,609
3,1158,612,1209,609
3,1170,585,1208,609
3,1156,584,1207,610
3,1138,585,1207,612
3,1155,596,1207,615
3,1172,607,1207,617
3,1160,609,1208,620
3,1177,629,1211,623
3,1199,626,1216,625
3,1181,621,1224,628
3,1185,601,1229,629
3,1181,613,1233,629
3,1187,596,1235,629
3,1189,593,1235,629
3,1167,586,1236,629
3,1156,575,1236,629
3,1179,585,1236,629
3,1190,582,1236,629
3,1195,609,1236,629
3,1159,607,1236,629
3,1159,619,1235,629
3,1167,613,1233,629
3,1173,635,1229,628
3,1157,639,1224,627
3,1154,651,1215,625
3,1162,621,1205,622
3,1174,636,1202,622
3,1199,625,1201,621
3,1189,619,1201,620
3,1192,638,1200,618
3,1197,641,1198,616
3,1201,637,1197,614
3,1196,642,1195,612
3,1216,651,1193,610
3,1220,645,1190,606
3,1235,635,1187,603
3,1232,642,1184,599
3,1229,647,1181,593
3,1230,647,1179,590
3,1209,617,1174,583
3,1200,604,1168,581
3,1189,603,1167,580
3,1188,567,1166,580
3,1201,563,1166,580
3,1225,568,1166,582
3,1233,572,1166,589
3,1234,574,1171,601
3,1206,572,1180,617
3,1215,591,1189,627
3,1203,565,1197,636
3,1190,568,1205,642
3,1185,545,1214,647
3,1212,552,1219,651
3,1179,539,1223,653
3,1155,560,1227,653
3,1127,565,1229,653
3,1125,546,1229,653
3,1124,557,1230,653
3,1107,559,1231,653
3,1107,522,1232,652
3,1111,520,1236,651
3,1124,519,1238,647
3,1098,538,1241,645
3,1087,541,1241,641
3,1089,505,1241,635
3,1079,484,1240,629
3,1049,495,1236,622
3,1033,509,1230,615
3,1030,518,1223,607
3,1027,486,1207,600
3,1028,481,1195,597
3,1019,465,1186,596
3,1001,465,1181,596
3,996,445,1180,596
3,1011,436,1179,597
3,999,404,1177,600
3,978,399,1176,603
3,977,414,1175,603
3,944,419,1175,603
3,941,398,1173,604
3,949,413,1168,602
3,953,415,1157,596
3,936,418,1131,588
3,949,380,1090,577
3,959,369,1046,564
3,951,382,1005,547
3,951,364,983,533
3,941,359,971,519
3,955,336,968,507
3,957,342,968,493
3,953,343,970,470
3,953,329,970,461
3,958,350,963,448
3,955,364,955,437
3,937,330,951,428
3,927,331,949,420
3,932,342,950,413
3,926,334,951,406
3,933,330,954,399
3,925,319,954,393
3,898,323,954,390
3,921,308,954,386
3,903,292,953,380
3,916,314,953,376
3,914,302,956,369
3,905,312,958,364
3,923,321,962,359
3,917,329,967,353
3,917,293,968,348
3,910,303,971,341
3,883,317,972,332
3,894,321,972,324
3,907,317,975,313
3,896,308,980,302
3,906,295,989,289
3,911,307,993,282
3,925,323,996,274
3,938,344,996,269
3,934,329,996,264
3,932,334,995,262
3,951,315,994,262
3,928,331,994,261
3,920,320,990,262
3,927,326,976,272
3,947,321,965,294
3,961,319,944,337
3,985,318,933,363
3,988,326,927,388
3,973,317,928,408
3,968,298,929,416
3,974,282,934,422
3,985,245,936,424
3,995,246,937,425
3,993,229,937,427
3,996,211,938,427
3,1003,220,938,427
3,982,215,938,427
3,953,210,940,426
3,953,193,944,426
3,973,184,949,425
3,967,201,958,425
3,951,212,968,422
3,961,216,979,419
3,964,213,989,416
3,973,216,998,410
3,954,252,1006,403
3,935,248,1010,390
3,940,258,1014,377
3,938,241,1014,365
3,978,226,1014,351
3,983,243,1010,332
3,953,252,1000,314
3,977,248,991,305
3,967,237,985,299
3,972,231,981,296
3,994,209,976,292
3,998,211,974,290
3,978,190,973,287
3,993,193,970,282
3,981,187,970,278
3,1004,179,970,276
3,1005,179,970,272
3,1016,176,970,270
3,1027,144,973,268
3,1031,158,975,267
3,1028,136,985,261
3,1011,125,990,259
3,1039,120,996,256
3,1035,104,999,253
3,1031,128,1002,252
3,1032,123,1004,250
3,1021,129,1006,248
3,1026,143,1007,247
3,1009,137,1008,244
3,993,110,1010,242
3,998,155,1010,240
3,987,171,1010,237
3,976,165,1010,236
3,976,181,1010,235
3,979,197,1011,233
3,967,190,1011,231
3,977,189,1012,228
3,961,204,1013,226
3,943,200,1017,224
3,961,182,1020,221
3,934,171,1030,219
3,931,182,1034,216
3,921,172,1035,215
3,893,170,1035,215
3,891,192,1035,214
3,879,182,1035,214
3,882,182,1035,214
3,867,168,1035,214
3,870,173,1033,215
3,841,172,1024,225
3,823,164,1002,245
3,777,176,974,257
3,760,158,948,269
3,758,171,935,271
3,770,166,930,272
3,773,174,929,272
3,771,179,929,271
3,761,189,926,269
3,751,189,921,266
3,737,177,911,261
3,726,161,898,258
3,723,167,888,255
3,735,158,884,253
3,748,168,882,250
3,763,164,880,247
3,778,150,878,244
3,772,137,875,242
3,765,128,871,239
3,755,157,865,236
3,740,155,856,234
3,722,162,844,230
3,734,150,832,230
3,723,168,826,229
3,712,177,823,228
3,689,210,820,228
3,681,206,818,228
3,685,211,813,226
3,693,217,806,226
3,699,229,799,226
3,706,216,795,226
3,734,198,789,226
3,737,210,787,226
3,759,212,783,226
3,767,218,779,225
3,769,252,776,225
3,761,244,769,225
3,752,249,762,227
3,772,270,753,228
3,784,268,746,233
3,782,246,737,237
3,766,254,731,244
3,765,270,730,253
3,748,295,732,270
3,749,310,737,275
3,764,314,738,278
3,765,306,740,278
3,761,324,740,278
3,755,320,740,278
3,743,349,740,278
3,757,348,743,278
3,768,326,748,276
3,761,324,761,276
3,745,357,775,277
3,739,357,788,280
3,732,346,797,283
3,740,341,799,285
3,758,349,799,288
3,754,336,799,291
3,753,322,796,302
3,745,339,791,317
3,751,321,787,334
3,758,316,780,357
3,756,310,768,381
3,771,308,764,403
3,806,278,763,415
3,813,263,763,419
3,802,260,760,428
3,802,241,754,439
3,809,245,748,448
3,810,235,742,461
3,848,234,740,470
3,838,227,737,478
3,863,215,734,487
3,888,213,730,494
3,901,214,729,501
3,896,233,726,505
3,895,218,726,507
3,899,225,726,507
3,897,201,726,507
3,906,202,726,507
3,907,183,726,506
3,914,199,727,497
3,898,179,730,487
3,897,174,735,474
3,893,186,741,461
3,898,167,746,448
3,890,170,755,430
3,874,148,766,413
3,871,153,772,403
3,870,165,791,387
3,871,180,808,371
3,847,185,815,361
3,851,174,818,354
3,857,167,821,347
3,870,166,821,340
3,875,158,821,333
3,856,144,821,322
3,839,154,821,310
3,844,150,820,295
3,825,164,819,285
3,826,168,816,274
3,830,178,814,267
3,826,178,814,263
3,811,202,814,259
3,819,200,814,255
3,809,214,814,253
3,805,216,816,247
3,819,204,820,244
3,802,186,822,241
3,807,185,826,238
3,807,189,829,235
3,810,212,829,234
3,822,231,829,233
3,819,222,829,233
3,828,227,829,232
3,848,231,829,232
3,864,211,829,232
3,852,190,829,232
3,825,180,829,232
3,822,166,828,236
3,831,195,823,243
3,824,183,819,257
3,831,206,816,265
3,818,194,813,273
3,821,208,813,276
3,827,202,814,280
3,820,183,815,280
3,802,189,815,280
3,828,172,815,280
3,838,173,815,280
3,853,160,815,280
3,820,171,815,280
3,810,160,815,280
3,814,156,816,277
3,816,149,816,275
3,827,147,817,272
3,837,145,817,267
3,826,138,818,263
3,823,143,818,259
3,847,157,818,257
3,837,156,818,256
3,837,151,818,254
3,837,163,818,251
3,866,171,818,249
3,854,192,818,246
3,843,203,818,243
3,835,217,819,242
3,841,204,819,240
3,859,203,819,239
3,851,204,821,237
3,831,198,821,234
3,838,181,822,231
3,828,196,822,227
3,849,178,823,220
3,866,199,825,215
3,884,223,826,211
3,903,209,827,206
3,895,231,829,202
3,894,203,830,200
3,881,204,831,200
3,876,179,833,199
3,883,170,840,199
3,884,175,853,204
3,909,174,862,208
3,896,149,868,216
3,888,161,870,223
3,872,155,872,233
3,895,144,872,240
3,867,153,872,245
3,860,143,872,250
3,854,142,872,259
3,858,159,879,281
3,842,156,884,288
3,859,165,888,292
3,877,143,888,292
3,866,159,888,292
3,874,155,888,292
3,878,150,890,288
3,895,155,898,273
3,900,164,904,264
3,903,145,908,253
3,904,140,910,243
3,873,120,911,232
3,880,109,911,224
3,857,148,910,218
3,875,144,906,214
3,874,145,900,211
3,892,145,900,210
3,880,120,900,210
3,891,156,898,210
3,878,178,897,209
3,863,180,896,207
3,866,175,896,206
3,849,174,893,203
3,829,164,892,201
3,812,157,891,200
3,817,144,889,199
3,820,142,886,197
3,843,149,883,194
3,859,149,881,193
3,866,155,879,192
3,867,137,879,192
3,866,123,879,192
3,876,108,877,191
3,868,118,877,189
3,898,160,877,187
3,898,167,878,186
3,903,182,880,184
3,906,172,883,182
3,906,180,887,179
3,902,184,890,178
3,910,197,890,177
3,922,199,890,177
3,928,202,890,177
3,919,202,890,177
3,917,193,889,177
3,925,220,887,176
3,912,210,881,176
3,922,251,866,179
3,946,239,842,183
3,945,230,828,184
3,950,252,823,184
3,975,251,823,184
3,970,275,825,184
3,946,269,827,184
3,934,283,831,182
3,935,292,838,180
3,923,282,844,179
3,910,294,850,177
3,910,284,856,176
3,912,287,871,176
3,917,272,875,176
3,920,265,885,176
3,915,273,887,176
3,934,262,891,177
3,952,249,895,181
3,961,242,897,188
3,978,241,897,199
3,988,226,899,218
3,1014,221,899,237
3,1025,201,896,262
3,1011,195,886,286
3,1004,188,877,304
3,996,197,870,324
3,987,213,868,340
3,998,226,870,350
3,1009,233,874,354
3,1030,214,876,356
3,1015,247,878,356
3,1047,244,881,354
3,1054,246,893,340
3,1058,249,905,330
3,1051,261,914,321
3,1050,242,931,308
3,1023,239,942,298
3,1013,241,947,293
3,997,231,948,286
3,978,217,948,279
3,986,232,948,272
3,967,263,947,267
3,945,255,947,263
3,963,249,947,261
3,962,238,949,261
3,949,254,958,264
3,947,253,975,270
3,944,266,989,274
3,950,272,992,277
3,946,287,995,278
3,955,275,997,279
3,941,247,998,279
3,924,209,1001,279
3,927,240,1002,280
3,905,238,1004,280
3,928,239,1008,280
3,904,223,1010,280
3,914,192,1011,280
3,887,168,1011,280
3,881,182,1011,280
3,895,177,1011,280
3,895,163,1012,280
3,893,156,1012,280
3,876,160,1012,280
3,887,146,1012,280
3,878,137,1012,280
3,850,159,1012,280
3,859,169,1012,281
3,879,143,1012,283
3,874,143,1012,283
3,869,126,1012,283
3,865,139,1012,283
3,851,129,1011,283
3,837,131,1006,283
3,806,128,997,281
3,811,135,982,276
3,800,144,956,268
3,802,133,928,260
3,815,92,897,252
3,826,149,879,246
3,823,152,873,242
3,812,150,873,241
3,800,164,873,239
3,813,168,873,239
3,821,180,875,237
3,802,159,875,236
3,815,158,875,236
3,820,155,875,236
3,840,167,875,236
3,829,155,873,236
3,840,165,872,236
3,836,140,861,236
3,835,136,846,233
3,824,156,834,230
3,792,150,827,229
3,765,141,826,228
3,770,128,824,225
3,788,136,821,223
3,782,144,815,220
3,798,152,808,219
3,794,146,801,218
3,782,163,797,218
3,773,159,795,218
3,769,161,795,218
3,765,146,795,218
3,763,124,795,218
3,753,133,796,219
3,751,152,798,219
3,757,131,802,220
3,749,131,808,223
3,729,125,815,223
3,727,130,819,223
3,715,130,821,223
3,694,120,826,223
3,681,134,830,221
3,693,101,832,220
3,724,159,832,219
3,719,149,832,219
3,725,156,832,218
3,731,155,829,217
3,723,144,824,215
3,714,150,816,213
3,711,143,803,211
3,696,153,787,211
3,681,147,777,211
3,699,141,767,211
3,695,134,760,211
3,706,159,760,211
3,698,168,760,211
3,718,161,758,211
3,710,168,752,211
3,705,188,749,213
3,692,202,745,214
3,695,202,743,214
3,676,224,741,215
3,693,239,736,215
3,692,252,724,218
3,662,243,716,218
3,651,238,705,218
3,663,229,693,219
3,685,204,681,221
3,693,219,667,222
3,721,205,655,224
3,712,199,644,225
3,718,210,639,225
3,719,229,635,225
3,718,238,633,225
3,728,254,632,225
3,721,253,632,225
3,701,219,632,227
3,715,220,633,227
3,731,213,637,229
3,718,208,639,231
3,734,212,640,231
3,726,209,640,232
3,708,212,641,233
3,713,210,644,233
3,731,194,646,235
3,721,176,649,235
3,712,152,656,234
3,713,172,667,234
3,727,207,679,234
3,718,185,689,234
3,722,192,699,234
3,708,202,706,235
3,692,203,711,236
3,703,232,715,237
3,709,209,719,239
3,723,198,726,242
3,738,195,736,244
3,750,194,743,245
3,734,190,752,245
3,762,167,754,245
3,769,172,755,245
3,772,191,755,245
3,785,203,754,242
3,780,209,753,239
3,759,216,751,237
3,751,190,748,234
3,735,195,743,231
3,724,202,735,228
3,738,190,728,225
3,702,201,721,224
3,704,202,718,221
3,682,213,717,220
3,675,226,717,220
3,698,205,717,219
3,714,214,717,218
3,720,212,717,216
3,733,201,722,214
3,745,217,732,211
3,720,235,750,206
3,756,233,765,205
3,765,247,776,203
3,767,191,779,202
3,784,204,780,202
3,812,235,780,202
3,825,228,780,202
3,843,234,780,201
3,862,238,778,201
3,862,265,776,199
3,858,250,771,197
3,860,254,769,197
3,849,235,768,197
3,828,265,766,197
3,823,259,766,197
3,829,254,766,197
3,824,266,766,196
3,853,266,766,195
3,886,289,766,195
3,889,304,766,195
3,874,314,766,195
3,858,284,766,195
3,862,292,766,194
3,849,316,768,194
3,852,321,771,194
3,865,336,778,194
3,873,331,782,194
3,840,322,784,195
3,841,342,788,198
3,846,352,795,201
3,844,375,803,208
3,832,364,807,215
3,858,375,810,225
3,864,375,812,242
3,872,374,814,255
3,868,395,814,271
3,868,400,815,283
3,878,399,821,306
3,886,415,825,323
3,874,414,827,345
3,883,398,828,362
3,876,391,833,375
3,870,390,836,390
3,871,373,836,397
3,875,363,836,407
3,869,388,841,416
3,860,395,844,423
3,855,404,848,426
3,873,402,850,428
3,883,403,852,430
3,873,400,853,434
3,893,401,854,436
3,892,425,854,437
3,867,443,854,437
3,869,434,855,437
3,898,452,855,431
3,921,444,857,424
3,911,439,857,415
3,913,438,857,409
3,902,446,857,403
3,901,486,857,398
3,881,477,857,391
3,892,482,857,386
3,897,449,857,384
3,887,448,857,384
3,882,447,857,384
3,893,436,857,385
3,883,425,857,392
3,892,382,860,407
3,865,405,870,432
3,862,416,881,448
3,897,412,893,462
3,902,439,910,473
3,914,456,923,479
3,932,439,930,482
3,942,454,933,486
3,963,440,934,489
3,963,448,935,495
3,956,439,937,498
3,962,442,938,502
3,936,444,938,504
3,935,424,939,505
3,943,430,939,508
3,937,434,939,509
3,933,414,939,510
3,912,392,939,510
3,911,411,939,510
3,892,417,939,510
3,895,408,939,510
3,873,408,939,511
3,891,391,939,512
3,868,357,939,516
3,847,362,940,518
3,844,352,941,520
3,851,357,945,524
3,864,328,951,529
3,867,338,961,536
3,865,352,966,538
3,867,347,970,541
3,858,373,972,542
3,857,379,975,543
3,849,374,977,544
3,853,385,977,544
3,876,382,979,546
3,851,351,979,546
3,846,349,980,546
3,866,351,980,546
3,871,348,982,546
3,894,333,982,544
3,888,339,982,541
3,890,300,981,534
3,904,326,974,524
3,891,320,965,511
3,885,307,943,491
3,881,339,921,471
3,909,343,894,448
3,893,354,884,437
3,909,374,879,428
3,877,371,877,421
3,846,363,875,417
3,868,348,874,413
3,867,312,873,412
3,876,290,873,411
3,882,270,873,407
3,882,273,873,406
3,890,276,873,401
3,886,305,873,394
3,892,309,873,388
3,879,298,871,381
3,881,293,871,374
3,872,307,872,370
3,861,288,872,369
3,875,282,873,369
3,877,274,875,369
3,891,268,880,372
3,893,269,890,377
3,910,270,895,378
3,901,276,897,379
3,896,306,897,379
3,884,288,897,379
3,881,279,897,379
3,889,298,897,379
3,858,296,897,379
3,856,278,897,379
3,853,291,897,378
3,828,302,897,377
3,848,295,897,376
3,837,288,897,374
3,859,302,898,372
3,863,304,900,370
3,864,317,902,367
3,864,302,904,363
3,861,316,911,359
3,851,305,923,352
3,852,282,925,350
3,832,286,937,341
3,869,270,943,337
3,864,268,944,332
3,874,243,946,328
3,870,241,947,323
3,878,274,947,318
3,904,258,948,315
3,905,270,948,312
3,893,269,948,311
3,872,290,948,311
3,903,290,948,311
3,923,286,948,311
3,929,267,948,311
3,944,258,947,311
3,922,290,944,311
3,948,276,937,314
3,955,250,930,315
3,958,276,919,315
3,957,266,917,315
3,974,262,917,315
3,964,253,917,315
3,944,243,917,315
3,951,237,917,315
3,971,219,917,313
3,971,228,917,312
3,972,236,919,310
3,978,234,921,308
3,983,254,926,306
3,989,252,928,303
3,1015,257,930,301
3,1006,231,933,299
3,1000,235,935,294
3,1012,254,939,289
3,986,244,945,284
3,958,233,948,282
3,960,237,951,280
3,960,238,956,277
3,973,260,962,276
3,971,248,969,273
3,977,224,974,270
3,1001,236,978,268
3,1008,241,980,266
3,1003,230,981,264
3,1028,240,983,263
3,1011,259,985,263
3,1040,269,987,262
3,1048,278,988,262
3,1046,283,988,262
3,1051,294,988,262
3,1029,322,988,262
3,1032,345,988,262
3,1046,358,988,262
3,1047,350,989,262
3,1030,346,991,262
3,1025,345,998,262
3,1052,320,1001,262
3,1036,340,1006,262
3,1057,331,1013,262
3,1047,360,1021,262
3,1034,354,1033,262
3,1040,353,1042,262
3,1011,352,1051,262
3,1011,327,1058,265
3,1010,310,1067,268
3,1007,306,1070,271
3,999,303,1074,273
3,1029,329,1078,279
3,1057,309,1084,283
3,1052,293,1088,290
3,1038,289,1092,299
3,1035,302,1094,313
3,1042,309,1096,332
3,1037,344,1098,354
3,1034,338,1099,369
3,1025,332,1101,381
3,1017,335,1102,394
3,1035,322,1102,402
3,1041,329,1099,410
3,1045,333,1096,415
3,1042,319,1089,421
3,1051,317,1078,424
3,1063,316,1061,425
3,1036,310,1047,427
3,1034,290,1027,424
3,1041,300,1012,419
3,1042,304,1001,412
3,1037,295,992,400
3,1030,303,987,392
3,1047,312,987,387
3,1058,320,987,385
3,1034,319,989,384
3,1029,308,992,383
3,1016,321,996,383
3,1021,320,1001,383
3,1027,308,1004,383
3,1029,293,1008,384
3,978,290,1010,386
3,1000,284,1017,390
3,988,295,1024,393
3,990,335,1028,394
3,1007,366,1032,396
3,976,356,1034,396
3,973,360,1037,395
3,964,340,1043,394
3,957,347,1050,390
3,964,358,1057,384
3,948,352,1063,378
3,921,370,1072,368
3,913,371,1075,361
3,922,371,1079,352
3,920,376,1080,343
3,941,359,1079,335
3,930,346,1066,328
3,928,352,1051,325
3,962,373,1040,325
3,956,383,1029,332
3,952,375,1021,341
3,946,361,1015,356
3,934,353,1004,370
3,938,345,988,394
3,925,335,975,413
3,907,330,965,425
3,885,315,964,430
3,878,309,964,433
3,878,330,964,434
3,861,315,964,434
3,851,318,964,434
3,859,289,962,434
3,879,311,961,434
3,893,337,961,434
3,910,353,961,434
3,930,361,961,434
3,938,375,961,434
3,944,386,961,434
3,948,388,960,431
3,951,407,956,426
3,970,383,950,415
3,963,381,929,399
3,952,359,895,384
3,937,345,864,376
3,930,341,849,371
3,929,354,843,369
3,939,355,842,366
3,931,349,844,363
3,921,346,846,360
3,932,358,846,357
3,978,338,846,356
3,1013,334,845,353
3,999,338,845,350
3,1008,352,845,348
3,1026,347,845,348
3,1034,368,845,346
3,1028,390,845,346
3,1010,395,848,347
3,1040,388,859,351
3,1026,362,880,363
3,1038,364,896,370
3,1003,370,906,374
3,1013,363,914,379
3,995,365,919,380
3,1002,360,920,382
3,1009,357,925,385
3,1009,356,932,390
3,1014,345,941,396
3,995,348,950,405
3,1002,335,959,415
3,1006,334,965,419
3,996,343,970,420
3,980,336,974,420
3,990,362,974,420
3,953,388,974,420
3,972,390,975,420
3,960,422,975,419
3,964,454,976,419
3,973,445,976,419
3,974,438,977,418
3,954,460,979,417
3,962,445,980,417
3,938,450,981,417
3,938,464,984,417
3,912,449,988,416
3,886,459,992,414
3,891,471,992,413
3,843,452,994,413
3,842,449,994,413
3,834,426,994,413
3,823,419,994,413
3,818,405,994,413
3,826,390,994,413
3,818,390,994,416
3,814,372,993,421
3,816,374,992,432
3,795,371,992,440
3,810,379,990,452
3,810,364,986,461
3,795,387,976,472
3,794,370,939,484
3,785,362,915,484
3,779,362,887,477
3,769,336,853,464
3,767,333,824,450
3,761,347,793,435
3,762,338,784,426
3,759,341,779,421
3,753,360,779,414
3,754,368,779,409
3,757,369,783,397
3,755,363,786,390
3,756,367,789,379
3,779,366,790,373
3,791,349,790,366
3,800,349,792,354
3,776,331,792,343
3,787,347,790,335
3,782,368,783,324
3,793,355,779,315
3,794,340,776,311
3,803,340,776,307
3,816,341,776,306
3,794,354,776,306
3,785,360,776,306
3,773,334,775,306
3,777,318,773,306
3,786,327,772,310
3,793,309,769,318
3,780,312,766,327
3,771,292,763,336
3,762,293,761,345
3,780,294,758,355
3,783,292,758,366
3,776,288,760,374
3,795,270,766,378
3,780,272,767,379
3,787,253,772,384
3,794,247,773,384
3,804,254,774,384
3,776,247,775,384
3,743,233,777,384
3,709,234,782,384
3,698,232,791,384
3,713,249,805,384
3,734,261,812,384
3,733,240,820,384
3,710,244,824,382
3,705,275,824,381
3,681,260,824,379
3,667,273,821,374
3,658,278,818,368
3,660,283,813,362
3,651,305,807,357
3,650,297,799,349
3,653,298,792,342
3,662,311,780,332
3,667,310,764,321
3,665,300,749,316
3,654,298,736,314
3,655,306,731,314
3,649,287,728,314
3,661,291,725,314
3,671,275,720,315
3,665,286,713,317
3,659,285,704,323
3,652,294,696,335
3,632,303,691,343
3,626,306,685,354
3,645,309,681,360
3,654,311,679,362
3,666,309,679,363
3,670,318,679,363
3,660,313,679,363
3,662,304,678,362
3,676,293,676,358
3,682,318,674,354
3,685,306,670,347
3,710,296,664,342
3,703,291,657,339
3,702,323,648,333
3,703,347,628,327
3,705,355,615,323
3,742,346,586,315
3,754,342,580,315
3,755,358,562,315
3,731,341,553,316
3,725,333,550,316
3,721,331,549,317
3,709,328,549,317
3,713,330,549,318
3,686,349,551,318
3,679,354,552,318
3,677,329,560,320
3,664,321,587,320
3,617,319,598,320
3,600,306,612,320
3,603,323,619,320
3,614,324,623,320
3,611,326,625,319
3,601,326,627,319
3,605,303,631,319
3,603,315,643,320
3,592,326,652,321
3,578,324,659,323
3,590,337,668,324
3,606,312,670,325
3,589,316,670,325
3,601,336,667,327
3,610,339,665,328
3,619,320,659,329
3,633,327,644,331
3,617,350,627,332
3,593,333,613,332
3,608,340,606,332
3,600,345,606,332
3,617,326,606,332
3,629,344,606,332
3,650,388,606,332
3,647,419,606,332
3,634,404,606,332
3,617,417,606,332
3,617,386,606,332
3,606,378,606,332
3,611,381,606,332
3,647,391,606,332
3,639,411,609,333
3,620,416,610,335
3,599,431,610,335
3,600,422,611,335
3,602,429,611,335
3,614,438,612,335
3,580,423,612,335
3,585,418,613,335
3,574,430,613,335
3,570,428,613,335
3,600,442,613,336
3,597,442,614,341
3,601,444,616,355
3,599,448,618,370
3,609,447,620,402
3,592,433,617,455
3,599,416,612,472
3,601,418,606,502
3,600,422,603,526
3,586,432,608,541
3,585,418,616,552
3,582,411,622,557
3,589,404,624,558
3,611,396,625,558
3,615,407,625,558
3,618,406,625,558
3,631,416,625,558
3,650,411,625,558
3,641,387,625,558
3,651,387,625,558
3,649,376,626,558
3,645,360,626,558
3,640,341,626,558
3,642,336,626,558
3,639,341,626,558
3,656,327,626,558
3,658,329,626,558
3,648,343,626,556
3,631,348,626,555
3,634,319,626,553
3,628,339,626,551
3,615,360,626,548
3,611,372,626,543
3,603,400,626,538
3,600,384,627,530
3,584,388,628,523
3,593,366,631,511
3,570,351,633,497
3,589,362,634,482
3,595,342,637,464
3,589,347,644,439
3,591,328,651,421
3,605,323,657,411
3,602,308,657,409
3,594,300,657,409
3,604,303,657,409
3,609,301,657,409
3,620,280,657,409
3,635,285,657,409
3,644,294,657,409
3,674,301,652,414
3,664,307,644,422
3,649,286,636,427
3,655,301,635,428
3,658,300,634,429
3,656,294,634,429
3,655,288,634,429
3,657,305,633,427
3,637,322,633,424
3,642,338,633,421
3,652,324,636,414
3,671,316,638,407
3,669,317,643,398
3,660,323,646,391
3,655,340,649,383
3,648,347,650,375
3,640,362,653,366
3,648,361,656,361
3,664,349,657,355
3,661,345,658,354
3,671,320,658,352
3,662,323,658,352
3,654,333,658,352
3,640,329,658,352
3,635,297,658,352
3,635,266,658,352
3,616,263,658,352
3,615,266,658,352
3,585,278,658,352
3,603,286,658,352
3,591,298,658,352
3,569,279,658,352
3,552,309,658,353
3,573,307,656,355
3,566,314,655,360
3,579,341,653,364
3,574,316,653,369
3,542,337,653,374
3,562,341,654,376
3,552,350,654,376
3,532,360,654,376
3,562,363,654,377
3,548,357,654,377
3,561,374,655,377
3,563,393,655,377
3,567,405,655,377
3,552,404,655,377
3,544,395,653,377
3,540,386,652,376
3,555,385,650,375
3,543,381,646,374
3,567,398,643,374
3,577,407,638,374
3,576,408,633,374
3,622,406,623,378
3,616,406,619,382
3,608,407,618,384
3,608,421,617,387
3,601,445,616,389
3,602,453,615,392
3,630,454,615,395
3,644,452,615,396
3,611,459,615,397
3,614,464,615,398
3,590,438,616,398
3,586,452,616,399
3,594,443,617,402
3,628,428,620,404
3,611,430,625,407
3,602,451,632,411
3,596,464,639,413
3,606,450,645,414
3,629,481,650,415
3,658,454,655,416
3,649,454,657,418
3,668,447,659,419
3,662,429,659,419
3,643,407,659,420
3,660,403,657,421
3,670,413,656,423
3,667,413,654,426
3,660,422,650,429
3,669,425,645,433
3,654,417,641,439
3,637,409,636,445
3,632,420,636,447
3,642,423,636,450
3,626,411,638,455
3,626,418,638,458
3,623,406,643,463
3,618,434,648,466
3,598,429,655,467
3,608,437,661,467
3,607,439,666,467
3,611,454,668,467
3,592,474,672,467
3,599,452,674,468
3,616,451,675,469
3,609,456,677,470
3,635,483,678,472
3,618,489,678,473
3,617,479,679,473
3,611,473,682,475
3,642,465,683,477
3,659,469,686,478
3,665,454,689,481
3,645,449,691,482
3,639,431,691,482
3,633,437,691,483
3,602,447,690,484
3,612,441,686,486
3,613,450,682,489
3,611,444,680,491
3,610,457,678,492
3,600,453,676,496
3,619,439,674,497
3,632,421,672,501
3,608,436,671,502
3,617,419,671,503
3,619,429,671,504
3,616,420,671,504
3,605,442,671,504
3,614,457,671,504
3,617,479,670,504
3,620,465,665,503
3,607,463,661,500
3,613,453,654,497
3,588,432,647,495
3,581,426,642,493
3,557,419,641,491
3,574,428,637,487
3,597,443,634,483
3,608,429,634,480
3,594,402,634,473
4,941,542,963,541
4,922,545,963,541
4,920,525,963,541
4,902,512,963,541
4,899,498,963,541
4,868,479,963,541
4,894,491,963,541
4,925,492,963,541
4,902,479,963,541
4,896,477,963,541
4,900,475,963,541
4,899,462,963,541
4,878,459,963,541
4,859,459,963,541
4,863,469,963,541
4,867,467,963,541
4,877,467,963,541
4,890,459,963,541
4,901,458,963,541
4,910,464,963,541
4,878,443,963,541
4,886,432,963,541
4,872,427,963,541
4,883,423,963,541
4,905,444,963,541
4,892,454,963,541
4,907,460,963,541
4,903,453,963,541
4,895,439,963,541
4,911,451,963,541
4,914,458,963,541
4,905,454,963,541
4,924,440,963,541
4,922,430,963,541
4,937,425,963,541
4,932,427,963,541
4,905,421,963,541
4,917,374,963,532
4,924,373,963,527
4,905,352,961,520
4,888,332,960,515
4,897,325,959,511
4,905,323,958,508
4,909,334,958,504
4,893,318,956,503
4,897,320,956,501
4,878,317,957,497
4,877,343,958,495
4,897,341,958,491
4,907,329,958,486
4,894,326,958,481
4,881,338,955,475
4,870,331,947,466
4,874,325,940,459
4,869,316,928,449
4,875,303,913,432
4,878,304,895,403
4,881,302,880,371
4,890,305,874,344
4,903,299,875,318
4,906,302,887,296
4,907,317,892,291
4,900,310,900,281
4,892,282,903,277
4,878,291,907,273
4,902,275,904,273
4,888,272,904,271
4,887,266,904,270
4,887,258,904,268
4,893,239,904,265
4,888,261,903,263
4,892,255,903,261
4,904,264,903,260
4,895,251,903,259
4,899,234,903,259
4,923,244,908,259
4,908,241,915,259
4,913,249,922,263
4,895,252,931,269
4,872,239,937,277
4,883,237,944,286
4,878,247,952,297
4,889,230,958,304
4,877,234,962,308
4,881,241,962,309
4,884,239,962,309
4,868,229,962,309
4,904,235,959,306
4,904,236,948,301
4,888,243,940,295
4,885,246,931,289
4,920,259,924,284
4,929,247,920,280
4,928,223,918,278
4,906,210,914,276
4,906,210,913,272
4,899,198,912,270
4,915,203,910,268
4,921,209,910,267
4,931,205,909,266
4,916,182,909,265
4,907,186,909,264
4,932,172,910,262
4,924,204,912,259
4,919,196,914,257
4,921,222,918,253
4,913,230,921,251
4,890,222,928,247
4,885,237,935,243
4,867,265,942,237
4,856,263,949,232
4,857,239,954,227
4,859,245,959,220
4,875,201,961,217
4,882,203,963,213
4,907,207,968,209
4,934,227,969,204
4,937,236,970,201
4,936,235,970,199
4,950,228,970,197
4,950,217,969,195
4,960,213,968,192
4,969,221,965,190
4,1006,225,963,188
4,1021,235,959,184
4,1015,219,956,182
4,1011,190,949,179
4,1015,169,943,176
4,999,161,935,172
4,982,148,925,171
4,969,153,916,171
4,961,153,909,171
4,970,147,906,171
4,950,140,906,171
4,948,162,906,172
4,951,180,906,174
4,950,203,906,179
4,960,216,909,185
4,942,229,918,191
4,960,213,933,198
4,980,223,950,199
4,998,221,963,199
4,1005,227,973,199
4,996,210,975,199
4,991,197,975,199
4,996,188,975,196
4,1025,182,975,196
4,1013,182,972,193
4,1002,168,970,191
4,1026,173,967,190
4,1030,182,963,189
4,1019,189,960,189
4,1043,171,956,189
4,1048,180,953,189
4,1030,225,951,190
4,1020,221,950,191
4,1040,176,949,192
4,1042,155,949,195
4,1022,148,948,195
4,1017,142,948,196
4,1025,152,948,196
4,1001,147,948,196
4,997,162,948,196
4,1001,142,952,197
4,975,168,958,197
4,993,176,970,195
4,1015,165,975,193
4,1013,148,977,192
4,1024,128,979,190
4,1015,140,984,189
4,1011,125,990,188
4,1021,120,995,188
4,1019,151,998,188
4,1034,162,1000,188
4,1036,160,1000,188
4,1024,179,1000,188
4,1020,163,1000,188
4,1022,136,1000,188
4,1003,130,1000,191
4,1002,123,1000,195
4,1000,159,999,197
4,1011,158,998,201
4,1001,175,997,203
4,976,170,997,205
4,978,175,997,209
4,973,183,999,213
4,953,187,1003,217
4,939,207,1010,221
4,913,193,1017,224
4,913,180,1022,225
4,908,195,1027,227
4,902,194,1031,229
4,913,181,1035,230
4,920,177,1037,230
4,916,179,1039,230
4,931,191,1039,230
4,915,208,1039,230
4,910,197,1039,230
4,909,204,1039,230
4,910,216,1039,230
4,923,231,1039,230
4,898,245,1039,230
4,914,235,1039,230
4,903,223,1038,230
4,894,224,1031,227
4,905,221,1018,225
4,912,215,1006,224
4,910,242,992,222
4,893,228,981,221
4,882,211,974,219
4,870,211,972,219
4,869,193,971,218
4,890,202,971,218
4,876,181,971,217
4,906,185,969,216
4,905,183,968,215
4,905,185,964,214
4,902,158,960,212
4,908,174,955,211
4,909,178,950,210
4,898,174,945,210
4,904,175,942,210
4,926,174,942,210
4,920,170,941,210
4,916,177,941,210
4,919,154,941,210
4,903,176,941,211
4,944,183,941,212
4,957,163,940,213
4,952,175,940,214
4,964,194,940,215
4,963,199,940,215
4,971,206,943,215
4,944,219,944,215
4,954,228,948,215
4,958,213,956,211
4,968,217,966,207
4,964,207,969,205
4,958,214,969,204
4,980,215,970,203
4,977,222,970,200
4,982,245,969,196
4,990,253,969,195
4,1003,249,968,194
4,1013,252,968,194
4,1007,254,968,194
4,1021,254,968,194
4,1028,255,968,194
4,1042,255,968,194
4,1050,267,966,194
4,1040,300,963,199
4,1038,293,961,206
4,1040,271,962,212
4,1026,285,966,219
4,1020,286,973,223
4,1007,333,982,229
4,1017,336,995,236
4,1013,343,1004,242
4,1037,360,1015,248
4,1027,364,1029,256
4,1021,372,1040,266
4,1022,351,1051,281
4,1000,357,1056,290
4,1008,376,1059,299
4,992,342,1059,309
4,990,337,1059,319
4,1031,335,1059,330
4,1033,332,1058,340
4,1037,309,1057,351
4,1001,315,1055,356
4,1016,319,1052,363
4,996,331,1051,367
4,992,320,1050,372
4,993,298,1049,374
4,972,303,1047,379
4,970,315,1046,384
4,952,326,1045,391
4,933,352,1045,401
4,934,363,1043,412
4,951,352,1043,422
4,928,339,1043,432
4,915,370,1042,441
4,928,366,1040,448
4,925,366,1040,450
4,925,359,1040,450
4,907,349,1040,450
4,910,347,1040,451
4,890,335,1040,451
4,901,335,1038,450
4,924,326,1034,446
4,923,326,1026,442
4,935,332,1021,439
4,922,342,1014,436
4,946,341,1009,436
4,956,372,1005,436
4,939,362,1003,436
4,918,376,1000,436
4,920,349,998,436
4,910,334,993,436
4,903,313,986,436
4,900,316,975,434
4,927,314,969,432
4,917,291,967,428
4,898,273,963,421
4,906,292,960,412
4,899,284,957,399
4,890,284,953,382
4,895,289,952,371
4,895,295,952,363
4,880,288,952,354
4,871,279,955,346
4,874,269,956,340
4,857,249,958,333
4,832,247,959,328
4,832,242,959,323
4,841,236,959,318
4,825,222,958,314
4,817,232,957,312
4,807,225,957,310
4,822,216,954,307
4,821,208,953,306
4,827,202,952,304
4,825,210,950,303
4,827,217,948,300
4,795,202,946,299
4,787,190,944,298
4,774,200,942,297
4,773,210,937,296
4,784,209,933,295
4,814,198,926,295
4,798,189,919,293
4,774,206,905,292
4,773,206,896,289
4,755,175,883,285
4,763,189,868,280
4,765,203,843,274
4,759,223,820,265
4,754,216,794,253
4,767,201,778,244
4,772,206,766,238
4,783,172,765,234
4,767,181,765,230
4,781,155,765,230
4,752,105,765,230
4,786,158,765,230
4,791,167,765,230
4,797,159,764,230
4,807,155,762,230
4,809,117,757,231
4,793,119,746,232
4,795,129,734,232
4,800,156,723,234
4,819,165,716,233
4,821,164,714,233
4,823,163,713,232
4,801,144,711,231
4,806,138,707,230
4,792,147,703,229
4,799,142,702,227
4,812,152,700,225
4,819,165,698,223
4,820,150,695,219
4,804,155,694,214
4,778,162,694,210
4,784,146,697,205
4,808,141,703,199
4,795,139,731,189
4,800,132,759,183
4,805,117,779,177
4,814,177,788,176
4,804,166,792,176
4,806,171,792,176
4,786,185,792,176
4,777,154,792,176
4,764,151,792,176
4,748,152,792,176
4,742,151,792,176
4,735,154,792,176
4,719,149,792,176
4,715,155,792,175
4,724,149,792,175
4,744,153,792,175
4,739,135,792,175
4,735,120,792,175
4,742,133,792,175
4,764,125,792,175
4,760,114,792,175
4,761,155,792,175
4,728,164,789,175
4,720,181,783,175
4,703,172,766,179
4,697,197,756,184
4,699,216,745,184
4,693,217,740,185
4,703,225,738,186
4,697,219,738,186
4,696,189,738,186
4,704,210,738,186
4,707,213,739,186
4,707,204,740,186
4,702,218,746,184
4,707,231,750,183
4,703,234,755,180
4,697,267,756,180
4,663,294,758,179
4,668,297,758,179
4,681,281,758,179
4,670,258,758,179
4,646,265,758,179
4,652,256,756,181
4,649,256,750,185
4,668,260,741,190
4,655,271,730,196
4,646,267,721,199
4,634,283,720,201
4,631,314,719,205
4,632,309,719,208
4,641,317,718,213
4,647,304,718,220
4,661,316,718,229
4,660,314,718,239
4,638,334,720,251
4,612,345,726,259
4,628,334,729,264
4,638,340,731,270
4,648,322,732,273
4,662,329,732,274
4,645,341,732,275
4,647,369,732,275
4,643,365,732,275
4,644,363,732,275
4,648,360,732,275
4,651,359,732,275
4,632,344,732,275
4,647,342,732,274
4,658,351,731,270
4,675,376,726,263
4,681,354,722,255
4,673,348,716,250
4,662,375,713,243
4,662,363,712,236
4,671,369,709,233
4,676,353,709,232
4,697,355,709,232
4,687,350,709,232
4,707,358,709,234
4,696,348,709,242
4,667,362,708,256
4,669,379,706,284
4,654,428,704,303
4,635,426,705,320
4,631,411,708,331
4,645,379,710,338
4,652,395,710,338
4,649,393,713,343
4,658,378,713,347
4,647,384,713,353
4,628,400,716,359
4,644,391,722,370
4,636,367,724,378
4,622,360,727,385
4,621,365,730,393
4,612,388,732,402
4,593,392,732,409
4,589,395,731,416
4,598,398,727,420
4,620,408,718,424
4,611,410,713,426
4,611,408,703,428
4,600,413,696,430
4,596,442,691,430
4,602,439,688,430
4,600,442,684,428
4,584,438,680,427
4,569,418,677,426
4,563,411,673,426
4,586,411,670,426
4,596,411,666,427
4,604,364,660,430
4,612,394,656,436
4,637,438,651,446
4,633,438,648,451
4,646,427,647,452
4,649,420,644,460
4,634,434,641,465
4,621,444,640,469
4,629,445,639,471
4,633,441,639,481
4,643,436,634,490
4,635,433,630,499
4,626,437,622,506
4,612,438,618,513
4,589,447,614,517
4,554,427,612,520
4,555,436,608,521
4,548,429,606,521
4,560,421,605,521
4,554,426,604,521
4,555,429,604,518
4,534,418,604,513
4,550,408,605,506
4,572,407,611,499
4,554,411,614,495
4,544,400,623,486
4,563,385,635,472
4,568,385,638,468
4,558,390,640,464
4,523,394,639,458
4,546,408,637,455
4,557,411,637,453
4,552,421,636,452
4,565,423,634,450
4,540,406,630,446
4,548,408,624,440
4,569,407,619,437
4,565,402,618,433
4,558,404,615,428
4,530,405,611,423
4,538,401,605,414
4,550,407,602,409
4,553,431,601,404
4,534,431,600,400
4,559,434,600,396
4,563,423,599,394
4,581,428,598,393
4,582,433,596,392
4,599,454,595,392
4,602,462,593,394
4,602,471,587,402
4,623,479,579,413
4,615,481,573,424
4,612,472,559,436
4,607,470,553,442
4,628,469,549,443
4,644,464,548,445
4,655,451,544,447
4,655,436,542,451
4,636,436,540,458
4,646,421,540,461
4,654,407,539,465
4,672,400,539,469
4,674,392,542,473
4,657,396,546,477
4,654,417,553,479
4,660,401,563,479
4,660,422,575,480
4,653,405,582,478
4,651,412,587,475
4,653,388,592,470
4,647,394,593,463
4,636,402,594,458
4,657,398,597,452
4,650,390,603,439
4,646,382,608,430
4,621,390,612,417
4,627,392,614,405
4,600,400,620,386
4,611,433,626,377
4,591,432,631,373
4,603,426,635,373
4,602,394,642,373
4,604,387,649,377
4,594,392,660,381
4,594,398,670,386
4,588,391,683,389
4,610,378,692,393
4,573,364,695,396
4,581,381,698,398
4,591,397,699,403
4,589,380,699,407
4,580,392,699,410
4,557,396,698,414
4,538,392,695,417
4,540,422,686,425
4,566,433,677,431
4,536,407,672,434
4,537,416,666,435
4,556,423,660,435
4,526,448,649,437
4,570,460,641,438
4,561,432,634,438
4,574,444,630,435
4,571,429,627,434
4,571,423,625,432
4,590,450,623,430
4,577,460,616,429
4,576,462,608,426
4,585,464,597,424
4,571,455,590,424
4,550,443,585,424
4,533,449,582,428
4,566,466,581,435
4,583,456,581,446
4,595,457,584,453
4,563,450,595,463
4,567,430,602,466
4,587,436,610,467
4,578,445,617,469
4,584,434,622,469
4,593,412,625,469
4,562,405,626,470
4,574,413,626,470
4,566,434,626,470
4,564,422,626,470
4,582,428,626,470
4,560,410,626,470
4,560,436,626,470
4,526,427,626,469
4,568,440,626,468
4,565,450,626,468
4,582,456,626,467
4,596,453,626,467
4,608,441,626,467
4,612,433,624,467
4,610,431,617,467
4,584,419,610,467
4,563,406,603,468
4,575,435,593,474
4,564,459,591,476
4,576,458,590,480
4,584,471,590,482
4,595,475,590,485
4,596,479,590,487
4,590,472,592,488
4,549,477,597,488
4,549,495,604,488
4,560,493,613,488
4,575,455,620,486
4,549,453,625,485
4,547,459,627,484
4,587,481,631,481
4,579,477,634,479
4,578,476,636,477
4,563,452,636,474
4,547,475,636,471
4,559,461,635,467
4,534,470,634,464
4,561,480,631,459
4,545,460,629,455
4,550,473,626,453
4,549,487,623,450
4,524,512,622,450
4,590,499,621,450
4,607,488,619,449
4,616,472,618,449
4,640,500,615,451
4,644,514,613,453
4,639,524,612,458
4,642,544,612,465
4,649,554,612,467
4,615,575,612,469
4,612,574,612,470
4,635,570,612,470
4,633,553,612,470
4,617,554,612,471
4,602,566,613,472
4,613,573,614,474
4,610,566,618,478
4,621,552,620,483
4,614,542,623,487
4,602,533,625,489
4,630,543,627,495
4,634,538,629,499
4,621,529,632,504
4,624,520,636,512
4,645,503,638,519
4,634,499,639,529
4,640,484,639,540
4,652,492,639,552
4,639,460,639,560
4,666,468,640,567
4,675,473,640,571
4,668,484,640,576
4,674,463,640,579
4,669,462,640,584
4,658,470,641,588
4,651,468,643,590
4,645,477,643,591
4,632,500,644,591
4,627,500,644,591
4,625,512,644,591
4,624,531,644,591
4,626,533,644,589
4,645,535,644,584
4,631,539,644,579
4,629,540,645,572
4,625,535,645,567
4,626,518,645,564
4,643,534,645,560
4,633,522,645,556
4,637,505,644,553
4,636,516,643,549
4,627,517,641,545
4,620,526,640,544
4,633,503,640,543
4,614,496,640,543
4,598,505,640,543
4,609,492,640,543
4,623,496,640,543
4,631,481,640,547
4,619,464,641,558
4,610,459,645,566
4,613,462,651,574
4,616,467,657,580
4,605,445,660,582
4,611,420,663,582
4,606,413,664,582
4,598,432,665,582
4,607,437,669,581
4,618,443,671,578
4,642,421,672,576
4,643,437,673,574
4,643,429,676,570
4,651,422,676,567
4,629,428,676,565
4,649,414,676,563
4,628,414,676,561
4,627,409,676,557
4,619,409,676,553
4,625,402,671,542
4,635,409,670,539
4,652,402,668,533
4,657,386,666,528
4,649,377,665,521
4,659,381,665,516
4,665,390,663,507
4,647,378,662,502
4,655,383,660,496
4,657,388,660,491
4,666,388,660,486
4,639,409,660,481
4,648,416,660,475
4,649,434,660,458
4,659,440,655,443
4,647,426,655,436
4,646,419,650,421
4,653,428,645,408
4,657,429,642,397
4,671,457,639,387
4,660,450,638,380
4,661,449,638,375
4,651,454,638,370
4,649,438,638,367
4,645,436,639,366
4,649,420,643,366
4,647,441,648,368
4,651,426,654,375
4,653,412,665,387
4,630,393,673,394
4,611,383,677,403
4,617,403,680,410
4,594,422,683,419
4,607,429,684,424
4,617,438,684,430
4,600,448,685,433
4,600,426,685,437
4,602,424,685,439
4,572,431,684,441
4,559,428,681,443
4,582,402,679,443
4,561,421,676,443
4,556,399,668,439
4,556,419,657,435
4,575,422,639,423
4,572,415,601,405
4,598,403,585,398
4,601,407,576,394
4,629,399,572,392
4,623,400,572,392
4,625,390,572,392
4,630,394,572,392
4,647,375,572,393
4,652,366,571,393
4,660,345,571,393
4,657,344,570,393
4,677,360,566,392
4,673,372,562,390
4,690,390,557,387
4,690,390,548,383
4,685,421,544,379
4,681,420,542,376
4,662,409,542,375
4,681,370,542,375
4,646,360,542,374
4,620,336,542,373
4,606,305,542,372
4,613,300,545,369
4,616,297,551,368
4,630,302,558,367
4,621,312,564,367
4,627,332,571,367
4,642,339,578,368
4,652,321,586,373
4,638,320,593,376
4,658,326,595,378
4,662,308,598,382
4,676,310,598,383
4,677,303,599,385
4,684,310,599,386
4,701,320,599,386
4,702,328,599,386
4,696,332,599,387
4,714,338,599,387
4,716,351,599,387
4,704,338,599,387
4,703,349,601,387
4,730,376,606,387
4,721,368,618,387
4,722,362,631,385
4,717,363,642,381
4,713,366,649,376
4,705,364,651,372
4,717,335,653,368
4,729,334,653,366
4,728,340,654,363
4,744,336,654,355
4,742,354,657,348
4,729,380,660,341
4,731,361,666,334
4,719,367,671,326
4,730,379,682,323
4,727,393,691,323
4,739,378,697,322
4,730,345,704,322
4,708,346,708,322
4,739,344,710,322
4,726,356,715,325
4,727,374,727,330
4,761,359,736,333
4,758,368,745,336
4,756,358,749,340
4,757,372,750,343
4,738,372,750,345
4,748,373,750,346
4,763,379,750,346
4,752,377,750,346
4,751,352,749,347
4,725,359,745,348
4,704,334,741,351
4,705,318,736,354
4,725,313,733,358
4,717,319,731,361
4,723,288,731,365
4,728,280,731,368
4,719,289,731,372
4,718,276,731,375
4,740,264,732,378
4,762,256,734,380
4,761,252,736,381
4,770,246,740,381
4,774,224,745,381
4,771,225,750,381
4,755,233,754,378
4,733,236,756,376
4,746,250,760,373
4,741,236,761,370
4,743,236,764,366
4,762,237,764,361
4,771,243,765,356
4,783,250,766,349
4,769,246,769,343
4,780,232,772,336
4,779,243,775,332
4,799,241,776,329
4,813,230,780,322
4,805,241,781,318
4,801,260,782,315
4,769,256,785,308
4,777,238,789,302
4,776,233,792,298
4,777,215,794,295
4,797,213,796,289
4,802,207,799,284
4,810,215,803,280
4,818,206,808,277
4,832,218,814,276
4,843,216,821,276
4,829,227,829,274
4,841,229,836,274
4,859,213,846,276
4,859,217,849,277
4,846,217,853,280
4,875,196,854,281
4,848,199,857,284
4,841,190,858,287
4,848,188,859,288
4,829,193,860,290
4,846,184,862,291
4,841,174,865,291
4,833,171,870,291
4,849,158,875,290
4,852,145,881,285
4,858,160,888,281
4,872,177,896,275
4,878,181,901,269
4,885,180,905,265
4,908,185,909,263
4,918,172,914,259
4,943,179,919,255
4,947,165,923,252
4,938,183,926,246
4,934,177,927,241
4,940,190,929,237
4,935,181,928,235
4,920,165,927,234
4,944,182,926,234
4,946,201,926,234
4,942,204,926,232
4,986,190,925,231
4,987,169,925,228
4,983,174,925,225
4,997,191,926,223
4,992,166,926,221
4,972,154,927,219
4,962,182,930,215
4,955,177,933,214
4,966,173,937,211
4,970,181,942,207
4,962,188,948,205
4,941,199,952,202
4,934,182,953,201
4,931,172,954,200
4,936,180,955,200
4,926,186,955,200
4,921,160,955,200
4,918,163,956,199
4,910,169,959,198
4,902,170,961,195
4,900,178,965,193
4,888,171,968,192
4,883,145,969,192
4,902,129,973,190
4,918,114,977,190
4,891,148,980,189
4,882,177,981,188
4,865,165,981,188
4,884,152,981,188
4,868,151,981,188
4,864,164,981,188
4,843,151,981,188
4,813,151,981,188
4,837,147,981,188
4,828,141,981,188
4,813,124,981,188
4,815,120,980,188
4,811,114,976,187
4,796,149,973,187
4,801,148,970,187
4,792,141,967,186
4,788,151,966,186
4,776,161,962,184
4,780,159,960,184
4,782,167,953,183
4,760,161,941,183
4,761,165,919,184
4,758,169,891,188
4,756,174,860,196
4,757,183,821,206
4,763,175,803,213
4,781,177,788,218
4,771,139,773,222
4,765,147,756,225
4,752,137,749,227
4,746,134,740,228
4,769,139,731,228
4,759,144,724,230
4,764,131,717,232
4,772,126,710,235
4,761,158,707,238
4,765,159,705,240
4,764,173,704,242
4,739,173,702,243
4,732,177,699,246
4,739,170,698,246
4,717,168,697,246
4,744,147,697,246
4,745,163,697,246
4,757,154,697,246
4,760,160,697,246
4,775,156,697,246
4,764,187,697,246
4,733,182,697,246
4,751,179,697,246
4,748,163,697,246
4,749,166,695,248
4,737,154,692,250
4,752,143,691,251
4,751,162,690,253
4,758,173,690,255
4,718,182,689,260
4,711,193,685,266
4,709,198,683,269
4,710,216,682,273
4,699,231,682,277
4,702,237,686,278
4,704,249,688,279
4,693,248,692,279
4,685,274,697,279
4,695,292,704,279
4,711,302,713,276
4,698,267,722,274
4,717,272,729,271
4,712,264,736,269
4,698,261,742,267
4,704,278,747,264
4,717,276,749,262
4,744,270,751,261
4,755,274,751,259
4,751,269,751,258
4,753,256,750,256
4,735,248,747,256
4,738,257,740,256
4,740,271,733,258
4,742,272,722,265
4,740,272,708,274
4,731,280,714,271
4,726,275,712,278
4,738,274,712,287
4,738,279,712,294
4,718,292,714,299
4,730,286,718,303
4,748,269,723,305
4,763,277,729,307
4,786,282,738,310
4,812,278,745,312
4,813,263,750,313
4,834,273,754,313
4,805,273,755,314
4,814,276,756,314
4,798,293,756,315
4,777,274,757,315
4,789,282,758,316
4,794,306,761,316
4,790,300,763,318
4,784,271,764,318
4,784,300,766,320
4,787,314,766,322
4,781,322,769,327
4,782,337,772,337
4,787,331,774,344
4,789,335,776,348
4,796,362,781,352
4,799,357,785,356
4,790,378,787,357
4,781,358,791,358
4,779,362,796,358
4,784,337,799,361
4,802,331,801,362
4,777,341,804,366
4,778,334,805,368
4,792,329,808,373
4,796,313,808,377
4,781,313,809,381
4,776,285,809,382
4,766,290,809,385
4,782,286,807,386
4,752,274,802,388
4,764,274,793,390
4,792,252,783,390
4,795,250,770,391
4,794,250,764,391
4,792,262,759,391
4,794,268,757,391
4,791,273,757,390
4,792,273,757,386
4,799,257,756,380
4,782,243,756,373
4,791,227,756,363
4,785,205,757,351
4,777,204,760,339
4,763,188,765,324
4,751,182,770,308
4,749,199,777,293
4,772,201,784,280
4,791,185,790,266
4,807,213,798,251
4,816,217,799,244
4,812,210,802,240
4,806,222,802,238
4,823,218,804,235
4,825,215,804,234
4,841,215,805,233
4,843,222,806,231
4,832,200,808,228
4,808,190,809,227
4,805,201,811,225
4,787,200,812,223
4,789,221,813,222
4,788,227,816,219
4,806,214,819,216
4,786,217,822,215
4,781,217,823,212
4,785,200,825,211
4,795,208,827,210
4,793,231,829,209
4,793,277,833,208
4,802,313,838,208
4,812,324,845,208
4,822,335,853,208
4,809,377,866,210
4,812,377,872,211
4,829,358,876,214
4,824,339,877,215
4,817,342,877,216
4,823,349,877,217
4,852,324,877,219
4,859,316,877,222
4,859,306,877,223
4,864,303,875,225
4,846,286,873,227
4,858,286,872,231
4,858,263,866,239
4,843,273,862,246
4,831,290,858,254
4,825,277,855,263
4,827,283,853,270
4,824,284,853,276
4,814,275,853,283
4,821,301,855,289
4,844,317,855,299
4,871,313,856,306
4,873,333,859,313
4,866,330,862,318
4,852,345,867,324
4,835,322,870,325
4,809,336,872,326
4,793,349,873,326
4,790,360,875,325
4,809,350,876,322
4,811,320,879,319
4,788,319,882,315
4,781,309,885,311
4,783,310,887,307
4,778,307,889,304
4,794,312,889,299
4,822,309,888,296
4,834,316,888,293
4,813,313,887,288
4,838,314,884,286
4,829,288,880,285
4,833,283,875,285
4,847,282,871,285
4,839,272,866,286
4,823,268,862,287
4,829,263,860,290
4,829,235,859,291
4,846,224,857,293
4,832,218,856,296
4,825,223,852,299
4,831,212,850,302
4,833,204,846,305
4,846,193,841,311
4,853,187,837,315
4,888,169,833,320
4,882,171,830,326
4,871,159,827,331
4,871,171,826,334
4,887,199,826,337
4,882,187,826,341
4,868,212,825,346
4,873,192,825,351
4,866,192,825,355
4,877,204,823,359
4,853,207,822,362
4,866,178,821,363
4,867,167,820,365
4,876,168,819,365
4,879,187,818,366
4,847,181,815,366
4,840,194,813,366
4,836,191,811,366
4,827,193,809,366
4,829,176,807,366
4,817,170,807,366
4,824,181,806,365
4,820,171,806,363
4,811,197,806,359
4,805,200,808,354
4,788,203,809,347
4,793,202,811,340
4,790,191,815,327
4,794,186,819,320
4,779,170,827,309
4,776,168,835,301
4,771,160,839,294
4,771,175,842,287
4,767,191,842,282
4,772,178,842,275
4,777,181,839,269
4,785,190,833,262
4,753,182,826,254
4,727,189,812,244
4,746,188,801,236
4,740,157,795,230
4,747,145,789,225
4,731,136,788,219
4,732,138,787,214
4,716,172,785,209
4,715,163,784,205
4,703,151,783,200
4,684,163,780,196
4,684,144,777,190
4,683,159,774,185
4,673,164,774,182
4,672,180,773,179
4,662,186,773,177
4,665,189,773,173
4,663,168,773,169
4,660,152,773,166
4,639,172,773,165
4,643,201,772,162
4,640,208,769,162
4,638,194,766,161
4,640,189,761,161
4,649,177,751,161
4,659,181,738,162
4,656,160,726,166
4,660,156,714,174
4,682,170,703,182
4,670,159,694,192
4,663,156,688,199
4,695,154,684,206
4,704,139,681,212
4,739,143,680,217
4,742,159,680,224
4,735,151,682,229
4,733,150,686,234
4,725,151,687,236
4,717,139,688,237
4,725,100,688,237
4,708,157,688,237
4,703,168,688,237
4,709,195,688,237
4,717,179,688,236
4,716,203,688,232
4,735,206,689,230
4,758,194,690,225
4,780,191,692,221
4,784,179,695,217
4,774,180,698,212
4,774,190,704,208
4,760,173,716,203
4,774,157,721,201
4,770,135,723,199
4,762,133,724,198
4,752,132,724,198
4,762,150,724,197
4,761,133,726,197
4,761,149,729,195
4,747,151,733,195
4,736,165,738,194
4,715,155,746,194
4,731,150,765,194
4,727,146,783,194
4,736,136,795,194
4,734,112,802,194
4,737,142,806,194
4,723,129,806,194
4,726,119,806,194
4,724,126,806,194
4,730,131,806,191
4,716,141,806,188
4,715,136,804,183
4,705,149,802,176
4,717,138,799,173
4,725,121,796,171
4,720,118,794,170
4,717,153,790,170
4,702,134,788,169
4,697,135,786,169
4,677,144,782,169
4,684,161,779,170
4,683,150,779,171
4,687,137,777,172
4,703,140,775,173
4,704,127,772,175
4,691,130,768,177
4,692,101,763,178
4,705,172,761,179
4,699,173,759,179
4,694,188,755,179
4,686,188,753,179
4,669,217,748,179
4,657,195,742,179
4,650,181,732,179
4,624,201,724,179
4,595,215,709,180
4,612,239,699,181
4,606,227,692,181
4,619,212,690,182
4,622,225,687,182
4,655,198,687,182
4,661,194,686,182
4,676,194,686,182
4,700,208,685,182
4,694,195,684,182
4,692,180,683,181
4,671,187,683,181
4,664,181,683,181
4,675,164,682,181
4,680,144,678,180
4,722,149,674,180
4,717,160,668,180
4,708,163,663,181
4,700,183,659,184
4,692,193,656,186
4,688,179,651,196
4,684,173,645,205
4,672,156,641,216
4,677,166,638,220
4,670,153,633,230
4,672,137,632,231
4,671,154,632,231
4,684,159,632,231
4,707,139,634,230
4,702,105,641,228
4,707,156,651,225
4,700,168,662,221
4,701,168,673,216
4,701,143,682,211
4,675,143,685,209
4,638,151,689,205
4,649,151,693,203
4,646,157,700,198
4,652,148,704,196
4,640,171,711,191
4,632,184,712,188
4,640,185,713,187
4,641,198,713,186
4,653,212,712,185
4,654,209,711,184
4,674,217,709,182
4,669,211,708,182
4,677,214,708,181
4,664,213,706,178
4,694,207,704,177
4,674,211,700,176
4,695,235,697,175
4,709,239,695,173
4,720,216,692,173
4,701,196,688,173
4,713,174,679,173
4,709,176,671,173
4,712,160,662,175
4,711,136,657,178
4,702,169,649,184
4,690,172,647,188
4,669,183,646,195
4,681,168,647,199
4,722,161,653,205
4,716,144,660,209
4,715,139,667,212
4,730,136,674,213
4,740,135,681,213
4,732,136,685,209
4,753,140,689,206
4,756,131,690,203
4,752,110,690,200
4,749,164,690,198
4,757,150,690,195
4,781,148,691,192
4,810,132,691,189
4,798,114,691,187
4,800,128,691,187
4,804,123,691,186
4,818,153,691,186
4,855,115,691,186
4,840,156,691,186
4,846,155,691,186
4,847,167,692,186
4,834,158,697,184
4,828,166,706,184
4,829,161,718,184
4,830,175,735,181
4,839,181,749,179
4,813,173,756,178
4,819,172,760,178
4,809,182,763,177
4,813,176,767,177
4,834,182,770,174
4,829,186,775,173
4,831,184,781,172
4,835,199,786,170
4,836,193,790,169
4,829,176,798,169
4,803,166,810,169
4,805,152,822,169
4,799,176,831,169
4,801,177,832,169
4,789,176,832,169
4,765,177,832,169
4,766,167,832,169
4,750,165,832,171
4,743,161,832,175
4,731,157,832,179
4,751,134,833,190
4,748,141,835,197
4,759,151,836,202
4,764,151,837,205
4,782,162,837,206
4,788,159,837,206
4,778,170,837,207
4,794,173,836,208
4,807,201,832,209
4,778,183,827,209
4,787,157,815,209
4,794,154,793,206
4,824,145,769,204
4,821,147,746,198
4,804,151,732,195
4,819,150,724,191
4,810,158,723,189
4,814,166,724,187
4,805,175,728,185
4,819,182,740,181
4,803,190,749,176
4,799,192,757,173
4,804,187,763,170
4,823,174,765,169
4,822,166,766,169
4,822,190,767,168
4,841,200,770,167
4,846,225,777,166
4,866,220,791,166
4,888,222,797,166
4,879,218,807,164
4,849,207,808,164
4,852,218,808,164
4,854,224,808,164
4,874,223,808,164
4,850,219,806,166
4,819,213,803,169
4,782,215,800,172
4,772,202,794,177
4,762,197,787,183
4,785,225,776,189
4,756,212,769,196
4,746,224,764,203
4,775,229,764,207
4,779,216,769,210
4,802,215,776,213
4,802,240,791,215
4,799,242,805,215
4,792,230,815,215
4,817,248,824,215
4,821,245,827,214
4,812,225,827,213
4,842,246,827,212
4,864,251,827,209
4,843,224,827,209
4,853,210,827,209
4,840,191,828,208
4,861,190,828,206
4,868,197,825,204
4,840,182,821,200
4,828,167,817,199
4,806,164,812,196
4,781,154,809,196
4,786,150,809,196
4,788,140,809,196
4,799,142,809,196
4,802,138,809,196
4,825,129,811,198
4,864,126,816,202
4,857,133,831,205
4,859,143,856,214
4,882,142,866,218
4,868,150,875,228
4,857,180,880,233
4,855,192,882,240
4,886,184,885,243
4,861,192,886,245
4,898,192,887,247
4,871,148,887,251
4,860,150,887,256
4,861,146,884,267
4,839,170,879,279
4,840,159,876,288
4,854,171,875,295
4,855,171,875,302
4,855,174,875,303
4,859,160,875,303
4,856,204,875,303
4,834,199,875,300
4,836,216,875,293
4,838,223,875,283
4,867,223,876,273
4,875,209,881,262
4,880,224,882,255
4,891,218,884,248
4,907,233,885,243
4,909,252,887,234
4,893,252,887,227
4,891,251,886,220
4,868,256,886,215
4,875,262,885,211
4,848,260,885,205
4,838,232,885,203
4,835,214,884,201
4,849,234,884,199
4,853,222,883,197
4,852,222,883,195
4,871,226,883,194
4,864,220,881,194
4,858,236,881,194
4,855,220,881,194
4,832,224,882,197
4,830,221,882,200
4,831,219,881,205
4,805,221,877,216
4,789,213,870,227
4,807,214,867,236
4,821,213,863,241
4,807,220,862,245
4,829,211,860,247
4,810,200,860,250
4,823,180,860,251
4,819,176,860,252
4,821,193,860,253
4,814,176,860,254
4,815,190,860,257
4,796,177,859,258
4,802,170,858,259
4,821,177,856,260
4,810,178,853,260
4,806,193,846,261
4,821,197,834,261
4,813,201,817,263
4,826,181,809,263
4,847,188,803,261
4,832,194,802,260
4,840,211,801,259
4,861,196,801,259
4,866,208,801,259
4,880,214,801,259
4,886,220,801,259
4,903,224,801,259
4,903,241,801,259
4,913,252,801,259
4,928,236,802,257
4,938,241,807,255
4,944,234,813,254
4,954,217,820,253
4,956,243,828,250
4,959,238,835,248
4,980,228,840,248
4,964,223,844,248
4,959,204,845,248
4,929,209,850,251
4,910,210,856,253
4,908,231,864,259
4,896,228,872,264
4,904,247,879,270
4,889,253,888,274
4,872,242,895,277
4,887,241,907,278
4,878,235,918,278
4,894,232,927,277
4,903,224,935,274
4,926,232,942,267
4,934,218,943,266
4,937,237,945,260
4,926,230,946,247
4,928,244,946,239
4,965,254,944,228
4,975,270,941,218
4,941,268,940,209
4,940,232,938,204
4,936,200,938,199
4,960,199,939,197
4,970,219,939,193
4,967,239,940,192
4,935,231,940,191
4,933,240,940,190
4,927,236,938,190
4,928,224,938,190
4,921,231,938,188
4,924,232,938,188
4,896,219,938,190
4,904,233,939,195
4,865,249,942,202
4,877,273,944,209
4,889,247,947,214
4,885,255,948,218
4,904,265,951,224
4,902,268,952,229
4,897,248,954,234
4,932,265,954,238
4,927,246,955,245
4,910,269,955,250
4,920,252,955,253
4,932,235,955,255
4,943,242,955,258
4,955,260,949,260
4,960,262,942,260
4,980,261,933,261
4,996,259,926,264
4,958,236,923,265
4,948,272,920,268
4,941,254,920,268
4,931,234,920,269
4,932,219,920,270
4,930,223,920,271
4,895,209,921,271
4,883,226,923,272
4,866,238,926,272
4,878,266,931,272
4,866,247,943,270
4,849,244,949,270
4,849,252,956,270
4,855,245,961,270
4,848,256,968,269
4,867,254,974,268
4,857,234,981,266
4,856,240,986,265
4,856,227,990,262
4,852,225,991,261
4,874,223,991,260
4,873,243,991,258
4,850,233,987,257
4,845,202,977,253
4,863,173,971,253
4,874,174,961,251
4,888,180,926,254
4,895,171,906,258
4,891,171,897,261
4,881,198,894,263
4,866,193,894,263
4,860,180,894,264
4,889,172,894,266
4,876,170,895,266
4,898,185,896,268
4,915,197,898,268
4,907,205,903,268
4,885,208,912,268
4,891,222,920,267
4,898,227,928,263
4,894,216,929,259
4,901,229,930,256
4,888,231,930,252
4,893,246,930,249
4,887,252,930,245
4,874,245,930,241
4,853,254,930,234
4,839,242,930,229
4,840,251,930,223
4,840,233,930,220
4,854,236,931,219
4,852,236,931,219
4,892,246,932,219
4,882,253,936,219
4,859,250,939,220
4,840,284,945,222
4,839,286,950,223
4,851,290,956,223
4,863,325,958,224
4,867,317,960,227
4,877,318,961,229
4,864,320,959,234
4,875,335,955,238
4,879,310,950,242
4,872,309,943,245
4,893,303,934,251
4,898,300,930,252
4,885,297,927,256
4,885,299,926,257
4,891,306,926,258
4,892,297,926,259
4,921,298,926,262
4,942,316,926,265
4,929,319,926,270
4,948,317,928,279
4,934,328,934,290
4,937,307,943,303
4,939,296,951,311
4,943,290,955,318
4,953,287,957,325
4,978,265,958,332
4,972,252,958,336
4,984,257,958,338
4,1003,255,958,338
4,1001,257,958,338
4,1012,244,958,338
4,1013,244,958,338
4,1017,254,958,338
4,1016,249,958,338
4,1015,272,960,337
4,1005,277,964,335
4,991,272,967,333
4,1002,284,972,328
4,986,314,977,323
4,975,300,979,319
4,966,309,983,313
4,968,337,985,310
4,976,339,996,300
4,964,368,1003,292
4,967,379,1009,283
4,968,393,1013,278
4,971,382,1016,272
4,977,400,1018,271
4,968,369,1018,270
4,941,336,1018,270
4,939,319,1020,270
4,955,300,1020,275
4,958,291,1019,280
4,938,313,1018,293
4,940,317,1018,301
4,938,317,1016,312
4,951,342,1016,319
4,964,328,1016,326
4,966,321,1016,331
4,968,299,1018,336
4,962,307,1018,339
4,977,305,1020,342
4,978,319,1025,347
4,950,336,1026,348
4,936,306,1031,351
4,961,305,1035,355
4,964,326,1036,357
4,976,296,1039,358
4,966,291,1040,358
4,964,294,1040,359
4,959,307,1040,359
4,965,287,1040,359
4,974,291,1040,359
4,982,294,1040,360
4,1002,280,1040,360
4,991,284,1040,361
4,996,252,1040,361
4,1003,248,1040,362
4,1013,249,1040,362
4,1011,257,1038,362
4,1024,237,1036,362
4,1029,244,1030,364
4,1009,233,1021,367
4,1009,232,1015,369
4,1023,223,1013,372
4,994,221,1012,374
4,990,216,1012,376
4,975,227,1012,376
4,982,214,1013,376
4,995,201,1015,376
4,992,198,1018,376
4,988,188,1023,374
4,1002,175,1029,370
4,989,170,1033,368
4,1013,187,1035,364
4,1019,176,1035,358
4,1014,176,1035,353
4,1033,174,1035,344
4,1009,169,1034,328
4,1009,181,1031,313
4,1023,174,1026,293
4,1030,163,1019,275
4,1008,163,1005,251
4,1024,162,989,229
4,1047,190,978,210
4,1036,219,969,195
4,1054,219,963,179
4,1071,223,960,168
4,1048,229,959,160
4,1054,235,957,156
4,1067,216,957,151
4,1064,218,957,149
4,1049,191,959,145
4,1035,171,960,143
4,1036,167,962,141
4,1024,199,962,141
4,981,196,965,141
4,967,185,983,143
4,964,196,1000,144
4,985,165,1013,148
4,992,180,1026,154
4,987,174,1032,163
4,978,164,1038,174
4,957,141,1040,184
4,959,155,1040,191
4,951,152,1038,198
4,935,145,1037,205
4,926,137,1034,212
4,942,153,1033,218
4,936,154,1031,224
4,933,125,1030,226
4,923,150,1029,228
4,929,156,1027,229
4,925,162,1022,229
4,925,173,1015,229
4,925,178,1011,229
4,917,158,1006,228
4,924,167,1001,226
4,902,166,993,220
4,885,170,986,214
4,887,163,974,204
4,912,169,956,192
4,890,161,913,172
4,885,165,892,164
4,891,172,877,161
4,907,156,872,160
4,929,173,870,159
4,934,149,870,159
4,928,126,870,159
4,921,119,870,159
4,929,149,870,159
4,948,147,871,159
4,968,160,874,162
4,967,156,878,164
4,967,193,879,166
4,945,204,879,169
4,949,207,879,172
4,943,216,876,176
4,963,210,875,180
4,980,204,874,183
4,989,197,873,190
4,989,209,873,197
4,984,204,873,204
4,995,196,879,208
4,973,177,890,211
4,979,177,900,212
4,977,192,919,212
4,980,214,933,212
4,975,221,946,209
4,983,207,954,206
4,941,204,957,206
4,955,178,960,206
4,941,182,964,206
4,922,198,972,209
4,946,183,980,210
4,956,191,989,210
4,953,171,993,210
4,950,185,993,210
4,936,187,993,210
4,942,165,994,210
4,920,180,994,208
4,928,173,995,205
4,912,174,995,205
4,934,183,995,205
4,923,174,995,205
4,919,158,995,205
4,905,143,991,205
4,888,157,986,206
4,880,146,979,206
4,894,169,970,206
4,885,168,963,206
4,876,165,958,206
4,857,172,956,206
4,852,184,955,206
4,835,172,954,206
4,838,166,954,206
4,827,155,954,206
4,840,145,951,206
4,858,156,949,206
4,853,157,944,206
4,839,163,939,204
4,831,173,930,200
4,831,204,919,195
4,824,200,903,187
4,802,180,883,179
4,793,161,865,176
4,778,168,849,174
4,777,168,845,174
4,777,198,845,174
4,806,228,845,174
4,789,232,845,174
4,773,222,845,174
4,756,236,845,174
4,774,229,845,174
4,763,225,845,174
4,754,234,845,174
4,752,236,845,174
4,763,232,845,174
4,776,207,844,174
4,783,196,841,174
4,770,208,834,175
4,765,217,825,176
4,758,203,816,179
4,774,237,807,182
4,774,227,799,187
4,772,230,795,190
4,788,247,791,195
4,828,268,787,201
4,841,259,783,205
4,833,264,779,210
4,818,258,776,216
4,830,262,774,219
4,809,262,772,223
4,818,256,768,227
4,825,241,762,232
4,841,237,759,235
4,836,241,755,237
4,856,249,750,237
4,873,240,743,239
4,881,240,734,240
4,869,246,727,241
4,869,238,725,243
4,884,256,725,244
4,873,251,728,245
4,880,251,736,246
4,886,244,747,246
4,865,235,759,246
4,894,217,767,246
4,900,211,777,246
4,885,207,786,246
4,872,201,795,246
4,863,218,800,244
4,880,216,805,243
4,876,210,809,241
4,895,216,817,238
4,886,233,830,235
4,882,231,850,227
4,866,233,886,221
4,855,216,908,217
4,862,201,920,216
4,861,193,925,216
4,866,179,926,216
4,871,174,925,218
4,880,158,923,219
4,892,151,922,220
4,882,138,922,221
4,888,133,922,224
4,897,126,919,227
4,914,144,910,232
4,913,140,902,236
4,907,140,897,239
4,903,140,893,240
4,893,159,891,242
4,904,171,887,246
4,903,159,885,248
4,927,171,881,252
4,944,170,878,253
4,968,190,877,253
4,970,197,877,253
4,990,196,877,253
4,1024,200,877,253
4,1013,227,879,253
4,999,220,883,252
4,1014,227,885,251
4,1015,214,886,247
4,1021,231,888,244
4,1017,236,889,238
4,1017,251,893,231
4,1010,258,898,224
4,1010,274,905,220
4,997,272,912,215
4,1000,295,919,215
4,994,298,929,215
4,979,289,940,217
4,979,300,947,222
4,975,295,953,229
4,989,299,956,236
4,985,298,957,243
4,984,292,963,247
4,975,267,970,253
4,970,232,976,257
4,985,243,980,263
4,978,249,982,265
4,985,253,982,267
4,1003,242,983,271
4,984,234,984,273
4,988,222,984,276
4,998,228,985,277
4,965,236,985,279
4,950,249,985,280
4,928,245,985,282
4,933,245,985,285
4,962,273,983,291
4,970,275,980,296
4,957,265,978,300
4,946,263,976,305
4,951,263,976,309
4,952,284,976,311
4,927,274,976,315
4,922,292,976,317
4,912,287,976,319
4,905,285,976,322
4,925,277,974,323
4,906,288,973,323
4,915,304,971,324
4,915,275,970,324
4,918,257,967,324
4,936,263,966,324
4,935,235,965,321
4,938,232,961,319
4,946,254,959,317
4,938,249,953,313
4,966,245,952,312
4,985,262,950,311
4,980,233,948,310
4,1011,229,946,310
4,1017,236,944,310
4,1021,248,943,311
4,1050,268,941,312
4,1074,256,939,313
4,1117,292,936,313
4,1121,303,934,314
4,1112,280,931,316
4,1103,261,931,318
4,1087,258,931,318
4,1071,274,931,318
4,1066,280,931,318
4,1072,296,934,318
4,1063,304,942,318
4,1053,289,950,317
4,1072,286,965,312
4,1082,289,983,309
4,1081,309,1003,305
4,1085,304,1017,304
4,1078,284,1024,302
4,1060,308,1027,301
4,1075,321,1027,301
4,1079,305,1027,299
4,1083,293,1027,297
4,1076,285,1028,295
4,1049,305,1029,294
4,1037,300,1030,294
4,1010,289,1032,294
4,1016,306,1036,300
4,1019,285,1042,309
4,1026,290,1049,320
4,1026,300,1057,331
4,1034,295,1065,342
4,1029,301,1070,346
4,1028,302,1073,349
4,1030,325,1075,351
4,1003,319,1076,351
4,983,314,1079,351
4,984,329,1081,352
4,990,303,1083,352
4,960,284,1085,352
4,954,258,1088,352
4,948,254,1090,352
4,925,264,1091,352
4,924,291,1095,352
4,909,298,1098,354
4,907,289,1102,354
4,918,283,1107,354
4,900,290,1110,354
4,895,295,1114,354
4,910,294,1115,353
4,895,305,1115,353
4,861,310,1115,352
4,878,300,1114,350
4,891,286,1108,349
4,911,296,1100,347
4,928,291,1089,346
4,914,279,1073,346
4,913,295,1046,346
4,883,308,1019,346
4,889,328,993,346
4,901,312,976,346
4,890,311,962,346
4,893,286,951,344
4,887,317,943,343
4,890,311,936,342
4,859,319,929,342
4,854,335,919,342
4,868,345,912,342
4,863,370,908,342
4,876,351,905,340
4,851,333,902,338
4,846,353,902,338
4,831,349,901,335
4,842,351,900,332
4,837,363,899,328
4,831,354,899,325
4,840,361,899,324
4,844,343,899,323
4,833,347,903,321
4,848,349,909,319
4,839,356,910,319
4,810,338,910,319
4,792,338,910,320
4,837,324,909,325
4,819,335,905,331
4,789,349,899,340
4,799,356,896,349
4,792,351,894,355
4,801,351,894,359
4,804,332,894,361
4,794,327,894,364
4,784,366,892,366
4,774,344,890,370
4,751,339,887,372
4,768,333,886,373
4,783,342,885,374
4,783,340,882,377
4,754,350,874,379
4,773,354,869,379
4,776,364,867,379
4,799,375,864,379
4,790,392,862,379
4,777,394,860,378
4,760,405,856,378
4,756,418,850,376
4,753,419,844,377
4,745,425,839,377
4,729,412,832,377
4,718,401,824,377
4,731,397,814,377
4,749,426,803,377
4,758,424,795,377
4,777,413,783,377
4,769,463,772,377
4,784,451,765,377
4,795,470,762,377
4,780,459,759,380
4,786,447,757,383
4,779,450,754,388
4,773,434,750,395
4,771,443,746,402
4,770,441,741,408
4,780,433,736,415
4,797,421,730,420
4,803,435,727,425
4,787,431,726,432
4,792,444,726,439
4,781,444,726,447
4,779,424,729,451
4,823,391,735,457
4,827,378,742,460
4,807,401,747,464
4,801,387,753,466
4,811,397,758,468
4,811,422,767,470
4,816,435,775,470
4,840,433,784,471
4,826,452,793,473
4,836,449,798,474
4,853,471,803,474
4,857,457,808,475
4,870,466,813,477
4,848,463,817,477
4,848,455,822,477
4,858,482,824,477
4,850,490,825,474
4,867,491,825,472
4,858,490,826,468
4,877,485,826,465
4,891,473,826,461
4,876,459,826,459
4,883,436,828,454
4,874,434,828,452
4,886,406,828,452
4,882,407,828,452
4,898,414,828,452
4,893,406,828,452
4,873,388,830,455
4,862,414,839,462
4,870,386,854,471
4,867,401,865,474
4,860,417,882,479
4,853,426,894,482
4,885,423,903,482
4,909,431,906,482
4,916,428,909,482
4,909,457,911,482
4,919,449,914,482
4,919,465,920,479
4,890,467,925,476
4,864,463,932,472
4,862,467,935,469
4,876,485,938,466
4,840,497,940,464
4,840,487,940,464
4,850,506,942,463
4,857,538,942,463
4,847,555,944,462
4,850,551,946,462
4,864,532,949,462
4,877,521,951,461
4,892,518,956,461
4,896,531,962,462
4,878,533,964,466
4,863,520,967,469
4,866,521,967,472
4,847,514,967,476
4,832,536,966,480
4,809,547,962,482
4,825,543,958,484
4,832,553,949,490
4,820,552,940,493
4,821,547,932,498
4,820,542,929,500
4,825,546,928,501
4,826,513,928,504
4,830,523,928,506
4,823,535,928,510
4,858,521,928,515
4,841,499,928,518
4,862,509,928,522
4,858,504,928,525
4,891,518,927,530
4,892,538,925,538
4,894,553,923,546
4,878,546,920,557
4,867,556,920,562
4,872,535,920,567
4,867,529,920,570
4,876,521,920,571
4,899,557,920,573
4,913,554,920,574
4,917,551,920,575
4,937,530,920,575
4,900,530,920,576
4,918,524,920,576
4,919,539,920,576
4,912,549,920,576
4,925,556,920,576
4,917,556,920,576
4,914,538,921,576
4,909,526,921,576
4,906,512,924,574
4,899,519,926,572
4,869,541,927,569
4,885,573,931,566
4,885,574,933,564
4,889,582,936,560
4,889,611,938,558
4,877,609,942,554
4,852,624,947,550
4,840,635,952,547
4,810,633,958,544
4,800,621,962,544
4,807,613,967,545
4,865,601,972,546
4,851,596,983,549
4,848,577,992,549
4,858,590,996,550
4,841,535,997,550
4,805,535,998,550
4,782,542,998,550
4,778,550,998,550
4,809,552,994,554
4,807,550,981,558
4,790,559,950,567
4,816,551,920,575
4,824,562,902,578
4,831,552,890,578
4,831,537,887,578
4,852,550,880,578
4,886,523,869,578
4,880,536,862,580
4,874,551,859,580
4,897,546,855,582
4,888,548,854,582
4,888,550,854,582
4,890,564,853,583
4,883,566,851,583
4,870,588,848,583
4,866,598,845,583
4,887,604,843,584
4,888,584,841,584
4,886,581,840,586
4,887,582,839,587
4,894,586,837,589
4,887,593,836,590
4,869,586,835,592
4,848,588,835,595
4,846,597,835,596
4,828,593,837,596
4,805,588,843,597
4,832,600,850,597
4,829,593,857,596
4,804,588,866,596
4,787,586,872,596
4,783,608,878,596
4,784,611,879,596
4,805,606,879,596
4,789,628,879,596
4,760,635,879,597
4,748,634,880,598
4,735,632,882,598
4,741,614,885,599
4,736,631,885,599
4,750,627,888,600
4,739,641,888,600
4,754,609,889,601
4,768,611,890,601
4,757,605,890,602
4,744,623,890,603
4,738,639,890,605
4,714,650,890,606
4,700,654,889,607
4,711,646,884,607
4,718,669,869,605
4,697,665,839,605
4,709,655,810,605
4,712,628,800,605
4,724,628,796,605
4,703,659,796,605
4,727,675,796,605
4,730,675,796,606
4,708,662,796,607
4,695,667,796,607
4,700,656,796,608
4,707,654,796,609
4,705,662,796,613
4,696,657,796,616
4,683,682,796,619
4,713,665,796,621
4,715,662,796,625
4,690,690,795,628
4,700,700,794,632
4,710,710,791,636
4,719,707,791,638
4,732,721,790,639
4,739,725,790,639
4,746,707,789,641
4,731,705,789,644
4,723,702,787,645
4,712,721,787,646
4,715,715,787,648
4,694,700,786,649
4,695,696,785,652
4,705,697,783,655
4,684,704,780,659
4,669,745,777,663
4,686,737,774,668
4,693,747,773,672
4,671,736,773,673
4,702,699,773,675
4,695,690,774,679
4,704,722,778,684
4,702,749,787,694
4,717,742,793,701
4,737,735,799,710
4,760,732,804,717
4,762,738,804,724
4,764,749,804,731
4,758,721,802,736
4,755,716,801,740
4,770,717,801,741
4,777,709,801,741
4,771,711,801,741
4,770,696,801,741
4,750,703,801,741
4,715,696,801,741
4,711,696,801,741
4,694,720,801,741
4,701,722,800,741
4,671,725,800,741
4,661,685,797,742
4,653,699,797,742
4,655,709,797,742
4,662,699,797,742
4,668,701,797,742
4,667,697,797,742
4,691,699,797,740
4,686,693,797,738
4,674,688,798,735
4,682,696,798,733
4,695,678,799,732
4,658,674,799,731
4,674,670,799,729
4,663,682,799,727
4,630,683,799,726
4,615,689,795,724
4,626,685,774,718
4,647,651,754,716
4,644,638,744,714
4,637,647,737,714
4,645,678,733,714
4,633,669,731,716
4,617,688,728,717
4,619,701,726,719
4,598,715,724,719
4,634,730,720,719
4,601,759,715,719
4,595,781,702,716
4,590,789,693,713
4,603,778,683,710
4,606,795,676,709
4,601,774,673,707
4,616,788,672,706
4,571,790,672,704
4,578,787,672,703
4,586,795,672,702
4,588,778,672,699
4,600,792,672,697
4,581,801,672,696
4,575,797,672,696
4,580,820,671,696
4,571,821,668,695
4,555,826,665,695
4,563,822,659,697
4,544,834,657,699
4,559,837,656,705
4,566,835,656,712
4,575,829,656,717
4,581,824,656,724
4,587,804,657,728
4,577,812,660,729
4,551,830,662,729
4,518,856,662,730
4,542,863,662,730
4,578,876,662,731
4,579,884,662,735
4,586,893,665,739
4,572,900,667,745
4,560,920,668,746
4,568,899,668,748
4,581,889,670,753
4,577,903,671,757
4,574,920,671,762
4,564,922,671,769
4,564,932,670,781
4,563,931,667,802
4,582,935,665,837
4,580,920,663,859
4,572,949,666,864
4,570,957,676,866
4,575,939,685,861
4,573,941,690,854
4,564,946,691,848
4,593,941,691,846
4,610,945,691,845
4,610,950,691,845
4,602,939,690,845
4,619,943,690,845
4,622,954,690,846
4,624,942,690,846
4,658,967,690,846
4,655,930,690,846
4,653,921,690,846
4,668,929,690,846
4,666,941,689,846
4,671,948,689,846
4,684,927,687,847
4,688,923,686,847
4,711,927,685,849
4,740,950,685,850
4,765,960,684,851
4,763,937,684,852
4,746,947,684,853
4,751,940,684,853
4,760,948,686,854
4,780,924,688,854
4,775,921,688,855
4,759,924,688,858
4,759,929,690,865
4,758,938,696,876
4,782,916,706,888
4,788,905,717,901
4,751,891,730,923
4,773,881,743,942
4,781,894,763,964
4,757,905,784,974
4,770,905,812,978
4,770,907,839,978
4,757,912,864,971
4,754,909,875,966
4,745,887,882,962
4,743,905,886,959
4,725,916,886,959
4,710,918,886,959
4,703,909,886,959
4,680,896,887,959
4,689,876,888,959
4,686,903,889,958
4,701,909,891,958
4,708,911,897,957
4,696,916,907,955
4,690,927,926,954
4,676,934,939,951
4,681,930,948,948
4,693,902,949,948
4,701,888,949,947
4,671,901,943,944
4,655,894,919,936
4,646,900,889,934
4,657,911,862,932
4,668,894,840,929
4,670,898,825,925
4,662,874,813,918
4,656,849,802,913
4,654,842,795,911
4,637,848,788,909
4,608,859,783,911
4,609,838,779,914
4,625,832,773,919
4,625,829,766,925
4,624,854,757,929
4,617,860,744,936
4,617,869,729,941
4,632,858,705,941
4,655,860,686,941
4,643,845,666,943
4,655,836,649,944
4,666,850,636,947
4,682,863,627,950
4,681,869,620,952
4,661,852,615,952
4,660,848,608,952
4,637,860,598,951
4,654,884,591,951
4,616,868,588,950
4,613,866,588,948
4,623,865,589,944
4,618,861,593,940
4,621,834,600,932
4,632,819,609,925
4,652,791,619,918
4,649,783,626,914
4,640,752,633,911
4,650,752,640,908
4,652,748,644,908
4,620,743,647,908
4,621,765,650,908
4,625,741,652,908
4,623,761,656,907
4,597,766,664,907
4,626,744,678,906
4,640,752,695,903
4,630,754,702,900
4,623,766,704,899
4,633,775,704,896
4,622,772,704,893
4,640,753,704,889
4,630,743,701,884
4,626,734,700,877
4,643,703,696,868
4,628,705,689,853
4,651,710,678,834
4,643,733,664,812
4,631,739,653,794
4,630,753,642,775
4,620,738,637,755
4,613,729,633,736
4,640,739,632,720
4,618,747,632,708
4,615,726,634,697
4,607,732,641,684
4,618,754,643,679
4,593,762,651,668
4,593,778,657,659
4,595,785,662,653
4,616,788,663,650
4,620,780,664,647
4,603,781,667,643
4,585,802,669,639
4,580,809,672,634
4,604,816,673,630
4,593,825,674,628
4,562,835,674,625
4,581,843,674,622
4,593,855,674,620
4,577,867,674,618
4,566,879,674,618
4,573,882,674,617
4,553,879,674,617
4,558,859,674,617
4,577,890,670,622
4,563,890,665,637
4,559,887,654,654
4,552,932,651,663
4,575,926,643,683
4,560,932,638,701
4,556,924,634,716
4,530,924,633,728
4,567,941,633,737
4,563,959,631,744
4,553,940,629,755
4,536,933,629,763
4,547,930,626,774
4,542,900,623,785
4,566,893,618,794
4,570,883,615,801
4,582,885,611,808
4,584,891,608,815
4,597,886,604,824
4,601,883,601,833
4,611,885,599,840
4,598,882,597,845
4,599,898,596,847
4,599,883,593,849
4,598,868,591,850
4,603,823,587,850
4,603,795,584,850
4,607,806,583,849
4,610,781,580,846
4,595,770,580,843
4,603,770,579,839
4,590,767,578,834
4,572,782,578,823
4,586,802,581,814
4,575,804,585,810
4,569,837,590,808
4,576,842,594,806
4,608,821,597,805
4,588,834,598,804
4,595,854,598,804
4,588,847,598,804
4,574,849,598,804
4,616,869,598,804
4,616,887,598,804
4,609,901,598,804
4,622,917,598,804
4,613,901,598,804
4,617,900,598,804
4,620,911,598,804
4,629,906,598,804
4,637,872,598,804
4,623,844,598,804
4,596,817,598,804
4,580,821,598,804
4,595,811,598,807
4,597,830,597,815
4,609,830,597,824
4,628,823,597,834
4,643,786,601,846
4,638,792,607,853
4,633,803,611,859
4,643,785,618,863
4,653,772,622,865
4,629,782,623,865
4,636,788,624,865
4,651,789,624,865
4,661,779,625,865
4,655,788,627,865
4,677,793,629,865
4,690,815,632,863
4,691,812,635,860
4,699,811,637,857
4,695,808,638,855
4,696,822,639,852
4,684,794,641,851
4,651,790,642,849
4,659,781,642,847
4,668,795,642,842
4,662,800,643,840
4,664,807,643,837
4,672,771,644,836
4,655,766,645,836
4,673,752,647,836
4,706,749,652,837
4,695,758,660,842
4,703,758,671,850
4,716,759,683,860
4,699,770,694,868
4,700,780,701,872
4,694,785,704,874
4,703,781,704,875
4,713,796,704,875
4,723,795,704,875
4,733,784,704,875
4,735,794,704,875
4,761,778,704,875
4,747,769,703,875
4,745,773,703,875
4,754,782,703,875
4,722,786,702,875
4,699,788,699,876
4,672,784,698,877
4,683,764,697,878
4,693,777,695,879
4,714,769,694,881
4,732,752,694,881
4,754,752,694,881
4,753,735,694,881
4,755,729,694,881
4,750,759,694,879
4,747,782,695,874
4,753,760,700,869
4,771,762,708,863
4,780,759,717,857
4,775,772,722,854
4,793,771,724,853
4,804,804,724,853
4,775,787,724,853
4,791,780,726,853
4,792,760,729,854
4,781,762,731,856
4,766,746,734,856
4,777,765,735,856
4,782,752,736,856
4,774,754,739,854
4,752,762,745,849
4,733,758,751,843
4,744,764,753,839
4,743,754,756,834
4,771,773,760,830
4,773,778,762,829
4,772,778,766,828
4,780,752,769,828
4,779,749,776,828
4,789,750,783,830
4,777,764,788,833
4,797,770,796,835
4,796,775,797,838
4,816,771,798,839
4,779,767,799,840
4,802,764,799,840
4,805,758,799,840
4,814,776,797,842
4,780,762,793,846
4,788,788,792,848
4,796,809,789,849
4,802,823,787,852
4,802,814,786,852
4,800,812,785,853
4,785,837,781,854
4,774,850,779,856
4,761,855,778,856
4,773,851,775,858
4,770,862,774,858
4,747,872,772,859
4,729,898,767,861
4,726,914,760,863
4,720,935,754,864
4,739,924,749,865
4,713,945,749,865
4,714,948,749,867
4,748,958,749,867
4,782,983,749,866
4,785,920,749,864
4,776,923,752,860
4,759,914,754,857
4,764,937,755,853
4,779,950,755,851
4,797,954,755,848
4,779,937,754,846
4,774,934,752,844
4,759,956,750,842
4,786,949,747,840
4,786,952,743,841
4,786,948,737,844
4,811,933,730,849
4,799,946,724,857
4,763,938,721,866
4,783,932,721,871
4,782,926,727,878
4,793,905,737,886
4,787,916,750,892
4,794,910,762,896
4,804,910,769,897
4,805,919,774,897
4,786,932,778,897
4,783,941,781,897
4,791,951,784,897
4,764,942,785,896
4,777,944,787,895
4,762,954,787,893
4,759,973,788,892
4,756,928,789,891
4,768,942,792,889
4,758,948,793,887
4,746,942,795,883
4,763,923,795,881
4,759,944,795,880
4,755,916,795,877
4,760,918,796,875
4,744,912,797,873
4,738,905,799,871
4,721,897,801,868
4,706,896,801,868
4,728,898,801,867
4,733,901,801,866
4,735,908,801,865
4,746,902,801,864
4,742,923,802,864
4,758,898,803,863
4,783,889,805,861
4,758,886,809,861
4,753,883,814,860
4,746,875,818,860
4,737,839,820,863
4,749,847,821,865
4,751,851,822,869
4,748,857,822,871
4,747,853,822,873
4,754,855,820,877
4,762,853,817,877
4,766,841,808,880
4,779,828,803,881
4,792,842,795,884
4,792,826,791,884
4,781,841,788,885
4,773,843,786,885
4,764,816,784,885
4,772,809,779,885
4,751,826,774,883
4,753,829,767,882
4,760,829,756,879
4,758,847,748,876
4,751,851,741,873
4,744,852,734,868
4,721,836,732,866
4,716,834,732,863
4,743,811,731,861
4,739,838,731,859
4,751,837,733,855
4,755,827,734,855
4,764,846,735,854
4,771,835,738,853
4,756,845,740,852
4,757,849,741,850
4,738,853,742,848
4,755,853,742,847
4,767,873,743,845
4,757,857,744,844
4,753,878,746,840
4,748,893,746,838
4,723,905,747,836
4,743,915,747,832
4,728,896,747,830
4,748,904,747,828
4,741,891,747,825
4,737,886,747,822
4,732,880,747,820
4,715,888,749,819
4,713,887,750,817
4,706,892,753,816
4,722,901,754,815
4,729,888,755,815
4,724,876,755,815
4,729,871,755,815
4,734,875,756,815
4,747,863,758,818
4,730,865,762,823
4,729,850,764,827
4,737,860,766,831
4,710,865,766,835
4,706,865,766,839
4,718,843,766,842
4,736,828,764,844
4,748,817,761,847
4,720,824,760,849
4,699,837,759,851
4,682,806,758,852
4,673,844,756,853
4,647,831,753,855
4,635,840,751,855
4,646,824,749,855
4,619,847,746,855
4,605,836,740,855
4,568,803,735,854
4,548,801,729,853
4,548,794,727,851
4,563,796,725,849
4,562,767,724,848
4,591,762,721,845
4,598,744,720,842
4,605,728,716,837
4,605,739,713,832
4,623,713,710,830
4,598,718,707,827
4,588,715,700,825
4,561,719,691,823
4,529,715,683,823
4,554,728,676,823
4,555,722,671,823
4,565,731,665,824
4,559,723,659,824
4,548,743,650,824
4,550,715,643,822
4,573,734,627,811
4,557,722,616,801
4,547,745,604,787
4,572,722,591,771
4,543,728,579,747
4,530,734,567,733
4,583,736,557,724
4,584,748,555,718
4,571,718,554,717
4,570,717,554,717
4,557,712,554,716
4,557,707,554,716
4,544,685,552,715
4,581,700,550,711
4,583,703,548,709
4,586,707,545,707
4,585,721,543,703
4,568,704,539,699
4,574,718,535,695
4,580,700,530,691
4,581,700,527,687
4,598,690,526,685
4,615,686,526,682
4,638,665,526,679
4,650,656,526,678
4,629,659,526,677
4,630,670,526,676
4,616,709,528,675
4,604,704,532,673
4,612,717,536,673
4,602,738,539,671
4,617,722,546,670
4,594,741,552,670
4,592,739,555,670
4,617,753,557,670
4,637,765,560,670
4,625,766,565,673
4,628,730,571,677
4,622,752,580,682
4,618,755,585,683
4,598,775,590,684
4,607,775,596,684
4,608,783,614,684
4,609,770,624,684
4,605,793,630,684
4,608,815,631,684
4,601,813,632,684
4,593,827,632,684
4,591,823,633,684
4,602,830,638,684
4,601,850,643,684
4,601,839,643,685
4,599,835,645,688
4,596,844,649,697
4,596,842,654,709
4,626,835,658,720
4,650,829,663,731
4,648,839,664,739
4,631,821,666,746
4,643,797,665,753
4,641,783,664,757
4,631,784,663,767
4,630,772,658,774
4,642,775,657,778
4,669,771,649,792
4,680,755,646,801
4,663,749,645,808
4,676,764,645,816
4,674,776,647,825
4,689,761,653,836
4,692,742,661,847
4,679,755,668,853
4,677,756,672,855
4,668,765,676,855
4,684,774,676,855
4,707,780,676,855
4,695,788,676,853
4,676,789,674,849
4,695,801,673,844
4,719,786,673,840
4,725,769,671,835
4,722,761,671,830
4,736,758,671,825
4,738,778,671,817
4,765,780,674,810
4,769,786,675,803
4,751,791,678,796
4,755,775,679,787
4,768,751,679,780
4,770,766,681,775
4,758,776,682,771
4,739,783,683,770
4,745,794,684,769
4,734,810,686,766
4,729,825,687,765
4,705,824,688,764
4,710,798,689,762
4,714,815,691,760
4,714,824,695,759
4,739,830,697,757
4,708,849,699,756
4,726,845,703,756
4,731,838,708,756
4,718,817,717,760
4,711,814,728,763
4,722,813,745,772
4,728,821,758,775
4,744,805,766,778
4,748,801,767,779
4,761,807,768,783
4,751,782,768,788
4,773,788,767,795
4,780,789,765,804
4,781,786,760,816
4,771,786,755,829
4,776,797,749,840
4,792,779,743,846
4,774,798,741,849
4,762,797,737,853
4,752,781,735,855
4,738,768,733,857
4,738,784,732,858
4,781,766,731,861
4,770,780,731,862
4,778,759,733,865
4,746,746,735,867
4,757,756,739,869
4,743,744,745,869
4,751,737,750,870
4,731,734,756,870
4,755,766,761,870
4,770,776,764,870
4,777,767,768,867
4,771,758,770,866
4,762,723,772,865
4,774,744,774,864
4,774,765,775,863
4,779,747,779,860
4,772,735,782,859
4,771,714,788,856
4,783,708,793,852
4,781,675,799,848
4,785,676,800,844
4,780,699,801,842
4,774,721,801,840
4,789,713,800,837
4,794,717,799,836
4,809,726,799,835
4,823,727,798,833
4,825,732,798,830
4,794,720,798,825
4,804,706,798,820
4,818,708,801,811
4,803,697,804,801
4,789,695,805,794
4,813,703,805,784
4,806,694,807,773
4,810,682,807,761
4,808,667,807,747
4,812,683,807,735
4,835,710,808,717
4,843,722,811,710
4,838,731,814,703
4,860,738,816,696
4,867,747,817,691
4,850,736,817,684
4,830,738,817,679
4,818,737,817,677
4,820,707,817,675
4,825,713,817,675
4,843,738,817,675
4,838,726,817,675
4,829,720,817,675
4,824,705,817,675
4,812,701,817,675
4,816,683,817,675
4,799,669,818,676
4,798,669,820,677
4,809,645,823,678
4,809,652,828,680
4,814,669,835,685
4,805,668,844,691
4,821,665,853,698
4,833,666,859,704
4,838,690,863,707
4,855,686,864,708
4,868,681,864,709
4,873,710,864,709
4,843,698,865,710
4,850,696,865,710
4,826,714,865,710
4,789,758,865,710
4,794,754,865,710
4,792,745,865,708
4,780,773,856,701
4,778,752,842,688
4,769,767,825,678
4,792,781,814,670
4,801,794,806,663
4,761,772,803,657
4,739,752,802,654
4,745,740,801,652
4,731,742,799,650
4,725,705,798,649
4,732,694,798,648
4,741,671,800,648
4,737,690,803,647
4,715,689,807,646
4,694,684,812,644
4,708,695,820,644
4,735,707,834,644
4,754,700,853,644
4,777,696,863,644
4,768,679,864,644
4,762,677,864,644
4,753,673,864,644
4,774,659,858,646
4,785,650,853,647
4,788,638,851,647
4,769,633,846,648
4,759,634,840,648
4,779,626,832,648
4,781,639,820,646
4,806,641,805,645
4,796,658,794,645
4,794,646,787,645
4,791,664,781,645
4,773,665,780,646
4,775,668,779,647
4,779,672,779,649
4,770,662,778,649
4,759,671,778,649
4,749,682,778,649
4,739,676,778,649
4,739,682,778,649
4,731,684,778,649
4,731,696,778,649
4,731,697,781,649
4,732,700,783,647
4,731,711,788,645
4,738,711,793,642
4,702,704,796,638
4,716,720,797,636
4,712,694,798,634
4,715,693,798,630
4,719,712,798,625
4,701,707,798,622
4,709,720,795,617
4,699,736,791,614
4,698,744,790,613
4,684,720,789,611
4,686,720,788,610
4,689,710,788,609
4,686,715,787,608
4,684,697,785,607
4,698,690,783,607
4,692,688,782,606
4,704,689,779,604
4,717,669,776,604
4,709,671,769,602
4,698,666,764,599
4,711,684,757,597
4,722,697,751,594
4,691,693,749,594
4,687,714,749,594
4,709,708,748,594
4,716,731,747,594
4,723,712,744,595
4,705,721,739,601
4,699,721,732,610
4,688,708,724,624
4,681,716,715,638
4,660,682,708,649
4,699,686,701,658
4,661,648,699,665
4,659,629,699,668
4,656,648,699,670
4,662,644,697,671
4,682,636,695,673
4,680,633,694,677
4,654,658,694,680
4,650,671,694,684
4,655,668,694,688
4,663,703,696,699
4,675,697,699,707
4,664,684,699,713
4,663,695,699,716
4,686,692,699,719
4,665,649,699,719
4,701,658,699,720
4,697,659,697,720
4,684,655,694,720
4,691,676,687,716
4,698,679,681,711
4,698,685,678,704
4,677,689,669,690
4,678,702,663,683
4,672,706,661,677
4,693,699,658,675
4,729,704,656,673
4,743,716,654,671
4,763,719,651,671
4,755,700,649,671
4,740,713,647,672
4,749,700,643,676
4,779,694,637,680
4,786,685,633,685
4,789,668,626,695
4,785,658,625,702
4,799,655,625,702
4,804,655,625,704
4,804,640,629,708
4,825,623,635,712
4,806,631,641,715
4,806,629,650,716
4,818,626,660,716
4,810,618,678,716
4,803,623,691,714
4,804,627,700,711
4,812,636,708,708
4,814,644,722,702
4,816,652,729,699
4,827,619,735,695
4,820,611,739,690
4,824,617,743,682
4,834,601,748,675
4,828,615,750,668
4,836,629,757,657
4,851,633,764,648
4,870,664,772,637
4,889,646,780,628
4,878,647,790,616
4,882,686,797,609
4,874,661,805,603
4,893,623,809,600
4,866,630,810,599
4,868,646,810,599
4,883,637,811,599
4,884,635,813,599
4,919,627,819,598
4,924,624,832,597
4,925,604,851,597
4,933,604,867,597
4,956,620,874,597
4,943,597,875,597
4,934,585,875,599
4,906,598,876,602
4,927,575,876,606
4,940,571,879,615
4,930,555,881,623
4,941,553,884,632
4,943,547,886,639
4,936,529,888,645
4,944,527,890,646
4,936,544,891,646
4,929,561,891,646
4,968,567,894,646
4,976,572,897,645
4,967,557,906,640
4,949,544,920,632
4,955,536,933,623
4,961,511,952,614
4,998,509,965,607
4,997,514,976,601
4,996,504,992,592
4,1027,526,997,588
4,1040,515,1000,584
4,1040,513,1001,581
4,1057,508,1005,578
4,1058,517,1006,578
4,1029,516,1006,577
4,1028,508,1006,577
4,1010,511,1006,576
4,1000,500,1006,574
4,1038,476,1006,574
4,1023,473,1007,573
4,1013,488,1011,572
4,1011,492,1013,570
4,1035,475,1015,569
4,1022,466,1019,565
4,1032,471,1021,563
4,1043,468,1024,560
4,1025,448,1031,558
4,1006,429,1043,554
4,1003,419,1053,550
4,997,417,1061,550
4,1013,427,1066,550
4,1027,421,1071,550
4,1048,431,1075,550
4,1056,422,1079,550
4,1055,428,1083,551
4,1060,426,1086,551
4,1070,431,1086,552
4,1092,424,1087,553
4,1096,422,1089,555
4,1108,433,1090,556
4,1146,424,1092,556
4,1161,399,1092,556
4,1154,395,1092,556
4,1149,377,1092,556
4,1124,353,1092,556
4,1114,368,1093,553
4,1127,375,1093,548
4,1129,353,1093,545
4,1130,355,1089,536
4,1133,366,1085,529
4,1135,353,1083,522
4,1140,342,1084,517
4,1152,343,1085,510
4,1157,336,1086,508
4,1179,333,1087,505
4,1165,333,1090,504
4,1146,336,1091,503
4,1138,343,1094,502
4,1143,354,1100,500
4,1101,359,1107,498
4,1109,366,1112,492
4,1104,361,1116,491
4,1114,351,1117,489
4,1128,360,1119,487
4,1127,347,1120,483
4,1103,355,1124,481
4,1124,347,1125,477
4,1147,342,1127,475
4,1155,350,1130,471
4,1165,326,1132,469
4,1172,297,1136,465
4,1186,288,1140,461
4,1190,277,1142,458
4,1193,288,1146,454
4,1204,286,1151,448
4,1216,259,1157,442
4,1219,253,1161,438
4,1217,261,1165,435
4,1223,250,1169,432
4,1221,268,1171,428
4,1221,243,1175,424
4,1227,249,1177,422
4,1232,264,1178,420
4,1251,264,1181,418
4,1219,265,1182,417
4,1218,291,1184,417
4,1218,279,1184,415
4,1233,271,1186,414
4,1209,266,1191,412
4,1192,267,1194,411
4,1225,245,1195,411
4,1238,258,1196,409
4,1267,251,1198,409
4,1261,255,1205,405
4,1269,273,1213,401
4,1286,270,1227,393
4,1295,269,1243,382
4,1305,274,1252,374
4,1306,265,1262,365
4,1310,291,1264,360
4,1315,271,1264,356
4,1307,278,1264,354
4,1328,266,1264,351
4,1323,273,1264,350
4,1338,295,1264,350
4,1360,290,1266,347
4,1346,295,1266,345
4,1332,323,1267,342
4,1342,322,1268,340
4,1335,329,1268,337
4,1319,336,1269,335
4,1331,357,1270,334
4,1312,347,1272,332
4,1345,347,1276,328
4,1351,344,1280,326
4,1365,348,1285,323
4,1357,345,1294,320
4,1381,332,1302,316
4,1381,341,1306,315
4,1389,351,1315,313
4,1352,388,1323,313
4,1345,388,1334,315
4,1350,385,1341,319
4,1343,404,1345,327
4,1337,417,1348,334
4,1335,441,1350,342
4,1332,443,1352,350
4,1322,447,1354,357
4,1305,433,1358,363
4,1316,405,1360,364
4,1308,388,1363,366
4,1292,390,1365,369
4,1333,418,1367,371
4,1346,397,1371,375
4,1329,379,1376,380
4,1332,366,1384,389
4,1319,361,1390,398
4,1335,330,1393,409
4,1345,336,1396,416
4,1350,323,1399,423
4,1329,328,1399,428
4,1334,339,1399,437
4,1339,349,1398,445
4,1371,350,1397,456
4,1368,341,1397,462
4,1346,372,1397,469
4,1344,389,1397,475
4,1355,376,1397,481
4,1337,404,1397,483
4,1323,410,1397,483
4,1328,418,1397,483
4,1311,425,1397,483
4,1302,405,1397,483
4,1296,388,1397,483
4,1277,399,1397,482
4,1298,412,1397,477
4,1313,418,1397,472
4,1315,415,1397,465
4,1306,440,1397,460
4,1309,451,1399,454
4,1288,464,1400,450
4,1284,456,1401,448
4,1278,441,1401,445
4,1243,441,1401,442
4,1227,435,1401,440
4,1235,421,1401,439
4,1238,409,1401,439
4,1233,384,1401,439
4,1236,414,1401,439
4,1228,377,1401,439
4,1225,353,1401,438
4,1227,399,1400,437
4,1231,392,1398,436
4,1238,386,1395,433
4,1245,368,1395,432
4,1247,356,1394,431
4,1234,342,1394,430
4,1240,333,1393,430
4,1238,329,1393,430
4,1273,332,1393,430
4,1262,317,1392,430
4,1278,309,1389,430
4,1310,306,1388,431
4,1278,310,1387,431
4,1272,348,1387,431
4,1261,358,1387,431
4,1307,373,1386,431
4,1313,362,1385,431
4,1308,343,1381,430
4,1322,364,1379,428
4,1316,339,1375,422
4,1316,328,1370,417
4,1298,345,1367,410
4,1300,330,1365,404
4,1303,341,1365,399
4,1306,355,1365,394
4,1311,383,1365,392
4,1292,353,1366,388
4,1310,355,1366,385
4,1294,338,1366,382
4,1301,335,1366,381
4,1294,325,1367,381
4,1268,361,1367,381
4,1275,346,1367,381
4,1278,321,1367,381
4,1279,316,1367,381
4,1304,293,1367,381
4,1282,289,1367,381
4,1259,281,1367,381
4,1272,297,1367,381
4,1275,296,1365,381
4,1241,279,1362,384
4,1217,291,1361,385
4,1211,290,1358,386
4,1221,290,1356,387
4,1200,297,1353,390
4,1184,289,1350,391
4,1176,324,1349,391
4,1160,314,1348,391
4,1150,316,1348,391
4,1133,294,1346,391
4,1131,291,1343,391
4,1129,307,1335,388
4,1147,296,1326,385
4,1154,326,1310,378
4,1157,350,1292,373
4,1175,348,1278,369
4,1156,371,1269,368
4,1179,380,1268,368
4,1188,379,1268,368
4,1185,346,1268,368
4,1189,355,1268,367
4,1190,374,1268,367
4,1197,390,1265,367
4,1182,393,1262,368
4,1179,389,1250,371
4,1157,397,1240,372
4,1154,394,1219,372
4,1148,407,1197,372
4,1147,422,1175,372
4,1162,414,1160,370
4,1174,414,1152,369
4,1189,405,1150,368
4,1196,396,1150,368
4,1197,373,1150,368
4,1190,381,1150,368
4,1201,384,1150,368
4,1205,406,1150,368
4,1212,407,1150,368
4,1229,409,1151,368
4,1203,420,1152,373
4,1214,411,1153,378
4,1208,425,1155,384
4,1190,418,1155,386
4,1179,433,1155,386
4,1178,439,1156,388
4,1182,419,1158,392
4,1187,434,1164,395
4,1186,428,1168,399
4,1168,442,1171,400
4,1153,469,1172,401
4,1156,466,1175,401
4,1131,465,1176,402
4,1151,450,1177,402
4,1164,451,1178,403
4,1177,439,1179,403
4,1169,440,1180,404
4,1175,431,1183,406
4,1153,446,1186,408
4,1161,457,1189,411
4,1151,453,1192,414
4,1157,419,1198,417
4,1168,401,1200,419
4,1156,428,1201,422
4,1158,414,1202,423
4,1151,420,1202,424
4,1126,413,1202,424
4,1125,413,1202,424
4,1135,405,1202,424
4,1161,399,1202,424
4,1160,434,1202,424
4,1169,426,1202,424
4,1174,432,1201,425
4,1154,440,1201,425
4,1151,446,1201,425
4,1131,436,1201,425
4,1145,423,1201,425
4,1166,412,1201,425
4,1165,388,1200,425
4,1179,381,1195,423
4,1186,351,1184,417
4,1188,357,1169,412
4,1208,352,1159,407
4,1196,334,1151,405
4,1189,324,1148,402
4,1179,328,1147,401
4,1178,321,1147,401
4,1167,344,1148,401
4,1186,345,1150,400
4,1193,354,1152,399
4,1189,344,1155,395
4,1181,358,1158,393
4,1180,364,1159,392
4,1194,360,1160,392
4,1206,335,1161,391
4,1208,324,1163,390
4,1222,297,1164,390
4,1206,323,1167,390
4,1219,326,1170,389
4,1231,315,1174,386
4,1226,324,1176,384
4,1243,332,1180,382
4,1264,339,1182,379
4,1249,337,1184,377
4,1251,340,1186,373
4,1241,350,1187,371
4,1229,340,1188,368
4,1228,339,1189,366
4,1230,349,1189,363
4,1233,363,1192,361
4,1223,374,1196,358
4,1232,356,1200,357
4,1230,362,1205,355
4,1238,390,1213,352
4,1239,403,1226,350
4,1255,406,1238,348
4,1260,439,1248,347
4,1262,437,1252,347
4,1272,448,1256,347
4,1278,457,1258,347
4,1248,456,1258,347
4,1269,439,1258,347
4,1247,444,1258,347
4,1252,440,1258,348
4,1247,452,1258,350
4,1240,454,1258,353
4,1225,447,1259,358
4,1233,425,1259,363
4,1249,435,1259,367
4,1275,456,1259,373
4,1253,468,1259,379
4,1245,471,1258,382
4,1229,476,1257,384
4,1211,470,1255,388
4,1218,461,1254,393
4,1211,488,1253,400
4,1182,474,1253,403
4,1183,494,1253,409
4,1183,509,1253,412
4,1196,531,1253,413
4,1181,543,1252,414
4,1186,551,1249,416
4,1174,541,1248,417
4,1163,566,1247,417
4,1170,582,1247,417
4,1155,573,1246,417
4,1150,550,1246,417
4,1153,543,1246,417
4,1158,538,1246,417
4,1161,524,1245,417
4,1156,530,1244,417
4,1194,500,1244,418
4,1180,519,1243,419
4,1188,507,1240,423
4,1196,508,1239,428
4,1197,519,1237,436
4,1193,517,1236,445
4,1198,539,1235,450
4,1192,539,1235,454
4,1172,534,1235,458
4,1175,545,1235,459
4,1184,536,1235,461
4,1182,555,1235,463
4,1204,543,1233,464
4,1198,537,1232,464
4,1203,529,1231,466
4,1230,527,1230,467
4,1209,535,1229,467
4,1225,544,1228,468
4,1203,555,1228,468
4,1201,551,1228,468
4,1187,542,1228,468
4,1182,530,1228,468
4,1186,528,1228,468
4,1202,525,1227,468
4,1168,533,1226,468
4,1179,544,1223,471
4,1186,558,1219,474
4,1199,568,1217,479
4,1196,556,1214,488
4,1209,541,1211,494
4,1201,527,1211,496
4,1214,508,1211,498
4,1213,524,1211,500
4,1205,528,1211,501
4,1211,541,1212,502
4,1209,529,1214,505
4,1207,536,1217,508
4,1195,536,1219,510
4,1194,497,1221,511
4,1194,509,1222,514
4,1186,492,1223,516
4,1167,478,1224,519
4,1167,481,1226,522
4,1158,476,1229,524
4,1144,465,1230,526
4,1136,472,1232,528
4,1154,474,1233,531
4,1132,468,1234,532
4,1126,452,1235,532
4,1117,447,1235,533
4,1114,455,1235,533
4,1123,465,1235,533
4,1129,466,1235,533
4,1117,457,1238,533
4,1136,437,1239,532
4,1119,447,1239,528
4,1129,440,1239,522
4,1140,462,1237,515
4,1132,460,1228,505
4,1113,445,1209,492
4,1104,423,1192,482
4,1086,418,1183,476
4,1099,425,1177,471
4,1114,421,1176,470
4,1119,438,1176,470
4,1111,463,1176,470
4,1108,470,1176,470
4,1102,461,1176,470
4,1091,466,1175,470
4,1114,479,1175,470
4,1101,473,1175,470
4,1115,461,1175,470
4,1122,460,1171,469
4,1140,466,1166,466
4,1121,447,1159,462
4,1122,458,1141,453
4,1137,443,1129,448
4,1122,397,1125,445
4,1098,385,1121,444
4,1125,375,1121,444
4,1135,373,1121,443
4,1131,388,1121,443
4,1116,375,1121,442
4,1109,375,1121,442
4,1097,360,1121,442
4,1126,371,1121,442
4,1125,366,1121,442
4,1119,371,1121,442
4,1108,378,1121,441
4,1109,362,1121,440
4,1089,350,1120,438
4,1069,348,1120,438
4,1065,335,1120,437
4,1084,327,1120,437
4,1089,319,1120,437
4,1088,303,1120,436
4,1107,318,1120,436
4,1111,331,1120,436
4,1111,321,1120,436
4,1099,342,1120,435
4,1106,330,1120,433
4,1130,330,1118,432
4,1144,335,1115,428
4,1137,336,1114,426
4,1125,337,1113,423
4,1116,322,1112,420
4,1122,315,1111,416
4,1146,307,1110,413
4,1145,296,1107,408
4,1171,316,1106,404
4,1201,345,1106,399
4,1202,357,1106,396
4,1202,355,1106,392
4,1204,352,1108,390
4,1222,333,1111,384
4,1220,318,1117,380
4,1212,318,1121,376
4,1219,316,1124,374
4,1231,323,1128,371
4,1214,300,1132,371
4,1211,287,1135,371
4,1207,290,1138,371
4,1185,283,1140,371
4,1184,288,1144,374
4,1197,317,1149,378
4,1174,318,1156,381
4,1192,296,1163,384
4,1170,285,1169,386
4,1167,314,1173,391
4,1181,338,1177,393
4,1179,309,1178,395
4,1188,301,1179,395
4,1186,313,1179,395
4,1176,329,1179,395
4,1163,333,1182,390
4,1171,341,1185,382
4,1175,361,1192,371
4,1183,381,1196,364
4,1200,381,1200,359
4,1196,366,1203,355
4,1175,362,1206,354
4,1183,345,1209,351
4,1181,337,1210,350
4,1185,322,1210,350
4,1176,324,1211,350
4,1165,323,1211,349
4,1153,338,1211,349
4,1165,345,1212,349
4,1181,330,1214,347
4,1184,333,1216,345
4,1183,335,1216,345
4,1188,318,1216,345
4,1189,327,1216,345
4,1183,350,1216,345
4,1182,352,1215,345
4,1191,332,1213,347
4,1200,304,1213,352
4,1207,329,1213,355
4,1211,329,1212,358
4,1195,318,1211,361
4,1217,324,1208,363
4,1180,321,1207,363
4,1184,337,1207,363
4,1171,310,1207,363
4,1163,277,1207,363
4,1144,268,1207,363
4,1150,267,1207,363
4,1153,238,1207,363
4,1142,236,1207,363
4,1126,206,1207,362
4,1135,201,1209,355
4,1124,189,1211,352
4,1135,196,1214,349
4,1139,203,1216,346
4,1160,228,1217,342
4,1141,230,1221,337
4,1129,199,1223,334
4,1117,224,1225,330
4,1118,227,1228,328
4,1111,214,1229,325
4,1141,237,1229,323
4,1128,269,1229,322
4,1145,283,1229,321
4,1154,273,1228,319
4,1148,287,1221,317
4,1155,292,1210,316
4,1157,319,1200,311
4,1170,320,1187,308
4,1161,320,1180,305
4,1159,304,1176,301
4,1165,315,1176,297
4,1166,305,1175,295
4,1168,310,1175,291
4,1171,309,1175,289
4,1178,301,1175,287
4,1187,302,1175,286
4,1183,313,1174,283
4,1196,306,1174,281
4,1216,293,1174,280
4,1209,311,1172,279
4,1199,306,1172,279
4,1198,330,1172,279
4,1195,344,1172,279
4,1199,327,1172,279
4,1194,329,1171,279
4,1203,311,1168,279
4,1171,326,1164,283
4,1174,337,1163,290
4,1166,326,1160,295
4,1158,333,1160,297
4,1160,308,1160,300
4,1159,303,1160,301
4,1159,310,1164,303
4,1144,331,1165,306
4,1164,357,1167,306
4,1178,358,1169,307
4,1201,361,1172,308
4,1208,370,1174,309
4,1173,382,1178,311
4,1184,365,1183,313
4,1185,370,1192,317
4,1161,374,1202,320
4,1143,361,1209,323
4,1148,388,1216,324
4,1129,397,1222,324
4,1105,403,1224,324
4,1113,382,1224,324
4,1117,370,1224,324
4,1130,376,1224,324
4,1115,376,1224,324
4,1125,392,1224,326
4,1097,386,1222,326
4,1106,383,1220,326
4,1135,400,1220,326
4,1148,410,1219,327
4,1138,412,1218,327
4,1142,419,1217,327
4,1146,425,1215,327
4,1151,406,1212,328
4,1171,421,1209,329
4,1157,417,1205,331
4,1146,433,1190,338
4,1148,441,1186,339
4,1172,454,1167,347
4,1149,459,1156,351
4,1146,448,1147,356
4,1148,452,1142,359
4,1128,475,1138,361
4,1121,473,1135,365
4,1106,465,1133,370
4,1110,453,1133,379
4,1137,439,1133,391
4,1135,447,1138,406
4,1116,441,1141,420
4,1135,446,1146,429
4,1136,440,1150,438
4,1146,452,1154,445
4,1137,449,1157,449
4,1140,444,1160,454
4,1139,465,1161,461
4,1124,482,1161,468
4,1132,486,1161,481
4,1151,486,1161,491
4,1132,502,1161,497
4,1142,496,1158,502
4,1128,477,1152,508
4,1140,466,1146,517
4,1135,463,1140,524
4,1110,485,1136,531
4,1107,476,1133,537
4,1111,471,1130,540
4,1110,475,1127,544
4,1086,481,1126,548
4,1080,489,1125,550
4,1073,490,1125,552
4,1082,494,1125,554
4,1086,506,1125,555
4,1077,494,1125,556
4,1069,511,1125,556
4,1072,532,1125,557
4,1065,518,1125,558
4,1065,513,1125,558
4,1050,539,1125,558
4,1045,556,1125,558
4,1063,555,1126,558
4,1069,545,1127,556
4,1053,522,1129,550
4,1040,515,1129,544
4,1057,511,1129,540
4,1052,531,1129,536
4,1037,535,1129,533
4,1015,542,1127,531
4,1013,545,1125,528
4,1021,557,1124,527
4,997,556,1122,527
4,984,536,1118,527
4,996,519,1116,531
4,996,521,1115,532
4,981,523,1113,539
4,982,529,1112,546
4,958,545,1111,553
4,950,547,1111,559
4,949,546,1111,562
4,942,534,1111,566
4,906,536,1111,567
4,921,539,1111,568
4,912,551,1111,568
4,912,546,1111,569
4,887,545,1111,571
4,888,531,1111,572
4,871,515,1107,573
4,869,499,1102,574
4,853,507,1095,576
4,829,529,1086,579
4,819,531,1076,580
4,806,523,1069,580
4,796,534,1064,581
4,805,556,1059,581
4,810,559,1054,581
4,840,544,1045,581
4,848,549,1033,585
4,862,542,1024,586
4,860,523,1013,589
4,855,495,1008,589
4,852,505,994,590
4,859,496,988,592
4,860,492,958,592
4,848,496,926,592
4,843,466,897,592
4,853,470,867,592
4,851,495,848,594
4,885,474,834,597
4,886,468,828,598
4,902,480,824,600
4,916,483,820,600
4,904,496,817,601
4,905,476,808,601
4,912,471,799,602
4,916,482,791,604
4,927,492,788,604
4,947,495,788,604
4,943,484,788,604
4,933,461,788,604
4,942,447,788,604
4,953,458,788,604
4,948,451,788,604
4,955,450,788,604
4,967,437,789,605
4,1012,417,790,605
4,1022,409,793,605
4,1022,389,800,601
4,1038,384,807,596
4,1001,389,818,590
4,993,418,838,584
4,978,439,854,579
4,997,445,870,568
4,1033,442,889,553
4,1016,425,901,541
4,1029,433,907,532
4,1041,428,911,525
4,1051,426,925,512
4,1072,421,940,498
4,1065,422,962,480
4,1065,423,980,458
4,1087,433,995,436
4,1106,420,1006,420
4,1122,431,1012,409
4,1110,433,1017,398
4,1118,392,1022,387
4,1106,368,1023,377
4,1111,361,1026,370
4,1119,358,1027,362
4,1107,366,1030,358
4,1114,396,1032,356
4,1110,405,1035,354
4,1105,402,1036,351
4,1112,419,1037,351
4,1135,427,1038,351
4,1141,446,1039,351
4,1157,455,1046,358
4,1165,464,1058,370
4,1164,467,1077,381
4,1154,440,1084,387
4,1162,429,1098,394
4,1179,440,1102,394
4,1204,447,1103,394
4,1208,445,1104,394
4,1201,448,1104,394
4,1216,440,1107,394
4,1224,451,1112,392
4,1228,452,1119,392
4,1222,464,1126,394
4,1221,462,1135,397
4,1215,474,1144,404
4,1251,474,1158,412
4,1259,481,1169,419
4,1241,471,1187,424
4,1249,479,1196,428
4,1264,478,1203,434
4,1271,479,1210,439
4,1264,494,1220,443
4,1268,483,1225,444
4,1248,485,1229,444
4,1245,490,1229,444
4,1249,484,1230,445
4,1226,504,1234,448
4,1234,509,1236,449
4,1239,514,1241,450
4,1244,530,1245,451
4,1249,502,1248,454
4,1229,504,1252,458
4,1235,501,1255,460
4,1236,532,1259,464
4,1252,549,1263,471
4,1268,561,1267,478
4,1275,565,1276,492
4,1268,583,1282,501
4,1298,584,1292,512
4,1312,585,1306,520
4,1294,611,1326,526
4,1282,607,1339,530
4,1273,619,1347,533
4,1292,622,1353,536
4,1287,617,1354,536
4,1273,624,1354,536
4,1300,629,1354,536
4,1282,637,1354,537
4,1275,625,1353,538
4,1301,628,1351,542
4,1291,644,1350,546
4,1291,612,1350,549
4,1285,600,1349,551
4,1306,618,1348,556
4,1317,628,1347,563
4,1313,625,1344,568
4,1312,635,1341,575
4,1315,635,1335,583
4,1334,606,1328,592
4,1331,585,1320,603
4,1322,582,1314,612
4,1327,579,1309,627
4,1339,606,1309,631
4,1359,613,1308,642
4,1337,605,1308,651
4,1332,580,1306,660
4,1369,593,1306,668
4,1365,585,1303,679
4,1377,593,1303,687
4,1368,581,1302,694
4,1377,598,1299,701
4,1383,591,1299,705
4,1338,577,1299,706
4,1348,575,1299,709
4,1361,577,1298,709
4,1355,593,1298,711
4,1340,587,1298,713
4,1346,596,1298,714
4,1366,574,1302,717
4,1373,590,1307,718
4,1377,601,1310,718
4,1371,579,1314,718
4,1375,570,1316,718
4,1357,566,1319,719
4,1366,578,1321,716
4,1343,574,1329,714
4,1351,560,1339,703
4,1338,566,1346,694
4,1323,565,1350,683
4,1336,572,1353,671
4,1336,570,1354,664
4,1353,556,1356,657
4,1334,546,1356,652
4,1346,544,1356,647
4,1345,535,1356,643
4,1344,507,1356,640
4,1320,506,1357,637
4,1317,510,1361,636
4,1325,487,1368,633
4,1346,498,1381,627
4,1332,510,1390,623
4,1324,526,1399,614
4,1322,520,1403,606
4,1314,526,1402,607
4,1315,527,1407,598
4,1301,530,1409,595
4,1312,523,1409,591
4,1298,533,1412,584
4,1283,525,1417,575
4,1275,523,1422,569
4,1299,492,1427,562
4,1314,506,1429,559
4,1336,509,1429,555
4,1329,492,1430,551
4,1301,492,1426,548
4,1300,510,1417,543
4,1315,518,1412,542
4,1317,497,1405,542
4,1306,468,1395,542
4,1313,447,1386,540
4,1338,452,1374,539
4,1348,429,1364,539
4,1351,430,1355,539
4,1352,431,1352,539
4,1365,435,1350,538
4,1374,436,1350,538
4,1369,419,1350,538
4,1372,435,1350,538
4,1374,430,1352,537
4,1365,439,1355,535
4,1382,457,1359,533
4,1370,503,1363,530
4,1372,507,1371,522
4,1384,496,1375,517
4,1334,492,1380,509
4,1322,494,1386,502
4,1346,496,1394,494
4,1363,488,1397,488
4,1378,462,1400,481
4,1375,454,1400,476
4,1361,440,1400,472
4,1369,454,1399,467
4,1368,445,1399,465
4,1373,443,1399,462
4,1342,453,1399,460
4,1357,457,1399,460
4,1370,405,1399,460
4,1374,394,1399,460
4,1367,404,1399,460
4,1382,398,1400,464
4,1362,414,1403,471
4,1367,396,1405,472
4,1381,374,1405,474
4,1378,382,1406,475
4,1342,386,1406,477
4,1349,401,1407,481
4,1351,386,1407,482
4,1334,375,1407,483
4,1326,367,1407,483
4,1340,367,1408,484
4,1350,377,1408,485
4,1333,368,1408,485
4,1348,355,1408,485
4,1343,375,1408,485
4,1366,403,1408,485
4,1358,403,1410,485
4,1370,407,1412,485
4,1362,384,1413,481
4,1341,385,1413,479
4,1332,407,1416,469
4,1346,403,1417,462
4,1351,407,1417,452
4,1350,400,1415,443
4,1338,371,1414,433
4,1339,364,1408,424
4,1348,347,1405,417
4,1342,376,1405,410
4,1352,396,1403,406
4,1351,419,1404,401
4,1342,443,1406,397
4,1339,461,1408,396
4,1323,455,1411,395
4,1329,451,1414,394
4,1323,471,1417,394
4,1355,462,1423,392
4,1343,439,1432,391
4,1349,435,1442,391
4,1364,434,1450,388
4,1374,423,1455,388
4,1381,405,1459,387
4,1351,412,1462,387
4,1356,437,1463,387
4,1357,440,1463,387
4,1382,435,1464,387
4,1345,434,1464,387
4,1346,435,1464,387
4,1341,437,1463,389
4,1352,443,1462,391
4,1361,442,1462,392
4,1378,470,1461,395
4,1357,456,1460,398
4,1352,472,1459,400
4,1364,461,1456,404
4,1386,484,1456,405
4,1340,499,1456,406
4,1335,508,1455,406
4,1313,497,1452,409
4,1306,501,1449,411
4,1286,488,1449,412
4,1307,485,1449,412
4,1310,483,1449,412
4,1301,492,1449,412
4,1304,517,1451,412
4,1283,523,1452,412
4,1296,541,1455,412
4,1296,541,1459,412
4,1320,537,1462,412
4,1330,522,1466,413
4,1315,504,1466,416
4,1335,494,1466,419
4,1331,481,1462,425
4,1324,486,1450,437
4,1312,479,1440,448
4,1349,469,1429,456
4,1353,462,1421,462
4,1372,451,1414,466
4,1386,441,1407,472
4,1351,465,1401,480
4,1367,443,1396,490
4,1368,452,1393,497
4,1379,445,1392,503
4,1370,444,1392,508
4,1353,432,1392,512
4,1335,410,1392,517
4,1327,414,1392,520
4,1317,417,1392,526
4,1337,433,1392,528
4,1330,428,1391,530
4,1364,426,1387,534
4,1361,458,1380,544
4,1350,496,1379,545
4,1337,498,1378,546
4,1323,478,1378,546
4,1301,486,1378,546
4,1300,493,1378,546
4,1317,486,1378,546
4,1329,472,1378,545
4,1335,465,1376,542
5,994,533,960,543
5,995,545,960,543
5,977,539,960,543
5,982,531,960,543
5,994,547,960,543
5,990,524,960,543
5,983,550,960,543
5,981,570,960,543
5,997,563,960,543
5,967,569,960,543
5,939,564,960,543
5,940,571,960,543
5,937,595,960,543
5,953,593,960,543
5,939,595,960,543
5,932,574,960,543
5,924,573,960,543
5,924,563,960,543
5,937,557,960,543
5,959,539,960,543
5,930,531,960,543
5,927,503,960,543
5,908,493,960,543
5,918,475,960,543
5,927,475,960,543
5,919,456,960,543
5,934,468,960,543
5,921,463,960,543
5,907,467,960,543
5,895,457,960,543
5,897,469,960,543
5,898,471,960,543
5,910,470,960,543
5,891,475,960,543
5,897,477,960,543
5,900,485,960,543
5,911,500,960,543
5,908,483,960,543
5,919,488,960,543
5,917,503,964,532
5,923,489,970,525
5,919,495,973,518
5,905,456,974,514
5,933,453,972,512
5,909,454,969,509
5,900,448,967,508
5,897,420,967,508
5,908,417,966,508
5,900,418,963,508
5,916,410,960,508
5,920,403,957,509
5,920,418,957,509
5,922,408,957,509
5,917,421,957,509
5,944,405,957,509
5,935,384,957,509
5,925,372,957,509
5,957,371,957,505
5,963,372,958,502
5,977,378,962,496
5,969,382,965,487
5,967,378,966,479
5,960,378,969,470
5,962,387,972,463
5,977,374,973,454
5,972,371,973,447
5,977,380,972,440
5,993,379,967,431
5,1007,360,960,422
5,1022,366,957,415
5,1019,373,954,410
5,1021,367,954,403
5,1018,350,954,400
5,1007,333,957,397
5,1010,320,960,394
5,1015,314,964,391
5,999,334,967,390
5,994,312,970,388
5,986,315,971,387
5,982,307,971,387
5,1001,297,972,387
5,975,302,972,387
5,999,299,974,386
5,994,311,978,384
5,1011,300,980,383
5,1027,284,984,382
5,1021,285,989,379
5,1045,274,993,377
5,1073,269,998,373
5,1096,255,1001,369
5,1100,257,1002,360
5,1096,237,1002,357
5,1106,231,1004,346
5,1108,254,1004,341
5,1110,256,1003,335
5,1122,283,1001,332
5,1119,283,998,326
5,1114,282,997,319
5,1107,277,994,309
5,1106,281,991,300
5,1100,288,990,288
5,1092,284,988,278
5,1119,271,988,269
5,1099,285,994,265
5,1104,263,1001,260
5,1101,249,1013,256
5,1122,260,1020,255
5,1105,250,1025,252
5,1100,277,1030,252
5,1082,298,1035,252
5,1080,274,1041,251
5,1075,304,1043,251
5,1061,309,1044,251
5,1062,286,1044,251
5,1067,262,1044,251
5,1055,259,1044,251
5,1054,270,1051,255
5,1039,293,1057,261
5,1051,293,1061,263
5,1044,276,1066,267
5,1043,321,1075,270
5,1045,322,1083,272
5,1044,325,1094,275
5,1070,349,1106,276
5,1064,357,1115,279
5,1048,349,1120,282
5,1025,357,1123,283
5,1045,356,1124,284
5,1043,361,1124,285
5,1059,372,1125,286
5,1037,383,1126,289
5,1069,380,1126,294
5,1051,378,1127,301
5,1040,348,1134,318
5,1059,342,1138,327
5,1050,354,1144,332
5,1022,375,1146,336
5,1037,359,1149,339
5,1044,350,1149,342
5,1017,348,1150,344
5,1032,350,1151,347
5,1051,344,1152,350
5,1039,323,1153,352
5,1051,310,1154,355
5,1056,280,1154,360
5,1077,274,1154,365
5,1075,290,1152,366
5,1081,294,1148,367
5,1064,283,1142,367
5,1052,295,1131,366
5,1055,295,1115,359
5,1053,300,1108,357
5,1071,278,1104,354
5,1076,281,1103,353
5,1075,278,1102,353
5,1095,262,1102,353
5,1113,268,1102,352
5,1100,260,1106,347
5,1105,216,1112,341
5,1101,217,1121,334
5,1099,203,1128,326
5,1113,187,1134,321
5,1102,194,1136,318
5,1084,202,1138,315
5,1101,198,1138,315
5,1075,176,1138,315
5,1076,172,1138,315
5,1075,178,1138,315
5,1074,188,1138,313
5,1070,176,1138,312
5,1090,180,1139,307
5,1098,175,1145,298
5,1093,200,1148,287
5,1090,210,1151,275
5,1114,218,1151,263
5,1117,214,1146,250
5,1129,219,1136,239
5,1117,239,1130,233
5,1085,231,1119,228
5,1058,250,1111,225
5,1063,258,1098,224
5,1058,265,1089,224
5,1049,270,1082,224
5,1048,291,1079,225
5,1066,302,1075,229
5,1059,298,1071,233
5,1093,294,1070,238
5,1092,272,1070,247
5,1093,256,1071,254
5,1090,260,1075,254
5,1079,226,1084,253
5,1072,224,1087,253
5,1057,260,1087,253
5,1040,255,1088,253
5,1029,242,1088,253
5,1044,239,1088,253
5,1034,246,1088,253
5,1026,250,1088,253
5,1035,257,1088,253
5,1029,259,1088,255
5,1024,255,1090,265
5,1022,255,1090,274
5,1009,253,1088,281
5,997,260,1084,290
5,970,260,1079,297
5,968,243,1077,301
5,970,238,1076,302
5,963,252,1072,303
5,971,235,1068,305
5,966,244,1060,308
5,958,239,1051,313
5,942,278,1042,317
5,933,282,1038,319
5,929,294,1036,320
5,930,294,1036,320
5,920,295,1036,320
5,900,306,1035,320
5,891,314,1033,318
5,899,319,1032,317
5,907,317,1032,314
5,921,341,1031,310
5,900,330,1031,303
5,903,338,1031,298
5,908,328,1031,295
5,915,344,1036,290
5,915,352,1037,286
5,902,343,1039,281
5,929,363,1040,277
5,930,369,1040,274
5,932,361,1041,271
5,921,379,1041,269
5,903,378,1038,267
5,899,401,1033,262
5,894,409,1022,262
5,894,418,1012,262
5,870,386,997,269
5,877,387,983,277
5,859,355,969,292
5,830,358,952,315
5,829,348,945,335
5,808,320,938,356
5,816,337,936,383
5,837,361,941,416
5,850,364,949,444
5,854,361,956,462
5,847,364,962,471
5,824,340,963,475
5,846,329,965,477
5,852,329,965,477
5,852,302,965,479
5,874,283,965,479
5,869,265,965,479
5,831,272,963,478
5,823,248,956,471
5,850,255,944,464
5,845,249,939,461
5,843,255,927,452
5,828,260,918,446
5,832,255,911,438
5,823,260,908,436
5,819,270,900,427
5,797,259,895,419
5,795,270,894,408
5,785,262,892,398
5,775,262,895,386
5,777,270,898,373
5,791,263,901,355
5,816,239,905,336
5,828,228,910,313
5,822,221,914,300
5,825,215,919,285
5,812,193,920,273
5,796,177,920,266
5,805,171,918,264
5,835,165,915,261
5,841,182,912,261
5,857,199,905,261
5,845,207,897,261
5,838,195,881,265
5,849,199,867,265
5,858,191,850,269
5,858,190,833,272
5,864,205,830,273
5,851,175,830,273
5,857,186,830,273
5,852,187,830,273
5,862,201,832,273
5,855,193,834,273
5,861,198,839,273
5,856,187,846,269
5,820,192,852,264
5,814,185,855,259
5,833,174,859,255
5,824,183,863,249
5,800,183,866,244
5,826,167,868,238
5,818,178,873,233
5,796,178,877,226
5,821,207,880,220
5,821,217,885,216
5,823,221,888,214
5,824,205,894,211
5,811,200,895,211
5,785,203,895,211
5,780,230,895,211
5,782,239,895,211
5,791,236,895,210
5,785,210,892,210
5,772,208,887,210
5,778,221,880,210
5,770,216,873,213
5,781,217,860,221
5,789,211,854,223
5,773,235,851,227
5,764,216,849,228
5,773,235,849,231
5,787,234,849,233
5,781,228,850,238
5,777,263,851,244
5,760,247,854,256
5,780,236,863,272
5,791,243,867,281
5,819,243,870,285
5,807,241,870,287
5,801,236,869,289
5,805,263,863,290
5,807,256,860,292
5,833,273,854,293
5,826,267,851,293
5,813,278,842,290
5,800,264,835,286
5,772,275,824,279
5,777,252,818,275
5,765,247,814,273
5,747,245,814,268
5,739,242,814,263
5,739,256,816,257
5,743,264,824,250
5,737,275,833,245
5,733,262,843,242
5,728,314,855,241
5,710,313,864,241
5,703,320,869,241
5,686,299,873,242
5,701,294,874,244
5,691,275,874,245
5,715,269,874,247
5,694,283,874,249
5,707,288,873,253
5,717,269,869,258
5,753,258,865,261
5,754,287,859,266
5,762,290,853,273
5,775,294,850,274
5,800,293,840,280
5,801,284,833,284
5,783,295,826,287
5,773,305,821,287
5,767,309,816,287
5,777,295,808,286
5,784,285,799,283
5,764,286,792,281
5,753,294,783,278
5,755,285,780,276
5,770,294,779,276
5,772,298,779,275
5,778,284,780,273
5,763,282,784,270
5,781,281,790,268
5,763,273,792,267
5,765,259,792,267
5,788,261,792,267
5,785,275,792,267
5,789,298,792,267
5,810,311,792,267
5,805,301,792,267
5,791,308,790,269
5,787,305,787,273
5,791,289,782,278
5,785,305,778,287
5,788,288,774,293
5,794,324,773,299
5,781,325,771,302
5,749,343,770,306
5,770,334,770,310
5,754,346,769,315
5,739,317,768,317
5,726,324,768,322
5,734,331,768,327
5,725,330,768,331
5,721,337,769,334
5,706,338,773,337
5,719,359,780,338
5,730,363,786,338
5,717,380,793,338
5,732,379,797,337
5,725,412,800,334
5,728,397,804,328
5,729,390,804,325
5,723,382,804,317
5,697,378,803,314
5,685,368,801,310
5,669,338,798,306
5,663,333,794,304
5,660,338,789,299
5,677,334,785,298
5,673,341,780,298
5,673,348,775,299
5,683,347,767,303
5,683,359,762,310
5,686,330,755,322
5,675,347,749,332
5,662,339,746,338
5,642,320,741,344
5,622,331,736,349
5,632,337,734,353
5,617,339,732,356
5,612,324,729,358
5,605,318,728,358
5,593,328,727,358
5,594,311,725,358
5,603,309,718,358
5,618,318,705,358
5,631,317,703,358
5,631,319,699,358
5,638,314,699,358
5,638,308,695,360
5,638,302,692,363
5,636,295,687,364
5,655,312,683,366
5,675,314,675,368
5,684,315,666,368
5,675,338,656,368
5,653,350,644,369
5,650,359,635,369
5,636,368,630,369
5,639,338,629,369
5,638,356,627,368
5,655,361,627,365
5,648,364,627,359
5,642,373,627,353
5,644,367,630,344
5,651,359,636,335
5,663,350,642,322
5,678,362,649,311
5,660,365,657,300
5,674,356,663,291
5,667,343,665,287
5,694,344,665,286
5,709,345,665,286
5,695,353,665,286
5,700,348,665,286
5,712,375,665,286
5,716,385,665,287
5,717,355,665,290
5,717,352,665,295
5,713,354,664,299
5,703,357,661,305
5,693,351,659,308
5,679,345,656,312
5,696,338,655,316
5,696,348,654,319
5,706,334,654,322
5,697,340,654,322
5,671,341,655,323
5,686,351,658,324
5,701,339,662,324
5,690,354,676,324
5,696,352,697,326
5,680,346,712,327
5,684,343,724,327
5,692,339,732,327
5,689,347,736,327
5,685,362,737,327
5,662,375,739,327
5,658,343,739,327
5,648,348,739,327
5,618,337,740,327
5,624,359,742,326
5,658,370,745,324
5,671,376,747,322
5,666,391,754,320
5,681,392,759,317
5,649,363,763,314
5,643,373,765,312
5,646,372,765,312
5,651,365,765,312
5,645,384,765,311
5,624,379,763,311
5,625,377,758,311
5,628,362,753,311
5,636,350,745,317
5,646,392,738,326
5,614,373,727,336
5,602,373,717,342
5,575,364,710,348
5,575,335,709,351
5,573,331,709,354
5,569,323,709,356
5,560,343,709,358
5,567,370,710,361
5,585,373,712,364
5,565,374,712,369
5,585,381,712,370
5,571,373,712,372
5,572,386,711,373
5,568,393,709,373
5,575,382,706,373
5,596,402,699,371
5,586,407,684,364
5,595,416,652,352
5,596,422,619,343
5,583,431,593,340
5,566,443,588,340
5,558,447,587,340
5,564,480,587,340
5,558,491,589,345
5,560,514,589,350
5,585,538,588,357
5,579,539,584,365
5,580,556,578,370
5,574,548,574,376
5,568,563,570,380
5,559,545,567,382
5,561,530,565,386
5,548,546,565,390
5,566,562,565,393
5,575,554,567,399
5,580,582,570,407
5,575,603,573,416
5,594,599,578,434
5,617,601,586,462
5,631,607,596,488
5,631,599,604,521
5,627,608,617,553
5,612,601,620,558
5,634,626,627,570
5,650,640,627,570
5,643,609,625,572
5,644,592,624,573
5,676,619,621,576
5,685,624,620,577
5,688,618,616,580
5,673,630,614,583
5,684,619,609,590
5,661,603,605,611
5,646,603,603,620
5,639,602,600,641
5,647,608,598,655
5,660,599,596,664
5,655,580,596,669
5,625,566,596,673
5,619,586,596,674
5,611,585,596,675
5,622,596,600,676
5,629,591,609,676
5,612,592,620,673
5,580,595,627,671
5,563,590,635,668
5,578,578,642,668
5,576,618,654,663
5,572,612,658,659
5,578,597,660,655
5,552,582,660,654
5,551,584,660,653
5,548,574,662,653
5,568,583,663,650
5,558,565,665,648
5,542,562,666,646
5,566,562,667,641
5,558,552,667,634
5,554,526,667,628
5,570,518,660,621
5,583,527,652,618
5,560,526,642,617
5,543,528,632,617
5,552,533,623,617
5,567,515,610,617
5,577,519,605,615
5,571,480,600,613
5,587,481,596,610
5,600,472,593,606
5,600,450,591,602
5,597,431,590,596
5,597,439,590,584
5,581,461,590,572
5,601,496,595,554
5,596,481,599,541
5,598,481,600,529
5,600,494,602,516
5,585,505,605,506
5,578,534,606,499
5,586,530,608,494
5,571,517,608,491
5,561,514,608,488
5,557,531,610,483
5,549,542,613,481
5,537,545,617,478
5,553,518,621,475
5,587,534,623,475
5,586,557,624,473
5,593,544,626,473
5,585,566,629,475
5,569,565,629,475
5,588,561,634,488
5,600,553,635,497
5,609,568,635,505
5,611,558,633,514
5,595,570,627,520
5,589,558,620,524
5,588,567,613,530
5,565,547,606,534
5,563,567,600,536
5,567,556,597,536
5,587,550,592,534
5,590,539,588,533
5,600,544,584,531
5,609,553,581,528
5,609,524,581,527
5,620,523,581,527
5,643,493,581,527
5,644,499,581,529
5,639,484,581,534
5,636,452,581,542
5,618,422,583,549
5,614,404,583,562
5,616,414,583,566
5,601,418,583,571
5,601,420,583,572
5,616,427,583,572
5,622,435,583,572
5,645,415,583,572
5,640,429,583,572
5,646,425,583,572
5,674,421,583,572
5,684,433,584,572
5,685,434,585,572
5,667,447,586,569
5,676,444,587,564
5,686,450,587,561
5,714,450,587,552
5,707,454,586,545
5,730,475,586,532
5,746,480,586,520
5,755,507,588,511
5,756,501,589,504
5,745,493,593,499
5,750,518,597,493
5,751,512,600,491
5,758,504,602,489
5,760,508,604,488
5,738,480,608,485
5,734,477,613,485
5,740,443,616,485
5,765,452,617,485
5,744,480,625,489
5,738,489,641,503
5,737,481,646,508
5,741,499,653,515
5,729,471,661,523
5,716,485,668,529
5,719,479,670,532
5,718,489,674,535
5,731,491,679,542
5,731,522,684,544
5,735,531,686,546
5,736,511,687,546
5,734,517,689,546
5,737,502,691,545
5,734,532,696,544
5,719,560,698,540
5,714,592,701,537
5,726,600,702,533
5,725,587,702,531
5,723,608,702,527
5,725,618,703,525
5,715,620,703,524
5,730,616,703,523
5,717,630,703,523
5,742,631,703,523
5,749,613,703,523
5,729,612,704,523
5,754,626,705,523
5,747,627,708,528
5,724,621,708,537
5,711,616,709,547
5,720,631,711,557
5,701,640,711,569
5,693,649,716,582
5,676,650,720,591
5,679,677,726,598
5,664,709,727,604
5,651,689,729,607
5,643,673,730,609
5,641,675,731,612
5,644,673,735,614
5,626,676,740,614
5,610,705,743,614
5,598,694,745,614
5,609,714,751,610
5,628,698,756,607
5,629,686,760,606
5,605,666,763,606
5,594,665,765,606
5,584,665,765,607
5,572,665,765,609
5,581,664,763,613
5,561,685,759,619
5,548,677,755,621
5,536,691,751,625
5,564,688,748,629
5,564,661,745,631
5,515,666,743,633
5,591,657,743,635
5,593,666,742,636
5,577,685,741,638
5,573,666,738,639
5,580,659,736,643
5,580,684,732,645
5,583,697,729,646
5,583,692,722,648
5,569,702,717,648
5,578,702,708,647
5,576,722,691,642
5,591,707,678,636
5,583,698,663,631
5,585,685,659,627
5,563,695,656,623
5,582,701,655,621
5,593,707,654,620
5,578,721,654,619
5,594,710,654,619
5,599,710,654,619
5,571,706,654,619
5,573,714,654,619
5,554,737,654,624
5,566,734,654,633
5,560,723,661,650
5,560,708,669,661
5,549,719,676,669
5,541,714,684,674
5,564,718,687,677
5,544,707,689,679
5,554,708,689,682
5,551,680,688,685
5,566,660,687,687
5,554,656,686,691
5,552,658,685,694
5,553,647,682,695
5,537,676,676,699
5,551,664,672,701
5,541,664,667,702
5,550,650,665,703
5,546,668,660,703
5,548,674,656,703
5,543,660,651,703
5,554,670,646,703
5,574,679,644,703
5,579,652,641,702
5,590,662,639,701
5,592,642,639,698
5,599,620,639,694
5,593,624,639,690
5,579,632,639,685
5,595,636,639,678
5,582,650,638,673
5,605,664,637,670
5,643,638,634,667
5,650,646,631,665
5,659,643,624,663
5,696,666,615,663
5,717,658,610,663
5,712,654,609,663
5,730,638,609,663
5,731,636,609,663
5,742,633,609,662
5,737,662,610,660
5,744,662,610,658
5,735,656,611,653
5,728,673,613,646
5,719,655,614,640
5,733,667,620,635
5,732,651,625,629
5,725,653,636,623
5,729,661,651,615
5,727,657,662,614
5,713,676,670,614
5,721,670,683,618
5,724,669,699,626
5,741,689,712,633
5,734,706,722,641
5,738,716,726,643
5,724,712,727,644
5,734,737,727,646
5,734,723,728,646
5,739,741,728,646
5,738,739,728,646
5,733,762,728,646
5,720,784,728,646
5,702,778,728,646
5,715,774,728,646
5,695,777,728,646
5,696,770,729,646
5,712,781,730,646
5,695,775,732,647
5,699,782,734,648
5,705,780,735,650
5,685,828,736,651
5,678,820,737,654
5,683,829,737,656
5,697,826,738,657
5,700,838,738,658
5,671,818,738,658
5,687,825,738,660
5,672,802,734,663
5,679,809,729,667
5,671,821,721,671
5,658,819,714,677
5,660,840,707,683
5,655,850,698,690
5,641,825,692,698
5,614,794,690,703
5,623,789,685,709
5,647,798,681,716
5,634,820,680,723
5,637,800,680,726
5,630,803,680,730
5,656,812,680,732
5,660,805,680,736
5,670,805,680,739
5,655,824,678,747
5,642,815,678,752
5,651,842,677,756
5,639,814,675,760
5,638,816,673,763
5,636,836,670,767
5,644,838,665,772
5,648,823,660,776
5,638,828,655,777
5,632,838,648,779
5,633,841,644,779
5,627,861,642,779
5,643,871,642,779
5,615,866,642,779
5,604,882,642,778
5,592,867,642,777
5,594,874,642,776
5,593,865,643,776
5,585,890,644,776
5,584,890,646,777
5,566,917,649,780
5,563,906,651,782
5,558,916,652,784
5,560,929,652,788
5,605,920,652,790
5,609,930,652,794
5,634,922,649,801
5,652,943,642,810
5,631,954,633,819
5,630,936,625,825
5,622,937,623,829
5,625,932,621,831
5,637,931,621,831
5,620,936,621,831
5,649,926,621,831
5,662,907,620,832
5,648,912,619,832
5,647,915,617,835
5,655,922,615,836
5,653,925,613,838
5,667,940,612,840
5,678,905,610,844
5,681,917,610,852
5,653,906,609,857
5,663,901,609,864
5,639,883,612,870
5,636,875,613,873
5,623,868,617,875
5,632,851,622,874
5,598,844,631,871
5,577,845,646,862
5,560,853,656,853
5,542,860,663,842
5,560,868,666,839
5,570,852,672,831
5,573,847,676,826
5,570,867,680,823
5,590,847,683,823
5,605,872,685,821
5,625,842,686,820
5,629,853,687,819
5,608,834,687,817
5,601,832,687,814
5,572,827,686,813
5,572,835,682,811
5,588,812,676,809
5,592,800,669,808
5,585,800,662,808
5,586,802,657,808
5,580,843,651,810
5,588,818,649,812
5,575,830,648,814
5,570,830,647,819
5,592,816,645,824
5,570,816,645,829
5,572,815,646,833
5,580,815,650,837
5,586,808,655,838
5,580,809,659,838
5,565,823,660,838
5,593,836,660,838
5,580,822,659,835
5,583,821,658,831
5,577,846,656,827
5,590,851,652,823
5,605,862,646,820
5,578,864,643,818
5,594,847,639,816
5,579,840,637,814
5,572,841,637,813
5,567,827,635,813
5,581,809,635,813
5,587,818,634,813
5,576,810,634,813
5,565,813,633,813
5,550,816,633,813
5,554,822,633,813
5,567,833,633,816
5,573,834,634,818
5,571,832,644,821
5,555,809,657,824
5,571,800,674,825
5,589,803,686,827
5,570,808,693,828
5,577,808,693,828
5,598,797,693,828
5,588,777,691,828
5,579,795,688,828
5,566,800,683,827
5,588,828,674,824
5,577,845,665,822
5,571,868,655,821
5,547,881,642,818
5,543,874,638,818
5,577,881,628,817
5,581,857,623,817
5,590,851,619,817
5,597,839,616,817
5,595,827,612,817
5,623,825,610,817
5,613,809,608,817
5,602,813,608,817
5,621,804,608,817
5,642,789,608,814
5,660,785,610,812
5,653,777,611,810
5,626,764,611,809
5,612,772,611,809
5,609,786,611,809
5,618,778,611,809
5,617,788,611,809
5,615,790,611,809
5,606,789,608,809
5,605,790,605,812
5,594,818,603,816
5,570,831,600,820
5,581,827,600,822
5,603,834,600,823
5,570,844,600,825
5,550,847,601,825
5,556,860,605,825
5,572,869,614,824
5,569,883,623,823
5,564,899,628,821
5,544,902,629,819
5,554,891,630,818
5,557,903,630,816
5,548,908,630,813
5,537,926,632,810
5,552,926,632,807
5,534,919,632,804
5,556,935,629,801
5,543,952,628,800
5,558,947,626,800
5,559,949,626,800
5,553,932,624,813
5,548,948,621,822
5,544,944,616,831
5,567,953,613,836
5,584,937,612,838
5,603,948,611,838
5,591,953,611,839
5,600,908,611,839
5,606,910,611,840
5,615,908,610,841
5,601,891,610,842
5,612,886,609,844
5,616,908,609,848
5,629,903,609,850
5,637,885,609,855
5,634,915,609,862
5,639,924,609,866
5,634,936,610,868
5,635,937,614,870
5,633,956,618,870
5,653,936,624,870
5,663,930,633,870
5,661,930,648,866
5,677,942,663,863
5,670,942,668,858
5,644,937,671,854
5,620,951,671,850
5,626,972,672,848
5,607,921,672,847
5,603,917,673,846
5,630,918,673,845
5,618,938,673,845
5,613,932,673,845
5,613,937,673,845
5,591,919,673,846
5,578,913,674,851
5,550,921,676,856
5,543,946,677,859
5,568,961,679,863
5,549,927,682,865
5,551,928,684,868
5,544,935,684,869
5,554,939,685,870
5,560,953,685,870
5,570,945,685,871
5,579,953,685,871
5,577,968,685,871
5,566,940,685,871
5,570,914,685,871
5,551,911,684,871
5,559,907,683,871
5,545,889,680,871
5,542,903,677,871
5,563,915,672,871
5,546,900,669,871
5,540,888,667,872
5,546,884,666,873
5,559,853,666,873
5,579,856,666,873
5,585,840,666,873
5,607,832,666,873
5,623,839,666,873
5,617,832,666,873
5,624,820,666,873
5,618,810,666,873
5,607,836,666,872
5,621,847,666,872
5,639,854,666,872
5,638,854,666,872
5,656,844,666,872
5,679,840,666,872
5,674,841,666,872
5,669,845,666,872
5,655,862,666,872
5,678,862,666,872
5,673,856,666,871
5,681,828,666,867
5,680,830,668,862
5,685,825,669,855
5,700,835,670,851
5,705,860,673,846
5,706,864,675,842
5,704,845,679,838
5,711,836,680,834
5,731,832,686,827
5,728,846,692,821
5,729,853,696,817
5,720,836,699,814
5,707,834,700,814
5,677,817,700,814
5,685,816,700,814
5,669,819,701,816
5,671,829,704,819
5,651,846,705,824
5,641,813,708,831
5,640,806,712,837
5,634,801,716,843
5,647,811,724,847
5,659,818,731,848
5,665,814,736,848
5,678,829,742,848
5,692,826,747,848
5,707,835,754,848
5,716,828,764,848
5,715,837,774,848
5,712,841,783,848
5,712,830,788,848
5,705,846,790,848
5,697,832,790,848
5,707,836,790,848
5,698,827,789,848
5,722,845,784,848
5,751,844,773,846
5,724,843,763,846
5,725,837,756,845
5,738,836,751,842
5,732,840,749,841
5,733,814,748,840
5,756,816,748,840
5,734,817,748,839
5,723,830,748,838
5,724,812,748,838
5,756,800,748,837
5,741,803,751,835
5,712,803,757,834
5,707,804,764,831
5,724,790,770,829
5,700,781,776,829
5,686,794,776,829
5,690,799,778,829
5,701,796,779,831
5,670,795,780,836
5,653,810,780,840
5,644,808,781,844
5,667,808,781,846
5,704,823,781,848
5,701,824,781,851
5,686,833,783,851
5,685,830,785,851
5,671,815,785,851
5,694,808,785,851
5,706,810,785,850
5,706,830,785,850
5,722,833,783,849
5,727,829,780,848
5,726,841,770,848
5,705,825,752,845
5,712,814,727,839
5,732,808,702,833
5,728,795,681,826
5,723,788,681,826
5,727,807,681,826
5,731,784,681,826
5,756,802,681,826
5,743,792,681,825
5,734,805,681,825
5,728,806,685,823
5,739,781,689,819
5,754,776,691,816
5,769,782,694,814
5,762,792,695,812
5,742,802,699,810
5,772,801,702,807
5,783,791,708,804
5,780,772,715,803
5,772,777,719,801
5,760,794,721,799
5,772,799,722,798
5,788,796,722,797
5,785,820,722,797
5,799,827,723,795
5,772,832,727,794
5,804,842,732,791
5,786,841,739,790
5,776,857,743,788
5,780,881,753,788
5,787,859,757,788
5,801,814,761,790
5,818,823,764,793
5,800,821,767,798
5,780,824,770,802
5,762,818,771,805
5,759,817,772,807
5,770,810,772,808
5,765,818,772,811
5,755,823,772,813
5,768,834,772,815
5,754,843,769,820
5,774,827,765,824
5,778,820,761,828
5,762,836,757,834
5,753,837,754,836
5,765,834,751,838
5,758,853,748,843
5,754,828,745,845
5,763,828,744,848
5,761,823,743,849
5,767,801,743,849
5,778,799,743,850
5,767,806,743,850
5,784,800,743,852
5,772,816,743,854
5,783,806,747,856
5,798,803,751,858
5,758,777,757,860
5,742,775,764,861
5,763,801,770,863
5,777,791,775,864
5,758,771,780,867
5,736,757,787,867
5,726,766,793,868
5,732,747,799,868
5,707,752,808,868
5,737,765,815,866
5,743,744,824,865
5,744,755,833,860
5,723,773,840,859
5,726,741,842,858
5,711,729,843,856
5,691,752,843,854
5,684,739,843,852
5,664,723,843,849
5,645,717,846,843
5,667,713,847,840
5,660,712,849,830
5,670,697,848,826
5,671,688,843,822
5,632,698,830,818
5,631,683,820,815
5,656,687,803,813
5,642,708,786,813
5,609,674,774,811
5,620,674,765,811
5,614,670,760,811
5,630,667,755,811
5,648,653,753,811
5,634,638,749,811
5,620,660,745,811
5,615,644,745,811
5,632,641,744,809
5,638,641,744,806
5,629,653,744,797
5,635,654,745,790
5,658,665,748,779
5,679,678,748,771
5,676,664,749,762
5,675,649,749,759
5,674,649,748,753
5,653,648,748,747
5,643,666,748,741
5,657,667,745,735
5,650,671,737,728
5,653,643,728,718
5,643,631,719,711
5,648,652,711,702
5,659,687,707,693
5,644,662,706,684
5,644,661,706,670
5,651,653,706,650
5,677,644,708,638
5,707,653,711,623
5,706,636,715,614
5,703,634,723,608
5,697,633,732,604
5,687,637,737,600
5,653,639,741,597
5,635,627,743,595
5,645,649,743,595
5,664,679,743,595
5,667,658,743,595
5,667,661,743,595
5,669,663,741,597
5,672,672,736,602
5,685,669,732,603
5,683,673,730,606
5,649,681,725,608
5,629,692,721,608
5,645,701,719,608
5,618,708,717,608
5,620,716,713,608
5,631,723,708,608
5,614,718,703,608
5,614,709,699,611
5,628,700,694,613
5,630,708,690,616
5,631,696,687,622
5,618,699,685,627
5,616,698,682,634
5,627,704,680,643
5,621,703,677,652
5,594,692,675,661
5,586,687,674,668
5,592,683,674,678
5,573,693,676,687
5,587,673,677,700
5,592,672,674,707
5,582,668,670,714
5,590,669,665,721
5,583,673,661,727
5,560,688,656,730
5,560,703,652,732
5,566,734,647,733
5,551,701,643,736
5,540,705,642,737
5,542,692,641,737
5,554,673,641,737
5,542,682,641,738
5,546,684,641,739
5,565,697,641,741
5,573,713,641,741
5,568,695,641,744
5,552,670,641,745
5,568,666,641,746
5,558,667,641,746
5,555,675,641,746
5,547,692,641,747
5,546,700,641,747
5,553,708,638,748
5,543,729,638,748
5,546,721,636,748
5,563,743,632,746
5,570,729,625,741
5,541,719,621,739
5,563,726,621,737
5,527,720,621,734
5,553,720,621,732
5,552,730,621,725
5,549,711,622,718
5,555,685,623,711
5,554,703,625,706
5,555,700,624,699
5,562,699,623,698
5,560,684,622,698
5,588,695,621,698
5,608,673,620,698
5,595,657,617,701
5,631,649,614,708
5,615,642,611,717
5,604,661,609,726
5,606,671,607,733
5,620,683,605,735
5,587,700,605,735
5,599,695,603,736
5,606,684,601,736
5,622,684,601,736
5,656,689,601,736
5,647,692,601,736
5,628,706,601,736
5,640,717,601,736
5,646,707,600,736
5,651,704,600,732
5,663,695,600,729
5,644,693,600,725
5,640,704,606,717
5,650,707,617,712
5,661,708,626,706
5,683,696,635,700
5,681,711,641,696
5,691,710,645,694
5,722,695,648,691
5,734,724,650,689
5,729,718,653,688
5,726,724,658,685
5,710,711,660,683
5,719,740,663,681
5,714,753,664,677
5,744,758,664,675
5,770,759,665,672
5,797,759,669,667
5,807,753,673,663
5,792,743,675,659
5,789,728,676,657
5,795,734,678,656
5,787,750,678,656
5,776,733,679,656
5,791,765,686,663
5,765,770,689,668
5,730,771,701,685
5,737,762,714,699
5,764,775,725,705
5,768,759,744,716
5,752,765,756,721
5,759,782,765,724
5,769,782,770,724
5,784,773,771,724
5,780,772,771,724
5,795,795,772,724
5,792,777,772,723
5,783,784,774,720
5,789,782,776,717
5,772,769,777,715
5,765,783,778,713
5,795,779,780,712
5,800,768,784,711
5,823,766,788,711
5,790,764,793,711
5,765,752,803,715
5,769,750,814,719
5,767,733,823,724
5,777,725,826,725
5,760,740,827,725
5,766,729,827,726
5,774,734,824,727
5,770,719,823,730
5,790,725,823,732
5,787,716,823,733
5,764,721,823,733
5,754,710,823,733
5,760,680,823,733
5,768,684,823,733
5,759,678,823,733
5,756,717,823,733
5,750,743,825,733
5,732,754,825,733
5,726,761,825,731
5,690,755,827,726
5,704,780,827,722
5,713,778,827,719
5,719,775,828,716
5,735,769,828,715
5,724,770,828,714
5,720,785,829,714
5,689,785,829,714
5,669,789,829,714
5,649,770,829,713
5,647,762,829,713
5,618,763,824,711
5,611,755,814,709
5,619,745,807,709
5,606,743,800,711
5,628,755,792,715
5,613,755,785,721
5,597,759,776,728
5,598,749,766,737
5,592,758,757,743
5,598,758,746,748
5,608,746,740,751
5,607,748,738,753
5,589,753,734,756
5,583,769,727,760
5,591,782,714,765
5,583,767,701,768
5,582,757,689,768
5,585,754,680,770
5,584,720,675,770
5,600,731,674,768
5,606,729,673,767
5,605,708,672,763
5,609,681,671,760
5,608,692,668,756
5,597,712,665,754
5,584,687,663,751
5,601,684,661,751
5,610,673,659,751
5,615,695,658,751
5,597,688,655,752
5,592,689,654,753
5,594,668,652,754
5,597,648,649,754
5,590,679,645,754
5,589,697,644,754
5,581,677,644,754
5,575,673,644,753
5,582,664,644,750
5,604,656,648,745
5,594,642,651,741
5,606,645,656,734
5,600,632,659,725
5,601,633,662,717
5,611,629,662,711
5,611,619,662,705
5,612,637,662,701
5,607,645,662,697
5,613,644,662,695
5,600,622,661,693
5,614,602,660,691
5,598,615,659,689
5,589,602,658,688
5,563,580,658,687
5,535,594,657,685
5,564,599,657,683
5,565,600,657,679
5,591,594,657,675
5,594,596,657,670
5,631,603,657,663
5,633,610,657,660
5,646,614,660,655
5,640,604,662,647
5,648,611,665,641
5,646,595,668,634
5,660,592,672,629
5,656,606,676,623
5,660,610,682,617
5,657,631,686,615
5,636,656,688,613
5,633,661,689,611
5,633,648,689,611
5,648,652,691,610
5,639,658,691,610
5,665,663,691,610
5,674,654,691,610
5,677,635,691,609
5,673,639,692,608
5,669,658,695,606
5,664,649,701,603
5,656,652,704,602
5,666,642,715,599
5,686,649,722,597
5,693,660,729,594
5,703,645,730,594
5,698,620,731,594
5,699,632,731,594
5,700,664,732,594
5,693,682,732,596
5,686,683,732,599
5,664,684,732,605
5,653,697,731,610
5,645,693,728,615
5,684,689,724,624
5,679,688,723,626
5,675,695,722,628
5,664,724,719,631
5,658,698,716,633
5,657,690,714,636
5,646,731,713,638
5,661,695,712,638
5,660,684,712,640
5,670,670,712,641
5,662,665,712,645
5,652,680,712,647
5,660,664,713,651
5,663,672,713,652
5,680,667,713,655
5,684,650,715,659
5,668,647,714,663
5,662,663,712,669
5,687,658,709,673
5,694,670,708,677
5,707,694,707,678
5,683,703,705,680
5,690,703,705,681
5,699,710,702,685
5,704,706,701,687
5,719,736,700,691
5,726,758,700,692
5,738,762,700,693
5,727,761,700,693
5,735,771,700,694
5,756,781,700,694
5,779,789,702,694
5,799,784,703,694
5,800,775,705,694
5,797,783,706,694
5,785,771,707,693
5,800,776,708,692
5,796,778,710,688
5,787,807,711,686
5,790,811,714,679
5,822,811,715,672
5,820,798,715,667
5,817,800,716,666
5,809,793,716,666
5,808,784,716,666
5,803,777,716,666
5,775,788,720,671
5,795,801,726,679
5,791,792,740,689
5,797,807,760,698
5,776,826,778,704
5,762,836,799,712
5,770,835,802,712
5,782,837,804,712
5,795,809,805,713
5,767,820,805,715
5,784,804,805,719
5,760,812,806,722
5,760,817,806,726
5,770,841,806,731
5,768,832,806,735
5,771,810,806,737
5,775,801,806,742
5,770,809,806,745
5,758,793,806,749
5,765,793,804,754
5,749,802,804,759
5,750,822,802,766
5,744,835,800,773
5,766,835,799,780
5,787,819,798,782
5,784,829,798,783
5,786,849,798,784
5,811,857,797,785
5,816,837,797,786
5,804,832,797,786
5,799,810,797,788
5,791,810,798,788
5,787,827,801,788
5,790,851,806,787
5,786,851,817,787
5,797,836,831,786
5,796,837,841,786
5,797,821,852,786
5,800,829,860,789
5,797,831,864,790
5,821,846,872,793
5,844,821,874,795
5,852,819,877,796
5,850,811,878,797
5,866,807,879,799
5,857,827,881,801
5,873,789,888,804
5,900,762,893,806
5,926,786,904,809
5,917,786,914,812
5,902,808,923,815
5,918,816,941,822
5,925,825,959,828
5,925,825,978,829
5,895,850,989,831
5,909,822,997,831
5,914,847,1000,831
5,925,852,1000,831
5,935,865,999,829
5,931,856,994,823
5,936,852,993,821
5,973,843,991,817
5,966,837,990,812
5,968,844,988,807
5,959,832,987,801
5,968,821,987,794
5,963,814,987,790
5,969,848,987,786
5,1004,843,987,785
5,1004,828,987,785
5,1015,806,987,785
5,1025,817,987,785
5,1004,823,987,788
5,1010,821,987,793
5,1022,847,987,798
5,1009,848,987,805
5,1012,872,985,816
5,1013,842,984,822
5,1007,849,983,824
5,994,848,983,825
5,976,850,983,826
5,965,827,986,830
5,978,827,992,834
5,992,839,999,838
5,982,833,1010,840
5,959,816,1020,841
5,965,833,1025,841
5,970,834,1028,841
5,978,844,1028,841
5,982,839,1028,843
5,1001,835,1028,844
5,1014,815,1028,845
5,993,814,1030,845
5,1010,851,1035,845
5,991,854,1037,844
5,981,855,1037,844
5,967,870,1039,842
5,965,875,1039,842
5,970,862,1039,842
5,975,872,1037,842
5,965,874,1032,842
5,965,905,1025,843
5,972,919,1021,845
5,973,905,1018,847
5,951,887,1018,847
5,926,892,1018,847
5,900,885,1018,847
5,898,895,1018,847
5,911,881,1018,847
5,934,868,1018,847
5,951,872,1018,848
5,954,857,1018,848
5,965,876,1018,849
5,953,874,1022,851
5,939,894,1029,854
5,938,889,1034,857
5,945,895,1041,858
5,975,904,1050,858
5,957,912,1051,858
5,987,890,1052,858
5,998,893,1052,858
5,978,883,1052,858
5,985,873,1052,858
5,989,895,1052,858
5,987,920,1052,858
5,988,923,1052,858
5,1004,912,1052,858
5,1012,943,1045,861
5,1045,937,1036,867
5,1030,910,1019,882
5,1025,913,1007,894
5,1036,914,1003,897
5,1020,912,1003,897
5,1029,893,1003,897
5,1015,907,1003,897
5,1003,928,1003,897
5,1016,931,1001,893
5,1018,924,997,890
5,1040,946,995,889
5,1048,941,994,889
5,1051,940,994,889
5,1069,930,994,889
5,1060,931,991,889
5,1066,925,986,893
5,1060,911,982,897
5,1053,931,976,904
5,1058,929,969,910
5,1037,921,963,918
5,1025,918,961,921
5,1031,913,961,922
5,1024,920,961,923
5,1029,937,969,923
5,1047,916,978,923
5,1061,911,994,921
5,1071,909,1011,920
5,1057,930,1028,918
5,1060,930,1050,916
5,1074,933,1067,914
5,1101,934,1077,911
5,1124,927,1081,908
5,1128,925,1082,908
5,1120,923,1082,908
5,1135,925,1082,908
5,1124,921,1082,908
5,1120,909,1081,908
5,1124,920,1077,907
5,1102,914,1070,907
5,1080,896,1061,906
5,1073,876,1053,904
5,1084,851,1042,903
5,1085,839,1034,901
5,1086,848,1030,900
5,1106,862,1028,899
5,1100,872,1026,899
5,1097,870,1026,899
5,1116,852,1028,899
5,1089,860,1029,899
5,1068,889,1036,900
5,1057,894,1059,902
5,1078,889,1063,902
5,1077,888,1087,902
5,1061,883,1104,901
5,1069,887,1116,901
5,1086,871,1124,901
5,1075,889,1128,900
5,1082,885,1129,900
5,1078,881,1129,900
5,1047,913,1129,900
5,1055,932,1130,899
5,1041,942,1136,899
5,1037,968,1141,897
5,1036,940,1146,896
5,1047,945,1150,892
5,1062,936,1150,890
5,1066,932,1149,888
5,1084,952,1146,887
5,1075,957,1144,886
5,1065,985,1142,884
5,1074,936,1141,883
5,1059,942,1139,881
5,1072,934,1138,879
5,1061,951,1137,876
5,1064,940,1135,875
5,1084,957,1133,874
5,1082,941,1132,874
5,1072,928,1130,874
5,1081,939,1129,878
5,1099,927,1126,887
5,1092,924,1123,899
5,1090,931,1119,914
5,1087,931,1116,925
5,1086,927,1112,933
5,1093,925,1110,935
5,1107,902,1109,938
5,1115,899,1108,941
5,1115,891,1104,943
5,1146,861,1102,946
5,1157,882,1098,950
5,1164,901,1094,954
5,1167,894,1090,960
5,1139,890,1086,963
5,1133,871,1085,966
5,1115,879,1084,968
5,1120,875,1084,969
5,1130,880,1084,969
5,1135,892,1084,969
5,1144,861,1084,969
5,1154,870,1083,969
5,1170,863,1083,969
5,1187,856,1083,969
5,1177,840,1082,969
5,1200,843,1082,966
5,1206,847,1082,964
5,1222,841,1082,960
5,1189,839,1082,958
5,1169,840,1082,955
5,1208,821,1085,951
5,1211,803,1095,945
5,1219,831,1106,937
5,1218,796,1122,928
5,1221,782,1132,921
5,1203,767,1143,914
5,1229,759,1150,911
5,1242,737,1166,902
5,1249,732,1179,895
5,1222,723,1192,887
5,1229,739,1204,877
5,1233,733,1210,870
5,1258,734,1216,862
5,1251,739,1220,857
5,1259,748,1223,851
5,1233,750,1224,846
5,1227,741,1227,841
5,1249,719,1229,837
5,1242,719,1238,830
5,1239,724,1239,829
5,1246,702,1246,825
5,1226,732,1251,819
5,1232,719,1257,816
5,1222,714,1258,814
5,1231,718,1258,812
5,1258,724,1258,811
5,1236,724,1258,811
5,1247,700,1258,811
5,1254,734,1258,809
5,1261,717,1259,808
5,1271,699,1261,806
5,1265,697,1264,799
5,1253,670,1267,794
5,1236,700,1271,785
5,1212,687,1273,778
5,1215,696,1274,772
5,1241,723,1275,768
5,1238,732,1275,763
5,1221,736,1277,759
5,1224,734,1278,754
5,1211,736,1278,746
5,1220,701,1278,737
5,1210,699,1277,733
5,1214,707,1277,728
5,1200,719,1277,724
5,1195,727,1275,722
5,1181,718,1275,719
5,1178,760,1275,716
5,1184,741,1275,713
5,1189,729,1275,712
5,1189,732,1274,709
5,1183,733,1273,707
5,1190,751,1271,707
5,1182,749,1270,707
5,1164,775,1269,707
5,1158,786,1267,707
5,1164,804,1265,707
5,1161,782,1263,707
5,1157,780,1259,706
5,1132,816,1254,704
5,1131,789,1248,704
5,1141,786,1244,704
5,1157,769,1243,704
5,1164,762,1241,705
5,1147,763,1238,705
5,1155,763,1235,705
5,1161,744,1229,706
5,1177,743,1222,709
5,1182,743,1213,713
5,1192,724,1206,721
5,1196,708,1198,730
5,1190,712,1193,735
5,1200,717,1184,745
5,1221,723,1175,752
5,1210,705,1155,773
5,1207,680,1148,781
5,1167,638,1138,791
5,1173,657,1129,798
5,1169,656,1124,801
5,1188,677,1118,805
5,1197,715,1112,812
5,1170,720,1110,816
5,1153,748,1109,819
5,1158,770,1107,820
5,1189,790,1107,820
5,1175,782,1107,820
5,1149,791,1107,820
5,1160,778,1109,818
5,1146,777,1113,813
5,1166,769,1121,805
5,1184,758,1128,799
5,1162,783,1136,792
5,1154,764,1140,786
5,1161,780,1144,779
5,1158,761,1146,775
5,1155,772,1149,770
5,1144,739,1149,769
5,1160,733,1149,766
5,1159,729,1149,766
5,1143,709,1149,765
5,1133,715,1149,765
5,1138,712,1149,765
5,1123,712,1149,765
5,1131,699,1149,765
5,1136,693,1150,765
5,1137,683,1150,765
5,1145,702,1152,762
5,1143,708,1155,760
5,1140,698,1156,758
5,1132,699,1158,754
5,1118,692,1159,752
5,1103,711,1160,752
5,1106,726,1160,750
5,1098,748,1160,747
5,1113,745,1160,745
5,1093,714,1160,741
5,1105,710,1160,739
5,1101,721,1158,734
5,1090,712,1153,728
5,1088,721,1148,723
5,1070,730,1145,719
5,1068,724,1143,714
5,1087,744,1139,709
5,1074,752,1135,705
5,1078,742,1132,700
5,1091,726,1131,696
5,1093,735,1129,693
5,1091,721,1128,689
5,1088,751,1127,684
5,1070,756,1125,680
5,1085,751,1125,678
5,1087,771,1125,676
5,1097,791,1125,675
5,1100,765,1125,673
5,1087,745,1125,672
5,1087,758,1124,670
5,1092,754,1123,669
5,1116,767,1121,669
5,1114,780,1117,668
5,1149,753,1115,668
5,1163,749,1111,669
5,1175,741,1109,671
5,1165,759,1104,674
5,1182,766,1098,680
5,1185,779,1089,686
5,1196,802,1084,690
5,1176,825,1080,694
5,1193,816,1077,699
5,1204,808,1077,701
5,1232,825,1077,703
5,1229,823,1078,706
5,1218,833,1081,709
5,1185,808,1086,712
5,1159,792,1095,713
5,1151,791,1102,716
5,1142,786,1111,718
5,1136,793,1119,718
5,1150,791,1132,718
5,1149,792,1137,719
5,1135,797,1142,720
5,1110,789,1148,722
5,1123,795,1151,724
5,1121,822,1158,728
5,1109,851,1163,734
5,1110,882,1165,740
5,1119,872,1168,747
5,1129,856,1168,750
5,1118,858,1170,756
5,1132,836,1170,758
5,1131,839,1170,761
5,1149,863,1168,764
5,1151,882,1166,766
5,1138,899,1162,769
5,1153,890,1159,771
5,1148,880,1151,774
5,1143,889,1149,774
5,1137,856,1149,774
5,1133,841,1149,774
5,1127,858,1149,774
5,1105,850,1149,774
5,1127,841,1149,774
5,1119,821,1149,774
5,1124,822,1149,774
5,1121,843,1149,776
5,1103,841,1149,778
5,1120,840,1149,783
5,1107,842,1151,789
5,1105,829,1153,793
5,1132,843,1154,796
5,1126,821,1154,798
5,1108,823,1156,802
5,1105,821,1157,807
5,1098,803,1160,815
5,1118,797,1163,823
5,1091,797,1166,836
5,1111,789,1167,845
5,1094,805,1170,854
5,1087,791,1172,864
5,1080,806,1172,874
5,1104,814,1171,885
5,1126,811,1168,892
5,1138,788,1166,896
5,1142,791,1165,899
5,1127,799,1163,901
5,1140,783,1162,902
5,1152,787,1162,902
5,1139,779,1162,902
5,1120,766,1162,902
5,1135,746,1161,899
5,1155,754,1157,894
5,1151,763,1155,889
5,1173,737,1153,882
5,1177,722,1149,874
5,1175,733,1146,866
5,1179,729,1140,855
5,1183,754,1137,848
5,1167,754,1136,841
5,1162,755,1134,835
5,1168,745,1134,835
5,1159,749,1135,828
5,1136,746,1136,823
5,1127,751,1138,820
5,1148,747,1142,816
5,1122,761,1148,813
5,1163,739,1155,809
5,1169,743,1162,804
5,1162,739,1166,800
5,1184,730,1168,798
5,1197,745,1173,795
5,1184,739,1177,792
5,1182,752,1181,788
5,1194,756,1185,785
5,1223,737,1186,784
5,1225,736,1187,783
5,1233,702,1187,782
5,1221,706,1188,779
5,1194,701,1189,777
5,1214,702,1189,777
5,1205,677,1191,777
5,1197,671,1191,777
5,1191,662,1191,777
5,1191,635,1191,777
5,1188,665,1191,777
5,1200,635,1191,777
5,1190,655,1191,776
5,1181,663,1192,776
5,1198,643,1193,776
5,1202,662,1195,775
5,1198,658,1197,775
5,1198,659,1199,774
5,1233,653,1201,774
5,1208,636,1203,772
5,1219,644,1205,770
5,1214,637,1208,767
5,1229,585,1209,763
5,1205,598,1210,756
5,1166,588,1208,746
5,1161,595,1200,732
5,1157,624,1197,722
5,1165,628,1195,713
5,1166,648,1195,709
5,1190,638,1195,707
5,1177,659,1195,705
5,1155,649,1195,703
5,1140,651,1197,701
5,1152,647,1200,700
5,1151,646,1204,696
5,1153,629,1207,693
5,1163,628,1212,689
5,1175,629,1216,685
5,1167,612,1220,681
5,1167,631,1224,678
5,1185,641,1225,674
5,1183,639,1228,671
5,1168,638,1229,669
5,1152,628,1230,667
5,1168,623,1231,667
5,1168,659,1231,667
5,1155,654,1231,667
5,1153,637,1231,667
5,1150,605,1226,667
5,1168,585,1217,667
5,1163,601,1210,669
5,1181,604,1203,669
5,1206,587,1200,669
5,1199,580,1197,669
5,1198,581,1194,667
5,1212,590,1187,666
5,1220,577,1172,661
5,1228,552,1144,655
5,1238,558,1122,649
5,1239,562,1102,643
5,1245,570,1095,637
5,1230,576,1092,636
5,1249,555,1092,635
5,1232,561,1092,634
5,1231,565,1095,632
5,1241,565,1100,631
5,1243,587,1107,627
5,1246,606,1116,624
5,1234,619,1129,617
5,1236,629,1138,613
5,1238,635,1144,610
5,1218,635,1149,606
5,1218,638,1151,605
5,1203,650,1155,602
5,1212,622,1159,601
5,1211,600,1161,600
5,1215,611,1165,597
5,1215,631,1171,596
5,1212,616,1174,594
5,1245,613,1176,592
5,1241,609,1177,591
5,1228,620,1179,590
5,1227,611,1182,590
5,1222,604,1185,590
5,1234,566,1189,594
5,1247,575,1192,603
5,1238,567,1194,620
5,1245,589,1194,636
5,1239,570,1194,653
5,1246,581,1195,660
5,1231,585,1195,662
5,1232,587,1195,662
5,1232,578,1195,662
5,1229,577,1195,662
5,1233,590,1195,662
5,1246,586,1195,662
5,1239,594,1197,662
5,1224,616,1198,662
5,1229,614,1201,658
5,1235,617,1204,656
5,1232,604,1208,652
5,1246,603,1215,645
5,1256,585,1222,639
5,1253,584,1226,637
5,1242,597,1230,632
5,1237,616,1236,626
5,1214,623,1240,620
5,1224,649,1241,617
5,1231,658,1242,614
5,1238,641,1244,612
5,1228,632,1244,609
5,1244,618,1244,605
5,1240,611,1244,601
5,1255,607,1244,599
5,1267,611,1245,597
5,1264,617,1247,594
5,1284,618,1248,592
5,1281,636,1248,592
5,1292,648,1248,592
5,1304,639,1248,592
5,1298,646,1248,592
5,1310,646,1248,592
5,1311,638,1247,593
5,1294,623,1245,595
5,1303,629,1245,597
5,1298,638,1245,600
5,1296,627,1247,603
5,1287,635,1248,604
5,1295,651,1250,605
5,1327,649,1252,606
5,1325,649,1257,607
5,1323,633,1264,609
5,1323,620,1272,609
5,1333,619,1282,609
5,1352,604,1293,609
5,1363,611,1303,609
5,1374,613,1310,608
5,1380,608,1317,608
5,1371,616,1319,607
5,1385,606,1319,607
5,1371,593,1319,607
5,1376,578,1320,607
5,1370,603,1320,607
5,1361,615,1320,607
5,1364,624,1325,610
5,1367,657,1333,611
5,1384,658,1338,613
5,1362,685,1344,613
5,1357,672,1350,614
5,1361,655,1356,615
5,1344,655,1364,615
5,1347,641,1380,615
5,1348,665,1413,615
5,1355,666,1442,615
5,1353,656,1464,614
5,1382,659,1478,614
5,1380,647,1479,614
5,1350,626,1479,613
5,1346,627,1478,613
5,1340,619,1477,613
5,1348,614,1477,613
5,1331,644,1476,613
5,1312,617,1476,613
5,1315,612,1476,613
5,1314,600,1475,613
5,1326,585,1472,613
5,1332,564,1464,617
5,1340,579,1458,623
5,1337,576,1453,630
5,1349,584,1448,637
5,1336,586,1449,640
5,1319,617,1448,647
5,1311,621,1447,652
5,1313,624,1446,656
5,1330,624,1446,658
5,1315,617,1443,661
5,1318,619,1442,662
5,1323,614,1440,662
5,1325,598,1437,662
5,1331,603,1431,659
5,1308,583,1405,647
5,1303,595,1379,635
5,1299,611,1368,629
5,1300,608,1362,625
5,1305,592,1361,623
5,1294,577,1362,621
5,1275,570,1364,621
5,1301,578,1365,620
5,1296,567,1365,620
5,1284,570,1365,620
5,1273,569,1365,620
5,1277,566,1365,620
5,1289,568,1365,620
5,1301,573,1365,620
5,1287,574,1365,620
5,1266,559,1365,620
5,1245,594,1363,618
5,1256,587,1360,613
5,1275,602,1354,607
5,1273,594,1347,600
5,1258,592,1338,596
5,1248,597,1329,590
5,1248,611,1320,585
5,1263,607,1307,580
5,1268,598,1300,576
5,1260,591,1289,570
5,1249,599,1276,563
5,1247,613,1265,559
5,1242,585,1254,556
5,1244,568,1252,556
5,1237,547,1252,556
5,1226,546,1252,556
5,1245,532,1252,556
5,1208,553,1252,556
5,1239,564,1250,556
5,1245,552,1250,556
5,1265,533,1249,556
5,1272,533,1248,556
5,1271,522,1247,556
5,1248,540,1241,558
5,1227,541,1237,559
5,1231,540,1235,560
5,1218,531,1230,563
5,1261,529,1224,567
5,1243,528,1218,570
5,1223,517,1215,572
5,1225,510,1212,573
5,1217,535,1212,573
5,1227,520,1212,573
5,1242,520,1211,573
5,1257,519,1209,573
5,1252,517,1207,571
5,1252,502,1207,570
5,1257,486,1207,567
5,1237,493,1208,565
5,1239,479,1210,563
5,1226,498,1216,559
5,1249,487,1223,556
5,1230,493,1231,553
5,1227,504,1242,548
5,1221,518,1249,545
5,1197,524,1253,543
5,1199,527,1253,541
5,1189,505,1253,539
5,1164,505,1253,537
5,1164,511,1253,536
5,1200,507,1253,535
5,1193,514,1253,534
5,1191,533,1253,533
5,1183,532,1253,530
5,1183,556,1253,529
5,1181,582,1253,527
5,1204,554,1254,526
5,1199,524,1257,522
5,1167,534,1259,517
5,1190,551,1259,513
5,1195,531,1261,505
5,1181,517,1261,500
5,1180,518,1261,495
5,1166,526,1260,488
5,1199,520,1256,481
5,1180,527,1252,474
5,1179,519,1244,466
5,1188,525,1237,463
5,1201,536,1236,462
5,1193,550,1234,462
5,1216,575,1229,464
5,1216,595,1223,475
5,1215,625,1218,486
5,1209,624,1217,496
5,1240,599,1215,507
5,1236,596,1215,517
5,1226,589,1215,524
5,1208,582,1215,528
5,1202,590,1215,529
5,1224,599,1215,529
5,1225,625,1215,530
5,1201,625,1215,530
5,1192,610,1217,532
5,1201,599,1217,536
5,1188,620,1218,540
5,1172,629,1219,544
5,1188,617,1220,550
5,1202,622,1225,559
5,1198,612,1229,568
5,1190,612,1237,575
5,1194,590,1241,579
5,1199,606,1244,581
5,1181,591,1246,584
5,1176,598,1248,584
5,1186,601,1248,584
5,1176,601,1248,584
5,1168,608,1248,584
5,1188,625,1248,585
5,1216,608,1248,586
5,1221,601,1248,589
5,1203,591,1246,593
5,1186,608,1244,597
5,1170,596,1239,604
5,1161,579,1237,611
5,1150,585,1235,616
5,1177,564,1231,622
5,1209,569,1229,625
5,1190,552,1225,629
5,1215,537,1221,633
5,1209,525,1221,634
5,1178,500,1218,635
5,1199,510,1217,636
5,1171,516,1214,636
5,1160,534,1213,636
5,1150,527,1213,636
5,1146,539,1213,636
5,1149,527,1213,636
5,1167,523,1213,636
5,1177,534,1213,635
5,1161,521,1213,633
5,1166,504,1215,632
5,1155,524,1219,626
5,1155,527,1223,623
5,1170,551,1227,616
5,1188,554,1232,607
5,1185,551,1233,596
5,1182,554,1236,584
5,1189,547,1236,574
5,1201,567,1234,561
5,1215,574,1223,551
5,1207,578,1214,544
5,1218,584,1213,543
5,1208,571,1213,543
5,1216,567,1213,543
5,1216,580,1213,543
5,1222,580,1211,543
5,1226,575,1207,543
5,1236,587,1202,543
5,1260,594,1197,544
5,1268,572,1191,546
5,1275,568,1188,547
5,1278,541,1184,550
5,1292,565,1182,553
5,1294,592,1182,554
5,1301,571,1182,564
5,1303,569,1183,566
5,1322,538,1186,569
5,1316,545,1187,571
5,1309,533,1189,574
5,1295,540,1193,577
5,1286,580,1199,583
5,1331,602,1204,587
5,1332,603,1210,588
5,1328,593,1212,589
5,1333,611,1214,590
5,1328,608,1218,590
5,1315,620,1223,592
5,1292,632,1228,592
5,1291,638,1233,592
5,1297,621,1237,590
5,1304,610,1241,586
5,1301,611,1244,581
5,1285,598,1248,574
5,1297,603,1252,570
5,1299,593,1256,565
5,1291,600,1257,561
5,1281,595,1257,561
5,1275,596,1259,559
5,1280,590,1260,559
5,1267,574,1260,559
5,1281,590,1262,559
5,1317,621,1262,559
5,1294,619,1262,559
5,1297,605,1264,565
5,1304,630,1271,576
5,1302,657,1277,583
5,1299,671,1284,596
5,1285,680,1284,602
5,1275,676,1285,609
5,1309,699,1285,612
5,1299,700,1285,615
5,1312,710,1285,617
5,1336,709,1285,618
5,1319,707,1284,619
5,1305,715,1283,620
5,1309,720,1281,620
5,1309,713,1279,621
5,1303,720,1277,624
5,1305,742,1276,629
5,1290,751,1275,633
5,1297,761,1272,640
5,1298,761,1272,645
5,1315,762,1273,650
5,1301,755,1274,656
5,1321,770,1275,661
5,1327,779,1279,665
5,1339,778,1286,669
5,1350,781,1293,671
5,1362,760,1302,672
5,1378,777,1311,674
5,1371,798,1313,674
5,1352,796,1313,675
5,1359,787,1314,676
5,1361,788,1314,678
5,1354,802,1315,682
5,1333,799,1315,684
5,1337,801,1315,688
5,1364,782,1315,691
5,1360,779,1315,695
5,1400,788,1312,702
5,1373,766,1311,706
5,1362,776,1310,709
5,1348,773,1309,713
5,1327,782,1309,714
5,1333,773,1309,715
5,1355,772,1309,716
5,1358,766,1311,716
5,1362,765,1312,716
5,1370,756,1313,718
5,1356,751,1316,719
5,1332,757,1317,721
5,1316,747,1318,723
5,1303,753,1319,727
5,1310,730,1321,731
5,1318,709,1321,733
5,1318,708,1324,739
5,1314,695,1328,743
5,1302,681,1330,744
5,1303,670,1330,744
5,1342,647,1330,744
5,1346,659,1331,744
5,1351,663,1331,744
5,1355,662,1333,744
5,1367,659,1336,744
5,1383,651,1338,742
5,1371,665,1340,740
5,1374,666,1344,739
5,1352,668,1345,739
5,1345,675,1351,739
5,1363,721,1356,739
5,1380,720,1361,739
5,1351,739,1365,738
5,1353,744,1369,733
5,1333,750,1370,729
5,1348,768,1372,722
5,1364,757,1373,717
5,1364,757,1376,711
5,1344,751,1377,706
5,1335,729,1378,699
5,1327,737,1378,690
5,1354,719,1378,680
5,1369,724,1376,671
5,1356,714,1373,666
5,1352,742,1373,664
5,1366,731,1372,664
5,1368,753,1371,664
5,1359,733,1370,664
5,1342,739,1366,665
5,1346,729,1362,667
5,1351,733,1356,671
5,1345,726,1344,674
5,1344,730,1339,675
5,1354,720,1335,675
5,1340,722,1333,675
5,1327,728,1333,675
5,1317,730,1333,675
5,1325,723,1333,675
5,1315,726,1333,675
5,1300,720,1334,675
5,1292,714,1340,677
5,1308,681,1345,678
5,1279,661,1348,678
5,1271,664,1349,678
5,1272,671,1351,678
5,1263,672,1352,678
5,1267,683,1353,678
5,1273,663,1354,678
5,1270,682,1356,677
5,1296,664,1358,675
5,1276,681,1358,668
5,1283,685,1358,663
5,1243,691,1358,661
5,1241,686,1355,651
5,1225,687,1352,644
5,1226,669,1350,638
5,1254,663,1346,633
5,1254,685,1341,626
5,1257,653,1337,620
5,1261,660,1333,616
5,1265,664,1331,612
5,1269,681,1328,610
5,1294,668,1326,605
5,1278,661,1321,599
5,1276,665,1319,596
5,1273,673,1317,594
5,1283,676,1317,593
5,1283,676,1316,592
5,1269,690,1315,590
5,1253,711,1312,589
5,1250,708,1310,586
5,1257,689,1309,585
5,1239,684,1308,584
5,1260,688,1307,583
5,1243,690,1302,580
5,1250,665,1295,575
5,1271,684,1290,574
5,1285,680,1283,569
5,1304,682,1277,568
5,1321,679,1274,568
5,1292,668,1273,568
5,1304,680,1271,568
5,1302,698,1266,568
5,1325,708,1260,571
5,1302,761,1253,575
5,1293,754,1244,585
5,1284,780,1232,597
5,1309,781,1217,613
5,1309,776,1209,622
5,1328,776,1201,634
5,1315,784,1197,647
5,1294,796,1196,654
5,1307,794,1196,662
5,1299,775,1198,671
5,1333,751,1199,680
5,1306,726,1202,685
5,1289,720,1203,689
5,1274,727,1204,693
5,1260,718,1205,696
5,1278,707,1208,700
5,1289,695,1211,705
5,1284,685,1215,713
5,1273,707,1222,718
5,1260,688,1226,722
5,1262,710,1227,725
5,1257,723,1229,729
5,1228,746,1232,733
5,1250,732,1234,738
5,1249,727,1240,741
5,1248,728,1244,744
5,1244,731,1249,745
5,1244,714,1252,745
5,1254,715,1255,745
5,1264,721,1258,745
5,1271,725,1261,745
5,1267,736,1264,741
5,1239,710,1268,737
5,1251,720,1270,734
5,1261,684,1273,732
5,1255,686,1274,729
5,1239,691,1275,727
5,1228,710,1275,723
5,1201,711,1275,720
5,1197,711,1275,715
5,1205,708,1275,713
5,1185,710,1275,713
5,1191,702,1275,711
5,1202,712,1275,710
5,1196,689,1275,709
5,1181,688,1275,708
5,1166,671,1272,704
5,1178,677,1270,702
5,1153,661,1268,701
5,1161,633,1267,700
5,1165,619,1267,698
5,1148,641,1265,696
5,1133,636,1265,693
5,1103,647,1263,686
5,1133,634,1263,683
5,1139,644,1262,679
5,1155,644,1260,674
5,1141,651,1258,669
5,1152,672,1254,666
5,1130,672,1252,662
5,1121,683,1248,660
5,1115,681,1246,659
5,1102,707,1244,658
5,1102,705,1242,658
5,1100,724,1242,658
5,1115,708,1241,658
5,1116,700,1240,658
5,1109,711,1238,658
5,1111,690,1232,656
5,1095,696,1224,655
5,1095,697,1207,651
5,1106,673,1187,648
5,1076,675,1175,646
5,1080,661,1167,646
5,1077,672,1162,646
5,1085,693,1161,646
5,1098,690,1161,646
5,1098,692,1161,646
5,1103,685,1157,649
5,1112,690,1153,655
5,1106,727,1147,663
5,1130,711,1141,672
5,1132,699,1133,684
5,1134,700,1122,693
5,1127,696,1113,699
5,1105,704,1104,704
5,1085,707,1097,706
5,1076,701,1090,708
5,1065,713,1085,708
5,1054,710,1083,708
5,1063,688,1081,708
5,1039,690,1079,708
5,1061,704,1079,708
5,1058,703,1079,708
5,1055,698,1079,708
5,1060,696,1079,709
5,1078,689,1080,709
5,1080,669,1082,709
5,1064,674,1087,710
5,1083,669,1092,710
5,1065,682,1098,710
5,1057,689,1098,710
5,1079,687,1099,710
5,1074,699,1099,711
5,1053,667,1097,712
5,1062,664,1096,715
5,1080,650,1092,719
5,1070,660,1088,723
5,1092,653,1080,728
5,1098,649,1069,735
5,1121,639,1060,741
5,1127,647,1053,745
5,1107,650,1049,748
5,1089,619,1046,751
5,1106,620,1042,755
5,1108,612,1040,758
5,1125,602,1034,762
5,1155,615,1029,767
5,1142,630,1023,771
5,1138,641,1019,775
5,1130,657,1016,778
5,1134,659,1012,781
5,1134,663,1011,783
5,1130,663,1011,784
5,1115,661,1011,784
5,1123,666,1010,784
5,1094,679,1010,784
5,1113,696,1010,784
5,1113,710,1011,782
5,1089,719,1018,775
5,1081,719,1025,769
5,1089,700,1031,765
5,1080,670,1036,761
5,1075,683,1042,758
5,1085,683,1049,754
5,1087,690,1059,749
5,1102,689,1068,743
5,1126,704,1074,739
5,1127,706,1078,733
5,1126,707,1081,730
5,1112,695,1084,729
5,1113,720,1087,726
5,1126,712,1089,725
5,1131,708,1089,725
5,1126,705,1090,725
5,1119,685,1091,725
5,1107,686,1091,724
5,1131,694,1091,724
5,1129,690,1091,723
5,1130,670,1092,721
5,1125,682,1093,719
5,1123,706,1095,718
5,1107,700,1096,715
5,1127,708,1097,713
5,1125,732,1098,709
5,1138,725,1099,707
5,1140,708,1100,703
5,1135,730,1102,699
5,1144,721,1104,694
5,1161,717,1107,690
5,1176,718,1108,685
5,1185,727,1109,682
5,1155,714,1110,679
5,1149,712,1112,676
5,1132,725,1114,670
5,1154,735,1118,663
5,1151,737,1120,656
5,1150,748,1123,649
5,1158,759,1124,639
5,1163,762,1124,637
5,1171,741,1124,636
5,1194,707,1124,636
5,1201,699,1124,636
5,1200,714,1124,636
5,1189,707,1124,636
5,1176,713,1124,637
5,1198,698,1123,649
5,1185,697,1125,659
5,1176,711,1131,670
5,1181,713,1138,678
5,1189,743,1149,686
5,1182,738,1163,692
5,1163,719,1175,695
5,1160,686,1186,697
5,1139,679,1190,697
5,1115,671,1191,697
5,1104,650,1191,697
5,1109,667,1192,697
5,1117,665,1193,697
5,1113,653,1197,696
5,1103,641,1201,694
5,1099,629,1204,692
5,1103,644,1206,690
5,1109,662,1209,688
5,1104,652,1211,686
5,1107,675,1212,685
5,1122,676,1213,682
5,1124,683,1213,680
5,1109,676,1214,678
5,1106,698,1216,676
5,1084,708,1217,674
5,1071,692,1218,672
5,1078,675,1218,672
5,1061,678,1219,671
5,1054,694,1220,670
5,1063,686,1220,670
5,1071,675,1221,670
5,1071,665,1222,669
5,1065,668,1225,669
5,1071,641,1228,668
5,1082,628,1233,668
5,1083,626,1244,668
5,1073,623,1260,668
5,1081,626,1282,670
5,1047,625,1302,674
5,1042,616,1309,675
5,1056,628,1310,675
5,1054,627,1310,677
5,1066,612,1309,677
5,1058,600,1307,678
5,1053,613,1306,678
5,1072,603,1303,678
5,1071,596,1300,678
5,1056,574,1289,676
5,1028,565,1264,670
5,1035,571,1249,665
5,1026,575,1232,663
5,1016,568,1221,660
5,1039,595,1212,654
5,1032,568,1203,651
5,1013,559,1190,646
5,1026,545,1173,639
5,1027,541,1170,639
5,1030,524,1169,639
5,1005,524,1169,639
5,1008,535,1169,637
5,1005,533,1169,637
5,1039,519,1169,637
5,1024,521,1169,637
5,1036,532,1168,636
5,1026,521,1163,633
5,1025,520,1152,628
5,1027,514,1132,623
5,1036,512,1107,619
5,1030,497,1079,615
5,1011,486,1054,611
5,987,489,1040,609
5,995,480,1031,607
5,988,473,1029,605
5,1009,471,1027,603
5,1008,476,1024,600
5,1004,493,1024,599
5,1012,477,1024,597
5,999,478,1025,596
5,976,458,1028,595
5,956,469,1030,594
5,951,441,1032,593
5,930,429,1033,589
5,946,426,1034,587
5,939,447,1037,582
5,926,450,1039,578
5,937,459,1043,572
5,936,448,1045,565
5,933,445,1045,560
5,933,444,1045,555
5,933,469,1045,548
5,947,462,1043,541
5,950,475,1037,522
5,926,505,1032,512
5,929,492,1024,498
5,915,496,1014,487
5,917,532,1003,479
5,915,532,996,473
5,901,541,988,465
5,908,539,981,461
5,909,538,975,457
5,891,557,971,454
5,898,551,969,453
5,904,564,968,452
5,886,564,966,448
5,903,567,963,446
5,893,561,958,441
5,870,524,949,436
5,881,537,940,430
5,903,520,929,424
5,896,526,925,421
5,898,509,924,420
5,894,513,923,420
5,905,495,922,420
5,901,505,917,420
5,891,516,915,423
5,883,521,911,444
5,901,510,910,460
5,880,533,907,469
5,855,493,902,478
5,843,516,898,482
5,846,524,893,486
5,868,554,888,487
5,864,560,880,492
5,864,549,872,498
5,834,569,866,500
5,838,559,864,503
5,840,552,861,503
5,827,538,861,504
5,842,505,861,504
5,860,524,860,504
5,852,545,860,504
5,846,578,860,504
5,862,555,860,504
5,856,575,859,504
5,854,611,858,508
5,846,593,854,513
5,852,580,852,522
5,842,554,851,532
5,856,550,851,541
5,865,554,851,548
5,849,550,851,549
5,864,562,850,550
5,872,541,849,550
5,864,525,845,550
5,878,524,838,550
5,864,536,831,550
5,846,531,819,548
5,858,511,806,543
5,871,511,792,543
5,854,523,784,541
5,859,514,780,540
5,876,496,779,540
5,879,486,779,540
5,898,482,780,540
5,891,475,780,540
5,913,452,780,540
5,923,438,784,541
5,934,416,789,545
5,940,398,802,552
5,936,418,813,555
5,914,428,818,555
5,903,419,821,555
5,900,446,822,555
5,915,480,825,555
5,927,470,832,552
5,903,472,843,549
5,883,459,853,546
5,872,456,864,543
5,902,457,873,537
5,902,449,878,533
5,911,428,881,529
5,899,442,883,524
5,898,460,886,518
5,901,467,889,513
5,915,477,890,506
5,930,505,893,498
5,932,518,893,492
5,930,534,891,485
5,941,532,887,481
5,927,520,886,480
5,913,528,886,479
5,893,525,885,478
5,905,540,884,477
5,922,532,884,475
5,911,500,883,475
5,925,507,883,474
5,918,512,883,473
5,926,498,884,473
5,914,493,884,472
5,895,500,884,472
5,901,489,886,472
5,920,489,886,472
5,952,503,893,478
5,959,493,898,485
5,956,499,910,495
5,942,487,919,504
5,907,482,931,516
5,911,468,934,519
5,905,458,935,521
5,908,443,935,524
5,903,432,935,525
5,913,443,937,527
5,896,434,938,528
5,926,446,938,528
5,939,459,939,528
5,929,448,941,529
5,933,470,944,531
5,939,475,951,533
5,925,457,966,536
5,929,437,971,536
5,941,435,975,536
5,924,433,975,536
5,912,438,977,536
5,941,454,977,536
5,948,441,980,535
5,955,447,986,534
5,946,422,991,531
5,968,442,997,528
5,964,452,1002,527
5,955,473,1006,524
5,966,454,1007,522
5,965,451,1008,518
5,973,483,1008,516
5,972,502,1007,514
5,950,482,1002,510
5,981,511,995,508
5,977,529,987,506
5,986,523,979,504
5,997,521,974,504
5,1000,522,968,504
5,989,532,965,503
5,996,535,961,503
5,1018,535,960,503
5,1015,538,960,503
5,1055,523,960,503
5,1062,514,960,503
5,1057,517,960,503
5,1049,542,961,502
5,1062,542,965,502
5,1076,534,968,501
5,1065,531,972,500
5,1071,527,974,498
5,1079,517,975,498
5,1108,533,977,499
5,1118,519,979,502
5,1098,524,985,508
5,1099,524,989,515
5,1086,537,995,522
5,1078,538,1001,532
5,1087,534,1009,541
5,1115,521,1018,547
5,1097,546,1021,548
5,1122,586,1025,549
5,1120,601,1027,549
5,1130,587,1031,549
5,1119,580,1036,549
5,1118,580,1045,546
5,1116,589,1053,543
5,1117,581,1061,539
5,1105,577,1071,535
5,1106,574,1074,534
5,1102,589,1079,534
5,1106,573,1083,532
5,1131,572,1088,532
5,1130,572,1092,531
5,1122,560,1095,530
5,1121,548,1098,530
5,1104,560,1103,530
5,1103,558,1110,533
5,1115,547,1119,537
5,1137,541,1126,543
5,1139,530,1134,551
5,1125,553,1143,558
5,1113,561,1150,566
5,1107,539,1156,573
5,1089,536,1159,579
5,1097,550,1160,586
5,1105,541,1163,593
5,1108,555,1166,598
5,1118,566,1167,602
5,1099,553,1169,604
5,1080,534,1170,609
5,1092,516,1172,613
5,1094,493,1173,618
5,1097,500,1173,625
5,1095,508,1176,630
5,1099,511,1177,634
5,1091,526,1177,637
5,1090,562,1177,641
5,1104,568,1177,643
5,1096,593,1176,643
5,1090,612,1171,644
5,1104,608,1165,646
5,1125,591,1162,646
5,1117,584,1161,646
5,1124,577,1159,646
5,1122,571,1159,646
5,1111,571,1158,646
5,1110,563,1156,642
5,1098,549,1152,635
5,1098,561,1142,625
5,1116,566,1126,614
5,1130,539,1107,603
5,1147,527,1097,600
5,1151,513,1093,599
5,1129,484,1093,599
5,1111,482,1092,599
5,1099,508,1092,599
5,1094,518,1092,599
5,1094,502,1092,599
5,1108,517,1092,599
5,1116,520,1092,599
5,1123,512,1092,598
5,1123,516,1088,595
5,1104,520,1079,591
5,1103,537,1072,586
5,1097,532,1066,582
5,1102,545,1065,580
5,1128,531,1065,578
5,1126,499,1069,574
5,1130,497,1075,567
5,1119,511,1081,559
5,1129,503,1090,551
5,1124,505,1098,547
5,1126,474,1103,544
5,1105,487,1105,543
5,1117,479,1105,543
5,1115,479,1108,542
5,1118,491,1109,542
5,1122,504,1112,542
5,1150,504,1116,541
5,1147,519,1117,541
5,1167,525,1120,541
5,1164,510,1120,541
5,1188,521,1121,540
5,1159,503,1121,540
5,1150,507,1124,539
5,1162,506,1125,538
5,1158,488,1130,535
5,1132,499,1133,532
5,1145,512,1139,527
5,1140,499,1143,525
5,1137,495,1145,522
5,1139,486,1148,521
5,1158,493,1150,520
5,1147,488,1150,520
5,1148,512,1150,520
5,1145,519,1150,520
5,1142,518,1150,520
5,1137,495,1150,520
5,1138,496,1151,524
5,1135,448,1154,531
5,1139,454,1160,542
5,1115,460,1169,562
5,1125,456,1179,570
5,1122,443,1182,572
5,1127,455,1186,572
5,1115,466,1188,573
5,1123,472,1188,573
5,1129,472,1189,573
5,1122,492,1189,573
5,1143,509,1189,573
5,1147,496,1189,573
5,1148,509,1189,571
5,1145,503,1188,567
5,1141,478,1187,565
5,1132,475,1187,561
5,1123,484,1185,558
5,1125,494,1182,553
5,1095,459,1178,549
5,1101,471,1177,545
5,1084,471,1175,540
5,1102,444,1174,536
5,1111,466,1173,531
5,1099,441,1169,528
5,1085,463,1164,527
5,1109,467,1162,526
5,1132,472,1160,525
5,1113,496,1160,525
5,1108,493,1160,525
5,1111,494,1160,525
5,1122,505,1159,525
5,1127,488,1157,523
5,1126,493,1155,520
5,1129,488,1150,519
5,1133,490,1141,516
5,1141,459,1117,509
5,1134,474,1089,499
5,1128,469,1058,491
5,1123,474,1030,483
5,1101,470,1019,480
5,1080,478,1018,479
5,1049,476,1026,477
5,1038,432,1040,477
5,1040,459,1059,477
5,1024,453,1068,477
5,1044,430,1078,477
5,1050,433,1085,477
5,1044,445,1090,477
5,1060,423,1092,479
5,1085,423,1095,479
5,1089,428,1098,481
5,1092,422,1102,484
5,1105,428,1108,486
5,1086,420,1111,489
5,1085,434,1117,493
5,1074,414,1124,497
5,1066,396,1128,498
5,1077,397,1129,499
5,1054,384,1130,499
5,1071,355,1130,499
5,1078,344,1130,499
5,1070,352,1130,498
5,1069,377,1120,492
5,1080,366,1106,477
5,1069,335,1079,463
5,1051,343,1066,457
5,1046,353,1062,455
5,1035,343,1061,453
5,1023,314,1062,453
5,1052,339,1065,452
5,1043,347,1066,449
5,1031,334,1068,447
5,1017,331,1069,444
5,1025,356,1071,440
5,1026,377,1077,435
5,1024,380,1082,427
5,1041,379,1090,421
5,1044,385,1097,412
5,1062,401,1103,401
5,1033,398,1105,393
5,1036,389,1106,381
5,1009,381,1106,370
5,1007,382,1103,358
5,988,409,1094,344
5,990,399,1080,330
5,980,379,1058,310
5,967,368,1049,306
5,940,354,1046,302
5,972,372,1045,301
5,978,369,1045,301
5,967,382,1045,301
5,969,392,1045,301
5,964,380,1043,301
5,963,384,1040,301
5,963,354,1039,308
5,954,372,1037,318
5,952,388,1037,328
5,968,410,1036,337
5,982,421,1035,343
5,969,435,1032,346
5,961,445,1030,349
5,974,439,1028,350
5,957,433,1022,353
5,944,428,1018,354
5,974,428,1014,355
5,964,446,1003,358
5,961,439,999,359
5,969,435,982,361
5,967,437,957,363
5,949,433,930,371
5,945,456,919,381
5,936,456,916,390
5,923,450,916,404
5,908,436,920,425
5,905,425,926,443
5,917,426,935,464
5,937,429,946,483
5,932,442,953,499
5,948,432,955,506
5,969,424,955,510
5,978,442,952,512
5,976,440,948,515
5,945,463,947,518
5,966,452,944,523
5,956,444,943,526
5,952,420,943,529
5,937,438,943,529
5,930,446,943,530
5,941,447,943,530
5,929,447,943,530
5,909,449,943,530
5,922,465,943,528
5,941,485,943,524
5,937,480,943,522
5,940,473,943,515
5,956,455,942,512
5,964,451,942,505
5,947,463,941,500
5,969,461,941,497
5,992,471,941,494
5,1018,463,943,490
5,1036,482,950,486
5,1060,500,959,483
5,1085,481,972,477
5,1088,484,988,470
5,1067,470,991,469
5,1053,472,991,469
5,1039,458,990,469
5,1028,478,985,469
5,1044,488,979,472
5,1048,474,975,478
5,1039,468,972,485
5,1055,477,969,494
5,1070,483,968,499
5,1073,468,968,504
5,1061,467,970,513
5,1076,488,986,523
5,1084,491,1020,535
5,1058,499,1039,535
5,1048,503,1052,535
5,1043,521,1062,533
5,1040,516,1069,531
5,1033,522,1073,529
5,1037,529,1080,527
5,1042,523,1090,526
5,1063,522,1101,524
5,1066,518,1113,523
5,1064,504,1125,519
5,1093,519,1130,516
5,1080,513,1134,513
5,1080,520,1135,512
5,1097,523,1135,512
5,1103,532,1135,512
5,1089,538,1135,511
5,1083,527,1136,511
5,1077,520,1136,511
5,1106,513,1136,511
5,1118,536,1137,510
5,1119,523,1137,510
5,1118,535,1138,509
5,1113,543,1138,509
5,1107,532,1138,509
5,1089,542,1138,509
5,1096,564,1138,509
5,1127,560,1138,509
5,1128,551,1137,509
5,1119,545,1133,512
5,1103,524,1127,517
5,1085,526,1120,520
5,1085,535,1114,523
5,1083,541,1113,524
5,1080,540,1112,525
5,1074,544,1112,525
5,1084,565,1112,525
5,1105,559,1112,526
5,1110,588,1112,526
5,1090,591,1112,526
5,1074,586,1113,526
5,1075,576,1114,527
5,1100,560,1116,528
5,1099,555,1116,529
5,1088,571,1116,532
5,1099,558,1116,535
5,1121,574,1114,546
5,1129,554,1113,554
5,1132,558,1113,562
5,1124,539,1110,571
5,1126,523,1110,576
5,1112,544,1109,585
5,1101,539,1108,590
5,1095,549,1105,595
5,1087,556,1103,598
5,1074,532,1101,602
5,1055,531,1098,608
5,1044,531,1095,612
5,1052,530,1094,613
5,1057,504,1093,615
5,1054,502,1090,618
5,1050,512,1090,620
5,1042,524,1088,624
5,1039,514,1087,627
5,1064,525,1087,631
5,1085,530,1087,634
5,1073,511,1087,636
5,1087,504,1087,638
5,1086,488,1088,638
5,1074,486,1092,638
5,1093,478,1099,628
5,1074,456,1100,622
5,1091,454,1101,615
5,1087,479,1103,607
5,1074,468,1103,603
5,1111,489,1103,599
5,1090,484,1102,596
5,1091,475,1100,592
5,1074,489,1099,587
5,1078,500,1098,583
5,1104,526,1098,578
5,1101,531,1098,569
5,1107,532,1102,563
5,1145,559,1107,558
5,1150,575,1111,551
5,1157,566,1115,543
5,1170,573,1120,536
5,1178,556,1126,527
5,1171,540,1132,520
5,1202,535,1136,513
5,1221,534,1140,505
5,1221,547,1141,503
5,1231,531,1143,501
5,1208,527,1143,500
5,1216,537,1143,500
5,1225,549,1143,500
5,1211,535,1142,500
5,1211,548,1139,500
5,1214,567,1133,501
5,1211,578,1128,504
5,1193,557,1125,510
5,1191,553,1122,515
5,1176,569,1120,523
5,1164,576,1118,532
5,1174,557,1115,545
5,1188,553,1115,553
5,1170,551,1117,560
5,1149,569,1121,566
5,1178,556,1128,569
5,1162,545,1134,569
5,1157,543,1140,569
5,1157,528,1147,568
5,1119,522,1156,565
5,1128,534,1167,562
5,1138,527,1175,561
5,1147,524,1186,561
5,1166,510,1192,561
5,1176,496,1195,561
5,1193,497,1197,562
5,1198,497,1197,563
5,1204,482,1199,566
5,1197,464,1200,568
5,1198,461,1202,570
5,1172,441,1203,574
5,1177,446,1206,577
5,1195,450,1208,581
5,1183,467,1211,585
5,1176,469,1212,587
5,1176,474,1212,589
5,1186,466,1212,590
5,1194,482,1211,591
5,1187,465,1211,591
5,1189,470,1211,591
5,1197,462,1211,591
5,1212,439,1211,591
5,1204,438,1212,590
5,1201,445,1214,588
5,1210,440,1215,586
5,1222,449,1217,584
5,1204,456,1219,580
5,1190,453,1224,574
5,1202,423,1228,568
5,1189,432,1231,563
5,1187,422,1232,558
5,1215,400,1233,553
5,1239,391,1235,549
5,1232,381,1236,546
5,1230,383,1237,542
5,1230,388,1238,540
5,1248,401,1241,536
5,1257,404,1243,534
5,1255,397,1247,532
5,1270,423,1250,530
5,1282,408,1251,529
5,1292,367,1255,527
5,1294,396,1259,526
5,1295,397,1261,523
5,1294,397,1264,522
5,1316,389,1270,520
5,1338,386,1277,517
5,1346,389,1280,514
5,1339,400,1286,512
5,1342,397,1290,509
5,1317,407,1293,508
5,1312,416,1296,508
5,1300,411,1297,507
5,1296,438,1299,506
5,1280,428,1301,505
5,1268,440,1305,503
5,1264,424,1310,503
5,1262,412,1317,502
5,1281,430,1327,501
5,1291,448,1334,499
5,1286,443,1341,498
5,1297,446,1345,497
5,1293,432,1349,495
5,1295,473,1352,493
5,1301,505,1353,492
5,1279,510,1356,490
5,1289,498,1356,490
5,1281,483,1357,487
5,1292,473,1358,485
5,1311,460,1358,481
5,1311,437,1358,478
5,1314,455,1350,473
5,1327,450,1348,472
5,1329,443,1348,472
5,1321,441,1348,472
5,1306,434,1348,472
5,1297,455,1348,472
5,1289,467,1345,472
5,1311,450,1343,472
5,1282,427,1342,472
5,1253,445,1338,473
5,1259,457,1333,477
5,1262,482,1328,481
5,1290,493,1323,486
5,1285,496,1318,492
5,1291,504,1313,496
5,1266,501,1313,496
5,1290,523,1312,496
5,1299,497,1312,496
5,1293,493,1312,496
5,1313,492,1313,496
5,1316,483,1316,496
5,1322,508,1318,493
5,1332,499,1322,491
5,1346,490,1324,487
5,1340,477,1324,486
5,1310,479,1324,485
5,1300,488,1324,484
5,1320,498,1324,482
5,1304,496,1322,481
5,1331,511,1318,481
5,1317,508,1311,479
5,1315,502,1303,479
5,1319,505,1290,477
5,1316,491,1278,477
5,1274,501,1268,477
5,1264,514,1261,477
5,1286,499,1258,477
5,1300,516,1257,477
5,1313,540,1257,477
5,1309,526,1257,477
5,1300,516,1257,477
5,1314,513,1257,477
5,1315,502,1257,477
5,1339,528,1257,477
5,1349,520,1255,477
5,1353,526,1255,477
5,1365,516,1255,476
5,1355,518,1254,476
5,1353,528,1252,475
5,1325,528,1250,474
5,1321,525,1244,471
5,1350,489,1237,470
5,1352,479,1232,468
5,1341,485,1221,465
5,1332,486,1218,465
5,1336,469,1213,465
5,1331,498,1209,464
5,1341,481,1209,464
5,1361,458,1209,464
5,1363,452,1210,468
5,1355,454,1216,474
5,1361,431,1221,481
5,1362,416,1231,487
5,1371,413,1236,489
5,1368,427,1245,493
5,1360,417,1252,495
5,1383,403,1259,498
5,1366,403,1268,499
5,1391,395,1275,502
5,1351,391,1280,502
5,1333,384,1282,502
5,1346,381,1284,502
5,1355,367,1287,502
5,1351,365,1289,501
5,1344,369,1291,498
5,1349,361,1294,496
5,1358,359,1295,493
5,1367,359,1300,488
5,1367,361,1315,481
5,1385,361,1336,470
5,1356,360,1370,448
5,1367,358,1386,424
5,1385,362,1395,408
5,1359,337,1396,394
5,1364,331,1394,387
5,1343,331,1392,381
5,1369,298,1389,380
5,1386,290,1389,380
5,1346,282,1389,379
5,1318,271,1391,378
5,1339,269,1393,377
5,1362,265,1399,375
5,1354,277,1402,373
5,1365,260,1408,371
5,1370,270,1414,370
5,1390,259,1415,369
5,1363,286,1418,369
5,1380,274,1418,369
5,1381,278,1418,369
5,1359,286,1419,369
5,1362,276,1421,368
5,1369,278,1424,365
5,1353,262,1428,363
5,1339,265,1430,361
5,1352,256,1431,356
5,1360,289,1431,349
5,1365,297,1428,339
5,1358,284,1422,333
5,1364,281,1417,327
5,1343,270,1411,322
5,1346,276,1408,318
5,1343,271,1407,315
5,1355,275,1407,312
5,1356,266,1406,307
5,1361,256,1406,303
5,1390,241,1406,298
5,1360,261,1406,294
5,1379,262,1406,291
5,1364,239,1403,286
5,1349,229,1399,282
5,1344,233,1397,280
5,1334,237,1394,277
5,1346,243,1390,275
5,1362,215,1386,271
5,1358,230,1382,267
5,1386,242,1374,261
5,1367,236,1366,255
5,1364,239,1362,253
5,1350,231,1360,252
5,1354,225,1360,251
5,1364,239,1360,251
5,1379,244,1360,251
5,1355,232,1360,250
5,1343,241,1360,248
5,1364,226,1359,248
5,1347,233,1359,246
5,1327,239,1358,245
5,1298,246,1357,244
5,1279,230,1357,244
5,1265,241,1357,243
5,1249,250,1358,240
5,1244,255,1362,239
5,1244,275,1364,238
5,1251,264,1368,236
5,1241,295,1370,233
5,1235,288,1372,232
5,1226,274,1374,230
5,1213,271,1378,226
5,1242,315,1381,225
5,1240,313,1384,222
5,1232,310,1385,222
5,1211,310,1385,221
5,1213,319,1385,221
5,1197,355,1382,221
5,1199,345,1371,221
5,1209,342,1350,221
5,1191,345,1320,226
5,1192,344,1289,237
5,1175,346,1255,249
5,1163,341,1226,268
5,1142,317,1201,295
5,1126,322,1183,317
5,1126,329,1173,331
5,1149,345,1164,347
5,1168,336,1162,362
5,1167,335,1163,376
5,1151,362,1170,394
5,1148,333,1179,410
5,1141,312,1187,420
5,1183,294,1196,428
5,1199,288,1198,431
5,1198,293,1198,432
5,1191,299,1198,433
5,1183,309,1198,433
5,1180,307,1198,433
5,1189,297,1198,433
5,1200,262,1197,434
5,1202,291,1192,434
5,1229,280,1185,436
5,1200,279,1181,438
5,1189,280,1180,439
5,1202,283,1180,440
5,1191,296,1180,440
5,1179,280,1182,440
5,1178,275,1185,439
5,1155,284,1187,434
5,1153,274,1196,422
5,1161,279,1203,407
5,1131,283,1212,391
5,1158,277,1216,379
5,1155,274,1219,363
5,1157,288,1221,349
5,1162,259,1223,345
5,1137,255,1223,344
5,1131,238,1223,341
5,1146,239,1223,336
5,1132,247,1224,331
5,1117,280,1224,327
5,1123,286,1220,325
5,1129,285,1214,320
5,1129,301,1207,318
5,1166,303,1199,316
5,1186,273,1190,316
5,1168,278,1178,316
5,1164,277,1164,316
5,1161,279,1149,317
5,1151,280,1137,318
5,1129,254,1132,320
5,1139,244,1131,320
5,1129,253,1131,320
5,1109,243,1132,320
5,1103,261,1132,320
5,1092,277,1132,320
5,1106,272,1132,320
5,1096,277,1132,320
5,1087,275,1132,320
5,1089,253,1132,320
5,1112,251,1132,320
5,1135,241,1132,320
5,1126,227,1132,320
5,1135,227,1132,320
5,1149,232,1132,320
5,1124,234,1134,320
5,1109,239,1137,320
5,1093,233,1140,318
5,1087,233,1146,317
5,1075,225,1149,316
5,1072,222,1151,315
5,1088,229,1154,314
5,1100,231,1155,314
5,1093,228,1156,312
5,1102,234,1156,312
5,1109,236,1156,311
5,1118,228,1155,309
5,1116,226,1149,306
5,1118,204,1142,304
5,1121,220,1135,302
5,1128,216,1130,300
5,1132,248,1128,298
5,1120,229,1128,297
5,1114,227,1125,295
5,1148,212,1123,293
5,1166,210,1119,290
5,1140,220,1115,288
5,1154,214,1112,285
5,1178,225,1109,283
5,1177,201,1107,281
5,1169,194,1106,280
5,1164,198,1105,279
5,1174,232,1105,279
5,1167,240,1108,277
5,1156,272,1109,276
5,1132,266,1114,275
5,1135,256,1118,274
5,1135,252,1124,272
5,1120,230,1132,270
5,1122,249,1139,268
5,1105,252,1144,267
5,1079,268,1146,266
5,1065,278,1148,265
5,1086,272,1150,265
5,1082,246,1152,263
5,1086,261,1155,262
5,1071,274,1160,262
5,1087,283,1166,261
5,1088,305,1173,260
5,1089,326,1178,258
5,1085,324,1181,258
5,1078,334,1183,257
5,1101,319,1184,257
5,1086,314,1189,257
5,1082,321,1194,257
5,1090,327,1198,257
5,1102,342,1200,260
5,1090,324,1203,261
5,1089,302,1203,265
5,1074,304,1201,266
5,1067,319,1192,269
5,1069,326,1182,272
5,1056,357,1173,275
5,1091,357,1167,276
5,1086,351,1165,279
5,1082,349,1161,281
5,1073,357,1158,282
5,1074,377,1154,285
5,1079,344,1152,289
5,1084,325,1148,295
5,1085,304,1143,319
5,1071,305,1141,330
5,1057,319,1140,340
5,1037,322,1138,347
5,1026,364,1135,352
5,1047,377,1133,356
5,1030,385,1129,360
5,1009,374,1125,364
5,1006,366,1121,369
5,997,376,1119,372
5,1007,363,1115,373
5,1014,375,1111,374
5,1044,383,1109,374
5,1054,399,1108,374
5,1041,401,1106,374
5,1055,364,1103,374
5,1057,361,1102,374
5,1047,384,1101,374
5,1047,396,1098,374
5,1043,383,1094,374
5,1049,370,1087,374
5,1063,365,1074,377
5,1076,362,1067,382
5,1065,365,1061,387
5,1062,346,1058,388
5,1076,343,1055,392
5,1080,361,1051,396
5,1100,370,1046,403
5,1106,374,1044,407
5,1105,378,1043,409
5,1130,372,1042,410
5,1135,372,1042,413
5,1127,361,1043,415
5,1122,381,1044,417
5,1112,361,1045,419
5,1114,341,1047,421
5,1111,334,1055,422
5,1073,349,1060,422
5,1071,337,1071,420
5,1072,320,1078,417
5,1103,313,1083,416
5,1091,326,1087,415
5,1096,343,1094,415
5,1088,349,1103,413
5,1066,353,1110,412
5,1045,366,1117,410
5,1034,357,1124,406
5,1039,349,1131,403
5,1043,338,1138,396
5,1038,339,1141,394
5,1057,344,1142,390
5,1075,363,1142,385
5,1105,367,1142,378
5,1107,372,1140,371
5,1127,361,1134,360
5,1139,360,1128,353
5,1116,350,1126,349
5,1117,330,1125,348
5,1115,323,1125,345
5,1097,330,1124,344
5,1119,347,1123,343
5,1116,345,1121,343
5,1117,338,1116,343
5,1123,348,1115,343
5,1104,321,1111,343
5,1108,334,1107,343
5,1102,322,1104,343
5,1115,300,1098,343
5,1121,299,1094,343
5,1112,279,1093,343
5,1105,281,1093,343
5,1119,284,1094,344
5,1126,262,1096,344
5,1128,233,1098,346
5,1139,211,1100,346
5,1141,222,1104,345
5,1147,226,1107,345
5,1142,214,1111,344
5,1121,223,1115,343
5,1116,242,1116,343
5,1104,263,1117,342
5,1109,277,1117,342
5,1129,273,1117,342
5,1113,275,1117,342
5,1117,273,1118,342
5,1131,297,1119,341
5,1146,307,1119,340
5,1123,296,1120,336
5,1133,298,1120,332
5,1123,275,1120,327
5,1125,265,1120,322
5,1099,286,1120,314
5,1106,282,1117,308
5,1089,287,1117,301
5,1064,313,1115,298
5,1057,318,1112,294
5,1046,299,1109,291
5,1022,310,1107,290
5,1017,327,1105,289
5,1006,298,1105,289
5,996,317,1105,289
5,980,360,1103,289
5,964,371,1103,289
5,978,380,1102,296
5,980,382,1104,305
5,990,363,1105,309
5,1000,366,1106,312
5,1006,362,1107,315
5,1020,376,1107,315
5,1011,372,1107,315
5,1019,363,1107,315
5,1016,359,1106,316
5,1015,366,1105,316
5,999,366,1107,313
5,1016,352,1106,310
5,1052,338,1101,312
5,1051,338,1094,316
5,1042,342,1087,321
5,1040,325,1074,333
5,1057,326,1063,341
5,1034,331,1053,347
5,1062,315,1043,352
5,1031,317,1036,354
5,1055,326,1034,357
5,1049,313,1033,357
5,1056,303,1033,358
5,1044,324,1033,358
5,1051,353,1033,359
5,1041,345,1033,359
5,1040,326,1034,360
5,1060,357,1034,360
5,1073,349,1035,360
5,1070,336,1035,360
5,1061,348,1035,360
5,1065,352,1035,360
5,1069,356,1035,360
5,1064,355,1035,360
5,1093,346,1036,360
5,1099,334,1040,360
5,1091,303,1044,360
5,1060,311,1051,357
5,1043,288,1052,357
5,1049,301,1057,354
5,1073,320,1062,352
5,1075,297,1068,348
5,1086,286,1074,345
5,1096,271,1079,343
5,1103,271,1081,340
5,1123,274,1082,340
5,1125,268,1084,338
5,1097,268,1088,337
5,1103,250,1090,336
5,1099,261,1090,336
5,1127,260,1090,336
5,1142,270,1090,336
5,1141,259,1090,336
5,1153,263,1090,336
5,1179,278,1088,336
5,1157,252,1081,336
5,1154,260,1074,336
5,1136,267,1067,336
5,1129,266,1060,333
5,1127,242,1056,332
5,1134,248,1055,330
5,1127,257,1053,328
5,1134,249,1054,323
5,1137,229,1059,320
5,1125,253,1067,312
5,1131,255,1074,305
5,1124,241,1083,299
5,1128,237,1099,290
5,1111,232,1111,284
5,1107,227,1121,279
5,1106,217,1130,276
5,1091,207,1137,273
5,1113,213,1141,272
5,1128,201,1142,272
5,1125,204,1143,272
5,1119,223,1144,272
5,1138,225,1144,272
5,1129,240,1144,272
5,1128,235,1144,272
5,1142,222,1144,272
5,1144,235,1144,272
5,1164,249,1145,271
5,1138,259,1145,267
5,1133,239,1145,265
5,1114,258,1145,263
5,1132,250,1145,261
5,1144,255,1144,259
5,1160,265,1142,256
5,1157,276,1138,256
5,1187,256,1136,255
5,1179,253,1134,254
5,1204,271,1134,253
5,1189,280,1133,253
5,1183,276,1133,253
5,1192,288,1133,253
5,1208,284,1133,253
5,1214,284,1133,253
5,1198,289,1133,253
5,1173,288,1134,251
5,1176,299,1139,250
5,1159,326,1151,250
5,1164,318,1165,250
5,1155,315,1180,250
5,1149,323,1186,250
5,1142,328,1190,250
5,1128,328,1190,250
5,1117,315,1191,251
5,1102,311,1193,254
5,1110,296,1198,259
5,1094,300,1205,264
5,1110,310,1211,269
5,1104,329,1214,275
5,1121,343,1216,280
5,1137,326,1216,288
5,1130,312,1212,290
5,1132,317,1210,292
5,1134,320,1208,294
5,1128,322,1206,295
5,1167,283,1201,297
5,1159,230,1194,301
5,1171,213,1183,306
5,1185,212,1172,313
5,1187,216,1161,317
5,1172,230,1157,320
5,1199,246,1157,320
5,1165,256,1157,320
5,1167,264,1157,320
5,1176,284,1156,320
5,1178,279,1154,320
5,1173,274,1150,320
5,1171,299,1148,320
5,1181,300,1147,320
5,1175,299,1147,320
5,1186,321,1147,320
5,1192,319,1147,320
5,1190,302,1147,320
5,1189,305,1152,319
5,1175,299,1158,318
5,1177,271,1166,317
5,1191,272,1172,315
5,1211,296,1174,314
5,1219,268,1177,313
5,1233,262,1180,312
5,1225,245,1181,312
5,1250,240,1182,312
5,1246,229,1184,311
5,1246,203,1184,311
5,1251,211,1185,311
5,1254,225,1185,311
5,1236,215,1185,311
5,1241,229,1187,311
5,1244,231,1188,311
5,1258,224,1189,311
5,1271,244,1192,311
5,1285,232,1196,311
5,1287,212,1203,314
5,1291,220,1210,315
5,1291,221,1219,315
5,1278,207,1225,315
5,1277,229,1231,315
5,1280,238,1237,311
5,1274,265,1241,308
5,1259,251,1242,305
5,1274,232,1244,303
5,1290,251,1245,299
5,1288,223,1247,294
5,1290,228,1249,290
5,1274,230,1251,285
5,1261,250,1252,281
5,1255,233,1253,274
5,1251,230,1254,271
5,1228,218,1255,269
5,1219,203,1255,266
5,1229,190,1255,265
5,1233,205,1257,264
5,1216,194,1258,264
5,1219,218,1259,264
5,1207,222,1263,263
5,1213,215,1265,263
5,1230,210,1266,262
5,1226,226,1266,262
5,1226,233,1267,262
5,1207,219,1268,262
5,1204,212,1268,262
5,1178,210,1268,262
5,1183,214,1268,262
5,1195,218,1268,262
5,1171,213,1268,262
5,1163,222,1268,262
5,1157,236,1268,262
5,1147,212,1268,262
5,1135,185,1268,262
5,1106,202,1268,262
5,1114,197,1269,261
5,1121,205,1269,261
5,1112,222,1269,261
5,1100,205,1269,261
5,1098,207,1269,259
5,1137,211,1269,256
5,1126,194,1267,253
5,1126,213,1261,251
5,1127,224,1256,249
5,1126,231,1249,247
5,1124,213,1245,247
5,1104,206,1244,247
5,1129,205,1242,247
5,1130,200,1238,247
5,1149,214,1229,247
5,1136,200,1222,247
5,1121,226,1213,247
5,1136,242,1203,247
5,1115,201,1195,247
5,1109,203,1186,247
5,1127,211,1181,247
5,1127,197,1179,247
5,1114,196,1178,247
5,1101,173,1176,247
5,1087,167,1175,247
5,1102,170,1173,247
5,1100,171,1169,247
5,1124,143,1162,247
5,1121,148,1157,247
5,1127,174,1151,247
5,1136,150,1147,245
5,1148,151,1143,245
5,1141,131,1142,245
5,1164,150,1141,245
5,1177,125,1141,245
5,1174,122,1141,245
5,1183,126,1141,245
5,1203,154,1141,244
5,1203,166,1141,244
5,1199,172,1140,244
5,1181,167,1137,244
5,1172,162,1135,243
5,1160,143,1133,243
5,1154,148,1131,242
5,1153,169,1127,242
5,1156,157,1127,241
5,1148,160,1127,241
5,1146,148,1133,238
5,1154,141,1141,237
5,1174,148,1150,234
5,1187,153,1155,232
5,1178,155,1158,232
5,1194,164,1161,231
5,1204,178,1164,230
5,1190,172,1166,230
5,1180,180,1167,229
5,1165,197,1168,229
5,1199,181,1169,229
5,1227,201,1171,228
5,1227,200,1172,228
5,1226,200,1172,228
5,1218,215,1172,228
5,1209,209,1172,228
5,1202,207,1172,228
5,1183,214,1173,228
5,1178,194,1173,228
5,1170,191,1173,228
5,1171,177,1175,226
5,1171,190,1177,225
5,1180,189,1180,224
5,1189,200,1182,223
5,1210,209,1184,223
5,1199,211,1185,222
5,1181,209,1187,222
5,1180,204,1189,221
5,1187,212,1191,220
5,1176,209,1192,220
5,1177,228,1195,219
5,1165,240,1196,219
5,1186,240,1196,219
5,1192,256,1197,217
5,1196,252,1198,217
5,1181,250,1199,217
5,1186,244,1199,217
5,1159,246,1199,217
5,1159,244,1199,217
5,1151,258,1200,218
5,1135,227,1203,221
5,1143,232,1206,225
5,1149,256,1207,227
5,1132,270,1209,228
5,1143,245,1209,231
5,1134,243,1208,233
5,1120,252,1209,235
5,1109,245,1210,237
5,1118,263,1210,237
5,1140,275,1211,239
5,1152,276,1211,239
5,1143,279,1211,240
5,1163,273,1208,241
5,1158,274,1208,243
5,1156,268,1208,247
5,1149,257,1208,250
5,1131,275,1208,255
5,1125,250,1208,262
5,1094,262,1208,267
5,1074,256,1209,268
5,1103,273,1209,268
5,1071,257,1209,268
5,1055,240,1209,268
5,1065,233,1207,268
5,1054,238,1202,268
5,1057,238,1195,268
5,1067,246,1194,268
5,1052,248,1194,268
5,1051,277,1194,267
5,1034,270,1195,267
5,1048,284,1197,266
5,1053,281,1200,265
5,1046,272,1200,261
5,1037,250,1200,259
5,1033,233,1201,254
5,1041,213,1201,250
5,1049,217,1200,247
5,1057,215,1196,245
5,1085,239,1191,244
5,1099,248,1184,242
5,1076,254,1177,242
5,1072,274,1167,242
5,1067,246,1162,242
5,1049,235,1156,242
5,1032,228,1150,242
5,1034,199,1143,244
5,1016,188,1136,246
5,997,195,1129,250
5,979,197,1122,253
5,994,204,1113,256
5,999,211,1109,258
5,1003,237,1107,259
5,1007,258,1107,259
5,1004,238,1107,259
5,999,217,1107,259
5,997,198,1107,259
5,1001,208,1106,258
5,998,203,1106,255
5,1032,203,1103,248
5,1031,209,1097,242
5,1045,201,1090,238
5,1035,186,1079,233
5,1038,177,1066,230
5,1046,171,1059,228
5,1037,175,1058,228
5,1030,201,1058,228
5,1041,204,1058,228
5,1013,186,1056,229
5,1007,194,1052,229
5,1021,216,1047,231
5,1020,200,1043,231
5,1005,172,1042,231
5,1024,161,1041,231
5,1006,144,1041,231
5,1013,148,1040,231
5,987,148,1039,231
5,1011,134,1038,229
5,1025,130,1038,227
5,1008,151,1038,223
5,1004,157,1039,221
5,978,156,1039,220
5,988,146,1040,218
5,974,146,1041,218
5,979,151,1042,217
5,995,156,1044,217
5,981,155,1045,216
5,985,146,1046,216
5,1001,153,1047,216
5,1015,153,1049,215
5,1004,159,1050,214
5,1004,159,1054,213
5,1013,166,1058,211
5,962,166,1059,210
5,973,177,1059,210
5,979,158,1060,208
5,975,167,1060,206
5,972,162,1060,206
5,982,148,1059,205
5,989,157,1057,203
5,988,177,1055,202
5,991,176,1050,201
5,987,147,1045,199
5,999,140,1040,196
5,1014,149,1036,195
5,1013,155,1034,192
5,1008,136,1033,189
5,991,130,1031,185
5,1004,116,1031,182
5,1013,143,1031,176
5,1019,144,1031,174
5,1009,140,1031,171
5,1001,154,1031,169
5,998,138,1031,167
5,1019,131,1030,165
5,1028,151,1029,163
5,1045,175,1029,161
5,1038,204,1028,158
5,1033,201,1027,156
5,1018,200,1025,154
5,1008,209,1022,149
5,1004,208,1017,140
5,996,205,1012,132
5,979,222,1010,124
5,991,229,1009,118
5,974,235,1014,114
5,971,241,1020,113
5,961,262,1023,112
5,972,249,1026,110
5,989,228,1027,109
5,999,195,1030,109
5,991,205,1031,108
6,977,535,959,538
6,958,532,959,538
6,937,530,959,538
6,930,524,959,538
6,943,524,959,538
6,923,510,959,538
6,916,503,958,538
6,955,517,958,538
6,959,508,958,538
6,937,491,958,538
6,912,478,958,538
6,910,486,958,538
6,931,479,958,538
6,943,464,958,538
6,936,463,958,538
6,945,498,958,538
6,944,500,958,538
6,924,511,958,538
6,910,511,958,538
6,914,496,958,538
6,923,502,958,538
6,942,521,958,538
6,941,508,958,538
6,927,495,958,538
6,937,499,958,538
6,946,504,958,538
6,947,488,959,538
6,935,472,960,528
6,924,471,960,514
6,945,478,960,497
6,966,486,958,472
6,976,497,958,464
6,992,497,957,460
6,1000,486,954,456
6,988,476,953,455
6,992,501,952,455
6,983,513,950,455
6,985,514,949,455
6,968,506,945,458
6,946,501,945,462
6,935,500,944,464
6,940,493,944,467
6,948,495,944,468
6,942,504,944,468
6,956,492,944,468
6,947,515,945,468
6,932,520,946,468
6,905,517,947,468
6,885,514,955,468
6,882,521,964,469
6,862,529,969,472
6,865,516,972,472
6,867,516,973,473
6,879,546,973,473
6,870,551,973,474
6,864,555,974,475
6,863,562,974,479
6,874,587,974,481
6,882,603,974,485
6,899,601,974,488
6,917,613,969,496
6,904,605,968,500
6,903,601,968,505
6,892,600,967,507
6,864,611,966,508
6,864,615,965,510
6,857,611,964,511
6,857,639,961,513
6,846,628,961,515
6,853,662,960,519
6,860,653,960,523
6,853,648,960,529
6,824,631,960,540
6,823,641,962,546
6,850,627,965,553
6,861,640,969,557
6,854,633,971,560
6,839,642,972,563
6,850,651,972,564
6,828,642,972,564
6,840,610,972,564
6,822,610,972,565
6,839,603,972,566
6,821,597,972,569
6,819,595,972,573
6,812,590,970,580
6,822,624,968,585
6,804,637,963,592
6,811,608,958,600
6,811,613,952,606
6,819,596,945,611
6,824,582,941,614
6,834,573,939,615
6,824,587,935,616
6,800,594,931,617
6,772,594,925,617
6,762,595,915,617
6,781,589,910,617
6,752,593,906,617
6,764,611,902,619
6,756,619,896,621
6,756,626,893,623
6,757,635,888,625
6,766,632,887,625
6,761,593,887,625
6,757,592,887,625
6,750,607,887,623
6,771,612,887,617
6,745,611,887,612
6,756,611,887,609
6,739,600,887,606
6,720,597,886,604
6,691,590,884,602
6,684,586,880,602
6,700,587,877,602
6,712,601,873,602
6,719,577,868,603
6,733,580,859,606
6,745,566,850,609
6,741,551,835,614
6,731,549,828,614
6,753,543,823,614
6,725,536,816,614
6,744,530,810,614
6,768,515,803,614
6,774,514,792,613
6,732,492,784,612
6,761,474,772,610
6,755,500,763,609
6,767,510,758,609
6,767,528,758,608
6,776,515,758,606
6,791,495,761,605
6,787,490,768,603
6,791,519,775,600
6,789,547,787,596
6,806,552,792,591
6,798,549,796,589
6,817,530,797,587
6,833,516,799,581
6,842,518,800,578
6,848,533,801,574
6,856,545,803,570
6,844,531,808,565
6,811,511,812,559
6,791,528,815,554
6,794,524,819,548
6,798,510,822,542
6,767,495,826,540
6,756,495,829,539
6,748,462,830,539
6,748,461,831,539
6,747,478,831,539
6,728,473,832,538
6,746,482,834,538
6,760,483,841,538
6,749,505,851,540
6,759,507,860,540
6,753,486,870,541
6,743,483,879,543
6,742,476,883,544
6,732,477,885,544
6,736,471,888,544
6,723,472,890,544
6,722,486,891,544
6,704,491,893,544
6,738,486,895,543
6,725,497,895,543
6,750,528,897,542
6,742,524,898,540
6,749,509,898,538
6,753,509,898,537
6,729,512,895,533
6,733,527,888,531
6,720,519,877,526
6,704,517,865,523
6,699,491,854,520
6,702,497,846,519
6,703,509,839,519
6,711,519,834,518
6,719,511,833,518
6,718,491,832,518
6,711,477,831,518
6,714,477,831,518
6,734,457,830,519
6,747,445,828,521
6,722,464,825,524
6,730,480,821,525
6,730,471,816,528
6,728,448,812,529
6,712,456,809,530
6,742,486,808,530
6,746,477,807,530
6,775,474,805,530
6,785,452,803,530
6,813,457,799,530
6,822,466,795,529
6,822,470,790,526
6,804,477,786,522
6,813,475,782,518
6,796,464,778,511
6,792,448,775,502
6,779,476,775,497
6,793,463,775,492
6,799,456,775,490
6,797,479,775,490
6,797,465,778,488
6,800,472,783,486
6,812,453,789,484
6,816,472,792,482
6,787,454,796,481
6,781,440,801,480
6,772,442,810,478
6,741,446,819,477
6,725,446,824,477
6,704,445,828,477
6,710,454,830,477
6,721,428,833,477
6,736,437,836,477
6,764,444,838,477
6,755,466,846,478
6,736,456,851,478
6,710,460,860,480
6,708,465,870,481
6,692,459,875,481
6,700,477,878,483
6,705,464,878,483
6,707,478,877,484
6,711,484,873,484
6,713,488,868,485
6,749,498,864,486
6,758,489,859,486
6,763,482,854,488
6,755,469,847,489
6,733,498,842,490
6,740,492,835,490
6,746,516,824,490
6,741,498,816,490
6,752,513,807,490
6,770,504,799,490
6,757,510,797,490
6,726,520,796,490
6,753,532,796,492
6,720,541,796,492
6,705,565,796,493
6,714,549,798,498
6,710,546,800,503
6,725,547,806,509
6,740,523,807,511
6,735,521,808,512
6,735,508,808,514
6,729,519,805,516
6,739,529,801,518
6,740,541,795,523
6,741,542,791,525
6,753,523,788,528
6,767,535,784,531
6,791,549,780,534
6,793,534,779,538
6,801,522,778,539
6,782,526,778,540
6,776,524,778,540
6,764,536,778,540
6,754,549,778,540
6,737,547,778,540
6,749,557,778,540
6,736,565,778,540
6,743,569,778,540
6,747,569,778,540
6,745,579,780,540
6,734,589,784,540
6,740,592,785,539
6,756,587,787,539
6,775,583,788,539
6,788,612,788,539
6,776,622,792,541
6,763,623,794,545
6,744,620,797,550
6,728,615,800,557
6,726,628,803,565
6,724,619,807,570
6,710,630,809,575
6,730,631,812,581
6,742,623,812,586
6,742,641,812,591
6,754,640,810,602
6,752,647,808,618
6,747,648,809,637
6,767,632,809,649
6,778,627,811,662
6,798,626,811,672
6,795,621,811,679
6,799,616,810,686
6,784,600,809,691
6,764,589,806,696
6,765,598,804,698
6,753,601,802,701
6,746,591,800,703
6,746,580,797,706
6,757,548,795,710
6,781,517,793,712
6,801,526,791,713
6,787,529,791,713
6,781,554,791,713
6,783,553,791,712
6,771,537,792,703
6,746,548,796,693
6,734,548,801,686
6,757,533,805,676
6,750,513,806,673
6,743,499,806,668
6,755,497,807,665
6,756,504,812,659
6,760,486,816,650
6,746,490,822,639
6,739,490,830,630
6,746,500,838,619
6,751,509,844,610
6,761,500,847,604
6,760,502,847,601
6,753,491,847,598
6,748,483,847,597
6,773,475,847,597
6,782,468,847,597
6,774,454,847,597
6,773,451,846,595
6,752,429,843,590
6,744,434,835,579
6,753,394,818,562
6,771,378,796,544
6,761,354,786,532
6,728,321,775,517
6,732,315,771,509
6,753,330,771,504
6,743,318,770,502
6,758,321,770,501
6,781,311,770,500
6,775,307,770,497
6,782,290,770,494
6,798,314,770,492
6,810,313,771,489
6,789,300,773,487
6,785,310,777,485
6,812,301,782,480
6,821,332,791,468
6,816,339,794,460
6,835,336,796,453
6,800,337,796,446
6,771,341,796,441
6,789,349,795,435
6,772,348,795,429
6,761,344,796,422
6,768,333,798,415
6,799,309,801,406
6,792,335,807,398
6,808,340,812,394
6,792,342,817,390
6,809,318,823,384
6,816,299,829,380
6,806,300,834,374
6,800,297,838,370
6,801,318,842,368
6,823,316,843,366
6,815,318,844,365
6,817,316,844,365
6,825,314,844,365
6,828,317,844,365
6,818,330,841,365
6,820,330,840,365
6,828,316,834,367
6,836,324,830,370
6,850,317,828,371
6,835,327,826,372
6,821,338,826,372
6,786,368,825,372
6,785,373,825,373
6,793,395,825,373
6,785,403,825,373
6,769,422,824,373
6,744,418,828,371
6,761,425,835,368
6,782,444,844,362
6,810,477,860,353
6,815,475,869,347
6,808,452,877,339
6,819,479,881,335
6,845,467,883,333
6,854,455,883,333
6,861,457,883,333
6,869,464,883,333
6,877,450,883,333
6,853,448,883,333
6,869,430,879,337
6,848,441,871,345
6,852,449,862,354
6,837,435,853,363
6,837,423,846,375
6,827,404,845,382
6,804,417,844,387
6,814,418,845,397
6,822,426,850,402
6,814,418,853,405
6,822,430,857,406
6,808,426,858,406
6,805,436,860,406
6,778,451,863,406
6,768,455,866,406
6,787,457,870,406
6,791,460,873,405
6,810,418,877,403
6,808,425,879,402
6,818,408,879,402
6,803,404,881,402
6,798,412,883,404
6,781,416,887,405
6,770,406,888,405
6,775,419,891,406
6,793,427,894,407
6,796,414,895,407
6,782,415,895,408
6,771,417,896,409
6,755,429,898,410
6,735,394,902,413
6,720,414,905,414
6,718,424,915,415
6,727,386,919,415
6,718,403,922,414
6,714,411,923,413
6,725,425,923,412
6,729,409,923,412
6,746,411,922,409
6,764,400,917,409
6,752,395,908,410
6,775,393,903,411
6,757,393,896,413
6,754,382,893,413
6,753,363,886,414
6,734,359,880,415
6,754,365,875,418
6,775,373,868,423
6,777,387,856,430
6,787,367,847,436
6,760,345,841,440
6,750,349,836,443
6,758,333,832,445
6,754,309,831,445
6,747,317,830,445
6,749,312,828,443
6,744,296,822,437
6,761,283,816,433
6,764,289,809,427
6,743,271,802,423
6,742,293,798,420
6,744,293,798,419
6,763,289,798,417
6,781,279,801,413
6,776,286,805,408
6,771,289,807,402
6,759,313,807,400
6,755,318,807,400
6,776,330,807,396
6,785,323,807,394
6,787,326,806,392
6,798,349,804,388
6,807,350,804,383
6,786,361,804,375
6,815,343,804,364
6,810,333,807,357
6,799,339,807,347
6,794,336,807,337
6,794,313,807,325
6,793,290,805,320
6,793,303,805,316
6,795,317,805,313
6,794,334,808,311
6,795,336,810,309
6,765,322,812,309
6,770,316,816,308
6,767,329,820,308
6,767,296,830,315
6,766,267,835,320
6,746,276,839,323
6,729,283,840,324
6,709,291,841,326
6,724,331,841,326
6,719,355,841,326
6,741,353,841,326
6,760,354,841,326
6,778,338,840,327
6,771,344,839,328
6,784,337,838,331
6,781,327,837,331
6,761,328,836,332
6,750,323,834,332
6,741,323,831,333
6,746,291,824,333
6,760,294,812,333
6,763,320,803,333
6,745,320,798,334
6,751,334,797,334
6,745,344,797,334
6,751,354,797,334
6,759,346,797,334
6,775,341,797,334
6,766,325,797,334
6,761,334,799,335
6,778,324,803,335
6,756,301,807,335
6,749,282,810,335
6,749,264,811,335
6,739,280,812,334
6,740,289,812,334
6,748,290,812,334
6,757,295,813,330
6,737,291,814,328
6,754,305,814,325
6,757,286,814,324
6,746,290,814,322
6,745,287,814,321
6,735,274,812,320
6,722,267,811,318
6,744,258,809,315
6,782,276,805,313
6,787,261,796,307
6,770,236,787,304
6,771,252,776,299
6,780,262,768,298
6,783,272,764,298
6,821,250,764,298
6,817,273,764,298
6,808,268,764,298
6,801,263,764,298
6,777,266,763,298
6,779,271,762,298
6,788,267,759,298
6,782,248,756,295
6,800,258,756,293
6,787,267,756,289
6,770,247,756,284
6,788,209,760,278
6,794,214,765,272
6,793,231,769,267
6,795,244,772,261
6,792,234,776,256
6,801,253,780,250
6,814,242,786,245
6,802,225,793,242
6,817,238,798,239
6,848,235,807,238
6,852,241,812,236
6,858,243,815,235
6,868,240,816,235
6,857,241,816,235
6,869,229,818,237
6,879,247,821,240
6,871,265,824,243
6,858,258,828,248
6,871,256,829,254
6,895,248,832,260
6,895,241,835,267
6,871,235,838,273
6,864,248,839,275
6,854,241,839,278
6,854,242,839,280
6,855,233,837,282
6,849,225,837,283
6,858,215,837,283
6,853,234,837,283
6,836,222,837,283
6,843,224,838,283
6,853,221,840,283
6,864,197,847,281
6,857,170,858,278
6,865,199,873,273
6,884,190,891,268
6,920,203,903,263
6,936,169,913,257
6,929,206,918,254
6,929,224,922,251
6,941,244,924,247
6,940,251,929,240
6,949,258,930,238
6,946,268,931,235
6,961,275,931,232
6,953,278,930,231
6,949,288,927,230
6,967,288,926,229
6,964,261,926,228
6,955,254,925,227
6,958,266,925,225
6,960,255,924,224
6,958,248,924,224
6,971,229,924,224
6,975,233,924,224
6,955,231,924,224
6,947,221,924,224
6,942,213,925,227
6,938,194,930,232
6,922,203,937,237
6,926,203,942,241
6,932,206,948,245
6,912,217,952,249
6,903,207,956,252
6,890,206,960,256
6,910,197,965,258
6,909,187,969,261
6,931,202,972,262
6,932,215,976,263
6,919,197,977,264
6,927,215,979,265
6,941,207,983,266
6,926,190,990,266
6,935,169,998,268
6,949,186,1005,268
6,942,192,1009,268
6,963,200,1009,268
6,984,215,1009,268
6,999,217,1009,268
6,987,206,1006,268
6,969,202,1004,268
6,963,173,1003,267
6,965,193,1001,265
6,980,173,997,265
6,998,185,994,264
6,984,177,985,263
6,994,190,976,261
6,980,173,972,260
6,1000,179,971,259
6,1011,183,971,257
6,1007,157,974,254
6,1024,162,977,251
6,1034,131,985,248
6,1037,129,995,243
6,1052,133,1004,240
6,1045,127,1013,237
6,1026,119,1020,237
6,1053,136,1027,236
6,1047,114,1034,236
6,1045,141,1037,235
6,1019,132,1041,234
6,1026,153,1042,233
6,1022,181,1042,232
6,1007,174,1043,232
6,976,191,1044,230
6,984,221,1046,229
6,992,242,1050,228
6,1006,231,1054,226
6,979,256,1055,224
6,987,247,1057,224
6,972,257,1059,223
6,961,269,1064,222
6,976,248,1074,221
6,950,258,1083,218
6,948,229,1090,216
6,962,255,1097,215
6,961,254,1099,215
6,965,287,1099,215
6,968,307,1099,215
6,970,306,1095,219
6,966,318,1091,223
6,963,301,1087,227
6,957,275,1082,232
6,933,284,1075,238
6,972,302,1071,242
6,970,316,1067,243
6,981,329,1062,246
6,989,356,1055,247
6,987,369,1051,247
6,977,387,1045,250
6,991,394,1041,251
6,995,402,1037,255
6,986,419,1034,261
6,985,427,1031,269
6,1000,406,1030,280
6,1023,393,1030,294
6,1023,383,1030,301
6,1014,403,1030,310
6,993,407,1031,315
6,982,417,1033,320
6,985,397,1034,324
6,1011,377,1035,331
6,999,388,1037,338
6,999,385,1037,348
6,1009,398,1040,359
6,1004,391,1040,371
6,1015,399,1042,378
6,1022,396,1042,383
6,1025,415,1044,388
6,1053,431,1045,392
6,1053,441,1046,393
6,1039,432,1046,393
6,1050,435,1046,393
6,1049,451,1046,393
6,1057,441,1036,395
6,1081,426,1034,397
6,1073,424,1033,398
6,1061,432,1033,398
6,1076,447,1033,398
6,1083,436,1033,398
6,1082,425,1033,398
6,1078,414,1033,398
6,1084,369,1032,398
6,1088,380,1032,398
6,1081,386,1032,398
6,1074,370,1032,399
6,1067,394,1037,402
6,1046,373,1043,406
6,1057,395,1050,410
6,1065,389,1056,419
6,1057,393,1063,425
6,1057,414,1067,428
6,1040,411,1070,429
6,1035,417,1071,429
6,1025,420,1071,429
6,1006,417,1074,426
6,1019,425,1085,414
6,1010,422,1092,405
6,1020,416,1098,396
6,1047,383,1098,391
6,1041,396,1100,386
6,1038,402,1102,380
6,1036,433,1105,375
6,1029,412,1108,370
6,1026,404,1110,364
6,1024,410,1112,361
6,1023,424,1112,359
6,1031,436,1112,359
6,1026,454,1112,359
6,1036,467,1112,359
6,1030,466,1112,359
6,1005,464,1109,361
6,981,455,1105,363
6,986,456,1104,364
6,977,455,1095,368
6,977,463,1090,371
6,971,473,1084,372
6,952,491,1082,375
6,944,482,1081,375
6,955,479,1080,375
6,949,466,1077,377
6,958,430,1076,379
6,966,422,1076,384
6,971,416,1076,386
6,971,393,1079,389
6,977,403,1082,390
6,952,419,1083,390
6,950,388,1086,391
6,968,381,1087,392
6,948,359,1088,395
6,931,353,1090,396
6,945,343,1092,399
6,959,347,1092,402
6,964,322,1092,403
6,947,319,1092,405
6,942,321,1090,406
6,928,314,1079,411
6,916,316,1070,414
6,920,328,1058,415
6,938,317,1047,415
6,922,312,1037,415
6,924,317,1026,407
6,933,315,1015,399
6,918,310,1003,391
6,924,306,998,386
6,931,298,993,377
6,925,310,990,366
6,928,310,989,359
6,917,310,983,352
6,936,293,958,340
6,962,290,944,338
6,971,300,935,339
6,968,298,928,342
6,974,277,926,343
6,970,275,921,344
6,990,284,916,347
6,995,306,907,348
6,989,320,898,350
6,980,331,893,351
6,958,334,888,351
6,949,324,884,350
6,964,334,874,343
6,969,323,867,338
6,963,332,861,334
6,975,335,860,332
6,982,315,860,329
6,977,317,860,328
6,992,348,865,326
6,984,358,871,323
6,973,347,876,322
6,969,347,882,320
6,969,375,890,319
6,956,381,900,319
6,948,374,910,319
6,942,366,915,321
6,958,360,919,322
6,986,370,921,324
6,982,402,922,326
6,975,405,924,327
6,980,402,925,327
6,981,386,926,330
6,992,401,926,332
6,995,429,928,336
6,1018,415,928,338
6,1026,389,928,339
6,1045,410,929,341
6,1038,422,929,341
6,1054,432,929,341
6,1043,438,929,341
6,1032,449,929,341
6,1047,435,929,341
6,1049,415,929,341
6,1047,415,929,341
6,1027,420,928,342
6,1029,425,927,345
6,1028,425,927,352
6,1042,418,927,365
6,1039,413,932,375
6,1039,412,945,390
6,1045,412,955,402
6,1060,410,969,410
6,1067,429,981,413
6,1041,423,997,416
6,1051,442,1005,418
6,1034,455,1009,418
6,1058,433,1014,419
6,1036,435,1016,419
6,1026,439,1017,419
6,997,427,1017,420
6,1027,429,1019,423
6,1059,438,1022,425
6,1059,426,1026,426
6,1053,411,1031,427
6,1052,417,1035,429
6,1046,418,1038,431
6,1047,413,1041,435
6,1037,415,1046,440
6,1015,404,1052,448
6,1033,391,1057,457
6,1022,407,1063,464
6,1026,404,1070,470
6,1049,393,1072,474
6,1047,385,1075,476
6,1056,405,1076,476
6,1048,400,1076,478
6,1038,416,1077,480
6,1032,404,1079,484
6,1059,426,1079,485
6,1068,429,1079,487
6,1070,415,1079,492
6,1093,409,1080,496
6,1109,407,1081,499
6,1104,423,1081,503
6,1091,414,1083,503
6,1109,421,1083,503
6,1099,435,1083,503
6,1107,449,1083,503
6,1120,440,1082,503
6,1121,426,1082,502
6,1130,445,1081,498
6,1128,445,1080,494
6,1137,428,1080,488
6,1153,437,1079,485
6,1151,461,1079,482
6,1145,472,1078,480
6,1138,454,1078,478
6,1129,457,1078,475
6,1119,458,1079,475
6,1110,442,1080,475
6,1100,455,1082,475
6,1077,467,1088,477
6,1081,484,1094,478
6,1061,489,1101,481
6,1048,470,1103,482
6,1056,478,1103,482
6,1052,467,1104,482
6,1072,491,1104,482
6,1064,493,1104,482
6,1081,518,1105,482
6,1089,520,1109,482
6,1059,525,1110,480
6,1086,515,1111,480
6,1121,507,1112,480
6,1120,486,1116,478
6,1099,469,1117,476
6,1102,490,1119,474
6,1085,497,1120,473
6,1070,501,1122,471
6,1051,474,1123,469
6,1046,479,1124,467
6,1088,491,1125,466
6,1097,483,1127,465
6,1092,495,1127,463
6,1069,516,1127,461
6,1051,530,1127,460
6,1064,514,1127,459
6,1059,517,1127,459
6,1050,507,1127,459
6,1060,522,1127,459
6,1042,518,1126,463
6,1044,486,1124,474
6,1054,507,1123,479
6,1051,512,1123,488
6,1065,512,1123,491
6,1074,506,1123,495
6,1086,512,1124,497
6,1087,501,1124,497
6,1079,503,1124,497
6,1068,513,1124,497
6,1059,521,1127,495
6,1051,505,1128,492
6,1048,486,1129,491
6,1053,505,1129,490
6,1089,489,1129,490
6,1072,490,1129,490
6,1072,491,1129,490
6,1054,516,1129,490
6,1049,515,1129,490
6,1052,489,1129,489
6,1031,485,1124,488
6,1043,504,1119,488
6,1041,475,1116,488
6,1036,486,1116,488
6,1066,493,1115,488
6,1067,487,1113,488
6,1056,483,1106,486
6,1073,492,1099,486
6,1059,460,1089,486
6,1085,468,1079,487
6,1082,480,1074,487
6,1089,475,1071,487
6,1092,498,1069,487
6,1059,499,1067,487
6,1069,520,1060,487
6,1068,505,1057,487
6,1082,500,1056,487
6,1094,507,1056,487
6,1083,495,1056,487
6,1068,473,1056,487
6,1073,460,1056,484
6,1076,475,1054,483
6,1064,488,1054,482
6,1066,495,1054,481
6,1074,486,1055,480
6,1053,485,1058,477
6,1055,509,1063,477
6,1065,502,1074,476
6,1062,475,1084,474
6,1048,483,1099,474
6,1077,460,1106,474
6,1065,451,1112,474
6,1065,452,1116,476
6,1078,473,1120,478
6,1077,465,1124,482
6,1063,468,1126,485
6,1091,466,1127,488
6,1072,466,1127,492
6,1068,465,1127,497
6,1082,488,1124,502
6,1077,492,1118,508
6,1083,483,1114,512
6,1081,473,1110,517
6,1076,474,1109,520
6,1079,464,1107,522
6,1064,470,1107,523
6,1050,440,1107,523
6,1048,429,1107,524
6,1050,430,1106,525
6,1052,433,1106,526
6,1060,427,1106,528
6,1089,457,1106,530
6,1103,472,1108,531
6,1097,453,1110,531
6,1121,463,1111,531
6,1116,477,1115,531
6,1103,476,1117,531
6,1098,458,1120,531
6,1116,449,1123,529
6,1127,427,1126,527
6,1131,456,1128,526
6,1119,479,1129,524
6,1142,460,1130,523
6,1160,476,1130,521
6,1144,445,1130,521
6,1148,463,1130,518
6,1156,472,1128,516
6,1152,484,1124,513
6,1142,482,1117,509
6,1144,478,1112,506
6,1156,508,1109,505
6,1178,498,1108,503
6,1188,490,1108,502
6,1201,489,1108,500
6,1226,511,1108,499
6,1215,506,1108,498
6,1209,507,1108,498
6,1171,501,1111,497
6,1177,489,1113,496
6,1214,488,1116,496
6,1204,498,1122,498
6,1214,501,1127,499
6,1202,472,1136,502
6,1197,479,1145,505
6,1197,482,1154,506
6,1196,496,1158,506
6,1192,500,1163,508
6,1196,510,1165,509
6,1189,514,1167,511
6,1173,501,1174,515
6,1192,517,1184,521
6,1169,500,1199,528
6,1189,506,1217,535
6,1196,512,1235,539
6,1205,500,1246,542
6,1205,523,1258,545
6,1194,502,1265,546
6,1203,486,1271,548
6,1209,503,1276,549
6,1201,502,1281,549
6,1196,507,1286,549
6,1196,547,1293,549
6,1180,541,1301,549
6,1159,541,1308,549
6,1156,536,1315,549
6,1145,524,1319,549
6,1160,528,1320,549
6,1151,523,1320,548
6,1169,535,1320,548
6,1171,555,1320,548
6,1159,582,1320,544
6,1165,586,1318,541
6,1194,582,1317,538
6,1187,580,1317,536
6,1203,563,1317,533
6,1246,579,1317,531
6,1219,571,1317,529
6,1207,581,1317,525
6,1235,599,1314,522
6,1224,600,1298,515
6,1220,607,1286,513
6,1197,599,1276,514
6,1197,594,1269,515
6,1210,592,1265,515
6,1206,599,1265,516
6,1222,608,1264,517
6,1237,617,1262,522
6,1241,610,1258,530
6,1227,611,1252,535
6,1259,628,1243,545
6,1263,642,1233,550
6,1289,641,1229,553
6,1272,612,1228,554
6,1240,600,1228,555
6,1237,596,1228,555
6,1225,605,1228,556
6,1230,610,1228,556
6,1203,621,1228,556
6,1202,613,1228,556
6,1190,616,1228,557
6,1199,636,1228,558
6,1195,626,1227,562
6,1200,608,1227,569
6,1221,626,1226,578
6,1228,619,1226,584
6,1239,616,1226,593
6,1254,623,1230,600
6,1281,593,1237,606
6,1286,564,1246,610
6,1294,571,1255,613
6,1280,564,1264,613
6,1283,577,1272,614
6,1269,590,1279,616
6,1278,609,1285,617
6,1275,623,1290,620
6,1273,628,1290,622
6,1275,654,1291,624
6,1255,663,1292,632
6,1262,645,1294,639
6,1272,647,1295,650
6,1277,639,1299,663
6,1273,641,1302,671
6,1290,645,1304,675
6,1321,615,1305,678
6,1331,621,1306,679
6,1320,627,1307,679
6,1319,631,1309,679
6,1319,627,1310,679
6,1326,626,1311,679
6,1314,612,1312,679
6,1315,613,1312,680
6,1318,624,1314,682
6,1333,615,1319,684
6,1347,600,1319,684
6,1334,604,1319,686
6,1334,620,1320,687
6,1333,612,1320,688
6,1333,615,1320,690
6,1342,595,1320,692
6,1356,613,1320,696
6,1354,621,1320,700
6,1330,620,1320,702
6,1332,599,1321,705
6,1334,585,1323,708
6,1338,588,1323,708
6,1311,606,1324,708
6,1316,603,1326,708
6,1327,581,1330,706
6,1329,580,1334,699
6,1341,578,1338,692
6,1312,579,1342,686
6,1294,589,1344,682
6,1283,564,1345,679
6,1300,581,1346,674
6,1309,592,1348,668
6,1310,589,1351,660
6,1305,570,1354,652
6,1311,567,1355,649
6,1316,557,1359,645
6,1320,567,1361,643
6,1298,560,1363,639
6,1281,548,1363,634
6,1260,509,1363,629
6,1278,497,1363,622
6,1275,489,1361,617
6,1288,488,1358,611
6,1276,486,1354,609
6,1279,504,1351,605
6,1265,490,1342,601
6,1267,508,1331,596
6,1230,514,1318,593
6,1181,502,1310,590
6,1178,499,1309,590
6,1165,489,1306,589
6,1177,483,1305,589
6,1179,496,1304,588
6,1178,490,1302,586
6,1177,503,1301,583
6,1148,493,1299,580
6,1164,499,1299,575
6,1148,514,1299,568
6,1137,505,1301,559
6,1104,494,1303,552
6,1088,507,1304,545
6,1097,506,1304,538
6,1113,493,1295,534
6,1098,490,1288,531
6,1097,467,1281,531
6,1107,485,1274,531
6,1099,484,1263,532
6,1102,455,1256,532
6,1077,495,1246,534
6,1083,497,1231,533
6,1073,519,1215,533
6,1066,521,1203,533
6,1048,508,1191,533
6,1034,534,1181,532
6,1043,527,1170,530
6,1050,512,1161,529
6,1079,532,1148,524
6,1053,510,1141,521
6,1068,508,1136,520
6,1089,476,1130,517
6,1106,483,1123,513
6,1121,473,1113,510
6,1109,490,1098,505
6,1112,480,1086,502
6,1102,457,1079,501
6,1093,453,1075,501
6,1093,462,1070,501
6,1125,467,1065,501
6,1105,478,1059,505
6,1116,475,1056,509
6,1125,459,1056,510
6,1114,445,1056,510
6,1105,449,1057,510
6,1105,463,1062,510
6,1110,475,1070,510
6,1098,459,1090,513
6,1090,441,1102,515
6,1057,436,1118,517
6,1038,465,1125,517
6,1024,471,1126,517
6,1026,468,1126,517
6,1022,486,1126,517
6,1021,482,1126,517
6,1025,458,1126,516
6,1043,450,1126,515
6,1058,463,1127,513
6,1064,460,1127,513
6,1069,426,1129,512
6,1081,444,1129,512
6,1090,451,1130,511
6,1108,431,1132,508
6,1117,434,1136,505
6,1112,418,1137,502
6,1116,408,1138,499
6,1111,422,1138,495
6,1102,405,1137,493
6,1093,394,1131,489
6,1081,394,1131,488
6,1093,389,1130,488
6,1065,374,1130,486
6,1057,374,1130,485
6,1058,376,1129,484
6,1068,375,1128,484
6,1074,367,1128,484
6,1073,372,1128,483
6,1065,364,1128,483
6,1061,378,1128,482
6,1085,389,1128,480
6,1075,387,1128,477
6,1103,408,1125,475
6,1084,398,1124,471
6,1083,399,1123,468
6,1085,389,1122,464
6,1090,432,1120,460
6,1081,417,1119,458
6,1086,419,1118,455
6,1107,403,1114,452
6,1116,400,1111,450
6,1108,391,1104,445
6,1103,404,1103,445
6,1106,388,1101,442
6,1084,407,1097,438
6,1067,417,1096,437
6,1093,434,1094,431
6,1115,441,1090,427
6,1107,452,1085,420
6,1110,431,1083,416
6,1098,427,1081,412
6,1086,403,1080,409
6,1084,412,1080,405
6,1060,415,1080,403
6,1049,411,1080,402
6,1072,435,1080,400
6,1085,413,1079,398
6,1087,405,1079,397
6,1091,391,1078,396
6,1095,391,1078,396
6,1100,420,1078,396
6,1100,431,1078,395
6,1114,410,1078,394
6,1122,426,1079,392
6,1123,404,1079,390
6,1127,425,1080,389
6,1108,414,1082,389
6,1105,386,1084,388
6,1098,384,1087,388
6,1088,393,1090,388
6,1094,383,1091,388
6,1090,411,1092,388
6,1095,417,1093,388
6,1094,416,1093,389
6,1100,445,1097,392
6,1100,448,1100,393
6,1105,461,1104,395
6,1100,450,1108,395
6,1095,417,1110,395
6,1100,415,1115,395
6,1106,433,1122,395
6,1135,446,1129,395
6,1112,462,1137,395
6,1105,453,1141,395
6,1119,448,1144,395
6,1114,449,1147,395
6,1107,437,1149,395
6,1114,423,1154,398
6,1127,434,1160,401
6,1145,419,1165,403
6,1155,429,1166,407
6,1157,465,1166,414
6,1151,444,1166,424
6,1152,450,1166,436
6,1162,480,1166,448
6,1151,481,1166,455
6,1170,482,1166,460
6,1166,485,1166,463
6,1163,485,1166,466
6,1161,488,1165,471
6,1163,470,1163,472
6,1166,454,1162,473
6,1158,454,1160,473
6,1164,469,1156,474
6,1167,455,1153,475
6,1168,466,1149,476
6,1163,468,1148,476
6,1173,472,1147,478
6,1150,485,1147,478
6,1151,470,1147,478
6,1165,494,1148,478
6,1170,494,1151,477
6,1178,506,1157,475
6,1182,525,1162,472
6,1181,525,1166,470
6,1167,552,1171,468
6,1188,551,1175,464
6,1163,576,1177,463
6,1166,595,1178,462
6,1165,581,1178,461
6,1165,580,1178,460
6,1187,602,1178,459
6,1214,585,1178,457
6,1189,566,1178,455
6,1205,561,1176,454
6,1209,573,1176,453
6,1195,563,1176,453
6,1190,545,1176,453
6,1212,545,1176,453
6,1208,540,1176,453
6,1245,545,1176,457
6,1240,550,1178,466
6,1245,544,1181,474
6,1243,537,1184,485
6,1249,537,1189,493
6,1264,540,1191,499
6,1273,539,1195,505
6,1269,532,1197,510
6,1259,534,1201,519
6,1236,534,1207,528
6,1227,545,1211,533
6,1229,537,1216,537
6,1235,531,1218,541
6,1256,531,1221,544
6,1264,529,1221,547
6,1264,529,1224,548
6,1285,525,1225,550
6,1262,514,1227,551
6,1261,503,1231,553
6,1278,532,1236,553
6,1261,529,1238,555
6,1246,563,1243,556
6,1253,570,1248,559
6,1253,539,1257,560
6,1260,534,1267,560
6,1261,516,1282,560
6,1258,517,1290,560
6,1258,541,1299,560
6,1251,545,1310,562
6,1241,520,1317,563
6,1221,529,1324,564
6,1220,501,1329,566
6,1207,508,1333,566
6,1210,506,1334,566
6,1204,481,1335,566
6,1205,475,1336,567
6,1210,487,1338,567
6,1188,478,1340,568
6,1193,478,1340,568
6,1194,455,1340,568
6,1191,451,1338,568
6,1179,456,1335,568
6,1174,461,1335,568
6,1174,464,1334,567
6,1131,464,1329,563
6,1130,460,1322,561
6,1141,467,1310,560
6,1158,469,1295,557
6,1158,475,1281,555
6,1162,470,1274,554
6,1167,465,1271,553
6,1187,465,1271,549
6,1205,476,1271,540
6,1219,522,1270,532
6,1201,521,1262,521
6,1214,513,1245,506
6,1204,515,1205,485
6,1199,519,1193,480
6,1185,514,1181,477
6,1210,533,1172,474
6,1213,526,1163,471
6,1216,535,1149,470
6,1224,536,1135,470
6,1237,521,1130,470
6,1235,522,1128,470
6,1226,502,1128,470
6,1223,479,1128,470
6,1219,459,1128,470
6,1231,457,1128,470
6,1227,451,1128,470
6,1200,488,1128,470
6,1188,506,1128,470
6,1177,519,1130,470
6,1168,517,1134,471
6,1172,513,1135,471
6,1164,513,1137,472
6,1155,486,1142,475
6,1148,496,1149,476
6,1166,519,1160,476
6,1162,512,1160,476
6,1162,496,1161,476
6,1170,511,1161,476
6,1152,512,1161,476
6,1153,520,1161,476
6,1172,537,1162,476
6,1167,557,1162,476
6,1149,541,1162,476
6,1169,557,1162,476
6,1185,557,1162,476
6,1201,553,1162,476
6,1180,544,1162,476
6,1168,545,1163,476
6,1178,564,1163,475
6,1184,554,1163,474
6,1168,559,1163,473
6,1173,572,1163,473
6,1169,586,1162,473
6,1151,578,1162,473
6,1140,584,1162,473
6,1124,595,1162,478
6,1113,570,1162,485
6,1095,554,1162,490
6,1112,537,1162,495
6,1110,529,1168,504
6,1112,545,1172,508
6,1128,545,1176,512
6,1112,550,1179,513
6,1107,551,1182,513
6,1127,548,1183,513
6,1131,552,1185,516
6,1139,551,1186,517
6,1133,560,1190,521
6,1108,566,1191,523
6,1122,580,1192,528
6,1114,583,1192,530
6,1110,568,1191,533
6,1123,568,1188,534
6,1110,562,1179,538
6,1094,569,1171,541
6,1111,553,1166,544
6,1097,576,1163,544
6,1118,566,1163,544
6,1117,589,1163,544
6,1107,614,1163,544
6,1108,604,1163,544
6,1117,626,1163,544
6,1092,602,1163,544
6,1078,613,1163,544
6,1083,624,1163,544
6,1052,633,1163,544
6,1029,634,1163,544
6,1017,630,1163,544
6,1020,635,1163,544
6,1017,639,1161,545
6,1026,654,1160,545
6,1037,646,1159,547
6,1068,629,1157,549
6,1071,633,1154,552
6,1073,626,1153,556
6,1069,636,1152,559
6,1087,656,1152,563
6,1104,674,1152,568
6,1107,683,1154,572
6,1113,694,1155,574
6,1113,669,1155,577
6,1108,659,1155,580
6,1119,620,1153,582
6,1131,591,1153,587
6,1124,601,1153,590
6,1166,588,1154,592
6,1177,590,1154,592
6,1196,588,1153,593
6,1166,607,1152,594
6,1193,625,1150,595
6,1203,621,1149,595
6,1224,624,1149,598
6,1239,621,1149,599
6,1244,624,1149,599
6,1285,649,1149,600
6,1289,640,1149,600
6,1284,641,1150,601
6,1290,658,1151,602
6,1307,659,1152,603
6,1298,644,1155,604
6,1288,627,1157,604
6,1270,624,1158,604
6,1273,609,1158,604
6,1292,614,1159,603
6,1293,593,1162,601
6,1299,611,1165,599
6,1301,624,1172,597
6,1296,606,1181,595
6,1284,585,1200,593
6,1264,595,1212,593
6,1278,586,1224,593
6,1282,591,1235,593
6,1295,578,1240,593
6,1301,592,1247,594
6,1317,594,1257,597
6,1311,608,1263,597
6,1313,626,1270,598
6,1327,622,1273,598
6,1333,595,1276,599
6,1328,594,1280,599
6,1311,568,1282,600
6,1329,581,1284,602
6,1310,591,1288,603
6,1319,602,1290,603
6,1342,622,1293,603
6,1342,639,1295,604
6,1342,612,1296,604
6,1356,605,1298,604
6,1350,606,1298,604
6,1347,619,1298,604
6,1344,617,1298,604
6,1352,591,1298,604
6,1352,571,1298,604
6,1357,581,1298,604
6,1364,616,1298,604
6,1369,644,1300,604
6,1370,665,1304,605
6,1373,677,1311,605
6,1380,680,1323,605
6,1375,687,1329,605
6,1376,680,1332,605
6,1379,669,1335,605
6,1382,684,1337,605
6,1352,681,1338,605
6,1376,676,1338,605
6,1379,678,1338,605
6,1339,655,1339,605
6,1326,629,1341,605
6,1311,608,1345,605
6,1320,609,1347,606
6,1311,608,1349,606
6,1320,621,1349,606
6,1332,629,1349,607
6,1342,617,1349,607
6,1337,637,1349,607
6,1339,655,1349,607
6,1325,652,1348,608
6,1337,637,1347,611
6,1345,622,1346,613
6,1348,615,1345,615
6,1322,609,1345,619
6,1301,586,1343,621
6,1310,583,1343,622
6,1298,552,1343,626
6,1299,550,1341,627
6,1310,534,1339,629
6,1308,527,1337,631
6,1320,536,1336,634
6,1367,516,1335,636
6,1349,516,1335,637
6,1347,499,1335,637
6,1340,487,1337,637
6,1350,498,1347,634
6,1297,510,1358,627
6,1277,479,1366,621
6,1268,485,1367,619
6,1259,456,1367,617
6,1285,470,1367,616
6,1266,467,1364,614
6,1270,477,1364,614
6,1270,474,1364,611
6,1271,466,1364,607
6,1279,449,1364,601
6,1267,467,1365,594
6,1262,473,1365,583
6,1251,462,1363,575
6,1258,447,1358,566
6,1263,449,1347,556
6,1247,436,1331,547
6,1241,442,1311,543
6,1250,478,1300,539
6,1244,493,1290,534
6,1260,492,1290,534
6,1276,506,1292,537
6,1259,504,1292,528
6,1272,512,1287,519
6,1261,516,1273,504
6,1273,510,1259,492
6,1287,524,1248,486
6,1290,538,1242,482
6,1305,539,1241,480
6,1326,547,1241,477
6,1299,559,1241,472
6,1283,560,1240,464
6,1271,565,1240,459
6,1256,567,1240,455
6,1263,546,1238,453
6,1293,536,1238,451
6,1302,530,1236,448
6,1300,510,1231,448
6,1285,506,1228,448
6,1292,483,1226,449
6,1290,499,1225,450
6,1308,504,1224,453
6,1328,509,1222,459
6,1326,497,1217,466
6,1323,474,1211,473
6,1320,458,1207,482
6,1313,443,1204,493
6,1322,439,1204,500
6,1306,452,1206,507
6,1287,450,1208,511
6,1297,431,1210,511
6,1295,415,1211,511
6,1288,412,1213,511
6,1267,413,1214,511
6,1254,447,1216,511
6,1249,436,1222,507
6,1261,429,1229,503
6,1258,436,1235,497
6,1274,440,1242,491
6,1242,435,1249,483
6,1234,436,1253,476
6,1228,446,1255,470
6,1226,456,1256,465
6,1211,459,1257,463
6,1217,459,1257,459
6,1207,467,1257,457
6,1197,438,1257,455
6,1173,439,1257,452
6,1170,434,1257,450
6,1169,402,1256,448
6,1173,427,1255,447
6,1177,451,1255,445
6,1190,461,1255,444
6,1175,461,1255,444
6,1175,440,1255,444
6,1167,434,1255,443
6,1195,448,1254,443
6,1195,460,1251,442
6,1197,440,1249,442
6,1209,439,1246,442
6,1204,433,1242,442
6,1228,428,1235,443
6,1221,438,1223,444
6,1236,423,1213,444
6,1242,425,1204,444
6,1217,408,1203,444
6,1220,420,1203,444
6,1227,440,1203,444
6,1219,454,1203,444
6,1235,455,1202,444
6,1231,448,1202,444
6,1250,481,1202,444
6,1239,470,1202,444
6,1242,472,1204,444
6,1270,461,1205,444
6,1289,452,1208,443
6,1274,447,1210,442
6,1273,463,1211,440
6,1276,484,1212,439
6,1264,492,1212,438
6,1248,503,1216,435
6,1261,498,1217,434
6,1255,511,1219,433
6,1253,514,1219,429
6,1245,488,1219,429
6,1262,469,1219,427
6,1249,464,1219,426
6,1249,465,1219,424
6,1255,480,1219,424
6,1253,500,1219,423
6,1281,520,1219,422
6,1270,529,1218,422
6,1262,547,1218,421
6,1259,546,1218,421
6,1235,536,1218,421
6,1222,554,1218,421
6,1214,544,1218,421
6,1202,541,1215,421
6,1211,531,1214,424
6,1191,517,1214,432
6,1210,535,1216,443
6,1213,522,1218,446
6,1187,530,1220,449
6,1196,528,1222,451
6,1192,546,1224,454
6,1180,549,1228,459
6,1164,528,1228,462
6,1169,534,1228,465
6,1185,507,1226,468
6,1182,524,1223,474
6,1172,503,1216,481
6,1171,516,1211,488
6,1173,517,1207,492
6,1173,535,1206,494
6,1193,520,1205,494
6,1181,537,1203,494
6,1199,541,1199,494
6,1176,519,1191,494
6,1163,504,1184,494
6,1132,515,1179,494
6,1125,519,1178,494
6,1130,534,1178,494
6,1134,522,1178,494
6,1144,554,1178,494
6,1135,541,1176,492
6,1143,537,1175,490
6,1128,534,1175,489
6,1116,521,1175,489
6,1089,518,1175,488
6,1115,508,1175,488
6,1133,531,1175,488
6,1111,540,1179,489
6,1109,527,1186,493
6,1062,541,1195,499
6,1067,552,1202,505
6,1068,553,1210,513
6,1060,567,1211,515
6,1062,569,1211,520
6,1081,552,1212,525
6,1066,552,1214,534
6,1058,541,1214,539
6,1073,539,1213,541
6,1067,537,1211,545
6,1076,534,1206,548
6,1086,547,1197,549
6,1093,543,1186,552
6,1098,534,1175,555
6,1094,529,1166,558
6,1098,516,1159,559
6,1111,489,1158,559
6,1133,491,1158,559
6,1131,500,1158,559
6,1128,462,1158,559
6,1132,446,1158,559
6,1144,444,1158,559
6,1149,444,1157,559
6,1155,419,1156,558
6,1173,429,1153,554
6,1177,434,1150,552
6,1168,418,1149,550
6,1161,432,1147,546
6,1161,436,1145,542
6,1183,424,1144,540
6,1210,427,1142,536
6,1217,429,1139,531
6,1193,434,1138,527
6,1176,424,1138,526
6,1183,414,1138,525
6,1181,401,1138,520
6,1182,409,1142,513
6,1206,417,1145,509
6,1203,417,1155,493
6,1156,421,1160,489
6,1166,415,1176,478
6,1173,398,1180,475
6,1181,394,1182,473
6,1166,414,1182,472
6,1147,403,1183,471
6,1152,406,1186,471
6,1138,424,1187,469
6,1149,398,1188,469
6,1147,404,1189,469
6,1145,394,1190,469
6,1159,416,1191,469
6,1149,421,1191,469
6,1156,414,1191,469
6,1161,428,1191,469
6,1144,446,1192,469
6,1140,438,1193,469
6,1127,436,1196,467
6,1112,449,1198,466
6,1133,464,1200,462
6,1144,456,1202,460
6,1128,461,1203,456
6,1143,472,1203,454
6,1136,476,1203,449
6,1160,479,1202,448
6,1150,466,1200,445
6,1135,466,1199,444
6,1125,430,1198,442
6,1150,431,1197,442
6,1130,412,1196,440
6,1157,415,1194,438
6,1173,447,1191,437
6,1192,441,1188,436
6,1216,430,1185,434
6,1217,422,1183,434
6,1190,414,1181,434
6,1176,418,1180,435
6,1174,424,1177,435
6,1170,435,1174,437
6,1165,435,1170,443
6,1182,453,1167,450
6,1196,456,1165,457
6,1196,465,1162,462
6,1193,468,1159,469
6,1187,468,1157,475
6,1205,452,1157,478
6,1202,454,1156,479
6,1200,441,1156,481
6,1204,452,1156,481
6,1203,461,1156,481
6,1187,464,1156,481
6,1175,452,1156,481
6,1169,467,1156,480
6,1176,455,1156,479
6,1176,440,1157,477
6,1167,433,1158,476
6,1163,412,1162,472
6,1179,423,1166,466
6,1189,434,1167,463
6,1152,421,1169,459
6,1147,403,1169,458
6,1153,397,1170,455
6,1166,409,1171,454
6,1157,416,1171,454
6,1149,443,1172,454
6,1134,443,1172,454
6,1153,442,1172,454
6,1153,469,1173,453
6,1166,469,1176,453
6,1182,469,1177,452
6,1180,476,1179,451
6,1176,492,1180,451
6,1184,504,1182,450
6,1189,516,1183,450
6,1178,519,1185,450
6,1180,526,1186,448
6,1165,544,1188,446
6,1175,554,1191,443
6,1180,569,1192,442
6,1194,557,1194,438
6,1177,554,1194,438
6,1197,564,1194,437
6,1197,559,1194,436
6,1213,544,1193,435
6,1213,538,1190,434
6,1195,534,1190,434
6,1216,526,1189,434
6,1226,531,1188,434
6,1212,546,1183,435
6,1226,541,1173,447
6,1225,540,1164,465
6,1206,524,1161,482
6,1165,531,1161,495
6,1179,551,1166,508
6,1163,547,1174,517
6,1169,554,1181,523
6,1173,561,1185,524
6,1146,544,1187,525
6,1149,569,1187,525
6,1142,570,1189,527
6,1153,562,1190,528
6,1163,554,1191,529
6,1147,560,1191,529
6,1136,570,1192,530
6,1140,558,1192,530
6,1145,563,1193,530
6,1113,570,1194,530
6,1111,560,1195,530
6,1092,576,1197,531
6,1084,567,1197,531
6,1091,571,1198,531
6,1102,552,1200,531
6,1099,550,1201,531
6,1099,544,1202,531
6,1100,561,1202,531
6,1090,559,1203,531
6,1101,569,1203,531
6,1081,585,1203,531
6,1071,546,1201,531
6,1090,549,1197,532
6,1073,545,1190,535
6,1051,548,1185,539
6,1060,558,1179,545
6,1067,542,1174,549
6,1078,488,1172,551
6,1093,470,1172,551
6,1097,487,1172,551
6,1101,470,1172,551
6,1100,481,1170,551
6,1095,495,1167,552
6,1093,504,1165,552
6,1101,520,1164,554
6,1100,528,1163,554
6,1087,515,1163,554
6,1079,529,1162,554
6,1058,502,1162,554
6,1057,477,1161,553
6,1056,459,1160,551
6,1048,470,1159,550
6,1034,457,1157,548
6,1003,485,1157,545
6,1005,466,1157,543
6,981,472,1158,537
6,991,482,1159,530
6,990,490,1161,525
6,1005,501,1162,521
6,987,498,1162,514
6,991,495,1162,511
6,1003,465,1156,507
6,1014,461,1152,505
6,1002,454,1150,505
6,1031,453,1147,505
6,1058,432,1142,505
6,1056,424,1137,505
6,1040,431,1128,506
6,1062,418,1119,510
6,1060,416,1111,513
6,1033,426,1108,514
6,1004,437,1106,515
6,1003,427,1104,516
6,999,429,1103,516
6,980,416,1102,517
6,987,408,1102,517
6,976,392,1102,517
6,984,404,1102,517
6,1001,413,1102,517
6,965,404,1102,517
6,948,417,1105,517
6,929,434,1114,514
6,917,443,1123,513
6,915,439,1130,510
6,915,434,1136,509
6,929,429,1141,506
6,929,414,1142,505
6,932,398,1143,504
6,906,359,1143,503
6,894,333,1142,499
6,886,322,1141,496
6,899,317,1139,495
6,886,305,1137,493
6,890,326,1134,491
6,879,313,1130,490
6,861,302,1125,490
6,868,298,1122,488
6,858,286,1118,488
6,837,278,1112,488
6,827,292,1103,488
6,804,288,1093,488
6,818,263,1079,488
6,796,238,1064,487
6,797,227,1049,484
6,800,217,1044,481
6,791,228,1039,478
6,799,266,1034,473
6,782,246,1030,469
6,785,259,1023,463
6,785,261,1016,455
6,782,269,1006,446
6,766,276,993,440
6,766,304,982,432
6,765,286,971,426
6,767,280,962,418
6,766,251,956,412
6,769,253,944,400
6,762,267,928,387
6,765,264,904,376
6,759,252,880,364
6,774,232,857,354
6,785,245,834,347
6,801,238,811,339
6,803,248,790,334
6,829,269,775,328
6,826,280,764,324
6,818,287,755,321
6,832,271,747,319
6,832,264,736,318
6,844,235,733,318
6,828,223,732,318
6,804,227,731,318
6,787,229,728,317
6,772,239,728,317
6,749,245,728,317
6,750,250,728,317
6,758,247,729,316
6,773,241,732,316
6,789,216,736,314
6,783,242,738,313
6,782,231,740,311
6,778,219,756,302
6,781,230,763,296
6,787,218,775,286
6,796,232,780,280
6,787,232,783,273
6,772,237,783,268
6,784,245,783,261
6,771,235,781,254
6,786,232,777,247
6,775,208,773,241
6,777,207,769,236
6,776,202,766,229
6,776,217,766,227
6,772,213,766,226
6,810,214,767,223
6,800,215,770,221
6,788,202,772,220
6,786,204,776,217
6,773,215,779,215
6,774,217,782,212
6,794,227,785,210
6,814,223,788,207
6,802,223,793,202
6,821,233,796,201
6,818,230,800,197
6,792,234,804,193
6,780,216,808,193
6,770,198,810,191
6,776,182,815,190
6,789,173,822,188
6,789,183,828,187
6,796,190,829,187
6,768,177,830,187
6,765,170,830,187
6,747,164,830,187
6,762,155,830,187
6,737,141,827,187
6,738,151,827,188
6,738,153,827,189
6,740,149,829,192
6,723,145,830,193
6,692,136,830,193
6,707,127,830,193
6,693,135,830,193
6,690,152,830,193
6,684,137,830,193
6,694,148,830,193
6,697,169,830,193
6,690,178,830,193
6,694,202,830,193
6,688,208,830,193
6,689,223,830,193
6,720,221,830,193
6,720,237,830,193
6,726,262,828,194
6,735,268,816,196
6,746,269,802,197
6,745,280,785,197
6,745,282,763,199
6,743,297,749,199
6,722,315,732,199
6,681,334,708,199
6,683,353,696,201
6,671,348,685,203
6,671,347,678,209
6,646,335,675,220
6,629,294,675,232
6,604,287,675,246
6,617,273,678,267
6,630,284,694,289
6,619,265,708,314
6,637,257,716,326
6,624,296,722,337
6,657,304,732,346
6,672,316,736,355
6,659,314,741,358
6,654,324,743,359
6,660,318,743,359
6,664,332,743,359
6,691,322,743,359
6,684,298,738,357
6,684,290,728,354
6,695,286,703,349
6,690,272,671,343
6,697,260,658,338
6,686,269,649,336
6,703,258,647,333
6,714,266,647,333
6,718,250,648,332
6,711,259,651,332
6,708,245,658,335
6,709,258,666,337
6,719,249,673,338
6,726,252,677,338
6,719,246,678,341
6,715,231,680,343
6,697,221,683,344
6,706,209,683,344
6,721,187,683,344
6,709,190,683,344
6,709,194,683,344
6,715,191,683,344
6,715,194,683,344
6,732,191,683,344
6,744,195,683,343
6,743,195,685,336
6,748,228,688,326
6,748,242,691,313
6,746,247,693,301
6,727,240,693,293
6,737,243,693,281
6,734,260,687,263
6,721,244,680,245
6,718,245,675,232
6,728,257,675,227
6,752,232,679,221
6,747,222,695,214
6,743,209,702,208
6,723,221,709,206
6,766,242,712,205
6,767,259,714,205
6,795,255,719,206
6,770,259,728,212
6,754,266,742,224
6,761,269,758,233
6,761,269,763,237
6,765,268,765,241
6,770,276,762,246
6,784,277,757,252
6,785,306,755,255
6,783,318,754,258
6,771,304,753,258
6,774,318,753,259
6,794,325,753,259
6,801,324,753,261
6,806,332,753,265
6,803,330,754,266
6,793,345,756,268
6,798,362,759,270
6,816,381,764,272
6,813,369,769,272
6,842,376,773,274
6,832,367,778,278
6,834,362,787,283
6,810,356,791,287
6,800,338,795,289
6,827,323,796,293
6,840,328,797,298
6,826,345,801,302
6,843,331,806,308
6,823,326,808,309
6,827,344,809,310
6,851,368,809,311
6,864,375,809,313
6,881,365,809,317
6,886,369,807,322
6,868,367,807,329
6,872,386,806,333
6,875,390,806,337
6,872,398,806,339
6,854,419,806,339
6,827,431,806,339
6,814,430,806,339
6,827,421,806,339
6,805,444,806,339
6,774,435,806,339
6,779,435,806,339
6,795,425,806,339
6,810,429,806,340
6,840,412,811,341
6,822,410,824,344
6,790,422,844,346
6,769,407,861,350
6,757,414,872,353
6,762,424,876,356
6,764,430,877,359
6,772,409,874,364
6,781,419,870,368
6,804,428,863,372
6,803,400,858,377
6,820,407,851,383
6,830,409,843,387
6,816,410,838,393
6,812,396,834,397
6,805,399,830,402
6,771,393,826,408
6,764,391,826,412
6,730,371,822,419
6,727,367,819,424
6,725,353,817,428
6,730,370,813,429
6,730,389,811,433
6,704,404,808,437
6,699,401,805,442
6,695,399,805,446
6,695,390,805,449
6,716,407,805,453
6,710,396,805,455
6,700,415,805,456
6,708,408,805,456
6,689,425,805,456
6,700,412,805,456
6,689,425,804,455
6,676,416,799,451
6,690,431,793,447
6,695,427,789,443
6,676,450,784,443
6,686,472,782,443
6,684,465,781,443
6,673,466,781,443
6,675,442,780,443
6,661,430,778,443
6,669,393,774,443
6,693,359,767,441
6,679,367,762,441
6,656,391,755,441
6,638,379,751,441
6,630,370,740,442
6,628,358,735,443
6,617,372,732,444
6,597,355,732,445
6,605,327,731,446
6,600,337,731,449
6,597,323,731,454
6,577,327,731,459
6,591,324,731,462
6,590,329,731,465
6,587,322,729,467
6,574,298,727,467
6,567,322,722,467
6,540,311,719,467
6,558,321,716,467
6,546,334,715,466
6,536,316,712,462
6,564,279,711,457
6,571,271,708,450
6,578,257,705,438
6,573,274,705,428
6,547,287,709,417
6,549,273,713,407
6,531,286,716,400
6,565,298,718,391
6,577,292,716,387
6,593,302,713,383
6,600,299,711,381
6,588,331,707,380
6,605,309,705,380
6,619,301,699,380
6,643,300,696,380
6,636,288,696,380
6,641,258,696,380
6,630,279,696,380
6,621,293,696,378
6,615,290,696,375
6,624,287,696,363
6,633,301,696,351
6,606,297,695,339
6,599,282,693,324
6,610,281,690,307
6,609,286,677,289
6,618,288,671,278
6,630,293,668,272
6,638,282,666,270
6,623,271,665,269
6,624,261,665,268
6,617,245,663,267
6,618,243,662,267
6,620,253,661,266
6,604,248,661,266
6,633,242,660,264
6,645,227,660,263
6,658,242,660,262
6,665,245,660,260
6,697,249,660,256
6,684,262,660,253
6,685,247,660,249
6,685,255,660,244
6,691,261,663,239
6,675,251,666,231
6,677,245,668,228
6,668,246,669,222
6,657,267,669,220
6,645,267,669,217
6,633,246,669,217
6,653,249,669,215
6,675,240,669,215
6,677,210,669,215
6,676,214,669,215
6,677,222,669,215
6,693,198,671,214
6,724,235,671,214
6,752,223,672,213
6,742,204,676,212
6,747,205,678,212
6,726,196,680,211
6,746,204,686,213
6,753,214,691,220
6,784,224,702,234
6,784,255,706,246
6,755,237,708,255
6,754,235,708,259
6,746,241,705,262
6,764,244,703,266
6,784,252,702,270
6,803,244,699,271
6,801,219,699,272
6,803,208,699,272
6,797,225,699,272
6,801,233,699,272
6,784,248,699,272
6,809,241,702,272
6,813,255,716,272
6,831,245,733,268
6,849,231,760,264
6,864,237,798,262
6,854,224,846,262
6,866,242,852,262
6,853,251,862,266
6,849,249,863,267
6,857,232,863,268
6,853,214,863,269
6,875,198,863,269
6,867,204,863,270
6,877,209,863,270
6,893,235,863,270
6,911,241,863,270
6,898,271,864,270
6,903,254,867,270
6,902,254,870,270
6,888,257,875,267
6,872,226,885,263
6,880,236,889,259
6,908,238,891,257
6,894,239,892,256
6,891,233,895,254
6,877,254,897,250
6,887,265,899,248
6,886,255,902,244
6,883,271,904,242
6,894,265,905,241
6,894,257,907,241
6,895,263,907,241
6,878,244,908,241
6,884,242,910,243
6,915,224,910,250
6,947,224,909,259
6,934,197,909,264
6,958,225,909,266
6,949,218,909,269
6,968,212,909,271
6,959,221,909,272
6,958,227,911,273
6,982,225,912,275
6,1000,235,913,278
6,1011,247,914,280
6,1018,236,916,282
6,1027,221,916,283
6,1032,214,918,283
6,1044,212,922,285
6,1042,203,927,285
6,1020,198,937,285
6,1060,179,943,284
6,1063,192,954,283
6,1052,194,970,281
6,1047,198,983,276
6,1045,208,994,273
6,1037,211,1001,272
6,1018,192,1007,270
6,1010,184,1011,269
6,985,193,1014,268
6,986,199,1021,268
6,999,215,1029,268
6,979,217,1038,268
6,999,218,1051,265
6,1005,181,1061,263
6,993,161,1076,258
6,976,162,1086,254
6,957,139,1094,248
6,973,132,1097,239
6,976,121,1098,232
6,969,126,1095,223
6,978,90,1089,214
6,971,148,1077,204
6,950,160,1068,197
6,959,162,1061,192
6,976,170,1055,190
6,985,182,1048,188
6,975,213,1039,187
6,993,184,1032,187
6,979,203,1025,189
6,973,206,1014,192
6,978,232,1010,195
6,954,220,1001,199
6,940,211,995,202
6,936,199,994,203
6,922,200,994,204
6,938,206,997,204
6,931,218,1000,204
6,926,214,1003,204
6,899,202,1005,204
6,910,201,1007,203
6,917,219,1010,198
6,902,221,1010,192
6,881,220,1011,187
6,891,217,1011,183
6,858,200,1011,180
6,868,187,1011,176
6,876,166,1010,175
6,864,178,1009,173
6,855,183,1006,170
6,849,201,1001,168
6,845,174,994,165
6,849,190,986,165
6,869,179,975,165
6,882,176,965,167
6,904,177,958,171
6,882,176,950,179
6,884,198,944,186
6,876,215,940,190
6,907,234,935,193
6,903,229,929,196
6,904,220,927,196
6,891,217,927,196
6,886,215,925,196
6,870,232,920,196
6,874,234,910,196
6,878,245,907,196
6,903,236,907,196
6,882,236,906,193
6,883,240,906,190
6,891,235,906,189
6,896,229,906,188
6,908,220,903,182
6,906,206,899,180
6,906,190,899,178
6,902,200,898,177
6,888,204,897,177
6,885,210,896,177
6,882,212,895,177
6,878,214,893,177
6,884,210,887,179
6,866,214,882,184
6,868,218,875,188
6,866,217,867,194
6,888,216,858,198
6,909,220,854,202
6,910,224,852,203
6,891,236,850,204
6,883,235,849,204
6,891,218,845,207
6,907,244,843,208
6,916,223,841,210
6,913,228,838,211
6,921,255,835,214
6,949,261,827,218
6,952,271,822,224
6,957,279,820,229
6,971,261,820,232
6,971,263,821,236
6,998,263,823,238
6,1004,232,824,241
6,975,238,825,245
6,972,253,827,248
6,978,238,828,252
6,966,244,834,258
6,940,257,846,263
6,957,264,859,268
6,986,250,875,271
6,972,241,880,273
6,970,275,886,276
6,992,277,894,279
6,983,259,911,280
6,982,253,921,280
6,994,251,933,278
6,1025,240,940,274
6,1036,232,946,270
6,1048,239,947,265
6,1034,250,949,258
6,1037,238,950,252
6,1033,224,950,250
6,1032,221,949,248
6,1010,228,948,245
6,1040,251,946,243
6,1064,246,944,241
6,1101,209,944,239
6,1121,208,944,236
6,1109,222,945,235
6,1150,223,948,233
6,1170,228,949,233
6,1172,208,950,233
6,1131,204,954,233
6,1134,189,959,233
6,1132,205,968,234
6,1132,193,973,236
6,1128,177,978,236
6,1103,200,979,237
6,1095,193,980,238
6,1059,179,981,239
6,1040,192,984,240
6,1051,191,986,240
6,1059,175,990,240
6,1043,177,995,242
6,1022,187,1000,242
6,1021,186,1005,242
6,1009,193,1010,242
6,999,198,1017,242
6,984,188,1025,242
6,1010,195,1032,241
6,999,186,1040,241
6,995,173,1045,240
6,998,142,1049,239
6,1001,162,1050,239
6,1021,148,1050,239
6,1017,165,1050,239
6,1001,172,1050,239
6,992,176,1050,238
6,1005,156,1051,236
6,998,145,1051,235
6,991,133,1051,233
6,991,134,1051,229
6,979,120,1048,224
6,990,127,1041,220
6,998,129,1036,217
6,1003,129,1033,216
6,999,125,1033,216
6,1022,140,1033,216
6,1024,107,1033,216
6,1043,149,1033,216
6,1018,126,1033,216
6,1020,127,1035,215
6,1027,140,1038,215
6,1033,126,1042,215
6,1056,135,1043,215
6,1060,132,1043,215
6,1071,158,1043,214
6,1052,155,1043,214
6,1065,155,1044,214
6,1057,152,1044,214
6,1053,150,1044,213
6,1041,146,1044,210
6,1055,135,1045,203
6,1047,160,1045,198
6,1060,167,1042,191
6,1072,154,1041,189
6,1056,137,1041,189
6,1061,140,1041,189
6,1072,145,1041,189
6,1069,143,1041,189
6,1079,133,1039,189
6,1085,123,1032,187
6,1087,145,1023,186
6,1077,148,1015,186
6,1100,160,1008,186
6,1106,163,1002,186
6,1105,143,1002,188
6,1093,165,1002,188
6,1103,165,1005,187
6,1096,134,1008,186
6,1077,135,1012,185
6,1070,122,1014,185
6,1056,124,1021,184
6,1090,133,1033,184
6,1087,136,1047,181
6,1081,136,1062,179
6,1078,137,1071,178
6,1097,144,1077,176
6,1110,153,1080,175
6,1099,156,1080,175
6,1102,142,1082,175
6,1085,158,1087,174
6,1082,155,1094,172
6,1081,161,1101,170
6,1098,168,1106,170
6,1114,162,1110,168
6,1112,163,1111,167
6,1105,164,1111,167
6,1098,158,1111,167
6,1099,177,1111,165
6,1087,170,1109,163
6,1095,167,1105,160
6,1100,153,1100,158
6,1084,149,1099,158
6,1069,128,1099,158
6,1049,135,1099,157
6,1050,127,1099,157
6,1049,165,1099,155
6,1050,172,1099,154
6,1042,155,1101,153
6,1047,169,1102,152
6,1063,189,1103,151
6,1056,156,1103,151
6,1050,161,1103,150
6,1032,162,1103,150
6,1013,186,1103,149
6,1023,175,1103,149
6,1018,165,1103,149
6,1026,178,1102,149
6,1026,160,1099,149
6,1030,196,1094,149
6,1049,199,1087,152
6,1040,222,1078,156
6,1041,212,1069,164
6,1090,206,1057,176
6,1096,196,1044,192
6,1110,185,1034,204
6,1126,194,1028,211
6,1139,206,1024,213
6,1143,211,1023,214
6,1135,227,1021,214
6,1154,221,1018,215
6,1184,208,1015,216
6,1171,194,1008,216
6,1177,209,1002,218
6,1196,242,1001,218
6,1204,224,1001,218
6,1194,226,1000,218
6,1175,242,1000,218
6,1155,231,1000,218
6,1164,222,1000,218
6,1148,245,1000,215
6,1147,239,1001,212
6,1175,260,1005,208
6,1160,270,1009,203
6,1163,268,1015,201
6,1156,244,1024,196
6,1145,264,1036,192
6,1151,272,1047,190
6,1133,252,1071,188
6,1142,244,1083,188
6,1127,271,1093,188
6,1099,255,1097,189
6,1099,264,1098,189
6,1098,271,1098,189
6,1112,279,1098,189
6,1124,276,1098,189
6,1098,283,1098,190
6,1079,280,1101,194
6,1079,286,1104,201
6,1056,275,1106,206
6,1059,286,1109,211
6,1044,291,1113,220
6,1039,294,1118,229
6,1034,306,1119,236
6,1030,304,1122,241
6,1026,291,1125,247
6,993,306,1128,254
6,1017,345,1130,259
6,1030,353,1133,262
6,1032,346,1134,263
6,1022,325,1134,263
6,1009,326,1134,264
6,1011,323,1134,265
6,1022,316,1134,268
6,1008,321,1134,269
6,1012,336,1133,270
6,1008,319,1131,272
6,1030,303,1127,276
6,1041,299,1120,280
6,1042,315,1114,286
6,1027,304,1110,292
6,1019,317,1108,297
6,1032,329,1108,301
6,1037,338,1108,304
6,1010,351,1108,309
6,1015,359,1108,313
6,1032,352,1108,315
6,1018,341,1108,316
6,1010,331,1108,316
6,1037,311,1108,318
6,1026,319,1106,319
6,1026,345,1102,319
6,1044,336,1099,320
6,1049,352,1090,321
6,1055,347,1080,326
6,1061,322,1072,332
6,1050,300,1069,334
6,1034,292,1068,338
6,1063,306,1068,340
6,1071,314,1067,344
6,1073,317,1064,346
6,1067,333,1064,349
6,1087,338,1063,352
6,1057,352,1062,356
6,1054,336,1062,359
6,1064,314,1061,362
6,1064,323,1061,365
6,1074,325,1061,369
6,1059,352,1061,374
6,1051,352,1062,380
6,1046,340,1066,383
6,1082,333,1071,384
6,1104,319,1075,384
6,1102,351,1080,384
6,1131,344,1085,384
6,1127,334,1092,383
6,1104,341,1103,380
6,1095,343,1111,379
6,1088,346,1118,378
6,1080,344,1125,376
6,1090,336,1128,375
6,1091,319,1129,374
6,1081,318,1129,371
6,1120,325,1131,369
6,1139,342,1130,365
6,1155,344,1130,360
6,1173,340,1130,356
6,1156,353,1131,351
6,1157,352,1131,346
6,1151,371,1132,341
6,1141,380,1132,336
6,1127,379,1132,331
6,1139,387,1131,323
6,1154,415,1125,318
6,1141,449,1121,315
6,1132,449,1121,315
6,1128,440,1121,314
6,1132,427,1121,314
6,1131,417,1122,312
6,1123,447,1124,311
6,1120,407,1125,310
6,1097,420,1129,310
6,1108,418,1133,310
6,1105,437,1144,319
6,1080,432,1150,325
6,1084,423,1152,329
6,1072,407,1152,331
6,1055,385,1154,336
6,1052,396,1154,338
6,1071,419,1154,346
6,1067,429,1152,353
6,1079,424,1152,362
6,1072,414,1150,371
6,1079,424,1150,377
6,1079,436,1150,387
6,1078,433,1150,391
6,1090,423,1150,396
6,1083,409,1150,399
6,1075,445,1150,403
6,1049,433,1150,406
6,1075,413,1149,409
6,1076,395,1147,411
6,1078,397,1146,413
6,1093,407,1144,415
6,1088,408,1141,418
6,1100,405,1138,421
6,1114,405,1129,427
6,1102,403,1123,430
6,1086,405,1115,432
6,1084,394,1112,435
6,1090,395,1108,437
6,1072,395,1106,440
6,1065,379,1105,442
6,1066,376,1103,443
6,1076,395,1103,444
6,1094,403,1102,445
6,1104,398,1099,448
6,1094,395,1093,450
6,1108,378,1086,453
6,1089,360,1082,457
6,1085,357,1078,460
6,1097,358,1073,463
6,1106,379,1072,463
6,1084,366,1071,463
6,1088,367,1071,463
6,1083,378,1069,463
6,1100,384,1069,462
6,1091,396,1068,460
6,1102,368,1068,455
6,1103,356,1067,448
6,1103,355,1065,440
6,1098,372,1066,432
6,1115,355,1070,424
6,1111,367,1075,416
6,1104,364,1078,408
6,1114,402,1082,401
6,1107,391,1084,399
6,1087,405,1085,394
6,1089,413,1087,390
6,1090,425,1087,388
6,1098,421,1087,385
6,1118,408,1087,382
6,1112,412,1087,378
6,1120,427,1087,376
6,1112,424,1088,374
6,1124,418,1088,374
6,1110,396,1089,374
6,1123,382,1090,374
6,1138,383,1091,372
6,1159,390,1092,371
6,1156,398,1096,370
6,1131,416,1103,367
6,1134,416,1114,364
6,1139,410,1126,361
6,1135,427,1136,358
6,1145,425,1139,357
6,1138,415,1139,357
6,1137,384,1139,357
6,1121,382,1139,357
6,1121,370,1139,357
6,1114,366,1139,357
6,1125,368,1139,357
6,1133,346,1139,357
6,1160,337,1139,357
6,1151,353,1138,359
6,1161,359,1137,366
6,1168,351,1136,369
6,1177,341,1132,374
6,1174,345,1130,376
6,1188,351,1129,381
6,1198,355,1129,384
6,1227,376,1127,386
6,1255,394,1127,388
6,1244,410,1128,390
6,1246,419,1129,391
6,1269,428,1132,393
6,1271,451,1136,394
6,1278,438,1143,394
6,1309,451,1147,394
6,1324,452,1153,390
6,1322,446,1154,387
6,1316,429,1156,382
6,1304,415,1158,378
6,1315,431,1159,375
6,1304,443,1160,372
6,1291,441,1161,371
6,1276,432,1161,369
6,1304,441,1161,367
6,1313,440,1162,364
6,1305,439,1162,361
6,1312,417,1164,357
6,1301,405,1165,354
6,1288,398,1167,351
6,1292,391,1168,346
6,1296,395,1169,344
6,1293,379,1170,343
6,1274,359,1170,339
6,1245,360,1172,337
6,1242,344,1173,334
6,1259,335,1173,331
6,1268,355,1174,330
6,1265,353,1175,329
6,1261,346,1177,327
6,1248,352,1179,326
6,1247,367,1181,325
6,1256,373,1183,324
6,1263,391,1187,323
6,1260,415,1188,322
6,1275,403,1190,321
6,1284,425,1192,321
6,1264,428,1193,319
6,1265,425,1195,318
6,1250,448,1197,317
6,1268,426,1199,316
6,1259,426,1200,316
6,1248,420,1200,315
6,1246,400,1200,314
6,1248,420,1201,313
6,1256,409,1203,311
6,1263,432,1204,310
6,1275,430,1204,308
6,1279,427,1205,307
6,1272,434,1206,307
6,1269,424,1207,306
6,1270,430,1207,306
6,1290,440,1208,306
6,1279,422,1209,306
6,1258,420,1215,311
6,1223,422,1222,320
6,1211,434,1233,334
6,1212,434,1239,338
6,1205,444,1242,341
6,1216,461,1245,344
6,1190,446,1246,345
6,1193,454,1248,346
6,1200,433,1249,351
6,1217,436,1255,358
6,1207,453,1262,367
6,1208,461,1267,376
6,1217,455,1273,385
6,1216,462,1276,392
6,1216,485,1278,400
6,1212,495,1283,407
6,1197,517,1285,412
6,1195,497,1288,415
6,1189,500,1288,415
6,1191,518,1288,416
6,1191,500,1288,416
6,1160,489,1288,416
6,1166,479,1288,416
6,1128,461,1288,416
6,1130,444,1286,416
6,1113,440,1284,416
6,1118,464,1281,416
6,1140,466,1275,414
6,1156,448,1272,413
6,1164,432,1268,410
6,1171,424,1266,410
6,1199,405,1265,410
6,1199,400,1265,410
6,1206,375,1265,413
6,1210,387,1265,418
6,1218,368,1265,425
6,1235,391,1265,435
6,1225,389,1262,444
6,1219,380,1259,455
6,1245,385,1256,467
6,1249,392,1253,476
6,1240,400,1251,479
6,1235,417,1250,479
6,1249,403,1247,479
6,1248,390,1242,478
6,1239,383,1229,477
6,1235,391,1223,477
6,1226,388,1220,476
6,1220,390,1219,475
6,1211,401,1219,471
6,1201,408,1219,464
6,1208,413,1219,459
6,1208,420,1217,451
6,1185,444,1217,444
6,1209,426,1218,437
6,1201,402,1219,432
6,1215,396,1221,428
6,1207,397,1224,427
6,1219,428,1225,426
6,1219,428,1227,426
6,1221,442,1232,423
6,1209,441,1233,423
6,1219,466,1235,422
6,1249,469,1236,420
6,1235,475,1238,416
6,1246,495,1238,413
6,1243,507,1239,410
6,1247,526,1240,408
6,1264,513,1241,407
6,1263,511,1241,407
6,1249,505,1241,407
6,1233,470,1241,407
6,1205,460,1239,407
6,1200,434,1233,407
6,1189,414,1228,413
6,1211,395,1222,420
6,1198,392,1217,427
6,1217,408,1213,433
6,1210,414,1212,434
6,1205,412,1212,435
6,1197,422,1212,438
6,1194,426,1216,443
6,1198,416,1222,451
6,1179,396,1231,458
6,1187,402,1242,466
6,1195,404,1251,472
6,1197,408,1257,478
6,1210,408,1259,480
6,1202,413,1259,480
6,1183,426,1259,480
6,1164,431,1259,480
6,1148,438,1259,480
6,1120,442,1259,480
6,1111,439,1257,480
6,1102,430,1255,480
6,1114,448,1249,479
6,1136,444,1245,479
6,1130,441,1240,476
6,1104,436,1236,475
6,1114,429,1231,475
6,1105,423,1226,473
6,1101,429,1222,472
6,1094,420,1217,471
6,1083,448,1215,469
6,1111,446,1212,468
6,1111,446,1210,466
6,1106,445,1205,464
6,1108,435,1196,462
6,1104,427,1191,462
6,1112,439,1188,461
6,1107,443,1188,461
6,1117,447,1188,460
6,1110,470,1188,456
6,1087,466,1187,453
6,1080,476,1187,448
6,1070,471,1187,445
6,1079,455,1189,439
6,1082,465,1195,430
6,1068,462,1197,427
6,1048,467,1201,423
6,1030,450,1205,420
6,1024,464,1207,418
6,1046,464,1211,416
6,1069,479,1212,413
6,1095,469,1213,412
6,1093,454,1213,411
6,1068,464,1213,411
6,1073,463,1209,409
6,1047,472,1200,410
6,1021,493,1186,413
6,1026,471,1170,420
6,1020,480,1159,426
6,973,484,1150,434
6,970,515,1141,443
6,952,538,1135,447
6,939,534,1130,451
6,943,547,1127,454
6,936,544,1126,455
6,943,525,1125,457
6,930,522,1124,459
6,908,546,1123,462
6,906,572,1120,464
6,927,565,1118,468
6,921,567,1117,471
6,922,558,1114,478
6,913,550,1113,483
6,919,547,1112,490
6,919,514,1112,495
6,919,507,1112,500
6,924,511,1112,504
6,914,520,1112,509
6,919,535,1112,516
6,895,540,1110,519
6,895,524,1110,524
6,895,525,1111,528
6,886,557,1112,530
6,890,561,1112,532
6,896,535,1112,535
6,911,525,1112,537
6,895,544,1112,538
6,886,546,1112,538
6,895,560,1112,539
6,868,582,1110,540
6,869,571,1110,542
6,862,575,1110,542
6,871,601,1110,542
6,876,606,1110,542
6,880,591,1110,542
6,880,560,1110,542
6,902,559,1110,542
6,894,554,1110,542
6,901,561,1110,542
6,928,539,1110,542
6,916,533,1108,540
6,930,526,1101,536
6,940,552,1070,531
6,963,561,1046,532
6,974,582,1030,535
6,967,599,1021,538
6,963,597,1019,539
6,970,592,1019,539
6,969,589,1019,539
6,979,586,1018,540
6,980,570,1016,542
6,997,571,1013,545
6,1004,553,1011,547
6,997,573,1008,549
6,967,558,1007,549
6,989,567,1005,549
6,1007,547,1005,549
6,1024,524,1005,549
6,1031,527,1005,549
6,1031,522,1004,549
6,1032,502,1003,548
6,1039,491,997,547
6,1041,501,990,545
6,1038,491,981,542
6,1043,485,976,542
6,1046,464,969,541
6,1053,489,965,541
6,1072,478,964,541
6,1083,480,964,541
6,1089,475,964,541
6,1068,459,964,541
6,1046,476,964,541
6,1042,480,962,540
6,1033,498,960,539
6,1039,497,959,536
6,1040,496,958,534
6,1036,497,957,530
6,1040,502,957,523
6,1041,476,957,516
6,1016,470,957,509
6,992,471,957,504
6,989,453,957,497
6,983,452,961,493
6,993,440,965,490
6,996,465,969,488
6,977,462,970,487
6,976,463,971,486
6,992,453,976,484
6,991,454,983,482
6,998,461,1002,479
6,995,462,1020,473
6,993,469,1033,469
6,995,469,1044,464
6,989,484,1046,462
6,1016,494,1047,460
6,1001,475,1046,457
6,993,458,1041,455
6,983,459,1034,452
6,1002,453,1028,449
6,987,465,1026,448
6,1002,467,1022,447
6,1013,451,1020,446
6,1012,465,1018,445
6,1000,475,1014,443
6,1000,449,1012,442
6,1004,448,1009,441
6,1003,456,1008,439
6,1000,472,1007,438
6,1019,469,1007,438
6,1012,432,1006,437
6,1011,420,1004,434
6,982,444,1001,432
6,1007,419,1000,430
6,979,443,999,427
6,998,442,998,426
6,1008,426,998,424
6,995,429,998,422
6,1003,467,998,421
6,1019,442,999,420
6,1017,455,1003,418
6,1019,470,1010,416
6,1040,455,1015,414
6,1015,459,1022,413
6,1019,473,1029,411
6,1047,474,1033,411
6,1041,477,1035,411
6,1043,459,1035,411
6,1036,448,1036,411
6,1031,453,1036,414
6,1042,429,1036,417
6,1054,428,1036,424
6,1046,409,1036,436
6,1068,387,1036,448
6,1056,359,1033,459
6,1056,366,1031,466
6,1075,395,1030,471
6,1042,400,1030,474
6,1039,387,1030,477
6,1040,377,1030,478
6,1069,357,1030,481
6,1051,367,1030,484
6,1075,361,1030,486
6,1091,351,1030,490
6,1097,354,1029,491
6,1095,373,1028,493
6,1093,369,1027,495
6,1076,355,1024,497
6,1085,388,1021,501
6,1071,416,1011,507
6,1077,416,1004,510
6,1031,390,995,511
6,1040,396,988,513
6,1029,398,985,513
6,1044,403,984,513
6,1035,396,984,513
6,1044,409,984,513
6,1038,406,984,513
6,1030,390,985,513
6,1042,406,989,509
6,1041,392,997,501
6,1061,401,1007,492
6,1035,408,1016,484
6,1044,415,1026,472
6,1050,423,1030,468
6,1067,420,1034,464
6,1062,428,1035,462
6,1056,416,1039,458
6,1045,424,1043,454
6,1014,417,1046,451
6,1003,426,1049,448
6,1017,408,1050,445
6,998,405,1051,440
6,1012,414,1052,434
6,994,414,1054,429
6,993,382,1055,428
6,989,406,1056,426
6,985,391,1058,423
6,972,400,1061,418
6,955,413,1065,415
6,974,401,1068,412
6,972,419,1072,410
6,967,435,1073,409
6,985,427,1077,406
6,976,432,1083,404
6,954,430,1093,402
6,935,428,1098,401
6,928,454,1105,401
6,925,462,1109,404
6,941,458,1113,407
6,958,449,1115,410
6,973,450,1117,414
6,969,455,1118,421
6,971,448,1118,428
6,960,454,1118,433
6,982,443,1116,440
6,992,440,1115,450
6,998,443,1112,457
6,1010,425,1111,461
6,1024,427,1109,464
6,1011,418,1108,465
6,1017,446,1106,469
6,1004,463,1104,471
6,1022,465,1100,475
6,1000,485,1098,477
6,1011,483,1095,480
6,1001,478,1090,482
6,1007,466,1087,482
6,1023,454,1083,482
6,1030,447,1081,483
6,1043,436,1081,483
6,1034,441,1080,483
6,1037,445,1077,483
6,1052,439,1075,483
6,1049,451,1068,482
6,1052,457,1063,479
6,1028,463,1056,476
6,1032,450,1045,475
6,997,454,1038,472
6,968,450,1033,468
6,971,448,1027,464
6,964,453,1023,461
6,957,465,1022,459
6,956,433,1018,455
6,945,418,1016,453
6,939,388,1015,450
6,937,382,1015,446
6,937,378,1015,441
6,928,367,1015,437
6,919,381,1015,433
6,925,369,1016,430
6,937,364,1016,429
6,955,353,1016,429
6,952,343,1016,427
6,952,354,1016,426
6,967,332,1016,424
6,964,318,1015,422
6,969,325,1015,419
6,946,349,1013,418
6,952,361,1012,416
6,930,374,1009,415
6,931,363,1007,415
6,923,359,1002,412
6,940,375,993,412
6,948,377,986,411
6,949,380,972,409
6,979,397,963,409
6,995,399,956,409
6,1003,396,953,410
6,1023,384,953,411
6,1031,401,953,412
6,1022,405,955,414
6,1022,424,956,415
6,1030,431,959,415
6,1014,424,959,415
6,995,429,962,415
6,992,448,969,415
6,1011,433,985,415
6,1004,446,998,412
6,1017,463,1008,409
6,1015,466,1015,407
6,984,467,1016,406
6,957,478,1016,406
6,952,489,1018,406
6,950,512,1021,406
6,966,506,1030,406
6,1015,482,1045,411
6,997,471,1049,412
6,990,467,1055,417
6,1006,482,1060,422
6,996,499,1063,427
6,1006,464,1063,434
6,1007,482,1061,444
6,1023,475,1054,455
6,1032,474,1050,464
6,1034,483,1049,469
6,1033,477,1047,472
6,1058,464,1045,474
6,1057,453,1042,475
6,1066,459,1037,480
6,1076,454,1028,484
6,1049,449,1026,485
6,1064,470,1025,486
6,1064,464,1021,486
6,1089,476,1016,487
6,1082,473,1013,489
6,1073,471,1012,489
6,1084,464,1010,490
6,1097,463,1010,491
6,1108,472,1012,495
6,1081,469,1016,497
6,1075,468,1023,500
6,1055,473,1045,510
6,1050,460,1070,518
6,1041,455,1101,522
6,1037,435,1120,524
6,1051,424,1130,522
6,1054,416,1131,520
6,1064,420,1131,518
6,1077,427,1129,516
6,1048,452,1127,514
6,1053,441,1126,514
6,1072,432,1126,513
6,1078,456,1130,512
6,1064,465,1132,510
6,1039,453,1133,510
6,1031,441,1133,510
6,1028,443,1133,509
6,1014,434,1133,508
6,1017,454,1132,506
6,1033,461,1130,504
6,1047,472,1130,503
6,1052,461,1130,501
6,1066,450,1130,499
6,1087,436,1129,494
6,1071,435,1127,492
6,1061,456,1127,487
6,1054,435,1126,480
6,1068,434,1124,473
6,1058,419,1123,466
6,1073,419,1120,460
6,1070,428,1116,455
6,1071,431,1112,451
6,1063,420,1109,449
6,1066,441,1105,447
6,1068,449,1101,445
6,1080,459,1096,444
6,1076,453,1089,441
6,1079,438,1082,438
6,1055,428,1078,435
6,1039,428,1077,435
6,1038,421,1077,434
6,1044,420,1077,434
6,1051,412,1077,434
6,1054,411,1077,434
6,1046,416,1078,434
6,1045,427,1079,434
6,1025,418,1081,433
6,1020,410,1082,432
6,1032,425,1082,430
6,1052,436,1084,428
6,1023,399,1088,424
6,1022,390,1090,418
6,1005,385,1093,416
6,1022,371,1096,412
6,1023,360,1097,411
6,1011,352,1097,410
6,1024,363,1097,410
6,1041,363,1097,410
6,1045,354,1097,409
6,1019,351,1097,409
6,1019,334,1097,406
6,1035,337,1096,405
6,1022,325,1094,404
6,1017,316,1092,402
6,1021,310,1090,399
6,1026,326,1086,397
6,1029,338,1078,394
6,1036,341,1065,391
6,1034,352,1048,386
6,1044,369,1026,381
6,1013,376,1024,379
6,1010,353,1020,375
6,1034,369,1020,373
6,1041,355,1020,369
6,1043,357,1021,366
6,1054,327,1021,359
6,1073,345,1021,352
6,1084,334,1023,343
6,1080,349,1023,335
6,1107,386,1022,324
6,1146,386,1019,314
6,1147,391,1016,303
6,1135,389,1015,298
6,1136,393,1015,292
6,1126,390,1015,288
6,1129,401,1015,286
6,1119,393,1016,284
6,1085,390,1016,281
6,1095,374,1017,280
6,1110,369,1020,280
6,1106,379,1023,279
6,1112,354,1027,278
6,1109,351,1030,278
6,1104,361,1039,284
6,1098,346,1053,293
6,1061,349,1064,300
6,1075,355,1070,304
6,1059,345,1074,312
6,1056,349,1076,317
6,1090,353,1076,322
6,1079,366,1075,331
6,1051,360,1076,341
6,1057,353,1077,350
6,1087,348,1079,357
6,1077,350,1080,364
6,1086,324,1083,369
6,1099,324,1085,371
6,1092,321,1087,374
6,1088,321,1088,375
6,1079,330,1090,375
6,1081,324,1091,375
6,1067,325,1098,376
6,1064,323,1108,376
6,1073,322,1115,376
6,1088,299,1119,375
6,1088,296,1120,374
6,1111,299,1121,371
6,1127,275,1122,369
6,1137,278,1124,365
6,1146,252,1127,362
6,1153,243,1127,361
6,1149,255,1127,357
6,1147,260,1127,355
6,1133,218,1125,351
6,1104,203,1120,349
6,1124,190,1114,344
6,1122,201,1111,343
6,1150,187,1107,341
6,1163,194,1103,338
6,1141,172,1100,336
6,1141,193,1096,334
6,1150,203,1095,332
6,1153,217,1095,330
6,1152,201,1100,328
6,1145,223,1106,323
6,1146,233,1113,319
6,1160,232,1117,315
6,1172,221,1119,313
6,1185,210,1122,310
6,1200,215,1125,307
6,1191,221,1133,302
6,1183,239,1142,296
6,1202,230,1150,292
6,1201,234,1154,288
6,1205,233,1156,284
6,1187,218,1157,281
6,1217,221,1159,278
6,1218,240,1163,273
6,1225,254,1169,266
6,1244,242,1173,260
6,1222,257,1180,252
6,1208,249,1184,248
6,1234,235,1190,240
6,1227,213,1198,234
6,1261,211,1208,228
6,1256,214,1222,222
6,1253,237,1232,220
6,1268,240,1245,218
6,1280,261,1254,218
6,1278,275,1261,220
6,1275,277,1268,226
6,1289,291,1274,233
6,1277,298,1277,242
6,1288,273,1279,255
6,1290,244,1279,273
6,1291,233,1278,282
6,1294,236,1272,293
6,1288,246,1271,297
6,1315,248,1270,300
6,1331,249,1270,301
6,1347,247,1270,302
6,1369,239,1270,302
6,1369,252,1269,303
6,1370,241,1269,303
6,1387,221,1269,303
6,1377,213,1269,303
6,1345,182,1269,303
6,1358,181,1269,303
6,1367,153,1269,303
6,1364,141,1269,303
6,1380,149,1271,303
6,1359,154,1275,302
6,1334,179,1282,297
6,1325,195,1295,292
6,1325,180,1312,289
6,1323,171,1332,287
6,1325,191,1346,287
6,1318,153,1356,287
6,1325,137,1362,286
6,1319,142,1363,286
6,1313,152,1363,284
6,1326,156,1363,282
6,1316,161,1363,280
6,1296,159,1363,276
6,1305,190,1360,273
6,1311,187,1354,265
6,1335,174,1343,257
6,1319,178,1333,253
6,1310,177,1327,249
6,1283,165,1327,246
6,1297,186,1327,241
6,1304,157,1327,236
6,1307,158,1327,231
6,1321,161,1328,227
6,1326,200,1331,224
6,1341,216,1335,218
6,1341,225,1337,215
6,1353,249,1340,212
6,1373,237,1343,210
6,1372,278,1344,209
6,1363,283,1348,208
6,1394,273,1350,207
6,1346,266,1351,205
6,1349,279,1352,204
6,1363,269,1352,203
6,1349,297,1353,201
6,1360,302,1353,200
6,1340,304,1353,199
6,1338,312,1353,199
6,1320,305,1353,199
6,1303,312,1353,199
6,1293,305,1354,199
6,1289,297,1354,199
6,1291,291,1353,209
6,1288,287,1359,231
6,1267,267,1365,253
6,1255,299,1368,271
6,1242,285,1369,278
6,1243,294,1369,281
6,1225,292,1369,285
6,1249,303,1368,287
6,1249,311,1367,291
6,1264,317,1367,294
6,1269,330,1367,298
6,1250,315,1367,301
6,1251,309,1367,304
6,1273,273,1365,305
6,1300,278,1361,306
6,1299,291,1355,310
6,1318,288,1346,312
6,1307,301,1335,313
6,1322,303,1327,313
6,1315,296,1320,313
6,1326,279,1315,313
6,1326,287,1313,313
6,1327,277,1312,313
6,1330,266,1312,313
6,1348,279,1312,313
6,1349,264,1312,313
6,1337,273,1312,313
6,1350,305,1312,313
6,1346,297,1312,313
6,1350,337,1312,312
6,1331,327,1312,311
6,1337,339,1312,308
6,1350,322,1314,306
6,1370,316,1316,304
6,1359,316,1320,301
6,1346,317,1324,299
6,1349,336,1330,295
6,1356,327,1334,293
6,1375,322,1336,291
6,1358,329,1338,289
6,1370,317,1339,289
6,1377,312,1339,289
6,1347,327,1339,289
6,1355,325,1339,289
6,1349,321,1339,289
6,1332,352,1340,291
6,1330,362,1342,294
6,1319,360,1342,299
6,1347,354,1342,306
6,1346,338,1342,310
6,1362,323,1341,317
6,1329,330,1340,322
6,1318,338,1337,328
6,1333,335,1337,331
6,1323,339,1337,335
6,1330,330,1337,341
6,1354,351,1337,343
6,1359,327,1337,347
6,1363,349,1337,348
6,1380,360,1338,350
6,1374,358,1338,350
6,1352,387,1338,352
6,1352,397,1338,352
6,1347,391,1338,353
6,1342,403,1338,353
6,1347,410,1338,353
6,1351,414,1338,353
6,1365,417,1338,353
6,1401,423,1338,354
6,1324,422,1337,356
6,1328,429,1335,358
6,1329,434,1333,360
6,1323,425,1332,362
6,1305,432,1329,364
6,1314,428,1327,368
6,1292,417,1326,369
6,1302,422,1326,370
6,1350,462,1326,370
6,1336,466,1327,370
6,1354,460,1329,370
6,1366,455,1332,370
6,1363,457,1337,370
6,1375,473,1339,370
6,1374,461,1344,370
6,1372,450,1347,370
6,1379,430,1352,370
6,1378,423,1355,371
6,1356,421,1356,372
6,1349,415,1357,372
6,1338,408,1357,373
6,1349,392,1357,373
6,1347,406,1354,375
6,1359,388,1346,376
6,1362,381,1316,378
6,1345,395,1270,382
6,1336,394,1227,391
6,1351,383,1208,400
6,1347,375,1203,403
6,1338,365,1203,404
6,1339,368,1204,404
6,1362,386,1207,404
6,1322,386,1211,404
6,1312,381,1215,404
6,1313,363,1218,403
6,1297,369,1225,403
6,1311,378,1235,400
6,1313,359,1239,398
6,1326,369,1240,398
6,1326,368,1243,398
6,1323,391,1246,398
6,1297,360,1251,397
6,1280,357,1258,397
6,1273,340,1263,397
6,1269,319,1271,396
6,1278,321,1278,396
6,1293,324,1282,393
6,1298,308,1283,392
6,1315,319,1283,387
6,1335,333,1283,384
6,1330,321,1282,383
6,1320,328,1279,380
6,1316,323,1274,379
6,1322,338,1269,378
6,1306,338,1268,378
6,1285,330,1267,378
6,1276,320,1267,376
6,1276,335,1267,375
6,1264,342,1267,374
6,1231,327,1267,374
6,1238,338,1267,374
6,1276,345,1267,374
6,1275,380,1267,374
6,1270,403,1271,374
6,1265,403,1273,374
6,1262,401,1276,374
6,1244,396,1286,376
6,1236,415,1295,379
6,1228,401,1305,380
6,1213,412,1312,380
6,1216,383,1313,380
6,1227,393,1313,380
6,1228,424,1313,382
6,1230,414,1312,382
6,1244,414,1307,382
6,1233,436,1298,383
6,1238,453,1291,387
6,1245,458,1287,391
6,1257,455,1286,395
6,1269,442,1284,400
6,1255,465,1283,403
6,1272,459,1283,404
6,1283,440,1281,406
6,1282,432,1278,408
6,1263,451,1275,410
6,1279,433,1274,412
6,1285,427,1273,412
6,1299,420,1273,413
6,1269,411,1270,415
6,1281,403,1268,419
6,1260,402,1268,420
6,1264,398,1267,423
6,1250,391,1266,424
6,1253,402,1266,426
6,1245,423,1266,428
6,1249,395,1265,429
6,1232,415,1263,433
6,1215,437,1262,436
6,1201,420,1262,439
6,1196,415,1263,441
6,1235,425,1265,443
6,1239,426,1265,444
6,1218,449,1265,447
6,1206,441,1265,449
6,1205,419,1265,451
6,1207,419,1265,454
6,1222,412,1265,456
6,1207,428,1264,458
6,1220,408,1263,460
6,1234,419,1261,464
6,1230,411,1260,466
6,1211,416,1257,469
6,1208,454,1255,471
6,1211,448,1252,475
6,1219,458,1250,477
6,1210,469,1249,478
6,1197,466,1248,479
6,1202,444,1247,480
6,1186,449,1246,480
6,1167,455,1246,481
6,1189,452,1245,481
6,1190,444,1245,481
6,1183,440,1245,481
6,1155,416,1245,481
6,1163,413,1243,479
6,1182,404,1243,474
6,1194,406,1244,461
6,1209,419,1245,452
6,1209,415,1245,447
6,1222,411,1245,442
6,1221,396,1245,440
6,1208,394,1246,437
6,1213,411,1248,435
6,1208,406,1249,434
6,1243,411,1249,432
6,1267,394,1249,430
6,1274,402,1249,429
6,1286,425,1249,427
6,1266,454,1244,426
6,1272,436,1236,424
6,1282,439,1231,424
6,1267,444,1222,424
6,1287,447,1218,423
6,1305,461,1215,423
6,1310,468,1211,425
6,1315,440,1207,426
6,1316,452,1206,427
6,1351,458,1206,427
6,1355,455,1206,427
6,1351,462,1210,427
6,1361,445,1218,427
6,1356,456,1226,427
6,1340,457,1237,429
6,1356,469,1247,432
6,1364,482,1261,435
6,1359,491,1264,437
6,1358,494,1270,440
6,1353,484,1273,441
6,1370,498,1277,445
6,1365,516,1283,449
6,1356,503,1288,453
6,1347,517,1295,455
6,1331,516,1300,458
6,1327,487,1306,459
6,1316,505,1307,461
6,1291,501,1308,461
6,1274,517,1308,461
6,1267,520,1308,461
6,1267,540,1308,461
6,1242,537,1308,461
6,1230,553,1308,462
6,1247,571,1308,462
6,1257,568,1309,468
6,1246,583,1310,472
6,1271,611,1310,477
6,1265,602,1310,483
6,1275,615,1310,489
6,1264,613,1310,495
6,1245,624,1309,501
6,1219,631,1306,506
6,1224,626,1303,512
6,1237,597,1299,517
6,1230,603,1297,520
6,1234,608,1296,521
6,1229,590,1294,523
6,1218,583,1293,524
6,1217,587,1292,526
6,1201,583,1291,529
6,1169,604,1290,530
6,1157,576,1289,531
6,1167,595,1285,535
6,1175,585,1280,537
6,1204,589,1278,539
6,1198,605,1276,541
6,1192,602,1275,544
6,1207,604,1273,549
6,1218,604,1271,554
6,1201,628,1268,560
6,1207,625,1265,567
6,1186,622,1259,578
6,1186,652,1253,585
6,1198,661,1250,595
6,1175,661,1246,605
6,1157,677,1244,607
6,1126,676,1242,609
6,1109,688,1240,610
6,1133,696,1239,611
6,1147,690,1238,611
6,1135,685,1237,612
6,1151,702,1235,612
6,1125,703,1231,612
6,1109,678,1229,612
6,1116,668,1226,612
6,1132,663,1225,612
6,1135,654,1224,613
6,1129,617,1223,614
6,1139,627,1223,615
6,1147,629,1222,615
6,1124,606,1221,617
6,1131,593,1221,617
6,1137,599,1220,617
6,1135,581,1218,618
6,1132,584,1217,620
6,1131,585,1215,622
6,1120,607,1214,625
6,1128,625,1210,628
6,1165,638,1207,630
6,1157,639,1201,636
6,1169,653,1196,639
6,1168,658,1192,641
6,1149,687,1188,641
6,1165,668,1187,642
6,1147,663,1186,642
6,1159,685,1184,642
6,1174,662,1181,642
6,1158,676,1179,641
6,1201,662,1176,639
6,1218,648,1173,638
6,1218,645,1172,636
6,1207,659,1171,634
6,1203,672,1170,631
6,1190,652,1168,625
6,1177,641,1168,621
6,1171,664,1168,620
6,1161,665,1168,619
6,1159,663,1170,619
6,1161,660,1173,619
6,1159,672,1176,619
6,1153,666,1177,619
6,1161,687,1177,620
6,1173,664,1177,623
6,1162,674,1177,627
6,1158,690,1177,629
6,1162,690,1174,634
6,1148,705,1174,638
6,1138,717,1173,640
6,1135,710,1173,644
6,1136,690,1173,645
6,1158,698,1173,647
6,1160,684,1173,649
6,1160,695,1173,652
6,1133,657,1173,654
6,1113,670,1173,656
6,1128,654,1172,657
6,1139,673,1172,660
6,1139,669,1172,662
6,1147,672,1171,665
6,1157,661,1170,668
6,1146,679,1170,669
6,1116,666,1170,671
6,1105,656,1170,675
6,1137,667,1170,679
6,1135,650,1167,681
6,1117,664,1166,684
6,1113,686,1165,686
6,1104,699,1165,687
6,1114,698,1164,688
6,1120,712,1164,689
6,1129,732,1164,689
6,1141,720,1164,689
6,1153,707,1164,689
6,1144,699,1164,689
6,1140,731,1164,689
6,1162,716,1164,689
6,1188,717,1164,689
6,1190,729,1164,689
6,1190,723,1164,689
6,1160,729,1163,685
6,1202,732,1160,683
6,1195,728,1160,680
6,1198,714,1159,680
6,1192,683,1159,680
6,1201,684,1155,682
6,1191,657,1155,685
6,1182,643,1153,689
6,1201,655,1151,695
6,1177,697,1150,698
6,1190,700,1150,699
6,1202,709,1150,700
6,1199,703,1151,702
6,1199,709,1155,703
6,1222,725,1164,706
6,1241,728,1176,710
6,1255,733,1193,710
6,1257,730,1202,712
6,1264,703,1203,712
6,1266,718,1203,712
6,1265,710,1203,712
6,1267,695,1203,712
6,1263,702,1203,712
6,1277,685,1203,712
6,1275,673,1203,712
6,1283,683,1203,712
6,1284,695,1203,712
6,1295,675,1203,712
6,1274,671,1203,712
6,1300,674,1203,713
6,1316,680,1203,715
6,1306,702,1203,718
6,1300,691,1205,721
6,1275,689,1210,722
6,1281,688,1219,722
6,1296,693,1227,724
6,1286,696,1233,722
6,1298,701,1235,720
6,1321,709,1235,718
6,1327,717,1235,714
6,1333,726,1238,710
6,1320,712,1243,706
6,1332,727,1252,702
6,1326,738,1263,699
6,1327,751,1271,699
6,1304,770,1276,699
6,1323,799,1280,699
6,1313,776,1283,699
6,1311,809,1288,699
6,1315,825,1295,699
6,1321,806,1308,699
6,1325,813,1312,699
6,1329,833,1320,698
6,1348,839,1321,698
6,1337,837,1322,697
6,1298,848,1324,697
6,1287,843,1324,697
6,1287,833,1325,697
6,1264,846,1326,697
6,1274,859,1326,699
6,1282,868,1326,700
6,1260,878,1326,702
6,1275,882,1326,704
6,1272,870,1326,708
6,1287,881,1323,712
6,1269,912,1322,715
6,1267,921,1321,720
6,1283,914,1321,724
6,1283,925,1321,727
6,1270,924,1321,731
6,1258,926,1321,734
6,1254,918,1321,736
6,1279,918,1321,739
6,1263,907,1321,744
6,1270,918,1322,748
6,1257,902,1323,749
6,1300,924,1325,750
6,1283,953,1325,750
6,1297,977,1325,750
6,1328,926,1325,750
6,1314,916,1325,752
6,1343,901,1325,756
6,1346,917,1326,758
6,1352,896,1326,761
6,1337,890,1326,764
6,1328,885,1326,769
6,1327,904,1325,776
6,1339,895,1320,795
6,1321,903,1320,822
6,1320,900,1320,857
6,1334,901,1326,892
6,1332,925,1333,913
6,1356,893,1339,914
6,1365,891,1344,914
6,1384,879,1345,906
6,1371,873,1345,902
6,1372,858,1345,901
6,1386,853,1345,900
6,1352,869,1345,900
6,1337,855,1345,900
6,1347,830,1351,899
6,1359,826,1360,890
6,1363,834,1370,880
6,1368,824,1374,870
6,1369,794,1377,864
6,1368,779,1377,863
6,1382,778,1377,863
6,1358,770,1377,863
6,1388,760,1378,863
6,1360,762,1378,862
6,1336,745,1378,862
6,1341,742,1380,861
6,1339,748,1384,858
6,1341,753,1388,853
6,1339,747,1392,849
6,1327,766,1397,840
6,1308,737,1405,829
6,1302,754,1415,817
6,1323,739,1429,801
6,1320,746,1441,787
6,1291,729,1447,781
6,1317,743,1459,773
6,1305,755,1468,767
6,1306,725,1473,763
6,1293,737,1476,761
6,1302,742,1477,758
6,1323,711,1477,757
6,1317,709,1477,756
6,1291,692,1477,753
6,1288,696,1477,748
6,1283,693,1477,748
6,1296,686,1474,739
6,1269,696,1465,731
6,1269,686,1452,725
6,1293,679,1435,723
6,1301,682,1429,723
6,1280,675,1424,728
6,1274,657,1417,733
6,1285,664,1409,736
6,1273,662,1400,742
6,1279,661,1392,745
6,1277,676,1380,747
6,1265,667,1373,747
6,1283,660,1365,743
6,1279,631,1358,737
6,1260,654,1336,729
6,1245,651,1320,720
6,1250,665,1309,712
6,1263,663,1302,706
6,1250,636,1297,697
6,1261,626,1293,688
6,1255,635,1290,676
6,1257,651,1281,660
6,1262,637,1271,646
6,1275,655,1266,640
6,1282,655,1265,639
6,1262,659,1264,637
6,1267,648,1262,635
6,1268,661,1260,635
6,1268,660,1258,634
6,1277,660,1256,634
6,1259,669,1252,635
6,1316,690,1246,639
6,1342,680,1239,643
6,1333,677,1225,652
6,1329,668,1212,658
6,1344,672,1205,663
6,1345,668,1199,665
6,1352,687,1195,665
6,1366,687,1190,665
6,1357,698,1186,665
6,1345,681,1184,665
6,1349,688,1183,664
6,1351,680,1182,663
6,1355,669,1182,659
6,1357,677,1180,656
6,1365,669,1181,653
6,1355,685,1186,649
6,1357,683,1195,643
6,1383,687,1210,636
6,1384,718,1221,633
6,1361,755,1235,633
6,1347,754,1245,633
6,1324,764,1265,635
6,1324,781,1271,639
6,1281,784,1276,642
6,1274,757,1282,648
6,1305,748,1288,654
6,1312,708,1295,659
6,1309,687,1304,661
6,1294,674,1311,662
6,1295,657,1312,662
6,1286,649,1312,664
6,1271,633,1312,669
6,1263,644,1312,679
6,1247,645,1314,691
6,1248,636,1313,703
6,1261,619,1310,718
6,1264,619,1305,730
6,1269,634,1295,742
6,1249,618,1288,749
6,1242,610,1282,754
6,1235,616,1277,758
6,1237,615,1273,760
6,1227,629,1269,760
6,1236,606,1269,760
6,1222,613,1268,760
6,1216,630,1267,760
6,1211,639,1264,758
6,1227,616,1256,754
6,1202,624,1252,748
6,1201,606,1251,743
6,1214,594,1251,736
6,1231,593,1254,727
6,1207,612,1262,718
6,1188,598,1268,707
6,1202,575,1272,697
6,1225,567,1274,690
6,1225,576,1274,687
6,1224,577,1270,685
6,1229,521,1268,685
6,1221,519,1266,685
6,1221,548,1266,685
6,1230,554,1266,685
6,1203,566,1263,684
6,1182,571,1258,684
6,1185,567,1246,684
6,1185,572,1238,681
6,1199,595,1232,680
6,1210,594,1231,679
6,1200,583,1231,676
6,1215,590,1231,674
6,1207,611,1231,673
6,1200,631,1231,669
6,1217,626,1234,666
6,1232,617,1235,660
6,1251,611,1236,657
6,1262,617,1238,650
6,1286,638,1238,646
6,1294,649,1238,639
6,1301,649,1238,635
6,1316,623,1238,631
6,1319,631,1238,628
6,1337,619,1238,624
6,1313,618,1238,622
6,1295,617,1238,617
6,1303,626,1238,613
6,1289,612,1238,611
6,1293,611,1238,609
6,1317,617,1238,607
6,1309,622,1238,604
6,1312,631,1238,603
6,1337,623,1238,603
6,1324,628,1238,603
6,1330,597,1239,603
6,1324,609,1239,603
6,1302,605,1243,605
6,1312,620,1247,612
6,1310,614,1253,616
6,1301,603,1257,620
6,1291,582,1262,622
6,1282,567,1264,624
6,1286,574,1269,625
6,1298,549,1273,625
6,1318,553,1274,625
6,1325,557,1276,625
6,1327,555,1281,625
6,1324,558,1288,625
6,1340,545,1298,625
6,1346,558,1303,625
6,1340,557,1310,623
6,1340,561,1314,623
6,1313,550,1315,623
6,1306,574,1317,623
6,1299,566,1317,623
6,1286,580,1317,623
6,1276,591,1317,623
6,1283,631,1317,623
6,1268,633,1320,623
6,1290,643,1322,623
6,1291,648,1327,622
6,1302,667,1331,621
6,1273,661,1334,618
6,1299,654,1338,618
6,1305,660,1339,616
6,1296,665,1344,612
6,1281,669,1348,610
6,1267,686,1349,609
6,1293,693,1349,608
6,1279,678,1349,607
6,1303,657,1349,605
6,1322,648,1349,605
6,1323,630,1347,605
6,1321,617,1345,608
6,1331,612,1344,615
6,1342,631,1344,625
6,1342,635,1342,636
6,1342,634,1342,641
6,1330,629,1342,643
6,1342,641,1342,644
6,1328,643,1341,646
6,1339,658,1341,649
6,1334,659,1340,652
6,1343,643,1340,656
6,1326,620,1340,659
6,1337,607,1340,662
6,1334,621,1340,663
6,1334,621,1340,664
6,1327,627,1340,664
6,1329,647,1340,664
6,1301,630,1340,664
6,1307,606,1341,664
6,1314,589,1344,661
6,1325,603,1346,656
6,1298,608,1350,650
6,1275,586,1353,646
6,1271,574,1354,644
6,1274,581,1355,641
6,1272,589,1356,639
6,1265,601,1356,638
6,1272,616,1356,638
6,1278,615,1356,636
6,1255,569,1357,635
6,1262,568,1359,633
6,1277,569,1359,632
6,1261,589,1359,632
6,1245,591,1359,632
6,1236,592,1359,632
6,1230,601,1359,632
6,1223,592,1359,632
6,1215,565,1359,632
6,1220,573,1359,632
6,1223,587,1359,632
6,1226,606,1359,632
6,1226,611,1359,632
6,1247,607,1359,632
6,1267,589,1359,632
6,1274,609,1358,631
6,1281,616,1356,629
6,1266,619,1351,625
6,1266,596,1347,619
6,1259,577,1338,612
6,1236,559,1330,606
6,1225,541,1320,601
6,1228,544,1310,595
6,1204,527,1302,592
6,1205,511,1293,591
6,1191,509,1289,591
6,1185,515,1287,591
6,1186,509,1285,591
6,1173,533,1284,592
6,1169,528,1277,596
6,1183,526,1272,598
6,1223,513,1267,601
6,1232,501,1256,603
6,1256,501,1244,603
6,1251,493,1230,603
6,1247,521,1222,602
6,1253,517,1215,601
6,1259,510,1209,597
6,1253,522,1206,594
6,1240,512,1205,591
6,1252,504,1201,586
6,1250,483,1195,580
